ED_num,reported,candidate,party,votes,AD_num,scrape_time
ED   10,0.00%,Gail A. Adams,(Democratic),311,AD 24,2025-11-04_22:11:52.914922
ED   10,0.00%,Fania Jean,(Democratic),270,AD 24,2025-11-04_22:11:52.914922
ED   10,0.00%,Mary-Ann E. Maloney,(Republican),49,AD 24,2025-11-04_22:11:52.914922
ED   10,0.00%,Mary-Ann E. Maloney,(Conservative),9,AD 24,2025-11-04_22:11:52.914922
ED   10,0.00%,WRITE-IN,&nbsp,-,AD 24,2025-11-04_22:11:52.914922
ED   13,0.00%,Gail A. Adams,(Democratic),280,AD 24,2025-11-04_22:11:52.914922
ED   13,0.00%,Fania Jean,(Democratic),229,AD 24,2025-11-04_22:11:52.914922
ED   13,0.00%,Mary-Ann E. Maloney,(Republican),70,AD 24,2025-11-04_22:11:52.914922
ED   13,0.00%,Mary-Ann E. Maloney,(Conservative),11,AD 24,2025-11-04_22:11:52.914922
ED   13,0.00%,WRITE-IN,&nbsp,1,AD 24,2025-11-04_22:11:52.914922
ED   17,0.00%,Gail A. Adams,(Democratic),17,AD 24,2025-11-04_22:11:52.914922
ED   17,0.00%,Fania Jean,(Democratic),16,AD 24,2025-11-04_22:11:52.914922
ED   17,0.00%,Mary-Ann E. Maloney,(Republican),-,AD 24,2025-11-04_22:11:52.914922
ED   17,0.00%,Mary-Ann E. Maloney,(Conservative),1,AD 24,2025-11-04_22:11:52.914922
ED   17,0.00%,WRITE-IN,&nbsp,-,AD 24,2025-11-04_22:11:52.914922
ED   18,0.00%,Gail A. Adams,(Democratic),165,AD 24,2025-11-04_22:11:52.914922
ED   18,0.00%,Fania Jean,(Democratic),150,AD 24,2025-11-04_22:11:52.914922
ED   18,0.00%,Mary-Ann E. Maloney,(Republican),78,AD 24,2025-11-04_22:11:52.914922
ED   18,0.00%,Mary-Ann E. Maloney,(Conservative),11,AD 24,2025-11-04_22:11:52.914922
ED   18,0.00%,WRITE-IN,&nbsp,-,AD 24,2025-11-04_22:11:52.914922
ED   19,0.00%,Gail A. Adams,(Democratic),229,AD 24,2025-11-04_22:11:52.914922
ED   19,0.00%,Fania Jean,(Democratic),204,AD 24,2025-11-04_22:11:52.914922
ED   19,0.00%,Mary-Ann E. Maloney,(Republican),86,AD 24,2025-11-04_22:11:52.914922
ED   19,0.00%,Mary-Ann E. Maloney,(Conservative),8,AD 24,2025-11-04_22:11:52.914922
ED   19,0.00%,WRITE-IN,&nbsp,6,AD 24,2025-11-04_22:11:52.914922
ED   20,0.00%,Gail A. Adams,(Democratic),81,AD 24,2025-11-04_22:11:52.914922
ED   20,0.00%,Fania Jean,(Democratic),67,AD 24,2025-11-04_22:11:52.914922
ED   20,0.00%,Mary-Ann E. Maloney,(Republican),30,AD 24,2025-11-04_22:11:52.914922
ED   20,0.00%,Mary-Ann E. Maloney,(Conservative),3,AD 24,2025-11-04_22:11:52.914922
ED   20,0.00%,WRITE-IN,&nbsp,-,AD 24,2025-11-04_22:11:52.914922
ED   21,0.00%,Gail A. Adams,(Democratic),184,AD 24,2025-11-04_22:11:52.914922
ED   21,0.00%,Fania Jean,(Democratic),164,AD 24,2025-11-04_22:11:52.914922
ED   21,0.00%,Mary-Ann E. Maloney,(Republican),137,AD 24,2025-11-04_22:11:52.914922
ED   21,0.00%,Mary-Ann E. Maloney,(Conservative),14,AD 24,2025-11-04_22:11:52.914922
ED   21,0.00%,WRITE-IN,&nbsp,-,AD 24,2025-11-04_22:11:52.914922
ED   23,0.00%,Gail A. Adams,(Democratic),185,AD 24,2025-11-04_22:11:52.914922
ED   23,0.00%,Fania Jean,(Democratic),146,AD 24,2025-11-04_22:11:52.914922
ED   23,0.00%,Mary-Ann E. Maloney,(Republican),50,AD 24,2025-11-04_22:11:52.914922
ED   23,0.00%,Mary-Ann E. Maloney,(Conservative),4,AD 24,2025-11-04_22:11:52.914922
ED   23,0.00%,WRITE-IN,&nbsp,1,AD 24,2025-11-04_22:11:52.914922
ED   24,0.00%,Gail A. Adams,(Democratic),169,AD 24,2025-11-04_22:11:52.914922
ED   24,0.00%,Fania Jean,(Democratic),141,AD 24,2025-11-04_22:11:52.914922
ED   24,0.00%,Mary-Ann E. Maloney,(Republican),121,AD 24,2025-11-04_22:11:52.914922
ED   24,0.00%,Mary-Ann E. Maloney,(Conservative),18,AD 24,2025-11-04_22:11:52.914922
ED   24,0.00%,WRITE-IN,&nbsp,7,AD 24,2025-11-04_22:11:52.914922
ED   25,0.00%,Gail A. Adams,(Democratic),82,AD 24,2025-11-04_22:11:52.914922
ED   25,0.00%,Fania Jean,(Democratic),78,AD 24,2025-11-04_22:11:52.914922
ED   25,0.00%,Mary-Ann E. Maloney,(Republican),50,AD 24,2025-11-04_22:11:52.914922
ED   25,0.00%,Mary-Ann E. Maloney,(Conservative),7,AD 24,2025-11-04_22:11:52.914922
ED   25,0.00%,WRITE-IN,&nbsp,-,AD 24,2025-11-04_22:11:52.914922
ED   26,0.00%,Gail A. Adams,(Democratic),163,AD 24,2025-11-04_22:11:52.914922
ED   26,0.00%,Fania Jean,(Democratic),153,AD 24,2025-11-04_22:11:52.914922
ED   26,0.00%,Mary-Ann E. Maloney,(Republican),61,AD 24,2025-11-04_22:11:52.914922
ED   26,0.00%,Mary-Ann E. Maloney,(Conservative),9,AD 24,2025-11-04_22:11:52.914922
ED   26,0.00%,WRITE-IN,&nbsp,2,AD 24,2025-11-04_22:11:52.914922
ED   27,0.00%,Gail A. Adams,(Democratic),223,AD 24,2025-11-04_22:11:52.914922
ED   27,0.00%,Fania Jean,(Democratic),184,AD 24,2025-11-04_22:11:52.914922
ED   27,0.00%,Mary-Ann E. Maloney,(Republican),33,AD 24,2025-11-04_22:11:52.914922
ED   27,0.00%,Mary-Ann E. Maloney,(Conservative),3,AD 24,2025-11-04_22:11:52.914922
ED   27,0.00%,WRITE-IN,&nbsp,1,AD 24,2025-11-04_22:11:52.914922
ED   28,0.00%,Gail A. Adams,(Democratic),173,AD 24,2025-11-04_22:11:52.914922
ED   28,0.00%,Fania Jean,(Democratic),165,AD 24,2025-11-04_22:11:52.914922
ED   28,0.00%,Mary-Ann E. Maloney,(Republican),83,AD 24,2025-11-04_22:11:52.914922
ED   28,0.00%,Mary-Ann E. Maloney,(Conservative),10,AD 24,2025-11-04_22:11:52.914922
ED   28,0.00%,WRITE-IN,&nbsp,5,AD 24,2025-11-04_22:11:52.914922
ED   29,0.00%,Gail A. Adams,(Democratic),258,AD 24,2025-11-04_22:11:52.914922
ED   29,0.00%,Fania Jean,(Democratic),221,AD 24,2025-11-04_22:11:52.914922
ED   29,0.00%,Mary-Ann E. Maloney,(Republican),90,AD 24,2025-11-04_22:11:52.914922
ED   29,0.00%,Mary-Ann E. Maloney,(Conservative),5,AD 24,2025-11-04_22:11:52.914922
ED   29,0.00%,WRITE-IN,&nbsp,2,AD 24,2025-11-04_22:11:52.914922
ED   30,0.00%,Gail A. Adams,(Democratic),214,AD 24,2025-11-04_22:11:52.914922
ED   30,0.00%,Fania Jean,(Democratic),190,AD 24,2025-11-04_22:11:52.914922
ED   30,0.00%,Mary-Ann E. Maloney,(Republican),123,AD 24,2025-11-04_22:11:52.914922
ED   30,0.00%,Mary-Ann E. Maloney,(Conservative),10,AD 24,2025-11-04_22:11:52.914922
ED   30,0.00%,WRITE-IN,&nbsp,2,AD 24,2025-11-04_22:11:52.914922
ED   31,0.00%,Gail A. Adams,(Democratic),290,AD 24,2025-11-04_22:11:52.914922
ED   31,0.00%,Fania Jean,(Democratic),265,AD 24,2025-11-04_22:11:52.914922
ED   31,0.00%,Mary-Ann E. Maloney,(Republican),166,AD 24,2025-11-04_22:11:52.914922
ED   31,0.00%,Mary-Ann E. Maloney,(Conservative),19,AD 24,2025-11-04_22:11:52.914922
ED   31,0.00%,WRITE-IN,&nbsp,8,AD 24,2025-11-04_22:11:52.914922
ED   32,0.00%,Gail A. Adams,(Democratic),259,AD 24,2025-11-04_22:11:52.914922
ED   32,0.00%,Fania Jean,(Democratic),240,AD 24,2025-11-04_22:11:52.914922
ED   32,0.00%,Mary-Ann E. Maloney,(Republican),70,AD 24,2025-11-04_22:11:52.914922
ED   32,0.00%,Mary-Ann E. Maloney,(Conservative),9,AD 24,2025-11-04_22:11:52.914922
ED   32,0.00%,WRITE-IN,&nbsp,2,AD 24,2025-11-04_22:11:52.914922
ED   33,0.00%,Gail A. Adams,(Democratic),9,AD 24,2025-11-04_22:11:52.914922
ED   33,0.00%,Fania Jean,(Democratic),11,AD 24,2025-11-04_22:11:52.914922
ED   33,0.00%,Mary-Ann E. Maloney,(Republican),18,AD 24,2025-11-04_22:11:52.914922
ED   33,0.00%,Mary-Ann E. Maloney,(Conservative),3,AD 24,2025-11-04_22:11:52.914922
ED   33,0.00%,WRITE-IN,&nbsp,-,AD 24,2025-11-04_22:11:52.914922
ED   34,0.00%,Gail A. Adams,(Democratic),17,AD 24,2025-11-04_22:11:52.914922
ED   34,0.00%,Fania Jean,(Democratic),16,AD 24,2025-11-04_22:11:52.914922
ED   34,0.00%,Mary-Ann E. Maloney,(Republican),6,AD 24,2025-11-04_22:11:52.914922
ED   34,0.00%,Mary-Ann E. Maloney,(Conservative),-,AD 24,2025-11-04_22:11:52.914922
ED   34,0.00%,WRITE-IN,&nbsp,-,AD 24,2025-11-04_22:11:52.914922
ED   35,0.00%,Gail A. Adams,(Democratic),138,AD 24,2025-11-04_22:11:52.914922
ED   35,0.00%,Fania Jean,(Democratic),127,AD 24,2025-11-04_22:11:52.914922
ED   35,0.00%,Mary-Ann E. Maloney,(Republican),46,AD 24,2025-11-04_22:11:52.914922
ED   35,0.00%,Mary-Ann E. Maloney,(Conservative),1,AD 24,2025-11-04_22:11:52.914922
ED   35,0.00%,WRITE-IN,&nbsp,-,AD 24,2025-11-04_22:11:52.914922
ED   36,0.00%,Gail A. Adams,(Democratic),360,AD 24,2025-11-04_22:11:52.914922
ED   36,0.00%,Fania Jean,(Democratic),322,AD 24,2025-11-04_22:11:52.914922
ED   36,0.00%,Mary-Ann E. Maloney,(Republican),87,AD 24,2025-11-04_22:11:52.914922
ED   36,0.00%,Mary-Ann E. Maloney,(Conservative),12,AD 24,2025-11-04_22:11:52.914922
ED   36,0.00%,WRITE-IN,&nbsp,2,AD 24,2025-11-04_22:11:52.914922
ED   37,0.00%,Gail A. Adams,(Democratic),186,AD 24,2025-11-04_22:11:52.914922
ED   37,0.00%,Fania Jean,(Democratic),165,AD 24,2025-11-04_22:11:52.914922
ED   37,0.00%,Mary-Ann E. Maloney,(Republican),39,AD 24,2025-11-04_22:11:52.914922
ED   37,0.00%,Mary-Ann E. Maloney,(Conservative),5,AD 24,2025-11-04_22:11:52.914922
ED   37,0.00%,WRITE-IN,&nbsp,4,AD 24,2025-11-04_22:11:52.914922
ED   38,0.00%,Gail A. Adams,(Democratic),509,AD 24,2025-11-04_22:11:52.914922
ED   38,0.00%,Fania Jean,(Democratic),442,AD 24,2025-11-04_22:11:52.914922
ED   38,0.00%,Mary-Ann E. Maloney,(Republican),119,AD 24,2025-11-04_22:11:52.914922
ED   38,0.00%,Mary-Ann E. Maloney,(Conservative),19,AD 24,2025-11-04_22:11:52.914922
ED   38,0.00%,WRITE-IN,&nbsp,6,AD 24,2025-11-04_22:11:52.914922
ED   39,0.00%,Gail A. Adams,(Democratic),299,AD 24,2025-11-04_22:11:52.914922
ED   39,0.00%,Fania Jean,(Democratic),278,AD 24,2025-11-04_22:11:52.914922
ED   39,0.00%,Mary-Ann E. Maloney,(Republican),118,AD 24,2025-11-04_22:11:52.914922
ED   39,0.00%,Mary-Ann E. Maloney,(Conservative),9,AD 24,2025-11-04_22:11:52.914922
ED   39,0.00%,WRITE-IN,&nbsp,5,AD 24,2025-11-04_22:11:52.914922
ED   40,0.00%,Gail A. Adams,(Democratic),205,AD 24,2025-11-04_22:11:52.914922
ED   40,0.00%,Fania Jean,(Democratic),173,AD 24,2025-11-04_22:11:52.914922
ED   40,0.00%,Mary-Ann E. Maloney,(Republican),65,AD 24,2025-11-04_22:11:52.914922
ED   40,0.00%,Mary-Ann E. Maloney,(Conservative),5,AD 24,2025-11-04_22:11:52.914922
ED   40,0.00%,WRITE-IN,&nbsp,2,AD 24,2025-11-04_22:11:52.914922
ED   41,0.00%,Gail A. Adams,(Democratic),68,AD 24,2025-11-04_22:11:52.914922
ED   41,0.00%,Fania Jean,(Democratic),63,AD 24,2025-11-04_22:11:52.914922
ED   41,0.00%,Mary-Ann E. Maloney,(Republican),9,AD 24,2025-11-04_22:11:52.914922
ED   41,0.00%,Mary-Ann E. Maloney,(Conservative),1,AD 24,2025-11-04_22:11:52.914922
ED   41,0.00%,WRITE-IN,&nbsp,-,AD 24,2025-11-04_22:11:52.914922
ED   42,0.00%,Gail A. Adams,(Democratic),320,AD 24,2025-11-04_22:11:52.914922
ED   42,0.00%,Fania Jean,(Democratic),302,AD 24,2025-11-04_22:11:52.914922
ED   42,0.00%,Mary-Ann E. Maloney,(Republican),36,AD 24,2025-11-04_22:11:52.914922
ED   42,0.00%,Mary-Ann E. Maloney,(Conservative),5,AD 24,2025-11-04_22:11:52.914922
ED   42,0.00%,WRITE-IN,&nbsp,-,AD 24,2025-11-04_22:11:52.914922
ED   43,0.00%,Gail A. Adams,(Democratic),391,AD 24,2025-11-04_22:11:52.914922
ED   43,0.00%,Fania Jean,(Democratic),362,AD 24,2025-11-04_22:11:52.914922
ED   43,0.00%,Mary-Ann E. Maloney,(Republican),128,AD 24,2025-11-04_22:11:52.914922
ED   43,0.00%,Mary-Ann E. Maloney,(Conservative),17,AD 24,2025-11-04_22:11:52.914922
ED   43,0.00%,WRITE-IN,&nbsp,5,AD 24,2025-11-04_22:11:52.914922
ED   44,0.00%,Gail A. Adams,(Democratic),271,AD 24,2025-11-04_22:11:52.914922
ED   44,0.00%,Fania Jean,(Democratic),265,AD 24,2025-11-04_22:11:52.914922
ED   44,0.00%,Mary-Ann E. Maloney,(Republican),28,AD 24,2025-11-04_22:11:52.914922
ED   44,0.00%,Mary-Ann E. Maloney,(Conservative),6,AD 24,2025-11-04_22:11:52.914922
ED   44,0.00%,WRITE-IN,&nbsp,1,AD 24,2025-11-04_22:11:52.914922
ED   45,0.00%,Gail A. Adams,(Democratic),79,AD 24,2025-11-04_22:11:52.914922
ED   45,0.00%,Fania Jean,(Democratic),69,AD 24,2025-11-04_22:11:52.914922
ED   45,0.00%,Mary-Ann E. Maloney,(Republican),31,AD 24,2025-11-04_22:11:52.914922
ED   45,0.00%,Mary-Ann E. Maloney,(Conservative),2,AD 24,2025-11-04_22:11:52.914922
ED   45,0.00%,WRITE-IN,&nbsp,-,AD 24,2025-11-04_22:11:52.914922
ED   46,0.00%,Gail A. Adams,(Democratic),446,AD 24,2025-11-04_22:11:52.914922
ED   46,0.00%,Fania Jean,(Democratic),385,AD 24,2025-11-04_22:11:52.914922
ED   46,0.00%,Mary-Ann E. Maloney,(Republican),98,AD 24,2025-11-04_22:11:52.914922
ED   46,0.00%,Mary-Ann E. Maloney,(Conservative),15,AD 24,2025-11-04_22:11:52.914922
ED   46,0.00%,WRITE-IN,&nbsp,2,AD 24,2025-11-04_22:11:52.914922
ED   47,0.00%,Gail A. Adams,(Democratic),374,AD 24,2025-11-04_22:11:52.914922
ED   47,0.00%,Fania Jean,(Democratic),330,AD 24,2025-11-04_22:11:52.914922
ED   47,0.00%,Mary-Ann E. Maloney,(Republican),129,AD 24,2025-11-04_22:11:52.914922
ED   47,0.00%,Mary-Ann E. Maloney,(Conservative),11,AD 24,2025-11-04_22:11:52.914922
ED   47,0.00%,WRITE-IN,&nbsp,2,AD 24,2025-11-04_22:11:52.914922
ED   48,0.00%,Gail A. Adams,(Democratic),343,AD 24,2025-11-04_22:11:52.914922
ED   48,0.00%,Fania Jean,(Democratic),303,AD 24,2025-11-04_22:11:52.914922
ED   48,0.00%,Mary-Ann E. Maloney,(Republican),111,AD 24,2025-11-04_22:11:52.914922
ED   48,0.00%,Mary-Ann E. Maloney,(Conservative),14,AD 24,2025-11-04_22:11:52.914922
ED   48,0.00%,WRITE-IN,&nbsp,3,AD 24,2025-11-04_22:11:52.914922
ED   49,0.00%,Gail A. Adams,(Democratic),220,AD 24,2025-11-04_22:11:52.914922
ED   49,0.00%,Fania Jean,(Democratic),213,AD 24,2025-11-04_22:11:52.914922
ED   49,0.00%,Mary-Ann E. Maloney,(Republican),623,AD 24,2025-11-04_22:11:52.914922
ED   49,0.00%,Mary-Ann E. Maloney,(Conservative),35,AD 24,2025-11-04_22:11:52.914922
ED   49,0.00%,WRITE-IN,&nbsp,9,AD 24,2025-11-04_22:11:52.914922
ED   50,0.00%,Gail A. Adams,(Democratic),60,AD 24,2025-11-04_22:11:52.914922
ED   50,0.00%,Fania Jean,(Democratic),61,AD 24,2025-11-04_22:11:52.914922
ED   50,0.00%,Mary-Ann E. Maloney,(Republican),193,AD 24,2025-11-04_22:11:52.914922
ED   50,0.00%,Mary-Ann E. Maloney,(Conservative),15,AD 24,2025-11-04_22:11:52.914922
ED   50,0.00%,WRITE-IN,&nbsp,1,AD 24,2025-11-04_22:11:52.914922
ED   51,0.00%,Gail A. Adams,(Democratic),427,AD 24,2025-11-04_22:11:52.914922
ED   51,0.00%,Fania Jean,(Democratic),369,AD 24,2025-11-04_22:11:52.914922
ED   51,0.00%,Mary-Ann E. Maloney,(Republican),222,AD 24,2025-11-04_22:11:52.914922
ED   51,0.00%,Mary-Ann E. Maloney,(Conservative),23,AD 24,2025-11-04_22:11:52.914922
ED   51,0.00%,WRITE-IN,&nbsp,4,AD 24,2025-11-04_22:11:52.914922
ED   52,0.00%,Gail A. Adams,(Democratic),472,AD 24,2025-11-04_22:11:52.914922
ED   52,0.00%,Fania Jean,(Democratic),410,AD 24,2025-11-04_22:11:52.914922
ED   52,0.00%,Mary-Ann E. Maloney,(Republican),163,AD 24,2025-11-04_22:11:52.914922
ED   52,0.00%,Mary-Ann E. Maloney,(Conservative),14,AD 24,2025-11-04_22:11:52.914922
ED   52,0.00%,WRITE-IN,&nbsp,1,AD 24,2025-11-04_22:11:52.914922
ED   53,0.00%,Gail A. Adams,(Democratic),525,AD 24,2025-11-04_22:11:52.914922
ED   53,0.00%,Fania Jean,(Democratic),423,AD 24,2025-11-04_22:11:52.914922
ED   53,0.00%,Mary-Ann E. Maloney,(Republican),77,AD 24,2025-11-04_22:11:52.914922
ED   53,0.00%,Mary-Ann E. Maloney,(Conservative),18,AD 24,2025-11-04_22:11:52.914922
ED   53,0.00%,WRITE-IN,&nbsp,-,AD 24,2025-11-04_22:11:52.914922
ED   54,0.00%,Gail A. Adams,(Democratic),64,AD 24,2025-11-04_22:11:52.914922
ED   54,0.00%,Fania Jean,(Democratic),56,AD 24,2025-11-04_22:11:52.914922
ED   54,0.00%,Mary-Ann E. Maloney,(Republican),17,AD 24,2025-11-04_22:11:52.914922
ED   54,0.00%,Mary-Ann E. Maloney,(Conservative),3,AD 24,2025-11-04_22:11:52.914922
ED   54,0.00%,WRITE-IN,&nbsp,-,AD 24,2025-11-04_22:11:52.914922
ED   55,0.00%,Gail A. Adams,(Democratic),258,AD 24,2025-11-04_22:11:52.914922
ED   55,0.00%,Fania Jean,(Democratic),214,AD 24,2025-11-04_22:11:52.914922
ED   55,0.00%,Mary-Ann E. Maloney,(Republican),49,AD 24,2025-11-04_22:11:52.914922
ED   55,0.00%,Mary-Ann E. Maloney,(Conservative),7,AD 24,2025-11-04_22:11:52.914922
ED   55,0.00%,WRITE-IN,&nbsp,2,AD 24,2025-11-04_22:11:52.914922
ED   56,0.00%,Gail A. Adams,(Democratic),370,AD 24,2025-11-04_22:11:52.914922
ED   56,0.00%,Fania Jean,(Democratic),314,AD 24,2025-11-04_22:11:52.914922
ED   56,0.00%,Mary-Ann E. Maloney,(Republican),134,AD 24,2025-11-04_22:11:52.914922
ED   56,0.00%,Mary-Ann E. Maloney,(Conservative),27,AD 24,2025-11-04_22:11:52.914922
ED   56,0.00%,WRITE-IN,&nbsp,7,AD 24,2025-11-04_22:11:52.914922
ED   57,0.00%,Gail A. Adams,(Democratic),299,AD 24,2025-11-04_22:11:52.914922
ED   57,0.00%,Fania Jean,(Democratic),259,AD 24,2025-11-04_22:11:52.914922
ED   57,0.00%,Mary-Ann E. Maloney,(Republican),119,AD 24,2025-11-04_22:11:52.914922
ED   57,0.00%,Mary-Ann E. Maloney,(Conservative),15,AD 24,2025-11-04_22:11:52.914922
ED   57,0.00%,WRITE-IN,&nbsp,2,AD 24,2025-11-04_22:11:52.914922
ED   58,0.00%,Gail A. Adams,(Democratic),332,AD 24,2025-11-04_22:11:52.914922
ED   58,0.00%,Fania Jean,(Democratic),269,AD 24,2025-11-04_22:11:52.914922
ED   58,0.00%,Mary-Ann E. Maloney,(Republican),354,AD 24,2025-11-04_22:11:52.914922
ED   58,0.00%,Mary-Ann E. Maloney,(Conservative),23,AD 24,2025-11-04_22:11:52.914922
ED   58,0.00%,WRITE-IN,&nbsp,10,AD 24,2025-11-04_22:11:52.914922
ED   59,0.00%,Gail A. Adams,(Democratic),311,AD 24,2025-11-04_22:11:52.914922
ED   59,0.00%,Fania Jean,(Democratic),266,AD 24,2025-11-04_22:11:52.914922
ED   59,0.00%,Mary-Ann E. Maloney,(Republican),284,AD 24,2025-11-04_22:11:52.914922
ED   59,0.00%,Mary-Ann E. Maloney,(Conservative),28,AD 24,2025-11-04_22:11:52.914922
ED   59,0.00%,WRITE-IN,&nbsp,5,AD 24,2025-11-04_22:11:52.914922
ED   65,0.00%,Gail A. Adams,(Democratic),538,AD 24,2025-11-04_22:11:52.914922
ED   65,0.00%,Fania Jean,(Democratic),515,AD 24,2025-11-04_22:11:52.914922
ED   65,0.00%,Mary-Ann E. Maloney,(Republican),100,AD 24,2025-11-04_22:11:52.914922
ED   65,0.00%,Mary-Ann E. Maloney,(Conservative),14,AD 24,2025-11-04_22:11:52.914922
ED   65,0.00%,WRITE-IN,&nbsp,1,AD 24,2025-11-04_22:11:52.914922
ED   66,0.00%,Gail A. Adams,(Democratic),-,AD 24,2025-11-04_22:11:52.914922
ED   66,0.00%,Fania Jean,(Democratic),-,AD 24,2025-11-04_22:11:52.914922
ED   66,0.00%,Mary-Ann E. Maloney,(Republican),-,AD 24,2025-11-04_22:11:52.914922
ED   66,0.00%,Mary-Ann E. Maloney,(Conservative),-,AD 24,2025-11-04_22:11:52.914922
ED   66,0.00%,WRITE-IN,&nbsp,-,AD 24,2025-11-04_22:11:52.914922
Total,,Gail A. Adams,(Democratic),11174,AD 24,2025-11-04_22:11:52.914922
Total,,Fania Jean,(Democratic),9865,AD 24,2025-11-04_22:11:52.914922
Total,,Mary-Ann E. Maloney,(Republican),4700,AD 24,2025-11-04_22:11:52.914922
Total,,Mary-Ann E. Maloney,(Conservative),498,AD 24,2025-11-04_22:11:52.914922
Total,,WRITE-IN,&nbsp,111,AD 24,2025-11-04_22:11:52.914922
ED    1,0.00%,Gail A. Adams,(Democratic),472,AD 25,2025-11-04_22:11:52.914922
ED    1,0.00%,Fania Jean,(Democratic),392,AD 25,2025-11-04_22:11:52.914922
ED    1,0.00%,Mary-Ann E. Maloney,(Republican),180,AD 25,2025-11-04_22:11:52.914922
ED    1,0.00%,Mary-Ann E. Maloney,(Conservative),30,AD 25,2025-11-04_22:11:52.914922
ED    1,0.00%,WRITE-IN,&nbsp,6,AD 25,2025-11-04_22:11:52.914922
ED    2,0.00%,Gail A. Adams,(Democratic),441,AD 25,2025-11-04_22:11:52.914922
ED    2,0.00%,Fania Jean,(Democratic),398,AD 25,2025-11-04_22:11:52.914922
ED    2,0.00%,Mary-Ann E. Maloney,(Republican),162,AD 25,2025-11-04_22:11:52.914922
ED    2,0.00%,Mary-Ann E. Maloney,(Conservative),17,AD 25,2025-11-04_22:11:52.914922
ED    2,0.00%,WRITE-IN,&nbsp,-,AD 25,2025-11-04_22:11:52.914922
ED    3,0.00%,Gail A. Adams,(Democratic),66,AD 25,2025-11-04_22:11:52.914922
ED    3,0.00%,Fania Jean,(Democratic),64,AD 25,2025-11-04_22:11:52.914922
ED    3,0.00%,Mary-Ann E. Maloney,(Republican),68,AD 25,2025-11-04_22:11:52.914922
ED    3,0.00%,Mary-Ann E. Maloney,(Conservative),7,AD 25,2025-11-04_22:11:52.914922
ED    3,0.00%,WRITE-IN,&nbsp,5,AD 25,2025-11-04_22:11:52.914922
ED    7,0.00%,Gail A. Adams,(Democratic),45,AD 25,2025-11-04_22:11:52.914922
ED    7,0.00%,Fania Jean,(Democratic),38,AD 25,2025-11-04_22:11:52.914922
ED    7,0.00%,Mary-Ann E. Maloney,(Republican),33,AD 25,2025-11-04_22:11:52.914922
ED    7,0.00%,Mary-Ann E. Maloney,(Conservative),3,AD 25,2025-11-04_22:11:52.914922
ED    7,0.00%,WRITE-IN,&nbsp,-,AD 25,2025-11-04_22:11:52.914922
ED    8,0.00%,Gail A. Adams,(Democratic),25,AD 25,2025-11-04_22:11:52.914922
ED    8,0.00%,Fania Jean,(Democratic),22,AD 25,2025-11-04_22:11:52.914922
ED    8,0.00%,Mary-Ann E. Maloney,(Republican),12,AD 25,2025-11-04_22:11:52.914922
ED    8,0.00%,Mary-Ann E. Maloney,(Conservative),2,AD 25,2025-11-04_22:11:52.914922
ED    8,0.00%,WRITE-IN,&nbsp,-,AD 25,2025-11-04_22:11:52.914922
ED   10,0.00%,Gail A. Adams,(Democratic),64,AD 25,2025-11-04_22:11:52.914922
ED   10,0.00%,Fania Jean,(Democratic),64,AD 25,2025-11-04_22:11:52.914922
ED   10,0.00%,Mary-Ann E. Maloney,(Republican),24,AD 25,2025-11-04_22:11:52.914922
ED   10,0.00%,Mary-Ann E. Maloney,(Conservative),2,AD 25,2025-11-04_22:11:52.914922
ED   10,0.00%,WRITE-IN,&nbsp,1,AD 25,2025-11-04_22:11:52.914922
ED   48,0.00%,Gail A. Adams,(Democratic),-,AD 25,2025-11-04_22:11:52.914922
ED   48,0.00%,Fania Jean,(Democratic),-,AD 25,2025-11-04_22:11:52.914922
ED   48,0.00%,Mary-Ann E. Maloney,(Republican),-,AD 25,2025-11-04_22:11:52.914922
ED   48,0.00%,Mary-Ann E. Maloney,(Conservative),-,AD 25,2025-11-04_22:11:52.914922
ED   48,0.00%,WRITE-IN,&nbsp,-,AD 25,2025-11-04_22:11:52.914922
ED   49,0.00%,Gail A. Adams,(Democratic),-,AD 25,2025-11-04_22:11:52.914922
ED   49,0.00%,Fania Jean,(Democratic),-,AD 25,2025-11-04_22:11:52.914922
ED   49,0.00%,Mary-Ann E. Maloney,(Republican),-,AD 25,2025-11-04_22:11:52.914922
ED   49,0.00%,Mary-Ann E. Maloney,(Conservative),-,AD 25,2025-11-04_22:11:52.914922
ED   49,0.00%,WRITE-IN,&nbsp,-,AD 25,2025-11-04_22:11:52.914922
Total,,Gail A. Adams,(Democratic),1113,AD 25,2025-11-04_22:11:52.914922
Total,,Fania Jean,(Democratic),978,AD 25,2025-11-04_22:11:52.914922
Total,,Mary-Ann E. Maloney,(Republican),479,AD 25,2025-11-04_22:11:52.914922
Total,,Mary-Ann E. Maloney,(Conservative),61,AD 25,2025-11-04_22:11:52.914922
Total,,WRITE-IN,&nbsp,12,AD 25,2025-11-04_22:11:52.914922
ED    1,0.00%,Gail A. Adams,(Democratic),152,AD 26,2025-11-04_22:11:52.914922
ED    1,0.00%,Fania Jean,(Democratic),130,AD 26,2025-11-04_22:11:52.914922
ED    1,0.00%,Mary-Ann E. Maloney,(Republican),72,AD 26,2025-11-04_22:11:52.914922
ED    1,0.00%,Mary-Ann E. Maloney,(Conservative),8,AD 26,2025-11-04_22:11:52.914922
ED    1,0.00%,WRITE-IN,&nbsp,1,AD 26,2025-11-04_22:11:52.914922
ED    2,0.00%,Gail A. Adams,(Democratic),79,AD 26,2025-11-04_22:11:52.914922
ED    2,0.00%,Fania Jean,(Democratic),64,AD 26,2025-11-04_22:11:52.914922
ED    2,0.00%,Mary-Ann E. Maloney,(Republican),24,AD 26,2025-11-04_22:11:52.914922
ED    2,0.00%,Mary-Ann E. Maloney,(Conservative),-,AD 26,2025-11-04_22:11:52.914922
ED    2,0.00%,WRITE-IN,&nbsp,5,AD 26,2025-11-04_22:11:52.914922
ED    3,0.00%,Gail A. Adams,(Democratic),103,AD 26,2025-11-04_22:11:52.914922
ED    3,0.00%,Fania Jean,(Democratic),83,AD 26,2025-11-04_22:11:52.914922
ED    3,0.00%,Mary-Ann E. Maloney,(Republican),26,AD 26,2025-11-04_22:11:52.914922
ED    3,0.00%,Mary-Ann E. Maloney,(Conservative),8,AD 26,2025-11-04_22:11:52.914922
ED    3,0.00%,WRITE-IN,&nbsp,1,AD 26,2025-11-04_22:11:52.914922
ED    4,0.00%,Gail A. Adams,(Democratic),163,AD 26,2025-11-04_22:11:52.914922
ED    4,0.00%,Fania Jean,(Democratic),146,AD 26,2025-11-04_22:11:52.914922
ED    4,0.00%,Mary-Ann E. Maloney,(Republican),84,AD 26,2025-11-04_22:11:52.914922
ED    4,0.00%,Mary-Ann E. Maloney,(Conservative),9,AD 26,2025-11-04_22:11:52.914922
ED    4,0.00%,WRITE-IN,&nbsp,5,AD 26,2025-11-04_22:11:52.914922
ED   13,0.00%,Gail A. Adams,(Democratic),151,AD 26,2025-11-04_22:11:52.914922
ED   13,0.00%,Fania Jean,(Democratic),128,AD 26,2025-11-04_22:11:52.914922
ED   13,0.00%,Mary-Ann E. Maloney,(Republican),102,AD 26,2025-11-04_22:11:52.914922
ED   13,0.00%,Mary-Ann E. Maloney,(Conservative),7,AD 26,2025-11-04_22:11:52.914922
ED   13,0.00%,WRITE-IN,&nbsp,-,AD 26,2025-11-04_22:11:52.914922
ED   14,0.00%,Gail A. Adams,(Democratic),143,AD 26,2025-11-04_22:11:52.914922
ED   14,0.00%,Fania Jean,(Democratic),122,AD 26,2025-11-04_22:11:52.914922
ED   14,0.00%,Mary-Ann E. Maloney,(Republican),64,AD 26,2025-11-04_22:11:52.914922
ED   14,0.00%,Mary-Ann E. Maloney,(Conservative),10,AD 26,2025-11-04_22:11:52.914922
ED   14,0.00%,WRITE-IN,&nbsp,-,AD 26,2025-11-04_22:11:52.914922
ED   15,0.00%,Gail A. Adams,(Democratic),197,AD 26,2025-11-04_22:11:52.914922
ED   15,0.00%,Fania Jean,(Democratic),166,AD 26,2025-11-04_22:11:52.914922
ED   15,0.00%,Mary-Ann E. Maloney,(Republican),67,AD 26,2025-11-04_22:11:52.914922
ED   15,0.00%,Mary-Ann E. Maloney,(Conservative),7,AD 26,2025-11-04_22:11:52.914922
ED   15,0.00%,WRITE-IN,&nbsp,-,AD 26,2025-11-04_22:11:52.914922
Total,,Gail A. Adams,(Democratic),988,AD 26,2025-11-04_22:11:52.914922
Total,,Fania Jean,(Democratic),839,AD 26,2025-11-04_22:11:52.914922
Total,,Mary-Ann E. Maloney,(Republican),439,AD 26,2025-11-04_22:11:52.914922
Total,,Mary-Ann E. Maloney,(Conservative),49,AD 26,2025-11-04_22:11:52.914922
Total,,WRITE-IN,&nbsp,12,AD 26,2025-11-04_22:11:52.914922
ED    2,0.00%,Gail A. Adams,(Democratic),471,AD 27,2025-11-04_22:11:52.914922
ED    2,0.00%,Fania Jean,(Democratic),390,AD 27,2025-11-04_22:11:52.914922
ED    2,0.00%,Mary-Ann E. Maloney,(Republican),120,AD 27,2025-11-04_22:11:52.914922
ED    2,0.00%,Mary-Ann E. Maloney,(Conservative),14,AD 27,2025-11-04_22:11:52.914922
ED    2,0.00%,WRITE-IN,&nbsp,6,AD 27,2025-11-04_22:11:52.914922
ED    3,0.00%,Gail A. Adams,(Democratic),378,AD 27,2025-11-04_22:11:52.914922
ED    3,0.00%,Fania Jean,(Democratic),330,AD 27,2025-11-04_22:11:52.914922
ED    3,0.00%,Mary-Ann E. Maloney,(Republican),148,AD 27,2025-11-04_22:11:52.914922
ED    3,0.00%,Mary-Ann E. Maloney,(Conservative),12,AD 27,2025-11-04_22:11:52.914922
ED    3,0.00%,WRITE-IN,&nbsp,2,AD 27,2025-11-04_22:11:52.914922
ED    4,0.00%,Gail A. Adams,(Democratic),273,AD 27,2025-11-04_22:11:52.914922
ED    4,0.00%,Fania Jean,(Democratic),258,AD 27,2025-11-04_22:11:52.914922
ED    4,0.00%,Mary-Ann E. Maloney,(Republican),87,AD 27,2025-11-04_22:11:52.914922
ED    4,0.00%,Mary-Ann E. Maloney,(Conservative),11,AD 27,2025-11-04_22:11:52.914922
ED    4,0.00%,WRITE-IN,&nbsp,1,AD 27,2025-11-04_22:11:52.914922
ED    5,0.00%,Gail A. Adams,(Democratic),294,AD 27,2025-11-04_22:11:52.914922
ED    5,0.00%,Fania Jean,(Democratic),271,AD 27,2025-11-04_22:11:52.914922
ED    5,0.00%,Mary-Ann E. Maloney,(Republican),93,AD 27,2025-11-04_22:11:52.914922
ED    5,0.00%,Mary-Ann E. Maloney,(Conservative),13,AD 27,2025-11-04_22:11:52.914922
ED    5,0.00%,WRITE-IN,&nbsp,3,AD 27,2025-11-04_22:11:52.914922
ED    6,0.00%,Gail A. Adams,(Democratic),123,AD 27,2025-11-04_22:11:52.914922
ED    6,0.00%,Fania Jean,(Democratic),119,AD 27,2025-11-04_22:11:52.914922
ED    6,0.00%,Mary-Ann E. Maloney,(Republican),49,AD 27,2025-11-04_22:11:52.914922
ED    6,0.00%,Mary-Ann E. Maloney,(Conservative),4,AD 27,2025-11-04_22:11:52.914922
ED    6,0.00%,WRITE-IN,&nbsp,-,AD 27,2025-11-04_22:11:52.914922
ED   52,0.00%,Gail A. Adams,(Democratic),-,AD 27,2025-11-04_22:11:52.914922
ED   52,0.00%,Fania Jean,(Democratic),-,AD 27,2025-11-04_22:11:52.914922
ED   52,0.00%,Mary-Ann E. Maloney,(Republican),-,AD 27,2025-11-04_22:11:52.914922
ED   52,0.00%,Mary-Ann E. Maloney,(Conservative),-,AD 27,2025-11-04_22:11:52.914922
ED   52,0.00%,WRITE-IN,&nbsp,-,AD 27,2025-11-04_22:11:52.914922
ED   53,0.00%,Gail A. Adams,(Democratic),-,AD 27,2025-11-04_22:11:52.914922
ED   53,0.00%,Fania Jean,(Democratic),-,AD 27,2025-11-04_22:11:52.914922
ED   53,0.00%,Mary-Ann E. Maloney,(Republican),-,AD 27,2025-11-04_22:11:52.914922
ED   53,0.00%,Mary-Ann E. Maloney,(Conservative),-,AD 27,2025-11-04_22:11:52.914922
ED   53,0.00%,WRITE-IN,&nbsp,-,AD 27,2025-11-04_22:11:52.914922
ED   55,0.00%,Gail A. Adams,(Democratic),-,AD 27,2025-11-04_22:11:52.914922
ED   55,0.00%,Fania Jean,(Democratic),-,AD 27,2025-11-04_22:11:52.914922
ED   55,0.00%,Mary-Ann E. Maloney,(Republican),-,AD 27,2025-11-04_22:11:52.914922
ED   55,0.00%,Mary-Ann E. Maloney,(Conservative),-,AD 27,2025-11-04_22:11:52.914922
ED   55,0.00%,WRITE-IN,&nbsp,-,AD 27,2025-11-04_22:11:52.914922
Total,,Gail A. Adams,(Democratic),1539,AD 27,2025-11-04_22:11:52.914922
Total,,Fania Jean,(Democratic),1368,AD 27,2025-11-04_22:11:52.914922
Total,,Mary-Ann E. Maloney,(Republican),497,AD 27,2025-11-04_22:11:52.914922
Total,,Mary-Ann E. Maloney,(Conservative),54,AD 27,2025-11-04_22:11:52.914922
Total,,WRITE-IN,&nbsp,12,AD 27,2025-11-04_22:11:52.914922
ED    1,0.00%,Gail A. Adams,(Democratic),134,AD 28,2025-11-04_22:11:52.914922
ED    1,0.00%,Fania Jean,(Democratic),120,AD 28,2025-11-04_22:11:52.914922
ED    1,0.00%,Mary-Ann E. Maloney,(Republican),43,AD 28,2025-11-04_22:11:52.914922
ED    1,0.00%,Mary-Ann E. Maloney,(Conservative),10,AD 28,2025-11-04_22:11:52.914922
ED    1,0.00%,WRITE-IN,&nbsp,4,AD 28,2025-11-04_22:11:52.914922
ED    2,0.00%,Gail A. Adams,(Democratic),571,AD 28,2025-11-04_22:11:52.914922
ED    2,0.00%,Fania Jean,(Democratic),510,AD 28,2025-11-04_22:11:52.914922
ED    2,0.00%,Mary-Ann E. Maloney,(Republican),209,AD 28,2025-11-04_22:11:52.914922
ED    2,0.00%,Mary-Ann E. Maloney,(Conservative),21,AD 28,2025-11-04_22:11:52.914922
ED    2,0.00%,WRITE-IN,&nbsp,2,AD 28,2025-11-04_22:11:52.914922
ED    3,0.00%,Gail A. Adams,(Democratic),493,AD 28,2025-11-04_22:11:52.914922
ED    3,0.00%,Fania Jean,(Democratic),450,AD 28,2025-11-04_22:11:52.914922
ED    3,0.00%,Mary-Ann E. Maloney,(Republican),176,AD 28,2025-11-04_22:11:52.914922
ED    3,0.00%,Mary-Ann E. Maloney,(Conservative),38,AD 28,2025-11-04_22:11:52.914922
ED    3,0.00%,WRITE-IN,&nbsp,3,AD 28,2025-11-04_22:11:52.914922
ED    4,0.00%,Gail A. Adams,(Democratic),534,AD 28,2025-11-04_22:11:52.914922
ED    4,0.00%,Fania Jean,(Democratic),491,AD 28,2025-11-04_22:11:52.914922
ED    4,0.00%,Mary-Ann E. Maloney,(Republican),166,AD 28,2025-11-04_22:11:52.914922
ED    4,0.00%,Mary-Ann E. Maloney,(Conservative),22,AD 28,2025-11-04_22:11:52.914922
ED    4,0.00%,WRITE-IN,&nbsp,1,AD 28,2025-11-04_22:11:52.914922
ED    6,0.00%,Gail A. Adams,(Democratic),95,AD 28,2025-11-04_22:11:52.914922
ED    6,0.00%,Fania Jean,(Democratic),85,AD 28,2025-11-04_22:11:52.914922
ED    6,0.00%,Mary-Ann E. Maloney,(Republican),114,AD 28,2025-11-04_22:11:52.914922
ED    6,0.00%,Mary-Ann E. Maloney,(Conservative),9,AD 28,2025-11-04_22:11:52.914922
ED    6,0.00%,WRITE-IN,&nbsp,4,AD 28,2025-11-04_22:11:52.914922
ED    7,0.00%,Gail A. Adams,(Democratic),370,AD 28,2025-11-04_22:11:52.914922
ED    7,0.00%,Fania Jean,(Democratic),334,AD 28,2025-11-04_22:11:52.914922
ED    7,0.00%,Mary-Ann E. Maloney,(Republican),267,AD 28,2025-11-04_22:11:52.914922
ED    7,0.00%,Mary-Ann E. Maloney,(Conservative),18,AD 28,2025-11-04_22:11:52.914922
ED    7,0.00%,WRITE-IN,&nbsp,3,AD 28,2025-11-04_22:11:52.914922
ED    8,0.00%,Gail A. Adams,(Democratic),431,AD 28,2025-11-04_22:11:52.914922
ED    8,0.00%,Fania Jean,(Democratic),398,AD 28,2025-11-04_22:11:52.914922
ED    8,0.00%,Mary-Ann E. Maloney,(Republican),176,AD 28,2025-11-04_22:11:52.914922
ED    8,0.00%,Mary-Ann E. Maloney,(Conservative),20,AD 28,2025-11-04_22:11:52.914922
ED    8,0.00%,WRITE-IN,&nbsp,5,AD 28,2025-11-04_22:11:52.914922
ED    9,0.00%,Gail A. Adams,(Democratic),440,AD 28,2025-11-04_22:11:52.914922
ED    9,0.00%,Fania Jean,(Democratic),400,AD 28,2025-11-04_22:11:52.914922
ED    9,0.00%,Mary-Ann E. Maloney,(Republican),233,AD 28,2025-11-04_22:11:52.914922
ED    9,0.00%,Mary-Ann E. Maloney,(Conservative),28,AD 28,2025-11-04_22:11:52.914922
ED    9,0.00%,WRITE-IN,&nbsp,4,AD 28,2025-11-04_22:11:52.914922
ED   18,0.00%,Gail A. Adams,(Democratic),67,AD 28,2025-11-04_22:11:52.914922
ED   18,0.00%,Fania Jean,(Democratic),57,AD 28,2025-11-04_22:11:52.914922
ED   18,0.00%,Mary-Ann E. Maloney,(Republican),39,AD 28,2025-11-04_22:11:52.914922
ED   18,0.00%,Mary-Ann E. Maloney,(Conservative),7,AD 28,2025-11-04_22:11:52.914922
ED   18,0.00%,WRITE-IN,&nbsp,1,AD 28,2025-11-04_22:11:52.914922
ED   29,0.00%,Gail A. Adams,(Democratic),438,AD 28,2025-11-04_22:11:52.914922
ED   29,0.00%,Fania Jean,(Democratic),418,AD 28,2025-11-04_22:11:52.914922
ED   29,0.00%,Mary-Ann E. Maloney,(Republican),253,AD 28,2025-11-04_22:11:52.914922
ED   29,0.00%,Mary-Ann E. Maloney,(Conservative),17,AD 28,2025-11-04_22:11:52.914922
ED   29,0.00%,WRITE-IN,&nbsp,-,AD 28,2025-11-04_22:11:52.914922
ED   30,0.00%,Gail A. Adams,(Democratic),609,AD 28,2025-11-04_22:11:52.914922
ED   30,0.00%,Fania Jean,(Democratic),548,AD 28,2025-11-04_22:11:52.914922
ED   30,0.00%,Mary-Ann E. Maloney,(Republican),362,AD 28,2025-11-04_22:11:52.914922
ED   30,0.00%,Mary-Ann E. Maloney,(Conservative),30,AD 28,2025-11-04_22:11:52.914922
ED   30,0.00%,WRITE-IN,&nbsp,12,AD 28,2025-11-04_22:11:52.914922
ED   31,0.00%,Gail A. Adams,(Democratic),555,AD 28,2025-11-04_22:11:52.914922
ED   31,0.00%,Fania Jean,(Democratic),506,AD 28,2025-11-04_22:11:52.914922
ED   31,0.00%,Mary-Ann E. Maloney,(Republican),149,AD 28,2025-11-04_22:11:52.914922
ED   31,0.00%,Mary-Ann E. Maloney,(Conservative),24,AD 28,2025-11-04_22:11:52.914922
ED   31,0.00%,WRITE-IN,&nbsp,1,AD 28,2025-11-04_22:11:52.914922
ED   32,0.00%,Gail A. Adams,(Democratic),602,AD 28,2025-11-04_22:11:52.914922
ED   32,0.00%,Fania Jean,(Democratic),545,AD 28,2025-11-04_22:11:52.914922
ED   32,0.00%,Mary-Ann E. Maloney,(Republican),167,AD 28,2025-11-04_22:11:52.914922
ED   32,0.00%,Mary-Ann E. Maloney,(Conservative),13,AD 28,2025-11-04_22:11:52.914922
ED   32,0.00%,WRITE-IN,&nbsp,5,AD 28,2025-11-04_22:11:52.914922
ED   33,0.00%,Gail A. Adams,(Democratic),355,AD 28,2025-11-04_22:11:52.914922
ED   33,0.00%,Fania Jean,(Democratic),317,AD 28,2025-11-04_22:11:52.914922
ED   33,0.00%,Mary-Ann E. Maloney,(Republican),121,AD 28,2025-11-04_22:11:52.914922
ED   33,0.00%,Mary-Ann E. Maloney,(Conservative),11,AD 28,2025-11-04_22:11:52.914922
ED   33,0.00%,WRITE-IN,&nbsp,2,AD 28,2025-11-04_22:11:52.914922
ED   35,0.00%,Gail A. Adams,(Democratic),704,AD 28,2025-11-04_22:11:52.914922
ED   35,0.00%,Fania Jean,(Democratic),608,AD 28,2025-11-04_22:11:52.914922
ED   35,0.00%,Mary-Ann E. Maloney,(Republican),275,AD 28,2025-11-04_22:11:52.914922
ED   35,0.00%,Mary-Ann E. Maloney,(Conservative),21,AD 28,2025-11-04_22:11:52.914922
ED   35,0.00%,WRITE-IN,&nbsp,6,AD 28,2025-11-04_22:11:52.914922
ED   36,0.00%,Gail A. Adams,(Democratic),180,AD 28,2025-11-04_22:11:52.914922
ED   36,0.00%,Fania Jean,(Democratic),168,AD 28,2025-11-04_22:11:52.914922
ED   36,0.00%,Mary-Ann E. Maloney,(Republican),37,AD 28,2025-11-04_22:11:52.914922
ED   36,0.00%,Mary-Ann E. Maloney,(Conservative),8,AD 28,2025-11-04_22:11:52.914922
ED   36,0.00%,WRITE-IN,&nbsp,2,AD 28,2025-11-04_22:11:52.914922
ED   69,0.00%,Gail A. Adams,(Democratic),106,AD 28,2025-11-04_22:11:52.914922
ED   69,0.00%,Fania Jean,(Democratic),99,AD 28,2025-11-04_22:11:52.914922
ED   69,0.00%,Mary-Ann E. Maloney,(Republican),52,AD 28,2025-11-04_22:11:52.914922
ED   69,0.00%,Mary-Ann E. Maloney,(Conservative),5,AD 28,2025-11-04_22:11:52.914922
ED   69,0.00%,WRITE-IN,&nbsp,1,AD 28,2025-11-04_22:11:52.914922
ED   70,0.00%,Gail A. Adams,(Democratic),1,AD 28,2025-11-04_22:11:52.914922
ED   70,0.00%,Fania Jean,(Democratic),1,AD 28,2025-11-04_22:11:52.914922
ED   70,0.00%,Mary-Ann E. Maloney,(Republican),2,AD 28,2025-11-04_22:11:52.914922
ED   70,0.00%,Mary-Ann E. Maloney,(Conservative),-,AD 28,2025-11-04_22:11:52.914922
ED   70,0.00%,WRITE-IN,&nbsp,-,AD 28,2025-11-04_22:11:52.914922
ED   72,0.00%,Gail A. Adams,(Democratic),308,AD 28,2025-11-04_22:11:52.914922
ED   72,0.00%,Fania Jean,(Democratic),268,AD 28,2025-11-04_22:11:52.914922
ED   72,0.00%,Mary-Ann E. Maloney,(Republican),136,AD 28,2025-11-04_22:11:52.914922
ED   72,0.00%,Mary-Ann E. Maloney,(Conservative),14,AD 28,2025-11-04_22:11:52.914922
ED   72,0.00%,WRITE-IN,&nbsp,15,AD 28,2025-11-04_22:11:52.914922
ED   73,0.00%,Gail A. Adams,(Democratic),-,AD 28,2025-11-04_22:11:52.914922
ED   73,0.00%,Fania Jean,(Democratic),-,AD 28,2025-11-04_22:11:52.914922
ED   73,0.00%,Mary-Ann E. Maloney,(Republican),-,AD 28,2025-11-04_22:11:52.914922
ED   73,0.00%,Mary-Ann E. Maloney,(Conservative),-,AD 28,2025-11-04_22:11:52.914922
ED   73,0.00%,WRITE-IN,&nbsp,-,AD 28,2025-11-04_22:11:52.914922
ED   75,0.00%,Gail A. Adams,(Democratic),-,AD 28,2025-11-04_22:11:52.914922
ED   75,0.00%,Fania Jean,(Democratic),-,AD 28,2025-11-04_22:11:52.914922
ED   75,0.00%,Mary-Ann E. Maloney,(Republican),-,AD 28,2025-11-04_22:11:52.914922
ED   75,0.00%,Mary-Ann E. Maloney,(Conservative),-,AD 28,2025-11-04_22:11:52.914922
ED   75,0.00%,WRITE-IN,&nbsp,-,AD 28,2025-11-04_22:11:52.914922
Total,,Gail A. Adams,(Democratic),6993,AD 28,2025-11-04_22:11:52.914922
Total,,Fania Jean,(Democratic),6323,AD 28,2025-11-04_22:11:52.914922
Total,,Mary-Ann E. Maloney,(Republican),2977,AD 28,2025-11-04_22:11:52.914922
Total,,Mary-Ann E. Maloney,(Conservative),316,AD 28,2025-11-04_22:11:52.914922
Total,,WRITE-IN,&nbsp,71,AD 28,2025-11-04_22:11:52.914922
ED    1,0.00%,Gail A. Adams,(Democratic),413,AD 29,2025-11-04_22:11:52.914922
ED    1,0.00%,Fania Jean,(Democratic),348,AD 29,2025-11-04_22:11:52.914922
ED    1,0.00%,Mary-Ann E. Maloney,(Republican),34,AD 29,2025-11-04_22:11:52.914922
ED    1,0.00%,Mary-Ann E. Maloney,(Conservative),6,AD 29,2025-11-04_22:11:52.914922
ED    1,0.00%,WRITE-IN,&nbsp,1,AD 29,2025-11-04_22:11:52.914922
ED    2,0.00%,Gail A. Adams,(Democratic),367,AD 29,2025-11-04_22:11:52.914922
ED    2,0.00%,Fania Jean,(Democratic),319,AD 29,2025-11-04_22:11:52.914922
ED    2,0.00%,Mary-Ann E. Maloney,(Republican),18,AD 29,2025-11-04_22:11:52.914922
ED    2,0.00%,Mary-Ann E. Maloney,(Conservative),4,AD 29,2025-11-04_22:11:52.914922
ED    2,0.00%,WRITE-IN,&nbsp,2,AD 29,2025-11-04_22:11:52.914922
ED    3,0.00%,Gail A. Adams,(Democratic),338,AD 29,2025-11-04_22:11:52.914922
ED    3,0.00%,Fania Jean,(Democratic),253,AD 29,2025-11-04_22:11:52.914922
ED    3,0.00%,Mary-Ann E. Maloney,(Republican),20,AD 29,2025-11-04_22:11:52.914922
ED    3,0.00%,Mary-Ann E. Maloney,(Conservative),9,AD 29,2025-11-04_22:11:52.914922
ED    3,0.00%,WRITE-IN,&nbsp,-,AD 29,2025-11-04_22:11:52.914922
ED    4,0.00%,Gail A. Adams,(Democratic),401,AD 29,2025-11-04_22:11:52.914922
ED    4,0.00%,Fania Jean,(Democratic),320,AD 29,2025-11-04_22:11:52.914922
ED    4,0.00%,Mary-Ann E. Maloney,(Republican),37,AD 29,2025-11-04_22:11:52.914922
ED    4,0.00%,Mary-Ann E. Maloney,(Conservative),9,AD 29,2025-11-04_22:11:52.914922
ED    4,0.00%,WRITE-IN,&nbsp,-,AD 29,2025-11-04_22:11:52.914922
ED    5,0.00%,Gail A. Adams,(Democratic),442,AD 29,2025-11-04_22:11:52.914922
ED    5,0.00%,Fania Jean,(Democratic),366,AD 29,2025-11-04_22:11:52.914922
ED    5,0.00%,Mary-Ann E. Maloney,(Republican),39,AD 29,2025-11-04_22:11:52.914922
ED    5,0.00%,Mary-Ann E. Maloney,(Conservative),10,AD 29,2025-11-04_22:11:52.914922
ED    5,0.00%,WRITE-IN,&nbsp,2,AD 29,2025-11-04_22:11:52.914922
ED    6,0.00%,Gail A. Adams,(Democratic),394,AD 29,2025-11-04_22:11:52.914922
ED    6,0.00%,Fania Jean,(Democratic),335,AD 29,2025-11-04_22:11:52.914922
ED    6,0.00%,Mary-Ann E. Maloney,(Republican),58,AD 29,2025-11-04_22:11:52.914922
ED    6,0.00%,Mary-Ann E. Maloney,(Conservative),3,AD 29,2025-11-04_22:11:52.914922
ED    6,0.00%,WRITE-IN,&nbsp,-,AD 29,2025-11-04_22:11:52.914922
ED    7,0.00%,Gail A. Adams,(Democratic),312,AD 29,2025-11-04_22:11:52.914922
ED    7,0.00%,Fania Jean,(Democratic),255,AD 29,2025-11-04_22:11:52.914922
ED    7,0.00%,Mary-Ann E. Maloney,(Republican),27,AD 29,2025-11-04_22:11:52.914922
ED    7,0.00%,Mary-Ann E. Maloney,(Conservative),10,AD 29,2025-11-04_22:11:52.914922
ED    7,0.00%,WRITE-IN,&nbsp,2,AD 29,2025-11-04_22:11:52.914922
ED    8,0.00%,Gail A. Adams,(Democratic),317,AD 29,2025-11-04_22:11:52.914922
ED    8,0.00%,Fania Jean,(Democratic),272,AD 29,2025-11-04_22:11:52.914922
ED    8,0.00%,Mary-Ann E. Maloney,(Republican),23,AD 29,2025-11-04_22:11:52.914922
ED    8,0.00%,Mary-Ann E. Maloney,(Conservative),7,AD 29,2025-11-04_22:11:52.914922
ED    8,0.00%,WRITE-IN,&nbsp,1,AD 29,2025-11-04_22:11:52.914922
ED    9,0.00%,Gail A. Adams,(Democratic),278,AD 29,2025-11-04_22:11:52.914922
ED    9,0.00%,Fania Jean,(Democratic),225,AD 29,2025-11-04_22:11:52.914922
ED    9,0.00%,Mary-Ann E. Maloney,(Republican),10,AD 29,2025-11-04_22:11:52.914922
ED    9,0.00%,Mary-Ann E. Maloney,(Conservative),6,AD 29,2025-11-04_22:11:52.914922
ED    9,0.00%,WRITE-IN,&nbsp,-,AD 29,2025-11-04_22:11:52.914922
ED   10,0.00%,Gail A. Adams,(Democratic),613,AD 29,2025-11-04_22:11:52.914922
ED   10,0.00%,Fania Jean,(Democratic),516,AD 29,2025-11-04_22:11:52.914922
ED   10,0.00%,Mary-Ann E. Maloney,(Republican),34,AD 29,2025-11-04_22:11:52.914922
ED   10,0.00%,Mary-Ann E. Maloney,(Conservative),9,AD 29,2025-11-04_22:11:52.914922
ED   10,0.00%,WRITE-IN,&nbsp,-,AD 29,2025-11-04_22:11:52.914922
ED   11,0.00%,Gail A. Adams,(Democratic),544,AD 29,2025-11-04_22:11:52.914922
ED   11,0.00%,Fania Jean,(Democratic),420,AD 29,2025-11-04_22:11:52.914922
ED   11,0.00%,Mary-Ann E. Maloney,(Republican),22,AD 29,2025-11-04_22:11:52.914922
ED   11,0.00%,Mary-Ann E. Maloney,(Conservative),7,AD 29,2025-11-04_22:11:52.914922
ED   11,0.00%,WRITE-IN,&nbsp,-,AD 29,2025-11-04_22:11:52.914922
ED   12,0.00%,Gail A. Adams,(Democratic),472,AD 29,2025-11-04_22:11:52.914922
ED   12,0.00%,Fania Jean,(Democratic),378,AD 29,2025-11-04_22:11:52.914922
ED   12,0.00%,Mary-Ann E. Maloney,(Republican),29,AD 29,2025-11-04_22:11:52.914922
ED   12,0.00%,Mary-Ann E. Maloney,(Conservative),14,AD 29,2025-11-04_22:11:52.914922
ED   12,0.00%,WRITE-IN,&nbsp,-,AD 29,2025-11-04_22:11:52.914922
ED   13,0.00%,Gail A. Adams,(Democratic),511,AD 29,2025-11-04_22:11:52.914922
ED   13,0.00%,Fania Jean,(Democratic),412,AD 29,2025-11-04_22:11:52.914922
ED   13,0.00%,Mary-Ann E. Maloney,(Republican),28,AD 29,2025-11-04_22:11:52.914922
ED   13,0.00%,Mary-Ann E. Maloney,(Conservative),9,AD 29,2025-11-04_22:11:52.914922
ED   13,0.00%,WRITE-IN,&nbsp,1,AD 29,2025-11-04_22:11:52.914922
ED   14,0.00%,Gail A. Adams,(Democratic),464,AD 29,2025-11-04_22:11:52.914922
ED   14,0.00%,Fania Jean,(Democratic),393,AD 29,2025-11-04_22:11:52.914922
ED   14,0.00%,Mary-Ann E. Maloney,(Republican),33,AD 29,2025-11-04_22:11:52.914922
ED   14,0.00%,Mary-Ann E. Maloney,(Conservative),3,AD 29,2025-11-04_22:11:52.914922
ED   14,0.00%,WRITE-IN,&nbsp,8,AD 29,2025-11-04_22:11:52.914922
ED   15,0.00%,Gail A. Adams,(Democratic),55,AD 29,2025-11-04_22:11:52.914922
ED   15,0.00%,Fania Jean,(Democratic),50,AD 29,2025-11-04_22:11:52.914922
ED   15,0.00%,Mary-Ann E. Maloney,(Republican),2,AD 29,2025-11-04_22:11:52.914922
ED   15,0.00%,Mary-Ann E. Maloney,(Conservative),-,AD 29,2025-11-04_22:11:52.914922
ED   15,0.00%,WRITE-IN,&nbsp,-,AD 29,2025-11-04_22:11:52.914922
ED   16,0.00%,Gail A. Adams,(Democratic),96,AD 29,2025-11-04_22:11:52.914922
ED   16,0.00%,Fania Jean,(Democratic),76,AD 29,2025-11-04_22:11:52.914922
ED   16,0.00%,Mary-Ann E. Maloney,(Republican),5,AD 29,2025-11-04_22:11:52.914922
ED   16,0.00%,Mary-Ann E. Maloney,(Conservative),2,AD 29,2025-11-04_22:11:52.914922
ED   16,0.00%,WRITE-IN,&nbsp,-,AD 29,2025-11-04_22:11:52.914922
ED   17,0.00%,Gail A. Adams,(Democratic),274,AD 29,2025-11-04_22:11:52.914922
ED   17,0.00%,Fania Jean,(Democratic),211,AD 29,2025-11-04_22:11:52.914922
ED   17,0.00%,Mary-Ann E. Maloney,(Republican),14,AD 29,2025-11-04_22:11:52.914922
ED   17,0.00%,Mary-Ann E. Maloney,(Conservative),2,AD 29,2025-11-04_22:11:52.914922
ED   17,0.00%,WRITE-IN,&nbsp,-,AD 29,2025-11-04_22:11:52.914922
ED   18,0.00%,Gail A. Adams,(Democratic),476,AD 29,2025-11-04_22:11:52.914922
ED   18,0.00%,Fania Jean,(Democratic),392,AD 29,2025-11-04_22:11:52.914922
ED   18,0.00%,Mary-Ann E. Maloney,(Republican),21,AD 29,2025-11-04_22:11:52.914922
ED   18,0.00%,Mary-Ann E. Maloney,(Conservative),5,AD 29,2025-11-04_22:11:52.914922
ED   18,0.00%,WRITE-IN,&nbsp,1,AD 29,2025-11-04_22:11:52.914922
ED   19,0.00%,Gail A. Adams,(Democratic),534,AD 29,2025-11-04_22:11:52.914922
ED   19,0.00%,Fania Jean,(Democratic),420,AD 29,2025-11-04_22:11:52.914922
ED   19,0.00%,Mary-Ann E. Maloney,(Republican),21,AD 29,2025-11-04_22:11:52.914922
ED   19,0.00%,Mary-Ann E. Maloney,(Conservative),9,AD 29,2025-11-04_22:11:52.914922
ED   19,0.00%,WRITE-IN,&nbsp,2,AD 29,2025-11-04_22:11:52.914922
ED   20,0.00%,Gail A. Adams,(Democratic),252,AD 29,2025-11-04_22:11:52.914922
ED   20,0.00%,Fania Jean,(Democratic),205,AD 29,2025-11-04_22:11:52.914922
ED   20,0.00%,Mary-Ann E. Maloney,(Republican),6,AD 29,2025-11-04_22:11:52.914922
ED   20,0.00%,Mary-Ann E. Maloney,(Conservative),6,AD 29,2025-11-04_22:11:52.914922
ED   20,0.00%,WRITE-IN,&nbsp,-,AD 29,2025-11-04_22:11:52.914922
ED   21,0.00%,Gail A. Adams,(Democratic),355,AD 29,2025-11-04_22:11:52.914922
ED   21,0.00%,Fania Jean,(Democratic),283,AD 29,2025-11-04_22:11:52.914922
ED   21,0.00%,Mary-Ann E. Maloney,(Republican),17,AD 29,2025-11-04_22:11:52.914922
ED   21,0.00%,Mary-Ann E. Maloney,(Conservative),1,AD 29,2025-11-04_22:11:52.914922
ED   21,0.00%,WRITE-IN,&nbsp,2,AD 29,2025-11-04_22:11:52.914922
ED   22,0.00%,Gail A. Adams,(Democratic),334,AD 29,2025-11-04_22:11:52.914922
ED   22,0.00%,Fania Jean,(Democratic),273,AD 29,2025-11-04_22:11:52.914922
ED   22,0.00%,Mary-Ann E. Maloney,(Republican),14,AD 29,2025-11-04_22:11:52.914922
ED   22,0.00%,Mary-Ann E. Maloney,(Conservative),3,AD 29,2025-11-04_22:11:52.914922
ED   22,0.00%,WRITE-IN,&nbsp,-,AD 29,2025-11-04_22:11:52.914922
ED   23,0.00%,Gail A. Adams,(Democratic),563,AD 29,2025-11-04_22:11:52.914922
ED   23,0.00%,Fania Jean,(Democratic),467,AD 29,2025-11-04_22:11:52.914922
ED   23,0.00%,Mary-Ann E. Maloney,(Republican),25,AD 29,2025-11-04_22:11:52.914922
ED   23,0.00%,Mary-Ann E. Maloney,(Conservative),6,AD 29,2025-11-04_22:11:52.914922
ED   23,0.00%,WRITE-IN,&nbsp,2,AD 29,2025-11-04_22:11:52.914922
ED   24,0.00%,Gail A. Adams,(Democratic),47,AD 29,2025-11-04_22:11:52.914922
ED   24,0.00%,Fania Jean,(Democratic),46,AD 29,2025-11-04_22:11:52.914922
ED   24,0.00%,Mary-Ann E. Maloney,(Republican),3,AD 29,2025-11-04_22:11:52.914922
ED   24,0.00%,Mary-Ann E. Maloney,(Conservative),-,AD 29,2025-11-04_22:11:52.914922
ED   24,0.00%,WRITE-IN,&nbsp,-,AD 29,2025-11-04_22:11:52.914922
ED   25,0.00%,Gail A. Adams,(Democratic),277,AD 29,2025-11-04_22:11:52.914922
ED   25,0.00%,Fania Jean,(Democratic),228,AD 29,2025-11-04_22:11:52.914922
ED   25,0.00%,Mary-Ann E. Maloney,(Republican),21,AD 29,2025-11-04_22:11:52.914922
ED   25,0.00%,Mary-Ann E. Maloney,(Conservative),3,AD 29,2025-11-04_22:11:52.914922
ED   25,0.00%,WRITE-IN,&nbsp,-,AD 29,2025-11-04_22:11:52.914922
ED   26,0.00%,Gail A. Adams,(Democratic),91,AD 29,2025-11-04_22:11:52.914922
ED   26,0.00%,Fania Jean,(Democratic),77,AD 29,2025-11-04_22:11:52.914922
ED   26,0.00%,Mary-Ann E. Maloney,(Republican),6,AD 29,2025-11-04_22:11:52.914922
ED   26,0.00%,Mary-Ann E. Maloney,(Conservative),1,AD 29,2025-11-04_22:11:52.914922
ED   26,0.00%,WRITE-IN,&nbsp,-,AD 29,2025-11-04_22:11:52.914922
ED   27,0.00%,Gail A. Adams,(Democratic),462,AD 29,2025-11-04_22:11:52.914922
ED   27,0.00%,Fania Jean,(Democratic),378,AD 29,2025-11-04_22:11:52.914922
ED   27,0.00%,Mary-Ann E. Maloney,(Republican),15,AD 29,2025-11-04_22:11:52.914922
ED   27,0.00%,Mary-Ann E. Maloney,(Conservative),8,AD 29,2025-11-04_22:11:52.914922
ED   27,0.00%,WRITE-IN,&nbsp,-,AD 29,2025-11-04_22:11:52.914922
ED   28,0.00%,Gail A. Adams,(Democratic),459,AD 29,2025-11-04_22:11:52.914922
ED   28,0.00%,Fania Jean,(Democratic),364,AD 29,2025-11-04_22:11:52.914922
ED   28,0.00%,Mary-Ann E. Maloney,(Republican),21,AD 29,2025-11-04_22:11:52.914922
ED   28,0.00%,Mary-Ann E. Maloney,(Conservative),8,AD 29,2025-11-04_22:11:52.914922
ED   28,0.00%,WRITE-IN,&nbsp,2,AD 29,2025-11-04_22:11:52.914922
ED   29,0.00%,Gail A. Adams,(Democratic),300,AD 29,2025-11-04_22:11:52.914922
ED   29,0.00%,Fania Jean,(Democratic),237,AD 29,2025-11-04_22:11:52.914922
ED   29,0.00%,Mary-Ann E. Maloney,(Republican),23,AD 29,2025-11-04_22:11:52.914922
ED   29,0.00%,Mary-Ann E. Maloney,(Conservative),8,AD 29,2025-11-04_22:11:52.914922
ED   29,0.00%,WRITE-IN,&nbsp,4,AD 29,2025-11-04_22:11:52.914922
ED   30,0.00%,Gail A. Adams,(Democratic),295,AD 29,2025-11-04_22:11:52.914922
ED   30,0.00%,Fania Jean,(Democratic),234,AD 29,2025-11-04_22:11:52.914922
ED   30,0.00%,Mary-Ann E. Maloney,(Republican),14,AD 29,2025-11-04_22:11:52.914922
ED   30,0.00%,Mary-Ann E. Maloney,(Conservative),5,AD 29,2025-11-04_22:11:52.914922
ED   30,0.00%,WRITE-IN,&nbsp,-,AD 29,2025-11-04_22:11:52.914922
ED   31,0.00%,Gail A. Adams,(Democratic),309,AD 29,2025-11-04_22:11:52.914922
ED   31,0.00%,Fania Jean,(Democratic),239,AD 29,2025-11-04_22:11:52.914922
ED   31,0.00%,Mary-Ann E. Maloney,(Republican),16,AD 29,2025-11-04_22:11:52.914922
ED   31,0.00%,Mary-Ann E. Maloney,(Conservative),6,AD 29,2025-11-04_22:11:52.914922
ED   31,0.00%,WRITE-IN,&nbsp,-,AD 29,2025-11-04_22:11:52.914922
ED   32,0.00%,Gail A. Adams,(Democratic),231,AD 29,2025-11-04_22:11:52.914922
ED   32,0.00%,Fania Jean,(Democratic),202,AD 29,2025-11-04_22:11:52.914922
ED   32,0.00%,Mary-Ann E. Maloney,(Republican),14,AD 29,2025-11-04_22:11:52.914922
ED   32,0.00%,Mary-Ann E. Maloney,(Conservative),4,AD 29,2025-11-04_22:11:52.914922
ED   32,0.00%,WRITE-IN,&nbsp,-,AD 29,2025-11-04_22:11:52.914922
ED   33,0.00%,Gail A. Adams,(Democratic),237,AD 29,2025-11-04_22:11:52.914922
ED   33,0.00%,Fania Jean,(Democratic),188,AD 29,2025-11-04_22:11:52.914922
ED   33,0.00%,Mary-Ann E. Maloney,(Republican),14,AD 29,2025-11-04_22:11:52.914922
ED   33,0.00%,Mary-Ann E. Maloney,(Conservative),4,AD 29,2025-11-04_22:11:52.914922
ED   33,0.00%,WRITE-IN,&nbsp,-,AD 29,2025-11-04_22:11:52.914922
ED   34,0.00%,Gail A. Adams,(Democratic),502,AD 29,2025-11-04_22:11:52.914922
ED   34,0.00%,Fania Jean,(Democratic),419,AD 29,2025-11-04_22:11:52.914922
ED   34,0.00%,Mary-Ann E. Maloney,(Republican),24,AD 29,2025-11-04_22:11:52.914922
ED   34,0.00%,Mary-Ann E. Maloney,(Conservative),13,AD 29,2025-11-04_22:11:52.914922
ED   34,0.00%,WRITE-IN,&nbsp,3,AD 29,2025-11-04_22:11:52.914922
ED   35,0.00%,Gail A. Adams,(Democratic),347,AD 29,2025-11-04_22:11:52.914922
ED   35,0.00%,Fania Jean,(Democratic),273,AD 29,2025-11-04_22:11:52.914922
ED   35,0.00%,Mary-Ann E. Maloney,(Republican),20,AD 29,2025-11-04_22:11:52.914922
ED   35,0.00%,Mary-Ann E. Maloney,(Conservative),7,AD 29,2025-11-04_22:11:52.914922
ED   35,0.00%,WRITE-IN,&nbsp,4,AD 29,2025-11-04_22:11:52.914922
ED   36,0.00%,Gail A. Adams,(Democratic),433,AD 29,2025-11-04_22:11:52.914922
ED   36,0.00%,Fania Jean,(Democratic),326,AD 29,2025-11-04_22:11:52.914922
ED   36,0.00%,Mary-Ann E. Maloney,(Republican),21,AD 29,2025-11-04_22:11:52.914922
ED   36,0.00%,Mary-Ann E. Maloney,(Conservative),10,AD 29,2025-11-04_22:11:52.914922
ED   36,0.00%,WRITE-IN,&nbsp,3,AD 29,2025-11-04_22:11:52.914922
ED   37,0.00%,Gail A. Adams,(Democratic),350,AD 29,2025-11-04_22:11:52.914922
ED   37,0.00%,Fania Jean,(Democratic),261,AD 29,2025-11-04_22:11:52.914922
ED   37,0.00%,Mary-Ann E. Maloney,(Republican),17,AD 29,2025-11-04_22:11:52.914922
ED   37,0.00%,Mary-Ann E. Maloney,(Conservative),3,AD 29,2025-11-04_22:11:52.914922
ED   37,0.00%,WRITE-IN,&nbsp,4,AD 29,2025-11-04_22:11:52.914922
ED   38,0.00%,Gail A. Adams,(Democratic),352,AD 29,2025-11-04_22:11:52.914922
ED   38,0.00%,Fania Jean,(Democratic),288,AD 29,2025-11-04_22:11:52.914922
ED   38,0.00%,Mary-Ann E. Maloney,(Republican),18,AD 29,2025-11-04_22:11:52.914922
ED   38,0.00%,Mary-Ann E. Maloney,(Conservative),6,AD 29,2025-11-04_22:11:52.914922
ED   38,0.00%,WRITE-IN,&nbsp,1,AD 29,2025-11-04_22:11:52.914922
ED   39,0.00%,Gail A. Adams,(Democratic),378,AD 29,2025-11-04_22:11:52.914922
ED   39,0.00%,Fania Jean,(Democratic),302,AD 29,2025-11-04_22:11:52.914922
ED   39,0.00%,Mary-Ann E. Maloney,(Republican),26,AD 29,2025-11-04_22:11:52.914922
ED   39,0.00%,Mary-Ann E. Maloney,(Conservative),8,AD 29,2025-11-04_22:11:52.914922
ED   39,0.00%,WRITE-IN,&nbsp,4,AD 29,2025-11-04_22:11:52.914922
ED   40,0.00%,Gail A. Adams,(Democratic),348,AD 29,2025-11-04_22:11:52.914922
ED   40,0.00%,Fania Jean,(Democratic),282,AD 29,2025-11-04_22:11:52.914922
ED   40,0.00%,Mary-Ann E. Maloney,(Republican),25,AD 29,2025-11-04_22:11:52.914922
ED   40,0.00%,Mary-Ann E. Maloney,(Conservative),4,AD 29,2025-11-04_22:11:52.914922
ED   40,0.00%,WRITE-IN,&nbsp,-,AD 29,2025-11-04_22:11:52.914922
ED   41,0.00%,Gail A. Adams,(Democratic),341,AD 29,2025-11-04_22:11:52.914922
ED   41,0.00%,Fania Jean,(Democratic),289,AD 29,2025-11-04_22:11:52.914922
ED   41,0.00%,Mary-Ann E. Maloney,(Republican),28,AD 29,2025-11-04_22:11:52.914922
ED   41,0.00%,Mary-Ann E. Maloney,(Conservative),5,AD 29,2025-11-04_22:11:52.914922
ED   41,0.00%,WRITE-IN,&nbsp,2,AD 29,2025-11-04_22:11:52.914922
ED   42,0.00%,Gail A. Adams,(Democratic),56,AD 29,2025-11-04_22:11:52.914922
ED   42,0.00%,Fania Jean,(Democratic),51,AD 29,2025-11-04_22:11:52.914922
ED   42,0.00%,Mary-Ann E. Maloney,(Republican),12,AD 29,2025-11-04_22:11:52.914922
ED   42,0.00%,Mary-Ann E. Maloney,(Conservative),2,AD 29,2025-11-04_22:11:52.914922
ED   42,0.00%,WRITE-IN,&nbsp,-,AD 29,2025-11-04_22:11:52.914922
ED   43,0.00%,Gail A. Adams,(Democratic),376,AD 29,2025-11-04_22:11:52.914922
ED   43,0.00%,Fania Jean,(Democratic),322,AD 29,2025-11-04_22:11:52.914922
ED   43,0.00%,Mary-Ann E. Maloney,(Republican),45,AD 29,2025-11-04_22:11:52.914922
ED   43,0.00%,Mary-Ann E. Maloney,(Conservative),14,AD 29,2025-11-04_22:11:52.914922
ED   43,0.00%,WRITE-IN,&nbsp,2,AD 29,2025-11-04_22:11:52.914922
ED   44,0.00%,Gail A. Adams,(Democratic),333,AD 29,2025-11-04_22:11:52.914922
ED   44,0.00%,Fania Jean,(Democratic),312,AD 29,2025-11-04_22:11:52.914922
ED   44,0.00%,Mary-Ann E. Maloney,(Republican),58,AD 29,2025-11-04_22:11:52.914922
ED   44,0.00%,Mary-Ann E. Maloney,(Conservative),8,AD 29,2025-11-04_22:11:52.914922
ED   44,0.00%,WRITE-IN,&nbsp,1,AD 29,2025-11-04_22:11:52.914922
ED   45,0.00%,Gail A. Adams,(Democratic),450,AD 29,2025-11-04_22:11:52.914922
ED   45,0.00%,Fania Jean,(Democratic),415,AD 29,2025-11-04_22:11:52.914922
ED   45,0.00%,Mary-Ann E. Maloney,(Republican),61,AD 29,2025-11-04_22:11:52.914922
ED   45,0.00%,Mary-Ann E. Maloney,(Conservative),13,AD 29,2025-11-04_22:11:52.914922
ED   45,0.00%,WRITE-IN,&nbsp,5,AD 29,2025-11-04_22:11:52.914922
ED   46,0.00%,Gail A. Adams,(Democratic),199,AD 29,2025-11-04_22:11:52.914922
ED   46,0.00%,Fania Jean,(Democratic),178,AD 29,2025-11-04_22:11:52.914922
ED   46,0.00%,Mary-Ann E. Maloney,(Republican),27,AD 29,2025-11-04_22:11:52.914922
ED   46,0.00%,Mary-Ann E. Maloney,(Conservative),3,AD 29,2025-11-04_22:11:52.914922
ED   46,0.00%,WRITE-IN,&nbsp,-,AD 29,2025-11-04_22:11:52.914922
ED   47,0.00%,Gail A. Adams,(Democratic),167,AD 29,2025-11-04_22:11:52.914922
ED   47,0.00%,Fania Jean,(Democratic),148,AD 29,2025-11-04_22:11:52.914922
ED   47,0.00%,Mary-Ann E. Maloney,(Republican),35,AD 29,2025-11-04_22:11:52.914922
ED   47,0.00%,Mary-Ann E. Maloney,(Conservative),6,AD 29,2025-11-04_22:11:52.914922
ED   47,0.00%,WRITE-IN,&nbsp,-,AD 29,2025-11-04_22:11:52.914922
ED   48,0.00%,Gail A. Adams,(Democratic),377,AD 29,2025-11-04_22:11:52.914922
ED   48,0.00%,Fania Jean,(Democratic),329,AD 29,2025-11-04_22:11:52.914922
ED   48,0.00%,Mary-Ann E. Maloney,(Republican),65,AD 29,2025-11-04_22:11:52.914922
ED   48,0.00%,Mary-Ann E. Maloney,(Conservative),13,AD 29,2025-11-04_22:11:52.914922
ED   48,0.00%,WRITE-IN,&nbsp,-,AD 29,2025-11-04_22:11:52.914922
ED   49,0.00%,Gail A. Adams,(Democratic),20,AD 29,2025-11-04_22:11:52.914922
ED   49,0.00%,Fania Jean,(Democratic),17,AD 29,2025-11-04_22:11:52.914922
ED   49,0.00%,Mary-Ann E. Maloney,(Republican),1,AD 29,2025-11-04_22:11:52.914922
ED   49,0.00%,Mary-Ann E. Maloney,(Conservative),-,AD 29,2025-11-04_22:11:52.914922
ED   49,0.00%,WRITE-IN,&nbsp,-,AD 29,2025-11-04_22:11:52.914922
ED   50,0.00%,Gail A. Adams,(Democratic),528,AD 29,2025-11-04_22:11:52.914922
ED   50,0.00%,Fania Jean,(Democratic),457,AD 29,2025-11-04_22:11:52.914922
ED   50,0.00%,Mary-Ann E. Maloney,(Republican),84,AD 29,2025-11-04_22:11:52.914922
ED   50,0.00%,Mary-Ann E. Maloney,(Conservative),13,AD 29,2025-11-04_22:11:52.914922
ED   50,0.00%,WRITE-IN,&nbsp,4,AD 29,2025-11-04_22:11:52.914922
ED   51,0.00%,Gail A. Adams,(Democratic),172,AD 29,2025-11-04_22:11:52.914922
ED   51,0.00%,Fania Jean,(Democratic),149,AD 29,2025-11-04_22:11:52.914922
ED   51,0.00%,Mary-Ann E. Maloney,(Republican),17,AD 29,2025-11-04_22:11:52.914922
ED   51,0.00%,Mary-Ann E. Maloney,(Conservative),4,AD 29,2025-11-04_22:11:52.914922
ED   51,0.00%,WRITE-IN,&nbsp,-,AD 29,2025-11-04_22:11:52.914922
ED   52,0.00%,Gail A. Adams,(Democratic),223,AD 29,2025-11-04_22:11:52.914922
ED   52,0.00%,Fania Jean,(Democratic),202,AD 29,2025-11-04_22:11:52.914922
ED   52,0.00%,Mary-Ann E. Maloney,(Republican),27,AD 29,2025-11-04_22:11:52.914922
ED   52,0.00%,Mary-Ann E. Maloney,(Conservative),2,AD 29,2025-11-04_22:11:52.914922
ED   52,0.00%,WRITE-IN,&nbsp,-,AD 29,2025-11-04_22:11:52.914922
ED   53,0.00%,Gail A. Adams,(Democratic),102,AD 29,2025-11-04_22:11:52.914922
ED   53,0.00%,Fania Jean,(Democratic),93,AD 29,2025-11-04_22:11:52.914922
ED   53,0.00%,Mary-Ann E. Maloney,(Republican),10,AD 29,2025-11-04_22:11:52.914922
ED   53,0.00%,Mary-Ann E. Maloney,(Conservative),1,AD 29,2025-11-04_22:11:52.914922
ED   53,0.00%,WRITE-IN,&nbsp,2,AD 29,2025-11-04_22:11:52.914922
ED   54,0.00%,Gail A. Adams,(Democratic),273,AD 29,2025-11-04_22:11:52.914922
ED   54,0.00%,Fania Jean,(Democratic),246,AD 29,2025-11-04_22:11:52.914922
ED   54,0.00%,Mary-Ann E. Maloney,(Republican),57,AD 29,2025-11-04_22:11:52.914922
ED   54,0.00%,Mary-Ann E. Maloney,(Conservative),19,AD 29,2025-11-04_22:11:52.914922
ED   54,0.00%,WRITE-IN,&nbsp,4,AD 29,2025-11-04_22:11:52.914922
ED   55,0.00%,Gail A. Adams,(Democratic),256,AD 29,2025-11-04_22:11:52.914922
ED   55,0.00%,Fania Jean,(Democratic),230,AD 29,2025-11-04_22:11:52.914922
ED   55,0.00%,Mary-Ann E. Maloney,(Republican),61,AD 29,2025-11-04_22:11:52.914922
ED   55,0.00%,Mary-Ann E. Maloney,(Conservative),8,AD 29,2025-11-04_22:11:52.914922
ED   55,0.00%,WRITE-IN,&nbsp,-,AD 29,2025-11-04_22:11:52.914922
ED   56,0.00%,Gail A. Adams,(Democratic),314,AD 29,2025-11-04_22:11:52.914922
ED   56,0.00%,Fania Jean,(Democratic),250,AD 29,2025-11-04_22:11:52.914922
ED   56,0.00%,Mary-Ann E. Maloney,(Republican),39,AD 29,2025-11-04_22:11:52.914922
ED   56,0.00%,Mary-Ann E. Maloney,(Conservative),6,AD 29,2025-11-04_22:11:52.914922
ED   56,0.00%,WRITE-IN,&nbsp,1,AD 29,2025-11-04_22:11:52.914922
ED   57,0.00%,Gail A. Adams,(Democratic),184,AD 29,2025-11-04_22:11:52.914922
ED   57,0.00%,Fania Jean,(Democratic),154,AD 29,2025-11-04_22:11:52.914922
ED   57,0.00%,Mary-Ann E. Maloney,(Republican),21,AD 29,2025-11-04_22:11:52.914922
ED   57,0.00%,Mary-Ann E. Maloney,(Conservative),1,AD 29,2025-11-04_22:11:52.914922
ED   57,0.00%,WRITE-IN,&nbsp,1,AD 29,2025-11-04_22:11:52.914922
ED   58,0.00%,Gail A. Adams,(Democratic),407,AD 29,2025-11-04_22:11:52.914922
ED   58,0.00%,Fania Jean,(Democratic),373,AD 29,2025-11-04_22:11:52.914922
ED   58,0.00%,Mary-Ann E. Maloney,(Republican),100,AD 29,2025-11-04_22:11:52.914922
ED   58,0.00%,Mary-Ann E. Maloney,(Conservative),7,AD 29,2025-11-04_22:11:52.914922
ED   58,0.00%,WRITE-IN,&nbsp,1,AD 29,2025-11-04_22:11:52.914922
ED   59,0.00%,Gail A. Adams,(Democratic),196,AD 29,2025-11-04_22:11:52.914922
ED   59,0.00%,Fania Jean,(Democratic),150,AD 29,2025-11-04_22:11:52.914922
ED   59,0.00%,Mary-Ann E. Maloney,(Republican),31,AD 29,2025-11-04_22:11:52.914922
ED   59,0.00%,Mary-Ann E. Maloney,(Conservative),5,AD 29,2025-11-04_22:11:52.914922
ED   59,0.00%,WRITE-IN,&nbsp,-,AD 29,2025-11-04_22:11:52.914922
ED   60,0.00%,Gail A. Adams,(Democratic),374,AD 29,2025-11-04_22:11:52.914922
ED   60,0.00%,Fania Jean,(Democratic),342,AD 29,2025-11-04_22:11:52.914922
ED   60,0.00%,Mary-Ann E. Maloney,(Republican),81,AD 29,2025-11-04_22:11:52.914922
ED   60,0.00%,Mary-Ann E. Maloney,(Conservative),10,AD 29,2025-11-04_22:11:52.914922
ED   60,0.00%,WRITE-IN,&nbsp,1,AD 29,2025-11-04_22:11:52.914922
ED   61,0.00%,Gail A. Adams,(Democratic),23,AD 29,2025-11-04_22:11:52.914922
ED   61,0.00%,Fania Jean,(Democratic),20,AD 29,2025-11-04_22:11:52.914922
ED   61,0.00%,Mary-Ann E. Maloney,(Republican),1,AD 29,2025-11-04_22:11:52.914922
ED   61,0.00%,Mary-Ann E. Maloney,(Conservative),-,AD 29,2025-11-04_22:11:52.914922
ED   61,0.00%,WRITE-IN,&nbsp,-,AD 29,2025-11-04_22:11:52.914922
ED   62,0.00%,Gail A. Adams,(Democratic),-,AD 29,2025-11-04_22:11:52.914922
ED   62,0.00%,Fania Jean,(Democratic),-,AD 29,2025-11-04_22:11:52.914922
ED   62,0.00%,Mary-Ann E. Maloney,(Republican),-,AD 29,2025-11-04_22:11:52.914922
ED   62,0.00%,Mary-Ann E. Maloney,(Conservative),-,AD 29,2025-11-04_22:11:52.914922
ED   62,0.00%,WRITE-IN,&nbsp,-,AD 29,2025-11-04_22:11:52.914922
ED   63,0.00%,Gail A. Adams,(Democratic),271,AD 29,2025-11-04_22:11:52.914922
ED   63,0.00%,Fania Jean,(Democratic),245,AD 29,2025-11-04_22:11:52.914922
ED   63,0.00%,Mary-Ann E. Maloney,(Republican),49,AD 29,2025-11-04_22:11:52.914922
ED   63,0.00%,Mary-Ann E. Maloney,(Conservative),6,AD 29,2025-11-04_22:11:52.914922
ED   63,0.00%,WRITE-IN,&nbsp,-,AD 29,2025-11-04_22:11:52.914922
ED   64,0.00%,Gail A. Adams,(Democratic),46,AD 29,2025-11-04_22:11:52.914922
ED   64,0.00%,Fania Jean,(Democratic),28,AD 29,2025-11-04_22:11:52.914922
ED   64,0.00%,Mary-Ann E. Maloney,(Republican),1,AD 29,2025-11-04_22:11:52.914922
ED   64,0.00%,Mary-Ann E. Maloney,(Conservative),-,AD 29,2025-11-04_22:11:52.914922
ED   64,0.00%,WRITE-IN,&nbsp,-,AD 29,2025-11-04_22:11:52.914922
ED   65,0.00%,Gail A. Adams,(Democratic),260,AD 29,2025-11-04_22:11:52.914922
ED   65,0.00%,Fania Jean,(Democratic),217,AD 29,2025-11-04_22:11:52.914922
ED   65,0.00%,Mary-Ann E. Maloney,(Republican),34,AD 29,2025-11-04_22:11:52.914922
ED   65,0.00%,Mary-Ann E. Maloney,(Conservative),3,AD 29,2025-11-04_22:11:52.914922
ED   65,0.00%,WRITE-IN,&nbsp,-,AD 29,2025-11-04_22:11:52.914922
ED   66,0.00%,Gail A. Adams,(Democratic),319,AD 29,2025-11-04_22:11:52.914922
ED   66,0.00%,Fania Jean,(Democratic),250,AD 29,2025-11-04_22:11:52.914922
ED   66,0.00%,Mary-Ann E. Maloney,(Republican),21,AD 29,2025-11-04_22:11:52.914922
ED   66,0.00%,Mary-Ann E. Maloney,(Conservative),5,AD 29,2025-11-04_22:11:52.914922
ED   66,0.00%,WRITE-IN,&nbsp,-,AD 29,2025-11-04_22:11:52.914922
Total,,Gail A. Adams,(Democratic),20490,AD 29,2025-11-04_22:11:52.914922
Total,,Fania Jean,(Democratic),17000,AD 29,2025-11-04_22:11:52.914922
Total,,Mary-Ann E. Maloney,(Republican),1801,AD 29,2025-11-04_22:11:52.914922
Total,,Mary-Ann E. Maloney,(Conservative),392,AD 29,2025-11-04_22:11:52.914922
Total,,WRITE-IN,&nbsp,73,AD 29,2025-11-04_22:11:52.914922
ED   22,0.00%,Gail A. Adams,(Democratic),295,AD 31,2025-11-04_22:11:52.914922
ED   22,0.00%,Fania Jean,(Democratic),248,AD 31,2025-11-04_22:11:52.914922
ED   22,0.00%,Mary-Ann E. Maloney,(Republican),22,AD 31,2025-11-04_22:11:52.914922
ED   22,0.00%,Mary-Ann E. Maloney,(Conservative),4,AD 31,2025-11-04_22:11:52.914922
ED   22,0.00%,WRITE-IN,&nbsp,2,AD 31,2025-11-04_22:11:52.914922
ED   23,0.00%,Gail A. Adams,(Democratic),364,AD 31,2025-11-04_22:11:52.914922
ED   23,0.00%,Fania Jean,(Democratic),309,AD 31,2025-11-04_22:11:52.914922
ED   23,0.00%,Mary-Ann E. Maloney,(Republican),19,AD 31,2025-11-04_22:11:52.914922
ED   23,0.00%,Mary-Ann E. Maloney,(Conservative),5,AD 31,2025-11-04_22:11:52.914922
ED   23,0.00%,WRITE-IN,&nbsp,1,AD 31,2025-11-04_22:11:52.914922
ED   24,0.00%,Gail A. Adams,(Democratic),100,AD 31,2025-11-04_22:11:52.914922
ED   24,0.00%,Fania Jean,(Democratic),86,AD 31,2025-11-04_22:11:52.914922
ED   24,0.00%,Mary-Ann E. Maloney,(Republican),17,AD 31,2025-11-04_22:11:52.914922
ED   24,0.00%,Mary-Ann E. Maloney,(Conservative),3,AD 31,2025-11-04_22:11:52.914922
ED   24,0.00%,WRITE-IN,&nbsp,-,AD 31,2025-11-04_22:11:52.914922
ED   25,0.00%,Gail A. Adams,(Democratic),373,AD 31,2025-11-04_22:11:52.914922
ED   25,0.00%,Fania Jean,(Democratic),316,AD 31,2025-11-04_22:11:52.914922
ED   25,0.00%,Mary-Ann E. Maloney,(Republican),29,AD 31,2025-11-04_22:11:52.914922
ED   25,0.00%,Mary-Ann E. Maloney,(Conservative),10,AD 31,2025-11-04_22:11:52.914922
ED   25,0.00%,WRITE-IN,&nbsp,1,AD 31,2025-11-04_22:11:52.914922
ED   26,0.00%,Gail A. Adams,(Democratic),350,AD 31,2025-11-04_22:11:52.914922
ED   26,0.00%,Fania Jean,(Democratic),264,AD 31,2025-11-04_22:11:52.914922
ED   26,0.00%,Mary-Ann E. Maloney,(Republican),24,AD 31,2025-11-04_22:11:52.914922
ED   26,0.00%,Mary-Ann E. Maloney,(Conservative),4,AD 31,2025-11-04_22:11:52.914922
ED   26,0.00%,WRITE-IN,&nbsp,-,AD 31,2025-11-04_22:11:52.914922
ED   27,0.00%,Gail A. Adams,(Democratic),416,AD 31,2025-11-04_22:11:52.914922
ED   27,0.00%,Fania Jean,(Democratic),360,AD 31,2025-11-04_22:11:52.914922
ED   27,0.00%,Mary-Ann E. Maloney,(Republican),23,AD 31,2025-11-04_22:11:52.914922
ED   27,0.00%,Mary-Ann E. Maloney,(Conservative),4,AD 31,2025-11-04_22:11:52.914922
ED   27,0.00%,WRITE-IN,&nbsp,-,AD 31,2025-11-04_22:11:52.914922
ED   28,0.00%,Gail A. Adams,(Democratic),336,AD 31,2025-11-04_22:11:52.914922
ED   28,0.00%,Fania Jean,(Democratic),285,AD 31,2025-11-04_22:11:52.914922
ED   28,0.00%,Mary-Ann E. Maloney,(Republican),14,AD 31,2025-11-04_22:11:52.914922
ED   28,0.00%,Mary-Ann E. Maloney,(Conservative),10,AD 31,2025-11-04_22:11:52.914922
ED   28,0.00%,WRITE-IN,&nbsp,-,AD 31,2025-11-04_22:11:52.914922
ED   29,0.00%,Gail A. Adams,(Democratic),314,AD 31,2025-11-04_22:11:52.914922
ED   29,0.00%,Fania Jean,(Democratic),276,AD 31,2025-11-04_22:11:52.914922
ED   29,0.00%,Mary-Ann E. Maloney,(Republican),25,AD 31,2025-11-04_22:11:52.914922
ED   29,0.00%,Mary-Ann E. Maloney,(Conservative),6,AD 31,2025-11-04_22:11:52.914922
ED   29,0.00%,WRITE-IN,&nbsp,-,AD 31,2025-11-04_22:11:52.914922
ED   30,0.00%,Gail A. Adams,(Democratic),196,AD 31,2025-11-04_22:11:52.914922
ED   30,0.00%,Fania Jean,(Democratic),153,AD 31,2025-11-04_22:11:52.914922
ED   30,0.00%,Mary-Ann E. Maloney,(Republican),17,AD 31,2025-11-04_22:11:52.914922
ED   30,0.00%,Mary-Ann E. Maloney,(Conservative),-,AD 31,2025-11-04_22:11:52.914922
ED   30,0.00%,WRITE-IN,&nbsp,6,AD 31,2025-11-04_22:11:52.914922
ED   31,0.00%,Gail A. Adams,(Democratic),231,AD 31,2025-11-04_22:11:52.914922
ED   31,0.00%,Fania Jean,(Democratic),179,AD 31,2025-11-04_22:11:52.914922
ED   31,0.00%,Mary-Ann E. Maloney,(Republican),10,AD 31,2025-11-04_22:11:52.914922
ED   31,0.00%,Mary-Ann E. Maloney,(Conservative),3,AD 31,2025-11-04_22:11:52.914922
ED   31,0.00%,WRITE-IN,&nbsp,2,AD 31,2025-11-04_22:11:52.914922
ED   32,0.00%,Gail A. Adams,(Democratic),394,AD 31,2025-11-04_22:11:52.914922
ED   32,0.00%,Fania Jean,(Democratic),310,AD 31,2025-11-04_22:11:52.914922
ED   32,0.00%,Mary-Ann E. Maloney,(Republican),29,AD 31,2025-11-04_22:11:52.914922
ED   32,0.00%,Mary-Ann E. Maloney,(Conservative),8,AD 31,2025-11-04_22:11:52.914922
ED   32,0.00%,WRITE-IN,&nbsp,2,AD 31,2025-11-04_22:11:52.914922
ED   34,0.00%,Gail A. Adams,(Democratic),356,AD 31,2025-11-04_22:11:52.914922
ED   34,0.00%,Fania Jean,(Democratic),283,AD 31,2025-11-04_22:11:52.914922
ED   34,0.00%,Mary-Ann E. Maloney,(Republican),28,AD 31,2025-11-04_22:11:52.914922
ED   34,0.00%,Mary-Ann E. Maloney,(Conservative),3,AD 31,2025-11-04_22:11:52.914922
ED   34,0.00%,WRITE-IN,&nbsp,-,AD 31,2025-11-04_22:11:52.914922
ED   35,0.00%,Gail A. Adams,(Democratic),265,AD 31,2025-11-04_22:11:52.914922
ED   35,0.00%,Fania Jean,(Democratic),212,AD 31,2025-11-04_22:11:52.914922
ED   35,0.00%,Mary-Ann E. Maloney,(Republican),10,AD 31,2025-11-04_22:11:52.914922
ED   35,0.00%,Mary-Ann E. Maloney,(Conservative),1,AD 31,2025-11-04_22:11:52.914922
ED   35,0.00%,WRITE-IN,&nbsp,2,AD 31,2025-11-04_22:11:52.914922
ED   54,0.00%,Gail A. Adams,(Democratic),296,AD 31,2025-11-04_22:11:52.914922
ED   54,0.00%,Fania Jean,(Democratic),249,AD 31,2025-11-04_22:11:52.914922
ED   54,0.00%,Mary-Ann E. Maloney,(Republican),33,AD 31,2025-11-04_22:11:52.914922
ED   54,0.00%,Mary-Ann E. Maloney,(Conservative),3,AD 31,2025-11-04_22:11:52.914922
ED   54,0.00%,WRITE-IN,&nbsp,1,AD 31,2025-11-04_22:11:52.914922
ED   55,0.00%,Gail A. Adams,(Democratic),236,AD 31,2025-11-04_22:11:52.914922
ED   55,0.00%,Fania Jean,(Democratic),209,AD 31,2025-11-04_22:11:52.914922
ED   55,0.00%,Mary-Ann E. Maloney,(Republican),67,AD 31,2025-11-04_22:11:52.914922
ED   55,0.00%,Mary-Ann E. Maloney,(Conservative),14,AD 31,2025-11-04_22:11:52.914922
ED   55,0.00%,WRITE-IN,&nbsp,-,AD 31,2025-11-04_22:11:52.914922
ED   56,0.00%,Gail A. Adams,(Democratic),242,AD 31,2025-11-04_22:11:52.914922
ED   56,0.00%,Fania Jean,(Democratic),189,AD 31,2025-11-04_22:11:52.914922
ED   56,0.00%,Mary-Ann E. Maloney,(Republican),49,AD 31,2025-11-04_22:11:52.914922
ED   56,0.00%,Mary-Ann E. Maloney,(Conservative),14,AD 31,2025-11-04_22:11:52.914922
ED   56,0.00%,WRITE-IN,&nbsp,3,AD 31,2025-11-04_22:11:52.914922
ED   59,0.00%,Gail A. Adams,(Democratic),-,AD 31,2025-11-04_22:11:52.914922
ED   59,0.00%,Fania Jean,(Democratic),-,AD 31,2025-11-04_22:11:52.914922
ED   59,0.00%,Mary-Ann E. Maloney,(Republican),-,AD 31,2025-11-04_22:11:52.914922
ED   59,0.00%,Mary-Ann E. Maloney,(Conservative),-,AD 31,2025-11-04_22:11:52.914922
ED   59,0.00%,WRITE-IN,&nbsp,-,AD 31,2025-11-04_22:11:52.914922
ED   62,0.00%,Gail A. Adams,(Democratic),-,AD 31,2025-11-04_22:11:52.914922
ED   62,0.00%,Fania Jean,(Democratic),-,AD 31,2025-11-04_22:11:52.914922
ED   62,0.00%,Mary-Ann E. Maloney,(Republican),-,AD 31,2025-11-04_22:11:52.914922
ED   62,0.00%,Mary-Ann E. Maloney,(Conservative),-,AD 31,2025-11-04_22:11:52.914922
ED   62,0.00%,WRITE-IN,&nbsp,-,AD 31,2025-11-04_22:11:52.914922
Total,,Gail A. Adams,(Democratic),4764,AD 31,2025-11-04_22:11:52.914922
Total,,Fania Jean,(Democratic),3928,AD 31,2025-11-04_22:11:52.914922
Total,,Mary-Ann E. Maloney,(Republican),416,AD 31,2025-11-04_22:11:52.914922
Total,,Mary-Ann E. Maloney,(Conservative),92,AD 31,2025-11-04_22:11:52.914922
Total,,WRITE-IN,&nbsp,20,AD 31,2025-11-04_22:11:52.914922
ED    1,0.00%,Gail A. Adams,(Democratic),8,AD 32,2025-11-04_22:11:52.914922
ED    1,0.00%,Fania Jean,(Democratic),6,AD 32,2025-11-04_22:11:52.914922
ED    1,0.00%,Mary-Ann E. Maloney,(Republican),-,AD 32,2025-11-04_22:11:52.914922
ED    1,0.00%,Mary-Ann E. Maloney,(Conservative),-,AD 32,2025-11-04_22:11:52.914922
ED    1,0.00%,WRITE-IN,&nbsp,-,AD 32,2025-11-04_22:11:52.914922
ED    2,0.00%,Gail A. Adams,(Democratic),51,AD 32,2025-11-04_22:11:52.914922
ED    2,0.00%,Fania Jean,(Democratic),51,AD 32,2025-11-04_22:11:52.914922
ED    2,0.00%,Mary-Ann E. Maloney,(Republican),13,AD 32,2025-11-04_22:11:52.914922
ED    2,0.00%,Mary-Ann E. Maloney,(Conservative),3,AD 32,2025-11-04_22:11:52.914922
ED    2,0.00%,WRITE-IN,&nbsp,-,AD 32,2025-11-04_22:11:52.914922
ED    3,0.00%,Gail A. Adams,(Democratic),385,AD 32,2025-11-04_22:11:52.914922
ED    3,0.00%,Fania Jean,(Democratic),333,AD 32,2025-11-04_22:11:52.914922
ED    3,0.00%,Mary-Ann E. Maloney,(Republican),70,AD 32,2025-11-04_22:11:52.914922
ED    3,0.00%,Mary-Ann E. Maloney,(Conservative),14,AD 32,2025-11-04_22:11:52.914922
ED    3,0.00%,WRITE-IN,&nbsp,1,AD 32,2025-11-04_22:11:52.914922
ED    4,0.00%,Gail A. Adams,(Democratic),246,AD 32,2025-11-04_22:11:52.914922
ED    4,0.00%,Fania Jean,(Democratic),219,AD 32,2025-11-04_22:11:52.914922
ED    4,0.00%,Mary-Ann E. Maloney,(Republican),32,AD 32,2025-11-04_22:11:52.914922
ED    4,0.00%,Mary-Ann E. Maloney,(Conservative),4,AD 32,2025-11-04_22:11:52.914922
ED    4,0.00%,WRITE-IN,&nbsp,1,AD 32,2025-11-04_22:11:52.914922
ED    5,0.00%,Gail A. Adams,(Democratic),378,AD 32,2025-11-04_22:11:52.914922
ED    5,0.00%,Fania Jean,(Democratic),330,AD 32,2025-11-04_22:11:52.914922
ED    5,0.00%,Mary-Ann E. Maloney,(Republican),46,AD 32,2025-11-04_22:11:52.914922
ED    5,0.00%,Mary-Ann E. Maloney,(Conservative),7,AD 32,2025-11-04_22:11:52.914922
ED    5,0.00%,WRITE-IN,&nbsp,7,AD 32,2025-11-04_22:11:52.914922
ED    6,0.00%,Gail A. Adams,(Democratic),20,AD 32,2025-11-04_22:11:52.914922
ED    6,0.00%,Fania Jean,(Democratic),20,AD 32,2025-11-04_22:11:52.914922
ED    6,0.00%,Mary-Ann E. Maloney,(Republican),2,AD 32,2025-11-04_22:11:52.914922
ED    6,0.00%,Mary-Ann E. Maloney,(Conservative),-,AD 32,2025-11-04_22:11:52.914922
ED    6,0.00%,WRITE-IN,&nbsp,-,AD 32,2025-11-04_22:11:52.914922
ED    7,0.00%,Gail A. Adams,(Democratic),375,AD 32,2025-11-04_22:11:52.914922
ED    7,0.00%,Fania Jean,(Democratic),288,AD 32,2025-11-04_22:11:52.914922
ED    7,0.00%,Mary-Ann E. Maloney,(Republican),63,AD 32,2025-11-04_22:11:52.914922
ED    7,0.00%,Mary-Ann E. Maloney,(Conservative),7,AD 32,2025-11-04_22:11:52.914922
ED    7,0.00%,WRITE-IN,&nbsp,3,AD 32,2025-11-04_22:11:52.914922
ED    8,0.00%,Gail A. Adams,(Democratic),334,AD 32,2025-11-04_22:11:52.914922
ED    8,0.00%,Fania Jean,(Democratic),297,AD 32,2025-11-04_22:11:52.914922
ED    8,0.00%,Mary-Ann E. Maloney,(Republican),97,AD 32,2025-11-04_22:11:52.914922
ED    8,0.00%,Mary-Ann E. Maloney,(Conservative),11,AD 32,2025-11-04_22:11:52.914922
ED    8,0.00%,WRITE-IN,&nbsp,1,AD 32,2025-11-04_22:11:52.914922
ED    9,0.00%,Gail A. Adams,(Democratic),296,AD 32,2025-11-04_22:11:52.914922
ED    9,0.00%,Fania Jean,(Democratic),256,AD 32,2025-11-04_22:11:52.914922
ED    9,0.00%,Mary-Ann E. Maloney,(Republican),53,AD 32,2025-11-04_22:11:52.914922
ED    9,0.00%,Mary-Ann E. Maloney,(Conservative),9,AD 32,2025-11-04_22:11:52.914922
ED    9,0.00%,WRITE-IN,&nbsp,4,AD 32,2025-11-04_22:11:52.914922
ED   10,0.00%,Gail A. Adams,(Democratic),211,AD 32,2025-11-04_22:11:52.914922
ED   10,0.00%,Fania Jean,(Democratic),173,AD 32,2025-11-04_22:11:52.914922
ED   10,0.00%,Mary-Ann E. Maloney,(Republican),33,AD 32,2025-11-04_22:11:52.914922
ED   10,0.00%,Mary-Ann E. Maloney,(Conservative),4,AD 32,2025-11-04_22:11:52.914922
ED   10,0.00%,WRITE-IN,&nbsp,-,AD 32,2025-11-04_22:11:52.914922
ED   11,0.00%,Gail A. Adams,(Democratic),32,AD 32,2025-11-04_22:11:52.914922
ED   11,0.00%,Fania Jean,(Democratic),26,AD 32,2025-11-04_22:11:52.914922
ED   11,0.00%,Mary-Ann E. Maloney,(Republican),-,AD 32,2025-11-04_22:11:52.914922
ED   11,0.00%,Mary-Ann E. Maloney,(Conservative),-,AD 32,2025-11-04_22:11:52.914922
ED   11,0.00%,WRITE-IN,&nbsp,1,AD 32,2025-11-04_22:11:52.914922
ED   12,0.00%,Gail A. Adams,(Democratic),251,AD 32,2025-11-04_22:11:52.914922
ED   12,0.00%,Fania Jean,(Democratic),217,AD 32,2025-11-04_22:11:52.914922
ED   12,0.00%,Mary-Ann E. Maloney,(Republican),35,AD 32,2025-11-04_22:11:52.914922
ED   12,0.00%,Mary-Ann E. Maloney,(Conservative),8,AD 32,2025-11-04_22:11:52.914922
ED   12,0.00%,WRITE-IN,&nbsp,1,AD 32,2025-11-04_22:11:52.914922
ED   13,0.00%,Gail A. Adams,(Democratic),7,AD 32,2025-11-04_22:11:52.914922
ED   13,0.00%,Fania Jean,(Democratic),6,AD 32,2025-11-04_22:11:52.914922
ED   13,0.00%,Mary-Ann E. Maloney,(Republican),1,AD 32,2025-11-04_22:11:52.914922
ED   13,0.00%,Mary-Ann E. Maloney,(Conservative),-,AD 32,2025-11-04_22:11:52.914922
ED   13,0.00%,WRITE-IN,&nbsp,-,AD 32,2025-11-04_22:11:52.914922
ED   14,0.00%,Gail A. Adams,(Democratic),50,AD 32,2025-11-04_22:11:52.914922
ED   14,0.00%,Fania Jean,(Democratic),40,AD 32,2025-11-04_22:11:52.914922
ED   14,0.00%,Mary-Ann E. Maloney,(Republican),1,AD 32,2025-11-04_22:11:52.914922
ED   14,0.00%,Mary-Ann E. Maloney,(Conservative),-,AD 32,2025-11-04_22:11:52.914922
ED   14,0.00%,WRITE-IN,&nbsp,-,AD 32,2025-11-04_22:11:52.914922
ED   15,0.00%,Gail A. Adams,(Democratic),238,AD 32,2025-11-04_22:11:52.914922
ED   15,0.00%,Fania Jean,(Democratic),207,AD 32,2025-11-04_22:11:52.914922
ED   15,0.00%,Mary-Ann E. Maloney,(Republican),79,AD 32,2025-11-04_22:11:52.914922
ED   15,0.00%,Mary-Ann E. Maloney,(Conservative),17,AD 32,2025-11-04_22:11:52.914922
ED   15,0.00%,WRITE-IN,&nbsp,2,AD 32,2025-11-04_22:11:52.914922
ED   16,0.00%,Gail A. Adams,(Democratic),66,AD 32,2025-11-04_22:11:52.914922
ED   16,0.00%,Fania Jean,(Democratic),51,AD 32,2025-11-04_22:11:52.914922
ED   16,0.00%,Mary-Ann E. Maloney,(Republican),7,AD 32,2025-11-04_22:11:52.914922
ED   16,0.00%,Mary-Ann E. Maloney,(Conservative),-,AD 32,2025-11-04_22:11:52.914922
ED   16,0.00%,WRITE-IN,&nbsp,-,AD 32,2025-11-04_22:11:52.914922
ED   17,0.00%,Gail A. Adams,(Democratic),282,AD 32,2025-11-04_22:11:52.914922
ED   17,0.00%,Fania Jean,(Democratic),246,AD 32,2025-11-04_22:11:52.914922
ED   17,0.00%,Mary-Ann E. Maloney,(Republican),36,AD 32,2025-11-04_22:11:52.914922
ED   17,0.00%,Mary-Ann E. Maloney,(Conservative),6,AD 32,2025-11-04_22:11:52.914922
ED   17,0.00%,WRITE-IN,&nbsp,3,AD 32,2025-11-04_22:11:52.914922
ED   18,0.00%,Gail A. Adams,(Democratic),100,AD 32,2025-11-04_22:11:52.914922
ED   18,0.00%,Fania Jean,(Democratic),79,AD 32,2025-11-04_22:11:52.914922
ED   18,0.00%,Mary-Ann E. Maloney,(Republican),14,AD 32,2025-11-04_22:11:52.914922
ED   18,0.00%,Mary-Ann E. Maloney,(Conservative),4,AD 32,2025-11-04_22:11:52.914922
ED   18,0.00%,WRITE-IN,&nbsp,-,AD 32,2025-11-04_22:11:52.914922
ED   19,0.00%,Gail A. Adams,(Democratic),270,AD 32,2025-11-04_22:11:52.914922
ED   19,0.00%,Fania Jean,(Democratic),219,AD 32,2025-11-04_22:11:52.914922
ED   19,0.00%,Mary-Ann E. Maloney,(Republican),29,AD 32,2025-11-04_22:11:52.914922
ED   19,0.00%,Mary-Ann E. Maloney,(Conservative),13,AD 32,2025-11-04_22:11:52.914922
ED   19,0.00%,WRITE-IN,&nbsp,-,AD 32,2025-11-04_22:11:52.914922
ED   20,0.00%,Gail A. Adams,(Democratic),234,AD 32,2025-11-04_22:11:52.914922
ED   20,0.00%,Fania Jean,(Democratic),208,AD 32,2025-11-04_22:11:52.914922
ED   20,0.00%,Mary-Ann E. Maloney,(Republican),36,AD 32,2025-11-04_22:11:52.914922
ED   20,0.00%,Mary-Ann E. Maloney,(Conservative),6,AD 32,2025-11-04_22:11:52.914922
ED   20,0.00%,WRITE-IN,&nbsp,1,AD 32,2025-11-04_22:11:52.914922
ED   21,0.00%,Gail A. Adams,(Democratic),292,AD 32,2025-11-04_22:11:52.914922
ED   21,0.00%,Fania Jean,(Democratic),256,AD 32,2025-11-04_22:11:52.914922
ED   21,0.00%,Mary-Ann E. Maloney,(Republican),29,AD 32,2025-11-04_22:11:52.914922
ED   21,0.00%,Mary-Ann E. Maloney,(Conservative),4,AD 32,2025-11-04_22:11:52.914922
ED   21,0.00%,WRITE-IN,&nbsp,1,AD 32,2025-11-04_22:11:52.914922
ED   22,0.00%,Gail A. Adams,(Democratic),372,AD 32,2025-11-04_22:11:52.914922
ED   22,0.00%,Fania Jean,(Democratic),286,AD 32,2025-11-04_22:11:52.914922
ED   22,0.00%,Mary-Ann E. Maloney,(Republican),48,AD 32,2025-11-04_22:11:52.914922
ED   22,0.00%,Mary-Ann E. Maloney,(Conservative),6,AD 32,2025-11-04_22:11:52.914922
ED   22,0.00%,WRITE-IN,&nbsp,2,AD 32,2025-11-04_22:11:52.914922
ED   23,0.00%,Gail A. Adams,(Democratic),285,AD 32,2025-11-04_22:11:52.914922
ED   23,0.00%,Fania Jean,(Democratic),219,AD 32,2025-11-04_22:11:52.914922
ED   23,0.00%,Mary-Ann E. Maloney,(Republican),33,AD 32,2025-11-04_22:11:52.914922
ED   23,0.00%,Mary-Ann E. Maloney,(Conservative),4,AD 32,2025-11-04_22:11:52.914922
ED   23,0.00%,WRITE-IN,&nbsp,-,AD 32,2025-11-04_22:11:52.914922
ED   24,0.00%,Gail A. Adams,(Democratic),222,AD 32,2025-11-04_22:11:52.914922
ED   24,0.00%,Fania Jean,(Democratic),179,AD 32,2025-11-04_22:11:52.914922
ED   24,0.00%,Mary-Ann E. Maloney,(Republican),16,AD 32,2025-11-04_22:11:52.914922
ED   24,0.00%,Mary-Ann E. Maloney,(Conservative),4,AD 32,2025-11-04_22:11:52.914922
ED   24,0.00%,WRITE-IN,&nbsp,2,AD 32,2025-11-04_22:11:52.914922
ED   25,0.00%,Gail A. Adams,(Democratic),258,AD 32,2025-11-04_22:11:52.914922
ED   25,0.00%,Fania Jean,(Democratic),198,AD 32,2025-11-04_22:11:52.914922
ED   25,0.00%,Mary-Ann E. Maloney,(Republican),23,AD 32,2025-11-04_22:11:52.914922
ED   25,0.00%,Mary-Ann E. Maloney,(Conservative),3,AD 32,2025-11-04_22:11:52.914922
ED   25,0.00%,WRITE-IN,&nbsp,-,AD 32,2025-11-04_22:11:52.914922
ED   26,0.00%,Gail A. Adams,(Democratic),295,AD 32,2025-11-04_22:11:52.914922
ED   26,0.00%,Fania Jean,(Democratic),226,AD 32,2025-11-04_22:11:52.914922
ED   26,0.00%,Mary-Ann E. Maloney,(Republican),29,AD 32,2025-11-04_22:11:52.914922
ED   26,0.00%,Mary-Ann E. Maloney,(Conservative),9,AD 32,2025-11-04_22:11:52.914922
ED   26,0.00%,WRITE-IN,&nbsp,2,AD 32,2025-11-04_22:11:52.914922
ED   27,0.00%,Gail A. Adams,(Democratic),306,AD 32,2025-11-04_22:11:52.914922
ED   27,0.00%,Fania Jean,(Democratic),229,AD 32,2025-11-04_22:11:52.914922
ED   27,0.00%,Mary-Ann E. Maloney,(Republican),27,AD 32,2025-11-04_22:11:52.914922
ED   27,0.00%,Mary-Ann E. Maloney,(Conservative),5,AD 32,2025-11-04_22:11:52.914922
ED   27,0.00%,WRITE-IN,&nbsp,-,AD 32,2025-11-04_22:11:52.914922
ED   28,0.00%,Gail A. Adams,(Democratic),281,AD 32,2025-11-04_22:11:52.914922
ED   28,0.00%,Fania Jean,(Democratic),214,AD 32,2025-11-04_22:11:52.914922
ED   28,0.00%,Mary-Ann E. Maloney,(Republican),21,AD 32,2025-11-04_22:11:52.914922
ED   28,0.00%,Mary-Ann E. Maloney,(Conservative),6,AD 32,2025-11-04_22:11:52.914922
ED   28,0.00%,WRITE-IN,&nbsp,1,AD 32,2025-11-04_22:11:52.914922
ED   29,0.00%,Gail A. Adams,(Democratic),146,AD 32,2025-11-04_22:11:52.914922
ED   29,0.00%,Fania Jean,(Democratic),99,AD 32,2025-11-04_22:11:52.914922
ED   29,0.00%,Mary-Ann E. Maloney,(Republican),6,AD 32,2025-11-04_22:11:52.914922
ED   29,0.00%,Mary-Ann E. Maloney,(Conservative),1,AD 32,2025-11-04_22:11:52.914922
ED   29,0.00%,WRITE-IN,&nbsp,-,AD 32,2025-11-04_22:11:52.914922
ED   30,0.00%,Gail A. Adams,(Democratic),253,AD 32,2025-11-04_22:11:52.914922
ED   30,0.00%,Fania Jean,(Democratic),209,AD 32,2025-11-04_22:11:52.914922
ED   30,0.00%,Mary-Ann E. Maloney,(Republican),25,AD 32,2025-11-04_22:11:52.914922
ED   30,0.00%,Mary-Ann E. Maloney,(Conservative),8,AD 32,2025-11-04_22:11:52.914922
ED   30,0.00%,WRITE-IN,&nbsp,2,AD 32,2025-11-04_22:11:52.914922
ED   31,0.00%,Gail A. Adams,(Democratic),249,AD 32,2025-11-04_22:11:52.914922
ED   31,0.00%,Fania Jean,(Democratic),182,AD 32,2025-11-04_22:11:52.914922
ED   31,0.00%,Mary-Ann E. Maloney,(Republican),23,AD 32,2025-11-04_22:11:52.914922
ED   31,0.00%,Mary-Ann E. Maloney,(Conservative),7,AD 32,2025-11-04_22:11:52.914922
ED   31,0.00%,WRITE-IN,&nbsp,4,AD 32,2025-11-04_22:11:52.914922
ED   32,0.00%,Gail A. Adams,(Democratic),325,AD 32,2025-11-04_22:11:52.914922
ED   32,0.00%,Fania Jean,(Democratic),246,AD 32,2025-11-04_22:11:52.914922
ED   32,0.00%,Mary-Ann E. Maloney,(Republican),31,AD 32,2025-11-04_22:11:52.914922
ED   32,0.00%,Mary-Ann E. Maloney,(Conservative),15,AD 32,2025-11-04_22:11:52.914922
ED   32,0.00%,WRITE-IN,&nbsp,-,AD 32,2025-11-04_22:11:52.914922
ED   33,0.00%,Gail A. Adams,(Democratic),99,AD 32,2025-11-04_22:11:52.914922
ED   33,0.00%,Fania Jean,(Democratic),73,AD 32,2025-11-04_22:11:52.914922
ED   33,0.00%,Mary-Ann E. Maloney,(Republican),6,AD 32,2025-11-04_22:11:52.914922
ED   33,0.00%,Mary-Ann E. Maloney,(Conservative),6,AD 32,2025-11-04_22:11:52.914922
ED   33,0.00%,WRITE-IN,&nbsp,-,AD 32,2025-11-04_22:11:52.914922
ED   34,0.00%,Gail A. Adams,(Democratic),395,AD 32,2025-11-04_22:11:52.914922
ED   34,0.00%,Fania Jean,(Democratic),326,AD 32,2025-11-04_22:11:52.914922
ED   34,0.00%,Mary-Ann E. Maloney,(Republican),22,AD 32,2025-11-04_22:11:52.914922
ED   34,0.00%,Mary-Ann E. Maloney,(Conservative),5,AD 32,2025-11-04_22:11:52.914922
ED   34,0.00%,WRITE-IN,&nbsp,-,AD 32,2025-11-04_22:11:52.914922
ED   35,0.00%,Gail A. Adams,(Democratic),165,AD 32,2025-11-04_22:11:52.914922
ED   35,0.00%,Fania Jean,(Democratic),143,AD 32,2025-11-04_22:11:52.914922
ED   35,0.00%,Mary-Ann E. Maloney,(Republican),9,AD 32,2025-11-04_22:11:52.914922
ED   35,0.00%,Mary-Ann E. Maloney,(Conservative),5,AD 32,2025-11-04_22:11:52.914922
ED   35,0.00%,WRITE-IN,&nbsp,-,AD 32,2025-11-04_22:11:52.914922
ED   36,0.00%,Gail A. Adams,(Democratic),219,AD 32,2025-11-04_22:11:52.914922
ED   36,0.00%,Fania Jean,(Democratic),152,AD 32,2025-11-04_22:11:52.914922
ED   36,0.00%,Mary-Ann E. Maloney,(Republican),22,AD 32,2025-11-04_22:11:52.914922
ED   36,0.00%,Mary-Ann E. Maloney,(Conservative),4,AD 32,2025-11-04_22:11:52.914922
ED   36,0.00%,WRITE-IN,&nbsp,1,AD 32,2025-11-04_22:11:52.914922
ED   37,0.00%,Gail A. Adams,(Democratic),376,AD 32,2025-11-04_22:11:52.914922
ED   37,0.00%,Fania Jean,(Democratic),325,AD 32,2025-11-04_22:11:52.914922
ED   37,0.00%,Mary-Ann E. Maloney,(Republican),32,AD 32,2025-11-04_22:11:52.914922
ED   37,0.00%,Mary-Ann E. Maloney,(Conservative),9,AD 32,2025-11-04_22:11:52.914922
ED   37,0.00%,WRITE-IN,&nbsp,2,AD 32,2025-11-04_22:11:52.914922
ED   38,0.00%,Gail A. Adams,(Democratic),333,AD 32,2025-11-04_22:11:52.914922
ED   38,0.00%,Fania Jean,(Democratic),275,AD 32,2025-11-04_22:11:52.914922
ED   38,0.00%,Mary-Ann E. Maloney,(Republican),29,AD 32,2025-11-04_22:11:52.914922
ED   38,0.00%,Mary-Ann E. Maloney,(Conservative),7,AD 32,2025-11-04_22:11:52.914922
ED   38,0.00%,WRITE-IN,&nbsp,2,AD 32,2025-11-04_22:11:52.914922
ED   39,0.00%,Gail A. Adams,(Democratic),271,AD 32,2025-11-04_22:11:52.914922
ED   39,0.00%,Fania Jean,(Democratic),202,AD 32,2025-11-04_22:11:52.914922
ED   39,0.00%,Mary-Ann E. Maloney,(Republican),35,AD 32,2025-11-04_22:11:52.914922
ED   39,0.00%,Mary-Ann E. Maloney,(Conservative),9,AD 32,2025-11-04_22:11:52.914922
ED   39,0.00%,WRITE-IN,&nbsp,3,AD 32,2025-11-04_22:11:52.914922
ED   40,0.00%,Gail A. Adams,(Democratic),274,AD 32,2025-11-04_22:11:52.914922
ED   40,0.00%,Fania Jean,(Democratic),208,AD 32,2025-11-04_22:11:52.914922
ED   40,0.00%,Mary-Ann E. Maloney,(Republican),18,AD 32,2025-11-04_22:11:52.914922
ED   40,0.00%,Mary-Ann E. Maloney,(Conservative),6,AD 32,2025-11-04_22:11:52.914922
ED   40,0.00%,WRITE-IN,&nbsp,2,AD 32,2025-11-04_22:11:52.914922
ED   41,0.00%,Gail A. Adams,(Democratic),175,AD 32,2025-11-04_22:11:52.914922
ED   41,0.00%,Fania Jean,(Democratic),131,AD 32,2025-11-04_22:11:52.914922
ED   41,0.00%,Mary-Ann E. Maloney,(Republican),22,AD 32,2025-11-04_22:11:52.914922
ED   41,0.00%,Mary-Ann E. Maloney,(Conservative),10,AD 32,2025-11-04_22:11:52.914922
ED   41,0.00%,WRITE-IN,&nbsp,2,AD 32,2025-11-04_22:11:52.914922
ED   42,0.00%,Gail A. Adams,(Democratic),305,AD 32,2025-11-04_22:11:52.914922
ED   42,0.00%,Fania Jean,(Democratic),258,AD 32,2025-11-04_22:11:52.914922
ED   42,0.00%,Mary-Ann E. Maloney,(Republican),19,AD 32,2025-11-04_22:11:52.914922
ED   42,0.00%,Mary-Ann E. Maloney,(Conservative),4,AD 32,2025-11-04_22:11:52.914922
ED   42,0.00%,WRITE-IN,&nbsp,1,AD 32,2025-11-04_22:11:52.914922
ED   43,0.00%,Gail A. Adams,(Democratic),377,AD 32,2025-11-04_22:11:52.914922
ED   43,0.00%,Fania Jean,(Democratic),299,AD 32,2025-11-04_22:11:52.914922
ED   43,0.00%,Mary-Ann E. Maloney,(Republican),37,AD 32,2025-11-04_22:11:52.914922
ED   43,0.00%,Mary-Ann E. Maloney,(Conservative),6,AD 32,2025-11-04_22:11:52.914922
ED   43,0.00%,WRITE-IN,&nbsp,4,AD 32,2025-11-04_22:11:52.914922
ED   44,0.00%,Gail A. Adams,(Democratic),197,AD 32,2025-11-04_22:11:52.914922
ED   44,0.00%,Fania Jean,(Democratic),151,AD 32,2025-11-04_22:11:52.914922
ED   44,0.00%,Mary-Ann E. Maloney,(Republican),9,AD 32,2025-11-04_22:11:52.914922
ED   44,0.00%,Mary-Ann E. Maloney,(Conservative),2,AD 32,2025-11-04_22:11:52.914922
ED   44,0.00%,WRITE-IN,&nbsp,-,AD 32,2025-11-04_22:11:52.914922
ED   45,0.00%,Gail A. Adams,(Democratic),236,AD 32,2025-11-04_22:11:52.914922
ED   45,0.00%,Fania Jean,(Democratic),212,AD 32,2025-11-04_22:11:52.914922
ED   45,0.00%,Mary-Ann E. Maloney,(Republican),22,AD 32,2025-11-04_22:11:52.914922
ED   45,0.00%,Mary-Ann E. Maloney,(Conservative),7,AD 32,2025-11-04_22:11:52.914922
ED   45,0.00%,WRITE-IN,&nbsp,1,AD 32,2025-11-04_22:11:52.914922
ED   46,0.00%,Gail A. Adams,(Democratic),288,AD 32,2025-11-04_22:11:52.914922
ED   46,0.00%,Fania Jean,(Democratic),234,AD 32,2025-11-04_22:11:52.914922
ED   46,0.00%,Mary-Ann E. Maloney,(Republican),17,AD 32,2025-11-04_22:11:52.914922
ED   46,0.00%,Mary-Ann E. Maloney,(Conservative),5,AD 32,2025-11-04_22:11:52.914922
ED   46,0.00%,WRITE-IN,&nbsp,-,AD 32,2025-11-04_22:11:52.914922
ED   47,0.00%,Gail A. Adams,(Democratic),293,AD 32,2025-11-04_22:11:52.914922
ED   47,0.00%,Fania Jean,(Democratic),243,AD 32,2025-11-04_22:11:52.914922
ED   47,0.00%,Mary-Ann E. Maloney,(Republican),7,AD 32,2025-11-04_22:11:52.914922
ED   47,0.00%,Mary-Ann E. Maloney,(Conservative),6,AD 32,2025-11-04_22:11:52.914922
ED   47,0.00%,WRITE-IN,&nbsp,1,AD 32,2025-11-04_22:11:52.914922
ED   48,0.00%,Gail A. Adams,(Democratic),371,AD 32,2025-11-04_22:11:52.914922
ED   48,0.00%,Fania Jean,(Democratic),304,AD 32,2025-11-04_22:11:52.914922
ED   48,0.00%,Mary-Ann E. Maloney,(Republican),18,AD 32,2025-11-04_22:11:52.914922
ED   48,0.00%,Mary-Ann E. Maloney,(Conservative),10,AD 32,2025-11-04_22:11:52.914922
ED   48,0.00%,WRITE-IN,&nbsp,-,AD 32,2025-11-04_22:11:52.914922
ED   49,0.00%,Gail A. Adams,(Democratic),247,AD 32,2025-11-04_22:11:52.914922
ED   49,0.00%,Fania Jean,(Democratic),199,AD 32,2025-11-04_22:11:52.914922
ED   49,0.00%,Mary-Ann E. Maloney,(Republican),14,AD 32,2025-11-04_22:11:52.914922
ED   49,0.00%,Mary-Ann E. Maloney,(Conservative),5,AD 32,2025-11-04_22:11:52.914922
ED   49,0.00%,WRITE-IN,&nbsp,1,AD 32,2025-11-04_22:11:52.914922
ED   50,0.00%,Gail A. Adams,(Democratic),429,AD 32,2025-11-04_22:11:52.914922
ED   50,0.00%,Fania Jean,(Democratic),363,AD 32,2025-11-04_22:11:52.914922
ED   50,0.00%,Mary-Ann E. Maloney,(Republican),31,AD 32,2025-11-04_22:11:52.914922
ED   50,0.00%,Mary-Ann E. Maloney,(Conservative),7,AD 32,2025-11-04_22:11:52.914922
ED   50,0.00%,WRITE-IN,&nbsp,-,AD 32,2025-11-04_22:11:52.914922
ED   51,0.00%,Gail A. Adams,(Democratic),415,AD 32,2025-11-04_22:11:52.914922
ED   51,0.00%,Fania Jean,(Democratic),339,AD 32,2025-11-04_22:11:52.914922
ED   51,0.00%,Mary-Ann E. Maloney,(Republican),24,AD 32,2025-11-04_22:11:52.914922
ED   51,0.00%,Mary-Ann E. Maloney,(Conservative),16,AD 32,2025-11-04_22:11:52.914922
ED   51,0.00%,WRITE-IN,&nbsp,-,AD 32,2025-11-04_22:11:52.914922
ED   53,0.00%,Gail A. Adams,(Democratic),519,AD 32,2025-11-04_22:11:52.914922
ED   53,0.00%,Fania Jean,(Democratic),374,AD 32,2025-11-04_22:11:52.914922
ED   53,0.00%,Mary-Ann E. Maloney,(Republican),15,AD 32,2025-11-04_22:11:52.914922
ED   53,0.00%,Mary-Ann E. Maloney,(Conservative),11,AD 32,2025-11-04_22:11:52.914922
ED   53,0.00%,WRITE-IN,&nbsp,6,AD 32,2025-11-04_22:11:52.914922
ED   54,0.00%,Gail A. Adams,(Democratic),505,AD 32,2025-11-04_22:11:52.914922
ED   54,0.00%,Fania Jean,(Democratic),351,AD 32,2025-11-04_22:11:52.914922
ED   54,0.00%,Mary-Ann E. Maloney,(Republican),18,AD 32,2025-11-04_22:11:52.914922
ED   54,0.00%,Mary-Ann E. Maloney,(Conservative),13,AD 32,2025-11-04_22:11:52.914922
ED   54,0.00%,WRITE-IN,&nbsp,2,AD 32,2025-11-04_22:11:52.914922
ED   55,0.00%,Gail A. Adams,(Democratic),292,AD 32,2025-11-04_22:11:52.914922
ED   55,0.00%,Fania Jean,(Democratic),215,AD 32,2025-11-04_22:11:52.914922
ED   55,0.00%,Mary-Ann E. Maloney,(Republican),9,AD 32,2025-11-04_22:11:52.914922
ED   55,0.00%,Mary-Ann E. Maloney,(Conservative),3,AD 32,2025-11-04_22:11:52.914922
ED   55,0.00%,WRITE-IN,&nbsp,2,AD 32,2025-11-04_22:11:52.914922
ED   56,0.00%,Gail A. Adams,(Democratic),296,AD 32,2025-11-04_22:11:52.914922
ED   56,0.00%,Fania Jean,(Democratic),214,AD 32,2025-11-04_22:11:52.914922
ED   56,0.00%,Mary-Ann E. Maloney,(Republican),11,AD 32,2025-11-04_22:11:52.914922
ED   56,0.00%,Mary-Ann E. Maloney,(Conservative),5,AD 32,2025-11-04_22:11:52.914922
ED   56,0.00%,WRITE-IN,&nbsp,-,AD 32,2025-11-04_22:11:52.914922
ED   57,0.00%,Gail A. Adams,(Democratic),309,AD 32,2025-11-04_22:11:52.914922
ED   57,0.00%,Fania Jean,(Democratic),216,AD 32,2025-11-04_22:11:52.914922
ED   57,0.00%,Mary-Ann E. Maloney,(Republican),6,AD 32,2025-11-04_22:11:52.914922
ED   57,0.00%,Mary-Ann E. Maloney,(Conservative),5,AD 32,2025-11-04_22:11:52.914922
ED   57,0.00%,WRITE-IN,&nbsp,-,AD 32,2025-11-04_22:11:52.914922
ED   58,0.00%,Gail A. Adams,(Democratic),288,AD 32,2025-11-04_22:11:52.914922
ED   58,0.00%,Fania Jean,(Democratic),210,AD 32,2025-11-04_22:11:52.914922
ED   58,0.00%,Mary-Ann E. Maloney,(Republican),11,AD 32,2025-11-04_22:11:52.914922
ED   58,0.00%,Mary-Ann E. Maloney,(Conservative),1,AD 32,2025-11-04_22:11:52.914922
ED   58,0.00%,WRITE-IN,&nbsp,-,AD 32,2025-11-04_22:11:52.914922
ED   59,0.00%,Gail A. Adams,(Democratic),305,AD 32,2025-11-04_22:11:52.914922
ED   59,0.00%,Fania Jean,(Democratic),235,AD 32,2025-11-04_22:11:52.914922
ED   59,0.00%,Mary-Ann E. Maloney,(Republican),12,AD 32,2025-11-04_22:11:52.914922
ED   59,0.00%,Mary-Ann E. Maloney,(Conservative),3,AD 32,2025-11-04_22:11:52.914922
ED   59,0.00%,WRITE-IN,&nbsp,-,AD 32,2025-11-04_22:11:52.914922
ED   60,0.00%,Gail A. Adams,(Democratic),350,AD 32,2025-11-04_22:11:52.914922
ED   60,0.00%,Fania Jean,(Democratic),260,AD 32,2025-11-04_22:11:52.914922
ED   60,0.00%,Mary-Ann E. Maloney,(Republican),9,AD 32,2025-11-04_22:11:52.914922
ED   60,0.00%,Mary-Ann E. Maloney,(Conservative),8,AD 32,2025-11-04_22:11:52.914922
ED   60,0.00%,WRITE-IN,&nbsp,-,AD 32,2025-11-04_22:11:52.914922
ED   61,0.00%,Gail A. Adams,(Democratic),343,AD 32,2025-11-04_22:11:52.914922
ED   61,0.00%,Fania Jean,(Democratic),237,AD 32,2025-11-04_22:11:52.914922
ED   61,0.00%,Mary-Ann E. Maloney,(Republican),14,AD 32,2025-11-04_22:11:52.914922
ED   61,0.00%,Mary-Ann E. Maloney,(Conservative),9,AD 32,2025-11-04_22:11:52.914922
ED   61,0.00%,WRITE-IN,&nbsp,2,AD 32,2025-11-04_22:11:52.914922
ED   62,0.00%,Gail A. Adams,(Democratic),257,AD 32,2025-11-04_22:11:52.914922
ED   62,0.00%,Fania Jean,(Democratic),199,AD 32,2025-11-04_22:11:52.914922
ED   62,0.00%,Mary-Ann E. Maloney,(Republican),10,AD 32,2025-11-04_22:11:52.914922
ED   62,0.00%,Mary-Ann E. Maloney,(Conservative),4,AD 32,2025-11-04_22:11:52.914922
ED   62,0.00%,WRITE-IN,&nbsp,-,AD 32,2025-11-04_22:11:52.914922
ED   63,0.00%,Gail A. Adams,(Democratic),247,AD 32,2025-11-04_22:11:52.914922
ED   63,0.00%,Fania Jean,(Democratic),177,AD 32,2025-11-04_22:11:52.914922
ED   63,0.00%,Mary-Ann E. Maloney,(Republican),13,AD 32,2025-11-04_22:11:52.914922
ED   63,0.00%,Mary-Ann E. Maloney,(Conservative),1,AD 32,2025-11-04_22:11:52.914922
ED   63,0.00%,WRITE-IN,&nbsp,-,AD 32,2025-11-04_22:11:52.914922
ED   64,0.00%,Gail A. Adams,(Democratic),269,AD 32,2025-11-04_22:11:52.914922
ED   64,0.00%,Fania Jean,(Democratic),209,AD 32,2025-11-04_22:11:52.914922
ED   64,0.00%,Mary-Ann E. Maloney,(Republican),14,AD 32,2025-11-04_22:11:52.914922
ED   64,0.00%,Mary-Ann E. Maloney,(Conservative),3,AD 32,2025-11-04_22:11:52.914922
ED   64,0.00%,WRITE-IN,&nbsp,-,AD 32,2025-11-04_22:11:52.914922
ED   65,0.00%,Gail A. Adams,(Democratic),317,AD 32,2025-11-04_22:11:52.914922
ED   65,0.00%,Fania Jean,(Democratic),253,AD 32,2025-11-04_22:11:52.914922
ED   65,0.00%,Mary-Ann E. Maloney,(Republican),16,AD 32,2025-11-04_22:11:52.914922
ED   65,0.00%,Mary-Ann E. Maloney,(Conservative),7,AD 32,2025-11-04_22:11:52.914922
ED   65,0.00%,WRITE-IN,&nbsp,-,AD 32,2025-11-04_22:11:52.914922
ED   68,0.00%,Gail A. Adams,(Democratic),-,AD 32,2025-11-04_22:11:52.914922
ED   68,0.00%,Fania Jean,(Democratic),-,AD 32,2025-11-04_22:11:52.914922
ED   68,0.00%,Mary-Ann E. Maloney,(Republican),-,AD 32,2025-11-04_22:11:52.914922
ED   68,0.00%,Mary-Ann E. Maloney,(Conservative),-,AD 32,2025-11-04_22:11:52.914922
ED   68,0.00%,WRITE-IN,&nbsp,-,AD 32,2025-11-04_22:11:52.914922
Total,,Gail A. Adams,(Democratic),16880,AD 32,2025-11-04_22:11:52.914922
Total,,Fania Jean,(Democratic),13402,AD 32,2025-11-04_22:11:52.914922
Total,,Mary-Ann E. Maloney,(Republican),1509,AD 32,2025-11-04_22:11:52.914922
Total,,Mary-Ann E. Maloney,(Conservative),387,AD 32,2025-11-04_22:11:52.914922
Total,,WRITE-IN,&nbsp,71,AD 32,2025-11-04_22:11:52.914922
ED    1,0.00%,Gail A. Adams,(Democratic),402,AD 33,2025-11-04_22:11:52.914922
ED    1,0.00%,Fania Jean,(Democratic),359,AD 33,2025-11-04_22:11:52.914922
ED    1,0.00%,Mary-Ann E. Maloney,(Republican),266,AD 33,2025-11-04_22:11:52.914922
ED    1,0.00%,Mary-Ann E. Maloney,(Conservative),23,AD 33,2025-11-04_22:11:52.914922
ED    1,0.00%,WRITE-IN,&nbsp,10,AD 33,2025-11-04_22:11:52.914922
ED    2,0.00%,Gail A. Adams,(Democratic),419,AD 33,2025-11-04_22:11:52.914922
ED    2,0.00%,Fania Jean,(Democratic),384,AD 33,2025-11-04_22:11:52.914922
ED    2,0.00%,Mary-Ann E. Maloney,(Republican),248,AD 33,2025-11-04_22:11:52.914922
ED    2,0.00%,Mary-Ann E. Maloney,(Conservative),34,AD 33,2025-11-04_22:11:52.914922
ED    2,0.00%,WRITE-IN,&nbsp,9,AD 33,2025-11-04_22:11:52.914922
ED    3,0.00%,Gail A. Adams,(Democratic),456,AD 33,2025-11-04_22:11:52.914922
ED    3,0.00%,Fania Jean,(Democratic),412,AD 33,2025-11-04_22:11:52.914922
ED    3,0.00%,Mary-Ann E. Maloney,(Republican),206,AD 33,2025-11-04_22:11:52.914922
ED    3,0.00%,Mary-Ann E. Maloney,(Conservative),20,AD 33,2025-11-04_22:11:52.914922
ED    3,0.00%,WRITE-IN,&nbsp,1,AD 33,2025-11-04_22:11:52.914922
ED    4,0.00%,Gail A. Adams,(Democratic),338,AD 33,2025-11-04_22:11:52.914922
ED    4,0.00%,Fania Jean,(Democratic),313,AD 33,2025-11-04_22:11:52.914922
ED    4,0.00%,Mary-Ann E. Maloney,(Republican),248,AD 33,2025-11-04_22:11:52.914922
ED    4,0.00%,Mary-Ann E. Maloney,(Conservative),39,AD 33,2025-11-04_22:11:52.914922
ED    4,0.00%,WRITE-IN,&nbsp,3,AD 33,2025-11-04_22:11:52.914922
ED    5,0.00%,Gail A. Adams,(Democratic),353,AD 33,2025-11-04_22:11:52.914922
ED    5,0.00%,Fania Jean,(Democratic),310,AD 33,2025-11-04_22:11:52.914922
ED    5,0.00%,Mary-Ann E. Maloney,(Republican),145,AD 33,2025-11-04_22:11:52.914922
ED    5,0.00%,Mary-Ann E. Maloney,(Conservative),26,AD 33,2025-11-04_22:11:52.914922
ED    5,0.00%,WRITE-IN,&nbsp,-,AD 33,2025-11-04_22:11:52.914922
ED    6,0.00%,Gail A. Adams,(Democratic),418,AD 33,2025-11-04_22:11:52.914922
ED    6,0.00%,Fania Jean,(Democratic),380,AD 33,2025-11-04_22:11:52.914922
ED    6,0.00%,Mary-Ann E. Maloney,(Republican),299,AD 33,2025-11-04_22:11:52.914922
ED    6,0.00%,Mary-Ann E. Maloney,(Conservative),39,AD 33,2025-11-04_22:11:52.914922
ED    6,0.00%,WRITE-IN,&nbsp,2,AD 33,2025-11-04_22:11:52.914922
ED    7,0.00%,Gail A. Adams,(Democratic),306,AD 33,2025-11-04_22:11:52.914922
ED    7,0.00%,Fania Jean,(Democratic),268,AD 33,2025-11-04_22:11:52.914922
ED    7,0.00%,Mary-Ann E. Maloney,(Republican),175,AD 33,2025-11-04_22:11:52.914922
ED    7,0.00%,Mary-Ann E. Maloney,(Conservative),26,AD 33,2025-11-04_22:11:52.914922
ED    7,0.00%,WRITE-IN,&nbsp,4,AD 33,2025-11-04_22:11:52.914922
ED    8,0.00%,Gail A. Adams,(Democratic),416,AD 33,2025-11-04_22:11:52.914922
ED    8,0.00%,Fania Jean,(Democratic),361,AD 33,2025-11-04_22:11:52.914922
ED    8,0.00%,Mary-Ann E. Maloney,(Republican),197,AD 33,2025-11-04_22:11:52.914922
ED    8,0.00%,Mary-Ann E. Maloney,(Conservative),28,AD 33,2025-11-04_22:11:52.914922
ED    8,0.00%,WRITE-IN,&nbsp,1,AD 33,2025-11-04_22:11:52.914922
ED    9,0.00%,Gail A. Adams,(Democratic),379,AD 33,2025-11-04_22:11:52.914922
ED    9,0.00%,Fania Jean,(Democratic),324,AD 33,2025-11-04_22:11:52.914922
ED    9,0.00%,Mary-Ann E. Maloney,(Republican),172,AD 33,2025-11-04_22:11:52.914922
ED    9,0.00%,Mary-Ann E. Maloney,(Conservative),22,AD 33,2025-11-04_22:11:52.914922
ED    9,0.00%,WRITE-IN,&nbsp,1,AD 33,2025-11-04_22:11:52.914922
ED   10,0.00%,Gail A. Adams,(Democratic),260,AD 33,2025-11-04_22:11:52.914922
ED   10,0.00%,Fania Jean,(Democratic),232,AD 33,2025-11-04_22:11:52.914922
ED   10,0.00%,Mary-Ann E. Maloney,(Republican),87,AD 33,2025-11-04_22:11:52.914922
ED   10,0.00%,Mary-Ann E. Maloney,(Conservative),15,AD 33,2025-11-04_22:11:52.914922
ED   10,0.00%,WRITE-IN,&nbsp,4,AD 33,2025-11-04_22:11:52.914922
ED   11,0.00%,Gail A. Adams,(Democratic),240,AD 33,2025-11-04_22:11:52.914922
ED   11,0.00%,Fania Jean,(Democratic),221,AD 33,2025-11-04_22:11:52.914922
ED   11,0.00%,Mary-Ann E. Maloney,(Republican),93,AD 33,2025-11-04_22:11:52.914922
ED   11,0.00%,Mary-Ann E. Maloney,(Conservative),7,AD 33,2025-11-04_22:11:52.914922
ED   11,0.00%,WRITE-IN,&nbsp,2,AD 33,2025-11-04_22:11:52.914922
ED   12,0.00%,Gail A. Adams,(Democratic),289,AD 33,2025-11-04_22:11:52.914922
ED   12,0.00%,Fania Jean,(Democratic),256,AD 33,2025-11-04_22:11:52.914922
ED   12,0.00%,Mary-Ann E. Maloney,(Republican),101,AD 33,2025-11-04_22:11:52.914922
ED   12,0.00%,Mary-Ann E. Maloney,(Conservative),15,AD 33,2025-11-04_22:11:52.914922
ED   12,0.00%,WRITE-IN,&nbsp,-,AD 33,2025-11-04_22:11:52.914922
ED   13,0.00%,Gail A. Adams,(Democratic),53,AD 33,2025-11-04_22:11:52.914922
ED   13,0.00%,Fania Jean,(Democratic),48,AD 33,2025-11-04_22:11:52.914922
ED   13,0.00%,Mary-Ann E. Maloney,(Republican),13,AD 33,2025-11-04_22:11:52.914922
ED   13,0.00%,Mary-Ann E. Maloney,(Conservative),2,AD 33,2025-11-04_22:11:52.914922
ED   13,0.00%,WRITE-IN,&nbsp,-,AD 33,2025-11-04_22:11:52.914922
ED   14,0.00%,Gail A. Adams,(Democratic),245,AD 33,2025-11-04_22:11:52.914922
ED   14,0.00%,Fania Jean,(Democratic),212,AD 33,2025-11-04_22:11:52.914922
ED   14,0.00%,Mary-Ann E. Maloney,(Republican),84,AD 33,2025-11-04_22:11:52.914922
ED   14,0.00%,Mary-Ann E. Maloney,(Conservative),9,AD 33,2025-11-04_22:11:52.914922
ED   14,0.00%,WRITE-IN,&nbsp,1,AD 33,2025-11-04_22:11:52.914922
ED   15,0.00%,Gail A. Adams,(Democratic),240,AD 33,2025-11-04_22:11:52.914922
ED   15,0.00%,Fania Jean,(Democratic),224,AD 33,2025-11-04_22:11:52.914922
ED   15,0.00%,Mary-Ann E. Maloney,(Republican),49,AD 33,2025-11-04_22:11:52.914922
ED   15,0.00%,Mary-Ann E. Maloney,(Conservative),11,AD 33,2025-11-04_22:11:52.914922
ED   15,0.00%,WRITE-IN,&nbsp,2,AD 33,2025-11-04_22:11:52.914922
ED   16,0.00%,Gail A. Adams,(Democratic),361,AD 33,2025-11-04_22:11:52.914922
ED   16,0.00%,Fania Jean,(Democratic),342,AD 33,2025-11-04_22:11:52.914922
ED   16,0.00%,Mary-Ann E. Maloney,(Republican),120,AD 33,2025-11-04_22:11:52.914922
ED   16,0.00%,Mary-Ann E. Maloney,(Conservative),17,AD 33,2025-11-04_22:11:52.914922
ED   16,0.00%,WRITE-IN,&nbsp,4,AD 33,2025-11-04_22:11:52.914922
ED   17,0.00%,Gail A. Adams,(Democratic),424,AD 33,2025-11-04_22:11:52.914922
ED   17,0.00%,Fania Jean,(Democratic),376,AD 33,2025-11-04_22:11:52.914922
ED   17,0.00%,Mary-Ann E. Maloney,(Republican),133,AD 33,2025-11-04_22:11:52.914922
ED   17,0.00%,Mary-Ann E. Maloney,(Conservative),28,AD 33,2025-11-04_22:11:52.914922
ED   17,0.00%,WRITE-IN,&nbsp,4,AD 33,2025-11-04_22:11:52.914922
ED   18,0.00%,Gail A. Adams,(Democratic),304,AD 33,2025-11-04_22:11:52.914922
ED   18,0.00%,Fania Jean,(Democratic),272,AD 33,2025-11-04_22:11:52.914922
ED   18,0.00%,Mary-Ann E. Maloney,(Republican),73,AD 33,2025-11-04_22:11:52.914922
ED   18,0.00%,Mary-Ann E. Maloney,(Conservative),8,AD 33,2025-11-04_22:11:52.914922
ED   18,0.00%,WRITE-IN,&nbsp,1,AD 33,2025-11-04_22:11:52.914922
ED   19,0.00%,Gail A. Adams,(Democratic),280,AD 33,2025-11-04_22:11:52.914922
ED   19,0.00%,Fania Jean,(Democratic),232,AD 33,2025-11-04_22:11:52.914922
ED   19,0.00%,Mary-Ann E. Maloney,(Republican),70,AD 33,2025-11-04_22:11:52.914922
ED   19,0.00%,Mary-Ann E. Maloney,(Conservative),13,AD 33,2025-11-04_22:11:52.914922
ED   19,0.00%,WRITE-IN,&nbsp,-,AD 33,2025-11-04_22:11:52.914922
ED   20,0.00%,Gail A. Adams,(Democratic),393,AD 33,2025-11-04_22:11:52.914922
ED   20,0.00%,Fania Jean,(Democratic),322,AD 33,2025-11-04_22:11:52.914922
ED   20,0.00%,Mary-Ann E. Maloney,(Republican),88,AD 33,2025-11-04_22:11:52.914922
ED   20,0.00%,Mary-Ann E. Maloney,(Conservative),12,AD 33,2025-11-04_22:11:52.914922
ED   20,0.00%,WRITE-IN,&nbsp,-,AD 33,2025-11-04_22:11:52.914922
ED   21,0.00%,Gail A. Adams,(Democratic),448,AD 33,2025-11-04_22:11:52.914922
ED   21,0.00%,Fania Jean,(Democratic),417,AD 33,2025-11-04_22:11:52.914922
ED   21,0.00%,Mary-Ann E. Maloney,(Republican),110,AD 33,2025-11-04_22:11:52.914922
ED   21,0.00%,Mary-Ann E. Maloney,(Conservative),10,AD 33,2025-11-04_22:11:52.914922
ED   21,0.00%,WRITE-IN,&nbsp,2,AD 33,2025-11-04_22:11:52.914922
ED   22,0.00%,Gail A. Adams,(Democratic),174,AD 33,2025-11-04_22:11:52.914922
ED   22,0.00%,Fania Jean,(Democratic),159,AD 33,2025-11-04_22:11:52.914922
ED   22,0.00%,Mary-Ann E. Maloney,(Republican),28,AD 33,2025-11-04_22:11:52.914922
ED   22,0.00%,Mary-Ann E. Maloney,(Conservative),7,AD 33,2025-11-04_22:11:52.914922
ED   22,0.00%,WRITE-IN,&nbsp,-,AD 33,2025-11-04_22:11:52.914922
ED   23,0.00%,Gail A. Adams,(Democratic),444,AD 33,2025-11-04_22:11:52.914922
ED   23,0.00%,Fania Jean,(Democratic),389,AD 33,2025-11-04_22:11:52.914922
ED   23,0.00%,Mary-Ann E. Maloney,(Republican),76,AD 33,2025-11-04_22:11:52.914922
ED   23,0.00%,Mary-Ann E. Maloney,(Conservative),12,AD 33,2025-11-04_22:11:52.914922
ED   23,0.00%,WRITE-IN,&nbsp,2,AD 33,2025-11-04_22:11:52.914922
ED   24,0.00%,Gail A. Adams,(Democratic),67,AD 33,2025-11-04_22:11:52.914922
ED   24,0.00%,Fania Jean,(Democratic),61,AD 33,2025-11-04_22:11:52.914922
ED   24,0.00%,Mary-Ann E. Maloney,(Republican),15,AD 33,2025-11-04_22:11:52.914922
ED   24,0.00%,Mary-Ann E. Maloney,(Conservative),2,AD 33,2025-11-04_22:11:52.914922
ED   24,0.00%,WRITE-IN,&nbsp,1,AD 33,2025-11-04_22:11:52.914922
ED   25,0.00%,Gail A. Adams,(Democratic),214,AD 33,2025-11-04_22:11:52.914922
ED   25,0.00%,Fania Jean,(Democratic),194,AD 33,2025-11-04_22:11:52.914922
ED   25,0.00%,Mary-Ann E. Maloney,(Republican),41,AD 33,2025-11-04_22:11:52.914922
ED   25,0.00%,Mary-Ann E. Maloney,(Conservative),5,AD 33,2025-11-04_22:11:52.914922
ED   25,0.00%,WRITE-IN,&nbsp,1,AD 33,2025-11-04_22:11:52.914922
ED   26,0.00%,Gail A. Adams,(Democratic),44,AD 33,2025-11-04_22:11:52.914922
ED   26,0.00%,Fania Jean,(Democratic),46,AD 33,2025-11-04_22:11:52.914922
ED   26,0.00%,Mary-Ann E. Maloney,(Republican),17,AD 33,2025-11-04_22:11:52.914922
ED   26,0.00%,Mary-Ann E. Maloney,(Conservative),2,AD 33,2025-11-04_22:11:52.914922
ED   26,0.00%,WRITE-IN,&nbsp,-,AD 33,2025-11-04_22:11:52.914922
ED   27,0.00%,Gail A. Adams,(Democratic),339,AD 33,2025-11-04_22:11:52.914922
ED   27,0.00%,Fania Jean,(Democratic),289,AD 33,2025-11-04_22:11:52.914922
ED   27,0.00%,Mary-Ann E. Maloney,(Republican),42,AD 33,2025-11-04_22:11:52.914922
ED   27,0.00%,Mary-Ann E. Maloney,(Conservative),8,AD 33,2025-11-04_22:11:52.914922
ED   27,0.00%,WRITE-IN,&nbsp,1,AD 33,2025-11-04_22:11:52.914922
ED   28,0.00%,Gail A. Adams,(Democratic),150,AD 33,2025-11-04_22:11:52.914922
ED   28,0.00%,Fania Jean,(Democratic),140,AD 33,2025-11-04_22:11:52.914922
ED   28,0.00%,Mary-Ann E. Maloney,(Republican),20,AD 33,2025-11-04_22:11:52.914922
ED   28,0.00%,Mary-Ann E. Maloney,(Conservative),3,AD 33,2025-11-04_22:11:52.914922
ED   28,0.00%,WRITE-IN,&nbsp,4,AD 33,2025-11-04_22:11:52.914922
ED   29,0.00%,Gail A. Adams,(Democratic),411,AD 33,2025-11-04_22:11:52.914922
ED   29,0.00%,Fania Jean,(Democratic),337,AD 33,2025-11-04_22:11:52.914922
ED   29,0.00%,Mary-Ann E. Maloney,(Republican),53,AD 33,2025-11-04_22:11:52.914922
ED   29,0.00%,Mary-Ann E. Maloney,(Conservative),11,AD 33,2025-11-04_22:11:52.914922
ED   29,0.00%,WRITE-IN,&nbsp,4,AD 33,2025-11-04_22:11:52.914922
ED   30,0.00%,Gail A. Adams,(Democratic),397,AD 33,2025-11-04_22:11:52.914922
ED   30,0.00%,Fania Jean,(Democratic),340,AD 33,2025-11-04_22:11:52.914922
ED   30,0.00%,Mary-Ann E. Maloney,(Republican),27,AD 33,2025-11-04_22:11:52.914922
ED   30,0.00%,Mary-Ann E. Maloney,(Conservative),5,AD 33,2025-11-04_22:11:52.914922
ED   30,0.00%,WRITE-IN,&nbsp,3,AD 33,2025-11-04_22:11:52.914922
ED   31,0.00%,Gail A. Adams,(Democratic),390,AD 33,2025-11-04_22:11:52.914922
ED   31,0.00%,Fania Jean,(Democratic),321,AD 33,2025-11-04_22:11:52.914922
ED   31,0.00%,Mary-Ann E. Maloney,(Republican),24,AD 33,2025-11-04_22:11:52.914922
ED   31,0.00%,Mary-Ann E. Maloney,(Conservative),8,AD 33,2025-11-04_22:11:52.914922
ED   31,0.00%,WRITE-IN,&nbsp,-,AD 33,2025-11-04_22:11:52.914922
ED   32,0.00%,Gail A. Adams,(Democratic),529,AD 33,2025-11-04_22:11:52.914922
ED   32,0.00%,Fania Jean,(Democratic),433,AD 33,2025-11-04_22:11:52.914922
ED   32,0.00%,Mary-Ann E. Maloney,(Republican),33,AD 33,2025-11-04_22:11:52.914922
ED   32,0.00%,Mary-Ann E. Maloney,(Conservative),8,AD 33,2025-11-04_22:11:52.914922
ED   32,0.00%,WRITE-IN,&nbsp,3,AD 33,2025-11-04_22:11:52.914922
ED   33,0.00%,Gail A. Adams,(Democratic),300,AD 33,2025-11-04_22:11:52.914922
ED   33,0.00%,Fania Jean,(Democratic),248,AD 33,2025-11-04_22:11:52.914922
ED   33,0.00%,Mary-Ann E. Maloney,(Republican),22,AD 33,2025-11-04_22:11:52.914922
ED   33,0.00%,Mary-Ann E. Maloney,(Conservative),4,AD 33,2025-11-04_22:11:52.914922
ED   33,0.00%,WRITE-IN,&nbsp,4,AD 33,2025-11-04_22:11:52.914922
ED   34,0.00%,Gail A. Adams,(Democratic),447,AD 33,2025-11-04_22:11:52.914922
ED   34,0.00%,Fania Jean,(Democratic),365,AD 33,2025-11-04_22:11:52.914922
ED   34,0.00%,Mary-Ann E. Maloney,(Republican),17,AD 33,2025-11-04_22:11:52.914922
ED   34,0.00%,Mary-Ann E. Maloney,(Conservative),6,AD 33,2025-11-04_22:11:52.914922
ED   34,0.00%,WRITE-IN,&nbsp,1,AD 33,2025-11-04_22:11:52.914922
ED   35,0.00%,Gail A. Adams,(Democratic),557,AD 33,2025-11-04_22:11:52.914922
ED   35,0.00%,Fania Jean,(Democratic),438,AD 33,2025-11-04_22:11:52.914922
ED   35,0.00%,Mary-Ann E. Maloney,(Republican),25,AD 33,2025-11-04_22:11:52.914922
ED   35,0.00%,Mary-Ann E. Maloney,(Conservative),14,AD 33,2025-11-04_22:11:52.914922
ED   35,0.00%,WRITE-IN,&nbsp,1,AD 33,2025-11-04_22:11:52.914922
ED   36,0.00%,Gail A. Adams,(Democratic),540,AD 33,2025-11-04_22:11:52.914922
ED   36,0.00%,Fania Jean,(Democratic),461,AD 33,2025-11-04_22:11:52.914922
ED   36,0.00%,Mary-Ann E. Maloney,(Republican),20,AD 33,2025-11-04_22:11:52.914922
ED   36,0.00%,Mary-Ann E. Maloney,(Conservative),8,AD 33,2025-11-04_22:11:52.914922
ED   36,0.00%,WRITE-IN,&nbsp,4,AD 33,2025-11-04_22:11:52.914922
ED   37,0.00%,Gail A. Adams,(Democratic),482,AD 33,2025-11-04_22:11:52.914922
ED   37,0.00%,Fania Jean,(Democratic),417,AD 33,2025-11-04_22:11:52.914922
ED   37,0.00%,Mary-Ann E. Maloney,(Republican),29,AD 33,2025-11-04_22:11:52.914922
ED   37,0.00%,Mary-Ann E. Maloney,(Conservative),7,AD 33,2025-11-04_22:11:52.914922
ED   37,0.00%,WRITE-IN,&nbsp,-,AD 33,2025-11-04_22:11:52.914922
ED   38,0.00%,Gail A. Adams,(Democratic),435,AD 33,2025-11-04_22:11:52.914922
ED   38,0.00%,Fania Jean,(Democratic),367,AD 33,2025-11-04_22:11:52.914922
ED   38,0.00%,Mary-Ann E. Maloney,(Republican),22,AD 33,2025-11-04_22:11:52.914922
ED   38,0.00%,Mary-Ann E. Maloney,(Conservative),3,AD 33,2025-11-04_22:11:52.914922
ED   38,0.00%,WRITE-IN,&nbsp,-,AD 33,2025-11-04_22:11:52.914922
ED   39,0.00%,Gail A. Adams,(Democratic),351,AD 33,2025-11-04_22:11:52.914922
ED   39,0.00%,Fania Jean,(Democratic),301,AD 33,2025-11-04_22:11:52.914922
ED   39,0.00%,Mary-Ann E. Maloney,(Republican),18,AD 33,2025-11-04_22:11:52.914922
ED   39,0.00%,Mary-Ann E. Maloney,(Conservative),11,AD 33,2025-11-04_22:11:52.914922
ED   39,0.00%,WRITE-IN,&nbsp,-,AD 33,2025-11-04_22:11:52.914922
ED   40,0.00%,Gail A. Adams,(Democratic),298,AD 33,2025-11-04_22:11:52.914922
ED   40,0.00%,Fania Jean,(Democratic),244,AD 33,2025-11-04_22:11:52.914922
ED   40,0.00%,Mary-Ann E. Maloney,(Republican),22,AD 33,2025-11-04_22:11:52.914922
ED   40,0.00%,Mary-Ann E. Maloney,(Conservative),5,AD 33,2025-11-04_22:11:52.914922
ED   40,0.00%,WRITE-IN,&nbsp,-,AD 33,2025-11-04_22:11:52.914922
ED   41,0.00%,Gail A. Adams,(Democratic),260,AD 33,2025-11-04_22:11:52.914922
ED   41,0.00%,Fania Jean,(Democratic),224,AD 33,2025-11-04_22:11:52.914922
ED   41,0.00%,Mary-Ann E. Maloney,(Republican),11,AD 33,2025-11-04_22:11:52.914922
ED   41,0.00%,Mary-Ann E. Maloney,(Conservative),6,AD 33,2025-11-04_22:11:52.914922
ED   41,0.00%,WRITE-IN,&nbsp,2,AD 33,2025-11-04_22:11:52.914922
ED   42,0.00%,Gail A. Adams,(Democratic),368,AD 33,2025-11-04_22:11:52.914922
ED   42,0.00%,Fania Jean,(Democratic),298,AD 33,2025-11-04_22:11:52.914922
ED   42,0.00%,Mary-Ann E. Maloney,(Republican),15,AD 33,2025-11-04_22:11:52.914922
ED   42,0.00%,Mary-Ann E. Maloney,(Conservative),8,AD 33,2025-11-04_22:11:52.914922
ED   42,0.00%,WRITE-IN,&nbsp,-,AD 33,2025-11-04_22:11:52.914922
ED   43,0.00%,Gail A. Adams,(Democratic),208,AD 33,2025-11-04_22:11:52.914922
ED   43,0.00%,Fania Jean,(Democratic),162,AD 33,2025-11-04_22:11:52.914922
ED   43,0.00%,Mary-Ann E. Maloney,(Republican),7,AD 33,2025-11-04_22:11:52.914922
ED   43,0.00%,Mary-Ann E. Maloney,(Conservative),3,AD 33,2025-11-04_22:11:52.914922
ED   43,0.00%,WRITE-IN,&nbsp,-,AD 33,2025-11-04_22:11:52.914922
ED   44,0.00%,Gail A. Adams,(Democratic),457,AD 33,2025-11-04_22:11:52.914922
ED   44,0.00%,Fania Jean,(Democratic),375,AD 33,2025-11-04_22:11:52.914922
ED   44,0.00%,Mary-Ann E. Maloney,(Republican),21,AD 33,2025-11-04_22:11:52.914922
ED   44,0.00%,Mary-Ann E. Maloney,(Conservative),6,AD 33,2025-11-04_22:11:52.914922
ED   44,0.00%,WRITE-IN,&nbsp,-,AD 33,2025-11-04_22:11:52.914922
ED   45,0.00%,Gail A. Adams,(Democratic),381,AD 33,2025-11-04_22:11:52.914922
ED   45,0.00%,Fania Jean,(Democratic),334,AD 33,2025-11-04_22:11:52.914922
ED   45,0.00%,Mary-Ann E. Maloney,(Republican),17,AD 33,2025-11-04_22:11:52.914922
ED   45,0.00%,Mary-Ann E. Maloney,(Conservative),8,AD 33,2025-11-04_22:11:52.914922
ED   45,0.00%,WRITE-IN,&nbsp,3,AD 33,2025-11-04_22:11:52.914922
ED   46,0.00%,Gail A. Adams,(Democratic),399,AD 33,2025-11-04_22:11:52.914922
ED   46,0.00%,Fania Jean,(Democratic),334,AD 33,2025-11-04_22:11:52.914922
ED   46,0.00%,Mary-Ann E. Maloney,(Republican),21,AD 33,2025-11-04_22:11:52.914922
ED   46,0.00%,Mary-Ann E. Maloney,(Conservative),7,AD 33,2025-11-04_22:11:52.914922
ED   46,0.00%,WRITE-IN,&nbsp,1,AD 33,2025-11-04_22:11:52.914922
ED   47,0.00%,Gail A. Adams,(Democratic),391,AD 33,2025-11-04_22:11:52.914922
ED   47,0.00%,Fania Jean,(Democratic),310,AD 33,2025-11-04_22:11:52.914922
ED   47,0.00%,Mary-Ann E. Maloney,(Republican),19,AD 33,2025-11-04_22:11:52.914922
ED   47,0.00%,Mary-Ann E. Maloney,(Conservative),6,AD 33,2025-11-04_22:11:52.914922
ED   47,0.00%,WRITE-IN,&nbsp,-,AD 33,2025-11-04_22:11:52.914922
ED   48,0.00%,Gail A. Adams,(Democratic),403,AD 33,2025-11-04_22:11:52.914922
ED   48,0.00%,Fania Jean,(Democratic),363,AD 33,2025-11-04_22:11:52.914922
ED   48,0.00%,Mary-Ann E. Maloney,(Republican),23,AD 33,2025-11-04_22:11:52.914922
ED   48,0.00%,Mary-Ann E. Maloney,(Conservative),8,AD 33,2025-11-04_22:11:52.914922
ED   48,0.00%,WRITE-IN,&nbsp,-,AD 33,2025-11-04_22:11:52.914922
ED   49,0.00%,Gail A. Adams,(Democratic),182,AD 33,2025-11-04_22:11:52.914922
ED   49,0.00%,Fania Jean,(Democratic),156,AD 33,2025-11-04_22:11:52.914922
ED   49,0.00%,Mary-Ann E. Maloney,(Republican),14,AD 33,2025-11-04_22:11:52.914922
ED   49,0.00%,Mary-Ann E. Maloney,(Conservative),5,AD 33,2025-11-04_22:11:52.914922
ED   49,0.00%,WRITE-IN,&nbsp,-,AD 33,2025-11-04_22:11:52.914922
ED   50,0.00%,Gail A. Adams,(Democratic),426,AD 33,2025-11-04_22:11:52.914922
ED   50,0.00%,Fania Jean,(Democratic),329,AD 33,2025-11-04_22:11:52.914922
ED   50,0.00%,Mary-Ann E. Maloney,(Republican),28,AD 33,2025-11-04_22:11:52.914922
ED   50,0.00%,Mary-Ann E. Maloney,(Conservative),5,AD 33,2025-11-04_22:11:52.914922
ED   50,0.00%,WRITE-IN,&nbsp,7,AD 33,2025-11-04_22:11:52.914922
ED   51,0.00%,Gail A. Adams,(Democratic),508,AD 33,2025-11-04_22:11:52.914922
ED   51,0.00%,Fania Jean,(Democratic),426,AD 33,2025-11-04_22:11:52.914922
ED   51,0.00%,Mary-Ann E. Maloney,(Republican),38,AD 33,2025-11-04_22:11:52.914922
ED   51,0.00%,Mary-Ann E. Maloney,(Conservative),8,AD 33,2025-11-04_22:11:52.914922
ED   51,0.00%,WRITE-IN,&nbsp,1,AD 33,2025-11-04_22:11:52.914922
ED   52,0.00%,Gail A. Adams,(Democratic),473,AD 33,2025-11-04_22:11:52.914922
ED   52,0.00%,Fania Jean,(Democratic),375,AD 33,2025-11-04_22:11:52.914922
ED   52,0.00%,Mary-Ann E. Maloney,(Republican),30,AD 33,2025-11-04_22:11:52.914922
ED   52,0.00%,Mary-Ann E. Maloney,(Conservative),5,AD 33,2025-11-04_22:11:52.914922
ED   52,0.00%,WRITE-IN,&nbsp,5,AD 33,2025-11-04_22:11:52.914922
ED   53,0.00%,Gail A. Adams,(Democratic),308,AD 33,2025-11-04_22:11:52.914922
ED   53,0.00%,Fania Jean,(Democratic),250,AD 33,2025-11-04_22:11:52.914922
ED   53,0.00%,Mary-Ann E. Maloney,(Republican),16,AD 33,2025-11-04_22:11:52.914922
ED   53,0.00%,Mary-Ann E. Maloney,(Conservative),2,AD 33,2025-11-04_22:11:52.914922
ED   53,0.00%,WRITE-IN,&nbsp,1,AD 33,2025-11-04_22:11:52.914922
ED   54,0.00%,Gail A. Adams,(Democratic),319,AD 33,2025-11-04_22:11:52.914922
ED   54,0.00%,Fania Jean,(Democratic),289,AD 33,2025-11-04_22:11:52.914922
ED   54,0.00%,Mary-Ann E. Maloney,(Republican),20,AD 33,2025-11-04_22:11:52.914922
ED   54,0.00%,Mary-Ann E. Maloney,(Conservative),8,AD 33,2025-11-04_22:11:52.914922
ED   54,0.00%,WRITE-IN,&nbsp,1,AD 33,2025-11-04_22:11:52.914922
ED   55,0.00%,Gail A. Adams,(Democratic),257,AD 33,2025-11-04_22:11:52.914922
ED   55,0.00%,Fania Jean,(Democratic),205,AD 33,2025-11-04_22:11:52.914922
ED   55,0.00%,Mary-Ann E. Maloney,(Republican),21,AD 33,2025-11-04_22:11:52.914922
ED   55,0.00%,Mary-Ann E. Maloney,(Conservative),8,AD 33,2025-11-04_22:11:52.914922
ED   55,0.00%,WRITE-IN,&nbsp,-,AD 33,2025-11-04_22:11:52.914922
ED   56,0.00%,Gail A. Adams,(Democratic),474,AD 33,2025-11-04_22:11:52.914922
ED   56,0.00%,Fania Jean,(Democratic),368,AD 33,2025-11-04_22:11:52.914922
ED   56,0.00%,Mary-Ann E. Maloney,(Republican),20,AD 33,2025-11-04_22:11:52.914922
ED   56,0.00%,Mary-Ann E. Maloney,(Conservative),8,AD 33,2025-11-04_22:11:52.914922
ED   56,0.00%,WRITE-IN,&nbsp,3,AD 33,2025-11-04_22:11:52.914922
ED   57,0.00%,Gail A. Adams,(Democratic),335,AD 33,2025-11-04_22:11:52.914922
ED   57,0.00%,Fania Jean,(Democratic),261,AD 33,2025-11-04_22:11:52.914922
ED   57,0.00%,Mary-Ann E. Maloney,(Republican),18,AD 33,2025-11-04_22:11:52.914922
ED   57,0.00%,Mary-Ann E. Maloney,(Conservative),6,AD 33,2025-11-04_22:11:52.914922
ED   57,0.00%,WRITE-IN,&nbsp,-,AD 33,2025-11-04_22:11:52.914922
ED   58,0.00%,Gail A. Adams,(Democratic),349,AD 33,2025-11-04_22:11:52.914922
ED   58,0.00%,Fania Jean,(Democratic),313,AD 33,2025-11-04_22:11:52.914922
ED   58,0.00%,Mary-Ann E. Maloney,(Republican),48,AD 33,2025-11-04_22:11:52.914922
ED   58,0.00%,Mary-Ann E. Maloney,(Conservative),4,AD 33,2025-11-04_22:11:52.914922
ED   58,0.00%,WRITE-IN,&nbsp,1,AD 33,2025-11-04_22:11:52.914922
ED   59,0.00%,Gail A. Adams,(Democratic),237,AD 33,2025-11-04_22:11:52.914922
ED   59,0.00%,Fania Jean,(Democratic),191,AD 33,2025-11-04_22:11:52.914922
ED   59,0.00%,Mary-Ann E. Maloney,(Republican),26,AD 33,2025-11-04_22:11:52.914922
ED   59,0.00%,Mary-Ann E. Maloney,(Conservative),4,AD 33,2025-11-04_22:11:52.914922
ED   59,0.00%,WRITE-IN,&nbsp,1,AD 33,2025-11-04_22:11:52.914922
ED   60,0.00%,Gail A. Adams,(Democratic),313,AD 33,2025-11-04_22:11:52.914922
ED   60,0.00%,Fania Jean,(Democratic),266,AD 33,2025-11-04_22:11:52.914922
ED   60,0.00%,Mary-Ann E. Maloney,(Republican),21,AD 33,2025-11-04_22:11:52.914922
ED   60,0.00%,Mary-Ann E. Maloney,(Conservative),9,AD 33,2025-11-04_22:11:52.914922
ED   60,0.00%,WRITE-IN,&nbsp,1,AD 33,2025-11-04_22:11:52.914922
ED   61,0.00%,Gail A. Adams,(Democratic),371,AD 33,2025-11-04_22:11:52.914922
ED   61,0.00%,Fania Jean,(Democratic),316,AD 33,2025-11-04_22:11:52.914922
ED   61,0.00%,Mary-Ann E. Maloney,(Republican),30,AD 33,2025-11-04_22:11:52.914922
ED   61,0.00%,Mary-Ann E. Maloney,(Conservative),9,AD 33,2025-11-04_22:11:52.914922
ED   61,0.00%,WRITE-IN,&nbsp,-,AD 33,2025-11-04_22:11:52.914922
ED   62,0.00%,Gail A. Adams,(Democratic),207,AD 33,2025-11-04_22:11:52.914922
ED   62,0.00%,Fania Jean,(Democratic),189,AD 33,2025-11-04_22:11:52.914922
ED   62,0.00%,Mary-Ann E. Maloney,(Republican),10,AD 33,2025-11-04_22:11:52.914922
ED   62,0.00%,Mary-Ann E. Maloney,(Conservative),5,AD 33,2025-11-04_22:11:52.914922
ED   62,0.00%,WRITE-IN,&nbsp,-,AD 33,2025-11-04_22:11:52.914922
ED   63,0.00%,Gail A. Adams,(Democratic),237,AD 33,2025-11-04_22:11:52.914922
ED   63,0.00%,Fania Jean,(Democratic),207,AD 33,2025-11-04_22:11:52.914922
ED   63,0.00%,Mary-Ann E. Maloney,(Republican),24,AD 33,2025-11-04_22:11:52.914922
ED   63,0.00%,Mary-Ann E. Maloney,(Conservative),7,AD 33,2025-11-04_22:11:52.914922
ED   63,0.00%,WRITE-IN,&nbsp,-,AD 33,2025-11-04_22:11:52.914922
ED   64,0.00%,Gail A. Adams,(Democratic),341,AD 33,2025-11-04_22:11:52.914922
ED   64,0.00%,Fania Jean,(Democratic),277,AD 33,2025-11-04_22:11:52.914922
ED   64,0.00%,Mary-Ann E. Maloney,(Republican),23,AD 33,2025-11-04_22:11:52.914922
ED   64,0.00%,Mary-Ann E. Maloney,(Conservative),4,AD 33,2025-11-04_22:11:52.914922
ED   64,0.00%,WRITE-IN,&nbsp,1,AD 33,2025-11-04_22:11:52.914922
Total,,Gail A. Adams,(Democratic),21797,AD 33,2025-11-04_22:11:52.914922
Total,,Fania Jean,(Democratic),18633,AD 33,2025-11-04_22:11:52.914922
Total,,Mary-Ann E. Maloney,(Republican),4049,AD 33,2025-11-04_22:11:52.914922
Total,,Mary-Ann E. Maloney,(Conservative),682,AD 33,2025-11-04_22:11:52.914922
Total,,WRITE-IN,&nbsp,108,AD 33,2025-11-04_22:11:52.914922
ED   17,0.00%,Gail A. Adams,(Democratic),279,AD 38,2025-11-04_22:11:52.914922
ED   17,0.00%,Fania Jean,(Democratic),271,AD 38,2025-11-04_22:11:52.914922
ED   17,0.00%,Mary-Ann E. Maloney,(Republican),289,AD 38,2025-11-04_22:11:52.914922
ED   17,0.00%,Mary-Ann E. Maloney,(Conservative),21,AD 38,2025-11-04_22:11:52.914922
ED   17,0.00%,WRITE-IN,&nbsp,3,AD 38,2025-11-04_22:11:52.914922
ED   18,0.00%,Gail A. Adams,(Democratic),190,AD 38,2025-11-04_22:11:52.914922
ED   18,0.00%,Fania Jean,(Democratic),170,AD 38,2025-11-04_22:11:52.914922
ED   18,0.00%,Mary-Ann E. Maloney,(Republican),86,AD 38,2025-11-04_22:11:52.914922
ED   18,0.00%,Mary-Ann E. Maloney,(Conservative),14,AD 38,2025-11-04_22:11:52.914922
ED   18,0.00%,WRITE-IN,&nbsp,3,AD 38,2025-11-04_22:11:52.914922
ED   20,0.00%,Gail A. Adams,(Democratic),341,AD 38,2025-11-04_22:11:52.914922
ED   20,0.00%,Fania Jean,(Democratic),315,AD 38,2025-11-04_22:11:52.914922
ED   20,0.00%,Mary-Ann E. Maloney,(Republican),188,AD 38,2025-11-04_22:11:52.914922
ED   20,0.00%,Mary-Ann E. Maloney,(Conservative),33,AD 38,2025-11-04_22:11:52.914922
ED   20,0.00%,WRITE-IN,&nbsp,5,AD 38,2025-11-04_22:11:52.914922
ED   21,0.00%,Gail A. Adams,(Democratic),239,AD 38,2025-11-04_22:11:52.914922
ED   21,0.00%,Fania Jean,(Democratic),220,AD 38,2025-11-04_22:11:52.914922
ED   21,0.00%,Mary-Ann E. Maloney,(Republican),114,AD 38,2025-11-04_22:11:52.914922
ED   21,0.00%,Mary-Ann E. Maloney,(Conservative),17,AD 38,2025-11-04_22:11:52.914922
ED   21,0.00%,WRITE-IN,&nbsp,8,AD 38,2025-11-04_22:11:52.914922
ED   22,0.00%,Gail A. Adams,(Democratic),57,AD 38,2025-11-04_22:11:52.914922
ED   22,0.00%,Fania Jean,(Democratic),49,AD 38,2025-11-04_22:11:52.914922
ED   22,0.00%,Mary-Ann E. Maloney,(Republican),33,AD 38,2025-11-04_22:11:52.914922
ED   22,0.00%,Mary-Ann E. Maloney,(Conservative),3,AD 38,2025-11-04_22:11:52.914922
ED   22,0.00%,WRITE-IN,&nbsp,2,AD 38,2025-11-04_22:11:52.914922
ED   23,0.00%,Gail A. Adams,(Democratic),166,AD 38,2025-11-04_22:11:52.914922
ED   23,0.00%,Fania Jean,(Democratic),156,AD 38,2025-11-04_22:11:52.914922
ED   23,0.00%,Mary-Ann E. Maloney,(Republican),60,AD 38,2025-11-04_22:11:52.914922
ED   23,0.00%,Mary-Ann E. Maloney,(Conservative),12,AD 38,2025-11-04_22:11:52.914922
ED   23,0.00%,WRITE-IN,&nbsp,4,AD 38,2025-11-04_22:11:52.914922
ED   24,0.00%,Gail A. Adams,(Democratic),238,AD 38,2025-11-04_22:11:52.914922
ED   24,0.00%,Fania Jean,(Democratic),215,AD 38,2025-11-04_22:11:52.914922
ED   24,0.00%,Mary-Ann E. Maloney,(Republican),139,AD 38,2025-11-04_22:11:52.914922
ED   24,0.00%,Mary-Ann E. Maloney,(Conservative),13,AD 38,2025-11-04_22:11:52.914922
ED   24,0.00%,WRITE-IN,&nbsp,2,AD 38,2025-11-04_22:11:52.914922
ED   25,0.00%,Gail A. Adams,(Democratic),132,AD 38,2025-11-04_22:11:52.914922
ED   25,0.00%,Fania Jean,(Democratic),108,AD 38,2025-11-04_22:11:52.914922
ED   25,0.00%,Mary-Ann E. Maloney,(Republican),37,AD 38,2025-11-04_22:11:52.914922
ED   25,0.00%,Mary-Ann E. Maloney,(Conservative),4,AD 38,2025-11-04_22:11:52.914922
ED   25,0.00%,WRITE-IN,&nbsp,1,AD 38,2025-11-04_22:11:52.914922
ED   26,0.00%,Gail A. Adams,(Democratic),286,AD 38,2025-11-04_22:11:52.914922
ED   26,0.00%,Fania Jean,(Democratic),246,AD 38,2025-11-04_22:11:52.914922
ED   26,0.00%,Mary-Ann E. Maloney,(Republican),118,AD 38,2025-11-04_22:11:52.914922
ED   26,0.00%,Mary-Ann E. Maloney,(Conservative),24,AD 38,2025-11-04_22:11:52.914922
ED   26,0.00%,WRITE-IN,&nbsp,2,AD 38,2025-11-04_22:11:52.914922
ED   27,0.00%,Gail A. Adams,(Democratic),97,AD 38,2025-11-04_22:11:52.914922
ED   27,0.00%,Fania Jean,(Democratic),84,AD 38,2025-11-04_22:11:52.914922
ED   27,0.00%,Mary-Ann E. Maloney,(Republican),66,AD 38,2025-11-04_22:11:52.914922
ED   27,0.00%,Mary-Ann E. Maloney,(Conservative),9,AD 38,2025-11-04_22:11:52.914922
ED   27,0.00%,WRITE-IN,&nbsp,-,AD 38,2025-11-04_22:11:52.914922
ED   28,0.00%,Gail A. Adams,(Democratic),319,AD 38,2025-11-04_22:11:52.914922
ED   28,0.00%,Fania Jean,(Democratic),272,AD 38,2025-11-04_22:11:52.914922
ED   28,0.00%,Mary-Ann E. Maloney,(Republican),105,AD 38,2025-11-04_22:11:52.914922
ED   28,0.00%,Mary-Ann E. Maloney,(Conservative),20,AD 38,2025-11-04_22:11:52.914922
ED   28,0.00%,WRITE-IN,&nbsp,8,AD 38,2025-11-04_22:11:52.914922
ED   32,0.00%,Gail A. Adams,(Democratic),325,AD 38,2025-11-04_22:11:52.914922
ED   32,0.00%,Fania Jean,(Democratic),264,AD 38,2025-11-04_22:11:52.914922
ED   32,0.00%,Mary-Ann E. Maloney,(Republican),163,AD 38,2025-11-04_22:11:52.914922
ED   32,0.00%,Mary-Ann E. Maloney,(Conservative),25,AD 38,2025-11-04_22:11:52.914922
ED   32,0.00%,WRITE-IN,&nbsp,2,AD 38,2025-11-04_22:11:52.914922
ED   33,0.00%,Gail A. Adams,(Democratic),358,AD 38,2025-11-04_22:11:52.914922
ED   33,0.00%,Fania Jean,(Democratic),329,AD 38,2025-11-04_22:11:52.914922
ED   33,0.00%,Mary-Ann E. Maloney,(Republican),147,AD 38,2025-11-04_22:11:52.914922
ED   33,0.00%,Mary-Ann E. Maloney,(Conservative),24,AD 38,2025-11-04_22:11:52.914922
ED   33,0.00%,WRITE-IN,&nbsp,4,AD 38,2025-11-04_22:11:52.914922
ED   34,0.00%,Gail A. Adams,(Democratic),299,AD 38,2025-11-04_22:11:52.914922
ED   34,0.00%,Fania Jean,(Democratic),270,AD 38,2025-11-04_22:11:52.914922
ED   34,0.00%,Mary-Ann E. Maloney,(Republican),107,AD 38,2025-11-04_22:11:52.914922
ED   34,0.00%,Mary-Ann E. Maloney,(Conservative),22,AD 38,2025-11-04_22:11:52.914922
ED   34,0.00%,WRITE-IN,&nbsp,1,AD 38,2025-11-04_22:11:52.914922
ED   35,0.00%,Gail A. Adams,(Democratic),269,AD 38,2025-11-04_22:11:52.914922
ED   35,0.00%,Fania Jean,(Democratic),264,AD 38,2025-11-04_22:11:52.914922
ED   35,0.00%,Mary-Ann E. Maloney,(Republican),118,AD 38,2025-11-04_22:11:52.914922
ED   35,0.00%,Mary-Ann E. Maloney,(Conservative),25,AD 38,2025-11-04_22:11:52.914922
ED   35,0.00%,WRITE-IN,&nbsp,5,AD 38,2025-11-04_22:11:52.914922
ED   43,0.00%,Gail A. Adams,(Democratic),8,AD 38,2025-11-04_22:11:52.914922
ED   43,0.00%,Fania Jean,(Democratic),8,AD 38,2025-11-04_22:11:52.914922
ED   43,0.00%,Mary-Ann E. Maloney,(Republican),1,AD 38,2025-11-04_22:11:52.914922
ED   43,0.00%,Mary-Ann E. Maloney,(Conservative),-,AD 38,2025-11-04_22:11:52.914922
ED   43,0.00%,WRITE-IN,&nbsp,-,AD 38,2025-11-04_22:11:52.914922
ED   45,0.00%,Gail A. Adams,(Democratic),126,AD 38,2025-11-04_22:11:52.914922
ED   45,0.00%,Fania Jean,(Democratic),110,AD 38,2025-11-04_22:11:52.914922
ED   45,0.00%,Mary-Ann E. Maloney,(Republican),57,AD 38,2025-11-04_22:11:52.914922
ED   45,0.00%,Mary-Ann E. Maloney,(Conservative),10,AD 38,2025-11-04_22:11:52.914922
ED   45,0.00%,WRITE-IN,&nbsp,-,AD 38,2025-11-04_22:11:52.914922
ED   47,0.00%,Gail A. Adams,(Democratic),385,AD 38,2025-11-04_22:11:52.914922
ED   47,0.00%,Fania Jean,(Democratic),327,AD 38,2025-11-04_22:11:52.914922
ED   47,0.00%,Mary-Ann E. Maloney,(Republican),222,AD 38,2025-11-04_22:11:52.914922
ED   47,0.00%,Mary-Ann E. Maloney,(Conservative),30,AD 38,2025-11-04_22:11:52.914922
ED   47,0.00%,WRITE-IN,&nbsp,5,AD 38,2025-11-04_22:11:52.914922
ED   49,0.00%,Gail A. Adams,(Democratic),54,AD 38,2025-11-04_22:11:52.914922
ED   49,0.00%,Fania Jean,(Democratic),44,AD 38,2025-11-04_22:11:52.914922
ED   49,0.00%,Mary-Ann E. Maloney,(Republican),18,AD 38,2025-11-04_22:11:52.914922
ED   49,0.00%,Mary-Ann E. Maloney,(Conservative),5,AD 38,2025-11-04_22:11:52.914922
ED   49,0.00%,WRITE-IN,&nbsp,1,AD 38,2025-11-04_22:11:52.914922
Total,,Gail A. Adams,(Democratic),4168,AD 38,2025-11-04_22:11:52.914922
Total,,Fania Jean,(Democratic),3722,AD 38,2025-11-04_22:11:52.914922
Total,,Mary-Ann E. Maloney,(Republican),2068,AD 38,2025-11-04_22:11:52.914922
Total,,Mary-Ann E. Maloney,(Conservative),311,AD 38,2025-11-04_22:11:52.914922
Total,,WRITE-IN,&nbsp,56,AD 38,2025-11-04_22:11:52.914922
