ED_num,reported,candidate,party,votes,AD_num,scrape_time
ED    1,0.00%,Antonio Reynoso,(Democratic),352,AD 41,2025-11-04_22:10:28.313194
ED    1,0.00%,Janine Acquafredda,(Republican),22,AD 41,2025-11-04_22:10:28.313194
ED    1,0.00%,Janine Acquafredda,(Conservative),-,AD 41,2025-11-04_22:10:28.313194
ED    1,0.00%,Antonio Reynoso,(Working Families),20,AD 41,2025-11-04_22:10:28.313194
ED    1,0.00%,WRITE-IN,&nbsp,1,AD 41,2025-11-04_22:10:28.313194
ED    2,0.00%,Antonio Reynoso,(Democratic),395,AD 41,2025-11-04_22:10:28.313194
ED    2,0.00%,Janine Acquafredda,(Republican),20,AD 41,2025-11-04_22:10:28.313194
ED    2,0.00%,Janine Acquafredda,(Conservative),5,AD 41,2025-11-04_22:10:28.313194
ED    2,0.00%,Antonio Reynoso,(Working Families),23,AD 41,2025-11-04_22:10:28.313194
ED    2,0.00%,WRITE-IN,&nbsp,1,AD 41,2025-11-04_22:10:28.313194
ED    3,0.00%,Antonio Reynoso,(Democratic),250,AD 41,2025-11-04_22:10:28.313194
ED    3,0.00%,Janine Acquafredda,(Republican),19,AD 41,2025-11-04_22:10:28.313194
ED    3,0.00%,Janine Acquafredda,(Conservative),2,AD 41,2025-11-04_22:10:28.313194
ED    3,0.00%,Antonio Reynoso,(Working Families),11,AD 41,2025-11-04_22:10:28.313194
ED    3,0.00%,WRITE-IN,&nbsp,-,AD 41,2025-11-04_22:10:28.313194
ED    4,0.00%,Antonio Reynoso,(Democratic),498,AD 41,2025-11-04_22:10:28.313194
ED    4,0.00%,Janine Acquafredda,(Republican),21,AD 41,2025-11-04_22:10:28.313194
ED    4,0.00%,Janine Acquafredda,(Conservative),7,AD 41,2025-11-04_22:10:28.313194
ED    4,0.00%,Antonio Reynoso,(Working Families),63,AD 41,2025-11-04_22:10:28.313194
ED    4,0.00%,WRITE-IN,&nbsp,-,AD 41,2025-11-04_22:10:28.313194
ED    5,0.00%,Antonio Reynoso,(Democratic),344,AD 41,2025-11-04_22:10:28.313194
ED    5,0.00%,Janine Acquafredda,(Republican),14,AD 41,2025-11-04_22:10:28.313194
ED    5,0.00%,Janine Acquafredda,(Conservative),4,AD 41,2025-11-04_22:10:28.313194
ED    5,0.00%,Antonio Reynoso,(Working Families),17,AD 41,2025-11-04_22:10:28.313194
ED    5,0.00%,WRITE-IN,&nbsp,2,AD 41,2025-11-04_22:10:28.313194
ED    6,0.00%,Antonio Reynoso,(Democratic),377,AD 41,2025-11-04_22:10:28.313194
ED    6,0.00%,Janine Acquafredda,(Republican),22,AD 41,2025-11-04_22:10:28.313194
ED    6,0.00%,Janine Acquafredda,(Conservative),5,AD 41,2025-11-04_22:10:28.313194
ED    6,0.00%,Antonio Reynoso,(Working Families),28,AD 41,2025-11-04_22:10:28.313194
ED    6,0.00%,WRITE-IN,&nbsp,1,AD 41,2025-11-04_22:10:28.313194
ED    7,0.00%,Antonio Reynoso,(Democratic),404,AD 41,2025-11-04_22:10:28.313194
ED    7,0.00%,Janine Acquafredda,(Republican),20,AD 41,2025-11-04_22:10:28.313194
ED    7,0.00%,Janine Acquafredda,(Conservative),3,AD 41,2025-11-04_22:10:28.313194
ED    7,0.00%,Antonio Reynoso,(Working Families),21,AD 41,2025-11-04_22:10:28.313194
ED    7,0.00%,WRITE-IN,&nbsp,-,AD 41,2025-11-04_22:10:28.313194
ED    8,0.00%,Antonio Reynoso,(Democratic),339,AD 41,2025-11-04_22:10:28.313194
ED    8,0.00%,Janine Acquafredda,(Republican),13,AD 41,2025-11-04_22:10:28.313194
ED    8,0.00%,Janine Acquafredda,(Conservative),2,AD 41,2025-11-04_22:10:28.313194
ED    8,0.00%,Antonio Reynoso,(Working Families),22,AD 41,2025-11-04_22:10:28.313194
ED    8,0.00%,WRITE-IN,&nbsp,-,AD 41,2025-11-04_22:10:28.313194
ED    9,0.00%,Antonio Reynoso,(Democratic),402,AD 41,2025-11-04_22:10:28.313194
ED    9,0.00%,Janine Acquafredda,(Republican),17,AD 41,2025-11-04_22:10:28.313194
ED    9,0.00%,Janine Acquafredda,(Conservative),2,AD 41,2025-11-04_22:10:28.313194
ED    9,0.00%,Antonio Reynoso,(Working Families),27,AD 41,2025-11-04_22:10:28.313194
ED    9,0.00%,WRITE-IN,&nbsp,1,AD 41,2025-11-04_22:10:28.313194
ED   10,0.00%,Antonio Reynoso,(Democratic),260,AD 41,2025-11-04_22:10:28.313194
ED   10,0.00%,Janine Acquafredda,(Republican),10,AD 41,2025-11-04_22:10:28.313194
ED   10,0.00%,Janine Acquafredda,(Conservative),-,AD 41,2025-11-04_22:10:28.313194
ED   10,0.00%,Antonio Reynoso,(Working Families),20,AD 41,2025-11-04_22:10:28.313194
ED   10,0.00%,WRITE-IN,&nbsp,-,AD 41,2025-11-04_22:10:28.313194
ED   11,0.00%,Antonio Reynoso,(Democratic),383,AD 41,2025-11-04_22:10:28.313194
ED   11,0.00%,Janine Acquafredda,(Republican),20,AD 41,2025-11-04_22:10:28.313194
ED   11,0.00%,Janine Acquafredda,(Conservative),2,AD 41,2025-11-04_22:10:28.313194
ED   11,0.00%,Antonio Reynoso,(Working Families),26,AD 41,2025-11-04_22:10:28.313194
ED   11,0.00%,WRITE-IN,&nbsp,-,AD 41,2025-11-04_22:10:28.313194
ED   12,0.00%,Antonio Reynoso,(Democratic),310,AD 41,2025-11-04_22:10:28.313194
ED   12,0.00%,Janine Acquafredda,(Republican),42,AD 41,2025-11-04_22:10:28.313194
ED   12,0.00%,Janine Acquafredda,(Conservative),9,AD 41,2025-11-04_22:10:28.313194
ED   12,0.00%,Antonio Reynoso,(Working Families),18,AD 41,2025-11-04_22:10:28.313194
ED   12,0.00%,WRITE-IN,&nbsp,-,AD 41,2025-11-04_22:10:28.313194
ED   13,0.00%,Antonio Reynoso,(Democratic),244,AD 41,2025-11-04_22:10:28.313194
ED   13,0.00%,Janine Acquafredda,(Republican),16,AD 41,2025-11-04_22:10:28.313194
ED   13,0.00%,Janine Acquafredda,(Conservative),2,AD 41,2025-11-04_22:10:28.313194
ED   13,0.00%,Antonio Reynoso,(Working Families),25,AD 41,2025-11-04_22:10:28.313194
ED   13,0.00%,WRITE-IN,&nbsp,-,AD 41,2025-11-04_22:10:28.313194
ED   14,0.00%,Antonio Reynoso,(Democratic),477,AD 41,2025-11-04_22:10:28.313194
ED   14,0.00%,Janine Acquafredda,(Republican),129,AD 41,2025-11-04_22:10:28.313194
ED   14,0.00%,Janine Acquafredda,(Conservative),24,AD 41,2025-11-04_22:10:28.313194
ED   14,0.00%,Antonio Reynoso,(Working Families),50,AD 41,2025-11-04_22:10:28.313194
ED   14,0.00%,WRITE-IN,&nbsp,1,AD 41,2025-11-04_22:10:28.313194
ED   15,0.00%,Antonio Reynoso,(Democratic),143,AD 41,2025-11-04_22:10:28.313194
ED   15,0.00%,Janine Acquafredda,(Republican),42,AD 41,2025-11-04_22:10:28.313194
ED   15,0.00%,Janine Acquafredda,(Conservative),10,AD 41,2025-11-04_22:10:28.313194
ED   15,0.00%,Antonio Reynoso,(Working Families),11,AD 41,2025-11-04_22:10:28.313194
ED   15,0.00%,WRITE-IN,&nbsp,-,AD 41,2025-11-04_22:10:28.313194
ED   16,0.00%,Antonio Reynoso,(Democratic),240,AD 41,2025-11-04_22:10:28.313194
ED   16,0.00%,Janine Acquafredda,(Republican),52,AD 41,2025-11-04_22:10:28.313194
ED   16,0.00%,Janine Acquafredda,(Conservative),13,AD 41,2025-11-04_22:10:28.313194
ED   16,0.00%,Antonio Reynoso,(Working Families),28,AD 41,2025-11-04_22:10:28.313194
ED   16,0.00%,WRITE-IN,&nbsp,-,AD 41,2025-11-04_22:10:28.313194
ED   17,0.00%,Antonio Reynoso,(Democratic),334,AD 41,2025-11-04_22:10:28.313194
ED   17,0.00%,Janine Acquafredda,(Republican),10,AD 41,2025-11-04_22:10:28.313194
ED   17,0.00%,Janine Acquafredda,(Conservative),7,AD 41,2025-11-04_22:10:28.313194
ED   17,0.00%,Antonio Reynoso,(Working Families),22,AD 41,2025-11-04_22:10:28.313194
ED   17,0.00%,WRITE-IN,&nbsp,2,AD 41,2025-11-04_22:10:28.313194
ED   18,0.00%,Antonio Reynoso,(Democratic),288,AD 41,2025-11-04_22:10:28.313194
ED   18,0.00%,Janine Acquafredda,(Republican),27,AD 41,2025-11-04_22:10:28.313194
ED   18,0.00%,Janine Acquafredda,(Conservative),4,AD 41,2025-11-04_22:10:28.313194
ED   18,0.00%,Antonio Reynoso,(Working Families),16,AD 41,2025-11-04_22:10:28.313194
ED   18,0.00%,WRITE-IN,&nbsp,3,AD 41,2025-11-04_22:10:28.313194
ED   19,0.00%,Antonio Reynoso,(Democratic),339,AD 41,2025-11-04_22:10:28.313194
ED   19,0.00%,Janine Acquafredda,(Republican),52,AD 41,2025-11-04_22:10:28.313194
ED   19,0.00%,Janine Acquafredda,(Conservative),10,AD 41,2025-11-04_22:10:28.313194
ED   19,0.00%,Antonio Reynoso,(Working Families),35,AD 41,2025-11-04_22:10:28.313194
ED   19,0.00%,WRITE-IN,&nbsp,-,AD 41,2025-11-04_22:10:28.313194
ED   20,0.00%,Antonio Reynoso,(Democratic),388,AD 41,2025-11-04_22:10:28.313194
ED   20,0.00%,Janine Acquafredda,(Republican),118,AD 41,2025-11-04_22:10:28.313194
ED   20,0.00%,Janine Acquafredda,(Conservative),13,AD 41,2025-11-04_22:10:28.313194
ED   20,0.00%,Antonio Reynoso,(Working Families),36,AD 41,2025-11-04_22:10:28.313194
ED   20,0.00%,WRITE-IN,&nbsp,1,AD 41,2025-11-04_22:10:28.313194
ED   21,0.00%,Antonio Reynoso,(Democratic),186,AD 41,2025-11-04_22:10:28.313194
ED   21,0.00%,Janine Acquafredda,(Republican),135,AD 41,2025-11-04_22:10:28.313194
ED   21,0.00%,Janine Acquafredda,(Conservative),20,AD 41,2025-11-04_22:10:28.313194
ED   21,0.00%,Antonio Reynoso,(Working Families),23,AD 41,2025-11-04_22:10:28.313194
ED   21,0.00%,WRITE-IN,&nbsp,2,AD 41,2025-11-04_22:10:28.313194
ED   22,0.00%,Antonio Reynoso,(Democratic),202,AD 41,2025-11-04_22:10:28.313194
ED   22,0.00%,Janine Acquafredda,(Republican),96,AD 41,2025-11-04_22:10:28.313194
ED   22,0.00%,Janine Acquafredda,(Conservative),11,AD 41,2025-11-04_22:10:28.313194
ED   22,0.00%,Antonio Reynoso,(Working Families),19,AD 41,2025-11-04_22:10:28.313194
ED   22,0.00%,WRITE-IN,&nbsp,-,AD 41,2025-11-04_22:10:28.313194
ED   23,0.00%,Antonio Reynoso,(Democratic),410,AD 41,2025-11-04_22:10:28.313194
ED   23,0.00%,Janine Acquafredda,(Republican),173,AD 41,2025-11-04_22:10:28.313194
ED   23,0.00%,Janine Acquafredda,(Conservative),24,AD 41,2025-11-04_22:10:28.313194
ED   23,0.00%,Antonio Reynoso,(Working Families),33,AD 41,2025-11-04_22:10:28.313194
ED   23,0.00%,WRITE-IN,&nbsp,-,AD 41,2025-11-04_22:10:28.313194
ED   24,0.00%,Antonio Reynoso,(Democratic),340,AD 41,2025-11-04_22:10:28.313194
ED   24,0.00%,Janine Acquafredda,(Republican),171,AD 41,2025-11-04_22:10:28.313194
ED   24,0.00%,Janine Acquafredda,(Conservative),15,AD 41,2025-11-04_22:10:28.313194
ED   24,0.00%,Antonio Reynoso,(Working Families),54,AD 41,2025-11-04_22:10:28.313194
ED   24,0.00%,WRITE-IN,&nbsp,1,AD 41,2025-11-04_22:10:28.313194
ED   25,0.00%,Antonio Reynoso,(Democratic),373,AD 41,2025-11-04_22:10:28.313194
ED   25,0.00%,Janine Acquafredda,(Republican),163,AD 41,2025-11-04_22:10:28.313194
ED   25,0.00%,Janine Acquafredda,(Conservative),18,AD 41,2025-11-04_22:10:28.313194
ED   25,0.00%,Antonio Reynoso,(Working Families),53,AD 41,2025-11-04_22:10:28.313194
ED   25,0.00%,WRITE-IN,&nbsp,2,AD 41,2025-11-04_22:10:28.313194
ED   26,0.00%,Antonio Reynoso,(Democratic),131,AD 41,2025-11-04_22:10:28.313194
ED   26,0.00%,Janine Acquafredda,(Republican),75,AD 41,2025-11-04_22:10:28.313194
ED   26,0.00%,Janine Acquafredda,(Conservative),8,AD 41,2025-11-04_22:10:28.313194
ED   26,0.00%,Antonio Reynoso,(Working Families),12,AD 41,2025-11-04_22:10:28.313194
ED   26,0.00%,WRITE-IN,&nbsp,1,AD 41,2025-11-04_22:10:28.313194
ED   27,0.00%,Antonio Reynoso,(Democratic),322,AD 41,2025-11-04_22:10:28.313194
ED   27,0.00%,Janine Acquafredda,(Republican),223,AD 41,2025-11-04_22:10:28.313194
ED   27,0.00%,Janine Acquafredda,(Conservative),27,AD 41,2025-11-04_22:10:28.313194
ED   27,0.00%,Antonio Reynoso,(Working Families),42,AD 41,2025-11-04_22:10:28.313194
ED   27,0.00%,WRITE-IN,&nbsp,1,AD 41,2025-11-04_22:10:28.313194
ED   28,0.00%,Antonio Reynoso,(Democratic),281,AD 41,2025-11-04_22:10:28.313194
ED   28,0.00%,Janine Acquafredda,(Republican),198,AD 41,2025-11-04_22:10:28.313194
ED   28,0.00%,Janine Acquafredda,(Conservative),27,AD 41,2025-11-04_22:10:28.313194
ED   28,0.00%,Antonio Reynoso,(Working Families),23,AD 41,2025-11-04_22:10:28.313194
ED   28,0.00%,WRITE-IN,&nbsp,1,AD 41,2025-11-04_22:10:28.313194
ED   29,0.00%,Antonio Reynoso,(Democratic),359,AD 41,2025-11-04_22:10:28.313194
ED   29,0.00%,Janine Acquafredda,(Republican),152,AD 41,2025-11-04_22:10:28.313194
ED   29,0.00%,Janine Acquafredda,(Conservative),23,AD 41,2025-11-04_22:10:28.313194
ED   29,0.00%,Antonio Reynoso,(Working Families),29,AD 41,2025-11-04_22:10:28.313194
ED   29,0.00%,WRITE-IN,&nbsp,-,AD 41,2025-11-04_22:10:28.313194
ED   30,0.00%,Antonio Reynoso,(Democratic),456,AD 41,2025-11-04_22:10:28.313194
ED   30,0.00%,Janine Acquafredda,(Republican),156,AD 41,2025-11-04_22:10:28.313194
ED   30,0.00%,Janine Acquafredda,(Conservative),16,AD 41,2025-11-04_22:10:28.313194
ED   30,0.00%,Antonio Reynoso,(Working Families),24,AD 41,2025-11-04_22:10:28.313194
ED   30,0.00%,WRITE-IN,&nbsp,-,AD 41,2025-11-04_22:10:28.313194
ED   31,0.00%,Antonio Reynoso,(Democratic),192,AD 41,2025-11-04_22:10:28.313194
ED   31,0.00%,Janine Acquafredda,(Republican),108,AD 41,2025-11-04_22:10:28.313194
ED   31,0.00%,Janine Acquafredda,(Conservative),16,AD 41,2025-11-04_22:10:28.313194
ED   31,0.00%,Antonio Reynoso,(Working Families),21,AD 41,2025-11-04_22:10:28.313194
ED   31,0.00%,WRITE-IN,&nbsp,-,AD 41,2025-11-04_22:10:28.313194
ED   32,0.00%,Antonio Reynoso,(Democratic),360,AD 41,2025-11-04_22:10:28.313194
ED   32,0.00%,Janine Acquafredda,(Republican),124,AD 41,2025-11-04_22:10:28.313194
ED   32,0.00%,Janine Acquafredda,(Conservative),6,AD 41,2025-11-04_22:10:28.313194
ED   32,0.00%,Antonio Reynoso,(Working Families),30,AD 41,2025-11-04_22:10:28.313194
ED   32,0.00%,WRITE-IN,&nbsp,3,AD 41,2025-11-04_22:10:28.313194
ED   33,0.00%,Antonio Reynoso,(Democratic),446,AD 41,2025-11-04_22:10:28.313194
ED   33,0.00%,Janine Acquafredda,(Republican),229,AD 41,2025-11-04_22:10:28.313194
ED   33,0.00%,Janine Acquafredda,(Conservative),31,AD 41,2025-11-04_22:10:28.313194
ED   33,0.00%,Antonio Reynoso,(Working Families),43,AD 41,2025-11-04_22:10:28.313194
ED   33,0.00%,WRITE-IN,&nbsp,4,AD 41,2025-11-04_22:10:28.313194
ED   34,0.00%,Antonio Reynoso,(Democratic),422,AD 41,2025-11-04_22:10:28.313194
ED   34,0.00%,Janine Acquafredda,(Republican),354,AD 41,2025-11-04_22:10:28.313194
ED   34,0.00%,Janine Acquafredda,(Conservative),41,AD 41,2025-11-04_22:10:28.313194
ED   34,0.00%,Antonio Reynoso,(Working Families),41,AD 41,2025-11-04_22:10:28.313194
ED   34,0.00%,WRITE-IN,&nbsp,6,AD 41,2025-11-04_22:10:28.313194
ED   35,0.00%,Antonio Reynoso,(Democratic),422,AD 41,2025-11-04_22:10:28.313194
ED   35,0.00%,Janine Acquafredda,(Republican),178,AD 41,2025-11-04_22:10:28.313194
ED   35,0.00%,Janine Acquafredda,(Conservative),24,AD 41,2025-11-04_22:10:28.313194
ED   35,0.00%,Antonio Reynoso,(Working Families),43,AD 41,2025-11-04_22:10:28.313194
ED   35,0.00%,WRITE-IN,&nbsp,4,AD 41,2025-11-04_22:10:28.313194
ED   36,0.00%,Antonio Reynoso,(Democratic),169,AD 41,2025-11-04_22:10:28.313194
ED   36,0.00%,Janine Acquafredda,(Republican),152,AD 41,2025-11-04_22:10:28.313194
ED   36,0.00%,Janine Acquafredda,(Conservative),15,AD 41,2025-11-04_22:10:28.313194
ED   36,0.00%,Antonio Reynoso,(Working Families),15,AD 41,2025-11-04_22:10:28.313194
ED   36,0.00%,WRITE-IN,&nbsp,1,AD 41,2025-11-04_22:10:28.313194
ED   37,0.00%,Antonio Reynoso,(Democratic),130,AD 41,2025-11-04_22:10:28.313194
ED   37,0.00%,Janine Acquafredda,(Republican),219,AD 41,2025-11-04_22:10:28.313194
ED   37,0.00%,Janine Acquafredda,(Conservative),19,AD 41,2025-11-04_22:10:28.313194
ED   37,0.00%,Antonio Reynoso,(Working Families),19,AD 41,2025-11-04_22:10:28.313194
ED   37,0.00%,WRITE-IN,&nbsp,-,AD 41,2025-11-04_22:10:28.313194
ED   38,0.00%,Antonio Reynoso,(Democratic),70,AD 41,2025-11-04_22:10:28.313194
ED   38,0.00%,Janine Acquafredda,(Republican),57,AD 41,2025-11-04_22:10:28.313194
ED   38,0.00%,Janine Acquafredda,(Conservative),4,AD 41,2025-11-04_22:10:28.313194
ED   38,0.00%,Antonio Reynoso,(Working Families),4,AD 41,2025-11-04_22:10:28.313194
ED   38,0.00%,WRITE-IN,&nbsp,1,AD 41,2025-11-04_22:10:28.313194
ED   39,0.00%,Antonio Reynoso,(Democratic),82,AD 41,2025-11-04_22:10:28.313194
ED   39,0.00%,Janine Acquafredda,(Republican),168,AD 41,2025-11-04_22:10:28.313194
ED   39,0.00%,Janine Acquafredda,(Conservative),12,AD 41,2025-11-04_22:10:28.313194
ED   39,0.00%,Antonio Reynoso,(Working Families),14,AD 41,2025-11-04_22:10:28.313194
ED   39,0.00%,WRITE-IN,&nbsp,1,AD 41,2025-11-04_22:10:28.313194
ED   40,0.00%,Antonio Reynoso,(Democratic),282,AD 41,2025-11-04_22:10:28.313194
ED   40,0.00%,Janine Acquafredda,(Republican),152,AD 41,2025-11-04_22:10:28.313194
ED   40,0.00%,Janine Acquafredda,(Conservative),20,AD 41,2025-11-04_22:10:28.313194
ED   40,0.00%,Antonio Reynoso,(Working Families),16,AD 41,2025-11-04_22:10:28.313194
ED   40,0.00%,WRITE-IN,&nbsp,4,AD 41,2025-11-04_22:10:28.313194
ED   41,0.00%,Antonio Reynoso,(Democratic),571,AD 41,2025-11-04_22:10:28.313194
ED   41,0.00%,Janine Acquafredda,(Republican),246,AD 41,2025-11-04_22:10:28.313194
ED   41,0.00%,Janine Acquafredda,(Conservative),20,AD 41,2025-11-04_22:10:28.313194
ED   41,0.00%,Antonio Reynoso,(Working Families),21,AD 41,2025-11-04_22:10:28.313194
ED   41,0.00%,WRITE-IN,&nbsp,1,AD 41,2025-11-04_22:10:28.313194
ED   42,0.00%,Antonio Reynoso,(Democratic),218,AD 41,2025-11-04_22:10:28.313194
ED   42,0.00%,Janine Acquafredda,(Republican),231,AD 41,2025-11-04_22:10:28.313194
ED   42,0.00%,Janine Acquafredda,(Conservative),23,AD 41,2025-11-04_22:10:28.313194
ED   42,0.00%,Antonio Reynoso,(Working Families),34,AD 41,2025-11-04_22:10:28.313194
ED   42,0.00%,WRITE-IN,&nbsp,3,AD 41,2025-11-04_22:10:28.313194
ED   43,0.00%,Antonio Reynoso,(Democratic),193,AD 41,2025-11-04_22:10:28.313194
ED   43,0.00%,Janine Acquafredda,(Republican),240,AD 41,2025-11-04_22:10:28.313194
ED   43,0.00%,Janine Acquafredda,(Conservative),22,AD 41,2025-11-04_22:10:28.313194
ED   43,0.00%,Antonio Reynoso,(Working Families),28,AD 41,2025-11-04_22:10:28.313194
ED   43,0.00%,WRITE-IN,&nbsp,1,AD 41,2025-11-04_22:10:28.313194
ED   44,0.00%,Antonio Reynoso,(Democratic),158,AD 41,2025-11-04_22:10:28.313194
ED   44,0.00%,Janine Acquafredda,(Republican),223,AD 41,2025-11-04_22:10:28.313194
ED   44,0.00%,Janine Acquafredda,(Conservative),16,AD 41,2025-11-04_22:10:28.313194
ED   44,0.00%,Antonio Reynoso,(Working Families),19,AD 41,2025-11-04_22:10:28.313194
ED   44,0.00%,WRITE-IN,&nbsp,1,AD 41,2025-11-04_22:10:28.313194
ED   45,0.00%,Antonio Reynoso,(Democratic),227,AD 41,2025-11-04_22:10:28.313194
ED   45,0.00%,Janine Acquafredda,(Republican),286,AD 41,2025-11-04_22:10:28.313194
ED   45,0.00%,Janine Acquafredda,(Conservative),24,AD 41,2025-11-04_22:10:28.313194
ED   45,0.00%,Antonio Reynoso,(Working Families),22,AD 41,2025-11-04_22:10:28.313194
ED   45,0.00%,WRITE-IN,&nbsp,3,AD 41,2025-11-04_22:10:28.313194
ED   46,0.00%,Antonio Reynoso,(Democratic),114,AD 41,2025-11-04_22:10:28.313194
ED   46,0.00%,Janine Acquafredda,(Republican),215,AD 41,2025-11-04_22:10:28.313194
ED   46,0.00%,Janine Acquafredda,(Conservative),12,AD 41,2025-11-04_22:10:28.313194
ED   46,0.00%,Antonio Reynoso,(Working Families),20,AD 41,2025-11-04_22:10:28.313194
ED   46,0.00%,WRITE-IN,&nbsp,-,AD 41,2025-11-04_22:10:28.313194
ED   47,0.00%,Antonio Reynoso,(Democratic),148,AD 41,2025-11-04_22:10:28.313194
ED   47,0.00%,Janine Acquafredda,(Republican),212,AD 41,2025-11-04_22:10:28.313194
ED   47,0.00%,Janine Acquafredda,(Conservative),12,AD 41,2025-11-04_22:10:28.313194
ED   47,0.00%,Antonio Reynoso,(Working Families),23,AD 41,2025-11-04_22:10:28.313194
ED   47,0.00%,WRITE-IN,&nbsp,-,AD 41,2025-11-04_22:10:28.313194
ED   48,0.00%,Antonio Reynoso,(Democratic),214,AD 41,2025-11-04_22:10:28.313194
ED   48,0.00%,Janine Acquafredda,(Republican),196,AD 41,2025-11-04_22:10:28.313194
ED   48,0.00%,Janine Acquafredda,(Conservative),14,AD 41,2025-11-04_22:10:28.313194
ED   48,0.00%,Antonio Reynoso,(Working Families),31,AD 41,2025-11-04_22:10:28.313194
ED   48,0.00%,WRITE-IN,&nbsp,-,AD 41,2025-11-04_22:10:28.313194
ED   49,0.00%,Antonio Reynoso,(Democratic),201,AD 41,2025-11-04_22:10:28.313194
ED   49,0.00%,Janine Acquafredda,(Republican),51,AD 41,2025-11-04_22:10:28.313194
ED   49,0.00%,Janine Acquafredda,(Conservative),6,AD 41,2025-11-04_22:10:28.313194
ED   49,0.00%,Antonio Reynoso,(Working Families),17,AD 41,2025-11-04_22:10:28.313194
ED   49,0.00%,WRITE-IN,&nbsp,-,AD 41,2025-11-04_22:10:28.313194
ED   50,0.00%,Antonio Reynoso,(Democratic),176,AD 41,2025-11-04_22:10:28.313194
ED   50,0.00%,Janine Acquafredda,(Republican),44,AD 41,2025-11-04_22:10:28.313194
ED   50,0.00%,Janine Acquafredda,(Conservative),12,AD 41,2025-11-04_22:10:28.313194
ED   50,0.00%,Antonio Reynoso,(Working Families),25,AD 41,2025-11-04_22:10:28.313194
ED   50,0.00%,WRITE-IN,&nbsp,1,AD 41,2025-11-04_22:10:28.313194
ED   51,0.00%,Antonio Reynoso,(Democratic),91,AD 41,2025-11-04_22:10:28.313194
ED   51,0.00%,Janine Acquafredda,(Republican),33,AD 41,2025-11-04_22:10:28.313194
ED   51,0.00%,Janine Acquafredda,(Conservative),-,AD 41,2025-11-04_22:10:28.313194
ED   51,0.00%,Antonio Reynoso,(Working Families),12,AD 41,2025-11-04_22:10:28.313194
ED   51,0.00%,WRITE-IN,&nbsp,-,AD 41,2025-11-04_22:10:28.313194
ED   52,0.00%,Antonio Reynoso,(Democratic),289,AD 41,2025-11-04_22:10:28.313194
ED   52,0.00%,Janine Acquafredda,(Republican),384,AD 41,2025-11-04_22:10:28.313194
ED   52,0.00%,Janine Acquafredda,(Conservative),34,AD 41,2025-11-04_22:10:28.313194
ED   52,0.00%,Antonio Reynoso,(Working Families),33,AD 41,2025-11-04_22:10:28.313194
ED   52,0.00%,WRITE-IN,&nbsp,1,AD 41,2025-11-04_22:10:28.313194
ED   53,0.00%,Antonio Reynoso,(Democratic),131,AD 41,2025-11-04_22:10:28.313194
ED   53,0.00%,Janine Acquafredda,(Republican),48,AD 41,2025-11-04_22:10:28.313194
ED   53,0.00%,Janine Acquafredda,(Conservative),7,AD 41,2025-11-04_22:10:28.313194
ED   53,0.00%,Antonio Reynoso,(Working Families),15,AD 41,2025-11-04_22:10:28.313194
ED   53,0.00%,WRITE-IN,&nbsp,1,AD 41,2025-11-04_22:10:28.313194
ED   54,0.00%,Antonio Reynoso,(Democratic),401,AD 41,2025-11-04_22:10:28.313194
ED   54,0.00%,Janine Acquafredda,(Republican),122,AD 41,2025-11-04_22:10:28.313194
ED   54,0.00%,Janine Acquafredda,(Conservative),9,AD 41,2025-11-04_22:10:28.313194
ED   54,0.00%,Antonio Reynoso,(Working Families),14,AD 41,2025-11-04_22:10:28.313194
ED   54,0.00%,WRITE-IN,&nbsp,2,AD 41,2025-11-04_22:10:28.313194
ED   55,0.00%,Antonio Reynoso,(Democratic),182,AD 41,2025-11-04_22:10:28.313194
ED   55,0.00%,Janine Acquafredda,(Republican),232,AD 41,2025-11-04_22:10:28.313194
ED   55,0.00%,Janine Acquafredda,(Conservative),22,AD 41,2025-11-04_22:10:28.313194
ED   55,0.00%,Antonio Reynoso,(Working Families),21,AD 41,2025-11-04_22:10:28.313194
ED   55,0.00%,WRITE-IN,&nbsp,-,AD 41,2025-11-04_22:10:28.313194
ED   56,0.00%,Antonio Reynoso,(Democratic),189,AD 41,2025-11-04_22:10:28.313194
ED   56,0.00%,Janine Acquafredda,(Republican),297,AD 41,2025-11-04_22:10:28.313194
ED   56,0.00%,Janine Acquafredda,(Conservative),13,AD 41,2025-11-04_22:10:28.313194
ED   56,0.00%,Antonio Reynoso,(Working Families),38,AD 41,2025-11-04_22:10:28.313194
ED   56,0.00%,WRITE-IN,&nbsp,1,AD 41,2025-11-04_22:10:28.313194
ED   57,0.00%,Antonio Reynoso,(Democratic),99,AD 41,2025-11-04_22:10:28.313194
ED   57,0.00%,Janine Acquafredda,(Republican),147,AD 41,2025-11-04_22:10:28.313194
ED   57,0.00%,Janine Acquafredda,(Conservative),7,AD 41,2025-11-04_22:10:28.313194
ED   57,0.00%,Antonio Reynoso,(Working Families),11,AD 41,2025-11-04_22:10:28.313194
ED   57,0.00%,WRITE-IN,&nbsp,-,AD 41,2025-11-04_22:10:28.313194
ED   58,0.00%,Antonio Reynoso,(Democratic),214,AD 41,2025-11-04_22:10:28.313194
ED   58,0.00%,Janine Acquafredda,(Republican),345,AD 41,2025-11-04_22:10:28.313194
ED   58,0.00%,Janine Acquafredda,(Conservative),28,AD 41,2025-11-04_22:10:28.313194
ED   58,0.00%,Antonio Reynoso,(Working Families),21,AD 41,2025-11-04_22:10:28.313194
ED   58,0.00%,WRITE-IN,&nbsp,2,AD 41,2025-11-04_22:10:28.313194
ED   59,0.00%,Antonio Reynoso,(Democratic),68,AD 41,2025-11-04_22:10:28.313194
ED   59,0.00%,Janine Acquafredda,(Republican),125,AD 41,2025-11-04_22:10:28.313194
ED   59,0.00%,Janine Acquafredda,(Conservative),4,AD 41,2025-11-04_22:10:28.313194
ED   59,0.00%,Antonio Reynoso,(Working Families),6,AD 41,2025-11-04_22:10:28.313194
ED   59,0.00%,WRITE-IN,&nbsp,-,AD 41,2025-11-04_22:10:28.313194
ED   60,0.00%,Antonio Reynoso,(Democratic),77,AD 41,2025-11-04_22:10:28.313194
ED   60,0.00%,Janine Acquafredda,(Republican),209,AD 41,2025-11-04_22:10:28.313194
ED   60,0.00%,Janine Acquafredda,(Conservative),20,AD 41,2025-11-04_22:10:28.313194
ED   60,0.00%,Antonio Reynoso,(Working Families),17,AD 41,2025-11-04_22:10:28.313194
ED   60,0.00%,WRITE-IN,&nbsp,-,AD 41,2025-11-04_22:10:28.313194
ED   61,0.00%,Antonio Reynoso,(Democratic),182,AD 41,2025-11-04_22:10:28.313194
ED   61,0.00%,Janine Acquafredda,(Republican),282,AD 41,2025-11-04_22:10:28.313194
ED   61,0.00%,Janine Acquafredda,(Conservative),23,AD 41,2025-11-04_22:10:28.313194
ED   61,0.00%,Antonio Reynoso,(Working Families),15,AD 41,2025-11-04_22:10:28.313194
ED   61,0.00%,WRITE-IN,&nbsp,3,AD 41,2025-11-04_22:10:28.313194
ED   62,0.00%,Antonio Reynoso,(Democratic),157,AD 41,2025-11-04_22:10:28.313194
ED   62,0.00%,Janine Acquafredda,(Republican),68,AD 41,2025-11-04_22:10:28.313194
ED   62,0.00%,Janine Acquafredda,(Conservative),13,AD 41,2025-11-04_22:10:28.313194
ED   62,0.00%,Antonio Reynoso,(Working Families),16,AD 41,2025-11-04_22:10:28.313194
ED   62,0.00%,WRITE-IN,&nbsp,2,AD 41,2025-11-04_22:10:28.313194
ED   63,0.00%,Antonio Reynoso,(Democratic),132,AD 41,2025-11-04_22:10:28.313194
ED   63,0.00%,Janine Acquafredda,(Republican),331,AD 41,2025-11-04_22:10:28.313194
ED   63,0.00%,Janine Acquafredda,(Conservative),25,AD 41,2025-11-04_22:10:28.313194
ED   63,0.00%,Antonio Reynoso,(Working Families),31,AD 41,2025-11-04_22:10:28.313194
ED   63,0.00%,WRITE-IN,&nbsp,-,AD 41,2025-11-04_22:10:28.313194
ED   64,0.00%,Antonio Reynoso,(Democratic),165,AD 41,2025-11-04_22:10:28.313194
ED   64,0.00%,Janine Acquafredda,(Republican),339,AD 41,2025-11-04_22:10:28.313194
ED   64,0.00%,Janine Acquafredda,(Conservative),32,AD 41,2025-11-04_22:10:28.313194
ED   64,0.00%,Antonio Reynoso,(Working Families),39,AD 41,2025-11-04_22:10:28.313194
ED   64,0.00%,WRITE-IN,&nbsp,2,AD 41,2025-11-04_22:10:28.313194
ED   65,0.00%,Antonio Reynoso,(Democratic),144,AD 41,2025-11-04_22:10:28.313194
ED   65,0.00%,Janine Acquafredda,(Republican),230,AD 41,2025-11-04_22:10:28.313194
ED   65,0.00%,Janine Acquafredda,(Conservative),22,AD 41,2025-11-04_22:10:28.313194
ED   65,0.00%,Antonio Reynoso,(Working Families),14,AD 41,2025-11-04_22:10:28.313194
ED   65,0.00%,WRITE-IN,&nbsp,-,AD 41,2025-11-04_22:10:28.313194
ED   66,0.00%,Antonio Reynoso,(Democratic),113,AD 41,2025-11-04_22:10:28.313194
ED   66,0.00%,Janine Acquafredda,(Republican),207,AD 41,2025-11-04_22:10:28.313194
ED   66,0.00%,Janine Acquafredda,(Conservative),7,AD 41,2025-11-04_22:10:28.313194
ED   66,0.00%,Antonio Reynoso,(Working Families),15,AD 41,2025-11-04_22:10:28.313194
ED   66,0.00%,WRITE-IN,&nbsp,1,AD 41,2025-11-04_22:10:28.313194
ED   67,0.00%,Antonio Reynoso,(Democratic),95,AD 41,2025-11-04_22:10:28.313194
ED   67,0.00%,Janine Acquafredda,(Republican),213,AD 41,2025-11-04_22:10:28.313194
ED   67,0.00%,Janine Acquafredda,(Conservative),19,AD 41,2025-11-04_22:10:28.313194
ED   67,0.00%,Antonio Reynoso,(Working Families),14,AD 41,2025-11-04_22:10:28.313194
ED   67,0.00%,WRITE-IN,&nbsp,-,AD 41,2025-11-04_22:10:28.313194
ED   68,0.00%,Antonio Reynoso,(Democratic),74,AD 41,2025-11-04_22:10:28.313194
ED   68,0.00%,Janine Acquafredda,(Republican),57,AD 41,2025-11-04_22:10:28.313194
ED   68,0.00%,Janine Acquafredda,(Conservative),1,AD 41,2025-11-04_22:10:28.313194
ED   68,0.00%,Antonio Reynoso,(Working Families),4,AD 41,2025-11-04_22:10:28.313194
ED   68,0.00%,WRITE-IN,&nbsp,-,AD 41,2025-11-04_22:10:28.313194
ED   69,0.00%,Antonio Reynoso,(Democratic),67,AD 41,2025-11-04_22:10:28.313194
ED   69,0.00%,Janine Acquafredda,(Republican),73,AD 41,2025-11-04_22:10:28.313194
ED   69,0.00%,Janine Acquafredda,(Conservative),9,AD 41,2025-11-04_22:10:28.313194
ED   69,0.00%,Antonio Reynoso,(Working Families),7,AD 41,2025-11-04_22:10:28.313194
ED   69,0.00%,WRITE-IN,&nbsp,-,AD 41,2025-11-04_22:10:28.313194
ED   70,0.00%,Antonio Reynoso,(Democratic),-,AD 41,2025-11-04_22:10:28.313194
ED   70,0.00%,Janine Acquafredda,(Republican),-,AD 41,2025-11-04_22:10:28.313194
ED   70,0.00%,Janine Acquafredda,(Conservative),-,AD 41,2025-11-04_22:10:28.313194
ED   70,0.00%,Antonio Reynoso,(Working Families),-,AD 41,2025-11-04_22:10:28.313194
ED   70,0.00%,WRITE-IN,&nbsp,-,AD 41,2025-11-04_22:10:28.313194
ED   71,0.00%,Antonio Reynoso,(Democratic),-,AD 41,2025-11-04_22:10:28.313194
ED   71,0.00%,Janine Acquafredda,(Republican),-,AD 41,2025-11-04_22:10:28.313194
ED   71,0.00%,Janine Acquafredda,(Conservative),-,AD 41,2025-11-04_22:10:28.313194
ED   71,0.00%,Antonio Reynoso,(Working Families),-,AD 41,2025-11-04_22:10:28.313194
ED   71,0.00%,WRITE-IN,&nbsp,-,AD 41,2025-11-04_22:10:28.313194
Total,,Antonio Reynoso,(Democratic),17492,AD 41,2025-11-04_22:10:28.313194
Total,,Janine Acquafredda,(Republican),9655,AD 41,2025-11-04_22:10:28.313194
Total,,Janine Acquafredda,(Conservative),957,AD 41,2025-11-04_22:10:28.313194
Total,,Antonio Reynoso,(Working Families),1660,AD 41,2025-11-04_22:10:28.313194
Total,,WRITE-IN,&nbsp,70,AD 41,2025-11-04_22:10:28.313194
ED    1,0.00%,Antonio Reynoso,(Democratic),27,AD 42,2025-11-04_22:10:28.313194
ED    1,0.00%,Janine Acquafredda,(Republican),3,AD 42,2025-11-04_22:10:28.313194
ED    1,0.00%,Janine Acquafredda,(Conservative),1,AD 42,2025-11-04_22:10:28.313194
ED    1,0.00%,Antonio Reynoso,(Working Families),7,AD 42,2025-11-04_22:10:28.313194
ED    1,0.00%,WRITE-IN,&nbsp,1,AD 42,2025-11-04_22:10:28.313194
ED    2,0.00%,Antonio Reynoso,(Democratic),341,AD 42,2025-11-04_22:10:28.313194
ED    2,0.00%,Janine Acquafredda,(Republican),21,AD 42,2025-11-04_22:10:28.313194
ED    2,0.00%,Janine Acquafredda,(Conservative),5,AD 42,2025-11-04_22:10:28.313194
ED    2,0.00%,Antonio Reynoso,(Working Families),145,AD 42,2025-11-04_22:10:28.313194
ED    2,0.00%,WRITE-IN,&nbsp,1,AD 42,2025-11-04_22:10:28.313194
ED    3,0.00%,Antonio Reynoso,(Democratic),298,AD 42,2025-11-04_22:10:28.313194
ED    3,0.00%,Janine Acquafredda,(Republican),12,AD 42,2025-11-04_22:10:28.313194
ED    3,0.00%,Janine Acquafredda,(Conservative),4,AD 42,2025-11-04_22:10:28.313194
ED    3,0.00%,Antonio Reynoso,(Working Families),149,AD 42,2025-11-04_22:10:28.313194
ED    3,0.00%,WRITE-IN,&nbsp,-,AD 42,2025-11-04_22:10:28.313194
ED    4,0.00%,Antonio Reynoso,(Democratic),270,AD 42,2025-11-04_22:10:28.313194
ED    4,0.00%,Janine Acquafredda,(Republican),7,AD 42,2025-11-04_22:10:28.313194
ED    4,0.00%,Janine Acquafredda,(Conservative),3,AD 42,2025-11-04_22:10:28.313194
ED    4,0.00%,Antonio Reynoso,(Working Families),141,AD 42,2025-11-04_22:10:28.313194
ED    4,0.00%,WRITE-IN,&nbsp,1,AD 42,2025-11-04_22:10:28.313194
ED    5,0.00%,Antonio Reynoso,(Democratic),231,AD 42,2025-11-04_22:10:28.313194
ED    5,0.00%,Janine Acquafredda,(Republican),10,AD 42,2025-11-04_22:10:28.313194
ED    5,0.00%,Janine Acquafredda,(Conservative),1,AD 42,2025-11-04_22:10:28.313194
ED    5,0.00%,Antonio Reynoso,(Working Families),128,AD 42,2025-11-04_22:10:28.313194
ED    5,0.00%,WRITE-IN,&nbsp,-,AD 42,2025-11-04_22:10:28.313194
ED    6,0.00%,Antonio Reynoso,(Democratic),282,AD 42,2025-11-04_22:10:28.313194
ED    6,0.00%,Janine Acquafredda,(Republican),16,AD 42,2025-11-04_22:10:28.313194
ED    6,0.00%,Janine Acquafredda,(Conservative),5,AD 42,2025-11-04_22:10:28.313194
ED    6,0.00%,Antonio Reynoso,(Working Families),131,AD 42,2025-11-04_22:10:28.313194
ED    6,0.00%,WRITE-IN,&nbsp,2,AD 42,2025-11-04_22:10:28.313194
ED    7,0.00%,Antonio Reynoso,(Democratic),315,AD 42,2025-11-04_22:10:28.313194
ED    7,0.00%,Janine Acquafredda,(Republican),11,AD 42,2025-11-04_22:10:28.313194
ED    7,0.00%,Janine Acquafredda,(Conservative),1,AD 42,2025-11-04_22:10:28.313194
ED    7,0.00%,Antonio Reynoso,(Working Families),127,AD 42,2025-11-04_22:10:28.313194
ED    7,0.00%,WRITE-IN,&nbsp,-,AD 42,2025-11-04_22:10:28.313194
ED    8,0.00%,Antonio Reynoso,(Democratic),231,AD 42,2025-11-04_22:10:28.313194
ED    8,0.00%,Janine Acquafredda,(Republican),7,AD 42,2025-11-04_22:10:28.313194
ED    8,0.00%,Janine Acquafredda,(Conservative),3,AD 42,2025-11-04_22:10:28.313194
ED    8,0.00%,Antonio Reynoso,(Working Families),64,AD 42,2025-11-04_22:10:28.313194
ED    8,0.00%,WRITE-IN,&nbsp,-,AD 42,2025-11-04_22:10:28.313194
ED    9,0.00%,Antonio Reynoso,(Democratic),451,AD 42,2025-11-04_22:10:28.313194
ED    9,0.00%,Janine Acquafredda,(Republican),21,AD 42,2025-11-04_22:10:28.313194
ED    9,0.00%,Janine Acquafredda,(Conservative),5,AD 42,2025-11-04_22:10:28.313194
ED    9,0.00%,Antonio Reynoso,(Working Families),78,AD 42,2025-11-04_22:10:28.313194
ED    9,0.00%,WRITE-IN,&nbsp,1,AD 42,2025-11-04_22:10:28.313194
ED   10,0.00%,Antonio Reynoso,(Democratic),443,AD 42,2025-11-04_22:10:28.313194
ED   10,0.00%,Janine Acquafredda,(Republican),21,AD 42,2025-11-04_22:10:28.313194
ED   10,0.00%,Janine Acquafredda,(Conservative),6,AD 42,2025-11-04_22:10:28.313194
ED   10,0.00%,Antonio Reynoso,(Working Families),88,AD 42,2025-11-04_22:10:28.313194
ED   10,0.00%,WRITE-IN,&nbsp,1,AD 42,2025-11-04_22:10:28.313194
ED   11,0.00%,Antonio Reynoso,(Democratic),283,AD 42,2025-11-04_22:10:28.313194
ED   11,0.00%,Janine Acquafredda,(Republican),19,AD 42,2025-11-04_22:10:28.313194
ED   11,0.00%,Janine Acquafredda,(Conservative),3,AD 42,2025-11-04_22:10:28.313194
ED   11,0.00%,Antonio Reynoso,(Working Families),127,AD 42,2025-11-04_22:10:28.313194
ED   11,0.00%,WRITE-IN,&nbsp,-,AD 42,2025-11-04_22:10:28.313194
ED   12,0.00%,Antonio Reynoso,(Democratic),298,AD 42,2025-11-04_22:10:28.313194
ED   12,0.00%,Janine Acquafredda,(Republican),12,AD 42,2025-11-04_22:10:28.313194
ED   12,0.00%,Janine Acquafredda,(Conservative),2,AD 42,2025-11-04_22:10:28.313194
ED   12,0.00%,Antonio Reynoso,(Working Families),89,AD 42,2025-11-04_22:10:28.313194
ED   12,0.00%,WRITE-IN,&nbsp,-,AD 42,2025-11-04_22:10:28.313194
ED   13,0.00%,Antonio Reynoso,(Democratic),457,AD 42,2025-11-04_22:10:28.313194
ED   13,0.00%,Janine Acquafredda,(Republican),20,AD 42,2025-11-04_22:10:28.313194
ED   13,0.00%,Janine Acquafredda,(Conservative),4,AD 42,2025-11-04_22:10:28.313194
ED   13,0.00%,Antonio Reynoso,(Working Families),131,AD 42,2025-11-04_22:10:28.313194
ED   13,0.00%,WRITE-IN,&nbsp,-,AD 42,2025-11-04_22:10:28.313194
ED   14,0.00%,Antonio Reynoso,(Democratic),362,AD 42,2025-11-04_22:10:28.313194
ED   14,0.00%,Janine Acquafredda,(Republican),22,AD 42,2025-11-04_22:10:28.313194
ED   14,0.00%,Janine Acquafredda,(Conservative),4,AD 42,2025-11-04_22:10:28.313194
ED   14,0.00%,Antonio Reynoso,(Working Families),114,AD 42,2025-11-04_22:10:28.313194
ED   14,0.00%,WRITE-IN,&nbsp,-,AD 42,2025-11-04_22:10:28.313194
ED   15,0.00%,Antonio Reynoso,(Democratic),418,AD 42,2025-11-04_22:10:28.313194
ED   15,0.00%,Janine Acquafredda,(Republican),15,AD 42,2025-11-04_22:10:28.313194
ED   15,0.00%,Janine Acquafredda,(Conservative),2,AD 42,2025-11-04_22:10:28.313194
ED   15,0.00%,Antonio Reynoso,(Working Families),79,AD 42,2025-11-04_22:10:28.313194
ED   15,0.00%,WRITE-IN,&nbsp,2,AD 42,2025-11-04_22:10:28.313194
ED   16,0.00%,Antonio Reynoso,(Democratic),340,AD 42,2025-11-04_22:10:28.313194
ED   16,0.00%,Janine Acquafredda,(Republican),16,AD 42,2025-11-04_22:10:28.313194
ED   16,0.00%,Janine Acquafredda,(Conservative),1,AD 42,2025-11-04_22:10:28.313194
ED   16,0.00%,Antonio Reynoso,(Working Families),62,AD 42,2025-11-04_22:10:28.313194
ED   16,0.00%,WRITE-IN,&nbsp,1,AD 42,2025-11-04_22:10:28.313194
ED   17,0.00%,Antonio Reynoso,(Democratic),352,AD 42,2025-11-04_22:10:28.313194
ED   17,0.00%,Janine Acquafredda,(Republican),9,AD 42,2025-11-04_22:10:28.313194
ED   17,0.00%,Janine Acquafredda,(Conservative),1,AD 42,2025-11-04_22:10:28.313194
ED   17,0.00%,Antonio Reynoso,(Working Families),66,AD 42,2025-11-04_22:10:28.313194
ED   17,0.00%,WRITE-IN,&nbsp,-,AD 42,2025-11-04_22:10:28.313194
ED   18,0.00%,Antonio Reynoso,(Democratic),315,AD 42,2025-11-04_22:10:28.313194
ED   18,0.00%,Janine Acquafredda,(Republican),16,AD 42,2025-11-04_22:10:28.313194
ED   18,0.00%,Janine Acquafredda,(Conservative),8,AD 42,2025-11-04_22:10:28.313194
ED   18,0.00%,Antonio Reynoso,(Working Families),58,AD 42,2025-11-04_22:10:28.313194
ED   18,0.00%,WRITE-IN,&nbsp,-,AD 42,2025-11-04_22:10:28.313194
ED   19,0.00%,Antonio Reynoso,(Democratic),424,AD 42,2025-11-04_22:10:28.313194
ED   19,0.00%,Janine Acquafredda,(Republican),29,AD 42,2025-11-04_22:10:28.313194
ED   19,0.00%,Janine Acquafredda,(Conservative),6,AD 42,2025-11-04_22:10:28.313194
ED   19,0.00%,Antonio Reynoso,(Working Families),172,AD 42,2025-11-04_22:10:28.313194
ED   19,0.00%,WRITE-IN,&nbsp,-,AD 42,2025-11-04_22:10:28.313194
ED   20,0.00%,Antonio Reynoso,(Democratic),381,AD 42,2025-11-04_22:10:28.313194
ED   20,0.00%,Janine Acquafredda,(Republican),15,AD 42,2025-11-04_22:10:28.313194
ED   20,0.00%,Janine Acquafredda,(Conservative),1,AD 42,2025-11-04_22:10:28.313194
ED   20,0.00%,Antonio Reynoso,(Working Families),103,AD 42,2025-11-04_22:10:28.313194
ED   20,0.00%,WRITE-IN,&nbsp,-,AD 42,2025-11-04_22:10:28.313194
ED   21,0.00%,Antonio Reynoso,(Democratic),414,AD 42,2025-11-04_22:10:28.313194
ED   21,0.00%,Janine Acquafredda,(Republican),17,AD 42,2025-11-04_22:10:28.313194
ED   21,0.00%,Janine Acquafredda,(Conservative),4,AD 42,2025-11-04_22:10:28.313194
ED   21,0.00%,Antonio Reynoso,(Working Families),110,AD 42,2025-11-04_22:10:28.313194
ED   21,0.00%,WRITE-IN,&nbsp,-,AD 42,2025-11-04_22:10:28.313194
ED   22,0.00%,Antonio Reynoso,(Democratic),413,AD 42,2025-11-04_22:10:28.313194
ED   22,0.00%,Janine Acquafredda,(Republican),32,AD 42,2025-11-04_22:10:28.313194
ED   22,0.00%,Janine Acquafredda,(Conservative),3,AD 42,2025-11-04_22:10:28.313194
ED   22,0.00%,Antonio Reynoso,(Working Families),182,AD 42,2025-11-04_22:10:28.313194
ED   22,0.00%,WRITE-IN,&nbsp,1,AD 42,2025-11-04_22:10:28.313194
ED   23,0.00%,Antonio Reynoso,(Democratic),461,AD 42,2025-11-04_22:10:28.313194
ED   23,0.00%,Janine Acquafredda,(Republican),36,AD 42,2025-11-04_22:10:28.313194
ED   23,0.00%,Janine Acquafredda,(Conservative),7,AD 42,2025-11-04_22:10:28.313194
ED   23,0.00%,Antonio Reynoso,(Working Families),88,AD 42,2025-11-04_22:10:28.313194
ED   23,0.00%,WRITE-IN,&nbsp,-,AD 42,2025-11-04_22:10:28.313194
ED   24,0.00%,Antonio Reynoso,(Democratic),336,AD 42,2025-11-04_22:10:28.313194
ED   24,0.00%,Janine Acquafredda,(Republican),11,AD 42,2025-11-04_22:10:28.313194
ED   24,0.00%,Janine Acquafredda,(Conservative),3,AD 42,2025-11-04_22:10:28.313194
ED   24,0.00%,Antonio Reynoso,(Working Families),116,AD 42,2025-11-04_22:10:28.313194
ED   24,0.00%,WRITE-IN,&nbsp,1,AD 42,2025-11-04_22:10:28.313194
ED   25,0.00%,Antonio Reynoso,(Democratic),323,AD 42,2025-11-04_22:10:28.313194
ED   25,0.00%,Janine Acquafredda,(Republican),10,AD 42,2025-11-04_22:10:28.313194
ED   25,0.00%,Janine Acquafredda,(Conservative),4,AD 42,2025-11-04_22:10:28.313194
ED   25,0.00%,Antonio Reynoso,(Working Families),79,AD 42,2025-11-04_22:10:28.313194
ED   25,0.00%,WRITE-IN,&nbsp,2,AD 42,2025-11-04_22:10:28.313194
ED   26,0.00%,Antonio Reynoso,(Democratic),367,AD 42,2025-11-04_22:10:28.313194
ED   26,0.00%,Janine Acquafredda,(Republican),28,AD 42,2025-11-04_22:10:28.313194
ED   26,0.00%,Janine Acquafredda,(Conservative),8,AD 42,2025-11-04_22:10:28.313194
ED   26,0.00%,Antonio Reynoso,(Working Families),135,AD 42,2025-11-04_22:10:28.313194
ED   26,0.00%,WRITE-IN,&nbsp,-,AD 42,2025-11-04_22:10:28.313194
ED   27,0.00%,Antonio Reynoso,(Democratic),136,AD 42,2025-11-04_22:10:28.313194
ED   27,0.00%,Janine Acquafredda,(Republican),15,AD 42,2025-11-04_22:10:28.313194
ED   27,0.00%,Janine Acquafredda,(Conservative),-,AD 42,2025-11-04_22:10:28.313194
ED   27,0.00%,Antonio Reynoso,(Working Families),39,AD 42,2025-11-04_22:10:28.313194
ED   27,0.00%,WRITE-IN,&nbsp,2,AD 42,2025-11-04_22:10:28.313194
ED   28,0.00%,Antonio Reynoso,(Democratic),427,AD 42,2025-11-04_22:10:28.313194
ED   28,0.00%,Janine Acquafredda,(Republican),25,AD 42,2025-11-04_22:10:28.313194
ED   28,0.00%,Janine Acquafredda,(Conservative),-,AD 42,2025-11-04_22:10:28.313194
ED   28,0.00%,Antonio Reynoso,(Working Families),165,AD 42,2025-11-04_22:10:28.313194
ED   28,0.00%,WRITE-IN,&nbsp,1,AD 42,2025-11-04_22:10:28.313194
ED   29,0.00%,Antonio Reynoso,(Democratic),341,AD 42,2025-11-04_22:10:28.313194
ED   29,0.00%,Janine Acquafredda,(Republican),10,AD 42,2025-11-04_22:10:28.313194
ED   29,0.00%,Janine Acquafredda,(Conservative),4,AD 42,2025-11-04_22:10:28.313194
ED   29,0.00%,Antonio Reynoso,(Working Families),98,AD 42,2025-11-04_22:10:28.313194
ED   29,0.00%,WRITE-IN,&nbsp,3,AD 42,2025-11-04_22:10:28.313194
ED   30,0.00%,Antonio Reynoso,(Democratic),245,AD 42,2025-11-04_22:10:28.313194
ED   30,0.00%,Janine Acquafredda,(Republican),6,AD 42,2025-11-04_22:10:28.313194
ED   30,0.00%,Janine Acquafredda,(Conservative),1,AD 42,2025-11-04_22:10:28.313194
ED   30,0.00%,Antonio Reynoso,(Working Families),56,AD 42,2025-11-04_22:10:28.313194
ED   30,0.00%,WRITE-IN,&nbsp,-,AD 42,2025-11-04_22:10:28.313194
ED   31,0.00%,Antonio Reynoso,(Democratic),328,AD 42,2025-11-04_22:10:28.313194
ED   31,0.00%,Janine Acquafredda,(Republican),7,AD 42,2025-11-04_22:10:28.313194
ED   31,0.00%,Janine Acquafredda,(Conservative),3,AD 42,2025-11-04_22:10:28.313194
ED   31,0.00%,Antonio Reynoso,(Working Families),44,AD 42,2025-11-04_22:10:28.313194
ED   31,0.00%,WRITE-IN,&nbsp,1,AD 42,2025-11-04_22:10:28.313194
ED   32,0.00%,Antonio Reynoso,(Democratic),332,AD 42,2025-11-04_22:10:28.313194
ED   32,0.00%,Janine Acquafredda,(Republican),9,AD 42,2025-11-04_22:10:28.313194
ED   32,0.00%,Janine Acquafredda,(Conservative),3,AD 42,2025-11-04_22:10:28.313194
ED   32,0.00%,Antonio Reynoso,(Working Families),58,AD 42,2025-11-04_22:10:28.313194
ED   32,0.00%,WRITE-IN,&nbsp,1,AD 42,2025-11-04_22:10:28.313194
ED   33,0.00%,Antonio Reynoso,(Democratic),307,AD 42,2025-11-04_22:10:28.313194
ED   33,0.00%,Janine Acquafredda,(Republican),13,AD 42,2025-11-04_22:10:28.313194
ED   33,0.00%,Janine Acquafredda,(Conservative),1,AD 42,2025-11-04_22:10:28.313194
ED   33,0.00%,Antonio Reynoso,(Working Families),55,AD 42,2025-11-04_22:10:28.313194
ED   33,0.00%,WRITE-IN,&nbsp,1,AD 42,2025-11-04_22:10:28.313194
ED   34,0.00%,Antonio Reynoso,(Democratic),234,AD 42,2025-11-04_22:10:28.313194
ED   34,0.00%,Janine Acquafredda,(Republican),9,AD 42,2025-11-04_22:10:28.313194
ED   34,0.00%,Janine Acquafredda,(Conservative),-,AD 42,2025-11-04_22:10:28.313194
ED   34,0.00%,Antonio Reynoso,(Working Families),24,AD 42,2025-11-04_22:10:28.313194
ED   34,0.00%,WRITE-IN,&nbsp,-,AD 42,2025-11-04_22:10:28.313194
ED   35,0.00%,Antonio Reynoso,(Democratic),348,AD 42,2025-11-04_22:10:28.313194
ED   35,0.00%,Janine Acquafredda,(Republican),8,AD 42,2025-11-04_22:10:28.313194
ED   35,0.00%,Janine Acquafredda,(Conservative),4,AD 42,2025-11-04_22:10:28.313194
ED   35,0.00%,Antonio Reynoso,(Working Families),38,AD 42,2025-11-04_22:10:28.313194
ED   35,0.00%,WRITE-IN,&nbsp,1,AD 42,2025-11-04_22:10:28.313194
ED   36,0.00%,Antonio Reynoso,(Democratic),345,AD 42,2025-11-04_22:10:28.313194
ED   36,0.00%,Janine Acquafredda,(Republican),16,AD 42,2025-11-04_22:10:28.313194
ED   36,0.00%,Janine Acquafredda,(Conservative),3,AD 42,2025-11-04_22:10:28.313194
ED   36,0.00%,Antonio Reynoso,(Working Families),72,AD 42,2025-11-04_22:10:28.313194
ED   36,0.00%,WRITE-IN,&nbsp,1,AD 42,2025-11-04_22:10:28.313194
ED   37,0.00%,Antonio Reynoso,(Democratic),397,AD 42,2025-11-04_22:10:28.313194
ED   37,0.00%,Janine Acquafredda,(Republican),8,AD 42,2025-11-04_22:10:28.313194
ED   37,0.00%,Janine Acquafredda,(Conservative),3,AD 42,2025-11-04_22:10:28.313194
ED   37,0.00%,Antonio Reynoso,(Working Families),58,AD 42,2025-11-04_22:10:28.313194
ED   37,0.00%,WRITE-IN,&nbsp,1,AD 42,2025-11-04_22:10:28.313194
ED   38,0.00%,Antonio Reynoso,(Democratic),435,AD 42,2025-11-04_22:10:28.313194
ED   38,0.00%,Janine Acquafredda,(Republican),20,AD 42,2025-11-04_22:10:28.313194
ED   38,0.00%,Janine Acquafredda,(Conservative),3,AD 42,2025-11-04_22:10:28.313194
ED   38,0.00%,Antonio Reynoso,(Working Families),57,AD 42,2025-11-04_22:10:28.313194
ED   38,0.00%,WRITE-IN,&nbsp,1,AD 42,2025-11-04_22:10:28.313194
ED   39,0.00%,Antonio Reynoso,(Democratic),361,AD 42,2025-11-04_22:10:28.313194
ED   39,0.00%,Janine Acquafredda,(Republican),12,AD 42,2025-11-04_22:10:28.313194
ED   39,0.00%,Janine Acquafredda,(Conservative),2,AD 42,2025-11-04_22:10:28.313194
ED   39,0.00%,Antonio Reynoso,(Working Families),42,AD 42,2025-11-04_22:10:28.313194
ED   39,0.00%,WRITE-IN,&nbsp,2,AD 42,2025-11-04_22:10:28.313194
ED   40,0.00%,Antonio Reynoso,(Democratic),333,AD 42,2025-11-04_22:10:28.313194
ED   40,0.00%,Janine Acquafredda,(Republican),16,AD 42,2025-11-04_22:10:28.313194
ED   40,0.00%,Janine Acquafredda,(Conservative),4,AD 42,2025-11-04_22:10:28.313194
ED   40,0.00%,Antonio Reynoso,(Working Families),27,AD 42,2025-11-04_22:10:28.313194
ED   40,0.00%,WRITE-IN,&nbsp,-,AD 42,2025-11-04_22:10:28.313194
ED   41,0.00%,Antonio Reynoso,(Democratic),481,AD 42,2025-11-04_22:10:28.313194
ED   41,0.00%,Janine Acquafredda,(Republican),75,AD 42,2025-11-04_22:10:28.313194
ED   41,0.00%,Janine Acquafredda,(Conservative),12,AD 42,2025-11-04_22:10:28.313194
ED   41,0.00%,Antonio Reynoso,(Working Families),112,AD 42,2025-11-04_22:10:28.313194
ED   41,0.00%,WRITE-IN,&nbsp,2,AD 42,2025-11-04_22:10:28.313194
ED   42,0.00%,Antonio Reynoso,(Democratic),376,AD 42,2025-11-04_22:10:28.313194
ED   42,0.00%,Janine Acquafredda,(Republican),23,AD 42,2025-11-04_22:10:28.313194
ED   42,0.00%,Janine Acquafredda,(Conservative),3,AD 42,2025-11-04_22:10:28.313194
ED   42,0.00%,Antonio Reynoso,(Working Families),81,AD 42,2025-11-04_22:10:28.313194
ED   42,0.00%,WRITE-IN,&nbsp,1,AD 42,2025-11-04_22:10:28.313194
ED   43,0.00%,Antonio Reynoso,(Democratic),411,AD 42,2025-11-04_22:10:28.313194
ED   43,0.00%,Janine Acquafredda,(Republican),13,AD 42,2025-11-04_22:10:28.313194
ED   43,0.00%,Janine Acquafredda,(Conservative),5,AD 42,2025-11-04_22:10:28.313194
ED   43,0.00%,Antonio Reynoso,(Working Families),50,AD 42,2025-11-04_22:10:28.313194
ED   43,0.00%,WRITE-IN,&nbsp,-,AD 42,2025-11-04_22:10:28.313194
ED   44,0.00%,Antonio Reynoso,(Democratic),278,AD 42,2025-11-04_22:10:28.313194
ED   44,0.00%,Janine Acquafredda,(Republican),14,AD 42,2025-11-04_22:10:28.313194
ED   44,0.00%,Janine Acquafredda,(Conservative),5,AD 42,2025-11-04_22:10:28.313194
ED   44,0.00%,Antonio Reynoso,(Working Families),26,AD 42,2025-11-04_22:10:28.313194
ED   44,0.00%,WRITE-IN,&nbsp,1,AD 42,2025-11-04_22:10:28.313194
ED   45,0.00%,Antonio Reynoso,(Democratic),285,AD 42,2025-11-04_22:10:28.313194
ED   45,0.00%,Janine Acquafredda,(Republican),18,AD 42,2025-11-04_22:10:28.313194
ED   45,0.00%,Janine Acquafredda,(Conservative),4,AD 42,2025-11-04_22:10:28.313194
ED   45,0.00%,Antonio Reynoso,(Working Families),76,AD 42,2025-11-04_22:10:28.313194
ED   45,0.00%,WRITE-IN,&nbsp,-,AD 42,2025-11-04_22:10:28.313194
ED   46,0.00%,Antonio Reynoso,(Democratic),296,AD 42,2025-11-04_22:10:28.313194
ED   46,0.00%,Janine Acquafredda,(Republican),13,AD 42,2025-11-04_22:10:28.313194
ED   46,0.00%,Janine Acquafredda,(Conservative),8,AD 42,2025-11-04_22:10:28.313194
ED   46,0.00%,Antonio Reynoso,(Working Families),45,AD 42,2025-11-04_22:10:28.313194
ED   46,0.00%,WRITE-IN,&nbsp,1,AD 42,2025-11-04_22:10:28.313194
ED   47,0.00%,Antonio Reynoso,(Democratic),457,AD 42,2025-11-04_22:10:28.313194
ED   47,0.00%,Janine Acquafredda,(Republican),14,AD 42,2025-11-04_22:10:28.313194
ED   47,0.00%,Janine Acquafredda,(Conservative),6,AD 42,2025-11-04_22:10:28.313194
ED   47,0.00%,Antonio Reynoso,(Working Families),56,AD 42,2025-11-04_22:10:28.313194
ED   47,0.00%,WRITE-IN,&nbsp,-,AD 42,2025-11-04_22:10:28.313194
ED   48,0.00%,Antonio Reynoso,(Democratic),355,AD 42,2025-11-04_22:10:28.313194
ED   48,0.00%,Janine Acquafredda,(Republican),24,AD 42,2025-11-04_22:10:28.313194
ED   48,0.00%,Janine Acquafredda,(Conservative),3,AD 42,2025-11-04_22:10:28.313194
ED   48,0.00%,Antonio Reynoso,(Working Families),95,AD 42,2025-11-04_22:10:28.313194
ED   48,0.00%,WRITE-IN,&nbsp,1,AD 42,2025-11-04_22:10:28.313194
ED   49,0.00%,Antonio Reynoso,(Democratic),421,AD 42,2025-11-04_22:10:28.313194
ED   49,0.00%,Janine Acquafredda,(Republican),91,AD 42,2025-11-04_22:10:28.313194
ED   49,0.00%,Janine Acquafredda,(Conservative),16,AD 42,2025-11-04_22:10:28.313194
ED   49,0.00%,Antonio Reynoso,(Working Families),144,AD 42,2025-11-04_22:10:28.313194
ED   49,0.00%,WRITE-IN,&nbsp,2,AD 42,2025-11-04_22:10:28.313194
ED   50,0.00%,Antonio Reynoso,(Democratic),412,AD 42,2025-11-04_22:10:28.313194
ED   50,0.00%,Janine Acquafredda,(Republican),23,AD 42,2025-11-04_22:10:28.313194
ED   50,0.00%,Janine Acquafredda,(Conservative),3,AD 42,2025-11-04_22:10:28.313194
ED   50,0.00%,Antonio Reynoso,(Working Families),57,AD 42,2025-11-04_22:10:28.313194
ED   50,0.00%,WRITE-IN,&nbsp,-,AD 42,2025-11-04_22:10:28.313194
ED   51,0.00%,Antonio Reynoso,(Democratic),272,AD 42,2025-11-04_22:10:28.313194
ED   51,0.00%,Janine Acquafredda,(Republican),14,AD 42,2025-11-04_22:10:28.313194
ED   51,0.00%,Janine Acquafredda,(Conservative),6,AD 42,2025-11-04_22:10:28.313194
ED   51,0.00%,Antonio Reynoso,(Working Families),35,AD 42,2025-11-04_22:10:28.313194
ED   51,0.00%,WRITE-IN,&nbsp,1,AD 42,2025-11-04_22:10:28.313194
ED   52,0.00%,Antonio Reynoso,(Democratic),403,AD 42,2025-11-04_22:10:28.313194
ED   52,0.00%,Janine Acquafredda,(Republican),126,AD 42,2025-11-04_22:10:28.313194
ED   52,0.00%,Janine Acquafredda,(Conservative),13,AD 42,2025-11-04_22:10:28.313194
ED   52,0.00%,Antonio Reynoso,(Working Families),37,AD 42,2025-11-04_22:10:28.313194
ED   52,0.00%,WRITE-IN,&nbsp,-,AD 42,2025-11-04_22:10:28.313194
ED   53,0.00%,Antonio Reynoso,(Democratic),488,AD 42,2025-11-04_22:10:28.313194
ED   53,0.00%,Janine Acquafredda,(Republican),84,AD 42,2025-11-04_22:10:28.313194
ED   53,0.00%,Janine Acquafredda,(Conservative),18,AD 42,2025-11-04_22:10:28.313194
ED   53,0.00%,Antonio Reynoso,(Working Families),53,AD 42,2025-11-04_22:10:28.313194
ED   53,0.00%,WRITE-IN,&nbsp,2,AD 42,2025-11-04_22:10:28.313194
ED   54,0.00%,Antonio Reynoso,(Democratic),612,AD 42,2025-11-04_22:10:28.313194
ED   54,0.00%,Janine Acquafredda,(Republican),127,AD 42,2025-11-04_22:10:28.313194
ED   54,0.00%,Janine Acquafredda,(Conservative),28,AD 42,2025-11-04_22:10:28.313194
ED   54,0.00%,Antonio Reynoso,(Working Families),39,AD 42,2025-11-04_22:10:28.313194
ED   54,0.00%,WRITE-IN,&nbsp,1,AD 42,2025-11-04_22:10:28.313194
ED   55,0.00%,Antonio Reynoso,(Democratic),362,AD 42,2025-11-04_22:10:28.313194
ED   55,0.00%,Janine Acquafredda,(Republican),68,AD 42,2025-11-04_22:10:28.313194
ED   55,0.00%,Janine Acquafredda,(Conservative),19,AD 42,2025-11-04_22:10:28.313194
ED   55,0.00%,Antonio Reynoso,(Working Families),42,AD 42,2025-11-04_22:10:28.313194
ED   55,0.00%,WRITE-IN,&nbsp,2,AD 42,2025-11-04_22:10:28.313194
ED   56,0.00%,Antonio Reynoso,(Democratic),355,AD 42,2025-11-04_22:10:28.313194
ED   56,0.00%,Janine Acquafredda,(Republican),70,AD 42,2025-11-04_22:10:28.313194
ED   56,0.00%,Janine Acquafredda,(Conservative),10,AD 42,2025-11-04_22:10:28.313194
ED   56,0.00%,Antonio Reynoso,(Working Families),35,AD 42,2025-11-04_22:10:28.313194
ED   56,0.00%,WRITE-IN,&nbsp,1,AD 42,2025-11-04_22:10:28.313194
ED   57,0.00%,Antonio Reynoso,(Democratic),571,AD 42,2025-11-04_22:10:28.313194
ED   57,0.00%,Janine Acquafredda,(Republican),165,AD 42,2025-11-04_22:10:28.313194
ED   57,0.00%,Janine Acquafredda,(Conservative),32,AD 42,2025-11-04_22:10:28.313194
ED   57,0.00%,Antonio Reynoso,(Working Families),49,AD 42,2025-11-04_22:10:28.313194
ED   57,0.00%,WRITE-IN,&nbsp,3,AD 42,2025-11-04_22:10:28.313194
ED   58,0.00%,Antonio Reynoso,(Democratic),598,AD 42,2025-11-04_22:10:28.313194
ED   58,0.00%,Janine Acquafredda,(Republican),108,AD 42,2025-11-04_22:10:28.313194
ED   58,0.00%,Janine Acquafredda,(Conservative),27,AD 42,2025-11-04_22:10:28.313194
ED   58,0.00%,Antonio Reynoso,(Working Families),37,AD 42,2025-11-04_22:10:28.313194
ED   58,0.00%,WRITE-IN,&nbsp,4,AD 42,2025-11-04_22:10:28.313194
ED   59,0.00%,Antonio Reynoso,(Democratic),-,AD 42,2025-11-04_22:10:28.313194
ED   59,0.00%,Janine Acquafredda,(Republican),-,AD 42,2025-11-04_22:10:28.313194
ED   59,0.00%,Janine Acquafredda,(Conservative),-,AD 42,2025-11-04_22:10:28.313194
ED   59,0.00%,Antonio Reynoso,(Working Families),-,AD 42,2025-11-04_22:10:28.313194
ED   59,0.00%,WRITE-IN,&nbsp,-,AD 42,2025-11-04_22:10:28.313194
Total,,Antonio Reynoso,(Democratic),20835,AD 42,2025-11-04_22:10:28.313194
Total,,Janine Acquafredda,(Republican),1680,AD 42,2025-11-04_22:10:28.313194
Total,,Janine Acquafredda,(Conservative),344,AD 42,2025-11-04_22:10:28.313194
Total,,Antonio Reynoso,(Working Families),4671,AD 42,2025-11-04_22:10:28.313194
Total,,WRITE-IN,&nbsp,51,AD 42,2025-11-04_22:10:28.313194
ED    1,0.00%,Antonio Reynoso,(Democratic),423,AD 43,2025-11-04_22:10:28.313194
ED    1,0.00%,Janine Acquafredda,(Republican),9,AD 43,2025-11-04_22:10:28.313194
ED    1,0.00%,Janine Acquafredda,(Conservative),1,AD 43,2025-11-04_22:10:28.313194
ED    1,0.00%,Antonio Reynoso,(Working Families),243,AD 43,2025-11-04_22:10:28.313194
ED    1,0.00%,WRITE-IN,&nbsp,1,AD 43,2025-11-04_22:10:28.313194
ED    2,0.00%,Antonio Reynoso,(Democratic),464,AD 43,2025-11-04_22:10:28.313194
ED    2,0.00%,Janine Acquafredda,(Republican),9,AD 43,2025-11-04_22:10:28.313194
ED    2,0.00%,Janine Acquafredda,(Conservative),1,AD 43,2025-11-04_22:10:28.313194
ED    2,0.00%,Antonio Reynoso,(Working Families),200,AD 43,2025-11-04_22:10:28.313194
ED    2,0.00%,WRITE-IN,&nbsp,-,AD 43,2025-11-04_22:10:28.313194
ED    3,0.00%,Antonio Reynoso,(Democratic),421,AD 43,2025-11-04_22:10:28.313194
ED    3,0.00%,Janine Acquafredda,(Republican),12,AD 43,2025-11-04_22:10:28.313194
ED    3,0.00%,Janine Acquafredda,(Conservative),4,AD 43,2025-11-04_22:10:28.313194
ED    3,0.00%,Antonio Reynoso,(Working Families),202,AD 43,2025-11-04_22:10:28.313194
ED    3,0.00%,WRITE-IN,&nbsp,1,AD 43,2025-11-04_22:10:28.313194
ED    4,0.00%,Antonio Reynoso,(Democratic),420,AD 43,2025-11-04_22:10:28.313194
ED    4,0.00%,Janine Acquafredda,(Republican),15,AD 43,2025-11-04_22:10:28.313194
ED    4,0.00%,Janine Acquafredda,(Conservative),3,AD 43,2025-11-04_22:10:28.313194
ED    4,0.00%,Antonio Reynoso,(Working Families),146,AD 43,2025-11-04_22:10:28.313194
ED    4,0.00%,WRITE-IN,&nbsp,1,AD 43,2025-11-04_22:10:28.313194
ED    5,0.00%,Antonio Reynoso,(Democratic),325,AD 43,2025-11-04_22:10:28.313194
ED    5,0.00%,Janine Acquafredda,(Republican),6,AD 43,2025-11-04_22:10:28.313194
ED    5,0.00%,Janine Acquafredda,(Conservative),4,AD 43,2025-11-04_22:10:28.313194
ED    5,0.00%,Antonio Reynoso,(Working Families),151,AD 43,2025-11-04_22:10:28.313194
ED    5,0.00%,WRITE-IN,&nbsp,1,AD 43,2025-11-04_22:10:28.313194
ED    6,0.00%,Antonio Reynoso,(Democratic),348,AD 43,2025-11-04_22:10:28.313194
ED    6,0.00%,Janine Acquafredda,(Republican),19,AD 43,2025-11-04_22:10:28.313194
ED    6,0.00%,Janine Acquafredda,(Conservative),5,AD 43,2025-11-04_22:10:28.313194
ED    6,0.00%,Antonio Reynoso,(Working Families),123,AD 43,2025-11-04_22:10:28.313194
ED    6,0.00%,WRITE-IN,&nbsp,-,AD 43,2025-11-04_22:10:28.313194
ED    7,0.00%,Antonio Reynoso,(Democratic),368,AD 43,2025-11-04_22:10:28.313194
ED    7,0.00%,Janine Acquafredda,(Republican),17,AD 43,2025-11-04_22:10:28.313194
ED    7,0.00%,Janine Acquafredda,(Conservative),3,AD 43,2025-11-04_22:10:28.313194
ED    7,0.00%,Antonio Reynoso,(Working Families),75,AD 43,2025-11-04_22:10:28.313194
ED    7,0.00%,WRITE-IN,&nbsp,-,AD 43,2025-11-04_22:10:28.313194
ED    8,0.00%,Antonio Reynoso,(Democratic),323,AD 43,2025-11-04_22:10:28.313194
ED    8,0.00%,Janine Acquafredda,(Republican),9,AD 43,2025-11-04_22:10:28.313194
ED    8,0.00%,Janine Acquafredda,(Conservative),1,AD 43,2025-11-04_22:10:28.313194
ED    8,0.00%,Antonio Reynoso,(Working Families),142,AD 43,2025-11-04_22:10:28.313194
ED    8,0.00%,WRITE-IN,&nbsp,-,AD 43,2025-11-04_22:10:28.313194
ED    9,0.00%,Antonio Reynoso,(Democratic),223,AD 43,2025-11-04_22:10:28.313194
ED    9,0.00%,Janine Acquafredda,(Republican),5,AD 43,2025-11-04_22:10:28.313194
ED    9,0.00%,Janine Acquafredda,(Conservative),-,AD 43,2025-11-04_22:10:28.313194
ED    9,0.00%,Antonio Reynoso,(Working Families),47,AD 43,2025-11-04_22:10:28.313194
ED    9,0.00%,WRITE-IN,&nbsp,-,AD 43,2025-11-04_22:10:28.313194
ED   10,0.00%,Antonio Reynoso,(Democratic),473,AD 43,2025-11-04_22:10:28.313194
ED   10,0.00%,Janine Acquafredda,(Republican),20,AD 43,2025-11-04_22:10:28.313194
ED   10,0.00%,Janine Acquafredda,(Conservative),5,AD 43,2025-11-04_22:10:28.313194
ED   10,0.00%,Antonio Reynoso,(Working Families),289,AD 43,2025-11-04_22:10:28.313194
ED   10,0.00%,WRITE-IN,&nbsp,-,AD 43,2025-11-04_22:10:28.313194
ED   11,0.00%,Antonio Reynoso,(Democratic),376,AD 43,2025-11-04_22:10:28.313194
ED   11,0.00%,Janine Acquafredda,(Republican),9,AD 43,2025-11-04_22:10:28.313194
ED   11,0.00%,Janine Acquafredda,(Conservative),2,AD 43,2025-11-04_22:10:28.313194
ED   11,0.00%,Antonio Reynoso,(Working Families),180,AD 43,2025-11-04_22:10:28.313194
ED   11,0.00%,WRITE-IN,&nbsp,1,AD 43,2025-11-04_22:10:28.313194
ED   12,0.00%,Antonio Reynoso,(Democratic),318,AD 43,2025-11-04_22:10:28.313194
ED   12,0.00%,Janine Acquafredda,(Republican),24,AD 43,2025-11-04_22:10:28.313194
ED   12,0.00%,Janine Acquafredda,(Conservative),12,AD 43,2025-11-04_22:10:28.313194
ED   12,0.00%,Antonio Reynoso,(Working Families),128,AD 43,2025-11-04_22:10:28.313194
ED   12,0.00%,WRITE-IN,&nbsp,-,AD 43,2025-11-04_22:10:28.313194
ED   13,0.00%,Antonio Reynoso,(Democratic),422,AD 43,2025-11-04_22:10:28.313194
ED   13,0.00%,Janine Acquafredda,(Republican),59,AD 43,2025-11-04_22:10:28.313194
ED   13,0.00%,Janine Acquafredda,(Conservative),17,AD 43,2025-11-04_22:10:28.313194
ED   13,0.00%,Antonio Reynoso,(Working Families),115,AD 43,2025-11-04_22:10:28.313194
ED   13,0.00%,WRITE-IN,&nbsp,2,AD 43,2025-11-04_22:10:28.313194
ED   14,0.00%,Antonio Reynoso,(Democratic),294,AD 43,2025-11-04_22:10:28.313194
ED   14,0.00%,Janine Acquafredda,(Republican),22,AD 43,2025-11-04_22:10:28.313194
ED   14,0.00%,Janine Acquafredda,(Conservative),6,AD 43,2025-11-04_22:10:28.313194
ED   14,0.00%,Antonio Reynoso,(Working Families),104,AD 43,2025-11-04_22:10:28.313194
ED   14,0.00%,WRITE-IN,&nbsp,3,AD 43,2025-11-04_22:10:28.313194
ED   15,0.00%,Antonio Reynoso,(Democratic),329,AD 43,2025-11-04_22:10:28.313194
ED   15,0.00%,Janine Acquafredda,(Republican),46,AD 43,2025-11-04_22:10:28.313194
ED   15,0.00%,Janine Acquafredda,(Conservative),17,AD 43,2025-11-04_22:10:28.313194
ED   15,0.00%,Antonio Reynoso,(Working Families),83,AD 43,2025-11-04_22:10:28.313194
ED   15,0.00%,WRITE-IN,&nbsp,1,AD 43,2025-11-04_22:10:28.313194
ED   16,0.00%,Antonio Reynoso,(Democratic),382,AD 43,2025-11-04_22:10:28.313194
ED   16,0.00%,Janine Acquafredda,(Republican),21,AD 43,2025-11-04_22:10:28.313194
ED   16,0.00%,Janine Acquafredda,(Conservative),1,AD 43,2025-11-04_22:10:28.313194
ED   16,0.00%,Antonio Reynoso,(Working Families),110,AD 43,2025-11-04_22:10:28.313194
ED   16,0.00%,WRITE-IN,&nbsp,1,AD 43,2025-11-04_22:10:28.313194
ED   17,0.00%,Antonio Reynoso,(Democratic),310,AD 43,2025-11-04_22:10:28.313194
ED   17,0.00%,Janine Acquafredda,(Republican),10,AD 43,2025-11-04_22:10:28.313194
ED   17,0.00%,Janine Acquafredda,(Conservative),2,AD 43,2025-11-04_22:10:28.313194
ED   17,0.00%,Antonio Reynoso,(Working Families),75,AD 43,2025-11-04_22:10:28.313194
ED   17,0.00%,WRITE-IN,&nbsp,-,AD 43,2025-11-04_22:10:28.313194
ED   18,0.00%,Antonio Reynoso,(Democratic),419,AD 43,2025-11-04_22:10:28.313194
ED   18,0.00%,Janine Acquafredda,(Republican),9,AD 43,2025-11-04_22:10:28.313194
ED   18,0.00%,Janine Acquafredda,(Conservative),2,AD 43,2025-11-04_22:10:28.313194
ED   18,0.00%,Antonio Reynoso,(Working Families),175,AD 43,2025-11-04_22:10:28.313194
ED   18,0.00%,WRITE-IN,&nbsp,-,AD 43,2025-11-04_22:10:28.313194
ED   19,0.00%,Antonio Reynoso,(Democratic),457,AD 43,2025-11-04_22:10:28.313194
ED   19,0.00%,Janine Acquafredda,(Republican),40,AD 43,2025-11-04_22:10:28.313194
ED   19,0.00%,Janine Acquafredda,(Conservative),15,AD 43,2025-11-04_22:10:28.313194
ED   19,0.00%,Antonio Reynoso,(Working Families),122,AD 43,2025-11-04_22:10:28.313194
ED   19,0.00%,WRITE-IN,&nbsp,1,AD 43,2025-11-04_22:10:28.313194
ED   20,0.00%,Antonio Reynoso,(Democratic),552,AD 43,2025-11-04_22:10:28.313194
ED   20,0.00%,Janine Acquafredda,(Republican),79,AD 43,2025-11-04_22:10:28.313194
ED   20,0.00%,Janine Acquafredda,(Conservative),31,AD 43,2025-11-04_22:10:28.313194
ED   20,0.00%,Antonio Reynoso,(Working Families),97,AD 43,2025-11-04_22:10:28.313194
ED   20,0.00%,WRITE-IN,&nbsp,3,AD 43,2025-11-04_22:10:28.313194
ED   21,0.00%,Antonio Reynoso,(Democratic),430,AD 43,2025-11-04_22:10:28.313194
ED   21,0.00%,Janine Acquafredda,(Republican),81,AD 43,2025-11-04_22:10:28.313194
ED   21,0.00%,Janine Acquafredda,(Conservative),22,AD 43,2025-11-04_22:10:28.313194
ED   21,0.00%,Antonio Reynoso,(Working Families),37,AD 43,2025-11-04_22:10:28.313194
ED   21,0.00%,WRITE-IN,&nbsp,2,AD 43,2025-11-04_22:10:28.313194
ED   22,0.00%,Antonio Reynoso,(Democratic),487,AD 43,2025-11-04_22:10:28.313194
ED   22,0.00%,Janine Acquafredda,(Republican),127,AD 43,2025-11-04_22:10:28.313194
ED   22,0.00%,Janine Acquafredda,(Conservative),24,AD 43,2025-11-04_22:10:28.313194
ED   22,0.00%,Antonio Reynoso,(Working Families),77,AD 43,2025-11-04_22:10:28.313194
ED   22,0.00%,WRITE-IN,&nbsp,3,AD 43,2025-11-04_22:10:28.313194
ED   23,0.00%,Antonio Reynoso,(Democratic),369,AD 43,2025-11-04_22:10:28.313194
ED   23,0.00%,Janine Acquafredda,(Republican),40,AD 43,2025-11-04_22:10:28.313194
ED   23,0.00%,Janine Acquafredda,(Conservative),4,AD 43,2025-11-04_22:10:28.313194
ED   23,0.00%,Antonio Reynoso,(Working Families),65,AD 43,2025-11-04_22:10:28.313194
ED   23,0.00%,WRITE-IN,&nbsp,1,AD 43,2025-11-04_22:10:28.313194
ED   24,0.00%,Antonio Reynoso,(Democratic),282,AD 43,2025-11-04_22:10:28.313194
ED   24,0.00%,Janine Acquafredda,(Republican),61,AD 43,2025-11-04_22:10:28.313194
ED   24,0.00%,Janine Acquafredda,(Conservative),15,AD 43,2025-11-04_22:10:28.313194
ED   24,0.00%,Antonio Reynoso,(Working Families),45,AD 43,2025-11-04_22:10:28.313194
ED   24,0.00%,WRITE-IN,&nbsp,1,AD 43,2025-11-04_22:10:28.313194
ED   25,0.00%,Antonio Reynoso,(Democratic),307,AD 43,2025-11-04_22:10:28.313194
ED   25,0.00%,Janine Acquafredda,(Republican),41,AD 43,2025-11-04_22:10:28.313194
ED   25,0.00%,Janine Acquafredda,(Conservative),12,AD 43,2025-11-04_22:10:28.313194
ED   25,0.00%,Antonio Reynoso,(Working Families),44,AD 43,2025-11-04_22:10:28.313194
ED   25,0.00%,WRITE-IN,&nbsp,-,AD 43,2025-11-04_22:10:28.313194
ED   26,0.00%,Antonio Reynoso,(Democratic),315,AD 43,2025-11-04_22:10:28.313194
ED   26,0.00%,Janine Acquafredda,(Republican),76,AD 43,2025-11-04_22:10:28.313194
ED   26,0.00%,Janine Acquafredda,(Conservative),18,AD 43,2025-11-04_22:10:28.313194
ED   26,0.00%,Antonio Reynoso,(Working Families),36,AD 43,2025-11-04_22:10:28.313194
ED   26,0.00%,WRITE-IN,&nbsp,1,AD 43,2025-11-04_22:10:28.313194
ED   27,0.00%,Antonio Reynoso,(Democratic),437,AD 43,2025-11-04_22:10:28.313194
ED   27,0.00%,Janine Acquafredda,(Republican),91,AD 43,2025-11-04_22:10:28.313194
ED   27,0.00%,Janine Acquafredda,(Conservative),24,AD 43,2025-11-04_22:10:28.313194
ED   27,0.00%,Antonio Reynoso,(Working Families),85,AD 43,2025-11-04_22:10:28.313194
ED   27,0.00%,WRITE-IN,&nbsp,3,AD 43,2025-11-04_22:10:28.313194
ED   28,0.00%,Antonio Reynoso,(Democratic),308,AD 43,2025-11-04_22:10:28.313194
ED   28,0.00%,Janine Acquafredda,(Republican),77,AD 43,2025-11-04_22:10:28.313194
ED   28,0.00%,Janine Acquafredda,(Conservative),19,AD 43,2025-11-04_22:10:28.313194
ED   28,0.00%,Antonio Reynoso,(Working Families),26,AD 43,2025-11-04_22:10:28.313194
ED   28,0.00%,WRITE-IN,&nbsp,-,AD 43,2025-11-04_22:10:28.313194
ED   29,0.00%,Antonio Reynoso,(Democratic),399,AD 43,2025-11-04_22:10:28.313194
ED   29,0.00%,Janine Acquafredda,(Republican),29,AD 43,2025-11-04_22:10:28.313194
ED   29,0.00%,Janine Acquafredda,(Conservative),11,AD 43,2025-11-04_22:10:28.313194
ED   29,0.00%,Antonio Reynoso,(Working Families),138,AD 43,2025-11-04_22:10:28.313194
ED   29,0.00%,WRITE-IN,&nbsp,-,AD 43,2025-11-04_22:10:28.313194
ED   30,0.00%,Antonio Reynoso,(Democratic),530,AD 43,2025-11-04_22:10:28.313194
ED   30,0.00%,Janine Acquafredda,(Republican),47,AD 43,2025-11-04_22:10:28.313194
ED   30,0.00%,Janine Acquafredda,(Conservative),24,AD 43,2025-11-04_22:10:28.313194
ED   30,0.00%,Antonio Reynoso,(Working Families),161,AD 43,2025-11-04_22:10:28.313194
ED   30,0.00%,WRITE-IN,&nbsp,1,AD 43,2025-11-04_22:10:28.313194
ED   31,0.00%,Antonio Reynoso,(Democratic),209,AD 43,2025-11-04_22:10:28.313194
ED   31,0.00%,Janine Acquafredda,(Republican),8,AD 43,2025-11-04_22:10:28.313194
ED   31,0.00%,Janine Acquafredda,(Conservative),2,AD 43,2025-11-04_22:10:28.313194
ED   31,0.00%,Antonio Reynoso,(Working Families),122,AD 43,2025-11-04_22:10:28.313194
ED   31,0.00%,WRITE-IN,&nbsp,1,AD 43,2025-11-04_22:10:28.313194
ED   32,0.00%,Antonio Reynoso,(Democratic),182,AD 43,2025-11-04_22:10:28.313194
ED   32,0.00%,Janine Acquafredda,(Republican),6,AD 43,2025-11-04_22:10:28.313194
ED   32,0.00%,Janine Acquafredda,(Conservative),1,AD 43,2025-11-04_22:10:28.313194
ED   32,0.00%,Antonio Reynoso,(Working Families),94,AD 43,2025-11-04_22:10:28.313194
ED   32,0.00%,WRITE-IN,&nbsp,1,AD 43,2025-11-04_22:10:28.313194
ED   33,0.00%,Antonio Reynoso,(Democratic),462,AD 43,2025-11-04_22:10:28.313194
ED   33,0.00%,Janine Acquafredda,(Republican),25,AD 43,2025-11-04_22:10:28.313194
ED   33,0.00%,Janine Acquafredda,(Conservative),6,AD 43,2025-11-04_22:10:28.313194
ED   33,0.00%,Antonio Reynoso,(Working Families),227,AD 43,2025-11-04_22:10:28.313194
ED   33,0.00%,WRITE-IN,&nbsp,-,AD 43,2025-11-04_22:10:28.313194
ED   34,0.00%,Antonio Reynoso,(Democratic),457,AD 43,2025-11-04_22:10:28.313194
ED   34,0.00%,Janine Acquafredda,(Republican),33,AD 43,2025-11-04_22:10:28.313194
ED   34,0.00%,Janine Acquafredda,(Conservative),9,AD 43,2025-11-04_22:10:28.313194
ED   34,0.00%,Antonio Reynoso,(Working Families),124,AD 43,2025-11-04_22:10:28.313194
ED   34,0.00%,WRITE-IN,&nbsp,-,AD 43,2025-11-04_22:10:28.313194
ED   35,0.00%,Antonio Reynoso,(Democratic),491,AD 43,2025-11-04_22:10:28.313194
ED   35,0.00%,Janine Acquafredda,(Republican),42,AD 43,2025-11-04_22:10:28.313194
ED   35,0.00%,Janine Acquafredda,(Conservative),6,AD 43,2025-11-04_22:10:28.313194
ED   35,0.00%,Antonio Reynoso,(Working Families),105,AD 43,2025-11-04_22:10:28.313194
ED   35,0.00%,WRITE-IN,&nbsp,3,AD 43,2025-11-04_22:10:28.313194
ED   36,0.00%,Antonio Reynoso,(Democratic),209,AD 43,2025-11-04_22:10:28.313194
ED   36,0.00%,Janine Acquafredda,(Republican),5,AD 43,2025-11-04_22:10:28.313194
ED   36,0.00%,Janine Acquafredda,(Conservative),1,AD 43,2025-11-04_22:10:28.313194
ED   36,0.00%,Antonio Reynoso,(Working Families),111,AD 43,2025-11-04_22:10:28.313194
ED   36,0.00%,WRITE-IN,&nbsp,-,AD 43,2025-11-04_22:10:28.313194
ED   37,0.00%,Antonio Reynoso,(Democratic),246,AD 43,2025-11-04_22:10:28.313194
ED   37,0.00%,Janine Acquafredda,(Republican),5,AD 43,2025-11-04_22:10:28.313194
ED   37,0.00%,Janine Acquafredda,(Conservative),1,AD 43,2025-11-04_22:10:28.313194
ED   37,0.00%,Antonio Reynoso,(Working Families),189,AD 43,2025-11-04_22:10:28.313194
ED   37,0.00%,WRITE-IN,&nbsp,-,AD 43,2025-11-04_22:10:28.313194
ED   38,0.00%,Antonio Reynoso,(Democratic),473,AD 43,2025-11-04_22:10:28.313194
ED   38,0.00%,Janine Acquafredda,(Republican),17,AD 43,2025-11-04_22:10:28.313194
ED   38,0.00%,Janine Acquafredda,(Conservative),4,AD 43,2025-11-04_22:10:28.313194
ED   38,0.00%,Antonio Reynoso,(Working Families),192,AD 43,2025-11-04_22:10:28.313194
ED   38,0.00%,WRITE-IN,&nbsp,-,AD 43,2025-11-04_22:10:28.313194
ED   39,0.00%,Antonio Reynoso,(Democratic),420,AD 43,2025-11-04_22:10:28.313194
ED   39,0.00%,Janine Acquafredda,(Republican),22,AD 43,2025-11-04_22:10:28.313194
ED   39,0.00%,Janine Acquafredda,(Conservative),8,AD 43,2025-11-04_22:10:28.313194
ED   39,0.00%,Antonio Reynoso,(Working Families),132,AD 43,2025-11-04_22:10:28.313194
ED   39,0.00%,WRITE-IN,&nbsp,-,AD 43,2025-11-04_22:10:28.313194
ED   40,0.00%,Antonio Reynoso,(Democratic),396,AD 43,2025-11-04_22:10:28.313194
ED   40,0.00%,Janine Acquafredda,(Republican),15,AD 43,2025-11-04_22:10:28.313194
ED   40,0.00%,Janine Acquafredda,(Conservative),4,AD 43,2025-11-04_22:10:28.313194
ED   40,0.00%,Antonio Reynoso,(Working Families),159,AD 43,2025-11-04_22:10:28.313194
ED   40,0.00%,WRITE-IN,&nbsp,-,AD 43,2025-11-04_22:10:28.313194
ED   41,0.00%,Antonio Reynoso,(Democratic),471,AD 43,2025-11-04_22:10:28.313194
ED   41,0.00%,Janine Acquafredda,(Republican),16,AD 43,2025-11-04_22:10:28.313194
ED   41,0.00%,Janine Acquafredda,(Conservative),5,AD 43,2025-11-04_22:10:28.313194
ED   41,0.00%,Antonio Reynoso,(Working Families),141,AD 43,2025-11-04_22:10:28.313194
ED   41,0.00%,WRITE-IN,&nbsp,3,AD 43,2025-11-04_22:10:28.313194
ED   42,0.00%,Antonio Reynoso,(Democratic),427,AD 43,2025-11-04_22:10:28.313194
ED   42,0.00%,Janine Acquafredda,(Republican),9,AD 43,2025-11-04_22:10:28.313194
ED   42,0.00%,Janine Acquafredda,(Conservative),3,AD 43,2025-11-04_22:10:28.313194
ED   42,0.00%,Antonio Reynoso,(Working Families),172,AD 43,2025-11-04_22:10:28.313194
ED   42,0.00%,WRITE-IN,&nbsp,2,AD 43,2025-11-04_22:10:28.313194
ED   43,0.00%,Antonio Reynoso,(Democratic),522,AD 43,2025-11-04_22:10:28.313194
ED   43,0.00%,Janine Acquafredda,(Republican),59,AD 43,2025-11-04_22:10:28.313194
ED   43,0.00%,Janine Acquafredda,(Conservative),14,AD 43,2025-11-04_22:10:28.313194
ED   43,0.00%,Antonio Reynoso,(Working Families),91,AD 43,2025-11-04_22:10:28.313194
ED   43,0.00%,WRITE-IN,&nbsp,1,AD 43,2025-11-04_22:10:28.313194
ED   44,0.00%,Antonio Reynoso,(Democratic),404,AD 43,2025-11-04_22:10:28.313194
ED   44,0.00%,Janine Acquafredda,(Republican),55,AD 43,2025-11-04_22:10:28.313194
ED   44,0.00%,Janine Acquafredda,(Conservative),13,AD 43,2025-11-04_22:10:28.313194
ED   44,0.00%,Antonio Reynoso,(Working Families),41,AD 43,2025-11-04_22:10:28.313194
ED   44,0.00%,WRITE-IN,&nbsp,-,AD 43,2025-11-04_22:10:28.313194
ED   45,0.00%,Antonio Reynoso,(Democratic),464,AD 43,2025-11-04_22:10:28.313194
ED   45,0.00%,Janine Acquafredda,(Republican),42,AD 43,2025-11-04_22:10:28.313194
ED   45,0.00%,Janine Acquafredda,(Conservative),9,AD 43,2025-11-04_22:10:28.313194
ED   45,0.00%,Antonio Reynoso,(Working Families),45,AD 43,2025-11-04_22:10:28.313194
ED   45,0.00%,WRITE-IN,&nbsp,-,AD 43,2025-11-04_22:10:28.313194
ED   46,0.00%,Antonio Reynoso,(Democratic),397,AD 43,2025-11-04_22:10:28.313194
ED   46,0.00%,Janine Acquafredda,(Republican),44,AD 43,2025-11-04_22:10:28.313194
ED   46,0.00%,Janine Acquafredda,(Conservative),18,AD 43,2025-11-04_22:10:28.313194
ED   46,0.00%,Antonio Reynoso,(Working Families),47,AD 43,2025-11-04_22:10:28.313194
ED   46,0.00%,WRITE-IN,&nbsp,1,AD 43,2025-11-04_22:10:28.313194
ED   47,0.00%,Antonio Reynoso,(Democratic),370,AD 43,2025-11-04_22:10:28.313194
ED   47,0.00%,Janine Acquafredda,(Republican),24,AD 43,2025-11-04_22:10:28.313194
ED   47,0.00%,Janine Acquafredda,(Conservative),6,AD 43,2025-11-04_22:10:28.313194
ED   47,0.00%,Antonio Reynoso,(Working Families),27,AD 43,2025-11-04_22:10:28.313194
ED   47,0.00%,WRITE-IN,&nbsp,1,AD 43,2025-11-04_22:10:28.313194
ED   48,0.00%,Antonio Reynoso,(Democratic),67,AD 43,2025-11-04_22:10:28.313194
ED   48,0.00%,Janine Acquafredda,(Republican),2,AD 43,2025-11-04_22:10:28.313194
ED   48,0.00%,Janine Acquafredda,(Conservative),-,AD 43,2025-11-04_22:10:28.313194
ED   48,0.00%,Antonio Reynoso,(Working Families),3,AD 43,2025-11-04_22:10:28.313194
ED   48,0.00%,WRITE-IN,&nbsp,-,AD 43,2025-11-04_22:10:28.313194
ED   49,0.00%,Antonio Reynoso,(Democratic),269,AD 43,2025-11-04_22:10:28.313194
ED   49,0.00%,Janine Acquafredda,(Republican),18,AD 43,2025-11-04_22:10:28.313194
ED   49,0.00%,Janine Acquafredda,(Conservative),3,AD 43,2025-11-04_22:10:28.313194
ED   49,0.00%,Antonio Reynoso,(Working Families),15,AD 43,2025-11-04_22:10:28.313194
ED   49,0.00%,WRITE-IN,&nbsp,1,AD 43,2025-11-04_22:10:28.313194
ED   50,0.00%,Antonio Reynoso,(Democratic),192,AD 43,2025-11-04_22:10:28.313194
ED   50,0.00%,Janine Acquafredda,(Republican),27,AD 43,2025-11-04_22:10:28.313194
ED   50,0.00%,Janine Acquafredda,(Conservative),4,AD 43,2025-11-04_22:10:28.313194
ED   50,0.00%,Antonio Reynoso,(Working Families),29,AD 43,2025-11-04_22:10:28.313194
ED   50,0.00%,WRITE-IN,&nbsp,1,AD 43,2025-11-04_22:10:28.313194
ED   51,0.00%,Antonio Reynoso,(Democratic),252,AD 43,2025-11-04_22:10:28.313194
ED   51,0.00%,Janine Acquafredda,(Republican),26,AD 43,2025-11-04_22:10:28.313194
ED   51,0.00%,Janine Acquafredda,(Conservative),8,AD 43,2025-11-04_22:10:28.313194
ED   51,0.00%,Antonio Reynoso,(Working Families),33,AD 43,2025-11-04_22:10:28.313194
ED   51,0.00%,WRITE-IN,&nbsp,-,AD 43,2025-11-04_22:10:28.313194
ED   52,0.00%,Antonio Reynoso,(Democratic),404,AD 43,2025-11-04_22:10:28.313194
ED   52,0.00%,Janine Acquafredda,(Republican),20,AD 43,2025-11-04_22:10:28.313194
ED   52,0.00%,Janine Acquafredda,(Conservative),4,AD 43,2025-11-04_22:10:28.313194
ED   52,0.00%,Antonio Reynoso,(Working Families),25,AD 43,2025-11-04_22:10:28.313194
ED   52,0.00%,WRITE-IN,&nbsp,1,AD 43,2025-11-04_22:10:28.313194
ED   53,0.00%,Antonio Reynoso,(Democratic),445,AD 43,2025-11-04_22:10:28.313194
ED   53,0.00%,Janine Acquafredda,(Republican),19,AD 43,2025-11-04_22:10:28.313194
ED   53,0.00%,Janine Acquafredda,(Conservative),5,AD 43,2025-11-04_22:10:28.313194
ED   53,0.00%,Antonio Reynoso,(Working Families),182,AD 43,2025-11-04_22:10:28.313194
ED   53,0.00%,WRITE-IN,&nbsp,-,AD 43,2025-11-04_22:10:28.313194
ED   54,0.00%,Antonio Reynoso,(Democratic),463,AD 43,2025-11-04_22:10:28.313194
ED   54,0.00%,Janine Acquafredda,(Republican),12,AD 43,2025-11-04_22:10:28.313194
ED   54,0.00%,Janine Acquafredda,(Conservative),4,AD 43,2025-11-04_22:10:28.313194
ED   54,0.00%,Antonio Reynoso,(Working Families),232,AD 43,2025-11-04_22:10:28.313194
ED   54,0.00%,WRITE-IN,&nbsp,1,AD 43,2025-11-04_22:10:28.313194
ED   55,0.00%,Antonio Reynoso,(Democratic),343,AD 43,2025-11-04_22:10:28.313194
ED   55,0.00%,Janine Acquafredda,(Republican),14,AD 43,2025-11-04_22:10:28.313194
ED   55,0.00%,Janine Acquafredda,(Conservative),1,AD 43,2025-11-04_22:10:28.313194
ED   55,0.00%,Antonio Reynoso,(Working Families),162,AD 43,2025-11-04_22:10:28.313194
ED   55,0.00%,WRITE-IN,&nbsp,-,AD 43,2025-11-04_22:10:28.313194
ED   56,0.00%,Antonio Reynoso,(Democratic),507,AD 43,2025-11-04_22:10:28.313194
ED   56,0.00%,Janine Acquafredda,(Republican),15,AD 43,2025-11-04_22:10:28.313194
ED   56,0.00%,Janine Acquafredda,(Conservative),7,AD 43,2025-11-04_22:10:28.313194
ED   56,0.00%,Antonio Reynoso,(Working Families),186,AD 43,2025-11-04_22:10:28.313194
ED   56,0.00%,WRITE-IN,&nbsp,1,AD 43,2025-11-04_22:10:28.313194
ED   57,0.00%,Antonio Reynoso,(Democratic),543,AD 43,2025-11-04_22:10:28.313194
ED   57,0.00%,Janine Acquafredda,(Republican),18,AD 43,2025-11-04_22:10:28.313194
ED   57,0.00%,Janine Acquafredda,(Conservative),2,AD 43,2025-11-04_22:10:28.313194
ED   57,0.00%,Antonio Reynoso,(Working Families),203,AD 43,2025-11-04_22:10:28.313194
ED   57,0.00%,WRITE-IN,&nbsp,2,AD 43,2025-11-04_22:10:28.313194
ED   58,0.00%,Antonio Reynoso,(Democratic),508,AD 43,2025-11-04_22:10:28.313194
ED   58,0.00%,Janine Acquafredda,(Republican),20,AD 43,2025-11-04_22:10:28.313194
ED   58,0.00%,Janine Acquafredda,(Conservative),5,AD 43,2025-11-04_22:10:28.313194
ED   58,0.00%,Antonio Reynoso,(Working Families),125,AD 43,2025-11-04_22:10:28.313194
ED   58,0.00%,WRITE-IN,&nbsp,1,AD 43,2025-11-04_22:10:28.313194
ED   59,0.00%,Antonio Reynoso,(Democratic),496,AD 43,2025-11-04_22:10:28.313194
ED   59,0.00%,Janine Acquafredda,(Republican),10,AD 43,2025-11-04_22:10:28.313194
ED   59,0.00%,Janine Acquafredda,(Conservative),5,AD 43,2025-11-04_22:10:28.313194
ED   59,0.00%,Antonio Reynoso,(Working Families),196,AD 43,2025-11-04_22:10:28.313194
ED   59,0.00%,WRITE-IN,&nbsp,1,AD 43,2025-11-04_22:10:28.313194
ED   60,0.00%,Antonio Reynoso,(Democratic),440,AD 43,2025-11-04_22:10:28.313194
ED   60,0.00%,Janine Acquafredda,(Republican),5,AD 43,2025-11-04_22:10:28.313194
ED   60,0.00%,Janine Acquafredda,(Conservative),2,AD 43,2025-11-04_22:10:28.313194
ED   60,0.00%,Antonio Reynoso,(Working Families),160,AD 43,2025-11-04_22:10:28.313194
ED   60,0.00%,WRITE-IN,&nbsp,-,AD 43,2025-11-04_22:10:28.313194
ED   61,0.00%,Antonio Reynoso,(Democratic),423,AD 43,2025-11-04_22:10:28.313194
ED   61,0.00%,Janine Acquafredda,(Republican),8,AD 43,2025-11-04_22:10:28.313194
ED   61,0.00%,Janine Acquafredda,(Conservative),5,AD 43,2025-11-04_22:10:28.313194
ED   61,0.00%,Antonio Reynoso,(Working Families),144,AD 43,2025-11-04_22:10:28.313194
ED   61,0.00%,WRITE-IN,&nbsp,1,AD 43,2025-11-04_22:10:28.313194
ED   62,0.00%,Antonio Reynoso,(Democratic),300,AD 43,2025-11-04_22:10:28.313194
ED   62,0.00%,Janine Acquafredda,(Republican),10,AD 43,2025-11-04_22:10:28.313194
ED   62,0.00%,Janine Acquafredda,(Conservative),2,AD 43,2025-11-04_22:10:28.313194
ED   62,0.00%,Antonio Reynoso,(Working Families),62,AD 43,2025-11-04_22:10:28.313194
ED   62,0.00%,WRITE-IN,&nbsp,-,AD 43,2025-11-04_22:10:28.313194
ED   63,0.00%,Antonio Reynoso,(Democratic),366,AD 43,2025-11-04_22:10:28.313194
ED   63,0.00%,Janine Acquafredda,(Republican),10,AD 43,2025-11-04_22:10:28.313194
ED   63,0.00%,Janine Acquafredda,(Conservative),4,AD 43,2025-11-04_22:10:28.313194
ED   63,0.00%,Antonio Reynoso,(Working Families),89,AD 43,2025-11-04_22:10:28.313194
ED   63,0.00%,WRITE-IN,&nbsp,1,AD 43,2025-11-04_22:10:28.313194
ED   64,0.00%,Antonio Reynoso,(Democratic),510,AD 43,2025-11-04_22:10:28.313194
ED   64,0.00%,Janine Acquafredda,(Republican),26,AD 43,2025-11-04_22:10:28.313194
ED   64,0.00%,Janine Acquafredda,(Conservative),6,AD 43,2025-11-04_22:10:28.313194
ED   64,0.00%,Antonio Reynoso,(Working Families),121,AD 43,2025-11-04_22:10:28.313194
ED   64,0.00%,WRITE-IN,&nbsp,1,AD 43,2025-11-04_22:10:28.313194
ED   65,0.00%,Antonio Reynoso,(Democratic),399,AD 43,2025-11-04_22:10:28.313194
ED   65,0.00%,Janine Acquafredda,(Republican),15,AD 43,2025-11-04_22:10:28.313194
ED   65,0.00%,Janine Acquafredda,(Conservative),-,AD 43,2025-11-04_22:10:28.313194
ED   65,0.00%,Antonio Reynoso,(Working Families),81,AD 43,2025-11-04_22:10:28.313194
ED   65,0.00%,WRITE-IN,&nbsp,-,AD 43,2025-11-04_22:10:28.313194
ED   66,0.00%,Antonio Reynoso,(Democratic),436,AD 43,2025-11-04_22:10:28.313194
ED   66,0.00%,Janine Acquafredda,(Republican),18,AD 43,2025-11-04_22:10:28.313194
ED   66,0.00%,Janine Acquafredda,(Conservative),7,AD 43,2025-11-04_22:10:28.313194
ED   66,0.00%,Antonio Reynoso,(Working Families),116,AD 43,2025-11-04_22:10:28.313194
ED   66,0.00%,WRITE-IN,&nbsp,-,AD 43,2025-11-04_22:10:28.313194
ED   67,0.00%,Antonio Reynoso,(Democratic),470,AD 43,2025-11-04_22:10:28.313194
ED   67,0.00%,Janine Acquafredda,(Republican),16,AD 43,2025-11-04_22:10:28.313194
ED   67,0.00%,Janine Acquafredda,(Conservative),5,AD 43,2025-11-04_22:10:28.313194
ED   67,0.00%,Antonio Reynoso,(Working Families),126,AD 43,2025-11-04_22:10:28.313194
ED   67,0.00%,WRITE-IN,&nbsp,4,AD 43,2025-11-04_22:10:28.313194
ED   68,0.00%,Antonio Reynoso,(Democratic),173,AD 43,2025-11-04_22:10:28.313194
ED   68,0.00%,Janine Acquafredda,(Republican),5,AD 43,2025-11-04_22:10:28.313194
ED   68,0.00%,Janine Acquafredda,(Conservative),1,AD 43,2025-11-04_22:10:28.313194
ED   68,0.00%,Antonio Reynoso,(Working Families),23,AD 43,2025-11-04_22:10:28.313194
ED   68,0.00%,WRITE-IN,&nbsp,-,AD 43,2025-11-04_22:10:28.313194
Total,,Antonio Reynoso,(Democratic),26117,AD 43,2025-11-04_22:10:28.313194
Total,,Janine Acquafredda,(Republican),1851,AD 43,2025-11-04_22:10:28.313194
Total,,Janine Acquafredda,(Conservative),495,AD 43,2025-11-04_22:10:28.313194
Total,,Antonio Reynoso,(Working Families),7853,AD 43,2025-11-04_22:10:28.313194
Total,,WRITE-IN,&nbsp,57,AD 43,2025-11-04_22:10:28.313194
ED    1,0.00%,Antonio Reynoso,(Democratic),514,AD 44,2025-11-04_22:10:28.313194
ED    1,0.00%,Janine Acquafredda,(Republican),31,AD 44,2025-11-04_22:10:28.313194
ED    1,0.00%,Janine Acquafredda,(Conservative),6,AD 44,2025-11-04_22:10:28.313194
ED    1,0.00%,Antonio Reynoso,(Working Families),159,AD 44,2025-11-04_22:10:28.313194
ED    1,0.00%,WRITE-IN,&nbsp,2,AD 44,2025-11-04_22:10:28.313194
ED    2,0.00%,Antonio Reynoso,(Democratic),415,AD 44,2025-11-04_22:10:28.313194
ED    2,0.00%,Janine Acquafredda,(Republican),96,AD 44,2025-11-04_22:10:28.313194
ED    2,0.00%,Janine Acquafredda,(Conservative),24,AD 44,2025-11-04_22:10:28.313194
ED    2,0.00%,Antonio Reynoso,(Working Families),206,AD 44,2025-11-04_22:10:28.313194
ED    2,0.00%,WRITE-IN,&nbsp,1,AD 44,2025-11-04_22:10:28.313194
ED    3,0.00%,Antonio Reynoso,(Democratic),113,AD 44,2025-11-04_22:10:28.313194
ED    3,0.00%,Janine Acquafredda,(Republican),8,AD 44,2025-11-04_22:10:28.313194
ED    3,0.00%,Janine Acquafredda,(Conservative),6,AD 44,2025-11-04_22:10:28.313194
ED    3,0.00%,Antonio Reynoso,(Working Families),63,AD 44,2025-11-04_22:10:28.313194
ED    3,0.00%,WRITE-IN,&nbsp,-,AD 44,2025-11-04_22:10:28.313194
ED    4,0.00%,Antonio Reynoso,(Democratic),382,AD 44,2025-11-04_22:10:28.313194
ED    4,0.00%,Janine Acquafredda,(Republican),21,AD 44,2025-11-04_22:10:28.313194
ED    4,0.00%,Janine Acquafredda,(Conservative),6,AD 44,2025-11-04_22:10:28.313194
ED    4,0.00%,Antonio Reynoso,(Working Families),150,AD 44,2025-11-04_22:10:28.313194
ED    4,0.00%,WRITE-IN,&nbsp,3,AD 44,2025-11-04_22:10:28.313194
ED    5,0.00%,Antonio Reynoso,(Democratic),152,AD 44,2025-11-04_22:10:28.313194
ED    5,0.00%,Janine Acquafredda,(Republican),16,AD 44,2025-11-04_22:10:28.313194
ED    5,0.00%,Janine Acquafredda,(Conservative),3,AD 44,2025-11-04_22:10:28.313194
ED    5,0.00%,Antonio Reynoso,(Working Families),79,AD 44,2025-11-04_22:10:28.313194
ED    5,0.00%,WRITE-IN,&nbsp,-,AD 44,2025-11-04_22:10:28.313194
ED    6,0.00%,Antonio Reynoso,(Democratic),415,AD 44,2025-11-04_22:10:28.313194
ED    6,0.00%,Janine Acquafredda,(Republican),38,AD 44,2025-11-04_22:10:28.313194
ED    6,0.00%,Janine Acquafredda,(Conservative),2,AD 44,2025-11-04_22:10:28.313194
ED    6,0.00%,Antonio Reynoso,(Working Families),151,AD 44,2025-11-04_22:10:28.313194
ED    6,0.00%,WRITE-IN,&nbsp,1,AD 44,2025-11-04_22:10:28.313194
ED    7,0.00%,Antonio Reynoso,(Democratic),522,AD 44,2025-11-04_22:10:28.313194
ED    7,0.00%,Janine Acquafredda,(Republican),31,AD 44,2025-11-04_22:10:28.313194
ED    7,0.00%,Janine Acquafredda,(Conservative),3,AD 44,2025-11-04_22:10:28.313194
ED    7,0.00%,Antonio Reynoso,(Working Families),271,AD 44,2025-11-04_22:10:28.313194
ED    7,0.00%,WRITE-IN,&nbsp,4,AD 44,2025-11-04_22:10:28.313194
ED    8,0.00%,Antonio Reynoso,(Democratic),472,AD 44,2025-11-04_22:10:28.313194
ED    8,0.00%,Janine Acquafredda,(Republican),27,AD 44,2025-11-04_22:10:28.313194
ED    8,0.00%,Janine Acquafredda,(Conservative),6,AD 44,2025-11-04_22:10:28.313194
ED    8,0.00%,Antonio Reynoso,(Working Families),207,AD 44,2025-11-04_22:10:28.313194
ED    8,0.00%,WRITE-IN,&nbsp,2,AD 44,2025-11-04_22:10:28.313194
ED    9,0.00%,Antonio Reynoso,(Democratic),458,AD 44,2025-11-04_22:10:28.313194
ED    9,0.00%,Janine Acquafredda,(Republican),19,AD 44,2025-11-04_22:10:28.313194
ED    9,0.00%,Janine Acquafredda,(Conservative),7,AD 44,2025-11-04_22:10:28.313194
ED    9,0.00%,Antonio Reynoso,(Working Families),173,AD 44,2025-11-04_22:10:28.313194
ED    9,0.00%,WRITE-IN,&nbsp,-,AD 44,2025-11-04_22:10:28.313194
ED   10,0.00%,Antonio Reynoso,(Democratic),296,AD 44,2025-11-04_22:10:28.313194
ED   10,0.00%,Janine Acquafredda,(Republican),12,AD 44,2025-11-04_22:10:28.313194
ED   10,0.00%,Janine Acquafredda,(Conservative),1,AD 44,2025-11-04_22:10:28.313194
ED   10,0.00%,Antonio Reynoso,(Working Families),161,AD 44,2025-11-04_22:10:28.313194
ED   10,0.00%,WRITE-IN,&nbsp,-,AD 44,2025-11-04_22:10:28.313194
ED   11,0.00%,Antonio Reynoso,(Democratic),689,AD 44,2025-11-04_22:10:28.313194
ED   11,0.00%,Janine Acquafredda,(Republican),35,AD 44,2025-11-04_22:10:28.313194
ED   11,0.00%,Janine Acquafredda,(Conservative),7,AD 44,2025-11-04_22:10:28.313194
ED   11,0.00%,Antonio Reynoso,(Working Families),435,AD 44,2025-11-04_22:10:28.313194
ED   11,0.00%,WRITE-IN,&nbsp,1,AD 44,2025-11-04_22:10:28.313194
ED   12,0.00%,Antonio Reynoso,(Democratic),367,AD 44,2025-11-04_22:10:28.313194
ED   12,0.00%,Janine Acquafredda,(Republican),20,AD 44,2025-11-04_22:10:28.313194
ED   12,0.00%,Janine Acquafredda,(Conservative),1,AD 44,2025-11-04_22:10:28.313194
ED   12,0.00%,Antonio Reynoso,(Working Families),193,AD 44,2025-11-04_22:10:28.313194
ED   12,0.00%,WRITE-IN,&nbsp,-,AD 44,2025-11-04_22:10:28.313194
ED   13,0.00%,Antonio Reynoso,(Democratic),196,AD 44,2025-11-04_22:10:28.313194
ED   13,0.00%,Janine Acquafredda,(Republican),10,AD 44,2025-11-04_22:10:28.313194
ED   13,0.00%,Janine Acquafredda,(Conservative),3,AD 44,2025-11-04_22:10:28.313194
ED   13,0.00%,Antonio Reynoso,(Working Families),64,AD 44,2025-11-04_22:10:28.313194
ED   13,0.00%,WRITE-IN,&nbsp,1,AD 44,2025-11-04_22:10:28.313194
ED   14,0.00%,Antonio Reynoso,(Democratic),344,AD 44,2025-11-04_22:10:28.313194
ED   14,0.00%,Janine Acquafredda,(Republican),16,AD 44,2025-11-04_22:10:28.313194
ED   14,0.00%,Janine Acquafredda,(Conservative),4,AD 44,2025-11-04_22:10:28.313194
ED   14,0.00%,Antonio Reynoso,(Working Families),172,AD 44,2025-11-04_22:10:28.313194
ED   14,0.00%,WRITE-IN,&nbsp,2,AD 44,2025-11-04_22:10:28.313194
ED   15,0.00%,Antonio Reynoso,(Democratic),243,AD 44,2025-11-04_22:10:28.313194
ED   15,0.00%,Janine Acquafredda,(Republican),10,AD 44,2025-11-04_22:10:28.313194
ED   15,0.00%,Janine Acquafredda,(Conservative),6,AD 44,2025-11-04_22:10:28.313194
ED   15,0.00%,Antonio Reynoso,(Working Families),135,AD 44,2025-11-04_22:10:28.313194
ED   15,0.00%,WRITE-IN,&nbsp,1,AD 44,2025-11-04_22:10:28.313194
ED   16,0.00%,Antonio Reynoso,(Democratic),372,AD 44,2025-11-04_22:10:28.313194
ED   16,0.00%,Janine Acquafredda,(Republican),15,AD 44,2025-11-04_22:10:28.313194
ED   16,0.00%,Janine Acquafredda,(Conservative),2,AD 44,2025-11-04_22:10:28.313194
ED   16,0.00%,Antonio Reynoso,(Working Families),162,AD 44,2025-11-04_22:10:28.313194
ED   16,0.00%,WRITE-IN,&nbsp,1,AD 44,2025-11-04_22:10:28.313194
ED   17,0.00%,Antonio Reynoso,(Democratic),654,AD 44,2025-11-04_22:10:28.313194
ED   17,0.00%,Janine Acquafredda,(Republican),56,AD 44,2025-11-04_22:10:28.313194
ED   17,0.00%,Janine Acquafredda,(Conservative),10,AD 44,2025-11-04_22:10:28.313194
ED   17,0.00%,Antonio Reynoso,(Working Families),275,AD 44,2025-11-04_22:10:28.313194
ED   17,0.00%,WRITE-IN,&nbsp,-,AD 44,2025-11-04_22:10:28.313194
ED   18,0.00%,Antonio Reynoso,(Democratic),464,AD 44,2025-11-04_22:10:28.313194
ED   18,0.00%,Janine Acquafredda,(Republican),56,AD 44,2025-11-04_22:10:28.313194
ED   18,0.00%,Janine Acquafredda,(Conservative),12,AD 44,2025-11-04_22:10:28.313194
ED   18,0.00%,Antonio Reynoso,(Working Families),209,AD 44,2025-11-04_22:10:28.313194
ED   18,0.00%,WRITE-IN,&nbsp,1,AD 44,2025-11-04_22:10:28.313194
ED   19,0.00%,Antonio Reynoso,(Democratic),303,AD 44,2025-11-04_22:10:28.313194
ED   19,0.00%,Janine Acquafredda,(Republican),21,AD 44,2025-11-04_22:10:28.313194
ED   19,0.00%,Janine Acquafredda,(Conservative),6,AD 44,2025-11-04_22:10:28.313194
ED   19,0.00%,Antonio Reynoso,(Working Families),152,AD 44,2025-11-04_22:10:28.313194
ED   19,0.00%,WRITE-IN,&nbsp,-,AD 44,2025-11-04_22:10:28.313194
ED   20,0.00%,Antonio Reynoso,(Democratic),261,AD 44,2025-11-04_22:10:28.313194
ED   20,0.00%,Janine Acquafredda,(Republican),15,AD 44,2025-11-04_22:10:28.313194
ED   20,0.00%,Janine Acquafredda,(Conservative),1,AD 44,2025-11-04_22:10:28.313194
ED   20,0.00%,Antonio Reynoso,(Working Families),107,AD 44,2025-11-04_22:10:28.313194
ED   20,0.00%,WRITE-IN,&nbsp,3,AD 44,2025-11-04_22:10:28.313194
ED   21,0.00%,Antonio Reynoso,(Democratic),362,AD 44,2025-11-04_22:10:28.313194
ED   21,0.00%,Janine Acquafredda,(Republican),64,AD 44,2025-11-04_22:10:28.313194
ED   21,0.00%,Janine Acquafredda,(Conservative),11,AD 44,2025-11-04_22:10:28.313194
ED   21,0.00%,Antonio Reynoso,(Working Families),230,AD 44,2025-11-04_22:10:28.313194
ED   21,0.00%,WRITE-IN,&nbsp,-,AD 44,2025-11-04_22:10:28.313194
ED   22,0.00%,Antonio Reynoso,(Democratic),392,AD 44,2025-11-04_22:10:28.313194
ED   22,0.00%,Janine Acquafredda,(Republican),33,AD 44,2025-11-04_22:10:28.313194
ED   22,0.00%,Janine Acquafredda,(Conservative),9,AD 44,2025-11-04_22:10:28.313194
ED   22,0.00%,Antonio Reynoso,(Working Families),190,AD 44,2025-11-04_22:10:28.313194
ED   22,0.00%,WRITE-IN,&nbsp,1,AD 44,2025-11-04_22:10:28.313194
ED   23,0.00%,Antonio Reynoso,(Democratic),546,AD 44,2025-11-04_22:10:28.313194
ED   23,0.00%,Janine Acquafredda,(Republican),44,AD 44,2025-11-04_22:10:28.313194
ED   23,0.00%,Janine Acquafredda,(Conservative),5,AD 44,2025-11-04_22:10:28.313194
ED   23,0.00%,Antonio Reynoso,(Working Families),261,AD 44,2025-11-04_22:10:28.313194
ED   23,0.00%,WRITE-IN,&nbsp,1,AD 44,2025-11-04_22:10:28.313194
ED   24,0.00%,Antonio Reynoso,(Democratic),471,AD 44,2025-11-04_22:10:28.313194
ED   24,0.00%,Janine Acquafredda,(Republican),81,AD 44,2025-11-04_22:10:28.313194
ED   24,0.00%,Janine Acquafredda,(Conservative),14,AD 44,2025-11-04_22:10:28.313194
ED   24,0.00%,Antonio Reynoso,(Working Families),178,AD 44,2025-11-04_22:10:28.313194
ED   24,0.00%,WRITE-IN,&nbsp,1,AD 44,2025-11-04_22:10:28.313194
ED   25,0.00%,Antonio Reynoso,(Democratic),584,AD 44,2025-11-04_22:10:28.313194
ED   25,0.00%,Janine Acquafredda,(Republican),64,AD 44,2025-11-04_22:10:28.313194
ED   25,0.00%,Janine Acquafredda,(Conservative),10,AD 44,2025-11-04_22:10:28.313194
ED   25,0.00%,Antonio Reynoso,(Working Families),222,AD 44,2025-11-04_22:10:28.313194
ED   25,0.00%,WRITE-IN,&nbsp,2,AD 44,2025-11-04_22:10:28.313194
ED   26,0.00%,Antonio Reynoso,(Democratic),450,AD 44,2025-11-04_22:10:28.313194
ED   26,0.00%,Janine Acquafredda,(Republican),52,AD 44,2025-11-04_22:10:28.313194
ED   26,0.00%,Janine Acquafredda,(Conservative),9,AD 44,2025-11-04_22:10:28.313194
ED   26,0.00%,Antonio Reynoso,(Working Families),217,AD 44,2025-11-04_22:10:28.313194
ED   26,0.00%,WRITE-IN,&nbsp,1,AD 44,2025-11-04_22:10:28.313194
ED   27,0.00%,Antonio Reynoso,(Democratic),546,AD 44,2025-11-04_22:10:28.313194
ED   27,0.00%,Janine Acquafredda,(Republican),56,AD 44,2025-11-04_22:10:28.313194
ED   27,0.00%,Janine Acquafredda,(Conservative),11,AD 44,2025-11-04_22:10:28.313194
ED   27,0.00%,Antonio Reynoso,(Working Families),216,AD 44,2025-11-04_22:10:28.313194
ED   27,0.00%,WRITE-IN,&nbsp,-,AD 44,2025-11-04_22:10:28.313194
ED   28,0.00%,Antonio Reynoso,(Democratic),535,AD 44,2025-11-04_22:10:28.313194
ED   28,0.00%,Janine Acquafredda,(Republican),50,AD 44,2025-11-04_22:10:28.313194
ED   28,0.00%,Janine Acquafredda,(Conservative),8,AD 44,2025-11-04_22:10:28.313194
ED   28,0.00%,Antonio Reynoso,(Working Families),242,AD 44,2025-11-04_22:10:28.313194
ED   28,0.00%,WRITE-IN,&nbsp,2,AD 44,2025-11-04_22:10:28.313194
ED   29,0.00%,Antonio Reynoso,(Democratic),605,AD 44,2025-11-04_22:10:28.313194
ED   29,0.00%,Janine Acquafredda,(Republican),48,AD 44,2025-11-04_22:10:28.313194
ED   29,0.00%,Janine Acquafredda,(Conservative),11,AD 44,2025-11-04_22:10:28.313194
ED   29,0.00%,Antonio Reynoso,(Working Families),257,AD 44,2025-11-04_22:10:28.313194
ED   29,0.00%,WRITE-IN,&nbsp,1,AD 44,2025-11-04_22:10:28.313194
ED   30,0.00%,Antonio Reynoso,(Democratic),523,AD 44,2025-11-04_22:10:28.313194
ED   30,0.00%,Janine Acquafredda,(Republican),56,AD 44,2025-11-04_22:10:28.313194
ED   30,0.00%,Janine Acquafredda,(Conservative),11,AD 44,2025-11-04_22:10:28.313194
ED   30,0.00%,Antonio Reynoso,(Working Families),219,AD 44,2025-11-04_22:10:28.313194
ED   30,0.00%,WRITE-IN,&nbsp,2,AD 44,2025-11-04_22:10:28.313194
ED   31,0.00%,Antonio Reynoso,(Democratic),582,AD 44,2025-11-04_22:10:28.313194
ED   31,0.00%,Janine Acquafredda,(Republican),73,AD 44,2025-11-04_22:10:28.313194
ED   31,0.00%,Janine Acquafredda,(Conservative),16,AD 44,2025-11-04_22:10:28.313194
ED   31,0.00%,Antonio Reynoso,(Working Families),292,AD 44,2025-11-04_22:10:28.313194
ED   31,0.00%,WRITE-IN,&nbsp,4,AD 44,2025-11-04_22:10:28.313194
ED   32,0.00%,Antonio Reynoso,(Democratic),467,AD 44,2025-11-04_22:10:28.313194
ED   32,0.00%,Janine Acquafredda,(Republican),52,AD 44,2025-11-04_22:10:28.313194
ED   32,0.00%,Janine Acquafredda,(Conservative),5,AD 44,2025-11-04_22:10:28.313194
ED   32,0.00%,Antonio Reynoso,(Working Families),235,AD 44,2025-11-04_22:10:28.313194
ED   32,0.00%,WRITE-IN,&nbsp,-,AD 44,2025-11-04_22:10:28.313194
ED   33,0.00%,Antonio Reynoso,(Democratic),552,AD 44,2025-11-04_22:10:28.313194
ED   33,0.00%,Janine Acquafredda,(Republican),103,AD 44,2025-11-04_22:10:28.313194
ED   33,0.00%,Janine Acquafredda,(Conservative),10,AD 44,2025-11-04_22:10:28.313194
ED   33,0.00%,Antonio Reynoso,(Working Families),265,AD 44,2025-11-04_22:10:28.313194
ED   33,0.00%,WRITE-IN,&nbsp,4,AD 44,2025-11-04_22:10:28.313194
ED   34,0.00%,Antonio Reynoso,(Democratic),256,AD 44,2025-11-04_22:10:28.313194
ED   34,0.00%,Janine Acquafredda,(Republican),33,AD 44,2025-11-04_22:10:28.313194
ED   34,0.00%,Janine Acquafredda,(Conservative),6,AD 44,2025-11-04_22:10:28.313194
ED   34,0.00%,Antonio Reynoso,(Working Families),100,AD 44,2025-11-04_22:10:28.313194
ED   34,0.00%,WRITE-IN,&nbsp,-,AD 44,2025-11-04_22:10:28.313194
ED   35,0.00%,Antonio Reynoso,(Democratic),339,AD 44,2025-11-04_22:10:28.313194
ED   35,0.00%,Janine Acquafredda,(Republican),52,AD 44,2025-11-04_22:10:28.313194
ED   35,0.00%,Janine Acquafredda,(Conservative),13,AD 44,2025-11-04_22:10:28.313194
ED   35,0.00%,Antonio Reynoso,(Working Families),188,AD 44,2025-11-04_22:10:28.313194
ED   35,0.00%,WRITE-IN,&nbsp,1,AD 44,2025-11-04_22:10:28.313194
ED   36,0.00%,Antonio Reynoso,(Democratic),573,AD 44,2025-11-04_22:10:28.313194
ED   36,0.00%,Janine Acquafredda,(Republican),130,AD 44,2025-11-04_22:10:28.313194
ED   36,0.00%,Janine Acquafredda,(Conservative),27,AD 44,2025-11-04_22:10:28.313194
ED   36,0.00%,Antonio Reynoso,(Working Families),255,AD 44,2025-11-04_22:10:28.313194
ED   36,0.00%,WRITE-IN,&nbsp,-,AD 44,2025-11-04_22:10:28.313194
ED   37,0.00%,Antonio Reynoso,(Democratic),577,AD 44,2025-11-04_22:10:28.313194
ED   37,0.00%,Janine Acquafredda,(Republican),113,AD 44,2025-11-04_22:10:28.313194
ED   37,0.00%,Janine Acquafredda,(Conservative),28,AD 44,2025-11-04_22:10:28.313194
ED   37,0.00%,Antonio Reynoso,(Working Families),221,AD 44,2025-11-04_22:10:28.313194
ED   37,0.00%,WRITE-IN,&nbsp,6,AD 44,2025-11-04_22:10:28.313194
ED   38,0.00%,Antonio Reynoso,(Democratic),549,AD 44,2025-11-04_22:10:28.313194
ED   38,0.00%,Janine Acquafredda,(Republican),97,AD 44,2025-11-04_22:10:28.313194
ED   38,0.00%,Janine Acquafredda,(Conservative),12,AD 44,2025-11-04_22:10:28.313194
ED   38,0.00%,Antonio Reynoso,(Working Families),280,AD 44,2025-11-04_22:10:28.313194
ED   38,0.00%,WRITE-IN,&nbsp,3,AD 44,2025-11-04_22:10:28.313194
ED   39,0.00%,Antonio Reynoso,(Democratic),448,AD 44,2025-11-04_22:10:28.313194
ED   39,0.00%,Janine Acquafredda,(Republican),48,AD 44,2025-11-04_22:10:28.313194
ED   39,0.00%,Janine Acquafredda,(Conservative),17,AD 44,2025-11-04_22:10:28.313194
ED   39,0.00%,Antonio Reynoso,(Working Families),285,AD 44,2025-11-04_22:10:28.313194
ED   39,0.00%,WRITE-IN,&nbsp,3,AD 44,2025-11-04_22:10:28.313194
ED   40,0.00%,Antonio Reynoso,(Democratic),329,AD 44,2025-11-04_22:10:28.313194
ED   40,0.00%,Janine Acquafredda,(Republican),83,AD 44,2025-11-04_22:10:28.313194
ED   40,0.00%,Janine Acquafredda,(Conservative),14,AD 44,2025-11-04_22:10:28.313194
ED   40,0.00%,Antonio Reynoso,(Working Families),170,AD 44,2025-11-04_22:10:28.313194
ED   40,0.00%,WRITE-IN,&nbsp,2,AD 44,2025-11-04_22:10:28.313194
ED   41,0.00%,Antonio Reynoso,(Democratic),388,AD 44,2025-11-04_22:10:28.313194
ED   41,0.00%,Janine Acquafredda,(Republican),111,AD 44,2025-11-04_22:10:28.313194
ED   41,0.00%,Janine Acquafredda,(Conservative),11,AD 44,2025-11-04_22:10:28.313194
ED   41,0.00%,Antonio Reynoso,(Working Families),192,AD 44,2025-11-04_22:10:28.313194
ED   41,0.00%,WRITE-IN,&nbsp,2,AD 44,2025-11-04_22:10:28.313194
ED   42,0.00%,Antonio Reynoso,(Democratic),212,AD 44,2025-11-04_22:10:28.313194
ED   42,0.00%,Janine Acquafredda,(Republican),65,AD 44,2025-11-04_22:10:28.313194
ED   42,0.00%,Janine Acquafredda,(Conservative),15,AD 44,2025-11-04_22:10:28.313194
ED   42,0.00%,Antonio Reynoso,(Working Families),31,AD 44,2025-11-04_22:10:28.313194
ED   42,0.00%,WRITE-IN,&nbsp,-,AD 44,2025-11-04_22:10:28.313194
ED   43,0.00%,Antonio Reynoso,(Democratic),383,AD 44,2025-11-04_22:10:28.313194
ED   43,0.00%,Janine Acquafredda,(Republican),97,AD 44,2025-11-04_22:10:28.313194
ED   43,0.00%,Janine Acquafredda,(Conservative),10,AD 44,2025-11-04_22:10:28.313194
ED   43,0.00%,Antonio Reynoso,(Working Families),169,AD 44,2025-11-04_22:10:28.313194
ED   43,0.00%,WRITE-IN,&nbsp,2,AD 44,2025-11-04_22:10:28.313194
ED   44,0.00%,Antonio Reynoso,(Democratic),262,AD 44,2025-11-04_22:10:28.313194
ED   44,0.00%,Janine Acquafredda,(Republican),80,AD 44,2025-11-04_22:10:28.313194
ED   44,0.00%,Janine Acquafredda,(Conservative),8,AD 44,2025-11-04_22:10:28.313194
ED   44,0.00%,Antonio Reynoso,(Working Families),64,AD 44,2025-11-04_22:10:28.313194
ED   44,0.00%,WRITE-IN,&nbsp,1,AD 44,2025-11-04_22:10:28.313194
ED   45,0.00%,Antonio Reynoso,(Democratic),413,AD 44,2025-11-04_22:10:28.313194
ED   45,0.00%,Janine Acquafredda,(Republican),78,AD 44,2025-11-04_22:10:28.313194
ED   45,0.00%,Janine Acquafredda,(Conservative),19,AD 44,2025-11-04_22:10:28.313194
ED   45,0.00%,Antonio Reynoso,(Working Families),219,AD 44,2025-11-04_22:10:28.313194
ED   45,0.00%,WRITE-IN,&nbsp,1,AD 44,2025-11-04_22:10:28.313194
ED   46,0.00%,Antonio Reynoso,(Democratic),463,AD 44,2025-11-04_22:10:28.313194
ED   46,0.00%,Janine Acquafredda,(Republican),91,AD 44,2025-11-04_22:10:28.313194
ED   46,0.00%,Janine Acquafredda,(Conservative),13,AD 44,2025-11-04_22:10:28.313194
ED   46,0.00%,Antonio Reynoso,(Working Families),253,AD 44,2025-11-04_22:10:28.313194
ED   46,0.00%,WRITE-IN,&nbsp,1,AD 44,2025-11-04_22:10:28.313194
ED   47,0.00%,Antonio Reynoso,(Democratic),333,AD 44,2025-11-04_22:10:28.313194
ED   47,0.00%,Janine Acquafredda,(Republican),40,AD 44,2025-11-04_22:10:28.313194
ED   47,0.00%,Janine Acquafredda,(Conservative),11,AD 44,2025-11-04_22:10:28.313194
ED   47,0.00%,Antonio Reynoso,(Working Families),83,AD 44,2025-11-04_22:10:28.313194
ED   47,0.00%,WRITE-IN,&nbsp,-,AD 44,2025-11-04_22:10:28.313194
ED   48,0.00%,Antonio Reynoso,(Democratic),388,AD 44,2025-11-04_22:10:28.313194
ED   48,0.00%,Janine Acquafredda,(Republican),99,AD 44,2025-11-04_22:10:28.313194
ED   48,0.00%,Janine Acquafredda,(Conservative),22,AD 44,2025-11-04_22:10:28.313194
ED   48,0.00%,Antonio Reynoso,(Working Families),73,AD 44,2025-11-04_22:10:28.313194
ED   48,0.00%,WRITE-IN,&nbsp,7,AD 44,2025-11-04_22:10:28.313194
ED   49,0.00%,Antonio Reynoso,(Democratic),189,AD 44,2025-11-04_22:10:28.313194
ED   49,0.00%,Janine Acquafredda,(Republican),70,AD 44,2025-11-04_22:10:28.313194
ED   49,0.00%,Janine Acquafredda,(Conservative),25,AD 44,2025-11-04_22:10:28.313194
ED   49,0.00%,Antonio Reynoso,(Working Families),23,AD 44,2025-11-04_22:10:28.313194
ED   49,0.00%,WRITE-IN,&nbsp,1,AD 44,2025-11-04_22:10:28.313194
ED   50,0.00%,Antonio Reynoso,(Democratic),173,AD 44,2025-11-04_22:10:28.313194
ED   50,0.00%,Janine Acquafredda,(Republican),61,AD 44,2025-11-04_22:10:28.313194
ED   50,0.00%,Janine Acquafredda,(Conservative),13,AD 44,2025-11-04_22:10:28.313194
ED   50,0.00%,Antonio Reynoso,(Working Families),19,AD 44,2025-11-04_22:10:28.313194
ED   50,0.00%,WRITE-IN,&nbsp,1,AD 44,2025-11-04_22:10:28.313194
ED   51,0.00%,Antonio Reynoso,(Democratic),200,AD 44,2025-11-04_22:10:28.313194
ED   51,0.00%,Janine Acquafredda,(Republican),90,AD 44,2025-11-04_22:10:28.313194
ED   51,0.00%,Janine Acquafredda,(Conservative),12,AD 44,2025-11-04_22:10:28.313194
ED   51,0.00%,Antonio Reynoso,(Working Families),19,AD 44,2025-11-04_22:10:28.313194
ED   51,0.00%,WRITE-IN,&nbsp,4,AD 44,2025-11-04_22:10:28.313194
ED   52,0.00%,Antonio Reynoso,(Democratic),40,AD 44,2025-11-04_22:10:28.313194
ED   52,0.00%,Janine Acquafredda,(Republican),27,AD 44,2025-11-04_22:10:28.313194
ED   52,0.00%,Janine Acquafredda,(Conservative),5,AD 44,2025-11-04_22:10:28.313194
ED   52,0.00%,Antonio Reynoso,(Working Families),18,AD 44,2025-11-04_22:10:28.313194
ED   52,0.00%,WRITE-IN,&nbsp,-,AD 44,2025-11-04_22:10:28.313194
ED   53,0.00%,Antonio Reynoso,(Democratic),319,AD 44,2025-11-04_22:10:28.313194
ED   53,0.00%,Janine Acquafredda,(Republican),123,AD 44,2025-11-04_22:10:28.313194
ED   53,0.00%,Janine Acquafredda,(Conservative),25,AD 44,2025-11-04_22:10:28.313194
ED   53,0.00%,Antonio Reynoso,(Working Families),75,AD 44,2025-11-04_22:10:28.313194
ED   53,0.00%,WRITE-IN,&nbsp,1,AD 44,2025-11-04_22:10:28.313194
ED   54,0.00%,Antonio Reynoso,(Democratic),440,AD 44,2025-11-04_22:10:28.313194
ED   54,0.00%,Janine Acquafredda,(Republican),57,AD 44,2025-11-04_22:10:28.313194
ED   54,0.00%,Janine Acquafredda,(Conservative),4,AD 44,2025-11-04_22:10:28.313194
ED   54,0.00%,Antonio Reynoso,(Working Families),205,AD 44,2025-11-04_22:10:28.313194
ED   54,0.00%,WRITE-IN,&nbsp,6,AD 44,2025-11-04_22:10:28.313194
ED   55,0.00%,Antonio Reynoso,(Democratic),117,AD 44,2025-11-04_22:10:28.313194
ED   55,0.00%,Janine Acquafredda,(Republican),27,AD 44,2025-11-04_22:10:28.313194
ED   55,0.00%,Janine Acquafredda,(Conservative),2,AD 44,2025-11-04_22:10:28.313194
ED   55,0.00%,Antonio Reynoso,(Working Families),76,AD 44,2025-11-04_22:10:28.313194
ED   55,0.00%,WRITE-IN,&nbsp,-,AD 44,2025-11-04_22:10:28.313194
ED   56,0.00%,Antonio Reynoso,(Democratic),436,AD 44,2025-11-04_22:10:28.313194
ED   56,0.00%,Janine Acquafredda,(Republican),68,AD 44,2025-11-04_22:10:28.313194
ED   56,0.00%,Janine Acquafredda,(Conservative),12,AD 44,2025-11-04_22:10:28.313194
ED   56,0.00%,Antonio Reynoso,(Working Families),208,AD 44,2025-11-04_22:10:28.313194
ED   56,0.00%,WRITE-IN,&nbsp,-,AD 44,2025-11-04_22:10:28.313194
ED   57,0.00%,Antonio Reynoso,(Democratic),348,AD 44,2025-11-04_22:10:28.313194
ED   57,0.00%,Janine Acquafredda,(Republican),121,AD 44,2025-11-04_22:10:28.313194
ED   57,0.00%,Janine Acquafredda,(Conservative),17,AD 44,2025-11-04_22:10:28.313194
ED   57,0.00%,Antonio Reynoso,(Working Families),99,AD 44,2025-11-04_22:10:28.313194
ED   57,0.00%,WRITE-IN,&nbsp,2,AD 44,2025-11-04_22:10:28.313194
ED   58,0.00%,Antonio Reynoso,(Democratic),325,AD 44,2025-11-04_22:10:28.313194
ED   58,0.00%,Janine Acquafredda,(Republican),81,AD 44,2025-11-04_22:10:28.313194
ED   58,0.00%,Janine Acquafredda,(Conservative),18,AD 44,2025-11-04_22:10:28.313194
ED   58,0.00%,Antonio Reynoso,(Working Families),90,AD 44,2025-11-04_22:10:28.313194
ED   58,0.00%,WRITE-IN,&nbsp,-,AD 44,2025-11-04_22:10:28.313194
ED   59,0.00%,Antonio Reynoso,(Democratic),45,AD 44,2025-11-04_22:10:28.313194
ED   59,0.00%,Janine Acquafredda,(Republican),4,AD 44,2025-11-04_22:10:28.313194
ED   59,0.00%,Janine Acquafredda,(Conservative),1,AD 44,2025-11-04_22:10:28.313194
ED   59,0.00%,Antonio Reynoso,(Working Families),32,AD 44,2025-11-04_22:10:28.313194
ED   59,0.00%,WRITE-IN,&nbsp,2,AD 44,2025-11-04_22:10:28.313194
ED   60,0.00%,Antonio Reynoso,(Democratic),144,AD 44,2025-11-04_22:10:28.313194
ED   60,0.00%,Janine Acquafredda,(Republican),4,AD 44,2025-11-04_22:10:28.313194
ED   60,0.00%,Janine Acquafredda,(Conservative),-,AD 44,2025-11-04_22:10:28.313194
ED   60,0.00%,Antonio Reynoso,(Working Families),81,AD 44,2025-11-04_22:10:28.313194
ED   60,0.00%,WRITE-IN,&nbsp,1,AD 44,2025-11-04_22:10:28.313194
ED   61,0.00%,Antonio Reynoso,(Democratic),321,AD 44,2025-11-04_22:10:28.313194
ED   61,0.00%,Janine Acquafredda,(Republican),42,AD 44,2025-11-04_22:10:28.313194
ED   61,0.00%,Janine Acquafredda,(Conservative),7,AD 44,2025-11-04_22:10:28.313194
ED   61,0.00%,Antonio Reynoso,(Working Families),186,AD 44,2025-11-04_22:10:28.313194
ED   61,0.00%,WRITE-IN,&nbsp,1,AD 44,2025-11-04_22:10:28.313194
ED   62,0.00%,Antonio Reynoso,(Democratic),420,AD 44,2025-11-04_22:10:28.313194
ED   62,0.00%,Janine Acquafredda,(Republican),48,AD 44,2025-11-04_22:10:28.313194
ED   62,0.00%,Janine Acquafredda,(Conservative),11,AD 44,2025-11-04_22:10:28.313194
ED   62,0.00%,Antonio Reynoso,(Working Families),204,AD 44,2025-11-04_22:10:28.313194
ED   62,0.00%,WRITE-IN,&nbsp,3,AD 44,2025-11-04_22:10:28.313194
ED   63,0.00%,Antonio Reynoso,(Democratic),111,AD 44,2025-11-04_22:10:28.313194
ED   63,0.00%,Janine Acquafredda,(Republican),4,AD 44,2025-11-04_22:10:28.313194
ED   63,0.00%,Janine Acquafredda,(Conservative),1,AD 44,2025-11-04_22:10:28.313194
ED   63,0.00%,Antonio Reynoso,(Working Families),46,AD 44,2025-11-04_22:10:28.313194
ED   63,0.00%,WRITE-IN,&nbsp,-,AD 44,2025-11-04_22:10:28.313194
ED   64,0.00%,Antonio Reynoso,(Democratic),76,AD 44,2025-11-04_22:10:28.313194
ED   64,0.00%,Janine Acquafredda,(Republican),6,AD 44,2025-11-04_22:10:28.313194
ED   64,0.00%,Janine Acquafredda,(Conservative),4,AD 44,2025-11-04_22:10:28.313194
ED   64,0.00%,Antonio Reynoso,(Working Families),37,AD 44,2025-11-04_22:10:28.313194
ED   64,0.00%,WRITE-IN,&nbsp,-,AD 44,2025-11-04_22:10:28.313194
ED   65,0.00%,Antonio Reynoso,(Democratic),386,AD 44,2025-11-04_22:10:28.313194
ED   65,0.00%,Janine Acquafredda,(Republican),21,AD 44,2025-11-04_22:10:28.313194
ED   65,0.00%,Janine Acquafredda,(Conservative),2,AD 44,2025-11-04_22:10:28.313194
ED   65,0.00%,Antonio Reynoso,(Working Families),175,AD 44,2025-11-04_22:10:28.313194
ED   65,0.00%,WRITE-IN,&nbsp,1,AD 44,2025-11-04_22:10:28.313194
ED   66,0.00%,Antonio Reynoso,(Democratic),119,AD 44,2025-11-04_22:10:28.313194
ED   66,0.00%,Janine Acquafredda,(Republican),34,AD 44,2025-11-04_22:10:28.313194
ED   66,0.00%,Janine Acquafredda,(Conservative),9,AD 44,2025-11-04_22:10:28.313194
ED   66,0.00%,Antonio Reynoso,(Working Families),66,AD 44,2025-11-04_22:10:28.313194
ED   66,0.00%,WRITE-IN,&nbsp,-,AD 44,2025-11-04_22:10:28.313194
ED   67,0.00%,Antonio Reynoso,(Democratic),301,AD 44,2025-11-04_22:10:28.313194
ED   67,0.00%,Janine Acquafredda,(Republican),38,AD 44,2025-11-04_22:10:28.313194
ED   67,0.00%,Janine Acquafredda,(Conservative),4,AD 44,2025-11-04_22:10:28.313194
ED   67,0.00%,Antonio Reynoso,(Working Families),88,AD 44,2025-11-04_22:10:28.313194
ED   67,0.00%,WRITE-IN,&nbsp,-,AD 44,2025-11-04_22:10:28.313194
ED   68,0.00%,Antonio Reynoso,(Democratic),227,AD 44,2025-11-04_22:10:28.313194
ED   68,0.00%,Janine Acquafredda,(Republican),37,AD 44,2025-11-04_22:10:28.313194
ED   68,0.00%,Janine Acquafredda,(Conservative),2,AD 44,2025-11-04_22:10:28.313194
ED   68,0.00%,Antonio Reynoso,(Working Families),144,AD 44,2025-11-04_22:10:28.313194
ED   68,0.00%,WRITE-IN,&nbsp,2,AD 44,2025-11-04_22:10:28.313194
ED   69,0.00%,Antonio Reynoso,(Democratic),426,AD 44,2025-11-04_22:10:28.313194
ED   69,0.00%,Janine Acquafredda,(Republican),121,AD 44,2025-11-04_22:10:28.313194
ED   69,0.00%,Janine Acquafredda,(Conservative),15,AD 44,2025-11-04_22:10:28.313194
ED   69,0.00%,Antonio Reynoso,(Working Families),86,AD 44,2025-11-04_22:10:28.313194
ED   69,0.00%,WRITE-IN,&nbsp,3,AD 44,2025-11-04_22:10:28.313194
ED   70,0.00%,Antonio Reynoso,(Democratic),296,AD 44,2025-11-04_22:10:28.313194
ED   70,0.00%,Janine Acquafredda,(Republican),33,AD 44,2025-11-04_22:10:28.313194
ED   70,0.00%,Janine Acquafredda,(Conservative),9,AD 44,2025-11-04_22:10:28.313194
ED   70,0.00%,Antonio Reynoso,(Working Families),70,AD 44,2025-11-04_22:10:28.313194
ED   70,0.00%,WRITE-IN,&nbsp,-,AD 44,2025-11-04_22:10:28.313194
ED   71,0.00%,Antonio Reynoso,(Democratic),328,AD 44,2025-11-04_22:10:28.313194
ED   71,0.00%,Janine Acquafredda,(Republican),68,AD 44,2025-11-04_22:10:28.313194
ED   71,0.00%,Janine Acquafredda,(Conservative),8,AD 44,2025-11-04_22:10:28.313194
ED   71,0.00%,Antonio Reynoso,(Working Families),88,AD 44,2025-11-04_22:10:28.313194
ED   71,0.00%,WRITE-IN,&nbsp,1,AD 44,2025-11-04_22:10:28.313194
ED   72,0.00%,Antonio Reynoso,(Democratic),396,AD 44,2025-11-04_22:10:28.313194
ED   72,0.00%,Janine Acquafredda,(Republican),98,AD 44,2025-11-04_22:10:28.313194
ED   72,0.00%,Janine Acquafredda,(Conservative),12,AD 44,2025-11-04_22:10:28.313194
ED   72,0.00%,Antonio Reynoso,(Working Families),105,AD 44,2025-11-04_22:10:28.313194
ED   72,0.00%,WRITE-IN,&nbsp,-,AD 44,2025-11-04_22:10:28.313194
ED   73,0.00%,Antonio Reynoso,(Democratic),140,AD 44,2025-11-04_22:10:28.313194
ED   73,0.00%,Janine Acquafredda,(Republican),20,AD 44,2025-11-04_22:10:28.313194
ED   73,0.00%,Janine Acquafredda,(Conservative),1,AD 44,2025-11-04_22:10:28.313194
ED   73,0.00%,Antonio Reynoso,(Working Families),61,AD 44,2025-11-04_22:10:28.313194
ED   73,0.00%,WRITE-IN,&nbsp,-,AD 44,2025-11-04_22:10:28.313194
ED   74,0.00%,Antonio Reynoso,(Democratic),428,AD 44,2025-11-04_22:10:28.313194
ED   74,0.00%,Janine Acquafredda,(Republican),58,AD 44,2025-11-04_22:10:28.313194
ED   74,0.00%,Janine Acquafredda,(Conservative),8,AD 44,2025-11-04_22:10:28.313194
ED   74,0.00%,Antonio Reynoso,(Working Families),159,AD 44,2025-11-04_22:10:28.313194
ED   74,0.00%,WRITE-IN,&nbsp,-,AD 44,2025-11-04_22:10:28.313194
ED   75,0.00%,Antonio Reynoso,(Democratic),253,AD 44,2025-11-04_22:10:28.313194
ED   75,0.00%,Janine Acquafredda,(Republican),44,AD 44,2025-11-04_22:10:28.313194
ED   75,0.00%,Janine Acquafredda,(Conservative),7,AD 44,2025-11-04_22:10:28.313194
ED   75,0.00%,Antonio Reynoso,(Working Families),55,AD 44,2025-11-04_22:10:28.313194
ED   75,0.00%,WRITE-IN,&nbsp,1,AD 44,2025-11-04_22:10:28.313194
ED   76,0.00%,Antonio Reynoso,(Democratic),269,AD 44,2025-11-04_22:10:28.313194
ED   76,0.00%,Janine Acquafredda,(Republican),35,AD 44,2025-11-04_22:10:28.313194
ED   76,0.00%,Janine Acquafredda,(Conservative),7,AD 44,2025-11-04_22:10:28.313194
ED   76,0.00%,Antonio Reynoso,(Working Families),62,AD 44,2025-11-04_22:10:28.313194
ED   76,0.00%,WRITE-IN,&nbsp,-,AD 44,2025-11-04_22:10:28.313194
ED   77,0.00%,Antonio Reynoso,(Democratic),91,AD 44,2025-11-04_22:10:28.313194
ED   77,0.00%,Janine Acquafredda,(Republican),7,AD 44,2025-11-04_22:10:28.313194
ED   77,0.00%,Janine Acquafredda,(Conservative),2,AD 44,2025-11-04_22:10:28.313194
ED   77,0.00%,Antonio Reynoso,(Working Families),55,AD 44,2025-11-04_22:10:28.313194
ED   77,0.00%,WRITE-IN,&nbsp,-,AD 44,2025-11-04_22:10:28.313194
ED   78,0.00%,Antonio Reynoso,(Democratic),253,AD 44,2025-11-04_22:10:28.313194
ED   78,0.00%,Janine Acquafredda,(Republican),48,AD 44,2025-11-04_22:10:28.313194
ED   78,0.00%,Janine Acquafredda,(Conservative),5,AD 44,2025-11-04_22:10:28.313194
ED   78,0.00%,Antonio Reynoso,(Working Families),78,AD 44,2025-11-04_22:10:28.313194
ED   78,0.00%,WRITE-IN,&nbsp,5,AD 44,2025-11-04_22:10:28.313194
ED   79,0.00%,Antonio Reynoso,(Democratic),530,AD 44,2025-11-04_22:10:28.313194
ED   79,0.00%,Janine Acquafredda,(Republican),45,AD 44,2025-11-04_22:10:28.313194
ED   79,0.00%,Janine Acquafredda,(Conservative),7,AD 44,2025-11-04_22:10:28.313194
ED   79,0.00%,Antonio Reynoso,(Working Families),147,AD 44,2025-11-04_22:10:28.313194
ED   79,0.00%,WRITE-IN,&nbsp,1,AD 44,2025-11-04_22:10:28.313194
ED   80,0.00%,Antonio Reynoso,(Democratic),294,AD 44,2025-11-04_22:10:28.313194
ED   80,0.00%,Janine Acquafredda,(Republican),35,AD 44,2025-11-04_22:10:28.313194
ED   80,0.00%,Janine Acquafredda,(Conservative),8,AD 44,2025-11-04_22:10:28.313194
ED   80,0.00%,Antonio Reynoso,(Working Families),120,AD 44,2025-11-04_22:10:28.313194
ED   80,0.00%,WRITE-IN,&nbsp,2,AD 44,2025-11-04_22:10:28.313194
ED   81,0.00%,Antonio Reynoso,(Democratic),337,AD 44,2025-11-04_22:10:28.313194
ED   81,0.00%,Janine Acquafredda,(Republican),27,AD 44,2025-11-04_22:10:28.313194
ED   81,0.00%,Janine Acquafredda,(Conservative),3,AD 44,2025-11-04_22:10:28.313194
ED   81,0.00%,Antonio Reynoso,(Working Families),160,AD 44,2025-11-04_22:10:28.313194
ED   81,0.00%,WRITE-IN,&nbsp,1,AD 44,2025-11-04_22:10:28.313194
ED   82,0.00%,Antonio Reynoso,(Democratic),-,AD 44,2025-11-04_22:10:28.313194
ED   82,0.00%,Janine Acquafredda,(Republican),-,AD 44,2025-11-04_22:10:28.313194
ED   82,0.00%,Janine Acquafredda,(Conservative),-,AD 44,2025-11-04_22:10:28.313194
ED   82,0.00%,Antonio Reynoso,(Working Families),-,AD 44,2025-11-04_22:10:28.313194
ED   82,0.00%,WRITE-IN,&nbsp,-,AD 44,2025-11-04_22:10:28.313194
ED   83,0.00%,Antonio Reynoso,(Democratic),-,AD 44,2025-11-04_22:10:28.313194
ED   83,0.00%,Janine Acquafredda,(Republican),-,AD 44,2025-11-04_22:10:28.313194
ED   83,0.00%,Janine Acquafredda,(Conservative),-,AD 44,2025-11-04_22:10:28.313194
ED   83,0.00%,Antonio Reynoso,(Working Families),-,AD 44,2025-11-04_22:10:28.313194
ED   83,0.00%,WRITE-IN,&nbsp,-,AD 44,2025-11-04_22:10:28.313194
ED   84,0.00%,Antonio Reynoso,(Democratic),-,AD 44,2025-11-04_22:10:28.313194
ED   84,0.00%,Janine Acquafredda,(Republican),-,AD 44,2025-11-04_22:10:28.313194
ED   84,0.00%,Janine Acquafredda,(Conservative),-,AD 44,2025-11-04_22:10:28.313194
ED   84,0.00%,Antonio Reynoso,(Working Families),-,AD 44,2025-11-04_22:10:28.313194
ED   84,0.00%,WRITE-IN,&nbsp,-,AD 44,2025-11-04_22:10:28.313194
Total,,Antonio Reynoso,(Democratic),28938,AD 44,2025-11-04_22:10:28.313194
Total,,Janine Acquafredda,(Republican),4148,AD 44,2025-11-04_22:10:28.313194
Total,,Janine Acquafredda,(Conservative),738,AD 44,2025-11-04_22:10:28.313194
Total,,Antonio Reynoso,(Working Families),12268,AD 44,2025-11-04_22:10:28.313194
Total,,WRITE-IN,&nbsp,110,AD 44,2025-11-04_22:10:28.313194
ED    1,0.00%,Antonio Reynoso,(Democratic),358,AD 45,2025-11-04_22:10:28.313194
ED    1,0.00%,Janine Acquafredda,(Republican),156,AD 45,2025-11-04_22:10:28.313194
ED    1,0.00%,Janine Acquafredda,(Conservative),18,AD 45,2025-11-04_22:10:28.313194
ED    1,0.00%,Antonio Reynoso,(Working Families),60,AD 45,2025-11-04_22:10:28.313194
ED    1,0.00%,WRITE-IN,&nbsp,8,AD 45,2025-11-04_22:10:28.313194
ED    2,0.00%,Antonio Reynoso,(Democratic),469,AD 45,2025-11-04_22:10:28.313194
ED    2,0.00%,Janine Acquafredda,(Republican),173,AD 45,2025-11-04_22:10:28.313194
ED    2,0.00%,Janine Acquafredda,(Conservative),35,AD 45,2025-11-04_22:10:28.313194
ED    2,0.00%,Antonio Reynoso,(Working Families),47,AD 45,2025-11-04_22:10:28.313194
ED    2,0.00%,WRITE-IN,&nbsp,6,AD 45,2025-11-04_22:10:28.313194
ED    3,0.00%,Antonio Reynoso,(Democratic),437,AD 45,2025-11-04_22:10:28.313194
ED    3,0.00%,Janine Acquafredda,(Republican),199,AD 45,2025-11-04_22:10:28.313194
ED    3,0.00%,Janine Acquafredda,(Conservative),26,AD 45,2025-11-04_22:10:28.313194
ED    3,0.00%,Antonio Reynoso,(Working Families),49,AD 45,2025-11-04_22:10:28.313194
ED    3,0.00%,WRITE-IN,&nbsp,-,AD 45,2025-11-04_22:10:28.313194
ED    4,0.00%,Antonio Reynoso,(Democratic),314,AD 45,2025-11-04_22:10:28.313194
ED    4,0.00%,Janine Acquafredda,(Republican),203,AD 45,2025-11-04_22:10:28.313194
ED    4,0.00%,Janine Acquafredda,(Conservative),19,AD 45,2025-11-04_22:10:28.313194
ED    4,0.00%,Antonio Reynoso,(Working Families),35,AD 45,2025-11-04_22:10:28.313194
ED    4,0.00%,WRITE-IN,&nbsp,-,AD 45,2025-11-04_22:10:28.313194
ED    5,0.00%,Antonio Reynoso,(Democratic),299,AD 45,2025-11-04_22:10:28.313194
ED    5,0.00%,Janine Acquafredda,(Republican),183,AD 45,2025-11-04_22:10:28.313194
ED    5,0.00%,Janine Acquafredda,(Conservative),20,AD 45,2025-11-04_22:10:28.313194
ED    5,0.00%,Antonio Reynoso,(Working Families),39,AD 45,2025-11-04_22:10:28.313194
ED    5,0.00%,WRITE-IN,&nbsp,2,AD 45,2025-11-04_22:10:28.313194
ED    6,0.00%,Antonio Reynoso,(Democratic),292,AD 45,2025-11-04_22:10:28.313194
ED    6,0.00%,Janine Acquafredda,(Republican),170,AD 45,2025-11-04_22:10:28.313194
ED    6,0.00%,Janine Acquafredda,(Conservative),15,AD 45,2025-11-04_22:10:28.313194
ED    6,0.00%,Antonio Reynoso,(Working Families),32,AD 45,2025-11-04_22:10:28.313194
ED    6,0.00%,WRITE-IN,&nbsp,3,AD 45,2025-11-04_22:10:28.313194
ED    7,0.00%,Antonio Reynoso,(Democratic),572,AD 45,2025-11-04_22:10:28.313194
ED    7,0.00%,Janine Acquafredda,(Republican),146,AD 45,2025-11-04_22:10:28.313194
ED    7,0.00%,Janine Acquafredda,(Conservative),21,AD 45,2025-11-04_22:10:28.313194
ED    7,0.00%,Antonio Reynoso,(Working Families),35,AD 45,2025-11-04_22:10:28.313194
ED    7,0.00%,WRITE-IN,&nbsp,2,AD 45,2025-11-04_22:10:28.313194
ED    8,0.00%,Antonio Reynoso,(Democratic),513,AD 45,2025-11-04_22:10:28.313194
ED    8,0.00%,Janine Acquafredda,(Republican),114,AD 45,2025-11-04_22:10:28.313194
ED    8,0.00%,Janine Acquafredda,(Conservative),21,AD 45,2025-11-04_22:10:28.313194
ED    8,0.00%,Antonio Reynoso,(Working Families),30,AD 45,2025-11-04_22:10:28.313194
ED    8,0.00%,WRITE-IN,&nbsp,-,AD 45,2025-11-04_22:10:28.313194
ED    9,0.00%,Antonio Reynoso,(Democratic),440,AD 45,2025-11-04_22:10:28.313194
ED    9,0.00%,Janine Acquafredda,(Republican),146,AD 45,2025-11-04_22:10:28.313194
ED    9,0.00%,Janine Acquafredda,(Conservative),12,AD 45,2025-11-04_22:10:28.313194
ED    9,0.00%,Antonio Reynoso,(Working Families),24,AD 45,2025-11-04_22:10:28.313194
ED    9,0.00%,WRITE-IN,&nbsp,2,AD 45,2025-11-04_22:10:28.313194
ED   10,0.00%,Antonio Reynoso,(Democratic),453,AD 45,2025-11-04_22:10:28.313194
ED   10,0.00%,Janine Acquafredda,(Republican),116,AD 45,2025-11-04_22:10:28.313194
ED   10,0.00%,Janine Acquafredda,(Conservative),22,AD 45,2025-11-04_22:10:28.313194
ED   10,0.00%,Antonio Reynoso,(Working Families),34,AD 45,2025-11-04_22:10:28.313194
ED   10,0.00%,WRITE-IN,&nbsp,-,AD 45,2025-11-04_22:10:28.313194
ED   11,0.00%,Antonio Reynoso,(Democratic),505,AD 45,2025-11-04_22:10:28.313194
ED   11,0.00%,Janine Acquafredda,(Republican),81,AD 45,2025-11-04_22:10:28.313194
ED   11,0.00%,Janine Acquafredda,(Conservative),14,AD 45,2025-11-04_22:10:28.313194
ED   11,0.00%,Antonio Reynoso,(Working Families),14,AD 45,2025-11-04_22:10:28.313194
ED   11,0.00%,WRITE-IN,&nbsp,-,AD 45,2025-11-04_22:10:28.313194
ED   12,0.00%,Antonio Reynoso,(Democratic),72,AD 45,2025-11-04_22:10:28.313194
ED   12,0.00%,Janine Acquafredda,(Republican),15,AD 45,2025-11-04_22:10:28.313194
ED   12,0.00%,Janine Acquafredda,(Conservative),6,AD 45,2025-11-04_22:10:28.313194
ED   12,0.00%,Antonio Reynoso,(Working Families),6,AD 45,2025-11-04_22:10:28.313194
ED   12,0.00%,WRITE-IN,&nbsp,-,AD 45,2025-11-04_22:10:28.313194
ED   13,0.00%,Antonio Reynoso,(Democratic),327,AD 45,2025-11-04_22:10:28.313194
ED   13,0.00%,Janine Acquafredda,(Republican),62,AD 45,2025-11-04_22:10:28.313194
ED   13,0.00%,Janine Acquafredda,(Conservative),3,AD 45,2025-11-04_22:10:28.313194
ED   13,0.00%,Antonio Reynoso,(Working Families),3,AD 45,2025-11-04_22:10:28.313194
ED   13,0.00%,WRITE-IN,&nbsp,-,AD 45,2025-11-04_22:10:28.313194
ED   14,0.00%,Antonio Reynoso,(Democratic),428,AD 45,2025-11-04_22:10:28.313194
ED   14,0.00%,Janine Acquafredda,(Republican),103,AD 45,2025-11-04_22:10:28.313194
ED   14,0.00%,Janine Acquafredda,(Conservative),10,AD 45,2025-11-04_22:10:28.313194
ED   14,0.00%,Antonio Reynoso,(Working Families),19,AD 45,2025-11-04_22:10:28.313194
ED   14,0.00%,WRITE-IN,&nbsp,4,AD 45,2025-11-04_22:10:28.313194
ED   15,0.00%,Antonio Reynoso,(Democratic),563,AD 45,2025-11-04_22:10:28.313194
ED   15,0.00%,Janine Acquafredda,(Republican),88,AD 45,2025-11-04_22:10:28.313194
ED   15,0.00%,Janine Acquafredda,(Conservative),11,AD 45,2025-11-04_22:10:28.313194
ED   15,0.00%,Antonio Reynoso,(Working Families),21,AD 45,2025-11-04_22:10:28.313194
ED   15,0.00%,WRITE-IN,&nbsp,1,AD 45,2025-11-04_22:10:28.313194
ED   16,0.00%,Antonio Reynoso,(Democratic),832,AD 45,2025-11-04_22:10:28.313194
ED   16,0.00%,Janine Acquafredda,(Republican),158,AD 45,2025-11-04_22:10:28.313194
ED   16,0.00%,Janine Acquafredda,(Conservative),19,AD 45,2025-11-04_22:10:28.313194
ED   16,0.00%,Antonio Reynoso,(Working Families),23,AD 45,2025-11-04_22:10:28.313194
ED   16,0.00%,WRITE-IN,&nbsp,3,AD 45,2025-11-04_22:10:28.313194
ED   17,0.00%,Antonio Reynoso,(Democratic),388,AD 45,2025-11-04_22:10:28.313194
ED   17,0.00%,Janine Acquafredda,(Republican),157,AD 45,2025-11-04_22:10:28.313194
ED   17,0.00%,Janine Acquafredda,(Conservative),13,AD 45,2025-11-04_22:10:28.313194
ED   17,0.00%,Antonio Reynoso,(Working Families),16,AD 45,2025-11-04_22:10:28.313194
ED   17,0.00%,WRITE-IN,&nbsp,1,AD 45,2025-11-04_22:10:28.313194
ED   18,0.00%,Antonio Reynoso,(Democratic),53,AD 45,2025-11-04_22:10:28.313194
ED   18,0.00%,Janine Acquafredda,(Republican),17,AD 45,2025-11-04_22:10:28.313194
ED   18,0.00%,Janine Acquafredda,(Conservative),3,AD 45,2025-11-04_22:10:28.313194
ED   18,0.00%,Antonio Reynoso,(Working Families),3,AD 45,2025-11-04_22:10:28.313194
ED   18,0.00%,WRITE-IN,&nbsp,-,AD 45,2025-11-04_22:10:28.313194
ED   19,0.00%,Antonio Reynoso,(Democratic),46,AD 45,2025-11-04_22:10:28.313194
ED   19,0.00%,Janine Acquafredda,(Republican),75,AD 45,2025-11-04_22:10:28.313194
ED   19,0.00%,Janine Acquafredda,(Conservative),4,AD 45,2025-11-04_22:10:28.313194
ED   19,0.00%,Antonio Reynoso,(Working Families),6,AD 45,2025-11-04_22:10:28.313194
ED   19,0.00%,WRITE-IN,&nbsp,-,AD 45,2025-11-04_22:10:28.313194
ED   20,0.00%,Antonio Reynoso,(Democratic),156,AD 45,2025-11-04_22:10:28.313194
ED   20,0.00%,Janine Acquafredda,(Republican),309,AD 45,2025-11-04_22:10:28.313194
ED   20,0.00%,Janine Acquafredda,(Conservative),25,AD 45,2025-11-04_22:10:28.313194
ED   20,0.00%,Antonio Reynoso,(Working Families),8,AD 45,2025-11-04_22:10:28.313194
ED   20,0.00%,WRITE-IN,&nbsp,2,AD 45,2025-11-04_22:10:28.313194
ED   21,0.00%,Antonio Reynoso,(Democratic),53,AD 45,2025-11-04_22:10:28.313194
ED   21,0.00%,Janine Acquafredda,(Republican),71,AD 45,2025-11-04_22:10:28.313194
ED   21,0.00%,Janine Acquafredda,(Conservative),5,AD 45,2025-11-04_22:10:28.313194
ED   21,0.00%,Antonio Reynoso,(Working Families),11,AD 45,2025-11-04_22:10:28.313194
ED   21,0.00%,WRITE-IN,&nbsp,-,AD 45,2025-11-04_22:10:28.313194
ED   22,0.00%,Antonio Reynoso,(Democratic),78,AD 45,2025-11-04_22:10:28.313194
ED   22,0.00%,Janine Acquafredda,(Republican),45,AD 45,2025-11-04_22:10:28.313194
ED   22,0.00%,Janine Acquafredda,(Conservative),7,AD 45,2025-11-04_22:10:28.313194
ED   22,0.00%,Antonio Reynoso,(Working Families),5,AD 45,2025-11-04_22:10:28.313194
ED   22,0.00%,WRITE-IN,&nbsp,-,AD 45,2025-11-04_22:10:28.313194
ED   23,0.00%,Antonio Reynoso,(Democratic),156,AD 45,2025-11-04_22:10:28.313194
ED   23,0.00%,Janine Acquafredda,(Republican),60,AD 45,2025-11-04_22:10:28.313194
ED   23,0.00%,Janine Acquafredda,(Conservative),4,AD 45,2025-11-04_22:10:28.313194
ED   23,0.00%,Antonio Reynoso,(Working Families),26,AD 45,2025-11-04_22:10:28.313194
ED   23,0.00%,WRITE-IN,&nbsp,1,AD 45,2025-11-04_22:10:28.313194
ED   24,0.00%,Antonio Reynoso,(Democratic),194,AD 45,2025-11-04_22:10:28.313194
ED   24,0.00%,Janine Acquafredda,(Republican),88,AD 45,2025-11-04_22:10:28.313194
ED   24,0.00%,Janine Acquafredda,(Conservative),5,AD 45,2025-11-04_22:10:28.313194
ED   24,0.00%,Antonio Reynoso,(Working Families),21,AD 45,2025-11-04_22:10:28.313194
ED   24,0.00%,WRITE-IN,&nbsp,-,AD 45,2025-11-04_22:10:28.313194
ED   25,0.00%,Antonio Reynoso,(Democratic),340,AD 45,2025-11-04_22:10:28.313194
ED   25,0.00%,Janine Acquafredda,(Republican),64,AD 45,2025-11-04_22:10:28.313194
ED   25,0.00%,Janine Acquafredda,(Conservative),6,AD 45,2025-11-04_22:10:28.313194
ED   25,0.00%,Antonio Reynoso,(Working Families),18,AD 45,2025-11-04_22:10:28.313194
ED   25,0.00%,WRITE-IN,&nbsp,-,AD 45,2025-11-04_22:10:28.313194
ED   26,0.00%,Antonio Reynoso,(Democratic),117,AD 45,2025-11-04_22:10:28.313194
ED   26,0.00%,Janine Acquafredda,(Republican),24,AD 45,2025-11-04_22:10:28.313194
ED   26,0.00%,Janine Acquafredda,(Conservative),4,AD 45,2025-11-04_22:10:28.313194
ED   26,0.00%,Antonio Reynoso,(Working Families),2,AD 45,2025-11-04_22:10:28.313194
ED   26,0.00%,WRITE-IN,&nbsp,-,AD 45,2025-11-04_22:10:28.313194
ED   27,0.00%,Antonio Reynoso,(Democratic),281,AD 45,2025-11-04_22:10:28.313194
ED   27,0.00%,Janine Acquafredda,(Republican),128,AD 45,2025-11-04_22:10:28.313194
ED   27,0.00%,Janine Acquafredda,(Conservative),11,AD 45,2025-11-04_22:10:28.313194
ED   27,0.00%,Antonio Reynoso,(Working Families),29,AD 45,2025-11-04_22:10:28.313194
ED   27,0.00%,WRITE-IN,&nbsp,1,AD 45,2025-11-04_22:10:28.313194
ED   28,0.00%,Antonio Reynoso,(Democratic),149,AD 45,2025-11-04_22:10:28.313194
ED   28,0.00%,Janine Acquafredda,(Republican),348,AD 45,2025-11-04_22:10:28.313194
ED   28,0.00%,Janine Acquafredda,(Conservative),38,AD 45,2025-11-04_22:10:28.313194
ED   28,0.00%,Antonio Reynoso,(Working Families),13,AD 45,2025-11-04_22:10:28.313194
ED   28,0.00%,WRITE-IN,&nbsp,-,AD 45,2025-11-04_22:10:28.313194
ED   29,0.00%,Antonio Reynoso,(Democratic),227,AD 45,2025-11-04_22:10:28.313194
ED   29,0.00%,Janine Acquafredda,(Republican),38,AD 45,2025-11-04_22:10:28.313194
ED   29,0.00%,Janine Acquafredda,(Conservative),3,AD 45,2025-11-04_22:10:28.313194
ED   29,0.00%,Antonio Reynoso,(Working Families),5,AD 45,2025-11-04_22:10:28.313194
ED   29,0.00%,WRITE-IN,&nbsp,-,AD 45,2025-11-04_22:10:28.313194
ED   30,0.00%,Antonio Reynoso,(Democratic),353,AD 45,2025-11-04_22:10:28.313194
ED   30,0.00%,Janine Acquafredda,(Republican),121,AD 45,2025-11-04_22:10:28.313194
ED   30,0.00%,Janine Acquafredda,(Conservative),6,AD 45,2025-11-04_22:10:28.313194
ED   30,0.00%,Antonio Reynoso,(Working Families),22,AD 45,2025-11-04_22:10:28.313194
ED   30,0.00%,WRITE-IN,&nbsp,-,AD 45,2025-11-04_22:10:28.313194
ED   31,0.00%,Antonio Reynoso,(Democratic),210,AD 45,2025-11-04_22:10:28.313194
ED   31,0.00%,Janine Acquafredda,(Republican),127,AD 45,2025-11-04_22:10:28.313194
ED   31,0.00%,Janine Acquafredda,(Conservative),18,AD 45,2025-11-04_22:10:28.313194
ED   31,0.00%,Antonio Reynoso,(Working Families),29,AD 45,2025-11-04_22:10:28.313194
ED   31,0.00%,WRITE-IN,&nbsp,-,AD 45,2025-11-04_22:10:28.313194
ED   32,0.00%,Antonio Reynoso,(Democratic),222,AD 45,2025-11-04_22:10:28.313194
ED   32,0.00%,Janine Acquafredda,(Republican),53,AD 45,2025-11-04_22:10:28.313194
ED   32,0.00%,Janine Acquafredda,(Conservative),4,AD 45,2025-11-04_22:10:28.313194
ED   32,0.00%,Antonio Reynoso,(Working Families),7,AD 45,2025-11-04_22:10:28.313194
ED   32,0.00%,WRITE-IN,&nbsp,-,AD 45,2025-11-04_22:10:28.313194
ED   33,0.00%,Antonio Reynoso,(Democratic),379,AD 45,2025-11-04_22:10:28.313194
ED   33,0.00%,Janine Acquafredda,(Republican),117,AD 45,2025-11-04_22:10:28.313194
ED   33,0.00%,Janine Acquafredda,(Conservative),11,AD 45,2025-11-04_22:10:28.313194
ED   33,0.00%,Antonio Reynoso,(Working Families),11,AD 45,2025-11-04_22:10:28.313194
ED   33,0.00%,WRITE-IN,&nbsp,1,AD 45,2025-11-04_22:10:28.313194
ED   34,0.00%,Antonio Reynoso,(Democratic),351,AD 45,2025-11-04_22:10:28.313194
ED   34,0.00%,Janine Acquafredda,(Republican),195,AD 45,2025-11-04_22:10:28.313194
ED   34,0.00%,Janine Acquafredda,(Conservative),17,AD 45,2025-11-04_22:10:28.313194
ED   34,0.00%,Antonio Reynoso,(Working Families),22,AD 45,2025-11-04_22:10:28.313194
ED   34,0.00%,WRITE-IN,&nbsp,1,AD 45,2025-11-04_22:10:28.313194
ED   35,0.00%,Antonio Reynoso,(Democratic),89,AD 45,2025-11-04_22:10:28.313194
ED   35,0.00%,Janine Acquafredda,(Republican),155,AD 45,2025-11-04_22:10:28.313194
ED   35,0.00%,Janine Acquafredda,(Conservative),7,AD 45,2025-11-04_22:10:28.313194
ED   35,0.00%,Antonio Reynoso,(Working Families),8,AD 45,2025-11-04_22:10:28.313194
ED   35,0.00%,WRITE-IN,&nbsp,-,AD 45,2025-11-04_22:10:28.313194
ED   36,0.00%,Antonio Reynoso,(Democratic),270,AD 45,2025-11-04_22:10:28.313194
ED   36,0.00%,Janine Acquafredda,(Republican),292,AD 45,2025-11-04_22:10:28.313194
ED   36,0.00%,Janine Acquafredda,(Conservative),14,AD 45,2025-11-04_22:10:28.313194
ED   36,0.00%,Antonio Reynoso,(Working Families),28,AD 45,2025-11-04_22:10:28.313194
ED   36,0.00%,WRITE-IN,&nbsp,4,AD 45,2025-11-04_22:10:28.313194
ED   37,0.00%,Antonio Reynoso,(Democratic),247,AD 45,2025-11-04_22:10:28.313194
ED   37,0.00%,Janine Acquafredda,(Republican),199,AD 45,2025-11-04_22:10:28.313194
ED   37,0.00%,Janine Acquafredda,(Conservative),22,AD 45,2025-11-04_22:10:28.313194
ED   37,0.00%,Antonio Reynoso,(Working Families),35,AD 45,2025-11-04_22:10:28.313194
ED   37,0.00%,WRITE-IN,&nbsp,1,AD 45,2025-11-04_22:10:28.313194
ED   38,0.00%,Antonio Reynoso,(Democratic),73,AD 45,2025-11-04_22:10:28.313194
ED   38,0.00%,Janine Acquafredda,(Republican),11,AD 45,2025-11-04_22:10:28.313194
ED   38,0.00%,Janine Acquafredda,(Conservative),3,AD 45,2025-11-04_22:10:28.313194
ED   38,0.00%,Antonio Reynoso,(Working Families),2,AD 45,2025-11-04_22:10:28.313194
ED   38,0.00%,WRITE-IN,&nbsp,-,AD 45,2025-11-04_22:10:28.313194
ED   39,0.00%,Antonio Reynoso,(Democratic),15,AD 45,2025-11-04_22:10:28.313194
ED   39,0.00%,Janine Acquafredda,(Republican),28,AD 45,2025-11-04_22:10:28.313194
ED   39,0.00%,Janine Acquafredda,(Conservative),2,AD 45,2025-11-04_22:10:28.313194
ED   39,0.00%,Antonio Reynoso,(Working Families),6,AD 45,2025-11-04_22:10:28.313194
ED   39,0.00%,WRITE-IN,&nbsp,1,AD 45,2025-11-04_22:10:28.313194
ED   40,0.00%,Antonio Reynoso,(Democratic),138,AD 45,2025-11-04_22:10:28.313194
ED   40,0.00%,Janine Acquafredda,(Republican),295,AD 45,2025-11-04_22:10:28.313194
ED   40,0.00%,Janine Acquafredda,(Conservative),17,AD 45,2025-11-04_22:10:28.313194
ED   40,0.00%,Antonio Reynoso,(Working Families),24,AD 45,2025-11-04_22:10:28.313194
ED   40,0.00%,WRITE-IN,&nbsp,3,AD 45,2025-11-04_22:10:28.313194
ED   41,0.00%,Antonio Reynoso,(Democratic),309,AD 45,2025-11-04_22:10:28.313194
ED   41,0.00%,Janine Acquafredda,(Republican),240,AD 45,2025-11-04_22:10:28.313194
ED   41,0.00%,Janine Acquafredda,(Conservative),24,AD 45,2025-11-04_22:10:28.313194
ED   41,0.00%,Antonio Reynoso,(Working Families),23,AD 45,2025-11-04_22:10:28.313194
ED   41,0.00%,WRITE-IN,&nbsp,-,AD 45,2025-11-04_22:10:28.313194
ED   42,0.00%,Antonio Reynoso,(Democratic),165,AD 45,2025-11-04_22:10:28.313194
ED   42,0.00%,Janine Acquafredda,(Republican),201,AD 45,2025-11-04_22:10:28.313194
ED   42,0.00%,Janine Acquafredda,(Conservative),21,AD 45,2025-11-04_22:10:28.313194
ED   42,0.00%,Antonio Reynoso,(Working Families),13,AD 45,2025-11-04_22:10:28.313194
ED   42,0.00%,WRITE-IN,&nbsp,1,AD 45,2025-11-04_22:10:28.313194
ED   43,0.00%,Antonio Reynoso,(Democratic),303,AD 45,2025-11-04_22:10:28.313194
ED   43,0.00%,Janine Acquafredda,(Republican),282,AD 45,2025-11-04_22:10:28.313194
ED   43,0.00%,Janine Acquafredda,(Conservative),28,AD 45,2025-11-04_22:10:28.313194
ED   43,0.00%,Antonio Reynoso,(Working Families),28,AD 45,2025-11-04_22:10:28.313194
ED   43,0.00%,WRITE-IN,&nbsp,-,AD 45,2025-11-04_22:10:28.313194
ED   44,0.00%,Antonio Reynoso,(Democratic),236,AD 45,2025-11-04_22:10:28.313194
ED   44,0.00%,Janine Acquafredda,(Republican),352,AD 45,2025-11-04_22:10:28.313194
ED   44,0.00%,Janine Acquafredda,(Conservative),24,AD 45,2025-11-04_22:10:28.313194
ED   44,0.00%,Antonio Reynoso,(Working Families),30,AD 45,2025-11-04_22:10:28.313194
ED   44,0.00%,WRITE-IN,&nbsp,1,AD 45,2025-11-04_22:10:28.313194
ED   45,0.00%,Antonio Reynoso,(Democratic),193,AD 45,2025-11-04_22:10:28.313194
ED   45,0.00%,Janine Acquafredda,(Republican),372,AD 45,2025-11-04_22:10:28.313194
ED   45,0.00%,Janine Acquafredda,(Conservative),20,AD 45,2025-11-04_22:10:28.313194
ED   45,0.00%,Antonio Reynoso,(Working Families),23,AD 45,2025-11-04_22:10:28.313194
ED   45,0.00%,WRITE-IN,&nbsp,-,AD 45,2025-11-04_22:10:28.313194
ED   46,0.00%,Antonio Reynoso,(Democratic),201,AD 45,2025-11-04_22:10:28.313194
ED   46,0.00%,Janine Acquafredda,(Republican),154,AD 45,2025-11-04_22:10:28.313194
ED   46,0.00%,Janine Acquafredda,(Conservative),4,AD 45,2025-11-04_22:10:28.313194
ED   46,0.00%,Antonio Reynoso,(Working Families),26,AD 45,2025-11-04_22:10:28.313194
ED   46,0.00%,WRITE-IN,&nbsp,2,AD 45,2025-11-04_22:10:28.313194
ED   47,0.00%,Antonio Reynoso,(Democratic),142,AD 45,2025-11-04_22:10:28.313194
ED   47,0.00%,Janine Acquafredda,(Republican),230,AD 45,2025-11-04_22:10:28.313194
ED   47,0.00%,Janine Acquafredda,(Conservative),13,AD 45,2025-11-04_22:10:28.313194
ED   47,0.00%,Antonio Reynoso,(Working Families),20,AD 45,2025-11-04_22:10:28.313194
ED   47,0.00%,WRITE-IN,&nbsp,-,AD 45,2025-11-04_22:10:28.313194
ED   48,0.00%,Antonio Reynoso,(Democratic),139,AD 45,2025-11-04_22:10:28.313194
ED   48,0.00%,Janine Acquafredda,(Republican),238,AD 45,2025-11-04_22:10:28.313194
ED   48,0.00%,Janine Acquafredda,(Conservative),33,AD 45,2025-11-04_22:10:28.313194
ED   48,0.00%,Antonio Reynoso,(Working Families),25,AD 45,2025-11-04_22:10:28.313194
ED   48,0.00%,WRITE-IN,&nbsp,1,AD 45,2025-11-04_22:10:28.313194
ED   49,0.00%,Antonio Reynoso,(Democratic),75,AD 45,2025-11-04_22:10:28.313194
ED   49,0.00%,Janine Acquafredda,(Republican),488,AD 45,2025-11-04_22:10:28.313194
ED   49,0.00%,Janine Acquafredda,(Conservative),29,AD 45,2025-11-04_22:10:28.313194
ED   49,0.00%,Antonio Reynoso,(Working Families),13,AD 45,2025-11-04_22:10:28.313194
ED   49,0.00%,WRITE-IN,&nbsp,1,AD 45,2025-11-04_22:10:28.313194
ED   50,0.00%,Antonio Reynoso,(Democratic),149,AD 45,2025-11-04_22:10:28.313194
ED   50,0.00%,Janine Acquafredda,(Republican),136,AD 45,2025-11-04_22:10:28.313194
ED   50,0.00%,Janine Acquafredda,(Conservative),11,AD 45,2025-11-04_22:10:28.313194
ED   50,0.00%,Antonio Reynoso,(Working Families),22,AD 45,2025-11-04_22:10:28.313194
ED   50,0.00%,WRITE-IN,&nbsp,-,AD 45,2025-11-04_22:10:28.313194
ED   51,0.00%,Antonio Reynoso,(Democratic),109,AD 45,2025-11-04_22:10:28.313194
ED   51,0.00%,Janine Acquafredda,(Republican),377,AD 45,2025-11-04_22:10:28.313194
ED   51,0.00%,Janine Acquafredda,(Conservative),21,AD 45,2025-11-04_22:10:28.313194
ED   51,0.00%,Antonio Reynoso,(Working Families),23,AD 45,2025-11-04_22:10:28.313194
ED   51,0.00%,WRITE-IN,&nbsp,1,AD 45,2025-11-04_22:10:28.313194
ED   52,0.00%,Antonio Reynoso,(Democratic),84,AD 45,2025-11-04_22:10:28.313194
ED   52,0.00%,Janine Acquafredda,(Republican),152,AD 45,2025-11-04_22:10:28.313194
ED   52,0.00%,Janine Acquafredda,(Conservative),5,AD 45,2025-11-04_22:10:28.313194
ED   52,0.00%,Antonio Reynoso,(Working Families),10,AD 45,2025-11-04_22:10:28.313194
ED   52,0.00%,WRITE-IN,&nbsp,1,AD 45,2025-11-04_22:10:28.313194
ED   53,0.00%,Antonio Reynoso,(Democratic),92,AD 45,2025-11-04_22:10:28.313194
ED   53,0.00%,Janine Acquafredda,(Republican),69,AD 45,2025-11-04_22:10:28.313194
ED   53,0.00%,Janine Acquafredda,(Conservative),7,AD 45,2025-11-04_22:10:28.313194
ED   53,0.00%,Antonio Reynoso,(Working Families),12,AD 45,2025-11-04_22:10:28.313194
ED   53,0.00%,WRITE-IN,&nbsp,-,AD 45,2025-11-04_22:10:28.313194
ED   54,0.00%,Antonio Reynoso,(Democratic),8,AD 45,2025-11-04_22:10:28.313194
ED   54,0.00%,Janine Acquafredda,(Republican),2,AD 45,2025-11-04_22:10:28.313194
ED   54,0.00%,Janine Acquafredda,(Conservative),-,AD 45,2025-11-04_22:10:28.313194
ED   54,0.00%,Antonio Reynoso,(Working Families),-,AD 45,2025-11-04_22:10:28.313194
ED   54,0.00%,WRITE-IN,&nbsp,-,AD 45,2025-11-04_22:10:28.313194
ED   55,0.00%,Antonio Reynoso,(Democratic),1,AD 45,2025-11-04_22:10:28.313194
ED   55,0.00%,Janine Acquafredda,(Republican),2,AD 45,2025-11-04_22:10:28.313194
ED   55,0.00%,Janine Acquafredda,(Conservative),-,AD 45,2025-11-04_22:10:28.313194
ED   55,0.00%,Antonio Reynoso,(Working Families),-,AD 45,2025-11-04_22:10:28.313194
ED   55,0.00%,WRITE-IN,&nbsp,-,AD 45,2025-11-04_22:10:28.313194
ED   56,0.00%,Antonio Reynoso,(Democratic),-,AD 45,2025-11-04_22:10:28.313194
ED   56,0.00%,Janine Acquafredda,(Republican),-,AD 45,2025-11-04_22:10:28.313194
ED   56,0.00%,Janine Acquafredda,(Conservative),-,AD 45,2025-11-04_22:10:28.313194
ED   56,0.00%,Antonio Reynoso,(Working Families),-,AD 45,2025-11-04_22:10:28.313194
ED   56,0.00%,WRITE-IN,&nbsp,-,AD 45,2025-11-04_22:10:28.313194
Total,,Antonio Reynoso,(Democratic),13665,AD 45,2025-11-04_22:10:28.313194
Total,,Janine Acquafredda,(Republican),8425,AD 45,2025-11-04_22:10:28.313194
Total,,Janine Acquafredda,(Conservative),761,AD 45,2025-11-04_22:10:28.313194
Total,,Antonio Reynoso,(Working Families),1096,AD 45,2025-11-04_22:10:28.313194
Total,,WRITE-IN,&nbsp,55,AD 45,2025-11-04_22:10:28.313194
ED    1,0.00%,Antonio Reynoso,(Democratic),272,AD 46,2025-11-04_22:10:28.313194
ED    1,0.00%,Janine Acquafredda,(Republican),154,AD 46,2025-11-04_22:10:28.313194
ED    1,0.00%,Janine Acquafredda,(Conservative),27,AD 46,2025-11-04_22:10:28.313194
ED    1,0.00%,Antonio Reynoso,(Working Families),48,AD 46,2025-11-04_22:10:28.313194
ED    1,0.00%,WRITE-IN,&nbsp,-,AD 46,2025-11-04_22:10:28.313194
ED    2,0.00%,Antonio Reynoso,(Democratic),273,AD 46,2025-11-04_22:10:28.313194
ED    2,0.00%,Janine Acquafredda,(Republican),127,AD 46,2025-11-04_22:10:28.313194
ED    2,0.00%,Janine Acquafredda,(Conservative),11,AD 46,2025-11-04_22:10:28.313194
ED    2,0.00%,Antonio Reynoso,(Working Families),83,AD 46,2025-11-04_22:10:28.313194
ED    2,0.00%,WRITE-IN,&nbsp,3,AD 46,2025-11-04_22:10:28.313194
ED    3,0.00%,Antonio Reynoso,(Democratic),386,AD 46,2025-11-04_22:10:28.313194
ED    3,0.00%,Janine Acquafredda,(Republican),128,AD 46,2025-11-04_22:10:28.313194
ED    3,0.00%,Janine Acquafredda,(Conservative),24,AD 46,2025-11-04_22:10:28.313194
ED    3,0.00%,Antonio Reynoso,(Working Families),103,AD 46,2025-11-04_22:10:28.313194
ED    3,0.00%,WRITE-IN,&nbsp,1,AD 46,2025-11-04_22:10:28.313194
ED    4,0.00%,Antonio Reynoso,(Democratic),308,AD 46,2025-11-04_22:10:28.313194
ED    4,0.00%,Janine Acquafredda,(Republican),139,AD 46,2025-11-04_22:10:28.313194
ED    4,0.00%,Janine Acquafredda,(Conservative),30,AD 46,2025-11-04_22:10:28.313194
ED    4,0.00%,Antonio Reynoso,(Working Families),106,AD 46,2025-11-04_22:10:28.313194
ED    4,0.00%,WRITE-IN,&nbsp,1,AD 46,2025-11-04_22:10:28.313194
ED    5,0.00%,Antonio Reynoso,(Democratic),343,AD 46,2025-11-04_22:10:28.313194
ED    5,0.00%,Janine Acquafredda,(Republican),206,AD 46,2025-11-04_22:10:28.313194
ED    5,0.00%,Janine Acquafredda,(Conservative),23,AD 46,2025-11-04_22:10:28.313194
ED    5,0.00%,Antonio Reynoso,(Working Families),74,AD 46,2025-11-04_22:10:28.313194
ED    5,0.00%,WRITE-IN,&nbsp,1,AD 46,2025-11-04_22:10:28.313194
ED    6,0.00%,Antonio Reynoso,(Democratic),260,AD 46,2025-11-04_22:10:28.313194
ED    6,0.00%,Janine Acquafredda,(Republican),360,AD 46,2025-11-04_22:10:28.313194
ED    6,0.00%,Janine Acquafredda,(Conservative),39,AD 46,2025-11-04_22:10:28.313194
ED    6,0.00%,Antonio Reynoso,(Working Families),49,AD 46,2025-11-04_22:10:28.313194
ED    6,0.00%,WRITE-IN,&nbsp,-,AD 46,2025-11-04_22:10:28.313194
ED    7,0.00%,Antonio Reynoso,(Democratic),306,AD 46,2025-11-04_22:10:28.313194
ED    7,0.00%,Janine Acquafredda,(Republican),248,AD 46,2025-11-04_22:10:28.313194
ED    7,0.00%,Janine Acquafredda,(Conservative),34,AD 46,2025-11-04_22:10:28.313194
ED    7,0.00%,Antonio Reynoso,(Working Families),65,AD 46,2025-11-04_22:10:28.313194
ED    7,0.00%,WRITE-IN,&nbsp,1,AD 46,2025-11-04_22:10:28.313194
ED    8,0.00%,Antonio Reynoso,(Democratic),270,AD 46,2025-11-04_22:10:28.313194
ED    8,0.00%,Janine Acquafredda,(Republican),150,AD 46,2025-11-04_22:10:28.313194
ED    8,0.00%,Janine Acquafredda,(Conservative),18,AD 46,2025-11-04_22:10:28.313194
ED    8,0.00%,Antonio Reynoso,(Working Families),64,AD 46,2025-11-04_22:10:28.313194
ED    8,0.00%,WRITE-IN,&nbsp,-,AD 46,2025-11-04_22:10:28.313194
ED    9,0.00%,Antonio Reynoso,(Democratic),339,AD 46,2025-11-04_22:10:28.313194
ED    9,0.00%,Janine Acquafredda,(Republican),191,AD 46,2025-11-04_22:10:28.313194
ED    9,0.00%,Janine Acquafredda,(Conservative),25,AD 46,2025-11-04_22:10:28.313194
ED    9,0.00%,Antonio Reynoso,(Working Families),86,AD 46,2025-11-04_22:10:28.313194
ED    9,0.00%,WRITE-IN,&nbsp,-,AD 46,2025-11-04_22:10:28.313194
ED   10,0.00%,Antonio Reynoso,(Democratic),366,AD 46,2025-11-04_22:10:28.313194
ED   10,0.00%,Janine Acquafredda,(Republican),174,AD 46,2025-11-04_22:10:28.313194
ED   10,0.00%,Janine Acquafredda,(Conservative),16,AD 46,2025-11-04_22:10:28.313194
ED   10,0.00%,Antonio Reynoso,(Working Families),85,AD 46,2025-11-04_22:10:28.313194
ED   10,0.00%,WRITE-IN,&nbsp,4,AD 46,2025-11-04_22:10:28.313194
ED   11,0.00%,Antonio Reynoso,(Democratic),245,AD 46,2025-11-04_22:10:28.313194
ED   11,0.00%,Janine Acquafredda,(Republican),133,AD 46,2025-11-04_22:10:28.313194
ED   11,0.00%,Janine Acquafredda,(Conservative),10,AD 46,2025-11-04_22:10:28.313194
ED   11,0.00%,Antonio Reynoso,(Working Families),53,AD 46,2025-11-04_22:10:28.313194
ED   11,0.00%,WRITE-IN,&nbsp,1,AD 46,2025-11-04_22:10:28.313194
ED   12,0.00%,Antonio Reynoso,(Democratic),433,AD 46,2025-11-04_22:10:28.313194
ED   12,0.00%,Janine Acquafredda,(Republican),348,AD 46,2025-11-04_22:10:28.313194
ED   12,0.00%,Janine Acquafredda,(Conservative),51,AD 46,2025-11-04_22:10:28.313194
ED   12,0.00%,Antonio Reynoso,(Working Families),67,AD 46,2025-11-04_22:10:28.313194
ED   12,0.00%,WRITE-IN,&nbsp,-,AD 46,2025-11-04_22:10:28.313194
ED   13,0.00%,Antonio Reynoso,(Democratic),393,AD 46,2025-11-04_22:10:28.313194
ED   13,0.00%,Janine Acquafredda,(Republican),300,AD 46,2025-11-04_22:10:28.313194
ED   13,0.00%,Janine Acquafredda,(Conservative),34,AD 46,2025-11-04_22:10:28.313194
ED   13,0.00%,Antonio Reynoso,(Working Families),65,AD 46,2025-11-04_22:10:28.313194
ED   13,0.00%,WRITE-IN,&nbsp,1,AD 46,2025-11-04_22:10:28.313194
ED   14,0.00%,Antonio Reynoso,(Democratic),394,AD 46,2025-11-04_22:10:28.313194
ED   14,0.00%,Janine Acquafredda,(Republican),255,AD 46,2025-11-04_22:10:28.313194
ED   14,0.00%,Janine Acquafredda,(Conservative),32,AD 46,2025-11-04_22:10:28.313194
ED   14,0.00%,Antonio Reynoso,(Working Families),65,AD 46,2025-11-04_22:10:28.313194
ED   14,0.00%,WRITE-IN,&nbsp,2,AD 46,2025-11-04_22:10:28.313194
ED   15,0.00%,Antonio Reynoso,(Democratic),300,AD 46,2025-11-04_22:10:28.313194
ED   15,0.00%,Janine Acquafredda,(Republican),217,AD 46,2025-11-04_22:10:28.313194
ED   15,0.00%,Janine Acquafredda,(Conservative),22,AD 46,2025-11-04_22:10:28.313194
ED   15,0.00%,Antonio Reynoso,(Working Families),60,AD 46,2025-11-04_22:10:28.313194
ED   15,0.00%,WRITE-IN,&nbsp,1,AD 46,2025-11-04_22:10:28.313194
ED   16,0.00%,Antonio Reynoso,(Democratic),358,AD 46,2025-11-04_22:10:28.313194
ED   16,0.00%,Janine Acquafredda,(Republican),179,AD 46,2025-11-04_22:10:28.313194
ED   16,0.00%,Janine Acquafredda,(Conservative),13,AD 46,2025-11-04_22:10:28.313194
ED   16,0.00%,Antonio Reynoso,(Working Families),79,AD 46,2025-11-04_22:10:28.313194
ED   16,0.00%,WRITE-IN,&nbsp,2,AD 46,2025-11-04_22:10:28.313194
ED   17,0.00%,Antonio Reynoso,(Democratic),274,AD 46,2025-11-04_22:10:28.313194
ED   17,0.00%,Janine Acquafredda,(Republican),150,AD 46,2025-11-04_22:10:28.313194
ED   17,0.00%,Janine Acquafredda,(Conservative),14,AD 46,2025-11-04_22:10:28.313194
ED   17,0.00%,Antonio Reynoso,(Working Families),59,AD 46,2025-11-04_22:10:28.313194
ED   17,0.00%,WRITE-IN,&nbsp,2,AD 46,2025-11-04_22:10:28.313194
ED   18,0.00%,Antonio Reynoso,(Democratic),309,AD 46,2025-11-04_22:10:28.313194
ED   18,0.00%,Janine Acquafredda,(Republican),158,AD 46,2025-11-04_22:10:28.313194
ED   18,0.00%,Janine Acquafredda,(Conservative),18,AD 46,2025-11-04_22:10:28.313194
ED   18,0.00%,Antonio Reynoso,(Working Families),68,AD 46,2025-11-04_22:10:28.313194
ED   18,0.00%,WRITE-IN,&nbsp,1,AD 46,2025-11-04_22:10:28.313194
ED   19,0.00%,Antonio Reynoso,(Democratic),338,AD 46,2025-11-04_22:10:28.313194
ED   19,0.00%,Janine Acquafredda,(Republican),305,AD 46,2025-11-04_22:10:28.313194
ED   19,0.00%,Janine Acquafredda,(Conservative),33,AD 46,2025-11-04_22:10:28.313194
ED   19,0.00%,Antonio Reynoso,(Working Families),47,AD 46,2025-11-04_22:10:28.313194
ED   19,0.00%,WRITE-IN,&nbsp,1,AD 46,2025-11-04_22:10:28.313194
ED   20,0.00%,Antonio Reynoso,(Democratic),361,AD 46,2025-11-04_22:10:28.313194
ED   20,0.00%,Janine Acquafredda,(Republican),304,AD 46,2025-11-04_22:10:28.313194
ED   20,0.00%,Janine Acquafredda,(Conservative),41,AD 46,2025-11-04_22:10:28.313194
ED   20,0.00%,Antonio Reynoso,(Working Families),86,AD 46,2025-11-04_22:10:28.313194
ED   20,0.00%,WRITE-IN,&nbsp,1,AD 46,2025-11-04_22:10:28.313194
ED   21,0.00%,Antonio Reynoso,(Democratic),61,AD 46,2025-11-04_22:10:28.313194
ED   21,0.00%,Janine Acquafredda,(Republican),45,AD 46,2025-11-04_22:10:28.313194
ED   21,0.00%,Janine Acquafredda,(Conservative),2,AD 46,2025-11-04_22:10:28.313194
ED   21,0.00%,Antonio Reynoso,(Working Families),7,AD 46,2025-11-04_22:10:28.313194
ED   21,0.00%,WRITE-IN,&nbsp,1,AD 46,2025-11-04_22:10:28.313194
ED   22,0.00%,Antonio Reynoso,(Democratic),278,AD 46,2025-11-04_22:10:28.313194
ED   22,0.00%,Janine Acquafredda,(Republican),218,AD 46,2025-11-04_22:10:28.313194
ED   22,0.00%,Janine Acquafredda,(Conservative),30,AD 46,2025-11-04_22:10:28.313194
ED   22,0.00%,Antonio Reynoso,(Working Families),51,AD 46,2025-11-04_22:10:28.313194
ED   22,0.00%,WRITE-IN,&nbsp,1,AD 46,2025-11-04_22:10:28.313194
ED   23,0.00%,Antonio Reynoso,(Democratic),157,AD 46,2025-11-04_22:10:28.313194
ED   23,0.00%,Janine Acquafredda,(Republican),351,AD 46,2025-11-04_22:10:28.313194
ED   23,0.00%,Janine Acquafredda,(Conservative),35,AD 46,2025-11-04_22:10:28.313194
ED   23,0.00%,Antonio Reynoso,(Working Families),33,AD 46,2025-11-04_22:10:28.313194
ED   23,0.00%,WRITE-IN,&nbsp,1,AD 46,2025-11-04_22:10:28.313194
ED   24,0.00%,Antonio Reynoso,(Democratic),110,AD 46,2025-11-04_22:10:28.313194
ED   24,0.00%,Janine Acquafredda,(Republican),378,AD 46,2025-11-04_22:10:28.313194
ED   24,0.00%,Janine Acquafredda,(Conservative),41,AD 46,2025-11-04_22:10:28.313194
ED   24,0.00%,Antonio Reynoso,(Working Families),25,AD 46,2025-11-04_22:10:28.313194
ED   24,0.00%,WRITE-IN,&nbsp,-,AD 46,2025-11-04_22:10:28.313194
ED   25,0.00%,Antonio Reynoso,(Democratic),134,AD 46,2025-11-04_22:10:28.313194
ED   25,0.00%,Janine Acquafredda,(Republican),336,AD 46,2025-11-04_22:10:28.313194
ED   25,0.00%,Janine Acquafredda,(Conservative),36,AD 46,2025-11-04_22:10:28.313194
ED   25,0.00%,Antonio Reynoso,(Working Families),17,AD 46,2025-11-04_22:10:28.313194
ED   25,0.00%,WRITE-IN,&nbsp,1,AD 46,2025-11-04_22:10:28.313194
ED   26,0.00%,Antonio Reynoso,(Democratic),196,AD 46,2025-11-04_22:10:28.313194
ED   26,0.00%,Janine Acquafredda,(Republican),382,AD 46,2025-11-04_22:10:28.313194
ED   26,0.00%,Janine Acquafredda,(Conservative),36,AD 46,2025-11-04_22:10:28.313194
ED   26,0.00%,Antonio Reynoso,(Working Families),44,AD 46,2025-11-04_22:10:28.313194
ED   26,0.00%,WRITE-IN,&nbsp,-,AD 46,2025-11-04_22:10:28.313194
ED   27,0.00%,Antonio Reynoso,(Democratic),324,AD 46,2025-11-04_22:10:28.313194
ED   27,0.00%,Janine Acquafredda,(Republican),247,AD 46,2025-11-04_22:10:28.313194
ED   27,0.00%,Janine Acquafredda,(Conservative),34,AD 46,2025-11-04_22:10:28.313194
ED   27,0.00%,Antonio Reynoso,(Working Families),45,AD 46,2025-11-04_22:10:28.313194
ED   27,0.00%,WRITE-IN,&nbsp,2,AD 46,2025-11-04_22:10:28.313194
ED   28,0.00%,Antonio Reynoso,(Democratic),142,AD 46,2025-11-04_22:10:28.313194
ED   28,0.00%,Janine Acquafredda,(Republican),292,AD 46,2025-11-04_22:10:28.313194
ED   28,0.00%,Janine Acquafredda,(Conservative),27,AD 46,2025-11-04_22:10:28.313194
ED   28,0.00%,Antonio Reynoso,(Working Families),26,AD 46,2025-11-04_22:10:28.313194
ED   28,0.00%,WRITE-IN,&nbsp,-,AD 46,2025-11-04_22:10:28.313194
ED   29,0.00%,Antonio Reynoso,(Democratic),54,AD 46,2025-11-04_22:10:28.313194
ED   29,0.00%,Janine Acquafredda,(Republican),37,AD 46,2025-11-04_22:10:28.313194
ED   29,0.00%,Janine Acquafredda,(Conservative),7,AD 46,2025-11-04_22:10:28.313194
ED   29,0.00%,Antonio Reynoso,(Working Families),12,AD 46,2025-11-04_22:10:28.313194
ED   29,0.00%,WRITE-IN,&nbsp,-,AD 46,2025-11-04_22:10:28.313194
ED   30,0.00%,Antonio Reynoso,(Democratic),44,AD 46,2025-11-04_22:10:28.313194
ED   30,0.00%,Janine Acquafredda,(Republican),41,AD 46,2025-11-04_22:10:28.313194
ED   30,0.00%,Janine Acquafredda,(Conservative),3,AD 46,2025-11-04_22:10:28.313194
ED   30,0.00%,Antonio Reynoso,(Working Families),5,AD 46,2025-11-04_22:10:28.313194
ED   30,0.00%,WRITE-IN,&nbsp,-,AD 46,2025-11-04_22:10:28.313194
ED   31,0.00%,Antonio Reynoso,(Democratic),127,AD 46,2025-11-04_22:10:28.313194
ED   31,0.00%,Janine Acquafredda,(Republican),89,AD 46,2025-11-04_22:10:28.313194
ED   31,0.00%,Janine Acquafredda,(Conservative),6,AD 46,2025-11-04_22:10:28.313194
ED   31,0.00%,Antonio Reynoso,(Working Families),22,AD 46,2025-11-04_22:10:28.313194
ED   31,0.00%,WRITE-IN,&nbsp,-,AD 46,2025-11-04_22:10:28.313194
ED   32,0.00%,Antonio Reynoso,(Democratic),60,AD 46,2025-11-04_22:10:28.313194
ED   32,0.00%,Janine Acquafredda,(Republican),53,AD 46,2025-11-04_22:10:28.313194
ED   32,0.00%,Janine Acquafredda,(Conservative),5,AD 46,2025-11-04_22:10:28.313194
ED   32,0.00%,Antonio Reynoso,(Working Families),7,AD 46,2025-11-04_22:10:28.313194
ED   32,0.00%,WRITE-IN,&nbsp,1,AD 46,2025-11-04_22:10:28.313194
ED   33,0.00%,Antonio Reynoso,(Democratic),26,AD 46,2025-11-04_22:10:28.313194
ED   33,0.00%,Janine Acquafredda,(Republican),40,AD 46,2025-11-04_22:10:28.313194
ED   33,0.00%,Janine Acquafredda,(Conservative),2,AD 46,2025-11-04_22:10:28.313194
ED   33,0.00%,Antonio Reynoso,(Working Families),3,AD 46,2025-11-04_22:10:28.313194
ED   33,0.00%,WRITE-IN,&nbsp,-,AD 46,2025-11-04_22:10:28.313194
ED   34,0.00%,Antonio Reynoso,(Democratic),139,AD 46,2025-11-04_22:10:28.313194
ED   34,0.00%,Janine Acquafredda,(Republican),138,AD 46,2025-11-04_22:10:28.313194
ED   34,0.00%,Janine Acquafredda,(Conservative),15,AD 46,2025-11-04_22:10:28.313194
ED   34,0.00%,Antonio Reynoso,(Working Families),15,AD 46,2025-11-04_22:10:28.313194
ED   34,0.00%,WRITE-IN,&nbsp,1,AD 46,2025-11-04_22:10:28.313194
ED   35,0.00%,Antonio Reynoso,(Democratic),48,AD 46,2025-11-04_22:10:28.313194
ED   35,0.00%,Janine Acquafredda,(Republican),151,AD 46,2025-11-04_22:10:28.313194
ED   35,0.00%,Janine Acquafredda,(Conservative),7,AD 46,2025-11-04_22:10:28.313194
ED   35,0.00%,Antonio Reynoso,(Working Families),10,AD 46,2025-11-04_22:10:28.313194
ED   35,0.00%,WRITE-IN,&nbsp,-,AD 46,2025-11-04_22:10:28.313194
ED   36,0.00%,Antonio Reynoso,(Democratic),107,AD 46,2025-11-04_22:10:28.313194
ED   36,0.00%,Janine Acquafredda,(Republican),239,AD 46,2025-11-04_22:10:28.313194
ED   36,0.00%,Janine Acquafredda,(Conservative),15,AD 46,2025-11-04_22:10:28.313194
ED   36,0.00%,Antonio Reynoso,(Working Families),19,AD 46,2025-11-04_22:10:28.313194
ED   36,0.00%,WRITE-IN,&nbsp,-,AD 46,2025-11-04_22:10:28.313194
ED   37,0.00%,Antonio Reynoso,(Democratic),-,AD 46,2025-11-04_22:10:28.313194
ED   37,0.00%,Janine Acquafredda,(Republican),-,AD 46,2025-11-04_22:10:28.313194
ED   37,0.00%,Janine Acquafredda,(Conservative),-,AD 46,2025-11-04_22:10:28.313194
ED   37,0.00%,Antonio Reynoso,(Working Families),-,AD 46,2025-11-04_22:10:28.313194
ED   37,0.00%,WRITE-IN,&nbsp,-,AD 46,2025-11-04_22:10:28.313194
ED   38,0.00%,Antonio Reynoso,(Democratic),150,AD 46,2025-11-04_22:10:28.313194
ED   38,0.00%,Janine Acquafredda,(Republican),231,AD 46,2025-11-04_22:10:28.313194
ED   38,0.00%,Janine Acquafredda,(Conservative),15,AD 46,2025-11-04_22:10:28.313194
ED   38,0.00%,Antonio Reynoso,(Working Families),35,AD 46,2025-11-04_22:10:28.313194
ED   38,0.00%,WRITE-IN,&nbsp,-,AD 46,2025-11-04_22:10:28.313194
ED   39,0.00%,Antonio Reynoso,(Democratic),132,AD 46,2025-11-04_22:10:28.313194
ED   39,0.00%,Janine Acquafredda,(Republican),147,AD 46,2025-11-04_22:10:28.313194
ED   39,0.00%,Janine Acquafredda,(Conservative),9,AD 46,2025-11-04_22:10:28.313194
ED   39,0.00%,Antonio Reynoso,(Working Families),10,AD 46,2025-11-04_22:10:28.313194
ED   39,0.00%,WRITE-IN,&nbsp,-,AD 46,2025-11-04_22:10:28.313194
ED   40,0.00%,Antonio Reynoso,(Democratic),168,AD 46,2025-11-04_22:10:28.313194
ED   40,0.00%,Janine Acquafredda,(Republican),172,AD 46,2025-11-04_22:10:28.313194
ED   40,0.00%,Janine Acquafredda,(Conservative),17,AD 46,2025-11-04_22:10:28.313194
ED   40,0.00%,Antonio Reynoso,(Working Families),9,AD 46,2025-11-04_22:10:28.313194
ED   40,0.00%,WRITE-IN,&nbsp,2,AD 46,2025-11-04_22:10:28.313194
ED   41,0.00%,Antonio Reynoso,(Democratic),131,AD 46,2025-11-04_22:10:28.313194
ED   41,0.00%,Janine Acquafredda,(Republican),39,AD 46,2025-11-04_22:10:28.313194
ED   41,0.00%,Janine Acquafredda,(Conservative),1,AD 46,2025-11-04_22:10:28.313194
ED   41,0.00%,Antonio Reynoso,(Working Families),6,AD 46,2025-11-04_22:10:28.313194
ED   41,0.00%,WRITE-IN,&nbsp,1,AD 46,2025-11-04_22:10:28.313194
ED   42,0.00%,Antonio Reynoso,(Democratic),104,AD 46,2025-11-04_22:10:28.313194
ED   42,0.00%,Janine Acquafredda,(Republican),15,AD 46,2025-11-04_22:10:28.313194
ED   42,0.00%,Janine Acquafredda,(Conservative),2,AD 46,2025-11-04_22:10:28.313194
ED   42,0.00%,Antonio Reynoso,(Working Families),13,AD 46,2025-11-04_22:10:28.313194
ED   42,0.00%,WRITE-IN,&nbsp,-,AD 46,2025-11-04_22:10:28.313194
ED   43,0.00%,Antonio Reynoso,(Democratic),100,AD 46,2025-11-04_22:10:28.313194
ED   43,0.00%,Janine Acquafredda,(Republican),24,AD 46,2025-11-04_22:10:28.313194
ED   43,0.00%,Janine Acquafredda,(Conservative),2,AD 46,2025-11-04_22:10:28.313194
ED   43,0.00%,Antonio Reynoso,(Working Families),8,AD 46,2025-11-04_22:10:28.313194
ED   43,0.00%,WRITE-IN,&nbsp,-,AD 46,2025-11-04_22:10:28.313194
ED   44,0.00%,Antonio Reynoso,(Democratic),121,AD 46,2025-11-04_22:10:28.313194
ED   44,0.00%,Janine Acquafredda,(Republican),54,AD 46,2025-11-04_22:10:28.313194
ED   44,0.00%,Janine Acquafredda,(Conservative),5,AD 46,2025-11-04_22:10:28.313194
ED   44,0.00%,Antonio Reynoso,(Working Families),20,AD 46,2025-11-04_22:10:28.313194
ED   44,0.00%,WRITE-IN,&nbsp,1,AD 46,2025-11-04_22:10:28.313194
ED   45,0.00%,Antonio Reynoso,(Democratic),112,AD 46,2025-11-04_22:10:28.313194
ED   45,0.00%,Janine Acquafredda,(Republican),62,AD 46,2025-11-04_22:10:28.313194
ED   45,0.00%,Janine Acquafredda,(Conservative),3,AD 46,2025-11-04_22:10:28.313194
ED   45,0.00%,Antonio Reynoso,(Working Families),10,AD 46,2025-11-04_22:10:28.313194
ED   45,0.00%,WRITE-IN,&nbsp,-,AD 46,2025-11-04_22:10:28.313194
ED   46,0.00%,Antonio Reynoso,(Democratic),159,AD 46,2025-11-04_22:10:28.313194
ED   46,0.00%,Janine Acquafredda,(Republican),52,AD 46,2025-11-04_22:10:28.313194
ED   46,0.00%,Janine Acquafredda,(Conservative),4,AD 46,2025-11-04_22:10:28.313194
ED   46,0.00%,Antonio Reynoso,(Working Families),16,AD 46,2025-11-04_22:10:28.313194
ED   46,0.00%,WRITE-IN,&nbsp,2,AD 46,2025-11-04_22:10:28.313194
ED   47,0.00%,Antonio Reynoso,(Democratic),230,AD 46,2025-11-04_22:10:28.313194
ED   47,0.00%,Janine Acquafredda,(Republican),84,AD 46,2025-11-04_22:10:28.313194
ED   47,0.00%,Janine Acquafredda,(Conservative),7,AD 46,2025-11-04_22:10:28.313194
ED   47,0.00%,Antonio Reynoso,(Working Families),14,AD 46,2025-11-04_22:10:28.313194
ED   47,0.00%,WRITE-IN,&nbsp,-,AD 46,2025-11-04_22:10:28.313194
ED   48,0.00%,Antonio Reynoso,(Democratic),187,AD 46,2025-11-04_22:10:28.313194
ED   48,0.00%,Janine Acquafredda,(Republican),40,AD 46,2025-11-04_22:10:28.313194
ED   48,0.00%,Janine Acquafredda,(Conservative),3,AD 46,2025-11-04_22:10:28.313194
ED   48,0.00%,Antonio Reynoso,(Working Families),16,AD 46,2025-11-04_22:10:28.313194
ED   48,0.00%,WRITE-IN,&nbsp,1,AD 46,2025-11-04_22:10:28.313194
ED   49,0.00%,Antonio Reynoso,(Democratic),69,AD 46,2025-11-04_22:10:28.313194
ED   49,0.00%,Janine Acquafredda,(Republican),61,AD 46,2025-11-04_22:10:28.313194
ED   49,0.00%,Janine Acquafredda,(Conservative),4,AD 46,2025-11-04_22:10:28.313194
ED   49,0.00%,Antonio Reynoso,(Working Families),9,AD 46,2025-11-04_22:10:28.313194
ED   49,0.00%,WRITE-IN,&nbsp,-,AD 46,2025-11-04_22:10:28.313194
ED   50,0.00%,Antonio Reynoso,(Democratic),216,AD 46,2025-11-04_22:10:28.313194
ED   50,0.00%,Janine Acquafredda,(Republican),32,AD 46,2025-11-04_22:10:28.313194
ED   50,0.00%,Janine Acquafredda,(Conservative),7,AD 46,2025-11-04_22:10:28.313194
ED   50,0.00%,Antonio Reynoso,(Working Families),22,AD 46,2025-11-04_22:10:28.313194
ED   50,0.00%,WRITE-IN,&nbsp,1,AD 46,2025-11-04_22:10:28.313194
ED   51,0.00%,Antonio Reynoso,(Democratic),132,AD 46,2025-11-04_22:10:28.313194
ED   51,0.00%,Janine Acquafredda,(Republican),28,AD 46,2025-11-04_22:10:28.313194
ED   51,0.00%,Janine Acquafredda,(Conservative),1,AD 46,2025-11-04_22:10:28.313194
ED   51,0.00%,Antonio Reynoso,(Working Families),13,AD 46,2025-11-04_22:10:28.313194
ED   51,0.00%,WRITE-IN,&nbsp,-,AD 46,2025-11-04_22:10:28.313194
ED   52,0.00%,Antonio Reynoso,(Democratic),167,AD 46,2025-11-04_22:10:28.313194
ED   52,0.00%,Janine Acquafredda,(Republican),42,AD 46,2025-11-04_22:10:28.313194
ED   52,0.00%,Janine Acquafredda,(Conservative),8,AD 46,2025-11-04_22:10:28.313194
ED   52,0.00%,Antonio Reynoso,(Working Families),15,AD 46,2025-11-04_22:10:28.313194
ED   52,0.00%,WRITE-IN,&nbsp,-,AD 46,2025-11-04_22:10:28.313194
ED   53,0.00%,Antonio Reynoso,(Democratic),315,AD 46,2025-11-04_22:10:28.313194
ED   53,0.00%,Janine Acquafredda,(Republican),91,AD 46,2025-11-04_22:10:28.313194
ED   53,0.00%,Janine Acquafredda,(Conservative),5,AD 46,2025-11-04_22:10:28.313194
ED   53,0.00%,Antonio Reynoso,(Working Families),63,AD 46,2025-11-04_22:10:28.313194
ED   53,0.00%,WRITE-IN,&nbsp,1,AD 46,2025-11-04_22:10:28.313194
ED   54,0.00%,Antonio Reynoso,(Democratic),57,AD 46,2025-11-04_22:10:28.313194
ED   54,0.00%,Janine Acquafredda,(Republican),223,AD 46,2025-11-04_22:10:28.313194
ED   54,0.00%,Janine Acquafredda,(Conservative),14,AD 46,2025-11-04_22:10:28.313194
ED   54,0.00%,Antonio Reynoso,(Working Families),17,AD 46,2025-11-04_22:10:28.313194
ED   54,0.00%,WRITE-IN,&nbsp,-,AD 46,2025-11-04_22:10:28.313194
ED   55,0.00%,Antonio Reynoso,(Democratic),81,AD 46,2025-11-04_22:10:28.313194
ED   55,0.00%,Janine Acquafredda,(Republican),319,AD 46,2025-11-04_22:10:28.313194
ED   55,0.00%,Janine Acquafredda,(Conservative),12,AD 46,2025-11-04_22:10:28.313194
ED   55,0.00%,Antonio Reynoso,(Working Families),20,AD 46,2025-11-04_22:10:28.313194
ED   55,0.00%,WRITE-IN,&nbsp,-,AD 46,2025-11-04_22:10:28.313194
ED   56,0.00%,Antonio Reynoso,(Democratic),137,AD 46,2025-11-04_22:10:28.313194
ED   56,0.00%,Janine Acquafredda,(Republican),377,AD 46,2025-11-04_22:10:28.313194
ED   56,0.00%,Janine Acquafredda,(Conservative),29,AD 46,2025-11-04_22:10:28.313194
ED   56,0.00%,Antonio Reynoso,(Working Families),17,AD 46,2025-11-04_22:10:28.313194
ED   56,0.00%,WRITE-IN,&nbsp,2,AD 46,2025-11-04_22:10:28.313194
ED   57,0.00%,Antonio Reynoso,(Democratic),24,AD 46,2025-11-04_22:10:28.313194
ED   57,0.00%,Janine Acquafredda,(Republican),51,AD 46,2025-11-04_22:10:28.313194
ED   57,0.00%,Janine Acquafredda,(Conservative),3,AD 46,2025-11-04_22:10:28.313194
ED   57,0.00%,Antonio Reynoso,(Working Families),1,AD 46,2025-11-04_22:10:28.313194
ED   57,0.00%,WRITE-IN,&nbsp,-,AD 46,2025-11-04_22:10:28.313194
ED   58,0.00%,Antonio Reynoso,(Democratic),84,AD 46,2025-11-04_22:10:28.313194
ED   58,0.00%,Janine Acquafredda,(Republican),242,AD 46,2025-11-04_22:10:28.313194
ED   58,0.00%,Janine Acquafredda,(Conservative),20,AD 46,2025-11-04_22:10:28.313194
ED   58,0.00%,Antonio Reynoso,(Working Families),7,AD 46,2025-11-04_22:10:28.313194
ED   58,0.00%,WRITE-IN,&nbsp,-,AD 46,2025-11-04_22:10:28.313194
ED   59,0.00%,Antonio Reynoso,(Democratic),61,AD 46,2025-11-04_22:10:28.313194
ED   59,0.00%,Janine Acquafredda,(Republican),257,AD 46,2025-11-04_22:10:28.313194
ED   59,0.00%,Janine Acquafredda,(Conservative),21,AD 46,2025-11-04_22:10:28.313194
ED   59,0.00%,Antonio Reynoso,(Working Families),5,AD 46,2025-11-04_22:10:28.313194
ED   59,0.00%,WRITE-IN,&nbsp,-,AD 46,2025-11-04_22:10:28.313194
ED   60,0.00%,Antonio Reynoso,(Democratic),61,AD 46,2025-11-04_22:10:28.313194
ED   60,0.00%,Janine Acquafredda,(Republican),174,AD 46,2025-11-04_22:10:28.313194
ED   60,0.00%,Janine Acquafredda,(Conservative),19,AD 46,2025-11-04_22:10:28.313194
ED   60,0.00%,Antonio Reynoso,(Working Families),13,AD 46,2025-11-04_22:10:28.313194
ED   60,0.00%,WRITE-IN,&nbsp,1,AD 46,2025-11-04_22:10:28.313194
ED   61,0.00%,Antonio Reynoso,(Democratic),192,AD 46,2025-11-04_22:10:28.313194
ED   61,0.00%,Janine Acquafredda,(Republican),418,AD 46,2025-11-04_22:10:28.313194
ED   61,0.00%,Janine Acquafredda,(Conservative),28,AD 46,2025-11-04_22:10:28.313194
ED   61,0.00%,Antonio Reynoso,(Working Families),34,AD 46,2025-11-04_22:10:28.313194
ED   61,0.00%,WRITE-IN,&nbsp,1,AD 46,2025-11-04_22:10:28.313194
ED   62,0.00%,Antonio Reynoso,(Democratic),71,AD 46,2025-11-04_22:10:28.313194
ED   62,0.00%,Janine Acquafredda,(Republican),132,AD 46,2025-11-04_22:10:28.313194
ED   62,0.00%,Janine Acquafredda,(Conservative),10,AD 46,2025-11-04_22:10:28.313194
ED   62,0.00%,Antonio Reynoso,(Working Families),4,AD 46,2025-11-04_22:10:28.313194
ED   62,0.00%,WRITE-IN,&nbsp,1,AD 46,2025-11-04_22:10:28.313194
ED   63,0.00%,Antonio Reynoso,(Democratic),42,AD 46,2025-11-04_22:10:28.313194
ED   63,0.00%,Janine Acquafredda,(Republican),140,AD 46,2025-11-04_22:10:28.313194
ED   63,0.00%,Janine Acquafredda,(Conservative),6,AD 46,2025-11-04_22:10:28.313194
ED   63,0.00%,Antonio Reynoso,(Working Families),7,AD 46,2025-11-04_22:10:28.313194
ED   63,0.00%,WRITE-IN,&nbsp,1,AD 46,2025-11-04_22:10:28.313194
ED   64,0.00%,Antonio Reynoso,(Democratic),61,AD 46,2025-11-04_22:10:28.313194
ED   64,0.00%,Janine Acquafredda,(Republican),219,AD 46,2025-11-04_22:10:28.313194
ED   64,0.00%,Janine Acquafredda,(Conservative),19,AD 46,2025-11-04_22:10:28.313194
ED   64,0.00%,Antonio Reynoso,(Working Families),7,AD 46,2025-11-04_22:10:28.313194
ED   64,0.00%,WRITE-IN,&nbsp,-,AD 46,2025-11-04_22:10:28.313194
ED   65,0.00%,Antonio Reynoso,(Democratic),43,AD 46,2025-11-04_22:10:28.313194
ED   65,0.00%,Janine Acquafredda,(Republican),144,AD 46,2025-11-04_22:10:28.313194
ED   65,0.00%,Janine Acquafredda,(Conservative),13,AD 46,2025-11-04_22:10:28.313194
ED   65,0.00%,Antonio Reynoso,(Working Families),8,AD 46,2025-11-04_22:10:28.313194
ED   65,0.00%,WRITE-IN,&nbsp,-,AD 46,2025-11-04_22:10:28.313194
ED   66,0.00%,Antonio Reynoso,(Democratic),105,AD 46,2025-11-04_22:10:28.313194
ED   66,0.00%,Janine Acquafredda,(Republican),201,AD 46,2025-11-04_22:10:28.313194
ED   66,0.00%,Janine Acquafredda,(Conservative),15,AD 46,2025-11-04_22:10:28.313194
ED   66,0.00%,Antonio Reynoso,(Working Families),17,AD 46,2025-11-04_22:10:28.313194
ED   66,0.00%,WRITE-IN,&nbsp,-,AD 46,2025-11-04_22:10:28.313194
ED   67,0.00%,Antonio Reynoso,(Democratic),62,AD 46,2025-11-04_22:10:28.313194
ED   67,0.00%,Janine Acquafredda,(Republican),154,AD 46,2025-11-04_22:10:28.313194
ED   67,0.00%,Janine Acquafredda,(Conservative),15,AD 46,2025-11-04_22:10:28.313194
ED   67,0.00%,Antonio Reynoso,(Working Families),13,AD 46,2025-11-04_22:10:28.313194
ED   67,0.00%,WRITE-IN,&nbsp,-,AD 46,2025-11-04_22:10:28.313194
ED   68,0.00%,Antonio Reynoso,(Democratic),200,AD 46,2025-11-04_22:10:28.313194
ED   68,0.00%,Janine Acquafredda,(Republican),173,AD 46,2025-11-04_22:10:28.313194
ED   68,0.00%,Janine Acquafredda,(Conservative),17,AD 46,2025-11-04_22:10:28.313194
ED   68,0.00%,Antonio Reynoso,(Working Families),27,AD 46,2025-11-04_22:10:28.313194
ED   68,0.00%,WRITE-IN,&nbsp,-,AD 46,2025-11-04_22:10:28.313194
ED   69,0.00%,Antonio Reynoso,(Democratic),150,AD 46,2025-11-04_22:10:28.313194
ED   69,0.00%,Janine Acquafredda,(Republican),58,AD 46,2025-11-04_22:10:28.313194
ED   69,0.00%,Janine Acquafredda,(Conservative),2,AD 46,2025-11-04_22:10:28.313194
ED   69,0.00%,Antonio Reynoso,(Working Families),23,AD 46,2025-11-04_22:10:28.313194
ED   69,0.00%,WRITE-IN,&nbsp,1,AD 46,2025-11-04_22:10:28.313194
ED   70,0.00%,Antonio Reynoso,(Democratic),201,AD 46,2025-11-04_22:10:28.313194
ED   70,0.00%,Janine Acquafredda,(Republican),157,AD 46,2025-11-04_22:10:28.313194
ED   70,0.00%,Janine Acquafredda,(Conservative),9,AD 46,2025-11-04_22:10:28.313194
ED   70,0.00%,Antonio Reynoso,(Working Families),30,AD 46,2025-11-04_22:10:28.313194
ED   70,0.00%,WRITE-IN,&nbsp,2,AD 46,2025-11-04_22:10:28.313194
ED   71,0.00%,Antonio Reynoso,(Democratic),288,AD 46,2025-11-04_22:10:28.313194
ED   71,0.00%,Janine Acquafredda,(Republican),167,AD 46,2025-11-04_22:10:28.313194
ED   71,0.00%,Janine Acquafredda,(Conservative),21,AD 46,2025-11-04_22:10:28.313194
ED   71,0.00%,Antonio Reynoso,(Working Families),35,AD 46,2025-11-04_22:10:28.313194
ED   71,0.00%,WRITE-IN,&nbsp,1,AD 46,2025-11-04_22:10:28.313194
ED   72,0.00%,Antonio Reynoso,(Democratic),-,AD 46,2025-11-04_22:10:28.313194
ED   72,0.00%,Janine Acquafredda,(Republican),-,AD 46,2025-11-04_22:10:28.313194
ED   72,0.00%,Janine Acquafredda,(Conservative),-,AD 46,2025-11-04_22:10:28.313194
ED   72,0.00%,Antonio Reynoso,(Working Families),-,AD 46,2025-11-04_22:10:28.313194
ED   72,0.00%,WRITE-IN,&nbsp,-,AD 46,2025-11-04_22:10:28.313194
ED   73,0.00%,Antonio Reynoso,(Democratic),62,AD 46,2025-11-04_22:10:28.313194
ED   73,0.00%,Janine Acquafredda,(Republican),236,AD 46,2025-11-04_22:10:28.313194
ED   73,0.00%,Janine Acquafredda,(Conservative),23,AD 46,2025-11-04_22:10:28.313194
ED   73,0.00%,Antonio Reynoso,(Working Families),9,AD 46,2025-11-04_22:10:28.313194
ED   73,0.00%,WRITE-IN,&nbsp,-,AD 46,2025-11-04_22:10:28.313194
ED   74,0.00%,Antonio Reynoso,(Democratic),-,AD 46,2025-11-04_22:10:28.313194
ED   74,0.00%,Janine Acquafredda,(Republican),-,AD 46,2025-11-04_22:10:28.313194
ED   74,0.00%,Janine Acquafredda,(Conservative),-,AD 46,2025-11-04_22:10:28.313194
ED   74,0.00%,Antonio Reynoso,(Working Families),-,AD 46,2025-11-04_22:10:28.313194
ED   74,0.00%,WRITE-IN,&nbsp,-,AD 46,2025-11-04_22:10:28.313194
ED   75,0.00%,Antonio Reynoso,(Democratic),-,AD 46,2025-11-04_22:10:28.313194
ED   75,0.00%,Janine Acquafredda,(Republican),-,AD 46,2025-11-04_22:10:28.313194
ED   75,0.00%,Janine Acquafredda,(Conservative),-,AD 46,2025-11-04_22:10:28.313194
ED   75,0.00%,Antonio Reynoso,(Working Families),-,AD 46,2025-11-04_22:10:28.313194
ED   75,0.00%,WRITE-IN,&nbsp,-,AD 46,2025-11-04_22:10:28.313194
ED   76,0.00%,Antonio Reynoso,(Democratic),-,AD 46,2025-11-04_22:10:28.313194
ED   76,0.00%,Janine Acquafredda,(Republican),-,AD 46,2025-11-04_22:10:28.313194
ED   76,0.00%,Janine Acquafredda,(Conservative),-,AD 46,2025-11-04_22:10:28.313194
ED   76,0.00%,Antonio Reynoso,(Working Families),-,AD 46,2025-11-04_22:10:28.313194
ED   76,0.00%,WRITE-IN,&nbsp,-,AD 46,2025-11-04_22:10:28.313194
ED   77,0.00%,Antonio Reynoso,(Democratic),-,AD 46,2025-11-04_22:10:28.313194
ED   77,0.00%,Janine Acquafredda,(Republican),-,AD 46,2025-11-04_22:10:28.313194
ED   77,0.00%,Janine Acquafredda,(Conservative),-,AD 46,2025-11-04_22:10:28.313194
ED   77,0.00%,Antonio Reynoso,(Working Families),-,AD 46,2025-11-04_22:10:28.313194
ED   77,0.00%,WRITE-IN,&nbsp,-,AD 46,2025-11-04_22:10:28.313194
ED   78,0.00%,Antonio Reynoso,(Democratic),-,AD 46,2025-11-04_22:10:28.313194
ED   78,0.00%,Janine Acquafredda,(Republican),-,AD 46,2025-11-04_22:10:28.313194
ED   78,0.00%,Janine Acquafredda,(Conservative),-,AD 46,2025-11-04_22:10:28.313194
ED   78,0.00%,Antonio Reynoso,(Working Families),-,AD 46,2025-11-04_22:10:28.313194
ED   78,0.00%,WRITE-IN,&nbsp,-,AD 46,2025-11-04_22:10:28.313194
Total,,Antonio Reynoso,(Democratic),13010,AD 46,2025-11-04_22:10:28.313194
Total,,Janine Acquafredda,(Republican),12279,AD 46,2025-11-04_22:10:28.313194
Total,,Janine Acquafredda,(Conservative),1205,AD 46,2025-11-04_22:10:28.313194
Total,,Antonio Reynoso,(Working Families),2326,AD 46,2025-11-04_22:10:28.313194
Total,,WRITE-IN,&nbsp,50,AD 46,2025-11-04_22:10:28.313194
ED    1,0.00%,Antonio Reynoso,(Democratic),99,AD 47,2025-11-04_22:10:28.313194
ED    1,0.00%,Janine Acquafredda,(Republican),121,AD 47,2025-11-04_22:10:28.313194
ED    1,0.00%,Janine Acquafredda,(Conservative),12,AD 47,2025-11-04_22:10:28.313194
ED    1,0.00%,Antonio Reynoso,(Working Families),16,AD 47,2025-11-04_22:10:28.313194
ED    1,0.00%,WRITE-IN,&nbsp,1,AD 47,2025-11-04_22:10:28.313194
ED    2,0.00%,Antonio Reynoso,(Democratic),205,AD 47,2025-11-04_22:10:28.313194
ED    2,0.00%,Janine Acquafredda,(Republican),301,AD 47,2025-11-04_22:10:28.313194
ED    2,0.00%,Janine Acquafredda,(Conservative),22,AD 47,2025-11-04_22:10:28.313194
ED    2,0.00%,Antonio Reynoso,(Working Families),38,AD 47,2025-11-04_22:10:28.313194
ED    2,0.00%,WRITE-IN,&nbsp,2,AD 47,2025-11-04_22:10:28.313194
ED    3,0.00%,Antonio Reynoso,(Democratic),71,AD 47,2025-11-04_22:10:28.313194
ED    3,0.00%,Janine Acquafredda,(Republican),150,AD 47,2025-11-04_22:10:28.313194
ED    3,0.00%,Janine Acquafredda,(Conservative),17,AD 47,2025-11-04_22:10:28.313194
ED    3,0.00%,Antonio Reynoso,(Working Families),12,AD 47,2025-11-04_22:10:28.313194
ED    3,0.00%,WRITE-IN,&nbsp,1,AD 47,2025-11-04_22:10:28.313194
ED    4,0.00%,Antonio Reynoso,(Democratic),155,AD 47,2025-11-04_22:10:28.313194
ED    4,0.00%,Janine Acquafredda,(Republican),173,AD 47,2025-11-04_22:10:28.313194
ED    4,0.00%,Janine Acquafredda,(Conservative),15,AD 47,2025-11-04_22:10:28.313194
ED    4,0.00%,Antonio Reynoso,(Working Families),27,AD 47,2025-11-04_22:10:28.313194
ED    4,0.00%,WRITE-IN,&nbsp,1,AD 47,2025-11-04_22:10:28.313194
ED    5,0.00%,Antonio Reynoso,(Democratic),209,AD 47,2025-11-04_22:10:28.313194
ED    5,0.00%,Janine Acquafredda,(Republican),229,AD 47,2025-11-04_22:10:28.313194
ED    5,0.00%,Janine Acquafredda,(Conservative),18,AD 47,2025-11-04_22:10:28.313194
ED    5,0.00%,Antonio Reynoso,(Working Families),34,AD 47,2025-11-04_22:10:28.313194
ED    5,0.00%,WRITE-IN,&nbsp,-,AD 47,2025-11-04_22:10:28.313194
ED    6,0.00%,Antonio Reynoso,(Democratic),95,AD 47,2025-11-04_22:10:28.313194
ED    6,0.00%,Janine Acquafredda,(Republican),62,AD 47,2025-11-04_22:10:28.313194
ED    6,0.00%,Janine Acquafredda,(Conservative),5,AD 47,2025-11-04_22:10:28.313194
ED    6,0.00%,Antonio Reynoso,(Working Families),16,AD 47,2025-11-04_22:10:28.313194
ED    6,0.00%,WRITE-IN,&nbsp,-,AD 47,2025-11-04_22:10:28.313194
ED    7,0.00%,Antonio Reynoso,(Democratic),141,AD 47,2025-11-04_22:10:28.313194
ED    7,0.00%,Janine Acquafredda,(Republican),220,AD 47,2025-11-04_22:10:28.313194
ED    7,0.00%,Janine Acquafredda,(Conservative),12,AD 47,2025-11-04_22:10:28.313194
ED    7,0.00%,Antonio Reynoso,(Working Families),20,AD 47,2025-11-04_22:10:28.313194
ED    7,0.00%,WRITE-IN,&nbsp,1,AD 47,2025-11-04_22:10:28.313194
ED    8,0.00%,Antonio Reynoso,(Democratic),119,AD 47,2025-11-04_22:10:28.313194
ED    8,0.00%,Janine Acquafredda,(Republican),71,AD 47,2025-11-04_22:10:28.313194
ED    8,0.00%,Janine Acquafredda,(Conservative),5,AD 47,2025-11-04_22:10:28.313194
ED    8,0.00%,Antonio Reynoso,(Working Families),17,AD 47,2025-11-04_22:10:28.313194
ED    8,0.00%,WRITE-IN,&nbsp,-,AD 47,2025-11-04_22:10:28.313194
ED    9,0.00%,Antonio Reynoso,(Democratic),32,AD 47,2025-11-04_22:10:28.313194
ED    9,0.00%,Janine Acquafredda,(Republican),56,AD 47,2025-11-04_22:10:28.313194
ED    9,0.00%,Janine Acquafredda,(Conservative),4,AD 47,2025-11-04_22:10:28.313194
ED    9,0.00%,Antonio Reynoso,(Working Families),8,AD 47,2025-11-04_22:10:28.313194
ED    9,0.00%,WRITE-IN,&nbsp,-,AD 47,2025-11-04_22:10:28.313194
ED   10,0.00%,Antonio Reynoso,(Democratic),56,AD 47,2025-11-04_22:10:28.313194
ED   10,0.00%,Janine Acquafredda,(Republican),34,AD 47,2025-11-04_22:10:28.313194
ED   10,0.00%,Janine Acquafredda,(Conservative),2,AD 47,2025-11-04_22:10:28.313194
ED   10,0.00%,Antonio Reynoso,(Working Families),6,AD 47,2025-11-04_22:10:28.313194
ED   10,0.00%,WRITE-IN,&nbsp,-,AD 47,2025-11-04_22:10:28.313194
ED   11,0.00%,Antonio Reynoso,(Democratic),41,AD 47,2025-11-04_22:10:28.313194
ED   11,0.00%,Janine Acquafredda,(Republican),65,AD 47,2025-11-04_22:10:28.313194
ED   11,0.00%,Janine Acquafredda,(Conservative),8,AD 47,2025-11-04_22:10:28.313194
ED   11,0.00%,Antonio Reynoso,(Working Families),12,AD 47,2025-11-04_22:10:28.313194
ED   11,0.00%,WRITE-IN,&nbsp,-,AD 47,2025-11-04_22:10:28.313194
ED   12,0.00%,Antonio Reynoso,(Democratic),233,AD 47,2025-11-04_22:10:28.313194
ED   12,0.00%,Janine Acquafredda,(Republican),184,AD 47,2025-11-04_22:10:28.313194
ED   12,0.00%,Janine Acquafredda,(Conservative),14,AD 47,2025-11-04_22:10:28.313194
ED   12,0.00%,Antonio Reynoso,(Working Families),36,AD 47,2025-11-04_22:10:28.313194
ED   12,0.00%,WRITE-IN,&nbsp,1,AD 47,2025-11-04_22:10:28.313194
ED   13,0.00%,Antonio Reynoso,(Democratic),110,AD 47,2025-11-04_22:10:28.313194
ED   13,0.00%,Janine Acquafredda,(Republican),80,AD 47,2025-11-04_22:10:28.313194
ED   13,0.00%,Janine Acquafredda,(Conservative),18,AD 47,2025-11-04_22:10:28.313194
ED   13,0.00%,Antonio Reynoso,(Working Families),10,AD 47,2025-11-04_22:10:28.313194
ED   13,0.00%,WRITE-IN,&nbsp,-,AD 47,2025-11-04_22:10:28.313194
ED   14,0.00%,Antonio Reynoso,(Democratic),188,AD 47,2025-11-04_22:10:28.313194
ED   14,0.00%,Janine Acquafredda,(Republican),181,AD 47,2025-11-04_22:10:28.313194
ED   14,0.00%,Janine Acquafredda,(Conservative),16,AD 47,2025-11-04_22:10:28.313194
ED   14,0.00%,Antonio Reynoso,(Working Families),41,AD 47,2025-11-04_22:10:28.313194
ED   14,0.00%,WRITE-IN,&nbsp,-,AD 47,2025-11-04_22:10:28.313194
ED   15,0.00%,Antonio Reynoso,(Democratic),79,AD 47,2025-11-04_22:10:28.313194
ED   15,0.00%,Janine Acquafredda,(Republican),85,AD 47,2025-11-04_22:10:28.313194
ED   15,0.00%,Janine Acquafredda,(Conservative),4,AD 47,2025-11-04_22:10:28.313194
ED   15,0.00%,Antonio Reynoso,(Working Families),11,AD 47,2025-11-04_22:10:28.313194
ED   15,0.00%,WRITE-IN,&nbsp,1,AD 47,2025-11-04_22:10:28.313194
ED   16,0.00%,Antonio Reynoso,(Democratic),95,AD 47,2025-11-04_22:10:28.313194
ED   16,0.00%,Janine Acquafredda,(Republican),113,AD 47,2025-11-04_22:10:28.313194
ED   16,0.00%,Janine Acquafredda,(Conservative),10,AD 47,2025-11-04_22:10:28.313194
ED   16,0.00%,Antonio Reynoso,(Working Families),13,AD 47,2025-11-04_22:10:28.313194
ED   16,0.00%,WRITE-IN,&nbsp,2,AD 47,2025-11-04_22:10:28.313194
ED   17,0.00%,Antonio Reynoso,(Democratic),25,AD 47,2025-11-04_22:10:28.313194
ED   17,0.00%,Janine Acquafredda,(Republican),21,AD 47,2025-11-04_22:10:28.313194
ED   17,0.00%,Janine Acquafredda,(Conservative),3,AD 47,2025-11-04_22:10:28.313194
ED   17,0.00%,Antonio Reynoso,(Working Families),2,AD 47,2025-11-04_22:10:28.313194
ED   17,0.00%,WRITE-IN,&nbsp,1,AD 47,2025-11-04_22:10:28.313194
ED   18,0.00%,Antonio Reynoso,(Democratic),6,AD 47,2025-11-04_22:10:28.313194
ED   18,0.00%,Janine Acquafredda,(Republican),18,AD 47,2025-11-04_22:10:28.313194
ED   18,0.00%,Janine Acquafredda,(Conservative),3,AD 47,2025-11-04_22:10:28.313194
ED   18,0.00%,Antonio Reynoso,(Working Families),4,AD 47,2025-11-04_22:10:28.313194
ED   18,0.00%,WRITE-IN,&nbsp,-,AD 47,2025-11-04_22:10:28.313194
ED   19,0.00%,Antonio Reynoso,(Democratic),119,AD 47,2025-11-04_22:10:28.313194
ED   19,0.00%,Janine Acquafredda,(Republican),137,AD 47,2025-11-04_22:10:28.313194
ED   19,0.00%,Janine Acquafredda,(Conservative),11,AD 47,2025-11-04_22:10:28.313194
ED   19,0.00%,Antonio Reynoso,(Working Families),23,AD 47,2025-11-04_22:10:28.313194
ED   19,0.00%,WRITE-IN,&nbsp,1,AD 47,2025-11-04_22:10:28.313194
ED   20,0.00%,Antonio Reynoso,(Democratic),217,AD 47,2025-11-04_22:10:28.313194
ED   20,0.00%,Janine Acquafredda,(Republican),180,AD 47,2025-11-04_22:10:28.313194
ED   20,0.00%,Janine Acquafredda,(Conservative),19,AD 47,2025-11-04_22:10:28.313194
ED   20,0.00%,Antonio Reynoso,(Working Families),47,AD 47,2025-11-04_22:10:28.313194
ED   20,0.00%,WRITE-IN,&nbsp,3,AD 47,2025-11-04_22:10:28.313194
ED   21,0.00%,Antonio Reynoso,(Democratic),180,AD 47,2025-11-04_22:10:28.313194
ED   21,0.00%,Janine Acquafredda,(Republican),120,AD 47,2025-11-04_22:10:28.313194
ED   21,0.00%,Janine Acquafredda,(Conservative),16,AD 47,2025-11-04_22:10:28.313194
ED   21,0.00%,Antonio Reynoso,(Working Families),21,AD 47,2025-11-04_22:10:28.313194
ED   21,0.00%,WRITE-IN,&nbsp,-,AD 47,2025-11-04_22:10:28.313194
ED   22,0.00%,Antonio Reynoso,(Democratic),138,AD 47,2025-11-04_22:10:28.313194
ED   22,0.00%,Janine Acquafredda,(Republican),155,AD 47,2025-11-04_22:10:28.313194
ED   22,0.00%,Janine Acquafredda,(Conservative),13,AD 47,2025-11-04_22:10:28.313194
ED   22,0.00%,Antonio Reynoso,(Working Families),26,AD 47,2025-11-04_22:10:28.313194
ED   22,0.00%,WRITE-IN,&nbsp,1,AD 47,2025-11-04_22:10:28.313194
ED   23,0.00%,Antonio Reynoso,(Democratic),222,AD 47,2025-11-04_22:10:28.313194
ED   23,0.00%,Janine Acquafredda,(Republican),160,AD 47,2025-11-04_22:10:28.313194
ED   23,0.00%,Janine Acquafredda,(Conservative),15,AD 47,2025-11-04_22:10:28.313194
ED   23,0.00%,Antonio Reynoso,(Working Families),40,AD 47,2025-11-04_22:10:28.313194
ED   23,0.00%,WRITE-IN,&nbsp,-,AD 47,2025-11-04_22:10:28.313194
ED   24,0.00%,Antonio Reynoso,(Democratic),132,AD 47,2025-11-04_22:10:28.313194
ED   24,0.00%,Janine Acquafredda,(Republican),120,AD 47,2025-11-04_22:10:28.313194
ED   24,0.00%,Janine Acquafredda,(Conservative),6,AD 47,2025-11-04_22:10:28.313194
ED   24,0.00%,Antonio Reynoso,(Working Families),39,AD 47,2025-11-04_22:10:28.313194
ED   24,0.00%,WRITE-IN,&nbsp,2,AD 47,2025-11-04_22:10:28.313194
ED   25,0.00%,Antonio Reynoso,(Democratic),178,AD 47,2025-11-04_22:10:28.313194
ED   25,0.00%,Janine Acquafredda,(Republican),129,AD 47,2025-11-04_22:10:28.313194
ED   25,0.00%,Janine Acquafredda,(Conservative),15,AD 47,2025-11-04_22:10:28.313194
ED   25,0.00%,Antonio Reynoso,(Working Families),38,AD 47,2025-11-04_22:10:28.313194
ED   25,0.00%,WRITE-IN,&nbsp,3,AD 47,2025-11-04_22:10:28.313194
ED   26,0.00%,Antonio Reynoso,(Democratic),189,AD 47,2025-11-04_22:10:28.313194
ED   26,0.00%,Janine Acquafredda,(Republican),182,AD 47,2025-11-04_22:10:28.313194
ED   26,0.00%,Janine Acquafredda,(Conservative),23,AD 47,2025-11-04_22:10:28.313194
ED   26,0.00%,Antonio Reynoso,(Working Families),21,AD 47,2025-11-04_22:10:28.313194
ED   26,0.00%,WRITE-IN,&nbsp,-,AD 47,2025-11-04_22:10:28.313194
ED   27,0.00%,Antonio Reynoso,(Democratic),157,AD 47,2025-11-04_22:10:28.313194
ED   27,0.00%,Janine Acquafredda,(Republican),203,AD 47,2025-11-04_22:10:28.313194
ED   27,0.00%,Janine Acquafredda,(Conservative),31,AD 47,2025-11-04_22:10:28.313194
ED   27,0.00%,Antonio Reynoso,(Working Families),22,AD 47,2025-11-04_22:10:28.313194
ED   27,0.00%,WRITE-IN,&nbsp,1,AD 47,2025-11-04_22:10:28.313194
ED   28,0.00%,Antonio Reynoso,(Democratic),58,AD 47,2025-11-04_22:10:28.313194
ED   28,0.00%,Janine Acquafredda,(Republican),61,AD 47,2025-11-04_22:10:28.313194
ED   28,0.00%,Janine Acquafredda,(Conservative),5,AD 47,2025-11-04_22:10:28.313194
ED   28,0.00%,Antonio Reynoso,(Working Families),3,AD 47,2025-11-04_22:10:28.313194
ED   28,0.00%,WRITE-IN,&nbsp,1,AD 47,2025-11-04_22:10:28.313194
ED   29,0.00%,Antonio Reynoso,(Democratic),115,AD 47,2025-11-04_22:10:28.313194
ED   29,0.00%,Janine Acquafredda,(Republican),137,AD 47,2025-11-04_22:10:28.313194
ED   29,0.00%,Janine Acquafredda,(Conservative),10,AD 47,2025-11-04_22:10:28.313194
ED   29,0.00%,Antonio Reynoso,(Working Families),21,AD 47,2025-11-04_22:10:28.313194
ED   29,0.00%,WRITE-IN,&nbsp,-,AD 47,2025-11-04_22:10:28.313194
ED   30,0.00%,Antonio Reynoso,(Democratic),94,AD 47,2025-11-04_22:10:28.313194
ED   30,0.00%,Janine Acquafredda,(Republican),126,AD 47,2025-11-04_22:10:28.313194
ED   30,0.00%,Janine Acquafredda,(Conservative),16,AD 47,2025-11-04_22:10:28.313194
ED   30,0.00%,Antonio Reynoso,(Working Families),26,AD 47,2025-11-04_22:10:28.313194
ED   30,0.00%,WRITE-IN,&nbsp,-,AD 47,2025-11-04_22:10:28.313194
ED   31,0.00%,Antonio Reynoso,(Democratic),35,AD 47,2025-11-04_22:10:28.313194
ED   31,0.00%,Janine Acquafredda,(Republican),53,AD 47,2025-11-04_22:10:28.313194
ED   31,0.00%,Janine Acquafredda,(Conservative),5,AD 47,2025-11-04_22:10:28.313194
ED   31,0.00%,Antonio Reynoso,(Working Families),8,AD 47,2025-11-04_22:10:28.313194
ED   31,0.00%,WRITE-IN,&nbsp,-,AD 47,2025-11-04_22:10:28.313194
ED   32,0.00%,Antonio Reynoso,(Democratic),35,AD 47,2025-11-04_22:10:28.313194
ED   32,0.00%,Janine Acquafredda,(Republican),43,AD 47,2025-11-04_22:10:28.313194
ED   32,0.00%,Janine Acquafredda,(Conservative),1,AD 47,2025-11-04_22:10:28.313194
ED   32,0.00%,Antonio Reynoso,(Working Families),5,AD 47,2025-11-04_22:10:28.313194
ED   32,0.00%,WRITE-IN,&nbsp,-,AD 47,2025-11-04_22:10:28.313194
ED   33,0.00%,Antonio Reynoso,(Democratic),133,AD 47,2025-11-04_22:10:28.313194
ED   33,0.00%,Janine Acquafredda,(Republican),218,AD 47,2025-11-04_22:10:28.313194
ED   33,0.00%,Janine Acquafredda,(Conservative),24,AD 47,2025-11-04_22:10:28.313194
ED   33,0.00%,Antonio Reynoso,(Working Families),29,AD 47,2025-11-04_22:10:28.313194
ED   33,0.00%,WRITE-IN,&nbsp,-,AD 47,2025-11-04_22:10:28.313194
ED   34,0.00%,Antonio Reynoso,(Democratic),195,AD 47,2025-11-04_22:10:28.313194
ED   34,0.00%,Janine Acquafredda,(Republican),182,AD 47,2025-11-04_22:10:28.313194
ED   34,0.00%,Janine Acquafredda,(Conservative),17,AD 47,2025-11-04_22:10:28.313194
ED   34,0.00%,Antonio Reynoso,(Working Families),29,AD 47,2025-11-04_22:10:28.313194
ED   34,0.00%,WRITE-IN,&nbsp,-,AD 47,2025-11-04_22:10:28.313194
ED   35,0.00%,Antonio Reynoso,(Democratic),157,AD 47,2025-11-04_22:10:28.313194
ED   35,0.00%,Janine Acquafredda,(Republican),188,AD 47,2025-11-04_22:10:28.313194
ED   35,0.00%,Janine Acquafredda,(Conservative),11,AD 47,2025-11-04_22:10:28.313194
ED   35,0.00%,Antonio Reynoso,(Working Families),20,AD 47,2025-11-04_22:10:28.313194
ED   35,0.00%,WRITE-IN,&nbsp,2,AD 47,2025-11-04_22:10:28.313194
ED   36,0.00%,Antonio Reynoso,(Democratic),136,AD 47,2025-11-04_22:10:28.313194
ED   36,0.00%,Janine Acquafredda,(Republican),173,AD 47,2025-11-04_22:10:28.313194
ED   36,0.00%,Janine Acquafredda,(Conservative),13,AD 47,2025-11-04_22:10:28.313194
ED   36,0.00%,Antonio Reynoso,(Working Families),18,AD 47,2025-11-04_22:10:28.313194
ED   36,0.00%,WRITE-IN,&nbsp,2,AD 47,2025-11-04_22:10:28.313194
ED   37,0.00%,Antonio Reynoso,(Democratic),137,AD 47,2025-11-04_22:10:28.313194
ED   37,0.00%,Janine Acquafredda,(Republican),150,AD 47,2025-11-04_22:10:28.313194
ED   37,0.00%,Janine Acquafredda,(Conservative),22,AD 47,2025-11-04_22:10:28.313194
ED   37,0.00%,Antonio Reynoso,(Working Families),23,AD 47,2025-11-04_22:10:28.313194
ED   37,0.00%,WRITE-IN,&nbsp,-,AD 47,2025-11-04_22:10:28.313194
ED   38,0.00%,Antonio Reynoso,(Democratic),159,AD 47,2025-11-04_22:10:28.313194
ED   38,0.00%,Janine Acquafredda,(Republican),135,AD 47,2025-11-04_22:10:28.313194
ED   38,0.00%,Janine Acquafredda,(Conservative),10,AD 47,2025-11-04_22:10:28.313194
ED   38,0.00%,Antonio Reynoso,(Working Families),26,AD 47,2025-11-04_22:10:28.313194
ED   38,0.00%,WRITE-IN,&nbsp,-,AD 47,2025-11-04_22:10:28.313194
ED   39,0.00%,Antonio Reynoso,(Democratic),120,AD 47,2025-11-04_22:10:28.313194
ED   39,0.00%,Janine Acquafredda,(Republican),129,AD 47,2025-11-04_22:10:28.313194
ED   39,0.00%,Janine Acquafredda,(Conservative),7,AD 47,2025-11-04_22:10:28.313194
ED   39,0.00%,Antonio Reynoso,(Working Families),12,AD 47,2025-11-04_22:10:28.313194
ED   39,0.00%,WRITE-IN,&nbsp,1,AD 47,2025-11-04_22:10:28.313194
ED   40,0.00%,Antonio Reynoso,(Democratic),40,AD 47,2025-11-04_22:10:28.313194
ED   40,0.00%,Janine Acquafredda,(Republican),52,AD 47,2025-11-04_22:10:28.313194
ED   40,0.00%,Janine Acquafredda,(Conservative),8,AD 47,2025-11-04_22:10:28.313194
ED   40,0.00%,Antonio Reynoso,(Working Families),9,AD 47,2025-11-04_22:10:28.313194
ED   40,0.00%,WRITE-IN,&nbsp,-,AD 47,2025-11-04_22:10:28.313194
ED   41,0.00%,Antonio Reynoso,(Democratic),50,AD 47,2025-11-04_22:10:28.313194
ED   41,0.00%,Janine Acquafredda,(Republican),68,AD 47,2025-11-04_22:10:28.313194
ED   41,0.00%,Janine Acquafredda,(Conservative),7,AD 47,2025-11-04_22:10:28.313194
ED   41,0.00%,Antonio Reynoso,(Working Families),15,AD 47,2025-11-04_22:10:28.313194
ED   41,0.00%,WRITE-IN,&nbsp,2,AD 47,2025-11-04_22:10:28.313194
ED   42,0.00%,Antonio Reynoso,(Democratic),190,AD 47,2025-11-04_22:10:28.313194
ED   42,0.00%,Janine Acquafredda,(Republican),25,AD 47,2025-11-04_22:10:28.313194
ED   42,0.00%,Janine Acquafredda,(Conservative),6,AD 47,2025-11-04_22:10:28.313194
ED   42,0.00%,Antonio Reynoso,(Working Families),15,AD 47,2025-11-04_22:10:28.313194
ED   42,0.00%,WRITE-IN,&nbsp,-,AD 47,2025-11-04_22:10:28.313194
ED   43,0.00%,Antonio Reynoso,(Democratic),198,AD 47,2025-11-04_22:10:28.313194
ED   43,0.00%,Janine Acquafredda,(Republican),206,AD 47,2025-11-04_22:10:28.313194
ED   43,0.00%,Janine Acquafredda,(Conservative),14,AD 47,2025-11-04_22:10:28.313194
ED   43,0.00%,Antonio Reynoso,(Working Families),30,AD 47,2025-11-04_22:10:28.313194
ED   43,0.00%,WRITE-IN,&nbsp,2,AD 47,2025-11-04_22:10:28.313194
ED   44,0.00%,Antonio Reynoso,(Democratic),196,AD 47,2025-11-04_22:10:28.313194
ED   44,0.00%,Janine Acquafredda,(Republican),203,AD 47,2025-11-04_22:10:28.313194
ED   44,0.00%,Janine Acquafredda,(Conservative),13,AD 47,2025-11-04_22:10:28.313194
ED   44,0.00%,Antonio Reynoso,(Working Families),35,AD 47,2025-11-04_22:10:28.313194
ED   44,0.00%,WRITE-IN,&nbsp,-,AD 47,2025-11-04_22:10:28.313194
ED   45,0.00%,Antonio Reynoso,(Democratic),226,AD 47,2025-11-04_22:10:28.313194
ED   45,0.00%,Janine Acquafredda,(Republican),221,AD 47,2025-11-04_22:10:28.313194
ED   45,0.00%,Janine Acquafredda,(Conservative),30,AD 47,2025-11-04_22:10:28.313194
ED   45,0.00%,Antonio Reynoso,(Working Families),37,AD 47,2025-11-04_22:10:28.313194
ED   45,0.00%,WRITE-IN,&nbsp,-,AD 47,2025-11-04_22:10:28.313194
ED   46,0.00%,Antonio Reynoso,(Democratic),151,AD 47,2025-11-04_22:10:28.313194
ED   46,0.00%,Janine Acquafredda,(Republican),138,AD 47,2025-11-04_22:10:28.313194
ED   46,0.00%,Janine Acquafredda,(Conservative),18,AD 47,2025-11-04_22:10:28.313194
ED   46,0.00%,Antonio Reynoso,(Working Families),25,AD 47,2025-11-04_22:10:28.313194
ED   46,0.00%,WRITE-IN,&nbsp,-,AD 47,2025-11-04_22:10:28.313194
ED   47,0.00%,Antonio Reynoso,(Democratic),254,AD 47,2025-11-04_22:10:28.313194
ED   47,0.00%,Janine Acquafredda,(Republican),181,AD 47,2025-11-04_22:10:28.313194
ED   47,0.00%,Janine Acquafredda,(Conservative),19,AD 47,2025-11-04_22:10:28.313194
ED   47,0.00%,Antonio Reynoso,(Working Families),33,AD 47,2025-11-04_22:10:28.313194
ED   47,0.00%,WRITE-IN,&nbsp,-,AD 47,2025-11-04_22:10:28.313194
ED   48,0.00%,Antonio Reynoso,(Democratic),58,AD 47,2025-11-04_22:10:28.313194
ED   48,0.00%,Janine Acquafredda,(Republican),30,AD 47,2025-11-04_22:10:28.313194
ED   48,0.00%,Janine Acquafredda,(Conservative),8,AD 47,2025-11-04_22:10:28.313194
ED   48,0.00%,Antonio Reynoso,(Working Families),11,AD 47,2025-11-04_22:10:28.313194
ED   48,0.00%,WRITE-IN,&nbsp,1,AD 47,2025-11-04_22:10:28.313194
ED   49,0.00%,Antonio Reynoso,(Democratic),227,AD 47,2025-11-04_22:10:28.313194
ED   49,0.00%,Janine Acquafredda,(Republican),180,AD 47,2025-11-04_22:10:28.313194
ED   49,0.00%,Janine Acquafredda,(Conservative),19,AD 47,2025-11-04_22:10:28.313194
ED   49,0.00%,Antonio Reynoso,(Working Families),26,AD 47,2025-11-04_22:10:28.313194
ED   49,0.00%,WRITE-IN,&nbsp,1,AD 47,2025-11-04_22:10:28.313194
ED   50,0.00%,Antonio Reynoso,(Democratic),239,AD 47,2025-11-04_22:10:28.313194
ED   50,0.00%,Janine Acquafredda,(Republican),325,AD 47,2025-11-04_22:10:28.313194
ED   50,0.00%,Janine Acquafredda,(Conservative),33,AD 47,2025-11-04_22:10:28.313194
ED   50,0.00%,Antonio Reynoso,(Working Families),43,AD 47,2025-11-04_22:10:28.313194
ED   50,0.00%,WRITE-IN,&nbsp,-,AD 47,2025-11-04_22:10:28.313194
ED   51,0.00%,Antonio Reynoso,(Democratic),25,AD 47,2025-11-04_22:10:28.313194
ED   51,0.00%,Janine Acquafredda,(Republican),26,AD 47,2025-11-04_22:10:28.313194
ED   51,0.00%,Janine Acquafredda,(Conservative),2,AD 47,2025-11-04_22:10:28.313194
ED   51,0.00%,Antonio Reynoso,(Working Families),4,AD 47,2025-11-04_22:10:28.313194
ED   51,0.00%,WRITE-IN,&nbsp,-,AD 47,2025-11-04_22:10:28.313194
ED   52,0.00%,Antonio Reynoso,(Democratic),92,AD 47,2025-11-04_22:10:28.313194
ED   52,0.00%,Janine Acquafredda,(Republican),90,AD 47,2025-11-04_22:10:28.313194
ED   52,0.00%,Janine Acquafredda,(Conservative),9,AD 47,2025-11-04_22:10:28.313194
ED   52,0.00%,Antonio Reynoso,(Working Families),10,AD 47,2025-11-04_22:10:28.313194
ED   52,0.00%,WRITE-IN,&nbsp,-,AD 47,2025-11-04_22:10:28.313194
ED   53,0.00%,Antonio Reynoso,(Democratic),145,AD 47,2025-11-04_22:10:28.313194
ED   53,0.00%,Janine Acquafredda,(Republican),112,AD 47,2025-11-04_22:10:28.313194
ED   53,0.00%,Janine Acquafredda,(Conservative),10,AD 47,2025-11-04_22:10:28.313194
ED   53,0.00%,Antonio Reynoso,(Working Families),26,AD 47,2025-11-04_22:10:28.313194
ED   53,0.00%,WRITE-IN,&nbsp,-,AD 47,2025-11-04_22:10:28.313194
ED   54,0.00%,Antonio Reynoso,(Democratic),137,AD 47,2025-11-04_22:10:28.313194
ED   54,0.00%,Janine Acquafredda,(Republican),146,AD 47,2025-11-04_22:10:28.313194
ED   54,0.00%,Janine Acquafredda,(Conservative),14,AD 47,2025-11-04_22:10:28.313194
ED   54,0.00%,Antonio Reynoso,(Working Families),26,AD 47,2025-11-04_22:10:28.313194
ED   54,0.00%,WRITE-IN,&nbsp,-,AD 47,2025-11-04_22:10:28.313194
ED   55,0.00%,Antonio Reynoso,(Democratic),18,AD 47,2025-11-04_22:10:28.313194
ED   55,0.00%,Janine Acquafredda,(Republican),19,AD 47,2025-11-04_22:10:28.313194
ED   55,0.00%,Janine Acquafredda,(Conservative),-,AD 47,2025-11-04_22:10:28.313194
ED   55,0.00%,Antonio Reynoso,(Working Families),-,AD 47,2025-11-04_22:10:28.313194
ED   55,0.00%,WRITE-IN,&nbsp,-,AD 47,2025-11-04_22:10:28.313194
ED   56,0.00%,Antonio Reynoso,(Democratic),21,AD 47,2025-11-04_22:10:28.313194
ED   56,0.00%,Janine Acquafredda,(Republican),24,AD 47,2025-11-04_22:10:28.313194
ED   56,0.00%,Janine Acquafredda,(Conservative),1,AD 47,2025-11-04_22:10:28.313194
ED   56,0.00%,Antonio Reynoso,(Working Families),2,AD 47,2025-11-04_22:10:28.313194
ED   56,0.00%,WRITE-IN,&nbsp,-,AD 47,2025-11-04_22:10:28.313194
ED   57,0.00%,Antonio Reynoso,(Democratic),-,AD 47,2025-11-04_22:10:28.313194
ED   57,0.00%,Janine Acquafredda,(Republican),-,AD 47,2025-11-04_22:10:28.313194
ED   57,0.00%,Janine Acquafredda,(Conservative),-,AD 47,2025-11-04_22:10:28.313194
ED   57,0.00%,Antonio Reynoso,(Working Families),-,AD 47,2025-11-04_22:10:28.313194
ED   57,0.00%,WRITE-IN,&nbsp,-,AD 47,2025-11-04_22:10:28.313194
Total,,Antonio Reynoso,(Democratic),7132,AD 47,2025-11-04_22:10:28.313194
Total,,Janine Acquafredda,(Republican),7191,AD 47,2025-11-04_22:10:28.313194
Total,,Janine Acquafredda,(Conservative),689,AD 47,2025-11-04_22:10:28.313194
Total,,Antonio Reynoso,(Working Families),1167,AD 47,2025-11-04_22:10:28.313194
Total,,WRITE-IN,&nbsp,34,AD 47,2025-11-04_22:10:28.313194
ED    1,0.00%,Antonio Reynoso,(Democratic),65,AD 48,2025-11-04_22:10:28.313194
ED    1,0.00%,Janine Acquafredda,(Republican),60,AD 48,2025-11-04_22:10:28.313194
ED    1,0.00%,Janine Acquafredda,(Conservative),9,AD 48,2025-11-04_22:10:28.313194
ED    1,0.00%,Antonio Reynoso,(Working Families),10,AD 48,2025-11-04_22:10:28.313194
ED    1,0.00%,WRITE-IN,&nbsp,-,AD 48,2025-11-04_22:10:28.313194
ED    2,0.00%,Antonio Reynoso,(Democratic),242,AD 48,2025-11-04_22:10:28.313194
ED    2,0.00%,Janine Acquafredda,(Republican),127,AD 48,2025-11-04_22:10:28.313194
ED    2,0.00%,Janine Acquafredda,(Conservative),23,AD 48,2025-11-04_22:10:28.313194
ED    2,0.00%,Antonio Reynoso,(Working Families),20,AD 48,2025-11-04_22:10:28.313194
ED    2,0.00%,WRITE-IN,&nbsp,-,AD 48,2025-11-04_22:10:28.313194
ED    3,0.00%,Antonio Reynoso,(Democratic),279,AD 48,2025-11-04_22:10:28.313194
ED    3,0.00%,Janine Acquafredda,(Republican),145,AD 48,2025-11-04_22:10:28.313194
ED    3,0.00%,Janine Acquafredda,(Conservative),31,AD 48,2025-11-04_22:10:28.313194
ED    3,0.00%,Antonio Reynoso,(Working Families),45,AD 48,2025-11-04_22:10:28.313194
ED    3,0.00%,WRITE-IN,&nbsp,4,AD 48,2025-11-04_22:10:28.313194
ED    4,0.00%,Antonio Reynoso,(Democratic),94,AD 48,2025-11-04_22:10:28.313194
ED    4,0.00%,Janine Acquafredda,(Republican),54,AD 48,2025-11-04_22:10:28.313194
ED    4,0.00%,Janine Acquafredda,(Conservative),7,AD 48,2025-11-04_22:10:28.313194
ED    4,0.00%,Antonio Reynoso,(Working Families),13,AD 48,2025-11-04_22:10:28.313194
ED    4,0.00%,WRITE-IN,&nbsp,1,AD 48,2025-11-04_22:10:28.313194
ED    5,0.00%,Antonio Reynoso,(Democratic),241,AD 48,2025-11-04_22:10:28.313194
ED    5,0.00%,Janine Acquafredda,(Republican),79,AD 48,2025-11-04_22:10:28.313194
ED    5,0.00%,Janine Acquafredda,(Conservative),15,AD 48,2025-11-04_22:10:28.313194
ED    5,0.00%,Antonio Reynoso,(Working Families),37,AD 48,2025-11-04_22:10:28.313194
ED    5,0.00%,WRITE-IN,&nbsp,1,AD 48,2025-11-04_22:10:28.313194
ED    6,0.00%,Antonio Reynoso,(Democratic),443,AD 48,2025-11-04_22:10:28.313194
ED    6,0.00%,Janine Acquafredda,(Republican),207,AD 48,2025-11-04_22:10:28.313194
ED    6,0.00%,Janine Acquafredda,(Conservative),45,AD 48,2025-11-04_22:10:28.313194
ED    6,0.00%,Antonio Reynoso,(Working Families),72,AD 48,2025-11-04_22:10:28.313194
ED    6,0.00%,WRITE-IN,&nbsp,6,AD 48,2025-11-04_22:10:28.313194
ED    7,0.00%,Antonio Reynoso,(Democratic),630,AD 48,2025-11-04_22:10:28.313194
ED    7,0.00%,Janine Acquafredda,(Republican),155,AD 48,2025-11-04_22:10:28.313194
ED    7,0.00%,Janine Acquafredda,(Conservative),26,AD 48,2025-11-04_22:10:28.313194
ED    7,0.00%,Antonio Reynoso,(Working Families),55,AD 48,2025-11-04_22:10:28.313194
ED    7,0.00%,WRITE-IN,&nbsp,6,AD 48,2025-11-04_22:10:28.313194
ED    8,0.00%,Antonio Reynoso,(Democratic),453,AD 48,2025-11-04_22:10:28.313194
ED    8,0.00%,Janine Acquafredda,(Republican),143,AD 48,2025-11-04_22:10:28.313194
ED    8,0.00%,Janine Acquafredda,(Conservative),24,AD 48,2025-11-04_22:10:28.313194
ED    8,0.00%,Antonio Reynoso,(Working Families),57,AD 48,2025-11-04_22:10:28.313194
ED    8,0.00%,WRITE-IN,&nbsp,4,AD 48,2025-11-04_22:10:28.313194
ED    9,0.00%,Antonio Reynoso,(Democratic),338,AD 48,2025-11-04_22:10:28.313194
ED    9,0.00%,Janine Acquafredda,(Republican),118,AD 48,2025-11-04_22:10:28.313194
ED    9,0.00%,Janine Acquafredda,(Conservative),32,AD 48,2025-11-04_22:10:28.313194
ED    9,0.00%,Antonio Reynoso,(Working Families),40,AD 48,2025-11-04_22:10:28.313194
ED    9,0.00%,WRITE-IN,&nbsp,3,AD 48,2025-11-04_22:10:28.313194
ED   10,0.00%,Antonio Reynoso,(Democratic),451,AD 48,2025-11-04_22:10:28.313194
ED   10,0.00%,Janine Acquafredda,(Republican),153,AD 48,2025-11-04_22:10:28.313194
ED   10,0.00%,Janine Acquafredda,(Conservative),32,AD 48,2025-11-04_22:10:28.313194
ED   10,0.00%,Antonio Reynoso,(Working Families),46,AD 48,2025-11-04_22:10:28.313194
ED   10,0.00%,WRITE-IN,&nbsp,4,AD 48,2025-11-04_22:10:28.313194
ED   11,0.00%,Antonio Reynoso,(Democratic),208,AD 48,2025-11-04_22:10:28.313194
ED   11,0.00%,Janine Acquafredda,(Republican),49,AD 48,2025-11-04_22:10:28.313194
ED   11,0.00%,Janine Acquafredda,(Conservative),19,AD 48,2025-11-04_22:10:28.313194
ED   11,0.00%,Antonio Reynoso,(Working Families),27,AD 48,2025-11-04_22:10:28.313194
ED   11,0.00%,WRITE-IN,&nbsp,1,AD 48,2025-11-04_22:10:28.313194
ED   12,0.00%,Antonio Reynoso,(Democratic),285,AD 48,2025-11-04_22:10:28.313194
ED   12,0.00%,Janine Acquafredda,(Republican),62,AD 48,2025-11-04_22:10:28.313194
ED   12,0.00%,Janine Acquafredda,(Conservative),16,AD 48,2025-11-04_22:10:28.313194
ED   12,0.00%,Antonio Reynoso,(Working Families),22,AD 48,2025-11-04_22:10:28.313194
ED   12,0.00%,WRITE-IN,&nbsp,2,AD 48,2025-11-04_22:10:28.313194
ED   13,0.00%,Antonio Reynoso,(Democratic),390,AD 48,2025-11-04_22:10:28.313194
ED   13,0.00%,Janine Acquafredda,(Republican),149,AD 48,2025-11-04_22:10:28.313194
ED   13,0.00%,Janine Acquafredda,(Conservative),40,AD 48,2025-11-04_22:10:28.313194
ED   13,0.00%,Antonio Reynoso,(Working Families),42,AD 48,2025-11-04_22:10:28.313194
ED   13,0.00%,WRITE-IN,&nbsp,4,AD 48,2025-11-04_22:10:28.313194
ED   14,0.00%,Antonio Reynoso,(Democratic),194,AD 48,2025-11-04_22:10:28.313194
ED   14,0.00%,Janine Acquafredda,(Republican),72,AD 48,2025-11-04_22:10:28.313194
ED   14,0.00%,Janine Acquafredda,(Conservative),12,AD 48,2025-11-04_22:10:28.313194
ED   14,0.00%,Antonio Reynoso,(Working Families),29,AD 48,2025-11-04_22:10:28.313194
ED   14,0.00%,WRITE-IN,&nbsp,-,AD 48,2025-11-04_22:10:28.313194
ED   15,0.00%,Antonio Reynoso,(Democratic),368,AD 48,2025-11-04_22:10:28.313194
ED   15,0.00%,Janine Acquafredda,(Republican),200,AD 48,2025-11-04_22:10:28.313194
ED   15,0.00%,Janine Acquafredda,(Conservative),34,AD 48,2025-11-04_22:10:28.313194
ED   15,0.00%,Antonio Reynoso,(Working Families),66,AD 48,2025-11-04_22:10:28.313194
ED   15,0.00%,WRITE-IN,&nbsp,7,AD 48,2025-11-04_22:10:28.313194
ED   16,0.00%,Antonio Reynoso,(Democratic),373,AD 48,2025-11-04_22:10:28.313194
ED   16,0.00%,Janine Acquafredda,(Republican),166,AD 48,2025-11-04_22:10:28.313194
ED   16,0.00%,Janine Acquafredda,(Conservative),33,AD 48,2025-11-04_22:10:28.313194
ED   16,0.00%,Antonio Reynoso,(Working Families),42,AD 48,2025-11-04_22:10:28.313194
ED   16,0.00%,WRITE-IN,&nbsp,4,AD 48,2025-11-04_22:10:28.313194
ED   17,0.00%,Antonio Reynoso,(Democratic),13,AD 48,2025-11-04_22:10:28.313194
ED   17,0.00%,Janine Acquafredda,(Republican),1,AD 48,2025-11-04_22:10:28.313194
ED   17,0.00%,Janine Acquafredda,(Conservative),-,AD 48,2025-11-04_22:10:28.313194
ED   17,0.00%,Antonio Reynoso,(Working Families),1,AD 48,2025-11-04_22:10:28.313194
ED   17,0.00%,WRITE-IN,&nbsp,-,AD 48,2025-11-04_22:10:28.313194
ED   18,0.00%,Antonio Reynoso,(Democratic),197,AD 48,2025-11-04_22:10:28.313194
ED   18,0.00%,Janine Acquafredda,(Republican),37,AD 48,2025-11-04_22:10:28.313194
ED   18,0.00%,Janine Acquafredda,(Conservative),7,AD 48,2025-11-04_22:10:28.313194
ED   18,0.00%,Antonio Reynoso,(Working Families),19,AD 48,2025-11-04_22:10:28.313194
ED   18,0.00%,WRITE-IN,&nbsp,2,AD 48,2025-11-04_22:10:28.313194
ED   19,0.00%,Antonio Reynoso,(Democratic),366,AD 48,2025-11-04_22:10:28.313194
ED   19,0.00%,Janine Acquafredda,(Republican),156,AD 48,2025-11-04_22:10:28.313194
ED   19,0.00%,Janine Acquafredda,(Conservative),23,AD 48,2025-11-04_22:10:28.313194
ED   19,0.00%,Antonio Reynoso,(Working Families),27,AD 48,2025-11-04_22:10:28.313194
ED   19,0.00%,WRITE-IN,&nbsp,3,AD 48,2025-11-04_22:10:28.313194
ED   20,0.00%,Antonio Reynoso,(Democratic),272,AD 48,2025-11-04_22:10:28.313194
ED   20,0.00%,Janine Acquafredda,(Republican),110,AD 48,2025-11-04_22:10:28.313194
ED   20,0.00%,Janine Acquafredda,(Conservative),20,AD 48,2025-11-04_22:10:28.313194
ED   20,0.00%,Antonio Reynoso,(Working Families),51,AD 48,2025-11-04_22:10:28.313194
ED   20,0.00%,WRITE-IN,&nbsp,2,AD 48,2025-11-04_22:10:28.313194
ED   21,0.00%,Antonio Reynoso,(Democratic),116,AD 48,2025-11-04_22:10:28.313194
ED   21,0.00%,Janine Acquafredda,(Republican),38,AD 48,2025-11-04_22:10:28.313194
ED   21,0.00%,Janine Acquafredda,(Conservative),4,AD 48,2025-11-04_22:10:28.313194
ED   21,0.00%,Antonio Reynoso,(Working Families),14,AD 48,2025-11-04_22:10:28.313194
ED   21,0.00%,WRITE-IN,&nbsp,-,AD 48,2025-11-04_22:10:28.313194
ED   22,0.00%,Antonio Reynoso,(Democratic),73,AD 48,2025-11-04_22:10:28.313194
ED   22,0.00%,Janine Acquafredda,(Republican),33,AD 48,2025-11-04_22:10:28.313194
ED   22,0.00%,Janine Acquafredda,(Conservative),1,AD 48,2025-11-04_22:10:28.313194
ED   22,0.00%,Antonio Reynoso,(Working Families),6,AD 48,2025-11-04_22:10:28.313194
ED   22,0.00%,WRITE-IN,&nbsp,-,AD 48,2025-11-04_22:10:28.313194
ED   23,0.00%,Antonio Reynoso,(Democratic),364,AD 48,2025-11-04_22:10:28.313194
ED   23,0.00%,Janine Acquafredda,(Republican),76,AD 48,2025-11-04_22:10:28.313194
ED   23,0.00%,Janine Acquafredda,(Conservative),12,AD 48,2025-11-04_22:10:28.313194
ED   23,0.00%,Antonio Reynoso,(Working Families),63,AD 48,2025-11-04_22:10:28.313194
ED   23,0.00%,WRITE-IN,&nbsp,2,AD 48,2025-11-04_22:10:28.313194
ED   24,0.00%,Antonio Reynoso,(Democratic),292,AD 48,2025-11-04_22:10:28.313194
ED   24,0.00%,Janine Acquafredda,(Republican),102,AD 48,2025-11-04_22:10:28.313194
ED   24,0.00%,Janine Acquafredda,(Conservative),12,AD 48,2025-11-04_22:10:28.313194
ED   24,0.00%,Antonio Reynoso,(Working Families),33,AD 48,2025-11-04_22:10:28.313194
ED   24,0.00%,WRITE-IN,&nbsp,1,AD 48,2025-11-04_22:10:28.313194
ED   25,0.00%,Antonio Reynoso,(Democratic),451,AD 48,2025-11-04_22:10:28.313194
ED   25,0.00%,Janine Acquafredda,(Republican),126,AD 48,2025-11-04_22:10:28.313194
ED   25,0.00%,Janine Acquafredda,(Conservative),30,AD 48,2025-11-04_22:10:28.313194
ED   25,0.00%,Antonio Reynoso,(Working Families),59,AD 48,2025-11-04_22:10:28.313194
ED   25,0.00%,WRITE-IN,&nbsp,3,AD 48,2025-11-04_22:10:28.313194
ED   26,0.00%,Antonio Reynoso,(Democratic),426,AD 48,2025-11-04_22:10:28.313194
ED   26,0.00%,Janine Acquafredda,(Republican),137,AD 48,2025-11-04_22:10:28.313194
ED   26,0.00%,Janine Acquafredda,(Conservative),32,AD 48,2025-11-04_22:10:28.313194
ED   26,0.00%,Antonio Reynoso,(Working Families),29,AD 48,2025-11-04_22:10:28.313194
ED   26,0.00%,WRITE-IN,&nbsp,-,AD 48,2025-11-04_22:10:28.313194
ED   27,0.00%,Antonio Reynoso,(Democratic),303,AD 48,2025-11-04_22:10:28.313194
ED   27,0.00%,Janine Acquafredda,(Republican),73,AD 48,2025-11-04_22:10:28.313194
ED   27,0.00%,Janine Acquafredda,(Conservative),18,AD 48,2025-11-04_22:10:28.313194
ED   27,0.00%,Antonio Reynoso,(Working Families),31,AD 48,2025-11-04_22:10:28.313194
ED   27,0.00%,WRITE-IN,&nbsp,3,AD 48,2025-11-04_22:10:28.313194
ED   28,0.00%,Antonio Reynoso,(Democratic),378,AD 48,2025-11-04_22:10:28.313194
ED   28,0.00%,Janine Acquafredda,(Republican),73,AD 48,2025-11-04_22:10:28.313194
ED   28,0.00%,Janine Acquafredda,(Conservative),13,AD 48,2025-11-04_22:10:28.313194
ED   28,0.00%,Antonio Reynoso,(Working Families),36,AD 48,2025-11-04_22:10:28.313194
ED   28,0.00%,WRITE-IN,&nbsp,1,AD 48,2025-11-04_22:10:28.313194
ED   29,0.00%,Antonio Reynoso,(Democratic),471,AD 48,2025-11-04_22:10:28.313194
ED   29,0.00%,Janine Acquafredda,(Republican),83,AD 48,2025-11-04_22:10:28.313194
ED   29,0.00%,Janine Acquafredda,(Conservative),16,AD 48,2025-11-04_22:10:28.313194
ED   29,0.00%,Antonio Reynoso,(Working Families),31,AD 48,2025-11-04_22:10:28.313194
ED   29,0.00%,WRITE-IN,&nbsp,-,AD 48,2025-11-04_22:10:28.313194
ED   30,0.00%,Antonio Reynoso,(Democratic),431,AD 48,2025-11-04_22:10:28.313194
ED   30,0.00%,Janine Acquafredda,(Republican),110,AD 48,2025-11-04_22:10:28.313194
ED   30,0.00%,Janine Acquafredda,(Conservative),22,AD 48,2025-11-04_22:10:28.313194
ED   30,0.00%,Antonio Reynoso,(Working Families),20,AD 48,2025-11-04_22:10:28.313194
ED   30,0.00%,WRITE-IN,&nbsp,2,AD 48,2025-11-04_22:10:28.313194
ED   31,0.00%,Antonio Reynoso,(Democratic),47,AD 48,2025-11-04_22:10:28.313194
ED   31,0.00%,Janine Acquafredda,(Republican),11,AD 48,2025-11-04_22:10:28.313194
ED   31,0.00%,Janine Acquafredda,(Conservative),6,AD 48,2025-11-04_22:10:28.313194
ED   31,0.00%,Antonio Reynoso,(Working Families),8,AD 48,2025-11-04_22:10:28.313194
ED   31,0.00%,WRITE-IN,&nbsp,-,AD 48,2025-11-04_22:10:28.313194
ED   32,0.00%,Antonio Reynoso,(Democratic),361,AD 48,2025-11-04_22:10:28.313194
ED   32,0.00%,Janine Acquafredda,(Republican),74,AD 48,2025-11-04_22:10:28.313194
ED   32,0.00%,Janine Acquafredda,(Conservative),13,AD 48,2025-11-04_22:10:28.313194
ED   32,0.00%,Antonio Reynoso,(Working Families),28,AD 48,2025-11-04_22:10:28.313194
ED   32,0.00%,WRITE-IN,&nbsp,1,AD 48,2025-11-04_22:10:28.313194
ED   33,0.00%,Antonio Reynoso,(Democratic),390,AD 48,2025-11-04_22:10:28.313194
ED   33,0.00%,Janine Acquafredda,(Republican),131,AD 48,2025-11-04_22:10:28.313194
ED   33,0.00%,Janine Acquafredda,(Conservative),26,AD 48,2025-11-04_22:10:28.313194
ED   33,0.00%,Antonio Reynoso,(Working Families),22,AD 48,2025-11-04_22:10:28.313194
ED   33,0.00%,WRITE-IN,&nbsp,3,AD 48,2025-11-04_22:10:28.313194
ED   34,0.00%,Antonio Reynoso,(Democratic),248,AD 48,2025-11-04_22:10:28.313194
ED   34,0.00%,Janine Acquafredda,(Republican),79,AD 48,2025-11-04_22:10:28.313194
ED   34,0.00%,Janine Acquafredda,(Conservative),19,AD 48,2025-11-04_22:10:28.313194
ED   34,0.00%,Antonio Reynoso,(Working Families),25,AD 48,2025-11-04_22:10:28.313194
ED   34,0.00%,WRITE-IN,&nbsp,1,AD 48,2025-11-04_22:10:28.313194
ED   35,0.00%,Antonio Reynoso,(Democratic),399,AD 48,2025-11-04_22:10:28.313194
ED   35,0.00%,Janine Acquafredda,(Republican),164,AD 48,2025-11-04_22:10:28.313194
ED   35,0.00%,Janine Acquafredda,(Conservative),18,AD 48,2025-11-04_22:10:28.313194
ED   35,0.00%,Antonio Reynoso,(Working Families),19,AD 48,2025-11-04_22:10:28.313194
ED   35,0.00%,WRITE-IN,&nbsp,-,AD 48,2025-11-04_22:10:28.313194
ED   36,0.00%,Antonio Reynoso,(Democratic),172,AD 48,2025-11-04_22:10:28.313194
ED   36,0.00%,Janine Acquafredda,(Republican),139,AD 48,2025-11-04_22:10:28.313194
ED   36,0.00%,Janine Acquafredda,(Conservative),22,AD 48,2025-11-04_22:10:28.313194
ED   36,0.00%,Antonio Reynoso,(Working Families),28,AD 48,2025-11-04_22:10:28.313194
ED   36,0.00%,WRITE-IN,&nbsp,1,AD 48,2025-11-04_22:10:28.313194
ED   37,0.00%,Antonio Reynoso,(Democratic),182,AD 48,2025-11-04_22:10:28.313194
ED   37,0.00%,Janine Acquafredda,(Republican),161,AD 48,2025-11-04_22:10:28.313194
ED   37,0.00%,Janine Acquafredda,(Conservative),23,AD 48,2025-11-04_22:10:28.313194
ED   37,0.00%,Antonio Reynoso,(Working Families),24,AD 48,2025-11-04_22:10:28.313194
ED   37,0.00%,WRITE-IN,&nbsp,2,AD 48,2025-11-04_22:10:28.313194
ED   38,0.00%,Antonio Reynoso,(Democratic),299,AD 48,2025-11-04_22:10:28.313194
ED   38,0.00%,Janine Acquafredda,(Republican),100,AD 48,2025-11-04_22:10:28.313194
ED   38,0.00%,Janine Acquafredda,(Conservative),21,AD 48,2025-11-04_22:10:28.313194
ED   38,0.00%,Antonio Reynoso,(Working Families),19,AD 48,2025-11-04_22:10:28.313194
ED   38,0.00%,WRITE-IN,&nbsp,-,AD 48,2025-11-04_22:10:28.313194
ED   39,0.00%,Antonio Reynoso,(Democratic),344,AD 48,2025-11-04_22:10:28.313194
ED   39,0.00%,Janine Acquafredda,(Republican),212,AD 48,2025-11-04_22:10:28.313194
ED   39,0.00%,Janine Acquafredda,(Conservative),34,AD 48,2025-11-04_22:10:28.313194
ED   39,0.00%,Antonio Reynoso,(Working Families),45,AD 48,2025-11-04_22:10:28.313194
ED   39,0.00%,WRITE-IN,&nbsp,4,AD 48,2025-11-04_22:10:28.313194
ED   40,0.00%,Antonio Reynoso,(Democratic),194,AD 48,2025-11-04_22:10:28.313194
ED   40,0.00%,Janine Acquafredda,(Republican),125,AD 48,2025-11-04_22:10:28.313194
ED   40,0.00%,Janine Acquafredda,(Conservative),28,AD 48,2025-11-04_22:10:28.313194
ED   40,0.00%,Antonio Reynoso,(Working Families),31,AD 48,2025-11-04_22:10:28.313194
ED   40,0.00%,WRITE-IN,&nbsp,2,AD 48,2025-11-04_22:10:28.313194
ED   41,0.00%,Antonio Reynoso,(Democratic),480,AD 48,2025-11-04_22:10:28.313194
ED   41,0.00%,Janine Acquafredda,(Republican),163,AD 48,2025-11-04_22:10:28.313194
ED   41,0.00%,Janine Acquafredda,(Conservative),31,AD 48,2025-11-04_22:10:28.313194
ED   41,0.00%,Antonio Reynoso,(Working Families),47,AD 48,2025-11-04_22:10:28.313194
ED   41,0.00%,WRITE-IN,&nbsp,7,AD 48,2025-11-04_22:10:28.313194
ED   42,0.00%,Antonio Reynoso,(Democratic),344,AD 48,2025-11-04_22:10:28.313194
ED   42,0.00%,Janine Acquafredda,(Republican),194,AD 48,2025-11-04_22:10:28.313194
ED   42,0.00%,Janine Acquafredda,(Conservative),45,AD 48,2025-11-04_22:10:28.313194
ED   42,0.00%,Antonio Reynoso,(Working Families),23,AD 48,2025-11-04_22:10:28.313194
ED   42,0.00%,WRITE-IN,&nbsp,2,AD 48,2025-11-04_22:10:28.313194
ED   43,0.00%,Antonio Reynoso,(Democratic),254,AD 48,2025-11-04_22:10:28.313194
ED   43,0.00%,Janine Acquafredda,(Republican),177,AD 48,2025-11-04_22:10:28.313194
ED   43,0.00%,Janine Acquafredda,(Conservative),23,AD 48,2025-11-04_22:10:28.313194
ED   43,0.00%,Antonio Reynoso,(Working Families),27,AD 48,2025-11-04_22:10:28.313194
ED   43,0.00%,WRITE-IN,&nbsp,3,AD 48,2025-11-04_22:10:28.313194
ED   44,0.00%,Antonio Reynoso,(Democratic),254,AD 48,2025-11-04_22:10:28.313194
ED   44,0.00%,Janine Acquafredda,(Republican),163,AD 48,2025-11-04_22:10:28.313194
ED   44,0.00%,Janine Acquafredda,(Conservative),35,AD 48,2025-11-04_22:10:28.313194
ED   44,0.00%,Antonio Reynoso,(Working Families),33,AD 48,2025-11-04_22:10:28.313194
ED   44,0.00%,WRITE-IN,&nbsp,2,AD 48,2025-11-04_22:10:28.313194
ED   45,0.00%,Antonio Reynoso,(Democratic),288,AD 48,2025-11-04_22:10:28.313194
ED   45,0.00%,Janine Acquafredda,(Republican),173,AD 48,2025-11-04_22:10:28.313194
ED   45,0.00%,Janine Acquafredda,(Conservative),30,AD 48,2025-11-04_22:10:28.313194
ED   45,0.00%,Antonio Reynoso,(Working Families),43,AD 48,2025-11-04_22:10:28.313194
ED   45,0.00%,WRITE-IN,&nbsp,1,AD 48,2025-11-04_22:10:28.313194
ED   46,0.00%,Antonio Reynoso,(Democratic),292,AD 48,2025-11-04_22:10:28.313194
ED   46,0.00%,Janine Acquafredda,(Republican),168,AD 48,2025-11-04_22:10:28.313194
ED   46,0.00%,Janine Acquafredda,(Conservative),25,AD 48,2025-11-04_22:10:28.313194
ED   46,0.00%,Antonio Reynoso,(Working Families),30,AD 48,2025-11-04_22:10:28.313194
ED   46,0.00%,WRITE-IN,&nbsp,7,AD 48,2025-11-04_22:10:28.313194
ED   47,0.00%,Antonio Reynoso,(Democratic),473,AD 48,2025-11-04_22:10:28.313194
ED   47,0.00%,Janine Acquafredda,(Republican),161,AD 48,2025-11-04_22:10:28.313194
ED   47,0.00%,Janine Acquafredda,(Conservative),29,AD 48,2025-11-04_22:10:28.313194
ED   47,0.00%,Antonio Reynoso,(Working Families),49,AD 48,2025-11-04_22:10:28.313194
ED   47,0.00%,WRITE-IN,&nbsp,4,AD 48,2025-11-04_22:10:28.313194
ED   48,0.00%,Antonio Reynoso,(Democratic),578,AD 48,2025-11-04_22:10:28.313194
ED   48,0.00%,Janine Acquafredda,(Republican),174,AD 48,2025-11-04_22:10:28.313194
ED   48,0.00%,Janine Acquafredda,(Conservative),38,AD 48,2025-11-04_22:10:28.313194
ED   48,0.00%,Antonio Reynoso,(Working Families),72,AD 48,2025-11-04_22:10:28.313194
ED   48,0.00%,WRITE-IN,&nbsp,11,AD 48,2025-11-04_22:10:28.313194
ED   49,0.00%,Antonio Reynoso,(Democratic),298,AD 48,2025-11-04_22:10:28.313194
ED   49,0.00%,Janine Acquafredda,(Republican),175,AD 48,2025-11-04_22:10:28.313194
ED   49,0.00%,Janine Acquafredda,(Conservative),35,AD 48,2025-11-04_22:10:28.313194
ED   49,0.00%,Antonio Reynoso,(Working Families),34,AD 48,2025-11-04_22:10:28.313194
ED   49,0.00%,WRITE-IN,&nbsp,10,AD 48,2025-11-04_22:10:28.313194
ED   50,0.00%,Antonio Reynoso,(Democratic),261,AD 48,2025-11-04_22:10:28.313194
ED   50,0.00%,Janine Acquafredda,(Republican),101,AD 48,2025-11-04_22:10:28.313194
ED   50,0.00%,Janine Acquafredda,(Conservative),24,AD 48,2025-11-04_22:10:28.313194
ED   50,0.00%,Antonio Reynoso,(Working Families),33,AD 48,2025-11-04_22:10:28.313194
ED   50,0.00%,WRITE-IN,&nbsp,6,AD 48,2025-11-04_22:10:28.313194
ED   51,0.00%,Antonio Reynoso,(Democratic),430,AD 48,2025-11-04_22:10:28.313194
ED   51,0.00%,Janine Acquafredda,(Republican),79,AD 48,2025-11-04_22:10:28.313194
ED   51,0.00%,Janine Acquafredda,(Conservative),19,AD 48,2025-11-04_22:10:28.313194
ED   51,0.00%,Antonio Reynoso,(Working Families),30,AD 48,2025-11-04_22:10:28.313194
ED   51,0.00%,WRITE-IN,&nbsp,1,AD 48,2025-11-04_22:10:28.313194
ED   52,0.00%,Antonio Reynoso,(Democratic),251,AD 48,2025-11-04_22:10:28.313194
ED   52,0.00%,Janine Acquafredda,(Republican),96,AD 48,2025-11-04_22:10:28.313194
ED   52,0.00%,Janine Acquafredda,(Conservative),18,AD 48,2025-11-04_22:10:28.313194
ED   52,0.00%,Antonio Reynoso,(Working Families),35,AD 48,2025-11-04_22:10:28.313194
ED   52,0.00%,WRITE-IN,&nbsp,3,AD 48,2025-11-04_22:10:28.313194
ED   53,0.00%,Antonio Reynoso,(Democratic),-,AD 48,2025-11-04_22:10:28.313194
ED   53,0.00%,Janine Acquafredda,(Republican),-,AD 48,2025-11-04_22:10:28.313194
ED   53,0.00%,Janine Acquafredda,(Conservative),-,AD 48,2025-11-04_22:10:28.313194
ED   53,0.00%,Antonio Reynoso,(Working Families),-,AD 48,2025-11-04_22:10:28.313194
ED   53,0.00%,WRITE-IN,&nbsp,-,AD 48,2025-11-04_22:10:28.313194
Total,,Antonio Reynoso,(Democratic),16046,AD 48,2025-11-04_22:10:28.313194
Total,,Janine Acquafredda,(Republican),6114,AD 48,2025-11-04_22:10:28.313194
Total,,Janine Acquafredda,(Conservative),1170,AD 48,2025-11-04_22:10:28.313194
Total,,Antonio Reynoso,(Working Families),1748,AD 48,2025-11-04_22:10:28.313194
Total,,WRITE-IN,&nbsp,137,AD 48,2025-11-04_22:10:28.313194
ED    1,0.00%,Antonio Reynoso,(Democratic),148,AD 49,2025-11-04_22:10:28.313194
ED    1,0.00%,Janine Acquafredda,(Republican),72,AD 49,2025-11-04_22:10:28.313194
ED    1,0.00%,Janine Acquafredda,(Conservative),12,AD 49,2025-11-04_22:10:28.313194
ED    1,0.00%,Antonio Reynoso,(Working Families),16,AD 49,2025-11-04_22:10:28.313194
ED    1,0.00%,WRITE-IN,&nbsp,-,AD 49,2025-11-04_22:10:28.313194
ED    2,0.00%,Antonio Reynoso,(Democratic),8,AD 49,2025-11-04_22:10:28.313194
ED    2,0.00%,Janine Acquafredda,(Republican),-,AD 49,2025-11-04_22:10:28.313194
ED    2,0.00%,Janine Acquafredda,(Conservative),1,AD 49,2025-11-04_22:10:28.313194
ED    2,0.00%,Antonio Reynoso,(Working Families),-,AD 49,2025-11-04_22:10:28.313194
ED    2,0.00%,WRITE-IN,&nbsp,-,AD 49,2025-11-04_22:10:28.313194
ED    3,0.00%,Antonio Reynoso,(Democratic),23,AD 49,2025-11-04_22:10:28.313194
ED    3,0.00%,Janine Acquafredda,(Republican),15,AD 49,2025-11-04_22:10:28.313194
ED    3,0.00%,Janine Acquafredda,(Conservative),1,AD 49,2025-11-04_22:10:28.313194
ED    3,0.00%,Antonio Reynoso,(Working Families),3,AD 49,2025-11-04_22:10:28.313194
ED    3,0.00%,WRITE-IN,&nbsp,-,AD 49,2025-11-04_22:10:28.313194
ED    4,0.00%,Antonio Reynoso,(Democratic),105,AD 49,2025-11-04_22:10:28.313194
ED    4,0.00%,Janine Acquafredda,(Republican),51,AD 49,2025-11-04_22:10:28.313194
ED    4,0.00%,Janine Acquafredda,(Conservative),6,AD 49,2025-11-04_22:10:28.313194
ED    4,0.00%,Antonio Reynoso,(Working Families),25,AD 49,2025-11-04_22:10:28.313194
ED    4,0.00%,WRITE-IN,&nbsp,1,AD 49,2025-11-04_22:10:28.313194
ED    5,0.00%,Antonio Reynoso,(Democratic),86,AD 49,2025-11-04_22:10:28.313194
ED    5,0.00%,Janine Acquafredda,(Republican),25,AD 49,2025-11-04_22:10:28.313194
ED    5,0.00%,Janine Acquafredda,(Conservative),7,AD 49,2025-11-04_22:10:28.313194
ED    5,0.00%,Antonio Reynoso,(Working Families),20,AD 49,2025-11-04_22:10:28.313194
ED    5,0.00%,WRITE-IN,&nbsp,-,AD 49,2025-11-04_22:10:28.313194
ED    6,0.00%,Antonio Reynoso,(Democratic),104,AD 49,2025-11-04_22:10:28.313194
ED    6,0.00%,Janine Acquafredda,(Republican),50,AD 49,2025-11-04_22:10:28.313194
ED    6,0.00%,Janine Acquafredda,(Conservative),8,AD 49,2025-11-04_22:10:28.313194
ED    6,0.00%,Antonio Reynoso,(Working Families),25,AD 49,2025-11-04_22:10:28.313194
ED    6,0.00%,WRITE-IN,&nbsp,-,AD 49,2025-11-04_22:10:28.313194
ED    7,0.00%,Antonio Reynoso,(Democratic),24,AD 49,2025-11-04_22:10:28.313194
ED    7,0.00%,Janine Acquafredda,(Republican),22,AD 49,2025-11-04_22:10:28.313194
ED    7,0.00%,Janine Acquafredda,(Conservative),2,AD 49,2025-11-04_22:10:28.313194
ED    7,0.00%,Antonio Reynoso,(Working Families),7,AD 49,2025-11-04_22:10:28.313194
ED    7,0.00%,WRITE-IN,&nbsp,-,AD 49,2025-11-04_22:10:28.313194
ED    8,0.00%,Antonio Reynoso,(Democratic),118,AD 49,2025-11-04_22:10:28.313194
ED    8,0.00%,Janine Acquafredda,(Republican),47,AD 49,2025-11-04_22:10:28.313194
ED    8,0.00%,Janine Acquafredda,(Conservative),4,AD 49,2025-11-04_22:10:28.313194
ED    8,0.00%,Antonio Reynoso,(Working Families),37,AD 49,2025-11-04_22:10:28.313194
ED    8,0.00%,WRITE-IN,&nbsp,-,AD 49,2025-11-04_22:10:28.313194
ED    9,0.00%,Antonio Reynoso,(Democratic),113,AD 49,2025-11-04_22:10:28.313194
ED    9,0.00%,Janine Acquafredda,(Republican),47,AD 49,2025-11-04_22:10:28.313194
ED    9,0.00%,Janine Acquafredda,(Conservative),5,AD 49,2025-11-04_22:10:28.313194
ED    9,0.00%,Antonio Reynoso,(Working Families),23,AD 49,2025-11-04_22:10:28.313194
ED    9,0.00%,WRITE-IN,&nbsp,-,AD 49,2025-11-04_22:10:28.313194
ED   10,0.00%,Antonio Reynoso,(Democratic),109,AD 49,2025-11-04_22:10:28.313194
ED   10,0.00%,Janine Acquafredda,(Republican),59,AD 49,2025-11-04_22:10:28.313194
ED   10,0.00%,Janine Acquafredda,(Conservative),8,AD 49,2025-11-04_22:10:28.313194
ED   10,0.00%,Antonio Reynoso,(Working Families),18,AD 49,2025-11-04_22:10:28.313194
ED   10,0.00%,WRITE-IN,&nbsp,-,AD 49,2025-11-04_22:10:28.313194
ED   11,0.00%,Antonio Reynoso,(Democratic),107,AD 49,2025-11-04_22:10:28.313194
ED   11,0.00%,Janine Acquafredda,(Republican),43,AD 49,2025-11-04_22:10:28.313194
ED   11,0.00%,Janine Acquafredda,(Conservative),9,AD 49,2025-11-04_22:10:28.313194
ED   11,0.00%,Antonio Reynoso,(Working Families),33,AD 49,2025-11-04_22:10:28.313194
ED   11,0.00%,WRITE-IN,&nbsp,1,AD 49,2025-11-04_22:10:28.313194
ED   12,0.00%,Antonio Reynoso,(Democratic),27,AD 49,2025-11-04_22:10:28.313194
ED   12,0.00%,Janine Acquafredda,(Republican),5,AD 49,2025-11-04_22:10:28.313194
ED   12,0.00%,Janine Acquafredda,(Conservative),3,AD 49,2025-11-04_22:10:28.313194
ED   12,0.00%,Antonio Reynoso,(Working Families),9,AD 49,2025-11-04_22:10:28.313194
ED   12,0.00%,WRITE-IN,&nbsp,-,AD 49,2025-11-04_22:10:28.313194
ED   13,0.00%,Antonio Reynoso,(Democratic),16,AD 49,2025-11-04_22:10:28.313194
ED   13,0.00%,Janine Acquafredda,(Republican),9,AD 49,2025-11-04_22:10:28.313194
ED   13,0.00%,Janine Acquafredda,(Conservative),4,AD 49,2025-11-04_22:10:28.313194
ED   13,0.00%,Antonio Reynoso,(Working Families),3,AD 49,2025-11-04_22:10:28.313194
ED   13,0.00%,WRITE-IN,&nbsp,-,AD 49,2025-11-04_22:10:28.313194
ED   14,0.00%,Antonio Reynoso,(Democratic),11,AD 49,2025-11-04_22:10:28.313194
ED   14,0.00%,Janine Acquafredda,(Republican),8,AD 49,2025-11-04_22:10:28.313194
ED   14,0.00%,Janine Acquafredda,(Conservative),1,AD 49,2025-11-04_22:10:28.313194
ED   14,0.00%,Antonio Reynoso,(Working Families),2,AD 49,2025-11-04_22:10:28.313194
ED   14,0.00%,WRITE-IN,&nbsp,-,AD 49,2025-11-04_22:10:28.313194
ED   15,0.00%,Antonio Reynoso,(Democratic),129,AD 49,2025-11-04_22:10:28.313194
ED   15,0.00%,Janine Acquafredda,(Republican),89,AD 49,2025-11-04_22:10:28.313194
ED   15,0.00%,Janine Acquafredda,(Conservative),11,AD 49,2025-11-04_22:10:28.313194
ED   15,0.00%,Antonio Reynoso,(Working Families),18,AD 49,2025-11-04_22:10:28.313194
ED   15,0.00%,WRITE-IN,&nbsp,1,AD 49,2025-11-04_22:10:28.313194
ED   16,0.00%,Antonio Reynoso,(Democratic),175,AD 49,2025-11-04_22:10:28.313194
ED   16,0.00%,Janine Acquafredda,(Republican),124,AD 49,2025-11-04_22:10:28.313194
ED   16,0.00%,Janine Acquafredda,(Conservative),14,AD 49,2025-11-04_22:10:28.313194
ED   16,0.00%,Antonio Reynoso,(Working Families),24,AD 49,2025-11-04_22:10:28.313194
ED   16,0.00%,WRITE-IN,&nbsp,-,AD 49,2025-11-04_22:10:28.313194
ED   17,0.00%,Antonio Reynoso,(Democratic),190,AD 49,2025-11-04_22:10:28.313194
ED   17,0.00%,Janine Acquafredda,(Republican),137,AD 49,2025-11-04_22:10:28.313194
ED   17,0.00%,Janine Acquafredda,(Conservative),20,AD 49,2025-11-04_22:10:28.313194
ED   17,0.00%,Antonio Reynoso,(Working Families),44,AD 49,2025-11-04_22:10:28.313194
ED   17,0.00%,WRITE-IN,&nbsp,-,AD 49,2025-11-04_22:10:28.313194
ED   18,0.00%,Antonio Reynoso,(Democratic),160,AD 49,2025-11-04_22:10:28.313194
ED   18,0.00%,Janine Acquafredda,(Republican),123,AD 49,2025-11-04_22:10:28.313194
ED   18,0.00%,Janine Acquafredda,(Conservative),20,AD 49,2025-11-04_22:10:28.313194
ED   18,0.00%,Antonio Reynoso,(Working Families),28,AD 49,2025-11-04_22:10:28.313194
ED   18,0.00%,WRITE-IN,&nbsp,2,AD 49,2025-11-04_22:10:28.313194
ED   19,0.00%,Antonio Reynoso,(Democratic),142,AD 49,2025-11-04_22:10:28.313194
ED   19,0.00%,Janine Acquafredda,(Republican),87,AD 49,2025-11-04_22:10:28.313194
ED   19,0.00%,Janine Acquafredda,(Conservative),14,AD 49,2025-11-04_22:10:28.313194
ED   19,0.00%,Antonio Reynoso,(Working Families),14,AD 49,2025-11-04_22:10:28.313194
ED   19,0.00%,WRITE-IN,&nbsp,4,AD 49,2025-11-04_22:10:28.313194
ED   20,0.00%,Antonio Reynoso,(Democratic),47,AD 49,2025-11-04_22:10:28.313194
ED   20,0.00%,Janine Acquafredda,(Republican),128,AD 49,2025-11-04_22:10:28.313194
ED   20,0.00%,Janine Acquafredda,(Conservative),12,AD 49,2025-11-04_22:10:28.313194
ED   20,0.00%,Antonio Reynoso,(Working Families),11,AD 49,2025-11-04_22:10:28.313194
ED   20,0.00%,WRITE-IN,&nbsp,-,AD 49,2025-11-04_22:10:28.313194
ED   21,0.00%,Antonio Reynoso,(Democratic),136,AD 49,2025-11-04_22:10:28.313194
ED   21,0.00%,Janine Acquafredda,(Republican),107,AD 49,2025-11-04_22:10:28.313194
ED   21,0.00%,Janine Acquafredda,(Conservative),14,AD 49,2025-11-04_22:10:28.313194
ED   21,0.00%,Antonio Reynoso,(Working Families),13,AD 49,2025-11-04_22:10:28.313194
ED   21,0.00%,WRITE-IN,&nbsp,-,AD 49,2025-11-04_22:10:28.313194
ED   22,0.00%,Antonio Reynoso,(Democratic),107,AD 49,2025-11-04_22:10:28.313194
ED   22,0.00%,Janine Acquafredda,(Republican),75,AD 49,2025-11-04_22:10:28.313194
ED   22,0.00%,Janine Acquafredda,(Conservative),15,AD 49,2025-11-04_22:10:28.313194
ED   22,0.00%,Antonio Reynoso,(Working Families),20,AD 49,2025-11-04_22:10:28.313194
ED   22,0.00%,WRITE-IN,&nbsp,-,AD 49,2025-11-04_22:10:28.313194
ED   23,0.00%,Antonio Reynoso,(Democratic),47,AD 49,2025-11-04_22:10:28.313194
ED   23,0.00%,Janine Acquafredda,(Republican),33,AD 49,2025-11-04_22:10:28.313194
ED   23,0.00%,Janine Acquafredda,(Conservative),7,AD 49,2025-11-04_22:10:28.313194
ED   23,0.00%,Antonio Reynoso,(Working Families),11,AD 49,2025-11-04_22:10:28.313194
ED   23,0.00%,WRITE-IN,&nbsp,-,AD 49,2025-11-04_22:10:28.313194
ED   24,0.00%,Antonio Reynoso,(Democratic),180,AD 49,2025-11-04_22:10:28.313194
ED   24,0.00%,Janine Acquafredda,(Republican),130,AD 49,2025-11-04_22:10:28.313194
ED   24,0.00%,Janine Acquafredda,(Conservative),17,AD 49,2025-11-04_22:10:28.313194
ED   24,0.00%,Antonio Reynoso,(Working Families),33,AD 49,2025-11-04_22:10:28.313194
ED   24,0.00%,WRITE-IN,&nbsp,-,AD 49,2025-11-04_22:10:28.313194
ED   25,0.00%,Antonio Reynoso,(Democratic),61,AD 49,2025-11-04_22:10:28.313194
ED   25,0.00%,Janine Acquafredda,(Republican),44,AD 49,2025-11-04_22:10:28.313194
ED   25,0.00%,Janine Acquafredda,(Conservative),3,AD 49,2025-11-04_22:10:28.313194
ED   25,0.00%,Antonio Reynoso,(Working Families),9,AD 49,2025-11-04_22:10:28.313194
ED   25,0.00%,WRITE-IN,&nbsp,-,AD 49,2025-11-04_22:10:28.313194
ED   26,0.00%,Antonio Reynoso,(Democratic),145,AD 49,2025-11-04_22:10:28.313194
ED   26,0.00%,Janine Acquafredda,(Republican),171,AD 49,2025-11-04_22:10:28.313194
ED   26,0.00%,Janine Acquafredda,(Conservative),14,AD 49,2025-11-04_22:10:28.313194
ED   26,0.00%,Antonio Reynoso,(Working Families),31,AD 49,2025-11-04_22:10:28.313194
ED   26,0.00%,WRITE-IN,&nbsp,-,AD 49,2025-11-04_22:10:28.313194
ED   27,0.00%,Antonio Reynoso,(Democratic),153,AD 49,2025-11-04_22:10:28.313194
ED   27,0.00%,Janine Acquafredda,(Republican),187,AD 49,2025-11-04_22:10:28.313194
ED   27,0.00%,Janine Acquafredda,(Conservative),26,AD 49,2025-11-04_22:10:28.313194
ED   27,0.00%,Antonio Reynoso,(Working Families),37,AD 49,2025-11-04_22:10:28.313194
ED   27,0.00%,WRITE-IN,&nbsp,-,AD 49,2025-11-04_22:10:28.313194
ED   28,0.00%,Antonio Reynoso,(Democratic),127,AD 49,2025-11-04_22:10:28.313194
ED   28,0.00%,Janine Acquafredda,(Republican),142,AD 49,2025-11-04_22:10:28.313194
ED   28,0.00%,Janine Acquafredda,(Conservative),15,AD 49,2025-11-04_22:10:28.313194
ED   28,0.00%,Antonio Reynoso,(Working Families),19,AD 49,2025-11-04_22:10:28.313194
ED   28,0.00%,WRITE-IN,&nbsp,1,AD 49,2025-11-04_22:10:28.313194
ED   29,0.00%,Antonio Reynoso,(Democratic),101,AD 49,2025-11-04_22:10:28.313194
ED   29,0.00%,Janine Acquafredda,(Republican),114,AD 49,2025-11-04_22:10:28.313194
ED   29,0.00%,Janine Acquafredda,(Conservative),10,AD 49,2025-11-04_22:10:28.313194
ED   29,0.00%,Antonio Reynoso,(Working Families),18,AD 49,2025-11-04_22:10:28.313194
ED   29,0.00%,WRITE-IN,&nbsp,1,AD 49,2025-11-04_22:10:28.313194
ED   30,0.00%,Antonio Reynoso,(Democratic),203,AD 49,2025-11-04_22:10:28.313194
ED   30,0.00%,Janine Acquafredda,(Republican),145,AD 49,2025-11-04_22:10:28.313194
ED   30,0.00%,Janine Acquafredda,(Conservative),16,AD 49,2025-11-04_22:10:28.313194
ED   30,0.00%,Antonio Reynoso,(Working Families),42,AD 49,2025-11-04_22:10:28.313194
ED   30,0.00%,WRITE-IN,&nbsp,3,AD 49,2025-11-04_22:10:28.313194
ED   31,0.00%,Antonio Reynoso,(Democratic),185,AD 49,2025-11-04_22:10:28.313194
ED   31,0.00%,Janine Acquafredda,(Republican),161,AD 49,2025-11-04_22:10:28.313194
ED   31,0.00%,Janine Acquafredda,(Conservative),15,AD 49,2025-11-04_22:10:28.313194
ED   31,0.00%,Antonio Reynoso,(Working Families),34,AD 49,2025-11-04_22:10:28.313194
ED   31,0.00%,WRITE-IN,&nbsp,2,AD 49,2025-11-04_22:10:28.313194
ED   32,0.00%,Antonio Reynoso,(Democratic),142,AD 49,2025-11-04_22:10:28.313194
ED   32,0.00%,Janine Acquafredda,(Republican),151,AD 49,2025-11-04_22:10:28.313194
ED   32,0.00%,Janine Acquafredda,(Conservative),26,AD 49,2025-11-04_22:10:28.313194
ED   32,0.00%,Antonio Reynoso,(Working Families),19,AD 49,2025-11-04_22:10:28.313194
ED   32,0.00%,WRITE-IN,&nbsp,2,AD 49,2025-11-04_22:10:28.313194
ED   33,0.00%,Antonio Reynoso,(Democratic),192,AD 49,2025-11-04_22:10:28.313194
ED   33,0.00%,Janine Acquafredda,(Republican),220,AD 49,2025-11-04_22:10:28.313194
ED   33,0.00%,Janine Acquafredda,(Conservative),16,AD 49,2025-11-04_22:10:28.313194
ED   33,0.00%,Antonio Reynoso,(Working Families),37,AD 49,2025-11-04_22:10:28.313194
ED   33,0.00%,WRITE-IN,&nbsp,1,AD 49,2025-11-04_22:10:28.313194
ED   34,0.00%,Antonio Reynoso,(Democratic),116,AD 49,2025-11-04_22:10:28.313194
ED   34,0.00%,Janine Acquafredda,(Republican),77,AD 49,2025-11-04_22:10:28.313194
ED   34,0.00%,Janine Acquafredda,(Conservative),6,AD 49,2025-11-04_22:10:28.313194
ED   34,0.00%,Antonio Reynoso,(Working Families),21,AD 49,2025-11-04_22:10:28.313194
ED   34,0.00%,WRITE-IN,&nbsp,1,AD 49,2025-11-04_22:10:28.313194
ED   35,0.00%,Antonio Reynoso,(Democratic),166,AD 49,2025-11-04_22:10:28.313194
ED   35,0.00%,Janine Acquafredda,(Republican),257,AD 49,2025-11-04_22:10:28.313194
ED   35,0.00%,Janine Acquafredda,(Conservative),31,AD 49,2025-11-04_22:10:28.313194
ED   35,0.00%,Antonio Reynoso,(Working Families),23,AD 49,2025-11-04_22:10:28.313194
ED   35,0.00%,WRITE-IN,&nbsp,1,AD 49,2025-11-04_22:10:28.313194
ED   36,0.00%,Antonio Reynoso,(Democratic),132,AD 49,2025-11-04_22:10:28.313194
ED   36,0.00%,Janine Acquafredda,(Republican),256,AD 49,2025-11-04_22:10:28.313194
ED   36,0.00%,Janine Acquafredda,(Conservative),30,AD 49,2025-11-04_22:10:28.313194
ED   36,0.00%,Antonio Reynoso,(Working Families),22,AD 49,2025-11-04_22:10:28.313194
ED   36,0.00%,WRITE-IN,&nbsp,2,AD 49,2025-11-04_22:10:28.313194
ED   37,0.00%,Antonio Reynoso,(Democratic),180,AD 49,2025-11-04_22:10:28.313194
ED   37,0.00%,Janine Acquafredda,(Republican),287,AD 49,2025-11-04_22:10:28.313194
ED   37,0.00%,Janine Acquafredda,(Conservative),34,AD 49,2025-11-04_22:10:28.313194
ED   37,0.00%,Antonio Reynoso,(Working Families),39,AD 49,2025-11-04_22:10:28.313194
ED   37,0.00%,WRITE-IN,&nbsp,-,AD 49,2025-11-04_22:10:28.313194
ED   38,0.00%,Antonio Reynoso,(Democratic),121,AD 49,2025-11-04_22:10:28.313194
ED   38,0.00%,Janine Acquafredda,(Republican),105,AD 49,2025-11-04_22:10:28.313194
ED   38,0.00%,Janine Acquafredda,(Conservative),13,AD 49,2025-11-04_22:10:28.313194
ED   38,0.00%,Antonio Reynoso,(Working Families),26,AD 49,2025-11-04_22:10:28.313194
ED   38,0.00%,WRITE-IN,&nbsp,-,AD 49,2025-11-04_22:10:28.313194
ED   39,0.00%,Antonio Reynoso,(Democratic),237,AD 49,2025-11-04_22:10:28.313194
ED   39,0.00%,Janine Acquafredda,(Republican),229,AD 49,2025-11-04_22:10:28.313194
ED   39,0.00%,Janine Acquafredda,(Conservative),28,AD 49,2025-11-04_22:10:28.313194
ED   39,0.00%,Antonio Reynoso,(Working Families),46,AD 49,2025-11-04_22:10:28.313194
ED   39,0.00%,WRITE-IN,&nbsp,1,AD 49,2025-11-04_22:10:28.313194
ED   40,0.00%,Antonio Reynoso,(Democratic),164,AD 49,2025-11-04_22:10:28.313194
ED   40,0.00%,Janine Acquafredda,(Republican),223,AD 49,2025-11-04_22:10:28.313194
ED   40,0.00%,Janine Acquafredda,(Conservative),21,AD 49,2025-11-04_22:10:28.313194
ED   40,0.00%,Antonio Reynoso,(Working Families),25,AD 49,2025-11-04_22:10:28.313194
ED   40,0.00%,WRITE-IN,&nbsp,-,AD 49,2025-11-04_22:10:28.313194
ED   41,0.00%,Antonio Reynoso,(Democratic),262,AD 49,2025-11-04_22:10:28.313194
ED   41,0.00%,Janine Acquafredda,(Republican),305,AD 49,2025-11-04_22:10:28.313194
ED   41,0.00%,Janine Acquafredda,(Conservative),34,AD 49,2025-11-04_22:10:28.313194
ED   41,0.00%,Antonio Reynoso,(Working Families),38,AD 49,2025-11-04_22:10:28.313194
ED   41,0.00%,WRITE-IN,&nbsp,2,AD 49,2025-11-04_22:10:28.313194
ED   42,0.00%,Antonio Reynoso,(Democratic),123,AD 49,2025-11-04_22:10:28.313194
ED   42,0.00%,Janine Acquafredda,(Republican),141,AD 49,2025-11-04_22:10:28.313194
ED   42,0.00%,Janine Acquafredda,(Conservative),9,AD 49,2025-11-04_22:10:28.313194
ED   42,0.00%,Antonio Reynoso,(Working Families),26,AD 49,2025-11-04_22:10:28.313194
ED   42,0.00%,WRITE-IN,&nbsp,-,AD 49,2025-11-04_22:10:28.313194
ED   43,0.00%,Antonio Reynoso,(Democratic),164,AD 49,2025-11-04_22:10:28.313194
ED   43,0.00%,Janine Acquafredda,(Republican),118,AD 49,2025-11-04_22:10:28.313194
ED   43,0.00%,Janine Acquafredda,(Conservative),12,AD 49,2025-11-04_22:10:28.313194
ED   43,0.00%,Antonio Reynoso,(Working Families),29,AD 49,2025-11-04_22:10:28.313194
ED   43,0.00%,WRITE-IN,&nbsp,1,AD 49,2025-11-04_22:10:28.313194
ED   44,0.00%,Antonio Reynoso,(Democratic),62,AD 49,2025-11-04_22:10:28.313194
ED   44,0.00%,Janine Acquafredda,(Republican),60,AD 49,2025-11-04_22:10:28.313194
ED   44,0.00%,Janine Acquafredda,(Conservative),3,AD 49,2025-11-04_22:10:28.313194
ED   44,0.00%,Antonio Reynoso,(Working Families),10,AD 49,2025-11-04_22:10:28.313194
ED   44,0.00%,WRITE-IN,&nbsp,-,AD 49,2025-11-04_22:10:28.313194
ED   45,0.00%,Antonio Reynoso,(Democratic),62,AD 49,2025-11-04_22:10:28.313194
ED   45,0.00%,Janine Acquafredda,(Republican),43,AD 49,2025-11-04_22:10:28.313194
ED   45,0.00%,Janine Acquafredda,(Conservative),2,AD 49,2025-11-04_22:10:28.313194
ED   45,0.00%,Antonio Reynoso,(Working Families),18,AD 49,2025-11-04_22:10:28.313194
ED   45,0.00%,WRITE-IN,&nbsp,-,AD 49,2025-11-04_22:10:28.313194
ED   46,0.00%,Antonio Reynoso,(Democratic),-,AD 49,2025-11-04_22:10:28.313194
ED   46,0.00%,Janine Acquafredda,(Republican),-,AD 49,2025-11-04_22:10:28.313194
ED   46,0.00%,Janine Acquafredda,(Conservative),-,AD 49,2025-11-04_22:10:28.313194
ED   46,0.00%,Antonio Reynoso,(Working Families),-,AD 49,2025-11-04_22:10:28.313194
ED   46,0.00%,WRITE-IN,&nbsp,-,AD 49,2025-11-04_22:10:28.313194
ED   47,0.00%,Antonio Reynoso,(Democratic),118,AD 49,2025-11-04_22:10:28.313194
ED   47,0.00%,Janine Acquafredda,(Republican),97,AD 49,2025-11-04_22:10:28.313194
ED   47,0.00%,Janine Acquafredda,(Conservative),12,AD 49,2025-11-04_22:10:28.313194
ED   47,0.00%,Antonio Reynoso,(Working Families),23,AD 49,2025-11-04_22:10:28.313194
ED   47,0.00%,WRITE-IN,&nbsp,-,AD 49,2025-11-04_22:10:28.313194
ED   48,0.00%,Antonio Reynoso,(Democratic),25,AD 49,2025-11-04_22:10:28.313194
ED   48,0.00%,Janine Acquafredda,(Republican),43,AD 49,2025-11-04_22:10:28.313194
ED   48,0.00%,Janine Acquafredda,(Conservative),5,AD 49,2025-11-04_22:10:28.313194
ED   48,0.00%,Antonio Reynoso,(Working Families),2,AD 49,2025-11-04_22:10:28.313194
ED   48,0.00%,WRITE-IN,&nbsp,-,AD 49,2025-11-04_22:10:28.313194
ED   49,0.00%,Antonio Reynoso,(Democratic),50,AD 49,2025-11-04_22:10:28.313194
ED   49,0.00%,Janine Acquafredda,(Republican),25,AD 49,2025-11-04_22:10:28.313194
ED   49,0.00%,Janine Acquafredda,(Conservative),3,AD 49,2025-11-04_22:10:28.313194
ED   49,0.00%,Antonio Reynoso,(Working Families),6,AD 49,2025-11-04_22:10:28.313194
ED   49,0.00%,WRITE-IN,&nbsp,1,AD 49,2025-11-04_22:10:28.313194
ED   50,0.00%,Antonio Reynoso,(Democratic),42,AD 49,2025-11-04_22:10:28.313194
ED   50,0.00%,Janine Acquafredda,(Republican),41,AD 49,2025-11-04_22:10:28.313194
ED   50,0.00%,Janine Acquafredda,(Conservative),1,AD 49,2025-11-04_22:10:28.313194
ED   50,0.00%,Antonio Reynoso,(Working Families),5,AD 49,2025-11-04_22:10:28.313194
ED   50,0.00%,WRITE-IN,&nbsp,-,AD 49,2025-11-04_22:10:28.313194
ED   51,0.00%,Antonio Reynoso,(Democratic),44,AD 49,2025-11-04_22:10:28.313194
ED   51,0.00%,Janine Acquafredda,(Republican),31,AD 49,2025-11-04_22:10:28.313194
ED   51,0.00%,Janine Acquafredda,(Conservative),2,AD 49,2025-11-04_22:10:28.313194
ED   51,0.00%,Antonio Reynoso,(Working Families),8,AD 49,2025-11-04_22:10:28.313194
ED   51,0.00%,WRITE-IN,&nbsp,2,AD 49,2025-11-04_22:10:28.313194
ED   52,0.00%,Antonio Reynoso,(Democratic),70,AD 49,2025-11-04_22:10:28.313194
ED   52,0.00%,Janine Acquafredda,(Republican),32,AD 49,2025-11-04_22:10:28.313194
ED   52,0.00%,Janine Acquafredda,(Conservative),7,AD 49,2025-11-04_22:10:28.313194
ED   52,0.00%,Antonio Reynoso,(Working Families),26,AD 49,2025-11-04_22:10:28.313194
ED   52,0.00%,WRITE-IN,&nbsp,-,AD 49,2025-11-04_22:10:28.313194
ED   53,0.00%,Antonio Reynoso,(Democratic),-,AD 49,2025-11-04_22:10:28.313194
ED   53,0.00%,Janine Acquafredda,(Republican),-,AD 49,2025-11-04_22:10:28.313194
ED   53,0.00%,Janine Acquafredda,(Conservative),-,AD 49,2025-11-04_22:10:28.313194
ED   53,0.00%,Antonio Reynoso,(Working Families),-,AD 49,2025-11-04_22:10:28.313194
ED   53,0.00%,WRITE-IN,&nbsp,-,AD 49,2025-11-04_22:10:28.313194
ED   54,0.00%,Antonio Reynoso,(Democratic),-,AD 49,2025-11-04_22:10:28.313194
ED   54,0.00%,Janine Acquafredda,(Republican),-,AD 49,2025-11-04_22:10:28.313194
ED   54,0.00%,Janine Acquafredda,(Conservative),-,AD 49,2025-11-04_22:10:28.313194
ED   54,0.00%,Antonio Reynoso,(Working Families),-,AD 49,2025-11-04_22:10:28.313194
ED   54,0.00%,WRITE-IN,&nbsp,-,AD 49,2025-11-04_22:10:28.313194
ED   55,0.00%,Antonio Reynoso,(Democratic),-,AD 49,2025-11-04_22:10:28.313194
ED   55,0.00%,Janine Acquafredda,(Republican),-,AD 49,2025-11-04_22:10:28.313194
ED   55,0.00%,Janine Acquafredda,(Conservative),-,AD 49,2025-11-04_22:10:28.313194
ED   55,0.00%,Antonio Reynoso,(Working Families),-,AD 49,2025-11-04_22:10:28.313194
ED   55,0.00%,WRITE-IN,&nbsp,-,AD 49,2025-11-04_22:10:28.313194
Total,,Antonio Reynoso,(Democratic),5759,AD 49,2025-11-04_22:10:28.313194
Total,,Janine Acquafredda,(Republican),5191,AD 49,2025-11-04_22:10:28.313194
Total,,Janine Acquafredda,(Conservative),609,AD 49,2025-11-04_22:10:28.313194
Total,,Antonio Reynoso,(Working Families),1076,AD 49,2025-11-04_22:10:28.313194
Total,,WRITE-IN,&nbsp,30,AD 49,2025-11-04_22:10:28.313194
ED    1,0.00%,Antonio Reynoso,(Democratic),747,AD 50,2025-11-04_22:10:28.313194
ED    1,0.00%,Janine Acquafredda,(Republican),103,AD 50,2025-11-04_22:10:28.313194
ED    1,0.00%,Janine Acquafredda,(Conservative),7,AD 50,2025-11-04_22:10:28.313194
ED    1,0.00%,Antonio Reynoso,(Working Families),181,AD 50,2025-11-04_22:10:28.313194
ED    1,0.00%,WRITE-IN,&nbsp,2,AD 50,2025-11-04_22:10:28.313194
ED    2,0.00%,Antonio Reynoso,(Democratic),513,AD 50,2025-11-04_22:10:28.313194
ED    2,0.00%,Janine Acquafredda,(Republican),59,AD 50,2025-11-04_22:10:28.313194
ED    2,0.00%,Janine Acquafredda,(Conservative),5,AD 50,2025-11-04_22:10:28.313194
ED    2,0.00%,Antonio Reynoso,(Working Families),201,AD 50,2025-11-04_22:10:28.313194
ED    2,0.00%,WRITE-IN,&nbsp,2,AD 50,2025-11-04_22:10:28.313194
ED    3,0.00%,Antonio Reynoso,(Democratic),508,AD 50,2025-11-04_22:10:28.313194
ED    3,0.00%,Janine Acquafredda,(Republican),76,AD 50,2025-11-04_22:10:28.313194
ED    3,0.00%,Janine Acquafredda,(Conservative),12,AD 50,2025-11-04_22:10:28.313194
ED    3,0.00%,Antonio Reynoso,(Working Families),225,AD 50,2025-11-04_22:10:28.313194
ED    3,0.00%,WRITE-IN,&nbsp,1,AD 50,2025-11-04_22:10:28.313194
ED    4,0.00%,Antonio Reynoso,(Democratic),401,AD 50,2025-11-04_22:10:28.313194
ED    4,0.00%,Janine Acquafredda,(Republican),71,AD 50,2025-11-04_22:10:28.313194
ED    4,0.00%,Janine Acquafredda,(Conservative),14,AD 50,2025-11-04_22:10:28.313194
ED    4,0.00%,Antonio Reynoso,(Working Families),201,AD 50,2025-11-04_22:10:28.313194
ED    4,0.00%,WRITE-IN,&nbsp,1,AD 50,2025-11-04_22:10:28.313194
ED    5,0.00%,Antonio Reynoso,(Democratic),411,AD 50,2025-11-04_22:10:28.313194
ED    5,0.00%,Janine Acquafredda,(Republican),64,AD 50,2025-11-04_22:10:28.313194
ED    5,0.00%,Janine Acquafredda,(Conservative),12,AD 50,2025-11-04_22:10:28.313194
ED    5,0.00%,Antonio Reynoso,(Working Families),166,AD 50,2025-11-04_22:10:28.313194
ED    5,0.00%,WRITE-IN,&nbsp,-,AD 50,2025-11-04_22:10:28.313194
ED    6,0.00%,Antonio Reynoso,(Democratic),316,AD 50,2025-11-04_22:10:28.313194
ED    6,0.00%,Janine Acquafredda,(Republican),61,AD 50,2025-11-04_22:10:28.313194
ED    6,0.00%,Janine Acquafredda,(Conservative),11,AD 50,2025-11-04_22:10:28.313194
ED    6,0.00%,Antonio Reynoso,(Working Families),143,AD 50,2025-11-04_22:10:28.313194
ED    6,0.00%,WRITE-IN,&nbsp,1,AD 50,2025-11-04_22:10:28.313194
ED    7,0.00%,Antonio Reynoso,(Democratic),358,AD 50,2025-11-04_22:10:28.313194
ED    7,0.00%,Janine Acquafredda,(Republican),51,AD 50,2025-11-04_22:10:28.313194
ED    7,0.00%,Janine Acquafredda,(Conservative),9,AD 50,2025-11-04_22:10:28.313194
ED    7,0.00%,Antonio Reynoso,(Working Families),125,AD 50,2025-11-04_22:10:28.313194
ED    7,0.00%,WRITE-IN,&nbsp,1,AD 50,2025-11-04_22:10:28.313194
ED    8,0.00%,Antonio Reynoso,(Democratic),604,AD 50,2025-11-04_22:10:28.313194
ED    8,0.00%,Janine Acquafredda,(Republican),117,AD 50,2025-11-04_22:10:28.313194
ED    8,0.00%,Janine Acquafredda,(Conservative),13,AD 50,2025-11-04_22:10:28.313194
ED    8,0.00%,Antonio Reynoso,(Working Families),233,AD 50,2025-11-04_22:10:28.313194
ED    8,0.00%,WRITE-IN,&nbsp,2,AD 50,2025-11-04_22:10:28.313194
ED    9,0.00%,Antonio Reynoso,(Democratic),276,AD 50,2025-11-04_22:10:28.313194
ED    9,0.00%,Janine Acquafredda,(Republican),49,AD 50,2025-11-04_22:10:28.313194
ED    9,0.00%,Janine Acquafredda,(Conservative),4,AD 50,2025-11-04_22:10:28.313194
ED    9,0.00%,Antonio Reynoso,(Working Families),63,AD 50,2025-11-04_22:10:28.313194
ED    9,0.00%,WRITE-IN,&nbsp,3,AD 50,2025-11-04_22:10:28.313194
ED   10,0.00%,Antonio Reynoso,(Democratic),211,AD 50,2025-11-04_22:10:28.313194
ED   10,0.00%,Janine Acquafredda,(Republican),42,AD 50,2025-11-04_22:10:28.313194
ED   10,0.00%,Janine Acquafredda,(Conservative),3,AD 50,2025-11-04_22:10:28.313194
ED   10,0.00%,Antonio Reynoso,(Working Families),121,AD 50,2025-11-04_22:10:28.313194
ED   10,0.00%,WRITE-IN,&nbsp,-,AD 50,2025-11-04_22:10:28.313194
ED   11,0.00%,Antonio Reynoso,(Democratic),308,AD 50,2025-11-04_22:10:28.313194
ED   11,0.00%,Janine Acquafredda,(Republican),78,AD 50,2025-11-04_22:10:28.313194
ED   11,0.00%,Janine Acquafredda,(Conservative),7,AD 50,2025-11-04_22:10:28.313194
ED   11,0.00%,Antonio Reynoso,(Working Families),170,AD 50,2025-11-04_22:10:28.313194
ED   11,0.00%,WRITE-IN,&nbsp,1,AD 50,2025-11-04_22:10:28.313194
ED   12,0.00%,Antonio Reynoso,(Democratic),323,AD 50,2025-11-04_22:10:28.313194
ED   12,0.00%,Janine Acquafredda,(Republican),74,AD 50,2025-11-04_22:10:28.313194
ED   12,0.00%,Janine Acquafredda,(Conservative),6,AD 50,2025-11-04_22:10:28.313194
ED   12,0.00%,Antonio Reynoso,(Working Families),93,AD 50,2025-11-04_22:10:28.313194
ED   12,0.00%,WRITE-IN,&nbsp,-,AD 50,2025-11-04_22:10:28.313194
ED   13,0.00%,Antonio Reynoso,(Democratic),410,AD 50,2025-11-04_22:10:28.313194
ED   13,0.00%,Janine Acquafredda,(Republican),64,AD 50,2025-11-04_22:10:28.313194
ED   13,0.00%,Janine Acquafredda,(Conservative),11,AD 50,2025-11-04_22:10:28.313194
ED   13,0.00%,Antonio Reynoso,(Working Families),164,AD 50,2025-11-04_22:10:28.313194
ED   13,0.00%,WRITE-IN,&nbsp,3,AD 50,2025-11-04_22:10:28.313194
ED   14,0.00%,Antonio Reynoso,(Democratic),452,AD 50,2025-11-04_22:10:28.313194
ED   14,0.00%,Janine Acquafredda,(Republican),89,AD 50,2025-11-04_22:10:28.313194
ED   14,0.00%,Janine Acquafredda,(Conservative),13,AD 50,2025-11-04_22:10:28.313194
ED   14,0.00%,Antonio Reynoso,(Working Families),217,AD 50,2025-11-04_22:10:28.313194
ED   14,0.00%,WRITE-IN,&nbsp,1,AD 50,2025-11-04_22:10:28.313194
ED   15,0.00%,Antonio Reynoso,(Democratic),372,AD 50,2025-11-04_22:10:28.313194
ED   15,0.00%,Janine Acquafredda,(Republican),77,AD 50,2025-11-04_22:10:28.313194
ED   15,0.00%,Janine Acquafredda,(Conservative),8,AD 50,2025-11-04_22:10:28.313194
ED   15,0.00%,Antonio Reynoso,(Working Families),172,AD 50,2025-11-04_22:10:28.313194
ED   15,0.00%,WRITE-IN,&nbsp,2,AD 50,2025-11-04_22:10:28.313194
ED   16,0.00%,Antonio Reynoso,(Democratic),420,AD 50,2025-11-04_22:10:28.313194
ED   16,0.00%,Janine Acquafredda,(Republican),120,AD 50,2025-11-04_22:10:28.313194
ED   16,0.00%,Janine Acquafredda,(Conservative),14,AD 50,2025-11-04_22:10:28.313194
ED   16,0.00%,Antonio Reynoso,(Working Families),195,AD 50,2025-11-04_22:10:28.313194
ED   16,0.00%,WRITE-IN,&nbsp,-,AD 50,2025-11-04_22:10:28.313194
ED   17,0.00%,Antonio Reynoso,(Democratic),465,AD 50,2025-11-04_22:10:28.313194
ED   17,0.00%,Janine Acquafredda,(Republican),119,AD 50,2025-11-04_22:10:28.313194
ED   17,0.00%,Janine Acquafredda,(Conservative),16,AD 50,2025-11-04_22:10:28.313194
ED   17,0.00%,Antonio Reynoso,(Working Families),267,AD 50,2025-11-04_22:10:28.313194
ED   17,0.00%,WRITE-IN,&nbsp,-,AD 50,2025-11-04_22:10:28.313194
ED   18,0.00%,Antonio Reynoso,(Democratic),364,AD 50,2025-11-04_22:10:28.313194
ED   18,0.00%,Janine Acquafredda,(Republican),92,AD 50,2025-11-04_22:10:28.313194
ED   18,0.00%,Janine Acquafredda,(Conservative),15,AD 50,2025-11-04_22:10:28.313194
ED   18,0.00%,Antonio Reynoso,(Working Families),210,AD 50,2025-11-04_22:10:28.313194
ED   18,0.00%,WRITE-IN,&nbsp,-,AD 50,2025-11-04_22:10:28.313194
ED   19,0.00%,Antonio Reynoso,(Democratic),411,AD 50,2025-11-04_22:10:28.313194
ED   19,0.00%,Janine Acquafredda,(Republican),117,AD 50,2025-11-04_22:10:28.313194
ED   19,0.00%,Janine Acquafredda,(Conservative),17,AD 50,2025-11-04_22:10:28.313194
ED   19,0.00%,Antonio Reynoso,(Working Families),231,AD 50,2025-11-04_22:10:28.313194
ED   19,0.00%,WRITE-IN,&nbsp,2,AD 50,2025-11-04_22:10:28.313194
ED   20,0.00%,Antonio Reynoso,(Democratic),475,AD 50,2025-11-04_22:10:28.313194
ED   20,0.00%,Janine Acquafredda,(Republican),91,AD 50,2025-11-04_22:10:28.313194
ED   20,0.00%,Janine Acquafredda,(Conservative),10,AD 50,2025-11-04_22:10:28.313194
ED   20,0.00%,Antonio Reynoso,(Working Families),261,AD 50,2025-11-04_22:10:28.313194
ED   20,0.00%,WRITE-IN,&nbsp,1,AD 50,2025-11-04_22:10:28.313194
ED   21,0.00%,Antonio Reynoso,(Democratic),445,AD 50,2025-11-04_22:10:28.313194
ED   21,0.00%,Janine Acquafredda,(Republican),91,AD 50,2025-11-04_22:10:28.313194
ED   21,0.00%,Janine Acquafredda,(Conservative),7,AD 50,2025-11-04_22:10:28.313194
ED   21,0.00%,Antonio Reynoso,(Working Families),210,AD 50,2025-11-04_22:10:28.313194
ED   21,0.00%,WRITE-IN,&nbsp,2,AD 50,2025-11-04_22:10:28.313194
ED   22,0.00%,Antonio Reynoso,(Democratic),548,AD 50,2025-11-04_22:10:28.313194
ED   22,0.00%,Janine Acquafredda,(Republican),60,AD 50,2025-11-04_22:10:28.313194
ED   22,0.00%,Janine Acquafredda,(Conservative),12,AD 50,2025-11-04_22:10:28.313194
ED   22,0.00%,Antonio Reynoso,(Working Families),162,AD 50,2025-11-04_22:10:28.313194
ED   22,0.00%,WRITE-IN,&nbsp,1,AD 50,2025-11-04_22:10:28.313194
ED   23,0.00%,Antonio Reynoso,(Democratic),519,AD 50,2025-11-04_22:10:28.313194
ED   23,0.00%,Janine Acquafredda,(Republican),76,AD 50,2025-11-04_22:10:28.313194
ED   23,0.00%,Janine Acquafredda,(Conservative),9,AD 50,2025-11-04_22:10:28.313194
ED   23,0.00%,Antonio Reynoso,(Working Families),153,AD 50,2025-11-04_22:10:28.313194
ED   23,0.00%,WRITE-IN,&nbsp,1,AD 50,2025-11-04_22:10:28.313194
ED   24,0.00%,Antonio Reynoso,(Democratic),355,AD 50,2025-11-04_22:10:28.313194
ED   24,0.00%,Janine Acquafredda,(Republican),66,AD 50,2025-11-04_22:10:28.313194
ED   24,0.00%,Janine Acquafredda,(Conservative),9,AD 50,2025-11-04_22:10:28.313194
ED   24,0.00%,Antonio Reynoso,(Working Families),86,AD 50,2025-11-04_22:10:28.313194
ED   24,0.00%,WRITE-IN,&nbsp,1,AD 50,2025-11-04_22:10:28.313194
ED   25,0.00%,Antonio Reynoso,(Democratic),383,AD 50,2025-11-04_22:10:28.313194
ED   25,0.00%,Janine Acquafredda,(Republican),64,AD 50,2025-11-04_22:10:28.313194
ED   25,0.00%,Janine Acquafredda,(Conservative),1,AD 50,2025-11-04_22:10:28.313194
ED   25,0.00%,Antonio Reynoso,(Working Families),130,AD 50,2025-11-04_22:10:28.313194
ED   25,0.00%,WRITE-IN,&nbsp,1,AD 50,2025-11-04_22:10:28.313194
ED   26,0.00%,Antonio Reynoso,(Democratic),619,AD 50,2025-11-04_22:10:28.313194
ED   26,0.00%,Janine Acquafredda,(Republican),95,AD 50,2025-11-04_22:10:28.313194
ED   26,0.00%,Janine Acquafredda,(Conservative),9,AD 50,2025-11-04_22:10:28.313194
ED   26,0.00%,Antonio Reynoso,(Working Families),147,AD 50,2025-11-04_22:10:28.313194
ED   26,0.00%,WRITE-IN,&nbsp,-,AD 50,2025-11-04_22:10:28.313194
ED   27,0.00%,Antonio Reynoso,(Democratic),432,AD 50,2025-11-04_22:10:28.313194
ED   27,0.00%,Janine Acquafredda,(Republican),92,AD 50,2025-11-04_22:10:28.313194
ED   27,0.00%,Janine Acquafredda,(Conservative),14,AD 50,2025-11-04_22:10:28.313194
ED   27,0.00%,Antonio Reynoso,(Working Families),91,AD 50,2025-11-04_22:10:28.313194
ED   27,0.00%,WRITE-IN,&nbsp,2,AD 50,2025-11-04_22:10:28.313194
ED   28,0.00%,Antonio Reynoso,(Democratic),239,AD 50,2025-11-04_22:10:28.313194
ED   28,0.00%,Janine Acquafredda,(Republican),30,AD 50,2025-11-04_22:10:28.313194
ED   28,0.00%,Janine Acquafredda,(Conservative),7,AD 50,2025-11-04_22:10:28.313194
ED   28,0.00%,Antonio Reynoso,(Working Families),57,AD 50,2025-11-04_22:10:28.313194
ED   28,0.00%,WRITE-IN,&nbsp,-,AD 50,2025-11-04_22:10:28.313194
ED   29,0.00%,Antonio Reynoso,(Democratic),486,AD 50,2025-11-04_22:10:28.313194
ED   29,0.00%,Janine Acquafredda,(Republican),118,AD 50,2025-11-04_22:10:28.313194
ED   29,0.00%,Janine Acquafredda,(Conservative),21,AD 50,2025-11-04_22:10:28.313194
ED   29,0.00%,Antonio Reynoso,(Working Families),70,AD 50,2025-11-04_22:10:28.313194
ED   29,0.00%,WRITE-IN,&nbsp,1,AD 50,2025-11-04_22:10:28.313194
ED   30,0.00%,Antonio Reynoso,(Democratic),473,AD 50,2025-11-04_22:10:28.313194
ED   30,0.00%,Janine Acquafredda,(Republican),89,AD 50,2025-11-04_22:10:28.313194
ED   30,0.00%,Janine Acquafredda,(Conservative),3,AD 50,2025-11-04_22:10:28.313194
ED   30,0.00%,Antonio Reynoso,(Working Families),69,AD 50,2025-11-04_22:10:28.313194
ED   30,0.00%,WRITE-IN,&nbsp,1,AD 50,2025-11-04_22:10:28.313194
ED   31,0.00%,Antonio Reynoso,(Democratic),347,AD 50,2025-11-04_22:10:28.313194
ED   31,0.00%,Janine Acquafredda,(Republican),53,AD 50,2025-11-04_22:10:28.313194
ED   31,0.00%,Janine Acquafredda,(Conservative),6,AD 50,2025-11-04_22:10:28.313194
ED   31,0.00%,Antonio Reynoso,(Working Families),62,AD 50,2025-11-04_22:10:28.313194
ED   31,0.00%,WRITE-IN,&nbsp,-,AD 50,2025-11-04_22:10:28.313194
ED   32,0.00%,Antonio Reynoso,(Democratic),275,AD 50,2025-11-04_22:10:28.313194
ED   32,0.00%,Janine Acquafredda,(Republican),64,AD 50,2025-11-04_22:10:28.313194
ED   32,0.00%,Janine Acquafredda,(Conservative),8,AD 50,2025-11-04_22:10:28.313194
ED   32,0.00%,Antonio Reynoso,(Working Families),76,AD 50,2025-11-04_22:10:28.313194
ED   32,0.00%,WRITE-IN,&nbsp,1,AD 50,2025-11-04_22:10:28.313194
ED   33,0.00%,Antonio Reynoso,(Democratic),366,AD 50,2025-11-04_22:10:28.313194
ED   33,0.00%,Janine Acquafredda,(Republican),95,AD 50,2025-11-04_22:10:28.313194
ED   33,0.00%,Janine Acquafredda,(Conservative),14,AD 50,2025-11-04_22:10:28.313194
ED   33,0.00%,Antonio Reynoso,(Working Families),54,AD 50,2025-11-04_22:10:28.313194
ED   33,0.00%,WRITE-IN,&nbsp,2,AD 50,2025-11-04_22:10:28.313194
ED   34,0.00%,Antonio Reynoso,(Democratic),353,AD 50,2025-11-04_22:10:28.313194
ED   34,0.00%,Janine Acquafredda,(Republican),85,AD 50,2025-11-04_22:10:28.313194
ED   34,0.00%,Janine Acquafredda,(Conservative),7,AD 50,2025-11-04_22:10:28.313194
ED   34,0.00%,Antonio Reynoso,(Working Families),112,AD 50,2025-11-04_22:10:28.313194
ED   34,0.00%,WRITE-IN,&nbsp,-,AD 50,2025-11-04_22:10:28.313194
ED   35,0.00%,Antonio Reynoso,(Democratic),194,AD 50,2025-11-04_22:10:28.313194
ED   35,0.00%,Janine Acquafredda,(Republican),65,AD 50,2025-11-04_22:10:28.313194
ED   35,0.00%,Janine Acquafredda,(Conservative),8,AD 50,2025-11-04_22:10:28.313194
ED   35,0.00%,Antonio Reynoso,(Working Families),25,AD 50,2025-11-04_22:10:28.313194
ED   35,0.00%,WRITE-IN,&nbsp,1,AD 50,2025-11-04_22:10:28.313194
ED   36,0.00%,Antonio Reynoso,(Democratic),103,AD 50,2025-11-04_22:10:28.313194
ED   36,0.00%,Janine Acquafredda,(Republican),37,AD 50,2025-11-04_22:10:28.313194
ED   36,0.00%,Janine Acquafredda,(Conservative),3,AD 50,2025-11-04_22:10:28.313194
ED   36,0.00%,Antonio Reynoso,(Working Families),18,AD 50,2025-11-04_22:10:28.313194
ED   36,0.00%,WRITE-IN,&nbsp,2,AD 50,2025-11-04_22:10:28.313194
ED   37,0.00%,Antonio Reynoso,(Democratic),168,AD 50,2025-11-04_22:10:28.313194
ED   37,0.00%,Janine Acquafredda,(Republican),72,AD 50,2025-11-04_22:10:28.313194
ED   37,0.00%,Janine Acquafredda,(Conservative),10,AD 50,2025-11-04_22:10:28.313194
ED   37,0.00%,Antonio Reynoso,(Working Families),25,AD 50,2025-11-04_22:10:28.313194
ED   37,0.00%,WRITE-IN,&nbsp,-,AD 50,2025-11-04_22:10:28.313194
ED   38,0.00%,Antonio Reynoso,(Democratic),200,AD 50,2025-11-04_22:10:28.313194
ED   38,0.00%,Janine Acquafredda,(Republican),50,AD 50,2025-11-04_22:10:28.313194
ED   38,0.00%,Janine Acquafredda,(Conservative),6,AD 50,2025-11-04_22:10:28.313194
ED   38,0.00%,Antonio Reynoso,(Working Families),25,AD 50,2025-11-04_22:10:28.313194
ED   38,0.00%,WRITE-IN,&nbsp,-,AD 50,2025-11-04_22:10:28.313194
ED   39,0.00%,Antonio Reynoso,(Democratic),79,AD 50,2025-11-04_22:10:28.313194
ED   39,0.00%,Janine Acquafredda,(Republican),51,AD 50,2025-11-04_22:10:28.313194
ED   39,0.00%,Janine Acquafredda,(Conservative),12,AD 50,2025-11-04_22:10:28.313194
ED   39,0.00%,Antonio Reynoso,(Working Families),17,AD 50,2025-11-04_22:10:28.313194
ED   39,0.00%,WRITE-IN,&nbsp,2,AD 50,2025-11-04_22:10:28.313194
ED   40,0.00%,Antonio Reynoso,(Democratic),105,AD 50,2025-11-04_22:10:28.313194
ED   40,0.00%,Janine Acquafredda,(Republican),40,AD 50,2025-11-04_22:10:28.313194
ED   40,0.00%,Janine Acquafredda,(Conservative),5,AD 50,2025-11-04_22:10:28.313194
ED   40,0.00%,Antonio Reynoso,(Working Families),16,AD 50,2025-11-04_22:10:28.313194
ED   40,0.00%,WRITE-IN,&nbsp,2,AD 50,2025-11-04_22:10:28.313194
ED   41,0.00%,Antonio Reynoso,(Democratic),172,AD 50,2025-11-04_22:10:28.313194
ED   41,0.00%,Janine Acquafredda,(Republican),63,AD 50,2025-11-04_22:10:28.313194
ED   41,0.00%,Janine Acquafredda,(Conservative),4,AD 50,2025-11-04_22:10:28.313194
ED   41,0.00%,Antonio Reynoso,(Working Families),37,AD 50,2025-11-04_22:10:28.313194
ED   41,0.00%,WRITE-IN,&nbsp,1,AD 50,2025-11-04_22:10:28.313194
ED   42,0.00%,Antonio Reynoso,(Democratic),140,AD 50,2025-11-04_22:10:28.313194
ED   42,0.00%,Janine Acquafredda,(Republican),67,AD 50,2025-11-04_22:10:28.313194
ED   42,0.00%,Janine Acquafredda,(Conservative),8,AD 50,2025-11-04_22:10:28.313194
ED   42,0.00%,Antonio Reynoso,(Working Families),24,AD 50,2025-11-04_22:10:28.313194
ED   42,0.00%,WRITE-IN,&nbsp,4,AD 50,2025-11-04_22:10:28.313194
ED   43,0.00%,Antonio Reynoso,(Democratic),114,AD 50,2025-11-04_22:10:28.313194
ED   43,0.00%,Janine Acquafredda,(Republican),69,AD 50,2025-11-04_22:10:28.313194
ED   43,0.00%,Janine Acquafredda,(Conservative),7,AD 50,2025-11-04_22:10:28.313194
ED   43,0.00%,Antonio Reynoso,(Working Families),11,AD 50,2025-11-04_22:10:28.313194
ED   43,0.00%,WRITE-IN,&nbsp,4,AD 50,2025-11-04_22:10:28.313194
ED   44,0.00%,Antonio Reynoso,(Democratic),203,AD 50,2025-11-04_22:10:28.313194
ED   44,0.00%,Janine Acquafredda,(Republican),114,AD 50,2025-11-04_22:10:28.313194
ED   44,0.00%,Janine Acquafredda,(Conservative),11,AD 50,2025-11-04_22:10:28.313194
ED   44,0.00%,Antonio Reynoso,(Working Families),37,AD 50,2025-11-04_22:10:28.313194
ED   44,0.00%,WRITE-IN,&nbsp,6,AD 50,2025-11-04_22:10:28.313194
ED   45,0.00%,Antonio Reynoso,(Democratic),163,AD 50,2025-11-04_22:10:28.313194
ED   45,0.00%,Janine Acquafredda,(Republican),97,AD 50,2025-11-04_22:10:28.313194
ED   45,0.00%,Janine Acquafredda,(Conservative),11,AD 50,2025-11-04_22:10:28.313194
ED   45,0.00%,Antonio Reynoso,(Working Families),22,AD 50,2025-11-04_22:10:28.313194
ED   45,0.00%,WRITE-IN,&nbsp,5,AD 50,2025-11-04_22:10:28.313194
ED   46,0.00%,Antonio Reynoso,(Democratic),194,AD 50,2025-11-04_22:10:28.313194
ED   46,0.00%,Janine Acquafredda,(Republican),92,AD 50,2025-11-04_22:10:28.313194
ED   46,0.00%,Janine Acquafredda,(Conservative),15,AD 50,2025-11-04_22:10:28.313194
ED   46,0.00%,Antonio Reynoso,(Working Families),17,AD 50,2025-11-04_22:10:28.313194
ED   46,0.00%,WRITE-IN,&nbsp,1,AD 50,2025-11-04_22:10:28.313194
ED   47,0.00%,Antonio Reynoso,(Democratic),133,AD 50,2025-11-04_22:10:28.313194
ED   47,0.00%,Janine Acquafredda,(Republican),71,AD 50,2025-11-04_22:10:28.313194
ED   47,0.00%,Janine Acquafredda,(Conservative),10,AD 50,2025-11-04_22:10:28.313194
ED   47,0.00%,Antonio Reynoso,(Working Families),9,AD 50,2025-11-04_22:10:28.313194
ED   47,0.00%,WRITE-IN,&nbsp,4,AD 50,2025-11-04_22:10:28.313194
ED   48,0.00%,Antonio Reynoso,(Democratic),127,AD 50,2025-11-04_22:10:28.313194
ED   48,0.00%,Janine Acquafredda,(Republican),86,AD 50,2025-11-04_22:10:28.313194
ED   48,0.00%,Janine Acquafredda,(Conservative),8,AD 50,2025-11-04_22:10:28.313194
ED   48,0.00%,Antonio Reynoso,(Working Families),9,AD 50,2025-11-04_22:10:28.313194
ED   48,0.00%,WRITE-IN,&nbsp,2,AD 50,2025-11-04_22:10:28.313194
ED   49,0.00%,Antonio Reynoso,(Democratic),104,AD 50,2025-11-04_22:10:28.313194
ED   49,0.00%,Janine Acquafredda,(Republican),54,AD 50,2025-11-04_22:10:28.313194
ED   49,0.00%,Janine Acquafredda,(Conservative),7,AD 50,2025-11-04_22:10:28.313194
ED   49,0.00%,Antonio Reynoso,(Working Families),6,AD 50,2025-11-04_22:10:28.313194
ED   49,0.00%,WRITE-IN,&nbsp,3,AD 50,2025-11-04_22:10:28.313194
ED   50,0.00%,Antonio Reynoso,(Democratic),357,AD 50,2025-11-04_22:10:28.313194
ED   50,0.00%,Janine Acquafredda,(Republican),44,AD 50,2025-11-04_22:10:28.313194
ED   50,0.00%,Janine Acquafredda,(Conservative),6,AD 50,2025-11-04_22:10:28.313194
ED   50,0.00%,Antonio Reynoso,(Working Families),83,AD 50,2025-11-04_22:10:28.313194
ED   50,0.00%,WRITE-IN,&nbsp,-,AD 50,2025-11-04_22:10:28.313194
ED   51,0.00%,Antonio Reynoso,(Democratic),390,AD 50,2025-11-04_22:10:28.313194
ED   51,0.00%,Janine Acquafredda,(Republican),38,AD 50,2025-11-04_22:10:28.313194
ED   51,0.00%,Janine Acquafredda,(Conservative),6,AD 50,2025-11-04_22:10:28.313194
ED   51,0.00%,Antonio Reynoso,(Working Families),109,AD 50,2025-11-04_22:10:28.313194
ED   51,0.00%,WRITE-IN,&nbsp,2,AD 50,2025-11-04_22:10:28.313194
ED   52,0.00%,Antonio Reynoso,(Democratic),513,AD 50,2025-11-04_22:10:28.313194
ED   52,0.00%,Janine Acquafredda,(Republican),51,AD 50,2025-11-04_22:10:28.313194
ED   52,0.00%,Janine Acquafredda,(Conservative),6,AD 50,2025-11-04_22:10:28.313194
ED   52,0.00%,Antonio Reynoso,(Working Families),128,AD 50,2025-11-04_22:10:28.313194
ED   52,0.00%,WRITE-IN,&nbsp,2,AD 50,2025-11-04_22:10:28.313194
ED   53,0.00%,Antonio Reynoso,(Democratic),474,AD 50,2025-11-04_22:10:28.313194
ED   53,0.00%,Janine Acquafredda,(Republican),74,AD 50,2025-11-04_22:10:28.313194
ED   53,0.00%,Janine Acquafredda,(Conservative),11,AD 50,2025-11-04_22:10:28.313194
ED   53,0.00%,Antonio Reynoso,(Working Families),116,AD 50,2025-11-04_22:10:28.313194
ED   53,0.00%,WRITE-IN,&nbsp,2,AD 50,2025-11-04_22:10:28.313194
ED   54,0.00%,Antonio Reynoso,(Democratic),282,AD 50,2025-11-04_22:10:28.313194
ED   54,0.00%,Janine Acquafredda,(Republican),29,AD 50,2025-11-04_22:10:28.313194
ED   54,0.00%,Janine Acquafredda,(Conservative),6,AD 50,2025-11-04_22:10:28.313194
ED   54,0.00%,Antonio Reynoso,(Working Families),70,AD 50,2025-11-04_22:10:28.313194
ED   54,0.00%,WRITE-IN,&nbsp,2,AD 50,2025-11-04_22:10:28.313194
ED   55,0.00%,Antonio Reynoso,(Democratic),161,AD 50,2025-11-04_22:10:28.313194
ED   55,0.00%,Janine Acquafredda,(Republican),20,AD 50,2025-11-04_22:10:28.313194
ED   55,0.00%,Janine Acquafredda,(Conservative),4,AD 50,2025-11-04_22:10:28.313194
ED   55,0.00%,Antonio Reynoso,(Working Families),33,AD 50,2025-11-04_22:10:28.313194
ED   55,0.00%,WRITE-IN,&nbsp,-,AD 50,2025-11-04_22:10:28.313194
ED   56,0.00%,Antonio Reynoso,(Democratic),575,AD 50,2025-11-04_22:10:28.313194
ED   56,0.00%,Janine Acquafredda,(Republican),72,AD 50,2025-11-04_22:10:28.313194
ED   56,0.00%,Janine Acquafredda,(Conservative),8,AD 50,2025-11-04_22:10:28.313194
ED   56,0.00%,Antonio Reynoso,(Working Families),208,AD 50,2025-11-04_22:10:28.313194
ED   56,0.00%,WRITE-IN,&nbsp,2,AD 50,2025-11-04_22:10:28.313194
ED   57,0.00%,Antonio Reynoso,(Democratic),644,AD 50,2025-11-04_22:10:28.313194
ED   57,0.00%,Janine Acquafredda,(Republican),76,AD 50,2025-11-04_22:10:28.313194
ED   57,0.00%,Janine Acquafredda,(Conservative),5,AD 50,2025-11-04_22:10:28.313194
ED   57,0.00%,Antonio Reynoso,(Working Families),248,AD 50,2025-11-04_22:10:28.313194
ED   57,0.00%,WRITE-IN,&nbsp,-,AD 50,2025-11-04_22:10:28.313194
ED   58,0.00%,Antonio Reynoso,(Democratic),530,AD 50,2025-11-04_22:10:28.313194
ED   58,0.00%,Janine Acquafredda,(Republican),86,AD 50,2025-11-04_22:10:28.313194
ED   58,0.00%,Janine Acquafredda,(Conservative),9,AD 50,2025-11-04_22:10:28.313194
ED   58,0.00%,Antonio Reynoso,(Working Families),188,AD 50,2025-11-04_22:10:28.313194
ED   58,0.00%,WRITE-IN,&nbsp,-,AD 50,2025-11-04_22:10:28.313194
ED   59,0.00%,Antonio Reynoso,(Democratic),547,AD 50,2025-11-04_22:10:28.313194
ED   59,0.00%,Janine Acquafredda,(Republican),94,AD 50,2025-11-04_22:10:28.313194
ED   59,0.00%,Janine Acquafredda,(Conservative),13,AD 50,2025-11-04_22:10:28.313194
ED   59,0.00%,Antonio Reynoso,(Working Families),220,AD 50,2025-11-04_22:10:28.313194
ED   59,0.00%,WRITE-IN,&nbsp,-,AD 50,2025-11-04_22:10:28.313194
ED   60,0.00%,Antonio Reynoso,(Democratic),419,AD 50,2025-11-04_22:10:28.313194
ED   60,0.00%,Janine Acquafredda,(Republican),105,AD 50,2025-11-04_22:10:28.313194
ED   60,0.00%,Janine Acquafredda,(Conservative),10,AD 50,2025-11-04_22:10:28.313194
ED   60,0.00%,Antonio Reynoso,(Working Families),164,AD 50,2025-11-04_22:10:28.313194
ED   60,0.00%,WRITE-IN,&nbsp,1,AD 50,2025-11-04_22:10:28.313194
ED   61,0.00%,Antonio Reynoso,(Democratic),545,AD 50,2025-11-04_22:10:28.313194
ED   61,0.00%,Janine Acquafredda,(Republican),81,AD 50,2025-11-04_22:10:28.313194
ED   61,0.00%,Janine Acquafredda,(Conservative),6,AD 50,2025-11-04_22:10:28.313194
ED   61,0.00%,Antonio Reynoso,(Working Families),239,AD 50,2025-11-04_22:10:28.313194
ED   61,0.00%,WRITE-IN,&nbsp,2,AD 50,2025-11-04_22:10:28.313194
ED   62,0.00%,Antonio Reynoso,(Democratic),425,AD 50,2025-11-04_22:10:28.313194
ED   62,0.00%,Janine Acquafredda,(Republican),50,AD 50,2025-11-04_22:10:28.313194
ED   62,0.00%,Janine Acquafredda,(Conservative),10,AD 50,2025-11-04_22:10:28.313194
ED   62,0.00%,Antonio Reynoso,(Working Families),190,AD 50,2025-11-04_22:10:28.313194
ED   62,0.00%,WRITE-IN,&nbsp,-,AD 50,2025-11-04_22:10:28.313194
ED   63,0.00%,Antonio Reynoso,(Democratic),411,AD 50,2025-11-04_22:10:28.313194
ED   63,0.00%,Janine Acquafredda,(Republican),61,AD 50,2025-11-04_22:10:28.313194
ED   63,0.00%,Janine Acquafredda,(Conservative),9,AD 50,2025-11-04_22:10:28.313194
ED   63,0.00%,Antonio Reynoso,(Working Families),183,AD 50,2025-11-04_22:10:28.313194
ED   63,0.00%,WRITE-IN,&nbsp,1,AD 50,2025-11-04_22:10:28.313194
ED   64,0.00%,Antonio Reynoso,(Democratic),5,AD 50,2025-11-04_22:10:28.313194
ED   64,0.00%,Janine Acquafredda,(Republican),-,AD 50,2025-11-04_22:10:28.313194
ED   64,0.00%,Janine Acquafredda,(Conservative),-,AD 50,2025-11-04_22:10:28.313194
ED   64,0.00%,Antonio Reynoso,(Working Families),1,AD 50,2025-11-04_22:10:28.313194
ED   64,0.00%,WRITE-IN,&nbsp,-,AD 50,2025-11-04_22:10:28.313194
ED   65,0.00%,Antonio Reynoso,(Democratic),278,AD 50,2025-11-04_22:10:28.313194
ED   65,0.00%,Janine Acquafredda,(Republican),32,AD 50,2025-11-04_22:10:28.313194
ED   65,0.00%,Janine Acquafredda,(Conservative),6,AD 50,2025-11-04_22:10:28.313194
ED   65,0.00%,Antonio Reynoso,(Working Families),60,AD 50,2025-11-04_22:10:28.313194
ED   65,0.00%,WRITE-IN,&nbsp,1,AD 50,2025-11-04_22:10:28.313194
ED   66,0.00%,Antonio Reynoso,(Democratic),418,AD 50,2025-11-04_22:10:28.313194
ED   66,0.00%,Janine Acquafredda,(Republican),46,AD 50,2025-11-04_22:10:28.313194
ED   66,0.00%,Janine Acquafredda,(Conservative),11,AD 50,2025-11-04_22:10:28.313194
ED   66,0.00%,Antonio Reynoso,(Working Families),122,AD 50,2025-11-04_22:10:28.313194
ED   66,0.00%,WRITE-IN,&nbsp,1,AD 50,2025-11-04_22:10:28.313194
ED   67,0.00%,Antonio Reynoso,(Democratic),-,AD 50,2025-11-04_22:10:28.313194
ED   67,0.00%,Janine Acquafredda,(Republican),-,AD 50,2025-11-04_22:10:28.313194
ED   67,0.00%,Janine Acquafredda,(Conservative),-,AD 50,2025-11-04_22:10:28.313194
ED   67,0.00%,Antonio Reynoso,(Working Families),-,AD 50,2025-11-04_22:10:28.313194
ED   67,0.00%,WRITE-IN,&nbsp,-,AD 50,2025-11-04_22:10:28.313194
ED   68,0.00%,Antonio Reynoso,(Democratic),-,AD 50,2025-11-04_22:10:28.313194
ED   68,0.00%,Janine Acquafredda,(Republican),-,AD 50,2025-11-04_22:10:28.313194
ED   68,0.00%,Janine Acquafredda,(Conservative),-,AD 50,2025-11-04_22:10:28.313194
ED   68,0.00%,Antonio Reynoso,(Working Families),-,AD 50,2025-11-04_22:10:28.313194
ED   68,0.00%,WRITE-IN,&nbsp,-,AD 50,2025-11-04_22:10:28.313194
Total,,Antonio Reynoso,(Democratic),23358,AD 50,2025-11-04_22:10:28.313194
Total,,Janine Acquafredda,(Republican),4679,AD 50,2025-11-04_22:10:28.313194
Total,,Janine Acquafredda,(Conservative),585,AD 50,2025-11-04_22:10:28.313194
Total,,Antonio Reynoso,(Working Families),7778,AD 50,2025-11-04_22:10:28.313194
Total,,WRITE-IN,&nbsp,89,AD 50,2025-11-04_22:10:28.313194
ED    1,0.00%,Antonio Reynoso,(Democratic),165,AD 51,2025-11-04_22:10:28.313194
ED    1,0.00%,Janine Acquafredda,(Republican),74,AD 51,2025-11-04_22:10:28.313194
ED    1,0.00%,Janine Acquafredda,(Conservative),12,AD 51,2025-11-04_22:10:28.313194
ED    1,0.00%,Antonio Reynoso,(Working Families),49,AD 51,2025-11-04_22:10:28.313194
ED    1,0.00%,WRITE-IN,&nbsp,-,AD 51,2025-11-04_22:10:28.313194
ED    2,0.00%,Antonio Reynoso,(Democratic),188,AD 51,2025-11-04_22:10:28.313194
ED    2,0.00%,Janine Acquafredda,(Republican),57,AD 51,2025-11-04_22:10:28.313194
ED    2,0.00%,Janine Acquafredda,(Conservative),5,AD 51,2025-11-04_22:10:28.313194
ED    2,0.00%,Antonio Reynoso,(Working Families),49,AD 51,2025-11-04_22:10:28.313194
ED    2,0.00%,WRITE-IN,&nbsp,-,AD 51,2025-11-04_22:10:28.313194
ED    3,0.00%,Antonio Reynoso,(Democratic),119,AD 51,2025-11-04_22:10:28.313194
ED    3,0.00%,Janine Acquafredda,(Republican),122,AD 51,2025-11-04_22:10:28.313194
ED    3,0.00%,Janine Acquafredda,(Conservative),9,AD 51,2025-11-04_22:10:28.313194
ED    3,0.00%,Antonio Reynoso,(Working Families),8,AD 51,2025-11-04_22:10:28.313194
ED    3,0.00%,WRITE-IN,&nbsp,-,AD 51,2025-11-04_22:10:28.313194
ED    4,0.00%,Antonio Reynoso,(Democratic),104,AD 51,2025-11-04_22:10:28.313194
ED    4,0.00%,Janine Acquafredda,(Republican),122,AD 51,2025-11-04_22:10:28.313194
ED    4,0.00%,Janine Acquafredda,(Conservative),6,AD 51,2025-11-04_22:10:28.313194
ED    4,0.00%,Antonio Reynoso,(Working Families),12,AD 51,2025-11-04_22:10:28.313194
ED    4,0.00%,WRITE-IN,&nbsp,-,AD 51,2025-11-04_22:10:28.313194
ED    5,0.00%,Antonio Reynoso,(Democratic),127,AD 51,2025-11-04_22:10:28.313194
ED    5,0.00%,Janine Acquafredda,(Republican),60,AD 51,2025-11-04_22:10:28.313194
ED    5,0.00%,Janine Acquafredda,(Conservative),7,AD 51,2025-11-04_22:10:28.313194
ED    5,0.00%,Antonio Reynoso,(Working Families),36,AD 51,2025-11-04_22:10:28.313194
ED    5,0.00%,WRITE-IN,&nbsp,-,AD 51,2025-11-04_22:10:28.313194
ED    6,0.00%,Antonio Reynoso,(Democratic),256,AD 51,2025-11-04_22:10:28.313194
ED    6,0.00%,Janine Acquafredda,(Republican),41,AD 51,2025-11-04_22:10:28.313194
ED    6,0.00%,Janine Acquafredda,(Conservative),2,AD 51,2025-11-04_22:10:28.313194
ED    6,0.00%,Antonio Reynoso,(Working Families),59,AD 51,2025-11-04_22:10:28.313194
ED    6,0.00%,WRITE-IN,&nbsp,1,AD 51,2025-11-04_22:10:28.313194
ED    7,0.00%,Antonio Reynoso,(Democratic),269,AD 51,2025-11-04_22:10:28.313194
ED    7,0.00%,Janine Acquafredda,(Republican),60,AD 51,2025-11-04_22:10:28.313194
ED    7,0.00%,Janine Acquafredda,(Conservative),4,AD 51,2025-11-04_22:10:28.313194
ED    7,0.00%,Antonio Reynoso,(Working Families),85,AD 51,2025-11-04_22:10:28.313194
ED    7,0.00%,WRITE-IN,&nbsp,-,AD 51,2025-11-04_22:10:28.313194
ED    8,0.00%,Antonio Reynoso,(Democratic),270,AD 51,2025-11-04_22:10:28.313194
ED    8,0.00%,Janine Acquafredda,(Republican),68,AD 51,2025-11-04_22:10:28.313194
ED    8,0.00%,Janine Acquafredda,(Conservative),5,AD 51,2025-11-04_22:10:28.313194
ED    8,0.00%,Antonio Reynoso,(Working Families),73,AD 51,2025-11-04_22:10:28.313194
ED    8,0.00%,WRITE-IN,&nbsp,2,AD 51,2025-11-04_22:10:28.313194
ED    9,0.00%,Antonio Reynoso,(Democratic),213,AD 51,2025-11-04_22:10:28.313194
ED    9,0.00%,Janine Acquafredda,(Republican),80,AD 51,2025-11-04_22:10:28.313194
ED    9,0.00%,Janine Acquafredda,(Conservative),9,AD 51,2025-11-04_22:10:28.313194
ED    9,0.00%,Antonio Reynoso,(Working Families),72,AD 51,2025-11-04_22:10:28.313194
ED    9,0.00%,WRITE-IN,&nbsp,2,AD 51,2025-11-04_22:10:28.313194
ED   10,0.00%,Antonio Reynoso,(Democratic),140,AD 51,2025-11-04_22:10:28.313194
ED   10,0.00%,Janine Acquafredda,(Republican),63,AD 51,2025-11-04_22:10:28.313194
ED   10,0.00%,Janine Acquafredda,(Conservative),9,AD 51,2025-11-04_22:10:28.313194
ED   10,0.00%,Antonio Reynoso,(Working Families),30,AD 51,2025-11-04_22:10:28.313194
ED   10,0.00%,WRITE-IN,&nbsp,-,AD 51,2025-11-04_22:10:28.313194
ED   11,0.00%,Antonio Reynoso,(Democratic),253,AD 51,2025-11-04_22:10:28.313194
ED   11,0.00%,Janine Acquafredda,(Republican),52,AD 51,2025-11-04_22:10:28.313194
ED   11,0.00%,Janine Acquafredda,(Conservative),9,AD 51,2025-11-04_22:10:28.313194
ED   11,0.00%,Antonio Reynoso,(Working Families),73,AD 51,2025-11-04_22:10:28.313194
ED   11,0.00%,WRITE-IN,&nbsp,1,AD 51,2025-11-04_22:10:28.313194
ED   12,0.00%,Antonio Reynoso,(Democratic),166,AD 51,2025-11-04_22:10:28.313194
ED   12,0.00%,Janine Acquafredda,(Republican),50,AD 51,2025-11-04_22:10:28.313194
ED   12,0.00%,Janine Acquafredda,(Conservative),7,AD 51,2025-11-04_22:10:28.313194
ED   12,0.00%,Antonio Reynoso,(Working Families),41,AD 51,2025-11-04_22:10:28.313194
ED   12,0.00%,WRITE-IN,&nbsp,1,AD 51,2025-11-04_22:10:28.313194
ED   13,0.00%,Antonio Reynoso,(Democratic),266,AD 51,2025-11-04_22:10:28.313194
ED   13,0.00%,Janine Acquafredda,(Republican),41,AD 51,2025-11-04_22:10:28.313194
ED   13,0.00%,Janine Acquafredda,(Conservative),9,AD 51,2025-11-04_22:10:28.313194
ED   13,0.00%,Antonio Reynoso,(Working Families),97,AD 51,2025-11-04_22:10:28.313194
ED   13,0.00%,WRITE-IN,&nbsp,-,AD 51,2025-11-04_22:10:28.313194
ED   14,0.00%,Antonio Reynoso,(Democratic),264,AD 51,2025-11-04_22:10:28.313194
ED   14,0.00%,Janine Acquafredda,(Republican),58,AD 51,2025-11-04_22:10:28.313194
ED   14,0.00%,Janine Acquafredda,(Conservative),6,AD 51,2025-11-04_22:10:28.313194
ED   14,0.00%,Antonio Reynoso,(Working Families),60,AD 51,2025-11-04_22:10:28.313194
ED   14,0.00%,WRITE-IN,&nbsp,1,AD 51,2025-11-04_22:10:28.313194
ED   15,0.00%,Antonio Reynoso,(Democratic),245,AD 51,2025-11-04_22:10:28.313194
ED   15,0.00%,Janine Acquafredda,(Republican),59,AD 51,2025-11-04_22:10:28.313194
ED   15,0.00%,Janine Acquafredda,(Conservative),11,AD 51,2025-11-04_22:10:28.313194
ED   15,0.00%,Antonio Reynoso,(Working Families),85,AD 51,2025-11-04_22:10:28.313194
ED   15,0.00%,WRITE-IN,&nbsp,1,AD 51,2025-11-04_22:10:28.313194
ED   16,0.00%,Antonio Reynoso,(Democratic),282,AD 51,2025-11-04_22:10:28.313194
ED   16,0.00%,Janine Acquafredda,(Republican),70,AD 51,2025-11-04_22:10:28.313194
ED   16,0.00%,Janine Acquafredda,(Conservative),14,AD 51,2025-11-04_22:10:28.313194
ED   16,0.00%,Antonio Reynoso,(Working Families),87,AD 51,2025-11-04_22:10:28.313194
ED   16,0.00%,WRITE-IN,&nbsp,-,AD 51,2025-11-04_22:10:28.313194
ED   17,0.00%,Antonio Reynoso,(Democratic),234,AD 51,2025-11-04_22:10:28.313194
ED   17,0.00%,Janine Acquafredda,(Republican),47,AD 51,2025-11-04_22:10:28.313194
ED   17,0.00%,Janine Acquafredda,(Conservative),5,AD 51,2025-11-04_22:10:28.313194
ED   17,0.00%,Antonio Reynoso,(Working Families),109,AD 51,2025-11-04_22:10:28.313194
ED   17,0.00%,WRITE-IN,&nbsp,1,AD 51,2025-11-04_22:10:28.313194
ED   18,0.00%,Antonio Reynoso,(Democratic),342,AD 51,2025-11-04_22:10:28.313194
ED   18,0.00%,Janine Acquafredda,(Republican),59,AD 51,2025-11-04_22:10:28.313194
ED   18,0.00%,Janine Acquafredda,(Conservative),7,AD 51,2025-11-04_22:10:28.313194
ED   18,0.00%,Antonio Reynoso,(Working Families),201,AD 51,2025-11-04_22:10:28.313194
ED   18,0.00%,WRITE-IN,&nbsp,2,AD 51,2025-11-04_22:10:28.313194
ED   19,0.00%,Antonio Reynoso,(Democratic),300,AD 51,2025-11-04_22:10:28.313194
ED   19,0.00%,Janine Acquafredda,(Republican),60,AD 51,2025-11-04_22:10:28.313194
ED   19,0.00%,Janine Acquafredda,(Conservative),6,AD 51,2025-11-04_22:10:28.313194
ED   19,0.00%,Antonio Reynoso,(Working Families),118,AD 51,2025-11-04_22:10:28.313194
ED   19,0.00%,WRITE-IN,&nbsp,4,AD 51,2025-11-04_22:10:28.313194
ED   20,0.00%,Antonio Reynoso,(Democratic),252,AD 51,2025-11-04_22:10:28.313194
ED   20,0.00%,Janine Acquafredda,(Republican),42,AD 51,2025-11-04_22:10:28.313194
ED   20,0.00%,Janine Acquafredda,(Conservative),6,AD 51,2025-11-04_22:10:28.313194
ED   20,0.00%,Antonio Reynoso,(Working Families),103,AD 51,2025-11-04_22:10:28.313194
ED   20,0.00%,WRITE-IN,&nbsp,-,AD 51,2025-11-04_22:10:28.313194
ED   21,0.00%,Antonio Reynoso,(Democratic),510,AD 51,2025-11-04_22:10:28.313194
ED   21,0.00%,Janine Acquafredda,(Republican),93,AD 51,2025-11-04_22:10:28.313194
ED   21,0.00%,Janine Acquafredda,(Conservative),11,AD 51,2025-11-04_22:10:28.313194
ED   21,0.00%,Antonio Reynoso,(Working Families),217,AD 51,2025-11-04_22:10:28.313194
ED   21,0.00%,WRITE-IN,&nbsp,4,AD 51,2025-11-04_22:10:28.313194
ED   22,0.00%,Antonio Reynoso,(Democratic),493,AD 51,2025-11-04_22:10:28.313194
ED   22,0.00%,Janine Acquafredda,(Republican),62,AD 51,2025-11-04_22:10:28.313194
ED   22,0.00%,Janine Acquafredda,(Conservative),12,AD 51,2025-11-04_22:10:28.313194
ED   22,0.00%,Antonio Reynoso,(Working Families),244,AD 51,2025-11-04_22:10:28.313194
ED   22,0.00%,WRITE-IN,&nbsp,-,AD 51,2025-11-04_22:10:28.313194
ED   23,0.00%,Antonio Reynoso,(Democratic),312,AD 51,2025-11-04_22:10:28.313194
ED   23,0.00%,Janine Acquafredda,(Republican),30,AD 51,2025-11-04_22:10:28.313194
ED   23,0.00%,Janine Acquafredda,(Conservative),5,AD 51,2025-11-04_22:10:28.313194
ED   23,0.00%,Antonio Reynoso,(Working Families),171,AD 51,2025-11-04_22:10:28.313194
ED   23,0.00%,WRITE-IN,&nbsp,-,AD 51,2025-11-04_22:10:28.313194
ED   24,0.00%,Antonio Reynoso,(Democratic),434,AD 51,2025-11-04_22:10:28.313194
ED   24,0.00%,Janine Acquafredda,(Republican),64,AD 51,2025-11-04_22:10:28.313194
ED   24,0.00%,Janine Acquafredda,(Conservative),16,AD 51,2025-11-04_22:10:28.313194
ED   24,0.00%,Antonio Reynoso,(Working Families),218,AD 51,2025-11-04_22:10:28.313194
ED   24,0.00%,WRITE-IN,&nbsp,1,AD 51,2025-11-04_22:10:28.313194
ED   25,0.00%,Antonio Reynoso,(Democratic),215,AD 51,2025-11-04_22:10:28.313194
ED   25,0.00%,Janine Acquafredda,(Republican),18,AD 51,2025-11-04_22:10:28.313194
ED   25,0.00%,Janine Acquafredda,(Conservative),2,AD 51,2025-11-04_22:10:28.313194
ED   25,0.00%,Antonio Reynoso,(Working Families),153,AD 51,2025-11-04_22:10:28.313194
ED   25,0.00%,WRITE-IN,&nbsp,-,AD 51,2025-11-04_22:10:28.313194
ED   26,0.00%,Antonio Reynoso,(Democratic),403,AD 51,2025-11-04_22:10:28.313194
ED   26,0.00%,Janine Acquafredda,(Republican),32,AD 51,2025-11-04_22:10:28.313194
ED   26,0.00%,Janine Acquafredda,(Conservative),5,AD 51,2025-11-04_22:10:28.313194
ED   26,0.00%,Antonio Reynoso,(Working Families),190,AD 51,2025-11-04_22:10:28.313194
ED   26,0.00%,WRITE-IN,&nbsp,2,AD 51,2025-11-04_22:10:28.313194
ED   27,0.00%,Antonio Reynoso,(Democratic),139,AD 51,2025-11-04_22:10:28.313194
ED   27,0.00%,Janine Acquafredda,(Republican),17,AD 51,2025-11-04_22:10:28.313194
ED   27,0.00%,Janine Acquafredda,(Conservative),2,AD 51,2025-11-04_22:10:28.313194
ED   27,0.00%,Antonio Reynoso,(Working Families),57,AD 51,2025-11-04_22:10:28.313194
ED   27,0.00%,WRITE-IN,&nbsp,-,AD 51,2025-11-04_22:10:28.313194
ED   28,0.00%,Antonio Reynoso,(Democratic),620,AD 51,2025-11-04_22:10:28.313194
ED   28,0.00%,Janine Acquafredda,(Republican),69,AD 51,2025-11-04_22:10:28.313194
ED   28,0.00%,Janine Acquafredda,(Conservative),8,AD 51,2025-11-04_22:10:28.313194
ED   28,0.00%,Antonio Reynoso,(Working Families),311,AD 51,2025-11-04_22:10:28.313194
ED   28,0.00%,WRITE-IN,&nbsp,3,AD 51,2025-11-04_22:10:28.313194
ED   29,0.00%,Antonio Reynoso,(Democratic),248,AD 51,2025-11-04_22:10:28.313194
ED   29,0.00%,Janine Acquafredda,(Republican),39,AD 51,2025-11-04_22:10:28.313194
ED   29,0.00%,Janine Acquafredda,(Conservative),6,AD 51,2025-11-04_22:10:28.313194
ED   29,0.00%,Antonio Reynoso,(Working Families),110,AD 51,2025-11-04_22:10:28.313194
ED   29,0.00%,WRITE-IN,&nbsp,1,AD 51,2025-11-04_22:10:28.313194
ED   30,0.00%,Antonio Reynoso,(Democratic),138,AD 51,2025-11-04_22:10:28.313194
ED   30,0.00%,Janine Acquafredda,(Republican),10,AD 51,2025-11-04_22:10:28.313194
ED   30,0.00%,Janine Acquafredda,(Conservative),3,AD 51,2025-11-04_22:10:28.313194
ED   30,0.00%,Antonio Reynoso,(Working Families),55,AD 51,2025-11-04_22:10:28.313194
ED   30,0.00%,WRITE-IN,&nbsp,-,AD 51,2025-11-04_22:10:28.313194
ED   31,0.00%,Antonio Reynoso,(Democratic),68,AD 51,2025-11-04_22:10:28.313194
ED   31,0.00%,Janine Acquafredda,(Republican),31,AD 51,2025-11-04_22:10:28.313194
ED   31,0.00%,Janine Acquafredda,(Conservative),1,AD 51,2025-11-04_22:10:28.313194
ED   31,0.00%,Antonio Reynoso,(Working Families),27,AD 51,2025-11-04_22:10:28.313194
ED   31,0.00%,WRITE-IN,&nbsp,-,AD 51,2025-11-04_22:10:28.313194
ED   32,0.00%,Antonio Reynoso,(Democratic),97,AD 51,2025-11-04_22:10:28.313194
ED   32,0.00%,Janine Acquafredda,(Republican),20,AD 51,2025-11-04_22:10:28.313194
ED   32,0.00%,Janine Acquafredda,(Conservative),2,AD 51,2025-11-04_22:10:28.313194
ED   32,0.00%,Antonio Reynoso,(Working Families),19,AD 51,2025-11-04_22:10:28.313194
ED   32,0.00%,WRITE-IN,&nbsp,1,AD 51,2025-11-04_22:10:28.313194
ED   33,0.00%,Antonio Reynoso,(Democratic),366,AD 51,2025-11-04_22:10:28.313194
ED   33,0.00%,Janine Acquafredda,(Republican),31,AD 51,2025-11-04_22:10:28.313194
ED   33,0.00%,Janine Acquafredda,(Conservative),5,AD 51,2025-11-04_22:10:28.313194
ED   33,0.00%,Antonio Reynoso,(Working Families),156,AD 51,2025-11-04_22:10:28.313194
ED   33,0.00%,WRITE-IN,&nbsp,7,AD 51,2025-11-04_22:10:28.313194
ED   34,0.00%,Antonio Reynoso,(Democratic),236,AD 51,2025-11-04_22:10:28.313194
ED   34,0.00%,Janine Acquafredda,(Republican),19,AD 51,2025-11-04_22:10:28.313194
ED   34,0.00%,Janine Acquafredda,(Conservative),6,AD 51,2025-11-04_22:10:28.313194
ED   34,0.00%,Antonio Reynoso,(Working Families),41,AD 51,2025-11-04_22:10:28.313194
ED   34,0.00%,WRITE-IN,&nbsp,1,AD 51,2025-11-04_22:10:28.313194
ED   35,0.00%,Antonio Reynoso,(Democratic),178,AD 51,2025-11-04_22:10:28.313194
ED   35,0.00%,Janine Acquafredda,(Republican),19,AD 51,2025-11-04_22:10:28.313194
ED   35,0.00%,Janine Acquafredda,(Conservative),6,AD 51,2025-11-04_22:10:28.313194
ED   35,0.00%,Antonio Reynoso,(Working Families),57,AD 51,2025-11-04_22:10:28.313194
ED   35,0.00%,WRITE-IN,&nbsp,-,AD 51,2025-11-04_22:10:28.313194
ED   36,0.00%,Antonio Reynoso,(Democratic),248,AD 51,2025-11-04_22:10:28.313194
ED   36,0.00%,Janine Acquafredda,(Republican),19,AD 51,2025-11-04_22:10:28.313194
ED   36,0.00%,Janine Acquafredda,(Conservative),12,AD 51,2025-11-04_22:10:28.313194
ED   36,0.00%,Antonio Reynoso,(Working Families),103,AD 51,2025-11-04_22:10:28.313194
ED   36,0.00%,WRITE-IN,&nbsp,1,AD 51,2025-11-04_22:10:28.313194
ED   37,0.00%,Antonio Reynoso,(Democratic),159,AD 51,2025-11-04_22:10:28.313194
ED   37,0.00%,Janine Acquafredda,(Republican),18,AD 51,2025-11-04_22:10:28.313194
ED   37,0.00%,Janine Acquafredda,(Conservative),1,AD 51,2025-11-04_22:10:28.313194
ED   37,0.00%,Antonio Reynoso,(Working Families),23,AD 51,2025-11-04_22:10:28.313194
ED   37,0.00%,WRITE-IN,&nbsp,-,AD 51,2025-11-04_22:10:28.313194
ED   38,0.00%,Antonio Reynoso,(Democratic),195,AD 51,2025-11-04_22:10:28.313194
ED   38,0.00%,Janine Acquafredda,(Republican),15,AD 51,2025-11-04_22:10:28.313194
ED   38,0.00%,Janine Acquafredda,(Conservative),4,AD 51,2025-11-04_22:10:28.313194
ED   38,0.00%,Antonio Reynoso,(Working Families),29,AD 51,2025-11-04_22:10:28.313194
ED   38,0.00%,WRITE-IN,&nbsp,-,AD 51,2025-11-04_22:10:28.313194
ED   39,0.00%,Antonio Reynoso,(Democratic),59,AD 51,2025-11-04_22:10:28.313194
ED   39,0.00%,Janine Acquafredda,(Republican),18,AD 51,2025-11-04_22:10:28.313194
ED   39,0.00%,Janine Acquafredda,(Conservative),4,AD 51,2025-11-04_22:10:28.313194
ED   39,0.00%,Antonio Reynoso,(Working Families),15,AD 51,2025-11-04_22:10:28.313194
ED   39,0.00%,WRITE-IN,&nbsp,-,AD 51,2025-11-04_22:10:28.313194
ED   40,0.00%,Antonio Reynoso,(Democratic),399,AD 51,2025-11-04_22:10:28.313194
ED   40,0.00%,Janine Acquafredda,(Republican),60,AD 51,2025-11-04_22:10:28.313194
ED   40,0.00%,Janine Acquafredda,(Conservative),11,AD 51,2025-11-04_22:10:28.313194
ED   40,0.00%,Antonio Reynoso,(Working Families),199,AD 51,2025-11-04_22:10:28.313194
ED   40,0.00%,WRITE-IN,&nbsp,1,AD 51,2025-11-04_22:10:28.313194
ED   41,0.00%,Antonio Reynoso,(Democratic),346,AD 51,2025-11-04_22:10:28.313194
ED   41,0.00%,Janine Acquafredda,(Republican),39,AD 51,2025-11-04_22:10:28.313194
ED   41,0.00%,Janine Acquafredda,(Conservative),3,AD 51,2025-11-04_22:10:28.313194
ED   41,0.00%,Antonio Reynoso,(Working Families),196,AD 51,2025-11-04_22:10:28.313194
ED   41,0.00%,WRITE-IN,&nbsp,-,AD 51,2025-11-04_22:10:28.313194
ED   42,0.00%,Antonio Reynoso,(Democratic),481,AD 51,2025-11-04_22:10:28.313194
ED   42,0.00%,Janine Acquafredda,(Republican),52,AD 51,2025-11-04_22:10:28.313194
ED   42,0.00%,Janine Acquafredda,(Conservative),9,AD 51,2025-11-04_22:10:28.313194
ED   42,0.00%,Antonio Reynoso,(Working Families),281,AD 51,2025-11-04_22:10:28.313194
ED   42,0.00%,WRITE-IN,&nbsp,-,AD 51,2025-11-04_22:10:28.313194
ED   43,0.00%,Antonio Reynoso,(Democratic),244,AD 51,2025-11-04_22:10:28.313194
ED   43,0.00%,Janine Acquafredda,(Republican),128,AD 51,2025-11-04_22:10:28.313194
ED   43,0.00%,Janine Acquafredda,(Conservative),24,AD 51,2025-11-04_22:10:28.313194
ED   43,0.00%,Antonio Reynoso,(Working Families),65,AD 51,2025-11-04_22:10:28.313194
ED   43,0.00%,WRITE-IN,&nbsp,-,AD 51,2025-11-04_22:10:28.313194
ED   44,0.00%,Antonio Reynoso,(Democratic),389,AD 51,2025-11-04_22:10:28.313194
ED   44,0.00%,Janine Acquafredda,(Republican),88,AD 51,2025-11-04_22:10:28.313194
ED   44,0.00%,Janine Acquafredda,(Conservative),9,AD 51,2025-11-04_22:10:28.313194
ED   44,0.00%,Antonio Reynoso,(Working Families),233,AD 51,2025-11-04_22:10:28.313194
ED   44,0.00%,WRITE-IN,&nbsp,-,AD 51,2025-11-04_22:10:28.313194
ED   45,0.00%,Antonio Reynoso,(Democratic),272,AD 51,2025-11-04_22:10:28.313194
ED   45,0.00%,Janine Acquafredda,(Republican),63,AD 51,2025-11-04_22:10:28.313194
ED   45,0.00%,Janine Acquafredda,(Conservative),9,AD 51,2025-11-04_22:10:28.313194
ED   45,0.00%,Antonio Reynoso,(Working Families),137,AD 51,2025-11-04_22:10:28.313194
ED   45,0.00%,WRITE-IN,&nbsp,4,AD 51,2025-11-04_22:10:28.313194
ED   46,0.00%,Antonio Reynoso,(Democratic),221,AD 51,2025-11-04_22:10:28.313194
ED   46,0.00%,Janine Acquafredda,(Republican),44,AD 51,2025-11-04_22:10:28.313194
ED   46,0.00%,Janine Acquafredda,(Conservative),5,AD 51,2025-11-04_22:10:28.313194
ED   46,0.00%,Antonio Reynoso,(Working Families),58,AD 51,2025-11-04_22:10:28.313194
ED   46,0.00%,WRITE-IN,&nbsp,1,AD 51,2025-11-04_22:10:28.313194
ED   47,0.00%,Antonio Reynoso,(Democratic),266,AD 51,2025-11-04_22:10:28.313194
ED   47,0.00%,Janine Acquafredda,(Republican),68,AD 51,2025-11-04_22:10:28.313194
ED   47,0.00%,Janine Acquafredda,(Conservative),11,AD 51,2025-11-04_22:10:28.313194
ED   47,0.00%,Antonio Reynoso,(Working Families),72,AD 51,2025-11-04_22:10:28.313194
ED   47,0.00%,WRITE-IN,&nbsp,1,AD 51,2025-11-04_22:10:28.313194
ED   48,0.00%,Antonio Reynoso,(Democratic),78,AD 51,2025-11-04_22:10:28.313194
ED   48,0.00%,Janine Acquafredda,(Republican),29,AD 51,2025-11-04_22:10:28.313194
ED   48,0.00%,Janine Acquafredda,(Conservative),6,AD 51,2025-11-04_22:10:28.313194
ED   48,0.00%,Antonio Reynoso,(Working Families),49,AD 51,2025-11-04_22:10:28.313194
ED   48,0.00%,WRITE-IN,&nbsp,1,AD 51,2025-11-04_22:10:28.313194
ED   49,0.00%,Antonio Reynoso,(Democratic),108,AD 51,2025-11-04_22:10:28.313194
ED   49,0.00%,Janine Acquafredda,(Republican),40,AD 51,2025-11-04_22:10:28.313194
ED   49,0.00%,Janine Acquafredda,(Conservative),10,AD 51,2025-11-04_22:10:28.313194
ED   49,0.00%,Antonio Reynoso,(Working Families),33,AD 51,2025-11-04_22:10:28.313194
ED   49,0.00%,WRITE-IN,&nbsp,-,AD 51,2025-11-04_22:10:28.313194
ED   50,0.00%,Antonio Reynoso,(Democratic),157,AD 51,2025-11-04_22:10:28.313194
ED   50,0.00%,Janine Acquafredda,(Republican),55,AD 51,2025-11-04_22:10:28.313194
ED   50,0.00%,Janine Acquafredda,(Conservative),12,AD 51,2025-11-04_22:10:28.313194
ED   50,0.00%,Antonio Reynoso,(Working Families),22,AD 51,2025-11-04_22:10:28.313194
ED   50,0.00%,WRITE-IN,&nbsp,3,AD 51,2025-11-04_22:10:28.313194
ED   51,0.00%,Antonio Reynoso,(Democratic),163,AD 51,2025-11-04_22:10:28.313194
ED   51,0.00%,Janine Acquafredda,(Republican),73,AD 51,2025-11-04_22:10:28.313194
ED   51,0.00%,Janine Acquafredda,(Conservative),12,AD 51,2025-11-04_22:10:28.313194
ED   51,0.00%,Antonio Reynoso,(Working Families),29,AD 51,2025-11-04_22:10:28.313194
ED   51,0.00%,WRITE-IN,&nbsp,3,AD 51,2025-11-04_22:10:28.313194
ED   52,0.00%,Antonio Reynoso,(Democratic),270,AD 51,2025-11-04_22:10:28.313194
ED   52,0.00%,Janine Acquafredda,(Republican),80,AD 51,2025-11-04_22:10:28.313194
ED   52,0.00%,Janine Acquafredda,(Conservative),12,AD 51,2025-11-04_22:10:28.313194
ED   52,0.00%,Antonio Reynoso,(Working Families),91,AD 51,2025-11-04_22:10:28.313194
ED   52,0.00%,WRITE-IN,&nbsp,-,AD 51,2025-11-04_22:10:28.313194
ED   53,0.00%,Antonio Reynoso,(Democratic),230,AD 51,2025-11-04_22:10:28.313194
ED   53,0.00%,Janine Acquafredda,(Republican),132,AD 51,2025-11-04_22:10:28.313194
ED   53,0.00%,Janine Acquafredda,(Conservative),25,AD 51,2025-11-04_22:10:28.313194
ED   53,0.00%,Antonio Reynoso,(Working Families),30,AD 51,2025-11-04_22:10:28.313194
ED   53,0.00%,WRITE-IN,&nbsp,4,AD 51,2025-11-04_22:10:28.313194
ED   54,0.00%,Antonio Reynoso,(Democratic),-,AD 51,2025-11-04_22:10:28.313194
ED   54,0.00%,Janine Acquafredda,(Republican),-,AD 51,2025-11-04_22:10:28.313194
ED   54,0.00%,Janine Acquafredda,(Conservative),-,AD 51,2025-11-04_22:10:28.313194
ED   54,0.00%,Antonio Reynoso,(Working Families),-,AD 51,2025-11-04_22:10:28.313194
ED   54,0.00%,WRITE-IN,&nbsp,-,AD 51,2025-11-04_22:10:28.313194
Total,,Antonio Reynoso,(Democratic),13197,AD 51,2025-11-04_22:10:28.313194
Total,,Janine Acquafredda,(Republican),2860,AD 51,2025-11-04_22:10:28.313194
Total,,Janine Acquafredda,(Conservative),417,AD 51,2025-11-04_22:10:28.313194
Total,,Antonio Reynoso,(Working Families),5138,AD 51,2025-11-04_22:10:28.313194
Total,,WRITE-IN,&nbsp,55,AD 51,2025-11-04_22:10:28.313194
ED    1,0.00%,Antonio Reynoso,(Democratic),86,AD 52,2025-11-04_22:10:28.313194
ED    1,0.00%,Janine Acquafredda,(Republican),44,AD 52,2025-11-04_22:10:28.313194
ED    1,0.00%,Janine Acquafredda,(Conservative),5,AD 52,2025-11-04_22:10:28.313194
ED    1,0.00%,Antonio Reynoso,(Working Families),8,AD 52,2025-11-04_22:10:28.313194
ED    1,0.00%,WRITE-IN,&nbsp,2,AD 52,2025-11-04_22:10:28.313194
ED    2,0.00%,Antonio Reynoso,(Democratic),440,AD 52,2025-11-04_22:10:28.313194
ED    2,0.00%,Janine Acquafredda,(Republican),24,AD 52,2025-11-04_22:10:28.313194
ED    2,0.00%,Janine Acquafredda,(Conservative),6,AD 52,2025-11-04_22:10:28.313194
ED    2,0.00%,Antonio Reynoso,(Working Families),113,AD 52,2025-11-04_22:10:28.313194
ED    2,0.00%,WRITE-IN,&nbsp,1,AD 52,2025-11-04_22:10:28.313194
ED    3,0.00%,Antonio Reynoso,(Democratic),84,AD 52,2025-11-04_22:10:28.313194
ED    3,0.00%,Janine Acquafredda,(Republican),7,AD 52,2025-11-04_22:10:28.313194
ED    3,0.00%,Janine Acquafredda,(Conservative),1,AD 52,2025-11-04_22:10:28.313194
ED    3,0.00%,Antonio Reynoso,(Working Families),32,AD 52,2025-11-04_22:10:28.313194
ED    3,0.00%,WRITE-IN,&nbsp,-,AD 52,2025-11-04_22:10:28.313194
ED    4,0.00%,Antonio Reynoso,(Democratic),1,AD 52,2025-11-04_22:10:28.313194
ED    4,0.00%,Janine Acquafredda,(Republican),-,AD 52,2025-11-04_22:10:28.313194
ED    4,0.00%,Janine Acquafredda,(Conservative),-,AD 52,2025-11-04_22:10:28.313194
ED    4,0.00%,Antonio Reynoso,(Working Families),1,AD 52,2025-11-04_22:10:28.313194
ED    4,0.00%,WRITE-IN,&nbsp,-,AD 52,2025-11-04_22:10:28.313194
ED    5,0.00%,Antonio Reynoso,(Democratic),339,AD 52,2025-11-04_22:10:28.313194
ED    5,0.00%,Janine Acquafredda,(Republican),56,AD 52,2025-11-04_22:10:28.313194
ED    5,0.00%,Janine Acquafredda,(Conservative),4,AD 52,2025-11-04_22:10:28.313194
ED    5,0.00%,Antonio Reynoso,(Working Families),91,AD 52,2025-11-04_22:10:28.313194
ED    5,0.00%,WRITE-IN,&nbsp,-,AD 52,2025-11-04_22:10:28.313194
ED    6,0.00%,Antonio Reynoso,(Democratic),601,AD 52,2025-11-04_22:10:28.313194
ED    6,0.00%,Janine Acquafredda,(Republican),158,AD 52,2025-11-04_22:10:28.313194
ED    6,0.00%,Janine Acquafredda,(Conservative),15,AD 52,2025-11-04_22:10:28.313194
ED    6,0.00%,Antonio Reynoso,(Working Families),87,AD 52,2025-11-04_22:10:28.313194
ED    6,0.00%,WRITE-IN,&nbsp,-,AD 52,2025-11-04_22:10:28.313194
ED    7,0.00%,Antonio Reynoso,(Democratic),469,AD 52,2025-11-04_22:10:28.313194
ED    7,0.00%,Janine Acquafredda,(Republican),99,AD 52,2025-11-04_22:10:28.313194
ED    7,0.00%,Janine Acquafredda,(Conservative),13,AD 52,2025-11-04_22:10:28.313194
ED    7,0.00%,Antonio Reynoso,(Working Families),69,AD 52,2025-11-04_22:10:28.313194
ED    7,0.00%,WRITE-IN,&nbsp,-,AD 52,2025-11-04_22:10:28.313194
ED    8,0.00%,Antonio Reynoso,(Democratic),440,AD 52,2025-11-04_22:10:28.313194
ED    8,0.00%,Janine Acquafredda,(Republican),80,AD 52,2025-11-04_22:10:28.313194
ED    8,0.00%,Janine Acquafredda,(Conservative),9,AD 52,2025-11-04_22:10:28.313194
ED    8,0.00%,Antonio Reynoso,(Working Families),60,AD 52,2025-11-04_22:10:28.313194
ED    8,0.00%,WRITE-IN,&nbsp,2,AD 52,2025-11-04_22:10:28.313194
ED    9,0.00%,Antonio Reynoso,(Democratic),456,AD 52,2025-11-04_22:10:28.313194
ED    9,0.00%,Janine Acquafredda,(Republican),92,AD 52,2025-11-04_22:10:28.313194
ED    9,0.00%,Janine Acquafredda,(Conservative),12,AD 52,2025-11-04_22:10:28.313194
ED    9,0.00%,Antonio Reynoso,(Working Families),107,AD 52,2025-11-04_22:10:28.313194
ED    9,0.00%,WRITE-IN,&nbsp,-,AD 52,2025-11-04_22:10:28.313194
ED   10,0.00%,Antonio Reynoso,(Democratic),584,AD 52,2025-11-04_22:10:28.313194
ED   10,0.00%,Janine Acquafredda,(Republican),85,AD 52,2025-11-04_22:10:28.313194
ED   10,0.00%,Janine Acquafredda,(Conservative),20,AD 52,2025-11-04_22:10:28.313194
ED   10,0.00%,Antonio Reynoso,(Working Families),179,AD 52,2025-11-04_22:10:28.313194
ED   10,0.00%,WRITE-IN,&nbsp,3,AD 52,2025-11-04_22:10:28.313194
ED   11,0.00%,Antonio Reynoso,(Democratic),577,AD 52,2025-11-04_22:10:28.313194
ED   11,0.00%,Janine Acquafredda,(Republican),54,AD 52,2025-11-04_22:10:28.313194
ED   11,0.00%,Janine Acquafredda,(Conservative),7,AD 52,2025-11-04_22:10:28.313194
ED   11,0.00%,Antonio Reynoso,(Working Families),132,AD 52,2025-11-04_22:10:28.313194
ED   11,0.00%,WRITE-IN,&nbsp,3,AD 52,2025-11-04_22:10:28.313194
ED   12,0.00%,Antonio Reynoso,(Democratic),503,AD 52,2025-11-04_22:10:28.313194
ED   12,0.00%,Janine Acquafredda,(Republican),47,AD 52,2025-11-04_22:10:28.313194
ED   12,0.00%,Janine Acquafredda,(Conservative),15,AD 52,2025-11-04_22:10:28.313194
ED   12,0.00%,Antonio Reynoso,(Working Families),134,AD 52,2025-11-04_22:10:28.313194
ED   12,0.00%,WRITE-IN,&nbsp,-,AD 52,2025-11-04_22:10:28.313194
ED   13,0.00%,Antonio Reynoso,(Democratic),43,AD 52,2025-11-04_22:10:28.313194
ED   13,0.00%,Janine Acquafredda,(Republican),7,AD 52,2025-11-04_22:10:28.313194
ED   13,0.00%,Janine Acquafredda,(Conservative),4,AD 52,2025-11-04_22:10:28.313194
ED   13,0.00%,Antonio Reynoso,(Working Families),16,AD 52,2025-11-04_22:10:28.313194
ED   13,0.00%,WRITE-IN,&nbsp,-,AD 52,2025-11-04_22:10:28.313194
ED   14,0.00%,Antonio Reynoso,(Democratic),453,AD 52,2025-11-04_22:10:28.313194
ED   14,0.00%,Janine Acquafredda,(Republican),79,AD 52,2025-11-04_22:10:28.313194
ED   14,0.00%,Janine Acquafredda,(Conservative),12,AD 52,2025-11-04_22:10:28.313194
ED   14,0.00%,Antonio Reynoso,(Working Families),113,AD 52,2025-11-04_22:10:28.313194
ED   14,0.00%,WRITE-IN,&nbsp,1,AD 52,2025-11-04_22:10:28.313194
ED   15,0.00%,Antonio Reynoso,(Democratic),459,AD 52,2025-11-04_22:10:28.313194
ED   15,0.00%,Janine Acquafredda,(Republican),62,AD 52,2025-11-04_22:10:28.313194
ED   15,0.00%,Janine Acquafredda,(Conservative),6,AD 52,2025-11-04_22:10:28.313194
ED   15,0.00%,Antonio Reynoso,(Working Families),106,AD 52,2025-11-04_22:10:28.313194
ED   15,0.00%,WRITE-IN,&nbsp,1,AD 52,2025-11-04_22:10:28.313194
ED   16,0.00%,Antonio Reynoso,(Democratic),686,AD 52,2025-11-04_22:10:28.313194
ED   16,0.00%,Janine Acquafredda,(Republican),133,AD 52,2025-11-04_22:10:28.313194
ED   16,0.00%,Janine Acquafredda,(Conservative),12,AD 52,2025-11-04_22:10:28.313194
ED   16,0.00%,Antonio Reynoso,(Working Families),120,AD 52,2025-11-04_22:10:28.313194
ED   16,0.00%,WRITE-IN,&nbsp,-,AD 52,2025-11-04_22:10:28.313194
ED   17,0.00%,Antonio Reynoso,(Democratic),634,AD 52,2025-11-04_22:10:28.313194
ED   17,0.00%,Janine Acquafredda,(Republican),89,AD 52,2025-11-04_22:10:28.313194
ED   17,0.00%,Janine Acquafredda,(Conservative),22,AD 52,2025-11-04_22:10:28.313194
ED   17,0.00%,Antonio Reynoso,(Working Families),116,AD 52,2025-11-04_22:10:28.313194
ED   17,0.00%,WRITE-IN,&nbsp,2,AD 52,2025-11-04_22:10:28.313194
ED   18,0.00%,Antonio Reynoso,(Democratic),556,AD 52,2025-11-04_22:10:28.313194
ED   18,0.00%,Janine Acquafredda,(Republican),95,AD 52,2025-11-04_22:10:28.313194
ED   18,0.00%,Janine Acquafredda,(Conservative),13,AD 52,2025-11-04_22:10:28.313194
ED   18,0.00%,Antonio Reynoso,(Working Families),118,AD 52,2025-11-04_22:10:28.313194
ED   18,0.00%,WRITE-IN,&nbsp,-,AD 52,2025-11-04_22:10:28.313194
ED   19,0.00%,Antonio Reynoso,(Democratic),328,AD 52,2025-11-04_22:10:28.313194
ED   19,0.00%,Janine Acquafredda,(Republican),39,AD 52,2025-11-04_22:10:28.313194
ED   19,0.00%,Janine Acquafredda,(Conservative),4,AD 52,2025-11-04_22:10:28.313194
ED   19,0.00%,Antonio Reynoso,(Working Families),105,AD 52,2025-11-04_22:10:28.313194
ED   19,0.00%,WRITE-IN,&nbsp,2,AD 52,2025-11-04_22:10:28.313194
ED   20,0.00%,Antonio Reynoso,(Democratic),588,AD 52,2025-11-04_22:10:28.313194
ED   20,0.00%,Janine Acquafredda,(Republican),86,AD 52,2025-11-04_22:10:28.313194
ED   20,0.00%,Janine Acquafredda,(Conservative),9,AD 52,2025-11-04_22:10:28.313194
ED   20,0.00%,Antonio Reynoso,(Working Families),120,AD 52,2025-11-04_22:10:28.313194
ED   20,0.00%,WRITE-IN,&nbsp,1,AD 52,2025-11-04_22:10:28.313194
ED   21,0.00%,Antonio Reynoso,(Democratic),689,AD 52,2025-11-04_22:10:28.313194
ED   21,0.00%,Janine Acquafredda,(Republican),98,AD 52,2025-11-04_22:10:28.313194
ED   21,0.00%,Janine Acquafredda,(Conservative),16,AD 52,2025-11-04_22:10:28.313194
ED   21,0.00%,Antonio Reynoso,(Working Families),146,AD 52,2025-11-04_22:10:28.313194
ED   21,0.00%,WRITE-IN,&nbsp,2,AD 52,2025-11-04_22:10:28.313194
ED   22,0.00%,Antonio Reynoso,(Democratic),664,AD 52,2025-11-04_22:10:28.313194
ED   22,0.00%,Janine Acquafredda,(Republican),100,AD 52,2025-11-04_22:10:28.313194
ED   22,0.00%,Janine Acquafredda,(Conservative),12,AD 52,2025-11-04_22:10:28.313194
ED   22,0.00%,Antonio Reynoso,(Working Families),160,AD 52,2025-11-04_22:10:28.313194
ED   22,0.00%,WRITE-IN,&nbsp,1,AD 52,2025-11-04_22:10:28.313194
ED   23,0.00%,Antonio Reynoso,(Democratic),517,AD 52,2025-11-04_22:10:28.313194
ED   23,0.00%,Janine Acquafredda,(Republican),85,AD 52,2025-11-04_22:10:28.313194
ED   23,0.00%,Janine Acquafredda,(Conservative),5,AD 52,2025-11-04_22:10:28.313194
ED   23,0.00%,Antonio Reynoso,(Working Families),136,AD 52,2025-11-04_22:10:28.313194
ED   23,0.00%,WRITE-IN,&nbsp,4,AD 52,2025-11-04_22:10:28.313194
ED   24,0.00%,Antonio Reynoso,(Democratic),585,AD 52,2025-11-04_22:10:28.313194
ED   24,0.00%,Janine Acquafredda,(Republican),121,AD 52,2025-11-04_22:10:28.313194
ED   24,0.00%,Janine Acquafredda,(Conservative),12,AD 52,2025-11-04_22:10:28.313194
ED   24,0.00%,Antonio Reynoso,(Working Families),112,AD 52,2025-11-04_22:10:28.313194
ED   24,0.00%,WRITE-IN,&nbsp,1,AD 52,2025-11-04_22:10:28.313194
ED   25,0.00%,Antonio Reynoso,(Democratic),635,AD 52,2025-11-04_22:10:28.313194
ED   25,0.00%,Janine Acquafredda,(Republican),74,AD 52,2025-11-04_22:10:28.313194
ED   25,0.00%,Janine Acquafredda,(Conservative),15,AD 52,2025-11-04_22:10:28.313194
ED   25,0.00%,Antonio Reynoso,(Working Families),166,AD 52,2025-11-04_22:10:28.313194
ED   25,0.00%,WRITE-IN,&nbsp,1,AD 52,2025-11-04_22:10:28.313194
ED   26,0.00%,Antonio Reynoso,(Democratic),482,AD 52,2025-11-04_22:10:28.313194
ED   26,0.00%,Janine Acquafredda,(Republican),65,AD 52,2025-11-04_22:10:28.313194
ED   26,0.00%,Janine Acquafredda,(Conservative),15,AD 52,2025-11-04_22:10:28.313194
ED   26,0.00%,Antonio Reynoso,(Working Families),121,AD 52,2025-11-04_22:10:28.313194
ED   26,0.00%,WRITE-IN,&nbsp,-,AD 52,2025-11-04_22:10:28.313194
ED   27,0.00%,Antonio Reynoso,(Democratic),184,AD 52,2025-11-04_22:10:28.313194
ED   27,0.00%,Janine Acquafredda,(Republican),12,AD 52,2025-11-04_22:10:28.313194
ED   27,0.00%,Janine Acquafredda,(Conservative),1,AD 52,2025-11-04_22:10:28.313194
ED   27,0.00%,Antonio Reynoso,(Working Families),55,AD 52,2025-11-04_22:10:28.313194
ED   27,0.00%,WRITE-IN,&nbsp,-,AD 52,2025-11-04_22:10:28.313194
ED   28,0.00%,Antonio Reynoso,(Democratic),419,AD 52,2025-11-04_22:10:28.313194
ED   28,0.00%,Janine Acquafredda,(Republican),46,AD 52,2025-11-04_22:10:28.313194
ED   28,0.00%,Janine Acquafredda,(Conservative),4,AD 52,2025-11-04_22:10:28.313194
ED   28,0.00%,Antonio Reynoso,(Working Families),125,AD 52,2025-11-04_22:10:28.313194
ED   28,0.00%,WRITE-IN,&nbsp,1,AD 52,2025-11-04_22:10:28.313194
ED   29,0.00%,Antonio Reynoso,(Democratic),554,AD 52,2025-11-04_22:10:28.313194
ED   29,0.00%,Janine Acquafredda,(Republican),41,AD 52,2025-11-04_22:10:28.313194
ED   29,0.00%,Janine Acquafredda,(Conservative),13,AD 52,2025-11-04_22:10:28.313194
ED   29,0.00%,Antonio Reynoso,(Working Families),156,AD 52,2025-11-04_22:10:28.313194
ED   29,0.00%,WRITE-IN,&nbsp,2,AD 52,2025-11-04_22:10:28.313194
ED   30,0.00%,Antonio Reynoso,(Democratic),486,AD 52,2025-11-04_22:10:28.313194
ED   30,0.00%,Janine Acquafredda,(Republican),53,AD 52,2025-11-04_22:10:28.313194
ED   30,0.00%,Janine Acquafredda,(Conservative),9,AD 52,2025-11-04_22:10:28.313194
ED   30,0.00%,Antonio Reynoso,(Working Families),117,AD 52,2025-11-04_22:10:28.313194
ED   30,0.00%,WRITE-IN,&nbsp,-,AD 52,2025-11-04_22:10:28.313194
ED   31,0.00%,Antonio Reynoso,(Democratic),406,AD 52,2025-11-04_22:10:28.313194
ED   31,0.00%,Janine Acquafredda,(Republican),41,AD 52,2025-11-04_22:10:28.313194
ED   31,0.00%,Janine Acquafredda,(Conservative),13,AD 52,2025-11-04_22:10:28.313194
ED   31,0.00%,Antonio Reynoso,(Working Families),103,AD 52,2025-11-04_22:10:28.313194
ED   31,0.00%,WRITE-IN,&nbsp,3,AD 52,2025-11-04_22:10:28.313194
ED   32,0.00%,Antonio Reynoso,(Democratic),486,AD 52,2025-11-04_22:10:28.313194
ED   32,0.00%,Janine Acquafredda,(Republican),64,AD 52,2025-11-04_22:10:28.313194
ED   32,0.00%,Janine Acquafredda,(Conservative),10,AD 52,2025-11-04_22:10:28.313194
ED   32,0.00%,Antonio Reynoso,(Working Families),108,AD 52,2025-11-04_22:10:28.313194
ED   32,0.00%,WRITE-IN,&nbsp,2,AD 52,2025-11-04_22:10:28.313194
ED   33,0.00%,Antonio Reynoso,(Democratic),180,AD 52,2025-11-04_22:10:28.313194
ED   33,0.00%,Janine Acquafredda,(Republican),19,AD 52,2025-11-04_22:10:28.313194
ED   33,0.00%,Janine Acquafredda,(Conservative),1,AD 52,2025-11-04_22:10:28.313194
ED   33,0.00%,Antonio Reynoso,(Working Families),53,AD 52,2025-11-04_22:10:28.313194
ED   33,0.00%,WRITE-IN,&nbsp,2,AD 52,2025-11-04_22:10:28.313194
ED   34,0.00%,Antonio Reynoso,(Democratic),395,AD 52,2025-11-04_22:10:28.313194
ED   34,0.00%,Janine Acquafredda,(Republican),55,AD 52,2025-11-04_22:10:28.313194
ED   34,0.00%,Janine Acquafredda,(Conservative),12,AD 52,2025-11-04_22:10:28.313194
ED   34,0.00%,Antonio Reynoso,(Working Families),103,AD 52,2025-11-04_22:10:28.313194
ED   34,0.00%,WRITE-IN,&nbsp,3,AD 52,2025-11-04_22:10:28.313194
ED   35,0.00%,Antonio Reynoso,(Democratic),333,AD 52,2025-11-04_22:10:28.313194
ED   35,0.00%,Janine Acquafredda,(Republican),50,AD 52,2025-11-04_22:10:28.313194
ED   35,0.00%,Janine Acquafredda,(Conservative),8,AD 52,2025-11-04_22:10:28.313194
ED   35,0.00%,Antonio Reynoso,(Working Families),124,AD 52,2025-11-04_22:10:28.313194
ED   35,0.00%,WRITE-IN,&nbsp,-,AD 52,2025-11-04_22:10:28.313194
ED   36,0.00%,Antonio Reynoso,(Democratic),582,AD 52,2025-11-04_22:10:28.313194
ED   36,0.00%,Janine Acquafredda,(Republican),62,AD 52,2025-11-04_22:10:28.313194
ED   36,0.00%,Janine Acquafredda,(Conservative),8,AD 52,2025-11-04_22:10:28.313194
ED   36,0.00%,Antonio Reynoso,(Working Families),127,AD 52,2025-11-04_22:10:28.313194
ED   36,0.00%,WRITE-IN,&nbsp,2,AD 52,2025-11-04_22:10:28.313194
ED   37,0.00%,Antonio Reynoso,(Democratic),432,AD 52,2025-11-04_22:10:28.313194
ED   37,0.00%,Janine Acquafredda,(Republican),40,AD 52,2025-11-04_22:10:28.313194
ED   37,0.00%,Janine Acquafredda,(Conservative),3,AD 52,2025-11-04_22:10:28.313194
ED   37,0.00%,Antonio Reynoso,(Working Families),125,AD 52,2025-11-04_22:10:28.313194
ED   37,0.00%,WRITE-IN,&nbsp,1,AD 52,2025-11-04_22:10:28.313194
ED   38,0.00%,Antonio Reynoso,(Democratic),253,AD 52,2025-11-04_22:10:28.313194
ED   38,0.00%,Janine Acquafredda,(Republican),17,AD 52,2025-11-04_22:10:28.313194
ED   38,0.00%,Janine Acquafredda,(Conservative),2,AD 52,2025-11-04_22:10:28.313194
ED   38,0.00%,Antonio Reynoso,(Working Families),66,AD 52,2025-11-04_22:10:28.313194
ED   38,0.00%,WRITE-IN,&nbsp,-,AD 52,2025-11-04_22:10:28.313194
ED   39,0.00%,Antonio Reynoso,(Democratic),517,AD 52,2025-11-04_22:10:28.313194
ED   39,0.00%,Janine Acquafredda,(Republican),66,AD 52,2025-11-04_22:10:28.313194
ED   39,0.00%,Janine Acquafredda,(Conservative),11,AD 52,2025-11-04_22:10:28.313194
ED   39,0.00%,Antonio Reynoso,(Working Families),151,AD 52,2025-11-04_22:10:28.313194
ED   39,0.00%,WRITE-IN,&nbsp,1,AD 52,2025-11-04_22:10:28.313194
ED   40,0.00%,Antonio Reynoso,(Democratic),513,AD 52,2025-11-04_22:10:28.313194
ED   40,0.00%,Janine Acquafredda,(Republican),32,AD 52,2025-11-04_22:10:28.313194
ED   40,0.00%,Janine Acquafredda,(Conservative),9,AD 52,2025-11-04_22:10:28.313194
ED   40,0.00%,Antonio Reynoso,(Working Families),174,AD 52,2025-11-04_22:10:28.313194
ED   40,0.00%,WRITE-IN,&nbsp,2,AD 52,2025-11-04_22:10:28.313194
ED   41,0.00%,Antonio Reynoso,(Democratic),463,AD 52,2025-11-04_22:10:28.313194
ED   41,0.00%,Janine Acquafredda,(Republican),38,AD 52,2025-11-04_22:10:28.313194
ED   41,0.00%,Janine Acquafredda,(Conservative),4,AD 52,2025-11-04_22:10:28.313194
ED   41,0.00%,Antonio Reynoso,(Working Families),163,AD 52,2025-11-04_22:10:28.313194
ED   41,0.00%,WRITE-IN,&nbsp,3,AD 52,2025-11-04_22:10:28.313194
ED   42,0.00%,Antonio Reynoso,(Democratic),672,AD 52,2025-11-04_22:10:28.313194
ED   42,0.00%,Janine Acquafredda,(Republican),55,AD 52,2025-11-04_22:10:28.313194
ED   42,0.00%,Janine Acquafredda,(Conservative),5,AD 52,2025-11-04_22:10:28.313194
ED   42,0.00%,Antonio Reynoso,(Working Families),169,AD 52,2025-11-04_22:10:28.313194
ED   42,0.00%,WRITE-IN,&nbsp,2,AD 52,2025-11-04_22:10:28.313194
ED   43,0.00%,Antonio Reynoso,(Democratic),124,AD 52,2025-11-04_22:10:28.313194
ED   43,0.00%,Janine Acquafredda,(Republican),23,AD 52,2025-11-04_22:10:28.313194
ED   43,0.00%,Janine Acquafredda,(Conservative),1,AD 52,2025-11-04_22:10:28.313194
ED   43,0.00%,Antonio Reynoso,(Working Families),50,AD 52,2025-11-04_22:10:28.313194
ED   43,0.00%,WRITE-IN,&nbsp,-,AD 52,2025-11-04_22:10:28.313194
ED   44,0.00%,Antonio Reynoso,(Democratic),123,AD 52,2025-11-04_22:10:28.313194
ED   44,0.00%,Janine Acquafredda,(Republican),23,AD 52,2025-11-04_22:10:28.313194
ED   44,0.00%,Janine Acquafredda,(Conservative),4,AD 52,2025-11-04_22:10:28.313194
ED   44,0.00%,Antonio Reynoso,(Working Families),58,AD 52,2025-11-04_22:10:28.313194
ED   44,0.00%,WRITE-IN,&nbsp,-,AD 52,2025-11-04_22:10:28.313194
ED   45,0.00%,Antonio Reynoso,(Democratic),483,AD 52,2025-11-04_22:10:28.313194
ED   45,0.00%,Janine Acquafredda,(Republican),58,AD 52,2025-11-04_22:10:28.313194
ED   45,0.00%,Janine Acquafredda,(Conservative),7,AD 52,2025-11-04_22:10:28.313194
ED   45,0.00%,Antonio Reynoso,(Working Families),148,AD 52,2025-11-04_22:10:28.313194
ED   45,0.00%,WRITE-IN,&nbsp,-,AD 52,2025-11-04_22:10:28.313194
ED   46,0.00%,Antonio Reynoso,(Democratic),510,AD 52,2025-11-04_22:10:28.313194
ED   46,0.00%,Janine Acquafredda,(Republican),61,AD 52,2025-11-04_22:10:28.313194
ED   46,0.00%,Janine Acquafredda,(Conservative),11,AD 52,2025-11-04_22:10:28.313194
ED   46,0.00%,Antonio Reynoso,(Working Families),123,AD 52,2025-11-04_22:10:28.313194
ED   46,0.00%,WRITE-IN,&nbsp,2,AD 52,2025-11-04_22:10:28.313194
ED   47,0.00%,Antonio Reynoso,(Democratic),514,AD 52,2025-11-04_22:10:28.313194
ED   47,0.00%,Janine Acquafredda,(Republican),65,AD 52,2025-11-04_22:10:28.313194
ED   47,0.00%,Janine Acquafredda,(Conservative),13,AD 52,2025-11-04_22:10:28.313194
ED   47,0.00%,Antonio Reynoso,(Working Families),171,AD 52,2025-11-04_22:10:28.313194
ED   47,0.00%,WRITE-IN,&nbsp,1,AD 52,2025-11-04_22:10:28.313194
ED   48,0.00%,Antonio Reynoso,(Democratic),182,AD 52,2025-11-04_22:10:28.313194
ED   48,0.00%,Janine Acquafredda,(Republican),26,AD 52,2025-11-04_22:10:28.313194
ED   48,0.00%,Janine Acquafredda,(Conservative),1,AD 52,2025-11-04_22:10:28.313194
ED   48,0.00%,Antonio Reynoso,(Working Families),72,AD 52,2025-11-04_22:10:28.313194
ED   48,0.00%,WRITE-IN,&nbsp,1,AD 52,2025-11-04_22:10:28.313194
ED   49,0.00%,Antonio Reynoso,(Democratic),532,AD 52,2025-11-04_22:10:28.313194
ED   49,0.00%,Janine Acquafredda,(Republican),109,AD 52,2025-11-04_22:10:28.313194
ED   49,0.00%,Janine Acquafredda,(Conservative),14,AD 52,2025-11-04_22:10:28.313194
ED   49,0.00%,Antonio Reynoso,(Working Families),188,AD 52,2025-11-04_22:10:28.313194
ED   49,0.00%,WRITE-IN,&nbsp,1,AD 52,2025-11-04_22:10:28.313194
ED   50,0.00%,Antonio Reynoso,(Democratic),551,AD 52,2025-11-04_22:10:28.313194
ED   50,0.00%,Janine Acquafredda,(Republican),118,AD 52,2025-11-04_22:10:28.313194
ED   50,0.00%,Janine Acquafredda,(Conservative),16,AD 52,2025-11-04_22:10:28.313194
ED   50,0.00%,Antonio Reynoso,(Working Families),211,AD 52,2025-11-04_22:10:28.313194
ED   50,0.00%,WRITE-IN,&nbsp,-,AD 52,2025-11-04_22:10:28.313194
ED   51,0.00%,Antonio Reynoso,(Democratic),76,AD 52,2025-11-04_22:10:28.313194
ED   51,0.00%,Janine Acquafredda,(Republican),11,AD 52,2025-11-04_22:10:28.313194
ED   51,0.00%,Janine Acquafredda,(Conservative),2,AD 52,2025-11-04_22:10:28.313194
ED   51,0.00%,Antonio Reynoso,(Working Families),26,AD 52,2025-11-04_22:10:28.313194
ED   51,0.00%,WRITE-IN,&nbsp,1,AD 52,2025-11-04_22:10:28.313194
ED   52,0.00%,Antonio Reynoso,(Democratic),174,AD 52,2025-11-04_22:10:28.313194
ED   52,0.00%,Janine Acquafredda,(Republican),22,AD 52,2025-11-04_22:10:28.313194
ED   52,0.00%,Janine Acquafredda,(Conservative),-,AD 52,2025-11-04_22:10:28.313194
ED   52,0.00%,Antonio Reynoso,(Working Families),101,AD 52,2025-11-04_22:10:28.313194
ED   52,0.00%,WRITE-IN,&nbsp,-,AD 52,2025-11-04_22:10:28.313194
ED   53,0.00%,Antonio Reynoso,(Democratic),304,AD 52,2025-11-04_22:10:28.313194
ED   53,0.00%,Janine Acquafredda,(Republican),22,AD 52,2025-11-04_22:10:28.313194
ED   53,0.00%,Janine Acquafredda,(Conservative),4,AD 52,2025-11-04_22:10:28.313194
ED   53,0.00%,Antonio Reynoso,(Working Families),122,AD 52,2025-11-04_22:10:28.313194
ED   53,0.00%,WRITE-IN,&nbsp,2,AD 52,2025-11-04_22:10:28.313194
ED   54,0.00%,Antonio Reynoso,(Democratic),471,AD 52,2025-11-04_22:10:28.313194
ED   54,0.00%,Janine Acquafredda,(Republican),63,AD 52,2025-11-04_22:10:28.313194
ED   54,0.00%,Janine Acquafredda,(Conservative),12,AD 52,2025-11-04_22:10:28.313194
ED   54,0.00%,Antonio Reynoso,(Working Families),169,AD 52,2025-11-04_22:10:28.313194
ED   54,0.00%,WRITE-IN,&nbsp,2,AD 52,2025-11-04_22:10:28.313194
ED   55,0.00%,Antonio Reynoso,(Democratic),185,AD 52,2025-11-04_22:10:28.313194
ED   55,0.00%,Janine Acquafredda,(Republican),8,AD 52,2025-11-04_22:10:28.313194
ED   55,0.00%,Janine Acquafredda,(Conservative),3,AD 52,2025-11-04_22:10:28.313194
ED   55,0.00%,Antonio Reynoso,(Working Families),35,AD 52,2025-11-04_22:10:28.313194
ED   55,0.00%,WRITE-IN,&nbsp,1,AD 52,2025-11-04_22:10:28.313194
ED   56,0.00%,Antonio Reynoso,(Democratic),136,AD 52,2025-11-04_22:10:28.313194
ED   56,0.00%,Janine Acquafredda,(Republican),11,AD 52,2025-11-04_22:10:28.313194
ED   56,0.00%,Janine Acquafredda,(Conservative),4,AD 52,2025-11-04_22:10:28.313194
ED   56,0.00%,Antonio Reynoso,(Working Families),20,AD 52,2025-11-04_22:10:28.313194
ED   56,0.00%,WRITE-IN,&nbsp,-,AD 52,2025-11-04_22:10:28.313194
ED   57,0.00%,Antonio Reynoso,(Democratic),411,AD 52,2025-11-04_22:10:28.313194
ED   57,0.00%,Janine Acquafredda,(Republican),22,AD 52,2025-11-04_22:10:28.313194
ED   57,0.00%,Janine Acquafredda,(Conservative),4,AD 52,2025-11-04_22:10:28.313194
ED   57,0.00%,Antonio Reynoso,(Working Families),146,AD 52,2025-11-04_22:10:28.313194
ED   57,0.00%,WRITE-IN,&nbsp,-,AD 52,2025-11-04_22:10:28.313194
ED   58,0.00%,Antonio Reynoso,(Democratic),218,AD 52,2025-11-04_22:10:28.313194
ED   58,0.00%,Janine Acquafredda,(Republican),12,AD 52,2025-11-04_22:10:28.313194
ED   58,0.00%,Janine Acquafredda,(Conservative),4,AD 52,2025-11-04_22:10:28.313194
ED   58,0.00%,Antonio Reynoso,(Working Families),85,AD 52,2025-11-04_22:10:28.313194
ED   58,0.00%,WRITE-IN,&nbsp,-,AD 52,2025-11-04_22:10:28.313194
ED   59,0.00%,Antonio Reynoso,(Democratic),314,AD 52,2025-11-04_22:10:28.313194
ED   59,0.00%,Janine Acquafredda,(Republican),36,AD 52,2025-11-04_22:10:28.313194
ED   59,0.00%,Janine Acquafredda,(Conservative),6,AD 52,2025-11-04_22:10:28.313194
ED   59,0.00%,Antonio Reynoso,(Working Families),90,AD 52,2025-11-04_22:10:28.313194
ED   59,0.00%,WRITE-IN,&nbsp,1,AD 52,2025-11-04_22:10:28.313194
ED   60,0.00%,Antonio Reynoso,(Democratic),479,AD 52,2025-11-04_22:10:28.313194
ED   60,0.00%,Janine Acquafredda,(Republican),46,AD 52,2025-11-04_22:10:28.313194
ED   60,0.00%,Janine Acquafredda,(Conservative),6,AD 52,2025-11-04_22:10:28.313194
ED   60,0.00%,Antonio Reynoso,(Working Families),158,AD 52,2025-11-04_22:10:28.313194
ED   60,0.00%,WRITE-IN,&nbsp,1,AD 52,2025-11-04_22:10:28.313194
ED   61,0.00%,Antonio Reynoso,(Democratic),567,AD 52,2025-11-04_22:10:28.313194
ED   61,0.00%,Janine Acquafredda,(Republican),85,AD 52,2025-11-04_22:10:28.313194
ED   61,0.00%,Janine Acquafredda,(Conservative),8,AD 52,2025-11-04_22:10:28.313194
ED   61,0.00%,Antonio Reynoso,(Working Families),160,AD 52,2025-11-04_22:10:28.313194
ED   61,0.00%,WRITE-IN,&nbsp,3,AD 52,2025-11-04_22:10:28.313194
ED   62,0.00%,Antonio Reynoso,(Democratic),478,AD 52,2025-11-04_22:10:28.313194
ED   62,0.00%,Janine Acquafredda,(Republican),63,AD 52,2025-11-04_22:10:28.313194
ED   62,0.00%,Janine Acquafredda,(Conservative),5,AD 52,2025-11-04_22:10:28.313194
ED   62,0.00%,Antonio Reynoso,(Working Families),206,AD 52,2025-11-04_22:10:28.313194
ED   62,0.00%,WRITE-IN,&nbsp,2,AD 52,2025-11-04_22:10:28.313194
ED   63,0.00%,Antonio Reynoso,(Democratic),543,AD 52,2025-11-04_22:10:28.313194
ED   63,0.00%,Janine Acquafredda,(Republican),60,AD 52,2025-11-04_22:10:28.313194
ED   63,0.00%,Janine Acquafredda,(Conservative),16,AD 52,2025-11-04_22:10:28.313194
ED   63,0.00%,Antonio Reynoso,(Working Families),170,AD 52,2025-11-04_22:10:28.313194
ED   63,0.00%,WRITE-IN,&nbsp,1,AD 52,2025-11-04_22:10:28.313194
ED   64,0.00%,Antonio Reynoso,(Democratic),377,AD 52,2025-11-04_22:10:28.313194
ED   64,0.00%,Janine Acquafredda,(Republican),26,AD 52,2025-11-04_22:10:28.313194
ED   64,0.00%,Janine Acquafredda,(Conservative),3,AD 52,2025-11-04_22:10:28.313194
ED   64,0.00%,Antonio Reynoso,(Working Families),204,AD 52,2025-11-04_22:10:28.313194
ED   64,0.00%,WRITE-IN,&nbsp,2,AD 52,2025-11-04_22:10:28.313194
ED   65,0.00%,Antonio Reynoso,(Democratic),493,AD 52,2025-11-04_22:10:28.313194
ED   65,0.00%,Janine Acquafredda,(Republican),58,AD 52,2025-11-04_22:10:28.313194
ED   65,0.00%,Janine Acquafredda,(Conservative),14,AD 52,2025-11-04_22:10:28.313194
ED   65,0.00%,Antonio Reynoso,(Working Families),189,AD 52,2025-11-04_22:10:28.313194
ED   65,0.00%,WRITE-IN,&nbsp,1,AD 52,2025-11-04_22:10:28.313194
ED   66,0.00%,Antonio Reynoso,(Democratic),555,AD 52,2025-11-04_22:10:28.313194
ED   66,0.00%,Janine Acquafredda,(Republican),43,AD 52,2025-11-04_22:10:28.313194
ED   66,0.00%,Janine Acquafredda,(Conservative),10,AD 52,2025-11-04_22:10:28.313194
ED   66,0.00%,Antonio Reynoso,(Working Families),182,AD 52,2025-11-04_22:10:28.313194
ED   66,0.00%,WRITE-IN,&nbsp,1,AD 52,2025-11-04_22:10:28.313194
ED   67,0.00%,Antonio Reynoso,(Democratic),448,AD 52,2025-11-04_22:10:28.313194
ED   67,0.00%,Janine Acquafredda,(Republican),46,AD 52,2025-11-04_22:10:28.313194
ED   67,0.00%,Janine Acquafredda,(Conservative),6,AD 52,2025-11-04_22:10:28.313194
ED   67,0.00%,Antonio Reynoso,(Working Families),233,AD 52,2025-11-04_22:10:28.313194
ED   67,0.00%,WRITE-IN,&nbsp,-,AD 52,2025-11-04_22:10:28.313194
ED   68,0.00%,Antonio Reynoso,(Democratic),499,AD 52,2025-11-04_22:10:28.313194
ED   68,0.00%,Janine Acquafredda,(Republican),51,AD 52,2025-11-04_22:10:28.313194
ED   68,0.00%,Janine Acquafredda,(Conservative),8,AD 52,2025-11-04_22:10:28.313194
ED   68,0.00%,Antonio Reynoso,(Working Families),208,AD 52,2025-11-04_22:10:28.313194
ED   68,0.00%,WRITE-IN,&nbsp,-,AD 52,2025-11-04_22:10:28.313194
ED   69,0.00%,Antonio Reynoso,(Democratic),549,AD 52,2025-11-04_22:10:28.313194
ED   69,0.00%,Janine Acquafredda,(Republican),48,AD 52,2025-11-04_22:10:28.313194
ED   69,0.00%,Janine Acquafredda,(Conservative),9,AD 52,2025-11-04_22:10:28.313194
ED   69,0.00%,Antonio Reynoso,(Working Families),297,AD 52,2025-11-04_22:10:28.313194
ED   69,0.00%,WRITE-IN,&nbsp,-,AD 52,2025-11-04_22:10:28.313194
ED   70,0.00%,Antonio Reynoso,(Democratic),151,AD 52,2025-11-04_22:10:28.313194
ED   70,0.00%,Janine Acquafredda,(Republican),8,AD 52,2025-11-04_22:10:28.313194
ED   70,0.00%,Janine Acquafredda,(Conservative),1,AD 52,2025-11-04_22:10:28.313194
ED   70,0.00%,Antonio Reynoso,(Working Families),46,AD 52,2025-11-04_22:10:28.313194
ED   70,0.00%,WRITE-IN,&nbsp,1,AD 52,2025-11-04_22:10:28.313194
ED   71,0.00%,Antonio Reynoso,(Democratic),419,AD 52,2025-11-04_22:10:28.313194
ED   71,0.00%,Janine Acquafredda,(Republican),35,AD 52,2025-11-04_22:10:28.313194
ED   71,0.00%,Janine Acquafredda,(Conservative),6,AD 52,2025-11-04_22:10:28.313194
ED   71,0.00%,Antonio Reynoso,(Working Families),202,AD 52,2025-11-04_22:10:28.313194
ED   71,0.00%,WRITE-IN,&nbsp,1,AD 52,2025-11-04_22:10:28.313194
ED   72,0.00%,Antonio Reynoso,(Democratic),248,AD 52,2025-11-04_22:10:28.313194
ED   72,0.00%,Janine Acquafredda,(Republican),20,AD 52,2025-11-04_22:10:28.313194
ED   72,0.00%,Janine Acquafredda,(Conservative),2,AD 52,2025-11-04_22:10:28.313194
ED   72,0.00%,Antonio Reynoso,(Working Families),102,AD 52,2025-11-04_22:10:28.313194
ED   72,0.00%,WRITE-IN,&nbsp,2,AD 52,2025-11-04_22:10:28.313194
ED   73,0.00%,Antonio Reynoso,(Democratic),494,AD 52,2025-11-04_22:10:28.313194
ED   73,0.00%,Janine Acquafredda,(Republican),40,AD 52,2025-11-04_22:10:28.313194
ED   73,0.00%,Janine Acquafredda,(Conservative),5,AD 52,2025-11-04_22:10:28.313194
ED   73,0.00%,Antonio Reynoso,(Working Families),239,AD 52,2025-11-04_22:10:28.313194
ED   73,0.00%,WRITE-IN,&nbsp,2,AD 52,2025-11-04_22:10:28.313194
ED   74,0.00%,Antonio Reynoso,(Democratic),46,AD 52,2025-11-04_22:10:28.313194
ED   74,0.00%,Janine Acquafredda,(Republican),5,AD 52,2025-11-04_22:10:28.313194
ED   74,0.00%,Janine Acquafredda,(Conservative),1,AD 52,2025-11-04_22:10:28.313194
ED   74,0.00%,Antonio Reynoso,(Working Families),21,AD 52,2025-11-04_22:10:28.313194
ED   74,0.00%,WRITE-IN,&nbsp,-,AD 52,2025-11-04_22:10:28.313194
ED   75,0.00%,Antonio Reynoso,(Democratic),389,AD 52,2025-11-04_22:10:28.313194
ED   75,0.00%,Janine Acquafredda,(Republican),22,AD 52,2025-11-04_22:10:28.313194
ED   75,0.00%,Janine Acquafredda,(Conservative),10,AD 52,2025-11-04_22:10:28.313194
ED   75,0.00%,Antonio Reynoso,(Working Families),190,AD 52,2025-11-04_22:10:28.313194
ED   75,0.00%,WRITE-IN,&nbsp,5,AD 52,2025-11-04_22:10:28.313194
ED   76,0.00%,Antonio Reynoso,(Democratic),384,AD 52,2025-11-04_22:10:28.313194
ED   76,0.00%,Janine Acquafredda,(Republican),13,AD 52,2025-11-04_22:10:28.313194
ED   76,0.00%,Janine Acquafredda,(Conservative),1,AD 52,2025-11-04_22:10:28.313194
ED   76,0.00%,Antonio Reynoso,(Working Families),152,AD 52,2025-11-04_22:10:28.313194
ED   76,0.00%,WRITE-IN,&nbsp,1,AD 52,2025-11-04_22:10:28.313194
ED   77,0.00%,Antonio Reynoso,(Democratic),561,AD 52,2025-11-04_22:10:28.313194
ED   77,0.00%,Janine Acquafredda,(Republican),41,AD 52,2025-11-04_22:10:28.313194
ED   77,0.00%,Janine Acquafredda,(Conservative),8,AD 52,2025-11-04_22:10:28.313194
ED   77,0.00%,Antonio Reynoso,(Working Families),239,AD 52,2025-11-04_22:10:28.313194
ED   77,0.00%,WRITE-IN,&nbsp,-,AD 52,2025-11-04_22:10:28.313194
ED   78,0.00%,Antonio Reynoso,(Democratic),196,AD 52,2025-11-04_22:10:28.313194
ED   78,0.00%,Janine Acquafredda,(Republican),13,AD 52,2025-11-04_22:10:28.313194
ED   78,0.00%,Janine Acquafredda,(Conservative),1,AD 52,2025-11-04_22:10:28.313194
ED   78,0.00%,Antonio Reynoso,(Working Families),86,AD 52,2025-11-04_22:10:28.313194
ED   78,0.00%,WRITE-IN,&nbsp,-,AD 52,2025-11-04_22:10:28.313194
ED   79,0.00%,Antonio Reynoso,(Democratic),528,AD 52,2025-11-04_22:10:28.313194
ED   79,0.00%,Janine Acquafredda,(Republican),55,AD 52,2025-11-04_22:10:28.313194
ED   79,0.00%,Janine Acquafredda,(Conservative),7,AD 52,2025-11-04_22:10:28.313194
ED   79,0.00%,Antonio Reynoso,(Working Families),208,AD 52,2025-11-04_22:10:28.313194
ED   79,0.00%,WRITE-IN,&nbsp,-,AD 52,2025-11-04_22:10:28.313194
ED   80,0.00%,Antonio Reynoso,(Democratic),556,AD 52,2025-11-04_22:10:28.313194
ED   80,0.00%,Janine Acquafredda,(Republican),55,AD 52,2025-11-04_22:10:28.313194
ED   80,0.00%,Janine Acquafredda,(Conservative),14,AD 52,2025-11-04_22:10:28.313194
ED   80,0.00%,Antonio Reynoso,(Working Families),238,AD 52,2025-11-04_22:10:28.313194
ED   80,0.00%,WRITE-IN,&nbsp,1,AD 52,2025-11-04_22:10:28.313194
ED   81,0.00%,Antonio Reynoso,(Democratic),587,AD 52,2025-11-04_22:10:28.313194
ED   81,0.00%,Janine Acquafredda,(Republican),45,AD 52,2025-11-04_22:10:28.313194
ED   81,0.00%,Janine Acquafredda,(Conservative),7,AD 52,2025-11-04_22:10:28.313194
ED   81,0.00%,Antonio Reynoso,(Working Families),254,AD 52,2025-11-04_22:10:28.313194
ED   81,0.00%,WRITE-IN,&nbsp,-,AD 52,2025-11-04_22:10:28.313194
ED   82,0.00%,Antonio Reynoso,(Democratic),594,AD 52,2025-11-04_22:10:28.313194
ED   82,0.00%,Janine Acquafredda,(Republican),61,AD 52,2025-11-04_22:10:28.313194
ED   82,0.00%,Janine Acquafredda,(Conservative),16,AD 52,2025-11-04_22:10:28.313194
ED   82,0.00%,Antonio Reynoso,(Working Families),224,AD 52,2025-11-04_22:10:28.313194
ED   82,0.00%,WRITE-IN,&nbsp,-,AD 52,2025-11-04_22:10:28.313194
ED   83,0.00%,Antonio Reynoso,(Democratic),631,AD 52,2025-11-04_22:10:28.313194
ED   83,0.00%,Janine Acquafredda,(Republican),80,AD 52,2025-11-04_22:10:28.313194
ED   83,0.00%,Janine Acquafredda,(Conservative),13,AD 52,2025-11-04_22:10:28.313194
ED   83,0.00%,Antonio Reynoso,(Working Families),191,AD 52,2025-11-04_22:10:28.313194
ED   83,0.00%,WRITE-IN,&nbsp,-,AD 52,2025-11-04_22:10:28.313194
ED   84,0.00%,Antonio Reynoso,(Democratic),690,AD 52,2025-11-04_22:10:28.313194
ED   84,0.00%,Janine Acquafredda,(Republican),61,AD 52,2025-11-04_22:10:28.313194
ED   84,0.00%,Janine Acquafredda,(Conservative),18,AD 52,2025-11-04_22:10:28.313194
ED   84,0.00%,Antonio Reynoso,(Working Families),287,AD 52,2025-11-04_22:10:28.313194
ED   84,0.00%,WRITE-IN,&nbsp,2,AD 52,2025-11-04_22:10:28.313194
ED   85,0.00%,Antonio Reynoso,(Democratic),572,AD 52,2025-11-04_22:10:28.313194
ED   85,0.00%,Janine Acquafredda,(Republican),52,AD 52,2025-11-04_22:10:28.313194
ED   85,0.00%,Janine Acquafredda,(Conservative),11,AD 52,2025-11-04_22:10:28.313194
ED   85,0.00%,Antonio Reynoso,(Working Families),257,AD 52,2025-11-04_22:10:28.313194
ED   85,0.00%,WRITE-IN,&nbsp,-,AD 52,2025-11-04_22:10:28.313194
ED   86,0.00%,Antonio Reynoso,(Democratic),356,AD 52,2025-11-04_22:10:28.313194
ED   86,0.00%,Janine Acquafredda,(Republican),42,AD 52,2025-11-04_22:10:28.313194
ED   86,0.00%,Janine Acquafredda,(Conservative),3,AD 52,2025-11-04_22:10:28.313194
ED   86,0.00%,Antonio Reynoso,(Working Families),146,AD 52,2025-11-04_22:10:28.313194
ED   86,0.00%,WRITE-IN,&nbsp,1,AD 52,2025-11-04_22:10:28.313194
ED   87,0.00%,Antonio Reynoso,(Democratic),1,AD 52,2025-11-04_22:10:28.313194
ED   87,0.00%,Janine Acquafredda,(Republican),-,AD 52,2025-11-04_22:10:28.313194
ED   87,0.00%,Janine Acquafredda,(Conservative),-,AD 52,2025-11-04_22:10:28.313194
ED   87,0.00%,Antonio Reynoso,(Working Families),-,AD 52,2025-11-04_22:10:28.313194
ED   87,0.00%,WRITE-IN,&nbsp,-,AD 52,2025-11-04_22:10:28.313194
ED   88,0.00%,Antonio Reynoso,(Democratic),381,AD 52,2025-11-04_22:10:28.313194
ED   88,0.00%,Janine Acquafredda,(Republican),52,AD 52,2025-11-04_22:10:28.313194
ED   88,0.00%,Janine Acquafredda,(Conservative),11,AD 52,2025-11-04_22:10:28.313194
ED   88,0.00%,Antonio Reynoso,(Working Families),120,AD 52,2025-11-04_22:10:28.313194
ED   88,0.00%,WRITE-IN,&nbsp,5,AD 52,2025-11-04_22:10:28.313194
ED   89,0.00%,Antonio Reynoso,(Democratic),300,AD 52,2025-11-04_22:10:28.313194
ED   89,0.00%,Janine Acquafredda,(Republican),13,AD 52,2025-11-04_22:10:28.313194
ED   89,0.00%,Janine Acquafredda,(Conservative),2,AD 52,2025-11-04_22:10:28.313194
ED   89,0.00%,Antonio Reynoso,(Working Families),58,AD 52,2025-11-04_22:10:28.313194
ED   89,0.00%,WRITE-IN,&nbsp,1,AD 52,2025-11-04_22:10:28.313194
ED   90,0.00%,Antonio Reynoso,(Democratic),1,AD 52,2025-11-04_22:10:28.313194
ED   90,0.00%,Janine Acquafredda,(Republican),3,AD 52,2025-11-04_22:10:28.313194
ED   90,0.00%,Janine Acquafredda,(Conservative),1,AD 52,2025-11-04_22:10:28.313194
ED   90,0.00%,Antonio Reynoso,(Working Families),-,AD 52,2025-11-04_22:10:28.313194
ED   90,0.00%,WRITE-IN,&nbsp,-,AD 52,2025-11-04_22:10:28.313194
ED   91,0.00%,Antonio Reynoso,(Democratic),-,AD 52,2025-11-04_22:10:28.313194
ED   91,0.00%,Janine Acquafredda,(Republican),-,AD 52,2025-11-04_22:10:28.313194
ED   91,0.00%,Janine Acquafredda,(Conservative),-,AD 52,2025-11-04_22:10:28.313194
ED   91,0.00%,Antonio Reynoso,(Working Families),-,AD 52,2025-11-04_22:10:28.313194
ED   91,0.00%,WRITE-IN,&nbsp,-,AD 52,2025-11-04_22:10:28.313194
ED   92,0.00%,Antonio Reynoso,(Democratic),-,AD 52,2025-11-04_22:10:28.313194
ED   92,0.00%,Janine Acquafredda,(Republican),-,AD 52,2025-11-04_22:10:28.313194
ED   92,0.00%,Janine Acquafredda,(Conservative),-,AD 52,2025-11-04_22:10:28.313194
ED   92,0.00%,Antonio Reynoso,(Working Families),-,AD 52,2025-11-04_22:10:28.313194
ED   92,0.00%,WRITE-IN,&nbsp,-,AD 52,2025-11-04_22:10:28.313194
ED   93,0.00%,Antonio Reynoso,(Democratic),-,AD 52,2025-11-04_22:10:28.313194
ED   93,0.00%,Janine Acquafredda,(Republican),-,AD 52,2025-11-04_22:10:28.313194
ED   93,0.00%,Janine Acquafredda,(Conservative),-,AD 52,2025-11-04_22:10:28.313194
ED   93,0.00%,Antonio Reynoso,(Working Families),-,AD 52,2025-11-04_22:10:28.313194
ED   93,0.00%,WRITE-IN,&nbsp,-,AD 52,2025-11-04_22:10:28.313194
ED   94,0.00%,Antonio Reynoso,(Democratic),-,AD 52,2025-11-04_22:10:28.313194
ED   94,0.00%,Janine Acquafredda,(Republican),-,AD 52,2025-11-04_22:10:28.313194
ED   94,0.00%,Janine Acquafredda,(Conservative),-,AD 52,2025-11-04_22:10:28.313194
ED   94,0.00%,Antonio Reynoso,(Working Families),-,AD 52,2025-11-04_22:10:28.313194
ED   94,0.00%,WRITE-IN,&nbsp,-,AD 52,2025-11-04_22:10:28.313194
ED   95,0.00%,Antonio Reynoso,(Democratic),-,AD 52,2025-11-04_22:10:28.313194
ED   95,0.00%,Janine Acquafredda,(Republican),-,AD 52,2025-11-04_22:10:28.313194
ED   95,0.00%,Janine Acquafredda,(Conservative),-,AD 52,2025-11-04_22:10:28.313194
ED   95,0.00%,Antonio Reynoso,(Working Families),-,AD 52,2025-11-04_22:10:28.313194
ED   95,0.00%,WRITE-IN,&nbsp,-,AD 52,2025-11-04_22:10:28.313194
ED   96,0.00%,Antonio Reynoso,(Democratic),-,AD 52,2025-11-04_22:10:28.313194
ED   96,0.00%,Janine Acquafredda,(Republican),-,AD 52,2025-11-04_22:10:28.313194
ED   96,0.00%,Janine Acquafredda,(Conservative),-,AD 52,2025-11-04_22:10:28.313194
ED   96,0.00%,Antonio Reynoso,(Working Families),-,AD 52,2025-11-04_22:10:28.313194
ED   96,0.00%,WRITE-IN,&nbsp,-,AD 52,2025-11-04_22:10:28.313194
ED   97,0.00%,Antonio Reynoso,(Democratic),-,AD 52,2025-11-04_22:10:28.313194
ED   97,0.00%,Janine Acquafredda,(Republican),-,AD 52,2025-11-04_22:10:28.313194
ED   97,0.00%,Janine Acquafredda,(Conservative),-,AD 52,2025-11-04_22:10:28.313194
ED   97,0.00%,Antonio Reynoso,(Working Families),-,AD 52,2025-11-04_22:10:28.313194
ED   97,0.00%,WRITE-IN,&nbsp,-,AD 52,2025-11-04_22:10:28.313194
ED   98,0.00%,Antonio Reynoso,(Democratic),-,AD 52,2025-11-04_22:10:28.313194
ED   98,0.00%,Janine Acquafredda,(Republican),-,AD 52,2025-11-04_22:10:28.313194
ED   98,0.00%,Janine Acquafredda,(Conservative),-,AD 52,2025-11-04_22:10:28.313194
ED   98,0.00%,Antonio Reynoso,(Working Families),-,AD 52,2025-11-04_22:10:28.313194
ED   98,0.00%,WRITE-IN,&nbsp,-,AD 52,2025-11-04_22:10:28.313194
Total,,Antonio Reynoso,(Democratic),37155,AD 52,2025-11-04_22:10:28.313194
Total,,Janine Acquafredda,(Republican),4502,AD 52,2025-11-04_22:10:28.313194
Total,,Janine Acquafredda,(Conservative),706,AD 52,2025-11-04_22:10:28.313194
Total,,Antonio Reynoso,(Working Families),11669,AD 52,2025-11-04_22:10:28.313194
Total,,WRITE-IN,&nbsp,96,AD 52,2025-11-04_22:10:28.313194
ED    1,0.00%,Antonio Reynoso,(Democratic),441,AD 53,2025-11-04_22:10:28.313194
ED    1,0.00%,Janine Acquafredda,(Republican),29,AD 53,2025-11-04_22:10:28.313194
ED    1,0.00%,Janine Acquafredda,(Conservative),7,AD 53,2025-11-04_22:10:28.313194
ED    1,0.00%,Antonio Reynoso,(Working Families),154,AD 53,2025-11-04_22:10:28.313194
ED    1,0.00%,WRITE-IN,&nbsp,-,AD 53,2025-11-04_22:10:28.313194
ED    2,0.00%,Antonio Reynoso,(Democratic),484,AD 53,2025-11-04_22:10:28.313194
ED    2,0.00%,Janine Acquafredda,(Republican),30,AD 53,2025-11-04_22:10:28.313194
ED    2,0.00%,Janine Acquafredda,(Conservative),5,AD 53,2025-11-04_22:10:28.313194
ED    2,0.00%,Antonio Reynoso,(Working Families),157,AD 53,2025-11-04_22:10:28.313194
ED    2,0.00%,WRITE-IN,&nbsp,1,AD 53,2025-11-04_22:10:28.313194
ED    3,0.00%,Antonio Reynoso,(Democratic),357,AD 53,2025-11-04_22:10:28.313194
ED    3,0.00%,Janine Acquafredda,(Republican),37,AD 53,2025-11-04_22:10:28.313194
ED    3,0.00%,Janine Acquafredda,(Conservative),5,AD 53,2025-11-04_22:10:28.313194
ED    3,0.00%,Antonio Reynoso,(Working Families),143,AD 53,2025-11-04_22:10:28.313194
ED    3,0.00%,WRITE-IN,&nbsp,2,AD 53,2025-11-04_22:10:28.313194
ED    4,0.00%,Antonio Reynoso,(Democratic),191,AD 53,2025-11-04_22:10:28.313194
ED    4,0.00%,Janine Acquafredda,(Republican),15,AD 53,2025-11-04_22:10:28.313194
ED    4,0.00%,Janine Acquafredda,(Conservative),2,AD 53,2025-11-04_22:10:28.313194
ED    4,0.00%,Antonio Reynoso,(Working Families),106,AD 53,2025-11-04_22:10:28.313194
ED    4,0.00%,WRITE-IN,&nbsp,1,AD 53,2025-11-04_22:10:28.313194
ED    5,0.00%,Antonio Reynoso,(Democratic),213,AD 53,2025-11-04_22:10:28.313194
ED    5,0.00%,Janine Acquafredda,(Republican),26,AD 53,2025-11-04_22:10:28.313194
ED    5,0.00%,Janine Acquafredda,(Conservative),5,AD 53,2025-11-04_22:10:28.313194
ED    5,0.00%,Antonio Reynoso,(Working Families),83,AD 53,2025-11-04_22:10:28.313194
ED    5,0.00%,WRITE-IN,&nbsp,-,AD 53,2025-11-04_22:10:28.313194
ED    6,0.00%,Antonio Reynoso,(Democratic),246,AD 53,2025-11-04_22:10:28.313194
ED    6,0.00%,Janine Acquafredda,(Republican),27,AD 53,2025-11-04_22:10:28.313194
ED    6,0.00%,Janine Acquafredda,(Conservative),5,AD 53,2025-11-04_22:10:28.313194
ED    6,0.00%,Antonio Reynoso,(Working Families),38,AD 53,2025-11-04_22:10:28.313194
ED    6,0.00%,WRITE-IN,&nbsp,1,AD 53,2025-11-04_22:10:28.313194
ED    7,0.00%,Antonio Reynoso,(Democratic),259,AD 53,2025-11-04_22:10:28.313194
ED    7,0.00%,Janine Acquafredda,(Republican),17,AD 53,2025-11-04_22:10:28.313194
ED    7,0.00%,Janine Acquafredda,(Conservative),3,AD 53,2025-11-04_22:10:28.313194
ED    7,0.00%,Antonio Reynoso,(Working Families),71,AD 53,2025-11-04_22:10:28.313194
ED    7,0.00%,WRITE-IN,&nbsp,-,AD 53,2025-11-04_22:10:28.313194
ED    8,0.00%,Antonio Reynoso,(Democratic),229,AD 53,2025-11-04_22:10:28.313194
ED    8,0.00%,Janine Acquafredda,(Republican),13,AD 53,2025-11-04_22:10:28.313194
ED    8,0.00%,Janine Acquafredda,(Conservative),6,AD 53,2025-11-04_22:10:28.313194
ED    8,0.00%,Antonio Reynoso,(Working Families),128,AD 53,2025-11-04_22:10:28.313194
ED    8,0.00%,WRITE-IN,&nbsp,-,AD 53,2025-11-04_22:10:28.313194
ED    9,0.00%,Antonio Reynoso,(Democratic),333,AD 53,2025-11-04_22:10:28.313194
ED    9,0.00%,Janine Acquafredda,(Republican),34,AD 53,2025-11-04_22:10:28.313194
ED    9,0.00%,Janine Acquafredda,(Conservative),3,AD 53,2025-11-04_22:10:28.313194
ED    9,0.00%,Antonio Reynoso,(Working Families),170,AD 53,2025-11-04_22:10:28.313194
ED    9,0.00%,WRITE-IN,&nbsp,-,AD 53,2025-11-04_22:10:28.313194
ED   10,0.00%,Antonio Reynoso,(Democratic),404,AD 53,2025-11-04_22:10:28.313194
ED   10,0.00%,Janine Acquafredda,(Republican),16,AD 53,2025-11-04_22:10:28.313194
ED   10,0.00%,Janine Acquafredda,(Conservative),5,AD 53,2025-11-04_22:10:28.313194
ED   10,0.00%,Antonio Reynoso,(Working Families),198,AD 53,2025-11-04_22:10:28.313194
ED   10,0.00%,WRITE-IN,&nbsp,2,AD 53,2025-11-04_22:10:28.313194
ED   11,0.00%,Antonio Reynoso,(Democratic),148,AD 53,2025-11-04_22:10:28.313194
ED   11,0.00%,Janine Acquafredda,(Republican),9,AD 53,2025-11-04_22:10:28.313194
ED   11,0.00%,Janine Acquafredda,(Conservative),2,AD 53,2025-11-04_22:10:28.313194
ED   11,0.00%,Antonio Reynoso,(Working Families),58,AD 53,2025-11-04_22:10:28.313194
ED   11,0.00%,WRITE-IN,&nbsp,-,AD 53,2025-11-04_22:10:28.313194
ED   12,0.00%,Antonio Reynoso,(Democratic),123,AD 53,2025-11-04_22:10:28.313194
ED   12,0.00%,Janine Acquafredda,(Republican),4,AD 53,2025-11-04_22:10:28.313194
ED   12,0.00%,Janine Acquafredda,(Conservative),-,AD 53,2025-11-04_22:10:28.313194
ED   12,0.00%,Antonio Reynoso,(Working Families),66,AD 53,2025-11-04_22:10:28.313194
ED   12,0.00%,WRITE-IN,&nbsp,-,AD 53,2025-11-04_22:10:28.313194
ED   13,0.00%,Antonio Reynoso,(Democratic),460,AD 53,2025-11-04_22:10:28.313194
ED   13,0.00%,Janine Acquafredda,(Republican),43,AD 53,2025-11-04_22:10:28.313194
ED   13,0.00%,Janine Acquafredda,(Conservative),5,AD 53,2025-11-04_22:10:28.313194
ED   13,0.00%,Antonio Reynoso,(Working Families),226,AD 53,2025-11-04_22:10:28.313194
ED   13,0.00%,WRITE-IN,&nbsp,2,AD 53,2025-11-04_22:10:28.313194
ED   14,0.00%,Antonio Reynoso,(Democratic),444,AD 53,2025-11-04_22:10:28.313194
ED   14,0.00%,Janine Acquafredda,(Republican),27,AD 53,2025-11-04_22:10:28.313194
ED   14,0.00%,Janine Acquafredda,(Conservative),5,AD 53,2025-11-04_22:10:28.313194
ED   14,0.00%,Antonio Reynoso,(Working Families),200,AD 53,2025-11-04_22:10:28.313194
ED   14,0.00%,WRITE-IN,&nbsp,-,AD 53,2025-11-04_22:10:28.313194
ED   15,0.00%,Antonio Reynoso,(Democratic),348,AD 53,2025-11-04_22:10:28.313194
ED   15,0.00%,Janine Acquafredda,(Republican),42,AD 53,2025-11-04_22:10:28.313194
ED   15,0.00%,Janine Acquafredda,(Conservative),6,AD 53,2025-11-04_22:10:28.313194
ED   15,0.00%,Antonio Reynoso,(Working Families),168,AD 53,2025-11-04_22:10:28.313194
ED   15,0.00%,WRITE-IN,&nbsp,-,AD 53,2025-11-04_22:10:28.313194
ED   16,0.00%,Antonio Reynoso,(Democratic),391,AD 53,2025-11-04_22:10:28.313194
ED   16,0.00%,Janine Acquafredda,(Republican),21,AD 53,2025-11-04_22:10:28.313194
ED   16,0.00%,Janine Acquafredda,(Conservative),6,AD 53,2025-11-04_22:10:28.313194
ED   16,0.00%,Antonio Reynoso,(Working Families),185,AD 53,2025-11-04_22:10:28.313194
ED   16,0.00%,WRITE-IN,&nbsp,-,AD 53,2025-11-04_22:10:28.313194
ED   17,0.00%,Antonio Reynoso,(Democratic),324,AD 53,2025-11-04_22:10:28.313194
ED   17,0.00%,Janine Acquafredda,(Republican),12,AD 53,2025-11-04_22:10:28.313194
ED   17,0.00%,Janine Acquafredda,(Conservative),1,AD 53,2025-11-04_22:10:28.313194
ED   17,0.00%,Antonio Reynoso,(Working Families),198,AD 53,2025-11-04_22:10:28.313194
ED   17,0.00%,WRITE-IN,&nbsp,-,AD 53,2025-11-04_22:10:28.313194
ED   18,0.00%,Antonio Reynoso,(Democratic),467,AD 53,2025-11-04_22:10:28.313194
ED   18,0.00%,Janine Acquafredda,(Republican),30,AD 53,2025-11-04_22:10:28.313194
ED   18,0.00%,Janine Acquafredda,(Conservative),5,AD 53,2025-11-04_22:10:28.313194
ED   18,0.00%,Antonio Reynoso,(Working Families),200,AD 53,2025-11-04_22:10:28.313194
ED   18,0.00%,WRITE-IN,&nbsp,1,AD 53,2025-11-04_22:10:28.313194
ED   19,0.00%,Antonio Reynoso,(Democratic),466,AD 53,2025-11-04_22:10:28.313194
ED   19,0.00%,Janine Acquafredda,(Republican),26,AD 53,2025-11-04_22:10:28.313194
ED   19,0.00%,Janine Acquafredda,(Conservative),5,AD 53,2025-11-04_22:10:28.313194
ED   19,0.00%,Antonio Reynoso,(Working Families),214,AD 53,2025-11-04_22:10:28.313194
ED   19,0.00%,WRITE-IN,&nbsp,1,AD 53,2025-11-04_22:10:28.313194
ED   20,0.00%,Antonio Reynoso,(Democratic),561,AD 53,2025-11-04_22:10:28.313194
ED   20,0.00%,Janine Acquafredda,(Republican),31,AD 53,2025-11-04_22:10:28.313194
ED   20,0.00%,Janine Acquafredda,(Conservative),6,AD 53,2025-11-04_22:10:28.313194
ED   20,0.00%,Antonio Reynoso,(Working Families),302,AD 53,2025-11-04_22:10:28.313194
ED   20,0.00%,WRITE-IN,&nbsp,-,AD 53,2025-11-04_22:10:28.313194
ED   21,0.00%,Antonio Reynoso,(Democratic),474,AD 53,2025-11-04_22:10:28.313194
ED   21,0.00%,Janine Acquafredda,(Republican),54,AD 53,2025-11-04_22:10:28.313194
ED   21,0.00%,Janine Acquafredda,(Conservative),4,AD 53,2025-11-04_22:10:28.313194
ED   21,0.00%,Antonio Reynoso,(Working Families),178,AD 53,2025-11-04_22:10:28.313194
ED   21,0.00%,WRITE-IN,&nbsp,2,AD 53,2025-11-04_22:10:28.313194
ED   22,0.00%,Antonio Reynoso,(Democratic),510,AD 53,2025-11-04_22:10:28.313194
ED   22,0.00%,Janine Acquafredda,(Republican),31,AD 53,2025-11-04_22:10:28.313194
ED   22,0.00%,Janine Acquafredda,(Conservative),3,AD 53,2025-11-04_22:10:28.313194
ED   22,0.00%,Antonio Reynoso,(Working Families),180,AD 53,2025-11-04_22:10:28.313194
ED   22,0.00%,WRITE-IN,&nbsp,1,AD 53,2025-11-04_22:10:28.313194
ED   23,0.00%,Antonio Reynoso,(Democratic),378,AD 53,2025-11-04_22:10:28.313194
ED   23,0.00%,Janine Acquafredda,(Republican),26,AD 53,2025-11-04_22:10:28.313194
ED   23,0.00%,Janine Acquafredda,(Conservative),6,AD 53,2025-11-04_22:10:28.313194
ED   23,0.00%,Antonio Reynoso,(Working Families),142,AD 53,2025-11-04_22:10:28.313194
ED   23,0.00%,WRITE-IN,&nbsp,1,AD 53,2025-11-04_22:10:28.313194
ED   24,0.00%,Antonio Reynoso,(Democratic),437,AD 53,2025-11-04_22:10:28.313194
ED   24,0.00%,Janine Acquafredda,(Republican),24,AD 53,2025-11-04_22:10:28.313194
ED   24,0.00%,Janine Acquafredda,(Conservative),3,AD 53,2025-11-04_22:10:28.313194
ED   24,0.00%,Antonio Reynoso,(Working Families),221,AD 53,2025-11-04_22:10:28.313194
ED   24,0.00%,WRITE-IN,&nbsp,1,AD 53,2025-11-04_22:10:28.313194
ED   25,0.00%,Antonio Reynoso,(Democratic),427,AD 53,2025-11-04_22:10:28.313194
ED   25,0.00%,Janine Acquafredda,(Republican),18,AD 53,2025-11-04_22:10:28.313194
ED   25,0.00%,Janine Acquafredda,(Conservative),3,AD 53,2025-11-04_22:10:28.313194
ED   25,0.00%,Antonio Reynoso,(Working Families),188,AD 53,2025-11-04_22:10:28.313194
ED   25,0.00%,WRITE-IN,&nbsp,1,AD 53,2025-11-04_22:10:28.313194
ED   26,0.00%,Antonio Reynoso,(Democratic),452,AD 53,2025-11-04_22:10:28.313194
ED   26,0.00%,Janine Acquafredda,(Republican),28,AD 53,2025-11-04_22:10:28.313194
ED   26,0.00%,Janine Acquafredda,(Conservative),4,AD 53,2025-11-04_22:10:28.313194
ED   26,0.00%,Antonio Reynoso,(Working Families),202,AD 53,2025-11-04_22:10:28.313194
ED   26,0.00%,WRITE-IN,&nbsp,-,AD 53,2025-11-04_22:10:28.313194
ED   27,0.00%,Antonio Reynoso,(Democratic),462,AD 53,2025-11-04_22:10:28.313194
ED   27,0.00%,Janine Acquafredda,(Republican),30,AD 53,2025-11-04_22:10:28.313194
ED   27,0.00%,Janine Acquafredda,(Conservative),4,AD 53,2025-11-04_22:10:28.313194
ED   27,0.00%,Antonio Reynoso,(Working Families),206,AD 53,2025-11-04_22:10:28.313194
ED   27,0.00%,WRITE-IN,&nbsp,1,AD 53,2025-11-04_22:10:28.313194
ED   28,0.00%,Antonio Reynoso,(Democratic),409,AD 53,2025-11-04_22:10:28.313194
ED   28,0.00%,Janine Acquafredda,(Republican),32,AD 53,2025-11-04_22:10:28.313194
ED   28,0.00%,Janine Acquafredda,(Conservative),6,AD 53,2025-11-04_22:10:28.313194
ED   28,0.00%,Antonio Reynoso,(Working Families),184,AD 53,2025-11-04_22:10:28.313194
ED   28,0.00%,WRITE-IN,&nbsp,-,AD 53,2025-11-04_22:10:28.313194
ED   29,0.00%,Antonio Reynoso,(Democratic),394,AD 53,2025-11-04_22:10:28.313194
ED   29,0.00%,Janine Acquafredda,(Republican),34,AD 53,2025-11-04_22:10:28.313194
ED   29,0.00%,Janine Acquafredda,(Conservative),7,AD 53,2025-11-04_22:10:28.313194
ED   29,0.00%,Antonio Reynoso,(Working Families),186,AD 53,2025-11-04_22:10:28.313194
ED   29,0.00%,WRITE-IN,&nbsp,1,AD 53,2025-11-04_22:10:28.313194
ED   30,0.00%,Antonio Reynoso,(Democratic),265,AD 53,2025-11-04_22:10:28.313194
ED   30,0.00%,Janine Acquafredda,(Republican),19,AD 53,2025-11-04_22:10:28.313194
ED   30,0.00%,Janine Acquafredda,(Conservative),3,AD 53,2025-11-04_22:10:28.313194
ED   30,0.00%,Antonio Reynoso,(Working Families),153,AD 53,2025-11-04_22:10:28.313194
ED   30,0.00%,WRITE-IN,&nbsp,-,AD 53,2025-11-04_22:10:28.313194
ED   31,0.00%,Antonio Reynoso,(Democratic),349,AD 53,2025-11-04_22:10:28.313194
ED   31,0.00%,Janine Acquafredda,(Republican),16,AD 53,2025-11-04_22:10:28.313194
ED   31,0.00%,Janine Acquafredda,(Conservative),3,AD 53,2025-11-04_22:10:28.313194
ED   31,0.00%,Antonio Reynoso,(Working Families),166,AD 53,2025-11-04_22:10:28.313194
ED   31,0.00%,WRITE-IN,&nbsp,-,AD 53,2025-11-04_22:10:28.313194
ED   32,0.00%,Antonio Reynoso,(Democratic),311,AD 53,2025-11-04_22:10:28.313194
ED   32,0.00%,Janine Acquafredda,(Republican),28,AD 53,2025-11-04_22:10:28.313194
ED   32,0.00%,Janine Acquafredda,(Conservative),4,AD 53,2025-11-04_22:10:28.313194
ED   32,0.00%,Antonio Reynoso,(Working Families),116,AD 53,2025-11-04_22:10:28.313194
ED   32,0.00%,WRITE-IN,&nbsp,1,AD 53,2025-11-04_22:10:28.313194
ED   33,0.00%,Antonio Reynoso,(Democratic),199,AD 53,2025-11-04_22:10:28.313194
ED   33,0.00%,Janine Acquafredda,(Republican),13,AD 53,2025-11-04_22:10:28.313194
ED   33,0.00%,Janine Acquafredda,(Conservative),-,AD 53,2025-11-04_22:10:28.313194
ED   33,0.00%,Antonio Reynoso,(Working Families),17,AD 53,2025-11-04_22:10:28.313194
ED   33,0.00%,WRITE-IN,&nbsp,-,AD 53,2025-11-04_22:10:28.313194
ED   34,0.00%,Antonio Reynoso,(Democratic),120,AD 53,2025-11-04_22:10:28.313194
ED   34,0.00%,Janine Acquafredda,(Republican),17,AD 53,2025-11-04_22:10:28.313194
ED   34,0.00%,Janine Acquafredda,(Conservative),1,AD 53,2025-11-04_22:10:28.313194
ED   34,0.00%,Antonio Reynoso,(Working Families),22,AD 53,2025-11-04_22:10:28.313194
ED   34,0.00%,WRITE-IN,&nbsp,-,AD 53,2025-11-04_22:10:28.313194
ED   35,0.00%,Antonio Reynoso,(Democratic),247,AD 53,2025-11-04_22:10:28.313194
ED   35,0.00%,Janine Acquafredda,(Republican),17,AD 53,2025-11-04_22:10:28.313194
ED   35,0.00%,Janine Acquafredda,(Conservative),1,AD 53,2025-11-04_22:10:28.313194
ED   35,0.00%,Antonio Reynoso,(Working Families),72,AD 53,2025-11-04_22:10:28.313194
ED   35,0.00%,WRITE-IN,&nbsp,-,AD 53,2025-11-04_22:10:28.313194
ED   36,0.00%,Antonio Reynoso,(Democratic),284,AD 53,2025-11-04_22:10:28.313194
ED   36,0.00%,Janine Acquafredda,(Republican),21,AD 53,2025-11-04_22:10:28.313194
ED   36,0.00%,Janine Acquafredda,(Conservative),8,AD 53,2025-11-04_22:10:28.313194
ED   36,0.00%,Antonio Reynoso,(Working Families),105,AD 53,2025-11-04_22:10:28.313194
ED   36,0.00%,WRITE-IN,&nbsp,1,AD 53,2025-11-04_22:10:28.313194
ED   37,0.00%,Antonio Reynoso,(Democratic),210,AD 53,2025-11-04_22:10:28.313194
ED   37,0.00%,Janine Acquafredda,(Republican),82,AD 53,2025-11-04_22:10:28.313194
ED   37,0.00%,Janine Acquafredda,(Conservative),9,AD 53,2025-11-04_22:10:28.313194
ED   37,0.00%,Antonio Reynoso,(Working Families),40,AD 53,2025-11-04_22:10:28.313194
ED   37,0.00%,WRITE-IN,&nbsp,1,AD 53,2025-11-04_22:10:28.313194
ED   38,0.00%,Antonio Reynoso,(Democratic),263,AD 53,2025-11-04_22:10:28.313194
ED   38,0.00%,Janine Acquafredda,(Republican),60,AD 53,2025-11-04_22:10:28.313194
ED   38,0.00%,Janine Acquafredda,(Conservative),14,AD 53,2025-11-04_22:10:28.313194
ED   38,0.00%,Antonio Reynoso,(Working Families),55,AD 53,2025-11-04_22:10:28.313194
ED   38,0.00%,WRITE-IN,&nbsp,-,AD 53,2025-11-04_22:10:28.313194
ED   39,0.00%,Antonio Reynoso,(Democratic),277,AD 53,2025-11-04_22:10:28.313194
ED   39,0.00%,Janine Acquafredda,(Republican),39,AD 53,2025-11-04_22:10:28.313194
ED   39,0.00%,Janine Acquafredda,(Conservative),7,AD 53,2025-11-04_22:10:28.313194
ED   39,0.00%,Antonio Reynoso,(Working Families),42,AD 53,2025-11-04_22:10:28.313194
ED   39,0.00%,WRITE-IN,&nbsp,-,AD 53,2025-11-04_22:10:28.313194
ED   40,0.00%,Antonio Reynoso,(Democratic),314,AD 53,2025-11-04_22:10:28.313194
ED   40,0.00%,Janine Acquafredda,(Republican),53,AD 53,2025-11-04_22:10:28.313194
ED   40,0.00%,Janine Acquafredda,(Conservative),8,AD 53,2025-11-04_22:10:28.313194
ED   40,0.00%,Antonio Reynoso,(Working Families),57,AD 53,2025-11-04_22:10:28.313194
ED   40,0.00%,WRITE-IN,&nbsp,-,AD 53,2025-11-04_22:10:28.313194
ED   41,0.00%,Antonio Reynoso,(Democratic),457,AD 53,2025-11-04_22:10:28.313194
ED   41,0.00%,Janine Acquafredda,(Republican),55,AD 53,2025-11-04_22:10:28.313194
ED   41,0.00%,Janine Acquafredda,(Conservative),6,AD 53,2025-11-04_22:10:28.313194
ED   41,0.00%,Antonio Reynoso,(Working Families),153,AD 53,2025-11-04_22:10:28.313194
ED   41,0.00%,WRITE-IN,&nbsp,-,AD 53,2025-11-04_22:10:28.313194
ED   42,0.00%,Antonio Reynoso,(Democratic),159,AD 53,2025-11-04_22:10:28.313194
ED   42,0.00%,Janine Acquafredda,(Republican),22,AD 53,2025-11-04_22:10:28.313194
ED   42,0.00%,Janine Acquafredda,(Conservative),3,AD 53,2025-11-04_22:10:28.313194
ED   42,0.00%,Antonio Reynoso,(Working Families),27,AD 53,2025-11-04_22:10:28.313194
ED   42,0.00%,WRITE-IN,&nbsp,-,AD 53,2025-11-04_22:10:28.313194
ED   43,0.00%,Antonio Reynoso,(Democratic),254,AD 53,2025-11-04_22:10:28.313194
ED   43,0.00%,Janine Acquafredda,(Republican),13,AD 53,2025-11-04_22:10:28.313194
ED   43,0.00%,Janine Acquafredda,(Conservative),1,AD 53,2025-11-04_22:10:28.313194
ED   43,0.00%,Antonio Reynoso,(Working Families),116,AD 53,2025-11-04_22:10:28.313194
ED   43,0.00%,WRITE-IN,&nbsp,-,AD 53,2025-11-04_22:10:28.313194
ED   44,0.00%,Antonio Reynoso,(Democratic),331,AD 53,2025-11-04_22:10:28.313194
ED   44,0.00%,Janine Acquafredda,(Republican),30,AD 53,2025-11-04_22:10:28.313194
ED   44,0.00%,Janine Acquafredda,(Conservative),2,AD 53,2025-11-04_22:10:28.313194
ED   44,0.00%,Antonio Reynoso,(Working Families),100,AD 53,2025-11-04_22:10:28.313194
ED   44,0.00%,WRITE-IN,&nbsp,1,AD 53,2025-11-04_22:10:28.313194
ED   45,0.00%,Antonio Reynoso,(Democratic),321,AD 53,2025-11-04_22:10:28.313194
ED   45,0.00%,Janine Acquafredda,(Republican),37,AD 53,2025-11-04_22:10:28.313194
ED   45,0.00%,Janine Acquafredda,(Conservative),6,AD 53,2025-11-04_22:10:28.313194
ED   45,0.00%,Antonio Reynoso,(Working Families),88,AD 53,2025-11-04_22:10:28.313194
ED   45,0.00%,WRITE-IN,&nbsp,-,AD 53,2025-11-04_22:10:28.313194
ED   46,0.00%,Antonio Reynoso,(Democratic),367,AD 53,2025-11-04_22:10:28.313194
ED   46,0.00%,Janine Acquafredda,(Republican),44,AD 53,2025-11-04_22:10:28.313194
ED   46,0.00%,Janine Acquafredda,(Conservative),4,AD 53,2025-11-04_22:10:28.313194
ED   46,0.00%,Antonio Reynoso,(Working Families),122,AD 53,2025-11-04_22:10:28.313194
ED   46,0.00%,WRITE-IN,&nbsp,1,AD 53,2025-11-04_22:10:28.313194
ED   47,0.00%,Antonio Reynoso,(Democratic),363,AD 53,2025-11-04_22:10:28.313194
ED   47,0.00%,Janine Acquafredda,(Republican),34,AD 53,2025-11-04_22:10:28.313194
ED   47,0.00%,Janine Acquafredda,(Conservative),5,AD 53,2025-11-04_22:10:28.313194
ED   47,0.00%,Antonio Reynoso,(Working Families),107,AD 53,2025-11-04_22:10:28.313194
ED   47,0.00%,WRITE-IN,&nbsp,1,AD 53,2025-11-04_22:10:28.313194
ED   48,0.00%,Antonio Reynoso,(Democratic),355,AD 53,2025-11-04_22:10:28.313194
ED   48,0.00%,Janine Acquafredda,(Republican),28,AD 53,2025-11-04_22:10:28.313194
ED   48,0.00%,Janine Acquafredda,(Conservative),5,AD 53,2025-11-04_22:10:28.313194
ED   48,0.00%,Antonio Reynoso,(Working Families),110,AD 53,2025-11-04_22:10:28.313194
ED   48,0.00%,WRITE-IN,&nbsp,1,AD 53,2025-11-04_22:10:28.313194
ED   49,0.00%,Antonio Reynoso,(Democratic),380,AD 53,2025-11-04_22:10:28.313194
ED   49,0.00%,Janine Acquafredda,(Republican),22,AD 53,2025-11-04_22:10:28.313194
ED   49,0.00%,Janine Acquafredda,(Conservative),5,AD 53,2025-11-04_22:10:28.313194
ED   49,0.00%,Antonio Reynoso,(Working Families),151,AD 53,2025-11-04_22:10:28.313194
ED   49,0.00%,WRITE-IN,&nbsp,2,AD 53,2025-11-04_22:10:28.313194
ED   50,0.00%,Antonio Reynoso,(Democratic),397,AD 53,2025-11-04_22:10:28.313194
ED   50,0.00%,Janine Acquafredda,(Republican),39,AD 53,2025-11-04_22:10:28.313194
ED   50,0.00%,Janine Acquafredda,(Conservative),8,AD 53,2025-11-04_22:10:28.313194
ED   50,0.00%,Antonio Reynoso,(Working Families),120,AD 53,2025-11-04_22:10:28.313194
ED   50,0.00%,WRITE-IN,&nbsp,2,AD 53,2025-11-04_22:10:28.313194
ED   51,0.00%,Antonio Reynoso,(Democratic),278,AD 53,2025-11-04_22:10:28.313194
ED   51,0.00%,Janine Acquafredda,(Republican),34,AD 53,2025-11-04_22:10:28.313194
ED   51,0.00%,Janine Acquafredda,(Conservative),11,AD 53,2025-11-04_22:10:28.313194
ED   51,0.00%,Antonio Reynoso,(Working Families),74,AD 53,2025-11-04_22:10:28.313194
ED   51,0.00%,WRITE-IN,&nbsp,2,AD 53,2025-11-04_22:10:28.313194
ED   52,0.00%,Antonio Reynoso,(Democratic),380,AD 53,2025-11-04_22:10:28.313194
ED   52,0.00%,Janine Acquafredda,(Republican),36,AD 53,2025-11-04_22:10:28.313194
ED   52,0.00%,Janine Acquafredda,(Conservative),7,AD 53,2025-11-04_22:10:28.313194
ED   52,0.00%,Antonio Reynoso,(Working Families),119,AD 53,2025-11-04_22:10:28.313194
ED   52,0.00%,WRITE-IN,&nbsp,-,AD 53,2025-11-04_22:10:28.313194
ED   53,0.00%,Antonio Reynoso,(Democratic),454,AD 53,2025-11-04_22:10:28.313194
ED   53,0.00%,Janine Acquafredda,(Republican),32,AD 53,2025-11-04_22:10:28.313194
ED   53,0.00%,Janine Acquafredda,(Conservative),5,AD 53,2025-11-04_22:10:28.313194
ED   53,0.00%,Antonio Reynoso,(Working Families),165,AD 53,2025-11-04_22:10:28.313194
ED   53,0.00%,WRITE-IN,&nbsp,-,AD 53,2025-11-04_22:10:28.313194
ED   54,0.00%,Antonio Reynoso,(Democratic),415,AD 53,2025-11-04_22:10:28.313194
ED   54,0.00%,Janine Acquafredda,(Republican),20,AD 53,2025-11-04_22:10:28.313194
ED   54,0.00%,Janine Acquafredda,(Conservative),4,AD 53,2025-11-04_22:10:28.313194
ED   54,0.00%,Antonio Reynoso,(Working Families),156,AD 53,2025-11-04_22:10:28.313194
ED   54,0.00%,WRITE-IN,&nbsp,-,AD 53,2025-11-04_22:10:28.313194
ED   55,0.00%,Antonio Reynoso,(Democratic),357,AD 53,2025-11-04_22:10:28.313194
ED   55,0.00%,Janine Acquafredda,(Republican),31,AD 53,2025-11-04_22:10:28.313194
ED   55,0.00%,Janine Acquafredda,(Conservative),4,AD 53,2025-11-04_22:10:28.313194
ED   55,0.00%,Antonio Reynoso,(Working Families),143,AD 53,2025-11-04_22:10:28.313194
ED   55,0.00%,WRITE-IN,&nbsp,3,AD 53,2025-11-04_22:10:28.313194
ED   56,0.00%,Antonio Reynoso,(Democratic),436,AD 53,2025-11-04_22:10:28.313194
ED   56,0.00%,Janine Acquafredda,(Republican),44,AD 53,2025-11-04_22:10:28.313194
ED   56,0.00%,Janine Acquafredda,(Conservative),11,AD 53,2025-11-04_22:10:28.313194
ED   56,0.00%,Antonio Reynoso,(Working Families),138,AD 53,2025-11-04_22:10:28.313194
ED   56,0.00%,WRITE-IN,&nbsp,-,AD 53,2025-11-04_22:10:28.313194
ED   57,0.00%,Antonio Reynoso,(Democratic),165,AD 53,2025-11-04_22:10:28.313194
ED   57,0.00%,Janine Acquafredda,(Republican),18,AD 53,2025-11-04_22:10:28.313194
ED   57,0.00%,Janine Acquafredda,(Conservative),5,AD 53,2025-11-04_22:10:28.313194
ED   57,0.00%,Antonio Reynoso,(Working Families),30,AD 53,2025-11-04_22:10:28.313194
ED   57,0.00%,WRITE-IN,&nbsp,-,AD 53,2025-11-04_22:10:28.313194
ED   58,0.00%,Antonio Reynoso,(Democratic),111,AD 53,2025-11-04_22:10:28.313194
ED   58,0.00%,Janine Acquafredda,(Republican),6,AD 53,2025-11-04_22:10:28.313194
ED   58,0.00%,Janine Acquafredda,(Conservative),1,AD 53,2025-11-04_22:10:28.313194
ED   58,0.00%,Antonio Reynoso,(Working Families),53,AD 53,2025-11-04_22:10:28.313194
ED   58,0.00%,WRITE-IN,&nbsp,-,AD 53,2025-11-04_22:10:28.313194
ED   59,0.00%,Antonio Reynoso,(Democratic),260,AD 53,2025-11-04_22:10:28.313194
ED   59,0.00%,Janine Acquafredda,(Republican),14,AD 53,2025-11-04_22:10:28.313194
ED   59,0.00%,Janine Acquafredda,(Conservative),2,AD 53,2025-11-04_22:10:28.313194
ED   59,0.00%,Antonio Reynoso,(Working Families),79,AD 53,2025-11-04_22:10:28.313194
ED   59,0.00%,WRITE-IN,&nbsp,-,AD 53,2025-11-04_22:10:28.313194
ED   60,0.00%,Antonio Reynoso,(Democratic),246,AD 53,2025-11-04_22:10:28.313194
ED   60,0.00%,Janine Acquafredda,(Republican),10,AD 53,2025-11-04_22:10:28.313194
ED   60,0.00%,Janine Acquafredda,(Conservative),2,AD 53,2025-11-04_22:10:28.313194
ED   60,0.00%,Antonio Reynoso,(Working Families),144,AD 53,2025-11-04_22:10:28.313194
ED   60,0.00%,WRITE-IN,&nbsp,2,AD 53,2025-11-04_22:10:28.313194
ED   61,0.00%,Antonio Reynoso,(Democratic),566,AD 53,2025-11-04_22:10:28.313194
ED   61,0.00%,Janine Acquafredda,(Republican),58,AD 53,2025-11-04_22:10:28.313194
ED   61,0.00%,Janine Acquafredda,(Conservative),7,AD 53,2025-11-04_22:10:28.313194
ED   61,0.00%,Antonio Reynoso,(Working Families),219,AD 53,2025-11-04_22:10:28.313194
ED   61,0.00%,WRITE-IN,&nbsp,-,AD 53,2025-11-04_22:10:28.313194
ED   62,0.00%,Antonio Reynoso,(Democratic),306,AD 53,2025-11-04_22:10:28.313194
ED   62,0.00%,Janine Acquafredda,(Republican),34,AD 53,2025-11-04_22:10:28.313194
ED   62,0.00%,Janine Acquafredda,(Conservative),5,AD 53,2025-11-04_22:10:28.313194
ED   62,0.00%,Antonio Reynoso,(Working Families),75,AD 53,2025-11-04_22:10:28.313194
ED   62,0.00%,WRITE-IN,&nbsp,-,AD 53,2025-11-04_22:10:28.313194
ED   63,0.00%,Antonio Reynoso,(Democratic),194,AD 53,2025-11-04_22:10:28.313194
ED   63,0.00%,Janine Acquafredda,(Republican),11,AD 53,2025-11-04_22:10:28.313194
ED   63,0.00%,Janine Acquafredda,(Conservative),2,AD 53,2025-11-04_22:10:28.313194
ED   63,0.00%,Antonio Reynoso,(Working Families),95,AD 53,2025-11-04_22:10:28.313194
ED   63,0.00%,WRITE-IN,&nbsp,-,AD 53,2025-11-04_22:10:28.313194
Total,,Antonio Reynoso,(Democratic),21223,AD 53,2025-11-04_22:10:28.313194
Total,,Janine Acquafredda,(Republican),1803,AD 53,2025-11-04_22:10:28.313194
Total,,Janine Acquafredda,(Conservative),296,AD 53,2025-11-04_22:10:28.313194
Total,,Antonio Reynoso,(Working Families),8181,AD 53,2025-11-04_22:10:28.313194
Total,,WRITE-IN,&nbsp,37,AD 53,2025-11-04_22:10:28.313194
ED    1,0.00%,Antonio Reynoso,(Democratic),78,AD 54,2025-11-04_22:10:28.313194
ED    1,0.00%,Janine Acquafredda,(Republican),4,AD 54,2025-11-04_22:10:28.313194
ED    1,0.00%,Janine Acquafredda,(Conservative),-,AD 54,2025-11-04_22:10:28.313194
ED    1,0.00%,Antonio Reynoso,(Working Families),5,AD 54,2025-11-04_22:10:28.313194
ED    1,0.00%,WRITE-IN,&nbsp,-,AD 54,2025-11-04_22:10:28.313194
ED    2,0.00%,Antonio Reynoso,(Democratic),329,AD 54,2025-11-04_22:10:28.313194
ED    2,0.00%,Janine Acquafredda,(Republican),27,AD 54,2025-11-04_22:10:28.313194
ED    2,0.00%,Janine Acquafredda,(Conservative),6,AD 54,2025-11-04_22:10:28.313194
ED    2,0.00%,Antonio Reynoso,(Working Families),20,AD 54,2025-11-04_22:10:28.313194
ED    2,0.00%,WRITE-IN,&nbsp,1,AD 54,2025-11-04_22:10:28.313194
ED    3,0.00%,Antonio Reynoso,(Democratic),101,AD 54,2025-11-04_22:10:28.313194
ED    3,0.00%,Janine Acquafredda,(Republican),17,AD 54,2025-11-04_22:10:28.313194
ED    3,0.00%,Janine Acquafredda,(Conservative),3,AD 54,2025-11-04_22:10:28.313194
ED    3,0.00%,Antonio Reynoso,(Working Families),9,AD 54,2025-11-04_22:10:28.313194
ED    3,0.00%,WRITE-IN,&nbsp,-,AD 54,2025-11-04_22:10:28.313194
ED    4,0.00%,Antonio Reynoso,(Democratic),295,AD 54,2025-11-04_22:10:28.313194
ED    4,0.00%,Janine Acquafredda,(Republican),14,AD 54,2025-11-04_22:10:28.313194
ED    4,0.00%,Janine Acquafredda,(Conservative),4,AD 54,2025-11-04_22:10:28.313194
ED    4,0.00%,Antonio Reynoso,(Working Families),26,AD 54,2025-11-04_22:10:28.313194
ED    4,0.00%,WRITE-IN,&nbsp,-,AD 54,2025-11-04_22:10:28.313194
ED    5,0.00%,Antonio Reynoso,(Democratic),139,AD 54,2025-11-04_22:10:28.313194
ED    5,0.00%,Janine Acquafredda,(Republican),5,AD 54,2025-11-04_22:10:28.313194
ED    5,0.00%,Janine Acquafredda,(Conservative),1,AD 54,2025-11-04_22:10:28.313194
ED    5,0.00%,Antonio Reynoso,(Working Families),15,AD 54,2025-11-04_22:10:28.313194
ED    5,0.00%,WRITE-IN,&nbsp,1,AD 54,2025-11-04_22:10:28.313194
ED    6,0.00%,Antonio Reynoso,(Democratic),133,AD 54,2025-11-04_22:10:28.313194
ED    6,0.00%,Janine Acquafredda,(Republican),7,AD 54,2025-11-04_22:10:28.313194
ED    6,0.00%,Janine Acquafredda,(Conservative),-,AD 54,2025-11-04_22:10:28.313194
ED    6,0.00%,Antonio Reynoso,(Working Families),8,AD 54,2025-11-04_22:10:28.313194
ED    6,0.00%,WRITE-IN,&nbsp,-,AD 54,2025-11-04_22:10:28.313194
ED    7,0.00%,Antonio Reynoso,(Democratic),258,AD 54,2025-11-04_22:10:28.313194
ED    7,0.00%,Janine Acquafredda,(Republican),45,AD 54,2025-11-04_22:10:28.313194
ED    7,0.00%,Janine Acquafredda,(Conservative),6,AD 54,2025-11-04_22:10:28.313194
ED    7,0.00%,Antonio Reynoso,(Working Families),39,AD 54,2025-11-04_22:10:28.313194
ED    7,0.00%,WRITE-IN,&nbsp,1,AD 54,2025-11-04_22:10:28.313194
ED    8,0.00%,Antonio Reynoso,(Democratic),160,AD 54,2025-11-04_22:10:28.313194
ED    8,0.00%,Janine Acquafredda,(Republican),27,AD 54,2025-11-04_22:10:28.313194
ED    8,0.00%,Janine Acquafredda,(Conservative),4,AD 54,2025-11-04_22:10:28.313194
ED    8,0.00%,Antonio Reynoso,(Working Families),41,AD 54,2025-11-04_22:10:28.313194
ED    8,0.00%,WRITE-IN,&nbsp,3,AD 54,2025-11-04_22:10:28.313194
ED    9,0.00%,Antonio Reynoso,(Democratic),160,AD 54,2025-11-04_22:10:28.313194
ED    9,0.00%,Janine Acquafredda,(Republican),33,AD 54,2025-11-04_22:10:28.313194
ED    9,0.00%,Janine Acquafredda,(Conservative),4,AD 54,2025-11-04_22:10:28.313194
ED    9,0.00%,Antonio Reynoso,(Working Families),12,AD 54,2025-11-04_22:10:28.313194
ED    9,0.00%,WRITE-IN,&nbsp,1,AD 54,2025-11-04_22:10:28.313194
ED   10,0.00%,Antonio Reynoso,(Democratic),211,AD 54,2025-11-04_22:10:28.313194
ED   10,0.00%,Janine Acquafredda,(Republican),9,AD 54,2025-11-04_22:10:28.313194
ED   10,0.00%,Janine Acquafredda,(Conservative),5,AD 54,2025-11-04_22:10:28.313194
ED   10,0.00%,Antonio Reynoso,(Working Families),14,AD 54,2025-11-04_22:10:28.313194
ED   10,0.00%,WRITE-IN,&nbsp,2,AD 54,2025-11-04_22:10:28.313194
ED   11,0.00%,Antonio Reynoso,(Democratic),188,AD 54,2025-11-04_22:10:28.313194
ED   11,0.00%,Janine Acquafredda,(Republican),14,AD 54,2025-11-04_22:10:28.313194
ED   11,0.00%,Janine Acquafredda,(Conservative),-,AD 54,2025-11-04_22:10:28.313194
ED   11,0.00%,Antonio Reynoso,(Working Families),20,AD 54,2025-11-04_22:10:28.313194
ED   11,0.00%,WRITE-IN,&nbsp,1,AD 54,2025-11-04_22:10:28.313194
ED   12,0.00%,Antonio Reynoso,(Democratic),169,AD 54,2025-11-04_22:10:28.313194
ED   12,0.00%,Janine Acquafredda,(Republican),22,AD 54,2025-11-04_22:10:28.313194
ED   12,0.00%,Janine Acquafredda,(Conservative),-,AD 54,2025-11-04_22:10:28.313194
ED   12,0.00%,Antonio Reynoso,(Working Families),13,AD 54,2025-11-04_22:10:28.313194
ED   12,0.00%,WRITE-IN,&nbsp,-,AD 54,2025-11-04_22:10:28.313194
ED   13,0.00%,Antonio Reynoso,(Democratic),133,AD 54,2025-11-04_22:10:28.313194
ED   13,0.00%,Janine Acquafredda,(Republican),12,AD 54,2025-11-04_22:10:28.313194
ED   13,0.00%,Janine Acquafredda,(Conservative),1,AD 54,2025-11-04_22:10:28.313194
ED   13,0.00%,Antonio Reynoso,(Working Families),22,AD 54,2025-11-04_22:10:28.313194
ED   13,0.00%,WRITE-IN,&nbsp,-,AD 54,2025-11-04_22:10:28.313194
ED   14,0.00%,Antonio Reynoso,(Democratic),161,AD 54,2025-11-04_22:10:28.313194
ED   14,0.00%,Janine Acquafredda,(Republican),10,AD 54,2025-11-04_22:10:28.313194
ED   14,0.00%,Janine Acquafredda,(Conservative),4,AD 54,2025-11-04_22:10:28.313194
ED   14,0.00%,Antonio Reynoso,(Working Families),19,AD 54,2025-11-04_22:10:28.313194
ED   14,0.00%,WRITE-IN,&nbsp,1,AD 54,2025-11-04_22:10:28.313194
ED   15,0.00%,Antonio Reynoso,(Democratic),162,AD 54,2025-11-04_22:10:28.313194
ED   15,0.00%,Janine Acquafredda,(Republican),2,AD 54,2025-11-04_22:10:28.313194
ED   15,0.00%,Janine Acquafredda,(Conservative),2,AD 54,2025-11-04_22:10:28.313194
ED   15,0.00%,Antonio Reynoso,(Working Families),13,AD 54,2025-11-04_22:10:28.313194
ED   15,0.00%,WRITE-IN,&nbsp,-,AD 54,2025-11-04_22:10:28.313194
ED   16,0.00%,Antonio Reynoso,(Democratic),88,AD 54,2025-11-04_22:10:28.313194
ED   16,0.00%,Janine Acquafredda,(Republican),6,AD 54,2025-11-04_22:10:28.313194
ED   16,0.00%,Janine Acquafredda,(Conservative),2,AD 54,2025-11-04_22:10:28.313194
ED   16,0.00%,Antonio Reynoso,(Working Families),11,AD 54,2025-11-04_22:10:28.313194
ED   16,0.00%,WRITE-IN,&nbsp,-,AD 54,2025-11-04_22:10:28.313194
ED   17,0.00%,Antonio Reynoso,(Democratic),157,AD 54,2025-11-04_22:10:28.313194
ED   17,0.00%,Janine Acquafredda,(Republican),15,AD 54,2025-11-04_22:10:28.313194
ED   17,0.00%,Janine Acquafredda,(Conservative),3,AD 54,2025-11-04_22:10:28.313194
ED   17,0.00%,Antonio Reynoso,(Working Families),11,AD 54,2025-11-04_22:10:28.313194
ED   17,0.00%,WRITE-IN,&nbsp,-,AD 54,2025-11-04_22:10:28.313194
ED   18,0.00%,Antonio Reynoso,(Democratic),231,AD 54,2025-11-04_22:10:28.313194
ED   18,0.00%,Janine Acquafredda,(Republican),21,AD 54,2025-11-04_22:10:28.313194
ED   18,0.00%,Janine Acquafredda,(Conservative),3,AD 54,2025-11-04_22:10:28.313194
ED   18,0.00%,Antonio Reynoso,(Working Families),39,AD 54,2025-11-04_22:10:28.313194
ED   18,0.00%,WRITE-IN,&nbsp,1,AD 54,2025-11-04_22:10:28.313194
ED   19,0.00%,Antonio Reynoso,(Democratic),134,AD 54,2025-11-04_22:10:28.313194
ED   19,0.00%,Janine Acquafredda,(Republican),20,AD 54,2025-11-04_22:10:28.313194
ED   19,0.00%,Janine Acquafredda,(Conservative),9,AD 54,2025-11-04_22:10:28.313194
ED   19,0.00%,Antonio Reynoso,(Working Families),22,AD 54,2025-11-04_22:10:28.313194
ED   19,0.00%,WRITE-IN,&nbsp,-,AD 54,2025-11-04_22:10:28.313194
ED   20,0.00%,Antonio Reynoso,(Democratic),116,AD 54,2025-11-04_22:10:28.313194
ED   20,0.00%,Janine Acquafredda,(Republican),11,AD 54,2025-11-04_22:10:28.313194
ED   20,0.00%,Janine Acquafredda,(Conservative),6,AD 54,2025-11-04_22:10:28.313194
ED   20,0.00%,Antonio Reynoso,(Working Families),16,AD 54,2025-11-04_22:10:28.313194
ED   20,0.00%,WRITE-IN,&nbsp,-,AD 54,2025-11-04_22:10:28.313194
ED   21,0.00%,Antonio Reynoso,(Democratic),119,AD 54,2025-11-04_22:10:28.313194
ED   21,0.00%,Janine Acquafredda,(Republican),27,AD 54,2025-11-04_22:10:28.313194
ED   21,0.00%,Janine Acquafredda,(Conservative),4,AD 54,2025-11-04_22:10:28.313194
ED   21,0.00%,Antonio Reynoso,(Working Families),15,AD 54,2025-11-04_22:10:28.313194
ED   21,0.00%,WRITE-IN,&nbsp,-,AD 54,2025-11-04_22:10:28.313194
ED   22,0.00%,Antonio Reynoso,(Democratic),127,AD 54,2025-11-04_22:10:28.313194
ED   22,0.00%,Janine Acquafredda,(Republican),30,AD 54,2025-11-04_22:10:28.313194
ED   22,0.00%,Janine Acquafredda,(Conservative),4,AD 54,2025-11-04_22:10:28.313194
ED   22,0.00%,Antonio Reynoso,(Working Families),23,AD 54,2025-11-04_22:10:28.313194
ED   22,0.00%,WRITE-IN,&nbsp,1,AD 54,2025-11-04_22:10:28.313194
ED   23,0.00%,Antonio Reynoso,(Democratic),209,AD 54,2025-11-04_22:10:28.313194
ED   23,0.00%,Janine Acquafredda,(Republican),22,AD 54,2025-11-04_22:10:28.313194
ED   23,0.00%,Janine Acquafredda,(Conservative),5,AD 54,2025-11-04_22:10:28.313194
ED   23,0.00%,Antonio Reynoso,(Working Families),27,AD 54,2025-11-04_22:10:28.313194
ED   23,0.00%,WRITE-IN,&nbsp,1,AD 54,2025-11-04_22:10:28.313194
ED   24,0.00%,Antonio Reynoso,(Democratic),149,AD 54,2025-11-04_22:10:28.313194
ED   24,0.00%,Janine Acquafredda,(Republican),27,AD 54,2025-11-04_22:10:28.313194
ED   24,0.00%,Janine Acquafredda,(Conservative),4,AD 54,2025-11-04_22:10:28.313194
ED   24,0.00%,Antonio Reynoso,(Working Families),36,AD 54,2025-11-04_22:10:28.313194
ED   24,0.00%,WRITE-IN,&nbsp,-,AD 54,2025-11-04_22:10:28.313194
ED   25,0.00%,Antonio Reynoso,(Democratic),183,AD 54,2025-11-04_22:10:28.313194
ED   25,0.00%,Janine Acquafredda,(Republican),36,AD 54,2025-11-04_22:10:28.313194
ED   25,0.00%,Janine Acquafredda,(Conservative),7,AD 54,2025-11-04_22:10:28.313194
ED   25,0.00%,Antonio Reynoso,(Working Families),33,AD 54,2025-11-04_22:10:28.313194
ED   25,0.00%,WRITE-IN,&nbsp,-,AD 54,2025-11-04_22:10:28.313194
ED   26,0.00%,Antonio Reynoso,(Democratic),123,AD 54,2025-11-04_22:10:28.313194
ED   26,0.00%,Janine Acquafredda,(Republican),41,AD 54,2025-11-04_22:10:28.313194
ED   26,0.00%,Janine Acquafredda,(Conservative),3,AD 54,2025-11-04_22:10:28.313194
ED   26,0.00%,Antonio Reynoso,(Working Families),23,AD 54,2025-11-04_22:10:28.313194
ED   26,0.00%,WRITE-IN,&nbsp,1,AD 54,2025-11-04_22:10:28.313194
ED   27,0.00%,Antonio Reynoso,(Democratic),181,AD 54,2025-11-04_22:10:28.313194
ED   27,0.00%,Janine Acquafredda,(Republican),33,AD 54,2025-11-04_22:10:28.313194
ED   27,0.00%,Janine Acquafredda,(Conservative),2,AD 54,2025-11-04_22:10:28.313194
ED   27,0.00%,Antonio Reynoso,(Working Families),27,AD 54,2025-11-04_22:10:28.313194
ED   27,0.00%,WRITE-IN,&nbsp,-,AD 54,2025-11-04_22:10:28.313194
ED   28,0.00%,Antonio Reynoso,(Democratic),168,AD 54,2025-11-04_22:10:28.313194
ED   28,0.00%,Janine Acquafredda,(Republican),27,AD 54,2025-11-04_22:10:28.313194
ED   28,0.00%,Janine Acquafredda,(Conservative),7,AD 54,2025-11-04_22:10:28.313194
ED   28,0.00%,Antonio Reynoso,(Working Families),24,AD 54,2025-11-04_22:10:28.313194
ED   28,0.00%,WRITE-IN,&nbsp,1,AD 54,2025-11-04_22:10:28.313194
ED   29,0.00%,Antonio Reynoso,(Democratic),198,AD 54,2025-11-04_22:10:28.313194
ED   29,0.00%,Janine Acquafredda,(Republican),47,AD 54,2025-11-04_22:10:28.313194
ED   29,0.00%,Janine Acquafredda,(Conservative),7,AD 54,2025-11-04_22:10:28.313194
ED   29,0.00%,Antonio Reynoso,(Working Families),34,AD 54,2025-11-04_22:10:28.313194
ED   29,0.00%,WRITE-IN,&nbsp,-,AD 54,2025-11-04_22:10:28.313194
ED   30,0.00%,Antonio Reynoso,(Democratic),162,AD 54,2025-11-04_22:10:28.313194
ED   30,0.00%,Janine Acquafredda,(Republican),44,AD 54,2025-11-04_22:10:28.313194
ED   30,0.00%,Janine Acquafredda,(Conservative),3,AD 54,2025-11-04_22:10:28.313194
ED   30,0.00%,Antonio Reynoso,(Working Families),24,AD 54,2025-11-04_22:10:28.313194
ED   30,0.00%,WRITE-IN,&nbsp,-,AD 54,2025-11-04_22:10:28.313194
ED   31,0.00%,Antonio Reynoso,(Democratic),248,AD 54,2025-11-04_22:10:28.313194
ED   31,0.00%,Janine Acquafredda,(Republican),62,AD 54,2025-11-04_22:10:28.313194
ED   31,0.00%,Janine Acquafredda,(Conservative),8,AD 54,2025-11-04_22:10:28.313194
ED   31,0.00%,Antonio Reynoso,(Working Families),40,AD 54,2025-11-04_22:10:28.313194
ED   31,0.00%,WRITE-IN,&nbsp,-,AD 54,2025-11-04_22:10:28.313194
ED   32,0.00%,Antonio Reynoso,(Democratic),165,AD 54,2025-11-04_22:10:28.313194
ED   32,0.00%,Janine Acquafredda,(Republican),29,AD 54,2025-11-04_22:10:28.313194
ED   32,0.00%,Janine Acquafredda,(Conservative),8,AD 54,2025-11-04_22:10:28.313194
ED   32,0.00%,Antonio Reynoso,(Working Families),30,AD 54,2025-11-04_22:10:28.313194
ED   32,0.00%,WRITE-IN,&nbsp,1,AD 54,2025-11-04_22:10:28.313194
ED   33,0.00%,Antonio Reynoso,(Democratic),228,AD 54,2025-11-04_22:10:28.313194
ED   33,0.00%,Janine Acquafredda,(Republican),46,AD 54,2025-11-04_22:10:28.313194
ED   33,0.00%,Janine Acquafredda,(Conservative),6,AD 54,2025-11-04_22:10:28.313194
ED   33,0.00%,Antonio Reynoso,(Working Families),38,AD 54,2025-11-04_22:10:28.313194
ED   33,0.00%,WRITE-IN,&nbsp,-,AD 54,2025-11-04_22:10:28.313194
ED   34,0.00%,Antonio Reynoso,(Democratic),196,AD 54,2025-11-04_22:10:28.313194
ED   34,0.00%,Janine Acquafredda,(Republican),34,AD 54,2025-11-04_22:10:28.313194
ED   34,0.00%,Janine Acquafredda,(Conservative),6,AD 54,2025-11-04_22:10:28.313194
ED   34,0.00%,Antonio Reynoso,(Working Families),37,AD 54,2025-11-04_22:10:28.313194
ED   34,0.00%,WRITE-IN,&nbsp,-,AD 54,2025-11-04_22:10:28.313194
ED   35,0.00%,Antonio Reynoso,(Democratic),314,AD 54,2025-11-04_22:10:28.313194
ED   35,0.00%,Janine Acquafredda,(Republican),54,AD 54,2025-11-04_22:10:28.313194
ED   35,0.00%,Janine Acquafredda,(Conservative),8,AD 54,2025-11-04_22:10:28.313194
ED   35,0.00%,Antonio Reynoso,(Working Families),41,AD 54,2025-11-04_22:10:28.313194
ED   35,0.00%,WRITE-IN,&nbsp,-,AD 54,2025-11-04_22:10:28.313194
ED   36,0.00%,Antonio Reynoso,(Democratic),333,AD 54,2025-11-04_22:10:28.313194
ED   36,0.00%,Janine Acquafredda,(Republican),33,AD 54,2025-11-04_22:10:28.313194
ED   36,0.00%,Janine Acquafredda,(Conservative),6,AD 54,2025-11-04_22:10:28.313194
ED   36,0.00%,Antonio Reynoso,(Working Families),55,AD 54,2025-11-04_22:10:28.313194
ED   36,0.00%,WRITE-IN,&nbsp,-,AD 54,2025-11-04_22:10:28.313194
ED   37,0.00%,Antonio Reynoso,(Democratic),281,AD 54,2025-11-04_22:10:28.313194
ED   37,0.00%,Janine Acquafredda,(Republican),20,AD 54,2025-11-04_22:10:28.313194
ED   37,0.00%,Janine Acquafredda,(Conservative),1,AD 54,2025-11-04_22:10:28.313194
ED   37,0.00%,Antonio Reynoso,(Working Families),87,AD 54,2025-11-04_22:10:28.313194
ED   37,0.00%,WRITE-IN,&nbsp,-,AD 54,2025-11-04_22:10:28.313194
ED   38,0.00%,Antonio Reynoso,(Democratic),453,AD 54,2025-11-04_22:10:28.313194
ED   38,0.00%,Janine Acquafredda,(Republican),16,AD 54,2025-11-04_22:10:28.313194
ED   38,0.00%,Janine Acquafredda,(Conservative),2,AD 54,2025-11-04_22:10:28.313194
ED   38,0.00%,Antonio Reynoso,(Working Families),152,AD 54,2025-11-04_22:10:28.313194
ED   38,0.00%,WRITE-IN,&nbsp,-,AD 54,2025-11-04_22:10:28.313194
ED   39,0.00%,Antonio Reynoso,(Democratic),438,AD 54,2025-11-04_22:10:28.313194
ED   39,0.00%,Janine Acquafredda,(Republican),21,AD 54,2025-11-04_22:10:28.313194
ED   39,0.00%,Janine Acquafredda,(Conservative),3,AD 54,2025-11-04_22:10:28.313194
ED   39,0.00%,Antonio Reynoso,(Working Families),174,AD 54,2025-11-04_22:10:28.313194
ED   39,0.00%,WRITE-IN,&nbsp,-,AD 54,2025-11-04_22:10:28.313194
ED   40,0.00%,Antonio Reynoso,(Democratic),418,AD 54,2025-11-04_22:10:28.313194
ED   40,0.00%,Janine Acquafredda,(Republican),28,AD 54,2025-11-04_22:10:28.313194
ED   40,0.00%,Janine Acquafredda,(Conservative),7,AD 54,2025-11-04_22:10:28.313194
ED   40,0.00%,Antonio Reynoso,(Working Families),148,AD 54,2025-11-04_22:10:28.313194
ED   40,0.00%,WRITE-IN,&nbsp,1,AD 54,2025-11-04_22:10:28.313194
ED   41,0.00%,Antonio Reynoso,(Democratic),404,AD 54,2025-11-04_22:10:28.313194
ED   41,0.00%,Janine Acquafredda,(Republican),15,AD 54,2025-11-04_22:10:28.313194
ED   41,0.00%,Janine Acquafredda,(Conservative),4,AD 54,2025-11-04_22:10:28.313194
ED   41,0.00%,Antonio Reynoso,(Working Families),138,AD 54,2025-11-04_22:10:28.313194
ED   41,0.00%,WRITE-IN,&nbsp,1,AD 54,2025-11-04_22:10:28.313194
ED   42,0.00%,Antonio Reynoso,(Democratic),300,AD 54,2025-11-04_22:10:28.313194
ED   42,0.00%,Janine Acquafredda,(Republican),19,AD 54,2025-11-04_22:10:28.313194
ED   42,0.00%,Janine Acquafredda,(Conservative),5,AD 54,2025-11-04_22:10:28.313194
ED   42,0.00%,Antonio Reynoso,(Working Families),104,AD 54,2025-11-04_22:10:28.313194
ED   42,0.00%,WRITE-IN,&nbsp,-,AD 54,2025-11-04_22:10:28.313194
ED   43,0.00%,Antonio Reynoso,(Democratic),375,AD 54,2025-11-04_22:10:28.313194
ED   43,0.00%,Janine Acquafredda,(Republican),24,AD 54,2025-11-04_22:10:28.313194
ED   43,0.00%,Janine Acquafredda,(Conservative),8,AD 54,2025-11-04_22:10:28.313194
ED   43,0.00%,Antonio Reynoso,(Working Families),139,AD 54,2025-11-04_22:10:28.313194
ED   43,0.00%,WRITE-IN,&nbsp,-,AD 54,2025-11-04_22:10:28.313194
ED   44,0.00%,Antonio Reynoso,(Democratic),392,AD 54,2025-11-04_22:10:28.313194
ED   44,0.00%,Janine Acquafredda,(Republican),13,AD 54,2025-11-04_22:10:28.313194
ED   44,0.00%,Janine Acquafredda,(Conservative),-,AD 54,2025-11-04_22:10:28.313194
ED   44,0.00%,Antonio Reynoso,(Working Families),128,AD 54,2025-11-04_22:10:28.313194
ED   44,0.00%,WRITE-IN,&nbsp,2,AD 54,2025-11-04_22:10:28.313194
ED   45,0.00%,Antonio Reynoso,(Democratic),381,AD 54,2025-11-04_22:10:28.313194
ED   45,0.00%,Janine Acquafredda,(Republican),30,AD 54,2025-11-04_22:10:28.313194
ED   45,0.00%,Janine Acquafredda,(Conservative),9,AD 54,2025-11-04_22:10:28.313194
ED   45,0.00%,Antonio Reynoso,(Working Families),144,AD 54,2025-11-04_22:10:28.313194
ED   45,0.00%,WRITE-IN,&nbsp,-,AD 54,2025-11-04_22:10:28.313194
ED   46,0.00%,Antonio Reynoso,(Democratic),308,AD 54,2025-11-04_22:10:28.313194
ED   46,0.00%,Janine Acquafredda,(Republican),18,AD 54,2025-11-04_22:10:28.313194
ED   46,0.00%,Janine Acquafredda,(Conservative),3,AD 54,2025-11-04_22:10:28.313194
ED   46,0.00%,Antonio Reynoso,(Working Families),114,AD 54,2025-11-04_22:10:28.313194
ED   46,0.00%,WRITE-IN,&nbsp,1,AD 54,2025-11-04_22:10:28.313194
ED   47,0.00%,Antonio Reynoso,(Democratic),349,AD 54,2025-11-04_22:10:28.313194
ED   47,0.00%,Janine Acquafredda,(Republican),29,AD 54,2025-11-04_22:10:28.313194
ED   47,0.00%,Janine Acquafredda,(Conservative),5,AD 54,2025-11-04_22:10:28.313194
ED   47,0.00%,Antonio Reynoso,(Working Families),148,AD 54,2025-11-04_22:10:28.313194
ED   47,0.00%,WRITE-IN,&nbsp,1,AD 54,2025-11-04_22:10:28.313194
ED   48,0.00%,Antonio Reynoso,(Democratic),294,AD 54,2025-11-04_22:10:28.313194
ED   48,0.00%,Janine Acquafredda,(Republican),25,AD 54,2025-11-04_22:10:28.313194
ED   48,0.00%,Janine Acquafredda,(Conservative),5,AD 54,2025-11-04_22:10:28.313194
ED   48,0.00%,Antonio Reynoso,(Working Families),132,AD 54,2025-11-04_22:10:28.313194
ED   48,0.00%,WRITE-IN,&nbsp,1,AD 54,2025-11-04_22:10:28.313194
ED   49,0.00%,Antonio Reynoso,(Democratic),327,AD 54,2025-11-04_22:10:28.313194
ED   49,0.00%,Janine Acquafredda,(Republican),26,AD 54,2025-11-04_22:10:28.313194
ED   49,0.00%,Janine Acquafredda,(Conservative),8,AD 54,2025-11-04_22:10:28.313194
ED   49,0.00%,Antonio Reynoso,(Working Families),130,AD 54,2025-11-04_22:10:28.313194
ED   49,0.00%,WRITE-IN,&nbsp,-,AD 54,2025-11-04_22:10:28.313194
ED   50,0.00%,Antonio Reynoso,(Democratic),341,AD 54,2025-11-04_22:10:28.313194
ED   50,0.00%,Janine Acquafredda,(Republican),18,AD 54,2025-11-04_22:10:28.313194
ED   50,0.00%,Janine Acquafredda,(Conservative),3,AD 54,2025-11-04_22:10:28.313194
ED   50,0.00%,Antonio Reynoso,(Working Families),130,AD 54,2025-11-04_22:10:28.313194
ED   50,0.00%,WRITE-IN,&nbsp,-,AD 54,2025-11-04_22:10:28.313194
ED   51,0.00%,Antonio Reynoso,(Democratic),360,AD 54,2025-11-04_22:10:28.313194
ED   51,0.00%,Janine Acquafredda,(Republican),40,AD 54,2025-11-04_22:10:28.313194
ED   51,0.00%,Janine Acquafredda,(Conservative),3,AD 54,2025-11-04_22:10:28.313194
ED   51,0.00%,Antonio Reynoso,(Working Families),131,AD 54,2025-11-04_22:10:28.313194
ED   51,0.00%,WRITE-IN,&nbsp,-,AD 54,2025-11-04_22:10:28.313194
ED   52,0.00%,Antonio Reynoso,(Democratic),239,AD 54,2025-11-04_22:10:28.313194
ED   52,0.00%,Janine Acquafredda,(Republican),22,AD 54,2025-11-04_22:10:28.313194
ED   52,0.00%,Janine Acquafredda,(Conservative),3,AD 54,2025-11-04_22:10:28.313194
ED   52,0.00%,Antonio Reynoso,(Working Families),85,AD 54,2025-11-04_22:10:28.313194
ED   52,0.00%,WRITE-IN,&nbsp,2,AD 54,2025-11-04_22:10:28.313194
ED   53,0.00%,Antonio Reynoso,(Democratic),268,AD 54,2025-11-04_22:10:28.313194
ED   53,0.00%,Janine Acquafredda,(Republican),20,AD 54,2025-11-04_22:10:28.313194
ED   53,0.00%,Janine Acquafredda,(Conservative),3,AD 54,2025-11-04_22:10:28.313194
ED   53,0.00%,Antonio Reynoso,(Working Families),116,AD 54,2025-11-04_22:10:28.313194
ED   53,0.00%,WRITE-IN,&nbsp,2,AD 54,2025-11-04_22:10:28.313194
ED   54,0.00%,Antonio Reynoso,(Democratic),308,AD 54,2025-11-04_22:10:28.313194
ED   54,0.00%,Janine Acquafredda,(Republican),18,AD 54,2025-11-04_22:10:28.313194
ED   54,0.00%,Janine Acquafredda,(Conservative),4,AD 54,2025-11-04_22:10:28.313194
ED   54,0.00%,Antonio Reynoso,(Working Families),117,AD 54,2025-11-04_22:10:28.313194
ED   54,0.00%,WRITE-IN,&nbsp,2,AD 54,2025-11-04_22:10:28.313194
ED   55,0.00%,Antonio Reynoso,(Democratic),265,AD 54,2025-11-04_22:10:28.313194
ED   55,0.00%,Janine Acquafredda,(Republican),22,AD 54,2025-11-04_22:10:28.313194
ED   55,0.00%,Janine Acquafredda,(Conservative),3,AD 54,2025-11-04_22:10:28.313194
ED   55,0.00%,Antonio Reynoso,(Working Families),96,AD 54,2025-11-04_22:10:28.313194
ED   55,0.00%,WRITE-IN,&nbsp,-,AD 54,2025-11-04_22:10:28.313194
ED   56,0.00%,Antonio Reynoso,(Democratic),337,AD 54,2025-11-04_22:10:28.313194
ED   56,0.00%,Janine Acquafredda,(Republican),10,AD 54,2025-11-04_22:10:28.313194
ED   56,0.00%,Janine Acquafredda,(Conservative),5,AD 54,2025-11-04_22:10:28.313194
ED   56,0.00%,Antonio Reynoso,(Working Families),115,AD 54,2025-11-04_22:10:28.313194
ED   56,0.00%,WRITE-IN,&nbsp,-,AD 54,2025-11-04_22:10:28.313194
ED   57,0.00%,Antonio Reynoso,(Democratic),326,AD 54,2025-11-04_22:10:28.313194
ED   57,0.00%,Janine Acquafredda,(Republican),24,AD 54,2025-11-04_22:10:28.313194
ED   57,0.00%,Janine Acquafredda,(Conservative),2,AD 54,2025-11-04_22:10:28.313194
ED   57,0.00%,Antonio Reynoso,(Working Families),104,AD 54,2025-11-04_22:10:28.313194
ED   57,0.00%,WRITE-IN,&nbsp,1,AD 54,2025-11-04_22:10:28.313194
ED   58,0.00%,Antonio Reynoso,(Democratic),37,AD 54,2025-11-04_22:10:28.313194
ED   58,0.00%,Janine Acquafredda,(Republican),1,AD 54,2025-11-04_22:10:28.313194
ED   58,0.00%,Janine Acquafredda,(Conservative),2,AD 54,2025-11-04_22:10:28.313194
ED   58,0.00%,Antonio Reynoso,(Working Families),4,AD 54,2025-11-04_22:10:28.313194
ED   58,0.00%,WRITE-IN,&nbsp,-,AD 54,2025-11-04_22:10:28.313194
ED   59,0.00%,Antonio Reynoso,(Democratic),-,AD 54,2025-11-04_22:10:28.313194
ED   59,0.00%,Janine Acquafredda,(Republican),-,AD 54,2025-11-04_22:10:28.313194
ED   59,0.00%,Janine Acquafredda,(Conservative),-,AD 54,2025-11-04_22:10:28.313194
ED   59,0.00%,Antonio Reynoso,(Working Families),-,AD 54,2025-11-04_22:10:28.313194
ED   59,0.00%,WRITE-IN,&nbsp,-,AD 54,2025-11-04_22:10:28.313194
ED   60,0.00%,Antonio Reynoso,(Democratic),44,AD 54,2025-11-04_22:10:28.313194
ED   60,0.00%,Janine Acquafredda,(Republican),2,AD 54,2025-11-04_22:10:28.313194
ED   60,0.00%,Janine Acquafredda,(Conservative),-,AD 54,2025-11-04_22:10:28.313194
ED   60,0.00%,Antonio Reynoso,(Working Families),11,AD 54,2025-11-04_22:10:28.313194
ED   60,0.00%,WRITE-IN,&nbsp,-,AD 54,2025-11-04_22:10:28.313194
ED   61,0.00%,Antonio Reynoso,(Democratic),128,AD 54,2025-11-04_22:10:28.313194
ED   61,0.00%,Janine Acquafredda,(Republican),15,AD 54,2025-11-04_22:10:28.313194
ED   61,0.00%,Janine Acquafredda,(Conservative),1,AD 54,2025-11-04_22:10:28.313194
ED   61,0.00%,Antonio Reynoso,(Working Families),23,AD 54,2025-11-04_22:10:28.313194
ED   61,0.00%,WRITE-IN,&nbsp,2,AD 54,2025-11-04_22:10:28.313194
ED   62,0.00%,Antonio Reynoso,(Democratic),56,AD 54,2025-11-04_22:10:28.313194
ED   62,0.00%,Janine Acquafredda,(Republican),7,AD 54,2025-11-04_22:10:28.313194
ED   62,0.00%,Janine Acquafredda,(Conservative),-,AD 54,2025-11-04_22:10:28.313194
ED   62,0.00%,Antonio Reynoso,(Working Families),11,AD 54,2025-11-04_22:10:28.313194
ED   62,0.00%,WRITE-IN,&nbsp,-,AD 54,2025-11-04_22:10:28.313194
ED   63,0.00%,Antonio Reynoso,(Democratic),24,AD 54,2025-11-04_22:10:28.313194
ED   63,0.00%,Janine Acquafredda,(Republican),1,AD 54,2025-11-04_22:10:28.313194
ED   63,0.00%,Janine Acquafredda,(Conservative),-,AD 54,2025-11-04_22:10:28.313194
ED   63,0.00%,Antonio Reynoso,(Working Families),5,AD 54,2025-11-04_22:10:28.313194
ED   63,0.00%,WRITE-IN,&nbsp,-,AD 54,2025-11-04_22:10:28.313194
ED   64,0.00%,Antonio Reynoso,(Democratic),51,AD 54,2025-11-04_22:10:28.313194
ED   64,0.00%,Janine Acquafredda,(Republican),2,AD 54,2025-11-04_22:10:28.313194
ED   64,0.00%,Janine Acquafredda,(Conservative),-,AD 54,2025-11-04_22:10:28.313194
ED   64,0.00%,Antonio Reynoso,(Working Families),4,AD 54,2025-11-04_22:10:28.313194
ED   64,0.00%,WRITE-IN,&nbsp,-,AD 54,2025-11-04_22:10:28.313194
ED   65,0.00%,Antonio Reynoso,(Democratic),-,AD 54,2025-11-04_22:10:28.313194
ED   65,0.00%,Janine Acquafredda,(Republican),-,AD 54,2025-11-04_22:10:28.313194
ED   65,0.00%,Janine Acquafredda,(Conservative),-,AD 54,2025-11-04_22:10:28.313194
ED   65,0.00%,Antonio Reynoso,(Working Families),-,AD 54,2025-11-04_22:10:28.313194
ED   65,0.00%,WRITE-IN,&nbsp,-,AD 54,2025-11-04_22:10:28.313194
Total,,Antonio Reynoso,(Democratic),14010,AD 54,2025-11-04_22:10:28.313194
Total,,Janine Acquafredda,(Republican),1399,AD 54,2025-11-04_22:10:28.313194
Total,,Janine Acquafredda,(Conservative),240,AD 54,2025-11-04_22:10:28.313194
Total,,Antonio Reynoso,(Working Families),3572,AD 54,2025-11-04_22:10:28.313194
Total,,WRITE-IN,&nbsp,33,AD 54,2025-11-04_22:10:28.313194
ED    1,0.00%,Antonio Reynoso,(Democratic),460,AD 55,2025-11-04_22:10:28.313194
ED    1,0.00%,Janine Acquafredda,(Republican),19,AD 55,2025-11-04_22:10:28.313194
ED    1,0.00%,Janine Acquafredda,(Conservative),3,AD 55,2025-11-04_22:10:28.313194
ED    1,0.00%,Antonio Reynoso,(Working Families),122,AD 55,2025-11-04_22:10:28.313194
ED    1,0.00%,WRITE-IN,&nbsp,-,AD 55,2025-11-04_22:10:28.313194
ED    2,0.00%,Antonio Reynoso,(Democratic),320,AD 55,2025-11-04_22:10:28.313194
ED    2,0.00%,Janine Acquafredda,(Republican),8,AD 55,2025-11-04_22:10:28.313194
ED    2,0.00%,Janine Acquafredda,(Conservative),1,AD 55,2025-11-04_22:10:28.313194
ED    2,0.00%,Antonio Reynoso,(Working Families),80,AD 55,2025-11-04_22:10:28.313194
ED    2,0.00%,WRITE-IN,&nbsp,3,AD 55,2025-11-04_22:10:28.313194
ED    3,0.00%,Antonio Reynoso,(Democratic),269,AD 55,2025-11-04_22:10:28.313194
ED    3,0.00%,Janine Acquafredda,(Republican),18,AD 55,2025-11-04_22:10:28.313194
ED    3,0.00%,Janine Acquafredda,(Conservative),4,AD 55,2025-11-04_22:10:28.313194
ED    3,0.00%,Antonio Reynoso,(Working Families),77,AD 55,2025-11-04_22:10:28.313194
ED    3,0.00%,WRITE-IN,&nbsp,-,AD 55,2025-11-04_22:10:28.313194
ED    4,0.00%,Antonio Reynoso,(Democratic),21,AD 55,2025-11-04_22:10:28.313194
ED    4,0.00%,Janine Acquafredda,(Republican),-,AD 55,2025-11-04_22:10:28.313194
ED    4,0.00%,Janine Acquafredda,(Conservative),1,AD 55,2025-11-04_22:10:28.313194
ED    4,0.00%,Antonio Reynoso,(Working Families),5,AD 55,2025-11-04_22:10:28.313194
ED    4,0.00%,WRITE-IN,&nbsp,-,AD 55,2025-11-04_22:10:28.313194
ED    5,0.00%,Antonio Reynoso,(Democratic),356,AD 55,2025-11-04_22:10:28.313194
ED    5,0.00%,Janine Acquafredda,(Republican),14,AD 55,2025-11-04_22:10:28.313194
ED    5,0.00%,Janine Acquafredda,(Conservative),5,AD 55,2025-11-04_22:10:28.313194
ED    5,0.00%,Antonio Reynoso,(Working Families),112,AD 55,2025-11-04_22:10:28.313194
ED    5,0.00%,WRITE-IN,&nbsp,1,AD 55,2025-11-04_22:10:28.313194
ED    6,0.00%,Antonio Reynoso,(Democratic),267,AD 55,2025-11-04_22:10:28.313194
ED    6,0.00%,Janine Acquafredda,(Republican),12,AD 55,2025-11-04_22:10:28.313194
ED    6,0.00%,Janine Acquafredda,(Conservative),2,AD 55,2025-11-04_22:10:28.313194
ED    6,0.00%,Antonio Reynoso,(Working Families),83,AD 55,2025-11-04_22:10:28.313194
ED    6,0.00%,WRITE-IN,&nbsp,1,AD 55,2025-11-04_22:10:28.313194
ED    7,0.00%,Antonio Reynoso,(Democratic),348,AD 55,2025-11-04_22:10:28.313194
ED    7,0.00%,Janine Acquafredda,(Republican),17,AD 55,2025-11-04_22:10:28.313194
ED    7,0.00%,Janine Acquafredda,(Conservative),6,AD 55,2025-11-04_22:10:28.313194
ED    7,0.00%,Antonio Reynoso,(Working Families),102,AD 55,2025-11-04_22:10:28.313194
ED    7,0.00%,WRITE-IN,&nbsp,-,AD 55,2025-11-04_22:10:28.313194
ED    8,0.00%,Antonio Reynoso,(Democratic),374,AD 55,2025-11-04_22:10:28.313194
ED    8,0.00%,Janine Acquafredda,(Republican),19,AD 55,2025-11-04_22:10:28.313194
ED    8,0.00%,Janine Acquafredda,(Conservative),7,AD 55,2025-11-04_22:10:28.313194
ED    8,0.00%,Antonio Reynoso,(Working Families),78,AD 55,2025-11-04_22:10:28.313194
ED    8,0.00%,WRITE-IN,&nbsp,-,AD 55,2025-11-04_22:10:28.313194
ED    9,0.00%,Antonio Reynoso,(Democratic),274,AD 55,2025-11-04_22:10:28.313194
ED    9,0.00%,Janine Acquafredda,(Republican),10,AD 55,2025-11-04_22:10:28.313194
ED    9,0.00%,Janine Acquafredda,(Conservative),4,AD 55,2025-11-04_22:10:28.313194
ED    9,0.00%,Antonio Reynoso,(Working Families),54,AD 55,2025-11-04_22:10:28.313194
ED    9,0.00%,WRITE-IN,&nbsp,1,AD 55,2025-11-04_22:10:28.313194
ED   10,0.00%,Antonio Reynoso,(Democratic),248,AD 55,2025-11-04_22:10:28.313194
ED   10,0.00%,Janine Acquafredda,(Republican),5,AD 55,2025-11-04_22:10:28.313194
ED   10,0.00%,Janine Acquafredda,(Conservative),3,AD 55,2025-11-04_22:10:28.313194
ED   10,0.00%,Antonio Reynoso,(Working Families),73,AD 55,2025-11-04_22:10:28.313194
ED   10,0.00%,WRITE-IN,&nbsp,2,AD 55,2025-11-04_22:10:28.313194
ED   11,0.00%,Antonio Reynoso,(Democratic),189,AD 55,2025-11-04_22:10:28.313194
ED   11,0.00%,Janine Acquafredda,(Republican),4,AD 55,2025-11-04_22:10:28.313194
ED   11,0.00%,Janine Acquafredda,(Conservative),-,AD 55,2025-11-04_22:10:28.313194
ED   11,0.00%,Antonio Reynoso,(Working Families),51,AD 55,2025-11-04_22:10:28.313194
ED   11,0.00%,WRITE-IN,&nbsp,1,AD 55,2025-11-04_22:10:28.313194
ED   12,0.00%,Antonio Reynoso,(Democratic),374,AD 55,2025-11-04_22:10:28.313194
ED   12,0.00%,Janine Acquafredda,(Republican),11,AD 55,2025-11-04_22:10:28.313194
ED   12,0.00%,Janine Acquafredda,(Conservative),4,AD 55,2025-11-04_22:10:28.313194
ED   12,0.00%,Antonio Reynoso,(Working Families),69,AD 55,2025-11-04_22:10:28.313194
ED   12,0.00%,WRITE-IN,&nbsp,1,AD 55,2025-11-04_22:10:28.313194
ED   13,0.00%,Antonio Reynoso,(Democratic),296,AD 55,2025-11-04_22:10:28.313194
ED   13,0.00%,Janine Acquafredda,(Republican),23,AD 55,2025-11-04_22:10:28.313194
ED   13,0.00%,Janine Acquafredda,(Conservative),6,AD 55,2025-11-04_22:10:28.313194
ED   13,0.00%,Antonio Reynoso,(Working Families),80,AD 55,2025-11-04_22:10:28.313194
ED   13,0.00%,WRITE-IN,&nbsp,-,AD 55,2025-11-04_22:10:28.313194
ED   14,0.00%,Antonio Reynoso,(Democratic),198,AD 55,2025-11-04_22:10:28.313194
ED   14,0.00%,Janine Acquafredda,(Republican),6,AD 55,2025-11-04_22:10:28.313194
ED   14,0.00%,Janine Acquafredda,(Conservative),-,AD 55,2025-11-04_22:10:28.313194
ED   14,0.00%,Antonio Reynoso,(Working Families),80,AD 55,2025-11-04_22:10:28.313194
ED   14,0.00%,WRITE-IN,&nbsp,-,AD 55,2025-11-04_22:10:28.313194
ED   15,0.00%,Antonio Reynoso,(Democratic),249,AD 55,2025-11-04_22:10:28.313194
ED   15,0.00%,Janine Acquafredda,(Republican),9,AD 55,2025-11-04_22:10:28.313194
ED   15,0.00%,Janine Acquafredda,(Conservative),4,AD 55,2025-11-04_22:10:28.313194
ED   15,0.00%,Antonio Reynoso,(Working Families),72,AD 55,2025-11-04_22:10:28.313194
ED   15,0.00%,WRITE-IN,&nbsp,1,AD 55,2025-11-04_22:10:28.313194
ED   16,0.00%,Antonio Reynoso,(Democratic),358,AD 55,2025-11-04_22:10:28.313194
ED   16,0.00%,Janine Acquafredda,(Republican),11,AD 55,2025-11-04_22:10:28.313194
ED   16,0.00%,Janine Acquafredda,(Conservative),3,AD 55,2025-11-04_22:10:28.313194
ED   16,0.00%,Antonio Reynoso,(Working Families),45,AD 55,2025-11-04_22:10:28.313194
ED   16,0.00%,WRITE-IN,&nbsp,-,AD 55,2025-11-04_22:10:28.313194
ED   17,0.00%,Antonio Reynoso,(Democratic),67,AD 55,2025-11-04_22:10:28.313194
ED   17,0.00%,Janine Acquafredda,(Republican),4,AD 55,2025-11-04_22:10:28.313194
ED   17,0.00%,Janine Acquafredda,(Conservative),3,AD 55,2025-11-04_22:10:28.313194
ED   17,0.00%,Antonio Reynoso,(Working Families),6,AD 55,2025-11-04_22:10:28.313194
ED   17,0.00%,WRITE-IN,&nbsp,-,AD 55,2025-11-04_22:10:28.313194
ED   18,0.00%,Antonio Reynoso,(Democratic),21,AD 55,2025-11-04_22:10:28.313194
ED   18,0.00%,Janine Acquafredda,(Republican),3,AD 55,2025-11-04_22:10:28.313194
ED   18,0.00%,Janine Acquafredda,(Conservative),-,AD 55,2025-11-04_22:10:28.313194
ED   18,0.00%,Antonio Reynoso,(Working Families),-,AD 55,2025-11-04_22:10:28.313194
ED   18,0.00%,WRITE-IN,&nbsp,-,AD 55,2025-11-04_22:10:28.313194
ED   19,0.00%,Antonio Reynoso,(Democratic),235,AD 55,2025-11-04_22:10:28.313194
ED   19,0.00%,Janine Acquafredda,(Republican),17,AD 55,2025-11-04_22:10:28.313194
ED   19,0.00%,Janine Acquafredda,(Conservative),2,AD 55,2025-11-04_22:10:28.313194
ED   19,0.00%,Antonio Reynoso,(Working Families),44,AD 55,2025-11-04_22:10:28.313194
ED   19,0.00%,WRITE-IN,&nbsp,-,AD 55,2025-11-04_22:10:28.313194
ED   20,0.00%,Antonio Reynoso,(Democratic),189,AD 55,2025-11-04_22:10:28.313194
ED   20,0.00%,Janine Acquafredda,(Republican),19,AD 55,2025-11-04_22:10:28.313194
ED   20,0.00%,Janine Acquafredda,(Conservative),2,AD 55,2025-11-04_22:10:28.313194
ED   20,0.00%,Antonio Reynoso,(Working Families),25,AD 55,2025-11-04_22:10:28.313194
ED   20,0.00%,WRITE-IN,&nbsp,-,AD 55,2025-11-04_22:10:28.313194
ED   21,0.00%,Antonio Reynoso,(Democratic),28,AD 55,2025-11-04_22:10:28.313194
ED   21,0.00%,Janine Acquafredda,(Republican),4,AD 55,2025-11-04_22:10:28.313194
ED   21,0.00%,Janine Acquafredda,(Conservative),2,AD 55,2025-11-04_22:10:28.313194
ED   21,0.00%,Antonio Reynoso,(Working Families),-,AD 55,2025-11-04_22:10:28.313194
ED   21,0.00%,WRITE-IN,&nbsp,-,AD 55,2025-11-04_22:10:28.313194
ED   22,0.00%,Antonio Reynoso,(Democratic),74,AD 55,2025-11-04_22:10:28.313194
ED   22,0.00%,Janine Acquafredda,(Republican),8,AD 55,2025-11-04_22:10:28.313194
ED   22,0.00%,Janine Acquafredda,(Conservative),-,AD 55,2025-11-04_22:10:28.313194
ED   22,0.00%,Antonio Reynoso,(Working Families),2,AD 55,2025-11-04_22:10:28.313194
ED   22,0.00%,WRITE-IN,&nbsp,-,AD 55,2025-11-04_22:10:28.313194
ED   23,0.00%,Antonio Reynoso,(Democratic),206,AD 55,2025-11-04_22:10:28.313194
ED   23,0.00%,Janine Acquafredda,(Republican),10,AD 55,2025-11-04_22:10:28.313194
ED   23,0.00%,Janine Acquafredda,(Conservative),2,AD 55,2025-11-04_22:10:28.313194
ED   23,0.00%,Antonio Reynoso,(Working Families),21,AD 55,2025-11-04_22:10:28.313194
ED   23,0.00%,WRITE-IN,&nbsp,-,AD 55,2025-11-04_22:10:28.313194
ED   24,0.00%,Antonio Reynoso,(Democratic),212,AD 55,2025-11-04_22:10:28.313194
ED   24,0.00%,Janine Acquafredda,(Republican),15,AD 55,2025-11-04_22:10:28.313194
ED   24,0.00%,Janine Acquafredda,(Conservative),4,AD 55,2025-11-04_22:10:28.313194
ED   24,0.00%,Antonio Reynoso,(Working Families),24,AD 55,2025-11-04_22:10:28.313194
ED   24,0.00%,WRITE-IN,&nbsp,1,AD 55,2025-11-04_22:10:28.313194
ED   25,0.00%,Antonio Reynoso,(Democratic),224,AD 55,2025-11-04_22:10:28.313194
ED   25,0.00%,Janine Acquafredda,(Republican),14,AD 55,2025-11-04_22:10:28.313194
ED   25,0.00%,Janine Acquafredda,(Conservative),5,AD 55,2025-11-04_22:10:28.313194
ED   25,0.00%,Antonio Reynoso,(Working Families),19,AD 55,2025-11-04_22:10:28.313194
ED   25,0.00%,WRITE-IN,&nbsp,-,AD 55,2025-11-04_22:10:28.313194
ED   26,0.00%,Antonio Reynoso,(Democratic),214,AD 55,2025-11-04_22:10:28.313194
ED   26,0.00%,Janine Acquafredda,(Republican),17,AD 55,2025-11-04_22:10:28.313194
ED   26,0.00%,Janine Acquafredda,(Conservative),4,AD 55,2025-11-04_22:10:28.313194
ED   26,0.00%,Antonio Reynoso,(Working Families),15,AD 55,2025-11-04_22:10:28.313194
ED   26,0.00%,WRITE-IN,&nbsp,-,AD 55,2025-11-04_22:10:28.313194
ED   27,0.00%,Antonio Reynoso,(Democratic),169,AD 55,2025-11-04_22:10:28.313194
ED   27,0.00%,Janine Acquafredda,(Republican),8,AD 55,2025-11-04_22:10:28.313194
ED   27,0.00%,Janine Acquafredda,(Conservative),4,AD 55,2025-11-04_22:10:28.313194
ED   27,0.00%,Antonio Reynoso,(Working Families),12,AD 55,2025-11-04_22:10:28.313194
ED   27,0.00%,WRITE-IN,&nbsp,1,AD 55,2025-11-04_22:10:28.313194
ED   28,0.00%,Antonio Reynoso,(Democratic),171,AD 55,2025-11-04_22:10:28.313194
ED   28,0.00%,Janine Acquafredda,(Republican),8,AD 55,2025-11-04_22:10:28.313194
ED   28,0.00%,Janine Acquafredda,(Conservative),2,AD 55,2025-11-04_22:10:28.313194
ED   28,0.00%,Antonio Reynoso,(Working Families),18,AD 55,2025-11-04_22:10:28.313194
ED   28,0.00%,WRITE-IN,&nbsp,-,AD 55,2025-11-04_22:10:28.313194
ED   29,0.00%,Antonio Reynoso,(Democratic),48,AD 55,2025-11-04_22:10:28.313194
ED   29,0.00%,Janine Acquafredda,(Republican),2,AD 55,2025-11-04_22:10:28.313194
ED   29,0.00%,Janine Acquafredda,(Conservative),1,AD 55,2025-11-04_22:10:28.313194
ED   29,0.00%,Antonio Reynoso,(Working Families),3,AD 55,2025-11-04_22:10:28.313194
ED   29,0.00%,WRITE-IN,&nbsp,-,AD 55,2025-11-04_22:10:28.313194
ED   30,0.00%,Antonio Reynoso,(Democratic),263,AD 55,2025-11-04_22:10:28.313194
ED   30,0.00%,Janine Acquafredda,(Republican),15,AD 55,2025-11-04_22:10:28.313194
ED   30,0.00%,Janine Acquafredda,(Conservative),2,AD 55,2025-11-04_22:10:28.313194
ED   30,0.00%,Antonio Reynoso,(Working Families),24,AD 55,2025-11-04_22:10:28.313194
ED   30,0.00%,WRITE-IN,&nbsp,-,AD 55,2025-11-04_22:10:28.313194
ED   31,0.00%,Antonio Reynoso,(Democratic),15,AD 55,2025-11-04_22:10:28.313194
ED   31,0.00%,Janine Acquafredda,(Republican),-,AD 55,2025-11-04_22:10:28.313194
ED   31,0.00%,Janine Acquafredda,(Conservative),-,AD 55,2025-11-04_22:10:28.313194
ED   31,0.00%,Antonio Reynoso,(Working Families),-,AD 55,2025-11-04_22:10:28.313194
ED   31,0.00%,WRITE-IN,&nbsp,-,AD 55,2025-11-04_22:10:28.313194
ED   32,0.00%,Antonio Reynoso,(Democratic),143,AD 55,2025-11-04_22:10:28.313194
ED   32,0.00%,Janine Acquafredda,(Republican),9,AD 55,2025-11-04_22:10:28.313194
ED   32,0.00%,Janine Acquafredda,(Conservative),2,AD 55,2025-11-04_22:10:28.313194
ED   32,0.00%,Antonio Reynoso,(Working Families),14,AD 55,2025-11-04_22:10:28.313194
ED   32,0.00%,WRITE-IN,&nbsp,-,AD 55,2025-11-04_22:10:28.313194
ED   33,0.00%,Antonio Reynoso,(Democratic),374,AD 55,2025-11-04_22:10:28.313194
ED   33,0.00%,Janine Acquafredda,(Republican),17,AD 55,2025-11-04_22:10:28.313194
ED   33,0.00%,Janine Acquafredda,(Conservative),7,AD 55,2025-11-04_22:10:28.313194
ED   33,0.00%,Antonio Reynoso,(Working Families),23,AD 55,2025-11-04_22:10:28.313194
ED   33,0.00%,WRITE-IN,&nbsp,-,AD 55,2025-11-04_22:10:28.313194
ED   34,0.00%,Antonio Reynoso,(Democratic),112,AD 55,2025-11-04_22:10:28.313194
ED   34,0.00%,Janine Acquafredda,(Republican),4,AD 55,2025-11-04_22:10:28.313194
ED   34,0.00%,Janine Acquafredda,(Conservative),1,AD 55,2025-11-04_22:10:28.313194
ED   34,0.00%,Antonio Reynoso,(Working Families),5,AD 55,2025-11-04_22:10:28.313194
ED   34,0.00%,WRITE-IN,&nbsp,-,AD 55,2025-11-04_22:10:28.313194
ED   35,0.00%,Antonio Reynoso,(Democratic),119,AD 55,2025-11-04_22:10:28.313194
ED   35,0.00%,Janine Acquafredda,(Republican),5,AD 55,2025-11-04_22:10:28.313194
ED   35,0.00%,Janine Acquafredda,(Conservative),2,AD 55,2025-11-04_22:10:28.313194
ED   35,0.00%,Antonio Reynoso,(Working Families),6,AD 55,2025-11-04_22:10:28.313194
ED   35,0.00%,WRITE-IN,&nbsp,-,AD 55,2025-11-04_22:10:28.313194
ED   36,0.00%,Antonio Reynoso,(Democratic),313,AD 55,2025-11-04_22:10:28.313194
ED   36,0.00%,Janine Acquafredda,(Republican),20,AD 55,2025-11-04_22:10:28.313194
ED   36,0.00%,Janine Acquafredda,(Conservative),2,AD 55,2025-11-04_22:10:28.313194
ED   36,0.00%,Antonio Reynoso,(Working Families),21,AD 55,2025-11-04_22:10:28.313194
ED   36,0.00%,WRITE-IN,&nbsp,-,AD 55,2025-11-04_22:10:28.313194
ED   37,0.00%,Antonio Reynoso,(Democratic),40,AD 55,2025-11-04_22:10:28.313194
ED   37,0.00%,Janine Acquafredda,(Republican),-,AD 55,2025-11-04_22:10:28.313194
ED   37,0.00%,Janine Acquafredda,(Conservative),1,AD 55,2025-11-04_22:10:28.313194
ED   37,0.00%,Antonio Reynoso,(Working Families),4,AD 55,2025-11-04_22:10:28.313194
ED   37,0.00%,WRITE-IN,&nbsp,-,AD 55,2025-11-04_22:10:28.313194
ED   38,0.00%,Antonio Reynoso,(Democratic),70,AD 55,2025-11-04_22:10:28.313194
ED   38,0.00%,Janine Acquafredda,(Republican),7,AD 55,2025-11-04_22:10:28.313194
ED   38,0.00%,Janine Acquafredda,(Conservative),-,AD 55,2025-11-04_22:10:28.313194
ED   38,0.00%,Antonio Reynoso,(Working Families),4,AD 55,2025-11-04_22:10:28.313194
ED   38,0.00%,WRITE-IN,&nbsp,-,AD 55,2025-11-04_22:10:28.313194
ED   39,0.00%,Antonio Reynoso,(Democratic),68,AD 55,2025-11-04_22:10:28.313194
ED   39,0.00%,Janine Acquafredda,(Republican),1,AD 55,2025-11-04_22:10:28.313194
ED   39,0.00%,Janine Acquafredda,(Conservative),-,AD 55,2025-11-04_22:10:28.313194
ED   39,0.00%,Antonio Reynoso,(Working Families),6,AD 55,2025-11-04_22:10:28.313194
ED   39,0.00%,WRITE-IN,&nbsp,-,AD 55,2025-11-04_22:10:28.313194
ED   40,0.00%,Antonio Reynoso,(Democratic),185,AD 55,2025-11-04_22:10:28.313194
ED   40,0.00%,Janine Acquafredda,(Republican),14,AD 55,2025-11-04_22:10:28.313194
ED   40,0.00%,Janine Acquafredda,(Conservative),1,AD 55,2025-11-04_22:10:28.313194
ED   40,0.00%,Antonio Reynoso,(Working Families),15,AD 55,2025-11-04_22:10:28.313194
ED   40,0.00%,WRITE-IN,&nbsp,1,AD 55,2025-11-04_22:10:28.313194
ED   41,0.00%,Antonio Reynoso,(Democratic),176,AD 55,2025-11-04_22:10:28.313194
ED   41,0.00%,Janine Acquafredda,(Republican),9,AD 55,2025-11-04_22:10:28.313194
ED   41,0.00%,Janine Acquafredda,(Conservative),6,AD 55,2025-11-04_22:10:28.313194
ED   41,0.00%,Antonio Reynoso,(Working Families),17,AD 55,2025-11-04_22:10:28.313194
ED   41,0.00%,WRITE-IN,&nbsp,1,AD 55,2025-11-04_22:10:28.313194
ED   42,0.00%,Antonio Reynoso,(Democratic),166,AD 55,2025-11-04_22:10:28.313194
ED   42,0.00%,Janine Acquafredda,(Republican),14,AD 55,2025-11-04_22:10:28.313194
ED   42,0.00%,Janine Acquafredda,(Conservative),5,AD 55,2025-11-04_22:10:28.313194
ED   42,0.00%,Antonio Reynoso,(Working Families),13,AD 55,2025-11-04_22:10:28.313194
ED   42,0.00%,WRITE-IN,&nbsp,-,AD 55,2025-11-04_22:10:28.313194
ED   43,0.00%,Antonio Reynoso,(Democratic),135,AD 55,2025-11-04_22:10:28.313194
ED   43,0.00%,Janine Acquafredda,(Republican),9,AD 55,2025-11-04_22:10:28.313194
ED   43,0.00%,Janine Acquafredda,(Conservative),1,AD 55,2025-11-04_22:10:28.313194
ED   43,0.00%,Antonio Reynoso,(Working Families),10,AD 55,2025-11-04_22:10:28.313194
ED   43,0.00%,WRITE-IN,&nbsp,-,AD 55,2025-11-04_22:10:28.313194
ED   44,0.00%,Antonio Reynoso,(Democratic),254,AD 55,2025-11-04_22:10:28.313194
ED   44,0.00%,Janine Acquafredda,(Republican),12,AD 55,2025-11-04_22:10:28.313194
ED   44,0.00%,Janine Acquafredda,(Conservative),5,AD 55,2025-11-04_22:10:28.313194
ED   44,0.00%,Antonio Reynoso,(Working Families),31,AD 55,2025-11-04_22:10:28.313194
ED   44,0.00%,WRITE-IN,&nbsp,1,AD 55,2025-11-04_22:10:28.313194
ED   45,0.00%,Antonio Reynoso,(Democratic),369,AD 55,2025-11-04_22:10:28.313194
ED   45,0.00%,Janine Acquafredda,(Republican),8,AD 55,2025-11-04_22:10:28.313194
ED   45,0.00%,Janine Acquafredda,(Conservative),3,AD 55,2025-11-04_22:10:28.313194
ED   45,0.00%,Antonio Reynoso,(Working Families),21,AD 55,2025-11-04_22:10:28.313194
ED   45,0.00%,WRITE-IN,&nbsp,-,AD 55,2025-11-04_22:10:28.313194
ED   46,0.00%,Antonio Reynoso,(Democratic),151,AD 55,2025-11-04_22:10:28.313194
ED   46,0.00%,Janine Acquafredda,(Republican),2,AD 55,2025-11-04_22:10:28.313194
ED   46,0.00%,Janine Acquafredda,(Conservative),2,AD 55,2025-11-04_22:10:28.313194
ED   46,0.00%,Antonio Reynoso,(Working Families),13,AD 55,2025-11-04_22:10:28.313194
ED   46,0.00%,WRITE-IN,&nbsp,-,AD 55,2025-11-04_22:10:28.313194
ED   47,0.00%,Antonio Reynoso,(Democratic),316,AD 55,2025-11-04_22:10:28.313194
ED   47,0.00%,Janine Acquafredda,(Republican),16,AD 55,2025-11-04_22:10:28.313194
ED   47,0.00%,Janine Acquafredda,(Conservative),2,AD 55,2025-11-04_22:10:28.313194
ED   47,0.00%,Antonio Reynoso,(Working Families),20,AD 55,2025-11-04_22:10:28.313194
ED   47,0.00%,WRITE-IN,&nbsp,-,AD 55,2025-11-04_22:10:28.313194
ED   48,0.00%,Antonio Reynoso,(Democratic),329,AD 55,2025-11-04_22:10:28.313194
ED   48,0.00%,Janine Acquafredda,(Republican),16,AD 55,2025-11-04_22:10:28.313194
ED   48,0.00%,Janine Acquafredda,(Conservative),1,AD 55,2025-11-04_22:10:28.313194
ED   48,0.00%,Antonio Reynoso,(Working Families),26,AD 55,2025-11-04_22:10:28.313194
ED   48,0.00%,WRITE-IN,&nbsp,1,AD 55,2025-11-04_22:10:28.313194
ED   49,0.00%,Antonio Reynoso,(Democratic),311,AD 55,2025-11-04_22:10:28.313194
ED   49,0.00%,Janine Acquafredda,(Republican),24,AD 55,2025-11-04_22:10:28.313194
ED   49,0.00%,Janine Acquafredda,(Conservative),-,AD 55,2025-11-04_22:10:28.313194
ED   49,0.00%,Antonio Reynoso,(Working Families),15,AD 55,2025-11-04_22:10:28.313194
ED   49,0.00%,WRITE-IN,&nbsp,-,AD 55,2025-11-04_22:10:28.313194
ED   50,0.00%,Antonio Reynoso,(Democratic),257,AD 55,2025-11-04_22:10:28.313194
ED   50,0.00%,Janine Acquafredda,(Republican),11,AD 55,2025-11-04_22:10:28.313194
ED   50,0.00%,Janine Acquafredda,(Conservative),4,AD 55,2025-11-04_22:10:28.313194
ED   50,0.00%,Antonio Reynoso,(Working Families),37,AD 55,2025-11-04_22:10:28.313194
ED   50,0.00%,WRITE-IN,&nbsp,-,AD 55,2025-11-04_22:10:28.313194
ED   51,0.00%,Antonio Reynoso,(Democratic),421,AD 55,2025-11-04_22:10:28.313194
ED   51,0.00%,Janine Acquafredda,(Republican),22,AD 55,2025-11-04_22:10:28.313194
ED   51,0.00%,Janine Acquafredda,(Conservative),7,AD 55,2025-11-04_22:10:28.313194
ED   51,0.00%,Antonio Reynoso,(Working Families),74,AD 55,2025-11-04_22:10:28.313194
ED   51,0.00%,WRITE-IN,&nbsp,1,AD 55,2025-11-04_22:10:28.313194
ED   52,0.00%,Antonio Reynoso,(Democratic),369,AD 55,2025-11-04_22:10:28.313194
ED   52,0.00%,Janine Acquafredda,(Republican),17,AD 55,2025-11-04_22:10:28.313194
ED   52,0.00%,Janine Acquafredda,(Conservative),2,AD 55,2025-11-04_22:10:28.313194
ED   52,0.00%,Antonio Reynoso,(Working Families),42,AD 55,2025-11-04_22:10:28.313194
ED   52,0.00%,WRITE-IN,&nbsp,1,AD 55,2025-11-04_22:10:28.313194
ED   53,0.00%,Antonio Reynoso,(Democratic),381,AD 55,2025-11-04_22:10:28.313194
ED   53,0.00%,Janine Acquafredda,(Republican),13,AD 55,2025-11-04_22:10:28.313194
ED   53,0.00%,Janine Acquafredda,(Conservative),9,AD 55,2025-11-04_22:10:28.313194
ED   53,0.00%,Antonio Reynoso,(Working Families),66,AD 55,2025-11-04_22:10:28.313194
ED   53,0.00%,WRITE-IN,&nbsp,1,AD 55,2025-11-04_22:10:28.313194
ED   54,0.00%,Antonio Reynoso,(Democratic),75,AD 55,2025-11-04_22:10:28.313194
ED   54,0.00%,Janine Acquafredda,(Republican),2,AD 55,2025-11-04_22:10:28.313194
ED   54,0.00%,Janine Acquafredda,(Conservative),1,AD 55,2025-11-04_22:10:28.313194
ED   54,0.00%,Antonio Reynoso,(Working Families),10,AD 55,2025-11-04_22:10:28.313194
ED   54,0.00%,WRITE-IN,&nbsp,-,AD 55,2025-11-04_22:10:28.313194
ED   55,0.00%,Antonio Reynoso,(Democratic),220,AD 55,2025-11-04_22:10:28.313194
ED   55,0.00%,Janine Acquafredda,(Republican),13,AD 55,2025-11-04_22:10:28.313194
ED   55,0.00%,Janine Acquafredda,(Conservative),7,AD 55,2025-11-04_22:10:28.313194
ED   55,0.00%,Antonio Reynoso,(Working Families),29,AD 55,2025-11-04_22:10:28.313194
ED   55,0.00%,WRITE-IN,&nbsp,1,AD 55,2025-11-04_22:10:28.313194
ED   56,0.00%,Antonio Reynoso,(Democratic),366,AD 55,2025-11-04_22:10:28.313194
ED   56,0.00%,Janine Acquafredda,(Republican),12,AD 55,2025-11-04_22:10:28.313194
ED   56,0.00%,Janine Acquafredda,(Conservative),1,AD 55,2025-11-04_22:10:28.313194
ED   56,0.00%,Antonio Reynoso,(Working Families),28,AD 55,2025-11-04_22:10:28.313194
ED   56,0.00%,WRITE-IN,&nbsp,-,AD 55,2025-11-04_22:10:28.313194
ED   57,0.00%,Antonio Reynoso,(Democratic),332,AD 55,2025-11-04_22:10:28.313194
ED   57,0.00%,Janine Acquafredda,(Republican),15,AD 55,2025-11-04_22:10:28.313194
ED   57,0.00%,Janine Acquafredda,(Conservative),5,AD 55,2025-11-04_22:10:28.313194
ED   57,0.00%,Antonio Reynoso,(Working Families),55,AD 55,2025-11-04_22:10:28.313194
ED   57,0.00%,WRITE-IN,&nbsp,-,AD 55,2025-11-04_22:10:28.313194
ED   58,0.00%,Antonio Reynoso,(Democratic),-,AD 55,2025-11-04_22:10:28.313194
ED   58,0.00%,Janine Acquafredda,(Republican),1,AD 55,2025-11-04_22:10:28.313194
ED   58,0.00%,Janine Acquafredda,(Conservative),-,AD 55,2025-11-04_22:10:28.313194
ED   58,0.00%,Antonio Reynoso,(Working Families),-,AD 55,2025-11-04_22:10:28.313194
ED   58,0.00%,WRITE-IN,&nbsp,-,AD 55,2025-11-04_22:10:28.313194
ED   59,0.00%,Antonio Reynoso,(Democratic),302,AD 55,2025-11-04_22:10:28.313194
ED   59,0.00%,Janine Acquafredda,(Republican),14,AD 55,2025-11-04_22:10:28.313194
ED   59,0.00%,Janine Acquafredda,(Conservative),2,AD 55,2025-11-04_22:10:28.313194
ED   59,0.00%,Antonio Reynoso,(Working Families),48,AD 55,2025-11-04_22:10:28.313194
ED   59,0.00%,WRITE-IN,&nbsp,3,AD 55,2025-11-04_22:10:28.313194
ED   60,0.00%,Antonio Reynoso,(Democratic),282,AD 55,2025-11-04_22:10:28.313194
ED   60,0.00%,Janine Acquafredda,(Republican),8,AD 55,2025-11-04_22:10:28.313194
ED   60,0.00%,Janine Acquafredda,(Conservative),-,AD 55,2025-11-04_22:10:28.313194
ED   60,0.00%,Antonio Reynoso,(Working Families),45,AD 55,2025-11-04_22:10:28.313194
ED   60,0.00%,WRITE-IN,&nbsp,1,AD 55,2025-11-04_22:10:28.313194
ED   61,0.00%,Antonio Reynoso,(Democratic),223,AD 55,2025-11-04_22:10:28.313194
ED   61,0.00%,Janine Acquafredda,(Republican),3,AD 55,2025-11-04_22:10:28.313194
ED   61,0.00%,Janine Acquafredda,(Conservative),2,AD 55,2025-11-04_22:10:28.313194
ED   61,0.00%,Antonio Reynoso,(Working Families),53,AD 55,2025-11-04_22:10:28.313194
ED   61,0.00%,WRITE-IN,&nbsp,-,AD 55,2025-11-04_22:10:28.313194
ED   62,0.00%,Antonio Reynoso,(Democratic),171,AD 55,2025-11-04_22:10:28.313194
ED   62,0.00%,Janine Acquafredda,(Republican),5,AD 55,2025-11-04_22:10:28.313194
ED   62,0.00%,Janine Acquafredda,(Conservative),3,AD 55,2025-11-04_22:10:28.313194
ED   62,0.00%,Antonio Reynoso,(Working Families),30,AD 55,2025-11-04_22:10:28.313194
ED   62,0.00%,WRITE-IN,&nbsp,1,AD 55,2025-11-04_22:10:28.313194
ED   63,0.00%,Antonio Reynoso,(Democratic),378,AD 55,2025-11-04_22:10:28.313194
ED   63,0.00%,Janine Acquafredda,(Republican),20,AD 55,2025-11-04_22:10:28.313194
ED   63,0.00%,Janine Acquafredda,(Conservative),5,AD 55,2025-11-04_22:10:28.313194
ED   63,0.00%,Antonio Reynoso,(Working Families),61,AD 55,2025-11-04_22:10:28.313194
ED   63,0.00%,WRITE-IN,&nbsp,1,AD 55,2025-11-04_22:10:28.313194
ED   64,0.00%,Antonio Reynoso,(Democratic),342,AD 55,2025-11-04_22:10:28.313194
ED   64,0.00%,Janine Acquafredda,(Republican),18,AD 55,2025-11-04_22:10:28.313194
ED   64,0.00%,Janine Acquafredda,(Conservative),7,AD 55,2025-11-04_22:10:28.313194
ED   64,0.00%,Antonio Reynoso,(Working Families),26,AD 55,2025-11-04_22:10:28.313194
ED   64,0.00%,WRITE-IN,&nbsp,-,AD 55,2025-11-04_22:10:28.313194
ED   65,0.00%,Antonio Reynoso,(Democratic),-,AD 55,2025-11-04_22:10:28.313194
ED   65,0.00%,Janine Acquafredda,(Republican),-,AD 55,2025-11-04_22:10:28.313194
ED   65,0.00%,Janine Acquafredda,(Conservative),-,AD 55,2025-11-04_22:10:28.313194
ED   65,0.00%,Antonio Reynoso,(Working Families),-,AD 55,2025-11-04_22:10:28.313194
ED   65,0.00%,WRITE-IN,&nbsp,-,AD 55,2025-11-04_22:10:28.313194
ED   66,0.00%,Antonio Reynoso,(Democratic),7,AD 55,2025-11-04_22:10:28.313194
ED   66,0.00%,Janine Acquafredda,(Republican),-,AD 55,2025-11-04_22:10:28.313194
ED   66,0.00%,Janine Acquafredda,(Conservative),-,AD 55,2025-11-04_22:10:28.313194
ED   66,0.00%,Antonio Reynoso,(Working Families),2,AD 55,2025-11-04_22:10:28.313194
ED   66,0.00%,WRITE-IN,&nbsp,-,AD 55,2025-11-04_22:10:28.313194
Total,,Antonio Reynoso,(Democratic),14494,AD 55,2025-11-04_22:10:28.313194
Total,,Janine Acquafredda,(Republican),691,AD 55,2025-11-04_22:10:28.313194
Total,,Janine Acquafredda,(Conservative),182,AD 55,2025-11-04_22:10:28.313194
Total,,Antonio Reynoso,(Working Families),2266,AD 55,2025-11-04_22:10:28.313194
Total,,WRITE-IN,&nbsp,27,AD 55,2025-11-04_22:10:28.313194
ED    1,0.00%,Antonio Reynoso,(Democratic),241,AD 56,2025-11-04_22:10:28.313194
ED    1,0.00%,Janine Acquafredda,(Republican),20,AD 56,2025-11-04_22:10:28.313194
ED    1,0.00%,Janine Acquafredda,(Conservative),1,AD 56,2025-11-04_22:10:28.313194
ED    1,0.00%,Antonio Reynoso,(Working Families),32,AD 56,2025-11-04_22:10:28.313194
ED    1,0.00%,WRITE-IN,&nbsp,-,AD 56,2025-11-04_22:10:28.313194
ED    2,0.00%,Antonio Reynoso,(Democratic),209,AD 56,2025-11-04_22:10:28.313194
ED    2,0.00%,Janine Acquafredda,(Republican),19,AD 56,2025-11-04_22:10:28.313194
ED    2,0.00%,Janine Acquafredda,(Conservative),4,AD 56,2025-11-04_22:10:28.313194
ED    2,0.00%,Antonio Reynoso,(Working Families),28,AD 56,2025-11-04_22:10:28.313194
ED    2,0.00%,WRITE-IN,&nbsp,-,AD 56,2025-11-04_22:10:28.313194
ED    3,0.00%,Antonio Reynoso,(Democratic),267,AD 56,2025-11-04_22:10:28.313194
ED    3,0.00%,Janine Acquafredda,(Republican),56,AD 56,2025-11-04_22:10:28.313194
ED    3,0.00%,Janine Acquafredda,(Conservative),12,AD 56,2025-11-04_22:10:28.313194
ED    3,0.00%,Antonio Reynoso,(Working Families),45,AD 56,2025-11-04_22:10:28.313194
ED    3,0.00%,WRITE-IN,&nbsp,3,AD 56,2025-11-04_22:10:28.313194
ED    4,0.00%,Antonio Reynoso,(Democratic),260,AD 56,2025-11-04_22:10:28.313194
ED    4,0.00%,Janine Acquafredda,(Republican),30,AD 56,2025-11-04_22:10:28.313194
ED    4,0.00%,Janine Acquafredda,(Conservative),5,AD 56,2025-11-04_22:10:28.313194
ED    4,0.00%,Antonio Reynoso,(Working Families),87,AD 56,2025-11-04_22:10:28.313194
ED    4,0.00%,WRITE-IN,&nbsp,3,AD 56,2025-11-04_22:10:28.313194
ED    5,0.00%,Antonio Reynoso,(Democratic),224,AD 56,2025-11-04_22:10:28.313194
ED    5,0.00%,Janine Acquafredda,(Republican),17,AD 56,2025-11-04_22:10:28.313194
ED    5,0.00%,Janine Acquafredda,(Conservative),2,AD 56,2025-11-04_22:10:28.313194
ED    5,0.00%,Antonio Reynoso,(Working Families),35,AD 56,2025-11-04_22:10:28.313194
ED    5,0.00%,WRITE-IN,&nbsp,-,AD 56,2025-11-04_22:10:28.313194
ED    6,0.00%,Antonio Reynoso,(Democratic),226,AD 56,2025-11-04_22:10:28.313194
ED    6,0.00%,Janine Acquafredda,(Republican),20,AD 56,2025-11-04_22:10:28.313194
ED    6,0.00%,Janine Acquafredda,(Conservative),5,AD 56,2025-11-04_22:10:28.313194
ED    6,0.00%,Antonio Reynoso,(Working Families),18,AD 56,2025-11-04_22:10:28.313194
ED    6,0.00%,WRITE-IN,&nbsp,-,AD 56,2025-11-04_22:10:28.313194
ED    7,0.00%,Antonio Reynoso,(Democratic),210,AD 56,2025-11-04_22:10:28.313194
ED    7,0.00%,Janine Acquafredda,(Republican),26,AD 56,2025-11-04_22:10:28.313194
ED    7,0.00%,Janine Acquafredda,(Conservative),5,AD 56,2025-11-04_22:10:28.313194
ED    7,0.00%,Antonio Reynoso,(Working Families),28,AD 56,2025-11-04_22:10:28.313194
ED    7,0.00%,WRITE-IN,&nbsp,1,AD 56,2025-11-04_22:10:28.313194
ED    8,0.00%,Antonio Reynoso,(Democratic),333,AD 56,2025-11-04_22:10:28.313194
ED    8,0.00%,Janine Acquafredda,(Republican),30,AD 56,2025-11-04_22:10:28.313194
ED    8,0.00%,Janine Acquafredda,(Conservative),2,AD 56,2025-11-04_22:10:28.313194
ED    8,0.00%,Antonio Reynoso,(Working Families),114,AD 56,2025-11-04_22:10:28.313194
ED    8,0.00%,WRITE-IN,&nbsp,1,AD 56,2025-11-04_22:10:28.313194
ED    9,0.00%,Antonio Reynoso,(Democratic),380,AD 56,2025-11-04_22:10:28.313194
ED    9,0.00%,Janine Acquafredda,(Republican),24,AD 56,2025-11-04_22:10:28.313194
ED    9,0.00%,Janine Acquafredda,(Conservative),4,AD 56,2025-11-04_22:10:28.313194
ED    9,0.00%,Antonio Reynoso,(Working Families),182,AD 56,2025-11-04_22:10:28.313194
ED    9,0.00%,WRITE-IN,&nbsp,3,AD 56,2025-11-04_22:10:28.313194
ED   10,0.00%,Antonio Reynoso,(Democratic),303,AD 56,2025-11-04_22:10:28.313194
ED   10,0.00%,Janine Acquafredda,(Republican),26,AD 56,2025-11-04_22:10:28.313194
ED   10,0.00%,Janine Acquafredda,(Conservative),2,AD 56,2025-11-04_22:10:28.313194
ED   10,0.00%,Antonio Reynoso,(Working Families),119,AD 56,2025-11-04_22:10:28.313194
ED   10,0.00%,WRITE-IN,&nbsp,1,AD 56,2025-11-04_22:10:28.313194
ED   11,0.00%,Antonio Reynoso,(Democratic),406,AD 56,2025-11-04_22:10:28.313194
ED   11,0.00%,Janine Acquafredda,(Republican),35,AD 56,2025-11-04_22:10:28.313194
ED   11,0.00%,Janine Acquafredda,(Conservative),8,AD 56,2025-11-04_22:10:28.313194
ED   11,0.00%,Antonio Reynoso,(Working Families),184,AD 56,2025-11-04_22:10:28.313194
ED   11,0.00%,WRITE-IN,&nbsp,2,AD 56,2025-11-04_22:10:28.313194
ED   12,0.00%,Antonio Reynoso,(Democratic),504,AD 56,2025-11-04_22:10:28.313194
ED   12,0.00%,Janine Acquafredda,(Republican),22,AD 56,2025-11-04_22:10:28.313194
ED   12,0.00%,Janine Acquafredda,(Conservative),3,AD 56,2025-11-04_22:10:28.313194
ED   12,0.00%,Antonio Reynoso,(Working Families),192,AD 56,2025-11-04_22:10:28.313194
ED   12,0.00%,WRITE-IN,&nbsp,-,AD 56,2025-11-04_22:10:28.313194
ED   13,0.00%,Antonio Reynoso,(Democratic),393,AD 56,2025-11-04_22:10:28.313194
ED   13,0.00%,Janine Acquafredda,(Republican),16,AD 56,2025-11-04_22:10:28.313194
ED   13,0.00%,Janine Acquafredda,(Conservative),5,AD 56,2025-11-04_22:10:28.313194
ED   13,0.00%,Antonio Reynoso,(Working Families),135,AD 56,2025-11-04_22:10:28.313194
ED   13,0.00%,WRITE-IN,&nbsp,-,AD 56,2025-11-04_22:10:28.313194
ED   14,0.00%,Antonio Reynoso,(Democratic),418,AD 56,2025-11-04_22:10:28.313194
ED   14,0.00%,Janine Acquafredda,(Republican),11,AD 56,2025-11-04_22:10:28.313194
ED   14,0.00%,Janine Acquafredda,(Conservative),1,AD 56,2025-11-04_22:10:28.313194
ED   14,0.00%,Antonio Reynoso,(Working Families),146,AD 56,2025-11-04_22:10:28.313194
ED   14,0.00%,WRITE-IN,&nbsp,-,AD 56,2025-11-04_22:10:28.313194
ED   15,0.00%,Antonio Reynoso,(Democratic),194,AD 56,2025-11-04_22:10:28.313194
ED   15,0.00%,Janine Acquafredda,(Republican),15,AD 56,2025-11-04_22:10:28.313194
ED   15,0.00%,Janine Acquafredda,(Conservative),2,AD 56,2025-11-04_22:10:28.313194
ED   15,0.00%,Antonio Reynoso,(Working Families),39,AD 56,2025-11-04_22:10:28.313194
ED   15,0.00%,WRITE-IN,&nbsp,1,AD 56,2025-11-04_22:10:28.313194
ED   16,0.00%,Antonio Reynoso,(Democratic),330,AD 56,2025-11-04_22:10:28.313194
ED   16,0.00%,Janine Acquafredda,(Republican),22,AD 56,2025-11-04_22:10:28.313194
ED   16,0.00%,Janine Acquafredda,(Conservative),2,AD 56,2025-11-04_22:10:28.313194
ED   16,0.00%,Antonio Reynoso,(Working Families),92,AD 56,2025-11-04_22:10:28.313194
ED   16,0.00%,WRITE-IN,&nbsp,-,AD 56,2025-11-04_22:10:28.313194
ED   17,0.00%,Antonio Reynoso,(Democratic),124,AD 56,2025-11-04_22:10:28.313194
ED   17,0.00%,Janine Acquafredda,(Republican),3,AD 56,2025-11-04_22:10:28.313194
ED   17,0.00%,Janine Acquafredda,(Conservative),-,AD 56,2025-11-04_22:10:28.313194
ED   17,0.00%,Antonio Reynoso,(Working Families),68,AD 56,2025-11-04_22:10:28.313194
ED   17,0.00%,WRITE-IN,&nbsp,-,AD 56,2025-11-04_22:10:28.313194
ED   18,0.00%,Antonio Reynoso,(Democratic),17,AD 56,2025-11-04_22:10:28.313194
ED   18,0.00%,Janine Acquafredda,(Republican),-,AD 56,2025-11-04_22:10:28.313194
ED   18,0.00%,Janine Acquafredda,(Conservative),1,AD 56,2025-11-04_22:10:28.313194
ED   18,0.00%,Antonio Reynoso,(Working Families),7,AD 56,2025-11-04_22:10:28.313194
ED   18,0.00%,WRITE-IN,&nbsp,-,AD 56,2025-11-04_22:10:28.313194
ED   19,0.00%,Antonio Reynoso,(Democratic),350,AD 56,2025-11-04_22:10:28.313194
ED   19,0.00%,Janine Acquafredda,(Republican),18,AD 56,2025-11-04_22:10:28.313194
ED   19,0.00%,Janine Acquafredda,(Conservative),4,AD 56,2025-11-04_22:10:28.313194
ED   19,0.00%,Antonio Reynoso,(Working Families),117,AD 56,2025-11-04_22:10:28.313194
ED   19,0.00%,WRITE-IN,&nbsp,-,AD 56,2025-11-04_22:10:28.313194
ED   20,0.00%,Antonio Reynoso,(Democratic),432,AD 56,2025-11-04_22:10:28.313194
ED   20,0.00%,Janine Acquafredda,(Republican),22,AD 56,2025-11-04_22:10:28.313194
ED   20,0.00%,Janine Acquafredda,(Conservative),3,AD 56,2025-11-04_22:10:28.313194
ED   20,0.00%,Antonio Reynoso,(Working Families),174,AD 56,2025-11-04_22:10:28.313194
ED   20,0.00%,WRITE-IN,&nbsp,-,AD 56,2025-11-04_22:10:28.313194
ED   21,0.00%,Antonio Reynoso,(Democratic),365,AD 56,2025-11-04_22:10:28.313194
ED   21,0.00%,Janine Acquafredda,(Republican),14,AD 56,2025-11-04_22:10:28.313194
ED   21,0.00%,Janine Acquafredda,(Conservative),4,AD 56,2025-11-04_22:10:28.313194
ED   21,0.00%,Antonio Reynoso,(Working Families),157,AD 56,2025-11-04_22:10:28.313194
ED   21,0.00%,WRITE-IN,&nbsp,-,AD 56,2025-11-04_22:10:28.313194
ED   22,0.00%,Antonio Reynoso,(Democratic),301,AD 56,2025-11-04_22:10:28.313194
ED   22,0.00%,Janine Acquafredda,(Republican),12,AD 56,2025-11-04_22:10:28.313194
ED   22,0.00%,Janine Acquafredda,(Conservative),-,AD 56,2025-11-04_22:10:28.313194
ED   22,0.00%,Antonio Reynoso,(Working Families),107,AD 56,2025-11-04_22:10:28.313194
ED   22,0.00%,WRITE-IN,&nbsp,2,AD 56,2025-11-04_22:10:28.313194
ED   23,0.00%,Antonio Reynoso,(Democratic),308,AD 56,2025-11-04_22:10:28.313194
ED   23,0.00%,Janine Acquafredda,(Republican),8,AD 56,2025-11-04_22:10:28.313194
ED   23,0.00%,Janine Acquafredda,(Conservative),4,AD 56,2025-11-04_22:10:28.313194
ED   23,0.00%,Antonio Reynoso,(Working Families),150,AD 56,2025-11-04_22:10:28.313194
ED   23,0.00%,WRITE-IN,&nbsp,2,AD 56,2025-11-04_22:10:28.313194
ED   24,0.00%,Antonio Reynoso,(Democratic),128,AD 56,2025-11-04_22:10:28.313194
ED   24,0.00%,Janine Acquafredda,(Republican),1,AD 56,2025-11-04_22:10:28.313194
ED   24,0.00%,Janine Acquafredda,(Conservative),-,AD 56,2025-11-04_22:10:28.313194
ED   24,0.00%,Antonio Reynoso,(Working Families),66,AD 56,2025-11-04_22:10:28.313194
ED   24,0.00%,WRITE-IN,&nbsp,-,AD 56,2025-11-04_22:10:28.313194
ED   25,0.00%,Antonio Reynoso,(Democratic),505,AD 56,2025-11-04_22:10:28.313194
ED   25,0.00%,Janine Acquafredda,(Republican),13,AD 56,2025-11-04_22:10:28.313194
ED   25,0.00%,Janine Acquafredda,(Conservative),4,AD 56,2025-11-04_22:10:28.313194
ED   25,0.00%,Antonio Reynoso,(Working Families),152,AD 56,2025-11-04_22:10:28.313194
ED   25,0.00%,WRITE-IN,&nbsp,1,AD 56,2025-11-04_22:10:28.313194
ED   26,0.00%,Antonio Reynoso,(Democratic),385,AD 56,2025-11-04_22:10:28.313194
ED   26,0.00%,Janine Acquafredda,(Republican),12,AD 56,2025-11-04_22:10:28.313194
ED   26,0.00%,Janine Acquafredda,(Conservative),3,AD 56,2025-11-04_22:10:28.313194
ED   26,0.00%,Antonio Reynoso,(Working Families),96,AD 56,2025-11-04_22:10:28.313194
ED   26,0.00%,WRITE-IN,&nbsp,-,AD 56,2025-11-04_22:10:28.313194
ED   27,0.00%,Antonio Reynoso,(Democratic),450,AD 56,2025-11-04_22:10:28.313194
ED   27,0.00%,Janine Acquafredda,(Republican),20,AD 56,2025-11-04_22:10:28.313194
ED   27,0.00%,Janine Acquafredda,(Conservative),4,AD 56,2025-11-04_22:10:28.313194
ED   27,0.00%,Antonio Reynoso,(Working Families),193,AD 56,2025-11-04_22:10:28.313194
ED   27,0.00%,WRITE-IN,&nbsp,2,AD 56,2025-11-04_22:10:28.313194
ED   28,0.00%,Antonio Reynoso,(Democratic),381,AD 56,2025-11-04_22:10:28.313194
ED   28,0.00%,Janine Acquafredda,(Republican),11,AD 56,2025-11-04_22:10:28.313194
ED   28,0.00%,Janine Acquafredda,(Conservative),5,AD 56,2025-11-04_22:10:28.313194
ED   28,0.00%,Antonio Reynoso,(Working Families),147,AD 56,2025-11-04_22:10:28.313194
ED   28,0.00%,WRITE-IN,&nbsp,-,AD 56,2025-11-04_22:10:28.313194
ED   29,0.00%,Antonio Reynoso,(Democratic),593,AD 56,2025-11-04_22:10:28.313194
ED   29,0.00%,Janine Acquafredda,(Republican),9,AD 56,2025-11-04_22:10:28.313194
ED   29,0.00%,Janine Acquafredda,(Conservative),5,AD 56,2025-11-04_22:10:28.313194
ED   29,0.00%,Antonio Reynoso,(Working Families),150,AD 56,2025-11-04_22:10:28.313194
ED   29,0.00%,WRITE-IN,&nbsp,1,AD 56,2025-11-04_22:10:28.313194
ED   30,0.00%,Antonio Reynoso,(Democratic),406,AD 56,2025-11-04_22:10:28.313194
ED   30,0.00%,Janine Acquafredda,(Republican),12,AD 56,2025-11-04_22:10:28.313194
ED   30,0.00%,Janine Acquafredda,(Conservative),3,AD 56,2025-11-04_22:10:28.313194
ED   30,0.00%,Antonio Reynoso,(Working Families),132,AD 56,2025-11-04_22:10:28.313194
ED   30,0.00%,WRITE-IN,&nbsp,1,AD 56,2025-11-04_22:10:28.313194
ED   31,0.00%,Antonio Reynoso,(Democratic),334,AD 56,2025-11-04_22:10:28.313194
ED   31,0.00%,Janine Acquafredda,(Republican),10,AD 56,2025-11-04_22:10:28.313194
ED   31,0.00%,Janine Acquafredda,(Conservative),4,AD 56,2025-11-04_22:10:28.313194
ED   31,0.00%,Antonio Reynoso,(Working Families),126,AD 56,2025-11-04_22:10:28.313194
ED   31,0.00%,WRITE-IN,&nbsp,-,AD 56,2025-11-04_22:10:28.313194
ED   32,0.00%,Antonio Reynoso,(Democratic),434,AD 56,2025-11-04_22:10:28.313194
ED   32,0.00%,Janine Acquafredda,(Republican),15,AD 56,2025-11-04_22:10:28.313194
ED   32,0.00%,Janine Acquafredda,(Conservative),5,AD 56,2025-11-04_22:10:28.313194
ED   32,0.00%,Antonio Reynoso,(Working Families),217,AD 56,2025-11-04_22:10:28.313194
ED   32,0.00%,WRITE-IN,&nbsp,1,AD 56,2025-11-04_22:10:28.313194
ED   33,0.00%,Antonio Reynoso,(Democratic),375,AD 56,2025-11-04_22:10:28.313194
ED   33,0.00%,Janine Acquafredda,(Republican),12,AD 56,2025-11-04_22:10:28.313194
ED   33,0.00%,Janine Acquafredda,(Conservative),2,AD 56,2025-11-04_22:10:28.313194
ED   33,0.00%,Antonio Reynoso,(Working Families),164,AD 56,2025-11-04_22:10:28.313194
ED   33,0.00%,WRITE-IN,&nbsp,-,AD 56,2025-11-04_22:10:28.313194
ED   34,0.00%,Antonio Reynoso,(Democratic),251,AD 56,2025-11-04_22:10:28.313194
ED   34,0.00%,Janine Acquafredda,(Republican),10,AD 56,2025-11-04_22:10:28.313194
ED   34,0.00%,Janine Acquafredda,(Conservative),2,AD 56,2025-11-04_22:10:28.313194
ED   34,0.00%,Antonio Reynoso,(Working Families),68,AD 56,2025-11-04_22:10:28.313194
ED   34,0.00%,WRITE-IN,&nbsp,1,AD 56,2025-11-04_22:10:28.313194
ED   35,0.00%,Antonio Reynoso,(Democratic),407,AD 56,2025-11-04_22:10:28.313194
ED   35,0.00%,Janine Acquafredda,(Republican),13,AD 56,2025-11-04_22:10:28.313194
ED   35,0.00%,Janine Acquafredda,(Conservative),2,AD 56,2025-11-04_22:10:28.313194
ED   35,0.00%,Antonio Reynoso,(Working Families),140,AD 56,2025-11-04_22:10:28.313194
ED   35,0.00%,WRITE-IN,&nbsp,-,AD 56,2025-11-04_22:10:28.313194
ED   36,0.00%,Antonio Reynoso,(Democratic),435,AD 56,2025-11-04_22:10:28.313194
ED   36,0.00%,Janine Acquafredda,(Republican),11,AD 56,2025-11-04_22:10:28.313194
ED   36,0.00%,Janine Acquafredda,(Conservative),4,AD 56,2025-11-04_22:10:28.313194
ED   36,0.00%,Antonio Reynoso,(Working Families),125,AD 56,2025-11-04_22:10:28.313194
ED   36,0.00%,WRITE-IN,&nbsp,3,AD 56,2025-11-04_22:10:28.313194
ED   37,0.00%,Antonio Reynoso,(Democratic),473,AD 56,2025-11-04_22:10:28.313194
ED   37,0.00%,Janine Acquafredda,(Republican),16,AD 56,2025-11-04_22:10:28.313194
ED   37,0.00%,Janine Acquafredda,(Conservative),7,AD 56,2025-11-04_22:10:28.313194
ED   37,0.00%,Antonio Reynoso,(Working Families),200,AD 56,2025-11-04_22:10:28.313194
ED   37,0.00%,WRITE-IN,&nbsp,4,AD 56,2025-11-04_22:10:28.313194
ED   38,0.00%,Antonio Reynoso,(Democratic),399,AD 56,2025-11-04_22:10:28.313194
ED   38,0.00%,Janine Acquafredda,(Republican),14,AD 56,2025-11-04_22:10:28.313194
ED   38,0.00%,Janine Acquafredda,(Conservative),6,AD 56,2025-11-04_22:10:28.313194
ED   38,0.00%,Antonio Reynoso,(Working Families),192,AD 56,2025-11-04_22:10:28.313194
ED   38,0.00%,WRITE-IN,&nbsp,-,AD 56,2025-11-04_22:10:28.313194
ED   39,0.00%,Antonio Reynoso,(Democratic),294,AD 56,2025-11-04_22:10:28.313194
ED   39,0.00%,Janine Acquafredda,(Republican),12,AD 56,2025-11-04_22:10:28.313194
ED   39,0.00%,Janine Acquafredda,(Conservative),2,AD 56,2025-11-04_22:10:28.313194
ED   39,0.00%,Antonio Reynoso,(Working Families),116,AD 56,2025-11-04_22:10:28.313194
ED   39,0.00%,WRITE-IN,&nbsp,-,AD 56,2025-11-04_22:10:28.313194
ED   40,0.00%,Antonio Reynoso,(Democratic),353,AD 56,2025-11-04_22:10:28.313194
ED   40,0.00%,Janine Acquafredda,(Republican),12,AD 56,2025-11-04_22:10:28.313194
ED   40,0.00%,Janine Acquafredda,(Conservative),3,AD 56,2025-11-04_22:10:28.313194
ED   40,0.00%,Antonio Reynoso,(Working Families),122,AD 56,2025-11-04_22:10:28.313194
ED   40,0.00%,WRITE-IN,&nbsp,2,AD 56,2025-11-04_22:10:28.313194
ED   41,0.00%,Antonio Reynoso,(Democratic),448,AD 56,2025-11-04_22:10:28.313194
ED   41,0.00%,Janine Acquafredda,(Republican),11,AD 56,2025-11-04_22:10:28.313194
ED   41,0.00%,Janine Acquafredda,(Conservative),3,AD 56,2025-11-04_22:10:28.313194
ED   41,0.00%,Antonio Reynoso,(Working Families),179,AD 56,2025-11-04_22:10:28.313194
ED   41,0.00%,WRITE-IN,&nbsp,2,AD 56,2025-11-04_22:10:28.313194
ED   42,0.00%,Antonio Reynoso,(Democratic),402,AD 56,2025-11-04_22:10:28.313194
ED   42,0.00%,Janine Acquafredda,(Republican),12,AD 56,2025-11-04_22:10:28.313194
ED   42,0.00%,Janine Acquafredda,(Conservative),3,AD 56,2025-11-04_22:10:28.313194
ED   42,0.00%,Antonio Reynoso,(Working Families),137,AD 56,2025-11-04_22:10:28.313194
ED   42,0.00%,WRITE-IN,&nbsp,3,AD 56,2025-11-04_22:10:28.313194
ED   43,0.00%,Antonio Reynoso,(Democratic),409,AD 56,2025-11-04_22:10:28.313194
ED   43,0.00%,Janine Acquafredda,(Republican),11,AD 56,2025-11-04_22:10:28.313194
ED   43,0.00%,Janine Acquafredda,(Conservative),1,AD 56,2025-11-04_22:10:28.313194
ED   43,0.00%,Antonio Reynoso,(Working Families),139,AD 56,2025-11-04_22:10:28.313194
ED   43,0.00%,WRITE-IN,&nbsp,1,AD 56,2025-11-04_22:10:28.313194
ED   44,0.00%,Antonio Reynoso,(Democratic),408,AD 56,2025-11-04_22:10:28.313194
ED   44,0.00%,Janine Acquafredda,(Republican),19,AD 56,2025-11-04_22:10:28.313194
ED   44,0.00%,Janine Acquafredda,(Conservative),5,AD 56,2025-11-04_22:10:28.313194
ED   44,0.00%,Antonio Reynoso,(Working Families),200,AD 56,2025-11-04_22:10:28.313194
ED   44,0.00%,WRITE-IN,&nbsp,-,AD 56,2025-11-04_22:10:28.313194
ED   45,0.00%,Antonio Reynoso,(Democratic),368,AD 56,2025-11-04_22:10:28.313194
ED   45,0.00%,Janine Acquafredda,(Republican),8,AD 56,2025-11-04_22:10:28.313194
ED   45,0.00%,Janine Acquafredda,(Conservative),3,AD 56,2025-11-04_22:10:28.313194
ED   45,0.00%,Antonio Reynoso,(Working Families),149,AD 56,2025-11-04_22:10:28.313194
ED   45,0.00%,WRITE-IN,&nbsp,-,AD 56,2025-11-04_22:10:28.313194
ED   46,0.00%,Antonio Reynoso,(Democratic),416,AD 56,2025-11-04_22:10:28.313194
ED   46,0.00%,Janine Acquafredda,(Republican),18,AD 56,2025-11-04_22:10:28.313194
ED   46,0.00%,Janine Acquafredda,(Conservative),2,AD 56,2025-11-04_22:10:28.313194
ED   46,0.00%,Antonio Reynoso,(Working Families),184,AD 56,2025-11-04_22:10:28.313194
ED   46,0.00%,WRITE-IN,&nbsp,-,AD 56,2025-11-04_22:10:28.313194
ED   47,0.00%,Antonio Reynoso,(Democratic),489,AD 56,2025-11-04_22:10:28.313194
ED   47,0.00%,Janine Acquafredda,(Republican),19,AD 56,2025-11-04_22:10:28.313194
ED   47,0.00%,Janine Acquafredda,(Conservative),7,AD 56,2025-11-04_22:10:28.313194
ED   47,0.00%,Antonio Reynoso,(Working Families),185,AD 56,2025-11-04_22:10:28.313194
ED   47,0.00%,WRITE-IN,&nbsp,1,AD 56,2025-11-04_22:10:28.313194
ED   48,0.00%,Antonio Reynoso,(Democratic),538,AD 56,2025-11-04_22:10:28.313194
ED   48,0.00%,Janine Acquafredda,(Republican),18,AD 56,2025-11-04_22:10:28.313194
ED   48,0.00%,Janine Acquafredda,(Conservative),4,AD 56,2025-11-04_22:10:28.313194
ED   48,0.00%,Antonio Reynoso,(Working Families),199,AD 56,2025-11-04_22:10:28.313194
ED   48,0.00%,WRITE-IN,&nbsp,-,AD 56,2025-11-04_22:10:28.313194
ED   49,0.00%,Antonio Reynoso,(Democratic),511,AD 56,2025-11-04_22:10:28.313194
ED   49,0.00%,Janine Acquafredda,(Republican),14,AD 56,2025-11-04_22:10:28.313194
ED   49,0.00%,Janine Acquafredda,(Conservative),5,AD 56,2025-11-04_22:10:28.313194
ED   49,0.00%,Antonio Reynoso,(Working Families),170,AD 56,2025-11-04_22:10:28.313194
ED   49,0.00%,WRITE-IN,&nbsp,-,AD 56,2025-11-04_22:10:28.313194
ED   50,0.00%,Antonio Reynoso,(Democratic),608,AD 56,2025-11-04_22:10:28.313194
ED   50,0.00%,Janine Acquafredda,(Republican),13,AD 56,2025-11-04_22:10:28.313194
ED   50,0.00%,Janine Acquafredda,(Conservative),1,AD 56,2025-11-04_22:10:28.313194
ED   50,0.00%,Antonio Reynoso,(Working Families),194,AD 56,2025-11-04_22:10:28.313194
ED   50,0.00%,WRITE-IN,&nbsp,2,AD 56,2025-11-04_22:10:28.313194
ED   51,0.00%,Antonio Reynoso,(Democratic),149,AD 56,2025-11-04_22:10:28.313194
ED   51,0.00%,Janine Acquafredda,(Republican),6,AD 56,2025-11-04_22:10:28.313194
ED   51,0.00%,Janine Acquafredda,(Conservative),6,AD 56,2025-11-04_22:10:28.313194
ED   51,0.00%,Antonio Reynoso,(Working Families),14,AD 56,2025-11-04_22:10:28.313194
ED   51,0.00%,WRITE-IN,&nbsp,-,AD 56,2025-11-04_22:10:28.313194
ED   52,0.00%,Antonio Reynoso,(Democratic),192,AD 56,2025-11-04_22:10:28.313194
ED   52,0.00%,Janine Acquafredda,(Republican),12,AD 56,2025-11-04_22:10:28.313194
ED   52,0.00%,Janine Acquafredda,(Conservative),4,AD 56,2025-11-04_22:10:28.313194
ED   52,0.00%,Antonio Reynoso,(Working Families),23,AD 56,2025-11-04_22:10:28.313194
ED   52,0.00%,WRITE-IN,&nbsp,-,AD 56,2025-11-04_22:10:28.313194
ED   53,0.00%,Antonio Reynoso,(Democratic),347,AD 56,2025-11-04_22:10:28.313194
ED   53,0.00%,Janine Acquafredda,(Republican),7,AD 56,2025-11-04_22:10:28.313194
ED   53,0.00%,Janine Acquafredda,(Conservative),1,AD 56,2025-11-04_22:10:28.313194
ED   53,0.00%,Antonio Reynoso,(Working Families),163,AD 56,2025-11-04_22:10:28.313194
ED   53,0.00%,WRITE-IN,&nbsp,1,AD 56,2025-11-04_22:10:28.313194
ED   54,0.00%,Antonio Reynoso,(Democratic),208,AD 56,2025-11-04_22:10:28.313194
ED   54,0.00%,Janine Acquafredda,(Republican),7,AD 56,2025-11-04_22:10:28.313194
ED   54,0.00%,Janine Acquafredda,(Conservative),1,AD 56,2025-11-04_22:10:28.313194
ED   54,0.00%,Antonio Reynoso,(Working Families),61,AD 56,2025-11-04_22:10:28.313194
ED   54,0.00%,WRITE-IN,&nbsp,2,AD 56,2025-11-04_22:10:28.313194
ED   55,0.00%,Antonio Reynoso,(Democratic),323,AD 56,2025-11-04_22:10:28.313194
ED   55,0.00%,Janine Acquafredda,(Republican),8,AD 56,2025-11-04_22:10:28.313194
ED   55,0.00%,Janine Acquafredda,(Conservative),4,AD 56,2025-11-04_22:10:28.313194
ED   55,0.00%,Antonio Reynoso,(Working Families),67,AD 56,2025-11-04_22:10:28.313194
ED   55,0.00%,WRITE-IN,&nbsp,2,AD 56,2025-11-04_22:10:28.313194
ED   56,0.00%,Antonio Reynoso,(Democratic),537,AD 56,2025-11-04_22:10:28.313194
ED   56,0.00%,Janine Acquafredda,(Republican),17,AD 56,2025-11-04_22:10:28.313194
ED   56,0.00%,Janine Acquafredda,(Conservative),6,AD 56,2025-11-04_22:10:28.313194
ED   56,0.00%,Antonio Reynoso,(Working Families),194,AD 56,2025-11-04_22:10:28.313194
ED   56,0.00%,WRITE-IN,&nbsp,2,AD 56,2025-11-04_22:10:28.313194
ED   57,0.00%,Antonio Reynoso,(Democratic),89,AD 56,2025-11-04_22:10:28.313194
ED   57,0.00%,Janine Acquafredda,(Republican),6,AD 56,2025-11-04_22:10:28.313194
ED   57,0.00%,Janine Acquafredda,(Conservative),-,AD 56,2025-11-04_22:10:28.313194
ED   57,0.00%,Antonio Reynoso,(Working Families),18,AD 56,2025-11-04_22:10:28.313194
ED   57,0.00%,WRITE-IN,&nbsp,1,AD 56,2025-11-04_22:10:28.313194
ED   58,0.00%,Antonio Reynoso,(Democratic),539,AD 56,2025-11-04_22:10:28.313194
ED   58,0.00%,Janine Acquafredda,(Republican),20,AD 56,2025-11-04_22:10:28.313194
ED   58,0.00%,Janine Acquafredda,(Conservative),4,AD 56,2025-11-04_22:10:28.313194
ED   58,0.00%,Antonio Reynoso,(Working Families),238,AD 56,2025-11-04_22:10:28.313194
ED   58,0.00%,WRITE-IN,&nbsp,1,AD 56,2025-11-04_22:10:28.313194
ED   59,0.00%,Antonio Reynoso,(Democratic),219,AD 56,2025-11-04_22:10:28.313194
ED   59,0.00%,Janine Acquafredda,(Republican),8,AD 56,2025-11-04_22:10:28.313194
ED   59,0.00%,Janine Acquafredda,(Conservative),2,AD 56,2025-11-04_22:10:28.313194
ED   59,0.00%,Antonio Reynoso,(Working Families),121,AD 56,2025-11-04_22:10:28.313194
ED   59,0.00%,WRITE-IN,&nbsp,1,AD 56,2025-11-04_22:10:28.313194
ED   60,0.00%,Antonio Reynoso,(Democratic),252,AD 56,2025-11-04_22:10:28.313194
ED   60,0.00%,Janine Acquafredda,(Republican),7,AD 56,2025-11-04_22:10:28.313194
ED   60,0.00%,Janine Acquafredda,(Conservative),4,AD 56,2025-11-04_22:10:28.313194
ED   60,0.00%,Antonio Reynoso,(Working Families),87,AD 56,2025-11-04_22:10:28.313194
ED   60,0.00%,WRITE-IN,&nbsp,-,AD 56,2025-11-04_22:10:28.313194
ED   61,0.00%,Antonio Reynoso,(Democratic),232,AD 56,2025-11-04_22:10:28.313194
ED   61,0.00%,Janine Acquafredda,(Republican),14,AD 56,2025-11-04_22:10:28.313194
ED   61,0.00%,Janine Acquafredda,(Conservative),1,AD 56,2025-11-04_22:10:28.313194
ED   61,0.00%,Antonio Reynoso,(Working Families),85,AD 56,2025-11-04_22:10:28.313194
ED   61,0.00%,WRITE-IN,&nbsp,-,AD 56,2025-11-04_22:10:28.313194
ED   62,0.00%,Antonio Reynoso,(Democratic),364,AD 56,2025-11-04_22:10:28.313194
ED   62,0.00%,Janine Acquafredda,(Republican),9,AD 56,2025-11-04_22:10:28.313194
ED   62,0.00%,Janine Acquafredda,(Conservative),3,AD 56,2025-11-04_22:10:28.313194
ED   62,0.00%,Antonio Reynoso,(Working Families),56,AD 56,2025-11-04_22:10:28.313194
ED   62,0.00%,WRITE-IN,&nbsp,-,AD 56,2025-11-04_22:10:28.313194
ED   63,0.00%,Antonio Reynoso,(Democratic),406,AD 56,2025-11-04_22:10:28.313194
ED   63,0.00%,Janine Acquafredda,(Republican),10,AD 56,2025-11-04_22:10:28.313194
ED   63,0.00%,Janine Acquafredda,(Conservative),2,AD 56,2025-11-04_22:10:28.313194
ED   63,0.00%,Antonio Reynoso,(Working Families),199,AD 56,2025-11-04_22:10:28.313194
ED   63,0.00%,WRITE-IN,&nbsp,-,AD 56,2025-11-04_22:10:28.313194
ED   64,0.00%,Antonio Reynoso,(Democratic),310,AD 56,2025-11-04_22:10:28.313194
ED   64,0.00%,Janine Acquafredda,(Republican),8,AD 56,2025-11-04_22:10:28.313194
ED   64,0.00%,Janine Acquafredda,(Conservative),5,AD 56,2025-11-04_22:10:28.313194
ED   64,0.00%,Antonio Reynoso,(Working Families),81,AD 56,2025-11-04_22:10:28.313194
ED   64,0.00%,WRITE-IN,&nbsp,-,AD 56,2025-11-04_22:10:28.313194
ED   65,0.00%,Antonio Reynoso,(Democratic),159,AD 56,2025-11-04_22:10:28.313194
ED   65,0.00%,Janine Acquafredda,(Republican),7,AD 56,2025-11-04_22:10:28.313194
ED   65,0.00%,Janine Acquafredda,(Conservative),1,AD 56,2025-11-04_22:10:28.313194
ED   65,0.00%,Antonio Reynoso,(Working Families),45,AD 56,2025-11-04_22:10:28.313194
ED   65,0.00%,WRITE-IN,&nbsp,-,AD 56,2025-11-04_22:10:28.313194
ED   66,0.00%,Antonio Reynoso,(Democratic),149,AD 56,2025-11-04_22:10:28.313194
ED   66,0.00%,Janine Acquafredda,(Republican),3,AD 56,2025-11-04_22:10:28.313194
ED   66,0.00%,Janine Acquafredda,(Conservative),1,AD 56,2025-11-04_22:10:28.313194
ED   66,0.00%,Antonio Reynoso,(Working Families),28,AD 56,2025-11-04_22:10:28.313194
ED   66,0.00%,WRITE-IN,&nbsp,-,AD 56,2025-11-04_22:10:28.313194
ED   67,0.00%,Antonio Reynoso,(Democratic),151,AD 56,2025-11-04_22:10:28.313194
ED   67,0.00%,Janine Acquafredda,(Republican),12,AD 56,2025-11-04_22:10:28.313194
ED   67,0.00%,Janine Acquafredda,(Conservative),1,AD 56,2025-11-04_22:10:28.313194
ED   67,0.00%,Antonio Reynoso,(Working Families),20,AD 56,2025-11-04_22:10:28.313194
ED   67,0.00%,WRITE-IN,&nbsp,-,AD 56,2025-11-04_22:10:28.313194
ED   68,0.00%,Antonio Reynoso,(Democratic),158,AD 56,2025-11-04_22:10:28.313194
ED   68,0.00%,Janine Acquafredda,(Republican),5,AD 56,2025-11-04_22:10:28.313194
ED   68,0.00%,Janine Acquafredda,(Conservative),-,AD 56,2025-11-04_22:10:28.313194
ED   68,0.00%,Antonio Reynoso,(Working Families),42,AD 56,2025-11-04_22:10:28.313194
ED   68,0.00%,WRITE-IN,&nbsp,-,AD 56,2025-11-04_22:10:28.313194
ED   69,0.00%,Antonio Reynoso,(Democratic),383,AD 56,2025-11-04_22:10:28.313194
ED   69,0.00%,Janine Acquafredda,(Republican),14,AD 56,2025-11-04_22:10:28.313194
ED   69,0.00%,Janine Acquafredda,(Conservative),2,AD 56,2025-11-04_22:10:28.313194
ED   69,0.00%,Antonio Reynoso,(Working Families),204,AD 56,2025-11-04_22:10:28.313194
ED   69,0.00%,WRITE-IN,&nbsp,2,AD 56,2025-11-04_22:10:28.313194
ED   70,0.00%,Antonio Reynoso,(Democratic),71,AD 56,2025-11-04_22:10:28.313194
ED   70,0.00%,Janine Acquafredda,(Republican),1,AD 56,2025-11-04_22:10:28.313194
ED   70,0.00%,Janine Acquafredda,(Conservative),-,AD 56,2025-11-04_22:10:28.313194
ED   70,0.00%,Antonio Reynoso,(Working Families),22,AD 56,2025-11-04_22:10:28.313194
ED   70,0.00%,WRITE-IN,&nbsp,-,AD 56,2025-11-04_22:10:28.313194
Total,,Antonio Reynoso,(Democratic),23233,AD 56,2025-11-04_22:10:28.313194
Total,,Janine Acquafredda,(Republican),993,AD 56,2025-11-04_22:10:28.313194
Total,,Janine Acquafredda,(Conservative),222,AD 56,2025-11-04_22:10:28.313194
Total,,Antonio Reynoso,(Working Families),8166,AD 56,2025-11-04_22:10:28.313194
Total,,WRITE-IN,&nbsp,56,AD 56,2025-11-04_22:10:28.313194
ED    1,0.00%,Antonio Reynoso,(Democratic),201,AD 57,2025-11-04_22:10:28.313194
ED    1,0.00%,Janine Acquafredda,(Republican),20,AD 57,2025-11-04_22:10:28.313194
ED    1,0.00%,Janine Acquafredda,(Conservative),4,AD 57,2025-11-04_22:10:28.313194
ED    1,0.00%,Antonio Reynoso,(Working Families),24,AD 57,2025-11-04_22:10:28.313194
ED    1,0.00%,WRITE-IN,&nbsp,-,AD 57,2025-11-04_22:10:28.313194
ED    2,0.00%,Antonio Reynoso,(Democratic),235,AD 57,2025-11-04_22:10:28.313194
ED    2,0.00%,Janine Acquafredda,(Republican),14,AD 57,2025-11-04_22:10:28.313194
ED    2,0.00%,Janine Acquafredda,(Conservative),5,AD 57,2025-11-04_22:10:28.313194
ED    2,0.00%,Antonio Reynoso,(Working Families),16,AD 57,2025-11-04_22:10:28.313194
ED    2,0.00%,WRITE-IN,&nbsp,-,AD 57,2025-11-04_22:10:28.313194
ED    3,0.00%,Antonio Reynoso,(Democratic),217,AD 57,2025-11-04_22:10:28.313194
ED    3,0.00%,Janine Acquafredda,(Republican),18,AD 57,2025-11-04_22:10:28.313194
ED    3,0.00%,Janine Acquafredda,(Conservative),10,AD 57,2025-11-04_22:10:28.313194
ED    3,0.00%,Antonio Reynoso,(Working Families),28,AD 57,2025-11-04_22:10:28.313194
ED    3,0.00%,WRITE-IN,&nbsp,1,AD 57,2025-11-04_22:10:28.313194
ED    4,0.00%,Antonio Reynoso,(Democratic),225,AD 57,2025-11-04_22:10:28.313194
ED    4,0.00%,Janine Acquafredda,(Republican),27,AD 57,2025-11-04_22:10:28.313194
ED    4,0.00%,Janine Acquafredda,(Conservative),5,AD 57,2025-11-04_22:10:28.313194
ED    4,0.00%,Antonio Reynoso,(Working Families),21,AD 57,2025-11-04_22:10:28.313194
ED    4,0.00%,WRITE-IN,&nbsp,-,AD 57,2025-11-04_22:10:28.313194
ED    5,0.00%,Antonio Reynoso,(Democratic),118,AD 57,2025-11-04_22:10:28.313194
ED    5,0.00%,Janine Acquafredda,(Republican),5,AD 57,2025-11-04_22:10:28.313194
ED    5,0.00%,Janine Acquafredda,(Conservative),1,AD 57,2025-11-04_22:10:28.313194
ED    5,0.00%,Antonio Reynoso,(Working Families),18,AD 57,2025-11-04_22:10:28.313194
ED    5,0.00%,WRITE-IN,&nbsp,-,AD 57,2025-11-04_22:10:28.313194
ED    6,0.00%,Antonio Reynoso,(Democratic),167,AD 57,2025-11-04_22:10:28.313194
ED    6,0.00%,Janine Acquafredda,(Republican),9,AD 57,2025-11-04_22:10:28.313194
ED    6,0.00%,Janine Acquafredda,(Conservative),5,AD 57,2025-11-04_22:10:28.313194
ED    6,0.00%,Antonio Reynoso,(Working Families),15,AD 57,2025-11-04_22:10:28.313194
ED    6,0.00%,WRITE-IN,&nbsp,2,AD 57,2025-11-04_22:10:28.313194
ED    7,0.00%,Antonio Reynoso,(Democratic),174,AD 57,2025-11-04_22:10:28.313194
ED    7,0.00%,Janine Acquafredda,(Republican),13,AD 57,2025-11-04_22:10:28.313194
ED    7,0.00%,Janine Acquafredda,(Conservative),7,AD 57,2025-11-04_22:10:28.313194
ED    7,0.00%,Antonio Reynoso,(Working Families),13,AD 57,2025-11-04_22:10:28.313194
ED    7,0.00%,WRITE-IN,&nbsp,-,AD 57,2025-11-04_22:10:28.313194
ED    8,0.00%,Antonio Reynoso,(Democratic),478,AD 57,2025-11-04_22:10:28.313194
ED    8,0.00%,Janine Acquafredda,(Republican),33,AD 57,2025-11-04_22:10:28.313194
ED    8,0.00%,Janine Acquafredda,(Conservative),7,AD 57,2025-11-04_22:10:28.313194
ED    8,0.00%,Antonio Reynoso,(Working Families),241,AD 57,2025-11-04_22:10:28.313194
ED    8,0.00%,WRITE-IN,&nbsp,2,AD 57,2025-11-04_22:10:28.313194
ED    9,0.00%,Antonio Reynoso,(Democratic),394,AD 57,2025-11-04_22:10:28.313194
ED    9,0.00%,Janine Acquafredda,(Republican),22,AD 57,2025-11-04_22:10:28.313194
ED    9,0.00%,Janine Acquafredda,(Conservative),7,AD 57,2025-11-04_22:10:28.313194
ED    9,0.00%,Antonio Reynoso,(Working Families),175,AD 57,2025-11-04_22:10:28.313194
ED    9,0.00%,WRITE-IN,&nbsp,-,AD 57,2025-11-04_22:10:28.313194
ED   10,0.00%,Antonio Reynoso,(Democratic),678,AD 57,2025-11-04_22:10:28.313194
ED   10,0.00%,Janine Acquafredda,(Republican),31,AD 57,2025-11-04_22:10:28.313194
ED   10,0.00%,Janine Acquafredda,(Conservative),12,AD 57,2025-11-04_22:10:28.313194
ED   10,0.00%,Antonio Reynoso,(Working Families),221,AD 57,2025-11-04_22:10:28.313194
ED   10,0.00%,WRITE-IN,&nbsp,1,AD 57,2025-11-04_22:10:28.313194
ED   11,0.00%,Antonio Reynoso,(Democratic),541,AD 57,2025-11-04_22:10:28.313194
ED   11,0.00%,Janine Acquafredda,(Republican),21,AD 57,2025-11-04_22:10:28.313194
ED   11,0.00%,Janine Acquafredda,(Conservative),5,AD 57,2025-11-04_22:10:28.313194
ED   11,0.00%,Antonio Reynoso,(Working Families),253,AD 57,2025-11-04_22:10:28.313194
ED   11,0.00%,WRITE-IN,&nbsp,-,AD 57,2025-11-04_22:10:28.313194
ED   12,0.00%,Antonio Reynoso,(Democratic),124,AD 57,2025-11-04_22:10:28.313194
ED   12,0.00%,Janine Acquafredda,(Republican),16,AD 57,2025-11-04_22:10:28.313194
ED   12,0.00%,Janine Acquafredda,(Conservative),1,AD 57,2025-11-04_22:10:28.313194
ED   12,0.00%,Antonio Reynoso,(Working Families),43,AD 57,2025-11-04_22:10:28.313194
ED   12,0.00%,WRITE-IN,&nbsp,-,AD 57,2025-11-04_22:10:28.313194
ED   13,0.00%,Antonio Reynoso,(Democratic),229,AD 57,2025-11-04_22:10:28.313194
ED   13,0.00%,Janine Acquafredda,(Republican),127,AD 57,2025-11-04_22:10:28.313194
ED   13,0.00%,Janine Acquafredda,(Conservative),10,AD 57,2025-11-04_22:10:28.313194
ED   13,0.00%,Antonio Reynoso,(Working Families),56,AD 57,2025-11-04_22:10:28.313194
ED   13,0.00%,WRITE-IN,&nbsp,2,AD 57,2025-11-04_22:10:28.313194
ED   14,0.00%,Antonio Reynoso,(Democratic),45,AD 57,2025-11-04_22:10:28.313194
ED   14,0.00%,Janine Acquafredda,(Republican),8,AD 57,2025-11-04_22:10:28.313194
ED   14,0.00%,Janine Acquafredda,(Conservative),2,AD 57,2025-11-04_22:10:28.313194
ED   14,0.00%,Antonio Reynoso,(Working Families),20,AD 57,2025-11-04_22:10:28.313194
ED   14,0.00%,WRITE-IN,&nbsp,1,AD 57,2025-11-04_22:10:28.313194
ED   15,0.00%,Antonio Reynoso,(Democratic),462,AD 57,2025-11-04_22:10:28.313194
ED   15,0.00%,Janine Acquafredda,(Republican),41,AD 57,2025-11-04_22:10:28.313194
ED   15,0.00%,Janine Acquafredda,(Conservative),11,AD 57,2025-11-04_22:10:28.313194
ED   15,0.00%,Antonio Reynoso,(Working Families),120,AD 57,2025-11-04_22:10:28.313194
ED   15,0.00%,WRITE-IN,&nbsp,1,AD 57,2025-11-04_22:10:28.313194
ED   16,0.00%,Antonio Reynoso,(Democratic),540,AD 57,2025-11-04_22:10:28.313194
ED   16,0.00%,Janine Acquafredda,(Republican),38,AD 57,2025-11-04_22:10:28.313194
ED   16,0.00%,Janine Acquafredda,(Conservative),5,AD 57,2025-11-04_22:10:28.313194
ED   16,0.00%,Antonio Reynoso,(Working Families),163,AD 57,2025-11-04_22:10:28.313194
ED   16,0.00%,WRITE-IN,&nbsp,-,AD 57,2025-11-04_22:10:28.313194
ED   17,0.00%,Antonio Reynoso,(Democratic),622,AD 57,2025-11-04_22:10:28.313194
ED   17,0.00%,Janine Acquafredda,(Republican),40,AD 57,2025-11-04_22:10:28.313194
ED   17,0.00%,Janine Acquafredda,(Conservative),6,AD 57,2025-11-04_22:10:28.313194
ED   17,0.00%,Antonio Reynoso,(Working Families),187,AD 57,2025-11-04_22:10:28.313194
ED   17,0.00%,WRITE-IN,&nbsp,2,AD 57,2025-11-04_22:10:28.313194
ED   18,0.00%,Antonio Reynoso,(Democratic),278,AD 57,2025-11-04_22:10:28.313194
ED   18,0.00%,Janine Acquafredda,(Republican),28,AD 57,2025-11-04_22:10:28.313194
ED   18,0.00%,Janine Acquafredda,(Conservative),-,AD 57,2025-11-04_22:10:28.313194
ED   18,0.00%,Antonio Reynoso,(Working Families),59,AD 57,2025-11-04_22:10:28.313194
ED   18,0.00%,WRITE-IN,&nbsp,1,AD 57,2025-11-04_22:10:28.313194
ED   19,0.00%,Antonio Reynoso,(Democratic),426,AD 57,2025-11-04_22:10:28.313194
ED   19,0.00%,Janine Acquafredda,(Republican),19,AD 57,2025-11-04_22:10:28.313194
ED   19,0.00%,Janine Acquafredda,(Conservative),3,AD 57,2025-11-04_22:10:28.313194
ED   19,0.00%,Antonio Reynoso,(Working Families),174,AD 57,2025-11-04_22:10:28.313194
ED   19,0.00%,WRITE-IN,&nbsp,3,AD 57,2025-11-04_22:10:28.313194
ED   20,0.00%,Antonio Reynoso,(Democratic),501,AD 57,2025-11-04_22:10:28.313194
ED   20,0.00%,Janine Acquafredda,(Republican),21,AD 57,2025-11-04_22:10:28.313194
ED   20,0.00%,Janine Acquafredda,(Conservative),9,AD 57,2025-11-04_22:10:28.313194
ED   20,0.00%,Antonio Reynoso,(Working Families),194,AD 57,2025-11-04_22:10:28.313194
ED   20,0.00%,WRITE-IN,&nbsp,1,AD 57,2025-11-04_22:10:28.313194
ED   21,0.00%,Antonio Reynoso,(Democratic),448,AD 57,2025-11-04_22:10:28.313194
ED   21,0.00%,Janine Acquafredda,(Republican),28,AD 57,2025-11-04_22:10:28.313194
ED   21,0.00%,Janine Acquafredda,(Conservative),4,AD 57,2025-11-04_22:10:28.313194
ED   21,0.00%,Antonio Reynoso,(Working Families),210,AD 57,2025-11-04_22:10:28.313194
ED   21,0.00%,WRITE-IN,&nbsp,1,AD 57,2025-11-04_22:10:28.313194
ED   22,0.00%,Antonio Reynoso,(Democratic),545,AD 57,2025-11-04_22:10:28.313194
ED   22,0.00%,Janine Acquafredda,(Republican),30,AD 57,2025-11-04_22:10:28.313194
ED   22,0.00%,Janine Acquafredda,(Conservative),3,AD 57,2025-11-04_22:10:28.313194
ED   22,0.00%,Antonio Reynoso,(Working Families),238,AD 57,2025-11-04_22:10:28.313194
ED   22,0.00%,WRITE-IN,&nbsp,3,AD 57,2025-11-04_22:10:28.313194
ED   23,0.00%,Antonio Reynoso,(Democratic),598,AD 57,2025-11-04_22:10:28.313194
ED   23,0.00%,Janine Acquafredda,(Republican),20,AD 57,2025-11-04_22:10:28.313194
ED   23,0.00%,Janine Acquafredda,(Conservative),6,AD 57,2025-11-04_22:10:28.313194
ED   23,0.00%,Antonio Reynoso,(Working Families),205,AD 57,2025-11-04_22:10:28.313194
ED   23,0.00%,WRITE-IN,&nbsp,1,AD 57,2025-11-04_22:10:28.313194
ED   24,0.00%,Antonio Reynoso,(Democratic),293,AD 57,2025-11-04_22:10:28.313194
ED   24,0.00%,Janine Acquafredda,(Republican),10,AD 57,2025-11-04_22:10:28.313194
ED   24,0.00%,Janine Acquafredda,(Conservative),1,AD 57,2025-11-04_22:10:28.313194
ED   24,0.00%,Antonio Reynoso,(Working Families),142,AD 57,2025-11-04_22:10:28.313194
ED   24,0.00%,WRITE-IN,&nbsp,1,AD 57,2025-11-04_22:10:28.313194
ED   25,0.00%,Antonio Reynoso,(Democratic),94,AD 57,2025-11-04_22:10:28.313194
ED   25,0.00%,Janine Acquafredda,(Republican),11,AD 57,2025-11-04_22:10:28.313194
ED   25,0.00%,Janine Acquafredda,(Conservative),2,AD 57,2025-11-04_22:10:28.313194
ED   25,0.00%,Antonio Reynoso,(Working Families),52,AD 57,2025-11-04_22:10:28.313194
ED   25,0.00%,WRITE-IN,&nbsp,-,AD 57,2025-11-04_22:10:28.313194
ED   26,0.00%,Antonio Reynoso,(Democratic),363,AD 57,2025-11-04_22:10:28.313194
ED   26,0.00%,Janine Acquafredda,(Republican),27,AD 57,2025-11-04_22:10:28.313194
ED   26,0.00%,Janine Acquafredda,(Conservative),4,AD 57,2025-11-04_22:10:28.313194
ED   26,0.00%,Antonio Reynoso,(Working Families),116,AD 57,2025-11-04_22:10:28.313194
ED   26,0.00%,WRITE-IN,&nbsp,3,AD 57,2025-11-04_22:10:28.313194
ED   27,0.00%,Antonio Reynoso,(Democratic),561,AD 57,2025-11-04_22:10:28.313194
ED   27,0.00%,Janine Acquafredda,(Republican),20,AD 57,2025-11-04_22:10:28.313194
ED   27,0.00%,Janine Acquafredda,(Conservative),9,AD 57,2025-11-04_22:10:28.313194
ED   27,0.00%,Antonio Reynoso,(Working Families),230,AD 57,2025-11-04_22:10:28.313194
ED   27,0.00%,WRITE-IN,&nbsp,2,AD 57,2025-11-04_22:10:28.313194
ED   28,0.00%,Antonio Reynoso,(Democratic),580,AD 57,2025-11-04_22:10:28.313194
ED   28,0.00%,Janine Acquafredda,(Republican),38,AD 57,2025-11-04_22:10:28.313194
ED   28,0.00%,Janine Acquafredda,(Conservative),5,AD 57,2025-11-04_22:10:28.313194
ED   28,0.00%,Antonio Reynoso,(Working Families),123,AD 57,2025-11-04_22:10:28.313194
ED   28,0.00%,WRITE-IN,&nbsp,4,AD 57,2025-11-04_22:10:28.313194
ED   29,0.00%,Antonio Reynoso,(Democratic),450,AD 57,2025-11-04_22:10:28.313194
ED   29,0.00%,Janine Acquafredda,(Republican),25,AD 57,2025-11-04_22:10:28.313194
ED   29,0.00%,Janine Acquafredda,(Conservative),5,AD 57,2025-11-04_22:10:28.313194
ED   29,0.00%,Antonio Reynoso,(Working Families),210,AD 57,2025-11-04_22:10:28.313194
ED   29,0.00%,WRITE-IN,&nbsp,2,AD 57,2025-11-04_22:10:28.313194
ED   30,0.00%,Antonio Reynoso,(Democratic),670,AD 57,2025-11-04_22:10:28.313194
ED   30,0.00%,Janine Acquafredda,(Republican),33,AD 57,2025-11-04_22:10:28.313194
ED   30,0.00%,Janine Acquafredda,(Conservative),13,AD 57,2025-11-04_22:10:28.313194
ED   30,0.00%,Antonio Reynoso,(Working Families),125,AD 57,2025-11-04_22:10:28.313194
ED   30,0.00%,WRITE-IN,&nbsp,3,AD 57,2025-11-04_22:10:28.313194
ED   31,0.00%,Antonio Reynoso,(Democratic),347,AD 57,2025-11-04_22:10:28.313194
ED   31,0.00%,Janine Acquafredda,(Republican),15,AD 57,2025-11-04_22:10:28.313194
ED   31,0.00%,Janine Acquafredda,(Conservative),3,AD 57,2025-11-04_22:10:28.313194
ED   31,0.00%,Antonio Reynoso,(Working Families),39,AD 57,2025-11-04_22:10:28.313194
ED   31,0.00%,WRITE-IN,&nbsp,-,AD 57,2025-11-04_22:10:28.313194
ED   32,0.00%,Antonio Reynoso,(Democratic),460,AD 57,2025-11-04_22:10:28.313194
ED   32,0.00%,Janine Acquafredda,(Republican),30,AD 57,2025-11-04_22:10:28.313194
ED   32,0.00%,Janine Acquafredda,(Conservative),3,AD 57,2025-11-04_22:10:28.313194
ED   32,0.00%,Antonio Reynoso,(Working Families),189,AD 57,2025-11-04_22:10:28.313194
ED   32,0.00%,WRITE-IN,&nbsp,2,AD 57,2025-11-04_22:10:28.313194
ED   33,0.00%,Antonio Reynoso,(Democratic),497,AD 57,2025-11-04_22:10:28.313194
ED   33,0.00%,Janine Acquafredda,(Republican),11,AD 57,2025-11-04_22:10:28.313194
ED   33,0.00%,Janine Acquafredda,(Conservative),5,AD 57,2025-11-04_22:10:28.313194
ED   33,0.00%,Antonio Reynoso,(Working Families),261,AD 57,2025-11-04_22:10:28.313194
ED   33,0.00%,WRITE-IN,&nbsp,2,AD 57,2025-11-04_22:10:28.313194
ED   34,0.00%,Antonio Reynoso,(Democratic),488,AD 57,2025-11-04_22:10:28.313194
ED   34,0.00%,Janine Acquafredda,(Republican),14,AD 57,2025-11-04_22:10:28.313194
ED   34,0.00%,Janine Acquafredda,(Conservative),2,AD 57,2025-11-04_22:10:28.313194
ED   34,0.00%,Antonio Reynoso,(Working Families),256,AD 57,2025-11-04_22:10:28.313194
ED   34,0.00%,WRITE-IN,&nbsp,-,AD 57,2025-11-04_22:10:28.313194
ED   35,0.00%,Antonio Reynoso,(Democratic),447,AD 57,2025-11-04_22:10:28.313194
ED   35,0.00%,Janine Acquafredda,(Republican),18,AD 57,2025-11-04_22:10:28.313194
ED   35,0.00%,Janine Acquafredda,(Conservative),2,AD 57,2025-11-04_22:10:28.313194
ED   35,0.00%,Antonio Reynoso,(Working Families),223,AD 57,2025-11-04_22:10:28.313194
ED   35,0.00%,WRITE-IN,&nbsp,-,AD 57,2025-11-04_22:10:28.313194
ED   36,0.00%,Antonio Reynoso,(Democratic),556,AD 57,2025-11-04_22:10:28.313194
ED   36,0.00%,Janine Acquafredda,(Republican),20,AD 57,2025-11-04_22:10:28.313194
ED   36,0.00%,Janine Acquafredda,(Conservative),8,AD 57,2025-11-04_22:10:28.313194
ED   36,0.00%,Antonio Reynoso,(Working Families),239,AD 57,2025-11-04_22:10:28.313194
ED   36,0.00%,WRITE-IN,&nbsp,-,AD 57,2025-11-04_22:10:28.313194
ED   37,0.00%,Antonio Reynoso,(Democratic),565,AD 57,2025-11-04_22:10:28.313194
ED   37,0.00%,Janine Acquafredda,(Republican),23,AD 57,2025-11-04_22:10:28.313194
ED   37,0.00%,Janine Acquafredda,(Conservative),4,AD 57,2025-11-04_22:10:28.313194
ED   37,0.00%,Antonio Reynoso,(Working Families),243,AD 57,2025-11-04_22:10:28.313194
ED   37,0.00%,WRITE-IN,&nbsp,4,AD 57,2025-11-04_22:10:28.313194
ED   38,0.00%,Antonio Reynoso,(Democratic),348,AD 57,2025-11-04_22:10:28.313194
ED   38,0.00%,Janine Acquafredda,(Republican),11,AD 57,2025-11-04_22:10:28.313194
ED   38,0.00%,Janine Acquafredda,(Conservative),3,AD 57,2025-11-04_22:10:28.313194
ED   38,0.00%,Antonio Reynoso,(Working Families),145,AD 57,2025-11-04_22:10:28.313194
ED   38,0.00%,WRITE-IN,&nbsp,-,AD 57,2025-11-04_22:10:28.313194
ED   39,0.00%,Antonio Reynoso,(Democratic),329,AD 57,2025-11-04_22:10:28.313194
ED   39,0.00%,Janine Acquafredda,(Republican),13,AD 57,2025-11-04_22:10:28.313194
ED   39,0.00%,Janine Acquafredda,(Conservative),2,AD 57,2025-11-04_22:10:28.313194
ED   39,0.00%,Antonio Reynoso,(Working Families),140,AD 57,2025-11-04_22:10:28.313194
ED   39,0.00%,WRITE-IN,&nbsp,-,AD 57,2025-11-04_22:10:28.313194
ED   40,0.00%,Antonio Reynoso,(Democratic),234,AD 57,2025-11-04_22:10:28.313194
ED   40,0.00%,Janine Acquafredda,(Republican),6,AD 57,2025-11-04_22:10:28.313194
ED   40,0.00%,Janine Acquafredda,(Conservative),5,AD 57,2025-11-04_22:10:28.313194
ED   40,0.00%,Antonio Reynoso,(Working Families),148,AD 57,2025-11-04_22:10:28.313194
ED   40,0.00%,WRITE-IN,&nbsp,1,AD 57,2025-11-04_22:10:28.313194
ED   41,0.00%,Antonio Reynoso,(Democratic),295,AD 57,2025-11-04_22:10:28.313194
ED   41,0.00%,Janine Acquafredda,(Republican),11,AD 57,2025-11-04_22:10:28.313194
ED   41,0.00%,Janine Acquafredda,(Conservative),2,AD 57,2025-11-04_22:10:28.313194
ED   41,0.00%,Antonio Reynoso,(Working Families),135,AD 57,2025-11-04_22:10:28.313194
ED   41,0.00%,WRITE-IN,&nbsp,-,AD 57,2025-11-04_22:10:28.313194
ED   42,0.00%,Antonio Reynoso,(Democratic),262,AD 57,2025-11-04_22:10:28.313194
ED   42,0.00%,Janine Acquafredda,(Republican),16,AD 57,2025-11-04_22:10:28.313194
ED   42,0.00%,Janine Acquafredda,(Conservative),2,AD 57,2025-11-04_22:10:28.313194
ED   42,0.00%,Antonio Reynoso,(Working Families),140,AD 57,2025-11-04_22:10:28.313194
ED   42,0.00%,WRITE-IN,&nbsp,-,AD 57,2025-11-04_22:10:28.313194
ED   43,0.00%,Antonio Reynoso,(Democratic),631,AD 57,2025-11-04_22:10:28.313194
ED   43,0.00%,Janine Acquafredda,(Republican),23,AD 57,2025-11-04_22:10:28.313194
ED   43,0.00%,Janine Acquafredda,(Conservative),6,AD 57,2025-11-04_22:10:28.313194
ED   43,0.00%,Antonio Reynoso,(Working Families),264,AD 57,2025-11-04_22:10:28.313194
ED   43,0.00%,WRITE-IN,&nbsp,-,AD 57,2025-11-04_22:10:28.313194
ED   44,0.00%,Antonio Reynoso,(Democratic),484,AD 57,2025-11-04_22:10:28.313194
ED   44,0.00%,Janine Acquafredda,(Republican),29,AD 57,2025-11-04_22:10:28.313194
ED   44,0.00%,Janine Acquafredda,(Conservative),3,AD 57,2025-11-04_22:10:28.313194
ED   44,0.00%,Antonio Reynoso,(Working Families),217,AD 57,2025-11-04_22:10:28.313194
ED   44,0.00%,WRITE-IN,&nbsp,-,AD 57,2025-11-04_22:10:28.313194
ED   45,0.00%,Antonio Reynoso,(Democratic),393,AD 57,2025-11-04_22:10:28.313194
ED   45,0.00%,Janine Acquafredda,(Republican),21,AD 57,2025-11-04_22:10:28.313194
ED   45,0.00%,Janine Acquafredda,(Conservative),1,AD 57,2025-11-04_22:10:28.313194
ED   45,0.00%,Antonio Reynoso,(Working Families),192,AD 57,2025-11-04_22:10:28.313194
ED   45,0.00%,WRITE-IN,&nbsp,2,AD 57,2025-11-04_22:10:28.313194
ED   46,0.00%,Antonio Reynoso,(Democratic),482,AD 57,2025-11-04_22:10:28.313194
ED   46,0.00%,Janine Acquafredda,(Republican),25,AD 57,2025-11-04_22:10:28.313194
ED   46,0.00%,Janine Acquafredda,(Conservative),5,AD 57,2025-11-04_22:10:28.313194
ED   46,0.00%,Antonio Reynoso,(Working Families),213,AD 57,2025-11-04_22:10:28.313194
ED   46,0.00%,WRITE-IN,&nbsp,-,AD 57,2025-11-04_22:10:28.313194
ED   47,0.00%,Antonio Reynoso,(Democratic),530,AD 57,2025-11-04_22:10:28.313194
ED   47,0.00%,Janine Acquafredda,(Republican),15,AD 57,2025-11-04_22:10:28.313194
ED   47,0.00%,Janine Acquafredda,(Conservative),7,AD 57,2025-11-04_22:10:28.313194
ED   47,0.00%,Antonio Reynoso,(Working Families),279,AD 57,2025-11-04_22:10:28.313194
ED   47,0.00%,WRITE-IN,&nbsp,-,AD 57,2025-11-04_22:10:28.313194
ED   48,0.00%,Antonio Reynoso,(Democratic),591,AD 57,2025-11-04_22:10:28.313194
ED   48,0.00%,Janine Acquafredda,(Republican),21,AD 57,2025-11-04_22:10:28.313194
ED   48,0.00%,Janine Acquafredda,(Conservative),6,AD 57,2025-11-04_22:10:28.313194
ED   48,0.00%,Antonio Reynoso,(Working Families),249,AD 57,2025-11-04_22:10:28.313194
ED   48,0.00%,WRITE-IN,&nbsp,3,AD 57,2025-11-04_22:10:28.313194
ED   49,0.00%,Antonio Reynoso,(Democratic),594,AD 57,2025-11-04_22:10:28.313194
ED   49,0.00%,Janine Acquafredda,(Republican),21,AD 57,2025-11-04_22:10:28.313194
ED   49,0.00%,Janine Acquafredda,(Conservative),5,AD 57,2025-11-04_22:10:28.313194
ED   49,0.00%,Antonio Reynoso,(Working Families),301,AD 57,2025-11-04_22:10:28.313194
ED   49,0.00%,WRITE-IN,&nbsp,4,AD 57,2025-11-04_22:10:28.313194
ED   50,0.00%,Antonio Reynoso,(Democratic),489,AD 57,2025-11-04_22:10:28.313194
ED   50,0.00%,Janine Acquafredda,(Republican),20,AD 57,2025-11-04_22:10:28.313194
ED   50,0.00%,Janine Acquafredda,(Conservative),3,AD 57,2025-11-04_22:10:28.313194
ED   50,0.00%,Antonio Reynoso,(Working Families),252,AD 57,2025-11-04_22:10:28.313194
ED   50,0.00%,WRITE-IN,&nbsp,2,AD 57,2025-11-04_22:10:28.313194
ED   51,0.00%,Antonio Reynoso,(Democratic),629,AD 57,2025-11-04_22:10:28.313194
ED   51,0.00%,Janine Acquafredda,(Republican),22,AD 57,2025-11-04_22:10:28.313194
ED   51,0.00%,Janine Acquafredda,(Conservative),8,AD 57,2025-11-04_22:10:28.313194
ED   51,0.00%,Antonio Reynoso,(Working Families),289,AD 57,2025-11-04_22:10:28.313194
ED   51,0.00%,WRITE-IN,&nbsp,2,AD 57,2025-11-04_22:10:28.313194
ED   52,0.00%,Antonio Reynoso,(Democratic),437,AD 57,2025-11-04_22:10:28.313194
ED   52,0.00%,Janine Acquafredda,(Republican),17,AD 57,2025-11-04_22:10:28.313194
ED   52,0.00%,Janine Acquafredda,(Conservative),1,AD 57,2025-11-04_22:10:28.313194
ED   52,0.00%,Antonio Reynoso,(Working Families),213,AD 57,2025-11-04_22:10:28.313194
ED   52,0.00%,WRITE-IN,&nbsp,-,AD 57,2025-11-04_22:10:28.313194
ED   53,0.00%,Antonio Reynoso,(Democratic),346,AD 57,2025-11-04_22:10:28.313194
ED   53,0.00%,Janine Acquafredda,(Republican),9,AD 57,2025-11-04_22:10:28.313194
ED   53,0.00%,Janine Acquafredda,(Conservative),-,AD 57,2025-11-04_22:10:28.313194
ED   53,0.00%,Antonio Reynoso,(Working Families),131,AD 57,2025-11-04_22:10:28.313194
ED   53,0.00%,WRITE-IN,&nbsp,-,AD 57,2025-11-04_22:10:28.313194
ED   54,0.00%,Antonio Reynoso,(Democratic),320,AD 57,2025-11-04_22:10:28.313194
ED   54,0.00%,Janine Acquafredda,(Republican),18,AD 57,2025-11-04_22:10:28.313194
ED   54,0.00%,Janine Acquafredda,(Conservative),7,AD 57,2025-11-04_22:10:28.313194
ED   54,0.00%,Antonio Reynoso,(Working Families),277,AD 57,2025-11-04_22:10:28.313194
ED   54,0.00%,WRITE-IN,&nbsp,-,AD 57,2025-11-04_22:10:28.313194
ED   55,0.00%,Antonio Reynoso,(Democratic),453,AD 57,2025-11-04_22:10:28.313194
ED   55,0.00%,Janine Acquafredda,(Republican),21,AD 57,2025-11-04_22:10:28.313194
ED   55,0.00%,Janine Acquafredda,(Conservative),4,AD 57,2025-11-04_22:10:28.313194
ED   55,0.00%,Antonio Reynoso,(Working Families),249,AD 57,2025-11-04_22:10:28.313194
ED   55,0.00%,WRITE-IN,&nbsp,1,AD 57,2025-11-04_22:10:28.313194
ED   56,0.00%,Antonio Reynoso,(Democratic),499,AD 57,2025-11-04_22:10:28.313194
ED   56,0.00%,Janine Acquafredda,(Republican),23,AD 57,2025-11-04_22:10:28.313194
ED   56,0.00%,Janine Acquafredda,(Conservative),-,AD 57,2025-11-04_22:10:28.313194
ED   56,0.00%,Antonio Reynoso,(Working Families),222,AD 57,2025-11-04_22:10:28.313194
ED   56,0.00%,WRITE-IN,&nbsp,-,AD 57,2025-11-04_22:10:28.313194
ED   57,0.00%,Antonio Reynoso,(Democratic),430,AD 57,2025-11-04_22:10:28.313194
ED   57,0.00%,Janine Acquafredda,(Republican),18,AD 57,2025-11-04_22:10:28.313194
ED   57,0.00%,Janine Acquafredda,(Conservative),5,AD 57,2025-11-04_22:10:28.313194
ED   57,0.00%,Antonio Reynoso,(Working Families),212,AD 57,2025-11-04_22:10:28.313194
ED   57,0.00%,WRITE-IN,&nbsp,2,AD 57,2025-11-04_22:10:28.313194
ED   58,0.00%,Antonio Reynoso,(Democratic),399,AD 57,2025-11-04_22:10:28.313194
ED   58,0.00%,Janine Acquafredda,(Republican),7,AD 57,2025-11-04_22:10:28.313194
ED   58,0.00%,Janine Acquafredda,(Conservative),-,AD 57,2025-11-04_22:10:28.313194
ED   58,0.00%,Antonio Reynoso,(Working Families),217,AD 57,2025-11-04_22:10:28.313194
ED   58,0.00%,WRITE-IN,&nbsp,-,AD 57,2025-11-04_22:10:28.313194
ED   59,0.00%,Antonio Reynoso,(Democratic),335,AD 57,2025-11-04_22:10:28.313194
ED   59,0.00%,Janine Acquafredda,(Republican),15,AD 57,2025-11-04_22:10:28.313194
ED   59,0.00%,Janine Acquafredda,(Conservative),2,AD 57,2025-11-04_22:10:28.313194
ED   59,0.00%,Antonio Reynoso,(Working Families),202,AD 57,2025-11-04_22:10:28.313194
ED   59,0.00%,WRITE-IN,&nbsp,2,AD 57,2025-11-04_22:10:28.313194
ED   60,0.00%,Antonio Reynoso,(Democratic),672,AD 57,2025-11-04_22:10:28.313194
ED   60,0.00%,Janine Acquafredda,(Republican),14,AD 57,2025-11-04_22:10:28.313194
ED   60,0.00%,Janine Acquafredda,(Conservative),6,AD 57,2025-11-04_22:10:28.313194
ED   60,0.00%,Antonio Reynoso,(Working Families),270,AD 57,2025-11-04_22:10:28.313194
ED   60,0.00%,WRITE-IN,&nbsp,1,AD 57,2025-11-04_22:10:28.313194
ED   61,0.00%,Antonio Reynoso,(Democratic),586,AD 57,2025-11-04_22:10:28.313194
ED   61,0.00%,Janine Acquafredda,(Republican),22,AD 57,2025-11-04_22:10:28.313194
ED   61,0.00%,Janine Acquafredda,(Conservative),2,AD 57,2025-11-04_22:10:28.313194
ED   61,0.00%,Antonio Reynoso,(Working Families),228,AD 57,2025-11-04_22:10:28.313194
ED   61,0.00%,WRITE-IN,&nbsp,-,AD 57,2025-11-04_22:10:28.313194
ED   62,0.00%,Antonio Reynoso,(Democratic),381,AD 57,2025-11-04_22:10:28.313194
ED   62,0.00%,Janine Acquafredda,(Republican),7,AD 57,2025-11-04_22:10:28.313194
ED   62,0.00%,Janine Acquafredda,(Conservative),2,AD 57,2025-11-04_22:10:28.313194
ED   62,0.00%,Antonio Reynoso,(Working Families),151,AD 57,2025-11-04_22:10:28.313194
ED   62,0.00%,WRITE-IN,&nbsp,-,AD 57,2025-11-04_22:10:28.313194
ED   63,0.00%,Antonio Reynoso,(Democratic),482,AD 57,2025-11-04_22:10:28.313194
ED   63,0.00%,Janine Acquafredda,(Republican),23,AD 57,2025-11-04_22:10:28.313194
ED   63,0.00%,Janine Acquafredda,(Conservative),2,AD 57,2025-11-04_22:10:28.313194
ED   63,0.00%,Antonio Reynoso,(Working Families),202,AD 57,2025-11-04_22:10:28.313194
ED   63,0.00%,WRITE-IN,&nbsp,3,AD 57,2025-11-04_22:10:28.313194
ED   64,0.00%,Antonio Reynoso,(Democratic),118,AD 57,2025-11-04_22:10:28.313194
ED   64,0.00%,Janine Acquafredda,(Republican),2,AD 57,2025-11-04_22:10:28.313194
ED   64,0.00%,Janine Acquafredda,(Conservative),1,AD 57,2025-11-04_22:10:28.313194
ED   64,0.00%,Antonio Reynoso,(Working Families),34,AD 57,2025-11-04_22:10:28.313194
ED   64,0.00%,WRITE-IN,&nbsp,-,AD 57,2025-11-04_22:10:28.313194
ED   65,0.00%,Antonio Reynoso,(Democratic),129,AD 57,2025-11-04_22:10:28.313194
ED   65,0.00%,Janine Acquafredda,(Republican),3,AD 57,2025-11-04_22:10:28.313194
ED   65,0.00%,Janine Acquafredda,(Conservative),1,AD 57,2025-11-04_22:10:28.313194
ED   65,0.00%,Antonio Reynoso,(Working Families),25,AD 57,2025-11-04_22:10:28.313194
ED   65,0.00%,WRITE-IN,&nbsp,1,AD 57,2025-11-04_22:10:28.313194
ED   66,0.00%,Antonio Reynoso,(Democratic),151,AD 57,2025-11-04_22:10:28.313194
ED   66,0.00%,Janine Acquafredda,(Republican),3,AD 57,2025-11-04_22:10:28.313194
ED   66,0.00%,Janine Acquafredda,(Conservative),1,AD 57,2025-11-04_22:10:28.313194
ED   66,0.00%,Antonio Reynoso,(Working Families),62,AD 57,2025-11-04_22:10:28.313194
ED   66,0.00%,WRITE-IN,&nbsp,1,AD 57,2025-11-04_22:10:28.313194
ED   67,0.00%,Antonio Reynoso,(Democratic),47,AD 57,2025-11-04_22:10:28.313194
ED   67,0.00%,Janine Acquafredda,(Republican),6,AD 57,2025-11-04_22:10:28.313194
ED   67,0.00%,Janine Acquafredda,(Conservative),1,AD 57,2025-11-04_22:10:28.313194
ED   67,0.00%,Antonio Reynoso,(Working Families),12,AD 57,2025-11-04_22:10:28.313194
ED   67,0.00%,WRITE-IN,&nbsp,-,AD 57,2025-11-04_22:10:28.313194
ED   68,0.00%,Antonio Reynoso,(Democratic),184,AD 57,2025-11-04_22:10:28.313194
ED   68,0.00%,Janine Acquafredda,(Republican),5,AD 57,2025-11-04_22:10:28.313194
ED   68,0.00%,Janine Acquafredda,(Conservative),3,AD 57,2025-11-04_22:10:28.313194
ED   68,0.00%,Antonio Reynoso,(Working Families),117,AD 57,2025-11-04_22:10:28.313194
ED   68,0.00%,WRITE-IN,&nbsp,1,AD 57,2025-11-04_22:10:28.313194
ED   69,0.00%,Antonio Reynoso,(Democratic),76,AD 57,2025-11-04_22:10:28.313194
ED   69,0.00%,Janine Acquafredda,(Republican),6,AD 57,2025-11-04_22:10:28.313194
ED   69,0.00%,Janine Acquafredda,(Conservative),-,AD 57,2025-11-04_22:10:28.313194
ED   69,0.00%,Antonio Reynoso,(Working Families),38,AD 57,2025-11-04_22:10:28.313194
ED   69,0.00%,WRITE-IN,&nbsp,-,AD 57,2025-11-04_22:10:28.313194
ED   70,0.00%,Antonio Reynoso,(Democratic),189,AD 57,2025-11-04_22:10:28.313194
ED   70,0.00%,Janine Acquafredda,(Republican),10,AD 57,2025-11-04_22:10:28.313194
ED   70,0.00%,Janine Acquafredda,(Conservative),1,AD 57,2025-11-04_22:10:28.313194
ED   70,0.00%,Antonio Reynoso,(Working Families),65,AD 57,2025-11-04_22:10:28.313194
ED   70,0.00%,WRITE-IN,&nbsp,-,AD 57,2025-11-04_22:10:28.313194
ED   71,0.00%,Antonio Reynoso,(Democratic),186,AD 57,2025-11-04_22:10:28.313194
ED   71,0.00%,Janine Acquafredda,(Republican),89,AD 57,2025-11-04_22:10:28.313194
ED   71,0.00%,Janine Acquafredda,(Conservative),9,AD 57,2025-11-04_22:10:28.313194
ED   71,0.00%,Antonio Reynoso,(Working Families),58,AD 57,2025-11-04_22:10:28.313194
ED   71,0.00%,WRITE-IN,&nbsp,3,AD 57,2025-11-04_22:10:28.313194
ED   72,0.00%,Antonio Reynoso,(Democratic),177,AD 57,2025-11-04_22:10:28.313194
ED   72,0.00%,Janine Acquafredda,(Republican),8,AD 57,2025-11-04_22:10:28.313194
ED   72,0.00%,Janine Acquafredda,(Conservative),3,AD 57,2025-11-04_22:10:28.313194
ED   72,0.00%,Antonio Reynoso,(Working Families),64,AD 57,2025-11-04_22:10:28.313194
ED   72,0.00%,WRITE-IN,&nbsp,-,AD 57,2025-11-04_22:10:28.313194
ED   73,0.00%,Antonio Reynoso,(Democratic),539,AD 57,2025-11-04_22:10:28.313194
ED   73,0.00%,Janine Acquafredda,(Republican),36,AD 57,2025-11-04_22:10:28.313194
ED   73,0.00%,Janine Acquafredda,(Conservative),9,AD 57,2025-11-04_22:10:28.313194
ED   73,0.00%,Antonio Reynoso,(Working Families),233,AD 57,2025-11-04_22:10:28.313194
ED   73,0.00%,WRITE-IN,&nbsp,1,AD 57,2025-11-04_22:10:28.313194
ED   74,0.00%,Antonio Reynoso,(Democratic),367,AD 57,2025-11-04_22:10:28.313194
ED   74,0.00%,Janine Acquafredda,(Republican),39,AD 57,2025-11-04_22:10:28.313194
ED   74,0.00%,Janine Acquafredda,(Conservative),7,AD 57,2025-11-04_22:10:28.313194
ED   74,0.00%,Antonio Reynoso,(Working Families),155,AD 57,2025-11-04_22:10:28.313194
ED   74,0.00%,WRITE-IN,&nbsp,-,AD 57,2025-11-04_22:10:28.313194
ED   75,0.00%,Antonio Reynoso,(Democratic),8,AD 57,2025-11-04_22:10:28.313194
ED   75,0.00%,Janine Acquafredda,(Republican),-,AD 57,2025-11-04_22:10:28.313194
ED   75,0.00%,Janine Acquafredda,(Conservative),-,AD 57,2025-11-04_22:10:28.313194
ED   75,0.00%,Antonio Reynoso,(Working Families),3,AD 57,2025-11-04_22:10:28.313194
ED   75,0.00%,WRITE-IN,&nbsp,-,AD 57,2025-11-04_22:10:28.313194
ED   76,0.00%,Antonio Reynoso,(Democratic),2,AD 57,2025-11-04_22:10:28.313194
ED   76,0.00%,Janine Acquafredda,(Republican),-,AD 57,2025-11-04_22:10:28.313194
ED   76,0.00%,Janine Acquafredda,(Conservative),-,AD 57,2025-11-04_22:10:28.313194
ED   76,0.00%,Antonio Reynoso,(Working Families),4,AD 57,2025-11-04_22:10:28.313194
ED   76,0.00%,WRITE-IN,&nbsp,-,AD 57,2025-11-04_22:10:28.313194
ED   77,0.00%,Antonio Reynoso,(Democratic),-,AD 57,2025-11-04_22:10:28.313194
ED   77,0.00%,Janine Acquafredda,(Republican),-,AD 57,2025-11-04_22:10:28.313194
ED   77,0.00%,Janine Acquafredda,(Conservative),-,AD 57,2025-11-04_22:10:28.313194
ED   77,0.00%,Antonio Reynoso,(Working Families),-,AD 57,2025-11-04_22:10:28.313194
ED   77,0.00%,WRITE-IN,&nbsp,-,AD 57,2025-11-04_22:10:28.313194
ED   78,0.00%,Antonio Reynoso,(Democratic),-,AD 57,2025-11-04_22:10:28.313194
ED   78,0.00%,Janine Acquafredda,(Republican),-,AD 57,2025-11-04_22:10:28.313194
ED   78,0.00%,Janine Acquafredda,(Conservative),-,AD 57,2025-11-04_22:10:28.313194
ED   78,0.00%,Antonio Reynoso,(Working Families),-,AD 57,2025-11-04_22:10:28.313194
ED   78,0.00%,WRITE-IN,&nbsp,-,AD 57,2025-11-04_22:10:28.313194
ED   79,0.00%,Antonio Reynoso,(Democratic),-,AD 57,2025-11-04_22:10:28.313194
ED   79,0.00%,Janine Acquafredda,(Republican),-,AD 57,2025-11-04_22:10:28.313194
ED   79,0.00%,Janine Acquafredda,(Conservative),-,AD 57,2025-11-04_22:10:28.313194
ED   79,0.00%,Antonio Reynoso,(Working Families),-,AD 57,2025-11-04_22:10:28.313194
ED   79,0.00%,WRITE-IN,&nbsp,-,AD 57,2025-11-04_22:10:28.313194
ED   80,0.00%,Antonio Reynoso,(Democratic),-,AD 57,2025-11-04_22:10:28.313194
ED   80,0.00%,Janine Acquafredda,(Republican),-,AD 57,2025-11-04_22:10:28.313194
ED   80,0.00%,Janine Acquafredda,(Conservative),-,AD 57,2025-11-04_22:10:28.313194
ED   80,0.00%,Antonio Reynoso,(Working Families),-,AD 57,2025-11-04_22:10:28.313194
ED   80,0.00%,WRITE-IN,&nbsp,-,AD 57,2025-11-04_22:10:28.313194
ED   81,0.00%,Antonio Reynoso,(Democratic),-,AD 57,2025-11-04_22:10:28.313194
ED   81,0.00%,Janine Acquafredda,(Republican),-,AD 57,2025-11-04_22:10:28.313194
ED   81,0.00%,Janine Acquafredda,(Conservative),-,AD 57,2025-11-04_22:10:28.313194
ED   81,0.00%,Antonio Reynoso,(Working Families),-,AD 57,2025-11-04_22:10:28.313194
ED   81,0.00%,WRITE-IN,&nbsp,-,AD 57,2025-11-04_22:10:28.313194
Total,,Antonio Reynoso,(Democratic),28421,AD 57,2025-11-04_22:10:28.313194
Total,,Janine Acquafredda,(Republican),1579,AD 57,2025-11-04_22:10:28.313194
Total,,Janine Acquafredda,(Conservative),319,AD 57,2025-11-04_22:10:28.313194
Total,,Antonio Reynoso,(Working Families),11550,AD 57,2025-11-04_22:10:28.313194
Total,,WRITE-IN,&nbsp,75,AD 57,2025-11-04_22:10:28.313194
ED    1,0.00%,Antonio Reynoso,(Democratic),256,AD 58,2025-11-04_22:10:28.313194
ED    1,0.00%,Janine Acquafredda,(Republican),10,AD 58,2025-11-04_22:10:28.313194
ED    1,0.00%,Janine Acquafredda,(Conservative),2,AD 58,2025-11-04_22:10:28.313194
ED    1,0.00%,Antonio Reynoso,(Working Families),18,AD 58,2025-11-04_22:10:28.313194
ED    1,0.00%,WRITE-IN,&nbsp,-,AD 58,2025-11-04_22:10:28.313194
ED    2,0.00%,Antonio Reynoso,(Democratic),258,AD 58,2025-11-04_22:10:28.313194
ED    2,0.00%,Janine Acquafredda,(Republican),8,AD 58,2025-11-04_22:10:28.313194
ED    2,0.00%,Janine Acquafredda,(Conservative),3,AD 58,2025-11-04_22:10:28.313194
ED    2,0.00%,Antonio Reynoso,(Working Families),15,AD 58,2025-11-04_22:10:28.313194
ED    2,0.00%,WRITE-IN,&nbsp,-,AD 58,2025-11-04_22:10:28.313194
ED    3,0.00%,Antonio Reynoso,(Democratic),413,AD 58,2025-11-04_22:10:28.313194
ED    3,0.00%,Janine Acquafredda,(Republican),13,AD 58,2025-11-04_22:10:28.313194
ED    3,0.00%,Janine Acquafredda,(Conservative),4,AD 58,2025-11-04_22:10:28.313194
ED    3,0.00%,Antonio Reynoso,(Working Families),35,AD 58,2025-11-04_22:10:28.313194
ED    3,0.00%,WRITE-IN,&nbsp,1,AD 58,2025-11-04_22:10:28.313194
ED    4,0.00%,Antonio Reynoso,(Democratic),210,AD 58,2025-11-04_22:10:28.313194
ED    4,0.00%,Janine Acquafredda,(Republican),7,AD 58,2025-11-04_22:10:28.313194
ED    4,0.00%,Janine Acquafredda,(Conservative),-,AD 58,2025-11-04_22:10:28.313194
ED    4,0.00%,Antonio Reynoso,(Working Families),10,AD 58,2025-11-04_22:10:28.313194
ED    4,0.00%,WRITE-IN,&nbsp,-,AD 58,2025-11-04_22:10:28.313194
ED    5,0.00%,Antonio Reynoso,(Democratic),277,AD 58,2025-11-04_22:10:28.313194
ED    5,0.00%,Janine Acquafredda,(Republican),13,AD 58,2025-11-04_22:10:28.313194
ED    5,0.00%,Janine Acquafredda,(Conservative),2,AD 58,2025-11-04_22:10:28.313194
ED    5,0.00%,Antonio Reynoso,(Working Families),18,AD 58,2025-11-04_22:10:28.313194
ED    5,0.00%,WRITE-IN,&nbsp,-,AD 58,2025-11-04_22:10:28.313194
ED    6,0.00%,Antonio Reynoso,(Democratic),247,AD 58,2025-11-04_22:10:28.313194
ED    6,0.00%,Janine Acquafredda,(Republican),9,AD 58,2025-11-04_22:10:28.313194
ED    6,0.00%,Janine Acquafredda,(Conservative),-,AD 58,2025-11-04_22:10:28.313194
ED    6,0.00%,Antonio Reynoso,(Working Families),21,AD 58,2025-11-04_22:10:28.313194
ED    6,0.00%,WRITE-IN,&nbsp,1,AD 58,2025-11-04_22:10:28.313194
ED    7,0.00%,Antonio Reynoso,(Democratic),333,AD 58,2025-11-04_22:10:28.313194
ED    7,0.00%,Janine Acquafredda,(Republican),7,AD 58,2025-11-04_22:10:28.313194
ED    7,0.00%,Janine Acquafredda,(Conservative),2,AD 58,2025-11-04_22:10:28.313194
ED    7,0.00%,Antonio Reynoso,(Working Families),17,AD 58,2025-11-04_22:10:28.313194
ED    7,0.00%,WRITE-IN,&nbsp,-,AD 58,2025-11-04_22:10:28.313194
ED    8,0.00%,Antonio Reynoso,(Democratic),332,AD 58,2025-11-04_22:10:28.313194
ED    8,0.00%,Janine Acquafredda,(Republican),10,AD 58,2025-11-04_22:10:28.313194
ED    8,0.00%,Janine Acquafredda,(Conservative),2,AD 58,2025-11-04_22:10:28.313194
ED    8,0.00%,Antonio Reynoso,(Working Families),20,AD 58,2025-11-04_22:10:28.313194
ED    8,0.00%,WRITE-IN,&nbsp,1,AD 58,2025-11-04_22:10:28.313194
ED    9,0.00%,Antonio Reynoso,(Democratic),310,AD 58,2025-11-04_22:10:28.313194
ED    9,0.00%,Janine Acquafredda,(Republican),16,AD 58,2025-11-04_22:10:28.313194
ED    9,0.00%,Janine Acquafredda,(Conservative),3,AD 58,2025-11-04_22:10:28.313194
ED    9,0.00%,Antonio Reynoso,(Working Families),12,AD 58,2025-11-04_22:10:28.313194
ED    9,0.00%,WRITE-IN,&nbsp,-,AD 58,2025-11-04_22:10:28.313194
ED   10,0.00%,Antonio Reynoso,(Democratic),273,AD 58,2025-11-04_22:10:28.313194
ED   10,0.00%,Janine Acquafredda,(Republican),11,AD 58,2025-11-04_22:10:28.313194
ED   10,0.00%,Janine Acquafredda,(Conservative),3,AD 58,2025-11-04_22:10:28.313194
ED   10,0.00%,Antonio Reynoso,(Working Families),11,AD 58,2025-11-04_22:10:28.313194
ED   10,0.00%,WRITE-IN,&nbsp,-,AD 58,2025-11-04_22:10:28.313194
ED   11,0.00%,Antonio Reynoso,(Democratic),431,AD 58,2025-11-04_22:10:28.313194
ED   11,0.00%,Janine Acquafredda,(Republican),18,AD 58,2025-11-04_22:10:28.313194
ED   11,0.00%,Janine Acquafredda,(Conservative),6,AD 58,2025-11-04_22:10:28.313194
ED   11,0.00%,Antonio Reynoso,(Working Families),30,AD 58,2025-11-04_22:10:28.313194
ED   11,0.00%,WRITE-IN,&nbsp,-,AD 58,2025-11-04_22:10:28.313194
ED   12,0.00%,Antonio Reynoso,(Democratic),285,AD 58,2025-11-04_22:10:28.313194
ED   12,0.00%,Janine Acquafredda,(Republican),19,AD 58,2025-11-04_22:10:28.313194
ED   12,0.00%,Janine Acquafredda,(Conservative),2,AD 58,2025-11-04_22:10:28.313194
ED   12,0.00%,Antonio Reynoso,(Working Families),25,AD 58,2025-11-04_22:10:28.313194
ED   12,0.00%,WRITE-IN,&nbsp,-,AD 58,2025-11-04_22:10:28.313194
ED   13,0.00%,Antonio Reynoso,(Democratic),423,AD 58,2025-11-04_22:10:28.313194
ED   13,0.00%,Janine Acquafredda,(Republican),16,AD 58,2025-11-04_22:10:28.313194
ED   13,0.00%,Janine Acquafredda,(Conservative),6,AD 58,2025-11-04_22:10:28.313194
ED   13,0.00%,Antonio Reynoso,(Working Families),20,AD 58,2025-11-04_22:10:28.313194
ED   13,0.00%,WRITE-IN,&nbsp,-,AD 58,2025-11-04_22:10:28.313194
ED   14,0.00%,Antonio Reynoso,(Democratic),316,AD 58,2025-11-04_22:10:28.313194
ED   14,0.00%,Janine Acquafredda,(Republican),9,AD 58,2025-11-04_22:10:28.313194
ED   14,0.00%,Janine Acquafredda,(Conservative),2,AD 58,2025-11-04_22:10:28.313194
ED   14,0.00%,Antonio Reynoso,(Working Families),26,AD 58,2025-11-04_22:10:28.313194
ED   14,0.00%,WRITE-IN,&nbsp,-,AD 58,2025-11-04_22:10:28.313194
ED   15,0.00%,Antonio Reynoso,(Democratic),347,AD 58,2025-11-04_22:10:28.313194
ED   15,0.00%,Janine Acquafredda,(Republican),17,AD 58,2025-11-04_22:10:28.313194
ED   15,0.00%,Janine Acquafredda,(Conservative),2,AD 58,2025-11-04_22:10:28.313194
ED   15,0.00%,Antonio Reynoso,(Working Families),22,AD 58,2025-11-04_22:10:28.313194
ED   15,0.00%,WRITE-IN,&nbsp,-,AD 58,2025-11-04_22:10:28.313194
ED   16,0.00%,Antonio Reynoso,(Democratic),284,AD 58,2025-11-04_22:10:28.313194
ED   16,0.00%,Janine Acquafredda,(Republican),13,AD 58,2025-11-04_22:10:28.313194
ED   16,0.00%,Janine Acquafredda,(Conservative),3,AD 58,2025-11-04_22:10:28.313194
ED   16,0.00%,Antonio Reynoso,(Working Families),23,AD 58,2025-11-04_22:10:28.313194
ED   16,0.00%,WRITE-IN,&nbsp,1,AD 58,2025-11-04_22:10:28.313194
ED   17,0.00%,Antonio Reynoso,(Democratic),300,AD 58,2025-11-04_22:10:28.313194
ED   17,0.00%,Janine Acquafredda,(Republican),18,AD 58,2025-11-04_22:10:28.313194
ED   17,0.00%,Janine Acquafredda,(Conservative),7,AD 58,2025-11-04_22:10:28.313194
ED   17,0.00%,Antonio Reynoso,(Working Families),21,AD 58,2025-11-04_22:10:28.313194
ED   17,0.00%,WRITE-IN,&nbsp,-,AD 58,2025-11-04_22:10:28.313194
ED   18,0.00%,Antonio Reynoso,(Democratic),355,AD 58,2025-11-04_22:10:28.313194
ED   18,0.00%,Janine Acquafredda,(Republican),13,AD 58,2025-11-04_22:10:28.313194
ED   18,0.00%,Janine Acquafredda,(Conservative),4,AD 58,2025-11-04_22:10:28.313194
ED   18,0.00%,Antonio Reynoso,(Working Families),23,AD 58,2025-11-04_22:10:28.313194
ED   18,0.00%,WRITE-IN,&nbsp,-,AD 58,2025-11-04_22:10:28.313194
ED   19,0.00%,Antonio Reynoso,(Democratic),193,AD 58,2025-11-04_22:10:28.313194
ED   19,0.00%,Janine Acquafredda,(Republican),5,AD 58,2025-11-04_22:10:28.313194
ED   19,0.00%,Janine Acquafredda,(Conservative),1,AD 58,2025-11-04_22:10:28.313194
ED   19,0.00%,Antonio Reynoso,(Working Families),12,AD 58,2025-11-04_22:10:28.313194
ED   19,0.00%,WRITE-IN,&nbsp,-,AD 58,2025-11-04_22:10:28.313194
ED   20,0.00%,Antonio Reynoso,(Democratic),162,AD 58,2025-11-04_22:10:28.313194
ED   20,0.00%,Janine Acquafredda,(Republican),5,AD 58,2025-11-04_22:10:28.313194
ED   20,0.00%,Janine Acquafredda,(Conservative),1,AD 58,2025-11-04_22:10:28.313194
ED   20,0.00%,Antonio Reynoso,(Working Families),7,AD 58,2025-11-04_22:10:28.313194
ED   20,0.00%,WRITE-IN,&nbsp,-,AD 58,2025-11-04_22:10:28.313194
ED   21,0.00%,Antonio Reynoso,(Democratic),213,AD 58,2025-11-04_22:10:28.313194
ED   21,0.00%,Janine Acquafredda,(Republican),4,AD 58,2025-11-04_22:10:28.313194
ED   21,0.00%,Janine Acquafredda,(Conservative),4,AD 58,2025-11-04_22:10:28.313194
ED   21,0.00%,Antonio Reynoso,(Working Families),12,AD 58,2025-11-04_22:10:28.313194
ED   21,0.00%,WRITE-IN,&nbsp,-,AD 58,2025-11-04_22:10:28.313194
ED   22,0.00%,Antonio Reynoso,(Democratic),80,AD 58,2025-11-04_22:10:28.313194
ED   22,0.00%,Janine Acquafredda,(Republican),3,AD 58,2025-11-04_22:10:28.313194
ED   22,0.00%,Janine Acquafredda,(Conservative),1,AD 58,2025-11-04_22:10:28.313194
ED   22,0.00%,Antonio Reynoso,(Working Families),4,AD 58,2025-11-04_22:10:28.313194
ED   22,0.00%,WRITE-IN,&nbsp,-,AD 58,2025-11-04_22:10:28.313194
ED   23,0.00%,Antonio Reynoso,(Democratic),270,AD 58,2025-11-04_22:10:28.313194
ED   23,0.00%,Janine Acquafredda,(Republican),9,AD 58,2025-11-04_22:10:28.313194
ED   23,0.00%,Janine Acquafredda,(Conservative),1,AD 58,2025-11-04_22:10:28.313194
ED   23,0.00%,Antonio Reynoso,(Working Families),12,AD 58,2025-11-04_22:10:28.313194
ED   23,0.00%,WRITE-IN,&nbsp,-,AD 58,2025-11-04_22:10:28.313194
ED   24,0.00%,Antonio Reynoso,(Democratic),7,AD 58,2025-11-04_22:10:28.313194
ED   24,0.00%,Janine Acquafredda,(Republican),3,AD 58,2025-11-04_22:10:28.313194
ED   24,0.00%,Janine Acquafredda,(Conservative),-,AD 58,2025-11-04_22:10:28.313194
ED   24,0.00%,Antonio Reynoso,(Working Families),3,AD 58,2025-11-04_22:10:28.313194
ED   24,0.00%,WRITE-IN,&nbsp,-,AD 58,2025-11-04_22:10:28.313194
ED   25,0.00%,Antonio Reynoso,(Democratic),330,AD 58,2025-11-04_22:10:28.313194
ED   25,0.00%,Janine Acquafredda,(Republican),9,AD 58,2025-11-04_22:10:28.313194
ED   25,0.00%,Janine Acquafredda,(Conservative),3,AD 58,2025-11-04_22:10:28.313194
ED   25,0.00%,Antonio Reynoso,(Working Families),30,AD 58,2025-11-04_22:10:28.313194
ED   25,0.00%,WRITE-IN,&nbsp,-,AD 58,2025-11-04_22:10:28.313194
ED   26,0.00%,Antonio Reynoso,(Democratic),303,AD 58,2025-11-04_22:10:28.313194
ED   26,0.00%,Janine Acquafredda,(Republican),11,AD 58,2025-11-04_22:10:28.313194
ED   26,0.00%,Janine Acquafredda,(Conservative),3,AD 58,2025-11-04_22:10:28.313194
ED   26,0.00%,Antonio Reynoso,(Working Families),19,AD 58,2025-11-04_22:10:28.313194
ED   26,0.00%,WRITE-IN,&nbsp,-,AD 58,2025-11-04_22:10:28.313194
ED   27,0.00%,Antonio Reynoso,(Democratic),349,AD 58,2025-11-04_22:10:28.313194
ED   27,0.00%,Janine Acquafredda,(Republican),5,AD 58,2025-11-04_22:10:28.313194
ED   27,0.00%,Janine Acquafredda,(Conservative),3,AD 58,2025-11-04_22:10:28.313194
ED   27,0.00%,Antonio Reynoso,(Working Families),14,AD 58,2025-11-04_22:10:28.313194
ED   27,0.00%,WRITE-IN,&nbsp,1,AD 58,2025-11-04_22:10:28.313194
ED   28,0.00%,Antonio Reynoso,(Democratic),437,AD 58,2025-11-04_22:10:28.313194
ED   28,0.00%,Janine Acquafredda,(Republican),14,AD 58,2025-11-04_22:10:28.313194
ED   28,0.00%,Janine Acquafredda,(Conservative),5,AD 58,2025-11-04_22:10:28.313194
ED   28,0.00%,Antonio Reynoso,(Working Families),33,AD 58,2025-11-04_22:10:28.313194
ED   28,0.00%,WRITE-IN,&nbsp,1,AD 58,2025-11-04_22:10:28.313194
ED   29,0.00%,Antonio Reynoso,(Democratic),335,AD 58,2025-11-04_22:10:28.313194
ED   29,0.00%,Janine Acquafredda,(Republican),11,AD 58,2025-11-04_22:10:28.313194
ED   29,0.00%,Janine Acquafredda,(Conservative),1,AD 58,2025-11-04_22:10:28.313194
ED   29,0.00%,Antonio Reynoso,(Working Families),20,AD 58,2025-11-04_22:10:28.313194
ED   29,0.00%,WRITE-IN,&nbsp,-,AD 58,2025-11-04_22:10:28.313194
ED   30,0.00%,Antonio Reynoso,(Democratic),209,AD 58,2025-11-04_22:10:28.313194
ED   30,0.00%,Janine Acquafredda,(Republican),5,AD 58,2025-11-04_22:10:28.313194
ED   30,0.00%,Janine Acquafredda,(Conservative),3,AD 58,2025-11-04_22:10:28.313194
ED   30,0.00%,Antonio Reynoso,(Working Families),17,AD 58,2025-11-04_22:10:28.313194
ED   30,0.00%,WRITE-IN,&nbsp,-,AD 58,2025-11-04_22:10:28.313194
ED   31,0.00%,Antonio Reynoso,(Democratic),261,AD 58,2025-11-04_22:10:28.313194
ED   31,0.00%,Janine Acquafredda,(Republican),4,AD 58,2025-11-04_22:10:28.313194
ED   31,0.00%,Janine Acquafredda,(Conservative),3,AD 58,2025-11-04_22:10:28.313194
ED   31,0.00%,Antonio Reynoso,(Working Families),18,AD 58,2025-11-04_22:10:28.313194
ED   31,0.00%,WRITE-IN,&nbsp,-,AD 58,2025-11-04_22:10:28.313194
ED   32,0.00%,Antonio Reynoso,(Democratic),124,AD 58,2025-11-04_22:10:28.313194
ED   32,0.00%,Janine Acquafredda,(Republican),5,AD 58,2025-11-04_22:10:28.313194
ED   32,0.00%,Janine Acquafredda,(Conservative),1,AD 58,2025-11-04_22:10:28.313194
ED   32,0.00%,Antonio Reynoso,(Working Families),3,AD 58,2025-11-04_22:10:28.313194
ED   32,0.00%,WRITE-IN,&nbsp,-,AD 58,2025-11-04_22:10:28.313194
ED   33,0.00%,Antonio Reynoso,(Democratic),261,AD 58,2025-11-04_22:10:28.313194
ED   33,0.00%,Janine Acquafredda,(Republican),16,AD 58,2025-11-04_22:10:28.313194
ED   33,0.00%,Janine Acquafredda,(Conservative),4,AD 58,2025-11-04_22:10:28.313194
ED   33,0.00%,Antonio Reynoso,(Working Families),20,AD 58,2025-11-04_22:10:28.313194
ED   33,0.00%,WRITE-IN,&nbsp,1,AD 58,2025-11-04_22:10:28.313194
ED   34,0.00%,Antonio Reynoso,(Democratic),341,AD 58,2025-11-04_22:10:28.313194
ED   34,0.00%,Janine Acquafredda,(Republican),11,AD 58,2025-11-04_22:10:28.313194
ED   34,0.00%,Janine Acquafredda,(Conservative),6,AD 58,2025-11-04_22:10:28.313194
ED   34,0.00%,Antonio Reynoso,(Working Families),50,AD 58,2025-11-04_22:10:28.313194
ED   34,0.00%,WRITE-IN,&nbsp,-,AD 58,2025-11-04_22:10:28.313194
ED   35,0.00%,Antonio Reynoso,(Democratic),459,AD 58,2025-11-04_22:10:28.313194
ED   35,0.00%,Janine Acquafredda,(Republican),14,AD 58,2025-11-04_22:10:28.313194
ED   35,0.00%,Janine Acquafredda,(Conservative),5,AD 58,2025-11-04_22:10:28.313194
ED   35,0.00%,Antonio Reynoso,(Working Families),19,AD 58,2025-11-04_22:10:28.313194
ED   35,0.00%,WRITE-IN,&nbsp,1,AD 58,2025-11-04_22:10:28.313194
ED   36,0.00%,Antonio Reynoso,(Democratic),241,AD 58,2025-11-04_22:10:28.313194
ED   36,0.00%,Janine Acquafredda,(Republican),1,AD 58,2025-11-04_22:10:28.313194
ED   36,0.00%,Janine Acquafredda,(Conservative),5,AD 58,2025-11-04_22:10:28.313194
ED   36,0.00%,Antonio Reynoso,(Working Families),9,AD 58,2025-11-04_22:10:28.313194
ED   36,0.00%,WRITE-IN,&nbsp,-,AD 58,2025-11-04_22:10:28.313194
ED   37,0.00%,Antonio Reynoso,(Democratic),395,AD 58,2025-11-04_22:10:28.313194
ED   37,0.00%,Janine Acquafredda,(Republican),21,AD 58,2025-11-04_22:10:28.313194
ED   37,0.00%,Janine Acquafredda,(Conservative),-,AD 58,2025-11-04_22:10:28.313194
ED   37,0.00%,Antonio Reynoso,(Working Families),39,AD 58,2025-11-04_22:10:28.313194
ED   37,0.00%,WRITE-IN,&nbsp,2,AD 58,2025-11-04_22:10:28.313194
ED   38,0.00%,Antonio Reynoso,(Democratic),274,AD 58,2025-11-04_22:10:28.313194
ED   38,0.00%,Janine Acquafredda,(Republican),12,AD 58,2025-11-04_22:10:28.313194
ED   38,0.00%,Janine Acquafredda,(Conservative),6,AD 58,2025-11-04_22:10:28.313194
ED   38,0.00%,Antonio Reynoso,(Working Families),27,AD 58,2025-11-04_22:10:28.313194
ED   38,0.00%,WRITE-IN,&nbsp,-,AD 58,2025-11-04_22:10:28.313194
ED   39,0.00%,Antonio Reynoso,(Democratic),302,AD 58,2025-11-04_22:10:28.313194
ED   39,0.00%,Janine Acquafredda,(Republican),6,AD 58,2025-11-04_22:10:28.313194
ED   39,0.00%,Janine Acquafredda,(Conservative),3,AD 58,2025-11-04_22:10:28.313194
ED   39,0.00%,Antonio Reynoso,(Working Families),36,AD 58,2025-11-04_22:10:28.313194
ED   39,0.00%,WRITE-IN,&nbsp,1,AD 58,2025-11-04_22:10:28.313194
ED   40,0.00%,Antonio Reynoso,(Democratic),383,AD 58,2025-11-04_22:10:28.313194
ED   40,0.00%,Janine Acquafredda,(Republican),15,AD 58,2025-11-04_22:10:28.313194
ED   40,0.00%,Janine Acquafredda,(Conservative),6,AD 58,2025-11-04_22:10:28.313194
ED   40,0.00%,Antonio Reynoso,(Working Families),47,AD 58,2025-11-04_22:10:28.313194
ED   40,0.00%,WRITE-IN,&nbsp,2,AD 58,2025-11-04_22:10:28.313194
ED   41,0.00%,Antonio Reynoso,(Democratic),357,AD 58,2025-11-04_22:10:28.313194
ED   41,0.00%,Janine Acquafredda,(Republican),13,AD 58,2025-11-04_22:10:28.313194
ED   41,0.00%,Janine Acquafredda,(Conservative),4,AD 58,2025-11-04_22:10:28.313194
ED   41,0.00%,Antonio Reynoso,(Working Families),35,AD 58,2025-11-04_22:10:28.313194
ED   41,0.00%,WRITE-IN,&nbsp,-,AD 58,2025-11-04_22:10:28.313194
ED   42,0.00%,Antonio Reynoso,(Democratic),366,AD 58,2025-11-04_22:10:28.313194
ED   42,0.00%,Janine Acquafredda,(Republican),17,AD 58,2025-11-04_22:10:28.313194
ED   42,0.00%,Janine Acquafredda,(Conservative),3,AD 58,2025-11-04_22:10:28.313194
ED   42,0.00%,Antonio Reynoso,(Working Families),26,AD 58,2025-11-04_22:10:28.313194
ED   42,0.00%,WRITE-IN,&nbsp,-,AD 58,2025-11-04_22:10:28.313194
ED   43,0.00%,Antonio Reynoso,(Democratic),303,AD 58,2025-11-04_22:10:28.313194
ED   43,0.00%,Janine Acquafredda,(Republican),9,AD 58,2025-11-04_22:10:28.313194
ED   43,0.00%,Janine Acquafredda,(Conservative),3,AD 58,2025-11-04_22:10:28.313194
ED   43,0.00%,Antonio Reynoso,(Working Families),31,AD 58,2025-11-04_22:10:28.313194
ED   43,0.00%,WRITE-IN,&nbsp,1,AD 58,2025-11-04_22:10:28.313194
ED   44,0.00%,Antonio Reynoso,(Democratic),358,AD 58,2025-11-04_22:10:28.313194
ED   44,0.00%,Janine Acquafredda,(Republican),6,AD 58,2025-11-04_22:10:28.313194
ED   44,0.00%,Janine Acquafredda,(Conservative),4,AD 58,2025-11-04_22:10:28.313194
ED   44,0.00%,Antonio Reynoso,(Working Families),33,AD 58,2025-11-04_22:10:28.313194
ED   44,0.00%,WRITE-IN,&nbsp,-,AD 58,2025-11-04_22:10:28.313194
ED   45,0.00%,Antonio Reynoso,(Democratic),296,AD 58,2025-11-04_22:10:28.313194
ED   45,0.00%,Janine Acquafredda,(Republican),13,AD 58,2025-11-04_22:10:28.313194
ED   45,0.00%,Janine Acquafredda,(Conservative),6,AD 58,2025-11-04_22:10:28.313194
ED   45,0.00%,Antonio Reynoso,(Working Families),20,AD 58,2025-11-04_22:10:28.313194
ED   45,0.00%,WRITE-IN,&nbsp,-,AD 58,2025-11-04_22:10:28.313194
ED   46,0.00%,Antonio Reynoso,(Democratic),168,AD 58,2025-11-04_22:10:28.313194
ED   46,0.00%,Janine Acquafredda,(Republican),3,AD 58,2025-11-04_22:10:28.313194
ED   46,0.00%,Janine Acquafredda,(Conservative),3,AD 58,2025-11-04_22:10:28.313194
ED   46,0.00%,Antonio Reynoso,(Working Families),11,AD 58,2025-11-04_22:10:28.313194
ED   46,0.00%,WRITE-IN,&nbsp,-,AD 58,2025-11-04_22:10:28.313194
ED   47,0.00%,Antonio Reynoso,(Democratic),39,AD 58,2025-11-04_22:10:28.313194
ED   47,0.00%,Janine Acquafredda,(Republican),4,AD 58,2025-11-04_22:10:28.313194
ED   47,0.00%,Janine Acquafredda,(Conservative),1,AD 58,2025-11-04_22:10:28.313194
ED   47,0.00%,Antonio Reynoso,(Working Families),1,AD 58,2025-11-04_22:10:28.313194
ED   47,0.00%,WRITE-IN,&nbsp,-,AD 58,2025-11-04_22:10:28.313194
ED   48,0.00%,Antonio Reynoso,(Democratic),175,AD 58,2025-11-04_22:10:28.313194
ED   48,0.00%,Janine Acquafredda,(Republican),12,AD 58,2025-11-04_22:10:28.313194
ED   48,0.00%,Janine Acquafredda,(Conservative),2,AD 58,2025-11-04_22:10:28.313194
ED   48,0.00%,Antonio Reynoso,(Working Families),16,AD 58,2025-11-04_22:10:28.313194
ED   48,0.00%,WRITE-IN,&nbsp,-,AD 58,2025-11-04_22:10:28.313194
ED   49,0.00%,Antonio Reynoso,(Democratic),85,AD 58,2025-11-04_22:10:28.313194
ED   49,0.00%,Janine Acquafredda,(Republican),-,AD 58,2025-11-04_22:10:28.313194
ED   49,0.00%,Janine Acquafredda,(Conservative),1,AD 58,2025-11-04_22:10:28.313194
ED   49,0.00%,Antonio Reynoso,(Working Families),4,AD 58,2025-11-04_22:10:28.313194
ED   49,0.00%,WRITE-IN,&nbsp,-,AD 58,2025-11-04_22:10:28.313194
ED   50,0.00%,Antonio Reynoso,(Democratic),247,AD 58,2025-11-04_22:10:28.313194
ED   50,0.00%,Janine Acquafredda,(Republican),17,AD 58,2025-11-04_22:10:28.313194
ED   50,0.00%,Janine Acquafredda,(Conservative),4,AD 58,2025-11-04_22:10:28.313194
ED   50,0.00%,Antonio Reynoso,(Working Families),22,AD 58,2025-11-04_22:10:28.313194
ED   50,0.00%,WRITE-IN,&nbsp,-,AD 58,2025-11-04_22:10:28.313194
ED   51,0.00%,Antonio Reynoso,(Democratic),289,AD 58,2025-11-04_22:10:28.313194
ED   51,0.00%,Janine Acquafredda,(Republican),8,AD 58,2025-11-04_22:10:28.313194
ED   51,0.00%,Janine Acquafredda,(Conservative),6,AD 58,2025-11-04_22:10:28.313194
ED   51,0.00%,Antonio Reynoso,(Working Families),22,AD 58,2025-11-04_22:10:28.313194
ED   51,0.00%,WRITE-IN,&nbsp,-,AD 58,2025-11-04_22:10:28.313194
ED   52,0.00%,Antonio Reynoso,(Democratic),328,AD 58,2025-11-04_22:10:28.313194
ED   52,0.00%,Janine Acquafredda,(Republican),9,AD 58,2025-11-04_22:10:28.313194
ED   52,0.00%,Janine Acquafredda,(Conservative),2,AD 58,2025-11-04_22:10:28.313194
ED   52,0.00%,Antonio Reynoso,(Working Families),22,AD 58,2025-11-04_22:10:28.313194
ED   52,0.00%,WRITE-IN,&nbsp,1,AD 58,2025-11-04_22:10:28.313194
ED   53,0.00%,Antonio Reynoso,(Democratic),491,AD 58,2025-11-04_22:10:28.313194
ED   53,0.00%,Janine Acquafredda,(Republican),23,AD 58,2025-11-04_22:10:28.313194
ED   53,0.00%,Janine Acquafredda,(Conservative),6,AD 58,2025-11-04_22:10:28.313194
ED   53,0.00%,Antonio Reynoso,(Working Families),24,AD 58,2025-11-04_22:10:28.313194
ED   53,0.00%,WRITE-IN,&nbsp,1,AD 58,2025-11-04_22:10:28.313194
ED   54,0.00%,Antonio Reynoso,(Democratic),114,AD 58,2025-11-04_22:10:28.313194
ED   54,0.00%,Janine Acquafredda,(Republican),6,AD 58,2025-11-04_22:10:28.313194
ED   54,0.00%,Janine Acquafredda,(Conservative),-,AD 58,2025-11-04_22:10:28.313194
ED   54,0.00%,Antonio Reynoso,(Working Families),7,AD 58,2025-11-04_22:10:28.313194
ED   54,0.00%,WRITE-IN,&nbsp,-,AD 58,2025-11-04_22:10:28.313194
ED   55,0.00%,Antonio Reynoso,(Democratic),225,AD 58,2025-11-04_22:10:28.313194
ED   55,0.00%,Janine Acquafredda,(Republican),11,AD 58,2025-11-04_22:10:28.313194
ED   55,0.00%,Janine Acquafredda,(Conservative),5,AD 58,2025-11-04_22:10:28.313194
ED   55,0.00%,Antonio Reynoso,(Working Families),12,AD 58,2025-11-04_22:10:28.313194
ED   55,0.00%,WRITE-IN,&nbsp,-,AD 58,2025-11-04_22:10:28.313194
ED   56,0.00%,Antonio Reynoso,(Democratic),242,AD 58,2025-11-04_22:10:28.313194
ED   56,0.00%,Janine Acquafredda,(Republican),24,AD 58,2025-11-04_22:10:28.313194
ED   56,0.00%,Janine Acquafredda,(Conservative),7,AD 58,2025-11-04_22:10:28.313194
ED   56,0.00%,Antonio Reynoso,(Working Families),20,AD 58,2025-11-04_22:10:28.313194
ED   56,0.00%,WRITE-IN,&nbsp,1,AD 58,2025-11-04_22:10:28.313194
ED   57,0.00%,Antonio Reynoso,(Democratic),363,AD 58,2025-11-04_22:10:28.313194
ED   57,0.00%,Janine Acquafredda,(Republican),34,AD 58,2025-11-04_22:10:28.313194
ED   57,0.00%,Janine Acquafredda,(Conservative),11,AD 58,2025-11-04_22:10:28.313194
ED   57,0.00%,Antonio Reynoso,(Working Families),26,AD 58,2025-11-04_22:10:28.313194
ED   57,0.00%,WRITE-IN,&nbsp,-,AD 58,2025-11-04_22:10:28.313194
ED   58,0.00%,Antonio Reynoso,(Democratic),461,AD 58,2025-11-04_22:10:28.313194
ED   58,0.00%,Janine Acquafredda,(Republican),37,AD 58,2025-11-04_22:10:28.313194
ED   58,0.00%,Janine Acquafredda,(Conservative),7,AD 58,2025-11-04_22:10:28.313194
ED   58,0.00%,Antonio Reynoso,(Working Families),18,AD 58,2025-11-04_22:10:28.313194
ED   58,0.00%,WRITE-IN,&nbsp,-,AD 58,2025-11-04_22:10:28.313194
ED   59,0.00%,Antonio Reynoso,(Democratic),420,AD 58,2025-11-04_22:10:28.313194
ED   59,0.00%,Janine Acquafredda,(Republican),29,AD 58,2025-11-04_22:10:28.313194
ED   59,0.00%,Janine Acquafredda,(Conservative),4,AD 58,2025-11-04_22:10:28.313194
ED   59,0.00%,Antonio Reynoso,(Working Families),30,AD 58,2025-11-04_22:10:28.313194
ED   59,0.00%,WRITE-IN,&nbsp,-,AD 58,2025-11-04_22:10:28.313194
ED   60,0.00%,Antonio Reynoso,(Democratic),427,AD 58,2025-11-04_22:10:28.313194
ED   60,0.00%,Janine Acquafredda,(Republican),25,AD 58,2025-11-04_22:10:28.313194
ED   60,0.00%,Janine Acquafredda,(Conservative),10,AD 58,2025-11-04_22:10:28.313194
ED   60,0.00%,Antonio Reynoso,(Working Families),33,AD 58,2025-11-04_22:10:28.313194
ED   60,0.00%,WRITE-IN,&nbsp,-,AD 58,2025-11-04_22:10:28.313194
ED   61,0.00%,Antonio Reynoso,(Democratic),56,AD 58,2025-11-04_22:10:28.313194
ED   61,0.00%,Janine Acquafredda,(Republican),2,AD 58,2025-11-04_22:10:28.313194
ED   61,0.00%,Janine Acquafredda,(Conservative),-,AD 58,2025-11-04_22:10:28.313194
ED   61,0.00%,Antonio Reynoso,(Working Families),2,AD 58,2025-11-04_22:10:28.313194
ED   61,0.00%,WRITE-IN,&nbsp,-,AD 58,2025-11-04_22:10:28.313194
ED   62,0.00%,Antonio Reynoso,(Democratic),375,AD 58,2025-11-04_22:10:28.313194
ED   62,0.00%,Janine Acquafredda,(Republican),26,AD 58,2025-11-04_22:10:28.313194
ED   62,0.00%,Janine Acquafredda,(Conservative),2,AD 58,2025-11-04_22:10:28.313194
ED   62,0.00%,Antonio Reynoso,(Working Families),26,AD 58,2025-11-04_22:10:28.313194
ED   62,0.00%,WRITE-IN,&nbsp,-,AD 58,2025-11-04_22:10:28.313194
ED   63,0.00%,Antonio Reynoso,(Democratic),372,AD 58,2025-11-04_22:10:28.313194
ED   63,0.00%,Janine Acquafredda,(Republican),17,AD 58,2025-11-04_22:10:28.313194
ED   63,0.00%,Janine Acquafredda,(Conservative),5,AD 58,2025-11-04_22:10:28.313194
ED   63,0.00%,Antonio Reynoso,(Working Families),14,AD 58,2025-11-04_22:10:28.313194
ED   63,0.00%,WRITE-IN,&nbsp,-,AD 58,2025-11-04_22:10:28.313194
ED   64,0.00%,Antonio Reynoso,(Democratic),170,AD 58,2025-11-04_22:10:28.313194
ED   64,0.00%,Janine Acquafredda,(Republican),2,AD 58,2025-11-04_22:10:28.313194
ED   64,0.00%,Janine Acquafredda,(Conservative),1,AD 58,2025-11-04_22:10:28.313194
ED   64,0.00%,Antonio Reynoso,(Working Families),6,AD 58,2025-11-04_22:10:28.313194
ED   64,0.00%,WRITE-IN,&nbsp,-,AD 58,2025-11-04_22:10:28.313194
ED   65,0.00%,Antonio Reynoso,(Democratic),-,AD 58,2025-11-04_22:10:28.313194
ED   65,0.00%,Janine Acquafredda,(Republican),-,AD 58,2025-11-04_22:10:28.313194
ED   65,0.00%,Janine Acquafredda,(Conservative),-,AD 58,2025-11-04_22:10:28.313194
ED   65,0.00%,Antonio Reynoso,(Working Families),-,AD 58,2025-11-04_22:10:28.313194
ED   65,0.00%,WRITE-IN,&nbsp,-,AD 58,2025-11-04_22:10:28.313194
ED   66,0.00%,Antonio Reynoso,(Democratic),-,AD 58,2025-11-04_22:10:28.313194
ED   66,0.00%,Janine Acquafredda,(Republican),-,AD 58,2025-11-04_22:10:28.313194
ED   66,0.00%,Janine Acquafredda,(Conservative),-,AD 58,2025-11-04_22:10:28.313194
ED   66,0.00%,Antonio Reynoso,(Working Families),-,AD 58,2025-11-04_22:10:28.313194
ED   66,0.00%,WRITE-IN,&nbsp,-,AD 58,2025-11-04_22:10:28.313194
ED   67,0.00%,Antonio Reynoso,(Democratic),-,AD 58,2025-11-04_22:10:28.313194
ED   67,0.00%,Janine Acquafredda,(Republican),-,AD 58,2025-11-04_22:10:28.313194
ED   67,0.00%,Janine Acquafredda,(Conservative),-,AD 58,2025-11-04_22:10:28.313194
ED   67,0.00%,Antonio Reynoso,(Working Families),-,AD 58,2025-11-04_22:10:28.313194
ED   67,0.00%,WRITE-IN,&nbsp,-,AD 58,2025-11-04_22:10:28.313194
Total,,Antonio Reynoso,(Democratic),18306,AD 58,2025-11-04_22:10:28.313194
Total,,Janine Acquafredda,(Republican),763,AD 58,2025-11-04_22:10:28.313194
Total,,Janine Acquafredda,(Conservative),215,AD 58,2025-11-04_22:10:28.313194
Total,,Antonio Reynoso,(Working Families),1279,AD 58,2025-11-04_22:10:28.313194
Total,,WRITE-IN,&nbsp,17,AD 58,2025-11-04_22:10:28.313194
ED    1,0.00%,Antonio Reynoso,(Democratic),170,AD 59,2025-11-04_22:10:28.313194
ED    1,0.00%,Janine Acquafredda,(Republican),11,AD 59,2025-11-04_22:10:28.313194
ED    1,0.00%,Janine Acquafredda,(Conservative),4,AD 59,2025-11-04_22:10:28.313194
ED    1,0.00%,Antonio Reynoso,(Working Families),13,AD 59,2025-11-04_22:10:28.313194
ED    1,0.00%,WRITE-IN,&nbsp,-,AD 59,2025-11-04_22:10:28.313194
ED    2,0.00%,Antonio Reynoso,(Democratic),286,AD 59,2025-11-04_22:10:28.313194
ED    2,0.00%,Janine Acquafredda,(Republican),25,AD 59,2025-11-04_22:10:28.313194
ED    2,0.00%,Janine Acquafredda,(Conservative),3,AD 59,2025-11-04_22:10:28.313194
ED    2,0.00%,Antonio Reynoso,(Working Families),25,AD 59,2025-11-04_22:10:28.313194
ED    2,0.00%,WRITE-IN,&nbsp,-,AD 59,2025-11-04_22:10:28.313194
ED    3,0.00%,Antonio Reynoso,(Democratic),429,AD 59,2025-11-04_22:10:28.313194
ED    3,0.00%,Janine Acquafredda,(Republican),27,AD 59,2025-11-04_22:10:28.313194
ED    3,0.00%,Janine Acquafredda,(Conservative),6,AD 59,2025-11-04_22:10:28.313194
ED    3,0.00%,Antonio Reynoso,(Working Families),19,AD 59,2025-11-04_22:10:28.313194
ED    3,0.00%,WRITE-IN,&nbsp,1,AD 59,2025-11-04_22:10:28.313194
ED    4,0.00%,Antonio Reynoso,(Democratic),441,AD 59,2025-11-04_22:10:28.313194
ED    4,0.00%,Janine Acquafredda,(Republican),26,AD 59,2025-11-04_22:10:28.313194
ED    4,0.00%,Janine Acquafredda,(Conservative),11,AD 59,2025-11-04_22:10:28.313194
ED    4,0.00%,Antonio Reynoso,(Working Families),19,AD 59,2025-11-04_22:10:28.313194
ED    4,0.00%,WRITE-IN,&nbsp,-,AD 59,2025-11-04_22:10:28.313194
ED    5,0.00%,Antonio Reynoso,(Democratic),405,AD 59,2025-11-04_22:10:28.313194
ED    5,0.00%,Janine Acquafredda,(Republican),23,AD 59,2025-11-04_22:10:28.313194
ED    5,0.00%,Janine Acquafredda,(Conservative),4,AD 59,2025-11-04_22:10:28.313194
ED    5,0.00%,Antonio Reynoso,(Working Families),24,AD 59,2025-11-04_22:10:28.313194
ED    5,0.00%,WRITE-IN,&nbsp,2,AD 59,2025-11-04_22:10:28.313194
ED    6,0.00%,Antonio Reynoso,(Democratic),408,AD 59,2025-11-04_22:10:28.313194
ED    6,0.00%,Janine Acquafredda,(Republican),15,AD 59,2025-11-04_22:10:28.313194
ED    6,0.00%,Janine Acquafredda,(Conservative),9,AD 59,2025-11-04_22:10:28.313194
ED    6,0.00%,Antonio Reynoso,(Working Families),18,AD 59,2025-11-04_22:10:28.313194
ED    6,0.00%,WRITE-IN,&nbsp,-,AD 59,2025-11-04_22:10:28.313194
ED    7,0.00%,Antonio Reynoso,(Democratic),448,AD 59,2025-11-04_22:10:28.313194
ED    7,0.00%,Janine Acquafredda,(Republican),33,AD 59,2025-11-04_22:10:28.313194
ED    7,0.00%,Janine Acquafredda,(Conservative),5,AD 59,2025-11-04_22:10:28.313194
ED    7,0.00%,Antonio Reynoso,(Working Families),15,AD 59,2025-11-04_22:10:28.313194
ED    7,0.00%,WRITE-IN,&nbsp,-,AD 59,2025-11-04_22:10:28.313194
ED    8,0.00%,Antonio Reynoso,(Democratic),359,AD 59,2025-11-04_22:10:28.313194
ED    8,0.00%,Janine Acquafredda,(Republican),13,AD 59,2025-11-04_22:10:28.313194
ED    8,0.00%,Janine Acquafredda,(Conservative),5,AD 59,2025-11-04_22:10:28.313194
ED    8,0.00%,Antonio Reynoso,(Working Families),18,AD 59,2025-11-04_22:10:28.313194
ED    8,0.00%,WRITE-IN,&nbsp,1,AD 59,2025-11-04_22:10:28.313194
ED    9,0.00%,Antonio Reynoso,(Democratic),412,AD 59,2025-11-04_22:10:28.313194
ED    9,0.00%,Janine Acquafredda,(Republican),21,AD 59,2025-11-04_22:10:28.313194
ED    9,0.00%,Janine Acquafredda,(Conservative),5,AD 59,2025-11-04_22:10:28.313194
ED    9,0.00%,Antonio Reynoso,(Working Families),18,AD 59,2025-11-04_22:10:28.313194
ED    9,0.00%,WRITE-IN,&nbsp,-,AD 59,2025-11-04_22:10:28.313194
ED   10,0.00%,Antonio Reynoso,(Democratic),382,AD 59,2025-11-04_22:10:28.313194
ED   10,0.00%,Janine Acquafredda,(Republican),30,AD 59,2025-11-04_22:10:28.313194
ED   10,0.00%,Janine Acquafredda,(Conservative),7,AD 59,2025-11-04_22:10:28.313194
ED   10,0.00%,Antonio Reynoso,(Working Families),22,AD 59,2025-11-04_22:10:28.313194
ED   10,0.00%,WRITE-IN,&nbsp,-,AD 59,2025-11-04_22:10:28.313194
ED   11,0.00%,Antonio Reynoso,(Democratic),345,AD 59,2025-11-04_22:10:28.313194
ED   11,0.00%,Janine Acquafredda,(Republican),26,AD 59,2025-11-04_22:10:28.313194
ED   11,0.00%,Janine Acquafredda,(Conservative),9,AD 59,2025-11-04_22:10:28.313194
ED   11,0.00%,Antonio Reynoso,(Working Families),20,AD 59,2025-11-04_22:10:28.313194
ED   11,0.00%,WRITE-IN,&nbsp,1,AD 59,2025-11-04_22:10:28.313194
ED   12,0.00%,Antonio Reynoso,(Democratic),351,AD 59,2025-11-04_22:10:28.313194
ED   12,0.00%,Janine Acquafredda,(Republican),13,AD 59,2025-11-04_22:10:28.313194
ED   12,0.00%,Janine Acquafredda,(Conservative),3,AD 59,2025-11-04_22:10:28.313194
ED   12,0.00%,Antonio Reynoso,(Working Families),22,AD 59,2025-11-04_22:10:28.313194
ED   12,0.00%,WRITE-IN,&nbsp,1,AD 59,2025-11-04_22:10:28.313194
ED   13,0.00%,Antonio Reynoso,(Democratic),380,AD 59,2025-11-04_22:10:28.313194
ED   13,0.00%,Janine Acquafredda,(Republican),19,AD 59,2025-11-04_22:10:28.313194
ED   13,0.00%,Janine Acquafredda,(Conservative),-,AD 59,2025-11-04_22:10:28.313194
ED   13,0.00%,Antonio Reynoso,(Working Families),22,AD 59,2025-11-04_22:10:28.313194
ED   13,0.00%,WRITE-IN,&nbsp,-,AD 59,2025-11-04_22:10:28.313194
ED   14,0.00%,Antonio Reynoso,(Democratic),232,AD 59,2025-11-04_22:10:28.313194
ED   14,0.00%,Janine Acquafredda,(Republican),17,AD 59,2025-11-04_22:10:28.313194
ED   14,0.00%,Janine Acquafredda,(Conservative),7,AD 59,2025-11-04_22:10:28.313194
ED   14,0.00%,Antonio Reynoso,(Working Families),26,AD 59,2025-11-04_22:10:28.313194
ED   14,0.00%,WRITE-IN,&nbsp,-,AD 59,2025-11-04_22:10:28.313194
ED   15,0.00%,Antonio Reynoso,(Democratic),227,AD 59,2025-11-04_22:10:28.313194
ED   15,0.00%,Janine Acquafredda,(Republican),12,AD 59,2025-11-04_22:10:28.313194
ED   15,0.00%,Janine Acquafredda,(Conservative),1,AD 59,2025-11-04_22:10:28.313194
ED   15,0.00%,Antonio Reynoso,(Working Families),10,AD 59,2025-11-04_22:10:28.313194
ED   15,0.00%,WRITE-IN,&nbsp,-,AD 59,2025-11-04_22:10:28.313194
ED   16,0.00%,Antonio Reynoso,(Democratic),316,AD 59,2025-11-04_22:10:28.313194
ED   16,0.00%,Janine Acquafredda,(Republican),22,AD 59,2025-11-04_22:10:28.313194
ED   16,0.00%,Janine Acquafredda,(Conservative),4,AD 59,2025-11-04_22:10:28.313194
ED   16,0.00%,Antonio Reynoso,(Working Families),24,AD 59,2025-11-04_22:10:28.313194
ED   16,0.00%,WRITE-IN,&nbsp,2,AD 59,2025-11-04_22:10:28.313194
ED   17,0.00%,Antonio Reynoso,(Democratic),423,AD 59,2025-11-04_22:10:28.313194
ED   17,0.00%,Janine Acquafredda,(Republican),9,AD 59,2025-11-04_22:10:28.313194
ED   17,0.00%,Janine Acquafredda,(Conservative),2,AD 59,2025-11-04_22:10:28.313194
ED   17,0.00%,Antonio Reynoso,(Working Families),21,AD 59,2025-11-04_22:10:28.313194
ED   17,0.00%,WRITE-IN,&nbsp,-,AD 59,2025-11-04_22:10:28.313194
ED   18,0.00%,Antonio Reynoso,(Democratic),350,AD 59,2025-11-04_22:10:28.313194
ED   18,0.00%,Janine Acquafredda,(Republican),19,AD 59,2025-11-04_22:10:28.313194
ED   18,0.00%,Janine Acquafredda,(Conservative),7,AD 59,2025-11-04_22:10:28.313194
ED   18,0.00%,Antonio Reynoso,(Working Families),20,AD 59,2025-11-04_22:10:28.313194
ED   18,0.00%,WRITE-IN,&nbsp,-,AD 59,2025-11-04_22:10:28.313194
ED   19,0.00%,Antonio Reynoso,(Democratic),307,AD 59,2025-11-04_22:10:28.313194
ED   19,0.00%,Janine Acquafredda,(Republican),11,AD 59,2025-11-04_22:10:28.313194
ED   19,0.00%,Janine Acquafredda,(Conservative),6,AD 59,2025-11-04_22:10:28.313194
ED   19,0.00%,Antonio Reynoso,(Working Families),9,AD 59,2025-11-04_22:10:28.313194
ED   19,0.00%,WRITE-IN,&nbsp,2,AD 59,2025-11-04_22:10:28.313194
ED   20,0.00%,Antonio Reynoso,(Democratic),229,AD 59,2025-11-04_22:10:28.313194
ED   20,0.00%,Janine Acquafredda,(Republican),5,AD 59,2025-11-04_22:10:28.313194
ED   20,0.00%,Janine Acquafredda,(Conservative),1,AD 59,2025-11-04_22:10:28.313194
ED   20,0.00%,Antonio Reynoso,(Working Families),8,AD 59,2025-11-04_22:10:28.313194
ED   20,0.00%,WRITE-IN,&nbsp,-,AD 59,2025-11-04_22:10:28.313194
ED   21,0.00%,Antonio Reynoso,(Democratic),330,AD 59,2025-11-04_22:10:28.313194
ED   21,0.00%,Janine Acquafredda,(Republican),23,AD 59,2025-11-04_22:10:28.313194
ED   21,0.00%,Janine Acquafredda,(Conservative),2,AD 59,2025-11-04_22:10:28.313194
ED   21,0.00%,Antonio Reynoso,(Working Families),17,AD 59,2025-11-04_22:10:28.313194
ED   21,0.00%,WRITE-IN,&nbsp,1,AD 59,2025-11-04_22:10:28.313194
ED   22,0.00%,Antonio Reynoso,(Democratic),321,AD 59,2025-11-04_22:10:28.313194
ED   22,0.00%,Janine Acquafredda,(Republican),9,AD 59,2025-11-04_22:10:28.313194
ED   22,0.00%,Janine Acquafredda,(Conservative),4,AD 59,2025-11-04_22:10:28.313194
ED   22,0.00%,Antonio Reynoso,(Working Families),8,AD 59,2025-11-04_22:10:28.313194
ED   22,0.00%,WRITE-IN,&nbsp,1,AD 59,2025-11-04_22:10:28.313194
ED   23,0.00%,Antonio Reynoso,(Democratic),175,AD 59,2025-11-04_22:10:28.313194
ED   23,0.00%,Janine Acquafredda,(Republican),11,AD 59,2025-11-04_22:10:28.313194
ED   23,0.00%,Janine Acquafredda,(Conservative),2,AD 59,2025-11-04_22:10:28.313194
ED   23,0.00%,Antonio Reynoso,(Working Families),8,AD 59,2025-11-04_22:10:28.313194
ED   23,0.00%,WRITE-IN,&nbsp,-,AD 59,2025-11-04_22:10:28.313194
ED   24,0.00%,Antonio Reynoso,(Democratic),169,AD 59,2025-11-04_22:10:28.313194
ED   24,0.00%,Janine Acquafredda,(Republican),12,AD 59,2025-11-04_22:10:28.313194
ED   24,0.00%,Janine Acquafredda,(Conservative),5,AD 59,2025-11-04_22:10:28.313194
ED   24,0.00%,Antonio Reynoso,(Working Families),12,AD 59,2025-11-04_22:10:28.313194
ED   24,0.00%,WRITE-IN,&nbsp,1,AD 59,2025-11-04_22:10:28.313194
ED   25,0.00%,Antonio Reynoso,(Democratic),142,AD 59,2025-11-04_22:10:28.313194
ED   25,0.00%,Janine Acquafredda,(Republican),16,AD 59,2025-11-04_22:10:28.313194
ED   25,0.00%,Janine Acquafredda,(Conservative),2,AD 59,2025-11-04_22:10:28.313194
ED   25,0.00%,Antonio Reynoso,(Working Families),17,AD 59,2025-11-04_22:10:28.313194
ED   25,0.00%,WRITE-IN,&nbsp,-,AD 59,2025-11-04_22:10:28.313194
ED   26,0.00%,Antonio Reynoso,(Democratic),261,AD 59,2025-11-04_22:10:28.313194
ED   26,0.00%,Janine Acquafredda,(Republican),8,AD 59,2025-11-04_22:10:28.313194
ED   26,0.00%,Janine Acquafredda,(Conservative),2,AD 59,2025-11-04_22:10:28.313194
ED   26,0.00%,Antonio Reynoso,(Working Families),10,AD 59,2025-11-04_22:10:28.313194
ED   26,0.00%,WRITE-IN,&nbsp,-,AD 59,2025-11-04_22:10:28.313194
ED   27,0.00%,Antonio Reynoso,(Democratic),375,AD 59,2025-11-04_22:10:28.313194
ED   27,0.00%,Janine Acquafredda,(Republican),17,AD 59,2025-11-04_22:10:28.313194
ED   27,0.00%,Janine Acquafredda,(Conservative),6,AD 59,2025-11-04_22:10:28.313194
ED   27,0.00%,Antonio Reynoso,(Working Families),26,AD 59,2025-11-04_22:10:28.313194
ED   27,0.00%,WRITE-IN,&nbsp,-,AD 59,2025-11-04_22:10:28.313194
ED   28,0.00%,Antonio Reynoso,(Democratic),265,AD 59,2025-11-04_22:10:28.313194
ED   28,0.00%,Janine Acquafredda,(Republican),14,AD 59,2025-11-04_22:10:28.313194
ED   28,0.00%,Janine Acquafredda,(Conservative),5,AD 59,2025-11-04_22:10:28.313194
ED   28,0.00%,Antonio Reynoso,(Working Families),16,AD 59,2025-11-04_22:10:28.313194
ED   28,0.00%,WRITE-IN,&nbsp,-,AD 59,2025-11-04_22:10:28.313194
ED   29,0.00%,Antonio Reynoso,(Democratic),288,AD 59,2025-11-04_22:10:28.313194
ED   29,0.00%,Janine Acquafredda,(Republican),26,AD 59,2025-11-04_22:10:28.313194
ED   29,0.00%,Janine Acquafredda,(Conservative),7,AD 59,2025-11-04_22:10:28.313194
ED   29,0.00%,Antonio Reynoso,(Working Families),26,AD 59,2025-11-04_22:10:28.313194
ED   29,0.00%,WRITE-IN,&nbsp,-,AD 59,2025-11-04_22:10:28.313194
ED   30,0.00%,Antonio Reynoso,(Democratic),320,AD 59,2025-11-04_22:10:28.313194
ED   30,0.00%,Janine Acquafredda,(Republican),45,AD 59,2025-11-04_22:10:28.313194
ED   30,0.00%,Janine Acquafredda,(Conservative),8,AD 59,2025-11-04_22:10:28.313194
ED   30,0.00%,Antonio Reynoso,(Working Families),18,AD 59,2025-11-04_22:10:28.313194
ED   30,0.00%,WRITE-IN,&nbsp,1,AD 59,2025-11-04_22:10:28.313194
ED   31,0.00%,Antonio Reynoso,(Democratic),123,AD 59,2025-11-04_22:10:28.313194
ED   31,0.00%,Janine Acquafredda,(Republican),19,AD 59,2025-11-04_22:10:28.313194
ED   31,0.00%,Janine Acquafredda,(Conservative),1,AD 59,2025-11-04_22:10:28.313194
ED   31,0.00%,Antonio Reynoso,(Working Families),6,AD 59,2025-11-04_22:10:28.313194
ED   31,0.00%,WRITE-IN,&nbsp,1,AD 59,2025-11-04_22:10:28.313194
ED   32,0.00%,Antonio Reynoso,(Democratic),341,AD 59,2025-11-04_22:10:28.313194
ED   32,0.00%,Janine Acquafredda,(Republican),27,AD 59,2025-11-04_22:10:28.313194
ED   32,0.00%,Janine Acquafredda,(Conservative),3,AD 59,2025-11-04_22:10:28.313194
ED   32,0.00%,Antonio Reynoso,(Working Families),30,AD 59,2025-11-04_22:10:28.313194
ED   32,0.00%,WRITE-IN,&nbsp,-,AD 59,2025-11-04_22:10:28.313194
ED   33,0.00%,Antonio Reynoso,(Democratic),327,AD 59,2025-11-04_22:10:28.313194
ED   33,0.00%,Janine Acquafredda,(Republican),106,AD 59,2025-11-04_22:10:28.313194
ED   33,0.00%,Janine Acquafredda,(Conservative),14,AD 59,2025-11-04_22:10:28.313194
ED   33,0.00%,Antonio Reynoso,(Working Families),29,AD 59,2025-11-04_22:10:28.313194
ED   33,0.00%,WRITE-IN,&nbsp,-,AD 59,2025-11-04_22:10:28.313194
ED   34,0.00%,Antonio Reynoso,(Democratic),309,AD 59,2025-11-04_22:10:28.313194
ED   34,0.00%,Janine Acquafredda,(Republican),34,AD 59,2025-11-04_22:10:28.313194
ED   34,0.00%,Janine Acquafredda,(Conservative),4,AD 59,2025-11-04_22:10:28.313194
ED   34,0.00%,Antonio Reynoso,(Working Families),20,AD 59,2025-11-04_22:10:28.313194
ED   34,0.00%,WRITE-IN,&nbsp,1,AD 59,2025-11-04_22:10:28.313194
ED   35,0.00%,Antonio Reynoso,(Democratic),145,AD 59,2025-11-04_22:10:28.313194
ED   35,0.00%,Janine Acquafredda,(Republican),16,AD 59,2025-11-04_22:10:28.313194
ED   35,0.00%,Janine Acquafredda,(Conservative),4,AD 59,2025-11-04_22:10:28.313194
ED   35,0.00%,Antonio Reynoso,(Working Families),15,AD 59,2025-11-04_22:10:28.313194
ED   35,0.00%,WRITE-IN,&nbsp,1,AD 59,2025-11-04_22:10:28.313194
ED   36,0.00%,Antonio Reynoso,(Democratic),349,AD 59,2025-11-04_22:10:28.313194
ED   36,0.00%,Janine Acquafredda,(Republican),56,AD 59,2025-11-04_22:10:28.313194
ED   36,0.00%,Janine Acquafredda,(Conservative),8,AD 59,2025-11-04_22:10:28.313194
ED   36,0.00%,Antonio Reynoso,(Working Families),30,AD 59,2025-11-04_22:10:28.313194
ED   36,0.00%,WRITE-IN,&nbsp,-,AD 59,2025-11-04_22:10:28.313194
ED   37,0.00%,Antonio Reynoso,(Democratic),395,AD 59,2025-11-04_22:10:28.313194
ED   37,0.00%,Janine Acquafredda,(Republican),81,AD 59,2025-11-04_22:10:28.313194
ED   37,0.00%,Janine Acquafredda,(Conservative),16,AD 59,2025-11-04_22:10:28.313194
ED   37,0.00%,Antonio Reynoso,(Working Families),25,AD 59,2025-11-04_22:10:28.313194
ED   37,0.00%,WRITE-IN,&nbsp,-,AD 59,2025-11-04_22:10:28.313194
ED   38,0.00%,Antonio Reynoso,(Democratic),293,AD 59,2025-11-04_22:10:28.313194
ED   38,0.00%,Janine Acquafredda,(Republican),96,AD 59,2025-11-04_22:10:28.313194
ED   38,0.00%,Janine Acquafredda,(Conservative),10,AD 59,2025-11-04_22:10:28.313194
ED   38,0.00%,Antonio Reynoso,(Working Families),36,AD 59,2025-11-04_22:10:28.313194
ED   38,0.00%,WRITE-IN,&nbsp,-,AD 59,2025-11-04_22:10:28.313194
ED   39,0.00%,Antonio Reynoso,(Democratic),370,AD 59,2025-11-04_22:10:28.313194
ED   39,0.00%,Janine Acquafredda,(Republican),56,AD 59,2025-11-04_22:10:28.313194
ED   39,0.00%,Janine Acquafredda,(Conservative),17,AD 59,2025-11-04_22:10:28.313194
ED   39,0.00%,Antonio Reynoso,(Working Families),21,AD 59,2025-11-04_22:10:28.313194
ED   39,0.00%,WRITE-IN,&nbsp,1,AD 59,2025-11-04_22:10:28.313194
ED   40,0.00%,Antonio Reynoso,(Democratic),29,AD 59,2025-11-04_22:10:28.313194
ED   40,0.00%,Janine Acquafredda,(Republican),103,AD 59,2025-11-04_22:10:28.313194
ED   40,0.00%,Janine Acquafredda,(Conservative),10,AD 59,2025-11-04_22:10:28.313194
ED   40,0.00%,Antonio Reynoso,(Working Families),5,AD 59,2025-11-04_22:10:28.313194
ED   40,0.00%,WRITE-IN,&nbsp,-,AD 59,2025-11-04_22:10:28.313194
ED   41,0.00%,Antonio Reynoso,(Democratic),318,AD 59,2025-11-04_22:10:28.313194
ED   41,0.00%,Janine Acquafredda,(Republican),95,AD 59,2025-11-04_22:10:28.313194
ED   41,0.00%,Janine Acquafredda,(Conservative),9,AD 59,2025-11-04_22:10:28.313194
ED   41,0.00%,Antonio Reynoso,(Working Families),25,AD 59,2025-11-04_22:10:28.313194
ED   41,0.00%,WRITE-IN,&nbsp,1,AD 59,2025-11-04_22:10:28.313194
ED   42,0.00%,Antonio Reynoso,(Democratic),134,AD 59,2025-11-04_22:10:28.313194
ED   42,0.00%,Janine Acquafredda,(Republican),229,AD 59,2025-11-04_22:10:28.313194
ED   42,0.00%,Janine Acquafredda,(Conservative),16,AD 59,2025-11-04_22:10:28.313194
ED   42,0.00%,Antonio Reynoso,(Working Families),22,AD 59,2025-11-04_22:10:28.313194
ED   42,0.00%,WRITE-IN,&nbsp,1,AD 59,2025-11-04_22:10:28.313194
ED   43,0.00%,Antonio Reynoso,(Democratic),341,AD 59,2025-11-04_22:10:28.313194
ED   43,0.00%,Janine Acquafredda,(Republican),206,AD 59,2025-11-04_22:10:28.313194
ED   43,0.00%,Janine Acquafredda,(Conservative),17,AD 59,2025-11-04_22:10:28.313194
ED   43,0.00%,Antonio Reynoso,(Working Families),27,AD 59,2025-11-04_22:10:28.313194
ED   43,0.00%,WRITE-IN,&nbsp,3,AD 59,2025-11-04_22:10:28.313194
ED   44,0.00%,Antonio Reynoso,(Democratic),98,AD 59,2025-11-04_22:10:28.313194
ED   44,0.00%,Janine Acquafredda,(Republican),190,AD 59,2025-11-04_22:10:28.313194
ED   44,0.00%,Janine Acquafredda,(Conservative),12,AD 59,2025-11-04_22:10:28.313194
ED   44,0.00%,Antonio Reynoso,(Working Families),15,AD 59,2025-11-04_22:10:28.313194
ED   44,0.00%,WRITE-IN,&nbsp,1,AD 59,2025-11-04_22:10:28.313194
ED   45,0.00%,Antonio Reynoso,(Democratic),328,AD 59,2025-11-04_22:10:28.313194
ED   45,0.00%,Janine Acquafredda,(Republican),218,AD 59,2025-11-04_22:10:28.313194
ED   45,0.00%,Janine Acquafredda,(Conservative),20,AD 59,2025-11-04_22:10:28.313194
ED   45,0.00%,Antonio Reynoso,(Working Families),27,AD 59,2025-11-04_22:10:28.313194
ED   45,0.00%,WRITE-IN,&nbsp,2,AD 59,2025-11-04_22:10:28.313194
ED   46,0.00%,Antonio Reynoso,(Democratic),262,AD 59,2025-11-04_22:10:28.313194
ED   46,0.00%,Janine Acquafredda,(Republican),366,AD 59,2025-11-04_22:10:28.313194
ED   46,0.00%,Janine Acquafredda,(Conservative),26,AD 59,2025-11-04_22:10:28.313194
ED   46,0.00%,Antonio Reynoso,(Working Families),29,AD 59,2025-11-04_22:10:28.313194
ED   46,0.00%,WRITE-IN,&nbsp,1,AD 59,2025-11-04_22:10:28.313194
ED   47,0.00%,Antonio Reynoso,(Democratic),124,AD 59,2025-11-04_22:10:28.313194
ED   47,0.00%,Janine Acquafredda,(Republican),342,AD 59,2025-11-04_22:10:28.313194
ED   47,0.00%,Janine Acquafredda,(Conservative),18,AD 59,2025-11-04_22:10:28.313194
ED   47,0.00%,Antonio Reynoso,(Working Families),15,AD 59,2025-11-04_22:10:28.313194
ED   47,0.00%,WRITE-IN,&nbsp,-,AD 59,2025-11-04_22:10:28.313194
ED   48,0.00%,Antonio Reynoso,(Democratic),166,AD 59,2025-11-04_22:10:28.313194
ED   48,0.00%,Janine Acquafredda,(Republican),462,AD 59,2025-11-04_22:10:28.313194
ED   48,0.00%,Janine Acquafredda,(Conservative),31,AD 59,2025-11-04_22:10:28.313194
ED   48,0.00%,Antonio Reynoso,(Working Families),12,AD 59,2025-11-04_22:10:28.313194
ED   48,0.00%,WRITE-IN,&nbsp,1,AD 59,2025-11-04_22:10:28.313194
ED   49,0.00%,Antonio Reynoso,(Democratic),209,AD 59,2025-11-04_22:10:28.313194
ED   49,0.00%,Janine Acquafredda,(Republican),445,AD 59,2025-11-04_22:10:28.313194
ED   49,0.00%,Janine Acquafredda,(Conservative),23,AD 59,2025-11-04_22:10:28.313194
ED   49,0.00%,Antonio Reynoso,(Working Families),20,AD 59,2025-11-04_22:10:28.313194
ED   49,0.00%,WRITE-IN,&nbsp,-,AD 59,2025-11-04_22:10:28.313194
ED   50,0.00%,Antonio Reynoso,(Democratic),130,AD 59,2025-11-04_22:10:28.313194
ED   50,0.00%,Janine Acquafredda,(Republican),463,AD 59,2025-11-04_22:10:28.313194
ED   50,0.00%,Janine Acquafredda,(Conservative),34,AD 59,2025-11-04_22:10:28.313194
ED   50,0.00%,Antonio Reynoso,(Working Families),18,AD 59,2025-11-04_22:10:28.313194
ED   50,0.00%,WRITE-IN,&nbsp,-,AD 59,2025-11-04_22:10:28.313194
ED   51,0.00%,Antonio Reynoso,(Democratic),157,AD 59,2025-11-04_22:10:28.313194
ED   51,0.00%,Janine Acquafredda,(Republican),167,AD 59,2025-11-04_22:10:28.313194
ED   51,0.00%,Janine Acquafredda,(Conservative),20,AD 59,2025-11-04_22:10:28.313194
ED   51,0.00%,Antonio Reynoso,(Working Families),22,AD 59,2025-11-04_22:10:28.313194
ED   51,0.00%,WRITE-IN,&nbsp,-,AD 59,2025-11-04_22:10:28.313194
ED   52,0.00%,Antonio Reynoso,(Democratic),259,AD 59,2025-11-04_22:10:28.313194
ED   52,0.00%,Janine Acquafredda,(Republican),288,AD 59,2025-11-04_22:10:28.313194
ED   52,0.00%,Janine Acquafredda,(Conservative),34,AD 59,2025-11-04_22:10:28.313194
ED   52,0.00%,Antonio Reynoso,(Working Families),34,AD 59,2025-11-04_22:10:28.313194
ED   52,0.00%,WRITE-IN,&nbsp,-,AD 59,2025-11-04_22:10:28.313194
ED   53,0.00%,Antonio Reynoso,(Democratic),242,AD 59,2025-11-04_22:10:28.313194
ED   53,0.00%,Janine Acquafredda,(Republican),249,AD 59,2025-11-04_22:10:28.313194
ED   53,0.00%,Janine Acquafredda,(Conservative),36,AD 59,2025-11-04_22:10:28.313194
ED   53,0.00%,Antonio Reynoso,(Working Families),27,AD 59,2025-11-04_22:10:28.313194
ED   53,0.00%,WRITE-IN,&nbsp,-,AD 59,2025-11-04_22:10:28.313194
ED   54,0.00%,Antonio Reynoso,(Democratic),180,AD 59,2025-11-04_22:10:28.313194
ED   54,0.00%,Janine Acquafredda,(Republican),294,AD 59,2025-11-04_22:10:28.313194
ED   54,0.00%,Janine Acquafredda,(Conservative),33,AD 59,2025-11-04_22:10:28.313194
ED   54,0.00%,Antonio Reynoso,(Working Families),17,AD 59,2025-11-04_22:10:28.313194
ED   54,0.00%,WRITE-IN,&nbsp,-,AD 59,2025-11-04_22:10:28.313194
ED   55,0.00%,Antonio Reynoso,(Democratic),293,AD 59,2025-11-04_22:10:28.313194
ED   55,0.00%,Janine Acquafredda,(Republican),400,AD 59,2025-11-04_22:10:28.313194
ED   55,0.00%,Janine Acquafredda,(Conservative),55,AD 59,2025-11-04_22:10:28.313194
ED   55,0.00%,Antonio Reynoso,(Working Families),39,AD 59,2025-11-04_22:10:28.313194
ED   55,0.00%,WRITE-IN,&nbsp,-,AD 59,2025-11-04_22:10:28.313194
ED   56,0.00%,Antonio Reynoso,(Democratic),270,AD 59,2025-11-04_22:10:28.313194
ED   56,0.00%,Janine Acquafredda,(Republican),439,AD 59,2025-11-04_22:10:28.313194
ED   56,0.00%,Janine Acquafredda,(Conservative),42,AD 59,2025-11-04_22:10:28.313194
ED   56,0.00%,Antonio Reynoso,(Working Families),49,AD 59,2025-11-04_22:10:28.313194
ED   56,0.00%,WRITE-IN,&nbsp,6,AD 59,2025-11-04_22:10:28.313194
ED   57,0.00%,Antonio Reynoso,(Democratic),279,AD 59,2025-11-04_22:10:28.313194
ED   57,0.00%,Janine Acquafredda,(Republican),350,AD 59,2025-11-04_22:10:28.313194
ED   57,0.00%,Janine Acquafredda,(Conservative),44,AD 59,2025-11-04_22:10:28.313194
ED   57,0.00%,Antonio Reynoso,(Working Families),43,AD 59,2025-11-04_22:10:28.313194
ED   57,0.00%,WRITE-IN,&nbsp,2,AD 59,2025-11-04_22:10:28.313194
ED   58,0.00%,Antonio Reynoso,(Democratic),123,AD 59,2025-11-04_22:10:28.313194
ED   58,0.00%,Janine Acquafredda,(Republican),126,AD 59,2025-11-04_22:10:28.313194
ED   58,0.00%,Janine Acquafredda,(Conservative),12,AD 59,2025-11-04_22:10:28.313194
ED   58,0.00%,Antonio Reynoso,(Working Families),8,AD 59,2025-11-04_22:10:28.313194
ED   58,0.00%,WRITE-IN,&nbsp,1,AD 59,2025-11-04_22:10:28.313194
ED   59,0.00%,Antonio Reynoso,(Democratic),69,AD 59,2025-11-04_22:10:28.313194
ED   59,0.00%,Janine Acquafredda,(Republican),305,AD 59,2025-11-04_22:10:28.313194
ED   59,0.00%,Janine Acquafredda,(Conservative),21,AD 59,2025-11-04_22:10:28.313194
ED   59,0.00%,Antonio Reynoso,(Working Families),11,AD 59,2025-11-04_22:10:28.313194
ED   59,0.00%,WRITE-IN,&nbsp,2,AD 59,2025-11-04_22:10:28.313194
ED   60,0.00%,Antonio Reynoso,(Democratic),81,AD 59,2025-11-04_22:10:28.313194
ED   60,0.00%,Janine Acquafredda,(Republican),248,AD 59,2025-11-04_22:10:28.313194
ED   60,0.00%,Janine Acquafredda,(Conservative),22,AD 59,2025-11-04_22:10:28.313194
ED   60,0.00%,Antonio Reynoso,(Working Families),15,AD 59,2025-11-04_22:10:28.313194
ED   60,0.00%,WRITE-IN,&nbsp,-,AD 59,2025-11-04_22:10:28.313194
ED   61,0.00%,Antonio Reynoso,(Democratic),3,AD 59,2025-11-04_22:10:28.313194
ED   61,0.00%,Janine Acquafredda,(Republican),2,AD 59,2025-11-04_22:10:28.313194
ED   61,0.00%,Janine Acquafredda,(Conservative),-,AD 59,2025-11-04_22:10:28.313194
ED   61,0.00%,Antonio Reynoso,(Working Families),-,AD 59,2025-11-04_22:10:28.313194
ED   61,0.00%,WRITE-IN,&nbsp,-,AD 59,2025-11-04_22:10:28.313194
ED   62,0.00%,Antonio Reynoso,(Democratic),1,AD 59,2025-11-04_22:10:28.313194
ED   62,0.00%,Janine Acquafredda,(Republican),1,AD 59,2025-11-04_22:10:28.313194
ED   62,0.00%,Janine Acquafredda,(Conservative),-,AD 59,2025-11-04_22:10:28.313194
ED   62,0.00%,Antonio Reynoso,(Working Families),-,AD 59,2025-11-04_22:10:28.313194
ED   62,0.00%,WRITE-IN,&nbsp,-,AD 59,2025-11-04_22:10:28.313194
ED   63,0.00%,Antonio Reynoso,(Democratic),161,AD 59,2025-11-04_22:10:28.313194
ED   63,0.00%,Janine Acquafredda,(Republican),18,AD 59,2025-11-04_22:10:28.313194
ED   63,0.00%,Janine Acquafredda,(Conservative),5,AD 59,2025-11-04_22:10:28.313194
ED   63,0.00%,Antonio Reynoso,(Working Families),17,AD 59,2025-11-04_22:10:28.313194
ED   63,0.00%,WRITE-IN,&nbsp,-,AD 59,2025-11-04_22:10:28.313194
ED   64,0.00%,Antonio Reynoso,(Democratic),8,AD 59,2025-11-04_22:10:28.313194
ED   64,0.00%,Janine Acquafredda,(Republican),1,AD 59,2025-11-04_22:10:28.313194
ED   64,0.00%,Janine Acquafredda,(Conservative),1,AD 59,2025-11-04_22:10:28.313194
ED   64,0.00%,Antonio Reynoso,(Working Families),-,AD 59,2025-11-04_22:10:28.313194
ED   64,0.00%,WRITE-IN,&nbsp,-,AD 59,2025-11-04_22:10:28.313194
ED   65,0.00%,Antonio Reynoso,(Democratic),129,AD 59,2025-11-04_22:10:28.313194
ED   65,0.00%,Janine Acquafredda,(Republican),289,AD 59,2025-11-04_22:10:28.313194
ED   65,0.00%,Janine Acquafredda,(Conservative),31,AD 59,2025-11-04_22:10:28.313194
ED   65,0.00%,Antonio Reynoso,(Working Families),24,AD 59,2025-11-04_22:10:28.313194
ED   65,0.00%,WRITE-IN,&nbsp,-,AD 59,2025-11-04_22:10:28.313194
ED   66,0.00%,Antonio Reynoso,(Democratic),89,AD 59,2025-11-04_22:10:28.313194
ED   66,0.00%,Janine Acquafredda,(Republican),296,AD 59,2025-11-04_22:10:28.313194
ED   66,0.00%,Janine Acquafredda,(Conservative),39,AD 59,2025-11-04_22:10:28.313194
ED   66,0.00%,Antonio Reynoso,(Working Families),18,AD 59,2025-11-04_22:10:28.313194
ED   66,0.00%,WRITE-IN,&nbsp,-,AD 59,2025-11-04_22:10:28.313194
ED   67,0.00%,Antonio Reynoso,(Democratic),-,AD 59,2025-11-04_22:10:28.313194
ED   67,0.00%,Janine Acquafredda,(Republican),-,AD 59,2025-11-04_22:10:28.313194
ED   67,0.00%,Janine Acquafredda,(Conservative),-,AD 59,2025-11-04_22:10:28.313194
ED   67,0.00%,Antonio Reynoso,(Working Families),-,AD 59,2025-11-04_22:10:28.313194
ED   67,0.00%,WRITE-IN,&nbsp,-,AD 59,2025-11-04_22:10:28.313194
ED   68,0.00%,Antonio Reynoso,(Democratic),-,AD 59,2025-11-04_22:10:28.313194
ED   68,0.00%,Janine Acquafredda,(Republican),-,AD 59,2025-11-04_22:10:28.313194
ED   68,0.00%,Janine Acquafredda,(Conservative),-,AD 59,2025-11-04_22:10:28.313194
ED   68,0.00%,Antonio Reynoso,(Working Families),-,AD 59,2025-11-04_22:10:28.313194
ED   68,0.00%,WRITE-IN,&nbsp,-,AD 59,2025-11-04_22:10:28.313194
ED   69,0.00%,Antonio Reynoso,(Democratic),-,AD 59,2025-11-04_22:10:28.313194
ED   69,0.00%,Janine Acquafredda,(Republican),-,AD 59,2025-11-04_22:10:28.313194
ED   69,0.00%,Janine Acquafredda,(Conservative),-,AD 59,2025-11-04_22:10:28.313194
ED   69,0.00%,Antonio Reynoso,(Working Families),-,AD 59,2025-11-04_22:10:28.313194
ED   69,0.00%,WRITE-IN,&nbsp,-,AD 59,2025-11-04_22:10:28.313194
ED   70,0.00%,Antonio Reynoso,(Democratic),-,AD 59,2025-11-04_22:10:28.313194
ED   70,0.00%,Janine Acquafredda,(Republican),-,AD 59,2025-11-04_22:10:28.313194
ED   70,0.00%,Janine Acquafredda,(Conservative),-,AD 59,2025-11-04_22:10:28.313194
ED   70,0.00%,Antonio Reynoso,(Working Families),-,AD 59,2025-11-04_22:10:28.313194
ED   70,0.00%,WRITE-IN,&nbsp,-,AD 59,2025-11-04_22:10:28.313194
Total,,Antonio Reynoso,(Democratic),16681,AD 59,2025-11-04_22:10:28.313194
Total,,Janine Acquafredda,(Republican),7641,AD 59,2025-11-04_22:10:28.313194
Total,,Janine Acquafredda,(Conservative),830,AD 59,2025-11-04_22:10:28.313194
Total,,Antonio Reynoso,(Working Families),1282,AD 59,2025-11-04_22:10:28.313194
Total,,WRITE-IN,&nbsp,39,AD 59,2025-11-04_22:10:28.313194
ED    1,0.00%,Antonio Reynoso,(Democratic),217,AD 60,2025-11-04_22:10:28.313194
ED    1,0.00%,Janine Acquafredda,(Republican),13,AD 60,2025-11-04_22:10:28.313194
ED    1,0.00%,Janine Acquafredda,(Conservative),2,AD 60,2025-11-04_22:10:28.313194
ED    1,0.00%,Antonio Reynoso,(Working Families),15,AD 60,2025-11-04_22:10:28.313194
ED    1,0.00%,WRITE-IN,&nbsp,2,AD 60,2025-11-04_22:10:28.313194
ED    2,0.00%,Antonio Reynoso,(Democratic),246,AD 60,2025-11-04_22:10:28.313194
ED    2,0.00%,Janine Acquafredda,(Republican),14,AD 60,2025-11-04_22:10:28.313194
ED    2,0.00%,Janine Acquafredda,(Conservative),5,AD 60,2025-11-04_22:10:28.313194
ED    2,0.00%,Antonio Reynoso,(Working Families),13,AD 60,2025-11-04_22:10:28.313194
ED    2,0.00%,WRITE-IN,&nbsp,-,AD 60,2025-11-04_22:10:28.313194
ED    3,0.00%,Antonio Reynoso,(Democratic),212,AD 60,2025-11-04_22:10:28.313194
ED    3,0.00%,Janine Acquafredda,(Republican),17,AD 60,2025-11-04_22:10:28.313194
ED    3,0.00%,Janine Acquafredda,(Conservative),4,AD 60,2025-11-04_22:10:28.313194
ED    3,0.00%,Antonio Reynoso,(Working Families),18,AD 60,2025-11-04_22:10:28.313194
ED    3,0.00%,WRITE-IN,&nbsp,-,AD 60,2025-11-04_22:10:28.313194
ED    4,0.00%,Antonio Reynoso,(Democratic),336,AD 60,2025-11-04_22:10:28.313194
ED    4,0.00%,Janine Acquafredda,(Republican),13,AD 60,2025-11-04_22:10:28.313194
ED    4,0.00%,Janine Acquafredda,(Conservative),5,AD 60,2025-11-04_22:10:28.313194
ED    4,0.00%,Antonio Reynoso,(Working Families),23,AD 60,2025-11-04_22:10:28.313194
ED    4,0.00%,WRITE-IN,&nbsp,-,AD 60,2025-11-04_22:10:28.313194
ED    5,0.00%,Antonio Reynoso,(Democratic),143,AD 60,2025-11-04_22:10:28.313194
ED    5,0.00%,Janine Acquafredda,(Republican),11,AD 60,2025-11-04_22:10:28.313194
ED    5,0.00%,Janine Acquafredda,(Conservative),2,AD 60,2025-11-04_22:10:28.313194
ED    5,0.00%,Antonio Reynoso,(Working Families),3,AD 60,2025-11-04_22:10:28.313194
ED    5,0.00%,WRITE-IN,&nbsp,-,AD 60,2025-11-04_22:10:28.313194
ED    6,0.00%,Antonio Reynoso,(Democratic),334,AD 60,2025-11-04_22:10:28.313194
ED    6,0.00%,Janine Acquafredda,(Republican),26,AD 60,2025-11-04_22:10:28.313194
ED    6,0.00%,Janine Acquafredda,(Conservative),8,AD 60,2025-11-04_22:10:28.313194
ED    6,0.00%,Antonio Reynoso,(Working Families),29,AD 60,2025-11-04_22:10:28.313194
ED    6,0.00%,WRITE-IN,&nbsp,-,AD 60,2025-11-04_22:10:28.313194
ED    7,0.00%,Antonio Reynoso,(Democratic),459,AD 60,2025-11-04_22:10:28.313194
ED    7,0.00%,Janine Acquafredda,(Republican),23,AD 60,2025-11-04_22:10:28.313194
ED    7,0.00%,Janine Acquafredda,(Conservative),7,AD 60,2025-11-04_22:10:28.313194
ED    7,0.00%,Antonio Reynoso,(Working Families),47,AD 60,2025-11-04_22:10:28.313194
ED    7,0.00%,WRITE-IN,&nbsp,2,AD 60,2025-11-04_22:10:28.313194
ED    8,0.00%,Antonio Reynoso,(Democratic),263,AD 60,2025-11-04_22:10:28.313194
ED    8,0.00%,Janine Acquafredda,(Republican),27,AD 60,2025-11-04_22:10:28.313194
ED    8,0.00%,Janine Acquafredda,(Conservative),6,AD 60,2025-11-04_22:10:28.313194
ED    8,0.00%,Antonio Reynoso,(Working Families),22,AD 60,2025-11-04_22:10:28.313194
ED    8,0.00%,WRITE-IN,&nbsp,-,AD 60,2025-11-04_22:10:28.313194
ED    9,0.00%,Antonio Reynoso,(Democratic),398,AD 60,2025-11-04_22:10:28.313194
ED    9,0.00%,Janine Acquafredda,(Republican),35,AD 60,2025-11-04_22:10:28.313194
ED    9,0.00%,Janine Acquafredda,(Conservative),8,AD 60,2025-11-04_22:10:28.313194
ED    9,0.00%,Antonio Reynoso,(Working Families),32,AD 60,2025-11-04_22:10:28.313194
ED    9,0.00%,WRITE-IN,&nbsp,-,AD 60,2025-11-04_22:10:28.313194
ED   10,0.00%,Antonio Reynoso,(Democratic),335,AD 60,2025-11-04_22:10:28.313194
ED   10,0.00%,Janine Acquafredda,(Republican),24,AD 60,2025-11-04_22:10:28.313194
ED   10,0.00%,Janine Acquafredda,(Conservative),7,AD 60,2025-11-04_22:10:28.313194
ED   10,0.00%,Antonio Reynoso,(Working Families),27,AD 60,2025-11-04_22:10:28.313194
ED   10,0.00%,WRITE-IN,&nbsp,-,AD 60,2025-11-04_22:10:28.313194
ED   11,0.00%,Antonio Reynoso,(Democratic),143,AD 60,2025-11-04_22:10:28.313194
ED   11,0.00%,Janine Acquafredda,(Republican),42,AD 60,2025-11-04_22:10:28.313194
ED   11,0.00%,Janine Acquafredda,(Conservative),6,AD 60,2025-11-04_22:10:28.313194
ED   11,0.00%,Antonio Reynoso,(Working Families),11,AD 60,2025-11-04_22:10:28.313194
ED   11,0.00%,WRITE-IN,&nbsp,-,AD 60,2025-11-04_22:10:28.313194
ED   12,0.00%,Antonio Reynoso,(Democratic),197,AD 60,2025-11-04_22:10:28.313194
ED   12,0.00%,Janine Acquafredda,(Republican),3,AD 60,2025-11-04_22:10:28.313194
ED   12,0.00%,Janine Acquafredda,(Conservative),1,AD 60,2025-11-04_22:10:28.313194
ED   12,0.00%,Antonio Reynoso,(Working Families),14,AD 60,2025-11-04_22:10:28.313194
ED   12,0.00%,WRITE-IN,&nbsp,-,AD 60,2025-11-04_22:10:28.313194
ED   13,0.00%,Antonio Reynoso,(Democratic),198,AD 60,2025-11-04_22:10:28.313194
ED   13,0.00%,Janine Acquafredda,(Republican),8,AD 60,2025-11-04_22:10:28.313194
ED   13,0.00%,Janine Acquafredda,(Conservative),3,AD 60,2025-11-04_22:10:28.313194
ED   13,0.00%,Antonio Reynoso,(Working Families),17,AD 60,2025-11-04_22:10:28.313194
ED   13,0.00%,WRITE-IN,&nbsp,1,AD 60,2025-11-04_22:10:28.313194
ED   14,0.00%,Antonio Reynoso,(Democratic),157,AD 60,2025-11-04_22:10:28.313194
ED   14,0.00%,Janine Acquafredda,(Republican),15,AD 60,2025-11-04_22:10:28.313194
ED   14,0.00%,Janine Acquafredda,(Conservative),2,AD 60,2025-11-04_22:10:28.313194
ED   14,0.00%,Antonio Reynoso,(Working Families),4,AD 60,2025-11-04_22:10:28.313194
ED   14,0.00%,WRITE-IN,&nbsp,1,AD 60,2025-11-04_22:10:28.313194
ED   15,0.00%,Antonio Reynoso,(Democratic),84,AD 60,2025-11-04_22:10:28.313194
ED   15,0.00%,Janine Acquafredda,(Republican),5,AD 60,2025-11-04_22:10:28.313194
ED   15,0.00%,Janine Acquafredda,(Conservative),-,AD 60,2025-11-04_22:10:28.313194
ED   15,0.00%,Antonio Reynoso,(Working Families),2,AD 60,2025-11-04_22:10:28.313194
ED   15,0.00%,WRITE-IN,&nbsp,-,AD 60,2025-11-04_22:10:28.313194
ED   16,0.00%,Antonio Reynoso,(Democratic),108,AD 60,2025-11-04_22:10:28.313194
ED   16,0.00%,Janine Acquafredda,(Republican),6,AD 60,2025-11-04_22:10:28.313194
ED   16,0.00%,Janine Acquafredda,(Conservative),-,AD 60,2025-11-04_22:10:28.313194
ED   16,0.00%,Antonio Reynoso,(Working Families),6,AD 60,2025-11-04_22:10:28.313194
ED   16,0.00%,WRITE-IN,&nbsp,-,AD 60,2025-11-04_22:10:28.313194
ED   17,0.00%,Antonio Reynoso,(Democratic),354,AD 60,2025-11-04_22:10:28.313194
ED   17,0.00%,Janine Acquafredda,(Republican),41,AD 60,2025-11-04_22:10:28.313194
ED   17,0.00%,Janine Acquafredda,(Conservative),4,AD 60,2025-11-04_22:10:28.313194
ED   17,0.00%,Antonio Reynoso,(Working Families),16,AD 60,2025-11-04_22:10:28.313194
ED   17,0.00%,WRITE-IN,&nbsp,-,AD 60,2025-11-04_22:10:28.313194
ED   18,0.00%,Antonio Reynoso,(Democratic),271,AD 60,2025-11-04_22:10:28.313194
ED   18,0.00%,Janine Acquafredda,(Republican),40,AD 60,2025-11-04_22:10:28.313194
ED   18,0.00%,Janine Acquafredda,(Conservative),1,AD 60,2025-11-04_22:10:28.313194
ED   18,0.00%,Antonio Reynoso,(Working Families),22,AD 60,2025-11-04_22:10:28.313194
ED   18,0.00%,WRITE-IN,&nbsp,1,AD 60,2025-11-04_22:10:28.313194
ED   19,0.00%,Antonio Reynoso,(Democratic),357,AD 60,2025-11-04_22:10:28.313194
ED   19,0.00%,Janine Acquafredda,(Republican),35,AD 60,2025-11-04_22:10:28.313194
ED   19,0.00%,Janine Acquafredda,(Conservative),5,AD 60,2025-11-04_22:10:28.313194
ED   19,0.00%,Antonio Reynoso,(Working Families),24,AD 60,2025-11-04_22:10:28.313194
ED   19,0.00%,WRITE-IN,&nbsp,2,AD 60,2025-11-04_22:10:28.313194
ED   20,0.00%,Antonio Reynoso,(Democratic),171,AD 60,2025-11-04_22:10:28.313194
ED   20,0.00%,Janine Acquafredda,(Republican),12,AD 60,2025-11-04_22:10:28.313194
ED   20,0.00%,Janine Acquafredda,(Conservative),4,AD 60,2025-11-04_22:10:28.313194
ED   20,0.00%,Antonio Reynoso,(Working Families),9,AD 60,2025-11-04_22:10:28.313194
ED   20,0.00%,WRITE-IN,&nbsp,-,AD 60,2025-11-04_22:10:28.313194
ED   21,0.00%,Antonio Reynoso,(Democratic),396,AD 60,2025-11-04_22:10:28.313194
ED   21,0.00%,Janine Acquafredda,(Republican),23,AD 60,2025-11-04_22:10:28.313194
ED   21,0.00%,Janine Acquafredda,(Conservative),5,AD 60,2025-11-04_22:10:28.313194
ED   21,0.00%,Antonio Reynoso,(Working Families),22,AD 60,2025-11-04_22:10:28.313194
ED   21,0.00%,WRITE-IN,&nbsp,-,AD 60,2025-11-04_22:10:28.313194
ED   22,0.00%,Antonio Reynoso,(Democratic),240,AD 60,2025-11-04_22:10:28.313194
ED   22,0.00%,Janine Acquafredda,(Republican),9,AD 60,2025-11-04_22:10:28.313194
ED   22,0.00%,Janine Acquafredda,(Conservative),1,AD 60,2025-11-04_22:10:28.313194
ED   22,0.00%,Antonio Reynoso,(Working Families),18,AD 60,2025-11-04_22:10:28.313194
ED   22,0.00%,WRITE-IN,&nbsp,-,AD 60,2025-11-04_22:10:28.313194
ED   23,0.00%,Antonio Reynoso,(Democratic),264,AD 60,2025-11-04_22:10:28.313194
ED   23,0.00%,Janine Acquafredda,(Republican),16,AD 60,2025-11-04_22:10:28.313194
ED   23,0.00%,Janine Acquafredda,(Conservative),3,AD 60,2025-11-04_22:10:28.313194
ED   23,0.00%,Antonio Reynoso,(Working Families),11,AD 60,2025-11-04_22:10:28.313194
ED   23,0.00%,WRITE-IN,&nbsp,1,AD 60,2025-11-04_22:10:28.313194
ED   24,0.00%,Antonio Reynoso,(Democratic),146,AD 60,2025-11-04_22:10:28.313194
ED   24,0.00%,Janine Acquafredda,(Republican),10,AD 60,2025-11-04_22:10:28.313194
ED   24,0.00%,Janine Acquafredda,(Conservative),3,AD 60,2025-11-04_22:10:28.313194
ED   24,0.00%,Antonio Reynoso,(Working Families),17,AD 60,2025-11-04_22:10:28.313194
ED   24,0.00%,WRITE-IN,&nbsp,1,AD 60,2025-11-04_22:10:28.313194
ED   25,0.00%,Antonio Reynoso,(Democratic),312,AD 60,2025-11-04_22:10:28.313194
ED   25,0.00%,Janine Acquafredda,(Republican),15,AD 60,2025-11-04_22:10:28.313194
ED   25,0.00%,Janine Acquafredda,(Conservative),5,AD 60,2025-11-04_22:10:28.313194
ED   25,0.00%,Antonio Reynoso,(Working Families),26,AD 60,2025-11-04_22:10:28.313194
ED   25,0.00%,WRITE-IN,&nbsp,1,AD 60,2025-11-04_22:10:28.313194
ED   26,0.00%,Antonio Reynoso,(Democratic),274,AD 60,2025-11-04_22:10:28.313194
ED   26,0.00%,Janine Acquafredda,(Republican),14,AD 60,2025-11-04_22:10:28.313194
ED   26,0.00%,Janine Acquafredda,(Conservative),2,AD 60,2025-11-04_22:10:28.313194
ED   26,0.00%,Antonio Reynoso,(Working Families),24,AD 60,2025-11-04_22:10:28.313194
ED   26,0.00%,WRITE-IN,&nbsp,-,AD 60,2025-11-04_22:10:28.313194
ED   27,0.00%,Antonio Reynoso,(Democratic),144,AD 60,2025-11-04_22:10:28.313194
ED   27,0.00%,Janine Acquafredda,(Republican),7,AD 60,2025-11-04_22:10:28.313194
ED   27,0.00%,Janine Acquafredda,(Conservative),3,AD 60,2025-11-04_22:10:28.313194
ED   27,0.00%,Antonio Reynoso,(Working Families),9,AD 60,2025-11-04_22:10:28.313194
ED   27,0.00%,WRITE-IN,&nbsp,-,AD 60,2025-11-04_22:10:28.313194
ED   28,0.00%,Antonio Reynoso,(Democratic),312,AD 60,2025-11-04_22:10:28.313194
ED   28,0.00%,Janine Acquafredda,(Republican),17,AD 60,2025-11-04_22:10:28.313194
ED   28,0.00%,Janine Acquafredda,(Conservative),8,AD 60,2025-11-04_22:10:28.313194
ED   28,0.00%,Antonio Reynoso,(Working Families),22,AD 60,2025-11-04_22:10:28.313194
ED   28,0.00%,WRITE-IN,&nbsp,2,AD 60,2025-11-04_22:10:28.313194
ED   29,0.00%,Antonio Reynoso,(Democratic),231,AD 60,2025-11-04_22:10:28.313194
ED   29,0.00%,Janine Acquafredda,(Republican),11,AD 60,2025-11-04_22:10:28.313194
ED   29,0.00%,Janine Acquafredda,(Conservative),3,AD 60,2025-11-04_22:10:28.313194
ED   29,0.00%,Antonio Reynoso,(Working Families),16,AD 60,2025-11-04_22:10:28.313194
ED   29,0.00%,WRITE-IN,&nbsp,-,AD 60,2025-11-04_22:10:28.313194
ED   30,0.00%,Antonio Reynoso,(Democratic),275,AD 60,2025-11-04_22:10:28.313194
ED   30,0.00%,Janine Acquafredda,(Republican),9,AD 60,2025-11-04_22:10:28.313194
ED   30,0.00%,Janine Acquafredda,(Conservative),5,AD 60,2025-11-04_22:10:28.313194
ED   30,0.00%,Antonio Reynoso,(Working Families),25,AD 60,2025-11-04_22:10:28.313194
ED   30,0.00%,WRITE-IN,&nbsp,-,AD 60,2025-11-04_22:10:28.313194
ED   31,0.00%,Antonio Reynoso,(Democratic),283,AD 60,2025-11-04_22:10:28.313194
ED   31,0.00%,Janine Acquafredda,(Republican),15,AD 60,2025-11-04_22:10:28.313194
ED   31,0.00%,Janine Acquafredda,(Conservative),5,AD 60,2025-11-04_22:10:28.313194
ED   31,0.00%,Antonio Reynoso,(Working Families),12,AD 60,2025-11-04_22:10:28.313194
ED   31,0.00%,WRITE-IN,&nbsp,1,AD 60,2025-11-04_22:10:28.313194
ED   32,0.00%,Antonio Reynoso,(Democratic),194,AD 60,2025-11-04_22:10:28.313194
ED   32,0.00%,Janine Acquafredda,(Republican),10,AD 60,2025-11-04_22:10:28.313194
ED   32,0.00%,Janine Acquafredda,(Conservative),5,AD 60,2025-11-04_22:10:28.313194
ED   32,0.00%,Antonio Reynoso,(Working Families),16,AD 60,2025-11-04_22:10:28.313194
ED   32,0.00%,WRITE-IN,&nbsp,-,AD 60,2025-11-04_22:10:28.313194
ED   33,0.00%,Antonio Reynoso,(Democratic),143,AD 60,2025-11-04_22:10:28.313194
ED   33,0.00%,Janine Acquafredda,(Republican),11,AD 60,2025-11-04_22:10:28.313194
ED   33,0.00%,Janine Acquafredda,(Conservative),-,AD 60,2025-11-04_22:10:28.313194
ED   33,0.00%,Antonio Reynoso,(Working Families),13,AD 60,2025-11-04_22:10:28.313194
ED   33,0.00%,WRITE-IN,&nbsp,-,AD 60,2025-11-04_22:10:28.313194
ED   34,0.00%,Antonio Reynoso,(Democratic),196,AD 60,2025-11-04_22:10:28.313194
ED   34,0.00%,Janine Acquafredda,(Republican),19,AD 60,2025-11-04_22:10:28.313194
ED   34,0.00%,Janine Acquafredda,(Conservative),2,AD 60,2025-11-04_22:10:28.313194
ED   34,0.00%,Antonio Reynoso,(Working Families),8,AD 60,2025-11-04_22:10:28.313194
ED   34,0.00%,WRITE-IN,&nbsp,-,AD 60,2025-11-04_22:10:28.313194
ED   35,0.00%,Antonio Reynoso,(Democratic),289,AD 60,2025-11-04_22:10:28.313194
ED   35,0.00%,Janine Acquafredda,(Republican),13,AD 60,2025-11-04_22:10:28.313194
ED   35,0.00%,Janine Acquafredda,(Conservative),4,AD 60,2025-11-04_22:10:28.313194
ED   35,0.00%,Antonio Reynoso,(Working Families),21,AD 60,2025-11-04_22:10:28.313194
ED   35,0.00%,WRITE-IN,&nbsp,-,AD 60,2025-11-04_22:10:28.313194
ED   36,0.00%,Antonio Reynoso,(Democratic),215,AD 60,2025-11-04_22:10:28.313194
ED   36,0.00%,Janine Acquafredda,(Republican),8,AD 60,2025-11-04_22:10:28.313194
ED   36,0.00%,Janine Acquafredda,(Conservative),2,AD 60,2025-11-04_22:10:28.313194
ED   36,0.00%,Antonio Reynoso,(Working Families),19,AD 60,2025-11-04_22:10:28.313194
ED   36,0.00%,WRITE-IN,&nbsp,-,AD 60,2025-11-04_22:10:28.313194
ED   37,0.00%,Antonio Reynoso,(Democratic),282,AD 60,2025-11-04_22:10:28.313194
ED   37,0.00%,Janine Acquafredda,(Republican),11,AD 60,2025-11-04_22:10:28.313194
ED   37,0.00%,Janine Acquafredda,(Conservative),4,AD 60,2025-11-04_22:10:28.313194
ED   37,0.00%,Antonio Reynoso,(Working Families),23,AD 60,2025-11-04_22:10:28.313194
ED   37,0.00%,WRITE-IN,&nbsp,1,AD 60,2025-11-04_22:10:28.313194
ED   38,0.00%,Antonio Reynoso,(Democratic),257,AD 60,2025-11-04_22:10:28.313194
ED   38,0.00%,Janine Acquafredda,(Republican),16,AD 60,2025-11-04_22:10:28.313194
ED   38,0.00%,Janine Acquafredda,(Conservative),3,AD 60,2025-11-04_22:10:28.313194
ED   38,0.00%,Antonio Reynoso,(Working Families),25,AD 60,2025-11-04_22:10:28.313194
ED   38,0.00%,WRITE-IN,&nbsp,1,AD 60,2025-11-04_22:10:28.313194
ED   39,0.00%,Antonio Reynoso,(Democratic),303,AD 60,2025-11-04_22:10:28.313194
ED   39,0.00%,Janine Acquafredda,(Republican),27,AD 60,2025-11-04_22:10:28.313194
ED   39,0.00%,Janine Acquafredda,(Conservative),3,AD 60,2025-11-04_22:10:28.313194
ED   39,0.00%,Antonio Reynoso,(Working Families),16,AD 60,2025-11-04_22:10:28.313194
ED   39,0.00%,WRITE-IN,&nbsp,-,AD 60,2025-11-04_22:10:28.313194
ED   40,0.00%,Antonio Reynoso,(Democratic),234,AD 60,2025-11-04_22:10:28.313194
ED   40,0.00%,Janine Acquafredda,(Republican),16,AD 60,2025-11-04_22:10:28.313194
ED   40,0.00%,Janine Acquafredda,(Conservative),4,AD 60,2025-11-04_22:10:28.313194
ED   40,0.00%,Antonio Reynoso,(Working Families),21,AD 60,2025-11-04_22:10:28.313194
ED   40,0.00%,WRITE-IN,&nbsp,-,AD 60,2025-11-04_22:10:28.313194
ED   41,0.00%,Antonio Reynoso,(Democratic),184,AD 60,2025-11-04_22:10:28.313194
ED   41,0.00%,Janine Acquafredda,(Republican),8,AD 60,2025-11-04_22:10:28.313194
ED   41,0.00%,Janine Acquafredda,(Conservative),4,AD 60,2025-11-04_22:10:28.313194
ED   41,0.00%,Antonio Reynoso,(Working Families),16,AD 60,2025-11-04_22:10:28.313194
ED   41,0.00%,WRITE-IN,&nbsp,1,AD 60,2025-11-04_22:10:28.313194
ED   42,0.00%,Antonio Reynoso,(Democratic),38,AD 60,2025-11-04_22:10:28.313194
ED   42,0.00%,Janine Acquafredda,(Republican),-,AD 60,2025-11-04_22:10:28.313194
ED   42,0.00%,Janine Acquafredda,(Conservative),1,AD 60,2025-11-04_22:10:28.313194
ED   42,0.00%,Antonio Reynoso,(Working Families),1,AD 60,2025-11-04_22:10:28.313194
ED   42,0.00%,WRITE-IN,&nbsp,-,AD 60,2025-11-04_22:10:28.313194
ED   43,0.00%,Antonio Reynoso,(Democratic),84,AD 60,2025-11-04_22:10:28.313194
ED   43,0.00%,Janine Acquafredda,(Republican),2,AD 60,2025-11-04_22:10:28.313194
ED   43,0.00%,Janine Acquafredda,(Conservative),2,AD 60,2025-11-04_22:10:28.313194
ED   43,0.00%,Antonio Reynoso,(Working Families),3,AD 60,2025-11-04_22:10:28.313194
ED   43,0.00%,WRITE-IN,&nbsp,-,AD 60,2025-11-04_22:10:28.313194
ED   44,0.00%,Antonio Reynoso,(Democratic),43,AD 60,2025-11-04_22:10:28.313194
ED   44,0.00%,Janine Acquafredda,(Republican),6,AD 60,2025-11-04_22:10:28.313194
ED   44,0.00%,Janine Acquafredda,(Conservative),-,AD 60,2025-11-04_22:10:28.313194
ED   44,0.00%,Antonio Reynoso,(Working Families),2,AD 60,2025-11-04_22:10:28.313194
ED   44,0.00%,WRITE-IN,&nbsp,-,AD 60,2025-11-04_22:10:28.313194
ED   45,0.00%,Antonio Reynoso,(Democratic),55,AD 60,2025-11-04_22:10:28.313194
ED   45,0.00%,Janine Acquafredda,(Republican),2,AD 60,2025-11-04_22:10:28.313194
ED   45,0.00%,Janine Acquafredda,(Conservative),-,AD 60,2025-11-04_22:10:28.313194
ED   45,0.00%,Antonio Reynoso,(Working Families),1,AD 60,2025-11-04_22:10:28.313194
ED   45,0.00%,WRITE-IN,&nbsp,-,AD 60,2025-11-04_22:10:28.313194
ED   46,0.00%,Antonio Reynoso,(Democratic),362,AD 60,2025-11-04_22:10:28.313194
ED   46,0.00%,Janine Acquafredda,(Republican),17,AD 60,2025-11-04_22:10:28.313194
ED   46,0.00%,Janine Acquafredda,(Conservative),2,AD 60,2025-11-04_22:10:28.313194
ED   46,0.00%,Antonio Reynoso,(Working Families),16,AD 60,2025-11-04_22:10:28.313194
ED   46,0.00%,WRITE-IN,&nbsp,1,AD 60,2025-11-04_22:10:28.313194
ED   47,0.00%,Antonio Reynoso,(Democratic),62,AD 60,2025-11-04_22:10:28.313194
ED   47,0.00%,Janine Acquafredda,(Republican),3,AD 60,2025-11-04_22:10:28.313194
ED   47,0.00%,Janine Acquafredda,(Conservative),-,AD 60,2025-11-04_22:10:28.313194
ED   47,0.00%,Antonio Reynoso,(Working Families),5,AD 60,2025-11-04_22:10:28.313194
ED   47,0.00%,WRITE-IN,&nbsp,-,AD 60,2025-11-04_22:10:28.313194
ED   48,0.00%,Antonio Reynoso,(Democratic),24,AD 60,2025-11-04_22:10:28.313194
ED   48,0.00%,Janine Acquafredda,(Republican),-,AD 60,2025-11-04_22:10:28.313194
ED   48,0.00%,Janine Acquafredda,(Conservative),-,AD 60,2025-11-04_22:10:28.313194
ED   48,0.00%,Antonio Reynoso,(Working Families),5,AD 60,2025-11-04_22:10:28.313194
ED   48,0.00%,WRITE-IN,&nbsp,-,AD 60,2025-11-04_22:10:28.313194
ED   49,0.00%,Antonio Reynoso,(Democratic),153,AD 60,2025-11-04_22:10:28.313194
ED   49,0.00%,Janine Acquafredda,(Republican),11,AD 60,2025-11-04_22:10:28.313194
ED   49,0.00%,Janine Acquafredda,(Conservative),1,AD 60,2025-11-04_22:10:28.313194
ED   49,0.00%,Antonio Reynoso,(Working Families),18,AD 60,2025-11-04_22:10:28.313194
ED   49,0.00%,WRITE-IN,&nbsp,-,AD 60,2025-11-04_22:10:28.313194
ED   50,0.00%,Antonio Reynoso,(Democratic),145,AD 60,2025-11-04_22:10:28.313194
ED   50,0.00%,Janine Acquafredda,(Republican),4,AD 60,2025-11-04_22:10:28.313194
ED   50,0.00%,Janine Acquafredda,(Conservative),2,AD 60,2025-11-04_22:10:28.313194
ED   50,0.00%,Antonio Reynoso,(Working Families),10,AD 60,2025-11-04_22:10:28.313194
ED   50,0.00%,WRITE-IN,&nbsp,1,AD 60,2025-11-04_22:10:28.313194
ED   51,0.00%,Antonio Reynoso,(Democratic),331,AD 60,2025-11-04_22:10:28.313194
ED   51,0.00%,Janine Acquafredda,(Republican),19,AD 60,2025-11-04_22:10:28.313194
ED   51,0.00%,Janine Acquafredda,(Conservative),4,AD 60,2025-11-04_22:10:28.313194
ED   51,0.00%,Antonio Reynoso,(Working Families),24,AD 60,2025-11-04_22:10:28.313194
ED   51,0.00%,WRITE-IN,&nbsp,-,AD 60,2025-11-04_22:10:28.313194
ED   52,0.00%,Antonio Reynoso,(Democratic),263,AD 60,2025-11-04_22:10:28.313194
ED   52,0.00%,Janine Acquafredda,(Republican),12,AD 60,2025-11-04_22:10:28.313194
ED   52,0.00%,Janine Acquafredda,(Conservative),6,AD 60,2025-11-04_22:10:28.313194
ED   52,0.00%,Antonio Reynoso,(Working Families),26,AD 60,2025-11-04_22:10:28.313194
ED   52,0.00%,WRITE-IN,&nbsp,-,AD 60,2025-11-04_22:10:28.313194
ED   53,0.00%,Antonio Reynoso,(Democratic),284,AD 60,2025-11-04_22:10:28.313194
ED   53,0.00%,Janine Acquafredda,(Republican),29,AD 60,2025-11-04_22:10:28.313194
ED   53,0.00%,Janine Acquafredda,(Conservative),4,AD 60,2025-11-04_22:10:28.313194
ED   53,0.00%,Antonio Reynoso,(Working Families),19,AD 60,2025-11-04_22:10:28.313194
ED   53,0.00%,WRITE-IN,&nbsp,1,AD 60,2025-11-04_22:10:28.313194
ED   54,0.00%,Antonio Reynoso,(Democratic),323,AD 60,2025-11-04_22:10:28.313194
ED   54,0.00%,Janine Acquafredda,(Republican),12,AD 60,2025-11-04_22:10:28.313194
ED   54,0.00%,Janine Acquafredda,(Conservative),2,AD 60,2025-11-04_22:10:28.313194
ED   54,0.00%,Antonio Reynoso,(Working Families),23,AD 60,2025-11-04_22:10:28.313194
ED   54,0.00%,WRITE-IN,&nbsp,-,AD 60,2025-11-04_22:10:28.313194
ED   55,0.00%,Antonio Reynoso,(Democratic),282,AD 60,2025-11-04_22:10:28.313194
ED   55,0.00%,Janine Acquafredda,(Republican),24,AD 60,2025-11-04_22:10:28.313194
ED   55,0.00%,Janine Acquafredda,(Conservative),4,AD 60,2025-11-04_22:10:28.313194
ED   55,0.00%,Antonio Reynoso,(Working Families),18,AD 60,2025-11-04_22:10:28.313194
ED   55,0.00%,WRITE-IN,&nbsp,-,AD 60,2025-11-04_22:10:28.313194
ED   56,0.00%,Antonio Reynoso,(Democratic),191,AD 60,2025-11-04_22:10:28.313194
ED   56,0.00%,Janine Acquafredda,(Republican),12,AD 60,2025-11-04_22:10:28.313194
ED   56,0.00%,Janine Acquafredda,(Conservative),-,AD 60,2025-11-04_22:10:28.313194
ED   56,0.00%,Antonio Reynoso,(Working Families),13,AD 60,2025-11-04_22:10:28.313194
ED   56,0.00%,WRITE-IN,&nbsp,-,AD 60,2025-11-04_22:10:28.313194
ED   57,0.00%,Antonio Reynoso,(Democratic),228,AD 60,2025-11-04_22:10:28.313194
ED   57,0.00%,Janine Acquafredda,(Republican),17,AD 60,2025-11-04_22:10:28.313194
ED   57,0.00%,Janine Acquafredda,(Conservative),4,AD 60,2025-11-04_22:10:28.313194
ED   57,0.00%,Antonio Reynoso,(Working Families),16,AD 60,2025-11-04_22:10:28.313194
ED   57,0.00%,WRITE-IN,&nbsp,-,AD 60,2025-11-04_22:10:28.313194
ED   58,0.00%,Antonio Reynoso,(Democratic),267,AD 60,2025-11-04_22:10:28.313194
ED   58,0.00%,Janine Acquafredda,(Republican),14,AD 60,2025-11-04_22:10:28.313194
ED   58,0.00%,Janine Acquafredda,(Conservative),1,AD 60,2025-11-04_22:10:28.313194
ED   58,0.00%,Antonio Reynoso,(Working Families),19,AD 60,2025-11-04_22:10:28.313194
ED   58,0.00%,WRITE-IN,&nbsp,-,AD 60,2025-11-04_22:10:28.313194
ED   59,0.00%,Antonio Reynoso,(Democratic),78,AD 60,2025-11-04_22:10:28.313194
ED   59,0.00%,Janine Acquafredda,(Republican),4,AD 60,2025-11-04_22:10:28.313194
ED   59,0.00%,Janine Acquafredda,(Conservative),2,AD 60,2025-11-04_22:10:28.313194
ED   59,0.00%,Antonio Reynoso,(Working Families),7,AD 60,2025-11-04_22:10:28.313194
ED   59,0.00%,WRITE-IN,&nbsp,-,AD 60,2025-11-04_22:10:28.313194
ED   60,0.00%,Antonio Reynoso,(Democratic),18,AD 60,2025-11-04_22:10:28.313194
ED   60,0.00%,Janine Acquafredda,(Republican),-,AD 60,2025-11-04_22:10:28.313194
ED   60,0.00%,Janine Acquafredda,(Conservative),-,AD 60,2025-11-04_22:10:28.313194
ED   60,0.00%,Antonio Reynoso,(Working Families),-,AD 60,2025-11-04_22:10:28.313194
ED   60,0.00%,WRITE-IN,&nbsp,-,AD 60,2025-11-04_22:10:28.313194
ED   61,0.00%,Antonio Reynoso,(Democratic),-,AD 60,2025-11-04_22:10:28.313194
ED   61,0.00%,Janine Acquafredda,(Republican),1,AD 60,2025-11-04_22:10:28.313194
ED   61,0.00%,Janine Acquafredda,(Conservative),-,AD 60,2025-11-04_22:10:28.313194
ED   61,0.00%,Antonio Reynoso,(Working Families),-,AD 60,2025-11-04_22:10:28.313194
ED   61,0.00%,WRITE-IN,&nbsp,-,AD 60,2025-11-04_22:10:28.313194
ED   62,0.00%,Antonio Reynoso,(Democratic),326,AD 60,2025-11-04_22:10:28.313194
ED   62,0.00%,Janine Acquafredda,(Republican),8,AD 60,2025-11-04_22:10:28.313194
ED   62,0.00%,Janine Acquafredda,(Conservative),3,AD 60,2025-11-04_22:10:28.313194
ED   62,0.00%,Antonio Reynoso,(Working Families),24,AD 60,2025-11-04_22:10:28.313194
ED   62,0.00%,WRITE-IN,&nbsp,1,AD 60,2025-11-04_22:10:28.313194
ED   63,0.00%,Antonio Reynoso,(Democratic),80,AD 60,2025-11-04_22:10:28.313194
ED   63,0.00%,Janine Acquafredda,(Republican),8,AD 60,2025-11-04_22:10:28.313194
ED   63,0.00%,Janine Acquafredda,(Conservative),-,AD 60,2025-11-04_22:10:28.313194
ED   63,0.00%,Antonio Reynoso,(Working Families),2,AD 60,2025-11-04_22:10:28.313194
ED   63,0.00%,WRITE-IN,&nbsp,-,AD 60,2025-11-04_22:10:28.313194
ED   64,0.00%,Antonio Reynoso,(Democratic),-,AD 60,2025-11-04_22:10:28.313194
ED   64,0.00%,Janine Acquafredda,(Republican),-,AD 60,2025-11-04_22:10:28.313194
ED   64,0.00%,Janine Acquafredda,(Conservative),-,AD 60,2025-11-04_22:10:28.313194
ED   64,0.00%,Antonio Reynoso,(Working Families),-,AD 60,2025-11-04_22:10:28.313194
ED   64,0.00%,WRITE-IN,&nbsp,-,AD 60,2025-11-04_22:10:28.313194
Total,,Antonio Reynoso,(Democratic),13794,AD 60,2025-11-04_22:10:28.313194
Total,,Janine Acquafredda,(Republican),900,AD 60,2025-11-04_22:10:28.313194
Total,,Janine Acquafredda,(Conservative),192,AD 60,2025-11-04_22:10:28.313194
Total,,Antonio Reynoso,(Working Families),986,AD 60,2025-11-04_22:10:28.313194
Total,,WRITE-IN,&nbsp,22,AD 60,2025-11-04_22:10:28.313194
ED  100,0.00%,Antonio Reynoso,(Democratic),-,AD 61,2025-11-04_22:10:28.313194
ED  100,0.00%,Janine Acquafredda,(Republican),-,AD 61,2025-11-04_22:10:28.313194
ED  100,0.00%,Janine Acquafredda,(Conservative),-,AD 61,2025-11-04_22:10:28.313194
ED  100,0.00%,Antonio Reynoso,(Working Families),2,AD 61,2025-11-04_22:10:28.313194
ED  100,0.00%,WRITE-IN,&nbsp,-,AD 61,2025-11-04_22:10:28.313194
ED  101,0.00%,Antonio Reynoso,(Democratic),-,AD 61,2025-11-04_22:10:28.313194
ED  101,0.00%,Janine Acquafredda,(Republican),-,AD 61,2025-11-04_22:10:28.313194
ED  101,0.00%,Janine Acquafredda,(Conservative),-,AD 61,2025-11-04_22:10:28.313194
ED  101,0.00%,Antonio Reynoso,(Working Families),-,AD 61,2025-11-04_22:10:28.313194
ED  101,0.00%,WRITE-IN,&nbsp,-,AD 61,2025-11-04_22:10:28.313194
ED  102,0.00%,Antonio Reynoso,(Democratic),-,AD 61,2025-11-04_22:10:28.313194
ED  102,0.00%,Janine Acquafredda,(Republican),-,AD 61,2025-11-04_22:10:28.313194
ED  102,0.00%,Janine Acquafredda,(Conservative),-,AD 61,2025-11-04_22:10:28.313194
ED  102,0.00%,Antonio Reynoso,(Working Families),-,AD 61,2025-11-04_22:10:28.313194
ED  102,0.00%,WRITE-IN,&nbsp,-,AD 61,2025-11-04_22:10:28.313194
ED  103,0.00%,Antonio Reynoso,(Democratic),-,AD 61,2025-11-04_22:10:28.313194
ED  103,0.00%,Janine Acquafredda,(Republican),-,AD 61,2025-11-04_22:10:28.313194
ED  103,0.00%,Janine Acquafredda,(Conservative),-,AD 61,2025-11-04_22:10:28.313194
ED  103,0.00%,Antonio Reynoso,(Working Families),-,AD 61,2025-11-04_22:10:28.313194
ED  103,0.00%,WRITE-IN,&nbsp,-,AD 61,2025-11-04_22:10:28.313194
ED  104,0.00%,Antonio Reynoso,(Democratic),-,AD 61,2025-11-04_22:10:28.313194
ED  104,0.00%,Janine Acquafredda,(Republican),-,AD 61,2025-11-04_22:10:28.313194
ED  104,0.00%,Janine Acquafredda,(Conservative),-,AD 61,2025-11-04_22:10:28.313194
ED  104,0.00%,Antonio Reynoso,(Working Families),-,AD 61,2025-11-04_22:10:28.313194
ED  104,0.00%,WRITE-IN,&nbsp,-,AD 61,2025-11-04_22:10:28.313194
ED  105,0.00%,Antonio Reynoso,(Democratic),-,AD 61,2025-11-04_22:10:28.313194
ED  105,0.00%,Janine Acquafredda,(Republican),-,AD 61,2025-11-04_22:10:28.313194
ED  105,0.00%,Janine Acquafredda,(Conservative),-,AD 61,2025-11-04_22:10:28.313194
ED  105,0.00%,Antonio Reynoso,(Working Families),-,AD 61,2025-11-04_22:10:28.313194
ED  105,0.00%,WRITE-IN,&nbsp,-,AD 61,2025-11-04_22:10:28.313194
ED  106,0.00%,Antonio Reynoso,(Democratic),-,AD 61,2025-11-04_22:10:28.313194
ED  106,0.00%,Janine Acquafredda,(Republican),-,AD 61,2025-11-04_22:10:28.313194
ED  106,0.00%,Janine Acquafredda,(Conservative),-,AD 61,2025-11-04_22:10:28.313194
ED  106,0.00%,Antonio Reynoso,(Working Families),-,AD 61,2025-11-04_22:10:28.313194
ED  106,0.00%,WRITE-IN,&nbsp,-,AD 61,2025-11-04_22:10:28.313194
ED  107,0.00%,Antonio Reynoso,(Democratic),-,AD 61,2025-11-04_22:10:28.313194
ED  107,0.00%,Janine Acquafredda,(Republican),-,AD 61,2025-11-04_22:10:28.313194
ED  107,0.00%,Janine Acquafredda,(Conservative),-,AD 61,2025-11-04_22:10:28.313194
ED  107,0.00%,Antonio Reynoso,(Working Families),-,AD 61,2025-11-04_22:10:28.313194
ED  107,0.00%,WRITE-IN,&nbsp,-,AD 61,2025-11-04_22:10:28.313194
ED  108,0.00%,Antonio Reynoso,(Democratic),-,AD 61,2025-11-04_22:10:28.313194
ED  108,0.00%,Janine Acquafredda,(Republican),-,AD 61,2025-11-04_22:10:28.313194
ED  108,0.00%,Janine Acquafredda,(Conservative),-,AD 61,2025-11-04_22:10:28.313194
ED  108,0.00%,Antonio Reynoso,(Working Families),-,AD 61,2025-11-04_22:10:28.313194
ED  108,0.00%,WRITE-IN,&nbsp,-,AD 61,2025-11-04_22:10:28.313194
ED  109,0.00%,Antonio Reynoso,(Democratic),-,AD 61,2025-11-04_22:10:28.313194
ED  109,0.00%,Janine Acquafredda,(Republican),-,AD 61,2025-11-04_22:10:28.313194
ED  109,0.00%,Janine Acquafredda,(Conservative),-,AD 61,2025-11-04_22:10:28.313194
ED  109,0.00%,Antonio Reynoso,(Working Families),-,AD 61,2025-11-04_22:10:28.313194
ED  109,0.00%,WRITE-IN,&nbsp,-,AD 61,2025-11-04_22:10:28.313194
ED  110,0.00%,Antonio Reynoso,(Democratic),-,AD 61,2025-11-04_22:10:28.313194
ED  110,0.00%,Janine Acquafredda,(Republican),-,AD 61,2025-11-04_22:10:28.313194
ED  110,0.00%,Janine Acquafredda,(Conservative),-,AD 61,2025-11-04_22:10:28.313194
ED  110,0.00%,Antonio Reynoso,(Working Families),-,AD 61,2025-11-04_22:10:28.313194
ED  110,0.00%,WRITE-IN,&nbsp,-,AD 61,2025-11-04_22:10:28.313194
ED  111,0.00%,Antonio Reynoso,(Democratic),-,AD 61,2025-11-04_22:10:28.313194
ED  111,0.00%,Janine Acquafredda,(Republican),-,AD 61,2025-11-04_22:10:28.313194
ED  111,0.00%,Janine Acquafredda,(Conservative),-,AD 61,2025-11-04_22:10:28.313194
ED  111,0.00%,Antonio Reynoso,(Working Families),-,AD 61,2025-11-04_22:10:28.313194
ED  111,0.00%,WRITE-IN,&nbsp,-,AD 61,2025-11-04_22:10:28.313194
ED  112,0.00%,Antonio Reynoso,(Democratic),-,AD 61,2025-11-04_22:10:28.313194
ED  112,0.00%,Janine Acquafredda,(Republican),-,AD 61,2025-11-04_22:10:28.313194
ED  112,0.00%,Janine Acquafredda,(Conservative),-,AD 61,2025-11-04_22:10:28.313194
ED  112,0.00%,Antonio Reynoso,(Working Families),-,AD 61,2025-11-04_22:10:28.313194
ED  112,0.00%,WRITE-IN,&nbsp,-,AD 61,2025-11-04_22:10:28.313194
ED  113,0.00%,Antonio Reynoso,(Democratic),-,AD 61,2025-11-04_22:10:28.313194
ED  113,0.00%,Janine Acquafredda,(Republican),-,AD 61,2025-11-04_22:10:28.313194
ED  113,0.00%,Janine Acquafredda,(Conservative),-,AD 61,2025-11-04_22:10:28.313194
ED  113,0.00%,Antonio Reynoso,(Working Families),-,AD 61,2025-11-04_22:10:28.313194
ED  113,0.00%,WRITE-IN,&nbsp,-,AD 61,2025-11-04_22:10:28.313194
ED  114,0.00%,Antonio Reynoso,(Democratic),-,AD 61,2025-11-04_22:10:28.313194
ED  114,0.00%,Janine Acquafredda,(Republican),-,AD 61,2025-11-04_22:10:28.313194
ED  114,0.00%,Janine Acquafredda,(Conservative),-,AD 61,2025-11-04_22:10:28.313194
ED  114,0.00%,Antonio Reynoso,(Working Families),-,AD 61,2025-11-04_22:10:28.313194
ED  114,0.00%,WRITE-IN,&nbsp,-,AD 61,2025-11-04_22:10:28.313194
Total,,Antonio Reynoso,(Democratic),-,AD 61,2025-11-04_22:10:28.313194
Total,,Janine Acquafredda,(Republican),-,AD 61,2025-11-04_22:10:28.313194
Total,,Janine Acquafredda,(Conservative),-,AD 61,2025-11-04_22:10:28.313194
Total,,Antonio Reynoso,(Working Families),2,AD 61,2025-11-04_22:10:28.313194
Total,,WRITE-IN,&nbsp,-,AD 61,2025-11-04_22:10:28.313194
ED   75,0.00%,Antonio Reynoso,(Democratic),332,AD 64,2025-11-04_22:10:28.313194
ED   75,0.00%,Janine Acquafredda,(Republican),213,AD 64,2025-11-04_22:10:28.313194
ED   75,0.00%,Janine Acquafredda,(Conservative),24,AD 64,2025-11-04_22:10:28.313194
ED   75,0.00%,Antonio Reynoso,(Working Families),80,AD 64,2025-11-04_22:10:28.313194
ED   75,0.00%,WRITE-IN,&nbsp,-,AD 64,2025-11-04_22:10:28.313194
ED   76,0.00%,Antonio Reynoso,(Democratic),137,AD 64,2025-11-04_22:10:28.313194
ED   76,0.00%,Janine Acquafredda,(Republican),46,AD 64,2025-11-04_22:10:28.313194
ED   76,0.00%,Janine Acquafredda,(Conservative),8,AD 64,2025-11-04_22:10:28.313194
ED   76,0.00%,Antonio Reynoso,(Working Families),36,AD 64,2025-11-04_22:10:28.313194
ED   76,0.00%,WRITE-IN,&nbsp,1,AD 64,2025-11-04_22:10:28.313194
ED   77,0.00%,Antonio Reynoso,(Democratic),398,AD 64,2025-11-04_22:10:28.313194
ED   77,0.00%,Janine Acquafredda,(Republican),129,AD 64,2025-11-04_22:10:28.313194
ED   77,0.00%,Janine Acquafredda,(Conservative),18,AD 64,2025-11-04_22:10:28.313194
ED   77,0.00%,Antonio Reynoso,(Working Families),98,AD 64,2025-11-04_22:10:28.313194
ED   77,0.00%,WRITE-IN,&nbsp,2,AD 64,2025-11-04_22:10:28.313194
ED   78,0.00%,Antonio Reynoso,(Democratic),274,AD 64,2025-11-04_22:10:28.313194
ED   78,0.00%,Janine Acquafredda,(Republican),104,AD 64,2025-11-04_22:10:28.313194
ED   78,0.00%,Janine Acquafredda,(Conservative),20,AD 64,2025-11-04_22:10:28.313194
ED   78,0.00%,Antonio Reynoso,(Working Families),47,AD 64,2025-11-04_22:10:28.313194
ED   78,0.00%,WRITE-IN,&nbsp,-,AD 64,2025-11-04_22:10:28.313194
ED   79,0.00%,Antonio Reynoso,(Democratic),259,AD 64,2025-11-04_22:10:28.313194
ED   79,0.00%,Janine Acquafredda,(Republican),109,AD 64,2025-11-04_22:10:28.313194
ED   79,0.00%,Janine Acquafredda,(Conservative),20,AD 64,2025-11-04_22:10:28.313194
ED   79,0.00%,Antonio Reynoso,(Working Families),79,AD 64,2025-11-04_22:10:28.313194
ED   79,0.00%,WRITE-IN,&nbsp,-,AD 64,2025-11-04_22:10:28.313194
ED   80,0.00%,Antonio Reynoso,(Democratic),388,AD 64,2025-11-04_22:10:28.313194
ED   80,0.00%,Janine Acquafredda,(Republican),175,AD 64,2025-11-04_22:10:28.313194
ED   80,0.00%,Janine Acquafredda,(Conservative),18,AD 64,2025-11-04_22:10:28.313194
ED   80,0.00%,Antonio Reynoso,(Working Families),94,AD 64,2025-11-04_22:10:28.313194
ED   80,0.00%,WRITE-IN,&nbsp,2,AD 64,2025-11-04_22:10:28.313194
ED   81,0.00%,Antonio Reynoso,(Democratic),458,AD 64,2025-11-04_22:10:28.313194
ED   81,0.00%,Janine Acquafredda,(Republican),245,AD 64,2025-11-04_22:10:28.313194
ED   81,0.00%,Janine Acquafredda,(Conservative),23,AD 64,2025-11-04_22:10:28.313194
ED   81,0.00%,Antonio Reynoso,(Working Families),132,AD 64,2025-11-04_22:10:28.313194
ED   81,0.00%,WRITE-IN,&nbsp,3,AD 64,2025-11-04_22:10:28.313194
ED   82,0.00%,Antonio Reynoso,(Democratic),386,AD 64,2025-11-04_22:10:28.313194
ED   82,0.00%,Janine Acquafredda,(Republican),281,AD 64,2025-11-04_22:10:28.313194
ED   82,0.00%,Janine Acquafredda,(Conservative),39,AD 64,2025-11-04_22:10:28.313194
ED   82,0.00%,Antonio Reynoso,(Working Families),75,AD 64,2025-11-04_22:10:28.313194
ED   82,0.00%,WRITE-IN,&nbsp,1,AD 64,2025-11-04_22:10:28.313194
ED   83,0.00%,Antonio Reynoso,(Democratic),419,AD 64,2025-11-04_22:10:28.313194
ED   83,0.00%,Janine Acquafredda,(Republican),303,AD 64,2025-11-04_22:10:28.313194
ED   83,0.00%,Janine Acquafredda,(Conservative),33,AD 64,2025-11-04_22:10:28.313194
ED   83,0.00%,Antonio Reynoso,(Working Families),67,AD 64,2025-11-04_22:10:28.313194
ED   83,0.00%,WRITE-IN,&nbsp,-,AD 64,2025-11-04_22:10:28.313194
ED   84,0.00%,Antonio Reynoso,(Democratic),205,AD 64,2025-11-04_22:10:28.313194
ED   84,0.00%,Janine Acquafredda,(Republican),363,AD 64,2025-11-04_22:10:28.313194
ED   84,0.00%,Janine Acquafredda,(Conservative),44,AD 64,2025-11-04_22:10:28.313194
ED   84,0.00%,Antonio Reynoso,(Working Families),29,AD 64,2025-11-04_22:10:28.313194
ED   84,0.00%,WRITE-IN,&nbsp,1,AD 64,2025-11-04_22:10:28.313194
ED   85,0.00%,Antonio Reynoso,(Democratic),190,AD 64,2025-11-04_22:10:28.313194
ED   85,0.00%,Janine Acquafredda,(Republican),221,AD 64,2025-11-04_22:10:28.313194
ED   85,0.00%,Janine Acquafredda,(Conservative),24,AD 64,2025-11-04_22:10:28.313194
ED   85,0.00%,Antonio Reynoso,(Working Families),37,AD 64,2025-11-04_22:10:28.313194
ED   85,0.00%,WRITE-IN,&nbsp,1,AD 64,2025-11-04_22:10:28.313194
ED   86,0.00%,Antonio Reynoso,(Democratic),174,AD 64,2025-11-04_22:10:28.313194
ED   86,0.00%,Janine Acquafredda,(Republican),321,AD 64,2025-11-04_22:10:28.313194
ED   86,0.00%,Janine Acquafredda,(Conservative),40,AD 64,2025-11-04_22:10:28.313194
ED   86,0.00%,Antonio Reynoso,(Working Families),23,AD 64,2025-11-04_22:10:28.313194
ED   86,0.00%,WRITE-IN,&nbsp,1,AD 64,2025-11-04_22:10:28.313194
ED   87,0.00%,Antonio Reynoso,(Democratic),163,AD 64,2025-11-04_22:10:28.313194
ED   87,0.00%,Janine Acquafredda,(Republican),64,AD 64,2025-11-04_22:10:28.313194
ED   87,0.00%,Janine Acquafredda,(Conservative),10,AD 64,2025-11-04_22:10:28.313194
ED   87,0.00%,Antonio Reynoso,(Working Families),42,AD 64,2025-11-04_22:10:28.313194
ED   87,0.00%,WRITE-IN,&nbsp,2,AD 64,2025-11-04_22:10:28.313194
ED   88,0.00%,Antonio Reynoso,(Democratic),-,AD 64,2025-11-04_22:10:28.313194
ED   88,0.00%,Janine Acquafredda,(Republican),-,AD 64,2025-11-04_22:10:28.313194
ED   88,0.00%,Janine Acquafredda,(Conservative),-,AD 64,2025-11-04_22:10:28.313194
ED   88,0.00%,Antonio Reynoso,(Working Families),-,AD 64,2025-11-04_22:10:28.313194
ED   88,0.00%,WRITE-IN,&nbsp,-,AD 64,2025-11-04_22:10:28.313194
ED   89,0.00%,Antonio Reynoso,(Democratic),-,AD 64,2025-11-04_22:10:28.313194
ED   89,0.00%,Janine Acquafredda,(Republican),-,AD 64,2025-11-04_22:10:28.313194
ED   89,0.00%,Janine Acquafredda,(Conservative),-,AD 64,2025-11-04_22:10:28.313194
ED   89,0.00%,Antonio Reynoso,(Working Families),-,AD 64,2025-11-04_22:10:28.313194
ED   89,0.00%,WRITE-IN,&nbsp,-,AD 64,2025-11-04_22:10:28.313194
ED   90,0.00%,Antonio Reynoso,(Democratic),-,AD 64,2025-11-04_22:10:28.313194
ED   90,0.00%,Janine Acquafredda,(Republican),-,AD 64,2025-11-04_22:10:28.313194
ED   90,0.00%,Janine Acquafredda,(Conservative),-,AD 64,2025-11-04_22:10:28.313194
ED   90,0.00%,Antonio Reynoso,(Working Families),-,AD 64,2025-11-04_22:10:28.313194
ED   90,0.00%,WRITE-IN,&nbsp,-,AD 64,2025-11-04_22:10:28.313194
Total,,Antonio Reynoso,(Democratic),3783,AD 64,2025-11-04_22:10:28.313194
Total,,Janine Acquafredda,(Republican),2574,AD 64,2025-11-04_22:10:28.313194
Total,,Janine Acquafredda,(Conservative),321,AD 64,2025-11-04_22:10:28.313194
Total,,Antonio Reynoso,(Working Families),839,AD 64,2025-11-04_22:10:28.313194
Total,,WRITE-IN,&nbsp,14,AD 64,2025-11-04_22:10:28.313194
