ED_num,reported,candidate,party,votes,AD_num,scrape_time
ED    7,0.00%,Thomas G. Wright-Fernandez,(Democratic),54,AD 27,2025-11-04_22:11:51.531408
ED    7,0.00%,Eve Cho Guillergan,(Democratic),64,AD 27,2025-11-04_22:11:51.531408
ED    7,0.00%,Stephen C. Dachtera,(Republican),128,AD 27,2025-11-04_22:11:51.531408
ED    7,0.00%,Stephen C. Dachtera,(Conservative),4,AD 27,2025-11-04_22:11:51.531408
ED    7,0.00%,WRITE-IN,&nbsp,3,AD 27,2025-11-04_22:11:51.531408
ED    8,0.00%,Thomas G. Wright-Fernandez,(Democratic),135,AD 27,2025-11-04_22:11:51.531408
ED    8,0.00%,Eve Cho Guillergan,(Democratic),146,AD 27,2025-11-04_22:11:51.531408
ED    8,0.00%,Stephen C. Dachtera,(Republican),58,AD 27,2025-11-04_22:11:51.531408
ED    8,0.00%,Stephen C. Dachtera,(Conservative),9,AD 27,2025-11-04_22:11:51.531408
ED    8,0.00%,WRITE-IN,&nbsp,2,AD 27,2025-11-04_22:11:51.531408
ED   31,0.00%,Thomas G. Wright-Fernandez,(Democratic),9,AD 27,2025-11-04_22:11:51.531408
ED   31,0.00%,Eve Cho Guillergan,(Democratic),14,AD 27,2025-11-04_22:11:51.531408
ED   31,0.00%,Stephen C. Dachtera,(Republican),34,AD 27,2025-11-04_22:11:51.531408
ED   31,0.00%,Stephen C. Dachtera,(Conservative),1,AD 27,2025-11-04_22:11:51.531408
ED   31,0.00%,WRITE-IN,&nbsp,-,AD 27,2025-11-04_22:11:51.531408
ED   58,0.00%,Thomas G. Wright-Fernandez,(Democratic),-,AD 27,2025-11-04_22:11:51.531408
ED   58,0.00%,Eve Cho Guillergan,(Democratic),-,AD 27,2025-11-04_22:11:51.531408
ED   58,0.00%,Stephen C. Dachtera,(Republican),-,AD 27,2025-11-04_22:11:51.531408
ED   58,0.00%,Stephen C. Dachtera,(Conservative),-,AD 27,2025-11-04_22:11:51.531408
ED   58,0.00%,WRITE-IN,&nbsp,-,AD 27,2025-11-04_22:11:51.531408
ED   59,0.00%,Thomas G. Wright-Fernandez,(Democratic),-,AD 27,2025-11-04_22:11:51.531408
ED   59,0.00%,Eve Cho Guillergan,(Democratic),-,AD 27,2025-11-04_22:11:51.531408
ED   59,0.00%,Stephen C. Dachtera,(Republican),-,AD 27,2025-11-04_22:11:51.531408
ED   59,0.00%,Stephen C. Dachtera,(Conservative),-,AD 27,2025-11-04_22:11:51.531408
ED   59,0.00%,WRITE-IN,&nbsp,-,AD 27,2025-11-04_22:11:51.531408
ED   60,0.00%,Thomas G. Wright-Fernandez,(Democratic),-,AD 27,2025-11-04_22:11:51.531408
ED   60,0.00%,Eve Cho Guillergan,(Democratic),-,AD 27,2025-11-04_22:11:51.531408
ED   60,0.00%,Stephen C. Dachtera,(Republican),-,AD 27,2025-11-04_22:11:51.531408
ED   60,0.00%,Stephen C. Dachtera,(Conservative),-,AD 27,2025-11-04_22:11:51.531408
ED   60,0.00%,WRITE-IN,&nbsp,-,AD 27,2025-11-04_22:11:51.531408
ED   66,0.00%,Thomas G. Wright-Fernandez,(Democratic),-,AD 27,2025-11-04_22:11:51.531408
ED   66,0.00%,Eve Cho Guillergan,(Democratic),-,AD 27,2025-11-04_22:11:51.531408
ED   66,0.00%,Stephen C. Dachtera,(Republican),-,AD 27,2025-11-04_22:11:51.531408
ED   66,0.00%,Stephen C. Dachtera,(Conservative),-,AD 27,2025-11-04_22:11:51.531408
ED   66,0.00%,WRITE-IN,&nbsp,-,AD 27,2025-11-04_22:11:51.531408
Total,,Thomas G. Wright-Fernandez,(Democratic),198,AD 27,2025-11-04_22:11:51.531408
Total,,Eve Cho Guillergan,(Democratic),224,AD 27,2025-11-04_22:11:51.531408
Total,,Stephen C. Dachtera,(Republican),220,AD 27,2025-11-04_22:11:51.531408
Total,,Stephen C. Dachtera,(Conservative),14,AD 27,2025-11-04_22:11:51.531408
Total,,WRITE-IN,&nbsp,5,AD 27,2025-11-04_22:11:51.531408
ED    5,0.00%,Thomas G. Wright-Fernandez,(Democratic),52,AD 28,2025-11-04_22:11:51.531408
ED    5,0.00%,Eve Cho Guillergan,(Democratic),52,AD 28,2025-11-04_22:11:51.531408
ED    5,0.00%,Stephen C. Dachtera,(Republican),37,AD 28,2025-11-04_22:11:51.531408
ED    5,0.00%,Stephen C. Dachtera,(Conservative),7,AD 28,2025-11-04_22:11:51.531408
ED    5,0.00%,WRITE-IN,&nbsp,-,AD 28,2025-11-04_22:11:51.531408
ED   34,0.00%,Thomas G. Wright-Fernandez,(Democratic),389,AD 28,2025-11-04_22:11:51.531408
ED   34,0.00%,Eve Cho Guillergan,(Democratic),380,AD 28,2025-11-04_22:11:51.531408
ED   34,0.00%,Stephen C. Dachtera,(Republican),146,AD 28,2025-11-04_22:11:51.531408
ED   34,0.00%,Stephen C. Dachtera,(Conservative),14,AD 28,2025-11-04_22:11:51.531408
ED   34,0.00%,WRITE-IN,&nbsp,4,AD 28,2025-11-04_22:11:51.531408
ED   37,0.00%,Thomas G. Wright-Fernandez,(Democratic),482,AD 28,2025-11-04_22:11:51.531408
ED   37,0.00%,Eve Cho Guillergan,(Democratic),484,AD 28,2025-11-04_22:11:51.531408
ED   37,0.00%,Stephen C. Dachtera,(Republican),240,AD 28,2025-11-04_22:11:51.531408
ED   37,0.00%,Stephen C. Dachtera,(Conservative),14,AD 28,2025-11-04_22:11:51.531408
ED   37,0.00%,WRITE-IN,&nbsp,5,AD 28,2025-11-04_22:11:51.531408
ED   38,0.00%,Thomas G. Wright-Fernandez,(Democratic),416,AD 28,2025-11-04_22:11:51.531408
ED   38,0.00%,Eve Cho Guillergan,(Democratic),417,AD 28,2025-11-04_22:11:51.531408
ED   38,0.00%,Stephen C. Dachtera,(Republican),183,AD 28,2025-11-04_22:11:51.531408
ED   38,0.00%,Stephen C. Dachtera,(Conservative),14,AD 28,2025-11-04_22:11:51.531408
ED   38,0.00%,WRITE-IN,&nbsp,4,AD 28,2025-11-04_22:11:51.531408
ED   39,0.00%,Thomas G. Wright-Fernandez,(Democratic),431,AD 28,2025-11-04_22:11:51.531408
ED   39,0.00%,Eve Cho Guillergan,(Democratic),461,AD 28,2025-11-04_22:11:51.531408
ED   39,0.00%,Stephen C. Dachtera,(Republican),217,AD 28,2025-11-04_22:11:51.531408
ED   39,0.00%,Stephen C. Dachtera,(Conservative),16,AD 28,2025-11-04_22:11:51.531408
ED   39,0.00%,WRITE-IN,&nbsp,3,AD 28,2025-11-04_22:11:51.531408
ED   40,0.00%,Thomas G. Wright-Fernandez,(Democratic),461,AD 28,2025-11-04_22:11:51.531408
ED   40,0.00%,Eve Cho Guillergan,(Democratic),484,AD 28,2025-11-04_22:11:51.531408
ED   40,0.00%,Stephen C. Dachtera,(Republican),252,AD 28,2025-11-04_22:11:51.531408
ED   40,0.00%,Stephen C. Dachtera,(Conservative),19,AD 28,2025-11-04_22:11:51.531408
ED   40,0.00%,WRITE-IN,&nbsp,3,AD 28,2025-11-04_22:11:51.531408
ED   41,0.00%,Thomas G. Wright-Fernandez,(Democratic),161,AD 28,2025-11-04_22:11:51.531408
ED   41,0.00%,Eve Cho Guillergan,(Democratic),169,AD 28,2025-11-04_22:11:51.531408
ED   41,0.00%,Stephen C. Dachtera,(Republican),75,AD 28,2025-11-04_22:11:51.531408
ED   41,0.00%,Stephen C. Dachtera,(Conservative),6,AD 28,2025-11-04_22:11:51.531408
ED   41,0.00%,WRITE-IN,&nbsp,1,AD 28,2025-11-04_22:11:51.531408
ED   42,0.00%,Thomas G. Wright-Fernandez,(Democratic),36,AD 28,2025-11-04_22:11:51.531408
ED   42,0.00%,Eve Cho Guillergan,(Democratic),39,AD 28,2025-11-04_22:11:51.531408
ED   42,0.00%,Stephen C. Dachtera,(Republican),50,AD 28,2025-11-04_22:11:51.531408
ED   42,0.00%,Stephen C. Dachtera,(Conservative),4,AD 28,2025-11-04_22:11:51.531408
ED   42,0.00%,WRITE-IN,&nbsp,-,AD 28,2025-11-04_22:11:51.531408
ED   43,0.00%,Thomas G. Wright-Fernandez,(Democratic),291,AD 28,2025-11-04_22:11:51.531408
ED   43,0.00%,Eve Cho Guillergan,(Democratic),313,AD 28,2025-11-04_22:11:51.531408
ED   43,0.00%,Stephen C. Dachtera,(Republican),319,AD 28,2025-11-04_22:11:51.531408
ED   43,0.00%,Stephen C. Dachtera,(Conservative),29,AD 28,2025-11-04_22:11:51.531408
ED   43,0.00%,WRITE-IN,&nbsp,5,AD 28,2025-11-04_22:11:51.531408
ED   44,0.00%,Thomas G. Wright-Fernandez,(Democratic),191,AD 28,2025-11-04_22:11:51.531408
ED   44,0.00%,Eve Cho Guillergan,(Democratic),200,AD 28,2025-11-04_22:11:51.531408
ED   44,0.00%,Stephen C. Dachtera,(Republican),279,AD 28,2025-11-04_22:11:51.531408
ED   44,0.00%,Stephen C. Dachtera,(Conservative),23,AD 28,2025-11-04_22:11:51.531408
ED   44,0.00%,WRITE-IN,&nbsp,6,AD 28,2025-11-04_22:11:51.531408
ED   45,0.00%,Thomas G. Wright-Fernandez,(Democratic),331,AD 28,2025-11-04_22:11:51.531408
ED   45,0.00%,Eve Cho Guillergan,(Democratic),318,AD 28,2025-11-04_22:11:51.531408
ED   45,0.00%,Stephen C. Dachtera,(Republican),185,AD 28,2025-11-04_22:11:51.531408
ED   45,0.00%,Stephen C. Dachtera,(Conservative),17,AD 28,2025-11-04_22:11:51.531408
ED   45,0.00%,WRITE-IN,&nbsp,9,AD 28,2025-11-04_22:11:51.531408
ED   46,0.00%,Thomas G. Wright-Fernandez,(Democratic),291,AD 28,2025-11-04_22:11:51.531408
ED   46,0.00%,Eve Cho Guillergan,(Democratic),302,AD 28,2025-11-04_22:11:51.531408
ED   46,0.00%,Stephen C. Dachtera,(Republican),172,AD 28,2025-11-04_22:11:51.531408
ED   46,0.00%,Stephen C. Dachtera,(Conservative),13,AD 28,2025-11-04_22:11:51.531408
ED   46,0.00%,WRITE-IN,&nbsp,5,AD 28,2025-11-04_22:11:51.531408
ED   47,0.00%,Thomas G. Wright-Fernandez,(Democratic),274,AD 28,2025-11-04_22:11:51.531408
ED   47,0.00%,Eve Cho Guillergan,(Democratic),269,AD 28,2025-11-04_22:11:51.531408
ED   47,0.00%,Stephen C. Dachtera,(Republican),143,AD 28,2025-11-04_22:11:51.531408
ED   47,0.00%,Stephen C. Dachtera,(Conservative),14,AD 28,2025-11-04_22:11:51.531408
ED   47,0.00%,WRITE-IN,&nbsp,3,AD 28,2025-11-04_22:11:51.531408
ED   48,0.00%,Thomas G. Wright-Fernandez,(Democratic),232,AD 28,2025-11-04_22:11:51.531408
ED   48,0.00%,Eve Cho Guillergan,(Democratic),221,AD 28,2025-11-04_22:11:51.531408
ED   48,0.00%,Stephen C. Dachtera,(Republican),168,AD 28,2025-11-04_22:11:51.531408
ED   48,0.00%,Stephen C. Dachtera,(Conservative),17,AD 28,2025-11-04_22:11:51.531408
ED   48,0.00%,WRITE-IN,&nbsp,1,AD 28,2025-11-04_22:11:51.531408
ED   49,0.00%,Thomas G. Wright-Fernandez,(Democratic),214,AD 28,2025-11-04_22:11:51.531408
ED   49,0.00%,Eve Cho Guillergan,(Democratic),221,AD 28,2025-11-04_22:11:51.531408
ED   49,0.00%,Stephen C. Dachtera,(Republican),135,AD 28,2025-11-04_22:11:51.531408
ED   49,0.00%,Stephen C. Dachtera,(Conservative),19,AD 28,2025-11-04_22:11:51.531408
ED   49,0.00%,WRITE-IN,&nbsp,3,AD 28,2025-11-04_22:11:51.531408
ED   50,0.00%,Thomas G. Wright-Fernandez,(Democratic),421,AD 28,2025-11-04_22:11:51.531408
ED   50,0.00%,Eve Cho Guillergan,(Democratic),437,AD 28,2025-11-04_22:11:51.531408
ED   50,0.00%,Stephen C. Dachtera,(Republican),183,AD 28,2025-11-04_22:11:51.531408
ED   50,0.00%,Stephen C. Dachtera,(Conservative),21,AD 28,2025-11-04_22:11:51.531408
ED   50,0.00%,WRITE-IN,&nbsp,3,AD 28,2025-11-04_22:11:51.531408
ED   51,0.00%,Thomas G. Wright-Fernandez,(Democratic),419,AD 28,2025-11-04_22:11:51.531408
ED   51,0.00%,Eve Cho Guillergan,(Democratic),438,AD 28,2025-11-04_22:11:51.531408
ED   51,0.00%,Stephen C. Dachtera,(Republican),182,AD 28,2025-11-04_22:11:51.531408
ED   51,0.00%,Stephen C. Dachtera,(Conservative),14,AD 28,2025-11-04_22:11:51.531408
ED   51,0.00%,WRITE-IN,&nbsp,4,AD 28,2025-11-04_22:11:51.531408
ED   52,0.00%,Thomas G. Wright-Fernandez,(Democratic),341,AD 28,2025-11-04_22:11:51.531408
ED   52,0.00%,Eve Cho Guillergan,(Democratic),375,AD 28,2025-11-04_22:11:51.531408
ED   52,0.00%,Stephen C. Dachtera,(Republican),148,AD 28,2025-11-04_22:11:51.531408
ED   52,0.00%,Stephen C. Dachtera,(Conservative),16,AD 28,2025-11-04_22:11:51.531408
ED   52,0.00%,WRITE-IN,&nbsp,-,AD 28,2025-11-04_22:11:51.531408
ED   53,0.00%,Thomas G. Wright-Fernandez,(Democratic),561,AD 28,2025-11-04_22:11:51.531408
ED   53,0.00%,Eve Cho Guillergan,(Democratic),600,AD 28,2025-11-04_22:11:51.531408
ED   53,0.00%,Stephen C. Dachtera,(Republican),242,AD 28,2025-11-04_22:11:51.531408
ED   53,0.00%,Stephen C. Dachtera,(Conservative),25,AD 28,2025-11-04_22:11:51.531408
ED   53,0.00%,WRITE-IN,&nbsp,6,AD 28,2025-11-04_22:11:51.531408
ED   54,0.00%,Thomas G. Wright-Fernandez,(Democratic),411,AD 28,2025-11-04_22:11:51.531408
ED   54,0.00%,Eve Cho Guillergan,(Democratic),486,AD 28,2025-11-04_22:11:51.531408
ED   54,0.00%,Stephen C. Dachtera,(Republican),283,AD 28,2025-11-04_22:11:51.531408
ED   54,0.00%,Stephen C. Dachtera,(Conservative),35,AD 28,2025-11-04_22:11:51.531408
ED   54,0.00%,WRITE-IN,&nbsp,4,AD 28,2025-11-04_22:11:51.531408
ED   55,0.00%,Thomas G. Wright-Fernandez,(Democratic),391,AD 28,2025-11-04_22:11:51.531408
ED   55,0.00%,Eve Cho Guillergan,(Democratic),430,AD 28,2025-11-04_22:11:51.531408
ED   55,0.00%,Stephen C. Dachtera,(Republican),262,AD 28,2025-11-04_22:11:51.531408
ED   55,0.00%,Stephen C. Dachtera,(Conservative),14,AD 28,2025-11-04_22:11:51.531408
ED   55,0.00%,WRITE-IN,&nbsp,3,AD 28,2025-11-04_22:11:51.531408
ED   56,0.00%,Thomas G. Wright-Fernandez,(Democratic),329,AD 28,2025-11-04_22:11:51.531408
ED   56,0.00%,Eve Cho Guillergan,(Democratic),335,AD 28,2025-11-04_22:11:51.531408
ED   56,0.00%,Stephen C. Dachtera,(Republican),147,AD 28,2025-11-04_22:11:51.531408
ED   56,0.00%,Stephen C. Dachtera,(Conservative),16,AD 28,2025-11-04_22:11:51.531408
ED   56,0.00%,WRITE-IN,&nbsp,2,AD 28,2025-11-04_22:11:51.531408
ED   57,0.00%,Thomas G. Wright-Fernandez,(Democratic),343,AD 28,2025-11-04_22:11:51.531408
ED   57,0.00%,Eve Cho Guillergan,(Democratic),348,AD 28,2025-11-04_22:11:51.531408
ED   57,0.00%,Stephen C. Dachtera,(Republican),166,AD 28,2025-11-04_22:11:51.531408
ED   57,0.00%,Stephen C. Dachtera,(Conservative),15,AD 28,2025-11-04_22:11:51.531408
ED   57,0.00%,WRITE-IN,&nbsp,3,AD 28,2025-11-04_22:11:51.531408
ED   58,0.00%,Thomas G. Wright-Fernandez,(Democratic),331,AD 28,2025-11-04_22:11:51.531408
ED   58,0.00%,Eve Cho Guillergan,(Democratic),365,AD 28,2025-11-04_22:11:51.531408
ED   58,0.00%,Stephen C. Dachtera,(Republican),262,AD 28,2025-11-04_22:11:51.531408
ED   58,0.00%,Stephen C. Dachtera,(Conservative),22,AD 28,2025-11-04_22:11:51.531408
ED   58,0.00%,WRITE-IN,&nbsp,6,AD 28,2025-11-04_22:11:51.531408
ED   59,0.00%,Thomas G. Wright-Fernandez,(Democratic),216,AD 28,2025-11-04_22:11:51.531408
ED   59,0.00%,Eve Cho Guillergan,(Democratic),229,AD 28,2025-11-04_22:11:51.531408
ED   59,0.00%,Stephen C. Dachtera,(Republican),201,AD 28,2025-11-04_22:11:51.531408
ED   59,0.00%,Stephen C. Dachtera,(Conservative),13,AD 28,2025-11-04_22:11:51.531408
ED   59,0.00%,WRITE-IN,&nbsp,2,AD 28,2025-11-04_22:11:51.531408
ED   60,0.00%,Thomas G. Wright-Fernandez,(Democratic),239,AD 28,2025-11-04_22:11:51.531408
ED   60,0.00%,Eve Cho Guillergan,(Democratic),267,AD 28,2025-11-04_22:11:51.531408
ED   60,0.00%,Stephen C. Dachtera,(Republican),282,AD 28,2025-11-04_22:11:51.531408
ED   60,0.00%,Stephen C. Dachtera,(Conservative),25,AD 28,2025-11-04_22:11:51.531408
ED   60,0.00%,WRITE-IN,&nbsp,3,AD 28,2025-11-04_22:11:51.531408
ED   62,0.00%,Thomas G. Wright-Fernandez,(Democratic),471,AD 28,2025-11-04_22:11:51.531408
ED   62,0.00%,Eve Cho Guillergan,(Democratic),480,AD 28,2025-11-04_22:11:51.531408
ED   62,0.00%,Stephen C. Dachtera,(Republican),251,AD 28,2025-11-04_22:11:51.531408
ED   62,0.00%,Stephen C. Dachtera,(Conservative),14,AD 28,2025-11-04_22:11:51.531408
ED   62,0.00%,WRITE-IN,&nbsp,4,AD 28,2025-11-04_22:11:51.531408
ED   63,0.00%,Thomas G. Wright-Fernandez,(Democratic),3,AD 28,2025-11-04_22:11:51.531408
ED   63,0.00%,Eve Cho Guillergan,(Democratic),3,AD 28,2025-11-04_22:11:51.531408
ED   63,0.00%,Stephen C. Dachtera,(Republican),-,AD 28,2025-11-04_22:11:51.531408
ED   63,0.00%,Stephen C. Dachtera,(Conservative),-,AD 28,2025-11-04_22:11:51.531408
ED   63,0.00%,WRITE-IN,&nbsp,-,AD 28,2025-11-04_22:11:51.531408
ED   64,0.00%,Thomas G. Wright-Fernandez,(Democratic),38,AD 28,2025-11-04_22:11:51.531408
ED   64,0.00%,Eve Cho Guillergan,(Democratic),45,AD 28,2025-11-04_22:11:51.531408
ED   64,0.00%,Stephen C. Dachtera,(Republican),46,AD 28,2025-11-04_22:11:51.531408
ED   64,0.00%,Stephen C. Dachtera,(Conservative),6,AD 28,2025-11-04_22:11:51.531408
ED   64,0.00%,WRITE-IN,&nbsp,-,AD 28,2025-11-04_22:11:51.531408
ED   71,0.00%,Thomas G. Wright-Fernandez,(Democratic),53,AD 28,2025-11-04_22:11:51.531408
ED   71,0.00%,Eve Cho Guillergan,(Democratic),63,AD 28,2025-11-04_22:11:51.531408
ED   71,0.00%,Stephen C. Dachtera,(Republican),27,AD 28,2025-11-04_22:11:51.531408
ED   71,0.00%,Stephen C. Dachtera,(Conservative),2,AD 28,2025-11-04_22:11:51.531408
ED   71,0.00%,WRITE-IN,&nbsp,1,AD 28,2025-11-04_22:11:51.531408
ED   74,0.00%,Thomas G. Wright-Fernandez,(Democratic),-,AD 28,2025-11-04_22:11:51.531408
ED   74,0.00%,Eve Cho Guillergan,(Democratic),-,AD 28,2025-11-04_22:11:51.531408
ED   74,0.00%,Stephen C. Dachtera,(Republican),-,AD 28,2025-11-04_22:11:51.531408
ED   74,0.00%,Stephen C. Dachtera,(Conservative),-,AD 28,2025-11-04_22:11:51.531408
ED   74,0.00%,WRITE-IN,&nbsp,-,AD 28,2025-11-04_22:11:51.531408
Total,,Thomas G. Wright-Fernandez,(Democratic),8819,AD 28,2025-11-04_22:11:51.531408
Total,,Eve Cho Guillergan,(Democratic),9231,AD 28,2025-11-04_22:11:51.531408
Total,,Stephen C. Dachtera,(Republican),5283,AD 28,2025-11-04_22:11:51.531408
Total,,Stephen C. Dachtera,(Conservative),464,AD 28,2025-11-04_22:11:51.531408
Total,,WRITE-IN,&nbsp,93,AD 28,2025-11-04_22:11:51.531408
ED    2,0.00%,Thomas G. Wright-Fernandez,(Democratic),56,AD 30,2025-11-04_22:11:51.531408
ED    2,0.00%,Eve Cho Guillergan,(Democratic),52,AD 30,2025-11-04_22:11:51.531408
ED    2,0.00%,Stephen C. Dachtera,(Republican),27,AD 30,2025-11-04_22:11:51.531408
ED    2,0.00%,Stephen C. Dachtera,(Conservative),6,AD 30,2025-11-04_22:11:51.531408
ED    2,0.00%,WRITE-IN,&nbsp,-,AD 30,2025-11-04_22:11:51.531408
ED    3,0.00%,Thomas G. Wright-Fernandez,(Democratic),93,AD 30,2025-11-04_22:11:51.531408
ED    3,0.00%,Eve Cho Guillergan,(Democratic),106,AD 30,2025-11-04_22:11:51.531408
ED    3,0.00%,Stephen C. Dachtera,(Republican),22,AD 30,2025-11-04_22:11:51.531408
ED    3,0.00%,Stephen C. Dachtera,(Conservative),3,AD 30,2025-11-04_22:11:51.531408
ED    3,0.00%,WRITE-IN,&nbsp,2,AD 30,2025-11-04_22:11:51.531408
ED    4,0.00%,Thomas G. Wright-Fernandez,(Democratic),244,AD 30,2025-11-04_22:11:51.531408
ED    4,0.00%,Eve Cho Guillergan,(Democratic),251,AD 30,2025-11-04_22:11:51.531408
ED    4,0.00%,Stephen C. Dachtera,(Republican),73,AD 30,2025-11-04_22:11:51.531408
ED    4,0.00%,Stephen C. Dachtera,(Conservative),9,AD 30,2025-11-04_22:11:51.531408
ED    4,0.00%,WRITE-IN,&nbsp,5,AD 30,2025-11-04_22:11:51.531408
ED   11,0.00%,Thomas G. Wright-Fernandez,(Democratic),235,AD 30,2025-11-04_22:11:51.531408
ED   11,0.00%,Eve Cho Guillergan,(Democratic),231,AD 30,2025-11-04_22:11:51.531408
ED   11,0.00%,Stephen C. Dachtera,(Republican),133,AD 30,2025-11-04_22:11:51.531408
ED   11,0.00%,Stephen C. Dachtera,(Conservative),18,AD 30,2025-11-04_22:11:51.531408
ED   11,0.00%,WRITE-IN,&nbsp,5,AD 30,2025-11-04_22:11:51.531408
ED   12,0.00%,Thomas G. Wright-Fernandez,(Democratic),137,AD 30,2025-11-04_22:11:51.531408
ED   12,0.00%,Eve Cho Guillergan,(Democratic),144,AD 30,2025-11-04_22:11:51.531408
ED   12,0.00%,Stephen C. Dachtera,(Republican),59,AD 30,2025-11-04_22:11:51.531408
ED   12,0.00%,Stephen C. Dachtera,(Conservative),10,AD 30,2025-11-04_22:11:51.531408
ED   12,0.00%,WRITE-IN,&nbsp,2,AD 30,2025-11-04_22:11:51.531408
ED   13,0.00%,Thomas G. Wright-Fernandez,(Democratic),475,AD 30,2025-11-04_22:11:51.531408
ED   13,0.00%,Eve Cho Guillergan,(Democratic),460,AD 30,2025-11-04_22:11:51.531408
ED   13,0.00%,Stephen C. Dachtera,(Republican),213,AD 30,2025-11-04_22:11:51.531408
ED   13,0.00%,Stephen C. Dachtera,(Conservative),24,AD 30,2025-11-04_22:11:51.531408
ED   13,0.00%,WRITE-IN,&nbsp,5,AD 30,2025-11-04_22:11:51.531408
ED   14,0.00%,Thomas G. Wright-Fernandez,(Democratic),47,AD 30,2025-11-04_22:11:51.531408
ED   14,0.00%,Eve Cho Guillergan,(Democratic),37,AD 30,2025-11-04_22:11:51.531408
ED   14,0.00%,Stephen C. Dachtera,(Republican),17,AD 30,2025-11-04_22:11:51.531408
ED   14,0.00%,Stephen C. Dachtera,(Conservative),3,AD 30,2025-11-04_22:11:51.531408
ED   14,0.00%,WRITE-IN,&nbsp,-,AD 30,2025-11-04_22:11:51.531408
ED   15,0.00%,Thomas G. Wright-Fernandez,(Democratic),225,AD 30,2025-11-04_22:11:51.531408
ED   15,0.00%,Eve Cho Guillergan,(Democratic),209,AD 30,2025-11-04_22:11:51.531408
ED   15,0.00%,Stephen C. Dachtera,(Republican),60,AD 30,2025-11-04_22:11:51.531408
ED   15,0.00%,Stephen C. Dachtera,(Conservative),13,AD 30,2025-11-04_22:11:51.531408
ED   15,0.00%,WRITE-IN,&nbsp,2,AD 30,2025-11-04_22:11:51.531408
ED   16,0.00%,Thomas G. Wright-Fernandez,(Democratic),345,AD 30,2025-11-04_22:11:51.531408
ED   16,0.00%,Eve Cho Guillergan,(Democratic),340,AD 30,2025-11-04_22:11:51.531408
ED   16,0.00%,Stephen C. Dachtera,(Republican),169,AD 30,2025-11-04_22:11:51.531408
ED   16,0.00%,Stephen C. Dachtera,(Conservative),22,AD 30,2025-11-04_22:11:51.531408
ED   16,0.00%,WRITE-IN,&nbsp,1,AD 30,2025-11-04_22:11:51.531408
ED   17,0.00%,Thomas G. Wright-Fernandez,(Democratic),76,AD 30,2025-11-04_22:11:51.531408
ED   17,0.00%,Eve Cho Guillergan,(Democratic),90,AD 30,2025-11-04_22:11:51.531408
ED   17,0.00%,Stephen C. Dachtera,(Republican),71,AD 30,2025-11-04_22:11:51.531408
ED   17,0.00%,Stephen C. Dachtera,(Conservative),12,AD 30,2025-11-04_22:11:51.531408
ED   17,0.00%,WRITE-IN,&nbsp,-,AD 30,2025-11-04_22:11:51.531408
ED   18,0.00%,Thomas G. Wright-Fernandez,(Democratic),102,AD 30,2025-11-04_22:11:51.531408
ED   18,0.00%,Eve Cho Guillergan,(Democratic),102,AD 30,2025-11-04_22:11:51.531408
ED   18,0.00%,Stephen C. Dachtera,(Republican),15,AD 30,2025-11-04_22:11:51.531408
ED   18,0.00%,Stephen C. Dachtera,(Conservative),3,AD 30,2025-11-04_22:11:51.531408
ED   18,0.00%,WRITE-IN,&nbsp,2,AD 30,2025-11-04_22:11:51.531408
ED   19,0.00%,Thomas G. Wright-Fernandez,(Democratic),291,AD 30,2025-11-04_22:11:51.531408
ED   19,0.00%,Eve Cho Guillergan,(Democratic),268,AD 30,2025-11-04_22:11:51.531408
ED   19,0.00%,Stephen C. Dachtera,(Republican),66,AD 30,2025-11-04_22:11:51.531408
ED   19,0.00%,Stephen C. Dachtera,(Conservative),8,AD 30,2025-11-04_22:11:51.531408
ED   19,0.00%,WRITE-IN,&nbsp,4,AD 30,2025-11-04_22:11:51.531408
ED   20,0.00%,Thomas G. Wright-Fernandez,(Democratic),243,AD 30,2025-11-04_22:11:51.531408
ED   20,0.00%,Eve Cho Guillergan,(Democratic),247,AD 30,2025-11-04_22:11:51.531408
ED   20,0.00%,Stephen C. Dachtera,(Republican),66,AD 30,2025-11-04_22:11:51.531408
ED   20,0.00%,Stephen C. Dachtera,(Conservative),11,AD 30,2025-11-04_22:11:51.531408
ED   20,0.00%,WRITE-IN,&nbsp,1,AD 30,2025-11-04_22:11:51.531408
ED   21,0.00%,Thomas G. Wright-Fernandez,(Democratic),451,AD 30,2025-11-04_22:11:51.531408
ED   21,0.00%,Eve Cho Guillergan,(Democratic),444,AD 30,2025-11-04_22:11:51.531408
ED   21,0.00%,Stephen C. Dachtera,(Republican),138,AD 30,2025-11-04_22:11:51.531408
ED   21,0.00%,Stephen C. Dachtera,(Conservative),17,AD 30,2025-11-04_22:11:51.531408
ED   21,0.00%,WRITE-IN,&nbsp,5,AD 30,2025-11-04_22:11:51.531408
ED   22,0.00%,Thomas G. Wright-Fernandez,(Democratic),442,AD 30,2025-11-04_22:11:51.531408
ED   22,0.00%,Eve Cho Guillergan,(Democratic),455,AD 30,2025-11-04_22:11:51.531408
ED   22,0.00%,Stephen C. Dachtera,(Republican),140,AD 30,2025-11-04_22:11:51.531408
ED   22,0.00%,Stephen C. Dachtera,(Conservative),17,AD 30,2025-11-04_22:11:51.531408
ED   22,0.00%,WRITE-IN,&nbsp,6,AD 30,2025-11-04_22:11:51.531408
ED   23,0.00%,Thomas G. Wright-Fernandez,(Democratic),299,AD 30,2025-11-04_22:11:51.531408
ED   23,0.00%,Eve Cho Guillergan,(Democratic),269,AD 30,2025-11-04_22:11:51.531408
ED   23,0.00%,Stephen C. Dachtera,(Republican),114,AD 30,2025-11-04_22:11:51.531408
ED   23,0.00%,Stephen C. Dachtera,(Conservative),10,AD 30,2025-11-04_22:11:51.531408
ED   23,0.00%,WRITE-IN,&nbsp,1,AD 30,2025-11-04_22:11:51.531408
ED   24,0.00%,Thomas G. Wright-Fernandez,(Democratic),312,AD 30,2025-11-04_22:11:51.531408
ED   24,0.00%,Eve Cho Guillergan,(Democratic),325,AD 30,2025-11-04_22:11:51.531408
ED   24,0.00%,Stephen C. Dachtera,(Republican),107,AD 30,2025-11-04_22:11:51.531408
ED   24,0.00%,Stephen C. Dachtera,(Conservative),9,AD 30,2025-11-04_22:11:51.531408
ED   24,0.00%,WRITE-IN,&nbsp,-,AD 30,2025-11-04_22:11:51.531408
ED   25,0.00%,Thomas G. Wright-Fernandez,(Democratic),417,AD 30,2025-11-04_22:11:51.531408
ED   25,0.00%,Eve Cho Guillergan,(Democratic),430,AD 30,2025-11-04_22:11:51.531408
ED   25,0.00%,Stephen C. Dachtera,(Republican),104,AD 30,2025-11-04_22:11:51.531408
ED   25,0.00%,Stephen C. Dachtera,(Conservative),11,AD 30,2025-11-04_22:11:51.531408
ED   25,0.00%,WRITE-IN,&nbsp,2,AD 30,2025-11-04_22:11:51.531408
ED   30,0.00%,Thomas G. Wright-Fernandez,(Democratic),356,AD 30,2025-11-04_22:11:51.531408
ED   30,0.00%,Eve Cho Guillergan,(Democratic),369,AD 30,2025-11-04_22:11:51.531408
ED   30,0.00%,Stephen C. Dachtera,(Republican),205,AD 30,2025-11-04_22:11:51.531408
ED   30,0.00%,Stephen C. Dachtera,(Conservative),13,AD 30,2025-11-04_22:11:51.531408
ED   30,0.00%,WRITE-IN,&nbsp,7,AD 30,2025-11-04_22:11:51.531408
ED   31,0.00%,Thomas G. Wright-Fernandez,(Democratic),294,AD 30,2025-11-04_22:11:51.531408
ED   31,0.00%,Eve Cho Guillergan,(Democratic),299,AD 30,2025-11-04_22:11:51.531408
ED   31,0.00%,Stephen C. Dachtera,(Republican),161,AD 30,2025-11-04_22:11:51.531408
ED   31,0.00%,Stephen C. Dachtera,(Conservative),12,AD 30,2025-11-04_22:11:51.531408
ED   31,0.00%,WRITE-IN,&nbsp,3,AD 30,2025-11-04_22:11:51.531408
ED   32,0.00%,Thomas G. Wright-Fernandez,(Democratic),26,AD 30,2025-11-04_22:11:51.531408
ED   32,0.00%,Eve Cho Guillergan,(Democratic),35,AD 30,2025-11-04_22:11:51.531408
ED   32,0.00%,Stephen C. Dachtera,(Republican),14,AD 30,2025-11-04_22:11:51.531408
ED   32,0.00%,Stephen C. Dachtera,(Conservative),3,AD 30,2025-11-04_22:11:51.531408
ED   32,0.00%,WRITE-IN,&nbsp,1,AD 30,2025-11-04_22:11:51.531408
ED   33,0.00%,Thomas G. Wright-Fernandez,(Democratic),247,AD 30,2025-11-04_22:11:51.531408
ED   33,0.00%,Eve Cho Guillergan,(Democratic),242,AD 30,2025-11-04_22:11:51.531408
ED   33,0.00%,Stephen C. Dachtera,(Republican),100,AD 30,2025-11-04_22:11:51.531408
ED   33,0.00%,Stephen C. Dachtera,(Conservative),12,AD 30,2025-11-04_22:11:51.531408
ED   33,0.00%,WRITE-IN,&nbsp,1,AD 30,2025-11-04_22:11:51.531408
ED   34,0.00%,Thomas G. Wright-Fernandez,(Democratic),115,AD 30,2025-11-04_22:11:51.531408
ED   34,0.00%,Eve Cho Guillergan,(Democratic),120,AD 30,2025-11-04_22:11:51.531408
ED   34,0.00%,Stephen C. Dachtera,(Republican),84,AD 30,2025-11-04_22:11:51.531408
ED   34,0.00%,Stephen C. Dachtera,(Conservative),8,AD 30,2025-11-04_22:11:51.531408
ED   34,0.00%,WRITE-IN,&nbsp,-,AD 30,2025-11-04_22:11:51.531408
ED   35,0.00%,Thomas G. Wright-Fernandez,(Democratic),333,AD 30,2025-11-04_22:11:51.531408
ED   35,0.00%,Eve Cho Guillergan,(Democratic),340,AD 30,2025-11-04_22:11:51.531408
ED   35,0.00%,Stephen C. Dachtera,(Republican),151,AD 30,2025-11-04_22:11:51.531408
ED   35,0.00%,Stephen C. Dachtera,(Conservative),5,AD 30,2025-11-04_22:11:51.531408
ED   35,0.00%,WRITE-IN,&nbsp,4,AD 30,2025-11-04_22:11:51.531408
ED   36,0.00%,Thomas G. Wright-Fernandez,(Democratic),314,AD 30,2025-11-04_22:11:51.531408
ED   36,0.00%,Eve Cho Guillergan,(Democratic),346,AD 30,2025-11-04_22:11:51.531408
ED   36,0.00%,Stephen C. Dachtera,(Republican),178,AD 30,2025-11-04_22:11:51.531408
ED   36,0.00%,Stephen C. Dachtera,(Conservative),18,AD 30,2025-11-04_22:11:51.531408
ED   36,0.00%,WRITE-IN,&nbsp,2,AD 30,2025-11-04_22:11:51.531408
ED   37,0.00%,Thomas G. Wright-Fernandez,(Democratic),245,AD 30,2025-11-04_22:11:51.531408
ED   37,0.00%,Eve Cho Guillergan,(Democratic),218,AD 30,2025-11-04_22:11:51.531408
ED   37,0.00%,Stephen C. Dachtera,(Republican),97,AD 30,2025-11-04_22:11:51.531408
ED   37,0.00%,Stephen C. Dachtera,(Conservative),12,AD 30,2025-11-04_22:11:51.531408
ED   37,0.00%,WRITE-IN,&nbsp,3,AD 30,2025-11-04_22:11:51.531408
ED   38,0.00%,Thomas G. Wright-Fernandez,(Democratic),260,AD 30,2025-11-04_22:11:51.531408
ED   38,0.00%,Eve Cho Guillergan,(Democratic),247,AD 30,2025-11-04_22:11:51.531408
ED   38,0.00%,Stephen C. Dachtera,(Republican),93,AD 30,2025-11-04_22:11:51.531408
ED   38,0.00%,Stephen C. Dachtera,(Conservative),11,AD 30,2025-11-04_22:11:51.531408
ED   38,0.00%,WRITE-IN,&nbsp,3,AD 30,2025-11-04_22:11:51.531408
ED   39,0.00%,Thomas G. Wright-Fernandez,(Democratic),263,AD 30,2025-11-04_22:11:51.531408
ED   39,0.00%,Eve Cho Guillergan,(Democratic),256,AD 30,2025-11-04_22:11:51.531408
ED   39,0.00%,Stephen C. Dachtera,(Republican),105,AD 30,2025-11-04_22:11:51.531408
ED   39,0.00%,Stephen C. Dachtera,(Conservative),8,AD 30,2025-11-04_22:11:51.531408
ED   39,0.00%,WRITE-IN,&nbsp,7,AD 30,2025-11-04_22:11:51.531408
ED   40,0.00%,Thomas G. Wright-Fernandez,(Democratic),231,AD 30,2025-11-04_22:11:51.531408
ED   40,0.00%,Eve Cho Guillergan,(Democratic),223,AD 30,2025-11-04_22:11:51.531408
ED   40,0.00%,Stephen C. Dachtera,(Republican),58,AD 30,2025-11-04_22:11:51.531408
ED   40,0.00%,Stephen C. Dachtera,(Conservative),11,AD 30,2025-11-04_22:11:51.531408
ED   40,0.00%,WRITE-IN,&nbsp,4,AD 30,2025-11-04_22:11:51.531408
ED   41,0.00%,Thomas G. Wright-Fernandez,(Democratic),342,AD 30,2025-11-04_22:11:51.531408
ED   41,0.00%,Eve Cho Guillergan,(Democratic),332,AD 30,2025-11-04_22:11:51.531408
ED   41,0.00%,Stephen C. Dachtera,(Republican),129,AD 30,2025-11-04_22:11:51.531408
ED   41,0.00%,Stephen C. Dachtera,(Conservative),15,AD 30,2025-11-04_22:11:51.531408
ED   41,0.00%,WRITE-IN,&nbsp,3,AD 30,2025-11-04_22:11:51.531408
ED   42,0.00%,Thomas G. Wright-Fernandez,(Democratic),303,AD 30,2025-11-04_22:11:51.531408
ED   42,0.00%,Eve Cho Guillergan,(Democratic),297,AD 30,2025-11-04_22:11:51.531408
ED   42,0.00%,Stephen C. Dachtera,(Republican),45,AD 30,2025-11-04_22:11:51.531408
ED   42,0.00%,Stephen C. Dachtera,(Conservative),9,AD 30,2025-11-04_22:11:51.531408
ED   42,0.00%,WRITE-IN,&nbsp,2,AD 30,2025-11-04_22:11:51.531408
ED   43,0.00%,Thomas G. Wright-Fernandez,(Democratic),175,AD 30,2025-11-04_22:11:51.531408
ED   43,0.00%,Eve Cho Guillergan,(Democratic),166,AD 30,2025-11-04_22:11:51.531408
ED   43,0.00%,Stephen C. Dachtera,(Republican),46,AD 30,2025-11-04_22:11:51.531408
ED   43,0.00%,Stephen C. Dachtera,(Conservative),7,AD 30,2025-11-04_22:11:51.531408
ED   43,0.00%,WRITE-IN,&nbsp,1,AD 30,2025-11-04_22:11:51.531408
ED   44,0.00%,Thomas G. Wright-Fernandez,(Democratic),58,AD 30,2025-11-04_22:11:51.531408
ED   44,0.00%,Eve Cho Guillergan,(Democratic),63,AD 30,2025-11-04_22:11:51.531408
ED   44,0.00%,Stephen C. Dachtera,(Republican),20,AD 30,2025-11-04_22:11:51.531408
ED   44,0.00%,Stephen C. Dachtera,(Conservative),5,AD 30,2025-11-04_22:11:51.531408
ED   44,0.00%,WRITE-IN,&nbsp,5,AD 30,2025-11-04_22:11:51.531408
ED   45,0.00%,Thomas G. Wright-Fernandez,(Democratic),344,AD 30,2025-11-04_22:11:51.531408
ED   45,0.00%,Eve Cho Guillergan,(Democratic),344,AD 30,2025-11-04_22:11:51.531408
ED   45,0.00%,Stephen C. Dachtera,(Republican),73,AD 30,2025-11-04_22:11:51.531408
ED   45,0.00%,Stephen C. Dachtera,(Conservative),10,AD 30,2025-11-04_22:11:51.531408
ED   45,0.00%,WRITE-IN,&nbsp,3,AD 30,2025-11-04_22:11:51.531408
ED   46,0.00%,Thomas G. Wright-Fernandez,(Democratic),349,AD 30,2025-11-04_22:11:51.531408
ED   46,0.00%,Eve Cho Guillergan,(Democratic),306,AD 30,2025-11-04_22:11:51.531408
ED   46,0.00%,Stephen C. Dachtera,(Republican),81,AD 30,2025-11-04_22:11:51.531408
ED   46,0.00%,Stephen C. Dachtera,(Conservative),3,AD 30,2025-11-04_22:11:51.531408
ED   46,0.00%,WRITE-IN,&nbsp,6,AD 30,2025-11-04_22:11:51.531408
ED   47,0.00%,Thomas G. Wright-Fernandez,(Democratic),98,AD 30,2025-11-04_22:11:51.531408
ED   47,0.00%,Eve Cho Guillergan,(Democratic),109,AD 30,2025-11-04_22:11:51.531408
ED   47,0.00%,Stephen C. Dachtera,(Republican),29,AD 30,2025-11-04_22:11:51.531408
ED   47,0.00%,Stephen C. Dachtera,(Conservative),2,AD 30,2025-11-04_22:11:51.531408
ED   47,0.00%,WRITE-IN,&nbsp,3,AD 30,2025-11-04_22:11:51.531408
ED   48,0.00%,Thomas G. Wright-Fernandez,(Democratic),172,AD 30,2025-11-04_22:11:51.531408
ED   48,0.00%,Eve Cho Guillergan,(Democratic),168,AD 30,2025-11-04_22:11:51.531408
ED   48,0.00%,Stephen C. Dachtera,(Republican),69,AD 30,2025-11-04_22:11:51.531408
ED   48,0.00%,Stephen C. Dachtera,(Conservative),5,AD 30,2025-11-04_22:11:51.531408
ED   48,0.00%,WRITE-IN,&nbsp,6,AD 30,2025-11-04_22:11:51.531408
ED   49,0.00%,Thomas G. Wright-Fernandez,(Democratic),386,AD 30,2025-11-04_22:11:51.531408
ED   49,0.00%,Eve Cho Guillergan,(Democratic),396,AD 30,2025-11-04_22:11:51.531408
ED   49,0.00%,Stephen C. Dachtera,(Republican),112,AD 30,2025-11-04_22:11:51.531408
ED   49,0.00%,Stephen C. Dachtera,(Conservative),13,AD 30,2025-11-04_22:11:51.531408
ED   49,0.00%,WRITE-IN,&nbsp,8,AD 30,2025-11-04_22:11:51.531408
ED   50,0.00%,Thomas G. Wright-Fernandez,(Democratic),309,AD 30,2025-11-04_22:11:51.531408
ED   50,0.00%,Eve Cho Guillergan,(Democratic),278,AD 30,2025-11-04_22:11:51.531408
ED   50,0.00%,Stephen C. Dachtera,(Republican),76,AD 30,2025-11-04_22:11:51.531408
ED   50,0.00%,Stephen C. Dachtera,(Conservative),24,AD 30,2025-11-04_22:11:51.531408
ED   50,0.00%,WRITE-IN,&nbsp,3,AD 30,2025-11-04_22:11:51.531408
ED   51,0.00%,Thomas G. Wright-Fernandez,(Democratic),330,AD 30,2025-11-04_22:11:51.531408
ED   51,0.00%,Eve Cho Guillergan,(Democratic),323,AD 30,2025-11-04_22:11:51.531408
ED   51,0.00%,Stephen C. Dachtera,(Republican),90,AD 30,2025-11-04_22:11:51.531408
ED   51,0.00%,Stephen C. Dachtera,(Conservative),16,AD 30,2025-11-04_22:11:51.531408
ED   51,0.00%,WRITE-IN,&nbsp,1,AD 30,2025-11-04_22:11:51.531408
ED   52,0.00%,Thomas G. Wright-Fernandez,(Democratic),204,AD 30,2025-11-04_22:11:51.531408
ED   52,0.00%,Eve Cho Guillergan,(Democratic),207,AD 30,2025-11-04_22:11:51.531408
ED   52,0.00%,Stephen C. Dachtera,(Republican),68,AD 30,2025-11-04_22:11:51.531408
ED   52,0.00%,Stephen C. Dachtera,(Conservative),5,AD 30,2025-11-04_22:11:51.531408
ED   52,0.00%,WRITE-IN,&nbsp,-,AD 30,2025-11-04_22:11:51.531408
ED   53,0.00%,Thomas G. Wright-Fernandez,(Democratic),215,AD 30,2025-11-04_22:11:51.531408
ED   53,0.00%,Eve Cho Guillergan,(Democratic),184,AD 30,2025-11-04_22:11:51.531408
ED   53,0.00%,Stephen C. Dachtera,(Republican),87,AD 30,2025-11-04_22:11:51.531408
ED   53,0.00%,Stephen C. Dachtera,(Conservative),5,AD 30,2025-11-04_22:11:51.531408
ED   53,0.00%,WRITE-IN,&nbsp,-,AD 30,2025-11-04_22:11:51.531408
ED   54,0.00%,Thomas G. Wright-Fernandez,(Democratic),171,AD 30,2025-11-04_22:11:51.531408
ED   54,0.00%,Eve Cho Guillergan,(Democratic),186,AD 30,2025-11-04_22:11:51.531408
ED   54,0.00%,Stephen C. Dachtera,(Republican),59,AD 30,2025-11-04_22:11:51.531408
ED   54,0.00%,Stephen C. Dachtera,(Conservative),10,AD 30,2025-11-04_22:11:51.531408
ED   54,0.00%,WRITE-IN,&nbsp,-,AD 30,2025-11-04_22:11:51.531408
ED   55,0.00%,Thomas G. Wright-Fernandez,(Democratic),242,AD 30,2025-11-04_22:11:51.531408
ED   55,0.00%,Eve Cho Guillergan,(Democratic),260,AD 30,2025-11-04_22:11:51.531408
ED   55,0.00%,Stephen C. Dachtera,(Republican),93,AD 30,2025-11-04_22:11:51.531408
ED   55,0.00%,Stephen C. Dachtera,(Conservative),13,AD 30,2025-11-04_22:11:51.531408
ED   55,0.00%,WRITE-IN,&nbsp,1,AD 30,2025-11-04_22:11:51.531408
ED   56,0.00%,Thomas G. Wright-Fernandez,(Democratic),282,AD 30,2025-11-04_22:11:51.531408
ED   56,0.00%,Eve Cho Guillergan,(Democratic),265,AD 30,2025-11-04_22:11:51.531408
ED   56,0.00%,Stephen C. Dachtera,(Republican),126,AD 30,2025-11-04_22:11:51.531408
ED   56,0.00%,Stephen C. Dachtera,(Conservative),17,AD 30,2025-11-04_22:11:51.531408
ED   56,0.00%,WRITE-IN,&nbsp,7,AD 30,2025-11-04_22:11:51.531408
Total,,Thomas G. Wright-Fernandez,(Democratic),11154,AD 30,2025-11-04_22:11:51.531408
Total,,Eve Cho Guillergan,(Democratic),11039,AD 30,2025-11-04_22:11:51.531408
Total,,Stephen C. Dachtera,(Republican),4043,AD 30,2025-11-04_22:11:51.531408
Total,,Stephen C. Dachtera,(Conservative),478,AD 30,2025-11-04_22:11:51.531408
Total,,WRITE-IN,&nbsp,127,AD 30,2025-11-04_22:11:51.531408
ED    2,0.00%,Thomas G. Wright-Fernandez,(Democratic),68,AD 34,2025-11-04_22:11:51.531408
ED    2,0.00%,Eve Cho Guillergan,(Democratic),61,AD 34,2025-11-04_22:11:51.531408
ED    2,0.00%,Stephen C. Dachtera,(Republican),22,AD 34,2025-11-04_22:11:51.531408
ED    2,0.00%,Stephen C. Dachtera,(Conservative),-,AD 34,2025-11-04_22:11:51.531408
ED    2,0.00%,WRITE-IN,&nbsp,-,AD 34,2025-11-04_22:11:51.531408
ED   10,0.00%,Thomas G. Wright-Fernandez,(Democratic),234,AD 34,2025-11-04_22:11:51.531408
ED   10,0.00%,Eve Cho Guillergan,(Democratic),189,AD 34,2025-11-04_22:11:51.531408
ED   10,0.00%,Stephen C. Dachtera,(Republican),88,AD 34,2025-11-04_22:11:51.531408
ED   10,0.00%,Stephen C. Dachtera,(Conservative),9,AD 34,2025-11-04_22:11:51.531408
ED   10,0.00%,WRITE-IN,&nbsp,3,AD 34,2025-11-04_22:11:51.531408
ED   11,0.00%,Thomas G. Wright-Fernandez,(Democratic),131,AD 34,2025-11-04_22:11:51.531408
ED   11,0.00%,Eve Cho Guillergan,(Democratic),101,AD 34,2025-11-04_22:11:51.531408
ED   11,0.00%,Stephen C. Dachtera,(Republican),47,AD 34,2025-11-04_22:11:51.531408
ED   11,0.00%,Stephen C. Dachtera,(Conservative),10,AD 34,2025-11-04_22:11:51.531408
ED   11,0.00%,WRITE-IN,&nbsp,-,AD 34,2025-11-04_22:11:51.531408
ED   25,0.00%,Thomas G. Wright-Fernandez,(Democratic),462,AD 34,2025-11-04_22:11:51.531408
ED   25,0.00%,Eve Cho Guillergan,(Democratic),439,AD 34,2025-11-04_22:11:51.531408
ED   25,0.00%,Stephen C. Dachtera,(Republican),155,AD 34,2025-11-04_22:11:51.531408
ED   25,0.00%,Stephen C. Dachtera,(Conservative),15,AD 34,2025-11-04_22:11:51.531408
ED   25,0.00%,WRITE-IN,&nbsp,5,AD 34,2025-11-04_22:11:51.531408
ED   26,0.00%,Thomas G. Wright-Fernandez,(Democratic),53,AD 34,2025-11-04_22:11:51.531408
ED   26,0.00%,Eve Cho Guillergan,(Democratic),47,AD 34,2025-11-04_22:11:51.531408
ED   26,0.00%,Stephen C. Dachtera,(Republican),22,AD 34,2025-11-04_22:11:51.531408
ED   26,0.00%,Stephen C. Dachtera,(Conservative),3,AD 34,2025-11-04_22:11:51.531408
ED   26,0.00%,WRITE-IN,&nbsp,1,AD 34,2025-11-04_22:11:51.531408
ED   27,0.00%,Thomas G. Wright-Fernandez,(Democratic),210,AD 34,2025-11-04_22:11:51.531408
ED   27,0.00%,Eve Cho Guillergan,(Democratic),211,AD 34,2025-11-04_22:11:51.531408
ED   27,0.00%,Stephen C. Dachtera,(Republican),157,AD 34,2025-11-04_22:11:51.531408
ED   27,0.00%,Stephen C. Dachtera,(Conservative),20,AD 34,2025-11-04_22:11:51.531408
ED   27,0.00%,WRITE-IN,&nbsp,6,AD 34,2025-11-04_22:11:51.531408
ED   28,0.00%,Thomas G. Wright-Fernandez,(Democratic),140,AD 34,2025-11-04_22:11:51.531408
ED   28,0.00%,Eve Cho Guillergan,(Democratic),127,AD 34,2025-11-04_22:11:51.531408
ED   28,0.00%,Stephen C. Dachtera,(Republican),49,AD 34,2025-11-04_22:11:51.531408
ED   28,0.00%,Stephen C. Dachtera,(Conservative),9,AD 34,2025-11-04_22:11:51.531408
ED   28,0.00%,WRITE-IN,&nbsp,2,AD 34,2025-11-04_22:11:51.531408
ED   29,0.00%,Thomas G. Wright-Fernandez,(Democratic),202,AD 34,2025-11-04_22:11:51.531408
ED   29,0.00%,Eve Cho Guillergan,(Democratic),188,AD 34,2025-11-04_22:11:51.531408
ED   29,0.00%,Stephen C. Dachtera,(Republican),104,AD 34,2025-11-04_22:11:51.531408
ED   29,0.00%,Stephen C. Dachtera,(Conservative),10,AD 34,2025-11-04_22:11:51.531408
ED   29,0.00%,WRITE-IN,&nbsp,4,AD 34,2025-11-04_22:11:51.531408
ED   30,0.00%,Thomas G. Wright-Fernandez,(Democratic),228,AD 34,2025-11-04_22:11:51.531408
ED   30,0.00%,Eve Cho Guillergan,(Democratic),204,AD 34,2025-11-04_22:11:51.531408
ED   30,0.00%,Stephen C. Dachtera,(Republican),105,AD 34,2025-11-04_22:11:51.531408
ED   30,0.00%,Stephen C. Dachtera,(Conservative),15,AD 34,2025-11-04_22:11:51.531408
ED   30,0.00%,WRITE-IN,&nbsp,5,AD 34,2025-11-04_22:11:51.531408
ED   31,0.00%,Thomas G. Wright-Fernandez,(Democratic),356,AD 34,2025-11-04_22:11:51.531408
ED   31,0.00%,Eve Cho Guillergan,(Democratic),321,AD 34,2025-11-04_22:11:51.531408
ED   31,0.00%,Stephen C. Dachtera,(Republican),125,AD 34,2025-11-04_22:11:51.531408
ED   31,0.00%,Stephen C. Dachtera,(Conservative),13,AD 34,2025-11-04_22:11:51.531408
ED   31,0.00%,WRITE-IN,&nbsp,7,AD 34,2025-11-04_22:11:51.531408
ED   32,0.00%,Thomas G. Wright-Fernandez,(Democratic),195,AD 34,2025-11-04_22:11:51.531408
ED   32,0.00%,Eve Cho Guillergan,(Democratic),184,AD 34,2025-11-04_22:11:51.531408
ED   32,0.00%,Stephen C. Dachtera,(Republican),81,AD 34,2025-11-04_22:11:51.531408
ED   32,0.00%,Stephen C. Dachtera,(Conservative),14,AD 34,2025-11-04_22:11:51.531408
ED   32,0.00%,WRITE-IN,&nbsp,3,AD 34,2025-11-04_22:11:51.531408
ED   33,0.00%,Thomas G. Wright-Fernandez,(Democratic),137,AD 34,2025-11-04_22:11:51.531408
ED   33,0.00%,Eve Cho Guillergan,(Democratic),138,AD 34,2025-11-04_22:11:51.531408
ED   33,0.00%,Stephen C. Dachtera,(Republican),49,AD 34,2025-11-04_22:11:51.531408
ED   33,0.00%,Stephen C. Dachtera,(Conservative),5,AD 34,2025-11-04_22:11:51.531408
ED   33,0.00%,WRITE-IN,&nbsp,2,AD 34,2025-11-04_22:11:51.531408
ED   34,0.00%,Thomas G. Wright-Fernandez,(Democratic),281,AD 34,2025-11-04_22:11:51.531408
ED   34,0.00%,Eve Cho Guillergan,(Democratic),236,AD 34,2025-11-04_22:11:51.531408
ED   34,0.00%,Stephen C. Dachtera,(Republican),89,AD 34,2025-11-04_22:11:51.531408
ED   34,0.00%,Stephen C. Dachtera,(Conservative),8,AD 34,2025-11-04_22:11:51.531408
ED   34,0.00%,WRITE-IN,&nbsp,1,AD 34,2025-11-04_22:11:51.531408
ED   35,0.00%,Thomas G. Wright-Fernandez,(Democratic),169,AD 34,2025-11-04_22:11:51.531408
ED   35,0.00%,Eve Cho Guillergan,(Democratic),159,AD 34,2025-11-04_22:11:51.531408
ED   35,0.00%,Stephen C. Dachtera,(Republican),65,AD 34,2025-11-04_22:11:51.531408
ED   35,0.00%,Stephen C. Dachtera,(Conservative),7,AD 34,2025-11-04_22:11:51.531408
ED   35,0.00%,WRITE-IN,&nbsp,4,AD 34,2025-11-04_22:11:51.531408
ED   36,0.00%,Thomas G. Wright-Fernandez,(Democratic),364,AD 34,2025-11-04_22:11:51.531408
ED   36,0.00%,Eve Cho Guillergan,(Democratic),361,AD 34,2025-11-04_22:11:51.531408
ED   36,0.00%,Stephen C. Dachtera,(Republican),131,AD 34,2025-11-04_22:11:51.531408
ED   36,0.00%,Stephen C. Dachtera,(Conservative),15,AD 34,2025-11-04_22:11:51.531408
ED   36,0.00%,WRITE-IN,&nbsp,4,AD 34,2025-11-04_22:11:51.531408
ED   37,0.00%,Thomas G. Wright-Fernandez,(Democratic),184,AD 34,2025-11-04_22:11:51.531408
ED   37,0.00%,Eve Cho Guillergan,(Democratic),166,AD 34,2025-11-04_22:11:51.531408
ED   37,0.00%,Stephen C. Dachtera,(Republican),60,AD 34,2025-11-04_22:11:51.531408
ED   37,0.00%,Stephen C. Dachtera,(Conservative),9,AD 34,2025-11-04_22:11:51.531408
ED   37,0.00%,WRITE-IN,&nbsp,1,AD 34,2025-11-04_22:11:51.531408
ED   38,0.00%,Thomas G. Wright-Fernandez,(Democratic),69,AD 34,2025-11-04_22:11:51.531408
ED   38,0.00%,Eve Cho Guillergan,(Democratic),77,AD 34,2025-11-04_22:11:51.531408
ED   38,0.00%,Stephen C. Dachtera,(Republican),15,AD 34,2025-11-04_22:11:51.531408
ED   38,0.00%,Stephen C. Dachtera,(Conservative),2,AD 34,2025-11-04_22:11:51.531408
ED   38,0.00%,WRITE-IN,&nbsp,2,AD 34,2025-11-04_22:11:51.531408
ED   39,0.00%,Thomas G. Wright-Fernandez,(Democratic),406,AD 34,2025-11-04_22:11:51.531408
ED   39,0.00%,Eve Cho Guillergan,(Democratic),375,AD 34,2025-11-04_22:11:51.531408
ED   39,0.00%,Stephen C. Dachtera,(Republican),92,AD 34,2025-11-04_22:11:51.531408
ED   39,0.00%,Stephen C. Dachtera,(Conservative),25,AD 34,2025-11-04_22:11:51.531408
ED   39,0.00%,WRITE-IN,&nbsp,3,AD 34,2025-11-04_22:11:51.531408
ED   40,0.00%,Thomas G. Wright-Fernandez,(Democratic),198,AD 34,2025-11-04_22:11:51.531408
ED   40,0.00%,Eve Cho Guillergan,(Democratic),186,AD 34,2025-11-04_22:11:51.531408
ED   40,0.00%,Stephen C. Dachtera,(Republican),86,AD 34,2025-11-04_22:11:51.531408
ED   40,0.00%,Stephen C. Dachtera,(Conservative),12,AD 34,2025-11-04_22:11:51.531408
ED   40,0.00%,WRITE-IN,&nbsp,3,AD 34,2025-11-04_22:11:51.531408
ED   41,0.00%,Thomas G. Wright-Fernandez,(Democratic),432,AD 34,2025-11-04_22:11:51.531408
ED   41,0.00%,Eve Cho Guillergan,(Democratic),427,AD 34,2025-11-04_22:11:51.531408
ED   41,0.00%,Stephen C. Dachtera,(Republican),137,AD 34,2025-11-04_22:11:51.531408
ED   41,0.00%,Stephen C. Dachtera,(Conservative),8,AD 34,2025-11-04_22:11:51.531408
ED   41,0.00%,WRITE-IN,&nbsp,7,AD 34,2025-11-04_22:11:51.531408
ED   42,0.00%,Thomas G. Wright-Fernandez,(Democratic),276,AD 34,2025-11-04_22:11:51.531408
ED   42,0.00%,Eve Cho Guillergan,(Democratic),265,AD 34,2025-11-04_22:11:51.531408
ED   42,0.00%,Stephen C. Dachtera,(Republican),101,AD 34,2025-11-04_22:11:51.531408
ED   42,0.00%,Stephen C. Dachtera,(Conservative),8,AD 34,2025-11-04_22:11:51.531408
ED   42,0.00%,WRITE-IN,&nbsp,5,AD 34,2025-11-04_22:11:51.531408
ED   43,0.00%,Thomas G. Wright-Fernandez,(Democratic),285,AD 34,2025-11-04_22:11:51.531408
ED   43,0.00%,Eve Cho Guillergan,(Democratic),235,AD 34,2025-11-04_22:11:51.531408
ED   43,0.00%,Stephen C. Dachtera,(Republican),80,AD 34,2025-11-04_22:11:51.531408
ED   43,0.00%,Stephen C. Dachtera,(Conservative),8,AD 34,2025-11-04_22:11:51.531408
ED   43,0.00%,WRITE-IN,&nbsp,-,AD 34,2025-11-04_22:11:51.531408
ED   44,0.00%,Thomas G. Wright-Fernandez,(Democratic),299,AD 34,2025-11-04_22:11:51.531408
ED   44,0.00%,Eve Cho Guillergan,(Democratic),249,AD 34,2025-11-04_22:11:51.531408
ED   44,0.00%,Stephen C. Dachtera,(Republican),105,AD 34,2025-11-04_22:11:51.531408
ED   44,0.00%,Stephen C. Dachtera,(Conservative),22,AD 34,2025-11-04_22:11:51.531408
ED   44,0.00%,WRITE-IN,&nbsp,3,AD 34,2025-11-04_22:11:51.531408
ED   45,0.00%,Thomas G. Wright-Fernandez,(Democratic),141,AD 34,2025-11-04_22:11:51.531408
ED   45,0.00%,Eve Cho Guillergan,(Democratic),118,AD 34,2025-11-04_22:11:51.531408
ED   45,0.00%,Stephen C. Dachtera,(Republican),37,AD 34,2025-11-04_22:11:51.531408
ED   45,0.00%,Stephen C. Dachtera,(Conservative),5,AD 34,2025-11-04_22:11:51.531408
ED   45,0.00%,WRITE-IN,&nbsp,2,AD 34,2025-11-04_22:11:51.531408
ED   46,0.00%,Thomas G. Wright-Fernandez,(Democratic),382,AD 34,2025-11-04_22:11:51.531408
ED   46,0.00%,Eve Cho Guillergan,(Democratic),369,AD 34,2025-11-04_22:11:51.531408
ED   46,0.00%,Stephen C. Dachtera,(Republican),137,AD 34,2025-11-04_22:11:51.531408
ED   46,0.00%,Stephen C. Dachtera,(Conservative),13,AD 34,2025-11-04_22:11:51.531408
ED   46,0.00%,WRITE-IN,&nbsp,1,AD 34,2025-11-04_22:11:51.531408
ED   47,0.00%,Thomas G. Wright-Fernandez,(Democratic),330,AD 34,2025-11-04_22:11:51.531408
ED   47,0.00%,Eve Cho Guillergan,(Democratic),317,AD 34,2025-11-04_22:11:51.531408
ED   47,0.00%,Stephen C. Dachtera,(Republican),147,AD 34,2025-11-04_22:11:51.531408
ED   47,0.00%,Stephen C. Dachtera,(Conservative),22,AD 34,2025-11-04_22:11:51.531408
ED   47,0.00%,WRITE-IN,&nbsp,4,AD 34,2025-11-04_22:11:51.531408
ED   48,0.00%,Thomas G. Wright-Fernandez,(Democratic),235,AD 34,2025-11-04_22:11:51.531408
ED   48,0.00%,Eve Cho Guillergan,(Democratic),214,AD 34,2025-11-04_22:11:51.531408
ED   48,0.00%,Stephen C. Dachtera,(Republican),64,AD 34,2025-11-04_22:11:51.531408
ED   48,0.00%,Stephen C. Dachtera,(Conservative),8,AD 34,2025-11-04_22:11:51.531408
ED   48,0.00%,WRITE-IN,&nbsp,4,AD 34,2025-11-04_22:11:51.531408
ED   49,0.00%,Thomas G. Wright-Fernandez,(Democratic),419,AD 34,2025-11-04_22:11:51.531408
ED   49,0.00%,Eve Cho Guillergan,(Democratic),403,AD 34,2025-11-04_22:11:51.531408
ED   49,0.00%,Stephen C. Dachtera,(Republican),125,AD 34,2025-11-04_22:11:51.531408
ED   49,0.00%,Stephen C. Dachtera,(Conservative),20,AD 34,2025-11-04_22:11:51.531408
ED   49,0.00%,WRITE-IN,&nbsp,3,AD 34,2025-11-04_22:11:51.531408
ED   50,0.00%,Thomas G. Wright-Fernandez,(Democratic),62,AD 34,2025-11-04_22:11:51.531408
ED   50,0.00%,Eve Cho Guillergan,(Democratic),51,AD 34,2025-11-04_22:11:51.531408
ED   50,0.00%,Stephen C. Dachtera,(Republican),22,AD 34,2025-11-04_22:11:51.531408
ED   50,0.00%,Stephen C. Dachtera,(Conservative),5,AD 34,2025-11-04_22:11:51.531408
ED   50,0.00%,WRITE-IN,&nbsp,-,AD 34,2025-11-04_22:11:51.531408
ED   51,0.00%,Thomas G. Wright-Fernandez,(Democratic),325,AD 34,2025-11-04_22:11:51.531408
ED   51,0.00%,Eve Cho Guillergan,(Democratic),301,AD 34,2025-11-04_22:11:51.531408
ED   51,0.00%,Stephen C. Dachtera,(Republican),105,AD 34,2025-11-04_22:11:51.531408
ED   51,0.00%,Stephen C. Dachtera,(Conservative),15,AD 34,2025-11-04_22:11:51.531408
ED   51,0.00%,WRITE-IN,&nbsp,9,AD 34,2025-11-04_22:11:51.531408
ED   52,0.00%,Thomas G. Wright-Fernandez,(Democratic),385,AD 34,2025-11-04_22:11:51.531408
ED   52,0.00%,Eve Cho Guillergan,(Democratic),357,AD 34,2025-11-04_22:11:51.531408
ED   52,0.00%,Stephen C. Dachtera,(Republican),105,AD 34,2025-11-04_22:11:51.531408
ED   52,0.00%,Stephen C. Dachtera,(Conservative),13,AD 34,2025-11-04_22:11:51.531408
ED   52,0.00%,WRITE-IN,&nbsp,2,AD 34,2025-11-04_22:11:51.531408
ED   53,0.00%,Thomas G. Wright-Fernandez,(Democratic),3,AD 34,2025-11-04_22:11:51.531408
ED   53,0.00%,Eve Cho Guillergan,(Democratic),3,AD 34,2025-11-04_22:11:51.531408
ED   53,0.00%,Stephen C. Dachtera,(Republican),-,AD 34,2025-11-04_22:11:51.531408
ED   53,0.00%,Stephen C. Dachtera,(Conservative),-,AD 34,2025-11-04_22:11:51.531408
ED   53,0.00%,WRITE-IN,&nbsp,-,AD 34,2025-11-04_22:11:51.531408
ED   54,0.00%,Thomas G. Wright-Fernandez,(Democratic),195,AD 34,2025-11-04_22:11:51.531408
ED   54,0.00%,Eve Cho Guillergan,(Democratic),185,AD 34,2025-11-04_22:11:51.531408
ED   54,0.00%,Stephen C. Dachtera,(Republican),87,AD 34,2025-11-04_22:11:51.531408
ED   54,0.00%,Stephen C. Dachtera,(Conservative),16,AD 34,2025-11-04_22:11:51.531408
ED   54,0.00%,WRITE-IN,&nbsp,7,AD 34,2025-11-04_22:11:51.531408
ED   55,0.00%,Thomas G. Wright-Fernandez,(Democratic),95,AD 34,2025-11-04_22:11:51.531408
ED   55,0.00%,Eve Cho Guillergan,(Democratic),71,AD 34,2025-11-04_22:11:51.531408
ED   55,0.00%,Stephen C. Dachtera,(Republican),21,AD 34,2025-11-04_22:11:51.531408
ED   55,0.00%,Stephen C. Dachtera,(Conservative),2,AD 34,2025-11-04_22:11:51.531408
ED   55,0.00%,WRITE-IN,&nbsp,-,AD 34,2025-11-04_22:11:51.531408
ED   56,0.00%,Thomas G. Wright-Fernandez,(Democratic),224,AD 34,2025-11-04_22:11:51.531408
ED   56,0.00%,Eve Cho Guillergan,(Democratic),165,AD 34,2025-11-04_22:11:51.531408
ED   56,0.00%,Stephen C. Dachtera,(Republican),79,AD 34,2025-11-04_22:11:51.531408
ED   56,0.00%,Stephen C. Dachtera,(Conservative),14,AD 34,2025-11-04_22:11:51.531408
ED   56,0.00%,WRITE-IN,&nbsp,1,AD 34,2025-11-04_22:11:51.531408
ED   57,0.00%,Thomas G. Wright-Fernandez,(Democratic),13,AD 34,2025-11-04_22:11:51.531408
ED   57,0.00%,Eve Cho Guillergan,(Democratic),14,AD 34,2025-11-04_22:11:51.531408
ED   57,0.00%,Stephen C. Dachtera,(Republican),8,AD 34,2025-11-04_22:11:51.531408
ED   57,0.00%,Stephen C. Dachtera,(Conservative),1,AD 34,2025-11-04_22:11:51.531408
ED   57,0.00%,WRITE-IN,&nbsp,-,AD 34,2025-11-04_22:11:51.531408
ED   59,0.00%,Thomas G. Wright-Fernandez,(Democratic),-,AD 34,2025-11-04_22:11:51.531408
ED   59,0.00%,Eve Cho Guillergan,(Democratic),-,AD 34,2025-11-04_22:11:51.531408
ED   59,0.00%,Stephen C. Dachtera,(Republican),-,AD 34,2025-11-04_22:11:51.531408
ED   59,0.00%,Stephen C. Dachtera,(Conservative),-,AD 34,2025-11-04_22:11:51.531408
ED   59,0.00%,WRITE-IN,&nbsp,-,AD 34,2025-11-04_22:11:51.531408
Total,,Thomas G. Wright-Fernandez,(Democratic),8188,AD 34,2025-11-04_22:11:51.531408
Total,,Eve Cho Guillergan,(Democratic),7514,AD 34,2025-11-04_22:11:51.531408
Total,,Stephen C. Dachtera,(Republican),2902,AD 34,2025-11-04_22:11:51.531408
Total,,Stephen C. Dachtera,(Conservative),381,AD 34,2025-11-04_22:11:51.531408
Total,,WRITE-IN,&nbsp,104,AD 34,2025-11-04_22:11:51.531408
ED    1,0.00%,Thomas G. Wright-Fernandez,(Democratic),190,AD 35,2025-11-04_22:11:51.531408
ED    1,0.00%,Eve Cho Guillergan,(Democratic),201,AD 35,2025-11-04_22:11:51.531408
ED    1,0.00%,Stephen C. Dachtera,(Republican),166,AD 35,2025-11-04_22:11:51.531408
ED    1,0.00%,Stephen C. Dachtera,(Conservative),15,AD 35,2025-11-04_22:11:51.531408
ED    1,0.00%,WRITE-IN,&nbsp,6,AD 35,2025-11-04_22:11:51.531408
ED    2,0.00%,Thomas G. Wright-Fernandez,(Democratic),174,AD 35,2025-11-04_22:11:51.531408
ED    2,0.00%,Eve Cho Guillergan,(Democratic),170,AD 35,2025-11-04_22:11:51.531408
ED    2,0.00%,Stephen C. Dachtera,(Republican),86,AD 35,2025-11-04_22:11:51.531408
ED    2,0.00%,Stephen C. Dachtera,(Conservative),13,AD 35,2025-11-04_22:11:51.531408
ED    2,0.00%,WRITE-IN,&nbsp,2,AD 35,2025-11-04_22:11:51.531408
ED    3,0.00%,Thomas G. Wright-Fernandez,(Democratic),183,AD 35,2025-11-04_22:11:51.531408
ED    3,0.00%,Eve Cho Guillergan,(Democratic),148,AD 35,2025-11-04_22:11:51.531408
ED    3,0.00%,Stephen C. Dachtera,(Republican),48,AD 35,2025-11-04_22:11:51.531408
ED    3,0.00%,Stephen C. Dachtera,(Conservative),7,AD 35,2025-11-04_22:11:51.531408
ED    3,0.00%,WRITE-IN,&nbsp,4,AD 35,2025-11-04_22:11:51.531408
ED    4,0.00%,Thomas G. Wright-Fernandez,(Democratic),223,AD 35,2025-11-04_22:11:51.531408
ED    4,0.00%,Eve Cho Guillergan,(Democratic),184,AD 35,2025-11-04_22:11:51.531408
ED    4,0.00%,Stephen C. Dachtera,(Republican),55,AD 35,2025-11-04_22:11:51.531408
ED    4,0.00%,Stephen C. Dachtera,(Conservative),12,AD 35,2025-11-04_22:11:51.531408
ED    4,0.00%,WRITE-IN,&nbsp,-,AD 35,2025-11-04_22:11:51.531408
ED    5,0.00%,Thomas G. Wright-Fernandez,(Democratic),236,AD 35,2025-11-04_22:11:51.531408
ED    5,0.00%,Eve Cho Guillergan,(Democratic),206,AD 35,2025-11-04_22:11:51.531408
ED    5,0.00%,Stephen C. Dachtera,(Republican),61,AD 35,2025-11-04_22:11:51.531408
ED    5,0.00%,Stephen C. Dachtera,(Conservative),15,AD 35,2025-11-04_22:11:51.531408
ED    5,0.00%,WRITE-IN,&nbsp,3,AD 35,2025-11-04_22:11:51.531408
ED    6,0.00%,Thomas G. Wright-Fernandez,(Democratic),287,AD 35,2025-11-04_22:11:51.531408
ED    6,0.00%,Eve Cho Guillergan,(Democratic),241,AD 35,2025-11-04_22:11:51.531408
ED    6,0.00%,Stephen C. Dachtera,(Republican),56,AD 35,2025-11-04_22:11:51.531408
ED    6,0.00%,Stephen C. Dachtera,(Conservative),6,AD 35,2025-11-04_22:11:51.531408
ED    6,0.00%,WRITE-IN,&nbsp,3,AD 35,2025-11-04_22:11:51.531408
ED    7,0.00%,Thomas G. Wright-Fernandez,(Democratic),364,AD 35,2025-11-04_22:11:51.531408
ED    7,0.00%,Eve Cho Guillergan,(Democratic),308,AD 35,2025-11-04_22:11:51.531408
ED    7,0.00%,Stephen C. Dachtera,(Republican),98,AD 35,2025-11-04_22:11:51.531408
ED    7,0.00%,Stephen C. Dachtera,(Conservative),18,AD 35,2025-11-04_22:11:51.531408
ED    7,0.00%,WRITE-IN,&nbsp,3,AD 35,2025-11-04_22:11:51.531408
ED    8,0.00%,Thomas G. Wright-Fernandez,(Democratic),353,AD 35,2025-11-04_22:11:51.531408
ED    8,0.00%,Eve Cho Guillergan,(Democratic),325,AD 35,2025-11-04_22:11:51.531408
ED    8,0.00%,Stephen C. Dachtera,(Republican),67,AD 35,2025-11-04_22:11:51.531408
ED    8,0.00%,Stephen C. Dachtera,(Conservative),18,AD 35,2025-11-04_22:11:51.531408
ED    8,0.00%,WRITE-IN,&nbsp,4,AD 35,2025-11-04_22:11:51.531408
ED    9,0.00%,Thomas G. Wright-Fernandez,(Democratic),255,AD 35,2025-11-04_22:11:51.531408
ED    9,0.00%,Eve Cho Guillergan,(Democratic),276,AD 35,2025-11-04_22:11:51.531408
ED    9,0.00%,Stephen C. Dachtera,(Republican),218,AD 35,2025-11-04_22:11:51.531408
ED    9,0.00%,Stephen C. Dachtera,(Conservative),19,AD 35,2025-11-04_22:11:51.531408
ED    9,0.00%,WRITE-IN,&nbsp,4,AD 35,2025-11-04_22:11:51.531408
ED   10,0.00%,Thomas G. Wright-Fernandez,(Democratic),156,AD 35,2025-11-04_22:11:51.531408
ED   10,0.00%,Eve Cho Guillergan,(Democratic),128,AD 35,2025-11-04_22:11:51.531408
ED   10,0.00%,Stephen C. Dachtera,(Republican),45,AD 35,2025-11-04_22:11:51.531408
ED   10,0.00%,Stephen C. Dachtera,(Conservative),6,AD 35,2025-11-04_22:11:51.531408
ED   10,0.00%,WRITE-IN,&nbsp,2,AD 35,2025-11-04_22:11:51.531408
ED   11,0.00%,Thomas G. Wright-Fernandez,(Democratic),196,AD 35,2025-11-04_22:11:51.531408
ED   11,0.00%,Eve Cho Guillergan,(Democratic),163,AD 35,2025-11-04_22:11:51.531408
ED   11,0.00%,Stephen C. Dachtera,(Republican),44,AD 35,2025-11-04_22:11:51.531408
ED   11,0.00%,Stephen C. Dachtera,(Conservative),-,AD 35,2025-11-04_22:11:51.531408
ED   11,0.00%,WRITE-IN,&nbsp,-,AD 35,2025-11-04_22:11:51.531408
ED   12,0.00%,Thomas G. Wright-Fernandez,(Democratic),277,AD 35,2025-11-04_22:11:51.531408
ED   12,0.00%,Eve Cho Guillergan,(Democratic),231,AD 35,2025-11-04_22:11:51.531408
ED   12,0.00%,Stephen C. Dachtera,(Republican),62,AD 35,2025-11-04_22:11:51.531408
ED   12,0.00%,Stephen C. Dachtera,(Conservative),7,AD 35,2025-11-04_22:11:51.531408
ED   12,0.00%,WRITE-IN,&nbsp,3,AD 35,2025-11-04_22:11:51.531408
ED   13,0.00%,Thomas G. Wright-Fernandez,(Democratic),280,AD 35,2025-11-04_22:11:51.531408
ED   13,0.00%,Eve Cho Guillergan,(Democratic),219,AD 35,2025-11-04_22:11:51.531408
ED   13,0.00%,Stephen C. Dachtera,(Republican),53,AD 35,2025-11-04_22:11:51.531408
ED   13,0.00%,Stephen C. Dachtera,(Conservative),6,AD 35,2025-11-04_22:11:51.531408
ED   13,0.00%,WRITE-IN,&nbsp,-,AD 35,2025-11-04_22:11:51.531408
ED   14,0.00%,Thomas G. Wright-Fernandez,(Democratic),303,AD 35,2025-11-04_22:11:51.531408
ED   14,0.00%,Eve Cho Guillergan,(Democratic),245,AD 35,2025-11-04_22:11:51.531408
ED   14,0.00%,Stephen C. Dachtera,(Republican),63,AD 35,2025-11-04_22:11:51.531408
ED   14,0.00%,Stephen C. Dachtera,(Conservative),16,AD 35,2025-11-04_22:11:51.531408
ED   14,0.00%,WRITE-IN,&nbsp,4,AD 35,2025-11-04_22:11:51.531408
ED   15,0.00%,Thomas G. Wright-Fernandez,(Democratic),249,AD 35,2025-11-04_22:11:51.531408
ED   15,0.00%,Eve Cho Guillergan,(Democratic),199,AD 35,2025-11-04_22:11:51.531408
ED   15,0.00%,Stephen C. Dachtera,(Republican),38,AD 35,2025-11-04_22:11:51.531408
ED   15,0.00%,Stephen C. Dachtera,(Conservative),12,AD 35,2025-11-04_22:11:51.531408
ED   15,0.00%,WRITE-IN,&nbsp,2,AD 35,2025-11-04_22:11:51.531408
ED   16,0.00%,Thomas G. Wright-Fernandez,(Democratic),330,AD 35,2025-11-04_22:11:51.531408
ED   16,0.00%,Eve Cho Guillergan,(Democratic),292,AD 35,2025-11-04_22:11:51.531408
ED   16,0.00%,Stephen C. Dachtera,(Republican),71,AD 35,2025-11-04_22:11:51.531408
ED   16,0.00%,Stephen C. Dachtera,(Conservative),7,AD 35,2025-11-04_22:11:51.531408
ED   16,0.00%,WRITE-IN,&nbsp,-,AD 35,2025-11-04_22:11:51.531408
ED   17,0.00%,Thomas G. Wright-Fernandez,(Democratic),217,AD 35,2025-11-04_22:11:51.531408
ED   17,0.00%,Eve Cho Guillergan,(Democratic),171,AD 35,2025-11-04_22:11:51.531408
ED   17,0.00%,Stephen C. Dachtera,(Republican),87,AD 35,2025-11-04_22:11:51.531408
ED   17,0.00%,Stephen C. Dachtera,(Conservative),12,AD 35,2025-11-04_22:11:51.531408
ED   17,0.00%,WRITE-IN,&nbsp,-,AD 35,2025-11-04_22:11:51.531408
ED   18,0.00%,Thomas G. Wright-Fernandez,(Democratic),107,AD 35,2025-11-04_22:11:51.531408
ED   18,0.00%,Eve Cho Guillergan,(Democratic),98,AD 35,2025-11-04_22:11:51.531408
ED   18,0.00%,Stephen C. Dachtera,(Republican),48,AD 35,2025-11-04_22:11:51.531408
ED   18,0.00%,Stephen C. Dachtera,(Conservative),7,AD 35,2025-11-04_22:11:51.531408
ED   18,0.00%,WRITE-IN,&nbsp,2,AD 35,2025-11-04_22:11:51.531408
ED   19,0.00%,Thomas G. Wright-Fernandez,(Democratic),133,AD 35,2025-11-04_22:11:51.531408
ED   19,0.00%,Eve Cho Guillergan,(Democratic),115,AD 35,2025-11-04_22:11:51.531408
ED   19,0.00%,Stephen C. Dachtera,(Republican),39,AD 35,2025-11-04_22:11:51.531408
ED   19,0.00%,Stephen C. Dachtera,(Conservative),11,AD 35,2025-11-04_22:11:51.531408
ED   19,0.00%,WRITE-IN,&nbsp,1,AD 35,2025-11-04_22:11:51.531408
ED   20,0.00%,Thomas G. Wright-Fernandez,(Democratic),90,AD 35,2025-11-04_22:11:51.531408
ED   20,0.00%,Eve Cho Guillergan,(Democratic),69,AD 35,2025-11-04_22:11:51.531408
ED   20,0.00%,Stephen C. Dachtera,(Republican),27,AD 35,2025-11-04_22:11:51.531408
ED   20,0.00%,Stephen C. Dachtera,(Conservative),4,AD 35,2025-11-04_22:11:51.531408
ED   20,0.00%,WRITE-IN,&nbsp,-,AD 35,2025-11-04_22:11:51.531408
ED   22,0.00%,Thomas G. Wright-Fernandez,(Democratic),222,AD 35,2025-11-04_22:11:51.531408
ED   22,0.00%,Eve Cho Guillergan,(Democratic),185,AD 35,2025-11-04_22:11:51.531408
ED   22,0.00%,Stephen C. Dachtera,(Republican),72,AD 35,2025-11-04_22:11:51.531408
ED   22,0.00%,Stephen C. Dachtera,(Conservative),10,AD 35,2025-11-04_22:11:51.531408
ED   22,0.00%,WRITE-IN,&nbsp,1,AD 35,2025-11-04_22:11:51.531408
ED   23,0.00%,Thomas G. Wright-Fernandez,(Democratic),159,AD 35,2025-11-04_22:11:51.531408
ED   23,0.00%,Eve Cho Guillergan,(Democratic),125,AD 35,2025-11-04_22:11:51.531408
ED   23,0.00%,Stephen C. Dachtera,(Republican),67,AD 35,2025-11-04_22:11:51.531408
ED   23,0.00%,Stephen C. Dachtera,(Conservative),11,AD 35,2025-11-04_22:11:51.531408
ED   23,0.00%,WRITE-IN,&nbsp,-,AD 35,2025-11-04_22:11:51.531408
ED   24,0.00%,Thomas G. Wright-Fernandez,(Democratic),185,AD 35,2025-11-04_22:11:51.531408
ED   24,0.00%,Eve Cho Guillergan,(Democratic),141,AD 35,2025-11-04_22:11:51.531408
ED   24,0.00%,Stephen C. Dachtera,(Republican),57,AD 35,2025-11-04_22:11:51.531408
ED   24,0.00%,Stephen C. Dachtera,(Conservative),12,AD 35,2025-11-04_22:11:51.531408
ED   24,0.00%,WRITE-IN,&nbsp,-,AD 35,2025-11-04_22:11:51.531408
ED   25,0.00%,Thomas G. Wright-Fernandez,(Democratic),274,AD 35,2025-11-04_22:11:51.531408
ED   25,0.00%,Eve Cho Guillergan,(Democratic),255,AD 35,2025-11-04_22:11:51.531408
ED   25,0.00%,Stephen C. Dachtera,(Republican),79,AD 35,2025-11-04_22:11:51.531408
ED   25,0.00%,Stephen C. Dachtera,(Conservative),10,AD 35,2025-11-04_22:11:51.531408
ED   25,0.00%,WRITE-IN,&nbsp,2,AD 35,2025-11-04_22:11:51.531408
ED   26,0.00%,Thomas G. Wright-Fernandez,(Democratic),280,AD 35,2025-11-04_22:11:51.531408
ED   26,0.00%,Eve Cho Guillergan,(Democratic),234,AD 35,2025-11-04_22:11:51.531408
ED   26,0.00%,Stephen C. Dachtera,(Republican),65,AD 35,2025-11-04_22:11:51.531408
ED   26,0.00%,Stephen C. Dachtera,(Conservative),10,AD 35,2025-11-04_22:11:51.531408
ED   26,0.00%,WRITE-IN,&nbsp,3,AD 35,2025-11-04_22:11:51.531408
ED   27,0.00%,Thomas G. Wright-Fernandez,(Democratic),65,AD 35,2025-11-04_22:11:51.531408
ED   27,0.00%,Eve Cho Guillergan,(Democratic),65,AD 35,2025-11-04_22:11:51.531408
ED   27,0.00%,Stephen C. Dachtera,(Republican),25,AD 35,2025-11-04_22:11:51.531408
ED   27,0.00%,Stephen C. Dachtera,(Conservative),3,AD 35,2025-11-04_22:11:51.531408
ED   27,0.00%,WRITE-IN,&nbsp,-,AD 35,2025-11-04_22:11:51.531408
ED   28,0.00%,Thomas G. Wright-Fernandez,(Democratic),37,AD 35,2025-11-04_22:11:51.531408
ED   28,0.00%,Eve Cho Guillergan,(Democratic),45,AD 35,2025-11-04_22:11:51.531408
ED   28,0.00%,Stephen C. Dachtera,(Republican),23,AD 35,2025-11-04_22:11:51.531408
ED   28,0.00%,Stephen C. Dachtera,(Conservative),-,AD 35,2025-11-04_22:11:51.531408
ED   28,0.00%,WRITE-IN,&nbsp,-,AD 35,2025-11-04_22:11:51.531408
ED   29,0.00%,Thomas G. Wright-Fernandez,(Democratic),156,AD 35,2025-11-04_22:11:51.531408
ED   29,0.00%,Eve Cho Guillergan,(Democratic),125,AD 35,2025-11-04_22:11:51.531408
ED   29,0.00%,Stephen C. Dachtera,(Republican),52,AD 35,2025-11-04_22:11:51.531408
ED   29,0.00%,Stephen C. Dachtera,(Conservative),5,AD 35,2025-11-04_22:11:51.531408
ED   29,0.00%,WRITE-IN,&nbsp,1,AD 35,2025-11-04_22:11:51.531408
ED   30,0.00%,Thomas G. Wright-Fernandez,(Democratic),284,AD 35,2025-11-04_22:11:51.531408
ED   30,0.00%,Eve Cho Guillergan,(Democratic),303,AD 35,2025-11-04_22:11:51.531408
ED   30,0.00%,Stephen C. Dachtera,(Republican),104,AD 35,2025-11-04_22:11:51.531408
ED   30,0.00%,Stephen C. Dachtera,(Conservative),16,AD 35,2025-11-04_22:11:51.531408
ED   30,0.00%,WRITE-IN,&nbsp,2,AD 35,2025-11-04_22:11:51.531408
ED   31,0.00%,Thomas G. Wright-Fernandez,(Democratic),166,AD 35,2025-11-04_22:11:51.531408
ED   31,0.00%,Eve Cho Guillergan,(Democratic),174,AD 35,2025-11-04_22:11:51.531408
ED   31,0.00%,Stephen C. Dachtera,(Republican),152,AD 35,2025-11-04_22:11:51.531408
ED   31,0.00%,Stephen C. Dachtera,(Conservative),21,AD 35,2025-11-04_22:11:51.531408
ED   31,0.00%,WRITE-IN,&nbsp,-,AD 35,2025-11-04_22:11:51.531408
ED   32,0.00%,Thomas G. Wright-Fernandez,(Democratic),285,AD 35,2025-11-04_22:11:51.531408
ED   32,0.00%,Eve Cho Guillergan,(Democratic),247,AD 35,2025-11-04_22:11:51.531408
ED   32,0.00%,Stephen C. Dachtera,(Republican),48,AD 35,2025-11-04_22:11:51.531408
ED   32,0.00%,Stephen C. Dachtera,(Conservative),5,AD 35,2025-11-04_22:11:51.531408
ED   32,0.00%,WRITE-IN,&nbsp,2,AD 35,2025-11-04_22:11:51.531408
ED   33,0.00%,Thomas G. Wright-Fernandez,(Democratic),274,AD 35,2025-11-04_22:11:51.531408
ED   33,0.00%,Eve Cho Guillergan,(Democratic),238,AD 35,2025-11-04_22:11:51.531408
ED   33,0.00%,Stephen C. Dachtera,(Republican),45,AD 35,2025-11-04_22:11:51.531408
ED   33,0.00%,Stephen C. Dachtera,(Conservative),6,AD 35,2025-11-04_22:11:51.531408
ED   33,0.00%,WRITE-IN,&nbsp,-,AD 35,2025-11-04_22:11:51.531408
ED   34,0.00%,Thomas G. Wright-Fernandez,(Democratic),253,AD 35,2025-11-04_22:11:51.531408
ED   34,0.00%,Eve Cho Guillergan,(Democratic),214,AD 35,2025-11-04_22:11:51.531408
ED   34,0.00%,Stephen C. Dachtera,(Republican),55,AD 35,2025-11-04_22:11:51.531408
ED   34,0.00%,Stephen C. Dachtera,(Conservative),9,AD 35,2025-11-04_22:11:51.531408
ED   34,0.00%,WRITE-IN,&nbsp,-,AD 35,2025-11-04_22:11:51.531408
ED   35,0.00%,Thomas G. Wright-Fernandez,(Democratic),264,AD 35,2025-11-04_22:11:51.531408
ED   35,0.00%,Eve Cho Guillergan,(Democratic),233,AD 35,2025-11-04_22:11:51.531408
ED   35,0.00%,Stephen C. Dachtera,(Republican),66,AD 35,2025-11-04_22:11:51.531408
ED   35,0.00%,Stephen C. Dachtera,(Conservative),2,AD 35,2025-11-04_22:11:51.531408
ED   35,0.00%,WRITE-IN,&nbsp,-,AD 35,2025-11-04_22:11:51.531408
ED   36,0.00%,Thomas G. Wright-Fernandez,(Democratic),239,AD 35,2025-11-04_22:11:51.531408
ED   36,0.00%,Eve Cho Guillergan,(Democratic),217,AD 35,2025-11-04_22:11:51.531408
ED   36,0.00%,Stephen C. Dachtera,(Republican),67,AD 35,2025-11-04_22:11:51.531408
ED   36,0.00%,Stephen C. Dachtera,(Conservative),13,AD 35,2025-11-04_22:11:51.531408
ED   36,0.00%,WRITE-IN,&nbsp,1,AD 35,2025-11-04_22:11:51.531408
ED   37,0.00%,Thomas G. Wright-Fernandez,(Democratic),163,AD 35,2025-11-04_22:11:51.531408
ED   37,0.00%,Eve Cho Guillergan,(Democratic),168,AD 35,2025-11-04_22:11:51.531408
ED   37,0.00%,Stephen C. Dachtera,(Republican),83,AD 35,2025-11-04_22:11:51.531408
ED   37,0.00%,Stephen C. Dachtera,(Conservative),14,AD 35,2025-11-04_22:11:51.531408
ED   37,0.00%,WRITE-IN,&nbsp,1,AD 35,2025-11-04_22:11:51.531408
ED   38,0.00%,Thomas G. Wright-Fernandez,(Democratic),217,AD 35,2025-11-04_22:11:51.531408
ED   38,0.00%,Eve Cho Guillergan,(Democratic),236,AD 35,2025-11-04_22:11:51.531408
ED   38,0.00%,Stephen C. Dachtera,(Republican),177,AD 35,2025-11-04_22:11:51.531408
ED   38,0.00%,Stephen C. Dachtera,(Conservative),18,AD 35,2025-11-04_22:11:51.531408
ED   38,0.00%,WRITE-IN,&nbsp,1,AD 35,2025-11-04_22:11:51.531408
ED   39,0.00%,Thomas G. Wright-Fernandez,(Democratic),265,AD 35,2025-11-04_22:11:51.531408
ED   39,0.00%,Eve Cho Guillergan,(Democratic),260,AD 35,2025-11-04_22:11:51.531408
ED   39,0.00%,Stephen C. Dachtera,(Republican),210,AD 35,2025-11-04_22:11:51.531408
ED   39,0.00%,Stephen C. Dachtera,(Conservative),27,AD 35,2025-11-04_22:11:51.531408
ED   39,0.00%,WRITE-IN,&nbsp,5,AD 35,2025-11-04_22:11:51.531408
ED   40,0.00%,Thomas G. Wright-Fernandez,(Democratic),213,AD 35,2025-11-04_22:11:51.531408
ED   40,0.00%,Eve Cho Guillergan,(Democratic),238,AD 35,2025-11-04_22:11:51.531408
ED   40,0.00%,Stephen C. Dachtera,(Republican),184,AD 35,2025-11-04_22:11:51.531408
ED   40,0.00%,Stephen C. Dachtera,(Conservative),15,AD 35,2025-11-04_22:11:51.531408
ED   40,0.00%,WRITE-IN,&nbsp,4,AD 35,2025-11-04_22:11:51.531408
ED   41,0.00%,Thomas G. Wright-Fernandez,(Democratic),241,AD 35,2025-11-04_22:11:51.531408
ED   41,0.00%,Eve Cho Guillergan,(Democratic),241,AD 35,2025-11-04_22:11:51.531408
ED   41,0.00%,Stephen C. Dachtera,(Republican),246,AD 35,2025-11-04_22:11:51.531408
ED   41,0.00%,Stephen C. Dachtera,(Conservative),13,AD 35,2025-11-04_22:11:51.531408
ED   41,0.00%,WRITE-IN,&nbsp,-,AD 35,2025-11-04_22:11:51.531408
ED   42,0.00%,Thomas G. Wright-Fernandez,(Democratic),271,AD 35,2025-11-04_22:11:51.531408
ED   42,0.00%,Eve Cho Guillergan,(Democratic),282,AD 35,2025-11-04_22:11:51.531408
ED   42,0.00%,Stephen C. Dachtera,(Republican),319,AD 35,2025-11-04_22:11:51.531408
ED   42,0.00%,Stephen C. Dachtera,(Conservative),24,AD 35,2025-11-04_22:11:51.531408
ED   42,0.00%,WRITE-IN,&nbsp,3,AD 35,2025-11-04_22:11:51.531408
ED   43,0.00%,Thomas G. Wright-Fernandez,(Democratic),91,AD 35,2025-11-04_22:11:51.531408
ED   43,0.00%,Eve Cho Guillergan,(Democratic),101,AD 35,2025-11-04_22:11:51.531408
ED   43,0.00%,Stephen C. Dachtera,(Republican),104,AD 35,2025-11-04_22:11:51.531408
ED   43,0.00%,Stephen C. Dachtera,(Conservative),8,AD 35,2025-11-04_22:11:51.531408
ED   43,0.00%,WRITE-IN,&nbsp,2,AD 35,2025-11-04_22:11:51.531408
ED   44,0.00%,Thomas G. Wright-Fernandez,(Democratic),164,AD 35,2025-11-04_22:11:51.531408
ED   44,0.00%,Eve Cho Guillergan,(Democratic),145,AD 35,2025-11-04_22:11:51.531408
ED   44,0.00%,Stephen C. Dachtera,(Republican),45,AD 35,2025-11-04_22:11:51.531408
ED   44,0.00%,Stephen C. Dachtera,(Conservative),6,AD 35,2025-11-04_22:11:51.531408
ED   44,0.00%,WRITE-IN,&nbsp,4,AD 35,2025-11-04_22:11:51.531408
ED   45,0.00%,Thomas G. Wright-Fernandez,(Democratic),134,AD 35,2025-11-04_22:11:51.531408
ED   45,0.00%,Eve Cho Guillergan,(Democratic),149,AD 35,2025-11-04_22:11:51.531408
ED   45,0.00%,Stephen C. Dachtera,(Republican),165,AD 35,2025-11-04_22:11:51.531408
ED   45,0.00%,Stephen C. Dachtera,(Conservative),15,AD 35,2025-11-04_22:11:51.531408
ED   45,0.00%,WRITE-IN,&nbsp,2,AD 35,2025-11-04_22:11:51.531408
ED   46,0.00%,Thomas G. Wright-Fernandez,(Democratic),112,AD 35,2025-11-04_22:11:51.531408
ED   46,0.00%,Eve Cho Guillergan,(Democratic),102,AD 35,2025-11-04_22:11:51.531408
ED   46,0.00%,Stephen C. Dachtera,(Republican),53,AD 35,2025-11-04_22:11:51.531408
ED   46,0.00%,Stephen C. Dachtera,(Conservative),7,AD 35,2025-11-04_22:11:51.531408
ED   46,0.00%,WRITE-IN,&nbsp,3,AD 35,2025-11-04_22:11:51.531408
ED   47,0.00%,Thomas G. Wright-Fernandez,(Democratic),-,AD 35,2025-11-04_22:11:51.531408
ED   47,0.00%,Eve Cho Guillergan,(Democratic),-,AD 35,2025-11-04_22:11:51.531408
ED   47,0.00%,Stephen C. Dachtera,(Republican),-,AD 35,2025-11-04_22:11:51.531408
ED   47,0.00%,Stephen C. Dachtera,(Conservative),-,AD 35,2025-11-04_22:11:51.531408
ED   47,0.00%,WRITE-IN,&nbsp,-,AD 35,2025-11-04_22:11:51.531408
ED   48,0.00%,Thomas G. Wright-Fernandez,(Democratic),60,AD 35,2025-11-04_22:11:51.531408
ED   48,0.00%,Eve Cho Guillergan,(Democratic),52,AD 35,2025-11-04_22:11:51.531408
ED   48,0.00%,Stephen C. Dachtera,(Republican),13,AD 35,2025-11-04_22:11:51.531408
ED   48,0.00%,Stephen C. Dachtera,(Conservative),2,AD 35,2025-11-04_22:11:51.531408
ED   48,0.00%,WRITE-IN,&nbsp,-,AD 35,2025-11-04_22:11:51.531408
ED   49,0.00%,Thomas G. Wright-Fernandez,(Democratic),196,AD 35,2025-11-04_22:11:51.531408
ED   49,0.00%,Eve Cho Guillergan,(Democratic),198,AD 35,2025-11-04_22:11:51.531408
ED   49,0.00%,Stephen C. Dachtera,(Republican),162,AD 35,2025-11-04_22:11:51.531408
ED   49,0.00%,Stephen C. Dachtera,(Conservative),22,AD 35,2025-11-04_22:11:51.531408
ED   49,0.00%,WRITE-IN,&nbsp,4,AD 35,2025-11-04_22:11:51.531408
ED   52,0.00%,Thomas G. Wright-Fernandez,(Democratic),-,AD 35,2025-11-04_22:11:51.531408
ED   52,0.00%,Eve Cho Guillergan,(Democratic),-,AD 35,2025-11-04_22:11:51.531408
ED   52,0.00%,Stephen C. Dachtera,(Republican),-,AD 35,2025-11-04_22:11:51.531408
ED   52,0.00%,Stephen C. Dachtera,(Conservative),-,AD 35,2025-11-04_22:11:51.531408
ED   52,0.00%,WRITE-IN,&nbsp,-,AD 35,2025-11-04_22:11:51.531408
ED   53,0.00%,Thomas G. Wright-Fernandez,(Democratic),-,AD 35,2025-11-04_22:11:51.531408
ED   53,0.00%,Eve Cho Guillergan,(Democratic),-,AD 35,2025-11-04_22:11:51.531408
ED   53,0.00%,Stephen C. Dachtera,(Republican),-,AD 35,2025-11-04_22:11:51.531408
ED   53,0.00%,Stephen C. Dachtera,(Conservative),-,AD 35,2025-11-04_22:11:51.531408
ED   53,0.00%,WRITE-IN,&nbsp,-,AD 35,2025-11-04_22:11:51.531408
ED   58,0.00%,Thomas G. Wright-Fernandez,(Democratic),-,AD 35,2025-11-04_22:11:51.531408
ED   58,0.00%,Eve Cho Guillergan,(Democratic),-,AD 35,2025-11-04_22:11:51.531408
ED   58,0.00%,Stephen C. Dachtera,(Republican),-,AD 35,2025-11-04_22:11:51.531408
ED   58,0.00%,Stephen C. Dachtera,(Conservative),-,AD 35,2025-11-04_22:11:51.531408
ED   58,0.00%,WRITE-IN,&nbsp,-,AD 35,2025-11-04_22:11:51.531408
ED   59,0.00%,Thomas G. Wright-Fernandez,(Democratic),-,AD 35,2025-11-04_22:11:51.531408
ED   59,0.00%,Eve Cho Guillergan,(Democratic),-,AD 35,2025-11-04_22:11:51.531408
ED   59,0.00%,Stephen C. Dachtera,(Republican),-,AD 35,2025-11-04_22:11:51.531408
ED   59,0.00%,Stephen C. Dachtera,(Conservative),-,AD 35,2025-11-04_22:11:51.531408
ED   59,0.00%,WRITE-IN,&nbsp,-,AD 35,2025-11-04_22:11:51.531408
ED   62,0.00%,Thomas G. Wright-Fernandez,(Democratic),-,AD 35,2025-11-04_22:11:51.531408
ED   62,0.00%,Eve Cho Guillergan,(Democratic),-,AD 35,2025-11-04_22:11:51.531408
ED   62,0.00%,Stephen C. Dachtera,(Republican),-,AD 35,2025-11-04_22:11:51.531408
ED   62,0.00%,Stephen C. Dachtera,(Conservative),-,AD 35,2025-11-04_22:11:51.531408
ED   62,0.00%,WRITE-IN,&nbsp,-,AD 35,2025-11-04_22:11:51.531408
ED   64,0.00%,Thomas G. Wright-Fernandez,(Democratic),-,AD 35,2025-11-04_22:11:51.531408
ED   64,0.00%,Eve Cho Guillergan,(Democratic),-,AD 35,2025-11-04_22:11:51.531408
ED   64,0.00%,Stephen C. Dachtera,(Republican),-,AD 35,2025-11-04_22:11:51.531408
ED   64,0.00%,Stephen C. Dachtera,(Conservative),-,AD 35,2025-11-04_22:11:51.531408
ED   64,0.00%,WRITE-IN,&nbsp,-,AD 35,2025-11-04_22:11:51.531408
Total,,Thomas G. Wright-Fernandez,(Democratic),9873,AD 35,2025-11-04_22:11:51.531408
Total,,Eve Cho Guillergan,(Democratic),8962,AD 35,2025-11-04_22:11:51.531408
Total,,Stephen C. Dachtera,(Republican),4170,AD 35,2025-11-04_22:11:51.531408
Total,,Stephen C. Dachtera,(Conservative),515,AD 35,2025-11-04_22:11:51.531408
Total,,WRITE-IN,&nbsp,84,AD 35,2025-11-04_22:11:51.531408
ED   13,0.00%,Thomas G. Wright-Fernandez,(Democratic),38,AD 37,2025-11-04_22:11:51.531408
ED   13,0.00%,Eve Cho Guillergan,(Democratic),39,AD 37,2025-11-04_22:11:51.531408
ED   13,0.00%,Stephen C. Dachtera,(Republican),13,AD 37,2025-11-04_22:11:51.531408
ED   13,0.00%,Stephen C. Dachtera,(Conservative),2,AD 37,2025-11-04_22:11:51.531408
ED   13,0.00%,WRITE-IN,&nbsp,-,AD 37,2025-11-04_22:11:51.531408
ED   14,0.00%,Thomas G. Wright-Fernandez,(Democratic),370,AD 37,2025-11-04_22:11:51.531408
ED   14,0.00%,Eve Cho Guillergan,(Democratic),381,AD 37,2025-11-04_22:11:51.531408
ED   14,0.00%,Stephen C. Dachtera,(Republican),112,AD 37,2025-11-04_22:11:51.531408
ED   14,0.00%,Stephen C. Dachtera,(Conservative),7,AD 37,2025-11-04_22:11:51.531408
ED   14,0.00%,WRITE-IN,&nbsp,2,AD 37,2025-11-04_22:11:51.531408
ED   15,0.00%,Thomas G. Wright-Fernandez,(Democratic),91,AD 37,2025-11-04_22:11:51.531408
ED   15,0.00%,Eve Cho Guillergan,(Democratic),93,AD 37,2025-11-04_22:11:51.531408
ED   15,0.00%,Stephen C. Dachtera,(Republican),23,AD 37,2025-11-04_22:11:51.531408
ED   15,0.00%,Stephen C. Dachtera,(Conservative),3,AD 37,2025-11-04_22:11:51.531408
ED   15,0.00%,WRITE-IN,&nbsp,3,AD 37,2025-11-04_22:11:51.531408
ED   16,0.00%,Thomas G. Wright-Fernandez,(Democratic),217,AD 37,2025-11-04_22:11:51.531408
ED   16,0.00%,Eve Cho Guillergan,(Democratic),217,AD 37,2025-11-04_22:11:51.531408
ED   16,0.00%,Stephen C. Dachtera,(Republican),63,AD 37,2025-11-04_22:11:51.531408
ED   16,0.00%,Stephen C. Dachtera,(Conservative),9,AD 37,2025-11-04_22:11:51.531408
ED   16,0.00%,WRITE-IN,&nbsp,1,AD 37,2025-11-04_22:11:51.531408
ED   17,0.00%,Thomas G. Wright-Fernandez,(Democratic),268,AD 37,2025-11-04_22:11:51.531408
ED   17,0.00%,Eve Cho Guillergan,(Democratic),230,AD 37,2025-11-04_22:11:51.531408
ED   17,0.00%,Stephen C. Dachtera,(Republican),77,AD 37,2025-11-04_22:11:51.531408
ED   17,0.00%,Stephen C. Dachtera,(Conservative),11,AD 37,2025-11-04_22:11:51.531408
ED   17,0.00%,WRITE-IN,&nbsp,-,AD 37,2025-11-04_22:11:51.531408
ED   18,0.00%,Thomas G. Wright-Fernandez,(Democratic),315,AD 37,2025-11-04_22:11:51.531408
ED   18,0.00%,Eve Cho Guillergan,(Democratic),286,AD 37,2025-11-04_22:11:51.531408
ED   18,0.00%,Stephen C. Dachtera,(Republican),82,AD 37,2025-11-04_22:11:51.531408
ED   18,0.00%,Stephen C. Dachtera,(Conservative),12,AD 37,2025-11-04_22:11:51.531408
ED   18,0.00%,WRITE-IN,&nbsp,2,AD 37,2025-11-04_22:11:51.531408
ED   19,0.00%,Thomas G. Wright-Fernandez,(Democratic),423,AD 37,2025-11-04_22:11:51.531408
ED   19,0.00%,Eve Cho Guillergan,(Democratic),435,AD 37,2025-11-04_22:11:51.531408
ED   19,0.00%,Stephen C. Dachtera,(Republican),82,AD 37,2025-11-04_22:11:51.531408
ED   19,0.00%,Stephen C. Dachtera,(Conservative),12,AD 37,2025-11-04_22:11:51.531408
ED   19,0.00%,WRITE-IN,&nbsp,4,AD 37,2025-11-04_22:11:51.531408
ED   20,0.00%,Thomas G. Wright-Fernandez,(Democratic),442,AD 37,2025-11-04_22:11:51.531408
ED   20,0.00%,Eve Cho Guillergan,(Democratic),458,AD 37,2025-11-04_22:11:51.531408
ED   20,0.00%,Stephen C. Dachtera,(Republican),88,AD 37,2025-11-04_22:11:51.531408
ED   20,0.00%,Stephen C. Dachtera,(Conservative),16,AD 37,2025-11-04_22:11:51.531408
ED   20,0.00%,WRITE-IN,&nbsp,8,AD 37,2025-11-04_22:11:51.531408
ED   21,0.00%,Thomas G. Wright-Fernandez,(Democratic),547,AD 37,2025-11-04_22:11:51.531408
ED   21,0.00%,Eve Cho Guillergan,(Democratic),540,AD 37,2025-11-04_22:11:51.531408
ED   21,0.00%,Stephen C. Dachtera,(Republican),119,AD 37,2025-11-04_22:11:51.531408
ED   21,0.00%,Stephen C. Dachtera,(Conservative),5,AD 37,2025-11-04_22:11:51.531408
ED   21,0.00%,WRITE-IN,&nbsp,6,AD 37,2025-11-04_22:11:51.531408
ED   22,0.00%,Thomas G. Wright-Fernandez,(Democratic),494,AD 37,2025-11-04_22:11:51.531408
ED   22,0.00%,Eve Cho Guillergan,(Democratic),523,AD 37,2025-11-04_22:11:51.531408
ED   22,0.00%,Stephen C. Dachtera,(Republican),125,AD 37,2025-11-04_22:11:51.531408
ED   22,0.00%,Stephen C. Dachtera,(Conservative),15,AD 37,2025-11-04_22:11:51.531408
ED   22,0.00%,WRITE-IN,&nbsp,4,AD 37,2025-11-04_22:11:51.531408
ED   23,0.00%,Thomas G. Wright-Fernandez,(Democratic),365,AD 37,2025-11-04_22:11:51.531408
ED   23,0.00%,Eve Cho Guillergan,(Democratic),369,AD 37,2025-11-04_22:11:51.531408
ED   23,0.00%,Stephen C. Dachtera,(Republican),52,AD 37,2025-11-04_22:11:51.531408
ED   23,0.00%,Stephen C. Dachtera,(Conservative),14,AD 37,2025-11-04_22:11:51.531408
ED   23,0.00%,WRITE-IN,&nbsp,4,AD 37,2025-11-04_22:11:51.531408
ED   24,0.00%,Thomas G. Wright-Fernandez,(Democratic),451,AD 37,2025-11-04_22:11:51.531408
ED   24,0.00%,Eve Cho Guillergan,(Democratic),453,AD 37,2025-11-04_22:11:51.531408
ED   24,0.00%,Stephen C. Dachtera,(Republican),99,AD 37,2025-11-04_22:11:51.531408
ED   24,0.00%,Stephen C. Dachtera,(Conservative),13,AD 37,2025-11-04_22:11:51.531408
ED   24,0.00%,WRITE-IN,&nbsp,3,AD 37,2025-11-04_22:11:51.531408
ED   25,0.00%,Thomas G. Wright-Fernandez,(Democratic),435,AD 37,2025-11-04_22:11:51.531408
ED   25,0.00%,Eve Cho Guillergan,(Democratic),466,AD 37,2025-11-04_22:11:51.531408
ED   25,0.00%,Stephen C. Dachtera,(Republican),85,AD 37,2025-11-04_22:11:51.531408
ED   25,0.00%,Stephen C. Dachtera,(Conservative),7,AD 37,2025-11-04_22:11:51.531408
ED   25,0.00%,WRITE-IN,&nbsp,1,AD 37,2025-11-04_22:11:51.531408
ED   26,0.00%,Thomas G. Wright-Fernandez,(Democratic),424,AD 37,2025-11-04_22:11:51.531408
ED   26,0.00%,Eve Cho Guillergan,(Democratic),419,AD 37,2025-11-04_22:11:51.531408
ED   26,0.00%,Stephen C. Dachtera,(Republican),80,AD 37,2025-11-04_22:11:51.531408
ED   26,0.00%,Stephen C. Dachtera,(Conservative),15,AD 37,2025-11-04_22:11:51.531408
ED   26,0.00%,WRITE-IN,&nbsp,-,AD 37,2025-11-04_22:11:51.531408
ED   27,0.00%,Thomas G. Wright-Fernandez,(Democratic),609,AD 37,2025-11-04_22:11:51.531408
ED   27,0.00%,Eve Cho Guillergan,(Democratic),648,AD 37,2025-11-04_22:11:51.531408
ED   27,0.00%,Stephen C. Dachtera,(Republican),107,AD 37,2025-11-04_22:11:51.531408
ED   27,0.00%,Stephen C. Dachtera,(Conservative),22,AD 37,2025-11-04_22:11:51.531408
ED   27,0.00%,WRITE-IN,&nbsp,6,AD 37,2025-11-04_22:11:51.531408
ED   28,0.00%,Thomas G. Wright-Fernandez,(Democratic),554,AD 37,2025-11-04_22:11:51.531408
ED   28,0.00%,Eve Cho Guillergan,(Democratic),597,AD 37,2025-11-04_22:11:51.531408
ED   28,0.00%,Stephen C. Dachtera,(Republican),118,AD 37,2025-11-04_22:11:51.531408
ED   28,0.00%,Stephen C. Dachtera,(Conservative),20,AD 37,2025-11-04_22:11:51.531408
ED   28,0.00%,WRITE-IN,&nbsp,1,AD 37,2025-11-04_22:11:51.531408
ED   29,0.00%,Thomas G. Wright-Fernandez,(Democratic),428,AD 37,2025-11-04_22:11:51.531408
ED   29,0.00%,Eve Cho Guillergan,(Democratic),434,AD 37,2025-11-04_22:11:51.531408
ED   29,0.00%,Stephen C. Dachtera,(Republican),80,AD 37,2025-11-04_22:11:51.531408
ED   29,0.00%,Stephen C. Dachtera,(Conservative),9,AD 37,2025-11-04_22:11:51.531408
ED   29,0.00%,WRITE-IN,&nbsp,6,AD 37,2025-11-04_22:11:51.531408
ED   30,0.00%,Thomas G. Wright-Fernandez,(Democratic),524,AD 37,2025-11-04_22:11:51.531408
ED   30,0.00%,Eve Cho Guillergan,(Democratic),537,AD 37,2025-11-04_22:11:51.531408
ED   30,0.00%,Stephen C. Dachtera,(Republican),142,AD 37,2025-11-04_22:11:51.531408
ED   30,0.00%,Stephen C. Dachtera,(Conservative),14,AD 37,2025-11-04_22:11:51.531408
ED   30,0.00%,WRITE-IN,&nbsp,13,AD 37,2025-11-04_22:11:51.531408
ED   31,0.00%,Thomas G. Wright-Fernandez,(Democratic),544,AD 37,2025-11-04_22:11:51.531408
ED   31,0.00%,Eve Cho Guillergan,(Democratic),531,AD 37,2025-11-04_22:11:51.531408
ED   31,0.00%,Stephen C. Dachtera,(Republican),146,AD 37,2025-11-04_22:11:51.531408
ED   31,0.00%,Stephen C. Dachtera,(Conservative),22,AD 37,2025-11-04_22:11:51.531408
ED   31,0.00%,WRITE-IN,&nbsp,2,AD 37,2025-11-04_22:11:51.531408
ED   32,0.00%,Thomas G. Wright-Fernandez,(Democratic),203,AD 37,2025-11-04_22:11:51.531408
ED   32,0.00%,Eve Cho Guillergan,(Democratic),213,AD 37,2025-11-04_22:11:51.531408
ED   32,0.00%,Stephen C. Dachtera,(Republican),38,AD 37,2025-11-04_22:11:51.531408
ED   32,0.00%,Stephen C. Dachtera,(Conservative),5,AD 37,2025-11-04_22:11:51.531408
ED   32,0.00%,WRITE-IN,&nbsp,3,AD 37,2025-11-04_22:11:51.531408
ED   33,0.00%,Thomas G. Wright-Fernandez,(Democratic),329,AD 37,2025-11-04_22:11:51.531408
ED   33,0.00%,Eve Cho Guillergan,(Democratic),331,AD 37,2025-11-04_22:11:51.531408
ED   33,0.00%,Stephen C. Dachtera,(Republican),71,AD 37,2025-11-04_22:11:51.531408
ED   33,0.00%,Stephen C. Dachtera,(Conservative),15,AD 37,2025-11-04_22:11:51.531408
ED   33,0.00%,WRITE-IN,&nbsp,3,AD 37,2025-11-04_22:11:51.531408
ED   35,0.00%,Thomas G. Wright-Fernandez,(Democratic),626,AD 37,2025-11-04_22:11:51.531408
ED   35,0.00%,Eve Cho Guillergan,(Democratic),657,AD 37,2025-11-04_22:11:51.531408
ED   35,0.00%,Stephen C. Dachtera,(Republican),116,AD 37,2025-11-04_22:11:51.531408
ED   35,0.00%,Stephen C. Dachtera,(Conservative),15,AD 37,2025-11-04_22:11:51.531408
ED   35,0.00%,WRITE-IN,&nbsp,2,AD 37,2025-11-04_22:11:51.531408
ED   36,0.00%,Thomas G. Wright-Fernandez,(Democratic),567,AD 37,2025-11-04_22:11:51.531408
ED   36,0.00%,Eve Cho Guillergan,(Democratic),568,AD 37,2025-11-04_22:11:51.531408
ED   36,0.00%,Stephen C. Dachtera,(Republican),200,AD 37,2025-11-04_22:11:51.531408
ED   36,0.00%,Stephen C. Dachtera,(Conservative),27,AD 37,2025-11-04_22:11:51.531408
ED   36,0.00%,WRITE-IN,&nbsp,2,AD 37,2025-11-04_22:11:51.531408
ED   37,0.00%,Thomas G. Wright-Fernandez,(Democratic),228,AD 37,2025-11-04_22:11:51.531408
ED   37,0.00%,Eve Cho Guillergan,(Democratic),245,AD 37,2025-11-04_22:11:51.531408
ED   37,0.00%,Stephen C. Dachtera,(Republican),66,AD 37,2025-11-04_22:11:51.531408
ED   37,0.00%,Stephen C. Dachtera,(Conservative),15,AD 37,2025-11-04_22:11:51.531408
ED   37,0.00%,WRITE-IN,&nbsp,4,AD 37,2025-11-04_22:11:51.531408
ED   41,0.00%,Thomas G. Wright-Fernandez,(Democratic),21,AD 37,2025-11-04_22:11:51.531408
ED   41,0.00%,Eve Cho Guillergan,(Democratic),17,AD 37,2025-11-04_22:11:51.531408
ED   41,0.00%,Stephen C. Dachtera,(Republican),10,AD 37,2025-11-04_22:11:51.531408
ED   41,0.00%,Stephen C. Dachtera,(Conservative),-,AD 37,2025-11-04_22:11:51.531408
ED   41,0.00%,WRITE-IN,&nbsp,-,AD 37,2025-11-04_22:11:51.531408
ED   67,0.00%,Thomas G. Wright-Fernandez,(Democratic),-,AD 37,2025-11-04_22:11:51.531408
ED   67,0.00%,Eve Cho Guillergan,(Democratic),-,AD 37,2025-11-04_22:11:51.531408
ED   67,0.00%,Stephen C. Dachtera,(Republican),-,AD 37,2025-11-04_22:11:51.531408
ED   67,0.00%,Stephen C. Dachtera,(Conservative),-,AD 37,2025-11-04_22:11:51.531408
ED   67,0.00%,WRITE-IN,&nbsp,-,AD 37,2025-11-04_22:11:51.531408
ED   68,0.00%,Thomas G. Wright-Fernandez,(Democratic),-,AD 37,2025-11-04_22:11:51.531408
ED   68,0.00%,Eve Cho Guillergan,(Democratic),-,AD 37,2025-11-04_22:11:51.531408
ED   68,0.00%,Stephen C. Dachtera,(Republican),-,AD 37,2025-11-04_22:11:51.531408
ED   68,0.00%,Stephen C. Dachtera,(Conservative),-,AD 37,2025-11-04_22:11:51.531408
ED   68,0.00%,WRITE-IN,&nbsp,-,AD 37,2025-11-04_22:11:51.531408
ED   70,0.00%,Thomas G. Wright-Fernandez,(Democratic),-,AD 37,2025-11-04_22:11:51.531408
ED   70,0.00%,Eve Cho Guillergan,(Democratic),-,AD 37,2025-11-04_22:11:51.531408
ED   70,0.00%,Stephen C. Dachtera,(Republican),-,AD 37,2025-11-04_22:11:51.531408
ED   70,0.00%,Stephen C. Dachtera,(Conservative),-,AD 37,2025-11-04_22:11:51.531408
ED   70,0.00%,WRITE-IN,&nbsp,-,AD 37,2025-11-04_22:11:51.531408
Total,,Thomas G. Wright-Fernandez,(Democratic),9513,AD 37,2025-11-04_22:11:51.531408
Total,,Eve Cho Guillergan,(Democratic),9687,AD 37,2025-11-04_22:11:51.531408
Total,,Stephen C. Dachtera,(Republican),2194,AD 37,2025-11-04_22:11:51.531408
Total,,Stephen C. Dachtera,(Conservative),305,AD 37,2025-11-04_22:11:51.531408
Total,,WRITE-IN,&nbsp,80,AD 37,2025-11-04_22:11:51.531408
ED    1,0.00%,Thomas G. Wright-Fernandez,(Democratic),541,AD 39,2025-11-04_22:11:51.531408
ED    1,0.00%,Eve Cho Guillergan,(Democratic),533,AD 39,2025-11-04_22:11:51.531408
ED    1,0.00%,Stephen C. Dachtera,(Republican),145,AD 39,2025-11-04_22:11:51.531408
ED    1,0.00%,Stephen C. Dachtera,(Conservative),14,AD 39,2025-11-04_22:11:51.531408
ED    1,0.00%,WRITE-IN,&nbsp,6,AD 39,2025-11-04_22:11:51.531408
ED    2,0.00%,Thomas G. Wright-Fernandez,(Democratic),641,AD 39,2025-11-04_22:11:51.531408
ED    2,0.00%,Eve Cho Guillergan,(Democratic),659,AD 39,2025-11-04_22:11:51.531408
ED    2,0.00%,Stephen C. Dachtera,(Republican),102,AD 39,2025-11-04_22:11:51.531408
ED    2,0.00%,Stephen C. Dachtera,(Conservative),14,AD 39,2025-11-04_22:11:51.531408
ED    2,0.00%,WRITE-IN,&nbsp,5,AD 39,2025-11-04_22:11:51.531408
ED    3,0.00%,Thomas G. Wright-Fernandez,(Democratic),507,AD 39,2025-11-04_22:11:51.531408
ED    3,0.00%,Eve Cho Guillergan,(Democratic),485,AD 39,2025-11-04_22:11:51.531408
ED    3,0.00%,Stephen C. Dachtera,(Republican),134,AD 39,2025-11-04_22:11:51.531408
ED    3,0.00%,Stephen C. Dachtera,(Conservative),15,AD 39,2025-11-04_22:11:51.531408
ED    3,0.00%,WRITE-IN,&nbsp,5,AD 39,2025-11-04_22:11:51.531408
ED    4,0.00%,Thomas G. Wright-Fernandez,(Democratic),236,AD 39,2025-11-04_22:11:51.531408
ED    4,0.00%,Eve Cho Guillergan,(Democratic),231,AD 39,2025-11-04_22:11:51.531408
ED    4,0.00%,Stephen C. Dachtera,(Republican),38,AD 39,2025-11-04_22:11:51.531408
ED    4,0.00%,Stephen C. Dachtera,(Conservative),6,AD 39,2025-11-04_22:11:51.531408
ED    4,0.00%,WRITE-IN,&nbsp,1,AD 39,2025-11-04_22:11:51.531408
ED    5,0.00%,Thomas G. Wright-Fernandez,(Democratic),439,AD 39,2025-11-04_22:11:51.531408
ED    5,0.00%,Eve Cho Guillergan,(Democratic),414,AD 39,2025-11-04_22:11:51.531408
ED    5,0.00%,Stephen C. Dachtera,(Republican),111,AD 39,2025-11-04_22:11:51.531408
ED    5,0.00%,Stephen C. Dachtera,(Conservative),11,AD 39,2025-11-04_22:11:51.531408
ED    5,0.00%,WRITE-IN,&nbsp,8,AD 39,2025-11-04_22:11:51.531408
ED    6,0.00%,Thomas G. Wright-Fernandez,(Democratic),701,AD 39,2025-11-04_22:11:51.531408
ED    6,0.00%,Eve Cho Guillergan,(Democratic),724,AD 39,2025-11-04_22:11:51.531408
ED    6,0.00%,Stephen C. Dachtera,(Republican),109,AD 39,2025-11-04_22:11:51.531408
ED    6,0.00%,Stephen C. Dachtera,(Conservative),20,AD 39,2025-11-04_22:11:51.531408
ED    6,0.00%,WRITE-IN,&nbsp,7,AD 39,2025-11-04_22:11:51.531408
ED    7,0.00%,Thomas G. Wright-Fernandez,(Democratic),539,AD 39,2025-11-04_22:11:51.531408
ED    7,0.00%,Eve Cho Guillergan,(Democratic),539,AD 39,2025-11-04_22:11:51.531408
ED    7,0.00%,Stephen C. Dachtera,(Republican),124,AD 39,2025-11-04_22:11:51.531408
ED    7,0.00%,Stephen C. Dachtera,(Conservative),19,AD 39,2025-11-04_22:11:51.531408
ED    7,0.00%,WRITE-IN,&nbsp,7,AD 39,2025-11-04_22:11:51.531408
ED    8,0.00%,Thomas G. Wright-Fernandez,(Democratic),476,AD 39,2025-11-04_22:11:51.531408
ED    8,0.00%,Eve Cho Guillergan,(Democratic),449,AD 39,2025-11-04_22:11:51.531408
ED    8,0.00%,Stephen C. Dachtera,(Republican),122,AD 39,2025-11-04_22:11:51.531408
ED    8,0.00%,Stephen C. Dachtera,(Conservative),15,AD 39,2025-11-04_22:11:51.531408
ED    8,0.00%,WRITE-IN,&nbsp,6,AD 39,2025-11-04_22:11:51.531408
ED    9,0.00%,Thomas G. Wright-Fernandez,(Democratic),431,AD 39,2025-11-04_22:11:51.531408
ED    9,0.00%,Eve Cho Guillergan,(Democratic),450,AD 39,2025-11-04_22:11:51.531408
ED    9,0.00%,Stephen C. Dachtera,(Republican),86,AD 39,2025-11-04_22:11:51.531408
ED    9,0.00%,Stephen C. Dachtera,(Conservative),6,AD 39,2025-11-04_22:11:51.531408
ED    9,0.00%,WRITE-IN,&nbsp,6,AD 39,2025-11-04_22:11:51.531408
ED   10,0.00%,Thomas G. Wright-Fernandez,(Democratic),176,AD 39,2025-11-04_22:11:51.531408
ED   10,0.00%,Eve Cho Guillergan,(Democratic),156,AD 39,2025-11-04_22:11:51.531408
ED   10,0.00%,Stephen C. Dachtera,(Republican),45,AD 39,2025-11-04_22:11:51.531408
ED   10,0.00%,Stephen C. Dachtera,(Conservative),8,AD 39,2025-11-04_22:11:51.531408
ED   10,0.00%,WRITE-IN,&nbsp,3,AD 39,2025-11-04_22:11:51.531408
ED   11,0.00%,Thomas G. Wright-Fernandez,(Democratic),32,AD 39,2025-11-04_22:11:51.531408
ED   11,0.00%,Eve Cho Guillergan,(Democratic),28,AD 39,2025-11-04_22:11:51.531408
ED   11,0.00%,Stephen C. Dachtera,(Republican),16,AD 39,2025-11-04_22:11:51.531408
ED   11,0.00%,Stephen C. Dachtera,(Conservative),1,AD 39,2025-11-04_22:11:51.531408
ED   11,0.00%,WRITE-IN,&nbsp,-,AD 39,2025-11-04_22:11:51.531408
ED   12,0.00%,Thomas G. Wright-Fernandez,(Democratic),171,AD 39,2025-11-04_22:11:51.531408
ED   12,0.00%,Eve Cho Guillergan,(Democratic),173,AD 39,2025-11-04_22:11:51.531408
ED   12,0.00%,Stephen C. Dachtera,(Republican),75,AD 39,2025-11-04_22:11:51.531408
ED   12,0.00%,Stephen C. Dachtera,(Conservative),9,AD 39,2025-11-04_22:11:51.531408
ED   12,0.00%,WRITE-IN,&nbsp,2,AD 39,2025-11-04_22:11:51.531408
ED   13,0.00%,Thomas G. Wright-Fernandez,(Democratic),134,AD 39,2025-11-04_22:11:51.531408
ED   13,0.00%,Eve Cho Guillergan,(Democratic),114,AD 39,2025-11-04_22:11:51.531408
ED   13,0.00%,Stephen C. Dachtera,(Republican),38,AD 39,2025-11-04_22:11:51.531408
ED   13,0.00%,Stephen C. Dachtera,(Conservative),1,AD 39,2025-11-04_22:11:51.531408
ED   13,0.00%,WRITE-IN,&nbsp,8,AD 39,2025-11-04_22:11:51.531408
ED   14,0.00%,Thomas G. Wright-Fernandez,(Democratic),221,AD 39,2025-11-04_22:11:51.531408
ED   14,0.00%,Eve Cho Guillergan,(Democratic),194,AD 39,2025-11-04_22:11:51.531408
ED   14,0.00%,Stephen C. Dachtera,(Republican),61,AD 39,2025-11-04_22:11:51.531408
ED   14,0.00%,Stephen C. Dachtera,(Conservative),11,AD 39,2025-11-04_22:11:51.531408
ED   14,0.00%,WRITE-IN,&nbsp,5,AD 39,2025-11-04_22:11:51.531408
ED   15,0.00%,Thomas G. Wright-Fernandez,(Democratic),359,AD 39,2025-11-04_22:11:51.531408
ED   15,0.00%,Eve Cho Guillergan,(Democratic),309,AD 39,2025-11-04_22:11:51.531408
ED   15,0.00%,Stephen C. Dachtera,(Republican),103,AD 39,2025-11-04_22:11:51.531408
ED   15,0.00%,Stephen C. Dachtera,(Conservative),17,AD 39,2025-11-04_22:11:51.531408
ED   15,0.00%,WRITE-IN,&nbsp,3,AD 39,2025-11-04_22:11:51.531408
ED   16,0.00%,Thomas G. Wright-Fernandez,(Democratic),39,AD 39,2025-11-04_22:11:51.531408
ED   16,0.00%,Eve Cho Guillergan,(Democratic),27,AD 39,2025-11-04_22:11:51.531408
ED   16,0.00%,Stephen C. Dachtera,(Republican),5,AD 39,2025-11-04_22:11:51.531408
ED   16,0.00%,Stephen C. Dachtera,(Conservative),-,AD 39,2025-11-04_22:11:51.531408
ED   16,0.00%,WRITE-IN,&nbsp,-,AD 39,2025-11-04_22:11:51.531408
ED   17,0.00%,Thomas G. Wright-Fernandez,(Democratic),140,AD 39,2025-11-04_22:11:51.531408
ED   17,0.00%,Eve Cho Guillergan,(Democratic),143,AD 39,2025-11-04_22:11:51.531408
ED   17,0.00%,Stephen C. Dachtera,(Republican),48,AD 39,2025-11-04_22:11:51.531408
ED   17,0.00%,Stephen C. Dachtera,(Conservative),9,AD 39,2025-11-04_22:11:51.531408
ED   17,0.00%,WRITE-IN,&nbsp,-,AD 39,2025-11-04_22:11:51.531408
ED   18,0.00%,Thomas G. Wright-Fernandez,(Democratic),318,AD 39,2025-11-04_22:11:51.531408
ED   18,0.00%,Eve Cho Guillergan,(Democratic),322,AD 39,2025-11-04_22:11:51.531408
ED   18,0.00%,Stephen C. Dachtera,(Republican),102,AD 39,2025-11-04_22:11:51.531408
ED   18,0.00%,Stephen C. Dachtera,(Conservative),7,AD 39,2025-11-04_22:11:51.531408
ED   18,0.00%,WRITE-IN,&nbsp,-,AD 39,2025-11-04_22:11:51.531408
ED   19,0.00%,Thomas G. Wright-Fernandez,(Democratic),346,AD 39,2025-11-04_22:11:51.531408
ED   19,0.00%,Eve Cho Guillergan,(Democratic),350,AD 39,2025-11-04_22:11:51.531408
ED   19,0.00%,Stephen C. Dachtera,(Republican),114,AD 39,2025-11-04_22:11:51.531408
ED   19,0.00%,Stephen C. Dachtera,(Conservative),18,AD 39,2025-11-04_22:11:51.531408
ED   19,0.00%,WRITE-IN,&nbsp,3,AD 39,2025-11-04_22:11:51.531408
ED   20,0.00%,Thomas G. Wright-Fernandez,(Democratic),68,AD 39,2025-11-04_22:11:51.531408
ED   20,0.00%,Eve Cho Guillergan,(Democratic),72,AD 39,2025-11-04_22:11:51.531408
ED   20,0.00%,Stephen C. Dachtera,(Republican),32,AD 39,2025-11-04_22:11:51.531408
ED   20,0.00%,Stephen C. Dachtera,(Conservative),3,AD 39,2025-11-04_22:11:51.531408
ED   20,0.00%,WRITE-IN,&nbsp,-,AD 39,2025-11-04_22:11:51.531408
ED   21,0.00%,Thomas G. Wright-Fernandez,(Democratic),176,AD 39,2025-11-04_22:11:51.531408
ED   21,0.00%,Eve Cho Guillergan,(Democratic),158,AD 39,2025-11-04_22:11:51.531408
ED   21,0.00%,Stephen C. Dachtera,(Republican),57,AD 39,2025-11-04_22:11:51.531408
ED   21,0.00%,Stephen C. Dachtera,(Conservative),6,AD 39,2025-11-04_22:11:51.531408
ED   21,0.00%,WRITE-IN,&nbsp,2,AD 39,2025-11-04_22:11:51.531408
ED   22,0.00%,Thomas G. Wright-Fernandez,(Democratic),218,AD 39,2025-11-04_22:11:51.531408
ED   22,0.00%,Eve Cho Guillergan,(Democratic),196,AD 39,2025-11-04_22:11:51.531408
ED   22,0.00%,Stephen C. Dachtera,(Republican),72,AD 39,2025-11-04_22:11:51.531408
ED   22,0.00%,Stephen C. Dachtera,(Conservative),5,AD 39,2025-11-04_22:11:51.531408
ED   22,0.00%,WRITE-IN,&nbsp,-,AD 39,2025-11-04_22:11:51.531408
ED   23,0.00%,Thomas G. Wright-Fernandez,(Democratic),191,AD 39,2025-11-04_22:11:51.531408
ED   23,0.00%,Eve Cho Guillergan,(Democratic),168,AD 39,2025-11-04_22:11:51.531408
ED   23,0.00%,Stephen C. Dachtera,(Republican),67,AD 39,2025-11-04_22:11:51.531408
ED   23,0.00%,Stephen C. Dachtera,(Conservative),6,AD 39,2025-11-04_22:11:51.531408
ED   23,0.00%,WRITE-IN,&nbsp,4,AD 39,2025-11-04_22:11:51.531408
ED   24,0.00%,Thomas G. Wright-Fernandez,(Democratic),164,AD 39,2025-11-04_22:11:51.531408
ED   24,0.00%,Eve Cho Guillergan,(Democratic),148,AD 39,2025-11-04_22:11:51.531408
ED   24,0.00%,Stephen C. Dachtera,(Republican),69,AD 39,2025-11-04_22:11:51.531408
ED   24,0.00%,Stephen C. Dachtera,(Conservative),5,AD 39,2025-11-04_22:11:51.531408
ED   24,0.00%,WRITE-IN,&nbsp,-,AD 39,2025-11-04_22:11:51.531408
ED   25,0.00%,Thomas G. Wright-Fernandez,(Democratic),149,AD 39,2025-11-04_22:11:51.531408
ED   25,0.00%,Eve Cho Guillergan,(Democratic),141,AD 39,2025-11-04_22:11:51.531408
ED   25,0.00%,Stephen C. Dachtera,(Republican),59,AD 39,2025-11-04_22:11:51.531408
ED   25,0.00%,Stephen C. Dachtera,(Conservative),9,AD 39,2025-11-04_22:11:51.531408
ED   25,0.00%,WRITE-IN,&nbsp,3,AD 39,2025-11-04_22:11:51.531408
ED   26,0.00%,Thomas G. Wright-Fernandez,(Democratic),233,AD 39,2025-11-04_22:11:51.531408
ED   26,0.00%,Eve Cho Guillergan,(Democratic),191,AD 39,2025-11-04_22:11:51.531408
ED   26,0.00%,Stephen C. Dachtera,(Republican),91,AD 39,2025-11-04_22:11:51.531408
ED   26,0.00%,Stephen C. Dachtera,(Conservative),8,AD 39,2025-11-04_22:11:51.531408
ED   26,0.00%,WRITE-IN,&nbsp,2,AD 39,2025-11-04_22:11:51.531408
ED   27,0.00%,Thomas G. Wright-Fernandez,(Democratic),73,AD 39,2025-11-04_22:11:51.531408
ED   27,0.00%,Eve Cho Guillergan,(Democratic),59,AD 39,2025-11-04_22:11:51.531408
ED   27,0.00%,Stephen C. Dachtera,(Republican),28,AD 39,2025-11-04_22:11:51.531408
ED   27,0.00%,Stephen C. Dachtera,(Conservative),1,AD 39,2025-11-04_22:11:51.531408
ED   27,0.00%,WRITE-IN,&nbsp,-,AD 39,2025-11-04_22:11:51.531408
ED   29,0.00%,Thomas G. Wright-Fernandez,(Democratic),138,AD 39,2025-11-04_22:11:51.531408
ED   29,0.00%,Eve Cho Guillergan,(Democratic),136,AD 39,2025-11-04_22:11:51.531408
ED   29,0.00%,Stephen C. Dachtera,(Republican),43,AD 39,2025-11-04_22:11:51.531408
ED   29,0.00%,Stephen C. Dachtera,(Conservative),5,AD 39,2025-11-04_22:11:51.531408
ED   29,0.00%,WRITE-IN,&nbsp,2,AD 39,2025-11-04_22:11:51.531408
ED   30,0.00%,Thomas G. Wright-Fernandez,(Democratic),227,AD 39,2025-11-04_22:11:51.531408
ED   30,0.00%,Eve Cho Guillergan,(Democratic),186,AD 39,2025-11-04_22:11:51.531408
ED   30,0.00%,Stephen C. Dachtera,(Republican),85,AD 39,2025-11-04_22:11:51.531408
ED   30,0.00%,Stephen C. Dachtera,(Conservative),5,AD 39,2025-11-04_22:11:51.531408
ED   30,0.00%,WRITE-IN,&nbsp,1,AD 39,2025-11-04_22:11:51.531408
ED   31,0.00%,Thomas G. Wright-Fernandez,(Democratic),212,AD 39,2025-11-04_22:11:51.531408
ED   31,0.00%,Eve Cho Guillergan,(Democratic),169,AD 39,2025-11-04_22:11:51.531408
ED   31,0.00%,Stephen C. Dachtera,(Republican),55,AD 39,2025-11-04_22:11:51.531408
ED   31,0.00%,Stephen C. Dachtera,(Conservative),3,AD 39,2025-11-04_22:11:51.531408
ED   31,0.00%,WRITE-IN,&nbsp,2,AD 39,2025-11-04_22:11:51.531408
ED   32,0.00%,Thomas G. Wright-Fernandez,(Democratic),240,AD 39,2025-11-04_22:11:51.531408
ED   32,0.00%,Eve Cho Guillergan,(Democratic),184,AD 39,2025-11-04_22:11:51.531408
ED   32,0.00%,Stephen C. Dachtera,(Republican),104,AD 39,2025-11-04_22:11:51.531408
ED   32,0.00%,Stephen C. Dachtera,(Conservative),14,AD 39,2025-11-04_22:11:51.531408
ED   32,0.00%,WRITE-IN,&nbsp,-,AD 39,2025-11-04_22:11:51.531408
ED   33,0.00%,Thomas G. Wright-Fernandez,(Democratic),159,AD 39,2025-11-04_22:11:51.531408
ED   33,0.00%,Eve Cho Guillergan,(Democratic),137,AD 39,2025-11-04_22:11:51.531408
ED   33,0.00%,Stephen C. Dachtera,(Republican),66,AD 39,2025-11-04_22:11:51.531408
ED   33,0.00%,Stephen C. Dachtera,(Conservative),14,AD 39,2025-11-04_22:11:51.531408
ED   33,0.00%,WRITE-IN,&nbsp,4,AD 39,2025-11-04_22:11:51.531408
ED   34,0.00%,Thomas G. Wright-Fernandez,(Democratic),219,AD 39,2025-11-04_22:11:51.531408
ED   34,0.00%,Eve Cho Guillergan,(Democratic),179,AD 39,2025-11-04_22:11:51.531408
ED   34,0.00%,Stephen C. Dachtera,(Republican),71,AD 39,2025-11-04_22:11:51.531408
ED   34,0.00%,Stephen C. Dachtera,(Conservative),6,AD 39,2025-11-04_22:11:51.531408
ED   34,0.00%,WRITE-IN,&nbsp,1,AD 39,2025-11-04_22:11:51.531408
ED   35,0.00%,Thomas G. Wright-Fernandez,(Democratic),222,AD 39,2025-11-04_22:11:51.531408
ED   35,0.00%,Eve Cho Guillergan,(Democratic),173,AD 39,2025-11-04_22:11:51.531408
ED   35,0.00%,Stephen C. Dachtera,(Republican),109,AD 39,2025-11-04_22:11:51.531408
ED   35,0.00%,Stephen C. Dachtera,(Conservative),7,AD 39,2025-11-04_22:11:51.531408
ED   35,0.00%,WRITE-IN,&nbsp,1,AD 39,2025-11-04_22:11:51.531408
ED   36,0.00%,Thomas G. Wright-Fernandez,(Democratic),158,AD 39,2025-11-04_22:11:51.531408
ED   36,0.00%,Eve Cho Guillergan,(Democratic),123,AD 39,2025-11-04_22:11:51.531408
ED   36,0.00%,Stephen C. Dachtera,(Republican),45,AD 39,2025-11-04_22:11:51.531408
ED   36,0.00%,Stephen C. Dachtera,(Conservative),4,AD 39,2025-11-04_22:11:51.531408
ED   36,0.00%,WRITE-IN,&nbsp,-,AD 39,2025-11-04_22:11:51.531408
ED   37,0.00%,Thomas G. Wright-Fernandez,(Democratic),112,AD 39,2025-11-04_22:11:51.531408
ED   37,0.00%,Eve Cho Guillergan,(Democratic),111,AD 39,2025-11-04_22:11:51.531408
ED   37,0.00%,Stephen C. Dachtera,(Republican),54,AD 39,2025-11-04_22:11:51.531408
ED   37,0.00%,Stephen C. Dachtera,(Conservative),6,AD 39,2025-11-04_22:11:51.531408
ED   37,0.00%,WRITE-IN,&nbsp,-,AD 39,2025-11-04_22:11:51.531408
ED   38,0.00%,Thomas G. Wright-Fernandez,(Democratic),105,AD 39,2025-11-04_22:11:51.531408
ED   38,0.00%,Eve Cho Guillergan,(Democratic),129,AD 39,2025-11-04_22:11:51.531408
ED   38,0.00%,Stephen C. Dachtera,(Republican),72,AD 39,2025-11-04_22:11:51.531408
ED   38,0.00%,Stephen C. Dachtera,(Conservative),6,AD 39,2025-11-04_22:11:51.531408
ED   38,0.00%,WRITE-IN,&nbsp,-,AD 39,2025-11-04_22:11:51.531408
ED   39,0.00%,Thomas G. Wright-Fernandez,(Democratic),199,AD 39,2025-11-04_22:11:51.531408
ED   39,0.00%,Eve Cho Guillergan,(Democratic),202,AD 39,2025-11-04_22:11:51.531408
ED   39,0.00%,Stephen C. Dachtera,(Republican),108,AD 39,2025-11-04_22:11:51.531408
ED   39,0.00%,Stephen C. Dachtera,(Conservative),8,AD 39,2025-11-04_22:11:51.531408
ED   39,0.00%,WRITE-IN,&nbsp,1,AD 39,2025-11-04_22:11:51.531408
ED   40,0.00%,Thomas G. Wright-Fernandez,(Democratic),67,AD 39,2025-11-04_22:11:51.531408
ED   40,0.00%,Eve Cho Guillergan,(Democratic),74,AD 39,2025-11-04_22:11:51.531408
ED   40,0.00%,Stephen C. Dachtera,(Republican),34,AD 39,2025-11-04_22:11:51.531408
ED   40,0.00%,Stephen C. Dachtera,(Conservative),5,AD 39,2025-11-04_22:11:51.531408
ED   40,0.00%,WRITE-IN,&nbsp,-,AD 39,2025-11-04_22:11:51.531408
ED   41,0.00%,Thomas G. Wright-Fernandez,(Democratic),297,AD 39,2025-11-04_22:11:51.531408
ED   41,0.00%,Eve Cho Guillergan,(Democratic),291,AD 39,2025-11-04_22:11:51.531408
ED   41,0.00%,Stephen C. Dachtera,(Republican),187,AD 39,2025-11-04_22:11:51.531408
ED   41,0.00%,Stephen C. Dachtera,(Conservative),14,AD 39,2025-11-04_22:11:51.531408
ED   41,0.00%,WRITE-IN,&nbsp,7,AD 39,2025-11-04_22:11:51.531408
ED   42,0.00%,Thomas G. Wright-Fernandez,(Democratic),179,AD 39,2025-11-04_22:11:51.531408
ED   42,0.00%,Eve Cho Guillergan,(Democratic),189,AD 39,2025-11-04_22:11:51.531408
ED   42,0.00%,Stephen C. Dachtera,(Republican),79,AD 39,2025-11-04_22:11:51.531408
ED   42,0.00%,Stephen C. Dachtera,(Conservative),7,AD 39,2025-11-04_22:11:51.531408
ED   42,0.00%,WRITE-IN,&nbsp,1,AD 39,2025-11-04_22:11:51.531408
ED   43,0.00%,Thomas G. Wright-Fernandez,(Democratic),119,AD 39,2025-11-04_22:11:51.531408
ED   43,0.00%,Eve Cho Guillergan,(Democratic),125,AD 39,2025-11-04_22:11:51.531408
ED   43,0.00%,Stephen C. Dachtera,(Republican),108,AD 39,2025-11-04_22:11:51.531408
ED   43,0.00%,Stephen C. Dachtera,(Conservative),12,AD 39,2025-11-04_22:11:51.531408
ED   43,0.00%,WRITE-IN,&nbsp,-,AD 39,2025-11-04_22:11:51.531408
ED   48,0.00%,Thomas G. Wright-Fernandez,(Democratic),179,AD 39,2025-11-04_22:11:51.531408
ED   48,0.00%,Eve Cho Guillergan,(Democratic),162,AD 39,2025-11-04_22:11:51.531408
ED   48,0.00%,Stephen C. Dachtera,(Republican),50,AD 39,2025-11-04_22:11:51.531408
ED   48,0.00%,Stephen C. Dachtera,(Conservative),6,AD 39,2025-11-04_22:11:51.531408
ED   48,0.00%,WRITE-IN,&nbsp,-,AD 39,2025-11-04_22:11:51.531408
ED   49,0.00%,Thomas G. Wright-Fernandez,(Democratic),181,AD 39,2025-11-04_22:11:51.531408
ED   49,0.00%,Eve Cho Guillergan,(Democratic),144,AD 39,2025-11-04_22:11:51.531408
ED   49,0.00%,Stephen C. Dachtera,(Republican),56,AD 39,2025-11-04_22:11:51.531408
ED   49,0.00%,Stephen C. Dachtera,(Conservative),5,AD 39,2025-11-04_22:11:51.531408
ED   49,0.00%,WRITE-IN,&nbsp,3,AD 39,2025-11-04_22:11:51.531408
ED   50,0.00%,Thomas G. Wright-Fernandez,(Democratic),56,AD 39,2025-11-04_22:11:51.531408
ED   50,0.00%,Eve Cho Guillergan,(Democratic),55,AD 39,2025-11-04_22:11:51.531408
ED   50,0.00%,Stephen C. Dachtera,(Republican),27,AD 39,2025-11-04_22:11:51.531408
ED   50,0.00%,Stephen C. Dachtera,(Conservative),4,AD 39,2025-11-04_22:11:51.531408
ED   50,0.00%,WRITE-IN,&nbsp,-,AD 39,2025-11-04_22:11:51.531408
ED   52,0.00%,Thomas G. Wright-Fernandez,(Democratic),94,AD 39,2025-11-04_22:11:51.531408
ED   52,0.00%,Eve Cho Guillergan,(Democratic),89,AD 39,2025-11-04_22:11:51.531408
ED   52,0.00%,Stephen C. Dachtera,(Republican),20,AD 39,2025-11-04_22:11:51.531408
ED   52,0.00%,Stephen C. Dachtera,(Conservative),2,AD 39,2025-11-04_22:11:51.531408
ED   52,0.00%,WRITE-IN,&nbsp,-,AD 39,2025-11-04_22:11:51.531408
Total,,Thomas G. Wright-Fernandez,(Democratic),10882,AD 39,2025-11-04_22:11:51.531408
Total,,Eve Cho Guillergan,(Democratic),10291,AD 39,2025-11-04_22:11:51.531408
Total,,Stephen C. Dachtera,(Republican),3426,AD 39,2025-11-04_22:11:51.531408
Total,,Stephen C. Dachtera,(Conservative),377,AD 39,2025-11-04_22:11:51.531408
Total,,WRITE-IN,&nbsp,109,AD 39,2025-11-04_22:11:51.531408
