ED_num,reported,candidate,party,votes,AD_num,scrape_time
ED   71,66.67%,Alvin L. Bragg Jr.,(Democratic),0,AD 37,2025-11-06_10:53:47.028996
ED   71,66.67%,Maud Maron,(Republican),0,AD 37,2025-11-06_10:53:47.028996
ED   71,66.67%,Maud Maron,(Conservative),0,AD 37,2025-11-06_10:53:47.028996
ED   71,66.67%,Alvin L. Bragg Jr.,(Working Families),0,AD 37,2025-11-06_10:53:47.028996
ED   71,66.67%,Diana J. Florence,(A Safer Manhattan),0,AD 37,2025-11-06_10:53:47.028996
ED   71,66.67%,WRITE-IN,&nbsp,0,AD 37,2025-11-06_10:53:47.028996
Total,,Alvin L. Bragg Jr.,(Democratic),-,AD 37,2025-11-06_10:53:47.028996
Total,,Maud Maron,(Republican),-,AD 37,2025-11-06_10:53:47.028996
Total,,Maud Maron,(Conservative),-,AD 37,2025-11-06_10:53:47.028996
Total,,Alvin L. Bragg Jr.,(Working Families),-,AD 37,2025-11-06_10:53:47.028996
Total,,Diana J. Florence,(A Safer Manhattan),-,AD 37,2025-11-06_10:53:47.028996
Total,,WRITE-IN,&nbsp,-,AD 37,2025-11-06_10:53:47.028996
ED   60,99.00%,Alvin L. Bragg Jr.,(Democratic),333,AD 61,2025-11-06_10:53:47.028996
ED   60,99.00%,Maud Maron,(Republican),162,AD 61,2025-11-06_10:53:47.028996
ED   60,99.00%,Maud Maron,(Conservative),17,AD 61,2025-11-06_10:53:47.028996
ED   60,99.00%,Alvin L. Bragg Jr.,(Working Families),37,AD 61,2025-11-06_10:53:47.028996
ED   60,99.00%,Diana J. Florence,(A Safer Manhattan),15,AD 61,2025-11-06_10:53:47.028996
ED   60,99.00%,WRITE-IN,&nbsp,0,AD 61,2025-11-06_10:53:47.028996
ED   61,99.00%,Alvin L. Bragg Jr.,(Democratic),473,AD 61,2025-11-06_10:53:47.028996
ED   61,99.00%,Maud Maron,(Republican),271,AD 61,2025-11-06_10:53:47.028996
ED   61,99.00%,Maud Maron,(Conservative),22,AD 61,2025-11-06_10:53:47.028996
ED   61,99.00%,Alvin L. Bragg Jr.,(Working Families),57,AD 61,2025-11-06_10:53:47.028996
ED   61,99.00%,Diana J. Florence,(A Safer Manhattan),54,AD 61,2025-11-06_10:53:47.028996
ED   61,99.00%,WRITE-IN,&nbsp,4,AD 61,2025-11-06_10:53:47.028996
ED   62,99.00%,Alvin L. Bragg Jr.,(Democratic),372,AD 61,2025-11-06_10:53:47.028996
ED   62,99.00%,Maud Maron,(Republican),256,AD 61,2025-11-06_10:53:47.028996
ED   62,99.00%,Maud Maron,(Conservative),20,AD 61,2025-11-06_10:53:47.028996
ED   62,99.00%,Alvin L. Bragg Jr.,(Working Families),36,AD 61,2025-11-06_10:53:47.028996
ED   62,99.00%,Diana J. Florence,(A Safer Manhattan),41,AD 61,2025-11-06_10:53:47.028996
ED   62,99.00%,WRITE-IN,&nbsp,0,AD 61,2025-11-06_10:53:47.028996
ED   63,99.00%,Alvin L. Bragg Jr.,(Democratic),496,AD 61,2025-11-06_10:53:47.028996
ED   63,99.00%,Maud Maron,(Republican),288,AD 61,2025-11-06_10:53:47.028996
ED   63,99.00%,Maud Maron,(Conservative),20,AD 61,2025-11-06_10:53:47.028996
ED   63,99.00%,Alvin L. Bragg Jr.,(Working Families),26,AD 61,2025-11-06_10:53:47.028996
ED   63,99.00%,Diana J. Florence,(A Safer Manhattan),73,AD 61,2025-11-06_10:53:47.028996
ED   63,99.00%,WRITE-IN,&nbsp,1,AD 61,2025-11-06_10:53:47.028996
ED   64,99.00%,Alvin L. Bragg Jr.,(Democratic),275,AD 61,2025-11-06_10:53:47.028996
ED   64,99.00%,Maud Maron,(Republican),137,AD 61,2025-11-06_10:53:47.028996
ED   64,99.00%,Maud Maron,(Conservative),11,AD 61,2025-11-06_10:53:47.028996
ED   64,99.00%,Alvin L. Bragg Jr.,(Working Families),32,AD 61,2025-11-06_10:53:47.028996
ED   64,99.00%,Diana J. Florence,(A Safer Manhattan),34,AD 61,2025-11-06_10:53:47.028996
ED   64,99.00%,WRITE-IN,&nbsp,1,AD 61,2025-11-06_10:53:47.028996
ED   65,99.00%,Alvin L. Bragg Jr.,(Democratic),441,AD 61,2025-11-06_10:53:47.028996
ED   65,99.00%,Maud Maron,(Republican),282,AD 61,2025-11-06_10:53:47.028996
ED   65,99.00%,Maud Maron,(Conservative),23,AD 61,2025-11-06_10:53:47.028996
ED   65,99.00%,Alvin L. Bragg Jr.,(Working Families),26,AD 61,2025-11-06_10:53:47.028996
ED   65,99.00%,Diana J. Florence,(A Safer Manhattan),39,AD 61,2025-11-06_10:53:47.028996
ED   65,99.00%,WRITE-IN,&nbsp,2,AD 61,2025-11-06_10:53:47.028996
ED   66,99.00%,Alvin L. Bragg Jr.,(Democratic),374,AD 61,2025-11-06_10:53:47.028996
ED   66,99.00%,Maud Maron,(Republican),315,AD 61,2025-11-06_10:53:47.028996
ED   66,99.00%,Maud Maron,(Conservative),37,AD 61,2025-11-06_10:53:47.028996
ED   66,99.00%,Alvin L. Bragg Jr.,(Working Families),22,AD 61,2025-11-06_10:53:47.028996
ED   66,99.00%,Diana J. Florence,(A Safer Manhattan),33,AD 61,2025-11-06_10:53:47.028996
ED   66,99.00%,WRITE-IN,&nbsp,1,AD 61,2025-11-06_10:53:47.028996
ED   67,99.00%,Alvin L. Bragg Jr.,(Democratic),410,AD 61,2025-11-06_10:53:47.028996
ED   67,99.00%,Maud Maron,(Republican),214,AD 61,2025-11-06_10:53:47.028996
ED   67,99.00%,Maud Maron,(Conservative),17,AD 61,2025-11-06_10:53:47.028996
ED   67,99.00%,Alvin L. Bragg Jr.,(Working Families),60,AD 61,2025-11-06_10:53:47.028996
ED   67,99.00%,Diana J. Florence,(A Safer Manhattan),29,AD 61,2025-11-06_10:53:47.028996
ED   67,99.00%,WRITE-IN,&nbsp,1,AD 61,2025-11-06_10:53:47.028996
ED   68,99.00%,Alvin L. Bragg Jr.,(Democratic),485,AD 61,2025-11-06_10:53:47.028996
ED   68,99.00%,Maud Maron,(Republican),257,AD 61,2025-11-06_10:53:47.028996
ED   68,99.00%,Maud Maron,(Conservative),24,AD 61,2025-11-06_10:53:47.028996
ED   68,99.00%,Alvin L. Bragg Jr.,(Working Families),67,AD 61,2025-11-06_10:53:47.028996
ED   68,99.00%,Diana J. Florence,(A Safer Manhattan),37,AD 61,2025-11-06_10:53:47.028996
ED   68,99.00%,WRITE-IN,&nbsp,3,AD 61,2025-11-06_10:53:47.028996
ED   69,99.00%,Alvin L. Bragg Jr.,(Democratic),0,AD 61,2025-11-06_10:53:47.028996
ED   69,99.00%,Maud Maron,(Republican),0,AD 61,2025-11-06_10:53:47.028996
ED   69,99.00%,Maud Maron,(Conservative),0,AD 61,2025-11-06_10:53:47.028996
ED   69,99.00%,Alvin L. Bragg Jr.,(Working Families),0,AD 61,2025-11-06_10:53:47.028996
ED   69,99.00%,Diana J. Florence,(A Safer Manhattan),0,AD 61,2025-11-06_10:53:47.028996
ED   69,99.00%,WRITE-IN,&nbsp,0,AD 61,2025-11-06_10:53:47.028996
ED   70,99.00%,Alvin L. Bragg Jr.,(Democratic),0,AD 61,2025-11-06_10:53:47.028996
ED   70,99.00%,Maud Maron,(Republican),0,AD 61,2025-11-06_10:53:47.028996
ED   70,99.00%,Maud Maron,(Conservative),0,AD 61,2025-11-06_10:53:47.028996
ED   70,99.00%,Alvin L. Bragg Jr.,(Working Families),0,AD 61,2025-11-06_10:53:47.028996
ED   70,99.00%,Diana J. Florence,(A Safer Manhattan),0,AD 61,2025-11-06_10:53:47.028996
ED   70,99.00%,WRITE-IN,&nbsp,0,AD 61,2025-11-06_10:53:47.028996
ED   71,99.00%,Alvin L. Bragg Jr.,(Democratic),0,AD 61,2025-11-06_10:53:47.028996
ED   71,99.00%,Maud Maron,(Republican),0,AD 61,2025-11-06_10:53:47.028996
ED   71,99.00%,Maud Maron,(Conservative),0,AD 61,2025-11-06_10:53:47.028996
ED   71,99.00%,Alvin L. Bragg Jr.,(Working Families),0,AD 61,2025-11-06_10:53:47.028996
ED   71,99.00%,Diana J. Florence,(A Safer Manhattan),0,AD 61,2025-11-06_10:53:47.028996
ED   71,99.00%,WRITE-IN,&nbsp,0,AD 61,2025-11-06_10:53:47.028996
ED   72,99.00%,Alvin L. Bragg Jr.,(Democratic),0,AD 61,2025-11-06_10:53:47.028996
ED   72,99.00%,Maud Maron,(Republican),0,AD 61,2025-11-06_10:53:47.028996
ED   72,99.00%,Maud Maron,(Conservative),0,AD 61,2025-11-06_10:53:47.028996
ED   72,99.00%,Alvin L. Bragg Jr.,(Working Families),0,AD 61,2025-11-06_10:53:47.028996
ED   72,99.00%,Diana J. Florence,(A Safer Manhattan),0,AD 61,2025-11-06_10:53:47.028996
ED   72,99.00%,WRITE-IN,&nbsp,0,AD 61,2025-11-06_10:53:47.028996
ED   73,99.00%,Alvin L. Bragg Jr.,(Democratic),0,AD 61,2025-11-06_10:53:47.028996
ED   73,99.00%,Maud Maron,(Republican),0,AD 61,2025-11-06_10:53:47.028996
ED   73,99.00%,Maud Maron,(Conservative),0,AD 61,2025-11-06_10:53:47.028996
ED   73,99.00%,Alvin L. Bragg Jr.,(Working Families),0,AD 61,2025-11-06_10:53:47.028996
ED   73,99.00%,Diana J. Florence,(A Safer Manhattan),0,AD 61,2025-11-06_10:53:47.028996
ED   73,99.00%,WRITE-IN,&nbsp,0,AD 61,2025-11-06_10:53:47.028996
ED   74,99.00%,Alvin L. Bragg Jr.,(Democratic),0,AD 61,2025-11-06_10:53:47.028996
ED   74,99.00%,Maud Maron,(Republican),0,AD 61,2025-11-06_10:53:47.028996
ED   74,99.00%,Maud Maron,(Conservative),0,AD 61,2025-11-06_10:53:47.028996
ED   74,99.00%,Alvin L. Bragg Jr.,(Working Families),0,AD 61,2025-11-06_10:53:47.028996
ED   74,99.00%,Diana J. Florence,(A Safer Manhattan),0,AD 61,2025-11-06_10:53:47.028996
ED   74,99.00%,WRITE-IN,&nbsp,0,AD 61,2025-11-06_10:53:47.028996
Total,,Alvin L. Bragg Jr.,(Democratic),3659,AD 61,2025-11-06_10:53:47.028996
Total,,Maud Maron,(Republican),2182,AD 61,2025-11-06_10:53:47.028996
Total,,Maud Maron,(Conservative),191,AD 61,2025-11-06_10:53:47.028996
Total,,Alvin L. Bragg Jr.,(Working Families),363,AD 61,2025-11-06_10:53:47.028996
Total,,Diana J. Florence,(A Safer Manhattan),355,AD 61,2025-11-06_10:53:47.028996
Total,,WRITE-IN,&nbsp,13,AD 61,2025-11-06_10:53:47.028996
ED    1,99.00%,Alvin L. Bragg Jr.,(Democratic),467,AD 65,2025-11-06_10:53:47.028996
ED    1,99.00%,Maud Maron,(Republican),227,AD 65,2025-11-06_10:53:47.028996
ED    1,99.00%,Maud Maron,(Conservative),19,AD 65,2025-11-06_10:53:47.028996
ED    1,99.00%,Alvin L. Bragg Jr.,(Working Families),43,AD 65,2025-11-06_10:53:47.028996
ED    1,99.00%,Diana J. Florence,(A Safer Manhattan),39,AD 65,2025-11-06_10:53:47.028996
ED    1,99.00%,WRITE-IN,&nbsp,0,AD 65,2025-11-06_10:53:47.028996
ED    2,99.00%,Alvin L. Bragg Jr.,(Democratic),434,AD 65,2025-11-06_10:53:47.028996
ED    2,99.00%,Maud Maron,(Republican),160,AD 65,2025-11-06_10:53:47.028996
ED    2,99.00%,Maud Maron,(Conservative),13,AD 65,2025-11-06_10:53:47.028996
ED    2,99.00%,Alvin L. Bragg Jr.,(Working Families),51,AD 65,2025-11-06_10:53:47.028996
ED    2,99.00%,Diana J. Florence,(A Safer Manhattan),27,AD 65,2025-11-06_10:53:47.028996
ED    2,99.00%,WRITE-IN,&nbsp,2,AD 65,2025-11-06_10:53:47.028996
ED    3,99.00%,Alvin L. Bragg Jr.,(Democratic),506,AD 65,2025-11-06_10:53:47.028996
ED    3,99.00%,Maud Maron,(Republican),235,AD 65,2025-11-06_10:53:47.028996
ED    3,99.00%,Maud Maron,(Conservative),22,AD 65,2025-11-06_10:53:47.028996
ED    3,99.00%,Alvin L. Bragg Jr.,(Working Families),59,AD 65,2025-11-06_10:53:47.028996
ED    3,99.00%,Diana J. Florence,(A Safer Manhattan),39,AD 65,2025-11-06_10:53:47.028996
ED    3,99.00%,WRITE-IN,&nbsp,2,AD 65,2025-11-06_10:53:47.028996
ED    4,99.00%,Alvin L. Bragg Jr.,(Democratic),419,AD 65,2025-11-06_10:53:47.028996
ED    4,99.00%,Maud Maron,(Republican),199,AD 65,2025-11-06_10:53:47.028996
ED    4,99.00%,Maud Maron,(Conservative),15,AD 65,2025-11-06_10:53:47.028996
ED    4,99.00%,Alvin L. Bragg Jr.,(Working Families),51,AD 65,2025-11-06_10:53:47.028996
ED    4,99.00%,Diana J. Florence,(A Safer Manhattan),48,AD 65,2025-11-06_10:53:47.028996
ED    4,99.00%,WRITE-IN,&nbsp,0,AD 65,2025-11-06_10:53:47.028996
ED    5,99.00%,Alvin L. Bragg Jr.,(Democratic),384,AD 65,2025-11-06_10:53:47.028996
ED    5,99.00%,Maud Maron,(Republican),166,AD 65,2025-11-06_10:53:47.028996
ED    5,99.00%,Maud Maron,(Conservative),14,AD 65,2025-11-06_10:53:47.028996
ED    5,99.00%,Alvin L. Bragg Jr.,(Working Families),40,AD 65,2025-11-06_10:53:47.028996
ED    5,99.00%,Diana J. Florence,(A Safer Manhattan),19,AD 65,2025-11-06_10:53:47.028996
ED    5,99.00%,WRITE-IN,&nbsp,0,AD 65,2025-11-06_10:53:47.028996
ED    6,99.00%,Alvin L. Bragg Jr.,(Democratic),390,AD 65,2025-11-06_10:53:47.028996
ED    6,99.00%,Maud Maron,(Republican),176,AD 65,2025-11-06_10:53:47.028996
ED    6,99.00%,Maud Maron,(Conservative),8,AD 65,2025-11-06_10:53:47.028996
ED    6,99.00%,Alvin L. Bragg Jr.,(Working Families),45,AD 65,2025-11-06_10:53:47.028996
ED    6,99.00%,Diana J. Florence,(A Safer Manhattan),17,AD 65,2025-11-06_10:53:47.028996
ED    6,99.00%,WRITE-IN,&nbsp,0,AD 65,2025-11-06_10:53:47.028996
ED    7,99.00%,Alvin L. Bragg Jr.,(Democratic),380,AD 65,2025-11-06_10:53:47.028996
ED    7,99.00%,Maud Maron,(Republican),266,AD 65,2025-11-06_10:53:47.028996
ED    7,99.00%,Maud Maron,(Conservative),31,AD 65,2025-11-06_10:53:47.028996
ED    7,99.00%,Alvin L. Bragg Jr.,(Working Families),63,AD 65,2025-11-06_10:53:47.028996
ED    7,99.00%,Diana J. Florence,(A Safer Manhattan),69,AD 65,2025-11-06_10:53:47.028996
ED    7,99.00%,WRITE-IN,&nbsp,0,AD 65,2025-11-06_10:53:47.028996
ED    8,99.00%,Alvin L. Bragg Jr.,(Democratic),254,AD 65,2025-11-06_10:53:47.028996
ED    8,99.00%,Maud Maron,(Republican),198,AD 65,2025-11-06_10:53:47.028996
ED    8,99.00%,Maud Maron,(Conservative),14,AD 65,2025-11-06_10:53:47.028996
ED    8,99.00%,Alvin L. Bragg Jr.,(Working Families),44,AD 65,2025-11-06_10:53:47.028996
ED    8,99.00%,Diana J. Florence,(A Safer Manhattan),51,AD 65,2025-11-06_10:53:47.028996
ED    8,99.00%,WRITE-IN,&nbsp,0,AD 65,2025-11-06_10:53:47.028996
ED    9,99.00%,Alvin L. Bragg Jr.,(Democratic),514,AD 65,2025-11-06_10:53:47.028996
ED    9,99.00%,Maud Maron,(Republican),160,AD 65,2025-11-06_10:53:47.028996
ED    9,99.00%,Maud Maron,(Conservative),20,AD 65,2025-11-06_10:53:47.028996
ED    9,99.00%,Alvin L. Bragg Jr.,(Working Families),55,AD 65,2025-11-06_10:53:47.028996
ED    9,99.00%,Diana J. Florence,(A Safer Manhattan),37,AD 65,2025-11-06_10:53:47.028996
ED    9,99.00%,WRITE-IN,&nbsp,0,AD 65,2025-11-06_10:53:47.028996
ED   10,99.00%,Alvin L. Bragg Jr.,(Democratic),361,AD 65,2025-11-06_10:53:47.028996
ED   10,99.00%,Maud Maron,(Republican),170,AD 65,2025-11-06_10:53:47.028996
ED   10,99.00%,Maud Maron,(Conservative),12,AD 65,2025-11-06_10:53:47.028996
ED   10,99.00%,Alvin L. Bragg Jr.,(Working Families),48,AD 65,2025-11-06_10:53:47.028996
ED   10,99.00%,Diana J. Florence,(A Safer Manhattan),30,AD 65,2025-11-06_10:53:47.028996
ED   10,99.00%,WRITE-IN,&nbsp,1,AD 65,2025-11-06_10:53:47.028996
ED   11,99.00%,Alvin L. Bragg Jr.,(Democratic),215,AD 65,2025-11-06_10:53:47.028996
ED   11,99.00%,Maud Maron,(Republican),61,AD 65,2025-11-06_10:53:47.028996
ED   11,99.00%,Maud Maron,(Conservative),10,AD 65,2025-11-06_10:53:47.028996
ED   11,99.00%,Alvin L. Bragg Jr.,(Working Families),34,AD 65,2025-11-06_10:53:47.028996
ED   11,99.00%,Diana J. Florence,(A Safer Manhattan),11,AD 65,2025-11-06_10:53:47.028996
ED   11,99.00%,WRITE-IN,&nbsp,2,AD 65,2025-11-06_10:53:47.028996
ED   12,99.00%,Alvin L. Bragg Jr.,(Democratic),132,AD 65,2025-11-06_10:53:47.028996
ED   12,99.00%,Maud Maron,(Republican),40,AD 65,2025-11-06_10:53:47.028996
ED   12,99.00%,Maud Maron,(Conservative),6,AD 65,2025-11-06_10:53:47.028996
ED   12,99.00%,Alvin L. Bragg Jr.,(Working Families),10,AD 65,2025-11-06_10:53:47.028996
ED   12,99.00%,Diana J. Florence,(A Safer Manhattan),24,AD 65,2025-11-06_10:53:47.028996
ED   12,99.00%,WRITE-IN,&nbsp,0,AD 65,2025-11-06_10:53:47.028996
ED   13,99.00%,Alvin L. Bragg Jr.,(Democratic),260,AD 65,2025-11-06_10:53:47.028996
ED   13,99.00%,Maud Maron,(Republican),94,AD 65,2025-11-06_10:53:47.028996
ED   13,99.00%,Maud Maron,(Conservative),11,AD 65,2025-11-06_10:53:47.028996
ED   13,99.00%,Alvin L. Bragg Jr.,(Working Families),35,AD 65,2025-11-06_10:53:47.028996
ED   13,99.00%,Diana J. Florence,(A Safer Manhattan),37,AD 65,2025-11-06_10:53:47.028996
ED   13,99.00%,WRITE-IN,&nbsp,0,AD 65,2025-11-06_10:53:47.028996
ED   14,99.00%,Alvin L. Bragg Jr.,(Democratic),142,AD 65,2025-11-06_10:53:47.028996
ED   14,99.00%,Maud Maron,(Republican),44,AD 65,2025-11-06_10:53:47.028996
ED   14,99.00%,Maud Maron,(Conservative),7,AD 65,2025-11-06_10:53:47.028996
ED   14,99.00%,Alvin L. Bragg Jr.,(Working Families),24,AD 65,2025-11-06_10:53:47.028996
ED   14,99.00%,Diana J. Florence,(A Safer Manhattan),22,AD 65,2025-11-06_10:53:47.028996
ED   14,99.00%,WRITE-IN,&nbsp,0,AD 65,2025-11-06_10:53:47.028996
ED   15,99.00%,Alvin L. Bragg Jr.,(Democratic),171,AD 65,2025-11-06_10:53:47.028996
ED   15,99.00%,Maud Maron,(Republican),104,AD 65,2025-11-06_10:53:47.028996
ED   15,99.00%,Maud Maron,(Conservative),20,AD 65,2025-11-06_10:53:47.028996
ED   15,99.00%,Alvin L. Bragg Jr.,(Working Families),31,AD 65,2025-11-06_10:53:47.028996
ED   15,99.00%,Diana J. Florence,(A Safer Manhattan),39,AD 65,2025-11-06_10:53:47.028996
ED   15,99.00%,WRITE-IN,&nbsp,0,AD 65,2025-11-06_10:53:47.028996
ED   16,99.00%,Alvin L. Bragg Jr.,(Democratic),113,AD 65,2025-11-06_10:53:47.028996
ED   16,99.00%,Maud Maron,(Republican),117,AD 65,2025-11-06_10:53:47.028996
ED   16,99.00%,Maud Maron,(Conservative),12,AD 65,2025-11-06_10:53:47.028996
ED   16,99.00%,Alvin L. Bragg Jr.,(Working Families),16,AD 65,2025-11-06_10:53:47.028996
ED   16,99.00%,Diana J. Florence,(A Safer Manhattan),32,AD 65,2025-11-06_10:53:47.028996
ED   16,99.00%,WRITE-IN,&nbsp,2,AD 65,2025-11-06_10:53:47.028996
ED   17,99.00%,Alvin L. Bragg Jr.,(Democratic),218,AD 65,2025-11-06_10:53:47.028996
ED   17,99.00%,Maud Maron,(Republican),64,AD 65,2025-11-06_10:53:47.028996
ED   17,99.00%,Maud Maron,(Conservative),3,AD 65,2025-11-06_10:53:47.028996
ED   17,99.00%,Alvin L. Bragg Jr.,(Working Families),70,AD 65,2025-11-06_10:53:47.028996
ED   17,99.00%,Diana J. Florence,(A Safer Manhattan),22,AD 65,2025-11-06_10:53:47.028996
ED   17,99.00%,WRITE-IN,&nbsp,0,AD 65,2025-11-06_10:53:47.028996
ED   18,99.00%,Alvin L. Bragg Jr.,(Democratic),192,AD 65,2025-11-06_10:53:47.028996
ED   18,99.00%,Maud Maron,(Republican),63,AD 65,2025-11-06_10:53:47.028996
ED   18,99.00%,Maud Maron,(Conservative),11,AD 65,2025-11-06_10:53:47.028996
ED   18,99.00%,Alvin L. Bragg Jr.,(Working Families),16,AD 65,2025-11-06_10:53:47.028996
ED   18,99.00%,Diana J. Florence,(A Safer Manhattan),22,AD 65,2025-11-06_10:53:47.028996
ED   18,99.00%,WRITE-IN,&nbsp,0,AD 65,2025-11-06_10:53:47.028996
ED   19,99.00%,Alvin L. Bragg Jr.,(Democratic),283,AD 65,2025-11-06_10:53:47.028996
ED   19,99.00%,Maud Maron,(Republican),125,AD 65,2025-11-06_10:53:47.028996
ED   19,99.00%,Maud Maron,(Conservative),19,AD 65,2025-11-06_10:53:47.028996
ED   19,99.00%,Alvin L. Bragg Jr.,(Working Families),44,AD 65,2025-11-06_10:53:47.028996
ED   19,99.00%,Diana J. Florence,(A Safer Manhattan),54,AD 65,2025-11-06_10:53:47.028996
ED   19,99.00%,WRITE-IN,&nbsp,1,AD 65,2025-11-06_10:53:47.028996
ED   20,99.00%,Alvin L. Bragg Jr.,(Democratic),214,AD 65,2025-11-06_10:53:47.028996
ED   20,99.00%,Maud Maron,(Republican),74,AD 65,2025-11-06_10:53:47.028996
ED   20,99.00%,Maud Maron,(Conservative),10,AD 65,2025-11-06_10:53:47.028996
ED   20,99.00%,Alvin L. Bragg Jr.,(Working Families),59,AD 65,2025-11-06_10:53:47.028996
ED   20,99.00%,Diana J. Florence,(A Safer Manhattan),24,AD 65,2025-11-06_10:53:47.028996
ED   20,99.00%,WRITE-IN,&nbsp,1,AD 65,2025-11-06_10:53:47.028996
ED   21,99.00%,Alvin L. Bragg Jr.,(Democratic),237,AD 65,2025-11-06_10:53:47.028996
ED   21,99.00%,Maud Maron,(Republican),98,AD 65,2025-11-06_10:53:47.028996
ED   21,99.00%,Maud Maron,(Conservative),12,AD 65,2025-11-06_10:53:47.028996
ED   21,99.00%,Alvin L. Bragg Jr.,(Working Families),71,AD 65,2025-11-06_10:53:47.028996
ED   21,99.00%,Diana J. Florence,(A Safer Manhattan),18,AD 65,2025-11-06_10:53:47.028996
ED   21,99.00%,WRITE-IN,&nbsp,2,AD 65,2025-11-06_10:53:47.028996
ED   22,99.00%,Alvin L. Bragg Jr.,(Democratic),178,AD 65,2025-11-06_10:53:47.028996
ED   22,99.00%,Maud Maron,(Republican),69,AD 65,2025-11-06_10:53:47.028996
ED   22,99.00%,Maud Maron,(Conservative),5,AD 65,2025-11-06_10:53:47.028996
ED   22,99.00%,Alvin L. Bragg Jr.,(Working Families),41,AD 65,2025-11-06_10:53:47.028996
ED   22,99.00%,Diana J. Florence,(A Safer Manhattan),12,AD 65,2025-11-06_10:53:47.028996
ED   22,99.00%,WRITE-IN,&nbsp,0,AD 65,2025-11-06_10:53:47.028996
ED   23,99.00%,Alvin L. Bragg Jr.,(Democratic),215,AD 65,2025-11-06_10:53:47.028996
ED   23,99.00%,Maud Maron,(Republican),63,AD 65,2025-11-06_10:53:47.028996
ED   23,99.00%,Maud Maron,(Conservative),11,AD 65,2025-11-06_10:53:47.028996
ED   23,99.00%,Alvin L. Bragg Jr.,(Working Families),41,AD 65,2025-11-06_10:53:47.028996
ED   23,99.00%,Diana J. Florence,(A Safer Manhattan),29,AD 65,2025-11-06_10:53:47.028996
ED   23,99.00%,WRITE-IN,&nbsp,3,AD 65,2025-11-06_10:53:47.028996
ED   24,99.00%,Alvin L. Bragg Jr.,(Democratic),126,AD 65,2025-11-06_10:53:47.028996
ED   24,99.00%,Maud Maron,(Republican),43,AD 65,2025-11-06_10:53:47.028996
ED   24,99.00%,Maud Maron,(Conservative),3,AD 65,2025-11-06_10:53:47.028996
ED   24,99.00%,Alvin L. Bragg Jr.,(Working Families),9,AD 65,2025-11-06_10:53:47.028996
ED   24,99.00%,Diana J. Florence,(A Safer Manhattan),18,AD 65,2025-11-06_10:53:47.028996
ED   24,99.00%,WRITE-IN,&nbsp,2,AD 65,2025-11-06_10:53:47.028996
ED   25,99.00%,Alvin L. Bragg Jr.,(Democratic),188,AD 65,2025-11-06_10:53:47.028996
ED   25,99.00%,Maud Maron,(Republican),38,AD 65,2025-11-06_10:53:47.028996
ED   25,99.00%,Maud Maron,(Conservative),7,AD 65,2025-11-06_10:53:47.028996
ED   25,99.00%,Alvin L. Bragg Jr.,(Working Families),50,AD 65,2025-11-06_10:53:47.028996
ED   25,99.00%,Diana J. Florence,(A Safer Manhattan),23,AD 65,2025-11-06_10:53:47.028996
ED   25,99.00%,WRITE-IN,&nbsp,0,AD 65,2025-11-06_10:53:47.028996
ED   26,99.00%,Alvin L. Bragg Jr.,(Democratic),322,AD 65,2025-11-06_10:53:47.028996
ED   26,99.00%,Maud Maron,(Republican),106,AD 65,2025-11-06_10:53:47.028996
ED   26,99.00%,Maud Maron,(Conservative),15,AD 65,2025-11-06_10:53:47.028996
ED   26,99.00%,Alvin L. Bragg Jr.,(Working Families),51,AD 65,2025-11-06_10:53:47.028996
ED   26,99.00%,Diana J. Florence,(A Safer Manhattan),60,AD 65,2025-11-06_10:53:47.028996
ED   26,99.00%,WRITE-IN,&nbsp,1,AD 65,2025-11-06_10:53:47.028996
ED   27,99.00%,Alvin L. Bragg Jr.,(Democratic),237,AD 65,2025-11-06_10:53:47.028996
ED   27,99.00%,Maud Maron,(Republican),37,AD 65,2025-11-06_10:53:47.028996
ED   27,99.00%,Maud Maron,(Conservative),2,AD 65,2025-11-06_10:53:47.028996
ED   27,99.00%,Alvin L. Bragg Jr.,(Working Families),40,AD 65,2025-11-06_10:53:47.028996
ED   27,99.00%,Diana J. Florence,(A Safer Manhattan),25,AD 65,2025-11-06_10:53:47.028996
ED   27,99.00%,WRITE-IN,&nbsp,0,AD 65,2025-11-06_10:53:47.028996
ED   28,99.00%,Alvin L. Bragg Jr.,(Democratic),407,AD 65,2025-11-06_10:53:47.028996
ED   28,99.00%,Maud Maron,(Republican),161,AD 65,2025-11-06_10:53:47.028996
ED   28,99.00%,Maud Maron,(Conservative),15,AD 65,2025-11-06_10:53:47.028996
ED   28,99.00%,Alvin L. Bragg Jr.,(Working Families),74,AD 65,2025-11-06_10:53:47.028996
ED   28,99.00%,Diana J. Florence,(A Safer Manhattan),53,AD 65,2025-11-06_10:53:47.028996
ED   28,99.00%,WRITE-IN,&nbsp,2,AD 65,2025-11-06_10:53:47.028996
ED   29,99.00%,Alvin L. Bragg Jr.,(Democratic),477,AD 65,2025-11-06_10:53:47.028996
ED   29,99.00%,Maud Maron,(Republican),181,AD 65,2025-11-06_10:53:47.028996
ED   29,99.00%,Maud Maron,(Conservative),21,AD 65,2025-11-06_10:53:47.028996
ED   29,99.00%,Alvin L. Bragg Jr.,(Working Families),149,AD 65,2025-11-06_10:53:47.028996
ED   29,99.00%,Diana J. Florence,(A Safer Manhattan),68,AD 65,2025-11-06_10:53:47.028996
ED   29,99.00%,WRITE-IN,&nbsp,2,AD 65,2025-11-06_10:53:47.028996
ED   30,99.00%,Alvin L. Bragg Jr.,(Democratic),199,AD 65,2025-11-06_10:53:47.028996
ED   30,99.00%,Maud Maron,(Republican),54,AD 65,2025-11-06_10:53:47.028996
ED   30,99.00%,Maud Maron,(Conservative),6,AD 65,2025-11-06_10:53:47.028996
ED   30,99.00%,Alvin L. Bragg Jr.,(Working Families),29,AD 65,2025-11-06_10:53:47.028996
ED   30,99.00%,Diana J. Florence,(A Safer Manhattan),23,AD 65,2025-11-06_10:53:47.028996
ED   30,99.00%,WRITE-IN,&nbsp,0,AD 65,2025-11-06_10:53:47.028996
ED   31,99.00%,Alvin L. Bragg Jr.,(Democratic),349,AD 65,2025-11-06_10:53:47.028996
ED   31,99.00%,Maud Maron,(Republican),108,AD 65,2025-11-06_10:53:47.028996
ED   31,99.00%,Maud Maron,(Conservative),13,AD 65,2025-11-06_10:53:47.028996
ED   31,99.00%,Alvin L. Bragg Jr.,(Working Families),75,AD 65,2025-11-06_10:53:47.028996
ED   31,99.00%,Diana J. Florence,(A Safer Manhattan),45,AD 65,2025-11-06_10:53:47.028996
ED   31,99.00%,WRITE-IN,&nbsp,1,AD 65,2025-11-06_10:53:47.028996
ED   32,99.00%,Alvin L. Bragg Jr.,(Democratic),347,AD 65,2025-11-06_10:53:47.028996
ED   32,99.00%,Maud Maron,(Republican),114,AD 65,2025-11-06_10:53:47.028996
ED   32,99.00%,Maud Maron,(Conservative),10,AD 65,2025-11-06_10:53:47.028996
ED   32,99.00%,Alvin L. Bragg Jr.,(Working Families),75,AD 65,2025-11-06_10:53:47.028996
ED   32,99.00%,Diana J. Florence,(A Safer Manhattan),27,AD 65,2025-11-06_10:53:47.028996
ED   32,99.00%,WRITE-IN,&nbsp,0,AD 65,2025-11-06_10:53:47.028996
ED   33,99.00%,Alvin L. Bragg Jr.,(Democratic),448,AD 65,2025-11-06_10:53:47.028996
ED   33,99.00%,Maud Maron,(Republican),170,AD 65,2025-11-06_10:53:47.028996
ED   33,99.00%,Maud Maron,(Conservative),21,AD 65,2025-11-06_10:53:47.028996
ED   33,99.00%,Alvin L. Bragg Jr.,(Working Families),96,AD 65,2025-11-06_10:53:47.028996
ED   33,99.00%,Diana J. Florence,(A Safer Manhattan),56,AD 65,2025-11-06_10:53:47.028996
ED   33,99.00%,WRITE-IN,&nbsp,1,AD 65,2025-11-06_10:53:47.028996
ED   34,99.00%,Alvin L. Bragg Jr.,(Democratic),216,AD 65,2025-11-06_10:53:47.028996
ED   34,99.00%,Maud Maron,(Republican),42,AD 65,2025-11-06_10:53:47.028996
ED   34,99.00%,Maud Maron,(Conservative),6,AD 65,2025-11-06_10:53:47.028996
ED   34,99.00%,Alvin L. Bragg Jr.,(Working Families),59,AD 65,2025-11-06_10:53:47.028996
ED   34,99.00%,Diana J. Florence,(A Safer Manhattan),7,AD 65,2025-11-06_10:53:47.028996
ED   34,99.00%,WRITE-IN,&nbsp,1,AD 65,2025-11-06_10:53:47.028996
ED   35,99.00%,Alvin L. Bragg Jr.,(Democratic),438,AD 65,2025-11-06_10:53:47.028996
ED   35,99.00%,Maud Maron,(Republican),82,AD 65,2025-11-06_10:53:47.028996
ED   35,99.00%,Maud Maron,(Conservative),5,AD 65,2025-11-06_10:53:47.028996
ED   35,99.00%,Alvin L. Bragg Jr.,(Working Families),134,AD 65,2025-11-06_10:53:47.028996
ED   35,99.00%,Diana J. Florence,(A Safer Manhattan),28,AD 65,2025-11-06_10:53:47.028996
ED   35,99.00%,WRITE-IN,&nbsp,1,AD 65,2025-11-06_10:53:47.028996
ED   36,99.00%,Alvin L. Bragg Jr.,(Democratic),194,AD 65,2025-11-06_10:53:47.028996
ED   36,99.00%,Maud Maron,(Republican),56,AD 65,2025-11-06_10:53:47.028996
ED   36,99.00%,Maud Maron,(Conservative),6,AD 65,2025-11-06_10:53:47.028996
ED   36,99.00%,Alvin L. Bragg Jr.,(Working Families),27,AD 65,2025-11-06_10:53:47.028996
ED   36,99.00%,Diana J. Florence,(A Safer Manhattan),10,AD 65,2025-11-06_10:53:47.028996
ED   36,99.00%,WRITE-IN,&nbsp,0,AD 65,2025-11-06_10:53:47.028996
ED   37,99.00%,Alvin L. Bragg Jr.,(Democratic),75,AD 65,2025-11-06_10:53:47.028996
ED   37,99.00%,Maud Maron,(Republican),14,AD 65,2025-11-06_10:53:47.028996
ED   37,99.00%,Maud Maron,(Conservative),4,AD 65,2025-11-06_10:53:47.028996
ED   37,99.00%,Alvin L. Bragg Jr.,(Working Families),12,AD 65,2025-11-06_10:53:47.028996
ED   37,99.00%,Diana J. Florence,(A Safer Manhattan),3,AD 65,2025-11-06_10:53:47.028996
ED   37,99.00%,WRITE-IN,&nbsp,0,AD 65,2025-11-06_10:53:47.028996
ED   38,99.00%,Alvin L. Bragg Jr.,(Democratic),127,AD 65,2025-11-06_10:53:47.028996
ED   38,99.00%,Maud Maron,(Republican),39,AD 65,2025-11-06_10:53:47.028996
ED   38,99.00%,Maud Maron,(Conservative),2,AD 65,2025-11-06_10:53:47.028996
ED   38,99.00%,Alvin L. Bragg Jr.,(Working Families),29,AD 65,2025-11-06_10:53:47.028996
ED   38,99.00%,Diana J. Florence,(A Safer Manhattan),9,AD 65,2025-11-06_10:53:47.028996
ED   38,99.00%,WRITE-IN,&nbsp,0,AD 65,2025-11-06_10:53:47.028996
ED   39,99.00%,Alvin L. Bragg Jr.,(Democratic),148,AD 65,2025-11-06_10:53:47.028996
ED   39,99.00%,Maud Maron,(Republican),28,AD 65,2025-11-06_10:53:47.028996
ED   39,99.00%,Maud Maron,(Conservative),2,AD 65,2025-11-06_10:53:47.028996
ED   39,99.00%,Alvin L. Bragg Jr.,(Working Families),27,AD 65,2025-11-06_10:53:47.028996
ED   39,99.00%,Diana J. Florence,(A Safer Manhattan),7,AD 65,2025-11-06_10:53:47.028996
ED   39,99.00%,WRITE-IN,&nbsp,0,AD 65,2025-11-06_10:53:47.028996
ED   40,99.00%,Alvin L. Bragg Jr.,(Democratic),443,AD 65,2025-11-06_10:53:47.028996
ED   40,99.00%,Maud Maron,(Republican),95,AD 65,2025-11-06_10:53:47.028996
ED   40,99.00%,Maud Maron,(Conservative),10,AD 65,2025-11-06_10:53:47.028996
ED   40,99.00%,Alvin L. Bragg Jr.,(Working Families),112,AD 65,2025-11-06_10:53:47.028996
ED   40,99.00%,Diana J. Florence,(A Safer Manhattan),15,AD 65,2025-11-06_10:53:47.028996
ED   40,99.00%,WRITE-IN,&nbsp,1,AD 65,2025-11-06_10:53:47.028996
ED   41,99.00%,Alvin L. Bragg Jr.,(Democratic),384,AD 65,2025-11-06_10:53:47.028996
ED   41,99.00%,Maud Maron,(Republican),67,AD 65,2025-11-06_10:53:47.028996
ED   41,99.00%,Maud Maron,(Conservative),6,AD 65,2025-11-06_10:53:47.028996
ED   41,99.00%,Alvin L. Bragg Jr.,(Working Families),86,AD 65,2025-11-06_10:53:47.028996
ED   41,99.00%,Diana J. Florence,(A Safer Manhattan),15,AD 65,2025-11-06_10:53:47.028996
ED   41,99.00%,WRITE-IN,&nbsp,2,AD 65,2025-11-06_10:53:47.028996
ED   42,99.00%,Alvin L. Bragg Jr.,(Democratic),263,AD 65,2025-11-06_10:53:47.028996
ED   42,99.00%,Maud Maron,(Republican),49,AD 65,2025-11-06_10:53:47.028996
ED   42,99.00%,Maud Maron,(Conservative),5,AD 65,2025-11-06_10:53:47.028996
ED   42,99.00%,Alvin L. Bragg Jr.,(Working Families),73,AD 65,2025-11-06_10:53:47.028996
ED   42,99.00%,Diana J. Florence,(A Safer Manhattan),31,AD 65,2025-11-06_10:53:47.028996
ED   42,99.00%,WRITE-IN,&nbsp,1,AD 65,2025-11-06_10:53:47.028996
ED   43,99.00%,Alvin L. Bragg Jr.,(Democratic),348,AD 65,2025-11-06_10:53:47.028996
ED   43,99.00%,Maud Maron,(Republican),79,AD 65,2025-11-06_10:53:47.028996
ED   43,99.00%,Maud Maron,(Conservative),11,AD 65,2025-11-06_10:53:47.028996
ED   43,99.00%,Alvin L. Bragg Jr.,(Working Families),81,AD 65,2025-11-06_10:53:47.028996
ED   43,99.00%,Diana J. Florence,(A Safer Manhattan),18,AD 65,2025-11-06_10:53:47.028996
ED   43,99.00%,WRITE-IN,&nbsp,0,AD 65,2025-11-06_10:53:47.028996
ED   44,99.00%,Alvin L. Bragg Jr.,(Democratic),364,AD 65,2025-11-06_10:53:47.028996
ED   44,99.00%,Maud Maron,(Republican),118,AD 65,2025-11-06_10:53:47.028996
ED   44,99.00%,Maud Maron,(Conservative),9,AD 65,2025-11-06_10:53:47.028996
ED   44,99.00%,Alvin L. Bragg Jr.,(Working Families),73,AD 65,2025-11-06_10:53:47.028996
ED   44,99.00%,Diana J. Florence,(A Safer Manhattan),27,AD 65,2025-11-06_10:53:47.028996
ED   44,99.00%,WRITE-IN,&nbsp,0,AD 65,2025-11-06_10:53:47.028996
ED   45,99.00%,Alvin L. Bragg Jr.,(Democratic),360,AD 65,2025-11-06_10:53:47.028996
ED   45,99.00%,Maud Maron,(Republican),115,AD 65,2025-11-06_10:53:47.028996
ED   45,99.00%,Maud Maron,(Conservative),10,AD 65,2025-11-06_10:53:47.028996
ED   45,99.00%,Alvin L. Bragg Jr.,(Working Families),47,AD 65,2025-11-06_10:53:47.028996
ED   45,99.00%,Diana J. Florence,(A Safer Manhattan),24,AD 65,2025-11-06_10:53:47.028996
ED   45,99.00%,WRITE-IN,&nbsp,0,AD 65,2025-11-06_10:53:47.028996
ED   46,99.00%,Alvin L. Bragg Jr.,(Democratic),431,AD 65,2025-11-06_10:53:47.028996
ED   46,99.00%,Maud Maron,(Republican),187,AD 65,2025-11-06_10:53:47.028996
ED   46,99.00%,Maud Maron,(Conservative),17,AD 65,2025-11-06_10:53:47.028996
ED   46,99.00%,Alvin L. Bragg Jr.,(Working Families),90,AD 65,2025-11-06_10:53:47.028996
ED   46,99.00%,Diana J. Florence,(A Safer Manhattan),69,AD 65,2025-11-06_10:53:47.028996
ED   46,99.00%,WRITE-IN,&nbsp,2,AD 65,2025-11-06_10:53:47.028996
ED   47,99.00%,Alvin L. Bragg Jr.,(Democratic),193,AD 65,2025-11-06_10:53:47.028996
ED   47,99.00%,Maud Maron,(Republican),43,AD 65,2025-11-06_10:53:47.028996
ED   47,99.00%,Maud Maron,(Conservative),4,AD 65,2025-11-06_10:53:47.028996
ED   47,99.00%,Alvin L. Bragg Jr.,(Working Families),32,AD 65,2025-11-06_10:53:47.028996
ED   47,99.00%,Diana J. Florence,(A Safer Manhattan),28,AD 65,2025-11-06_10:53:47.028996
ED   47,99.00%,WRITE-IN,&nbsp,1,AD 65,2025-11-06_10:53:47.028996
ED   48,99.00%,Alvin L. Bragg Jr.,(Democratic),151,AD 65,2025-11-06_10:53:47.028996
ED   48,99.00%,Maud Maron,(Republican),28,AD 65,2025-11-06_10:53:47.028996
ED   48,99.00%,Maud Maron,(Conservative),5,AD 65,2025-11-06_10:53:47.028996
ED   48,99.00%,Alvin L. Bragg Jr.,(Working Families),22,AD 65,2025-11-06_10:53:47.028996
ED   48,99.00%,Diana J. Florence,(A Safer Manhattan),23,AD 65,2025-11-06_10:53:47.028996
ED   48,99.00%,WRITE-IN,&nbsp,0,AD 65,2025-11-06_10:53:47.028996
ED   49,99.00%,Alvin L. Bragg Jr.,(Democratic),343,AD 65,2025-11-06_10:53:47.028996
ED   49,99.00%,Maud Maron,(Republican),123,AD 65,2025-11-06_10:53:47.028996
ED   49,99.00%,Maud Maron,(Conservative),6,AD 65,2025-11-06_10:53:47.028996
ED   49,99.00%,Alvin L. Bragg Jr.,(Working Families),87,AD 65,2025-11-06_10:53:47.028996
ED   49,99.00%,Diana J. Florence,(A Safer Manhattan),45,AD 65,2025-11-06_10:53:47.028996
ED   49,99.00%,WRITE-IN,&nbsp,3,AD 65,2025-11-06_10:53:47.028996
ED   50,99.00%,Alvin L. Bragg Jr.,(Democratic),287,AD 65,2025-11-06_10:53:47.028996
ED   50,99.00%,Maud Maron,(Republican),114,AD 65,2025-11-06_10:53:47.028996
ED   50,99.00%,Maud Maron,(Conservative),9,AD 65,2025-11-06_10:53:47.028996
ED   50,99.00%,Alvin L. Bragg Jr.,(Working Families),59,AD 65,2025-11-06_10:53:47.028996
ED   50,99.00%,Diana J. Florence,(A Safer Manhattan),22,AD 65,2025-11-06_10:53:47.028996
ED   50,99.00%,WRITE-IN,&nbsp,3,AD 65,2025-11-06_10:53:47.028996
ED   51,99.00%,Alvin L. Bragg Jr.,(Democratic),277,AD 65,2025-11-06_10:53:47.028996
ED   51,99.00%,Maud Maron,(Republican),75,AD 65,2025-11-06_10:53:47.028996
ED   51,99.00%,Maud Maron,(Conservative),4,AD 65,2025-11-06_10:53:47.028996
ED   51,99.00%,Alvin L. Bragg Jr.,(Working Families),62,AD 65,2025-11-06_10:53:47.028996
ED   51,99.00%,Diana J. Florence,(A Safer Manhattan),29,AD 65,2025-11-06_10:53:47.028996
ED   51,99.00%,WRITE-IN,&nbsp,2,AD 65,2025-11-06_10:53:47.028996
ED   52,99.00%,Alvin L. Bragg Jr.,(Democratic),291,AD 65,2025-11-06_10:53:47.028996
ED   52,99.00%,Maud Maron,(Republican),48,AD 65,2025-11-06_10:53:47.028996
ED   52,99.00%,Maud Maron,(Conservative),7,AD 65,2025-11-06_10:53:47.028996
ED   52,99.00%,Alvin L. Bragg Jr.,(Working Families),88,AD 65,2025-11-06_10:53:47.028996
ED   52,99.00%,Diana J. Florence,(A Safer Manhattan),15,AD 65,2025-11-06_10:53:47.028996
ED   52,99.00%,WRITE-IN,&nbsp,0,AD 65,2025-11-06_10:53:47.028996
ED   53,99.00%,Alvin L. Bragg Jr.,(Democratic),269,AD 65,2025-11-06_10:53:47.028996
ED   53,99.00%,Maud Maron,(Republican),64,AD 65,2025-11-06_10:53:47.028996
ED   53,99.00%,Maud Maron,(Conservative),9,AD 65,2025-11-06_10:53:47.028996
ED   53,99.00%,Alvin L. Bragg Jr.,(Working Families),74,AD 65,2025-11-06_10:53:47.028996
ED   53,99.00%,Diana J. Florence,(A Safer Manhattan),12,AD 65,2025-11-06_10:53:47.028996
ED   53,99.00%,WRITE-IN,&nbsp,1,AD 65,2025-11-06_10:53:47.028996
ED   54,99.00%,Alvin L. Bragg Jr.,(Democratic),253,AD 65,2025-11-06_10:53:47.028996
ED   54,99.00%,Maud Maron,(Republican),60,AD 65,2025-11-06_10:53:47.028996
ED   54,99.00%,Maud Maron,(Conservative),3,AD 65,2025-11-06_10:53:47.028996
ED   54,99.00%,Alvin L. Bragg Jr.,(Working Families),70,AD 65,2025-11-06_10:53:47.028996
ED   54,99.00%,Diana J. Florence,(A Safer Manhattan),16,AD 65,2025-11-06_10:53:47.028996
ED   54,99.00%,WRITE-IN,&nbsp,0,AD 65,2025-11-06_10:53:47.028996
ED   55,99.00%,Alvin L. Bragg Jr.,(Democratic),180,AD 65,2025-11-06_10:53:47.028996
ED   55,99.00%,Maud Maron,(Republican),84,AD 65,2025-11-06_10:53:47.028996
ED   55,99.00%,Maud Maron,(Conservative),11,AD 65,2025-11-06_10:53:47.028996
ED   55,99.00%,Alvin L. Bragg Jr.,(Working Families),49,AD 65,2025-11-06_10:53:47.028996
ED   55,99.00%,Diana J. Florence,(A Safer Manhattan),23,AD 65,2025-11-06_10:53:47.028996
ED   55,99.00%,WRITE-IN,&nbsp,0,AD 65,2025-11-06_10:53:47.028996
ED   56,99.00%,Alvin L. Bragg Jr.,(Democratic),133,AD 65,2025-11-06_10:53:47.028996
ED   56,99.00%,Maud Maron,(Republican),97,AD 65,2025-11-06_10:53:47.028996
ED   56,99.00%,Maud Maron,(Conservative),15,AD 65,2025-11-06_10:53:47.028996
ED   56,99.00%,Alvin L. Bragg Jr.,(Working Families),14,AD 65,2025-11-06_10:53:47.028996
ED   56,99.00%,Diana J. Florence,(A Safer Manhattan),29,AD 65,2025-11-06_10:53:47.028996
ED   56,99.00%,WRITE-IN,&nbsp,0,AD 65,2025-11-06_10:53:47.028996
ED   57,99.00%,Alvin L. Bragg Jr.,(Democratic),630,AD 65,2025-11-06_10:53:47.028996
ED   57,99.00%,Maud Maron,(Republican),93,AD 65,2025-11-06_10:53:47.028996
ED   57,99.00%,Maud Maron,(Conservative),15,AD 65,2025-11-06_10:53:47.028996
ED   57,99.00%,Alvin L. Bragg Jr.,(Working Families),143,AD 65,2025-11-06_10:53:47.028996
ED   57,99.00%,Diana J. Florence,(A Safer Manhattan),30,AD 65,2025-11-06_10:53:47.028996
ED   57,99.00%,WRITE-IN,&nbsp,0,AD 65,2025-11-06_10:53:47.028996
ED   58,99.00%,Alvin L. Bragg Jr.,(Democratic),387,AD 65,2025-11-06_10:53:47.028996
ED   58,99.00%,Maud Maron,(Republican),65,AD 65,2025-11-06_10:53:47.028996
ED   58,99.00%,Maud Maron,(Conservative),6,AD 65,2025-11-06_10:53:47.028996
ED   58,99.00%,Alvin L. Bragg Jr.,(Working Families),104,AD 65,2025-11-06_10:53:47.028996
ED   58,99.00%,Diana J. Florence,(A Safer Manhattan),19,AD 65,2025-11-06_10:53:47.028996
ED   58,99.00%,WRITE-IN,&nbsp,1,AD 65,2025-11-06_10:53:47.028996
ED   59,99.00%,Alvin L. Bragg Jr.,(Democratic),410,AD 65,2025-11-06_10:53:47.028996
ED   59,99.00%,Maud Maron,(Republican),61,AD 65,2025-11-06_10:53:47.028996
ED   59,99.00%,Maud Maron,(Conservative),1,AD 65,2025-11-06_10:53:47.028996
ED   59,99.00%,Alvin L. Bragg Jr.,(Working Families),105,AD 65,2025-11-06_10:53:47.028996
ED   59,99.00%,Diana J. Florence,(A Safer Manhattan),22,AD 65,2025-11-06_10:53:47.028996
ED   59,99.00%,WRITE-IN,&nbsp,0,AD 65,2025-11-06_10:53:47.028996
ED   60,99.00%,Alvin L. Bragg Jr.,(Democratic),428,AD 65,2025-11-06_10:53:47.028996
ED   60,99.00%,Maud Maron,(Republican),73,AD 65,2025-11-06_10:53:47.028996
ED   60,99.00%,Maud Maron,(Conservative),9,AD 65,2025-11-06_10:53:47.028996
ED   60,99.00%,Alvin L. Bragg Jr.,(Working Families),102,AD 65,2025-11-06_10:53:47.028996
ED   60,99.00%,Diana J. Florence,(A Safer Manhattan),18,AD 65,2025-11-06_10:53:47.028996
ED   60,99.00%,WRITE-IN,&nbsp,1,AD 65,2025-11-06_10:53:47.028996
ED   61,99.00%,Alvin L. Bragg Jr.,(Democratic),207,AD 65,2025-11-06_10:53:47.028996
ED   61,99.00%,Maud Maron,(Republican),58,AD 65,2025-11-06_10:53:47.028996
ED   61,99.00%,Maud Maron,(Conservative),13,AD 65,2025-11-06_10:53:47.028996
ED   61,99.00%,Alvin L. Bragg Jr.,(Working Families),36,AD 65,2025-11-06_10:53:47.028996
ED   61,99.00%,Diana J. Florence,(A Safer Manhattan),22,AD 65,2025-11-06_10:53:47.028996
ED   61,99.00%,WRITE-IN,&nbsp,0,AD 65,2025-11-06_10:53:47.028996
ED   62,99.00%,Alvin L. Bragg Jr.,(Democratic),223,AD 65,2025-11-06_10:53:47.028996
ED   62,99.00%,Maud Maron,(Republican),45,AD 65,2025-11-06_10:53:47.028996
ED   62,99.00%,Maud Maron,(Conservative),3,AD 65,2025-11-06_10:53:47.028996
ED   62,99.00%,Alvin L. Bragg Jr.,(Working Families),42,AD 65,2025-11-06_10:53:47.028996
ED   62,99.00%,Diana J. Florence,(A Safer Manhattan),34,AD 65,2025-11-06_10:53:47.028996
ED   62,99.00%,WRITE-IN,&nbsp,0,AD 65,2025-11-06_10:53:47.028996
ED   63,99.00%,Alvin L. Bragg Jr.,(Democratic),222,AD 65,2025-11-06_10:53:47.028996
ED   63,99.00%,Maud Maron,(Republican),55,AD 65,2025-11-06_10:53:47.028996
ED   63,99.00%,Maud Maron,(Conservative),12,AD 65,2025-11-06_10:53:47.028996
ED   63,99.00%,Alvin L. Bragg Jr.,(Working Families),34,AD 65,2025-11-06_10:53:47.028996
ED   63,99.00%,Diana J. Florence,(A Safer Manhattan),43,AD 65,2025-11-06_10:53:47.028996
ED   63,99.00%,WRITE-IN,&nbsp,0,AD 65,2025-11-06_10:53:47.028996
ED   64,99.00%,Alvin L. Bragg Jr.,(Democratic),427,AD 65,2025-11-06_10:53:47.028996
ED   64,99.00%,Maud Maron,(Republican),65,AD 65,2025-11-06_10:53:47.028996
ED   64,99.00%,Maud Maron,(Conservative),9,AD 65,2025-11-06_10:53:47.028996
ED   64,99.00%,Alvin L. Bragg Jr.,(Working Families),125,AD 65,2025-11-06_10:53:47.028996
ED   64,99.00%,Diana J. Florence,(A Safer Manhattan),26,AD 65,2025-11-06_10:53:47.028996
ED   64,99.00%,WRITE-IN,&nbsp,0,AD 65,2025-11-06_10:53:47.028996
ED   65,99.00%,Alvin L. Bragg Jr.,(Democratic),197,AD 65,2025-11-06_10:53:47.028996
ED   65,99.00%,Maud Maron,(Republican),44,AD 65,2025-11-06_10:53:47.028996
ED   65,99.00%,Maud Maron,(Conservative),9,AD 65,2025-11-06_10:53:47.028996
ED   65,99.00%,Alvin L. Bragg Jr.,(Working Families),19,AD 65,2025-11-06_10:53:47.028996
ED   65,99.00%,Diana J. Florence,(A Safer Manhattan),34,AD 65,2025-11-06_10:53:47.028996
ED   65,99.00%,WRITE-IN,&nbsp,0,AD 65,2025-11-06_10:53:47.028996
ED   66,99.00%,Alvin L. Bragg Jr.,(Democratic),204,AD 65,2025-11-06_10:53:47.028996
ED   66,99.00%,Maud Maron,(Republican),27,AD 65,2025-11-06_10:53:47.028996
ED   66,99.00%,Maud Maron,(Conservative),7,AD 65,2025-11-06_10:53:47.028996
ED   66,99.00%,Alvin L. Bragg Jr.,(Working Families),23,AD 65,2025-11-06_10:53:47.028996
ED   66,99.00%,Diana J. Florence,(A Safer Manhattan),34,AD 65,2025-11-06_10:53:47.028996
ED   66,99.00%,WRITE-IN,&nbsp,0,AD 65,2025-11-06_10:53:47.028996
ED   67,99.00%,Alvin L. Bragg Jr.,(Democratic),207,AD 65,2025-11-06_10:53:47.028996
ED   67,99.00%,Maud Maron,(Republican),52,AD 65,2025-11-06_10:53:47.028996
ED   67,99.00%,Maud Maron,(Conservative),9,AD 65,2025-11-06_10:53:47.028996
ED   67,99.00%,Alvin L. Bragg Jr.,(Working Families),41,AD 65,2025-11-06_10:53:47.028996
ED   67,99.00%,Diana J. Florence,(A Safer Manhattan),26,AD 65,2025-11-06_10:53:47.028996
ED   67,99.00%,WRITE-IN,&nbsp,0,AD 65,2025-11-06_10:53:47.028996
ED   68,99.00%,Alvin L. Bragg Jr.,(Democratic),0,AD 65,2025-11-06_10:53:47.028996
ED   68,99.00%,Maud Maron,(Republican),0,AD 65,2025-11-06_10:53:47.028996
ED   68,99.00%,Maud Maron,(Conservative),0,AD 65,2025-11-06_10:53:47.028996
ED   68,99.00%,Alvin L. Bragg Jr.,(Working Families),0,AD 65,2025-11-06_10:53:47.028996
ED   68,99.00%,Diana J. Florence,(A Safer Manhattan),0,AD 65,2025-11-06_10:53:47.028996
ED   68,99.00%,WRITE-IN,&nbsp,0,AD 65,2025-11-06_10:53:47.028996
ED   69,99.00%,Alvin L. Bragg Jr.,(Democratic),0,AD 65,2025-11-06_10:53:47.028996
ED   69,99.00%,Maud Maron,(Republican),0,AD 65,2025-11-06_10:53:47.028996
ED   69,99.00%,Maud Maron,(Conservative),0,AD 65,2025-11-06_10:53:47.028996
ED   69,99.00%,Alvin L. Bragg Jr.,(Working Families),0,AD 65,2025-11-06_10:53:47.028996
ED   69,99.00%,Diana J. Florence,(A Safer Manhattan),0,AD 65,2025-11-06_10:53:47.028996
ED   69,99.00%,WRITE-IN,&nbsp,0,AD 65,2025-11-06_10:53:47.028996
ED   70,99.00%,Alvin L. Bragg Jr.,(Democratic),0,AD 65,2025-11-06_10:53:47.028996
ED   70,99.00%,Maud Maron,(Republican),0,AD 65,2025-11-06_10:53:47.028996
ED   70,99.00%,Maud Maron,(Conservative),0,AD 65,2025-11-06_10:53:47.028996
ED   70,99.00%,Alvin L. Bragg Jr.,(Working Families),0,AD 65,2025-11-06_10:53:47.028996
ED   70,99.00%,Diana J. Florence,(A Safer Manhattan),0,AD 65,2025-11-06_10:53:47.028996
ED   70,99.00%,WRITE-IN,&nbsp,0,AD 65,2025-11-06_10:53:47.028996
ED   71,99.00%,Alvin L. Bragg Jr.,(Democratic),0,AD 65,2025-11-06_10:53:47.028996
ED   71,99.00%,Maud Maron,(Republican),0,AD 65,2025-11-06_10:53:47.028996
ED   71,99.00%,Maud Maron,(Conservative),0,AD 65,2025-11-06_10:53:47.028996
ED   71,99.00%,Alvin L. Bragg Jr.,(Working Families),0,AD 65,2025-11-06_10:53:47.028996
ED   71,99.00%,Diana J. Florence,(A Safer Manhattan),0,AD 65,2025-11-06_10:53:47.028996
ED   71,99.00%,WRITE-IN,&nbsp,0,AD 65,2025-11-06_10:53:47.028996
Total,,Alvin L. Bragg Jr.,(Democratic),19489,AD 65,2025-11-06_10:53:47.028996
Total,,Maud Maron,(Republican),6330,AD 65,2025-11-06_10:53:47.028996
Total,,Maud Maron,(Conservative),677,AD 65,2025-11-06_10:53:47.028996
Total,,Alvin L. Bragg Jr.,(Working Families),3820,AD 65,2025-11-06_10:53:47.028996
Total,,Diana J. Florence,(A Safer Manhattan),1933,AD 65,2025-11-06_10:53:47.028996
Total,,WRITE-IN,&nbsp,45,AD 65,2025-11-06_10:53:47.028996
ED    1,99.00%,Alvin L. Bragg Jr.,(Democratic),1,AD 66,2025-11-06_10:53:47.028996
ED    1,99.00%,Maud Maron,(Republican),0,AD 66,2025-11-06_10:53:47.028996
ED    1,99.00%,Maud Maron,(Conservative),0,AD 66,2025-11-06_10:53:47.028996
ED    1,99.00%,Alvin L. Bragg Jr.,(Working Families),0,AD 66,2025-11-06_10:53:47.028996
ED    1,99.00%,Diana J. Florence,(A Safer Manhattan),1,AD 66,2025-11-06_10:53:47.028996
ED    1,99.00%,WRITE-IN,&nbsp,0,AD 66,2025-11-06_10:53:47.028996
ED    2,99.00%,Alvin L. Bragg Jr.,(Democratic),426,AD 66,2025-11-06_10:53:47.028996
ED    2,99.00%,Maud Maron,(Republican),89,AD 66,2025-11-06_10:53:47.028996
ED    2,99.00%,Maud Maron,(Conservative),12,AD 66,2025-11-06_10:53:47.028996
ED    2,99.00%,Alvin L. Bragg Jr.,(Working Families),43,AD 66,2025-11-06_10:53:47.028996
ED    2,99.00%,Diana J. Florence,(A Safer Manhattan),29,AD 66,2025-11-06_10:53:47.028996
ED    2,99.00%,WRITE-IN,&nbsp,1,AD 66,2025-11-06_10:53:47.028996
ED    3,99.00%,Alvin L. Bragg Jr.,(Democratic),370,AD 66,2025-11-06_10:53:47.028996
ED    3,99.00%,Maud Maron,(Republican),81,AD 66,2025-11-06_10:53:47.028996
ED    3,99.00%,Maud Maron,(Conservative),6,AD 66,2025-11-06_10:53:47.028996
ED    3,99.00%,Alvin L. Bragg Jr.,(Working Families),52,AD 66,2025-11-06_10:53:47.028996
ED    3,99.00%,Diana J. Florence,(A Safer Manhattan),21,AD 66,2025-11-06_10:53:47.028996
ED    3,99.00%,WRITE-IN,&nbsp,0,AD 66,2025-11-06_10:53:47.028996
ED    4,99.00%,Alvin L. Bragg Jr.,(Democratic),598,AD 66,2025-11-06_10:53:47.028996
ED    4,99.00%,Maud Maron,(Republican),167,AD 66,2025-11-06_10:53:47.028996
ED    4,99.00%,Maud Maron,(Conservative),16,AD 66,2025-11-06_10:53:47.028996
ED    4,99.00%,Alvin L. Bragg Jr.,(Working Families),49,AD 66,2025-11-06_10:53:47.028996
ED    4,99.00%,Diana J. Florence,(A Safer Manhattan),40,AD 66,2025-11-06_10:53:47.028996
ED    4,99.00%,WRITE-IN,&nbsp,1,AD 66,2025-11-06_10:53:47.028996
ED    5,99.00%,Alvin L. Bragg Jr.,(Democratic),374,AD 66,2025-11-06_10:53:47.028996
ED    5,99.00%,Maud Maron,(Republican),96,AD 66,2025-11-06_10:53:47.028996
ED    5,99.00%,Maud Maron,(Conservative),11,AD 66,2025-11-06_10:53:47.028996
ED    5,99.00%,Alvin L. Bragg Jr.,(Working Families),46,AD 66,2025-11-06_10:53:47.028996
ED    5,99.00%,Diana J. Florence,(A Safer Manhattan),31,AD 66,2025-11-06_10:53:47.028996
ED    5,99.00%,WRITE-IN,&nbsp,0,AD 66,2025-11-06_10:53:47.028996
ED    6,99.00%,Alvin L. Bragg Jr.,(Democratic),490,AD 66,2025-11-06_10:53:47.028996
ED    6,99.00%,Maud Maron,(Republican),169,AD 66,2025-11-06_10:53:47.028996
ED    6,99.00%,Maud Maron,(Conservative),12,AD 66,2025-11-06_10:53:47.028996
ED    6,99.00%,Alvin L. Bragg Jr.,(Working Families),33,AD 66,2025-11-06_10:53:47.028996
ED    6,99.00%,Diana J. Florence,(A Safer Manhattan),45,AD 66,2025-11-06_10:53:47.028996
ED    6,99.00%,WRITE-IN,&nbsp,1,AD 66,2025-11-06_10:53:47.028996
ED    7,99.00%,Alvin L. Bragg Jr.,(Democratic),405,AD 66,2025-11-06_10:53:47.028996
ED    7,99.00%,Maud Maron,(Republican),143,AD 66,2025-11-06_10:53:47.028996
ED    7,99.00%,Maud Maron,(Conservative),25,AD 66,2025-11-06_10:53:47.028996
ED    7,99.00%,Alvin L. Bragg Jr.,(Working Families),59,AD 66,2025-11-06_10:53:47.028996
ED    7,99.00%,Diana J. Florence,(A Safer Manhattan),25,AD 66,2025-11-06_10:53:47.028996
ED    7,99.00%,WRITE-IN,&nbsp,3,AD 66,2025-11-06_10:53:47.028996
ED    8,99.00%,Alvin L. Bragg Jr.,(Democratic),432,AD 66,2025-11-06_10:53:47.028996
ED    8,99.00%,Maud Maron,(Republican),171,AD 66,2025-11-06_10:53:47.028996
ED    8,99.00%,Maud Maron,(Conservative),12,AD 66,2025-11-06_10:53:47.028996
ED    8,99.00%,Alvin L. Bragg Jr.,(Working Families),45,AD 66,2025-11-06_10:53:47.028996
ED    8,99.00%,Diana J. Florence,(A Safer Manhattan),34,AD 66,2025-11-06_10:53:47.028996
ED    8,99.00%,WRITE-IN,&nbsp,0,AD 66,2025-11-06_10:53:47.028996
ED    9,99.00%,Alvin L. Bragg Jr.,(Democratic),430,AD 66,2025-11-06_10:53:47.028996
ED    9,99.00%,Maud Maron,(Republican),120,AD 66,2025-11-06_10:53:47.028996
ED    9,99.00%,Maud Maron,(Conservative),7,AD 66,2025-11-06_10:53:47.028996
ED    9,99.00%,Alvin L. Bragg Jr.,(Working Families),67,AD 66,2025-11-06_10:53:47.028996
ED    9,99.00%,Diana J. Florence,(A Safer Manhattan),27,AD 66,2025-11-06_10:53:47.028996
ED    9,99.00%,WRITE-IN,&nbsp,0,AD 66,2025-11-06_10:53:47.028996
ED   10,99.00%,Alvin L. Bragg Jr.,(Democratic),424,AD 66,2025-11-06_10:53:47.028996
ED   10,99.00%,Maud Maron,(Republican),107,AD 66,2025-11-06_10:53:47.028996
ED   10,99.00%,Maud Maron,(Conservative),10,AD 66,2025-11-06_10:53:47.028996
ED   10,99.00%,Alvin L. Bragg Jr.,(Working Families),77,AD 66,2025-11-06_10:53:47.028996
ED   10,99.00%,Diana J. Florence,(A Safer Manhattan),39,AD 66,2025-11-06_10:53:47.028996
ED   10,99.00%,WRITE-IN,&nbsp,0,AD 66,2025-11-06_10:53:47.028996
ED   11,99.00%,Alvin L. Bragg Jr.,(Democratic),422,AD 66,2025-11-06_10:53:47.028996
ED   11,99.00%,Maud Maron,(Republican),170,AD 66,2025-11-06_10:53:47.028996
ED   11,99.00%,Maud Maron,(Conservative),15,AD 66,2025-11-06_10:53:47.028996
ED   11,99.00%,Alvin L. Bragg Jr.,(Working Families),56,AD 66,2025-11-06_10:53:47.028996
ED   11,99.00%,Diana J. Florence,(A Safer Manhattan),28,AD 66,2025-11-06_10:53:47.028996
ED   11,99.00%,WRITE-IN,&nbsp,1,AD 66,2025-11-06_10:53:47.028996
ED   12,99.00%,Alvin L. Bragg Jr.,(Democratic),531,AD 66,2025-11-06_10:53:47.028996
ED   12,99.00%,Maud Maron,(Republican),253,AD 66,2025-11-06_10:53:47.028996
ED   12,99.00%,Maud Maron,(Conservative),14,AD 66,2025-11-06_10:53:47.028996
ED   12,99.00%,Alvin L. Bragg Jr.,(Working Families),60,AD 66,2025-11-06_10:53:47.028996
ED   12,99.00%,Diana J. Florence,(A Safer Manhattan),44,AD 66,2025-11-06_10:53:47.028996
ED   12,99.00%,WRITE-IN,&nbsp,3,AD 66,2025-11-06_10:53:47.028996
ED   13,99.00%,Alvin L. Bragg Jr.,(Democratic),244,AD 66,2025-11-06_10:53:47.028996
ED   13,99.00%,Maud Maron,(Republican),181,AD 66,2025-11-06_10:53:47.028996
ED   13,99.00%,Maud Maron,(Conservative),16,AD 66,2025-11-06_10:53:47.028996
ED   13,99.00%,Alvin L. Bragg Jr.,(Working Families),24,AD 66,2025-11-06_10:53:47.028996
ED   13,99.00%,Diana J. Florence,(A Safer Manhattan),13,AD 66,2025-11-06_10:53:47.028996
ED   13,99.00%,WRITE-IN,&nbsp,3,AD 66,2025-11-06_10:53:47.028996
ED   14,99.00%,Alvin L. Bragg Jr.,(Democratic),490,AD 66,2025-11-06_10:53:47.028996
ED   14,99.00%,Maud Maron,(Republican),124,AD 66,2025-11-06_10:53:47.028996
ED   14,99.00%,Maud Maron,(Conservative),12,AD 66,2025-11-06_10:53:47.028996
ED   14,99.00%,Alvin L. Bragg Jr.,(Working Families),49,AD 66,2025-11-06_10:53:47.028996
ED   14,99.00%,Diana J. Florence,(A Safer Manhattan),20,AD 66,2025-11-06_10:53:47.028996
ED   14,99.00%,WRITE-IN,&nbsp,1,AD 66,2025-11-06_10:53:47.028996
ED   15,99.00%,Alvin L. Bragg Jr.,(Democratic),515,AD 66,2025-11-06_10:53:47.028996
ED   15,99.00%,Maud Maron,(Republican),127,AD 66,2025-11-06_10:53:47.028996
ED   15,99.00%,Maud Maron,(Conservative),16,AD 66,2025-11-06_10:53:47.028996
ED   15,99.00%,Alvin L. Bragg Jr.,(Working Families),55,AD 66,2025-11-06_10:53:47.028996
ED   15,99.00%,Diana J. Florence,(A Safer Manhattan),27,AD 66,2025-11-06_10:53:47.028996
ED   15,99.00%,WRITE-IN,&nbsp,0,AD 66,2025-11-06_10:53:47.028996
ED   16,99.00%,Alvin L. Bragg Jr.,(Democratic),608,AD 66,2025-11-06_10:53:47.028996
ED   16,99.00%,Maud Maron,(Republican),198,AD 66,2025-11-06_10:53:47.028996
ED   16,99.00%,Maud Maron,(Conservative),22,AD 66,2025-11-06_10:53:47.028996
ED   16,99.00%,Alvin L. Bragg Jr.,(Working Families),56,AD 66,2025-11-06_10:53:47.028996
ED   16,99.00%,Diana J. Florence,(A Safer Manhattan),35,AD 66,2025-11-06_10:53:47.028996
ED   16,99.00%,WRITE-IN,&nbsp,1,AD 66,2025-11-06_10:53:47.028996
ED   17,99.00%,Alvin L. Bragg Jr.,(Democratic),332,AD 66,2025-11-06_10:53:47.028996
ED   17,99.00%,Maud Maron,(Republican),135,AD 66,2025-11-06_10:53:47.028996
ED   17,99.00%,Maud Maron,(Conservative),6,AD 66,2025-11-06_10:53:47.028996
ED   17,99.00%,Alvin L. Bragg Jr.,(Working Families),45,AD 66,2025-11-06_10:53:47.028996
ED   17,99.00%,Diana J. Florence,(A Safer Manhattan),27,AD 66,2025-11-06_10:53:47.028996
ED   17,99.00%,WRITE-IN,&nbsp,1,AD 66,2025-11-06_10:53:47.028996
ED   18,99.00%,Alvin L. Bragg Jr.,(Democratic),431,AD 66,2025-11-06_10:53:47.028996
ED   18,99.00%,Maud Maron,(Republican),139,AD 66,2025-11-06_10:53:47.028996
ED   18,99.00%,Maud Maron,(Conservative),12,AD 66,2025-11-06_10:53:47.028996
ED   18,99.00%,Alvin L. Bragg Jr.,(Working Families),52,AD 66,2025-11-06_10:53:47.028996
ED   18,99.00%,Diana J. Florence,(A Safer Manhattan),24,AD 66,2025-11-06_10:53:47.028996
ED   18,99.00%,WRITE-IN,&nbsp,0,AD 66,2025-11-06_10:53:47.028996
ED   19,99.00%,Alvin L. Bragg Jr.,(Democratic),516,AD 66,2025-11-06_10:53:47.028996
ED   19,99.00%,Maud Maron,(Republican),142,AD 66,2025-11-06_10:53:47.028996
ED   19,99.00%,Maud Maron,(Conservative),18,AD 66,2025-11-06_10:53:47.028996
ED   19,99.00%,Alvin L. Bragg Jr.,(Working Families),74,AD 66,2025-11-06_10:53:47.028996
ED   19,99.00%,Diana J. Florence,(A Safer Manhattan),35,AD 66,2025-11-06_10:53:47.028996
ED   19,99.00%,WRITE-IN,&nbsp,0,AD 66,2025-11-06_10:53:47.028996
ED   20,99.00%,Alvin L. Bragg Jr.,(Democratic),367,AD 66,2025-11-06_10:53:47.028996
ED   20,99.00%,Maud Maron,(Republican),149,AD 66,2025-11-06_10:53:47.028996
ED   20,99.00%,Maud Maron,(Conservative),14,AD 66,2025-11-06_10:53:47.028996
ED   20,99.00%,Alvin L. Bragg Jr.,(Working Families),49,AD 66,2025-11-06_10:53:47.028996
ED   20,99.00%,Diana J. Florence,(A Safer Manhattan),29,AD 66,2025-11-06_10:53:47.028996
ED   20,99.00%,WRITE-IN,&nbsp,1,AD 66,2025-11-06_10:53:47.028996
ED   21,99.00%,Alvin L. Bragg Jr.,(Democratic),447,AD 66,2025-11-06_10:53:47.028996
ED   21,99.00%,Maud Maron,(Republican),200,AD 66,2025-11-06_10:53:47.028996
ED   21,99.00%,Maud Maron,(Conservative),14,AD 66,2025-11-06_10:53:47.028996
ED   21,99.00%,Alvin L. Bragg Jr.,(Working Families),51,AD 66,2025-11-06_10:53:47.028996
ED   21,99.00%,Diana J. Florence,(A Safer Manhattan),44,AD 66,2025-11-06_10:53:47.028996
ED   21,99.00%,WRITE-IN,&nbsp,0,AD 66,2025-11-06_10:53:47.028996
ED   22,99.00%,Alvin L. Bragg Jr.,(Democratic),47,AD 66,2025-11-06_10:53:47.028996
ED   22,99.00%,Maud Maron,(Republican),12,AD 66,2025-11-06_10:53:47.028996
ED   22,99.00%,Maud Maron,(Conservative),2,AD 66,2025-11-06_10:53:47.028996
ED   22,99.00%,Alvin L. Bragg Jr.,(Working Families),3,AD 66,2025-11-06_10:53:47.028996
ED   22,99.00%,Diana J. Florence,(A Safer Manhattan),2,AD 66,2025-11-06_10:53:47.028996
ED   22,99.00%,WRITE-IN,&nbsp,0,AD 66,2025-11-06_10:53:47.028996
ED   23,99.00%,Alvin L. Bragg Jr.,(Democratic),524,AD 66,2025-11-06_10:53:47.028996
ED   23,99.00%,Maud Maron,(Republican),164,AD 66,2025-11-06_10:53:47.028996
ED   23,99.00%,Maud Maron,(Conservative),16,AD 66,2025-11-06_10:53:47.028996
ED   23,99.00%,Alvin L. Bragg Jr.,(Working Families),61,AD 66,2025-11-06_10:53:47.028996
ED   23,99.00%,Diana J. Florence,(A Safer Manhattan),48,AD 66,2025-11-06_10:53:47.028996
ED   23,99.00%,WRITE-IN,&nbsp,0,AD 66,2025-11-06_10:53:47.028996
ED   24,99.00%,Alvin L. Bragg Jr.,(Democratic),488,AD 66,2025-11-06_10:53:47.028996
ED   24,99.00%,Maud Maron,(Republican),152,AD 66,2025-11-06_10:53:47.028996
ED   24,99.00%,Maud Maron,(Conservative),13,AD 66,2025-11-06_10:53:47.028996
ED   24,99.00%,Alvin L. Bragg Jr.,(Working Families),63,AD 66,2025-11-06_10:53:47.028996
ED   24,99.00%,Diana J. Florence,(A Safer Manhattan),39,AD 66,2025-11-06_10:53:47.028996
ED   24,99.00%,WRITE-IN,&nbsp,2,AD 66,2025-11-06_10:53:47.028996
ED   25,99.00%,Alvin L. Bragg Jr.,(Democratic),532,AD 66,2025-11-06_10:53:47.028996
ED   25,99.00%,Maud Maron,(Republican),207,AD 66,2025-11-06_10:53:47.028996
ED   25,99.00%,Maud Maron,(Conservative),16,AD 66,2025-11-06_10:53:47.028996
ED   25,99.00%,Alvin L. Bragg Jr.,(Working Families),58,AD 66,2025-11-06_10:53:47.028996
ED   25,99.00%,Diana J. Florence,(A Safer Manhattan),35,AD 66,2025-11-06_10:53:47.028996
ED   25,99.00%,WRITE-IN,&nbsp,1,AD 66,2025-11-06_10:53:47.028996
ED   26,99.00%,Alvin L. Bragg Jr.,(Democratic),407,AD 66,2025-11-06_10:53:47.028996
ED   26,99.00%,Maud Maron,(Republican),134,AD 66,2025-11-06_10:53:47.028996
ED   26,99.00%,Maud Maron,(Conservative),22,AD 66,2025-11-06_10:53:47.028996
ED   26,99.00%,Alvin L. Bragg Jr.,(Working Families),50,AD 66,2025-11-06_10:53:47.028996
ED   26,99.00%,Diana J. Florence,(A Safer Manhattan),12,AD 66,2025-11-06_10:53:47.028996
ED   26,99.00%,WRITE-IN,&nbsp,1,AD 66,2025-11-06_10:53:47.028996
ED   27,99.00%,Alvin L. Bragg Jr.,(Democratic),279,AD 66,2025-11-06_10:53:47.028996
ED   27,99.00%,Maud Maron,(Republican),106,AD 66,2025-11-06_10:53:47.028996
ED   27,99.00%,Maud Maron,(Conservative),10,AD 66,2025-11-06_10:53:47.028996
ED   27,99.00%,Alvin L. Bragg Jr.,(Working Families),38,AD 66,2025-11-06_10:53:47.028996
ED   27,99.00%,Diana J. Florence,(A Safer Manhattan),21,AD 66,2025-11-06_10:53:47.028996
ED   27,99.00%,WRITE-IN,&nbsp,1,AD 66,2025-11-06_10:53:47.028996
ED   28,99.00%,Alvin L. Bragg Jr.,(Democratic),391,AD 66,2025-11-06_10:53:47.028996
ED   28,99.00%,Maud Maron,(Republican),183,AD 66,2025-11-06_10:53:47.028996
ED   28,99.00%,Maud Maron,(Conservative),14,AD 66,2025-11-06_10:53:47.028996
ED   28,99.00%,Alvin L. Bragg Jr.,(Working Families),53,AD 66,2025-11-06_10:53:47.028996
ED   28,99.00%,Diana J. Florence,(A Safer Manhattan),21,AD 66,2025-11-06_10:53:47.028996
ED   28,99.00%,WRITE-IN,&nbsp,1,AD 66,2025-11-06_10:53:47.028996
ED   29,99.00%,Alvin L. Bragg Jr.,(Democratic),374,AD 66,2025-11-06_10:53:47.028996
ED   29,99.00%,Maud Maron,(Republican),111,AD 66,2025-11-06_10:53:47.028996
ED   29,99.00%,Maud Maron,(Conservative),9,AD 66,2025-11-06_10:53:47.028996
ED   29,99.00%,Alvin L. Bragg Jr.,(Working Families),45,AD 66,2025-11-06_10:53:47.028996
ED   29,99.00%,Diana J. Florence,(A Safer Manhattan),24,AD 66,2025-11-06_10:53:47.028996
ED   29,99.00%,WRITE-IN,&nbsp,1,AD 66,2025-11-06_10:53:47.028996
ED   30,99.00%,Alvin L. Bragg Jr.,(Democratic),278,AD 66,2025-11-06_10:53:47.028996
ED   30,99.00%,Maud Maron,(Republican),68,AD 66,2025-11-06_10:53:47.028996
ED   30,99.00%,Maud Maron,(Conservative),7,AD 66,2025-11-06_10:53:47.028996
ED   30,99.00%,Alvin L. Bragg Jr.,(Working Families),43,AD 66,2025-11-06_10:53:47.028996
ED   30,99.00%,Diana J. Florence,(A Safer Manhattan),15,AD 66,2025-11-06_10:53:47.028996
ED   30,99.00%,WRITE-IN,&nbsp,0,AD 66,2025-11-06_10:53:47.028996
ED   31,99.00%,Alvin L. Bragg Jr.,(Democratic),402,AD 66,2025-11-06_10:53:47.028996
ED   31,99.00%,Maud Maron,(Republican),130,AD 66,2025-11-06_10:53:47.028996
ED   31,99.00%,Maud Maron,(Conservative),16,AD 66,2025-11-06_10:53:47.028996
ED   31,99.00%,Alvin L. Bragg Jr.,(Working Families),68,AD 66,2025-11-06_10:53:47.028996
ED   31,99.00%,Diana J. Florence,(A Safer Manhattan),37,AD 66,2025-11-06_10:53:47.028996
ED   31,99.00%,WRITE-IN,&nbsp,2,AD 66,2025-11-06_10:53:47.028996
ED   32,99.00%,Alvin L. Bragg Jr.,(Democratic),474,AD 66,2025-11-06_10:53:47.028996
ED   32,99.00%,Maud Maron,(Republican),174,AD 66,2025-11-06_10:53:47.028996
ED   32,99.00%,Maud Maron,(Conservative),20,AD 66,2025-11-06_10:53:47.028996
ED   32,99.00%,Alvin L. Bragg Jr.,(Working Families),59,AD 66,2025-11-06_10:53:47.028996
ED   32,99.00%,Diana J. Florence,(A Safer Manhattan),40,AD 66,2025-11-06_10:53:47.028996
ED   32,99.00%,WRITE-IN,&nbsp,1,AD 66,2025-11-06_10:53:47.028996
ED   33,99.00%,Alvin L. Bragg Jr.,(Democratic),391,AD 66,2025-11-06_10:53:47.028996
ED   33,99.00%,Maud Maron,(Republican),104,AD 66,2025-11-06_10:53:47.028996
ED   33,99.00%,Maud Maron,(Conservative),5,AD 66,2025-11-06_10:53:47.028996
ED   33,99.00%,Alvin L. Bragg Jr.,(Working Families),45,AD 66,2025-11-06_10:53:47.028996
ED   33,99.00%,Diana J. Florence,(A Safer Manhattan),25,AD 66,2025-11-06_10:53:47.028996
ED   33,99.00%,WRITE-IN,&nbsp,0,AD 66,2025-11-06_10:53:47.028996
ED   34,99.00%,Alvin L. Bragg Jr.,(Democratic),351,AD 66,2025-11-06_10:53:47.028996
ED   34,99.00%,Maud Maron,(Republican),82,AD 66,2025-11-06_10:53:47.028996
ED   34,99.00%,Maud Maron,(Conservative),13,AD 66,2025-11-06_10:53:47.028996
ED   34,99.00%,Alvin L. Bragg Jr.,(Working Families),61,AD 66,2025-11-06_10:53:47.028996
ED   34,99.00%,Diana J. Florence,(A Safer Manhattan),24,AD 66,2025-11-06_10:53:47.028996
ED   34,99.00%,WRITE-IN,&nbsp,1,AD 66,2025-11-06_10:53:47.028996
ED   35,99.00%,Alvin L. Bragg Jr.,(Democratic),493,AD 66,2025-11-06_10:53:47.028996
ED   35,99.00%,Maud Maron,(Republican),146,AD 66,2025-11-06_10:53:47.028996
ED   35,99.00%,Maud Maron,(Conservative),14,AD 66,2025-11-06_10:53:47.028996
ED   35,99.00%,Alvin L. Bragg Jr.,(Working Families),41,AD 66,2025-11-06_10:53:47.028996
ED   35,99.00%,Diana J. Florence,(A Safer Manhattan),23,AD 66,2025-11-06_10:53:47.028996
ED   35,99.00%,WRITE-IN,&nbsp,0,AD 66,2025-11-06_10:53:47.028996
ED   36,99.00%,Alvin L. Bragg Jr.,(Democratic),578,AD 66,2025-11-06_10:53:47.028996
ED   36,99.00%,Maud Maron,(Republican),136,AD 66,2025-11-06_10:53:47.028996
ED   36,99.00%,Maud Maron,(Conservative),15,AD 66,2025-11-06_10:53:47.028996
ED   36,99.00%,Alvin L. Bragg Jr.,(Working Families),63,AD 66,2025-11-06_10:53:47.028996
ED   36,99.00%,Diana J. Florence,(A Safer Manhattan),34,AD 66,2025-11-06_10:53:47.028996
ED   36,99.00%,WRITE-IN,&nbsp,0,AD 66,2025-11-06_10:53:47.028996
ED   37,99.00%,Alvin L. Bragg Jr.,(Democratic),521,AD 66,2025-11-06_10:53:47.028996
ED   37,99.00%,Maud Maron,(Republican),171,AD 66,2025-11-06_10:53:47.028996
ED   37,99.00%,Maud Maron,(Conservative),13,AD 66,2025-11-06_10:53:47.028996
ED   37,99.00%,Alvin L. Bragg Jr.,(Working Families),60,AD 66,2025-11-06_10:53:47.028996
ED   37,99.00%,Diana J. Florence,(A Safer Manhattan),42,AD 66,2025-11-06_10:53:47.028996
ED   37,99.00%,WRITE-IN,&nbsp,1,AD 66,2025-11-06_10:53:47.028996
ED   38,99.00%,Alvin L. Bragg Jr.,(Democratic),513,AD 66,2025-11-06_10:53:47.028996
ED   38,99.00%,Maud Maron,(Republican),155,AD 66,2025-11-06_10:53:47.028996
ED   38,99.00%,Maud Maron,(Conservative),11,AD 66,2025-11-06_10:53:47.028996
ED   38,99.00%,Alvin L. Bragg Jr.,(Working Families),49,AD 66,2025-11-06_10:53:47.028996
ED   38,99.00%,Diana J. Florence,(A Safer Manhattan),34,AD 66,2025-11-06_10:53:47.028996
ED   38,99.00%,WRITE-IN,&nbsp,1,AD 66,2025-11-06_10:53:47.028996
ED   39,99.00%,Alvin L. Bragg Jr.,(Democratic),140,AD 66,2025-11-06_10:53:47.028996
ED   39,99.00%,Maud Maron,(Republican),49,AD 66,2025-11-06_10:53:47.028996
ED   39,99.00%,Maud Maron,(Conservative),4,AD 66,2025-11-06_10:53:47.028996
ED   39,99.00%,Alvin L. Bragg Jr.,(Working Families),12,AD 66,2025-11-06_10:53:47.028996
ED   39,99.00%,Diana J. Florence,(A Safer Manhattan),6,AD 66,2025-11-06_10:53:47.028996
ED   39,99.00%,WRITE-IN,&nbsp,1,AD 66,2025-11-06_10:53:47.028996
ED   40,99.00%,Alvin L. Bragg Jr.,(Democratic),313,AD 66,2025-11-06_10:53:47.028996
ED   40,99.00%,Maud Maron,(Republican),74,AD 66,2025-11-06_10:53:47.028996
ED   40,99.00%,Maud Maron,(Conservative),4,AD 66,2025-11-06_10:53:47.028996
ED   40,99.00%,Alvin L. Bragg Jr.,(Working Families),58,AD 66,2025-11-06_10:53:47.028996
ED   40,99.00%,Diana J. Florence,(A Safer Manhattan),11,AD 66,2025-11-06_10:53:47.028996
ED   40,99.00%,WRITE-IN,&nbsp,0,AD 66,2025-11-06_10:53:47.028996
ED   41,99.00%,Alvin L. Bragg Jr.,(Democratic),472,AD 66,2025-11-06_10:53:47.028996
ED   41,99.00%,Maud Maron,(Republican),143,AD 66,2025-11-06_10:53:47.028996
ED   41,99.00%,Maud Maron,(Conservative),14,AD 66,2025-11-06_10:53:47.028996
ED   41,99.00%,Alvin L. Bragg Jr.,(Working Families),52,AD 66,2025-11-06_10:53:47.028996
ED   41,99.00%,Diana J. Florence,(A Safer Manhattan),39,AD 66,2025-11-06_10:53:47.028996
ED   41,99.00%,WRITE-IN,&nbsp,2,AD 66,2025-11-06_10:53:47.028996
ED   42,99.00%,Alvin L. Bragg Jr.,(Democratic),514,AD 66,2025-11-06_10:53:47.028996
ED   42,99.00%,Maud Maron,(Republican),228,AD 66,2025-11-06_10:53:47.028996
ED   42,99.00%,Maud Maron,(Conservative),11,AD 66,2025-11-06_10:53:47.028996
ED   42,99.00%,Alvin L. Bragg Jr.,(Working Families),47,AD 66,2025-11-06_10:53:47.028996
ED   42,99.00%,Diana J. Florence,(A Safer Manhattan),27,AD 66,2025-11-06_10:53:47.028996
ED   42,99.00%,WRITE-IN,&nbsp,1,AD 66,2025-11-06_10:53:47.028996
ED   43,99.00%,Alvin L. Bragg Jr.,(Democratic),368,AD 66,2025-11-06_10:53:47.028996
ED   43,99.00%,Maud Maron,(Republican),85,AD 66,2025-11-06_10:53:47.028996
ED   43,99.00%,Maud Maron,(Conservative),11,AD 66,2025-11-06_10:53:47.028996
ED   43,99.00%,Alvin L. Bragg Jr.,(Working Families),56,AD 66,2025-11-06_10:53:47.028996
ED   43,99.00%,Diana J. Florence,(A Safer Manhattan),22,AD 66,2025-11-06_10:53:47.028996
ED   43,99.00%,WRITE-IN,&nbsp,1,AD 66,2025-11-06_10:53:47.028996
ED   44,99.00%,Alvin L. Bragg Jr.,(Democratic),435,AD 66,2025-11-06_10:53:47.028996
ED   44,99.00%,Maud Maron,(Republican),114,AD 66,2025-11-06_10:53:47.028996
ED   44,99.00%,Maud Maron,(Conservative),14,AD 66,2025-11-06_10:53:47.028996
ED   44,99.00%,Alvin L. Bragg Jr.,(Working Families),89,AD 66,2025-11-06_10:53:47.028996
ED   44,99.00%,Diana J. Florence,(A Safer Manhattan),30,AD 66,2025-11-06_10:53:47.028996
ED   44,99.00%,WRITE-IN,&nbsp,1,AD 66,2025-11-06_10:53:47.028996
ED   45,99.00%,Alvin L. Bragg Jr.,(Democratic),463,AD 66,2025-11-06_10:53:47.028996
ED   45,99.00%,Maud Maron,(Republican),69,AD 66,2025-11-06_10:53:47.028996
ED   45,99.00%,Maud Maron,(Conservative),6,AD 66,2025-11-06_10:53:47.028996
ED   45,99.00%,Alvin L. Bragg Jr.,(Working Families),95,AD 66,2025-11-06_10:53:47.028996
ED   45,99.00%,Diana J. Florence,(A Safer Manhattan),33,AD 66,2025-11-06_10:53:47.028996
ED   45,99.00%,WRITE-IN,&nbsp,2,AD 66,2025-11-06_10:53:47.028996
ED   46,99.00%,Alvin L. Bragg Jr.,(Democratic),241,AD 66,2025-11-06_10:53:47.028996
ED   46,99.00%,Maud Maron,(Republican),60,AD 66,2025-11-06_10:53:47.028996
ED   46,99.00%,Maud Maron,(Conservative),5,AD 66,2025-11-06_10:53:47.028996
ED   46,99.00%,Alvin L. Bragg Jr.,(Working Families),34,AD 66,2025-11-06_10:53:47.028996
ED   46,99.00%,Diana J. Florence,(A Safer Manhattan),12,AD 66,2025-11-06_10:53:47.028996
ED   46,99.00%,WRITE-IN,&nbsp,1,AD 66,2025-11-06_10:53:47.028996
ED   47,99.00%,Alvin L. Bragg Jr.,(Democratic),470,AD 66,2025-11-06_10:53:47.028996
ED   47,99.00%,Maud Maron,(Republican),99,AD 66,2025-11-06_10:53:47.028996
ED   47,99.00%,Maud Maron,(Conservative),9,AD 66,2025-11-06_10:53:47.028996
ED   47,99.00%,Alvin L. Bragg Jr.,(Working Families),86,AD 66,2025-11-06_10:53:47.028996
ED   47,99.00%,Diana J. Florence,(A Safer Manhattan),24,AD 66,2025-11-06_10:53:47.028996
ED   47,99.00%,WRITE-IN,&nbsp,1,AD 66,2025-11-06_10:53:47.028996
ED   48,99.00%,Alvin L. Bragg Jr.,(Democratic),466,AD 66,2025-11-06_10:53:47.028996
ED   48,99.00%,Maud Maron,(Republican),92,AD 66,2025-11-06_10:53:47.028996
ED   48,99.00%,Maud Maron,(Conservative),8,AD 66,2025-11-06_10:53:47.028996
ED   48,99.00%,Alvin L. Bragg Jr.,(Working Families),114,AD 66,2025-11-06_10:53:47.028996
ED   48,99.00%,Diana J. Florence,(A Safer Manhattan),21,AD 66,2025-11-06_10:53:47.028996
ED   48,99.00%,WRITE-IN,&nbsp,4,AD 66,2025-11-06_10:53:47.028996
ED   49,99.00%,Alvin L. Bragg Jr.,(Democratic),534,AD 66,2025-11-06_10:53:47.028996
ED   49,99.00%,Maud Maron,(Republican),140,AD 66,2025-11-06_10:53:47.028996
ED   49,99.00%,Maud Maron,(Conservative),9,AD 66,2025-11-06_10:53:47.028996
ED   49,99.00%,Alvin L. Bragg Jr.,(Working Families),129,AD 66,2025-11-06_10:53:47.028996
ED   49,99.00%,Diana J. Florence,(A Safer Manhattan),24,AD 66,2025-11-06_10:53:47.028996
ED   49,99.00%,WRITE-IN,&nbsp,0,AD 66,2025-11-06_10:53:47.028996
ED   50,99.00%,Alvin L. Bragg Jr.,(Democratic),508,AD 66,2025-11-06_10:53:47.028996
ED   50,99.00%,Maud Maron,(Republican),80,AD 66,2025-11-06_10:53:47.028996
ED   50,99.00%,Maud Maron,(Conservative),15,AD 66,2025-11-06_10:53:47.028996
ED   50,99.00%,Alvin L. Bragg Jr.,(Working Families),143,AD 66,2025-11-06_10:53:47.028996
ED   50,99.00%,Diana J. Florence,(A Safer Manhattan),18,AD 66,2025-11-06_10:53:47.028996
ED   50,99.00%,WRITE-IN,&nbsp,0,AD 66,2025-11-06_10:53:47.028996
ED   51,99.00%,Alvin L. Bragg Jr.,(Democratic),608,AD 66,2025-11-06_10:53:47.028996
ED   51,99.00%,Maud Maron,(Republican),117,AD 66,2025-11-06_10:53:47.028996
ED   51,99.00%,Maud Maron,(Conservative),18,AD 66,2025-11-06_10:53:47.028996
ED   51,99.00%,Alvin L. Bragg Jr.,(Working Families),126,AD 66,2025-11-06_10:53:47.028996
ED   51,99.00%,Diana J. Florence,(A Safer Manhattan),33,AD 66,2025-11-06_10:53:47.028996
ED   51,99.00%,WRITE-IN,&nbsp,2,AD 66,2025-11-06_10:53:47.028996
ED   52,99.00%,Alvin L. Bragg Jr.,(Democratic),234,AD 66,2025-11-06_10:53:47.028996
ED   52,99.00%,Maud Maron,(Republican),94,AD 66,2025-11-06_10:53:47.028996
ED   52,99.00%,Maud Maron,(Conservative),10,AD 66,2025-11-06_10:53:47.028996
ED   52,99.00%,Alvin L. Bragg Jr.,(Working Families),66,AD 66,2025-11-06_10:53:47.028996
ED   52,99.00%,Diana J. Florence,(A Safer Manhattan),23,AD 66,2025-11-06_10:53:47.028996
ED   52,99.00%,WRITE-IN,&nbsp,1,AD 66,2025-11-06_10:53:47.028996
ED   53,99.00%,Alvin L. Bragg Jr.,(Democratic),319,AD 66,2025-11-06_10:53:47.028996
ED   53,99.00%,Maud Maron,(Republican),72,AD 66,2025-11-06_10:53:47.028996
ED   53,99.00%,Maud Maron,(Conservative),4,AD 66,2025-11-06_10:53:47.028996
ED   53,99.00%,Alvin L. Bragg Jr.,(Working Families),94,AD 66,2025-11-06_10:53:47.028996
ED   53,99.00%,Diana J. Florence,(A Safer Manhattan),23,AD 66,2025-11-06_10:53:47.028996
ED   53,99.00%,WRITE-IN,&nbsp,1,AD 66,2025-11-06_10:53:47.028996
ED   54,99.00%,Alvin L. Bragg Jr.,(Democratic),384,AD 66,2025-11-06_10:53:47.028996
ED   54,99.00%,Maud Maron,(Republican),126,AD 66,2025-11-06_10:53:47.028996
ED   54,99.00%,Maud Maron,(Conservative),12,AD 66,2025-11-06_10:53:47.028996
ED   54,99.00%,Alvin L. Bragg Jr.,(Working Families),90,AD 66,2025-11-06_10:53:47.028996
ED   54,99.00%,Diana J. Florence,(A Safer Manhattan),17,AD 66,2025-11-06_10:53:47.028996
ED   54,99.00%,WRITE-IN,&nbsp,1,AD 66,2025-11-06_10:53:47.028996
ED   55,99.00%,Alvin L. Bragg Jr.,(Democratic),303,AD 66,2025-11-06_10:53:47.028996
ED   55,99.00%,Maud Maron,(Republican),132,AD 66,2025-11-06_10:53:47.028996
ED   55,99.00%,Maud Maron,(Conservative),12,AD 66,2025-11-06_10:53:47.028996
ED   55,99.00%,Alvin L. Bragg Jr.,(Working Families),37,AD 66,2025-11-06_10:53:47.028996
ED   55,99.00%,Diana J. Florence,(A Safer Manhattan),31,AD 66,2025-11-06_10:53:47.028996
ED   55,99.00%,WRITE-IN,&nbsp,0,AD 66,2025-11-06_10:53:47.028996
ED   56,99.00%,Alvin L. Bragg Jr.,(Democratic),442,AD 66,2025-11-06_10:53:47.028996
ED   56,99.00%,Maud Maron,(Republican),45,AD 66,2025-11-06_10:53:47.028996
ED   56,99.00%,Maud Maron,(Conservative),3,AD 66,2025-11-06_10:53:47.028996
ED   56,99.00%,Alvin L. Bragg Jr.,(Working Families),105,AD 66,2025-11-06_10:53:47.028996
ED   56,99.00%,Diana J. Florence,(A Safer Manhattan),15,AD 66,2025-11-06_10:53:47.028996
ED   56,99.00%,WRITE-IN,&nbsp,1,AD 66,2025-11-06_10:53:47.028996
ED   57,99.00%,Alvin L. Bragg Jr.,(Democratic),487,AD 66,2025-11-06_10:53:47.028996
ED   57,99.00%,Maud Maron,(Republican),87,AD 66,2025-11-06_10:53:47.028996
ED   57,99.00%,Maud Maron,(Conservative),11,AD 66,2025-11-06_10:53:47.028996
ED   57,99.00%,Alvin L. Bragg Jr.,(Working Families),100,AD 66,2025-11-06_10:53:47.028996
ED   57,99.00%,Diana J. Florence,(A Safer Manhattan),28,AD 66,2025-11-06_10:53:47.028996
ED   57,99.00%,WRITE-IN,&nbsp,0,AD 66,2025-11-06_10:53:47.028996
ED   58,99.00%,Alvin L. Bragg Jr.,(Democratic),423,AD 66,2025-11-06_10:53:47.028996
ED   58,99.00%,Maud Maron,(Republican),163,AD 66,2025-11-06_10:53:47.028996
ED   58,99.00%,Maud Maron,(Conservative),26,AD 66,2025-11-06_10:53:47.028996
ED   58,99.00%,Alvin L. Bragg Jr.,(Working Families),56,AD 66,2025-11-06_10:53:47.028996
ED   58,99.00%,Diana J. Florence,(A Safer Manhattan),23,AD 66,2025-11-06_10:53:47.028996
ED   58,99.00%,WRITE-IN,&nbsp,2,AD 66,2025-11-06_10:53:47.028996
ED   59,99.00%,Alvin L. Bragg Jr.,(Democratic),311,AD 66,2025-11-06_10:53:47.028996
ED   59,99.00%,Maud Maron,(Republican),92,AD 66,2025-11-06_10:53:47.028996
ED   59,99.00%,Maud Maron,(Conservative),10,AD 66,2025-11-06_10:53:47.028996
ED   59,99.00%,Alvin L. Bragg Jr.,(Working Families),33,AD 66,2025-11-06_10:53:47.028996
ED   59,99.00%,Diana J. Florence,(A Safer Manhattan),17,AD 66,2025-11-06_10:53:47.028996
ED   59,99.00%,WRITE-IN,&nbsp,1,AD 66,2025-11-06_10:53:47.028996
ED   60,99.00%,Alvin L. Bragg Jr.,(Democratic),314,AD 66,2025-11-06_10:53:47.028996
ED   60,99.00%,Maud Maron,(Republican),133,AD 66,2025-11-06_10:53:47.028996
ED   60,99.00%,Maud Maron,(Conservative),10,AD 66,2025-11-06_10:53:47.028996
ED   60,99.00%,Alvin L. Bragg Jr.,(Working Families),45,AD 66,2025-11-06_10:53:47.028996
ED   60,99.00%,Diana J. Florence,(A Safer Manhattan),20,AD 66,2025-11-06_10:53:47.028996
ED   60,99.00%,WRITE-IN,&nbsp,1,AD 66,2025-11-06_10:53:47.028996
ED   61,99.00%,Alvin L. Bragg Jr.,(Democratic),328,AD 66,2025-11-06_10:53:47.028996
ED   61,99.00%,Maud Maron,(Republican),112,AD 66,2025-11-06_10:53:47.028996
ED   61,99.00%,Maud Maron,(Conservative),17,AD 66,2025-11-06_10:53:47.028996
ED   61,99.00%,Alvin L. Bragg Jr.,(Working Families),52,AD 66,2025-11-06_10:53:47.028996
ED   61,99.00%,Diana J. Florence,(A Safer Manhattan),23,AD 66,2025-11-06_10:53:47.028996
ED   61,99.00%,WRITE-IN,&nbsp,0,AD 66,2025-11-06_10:53:47.028996
ED   62,99.00%,Alvin L. Bragg Jr.,(Democratic),6,AD 66,2025-11-06_10:53:47.028996
ED   62,99.00%,Maud Maron,(Republican),3,AD 66,2025-11-06_10:53:47.028996
ED   62,99.00%,Maud Maron,(Conservative),0,AD 66,2025-11-06_10:53:47.028996
ED   62,99.00%,Alvin L. Bragg Jr.,(Working Families),1,AD 66,2025-11-06_10:53:47.028996
ED   62,99.00%,Diana J. Florence,(A Safer Manhattan),0,AD 66,2025-11-06_10:53:47.028996
ED   62,99.00%,WRITE-IN,&nbsp,0,AD 66,2025-11-06_10:53:47.028996
ED   63,99.00%,Alvin L. Bragg Jr.,(Democratic),290,AD 66,2025-11-06_10:53:47.028996
ED   63,99.00%,Maud Maron,(Republican),254,AD 66,2025-11-06_10:53:47.028996
ED   63,99.00%,Maud Maron,(Conservative),16,AD 66,2025-11-06_10:53:47.028996
ED   63,99.00%,Alvin L. Bragg Jr.,(Working Families),18,AD 66,2025-11-06_10:53:47.028996
ED   63,99.00%,Diana J. Florence,(A Safer Manhattan),24,AD 66,2025-11-06_10:53:47.028996
ED   63,99.00%,WRITE-IN,&nbsp,3,AD 66,2025-11-06_10:53:47.028996
ED   64,99.00%,Alvin L. Bragg Jr.,(Democratic),442,AD 66,2025-11-06_10:53:47.028996
ED   64,99.00%,Maud Maron,(Republican),218,AD 66,2025-11-06_10:53:47.028996
ED   64,99.00%,Maud Maron,(Conservative),13,AD 66,2025-11-06_10:53:47.028996
ED   64,99.00%,Alvin L. Bragg Jr.,(Working Families),65,AD 66,2025-11-06_10:53:47.028996
ED   64,99.00%,Diana J. Florence,(A Safer Manhattan),36,AD 66,2025-11-06_10:53:47.028996
ED   64,99.00%,WRITE-IN,&nbsp,2,AD 66,2025-11-06_10:53:47.028996
ED   65,99.00%,Alvin L. Bragg Jr.,(Democratic),332,AD 66,2025-11-06_10:53:47.028996
ED   65,99.00%,Maud Maron,(Republican),126,AD 66,2025-11-06_10:53:47.028996
ED   65,99.00%,Maud Maron,(Conservative),13,AD 66,2025-11-06_10:53:47.028996
ED   65,99.00%,Alvin L. Bragg Jr.,(Working Families),51,AD 66,2025-11-06_10:53:47.028996
ED   65,99.00%,Diana J. Florence,(A Safer Manhattan),19,AD 66,2025-11-06_10:53:47.028996
ED   65,99.00%,WRITE-IN,&nbsp,1,AD 66,2025-11-06_10:53:47.028996
ED   66,99.00%,Alvin L. Bragg Jr.,(Democratic),498,AD 66,2025-11-06_10:53:47.028996
ED   66,99.00%,Maud Maron,(Republican),347,AD 66,2025-11-06_10:53:47.028996
ED   66,99.00%,Maud Maron,(Conservative),23,AD 66,2025-11-06_10:53:47.028996
ED   66,99.00%,Alvin L. Bragg Jr.,(Working Families),32,AD 66,2025-11-06_10:53:47.028996
ED   66,99.00%,Diana J. Florence,(A Safer Manhattan),50,AD 66,2025-11-06_10:53:47.028996
ED   66,99.00%,WRITE-IN,&nbsp,1,AD 66,2025-11-06_10:53:47.028996
ED   67,99.00%,Alvin L. Bragg Jr.,(Democratic),473,AD 66,2025-11-06_10:53:47.028996
ED   67,99.00%,Maud Maron,(Republican),370,AD 66,2025-11-06_10:53:47.028996
ED   67,99.00%,Maud Maron,(Conservative),21,AD 66,2025-11-06_10:53:47.028996
ED   67,99.00%,Alvin L. Bragg Jr.,(Working Families),31,AD 66,2025-11-06_10:53:47.028996
ED   67,99.00%,Diana J. Florence,(A Safer Manhattan),53,AD 66,2025-11-06_10:53:47.028996
ED   67,99.00%,WRITE-IN,&nbsp,1,AD 66,2025-11-06_10:53:47.028996
ED   68,99.00%,Alvin L. Bragg Jr.,(Democratic),483,AD 66,2025-11-06_10:53:47.028996
ED   68,99.00%,Maud Maron,(Republican),266,AD 66,2025-11-06_10:53:47.028996
ED   68,99.00%,Maud Maron,(Conservative),19,AD 66,2025-11-06_10:53:47.028996
ED   68,99.00%,Alvin L. Bragg Jr.,(Working Families),52,AD 66,2025-11-06_10:53:47.028996
ED   68,99.00%,Diana J. Florence,(A Safer Manhattan),35,AD 66,2025-11-06_10:53:47.028996
ED   68,99.00%,WRITE-IN,&nbsp,1,AD 66,2025-11-06_10:53:47.028996
ED   69,99.00%,Alvin L. Bragg Jr.,(Democratic),417,AD 66,2025-11-06_10:53:47.028996
ED   69,99.00%,Maud Maron,(Republican),182,AD 66,2025-11-06_10:53:47.028996
ED   69,99.00%,Maud Maron,(Conservative),17,AD 66,2025-11-06_10:53:47.028996
ED   69,99.00%,Alvin L. Bragg Jr.,(Working Families),50,AD 66,2025-11-06_10:53:47.028996
ED   69,99.00%,Diana J. Florence,(A Safer Manhattan),32,AD 66,2025-11-06_10:53:47.028996
ED   69,99.00%,WRITE-IN,&nbsp,1,AD 66,2025-11-06_10:53:47.028996
ED   70,99.00%,Alvin L. Bragg Jr.,(Democratic),413,AD 66,2025-11-06_10:53:47.028996
ED   70,99.00%,Maud Maron,(Republican),196,AD 66,2025-11-06_10:53:47.028996
ED   70,99.00%,Maud Maron,(Conservative),23,AD 66,2025-11-06_10:53:47.028996
ED   70,99.00%,Alvin L. Bragg Jr.,(Working Families),48,AD 66,2025-11-06_10:53:47.028996
ED   70,99.00%,Diana J. Florence,(A Safer Manhattan),38,AD 66,2025-11-06_10:53:47.028996
ED   70,99.00%,WRITE-IN,&nbsp,3,AD 66,2025-11-06_10:53:47.028996
ED   71,99.00%,Alvin L. Bragg Jr.,(Democratic),428,AD 66,2025-11-06_10:53:47.028996
ED   71,99.00%,Maud Maron,(Republican),221,AD 66,2025-11-06_10:53:47.028996
ED   71,99.00%,Maud Maron,(Conservative),12,AD 66,2025-11-06_10:53:47.028996
ED   71,99.00%,Alvin L. Bragg Jr.,(Working Families),33,AD 66,2025-11-06_10:53:47.028996
ED   71,99.00%,Diana J. Florence,(A Safer Manhattan),27,AD 66,2025-11-06_10:53:47.028996
ED   71,99.00%,WRITE-IN,&nbsp,2,AD 66,2025-11-06_10:53:47.028996
ED   72,99.00%,Alvin L. Bragg Jr.,(Democratic),189,AD 66,2025-11-06_10:53:47.028996
ED   72,99.00%,Maud Maron,(Republican),135,AD 66,2025-11-06_10:53:47.028996
ED   72,99.00%,Maud Maron,(Conservative),13,AD 66,2025-11-06_10:53:47.028996
ED   72,99.00%,Alvin L. Bragg Jr.,(Working Families),10,AD 66,2025-11-06_10:53:47.028996
ED   72,99.00%,Diana J. Florence,(A Safer Manhattan),21,AD 66,2025-11-06_10:53:47.028996
ED   72,99.00%,WRITE-IN,&nbsp,0,AD 66,2025-11-06_10:53:47.028996
ED   73,99.00%,Alvin L. Bragg Jr.,(Democratic),411,AD 66,2025-11-06_10:53:47.028996
ED   73,99.00%,Maud Maron,(Republican),247,AD 66,2025-11-06_10:53:47.028996
ED   73,99.00%,Maud Maron,(Conservative),25,AD 66,2025-11-06_10:53:47.028996
ED   73,99.00%,Alvin L. Bragg Jr.,(Working Families),54,AD 66,2025-11-06_10:53:47.028996
ED   73,99.00%,Diana J. Florence,(A Safer Manhattan),38,AD 66,2025-11-06_10:53:47.028996
ED   73,99.00%,WRITE-IN,&nbsp,2,AD 66,2025-11-06_10:53:47.028996
ED   74,99.00%,Alvin L. Bragg Jr.,(Democratic),74,AD 66,2025-11-06_10:53:47.028996
ED   74,99.00%,Maud Maron,(Republican),10,AD 66,2025-11-06_10:53:47.028996
ED   74,99.00%,Maud Maron,(Conservative),2,AD 66,2025-11-06_10:53:47.028996
ED   74,99.00%,Alvin L. Bragg Jr.,(Working Families),8,AD 66,2025-11-06_10:53:47.028996
ED   74,99.00%,Diana J. Florence,(A Safer Manhattan),4,AD 66,2025-11-06_10:53:47.028996
ED   74,99.00%,WRITE-IN,&nbsp,0,AD 66,2025-11-06_10:53:47.028996
ED   75,99.00%,Alvin L. Bragg Jr.,(Democratic),0,AD 66,2025-11-06_10:53:47.028996
ED   75,99.00%,Maud Maron,(Republican),0,AD 66,2025-11-06_10:53:47.028996
ED   75,99.00%,Maud Maron,(Conservative),0,AD 66,2025-11-06_10:53:47.028996
ED   75,99.00%,Alvin L. Bragg Jr.,(Working Families),0,AD 66,2025-11-06_10:53:47.028996
ED   75,99.00%,Diana J. Florence,(A Safer Manhattan),0,AD 66,2025-11-06_10:53:47.028996
ED   75,99.00%,WRITE-IN,&nbsp,0,AD 66,2025-11-06_10:53:47.028996
ED   76,99.00%,Alvin L. Bragg Jr.,(Democratic),0,AD 66,2025-11-06_10:53:47.028996
ED   76,99.00%,Maud Maron,(Republican),0,AD 66,2025-11-06_10:53:47.028996
ED   76,99.00%,Maud Maron,(Conservative),0,AD 66,2025-11-06_10:53:47.028996
ED   76,99.00%,Alvin L. Bragg Jr.,(Working Families),0,AD 66,2025-11-06_10:53:47.028996
ED   76,99.00%,Diana J. Florence,(A Safer Manhattan),0,AD 66,2025-11-06_10:53:47.028996
ED   76,99.00%,WRITE-IN,&nbsp,0,AD 66,2025-11-06_10:53:47.028996
ED   77,99.00%,Alvin L. Bragg Jr.,(Democratic),0,AD 66,2025-11-06_10:53:47.028996
ED   77,99.00%,Maud Maron,(Republican),0,AD 66,2025-11-06_10:53:47.028996
ED   77,99.00%,Maud Maron,(Conservative),0,AD 66,2025-11-06_10:53:47.028996
ED   77,99.00%,Alvin L. Bragg Jr.,(Working Families),0,AD 66,2025-11-06_10:53:47.028996
ED   77,99.00%,Diana J. Florence,(A Safer Manhattan),0,AD 66,2025-11-06_10:53:47.028996
ED   77,99.00%,WRITE-IN,&nbsp,0,AD 66,2025-11-06_10:53:47.028996
ED   78,99.00%,Alvin L. Bragg Jr.,(Democratic),0,AD 66,2025-11-06_10:53:47.028996
ED   78,99.00%,Maud Maron,(Republican),0,AD 66,2025-11-06_10:53:47.028996
ED   78,99.00%,Maud Maron,(Conservative),0,AD 66,2025-11-06_10:53:47.028996
ED   78,99.00%,Alvin L. Bragg Jr.,(Working Families),0,AD 66,2025-11-06_10:53:47.028996
ED   78,99.00%,Diana J. Florence,(A Safer Manhattan),0,AD 66,2025-11-06_10:53:47.028996
ED   78,99.00%,WRITE-IN,&nbsp,0,AD 66,2025-11-06_10:53:47.028996
Total,,Alvin L. Bragg Jr.,(Democratic),29429,AD 66,2025-11-06_10:53:47.028996
Total,,Maud Maron,(Republican),10177,AD 66,2025-11-06_10:53:47.028996
Total,,Maud Maron,(Conservative),926,AD 66,2025-11-06_10:53:47.028996
Total,,Alvin L. Bragg Jr.,(Working Families),4074,AD 66,2025-11-06_10:53:47.028996
Total,,Diana J. Florence,(A Safer Manhattan),1991,AD 66,2025-11-06_10:53:47.028996
Total,,WRITE-IN,&nbsp,71,AD 66,2025-11-06_10:53:47.028996
ED    1,92.31%,Alvin L. Bragg Jr.,(Democratic),490,AD 67,2025-11-06_10:53:47.028996
ED    1,92.31%,Maud Maron,(Republican),122,AD 67,2025-11-06_10:53:47.028996
ED    1,92.31%,Maud Maron,(Conservative),9,AD 67,2025-11-06_10:53:47.028996
ED    1,92.31%,Alvin L. Bragg Jr.,(Working Families),58,AD 67,2025-11-06_10:53:47.028996
ED    1,92.31%,Diana J. Florence,(A Safer Manhattan),40,AD 67,2025-11-06_10:53:47.028996
ED    1,92.31%,WRITE-IN,&nbsp,0,AD 67,2025-11-06_10:53:47.028996
ED    2,92.31%,Alvin L. Bragg Jr.,(Democratic),293,AD 67,2025-11-06_10:53:47.028996
ED    2,92.31%,Maud Maron,(Republican),83,AD 67,2025-11-06_10:53:47.028996
ED    2,92.31%,Maud Maron,(Conservative),7,AD 67,2025-11-06_10:53:47.028996
ED    2,92.31%,Alvin L. Bragg Jr.,(Working Families),47,AD 67,2025-11-06_10:53:47.028996
ED    2,92.31%,Diana J. Florence,(A Safer Manhattan),24,AD 67,2025-11-06_10:53:47.028996
ED    2,92.31%,WRITE-IN,&nbsp,0,AD 67,2025-11-06_10:53:47.028996
ED    3,90.91%,Alvin L. Bragg Jr.,(Democratic),476,AD 67,2025-11-06_10:53:47.028996
ED    3,90.91%,Maud Maron,(Republican),150,AD 67,2025-11-06_10:53:47.028996
ED    3,90.91%,Maud Maron,(Conservative),13,AD 67,2025-11-06_10:53:47.028996
ED    3,90.91%,Alvin L. Bragg Jr.,(Working Families),53,AD 67,2025-11-06_10:53:47.028996
ED    3,90.91%,Diana J. Florence,(A Safer Manhattan),35,AD 67,2025-11-06_10:53:47.028996
ED    3,90.91%,WRITE-IN,&nbsp,0,AD 67,2025-11-06_10:53:47.028996
ED    4,90.91%,Alvin L. Bragg Jr.,(Democratic),481,AD 67,2025-11-06_10:53:47.028996
ED    4,90.91%,Maud Maron,(Republican),140,AD 67,2025-11-06_10:53:47.028996
ED    4,90.91%,Maud Maron,(Conservative),10,AD 67,2025-11-06_10:53:47.028996
ED    4,90.91%,Alvin L. Bragg Jr.,(Working Families),80,AD 67,2025-11-06_10:53:47.028996
ED    4,90.91%,Diana J. Florence,(A Safer Manhattan),36,AD 67,2025-11-06_10:53:47.028996
ED    4,90.91%,WRITE-IN,&nbsp,2,AD 67,2025-11-06_10:53:47.028996
ED    5,90.91%,Alvin L. Bragg Jr.,(Democratic),532,AD 67,2025-11-06_10:53:47.028996
ED    5,90.91%,Maud Maron,(Republican),157,AD 67,2025-11-06_10:53:47.028996
ED    5,90.91%,Maud Maron,(Conservative),14,AD 67,2025-11-06_10:53:47.028996
ED    5,90.91%,Alvin L. Bragg Jr.,(Working Families),70,AD 67,2025-11-06_10:53:47.028996
ED    5,90.91%,Diana J. Florence,(A Safer Manhattan),37,AD 67,2025-11-06_10:53:47.028996
ED    5,90.91%,WRITE-IN,&nbsp,2,AD 67,2025-11-06_10:53:47.028996
ED    6,92.86%,Alvin L. Bragg Jr.,(Democratic),107,AD 67,2025-11-06_10:53:47.028996
ED    6,92.86%,Maud Maron,(Republican),41,AD 67,2025-11-06_10:53:47.028996
ED    6,92.86%,Maud Maron,(Conservative),9,AD 67,2025-11-06_10:53:47.028996
ED    6,92.86%,Alvin L. Bragg Jr.,(Working Families),10,AD 67,2025-11-06_10:53:47.028996
ED    6,92.86%,Diana J. Florence,(A Safer Manhattan),7,AD 67,2025-11-06_10:53:47.028996
ED    6,92.86%,WRITE-IN,&nbsp,0,AD 67,2025-11-06_10:53:47.028996
ED    7,85.71%,Alvin L. Bragg Jr.,(Democratic),525,AD 67,2025-11-06_10:53:47.028996
ED    7,85.71%,Maud Maron,(Republican),200,AD 67,2025-11-06_10:53:47.028996
ED    7,85.71%,Maud Maron,(Conservative),20,AD 67,2025-11-06_10:53:47.028996
ED    7,85.71%,Alvin L. Bragg Jr.,(Working Families),56,AD 67,2025-11-06_10:53:47.028996
ED    7,85.71%,Diana J. Florence,(A Safer Manhattan),67,AD 67,2025-11-06_10:53:47.028996
ED    7,85.71%,WRITE-IN,&nbsp,3,AD 67,2025-11-06_10:53:47.028996
ED    8,85.71%,Alvin L. Bragg Jr.,(Democratic),556,AD 67,2025-11-06_10:53:47.028996
ED    8,85.71%,Maud Maron,(Republican),138,AD 67,2025-11-06_10:53:47.028996
ED    8,85.71%,Maud Maron,(Conservative),18,AD 67,2025-11-06_10:53:47.028996
ED    8,85.71%,Alvin L. Bragg Jr.,(Working Families),63,AD 67,2025-11-06_10:53:47.028996
ED    8,85.71%,Diana J. Florence,(A Safer Manhattan),45,AD 67,2025-11-06_10:53:47.028996
ED    8,85.71%,WRITE-IN,&nbsp,1,AD 67,2025-11-06_10:53:47.028996
ED    9,92.86%,Alvin L. Bragg Jr.,(Democratic),422,AD 67,2025-11-06_10:53:47.028996
ED    9,92.86%,Maud Maron,(Republican),109,AD 67,2025-11-06_10:53:47.028996
ED    9,92.86%,Maud Maron,(Conservative),9,AD 67,2025-11-06_10:53:47.028996
ED    9,92.86%,Alvin L. Bragg Jr.,(Working Families),54,AD 67,2025-11-06_10:53:47.028996
ED    9,92.86%,Diana J. Florence,(A Safer Manhattan),27,AD 67,2025-11-06_10:53:47.028996
ED    9,92.86%,WRITE-IN,&nbsp,0,AD 67,2025-11-06_10:53:47.028996
ED   10,85.71%,Alvin L. Bragg Jr.,(Democratic),459,AD 67,2025-11-06_10:53:47.028996
ED   10,85.71%,Maud Maron,(Republican),148,AD 67,2025-11-06_10:53:47.028996
ED   10,85.71%,Maud Maron,(Conservative),9,AD 67,2025-11-06_10:53:47.028996
ED   10,85.71%,Alvin L. Bragg Jr.,(Working Families),54,AD 67,2025-11-06_10:53:47.028996
ED   10,85.71%,Diana J. Florence,(A Safer Manhattan),50,AD 67,2025-11-06_10:53:47.028996
ED   10,85.71%,WRITE-IN,&nbsp,0,AD 67,2025-11-06_10:53:47.028996
ED   11,88.89%,Alvin L. Bragg Jr.,(Democratic),469,AD 67,2025-11-06_10:53:47.028996
ED   11,88.89%,Maud Maron,(Republican),150,AD 67,2025-11-06_10:53:47.028996
ED   11,88.89%,Maud Maron,(Conservative),12,AD 67,2025-11-06_10:53:47.028996
ED   11,88.89%,Alvin L. Bragg Jr.,(Working Families),60,AD 67,2025-11-06_10:53:47.028996
ED   11,88.89%,Diana J. Florence,(A Safer Manhattan),46,AD 67,2025-11-06_10:53:47.028996
ED   11,88.89%,WRITE-IN,&nbsp,1,AD 67,2025-11-06_10:53:47.028996
ED   12,88.89%,Alvin L. Bragg Jr.,(Democratic),598,AD 67,2025-11-06_10:53:47.028996
ED   12,88.89%,Maud Maron,(Republican),181,AD 67,2025-11-06_10:53:47.028996
ED   12,88.89%,Maud Maron,(Conservative),13,AD 67,2025-11-06_10:53:47.028996
ED   12,88.89%,Alvin L. Bragg Jr.,(Working Families),67,AD 67,2025-11-06_10:53:47.028996
ED   12,88.89%,Diana J. Florence,(A Safer Manhattan),49,AD 67,2025-11-06_10:53:47.028996
ED   12,88.89%,WRITE-IN,&nbsp,1,AD 67,2025-11-06_10:53:47.028996
ED   13,88.89%,Alvin L. Bragg Jr.,(Democratic),490,AD 67,2025-11-06_10:53:47.028996
ED   13,88.89%,Maud Maron,(Republican),180,AD 67,2025-11-06_10:53:47.028996
ED   13,88.89%,Maud Maron,(Conservative),19,AD 67,2025-11-06_10:53:47.028996
ED   13,88.89%,Alvin L. Bragg Jr.,(Working Families),59,AD 67,2025-11-06_10:53:47.028996
ED   13,88.89%,Diana J. Florence,(A Safer Manhattan),50,AD 67,2025-11-06_10:53:47.028996
ED   13,88.89%,WRITE-IN,&nbsp,3,AD 67,2025-11-06_10:53:47.028996
ED   14,88.89%,Alvin L. Bragg Jr.,(Democratic),355,AD 67,2025-11-06_10:53:47.028996
ED   14,88.89%,Maud Maron,(Republican),129,AD 67,2025-11-06_10:53:47.028996
ED   14,88.89%,Maud Maron,(Conservative),9,AD 67,2025-11-06_10:53:47.028996
ED   14,88.89%,Alvin L. Bragg Jr.,(Working Families),52,AD 67,2025-11-06_10:53:47.028996
ED   14,88.89%,Diana J. Florence,(A Safer Manhattan),38,AD 67,2025-11-06_10:53:47.028996
ED   14,88.89%,WRITE-IN,&nbsp,1,AD 67,2025-11-06_10:53:47.028996
ED   15,88.89%,Alvin L. Bragg Jr.,(Democratic),437,AD 67,2025-11-06_10:53:47.028996
ED   15,88.89%,Maud Maron,(Republican),140,AD 67,2025-11-06_10:53:47.028996
ED   15,88.89%,Maud Maron,(Conservative),15,AD 67,2025-11-06_10:53:47.028996
ED   15,88.89%,Alvin L. Bragg Jr.,(Working Families),38,AD 67,2025-11-06_10:53:47.028996
ED   15,88.89%,Diana J. Florence,(A Safer Manhattan),41,AD 67,2025-11-06_10:53:47.028996
ED   15,88.89%,WRITE-IN,&nbsp,1,AD 67,2025-11-06_10:53:47.028996
ED   16,90.00%,Alvin L. Bragg Jr.,(Democratic),538,AD 67,2025-11-06_10:53:47.028996
ED   16,90.00%,Maud Maron,(Republican),223,AD 67,2025-11-06_10:53:47.028996
ED   16,90.00%,Maud Maron,(Conservative),20,AD 67,2025-11-06_10:53:47.028996
ED   16,90.00%,Alvin L. Bragg Jr.,(Working Families),56,AD 67,2025-11-06_10:53:47.028996
ED   16,90.00%,Diana J. Florence,(A Safer Manhattan),60,AD 67,2025-11-06_10:53:47.028996
ED   16,90.00%,WRITE-IN,&nbsp,3,AD 67,2025-11-06_10:53:47.028996
ED   17,90.00%,Alvin L. Bragg Jr.,(Democratic),530,AD 67,2025-11-06_10:53:47.028996
ED   17,90.00%,Maud Maron,(Republican),135,AD 67,2025-11-06_10:53:47.028996
ED   17,90.00%,Maud Maron,(Conservative),9,AD 67,2025-11-06_10:53:47.028996
ED   17,90.00%,Alvin L. Bragg Jr.,(Working Families),66,AD 67,2025-11-06_10:53:47.028996
ED   17,90.00%,Diana J. Florence,(A Safer Manhattan),48,AD 67,2025-11-06_10:53:47.028996
ED   17,90.00%,WRITE-IN,&nbsp,0,AD 67,2025-11-06_10:53:47.028996
ED   18,90.00%,Alvin L. Bragg Jr.,(Democratic),535,AD 67,2025-11-06_10:53:47.028996
ED   18,90.00%,Maud Maron,(Republican),126,AD 67,2025-11-06_10:53:47.028996
ED   18,90.00%,Maud Maron,(Conservative),16,AD 67,2025-11-06_10:53:47.028996
ED   18,90.00%,Alvin L. Bragg Jr.,(Working Families),75,AD 67,2025-11-06_10:53:47.028996
ED   18,90.00%,Diana J. Florence,(A Safer Manhattan),45,AD 67,2025-11-06_10:53:47.028996
ED   18,90.00%,WRITE-IN,&nbsp,2,AD 67,2025-11-06_10:53:47.028996
ED   19,99.00%,Alvin L. Bragg Jr.,(Democratic),582,AD 67,2025-11-06_10:53:47.028996
ED   19,99.00%,Maud Maron,(Republican),184,AD 67,2025-11-06_10:53:47.028996
ED   19,99.00%,Maud Maron,(Conservative),11,AD 67,2025-11-06_10:53:47.028996
ED   19,99.00%,Alvin L. Bragg Jr.,(Working Families),73,AD 67,2025-11-06_10:53:47.028996
ED   19,99.00%,Diana J. Florence,(A Safer Manhattan),42,AD 67,2025-11-06_10:53:47.028996
ED   19,99.00%,WRITE-IN,&nbsp,0,AD 67,2025-11-06_10:53:47.028996
ED   20,99.00%,Alvin L. Bragg Jr.,(Democratic),608,AD 67,2025-11-06_10:53:47.028996
ED   20,99.00%,Maud Maron,(Republican),159,AD 67,2025-11-06_10:53:47.028996
ED   20,99.00%,Maud Maron,(Conservative),12,AD 67,2025-11-06_10:53:47.028996
ED   20,99.00%,Alvin L. Bragg Jr.,(Working Families),76,AD 67,2025-11-06_10:53:47.028996
ED   20,99.00%,Diana J. Florence,(A Safer Manhattan),36,AD 67,2025-11-06_10:53:47.028996
ED   20,99.00%,WRITE-IN,&nbsp,0,AD 67,2025-11-06_10:53:47.028996
ED   21,99.00%,Alvin L. Bragg Jr.,(Democratic),489,AD 67,2025-11-06_10:53:47.028996
ED   21,99.00%,Maud Maron,(Republican),192,AD 67,2025-11-06_10:53:47.028996
ED   21,99.00%,Maud Maron,(Conservative),17,AD 67,2025-11-06_10:53:47.028996
ED   21,99.00%,Alvin L. Bragg Jr.,(Working Families),42,AD 67,2025-11-06_10:53:47.028996
ED   21,99.00%,Diana J. Florence,(A Safer Manhattan),62,AD 67,2025-11-06_10:53:47.028996
ED   21,99.00%,WRITE-IN,&nbsp,2,AD 67,2025-11-06_10:53:47.028996
ED   22,99.00%,Alvin L. Bragg Jr.,(Democratic),481,AD 67,2025-11-06_10:53:47.028996
ED   22,99.00%,Maud Maron,(Republican),166,AD 67,2025-11-06_10:53:47.028996
ED   22,99.00%,Maud Maron,(Conservative),19,AD 67,2025-11-06_10:53:47.028996
ED   22,99.00%,Alvin L. Bragg Jr.,(Working Families),62,AD 67,2025-11-06_10:53:47.028996
ED   22,99.00%,Diana J. Florence,(A Safer Manhattan),45,AD 67,2025-11-06_10:53:47.028996
ED   22,99.00%,WRITE-IN,&nbsp,2,AD 67,2025-11-06_10:53:47.028996
ED   23,99.00%,Alvin L. Bragg Jr.,(Democratic),224,AD 67,2025-11-06_10:53:47.028996
ED   23,99.00%,Maud Maron,(Republican),87,AD 67,2025-11-06_10:53:47.028996
ED   23,99.00%,Maud Maron,(Conservative),6,AD 67,2025-11-06_10:53:47.028996
ED   23,99.00%,Alvin L. Bragg Jr.,(Working Families),24,AD 67,2025-11-06_10:53:47.028996
ED   23,99.00%,Diana J. Florence,(A Safer Manhattan),14,AD 67,2025-11-06_10:53:47.028996
ED   23,99.00%,WRITE-IN,&nbsp,1,AD 67,2025-11-06_10:53:47.028996
ED   24,90.00%,Alvin L. Bragg Jr.,(Democratic),512,AD 67,2025-11-06_10:53:47.028996
ED   24,90.00%,Maud Maron,(Republican),133,AD 67,2025-11-06_10:53:47.028996
ED   24,90.00%,Maud Maron,(Conservative),12,AD 67,2025-11-06_10:53:47.028996
ED   24,90.00%,Alvin L. Bragg Jr.,(Working Families),73,AD 67,2025-11-06_10:53:47.028996
ED   24,90.00%,Diana J. Florence,(A Safer Manhattan),63,AD 67,2025-11-06_10:53:47.028996
ED   24,90.00%,WRITE-IN,&nbsp,2,AD 67,2025-11-06_10:53:47.028996
ED   25,99.00%,Alvin L. Bragg Jr.,(Democratic),374,AD 67,2025-11-06_10:53:47.028996
ED   25,99.00%,Maud Maron,(Republican),155,AD 67,2025-11-06_10:53:47.028996
ED   25,99.00%,Maud Maron,(Conservative),3,AD 67,2025-11-06_10:53:47.028996
ED   25,99.00%,Alvin L. Bragg Jr.,(Working Families),46,AD 67,2025-11-06_10:53:47.028996
ED   25,99.00%,Diana J. Florence,(A Safer Manhattan),48,AD 67,2025-11-06_10:53:47.028996
ED   25,99.00%,WRITE-IN,&nbsp,0,AD 67,2025-11-06_10:53:47.028996
ED   26,99.00%,Alvin L. Bragg Jr.,(Democratic),685,AD 67,2025-11-06_10:53:47.028996
ED   26,99.00%,Maud Maron,(Republican),160,AD 67,2025-11-06_10:53:47.028996
ED   26,99.00%,Maud Maron,(Conservative),17,AD 67,2025-11-06_10:53:47.028996
ED   26,99.00%,Alvin L. Bragg Jr.,(Working Families),106,AD 67,2025-11-06_10:53:47.028996
ED   26,99.00%,Diana J. Florence,(A Safer Manhattan),72,AD 67,2025-11-06_10:53:47.028996
ED   26,99.00%,WRITE-IN,&nbsp,1,AD 67,2025-11-06_10:53:47.028996
ED   27,99.00%,Alvin L. Bragg Jr.,(Democratic),382,AD 67,2025-11-06_10:53:47.028996
ED   27,99.00%,Maud Maron,(Republican),110,AD 67,2025-11-06_10:53:47.028996
ED   27,99.00%,Maud Maron,(Conservative),11,AD 67,2025-11-06_10:53:47.028996
ED   27,99.00%,Alvin L. Bragg Jr.,(Working Families),53,AD 67,2025-11-06_10:53:47.028996
ED   27,99.00%,Diana J. Florence,(A Safer Manhattan),37,AD 67,2025-11-06_10:53:47.028996
ED   27,99.00%,WRITE-IN,&nbsp,0,AD 67,2025-11-06_10:53:47.028996
ED   28,99.00%,Alvin L. Bragg Jr.,(Democratic),390,AD 67,2025-11-06_10:53:47.028996
ED   28,99.00%,Maud Maron,(Republican),96,AD 67,2025-11-06_10:53:47.028996
ED   28,99.00%,Maud Maron,(Conservative),9,AD 67,2025-11-06_10:53:47.028996
ED   28,99.00%,Alvin L. Bragg Jr.,(Working Families),55,AD 67,2025-11-06_10:53:47.028996
ED   28,99.00%,Diana J. Florence,(A Safer Manhattan),44,AD 67,2025-11-06_10:53:47.028996
ED   28,99.00%,WRITE-IN,&nbsp,1,AD 67,2025-11-06_10:53:47.028996
ED   29,99.00%,Alvin L. Bragg Jr.,(Democratic),381,AD 67,2025-11-06_10:53:47.028996
ED   29,99.00%,Maud Maron,(Republican),104,AD 67,2025-11-06_10:53:47.028996
ED   29,99.00%,Maud Maron,(Conservative),12,AD 67,2025-11-06_10:53:47.028996
ED   29,99.00%,Alvin L. Bragg Jr.,(Working Families),56,AD 67,2025-11-06_10:53:47.028996
ED   29,99.00%,Diana J. Florence,(A Safer Manhattan),46,AD 67,2025-11-06_10:53:47.028996
ED   29,99.00%,WRITE-IN,&nbsp,1,AD 67,2025-11-06_10:53:47.028996
ED   30,99.00%,Alvin L. Bragg Jr.,(Democratic),614,AD 67,2025-11-06_10:53:47.028996
ED   30,99.00%,Maud Maron,(Republican),180,AD 67,2025-11-06_10:53:47.028996
ED   30,99.00%,Maud Maron,(Conservative),16,AD 67,2025-11-06_10:53:47.028996
ED   30,99.00%,Alvin L. Bragg Jr.,(Working Families),80,AD 67,2025-11-06_10:53:47.028996
ED   30,99.00%,Diana J. Florence,(A Safer Manhattan),87,AD 67,2025-11-06_10:53:47.028996
ED   30,99.00%,WRITE-IN,&nbsp,3,AD 67,2025-11-06_10:53:47.028996
ED   31,99.00%,Alvin L. Bragg Jr.,(Democratic),310,AD 67,2025-11-06_10:53:47.028996
ED   31,99.00%,Maud Maron,(Republican),121,AD 67,2025-11-06_10:53:47.028996
ED   31,99.00%,Maud Maron,(Conservative),11,AD 67,2025-11-06_10:53:47.028996
ED   31,99.00%,Alvin L. Bragg Jr.,(Working Families),29,AD 67,2025-11-06_10:53:47.028996
ED   31,99.00%,Diana J. Florence,(A Safer Manhattan),43,AD 67,2025-11-06_10:53:47.028996
ED   31,99.00%,WRITE-IN,&nbsp,2,AD 67,2025-11-06_10:53:47.028996
ED   32,99.00%,Alvin L. Bragg Jr.,(Democratic),455,AD 67,2025-11-06_10:53:47.028996
ED   32,99.00%,Maud Maron,(Republican),187,AD 67,2025-11-06_10:53:47.028996
ED   32,99.00%,Maud Maron,(Conservative),10,AD 67,2025-11-06_10:53:47.028996
ED   32,99.00%,Alvin L. Bragg Jr.,(Working Families),43,AD 67,2025-11-06_10:53:47.028996
ED   32,99.00%,Diana J. Florence,(A Safer Manhattan),61,AD 67,2025-11-06_10:53:47.028996
ED   32,99.00%,WRITE-IN,&nbsp,2,AD 67,2025-11-06_10:53:47.028996
ED   33,99.00%,Alvin L. Bragg Jr.,(Democratic),405,AD 67,2025-11-06_10:53:47.028996
ED   33,99.00%,Maud Maron,(Republican),146,AD 67,2025-11-06_10:53:47.028996
ED   33,99.00%,Maud Maron,(Conservative),11,AD 67,2025-11-06_10:53:47.028996
ED   33,99.00%,Alvin L. Bragg Jr.,(Working Families),33,AD 67,2025-11-06_10:53:47.028996
ED   33,99.00%,Diana J. Florence,(A Safer Manhattan),43,AD 67,2025-11-06_10:53:47.028996
ED   33,99.00%,WRITE-IN,&nbsp,1,AD 67,2025-11-06_10:53:47.028996
ED   34,90.00%,Alvin L. Bragg Jr.,(Democratic),556,AD 67,2025-11-06_10:53:47.028996
ED   34,90.00%,Maud Maron,(Republican),158,AD 67,2025-11-06_10:53:47.028996
ED   34,90.00%,Maud Maron,(Conservative),22,AD 67,2025-11-06_10:53:47.028996
ED   34,90.00%,Alvin L. Bragg Jr.,(Working Families),66,AD 67,2025-11-06_10:53:47.028996
ED   34,90.00%,Diana J. Florence,(A Safer Manhattan),36,AD 67,2025-11-06_10:53:47.028996
ED   34,90.00%,WRITE-IN,&nbsp,1,AD 67,2025-11-06_10:53:47.028996
ED   35,99.00%,Alvin L. Bragg Jr.,(Democratic),481,AD 67,2025-11-06_10:53:47.028996
ED   35,99.00%,Maud Maron,(Republican),136,AD 67,2025-11-06_10:53:47.028996
ED   35,99.00%,Maud Maron,(Conservative),9,AD 67,2025-11-06_10:53:47.028996
ED   35,99.00%,Alvin L. Bragg Jr.,(Working Families),51,AD 67,2025-11-06_10:53:47.028996
ED   35,99.00%,Diana J. Florence,(A Safer Manhattan),41,AD 67,2025-11-06_10:53:47.028996
ED   35,99.00%,WRITE-IN,&nbsp,0,AD 67,2025-11-06_10:53:47.028996
ED   36,88.89%,Alvin L. Bragg Jr.,(Democratic),607,AD 67,2025-11-06_10:53:47.028996
ED   36,88.89%,Maud Maron,(Republican),184,AD 67,2025-11-06_10:53:47.028996
ED   36,88.89%,Maud Maron,(Conservative),14,AD 67,2025-11-06_10:53:47.028996
ED   36,88.89%,Alvin L. Bragg Jr.,(Working Families),53,AD 67,2025-11-06_10:53:47.028996
ED   36,88.89%,Diana J. Florence,(A Safer Manhattan),63,AD 67,2025-11-06_10:53:47.028996
ED   36,88.89%,WRITE-IN,&nbsp,1,AD 67,2025-11-06_10:53:47.028996
ED   37,88.89%,Alvin L. Bragg Jr.,(Democratic),643,AD 67,2025-11-06_10:53:47.028996
ED   37,88.89%,Maud Maron,(Republican),196,AD 67,2025-11-06_10:53:47.028996
ED   37,88.89%,Maud Maron,(Conservative),19,AD 67,2025-11-06_10:53:47.028996
ED   37,88.89%,Alvin L. Bragg Jr.,(Working Families),69,AD 67,2025-11-06_10:53:47.028996
ED   37,88.89%,Diana J. Florence,(A Safer Manhattan),67,AD 67,2025-11-06_10:53:47.028996
ED   37,88.89%,WRITE-IN,&nbsp,1,AD 67,2025-11-06_10:53:47.028996
ED   38,99.00%,Alvin L. Bragg Jr.,(Democratic),731,AD 67,2025-11-06_10:53:47.028996
ED   38,99.00%,Maud Maron,(Republican),253,AD 67,2025-11-06_10:53:47.028996
ED   38,99.00%,Maud Maron,(Conservative),11,AD 67,2025-11-06_10:53:47.028996
ED   38,99.00%,Alvin L. Bragg Jr.,(Working Families),67,AD 67,2025-11-06_10:53:47.028996
ED   38,99.00%,Diana J. Florence,(A Safer Manhattan),87,AD 67,2025-11-06_10:53:47.028996
ED   38,99.00%,WRITE-IN,&nbsp,3,AD 67,2025-11-06_10:53:47.028996
ED   39,99.00%,Alvin L. Bragg Jr.,(Democratic),741,AD 67,2025-11-06_10:53:47.028996
ED   39,99.00%,Maud Maron,(Republican),188,AD 67,2025-11-06_10:53:47.028996
ED   39,99.00%,Maud Maron,(Conservative),28,AD 67,2025-11-06_10:53:47.028996
ED   39,99.00%,Alvin L. Bragg Jr.,(Working Families),52,AD 67,2025-11-06_10:53:47.028996
ED   39,99.00%,Diana J. Florence,(A Safer Manhattan),72,AD 67,2025-11-06_10:53:47.028996
ED   39,99.00%,WRITE-IN,&nbsp,0,AD 67,2025-11-06_10:53:47.028996
ED   40,99.00%,Alvin L. Bragg Jr.,(Democratic),685,AD 67,2025-11-06_10:53:47.028996
ED   40,99.00%,Maud Maron,(Republican),182,AD 67,2025-11-06_10:53:47.028996
ED   40,99.00%,Maud Maron,(Conservative),14,AD 67,2025-11-06_10:53:47.028996
ED   40,99.00%,Alvin L. Bragg Jr.,(Working Families),54,AD 67,2025-11-06_10:53:47.028996
ED   40,99.00%,Diana J. Florence,(A Safer Manhattan),75,AD 67,2025-11-06_10:53:47.028996
ED   40,99.00%,WRITE-IN,&nbsp,1,AD 67,2025-11-06_10:53:47.028996
ED   41,99.00%,Alvin L. Bragg Jr.,(Democratic),523,AD 67,2025-11-06_10:53:47.028996
ED   41,99.00%,Maud Maron,(Republican),249,AD 67,2025-11-06_10:53:47.028996
ED   41,99.00%,Maud Maron,(Conservative),19,AD 67,2025-11-06_10:53:47.028996
ED   41,99.00%,Alvin L. Bragg Jr.,(Working Families),41,AD 67,2025-11-06_10:53:47.028996
ED   41,99.00%,Diana J. Florence,(A Safer Manhattan),71,AD 67,2025-11-06_10:53:47.028996
ED   41,99.00%,WRITE-IN,&nbsp,2,AD 67,2025-11-06_10:53:47.028996
ED   42,99.00%,Alvin L. Bragg Jr.,(Democratic),571,AD 67,2025-11-06_10:53:47.028996
ED   42,99.00%,Maud Maron,(Republican),179,AD 67,2025-11-06_10:53:47.028996
ED   42,99.00%,Maud Maron,(Conservative),29,AD 67,2025-11-06_10:53:47.028996
ED   42,99.00%,Alvin L. Bragg Jr.,(Working Families),56,AD 67,2025-11-06_10:53:47.028996
ED   42,99.00%,Diana J. Florence,(A Safer Manhattan),84,AD 67,2025-11-06_10:53:47.028996
ED   42,99.00%,WRITE-IN,&nbsp,0,AD 67,2025-11-06_10:53:47.028996
ED   43,99.00%,Alvin L. Bragg Jr.,(Democratic),277,AD 67,2025-11-06_10:53:47.028996
ED   43,99.00%,Maud Maron,(Republican),132,AD 67,2025-11-06_10:53:47.028996
ED   43,99.00%,Maud Maron,(Conservative),9,AD 67,2025-11-06_10:53:47.028996
ED   43,99.00%,Alvin L. Bragg Jr.,(Working Families),30,AD 67,2025-11-06_10:53:47.028996
ED   43,99.00%,Diana J. Florence,(A Safer Manhattan),44,AD 67,2025-11-06_10:53:47.028996
ED   43,99.00%,WRITE-IN,&nbsp,2,AD 67,2025-11-06_10:53:47.028996
ED   44,99.00%,Alvin L. Bragg Jr.,(Democratic),606,AD 67,2025-11-06_10:53:47.028996
ED   44,99.00%,Maud Maron,(Republican),217,AD 67,2025-11-06_10:53:47.028996
ED   44,99.00%,Maud Maron,(Conservative),28,AD 67,2025-11-06_10:53:47.028996
ED   44,99.00%,Alvin L. Bragg Jr.,(Working Families),63,AD 67,2025-11-06_10:53:47.028996
ED   44,99.00%,Diana J. Florence,(A Safer Manhattan),79,AD 67,2025-11-06_10:53:47.028996
ED   44,99.00%,WRITE-IN,&nbsp,0,AD 67,2025-11-06_10:53:47.028996
ED   45,99.00%,Alvin L. Bragg Jr.,(Democratic),305,AD 67,2025-11-06_10:53:47.028996
ED   45,99.00%,Maud Maron,(Republican),150,AD 67,2025-11-06_10:53:47.028996
ED   45,99.00%,Maud Maron,(Conservative),6,AD 67,2025-11-06_10:53:47.028996
ED   45,99.00%,Alvin L. Bragg Jr.,(Working Families),29,AD 67,2025-11-06_10:53:47.028996
ED   45,99.00%,Diana J. Florence,(A Safer Manhattan),27,AD 67,2025-11-06_10:53:47.028996
ED   45,99.00%,WRITE-IN,&nbsp,0,AD 67,2025-11-06_10:53:47.028996
ED   46,92.31%,Alvin L. Bragg Jr.,(Democratic),176,AD 67,2025-11-06_10:53:47.028996
ED   46,92.31%,Maud Maron,(Republican),55,AD 67,2025-11-06_10:53:47.028996
ED   46,92.31%,Maud Maron,(Conservative),2,AD 67,2025-11-06_10:53:47.028996
ED   46,92.31%,Alvin L. Bragg Jr.,(Working Families),32,AD 67,2025-11-06_10:53:47.028996
ED   46,92.31%,Diana J. Florence,(A Safer Manhattan),17,AD 67,2025-11-06_10:53:47.028996
ED   46,92.31%,WRITE-IN,&nbsp,0,AD 67,2025-11-06_10:53:47.028996
ED   47,99.00%,Alvin L. Bragg Jr.,(Democratic),454,AD 67,2025-11-06_10:53:47.028996
ED   47,99.00%,Maud Maron,(Republican),328,AD 67,2025-11-06_10:53:47.028996
ED   47,99.00%,Maud Maron,(Conservative),19,AD 67,2025-11-06_10:53:47.028996
ED   47,99.00%,Alvin L. Bragg Jr.,(Working Families),39,AD 67,2025-11-06_10:53:47.028996
ED   47,99.00%,Diana J. Florence,(A Safer Manhattan),52,AD 67,2025-11-06_10:53:47.028996
ED   47,99.00%,WRITE-IN,&nbsp,4,AD 67,2025-11-06_10:53:47.028996
ED   48,99.00%,Alvin L. Bragg Jr.,(Democratic),457,AD 67,2025-11-06_10:53:47.028996
ED   48,99.00%,Maud Maron,(Republican),174,AD 67,2025-11-06_10:53:47.028996
ED   48,99.00%,Maud Maron,(Conservative),16,AD 67,2025-11-06_10:53:47.028996
ED   48,99.00%,Alvin L. Bragg Jr.,(Working Families),33,AD 67,2025-11-06_10:53:47.028996
ED   48,99.00%,Diana J. Florence,(A Safer Manhattan),33,AD 67,2025-11-06_10:53:47.028996
ED   48,99.00%,WRITE-IN,&nbsp,1,AD 67,2025-11-06_10:53:47.028996
ED   49,99.00%,Alvin L. Bragg Jr.,(Democratic),383,AD 67,2025-11-06_10:53:47.028996
ED   49,99.00%,Maud Maron,(Republican),147,AD 67,2025-11-06_10:53:47.028996
ED   49,99.00%,Maud Maron,(Conservative),14,AD 67,2025-11-06_10:53:47.028996
ED   49,99.00%,Alvin L. Bragg Jr.,(Working Families),34,AD 67,2025-11-06_10:53:47.028996
ED   49,99.00%,Diana J. Florence,(A Safer Manhattan),53,AD 67,2025-11-06_10:53:47.028996
ED   49,99.00%,WRITE-IN,&nbsp,0,AD 67,2025-11-06_10:53:47.028996
ED   50,99.00%,Alvin L. Bragg Jr.,(Democratic),361,AD 67,2025-11-06_10:53:47.028996
ED   50,99.00%,Maud Maron,(Republican),43,AD 67,2025-11-06_10:53:47.028996
ED   50,99.00%,Maud Maron,(Conservative),7,AD 67,2025-11-06_10:53:47.028996
ED   50,99.00%,Alvin L. Bragg Jr.,(Working Families),51,AD 67,2025-11-06_10:53:47.028996
ED   50,99.00%,Diana J. Florence,(A Safer Manhattan),40,AD 67,2025-11-06_10:53:47.028996
ED   50,99.00%,WRITE-IN,&nbsp,1,AD 67,2025-11-06_10:53:47.028996
ED   51,99.00%,Alvin L. Bragg Jr.,(Democratic),217,AD 67,2025-11-06_10:53:47.028996
ED   51,99.00%,Maud Maron,(Republican),33,AD 67,2025-11-06_10:53:47.028996
ED   51,99.00%,Maud Maron,(Conservative),6,AD 67,2025-11-06_10:53:47.028996
ED   51,99.00%,Alvin L. Bragg Jr.,(Working Families),27,AD 67,2025-11-06_10:53:47.028996
ED   51,99.00%,Diana J. Florence,(A Safer Manhattan),27,AD 67,2025-11-06_10:53:47.028996
ED   51,99.00%,WRITE-IN,&nbsp,0,AD 67,2025-11-06_10:53:47.028996
ED   52,99.00%,Alvin L. Bragg Jr.,(Democratic),448,AD 67,2025-11-06_10:53:47.028996
ED   52,99.00%,Maud Maron,(Republican),198,AD 67,2025-11-06_10:53:47.028996
ED   52,99.00%,Maud Maron,(Conservative),16,AD 67,2025-11-06_10:53:47.028996
ED   52,99.00%,Alvin L. Bragg Jr.,(Working Families),56,AD 67,2025-11-06_10:53:47.028996
ED   52,99.00%,Diana J. Florence,(A Safer Manhattan),54,AD 67,2025-11-06_10:53:47.028996
ED   52,99.00%,WRITE-IN,&nbsp,0,AD 67,2025-11-06_10:53:47.028996
ED   53,99.00%,Alvin L. Bragg Jr.,(Democratic),321,AD 67,2025-11-06_10:53:47.028996
ED   53,99.00%,Maud Maron,(Republican),85,AD 67,2025-11-06_10:53:47.028996
ED   53,99.00%,Maud Maron,(Conservative),10,AD 67,2025-11-06_10:53:47.028996
ED   53,99.00%,Alvin L. Bragg Jr.,(Working Families),31,AD 67,2025-11-06_10:53:47.028996
ED   53,99.00%,Diana J. Florence,(A Safer Manhattan),26,AD 67,2025-11-06_10:53:47.028996
ED   53,99.00%,WRITE-IN,&nbsp,0,AD 67,2025-11-06_10:53:47.028996
ED   54,99.00%,Alvin L. Bragg Jr.,(Democratic),396,AD 67,2025-11-06_10:53:47.028996
ED   54,99.00%,Maud Maron,(Republican),86,AD 67,2025-11-06_10:53:47.028996
ED   54,99.00%,Maud Maron,(Conservative),11,AD 67,2025-11-06_10:53:47.028996
ED   54,99.00%,Alvin L. Bragg Jr.,(Working Families),37,AD 67,2025-11-06_10:53:47.028996
ED   54,99.00%,Diana J. Florence,(A Safer Manhattan),44,AD 67,2025-11-06_10:53:47.028996
ED   54,99.00%,WRITE-IN,&nbsp,0,AD 67,2025-11-06_10:53:47.028996
ED   55,99.00%,Alvin L. Bragg Jr.,(Democratic),283,AD 67,2025-11-06_10:53:47.028996
ED   55,99.00%,Maud Maron,(Republican),62,AD 67,2025-11-06_10:53:47.028996
ED   55,99.00%,Maud Maron,(Conservative),5,AD 67,2025-11-06_10:53:47.028996
ED   55,99.00%,Alvin L. Bragg Jr.,(Working Families),38,AD 67,2025-11-06_10:53:47.028996
ED   55,99.00%,Diana J. Florence,(A Safer Manhattan),32,AD 67,2025-11-06_10:53:47.028996
ED   55,99.00%,WRITE-IN,&nbsp,3,AD 67,2025-11-06_10:53:47.028996
ED   56,99.00%,Alvin L. Bragg Jr.,(Democratic),499,AD 67,2025-11-06_10:53:47.028996
ED   56,99.00%,Maud Maron,(Republican),163,AD 67,2025-11-06_10:53:47.028996
ED   56,99.00%,Maud Maron,(Conservative),15,AD 67,2025-11-06_10:53:47.028996
ED   56,99.00%,Alvin L. Bragg Jr.,(Working Families),44,AD 67,2025-11-06_10:53:47.028996
ED   56,99.00%,Diana J. Florence,(A Safer Manhattan),37,AD 67,2025-11-06_10:53:47.028996
ED   56,99.00%,WRITE-IN,&nbsp,4,AD 67,2025-11-06_10:53:47.028996
ED   57,99.00%,Alvin L. Bragg Jr.,(Democratic),603,AD 67,2025-11-06_10:53:47.028996
ED   57,99.00%,Maud Maron,(Republican),168,AD 67,2025-11-06_10:53:47.028996
ED   57,99.00%,Maud Maron,(Conservative),20,AD 67,2025-11-06_10:53:47.028996
ED   57,99.00%,Alvin L. Bragg Jr.,(Working Families),96,AD 67,2025-11-06_10:53:47.028996
ED   57,99.00%,Diana J. Florence,(A Safer Manhattan),56,AD 67,2025-11-06_10:53:47.028996
ED   57,99.00%,WRITE-IN,&nbsp,1,AD 67,2025-11-06_10:53:47.028996
ED   58,88.89%,Alvin L. Bragg Jr.,(Democratic),318,AD 67,2025-11-06_10:53:47.028996
ED   58,88.89%,Maud Maron,(Republican),61,AD 67,2025-11-06_10:53:47.028996
ED   58,88.89%,Maud Maron,(Conservative),4,AD 67,2025-11-06_10:53:47.028996
ED   58,88.89%,Alvin L. Bragg Jr.,(Working Families),57,AD 67,2025-11-06_10:53:47.028996
ED   58,88.89%,Diana J. Florence,(A Safer Manhattan),30,AD 67,2025-11-06_10:53:47.028996
ED   58,88.89%,WRITE-IN,&nbsp,0,AD 67,2025-11-06_10:53:47.028996
ED   59,99.00%,Alvin L. Bragg Jr.,(Democratic),556,AD 67,2025-11-06_10:53:47.028996
ED   59,99.00%,Maud Maron,(Republican),132,AD 67,2025-11-06_10:53:47.028996
ED   59,99.00%,Maud Maron,(Conservative),21,AD 67,2025-11-06_10:53:47.028996
ED   59,99.00%,Alvin L. Bragg Jr.,(Working Families),61,AD 67,2025-11-06_10:53:47.028996
ED   59,99.00%,Diana J. Florence,(A Safer Manhattan),46,AD 67,2025-11-06_10:53:47.028996
ED   59,99.00%,WRITE-IN,&nbsp,1,AD 67,2025-11-06_10:53:47.028996
ED   60,88.89%,Alvin L. Bragg Jr.,(Democratic),574,AD 67,2025-11-06_10:53:47.028996
ED   60,88.89%,Maud Maron,(Republican),113,AD 67,2025-11-06_10:53:47.028996
ED   60,88.89%,Maud Maron,(Conservative),14,AD 67,2025-11-06_10:53:47.028996
ED   60,88.89%,Alvin L. Bragg Jr.,(Working Families),83,AD 67,2025-11-06_10:53:47.028996
ED   60,88.89%,Diana J. Florence,(A Safer Manhattan),37,AD 67,2025-11-06_10:53:47.028996
ED   60,88.89%,WRITE-IN,&nbsp,0,AD 67,2025-11-06_10:53:47.028996
ED   61,99.00%,Alvin L. Bragg Jr.,(Democratic),323,AD 67,2025-11-06_10:53:47.028996
ED   61,99.00%,Maud Maron,(Republican),72,AD 67,2025-11-06_10:53:47.028996
ED   61,99.00%,Maud Maron,(Conservative),2,AD 67,2025-11-06_10:53:47.028996
ED   61,99.00%,Alvin L. Bragg Jr.,(Working Families),47,AD 67,2025-11-06_10:53:47.028996
ED   61,99.00%,Diana J. Florence,(A Safer Manhattan),39,AD 67,2025-11-06_10:53:47.028996
ED   61,99.00%,WRITE-IN,&nbsp,1,AD 67,2025-11-06_10:53:47.028996
ED   62,99.00%,Alvin L. Bragg Jr.,(Democratic),530,AD 67,2025-11-06_10:53:47.028996
ED   62,99.00%,Maud Maron,(Republican),81,AD 67,2025-11-06_10:53:47.028996
ED   62,99.00%,Maud Maron,(Conservative),6,AD 67,2025-11-06_10:53:47.028996
ED   62,99.00%,Alvin L. Bragg Jr.,(Working Families),103,AD 67,2025-11-06_10:53:47.028996
ED   62,99.00%,Diana J. Florence,(A Safer Manhattan),48,AD 67,2025-11-06_10:53:47.028996
ED   62,99.00%,WRITE-IN,&nbsp,0,AD 67,2025-11-06_10:53:47.028996
ED   63,99.00%,Alvin L. Bragg Jr.,(Democratic),495,AD 67,2025-11-06_10:53:47.028996
ED   63,99.00%,Maud Maron,(Republican),99,AD 67,2025-11-06_10:53:47.028996
ED   63,99.00%,Maud Maron,(Conservative),7,AD 67,2025-11-06_10:53:47.028996
ED   63,99.00%,Alvin L. Bragg Jr.,(Working Families),97,AD 67,2025-11-06_10:53:47.028996
ED   63,99.00%,Diana J. Florence,(A Safer Manhattan),52,AD 67,2025-11-06_10:53:47.028996
ED   63,99.00%,WRITE-IN,&nbsp,1,AD 67,2025-11-06_10:53:47.028996
ED   64,99.00%,Alvin L. Bragg Jr.,(Democratic),430,AD 67,2025-11-06_10:53:47.028996
ED   64,99.00%,Maud Maron,(Republican),93,AD 67,2025-11-06_10:53:47.028996
ED   64,99.00%,Maud Maron,(Conservative),9,AD 67,2025-11-06_10:53:47.028996
ED   64,99.00%,Alvin L. Bragg Jr.,(Working Families),42,AD 67,2025-11-06_10:53:47.028996
ED   64,99.00%,Diana J. Florence,(A Safer Manhattan),34,AD 67,2025-11-06_10:53:47.028996
ED   64,99.00%,WRITE-IN,&nbsp,0,AD 67,2025-11-06_10:53:47.028996
ED   65,99.00%,Alvin L. Bragg Jr.,(Democratic),463,AD 67,2025-11-06_10:53:47.028996
ED   65,99.00%,Maud Maron,(Republican),161,AD 67,2025-11-06_10:53:47.028996
ED   65,99.00%,Maud Maron,(Conservative),18,AD 67,2025-11-06_10:53:47.028996
ED   65,99.00%,Alvin L. Bragg Jr.,(Working Families),55,AD 67,2025-11-06_10:53:47.028996
ED   65,99.00%,Diana J. Florence,(A Safer Manhattan),47,AD 67,2025-11-06_10:53:47.028996
ED   65,99.00%,WRITE-IN,&nbsp,3,AD 67,2025-11-06_10:53:47.028996
ED   66,99.00%,Alvin L. Bragg Jr.,(Democratic),196,AD 67,2025-11-06_10:53:47.028996
ED   66,99.00%,Maud Maron,(Republican),66,AD 67,2025-11-06_10:53:47.028996
ED   66,99.00%,Maud Maron,(Conservative),6,AD 67,2025-11-06_10:53:47.028996
ED   66,99.00%,Alvin L. Bragg Jr.,(Working Families),28,AD 67,2025-11-06_10:53:47.028996
ED   66,99.00%,Diana J. Florence,(A Safer Manhattan),34,AD 67,2025-11-06_10:53:47.028996
ED   66,99.00%,WRITE-IN,&nbsp,0,AD 67,2025-11-06_10:53:47.028996
ED   67,88.89%,Alvin L. Bragg Jr.,(Democratic),419,AD 67,2025-11-06_10:53:47.028996
ED   67,88.89%,Maud Maron,(Republican),79,AD 67,2025-11-06_10:53:47.028996
ED   67,88.89%,Maud Maron,(Conservative),7,AD 67,2025-11-06_10:53:47.028996
ED   67,88.89%,Alvin L. Bragg Jr.,(Working Families),65,AD 67,2025-11-06_10:53:47.028996
ED   67,88.89%,Diana J. Florence,(A Safer Manhattan),41,AD 67,2025-11-06_10:53:47.028996
ED   67,88.89%,WRITE-IN,&nbsp,1,AD 67,2025-11-06_10:53:47.028996
ED   68,88.89%,Alvin L. Bragg Jr.,(Democratic),304,AD 67,2025-11-06_10:53:47.028996
ED   68,88.89%,Maud Maron,(Republican),54,AD 67,2025-11-06_10:53:47.028996
ED   68,88.89%,Maud Maron,(Conservative),3,AD 67,2025-11-06_10:53:47.028996
ED   68,88.89%,Alvin L. Bragg Jr.,(Working Families),79,AD 67,2025-11-06_10:53:47.028996
ED   68,88.89%,Diana J. Florence,(A Safer Manhattan),11,AD 67,2025-11-06_10:53:47.028996
ED   68,88.89%,WRITE-IN,&nbsp,0,AD 67,2025-11-06_10:53:47.028996
ED   69,99.00%,Alvin L. Bragg Jr.,(Democratic),0,AD 67,2025-11-06_10:53:47.028996
ED   69,99.00%,Maud Maron,(Republican),0,AD 67,2025-11-06_10:53:47.028996
ED   69,99.00%,Maud Maron,(Conservative),0,AD 67,2025-11-06_10:53:47.028996
ED   69,99.00%,Alvin L. Bragg Jr.,(Working Families),0,AD 67,2025-11-06_10:53:47.028996
ED   69,99.00%,Diana J. Florence,(A Safer Manhattan),0,AD 67,2025-11-06_10:53:47.028996
ED   69,99.00%,WRITE-IN,&nbsp,0,AD 67,2025-11-06_10:53:47.028996
ED   70,99.00%,Alvin L. Bragg Jr.,(Democratic),0,AD 67,2025-11-06_10:53:47.028996
ED   70,99.00%,Maud Maron,(Republican),0,AD 67,2025-11-06_10:53:47.028996
ED   70,99.00%,Maud Maron,(Conservative),0,AD 67,2025-11-06_10:53:47.028996
ED   70,99.00%,Alvin L. Bragg Jr.,(Working Families),0,AD 67,2025-11-06_10:53:47.028996
ED   70,99.00%,Diana J. Florence,(A Safer Manhattan),0,AD 67,2025-11-06_10:53:47.028996
ED   70,99.00%,WRITE-IN,&nbsp,0,AD 67,2025-11-06_10:53:47.028996
ED   71,99.00%,Alvin L. Bragg Jr.,(Democratic),0,AD 67,2025-11-06_10:53:47.028996
ED   71,99.00%,Maud Maron,(Republican),0,AD 67,2025-11-06_10:53:47.028996
ED   71,99.00%,Maud Maron,(Conservative),0,AD 67,2025-11-06_10:53:47.028996
ED   71,99.00%,Alvin L. Bragg Jr.,(Working Families),0,AD 67,2025-11-06_10:53:47.028996
ED   71,99.00%,Diana J. Florence,(A Safer Manhattan),0,AD 67,2025-11-06_10:53:47.028996
ED   71,99.00%,WRITE-IN,&nbsp,0,AD 67,2025-11-06_10:53:47.028996
Total,,Alvin L. Bragg Jr.,(Democratic),31117,AD 67,2025-11-06_10:53:47.028996
Total,,Maud Maron,(Republican),9509,AD 67,2025-11-06_10:53:47.028996
Total,,Maud Maron,(Conservative),854,AD 67,2025-11-06_10:53:47.028996
Total,,Alvin L. Bragg Jr.,(Working Families),3735,AD 67,2025-11-06_10:53:47.028996
Total,,Diana J. Florence,(A Safer Manhattan),3124,AD 67,2025-11-06_10:53:47.028996
Total,,WRITE-IN,&nbsp,70,AD 67,2025-11-06_10:53:47.028996
ED    1,99.00%,Alvin L. Bragg Jr.,(Democratic),275,AD 68,2025-11-06_10:53:47.028996
ED    1,99.00%,Maud Maron,(Republican),25,AD 68,2025-11-06_10:53:47.028996
ED    1,99.00%,Maud Maron,(Conservative),0,AD 68,2025-11-06_10:53:47.028996
ED    1,99.00%,Alvin L. Bragg Jr.,(Working Families),57,AD 68,2025-11-06_10:53:47.028996
ED    1,99.00%,Diana J. Florence,(A Safer Manhattan),12,AD 68,2025-11-06_10:53:47.028996
ED    1,99.00%,WRITE-IN,&nbsp,0,AD 68,2025-11-06_10:53:47.028996
ED    2,99.00%,Alvin L. Bragg Jr.,(Democratic),226,AD 68,2025-11-06_10:53:47.028996
ED    2,99.00%,Maud Maron,(Republican),19,AD 68,2025-11-06_10:53:47.028996
ED    2,99.00%,Maud Maron,(Conservative),4,AD 68,2025-11-06_10:53:47.028996
ED    2,99.00%,Alvin L. Bragg Jr.,(Working Families),37,AD 68,2025-11-06_10:53:47.028996
ED    2,99.00%,Diana J. Florence,(A Safer Manhattan),21,AD 68,2025-11-06_10:53:47.028996
ED    2,99.00%,WRITE-IN,&nbsp,0,AD 68,2025-11-06_10:53:47.028996
ED    3,99.00%,Alvin L. Bragg Jr.,(Democratic),124,AD 68,2025-11-06_10:53:47.028996
ED    3,99.00%,Maud Maron,(Republican),8,AD 68,2025-11-06_10:53:47.028996
ED    3,99.00%,Maud Maron,(Conservative),1,AD 68,2025-11-06_10:53:47.028996
ED    3,99.00%,Alvin L. Bragg Jr.,(Working Families),16,AD 68,2025-11-06_10:53:47.028996
ED    3,99.00%,Diana J. Florence,(A Safer Manhattan),13,AD 68,2025-11-06_10:53:47.028996
ED    3,99.00%,WRITE-IN,&nbsp,0,AD 68,2025-11-06_10:53:47.028996
ED    4,99.00%,Alvin L. Bragg Jr.,(Democratic),388,AD 68,2025-11-06_10:53:47.028996
ED    4,99.00%,Maud Maron,(Republican),23,AD 68,2025-11-06_10:53:47.028996
ED    4,99.00%,Maud Maron,(Conservative),4,AD 68,2025-11-06_10:53:47.028996
ED    4,99.00%,Alvin L. Bragg Jr.,(Working Families),66,AD 68,2025-11-06_10:53:47.028996
ED    4,99.00%,Diana J. Florence,(A Safer Manhattan),22,AD 68,2025-11-06_10:53:47.028996
ED    4,99.00%,WRITE-IN,&nbsp,0,AD 68,2025-11-06_10:53:47.028996
ED    5,99.00%,Alvin L. Bragg Jr.,(Democratic),289,AD 68,2025-11-06_10:53:47.028996
ED    5,99.00%,Maud Maron,(Republican),18,AD 68,2025-11-06_10:53:47.028996
ED    5,99.00%,Maud Maron,(Conservative),2,AD 68,2025-11-06_10:53:47.028996
ED    5,99.00%,Alvin L. Bragg Jr.,(Working Families),71,AD 68,2025-11-06_10:53:47.028996
ED    5,99.00%,Diana J. Florence,(A Safer Manhattan),16,AD 68,2025-11-06_10:53:47.028996
ED    5,99.00%,WRITE-IN,&nbsp,0,AD 68,2025-11-06_10:53:47.028996
ED    6,99.00%,Alvin L. Bragg Jr.,(Democratic),258,AD 68,2025-11-06_10:53:47.028996
ED    6,99.00%,Maud Maron,(Republican),25,AD 68,2025-11-06_10:53:47.028996
ED    6,99.00%,Maud Maron,(Conservative),2,AD 68,2025-11-06_10:53:47.028996
ED    6,99.00%,Alvin L. Bragg Jr.,(Working Families),37,AD 68,2025-11-06_10:53:47.028996
ED    6,99.00%,Diana J. Florence,(A Safer Manhattan),18,AD 68,2025-11-06_10:53:47.028996
ED    6,99.00%,WRITE-IN,&nbsp,1,AD 68,2025-11-06_10:53:47.028996
ED    7,99.00%,Alvin L. Bragg Jr.,(Democratic),160,AD 68,2025-11-06_10:53:47.028996
ED    7,99.00%,Maud Maron,(Republican),19,AD 68,2025-11-06_10:53:47.028996
ED    7,99.00%,Maud Maron,(Conservative),3,AD 68,2025-11-06_10:53:47.028996
ED    7,99.00%,Alvin L. Bragg Jr.,(Working Families),13,AD 68,2025-11-06_10:53:47.028996
ED    7,99.00%,Diana J. Florence,(A Safer Manhattan),13,AD 68,2025-11-06_10:53:47.028996
ED    7,99.00%,WRITE-IN,&nbsp,0,AD 68,2025-11-06_10:53:47.028996
ED    8,99.00%,Alvin L. Bragg Jr.,(Democratic),587,AD 68,2025-11-06_10:53:47.028996
ED    8,99.00%,Maud Maron,(Republican),91,AD 68,2025-11-06_10:53:47.028996
ED    8,99.00%,Maud Maron,(Conservative),15,AD 68,2025-11-06_10:53:47.028996
ED    8,99.00%,Alvin L. Bragg Jr.,(Working Families),120,AD 68,2025-11-06_10:53:47.028996
ED    8,99.00%,Diana J. Florence,(A Safer Manhattan),51,AD 68,2025-11-06_10:53:47.028996
ED    8,99.00%,WRITE-IN,&nbsp,2,AD 68,2025-11-06_10:53:47.028996
ED    9,99.00%,Alvin L. Bragg Jr.,(Democratic),137,AD 68,2025-11-06_10:53:47.028996
ED    9,99.00%,Maud Maron,(Republican),11,AD 68,2025-11-06_10:53:47.028996
ED    9,99.00%,Maud Maron,(Conservative),0,AD 68,2025-11-06_10:53:47.028996
ED    9,99.00%,Alvin L. Bragg Jr.,(Working Families),24,AD 68,2025-11-06_10:53:47.028996
ED    9,99.00%,Diana J. Florence,(A Safer Manhattan),12,AD 68,2025-11-06_10:53:47.028996
ED    9,99.00%,WRITE-IN,&nbsp,0,AD 68,2025-11-06_10:53:47.028996
ED   10,99.00%,Alvin L. Bragg Jr.,(Democratic),168,AD 68,2025-11-06_10:53:47.028996
ED   10,99.00%,Maud Maron,(Republican),13,AD 68,2025-11-06_10:53:47.028996
ED   10,99.00%,Maud Maron,(Conservative),3,AD 68,2025-11-06_10:53:47.028996
ED   10,99.00%,Alvin L. Bragg Jr.,(Working Families),23,AD 68,2025-11-06_10:53:47.028996
ED   10,99.00%,Diana J. Florence,(A Safer Manhattan),19,AD 68,2025-11-06_10:53:47.028996
ED   10,99.00%,WRITE-IN,&nbsp,0,AD 68,2025-11-06_10:53:47.028996
ED   11,99.00%,Alvin L. Bragg Jr.,(Democratic),357,AD 68,2025-11-06_10:53:47.028996
ED   11,99.00%,Maud Maron,(Republican),26,AD 68,2025-11-06_10:53:47.028996
ED   11,99.00%,Maud Maron,(Conservative),4,AD 68,2025-11-06_10:53:47.028996
ED   11,99.00%,Alvin L. Bragg Jr.,(Working Families),71,AD 68,2025-11-06_10:53:47.028996
ED   11,99.00%,Diana J. Florence,(A Safer Manhattan),16,AD 68,2025-11-06_10:53:47.028996
ED   11,99.00%,WRITE-IN,&nbsp,0,AD 68,2025-11-06_10:53:47.028996
ED   12,75.00%,Alvin L. Bragg Jr.,(Democratic),271,AD 68,2025-11-06_10:53:47.028996
ED   12,75.00%,Maud Maron,(Republican),39,AD 68,2025-11-06_10:53:47.028996
ED   12,75.00%,Maud Maron,(Conservative),6,AD 68,2025-11-06_10:53:47.028996
ED   12,75.00%,Alvin L. Bragg Jr.,(Working Families),57,AD 68,2025-11-06_10:53:47.028996
ED   12,75.00%,Diana J. Florence,(A Safer Manhattan),27,AD 68,2025-11-06_10:53:47.028996
ED   12,75.00%,WRITE-IN,&nbsp,0,AD 68,2025-11-06_10:53:47.028996
ED   13,75.00%,Alvin L. Bragg Jr.,(Democratic),297,AD 68,2025-11-06_10:53:47.028996
ED   13,75.00%,Maud Maron,(Republican),20,AD 68,2025-11-06_10:53:47.028996
ED   13,75.00%,Maud Maron,(Conservative),2,AD 68,2025-11-06_10:53:47.028996
ED   13,75.00%,Alvin L. Bragg Jr.,(Working Families),35,AD 68,2025-11-06_10:53:47.028996
ED   13,75.00%,Diana J. Florence,(A Safer Manhattan),22,AD 68,2025-11-06_10:53:47.028996
ED   13,75.00%,WRITE-IN,&nbsp,0,AD 68,2025-11-06_10:53:47.028996
ED   14,99.00%,Alvin L. Bragg Jr.,(Democratic),203,AD 68,2025-11-06_10:53:47.028996
ED   14,99.00%,Maud Maron,(Republican),23,AD 68,2025-11-06_10:53:47.028996
ED   14,99.00%,Maud Maron,(Conservative),1,AD 68,2025-11-06_10:53:47.028996
ED   14,99.00%,Alvin L. Bragg Jr.,(Working Families),40,AD 68,2025-11-06_10:53:47.028996
ED   14,99.00%,Diana J. Florence,(A Safer Manhattan),8,AD 68,2025-11-06_10:53:47.028996
ED   14,99.00%,WRITE-IN,&nbsp,1,AD 68,2025-11-06_10:53:47.028996
ED   15,99.00%,Alvin L. Bragg Jr.,(Democratic),152,AD 68,2025-11-06_10:53:47.028996
ED   15,99.00%,Maud Maron,(Republican),14,AD 68,2025-11-06_10:53:47.028996
ED   15,99.00%,Maud Maron,(Conservative),3,AD 68,2025-11-06_10:53:47.028996
ED   15,99.00%,Alvin L. Bragg Jr.,(Working Families),12,AD 68,2025-11-06_10:53:47.028996
ED   15,99.00%,Diana J. Florence,(A Safer Manhattan),24,AD 68,2025-11-06_10:53:47.028996
ED   15,99.00%,WRITE-IN,&nbsp,2,AD 68,2025-11-06_10:53:47.028996
ED   16,99.00%,Alvin L. Bragg Jr.,(Democratic),135,AD 68,2025-11-06_10:53:47.028996
ED   16,99.00%,Maud Maron,(Republican),21,AD 68,2025-11-06_10:53:47.028996
ED   16,99.00%,Maud Maron,(Conservative),3,AD 68,2025-11-06_10:53:47.028996
ED   16,99.00%,Alvin L. Bragg Jr.,(Working Families),22,AD 68,2025-11-06_10:53:47.028996
ED   16,99.00%,Diana J. Florence,(A Safer Manhattan),30,AD 68,2025-11-06_10:53:47.028996
ED   16,99.00%,WRITE-IN,&nbsp,0,AD 68,2025-11-06_10:53:47.028996
ED   17,99.00%,Alvin L. Bragg Jr.,(Democratic),315,AD 68,2025-11-06_10:53:47.028996
ED   17,99.00%,Maud Maron,(Republican),26,AD 68,2025-11-06_10:53:47.028996
ED   17,99.00%,Maud Maron,(Conservative),4,AD 68,2025-11-06_10:53:47.028996
ED   17,99.00%,Alvin L. Bragg Jr.,(Working Families),51,AD 68,2025-11-06_10:53:47.028996
ED   17,99.00%,Diana J. Florence,(A Safer Manhattan),31,AD 68,2025-11-06_10:53:47.028996
ED   17,99.00%,WRITE-IN,&nbsp,0,AD 68,2025-11-06_10:53:47.028996
ED   18,99.00%,Alvin L. Bragg Jr.,(Democratic),209,AD 68,2025-11-06_10:53:47.028996
ED   18,99.00%,Maud Maron,(Republican),19,AD 68,2025-11-06_10:53:47.028996
ED   18,99.00%,Maud Maron,(Conservative),5,AD 68,2025-11-06_10:53:47.028996
ED   18,99.00%,Alvin L. Bragg Jr.,(Working Families),28,AD 68,2025-11-06_10:53:47.028996
ED   18,99.00%,Diana J. Florence,(A Safer Manhattan),24,AD 68,2025-11-06_10:53:47.028996
ED   18,99.00%,WRITE-IN,&nbsp,1,AD 68,2025-11-06_10:53:47.028996
ED   19,99.00%,Alvin L. Bragg Jr.,(Democratic),219,AD 68,2025-11-06_10:53:47.028996
ED   19,99.00%,Maud Maron,(Republican),20,AD 68,2025-11-06_10:53:47.028996
ED   19,99.00%,Maud Maron,(Conservative),4,AD 68,2025-11-06_10:53:47.028996
ED   19,99.00%,Alvin L. Bragg Jr.,(Working Families),37,AD 68,2025-11-06_10:53:47.028996
ED   19,99.00%,Diana J. Florence,(A Safer Manhattan),18,AD 68,2025-11-06_10:53:47.028996
ED   19,99.00%,WRITE-IN,&nbsp,0,AD 68,2025-11-06_10:53:47.028996
ED   20,99.00%,Alvin L. Bragg Jr.,(Democratic),250,AD 68,2025-11-06_10:53:47.028996
ED   20,99.00%,Maud Maron,(Republican),29,AD 68,2025-11-06_10:53:47.028996
ED   20,99.00%,Maud Maron,(Conservative),2,AD 68,2025-11-06_10:53:47.028996
ED   20,99.00%,Alvin L. Bragg Jr.,(Working Families),32,AD 68,2025-11-06_10:53:47.028996
ED   20,99.00%,Diana J. Florence,(A Safer Manhattan),22,AD 68,2025-11-06_10:53:47.028996
ED   20,99.00%,WRITE-IN,&nbsp,1,AD 68,2025-11-06_10:53:47.028996
ED   21,99.00%,Alvin L. Bragg Jr.,(Democratic),362,AD 68,2025-11-06_10:53:47.028996
ED   21,99.00%,Maud Maron,(Republican),34,AD 68,2025-11-06_10:53:47.028996
ED   21,99.00%,Maud Maron,(Conservative),8,AD 68,2025-11-06_10:53:47.028996
ED   21,99.00%,Alvin L. Bragg Jr.,(Working Families),73,AD 68,2025-11-06_10:53:47.028996
ED   21,99.00%,Diana J. Florence,(A Safer Manhattan),52,AD 68,2025-11-06_10:53:47.028996
ED   21,99.00%,WRITE-IN,&nbsp,1,AD 68,2025-11-06_10:53:47.028996
ED   22,85.71%,Alvin L. Bragg Jr.,(Democratic),161,AD 68,2025-11-06_10:53:47.028996
ED   22,85.71%,Maud Maron,(Republican),10,AD 68,2025-11-06_10:53:47.028996
ED   22,85.71%,Maud Maron,(Conservative),6,AD 68,2025-11-06_10:53:47.028996
ED   22,85.71%,Alvin L. Bragg Jr.,(Working Families),29,AD 68,2025-11-06_10:53:47.028996
ED   22,85.71%,Diana J. Florence,(A Safer Manhattan),15,AD 68,2025-11-06_10:53:47.028996
ED   22,85.71%,WRITE-IN,&nbsp,1,AD 68,2025-11-06_10:53:47.028996
ED   23,99.00%,Alvin L. Bragg Jr.,(Democratic),205,AD 68,2025-11-06_10:53:47.028996
ED   23,99.00%,Maud Maron,(Republican),17,AD 68,2025-11-06_10:53:47.028996
ED   23,99.00%,Maud Maron,(Conservative),2,AD 68,2025-11-06_10:53:47.028996
ED   23,99.00%,Alvin L. Bragg Jr.,(Working Families),11,AD 68,2025-11-06_10:53:47.028996
ED   23,99.00%,Diana J. Florence,(A Safer Manhattan),18,AD 68,2025-11-06_10:53:47.028996
ED   23,99.00%,WRITE-IN,&nbsp,0,AD 68,2025-11-06_10:53:47.028996
ED   24,99.00%,Alvin L. Bragg Jr.,(Democratic),9,AD 68,2025-11-06_10:53:47.028996
ED   24,99.00%,Maud Maron,(Republican),4,AD 68,2025-11-06_10:53:47.028996
ED   24,99.00%,Maud Maron,(Conservative),2,AD 68,2025-11-06_10:53:47.028996
ED   24,99.00%,Alvin L. Bragg Jr.,(Working Families),1,AD 68,2025-11-06_10:53:47.028996
ED   24,99.00%,Diana J. Florence,(A Safer Manhattan),1,AD 68,2025-11-06_10:53:47.028996
ED   24,99.00%,WRITE-IN,&nbsp,0,AD 68,2025-11-06_10:53:47.028996
ED   25,85.71%,Alvin L. Bragg Jr.,(Democratic),227,AD 68,2025-11-06_10:53:47.028996
ED   25,85.71%,Maud Maron,(Republican),37,AD 68,2025-11-06_10:53:47.028996
ED   25,85.71%,Maud Maron,(Conservative),5,AD 68,2025-11-06_10:53:47.028996
ED   25,85.71%,Alvin L. Bragg Jr.,(Working Families),40,AD 68,2025-11-06_10:53:47.028996
ED   25,85.71%,Diana J. Florence,(A Safer Manhattan),27,AD 68,2025-11-06_10:53:47.028996
ED   25,85.71%,WRITE-IN,&nbsp,0,AD 68,2025-11-06_10:53:47.028996
ED   26,85.71%,Alvin L. Bragg Jr.,(Democratic),160,AD 68,2025-11-06_10:53:47.028996
ED   26,85.71%,Maud Maron,(Republican),15,AD 68,2025-11-06_10:53:47.028996
ED   26,85.71%,Maud Maron,(Conservative),0,AD 68,2025-11-06_10:53:47.028996
ED   26,85.71%,Alvin L. Bragg Jr.,(Working Families),28,AD 68,2025-11-06_10:53:47.028996
ED   26,85.71%,Diana J. Florence,(A Safer Manhattan),22,AD 68,2025-11-06_10:53:47.028996
ED   26,85.71%,WRITE-IN,&nbsp,0,AD 68,2025-11-06_10:53:47.028996
ED   27,99.00%,Alvin L. Bragg Jr.,(Democratic),151,AD 68,2025-11-06_10:53:47.028996
ED   27,99.00%,Maud Maron,(Republican),18,AD 68,2025-11-06_10:53:47.028996
ED   27,99.00%,Maud Maron,(Conservative),8,AD 68,2025-11-06_10:53:47.028996
ED   27,99.00%,Alvin L. Bragg Jr.,(Working Families),15,AD 68,2025-11-06_10:53:47.028996
ED   27,99.00%,Diana J. Florence,(A Safer Manhattan),23,AD 68,2025-11-06_10:53:47.028996
ED   27,99.00%,WRITE-IN,&nbsp,2,AD 68,2025-11-06_10:53:47.028996
ED   28,99.00%,Alvin L. Bragg Jr.,(Democratic),415,AD 68,2025-11-06_10:53:47.028996
ED   28,99.00%,Maud Maron,(Republican),49,AD 68,2025-11-06_10:53:47.028996
ED   28,99.00%,Maud Maron,(Conservative),11,AD 68,2025-11-06_10:53:47.028996
ED   28,99.00%,Alvin L. Bragg Jr.,(Working Families),127,AD 68,2025-11-06_10:53:47.028996
ED   28,99.00%,Diana J. Florence,(A Safer Manhattan),34,AD 68,2025-11-06_10:53:47.028996
ED   28,99.00%,WRITE-IN,&nbsp,0,AD 68,2025-11-06_10:53:47.028996
ED   29,85.71%,Alvin L. Bragg Jr.,(Democratic),268,AD 68,2025-11-06_10:53:47.028996
ED   29,85.71%,Maud Maron,(Republican),38,AD 68,2025-11-06_10:53:47.028996
ED   29,85.71%,Maud Maron,(Conservative),8,AD 68,2025-11-06_10:53:47.028996
ED   29,85.71%,Alvin L. Bragg Jr.,(Working Families),74,AD 68,2025-11-06_10:53:47.028996
ED   29,85.71%,Diana J. Florence,(A Safer Manhattan),29,AD 68,2025-11-06_10:53:47.028996
ED   29,85.71%,WRITE-IN,&nbsp,1,AD 68,2025-11-06_10:53:47.028996
ED   30,99.00%,Alvin L. Bragg Jr.,(Democratic),122,AD 68,2025-11-06_10:53:47.028996
ED   30,99.00%,Maud Maron,(Republican),13,AD 68,2025-11-06_10:53:47.028996
ED   30,99.00%,Maud Maron,(Conservative),3,AD 68,2025-11-06_10:53:47.028996
ED   30,99.00%,Alvin L. Bragg Jr.,(Working Families),22,AD 68,2025-11-06_10:53:47.028996
ED   30,99.00%,Diana J. Florence,(A Safer Manhattan),18,AD 68,2025-11-06_10:53:47.028996
ED   30,99.00%,WRITE-IN,&nbsp,0,AD 68,2025-11-06_10:53:47.028996
ED   31,99.00%,Alvin L. Bragg Jr.,(Democratic),259,AD 68,2025-11-06_10:53:47.028996
ED   31,99.00%,Maud Maron,(Republican),33,AD 68,2025-11-06_10:53:47.028996
ED   31,99.00%,Maud Maron,(Conservative),8,AD 68,2025-11-06_10:53:47.028996
ED   31,99.00%,Alvin L. Bragg Jr.,(Working Families),52,AD 68,2025-11-06_10:53:47.028996
ED   31,99.00%,Diana J. Florence,(A Safer Manhattan),23,AD 68,2025-11-06_10:53:47.028996
ED   31,99.00%,WRITE-IN,&nbsp,0,AD 68,2025-11-06_10:53:47.028996
ED   32,99.00%,Alvin L. Bragg Jr.,(Democratic),395,AD 68,2025-11-06_10:53:47.028996
ED   32,99.00%,Maud Maron,(Republican),44,AD 68,2025-11-06_10:53:47.028996
ED   32,99.00%,Maud Maron,(Conservative),4,AD 68,2025-11-06_10:53:47.028996
ED   32,99.00%,Alvin L. Bragg Jr.,(Working Families),89,AD 68,2025-11-06_10:53:47.028996
ED   32,99.00%,Diana J. Florence,(A Safer Manhattan),36,AD 68,2025-11-06_10:53:47.028996
ED   32,99.00%,WRITE-IN,&nbsp,0,AD 68,2025-11-06_10:53:47.028996
ED   33,99.00%,Alvin L. Bragg Jr.,(Democratic),365,AD 68,2025-11-06_10:53:47.028996
ED   33,99.00%,Maud Maron,(Republican),40,AD 68,2025-11-06_10:53:47.028996
ED   33,99.00%,Maud Maron,(Conservative),8,AD 68,2025-11-06_10:53:47.028996
ED   33,99.00%,Alvin L. Bragg Jr.,(Working Families),111,AD 68,2025-11-06_10:53:47.028996
ED   33,99.00%,Diana J. Florence,(A Safer Manhattan),43,AD 68,2025-11-06_10:53:47.028996
ED   33,99.00%,WRITE-IN,&nbsp,0,AD 68,2025-11-06_10:53:47.028996
ED   34,99.00%,Alvin L. Bragg Jr.,(Democratic),260,AD 68,2025-11-06_10:53:47.028996
ED   34,99.00%,Maud Maron,(Republican),27,AD 68,2025-11-06_10:53:47.028996
ED   34,99.00%,Maud Maron,(Conservative),3,AD 68,2025-11-06_10:53:47.028996
ED   34,99.00%,Alvin L. Bragg Jr.,(Working Families),31,AD 68,2025-11-06_10:53:47.028996
ED   34,99.00%,Diana J. Florence,(A Safer Manhattan),40,AD 68,2025-11-06_10:53:47.028996
ED   34,99.00%,WRITE-IN,&nbsp,0,AD 68,2025-11-06_10:53:47.028996
ED   35,99.00%,Alvin L. Bragg Jr.,(Democratic),316,AD 68,2025-11-06_10:53:47.028996
ED   35,99.00%,Maud Maron,(Republican),34,AD 68,2025-11-06_10:53:47.028996
ED   35,99.00%,Maud Maron,(Conservative),7,AD 68,2025-11-06_10:53:47.028996
ED   35,99.00%,Alvin L. Bragg Jr.,(Working Families),49,AD 68,2025-11-06_10:53:47.028996
ED   35,99.00%,Diana J. Florence,(A Safer Manhattan),18,AD 68,2025-11-06_10:53:47.028996
ED   35,99.00%,WRITE-IN,&nbsp,0,AD 68,2025-11-06_10:53:47.028996
ED   36,99.00%,Alvin L. Bragg Jr.,(Democratic),222,AD 68,2025-11-06_10:53:47.028996
ED   36,99.00%,Maud Maron,(Republican),18,AD 68,2025-11-06_10:53:47.028996
ED   36,99.00%,Maud Maron,(Conservative),3,AD 68,2025-11-06_10:53:47.028996
ED   36,99.00%,Alvin L. Bragg Jr.,(Working Families),33,AD 68,2025-11-06_10:53:47.028996
ED   36,99.00%,Diana J. Florence,(A Safer Manhattan),23,AD 68,2025-11-06_10:53:47.028996
ED   36,99.00%,WRITE-IN,&nbsp,0,AD 68,2025-11-06_10:53:47.028996
ED   37,99.00%,Alvin L. Bragg Jr.,(Democratic),387,AD 68,2025-11-06_10:53:47.028996
ED   37,99.00%,Maud Maron,(Republican),66,AD 68,2025-11-06_10:53:47.028996
ED   37,99.00%,Maud Maron,(Conservative),12,AD 68,2025-11-06_10:53:47.028996
ED   37,99.00%,Alvin L. Bragg Jr.,(Working Families),42,AD 68,2025-11-06_10:53:47.028996
ED   37,99.00%,Diana J. Florence,(A Safer Manhattan),65,AD 68,2025-11-06_10:53:47.028996
ED   37,99.00%,WRITE-IN,&nbsp,1,AD 68,2025-11-06_10:53:47.028996
ED   38,99.00%,Alvin L. Bragg Jr.,(Democratic),424,AD 68,2025-11-06_10:53:47.028996
ED   38,99.00%,Maud Maron,(Republican),52,AD 68,2025-11-06_10:53:47.028996
ED   38,99.00%,Maud Maron,(Conservative),3,AD 68,2025-11-06_10:53:47.028996
ED   38,99.00%,Alvin L. Bragg Jr.,(Working Families),74,AD 68,2025-11-06_10:53:47.028996
ED   38,99.00%,Diana J. Florence,(A Safer Manhattan),38,AD 68,2025-11-06_10:53:47.028996
ED   38,99.00%,WRITE-IN,&nbsp,0,AD 68,2025-11-06_10:53:47.028996
ED   39,75.00%,Alvin L. Bragg Jr.,(Democratic),138,AD 68,2025-11-06_10:53:47.028996
ED   39,75.00%,Maud Maron,(Republican),14,AD 68,2025-11-06_10:53:47.028996
ED   39,75.00%,Maud Maron,(Conservative),1,AD 68,2025-11-06_10:53:47.028996
ED   39,75.00%,Alvin L. Bragg Jr.,(Working Families),13,AD 68,2025-11-06_10:53:47.028996
ED   39,75.00%,Diana J. Florence,(A Safer Manhattan),15,AD 68,2025-11-06_10:53:47.028996
ED   39,75.00%,WRITE-IN,&nbsp,0,AD 68,2025-11-06_10:53:47.028996
ED   40,75.00%,Alvin L. Bragg Jr.,(Democratic),149,AD 68,2025-11-06_10:53:47.028996
ED   40,75.00%,Maud Maron,(Republican),18,AD 68,2025-11-06_10:53:47.028996
ED   40,75.00%,Maud Maron,(Conservative),4,AD 68,2025-11-06_10:53:47.028996
ED   40,75.00%,Alvin L. Bragg Jr.,(Working Families),27,AD 68,2025-11-06_10:53:47.028996
ED   40,75.00%,Diana J. Florence,(A Safer Manhattan),14,AD 68,2025-11-06_10:53:47.028996
ED   40,75.00%,WRITE-IN,&nbsp,1,AD 68,2025-11-06_10:53:47.028996
ED   41,99.00%,Alvin L. Bragg Jr.,(Democratic),225,AD 68,2025-11-06_10:53:47.028996
ED   41,99.00%,Maud Maron,(Republican),30,AD 68,2025-11-06_10:53:47.028996
ED   41,99.00%,Maud Maron,(Conservative),5,AD 68,2025-11-06_10:53:47.028996
ED   41,99.00%,Alvin L. Bragg Jr.,(Working Families),41,AD 68,2025-11-06_10:53:47.028996
ED   41,99.00%,Diana J. Florence,(A Safer Manhattan),34,AD 68,2025-11-06_10:53:47.028996
ED   41,99.00%,WRITE-IN,&nbsp,1,AD 68,2025-11-06_10:53:47.028996
ED   42,99.00%,Alvin L. Bragg Jr.,(Democratic),179,AD 68,2025-11-06_10:53:47.028996
ED   42,99.00%,Maud Maron,(Republican),23,AD 68,2025-11-06_10:53:47.028996
ED   42,99.00%,Maud Maron,(Conservative),0,AD 68,2025-11-06_10:53:47.028996
ED   42,99.00%,Alvin L. Bragg Jr.,(Working Families),39,AD 68,2025-11-06_10:53:47.028996
ED   42,99.00%,Diana J. Florence,(A Safer Manhattan),19,AD 68,2025-11-06_10:53:47.028996
ED   42,99.00%,WRITE-IN,&nbsp,2,AD 68,2025-11-06_10:53:47.028996
ED   43,99.00%,Alvin L. Bragg Jr.,(Democratic),366,AD 68,2025-11-06_10:53:47.028996
ED   43,99.00%,Maud Maron,(Republican),53,AD 68,2025-11-06_10:53:47.028996
ED   43,99.00%,Maud Maron,(Conservative),12,AD 68,2025-11-06_10:53:47.028996
ED   43,99.00%,Alvin L. Bragg Jr.,(Working Families),105,AD 68,2025-11-06_10:53:47.028996
ED   43,99.00%,Diana J. Florence,(A Safer Manhattan),42,AD 68,2025-11-06_10:53:47.028996
ED   43,99.00%,WRITE-IN,&nbsp,1,AD 68,2025-11-06_10:53:47.028996
ED   44,99.00%,Alvin L. Bragg Jr.,(Democratic),430,AD 68,2025-11-06_10:53:47.028996
ED   44,99.00%,Maud Maron,(Republican),63,AD 68,2025-11-06_10:53:47.028996
ED   44,99.00%,Maud Maron,(Conservative),7,AD 68,2025-11-06_10:53:47.028996
ED   44,99.00%,Alvin L. Bragg Jr.,(Working Families),89,AD 68,2025-11-06_10:53:47.028996
ED   44,99.00%,Diana J. Florence,(A Safer Manhattan),33,AD 68,2025-11-06_10:53:47.028996
ED   44,99.00%,WRITE-IN,&nbsp,0,AD 68,2025-11-06_10:53:47.028996
ED   45,99.00%,Alvin L. Bragg Jr.,(Democratic),251,AD 68,2025-11-06_10:53:47.028996
ED   45,99.00%,Maud Maron,(Republican),50,AD 68,2025-11-06_10:53:47.028996
ED   45,99.00%,Maud Maron,(Conservative),5,AD 68,2025-11-06_10:53:47.028996
ED   45,99.00%,Alvin L. Bragg Jr.,(Working Families),38,AD 68,2025-11-06_10:53:47.028996
ED   45,99.00%,Diana J. Florence,(A Safer Manhattan),28,AD 68,2025-11-06_10:53:47.028996
ED   45,99.00%,WRITE-IN,&nbsp,1,AD 68,2025-11-06_10:53:47.028996
ED   46,99.00%,Alvin L. Bragg Jr.,(Democratic),323,AD 68,2025-11-06_10:53:47.028996
ED   46,99.00%,Maud Maron,(Republican),43,AD 68,2025-11-06_10:53:47.028996
ED   46,99.00%,Maud Maron,(Conservative),2,AD 68,2025-11-06_10:53:47.028996
ED   46,99.00%,Alvin L. Bragg Jr.,(Working Families),55,AD 68,2025-11-06_10:53:47.028996
ED   46,99.00%,Diana J. Florence,(A Safer Manhattan),43,AD 68,2025-11-06_10:53:47.028996
ED   46,99.00%,WRITE-IN,&nbsp,0,AD 68,2025-11-06_10:53:47.028996
ED   47,99.00%,Alvin L. Bragg Jr.,(Democratic),339,AD 68,2025-11-06_10:53:47.028996
ED   47,99.00%,Maud Maron,(Republican),55,AD 68,2025-11-06_10:53:47.028996
ED   47,99.00%,Maud Maron,(Conservative),1,AD 68,2025-11-06_10:53:47.028996
ED   47,99.00%,Alvin L. Bragg Jr.,(Working Families),53,AD 68,2025-11-06_10:53:47.028996
ED   47,99.00%,Diana J. Florence,(A Safer Manhattan),42,AD 68,2025-11-06_10:53:47.028996
ED   47,99.00%,WRITE-IN,&nbsp,1,AD 68,2025-11-06_10:53:47.028996
ED   48,99.00%,Alvin L. Bragg Jr.,(Democratic),375,AD 68,2025-11-06_10:53:47.028996
ED   48,99.00%,Maud Maron,(Republican),50,AD 68,2025-11-06_10:53:47.028996
ED   48,99.00%,Maud Maron,(Conservative),1,AD 68,2025-11-06_10:53:47.028996
ED   48,99.00%,Alvin L. Bragg Jr.,(Working Families),56,AD 68,2025-11-06_10:53:47.028996
ED   48,99.00%,Diana J. Florence,(A Safer Manhattan),35,AD 68,2025-11-06_10:53:47.028996
ED   48,99.00%,WRITE-IN,&nbsp,0,AD 68,2025-11-06_10:53:47.028996
ED   49,99.00%,Alvin L. Bragg Jr.,(Democratic),148,AD 68,2025-11-06_10:53:47.028996
ED   49,99.00%,Maud Maron,(Republican),12,AD 68,2025-11-06_10:53:47.028996
ED   49,99.00%,Maud Maron,(Conservative),4,AD 68,2025-11-06_10:53:47.028996
ED   49,99.00%,Alvin L. Bragg Jr.,(Working Families),19,AD 68,2025-11-06_10:53:47.028996
ED   49,99.00%,Diana J. Florence,(A Safer Manhattan),9,AD 68,2025-11-06_10:53:47.028996
ED   49,99.00%,WRITE-IN,&nbsp,0,AD 68,2025-11-06_10:53:47.028996
ED   50,99.00%,Alvin L. Bragg Jr.,(Democratic),128,AD 68,2025-11-06_10:53:47.028996
ED   50,99.00%,Maud Maron,(Republican),24,AD 68,2025-11-06_10:53:47.028996
ED   50,99.00%,Maud Maron,(Conservative),3,AD 68,2025-11-06_10:53:47.028996
ED   50,99.00%,Alvin L. Bragg Jr.,(Working Families),9,AD 68,2025-11-06_10:53:47.028996
ED   50,99.00%,Diana J. Florence,(A Safer Manhattan),18,AD 68,2025-11-06_10:53:47.028996
ED   50,99.00%,WRITE-IN,&nbsp,0,AD 68,2025-11-06_10:53:47.028996
ED   51,99.00%,Alvin L. Bragg Jr.,(Democratic),363,AD 68,2025-11-06_10:53:47.028996
ED   51,99.00%,Maud Maron,(Republican),81,AD 68,2025-11-06_10:53:47.028996
ED   51,99.00%,Maud Maron,(Conservative),10,AD 68,2025-11-06_10:53:47.028996
ED   51,99.00%,Alvin L. Bragg Jr.,(Working Families),30,AD 68,2025-11-06_10:53:47.028996
ED   51,99.00%,Diana J. Florence,(A Safer Manhattan),32,AD 68,2025-11-06_10:53:47.028996
ED   51,99.00%,WRITE-IN,&nbsp,0,AD 68,2025-11-06_10:53:47.028996
ED   52,99.00%,Alvin L. Bragg Jr.,(Democratic),371,AD 68,2025-11-06_10:53:47.028996
ED   52,99.00%,Maud Maron,(Republican),172,AD 68,2025-11-06_10:53:47.028996
ED   52,99.00%,Maud Maron,(Conservative),9,AD 68,2025-11-06_10:53:47.028996
ED   52,99.00%,Alvin L. Bragg Jr.,(Working Families),29,AD 68,2025-11-06_10:53:47.028996
ED   52,99.00%,Diana J. Florence,(A Safer Manhattan),31,AD 68,2025-11-06_10:53:47.028996
ED   52,99.00%,WRITE-IN,&nbsp,0,AD 68,2025-11-06_10:53:47.028996
ED   53,99.00%,Alvin L. Bragg Jr.,(Democratic),287,AD 68,2025-11-06_10:53:47.028996
ED   53,99.00%,Maud Maron,(Republican),63,AD 68,2025-11-06_10:53:47.028996
ED   53,99.00%,Maud Maron,(Conservative),4,AD 68,2025-11-06_10:53:47.028996
ED   53,99.00%,Alvin L. Bragg Jr.,(Working Families),52,AD 68,2025-11-06_10:53:47.028996
ED   53,99.00%,Diana J. Florence,(A Safer Manhattan),20,AD 68,2025-11-06_10:53:47.028996
ED   53,99.00%,WRITE-IN,&nbsp,0,AD 68,2025-11-06_10:53:47.028996
ED   54,99.00%,Alvin L. Bragg Jr.,(Democratic),305,AD 68,2025-11-06_10:53:47.028996
ED   54,99.00%,Maud Maron,(Republican),190,AD 68,2025-11-06_10:53:47.028996
ED   54,99.00%,Maud Maron,(Conservative),16,AD 68,2025-11-06_10:53:47.028996
ED   54,99.00%,Alvin L. Bragg Jr.,(Working Families),18,AD 68,2025-11-06_10:53:47.028996
ED   54,99.00%,Diana J. Florence,(A Safer Manhattan),25,AD 68,2025-11-06_10:53:47.028996
ED   54,99.00%,WRITE-IN,&nbsp,1,AD 68,2025-11-06_10:53:47.028996
ED   55,99.00%,Alvin L. Bragg Jr.,(Democratic),532,AD 68,2025-11-06_10:53:47.028996
ED   55,99.00%,Maud Maron,(Republican),248,AD 68,2025-11-06_10:53:47.028996
ED   55,99.00%,Maud Maron,(Conservative),14,AD 68,2025-11-06_10:53:47.028996
ED   55,99.00%,Alvin L. Bragg Jr.,(Working Families),45,AD 68,2025-11-06_10:53:47.028996
ED   55,99.00%,Diana J. Florence,(A Safer Manhattan),51,AD 68,2025-11-06_10:53:47.028996
ED   55,99.00%,WRITE-IN,&nbsp,4,AD 68,2025-11-06_10:53:47.028996
ED   56,99.00%,Alvin L. Bragg Jr.,(Democratic),201,AD 68,2025-11-06_10:53:47.028996
ED   56,99.00%,Maud Maron,(Republican),26,AD 68,2025-11-06_10:53:47.028996
ED   56,99.00%,Maud Maron,(Conservative),2,AD 68,2025-11-06_10:53:47.028996
ED   56,99.00%,Alvin L. Bragg Jr.,(Working Families),33,AD 68,2025-11-06_10:53:47.028996
ED   56,99.00%,Diana J. Florence,(A Safer Manhattan),15,AD 68,2025-11-06_10:53:47.028996
ED   56,99.00%,WRITE-IN,&nbsp,1,AD 68,2025-11-06_10:53:47.028996
ED   57,99.00%,Alvin L. Bragg Jr.,(Democratic),238,AD 68,2025-11-06_10:53:47.028996
ED   57,99.00%,Maud Maron,(Republican),33,AD 68,2025-11-06_10:53:47.028996
ED   57,99.00%,Maud Maron,(Conservative),1,AD 68,2025-11-06_10:53:47.028996
ED   57,99.00%,Alvin L. Bragg Jr.,(Working Families),47,AD 68,2025-11-06_10:53:47.028996
ED   57,99.00%,Diana J. Florence,(A Safer Manhattan),19,AD 68,2025-11-06_10:53:47.028996
ED   57,99.00%,WRITE-IN,&nbsp,1,AD 68,2025-11-06_10:53:47.028996
ED   58,99.00%,Alvin L. Bragg Jr.,(Democratic),238,AD 68,2025-11-06_10:53:47.028996
ED   58,99.00%,Maud Maron,(Republican),33,AD 68,2025-11-06_10:53:47.028996
ED   58,99.00%,Maud Maron,(Conservative),4,AD 68,2025-11-06_10:53:47.028996
ED   58,99.00%,Alvin L. Bragg Jr.,(Working Families),31,AD 68,2025-11-06_10:53:47.028996
ED   58,99.00%,Diana J. Florence,(A Safer Manhattan),28,AD 68,2025-11-06_10:53:47.028996
ED   58,99.00%,WRITE-IN,&nbsp,1,AD 68,2025-11-06_10:53:47.028996
ED   59,99.00%,Alvin L. Bragg Jr.,(Democratic),188,AD 68,2025-11-06_10:53:47.028996
ED   59,99.00%,Maud Maron,(Republican),21,AD 68,2025-11-06_10:53:47.028996
ED   59,99.00%,Maud Maron,(Conservative),2,AD 68,2025-11-06_10:53:47.028996
ED   59,99.00%,Alvin L. Bragg Jr.,(Working Families),27,AD 68,2025-11-06_10:53:47.028996
ED   59,99.00%,Diana J. Florence,(A Safer Manhattan),21,AD 68,2025-11-06_10:53:47.028996
ED   59,99.00%,WRITE-IN,&nbsp,0,AD 68,2025-11-06_10:53:47.028996
ED   60,99.00%,Alvin L. Bragg Jr.,(Democratic),265,AD 68,2025-11-06_10:53:47.028996
ED   60,99.00%,Maud Maron,(Republican),20,AD 68,2025-11-06_10:53:47.028996
ED   60,99.00%,Maud Maron,(Conservative),1,AD 68,2025-11-06_10:53:47.028996
ED   60,99.00%,Alvin L. Bragg Jr.,(Working Families),39,AD 68,2025-11-06_10:53:47.028996
ED   60,99.00%,Diana J. Florence,(A Safer Manhattan),27,AD 68,2025-11-06_10:53:47.028996
ED   60,99.00%,WRITE-IN,&nbsp,0,AD 68,2025-11-06_10:53:47.028996
ED   61,99.00%,Alvin L. Bragg Jr.,(Democratic),124,AD 68,2025-11-06_10:53:47.028996
ED   61,99.00%,Maud Maron,(Republican),23,AD 68,2025-11-06_10:53:47.028996
ED   61,99.00%,Maud Maron,(Conservative),0,AD 68,2025-11-06_10:53:47.028996
ED   61,99.00%,Alvin L. Bragg Jr.,(Working Families),12,AD 68,2025-11-06_10:53:47.028996
ED   61,99.00%,Diana J. Florence,(A Safer Manhattan),20,AD 68,2025-11-06_10:53:47.028996
ED   61,99.00%,WRITE-IN,&nbsp,0,AD 68,2025-11-06_10:53:47.028996
ED   62,99.00%,Alvin L. Bragg Jr.,(Democratic),495,AD 68,2025-11-06_10:53:47.028996
ED   62,99.00%,Maud Maron,(Republican),118,AD 68,2025-11-06_10:53:47.028996
ED   62,99.00%,Maud Maron,(Conservative),13,AD 68,2025-11-06_10:53:47.028996
ED   62,99.00%,Alvin L. Bragg Jr.,(Working Families),92,AD 68,2025-11-06_10:53:47.028996
ED   62,99.00%,Diana J. Florence,(A Safer Manhattan),30,AD 68,2025-11-06_10:53:47.028996
ED   62,99.00%,WRITE-IN,&nbsp,0,AD 68,2025-11-06_10:53:47.028996
ED   63,99.00%,Alvin L. Bragg Jr.,(Democratic),413,AD 68,2025-11-06_10:53:47.028996
ED   63,99.00%,Maud Maron,(Republican),131,AD 68,2025-11-06_10:53:47.028996
ED   63,99.00%,Maud Maron,(Conservative),18,AD 68,2025-11-06_10:53:47.028996
ED   63,99.00%,Alvin L. Bragg Jr.,(Working Families),54,AD 68,2025-11-06_10:53:47.028996
ED   63,99.00%,Diana J. Florence,(A Safer Manhattan),24,AD 68,2025-11-06_10:53:47.028996
ED   63,99.00%,WRITE-IN,&nbsp,1,AD 68,2025-11-06_10:53:47.028996
ED   64,99.00%,Alvin L. Bragg Jr.,(Democratic),244,AD 68,2025-11-06_10:53:47.028996
ED   64,99.00%,Maud Maron,(Republican),91,AD 68,2025-11-06_10:53:47.028996
ED   64,99.00%,Maud Maron,(Conservative),9,AD 68,2025-11-06_10:53:47.028996
ED   64,99.00%,Alvin L. Bragg Jr.,(Working Families),25,AD 68,2025-11-06_10:53:47.028996
ED   64,99.00%,Diana J. Florence,(A Safer Manhattan),19,AD 68,2025-11-06_10:53:47.028996
ED   64,99.00%,WRITE-IN,&nbsp,1,AD 68,2025-11-06_10:53:47.028996
ED   65,99.00%,Alvin L. Bragg Jr.,(Democratic),511,AD 68,2025-11-06_10:53:47.028996
ED   65,99.00%,Maud Maron,(Republican),179,AD 68,2025-11-06_10:53:47.028996
ED   65,99.00%,Maud Maron,(Conservative),14,AD 68,2025-11-06_10:53:47.028996
ED   65,99.00%,Alvin L. Bragg Jr.,(Working Families),86,AD 68,2025-11-06_10:53:47.028996
ED   65,99.00%,Diana J. Florence,(A Safer Manhattan),50,AD 68,2025-11-06_10:53:47.028996
ED   65,99.00%,WRITE-IN,&nbsp,1,AD 68,2025-11-06_10:53:47.028996
ED   66,99.00%,Alvin L. Bragg Jr.,(Democratic),657,AD 68,2025-11-06_10:53:47.028996
ED   66,99.00%,Maud Maron,(Republican),286,AD 68,2025-11-06_10:53:47.028996
ED   66,99.00%,Maud Maron,(Conservative),20,AD 68,2025-11-06_10:53:47.028996
ED   66,99.00%,Alvin L. Bragg Jr.,(Working Families),87,AD 68,2025-11-06_10:53:47.028996
ED   66,99.00%,Diana J. Florence,(A Safer Manhattan),49,AD 68,2025-11-06_10:53:47.028996
ED   66,99.00%,WRITE-IN,&nbsp,0,AD 68,2025-11-06_10:53:47.028996
ED   67,99.00%,Alvin L. Bragg Jr.,(Democratic),341,AD 68,2025-11-06_10:53:47.028996
ED   67,99.00%,Maud Maron,(Republican),160,AD 68,2025-11-06_10:53:47.028996
ED   67,99.00%,Maud Maron,(Conservative),14,AD 68,2025-11-06_10:53:47.028996
ED   67,99.00%,Alvin L. Bragg Jr.,(Working Families),41,AD 68,2025-11-06_10:53:47.028996
ED   67,99.00%,Diana J. Florence,(A Safer Manhattan),61,AD 68,2025-11-06_10:53:47.028996
ED   67,99.00%,WRITE-IN,&nbsp,2,AD 68,2025-11-06_10:53:47.028996
ED   68,99.00%,Alvin L. Bragg Jr.,(Democratic),185,AD 68,2025-11-06_10:53:47.028996
ED   68,99.00%,Maud Maron,(Republican),47,AD 68,2025-11-06_10:53:47.028996
ED   68,99.00%,Maud Maron,(Conservative),4,AD 68,2025-11-06_10:53:47.028996
ED   68,99.00%,Alvin L. Bragg Jr.,(Working Families),19,AD 68,2025-11-06_10:53:47.028996
ED   68,99.00%,Diana J. Florence,(A Safer Manhattan),14,AD 68,2025-11-06_10:53:47.028996
ED   68,99.00%,WRITE-IN,&nbsp,0,AD 68,2025-11-06_10:53:47.028996
ED   69,99.00%,Alvin L. Bragg Jr.,(Democratic),184,AD 68,2025-11-06_10:53:47.028996
ED   69,99.00%,Maud Maron,(Republican),33,AD 68,2025-11-06_10:53:47.028996
ED   69,99.00%,Maud Maron,(Conservative),7,AD 68,2025-11-06_10:53:47.028996
ED   69,99.00%,Alvin L. Bragg Jr.,(Working Families),31,AD 68,2025-11-06_10:53:47.028996
ED   69,99.00%,Diana J. Florence,(A Safer Manhattan),23,AD 68,2025-11-06_10:53:47.028996
ED   69,99.00%,WRITE-IN,&nbsp,0,AD 68,2025-11-06_10:53:47.028996
ED   70,99.00%,Alvin L. Bragg Jr.,(Democratic),441,AD 68,2025-11-06_10:53:47.028996
ED   70,99.00%,Maud Maron,(Republican),133,AD 68,2025-11-06_10:53:47.028996
ED   70,99.00%,Maud Maron,(Conservative),10,AD 68,2025-11-06_10:53:47.028996
ED   70,99.00%,Alvin L. Bragg Jr.,(Working Families),78,AD 68,2025-11-06_10:53:47.028996
ED   70,99.00%,Diana J. Florence,(A Safer Manhattan),29,AD 68,2025-11-06_10:53:47.028996
ED   70,99.00%,WRITE-IN,&nbsp,0,AD 68,2025-11-06_10:53:47.028996
ED   71,99.00%,Alvin L. Bragg Jr.,(Democratic),249,AD 68,2025-11-06_10:53:47.028996
ED   71,99.00%,Maud Maron,(Republican),56,AD 68,2025-11-06_10:53:47.028996
ED   71,99.00%,Maud Maron,(Conservative),8,AD 68,2025-11-06_10:53:47.028996
ED   71,99.00%,Alvin L. Bragg Jr.,(Working Families),27,AD 68,2025-11-06_10:53:47.028996
ED   71,99.00%,Diana J. Florence,(A Safer Manhattan),18,AD 68,2025-11-06_10:53:47.028996
ED   71,99.00%,WRITE-IN,&nbsp,0,AD 68,2025-11-06_10:53:47.028996
ED   72,99.00%,Alvin L. Bragg Jr.,(Democratic),74,AD 68,2025-11-06_10:53:47.028996
ED   72,99.00%,Maud Maron,(Republican),7,AD 68,2025-11-06_10:53:47.028996
ED   72,99.00%,Maud Maron,(Conservative),1,AD 68,2025-11-06_10:53:47.028996
ED   72,99.00%,Alvin L. Bragg Jr.,(Working Families),12,AD 68,2025-11-06_10:53:47.028996
ED   72,99.00%,Diana J. Florence,(A Safer Manhattan),7,AD 68,2025-11-06_10:53:47.028996
ED   72,99.00%,WRITE-IN,&nbsp,0,AD 68,2025-11-06_10:53:47.028996
ED   73,99.00%,Alvin L. Bragg Jr.,(Democratic),131,AD 68,2025-11-06_10:53:47.028996
ED   73,99.00%,Maud Maron,(Republican),9,AD 68,2025-11-06_10:53:47.028996
ED   73,99.00%,Maud Maron,(Conservative),5,AD 68,2025-11-06_10:53:47.028996
ED   73,99.00%,Alvin L. Bragg Jr.,(Working Families),21,AD 68,2025-11-06_10:53:47.028996
ED   73,99.00%,Diana J. Florence,(A Safer Manhattan),8,AD 68,2025-11-06_10:53:47.028996
ED   73,99.00%,WRITE-IN,&nbsp,0,AD 68,2025-11-06_10:53:47.028996
ED   74,99.00%,Alvin L. Bragg Jr.,(Democratic),261,AD 68,2025-11-06_10:53:47.028996
ED   74,99.00%,Maud Maron,(Republican),40,AD 68,2025-11-06_10:53:47.028996
ED   74,99.00%,Maud Maron,(Conservative),5,AD 68,2025-11-06_10:53:47.028996
ED   74,99.00%,Alvin L. Bragg Jr.,(Working Families),36,AD 68,2025-11-06_10:53:47.028996
ED   74,99.00%,Diana J. Florence,(A Safer Manhattan),17,AD 68,2025-11-06_10:53:47.028996
ED   74,99.00%,WRITE-IN,&nbsp,0,AD 68,2025-11-06_10:53:47.028996
ED   75,99.00%,Alvin L. Bragg Jr.,(Democratic),146,AD 68,2025-11-06_10:53:47.028996
ED   75,99.00%,Maud Maron,(Republican),72,AD 68,2025-11-06_10:53:47.028996
ED   75,99.00%,Maud Maron,(Conservative),14,AD 68,2025-11-06_10:53:47.028996
ED   75,99.00%,Alvin L. Bragg Jr.,(Working Families),8,AD 68,2025-11-06_10:53:47.028996
ED   75,99.00%,Diana J. Florence,(A Safer Manhattan),5,AD 68,2025-11-06_10:53:47.028996
ED   75,99.00%,WRITE-IN,&nbsp,0,AD 68,2025-11-06_10:53:47.028996
ED   76,99.00%,Alvin L. Bragg Jr.,(Democratic),11,AD 68,2025-11-06_10:53:47.028996
ED   76,99.00%,Maud Maron,(Republican),4,AD 68,2025-11-06_10:53:47.028996
ED   76,99.00%,Maud Maron,(Conservative),0,AD 68,2025-11-06_10:53:47.028996
ED   76,99.00%,Alvin L. Bragg Jr.,(Working Families),0,AD 68,2025-11-06_10:53:47.028996
ED   76,99.00%,Diana J. Florence,(A Safer Manhattan),0,AD 68,2025-11-06_10:53:47.028996
ED   76,99.00%,WRITE-IN,&nbsp,0,AD 68,2025-11-06_10:53:47.028996
ED   77,99.00%,Alvin L. Bragg Jr.,(Democratic),296,AD 68,2025-11-06_10:53:47.028996
ED   77,99.00%,Maud Maron,(Republican),82,AD 68,2025-11-06_10:53:47.028996
ED   77,99.00%,Maud Maron,(Conservative),7,AD 68,2025-11-06_10:53:47.028996
ED   77,99.00%,Alvin L. Bragg Jr.,(Working Families),37,AD 68,2025-11-06_10:53:47.028996
ED   77,99.00%,Diana J. Florence,(A Safer Manhattan),17,AD 68,2025-11-06_10:53:47.028996
ED   77,99.00%,WRITE-IN,&nbsp,0,AD 68,2025-11-06_10:53:47.028996
ED   78,99.00%,Alvin L. Bragg Jr.,(Democratic),0,AD 68,2025-11-06_10:53:47.028996
ED   78,99.00%,Maud Maron,(Republican),0,AD 68,2025-11-06_10:53:47.028996
ED   78,99.00%,Maud Maron,(Conservative),0,AD 68,2025-11-06_10:53:47.028996
ED   78,99.00%,Alvin L. Bragg Jr.,(Working Families),0,AD 68,2025-11-06_10:53:47.028996
ED   78,99.00%,Diana J. Florence,(A Safer Manhattan),0,AD 68,2025-11-06_10:53:47.028996
ED   78,99.00%,WRITE-IN,&nbsp,0,AD 68,2025-11-06_10:53:47.028996
ED   79,99.00%,Alvin L. Bragg Jr.,(Democratic),0,AD 68,2025-11-06_10:53:47.028996
ED   79,99.00%,Maud Maron,(Republican),0,AD 68,2025-11-06_10:53:47.028996
ED   79,99.00%,Maud Maron,(Conservative),0,AD 68,2025-11-06_10:53:47.028996
ED   79,99.00%,Alvin L. Bragg Jr.,(Working Families),0,AD 68,2025-11-06_10:53:47.028996
ED   79,99.00%,Diana J. Florence,(A Safer Manhattan),0,AD 68,2025-11-06_10:53:47.028996
ED   79,99.00%,WRITE-IN,&nbsp,0,AD 68,2025-11-06_10:53:47.028996
ED   80,99.00%,Alvin L. Bragg Jr.,(Democratic),0,AD 68,2025-11-06_10:53:47.028996
ED   80,99.00%,Maud Maron,(Republican),0,AD 68,2025-11-06_10:53:47.028996
ED   80,99.00%,Maud Maron,(Conservative),0,AD 68,2025-11-06_10:53:47.028996
ED   80,99.00%,Alvin L. Bragg Jr.,(Working Families),0,AD 68,2025-11-06_10:53:47.028996
ED   80,99.00%,Diana J. Florence,(A Safer Manhattan),0,AD 68,2025-11-06_10:53:47.028996
ED   80,99.00%,WRITE-IN,&nbsp,0,AD 68,2025-11-06_10:53:47.028996
ED   81,99.00%,Alvin L. Bragg Jr.,(Democratic),0,AD 68,2025-11-06_10:53:47.028996
ED   81,99.00%,Maud Maron,(Republican),0,AD 68,2025-11-06_10:53:47.028996
ED   81,99.00%,Maud Maron,(Conservative),0,AD 68,2025-11-06_10:53:47.028996
ED   81,99.00%,Alvin L. Bragg Jr.,(Working Families),0,AD 68,2025-11-06_10:53:47.028996
ED   81,99.00%,Diana J. Florence,(A Safer Manhattan),0,AD 68,2025-11-06_10:53:47.028996
ED   81,99.00%,WRITE-IN,&nbsp,0,AD 68,2025-11-06_10:53:47.028996
ED   82,99.00%,Alvin L. Bragg Jr.,(Democratic),0,AD 68,2025-11-06_10:53:47.028996
ED   82,99.00%,Maud Maron,(Republican),0,AD 68,2025-11-06_10:53:47.028996
ED   82,99.00%,Maud Maron,(Conservative),0,AD 68,2025-11-06_10:53:47.028996
ED   82,99.00%,Alvin L. Bragg Jr.,(Working Families),0,AD 68,2025-11-06_10:53:47.028996
ED   82,99.00%,Diana J. Florence,(A Safer Manhattan),0,AD 68,2025-11-06_10:53:47.028996
ED   82,99.00%,WRITE-IN,&nbsp,0,AD 68,2025-11-06_10:53:47.028996
Total,,Alvin L. Bragg Jr.,(Democratic),20530,AD 68,2025-11-06_10:53:47.028996
Total,,Maud Maron,(Republican),3831,AD 68,2025-11-06_10:53:47.028996
Total,,Maud Maron,(Conservative),426,AD 68,2025-11-06_10:53:47.028996
Total,,Alvin L. Bragg Jr.,(Working Families),3311,AD 68,2025-11-06_10:53:47.028996
Total,,Diana J. Florence,(A Safer Manhattan),1936,AD 68,2025-11-06_10:53:47.028996
Total,,WRITE-IN,&nbsp,34,AD 68,2025-11-06_10:53:47.028996
ED    1,99.00%,Alvin L. Bragg Jr.,(Democratic),127,AD 69,2025-11-06_10:53:47.028996
ED    1,99.00%,Maud Maron,(Republican),12,AD 69,2025-11-06_10:53:47.028996
ED    1,99.00%,Maud Maron,(Conservative),1,AD 69,2025-11-06_10:53:47.028996
ED    1,99.00%,Alvin L. Bragg Jr.,(Working Families),19,AD 69,2025-11-06_10:53:47.028996
ED    1,99.00%,Diana J. Florence,(A Safer Manhattan),15,AD 69,2025-11-06_10:53:47.028996
ED    1,99.00%,WRITE-IN,&nbsp,1,AD 69,2025-11-06_10:53:47.028996
ED    2,99.00%,Alvin L. Bragg Jr.,(Democratic),390,AD 69,2025-11-06_10:53:47.028996
ED    2,99.00%,Maud Maron,(Republican),32,AD 69,2025-11-06_10:53:47.028996
ED    2,99.00%,Maud Maron,(Conservative),7,AD 69,2025-11-06_10:53:47.028996
ED    2,99.00%,Alvin L. Bragg Jr.,(Working Families),76,AD 69,2025-11-06_10:53:47.028996
ED    2,99.00%,Diana J. Florence,(A Safer Manhattan),36,AD 69,2025-11-06_10:53:47.028996
ED    2,99.00%,WRITE-IN,&nbsp,0,AD 69,2025-11-06_10:53:47.028996
ED    3,99.00%,Alvin L. Bragg Jr.,(Democratic),202,AD 69,2025-11-06_10:53:47.028996
ED    3,99.00%,Maud Maron,(Republican),15,AD 69,2025-11-06_10:53:47.028996
ED    3,99.00%,Maud Maron,(Conservative),4,AD 69,2025-11-06_10:53:47.028996
ED    3,99.00%,Alvin L. Bragg Jr.,(Working Families),25,AD 69,2025-11-06_10:53:47.028996
ED    3,99.00%,Diana J. Florence,(A Safer Manhattan),25,AD 69,2025-11-06_10:53:47.028996
ED    3,99.00%,WRITE-IN,&nbsp,0,AD 69,2025-11-06_10:53:47.028996
ED    4,99.00%,Alvin L. Bragg Jr.,(Democratic),132,AD 69,2025-11-06_10:53:47.028996
ED    4,99.00%,Maud Maron,(Republican),18,AD 69,2025-11-06_10:53:47.028996
ED    4,99.00%,Maud Maron,(Conservative),4,AD 69,2025-11-06_10:53:47.028996
ED    4,99.00%,Alvin L. Bragg Jr.,(Working Families),20,AD 69,2025-11-06_10:53:47.028996
ED    4,99.00%,Diana J. Florence,(A Safer Manhattan),15,AD 69,2025-11-06_10:53:47.028996
ED    4,99.00%,WRITE-IN,&nbsp,0,AD 69,2025-11-06_10:53:47.028996
ED    5,99.00%,Alvin L. Bragg Jr.,(Democratic),457,AD 69,2025-11-06_10:53:47.028996
ED    5,99.00%,Maud Maron,(Republican),52,AD 69,2025-11-06_10:53:47.028996
ED    5,99.00%,Maud Maron,(Conservative),4,AD 69,2025-11-06_10:53:47.028996
ED    5,99.00%,Alvin L. Bragg Jr.,(Working Families),98,AD 69,2025-11-06_10:53:47.028996
ED    5,99.00%,Diana J. Florence,(A Safer Manhattan),11,AD 69,2025-11-06_10:53:47.028996
ED    5,99.00%,WRITE-IN,&nbsp,0,AD 69,2025-11-06_10:53:47.028996
ED    6,99.00%,Alvin L. Bragg Jr.,(Democratic),657,AD 69,2025-11-06_10:53:47.028996
ED    6,99.00%,Maud Maron,(Republican),65,AD 69,2025-11-06_10:53:47.028996
ED    6,99.00%,Maud Maron,(Conservative),10,AD 69,2025-11-06_10:53:47.028996
ED    6,99.00%,Alvin L. Bragg Jr.,(Working Families),175,AD 69,2025-11-06_10:53:47.028996
ED    6,99.00%,Diana J. Florence,(A Safer Manhattan),50,AD 69,2025-11-06_10:53:47.028996
ED    6,99.00%,WRITE-IN,&nbsp,0,AD 69,2025-11-06_10:53:47.028996
ED    7,99.00%,Alvin L. Bragg Jr.,(Democratic),552,AD 69,2025-11-06_10:53:47.028996
ED    7,99.00%,Maud Maron,(Republican),63,AD 69,2025-11-06_10:53:47.028996
ED    7,99.00%,Maud Maron,(Conservative),13,AD 69,2025-11-06_10:53:47.028996
ED    7,99.00%,Alvin L. Bragg Jr.,(Working Families),123,AD 69,2025-11-06_10:53:47.028996
ED    7,99.00%,Diana J. Florence,(A Safer Manhattan),27,AD 69,2025-11-06_10:53:47.028996
ED    7,99.00%,WRITE-IN,&nbsp,1,AD 69,2025-11-06_10:53:47.028996
ED    8,50.00%,Alvin L. Bragg Jr.,(Democratic),200,AD 69,2025-11-06_10:53:47.028996
ED    8,50.00%,Maud Maron,(Republican),11,AD 69,2025-11-06_10:53:47.028996
ED    8,50.00%,Maud Maron,(Conservative),1,AD 69,2025-11-06_10:53:47.028996
ED    8,50.00%,Alvin L. Bragg Jr.,(Working Families),53,AD 69,2025-11-06_10:53:47.028996
ED    8,50.00%,Diana J. Florence,(A Safer Manhattan),2,AD 69,2025-11-06_10:53:47.028996
ED    8,50.00%,WRITE-IN,&nbsp,1,AD 69,2025-11-06_10:53:47.028996
ED    9,99.00%,Alvin L. Bragg Jr.,(Democratic),544,AD 69,2025-11-06_10:53:47.028996
ED    9,99.00%,Maud Maron,(Republican),45,AD 69,2025-11-06_10:53:47.028996
ED    9,99.00%,Maud Maron,(Conservative),7,AD 69,2025-11-06_10:53:47.028996
ED    9,99.00%,Alvin L. Bragg Jr.,(Working Families),91,AD 69,2025-11-06_10:53:47.028996
ED    9,99.00%,Diana J. Florence,(A Safer Manhattan),17,AD 69,2025-11-06_10:53:47.028996
ED    9,99.00%,WRITE-IN,&nbsp,1,AD 69,2025-11-06_10:53:47.028996
ED   10,50.00%,Alvin L. Bragg Jr.,(Democratic),120,AD 69,2025-11-06_10:53:47.028996
ED   10,50.00%,Maud Maron,(Republican),8,AD 69,2025-11-06_10:53:47.028996
ED   10,50.00%,Maud Maron,(Conservative),0,AD 69,2025-11-06_10:53:47.028996
ED   10,50.00%,Alvin L. Bragg Jr.,(Working Families),30,AD 69,2025-11-06_10:53:47.028996
ED   10,50.00%,Diana J. Florence,(A Safer Manhattan),5,AD 69,2025-11-06_10:53:47.028996
ED   10,50.00%,WRITE-IN,&nbsp,0,AD 69,2025-11-06_10:53:47.028996
ED   11,99.00%,Alvin L. Bragg Jr.,(Democratic),551,AD 69,2025-11-06_10:53:47.028996
ED   11,99.00%,Maud Maron,(Republican),66,AD 69,2025-11-06_10:53:47.028996
ED   11,99.00%,Maud Maron,(Conservative),5,AD 69,2025-11-06_10:53:47.028996
ED   11,99.00%,Alvin L. Bragg Jr.,(Working Families),147,AD 69,2025-11-06_10:53:47.028996
ED   11,99.00%,Diana J. Florence,(A Safer Manhattan),25,AD 69,2025-11-06_10:53:47.028996
ED   11,99.00%,WRITE-IN,&nbsp,1,AD 69,2025-11-06_10:53:47.028996
ED   12,99.00%,Alvin L. Bragg Jr.,(Democratic),700,AD 69,2025-11-06_10:53:47.028996
ED   12,99.00%,Maud Maron,(Republican),81,AD 69,2025-11-06_10:53:47.028996
ED   12,99.00%,Maud Maron,(Conservative),9,AD 69,2025-11-06_10:53:47.028996
ED   12,99.00%,Alvin L. Bragg Jr.,(Working Families),148,AD 69,2025-11-06_10:53:47.028996
ED   12,99.00%,Diana J. Florence,(A Safer Manhattan),44,AD 69,2025-11-06_10:53:47.028996
ED   12,99.00%,WRITE-IN,&nbsp,0,AD 69,2025-11-06_10:53:47.028996
ED   13,99.00%,Alvin L. Bragg Jr.,(Democratic),490,AD 69,2025-11-06_10:53:47.028996
ED   13,99.00%,Maud Maron,(Republican),46,AD 69,2025-11-06_10:53:47.028996
ED   13,99.00%,Maud Maron,(Conservative),10,AD 69,2025-11-06_10:53:47.028996
ED   13,99.00%,Alvin L. Bragg Jr.,(Working Families),84,AD 69,2025-11-06_10:53:47.028996
ED   13,99.00%,Diana J. Florence,(A Safer Manhattan),33,AD 69,2025-11-06_10:53:47.028996
ED   13,99.00%,WRITE-IN,&nbsp,2,AD 69,2025-11-06_10:53:47.028996
ED   14,99.00%,Alvin L. Bragg Jr.,(Democratic),575,AD 69,2025-11-06_10:53:47.028996
ED   14,99.00%,Maud Maron,(Republican),63,AD 69,2025-11-06_10:53:47.028996
ED   14,99.00%,Maud Maron,(Conservative),7,AD 69,2025-11-06_10:53:47.028996
ED   14,99.00%,Alvin L. Bragg Jr.,(Working Families),141,AD 69,2025-11-06_10:53:47.028996
ED   14,99.00%,Diana J. Florence,(A Safer Manhattan),27,AD 69,2025-11-06_10:53:47.028996
ED   14,99.00%,WRITE-IN,&nbsp,1,AD 69,2025-11-06_10:53:47.028996
ED   15,99.00%,Alvin L. Bragg Jr.,(Democratic),457,AD 69,2025-11-06_10:53:47.028996
ED   15,99.00%,Maud Maron,(Republican),45,AD 69,2025-11-06_10:53:47.028996
ED   15,99.00%,Maud Maron,(Conservative),7,AD 69,2025-11-06_10:53:47.028996
ED   15,99.00%,Alvin L. Bragg Jr.,(Working Families),78,AD 69,2025-11-06_10:53:47.028996
ED   15,99.00%,Diana J. Florence,(A Safer Manhattan),42,AD 69,2025-11-06_10:53:47.028996
ED   15,99.00%,WRITE-IN,&nbsp,0,AD 69,2025-11-06_10:53:47.028996
ED   16,92.86%,Alvin L. Bragg Jr.,(Democratic),223,AD 69,2025-11-06_10:53:47.028996
ED   16,92.86%,Maud Maron,(Republican),57,AD 69,2025-11-06_10:53:47.028996
ED   16,92.86%,Maud Maron,(Conservative),5,AD 69,2025-11-06_10:53:47.028996
ED   16,92.86%,Alvin L. Bragg Jr.,(Working Families),34,AD 69,2025-11-06_10:53:47.028996
ED   16,92.86%,Diana J. Florence,(A Safer Manhattan),15,AD 69,2025-11-06_10:53:47.028996
ED   16,92.86%,WRITE-IN,&nbsp,0,AD 69,2025-11-06_10:53:47.028996
ED   17,99.00%,Alvin L. Bragg Jr.,(Democratic),302,AD 69,2025-11-06_10:53:47.028996
ED   17,99.00%,Maud Maron,(Republican),35,AD 69,2025-11-06_10:53:47.028996
ED   17,99.00%,Maud Maron,(Conservative),6,AD 69,2025-11-06_10:53:47.028996
ED   17,99.00%,Alvin L. Bragg Jr.,(Working Families),64,AD 69,2025-11-06_10:53:47.028996
ED   17,99.00%,Diana J. Florence,(A Safer Manhattan),17,AD 69,2025-11-06_10:53:47.028996
ED   17,99.00%,WRITE-IN,&nbsp,0,AD 69,2025-11-06_10:53:47.028996
ED   18,99.00%,Alvin L. Bragg Jr.,(Democratic),531,AD 69,2025-11-06_10:53:47.028996
ED   18,99.00%,Maud Maron,(Republican),76,AD 69,2025-11-06_10:53:47.028996
ED   18,99.00%,Maud Maron,(Conservative),5,AD 69,2025-11-06_10:53:47.028996
ED   18,99.00%,Alvin L. Bragg Jr.,(Working Families),104,AD 69,2025-11-06_10:53:47.028996
ED   18,99.00%,Diana J. Florence,(A Safer Manhattan),44,AD 69,2025-11-06_10:53:47.028996
ED   18,99.00%,WRITE-IN,&nbsp,3,AD 69,2025-11-06_10:53:47.028996
ED   19,99.00%,Alvin L. Bragg Jr.,(Democratic),248,AD 69,2025-11-06_10:53:47.028996
ED   19,99.00%,Maud Maron,(Republican),33,AD 69,2025-11-06_10:53:47.028996
ED   19,99.00%,Maud Maron,(Conservative),8,AD 69,2025-11-06_10:53:47.028996
ED   19,99.00%,Alvin L. Bragg Jr.,(Working Families),73,AD 69,2025-11-06_10:53:47.028996
ED   19,99.00%,Diana J. Florence,(A Safer Manhattan),30,AD 69,2025-11-06_10:53:47.028996
ED   19,99.00%,WRITE-IN,&nbsp,3,AD 69,2025-11-06_10:53:47.028996
ED   20,99.00%,Alvin L. Bragg Jr.,(Democratic),444,AD 69,2025-11-06_10:53:47.028996
ED   20,99.00%,Maud Maron,(Republican),51,AD 69,2025-11-06_10:53:47.028996
ED   20,99.00%,Maud Maron,(Conservative),7,AD 69,2025-11-06_10:53:47.028996
ED   20,99.00%,Alvin L. Bragg Jr.,(Working Families),110,AD 69,2025-11-06_10:53:47.028996
ED   20,99.00%,Diana J. Florence,(A Safer Manhattan),27,AD 69,2025-11-06_10:53:47.028996
ED   20,99.00%,WRITE-IN,&nbsp,1,AD 69,2025-11-06_10:53:47.028996
ED   21,99.00%,Alvin L. Bragg Jr.,(Democratic),301,AD 69,2025-11-06_10:53:47.028996
ED   21,99.00%,Maud Maron,(Republican),22,AD 69,2025-11-06_10:53:47.028996
ED   21,99.00%,Maud Maron,(Conservative),6,AD 69,2025-11-06_10:53:47.028996
ED   21,99.00%,Alvin L. Bragg Jr.,(Working Families),49,AD 69,2025-11-06_10:53:47.028996
ED   21,99.00%,Diana J. Florence,(A Safer Manhattan),22,AD 69,2025-11-06_10:53:47.028996
ED   21,99.00%,WRITE-IN,&nbsp,0,AD 69,2025-11-06_10:53:47.028996
ED   22,99.00%,Alvin L. Bragg Jr.,(Democratic),511,AD 69,2025-11-06_10:53:47.028996
ED   22,99.00%,Maud Maron,(Republican),80,AD 69,2025-11-06_10:53:47.028996
ED   22,99.00%,Maud Maron,(Conservative),10,AD 69,2025-11-06_10:53:47.028996
ED   22,99.00%,Alvin L. Bragg Jr.,(Working Families),107,AD 69,2025-11-06_10:53:47.028996
ED   22,99.00%,Diana J. Florence,(A Safer Manhattan),27,AD 69,2025-11-06_10:53:47.028996
ED   22,99.00%,WRITE-IN,&nbsp,1,AD 69,2025-11-06_10:53:47.028996
ED   23,99.00%,Alvin L. Bragg Jr.,(Democratic),446,AD 69,2025-11-06_10:53:47.028996
ED   23,99.00%,Maud Maron,(Republican),66,AD 69,2025-11-06_10:53:47.028996
ED   23,99.00%,Maud Maron,(Conservative),9,AD 69,2025-11-06_10:53:47.028996
ED   23,99.00%,Alvin L. Bragg Jr.,(Working Families),109,AD 69,2025-11-06_10:53:47.028996
ED   23,99.00%,Diana J. Florence,(A Safer Manhattan),38,AD 69,2025-11-06_10:53:47.028996
ED   23,99.00%,WRITE-IN,&nbsp,0,AD 69,2025-11-06_10:53:47.028996
ED   24,99.00%,Alvin L. Bragg Jr.,(Democratic),226,AD 69,2025-11-06_10:53:47.028996
ED   24,99.00%,Maud Maron,(Republican),30,AD 69,2025-11-06_10:53:47.028996
ED   24,99.00%,Maud Maron,(Conservative),2,AD 69,2025-11-06_10:53:47.028996
ED   24,99.00%,Alvin L. Bragg Jr.,(Working Families),20,AD 69,2025-11-06_10:53:47.028996
ED   24,99.00%,Diana J. Florence,(A Safer Manhattan),29,AD 69,2025-11-06_10:53:47.028996
ED   24,99.00%,WRITE-IN,&nbsp,0,AD 69,2025-11-06_10:53:47.028996
ED   25,99.00%,Alvin L. Bragg Jr.,(Democratic),333,AD 69,2025-11-06_10:53:47.028996
ED   25,99.00%,Maud Maron,(Republican),39,AD 69,2025-11-06_10:53:47.028996
ED   25,99.00%,Maud Maron,(Conservative),7,AD 69,2025-11-06_10:53:47.028996
ED   25,99.00%,Alvin L. Bragg Jr.,(Working Families),49,AD 69,2025-11-06_10:53:47.028996
ED   25,99.00%,Diana J. Florence,(A Safer Manhattan),30,AD 69,2025-11-06_10:53:47.028996
ED   25,99.00%,WRITE-IN,&nbsp,2,AD 69,2025-11-06_10:53:47.028996
ED   26,99.00%,Alvin L. Bragg Jr.,(Democratic),144,AD 69,2025-11-06_10:53:47.028996
ED   26,99.00%,Maud Maron,(Republican),10,AD 69,2025-11-06_10:53:47.028996
ED   26,99.00%,Maud Maron,(Conservative),2,AD 69,2025-11-06_10:53:47.028996
ED   26,99.00%,Alvin L. Bragg Jr.,(Working Families),16,AD 69,2025-11-06_10:53:47.028996
ED   26,99.00%,Diana J. Florence,(A Safer Manhattan),29,AD 69,2025-11-06_10:53:47.028996
ED   26,99.00%,WRITE-IN,&nbsp,0,AD 69,2025-11-06_10:53:47.028996
ED   27,99.00%,Alvin L. Bragg Jr.,(Democratic),409,AD 69,2025-11-06_10:53:47.028996
ED   27,99.00%,Maud Maron,(Republican),59,AD 69,2025-11-06_10:53:47.028996
ED   27,99.00%,Maud Maron,(Conservative),6,AD 69,2025-11-06_10:53:47.028996
ED   27,99.00%,Alvin L. Bragg Jr.,(Working Families),88,AD 69,2025-11-06_10:53:47.028996
ED   27,99.00%,Diana J. Florence,(A Safer Manhattan),33,AD 69,2025-11-06_10:53:47.028996
ED   27,99.00%,WRITE-IN,&nbsp,1,AD 69,2025-11-06_10:53:47.028996
ED   28,99.00%,Alvin L. Bragg Jr.,(Democratic),403,AD 69,2025-11-06_10:53:47.028996
ED   28,99.00%,Maud Maron,(Republican),49,AD 69,2025-11-06_10:53:47.028996
ED   28,99.00%,Maud Maron,(Conservative),4,AD 69,2025-11-06_10:53:47.028996
ED   28,99.00%,Alvin L. Bragg Jr.,(Working Families),64,AD 69,2025-11-06_10:53:47.028996
ED   28,99.00%,Diana J. Florence,(A Safer Manhattan),21,AD 69,2025-11-06_10:53:47.028996
ED   28,99.00%,WRITE-IN,&nbsp,0,AD 69,2025-11-06_10:53:47.028996
ED   29,99.00%,Alvin L. Bragg Jr.,(Democratic),608,AD 69,2025-11-06_10:53:47.028996
ED   29,99.00%,Maud Maron,(Republican),72,AD 69,2025-11-06_10:53:47.028996
ED   29,99.00%,Maud Maron,(Conservative),9,AD 69,2025-11-06_10:53:47.028996
ED   29,99.00%,Alvin L. Bragg Jr.,(Working Families),147,AD 69,2025-11-06_10:53:47.028996
ED   29,99.00%,Diana J. Florence,(A Safer Manhattan),61,AD 69,2025-11-06_10:53:47.028996
ED   29,99.00%,WRITE-IN,&nbsp,0,AD 69,2025-11-06_10:53:47.028996
ED   30,99.00%,Alvin L. Bragg Jr.,(Democratic),605,AD 69,2025-11-06_10:53:47.028996
ED   30,99.00%,Maud Maron,(Republican),88,AD 69,2025-11-06_10:53:47.028996
ED   30,99.00%,Maud Maron,(Conservative),8,AD 69,2025-11-06_10:53:47.028996
ED   30,99.00%,Alvin L. Bragg Jr.,(Working Families),136,AD 69,2025-11-06_10:53:47.028996
ED   30,99.00%,Diana J. Florence,(A Safer Manhattan),42,AD 69,2025-11-06_10:53:47.028996
ED   30,99.00%,WRITE-IN,&nbsp,0,AD 69,2025-11-06_10:53:47.028996
ED   31,99.00%,Alvin L. Bragg Jr.,(Democratic),279,AD 69,2025-11-06_10:53:47.028996
ED   31,99.00%,Maud Maron,(Republican),38,AD 69,2025-11-06_10:53:47.028996
ED   31,99.00%,Maud Maron,(Conservative),5,AD 69,2025-11-06_10:53:47.028996
ED   31,99.00%,Alvin L. Bragg Jr.,(Working Families),69,AD 69,2025-11-06_10:53:47.028996
ED   31,99.00%,Diana J. Florence,(A Safer Manhattan),25,AD 69,2025-11-06_10:53:47.028996
ED   31,99.00%,WRITE-IN,&nbsp,1,AD 69,2025-11-06_10:53:47.028996
ED   32,99.00%,Alvin L. Bragg Jr.,(Democratic),183,AD 69,2025-11-06_10:53:47.028996
ED   32,99.00%,Maud Maron,(Republican),26,AD 69,2025-11-06_10:53:47.028996
ED   32,99.00%,Maud Maron,(Conservative),3,AD 69,2025-11-06_10:53:47.028996
ED   32,99.00%,Alvin L. Bragg Jr.,(Working Families),31,AD 69,2025-11-06_10:53:47.028996
ED   32,99.00%,Diana J. Florence,(A Safer Manhattan),26,AD 69,2025-11-06_10:53:47.028996
ED   32,99.00%,WRITE-IN,&nbsp,0,AD 69,2025-11-06_10:53:47.028996
ED   33,99.00%,Alvin L. Bragg Jr.,(Democratic),528,AD 69,2025-11-06_10:53:47.028996
ED   33,99.00%,Maud Maron,(Republican),114,AD 69,2025-11-06_10:53:47.028996
ED   33,99.00%,Maud Maron,(Conservative),6,AD 69,2025-11-06_10:53:47.028996
ED   33,99.00%,Alvin L. Bragg Jr.,(Working Families),108,AD 69,2025-11-06_10:53:47.028996
ED   33,99.00%,Diana J. Florence,(A Safer Manhattan),59,AD 69,2025-11-06_10:53:47.028996
ED   33,99.00%,WRITE-IN,&nbsp,3,AD 69,2025-11-06_10:53:47.028996
ED   34,99.00%,Alvin L. Bragg Jr.,(Democratic),439,AD 69,2025-11-06_10:53:47.028996
ED   34,99.00%,Maud Maron,(Republican),90,AD 69,2025-11-06_10:53:47.028996
ED   34,99.00%,Maud Maron,(Conservative),10,AD 69,2025-11-06_10:53:47.028996
ED   34,99.00%,Alvin L. Bragg Jr.,(Working Families),60,AD 69,2025-11-06_10:53:47.028996
ED   34,99.00%,Diana J. Florence,(A Safer Manhattan),26,AD 69,2025-11-06_10:53:47.028996
ED   34,99.00%,WRITE-IN,&nbsp,0,AD 69,2025-11-06_10:53:47.028996
ED   35,99.00%,Alvin L. Bragg Jr.,(Democratic),385,AD 69,2025-11-06_10:53:47.028996
ED   35,99.00%,Maud Maron,(Republican),88,AD 69,2025-11-06_10:53:47.028996
ED   35,99.00%,Maud Maron,(Conservative),4,AD 69,2025-11-06_10:53:47.028996
ED   35,99.00%,Alvin L. Bragg Jr.,(Working Families),57,AD 69,2025-11-06_10:53:47.028996
ED   35,99.00%,Diana J. Florence,(A Safer Manhattan),39,AD 69,2025-11-06_10:53:47.028996
ED   35,99.00%,WRITE-IN,&nbsp,2,AD 69,2025-11-06_10:53:47.028996
ED   36,99.00%,Alvin L. Bragg Jr.,(Democratic),493,AD 69,2025-11-06_10:53:47.028996
ED   36,99.00%,Maud Maron,(Republican),80,AD 69,2025-11-06_10:53:47.028996
ED   36,99.00%,Maud Maron,(Conservative),10,AD 69,2025-11-06_10:53:47.028996
ED   36,99.00%,Alvin L. Bragg Jr.,(Working Families),78,AD 69,2025-11-06_10:53:47.028996
ED   36,99.00%,Diana J. Florence,(A Safer Manhattan),45,AD 69,2025-11-06_10:53:47.028996
ED   36,99.00%,WRITE-IN,&nbsp,0,AD 69,2025-11-06_10:53:47.028996
ED   37,99.00%,Alvin L. Bragg Jr.,(Democratic),464,AD 69,2025-11-06_10:53:47.028996
ED   37,99.00%,Maud Maron,(Republican),138,AD 69,2025-11-06_10:53:47.028996
ED   37,99.00%,Maud Maron,(Conservative),18,AD 69,2025-11-06_10:53:47.028996
ED   37,99.00%,Alvin L. Bragg Jr.,(Working Families),69,AD 69,2025-11-06_10:53:47.028996
ED   37,99.00%,Diana J. Florence,(A Safer Manhattan),49,AD 69,2025-11-06_10:53:47.028996
ED   37,99.00%,WRITE-IN,&nbsp,1,AD 69,2025-11-06_10:53:47.028996
ED   38,99.00%,Alvin L. Bragg Jr.,(Democratic),530,AD 69,2025-11-06_10:53:47.028996
ED   38,99.00%,Maud Maron,(Republican),106,AD 69,2025-11-06_10:53:47.028996
ED   38,99.00%,Maud Maron,(Conservative),8,AD 69,2025-11-06_10:53:47.028996
ED   38,99.00%,Alvin L. Bragg Jr.,(Working Families),76,AD 69,2025-11-06_10:53:47.028996
ED   38,99.00%,Diana J. Florence,(A Safer Manhattan),34,AD 69,2025-11-06_10:53:47.028996
ED   38,99.00%,WRITE-IN,&nbsp,2,AD 69,2025-11-06_10:53:47.028996
ED   39,99.00%,Alvin L. Bragg Jr.,(Democratic),589,AD 69,2025-11-06_10:53:47.028996
ED   39,99.00%,Maud Maron,(Republican),91,AD 69,2025-11-06_10:53:47.028996
ED   39,99.00%,Maud Maron,(Conservative),7,AD 69,2025-11-06_10:53:47.028996
ED   39,99.00%,Alvin L. Bragg Jr.,(Working Families),106,AD 69,2025-11-06_10:53:47.028996
ED   39,99.00%,Diana J. Florence,(A Safer Manhattan),55,AD 69,2025-11-06_10:53:47.028996
ED   39,99.00%,WRITE-IN,&nbsp,2,AD 69,2025-11-06_10:53:47.028996
ED   40,99.00%,Alvin L. Bragg Jr.,(Democratic),375,AD 69,2025-11-06_10:53:47.028996
ED   40,99.00%,Maud Maron,(Republican),53,AD 69,2025-11-06_10:53:47.028996
ED   40,99.00%,Maud Maron,(Conservative),4,AD 69,2025-11-06_10:53:47.028996
ED   40,99.00%,Alvin L. Bragg Jr.,(Working Families),72,AD 69,2025-11-06_10:53:47.028996
ED   40,99.00%,Diana J. Florence,(A Safer Manhattan),24,AD 69,2025-11-06_10:53:47.028996
ED   40,99.00%,WRITE-IN,&nbsp,1,AD 69,2025-11-06_10:53:47.028996
ED   41,99.00%,Alvin L. Bragg Jr.,(Democratic),629,AD 69,2025-11-06_10:53:47.028996
ED   41,99.00%,Maud Maron,(Republican),102,AD 69,2025-11-06_10:53:47.028996
ED   41,99.00%,Maud Maron,(Conservative),7,AD 69,2025-11-06_10:53:47.028996
ED   41,99.00%,Alvin L. Bragg Jr.,(Working Families),105,AD 69,2025-11-06_10:53:47.028996
ED   41,99.00%,Diana J. Florence,(A Safer Manhattan),51,AD 69,2025-11-06_10:53:47.028996
ED   41,99.00%,WRITE-IN,&nbsp,1,AD 69,2025-11-06_10:53:47.028996
ED   42,99.00%,Alvin L. Bragg Jr.,(Democratic),684,AD 69,2025-11-06_10:53:47.028996
ED   42,99.00%,Maud Maron,(Republican),78,AD 69,2025-11-06_10:53:47.028996
ED   42,99.00%,Maud Maron,(Conservative),9,AD 69,2025-11-06_10:53:47.028996
ED   42,99.00%,Alvin L. Bragg Jr.,(Working Families),127,AD 69,2025-11-06_10:53:47.028996
ED   42,99.00%,Diana J. Florence,(A Safer Manhattan),41,AD 69,2025-11-06_10:53:47.028996
ED   42,99.00%,WRITE-IN,&nbsp,2,AD 69,2025-11-06_10:53:47.028996
ED   43,99.00%,Alvin L. Bragg Jr.,(Democratic),637,AD 69,2025-11-06_10:53:47.028996
ED   43,99.00%,Maud Maron,(Republican),89,AD 69,2025-11-06_10:53:47.028996
ED   43,99.00%,Maud Maron,(Conservative),18,AD 69,2025-11-06_10:53:47.028996
ED   43,99.00%,Alvin L. Bragg Jr.,(Working Families),94,AD 69,2025-11-06_10:53:47.028996
ED   43,99.00%,Diana J. Florence,(A Safer Manhattan),48,AD 69,2025-11-06_10:53:47.028996
ED   43,99.00%,WRITE-IN,&nbsp,1,AD 69,2025-11-06_10:53:47.028996
ED   44,99.00%,Alvin L. Bragg Jr.,(Democratic),300,AD 69,2025-11-06_10:53:47.028996
ED   44,99.00%,Maud Maron,(Republican),69,AD 69,2025-11-06_10:53:47.028996
ED   44,99.00%,Maud Maron,(Conservative),5,AD 69,2025-11-06_10:53:47.028996
ED   44,99.00%,Alvin L. Bragg Jr.,(Working Families),75,AD 69,2025-11-06_10:53:47.028996
ED   44,99.00%,Diana J. Florence,(A Safer Manhattan),21,AD 69,2025-11-06_10:53:47.028996
ED   44,99.00%,WRITE-IN,&nbsp,1,AD 69,2025-11-06_10:53:47.028996
ED   45,99.00%,Alvin L. Bragg Jr.,(Democratic),705,AD 69,2025-11-06_10:53:47.028996
ED   45,99.00%,Maud Maron,(Republican),111,AD 69,2025-11-06_10:53:47.028996
ED   45,99.00%,Maud Maron,(Conservative),12,AD 69,2025-11-06_10:53:47.028996
ED   45,99.00%,Alvin L. Bragg Jr.,(Working Families),145,AD 69,2025-11-06_10:53:47.028996
ED   45,99.00%,Diana J. Florence,(A Safer Manhattan),63,AD 69,2025-11-06_10:53:47.028996
ED   45,99.00%,WRITE-IN,&nbsp,2,AD 69,2025-11-06_10:53:47.028996
ED   46,99.00%,Alvin L. Bragg Jr.,(Democratic),545,AD 69,2025-11-06_10:53:47.028996
ED   46,99.00%,Maud Maron,(Republican),96,AD 69,2025-11-06_10:53:47.028996
ED   46,99.00%,Maud Maron,(Conservative),13,AD 69,2025-11-06_10:53:47.028996
ED   46,99.00%,Alvin L. Bragg Jr.,(Working Families),94,AD 69,2025-11-06_10:53:47.028996
ED   46,99.00%,Diana J. Florence,(A Safer Manhattan),42,AD 69,2025-11-06_10:53:47.028996
ED   46,99.00%,WRITE-IN,&nbsp,1,AD 69,2025-11-06_10:53:47.028996
ED   47,99.00%,Alvin L. Bragg Jr.,(Democratic),429,AD 69,2025-11-06_10:53:47.028996
ED   47,99.00%,Maud Maron,(Republican),101,AD 69,2025-11-06_10:53:47.028996
ED   47,99.00%,Maud Maron,(Conservative),12,AD 69,2025-11-06_10:53:47.028996
ED   47,99.00%,Alvin L. Bragg Jr.,(Working Families),80,AD 69,2025-11-06_10:53:47.028996
ED   47,99.00%,Diana J. Florence,(A Safer Manhattan),50,AD 69,2025-11-06_10:53:47.028996
ED   47,99.00%,WRITE-IN,&nbsp,1,AD 69,2025-11-06_10:53:47.028996
ED   48,99.00%,Alvin L. Bragg Jr.,(Democratic),508,AD 69,2025-11-06_10:53:47.028996
ED   48,99.00%,Maud Maron,(Republican),191,AD 69,2025-11-06_10:53:47.028996
ED   48,99.00%,Maud Maron,(Conservative),16,AD 69,2025-11-06_10:53:47.028996
ED   48,99.00%,Alvin L. Bragg Jr.,(Working Families),95,AD 69,2025-11-06_10:53:47.028996
ED   48,99.00%,Diana J. Florence,(A Safer Manhattan),62,AD 69,2025-11-06_10:53:47.028996
ED   48,99.00%,WRITE-IN,&nbsp,0,AD 69,2025-11-06_10:53:47.028996
ED   49,92.31%,Alvin L. Bragg Jr.,(Democratic),363,AD 69,2025-11-06_10:53:47.028996
ED   49,92.31%,Maud Maron,(Republican),81,AD 69,2025-11-06_10:53:47.028996
ED   49,92.31%,Maud Maron,(Conservative),8,AD 69,2025-11-06_10:53:47.028996
ED   49,92.31%,Alvin L. Bragg Jr.,(Working Families),57,AD 69,2025-11-06_10:53:47.028996
ED   49,92.31%,Diana J. Florence,(A Safer Manhattan),29,AD 69,2025-11-06_10:53:47.028996
ED   49,92.31%,WRITE-IN,&nbsp,0,AD 69,2025-11-06_10:53:47.028996
ED   50,99.00%,Alvin L. Bragg Jr.,(Democratic),596,AD 69,2025-11-06_10:53:47.028996
ED   50,99.00%,Maud Maron,(Republican),124,AD 69,2025-11-06_10:53:47.028996
ED   50,99.00%,Maud Maron,(Conservative),21,AD 69,2025-11-06_10:53:47.028996
ED   50,99.00%,Alvin L. Bragg Jr.,(Working Families),101,AD 69,2025-11-06_10:53:47.028996
ED   50,99.00%,Diana J. Florence,(A Safer Manhattan),49,AD 69,2025-11-06_10:53:47.028996
ED   50,99.00%,WRITE-IN,&nbsp,1,AD 69,2025-11-06_10:53:47.028996
ED   51,99.00%,Alvin L. Bragg Jr.,(Democratic),457,AD 69,2025-11-06_10:53:47.028996
ED   51,99.00%,Maud Maron,(Republican),102,AD 69,2025-11-06_10:53:47.028996
ED   51,99.00%,Maud Maron,(Conservative),13,AD 69,2025-11-06_10:53:47.028996
ED   51,99.00%,Alvin L. Bragg Jr.,(Working Families),84,AD 69,2025-11-06_10:53:47.028996
ED   51,99.00%,Diana J. Florence,(A Safer Manhattan),36,AD 69,2025-11-06_10:53:47.028996
ED   51,99.00%,WRITE-IN,&nbsp,0,AD 69,2025-11-06_10:53:47.028996
ED   52,99.00%,Alvin L. Bragg Jr.,(Democratic),615,AD 69,2025-11-06_10:53:47.028996
ED   52,99.00%,Maud Maron,(Republican),120,AD 69,2025-11-06_10:53:47.028996
ED   52,99.00%,Maud Maron,(Conservative),13,AD 69,2025-11-06_10:53:47.028996
ED   52,99.00%,Alvin L. Bragg Jr.,(Working Families),90,AD 69,2025-11-06_10:53:47.028996
ED   52,99.00%,Diana J. Florence,(A Safer Manhattan),61,AD 69,2025-11-06_10:53:47.028996
ED   52,99.00%,WRITE-IN,&nbsp,0,AD 69,2025-11-06_10:53:47.028996
ED   53,99.00%,Alvin L. Bragg Jr.,(Democratic),405,AD 69,2025-11-06_10:53:47.028996
ED   53,99.00%,Maud Maron,(Republican),102,AD 69,2025-11-06_10:53:47.028996
ED   53,99.00%,Maud Maron,(Conservative),14,AD 69,2025-11-06_10:53:47.028996
ED   53,99.00%,Alvin L. Bragg Jr.,(Working Families),50,AD 69,2025-11-06_10:53:47.028996
ED   53,99.00%,Diana J. Florence,(A Safer Manhattan),37,AD 69,2025-11-06_10:53:47.028996
ED   53,99.00%,WRITE-IN,&nbsp,2,AD 69,2025-11-06_10:53:47.028996
ED   54,92.86%,Alvin L. Bragg Jr.,(Democratic),483,AD 69,2025-11-06_10:53:47.028996
ED   54,92.86%,Maud Maron,(Republican),121,AD 69,2025-11-06_10:53:47.028996
ED   54,92.86%,Maud Maron,(Conservative),12,AD 69,2025-11-06_10:53:47.028996
ED   54,92.86%,Alvin L. Bragg Jr.,(Working Families),52,AD 69,2025-11-06_10:53:47.028996
ED   54,92.86%,Diana J. Florence,(A Safer Manhattan),43,AD 69,2025-11-06_10:53:47.028996
ED   54,92.86%,WRITE-IN,&nbsp,1,AD 69,2025-11-06_10:53:47.028996
ED   55,92.86%,Alvin L. Bragg Jr.,(Democratic),251,AD 69,2025-11-06_10:53:47.028996
ED   55,92.86%,Maud Maron,(Republican),51,AD 69,2025-11-06_10:53:47.028996
ED   55,92.86%,Maud Maron,(Conservative),12,AD 69,2025-11-06_10:53:47.028996
ED   55,92.86%,Alvin L. Bragg Jr.,(Working Families),33,AD 69,2025-11-06_10:53:47.028996
ED   55,92.86%,Diana J. Florence,(A Safer Manhattan),20,AD 69,2025-11-06_10:53:47.028996
ED   55,92.86%,WRITE-IN,&nbsp,0,AD 69,2025-11-06_10:53:47.028996
ED   56,99.00%,Alvin L. Bragg Jr.,(Democratic),416,AD 69,2025-11-06_10:53:47.028996
ED   56,99.00%,Maud Maron,(Republican),94,AD 69,2025-11-06_10:53:47.028996
ED   56,99.00%,Maud Maron,(Conservative),15,AD 69,2025-11-06_10:53:47.028996
ED   56,99.00%,Alvin L. Bragg Jr.,(Working Families),67,AD 69,2025-11-06_10:53:47.028996
ED   56,99.00%,Diana J. Florence,(A Safer Manhattan),54,AD 69,2025-11-06_10:53:47.028996
ED   56,99.00%,WRITE-IN,&nbsp,2,AD 69,2025-11-06_10:53:47.028996
ED   57,92.31%,Alvin L. Bragg Jr.,(Democratic),299,AD 69,2025-11-06_10:53:47.028996
ED   57,92.31%,Maud Maron,(Republican),53,AD 69,2025-11-06_10:53:47.028996
ED   57,92.31%,Maud Maron,(Conservative),9,AD 69,2025-11-06_10:53:47.028996
ED   57,92.31%,Alvin L. Bragg Jr.,(Working Families),34,AD 69,2025-11-06_10:53:47.028996
ED   57,92.31%,Diana J. Florence,(A Safer Manhattan),19,AD 69,2025-11-06_10:53:47.028996
ED   57,92.31%,WRITE-IN,&nbsp,1,AD 69,2025-11-06_10:53:47.028996
ED   58,92.31%,Alvin L. Bragg Jr.,(Democratic),528,AD 69,2025-11-06_10:53:47.028996
ED   58,92.31%,Maud Maron,(Republican),117,AD 69,2025-11-06_10:53:47.028996
ED   58,92.31%,Maud Maron,(Conservative),12,AD 69,2025-11-06_10:53:47.028996
ED   58,92.31%,Alvin L. Bragg Jr.,(Working Families),108,AD 69,2025-11-06_10:53:47.028996
ED   58,92.31%,Diana J. Florence,(A Safer Manhattan),46,AD 69,2025-11-06_10:53:47.028996
ED   58,92.31%,WRITE-IN,&nbsp,3,AD 69,2025-11-06_10:53:47.028996
ED   59,92.31%,Alvin L. Bragg Jr.,(Democratic),444,AD 69,2025-11-06_10:53:47.028996
ED   59,92.31%,Maud Maron,(Republican),78,AD 69,2025-11-06_10:53:47.028996
ED   59,92.31%,Maud Maron,(Conservative),6,AD 69,2025-11-06_10:53:47.028996
ED   59,92.31%,Alvin L. Bragg Jr.,(Working Families),81,AD 69,2025-11-06_10:53:47.028996
ED   59,92.31%,Diana J. Florence,(A Safer Manhattan),48,AD 69,2025-11-06_10:53:47.028996
ED   59,92.31%,WRITE-IN,&nbsp,1,AD 69,2025-11-06_10:53:47.028996
ED   60,92.31%,Alvin L. Bragg Jr.,(Democratic),484,AD 69,2025-11-06_10:53:47.028996
ED   60,92.31%,Maud Maron,(Republican),96,AD 69,2025-11-06_10:53:47.028996
ED   60,92.31%,Maud Maron,(Conservative),11,AD 69,2025-11-06_10:53:47.028996
ED   60,92.31%,Alvin L. Bragg Jr.,(Working Families),75,AD 69,2025-11-06_10:53:47.028996
ED   60,92.31%,Diana J. Florence,(A Safer Manhattan),46,AD 69,2025-11-06_10:53:47.028996
ED   60,92.31%,WRITE-IN,&nbsp,2,AD 69,2025-11-06_10:53:47.028996
ED   61,92.31%,Alvin L. Bragg Jr.,(Democratic),306,AD 69,2025-11-06_10:53:47.028996
ED   61,92.31%,Maud Maron,(Republican),67,AD 69,2025-11-06_10:53:47.028996
ED   61,92.31%,Maud Maron,(Conservative),2,AD 69,2025-11-06_10:53:47.028996
ED   61,92.31%,Alvin L. Bragg Jr.,(Working Families),76,AD 69,2025-11-06_10:53:47.028996
ED   61,92.31%,Diana J. Florence,(A Safer Manhattan),33,AD 69,2025-11-06_10:53:47.028996
ED   61,92.31%,WRITE-IN,&nbsp,0,AD 69,2025-11-06_10:53:47.028996
ED   62,83.33%,Alvin L. Bragg Jr.,(Democratic),330,AD 69,2025-11-06_10:53:47.028996
ED   62,83.33%,Maud Maron,(Republican),65,AD 69,2025-11-06_10:53:47.028996
ED   62,83.33%,Maud Maron,(Conservative),4,AD 69,2025-11-06_10:53:47.028996
ED   62,83.33%,Alvin L. Bragg Jr.,(Working Families),38,AD 69,2025-11-06_10:53:47.028996
ED   62,83.33%,Diana J. Florence,(A Safer Manhattan),26,AD 69,2025-11-06_10:53:47.028996
ED   62,83.33%,WRITE-IN,&nbsp,0,AD 69,2025-11-06_10:53:47.028996
ED   63,92.31%,Alvin L. Bragg Jr.,(Democratic),264,AD 69,2025-11-06_10:53:47.028996
ED   63,92.31%,Maud Maron,(Republican),57,AD 69,2025-11-06_10:53:47.028996
ED   63,92.31%,Maud Maron,(Conservative),10,AD 69,2025-11-06_10:53:47.028996
ED   63,92.31%,Alvin L. Bragg Jr.,(Working Families),41,AD 69,2025-11-06_10:53:47.028996
ED   63,92.31%,Diana J. Florence,(A Safer Manhattan),29,AD 69,2025-11-06_10:53:47.028996
ED   63,92.31%,WRITE-IN,&nbsp,1,AD 69,2025-11-06_10:53:47.028996
ED   64,92.31%,Alvin L. Bragg Jr.,(Democratic),208,AD 69,2025-11-06_10:53:47.028996
ED   64,92.31%,Maud Maron,(Republican),24,AD 69,2025-11-06_10:53:47.028996
ED   64,92.31%,Maud Maron,(Conservative),6,AD 69,2025-11-06_10:53:47.028996
ED   64,92.31%,Alvin L. Bragg Jr.,(Working Families),24,AD 69,2025-11-06_10:53:47.028996
ED   64,92.31%,Diana J. Florence,(A Safer Manhattan),25,AD 69,2025-11-06_10:53:47.028996
ED   64,92.31%,WRITE-IN,&nbsp,2,AD 69,2025-11-06_10:53:47.028996
ED   65,90.91%,Alvin L. Bragg Jr.,(Democratic),340,AD 69,2025-11-06_10:53:47.028996
ED   65,90.91%,Maud Maron,(Republican),82,AD 69,2025-11-06_10:53:47.028996
ED   65,90.91%,Maud Maron,(Conservative),6,AD 69,2025-11-06_10:53:47.028996
ED   65,90.91%,Alvin L. Bragg Jr.,(Working Families),47,AD 69,2025-11-06_10:53:47.028996
ED   65,90.91%,Diana J. Florence,(A Safer Manhattan),40,AD 69,2025-11-06_10:53:47.028996
ED   65,90.91%,WRITE-IN,&nbsp,0,AD 69,2025-11-06_10:53:47.028996
ED   66,90.91%,Alvin L. Bragg Jr.,(Democratic),505,AD 69,2025-11-06_10:53:47.028996
ED   66,90.91%,Maud Maron,(Republican),143,AD 69,2025-11-06_10:53:47.028996
ED   66,90.91%,Maud Maron,(Conservative),15,AD 69,2025-11-06_10:53:47.028996
ED   66,90.91%,Alvin L. Bragg Jr.,(Working Families),85,AD 69,2025-11-06_10:53:47.028996
ED   66,90.91%,Diana J. Florence,(A Safer Manhattan),48,AD 69,2025-11-06_10:53:47.028996
ED   66,90.91%,WRITE-IN,&nbsp,1,AD 69,2025-11-06_10:53:47.028996
ED   67,90.91%,Alvin L. Bragg Jr.,(Democratic),298,AD 69,2025-11-06_10:53:47.028996
ED   67,90.91%,Maud Maron,(Republican),91,AD 69,2025-11-06_10:53:47.028996
ED   67,90.91%,Maud Maron,(Conservative),15,AD 69,2025-11-06_10:53:47.028996
ED   67,90.91%,Alvin L. Bragg Jr.,(Working Families),42,AD 69,2025-11-06_10:53:47.028996
ED   67,90.91%,Diana J. Florence,(A Safer Manhattan),28,AD 69,2025-11-06_10:53:47.028996
ED   67,90.91%,WRITE-IN,&nbsp,2,AD 69,2025-11-06_10:53:47.028996
ED   68,92.86%,Alvin L. Bragg Jr.,(Democratic),401,AD 69,2025-11-06_10:53:47.028996
ED   68,92.86%,Maud Maron,(Republican),117,AD 69,2025-11-06_10:53:47.028996
ED   68,92.86%,Maud Maron,(Conservative),14,AD 69,2025-11-06_10:53:47.028996
ED   68,92.86%,Alvin L. Bragg Jr.,(Working Families),41,AD 69,2025-11-06_10:53:47.028996
ED   68,92.86%,Diana J. Florence,(A Safer Manhattan),31,AD 69,2025-11-06_10:53:47.028996
ED   68,92.86%,WRITE-IN,&nbsp,0,AD 69,2025-11-06_10:53:47.028996
ED   69,92.86%,Alvin L. Bragg Jr.,(Democratic),388,AD 69,2025-11-06_10:53:47.028996
ED   69,92.86%,Maud Maron,(Republican),95,AD 69,2025-11-06_10:53:47.028996
ED   69,92.86%,Maud Maron,(Conservative),12,AD 69,2025-11-06_10:53:47.028996
ED   69,92.86%,Alvin L. Bragg Jr.,(Working Families),38,AD 69,2025-11-06_10:53:47.028996
ED   69,92.86%,Diana J. Florence,(A Safer Manhattan),24,AD 69,2025-11-06_10:53:47.028996
ED   69,92.86%,WRITE-IN,&nbsp,1,AD 69,2025-11-06_10:53:47.028996
ED   70,92.86%,Alvin L. Bragg Jr.,(Democratic),322,AD 69,2025-11-06_10:53:47.028996
ED   70,92.86%,Maud Maron,(Republican),102,AD 69,2025-11-06_10:53:47.028996
ED   70,92.86%,Maud Maron,(Conservative),10,AD 69,2025-11-06_10:53:47.028996
ED   70,92.86%,Alvin L. Bragg Jr.,(Working Families),45,AD 69,2025-11-06_10:53:47.028996
ED   70,92.86%,Diana J. Florence,(A Safer Manhattan),33,AD 69,2025-11-06_10:53:47.028996
ED   70,92.86%,WRITE-IN,&nbsp,4,AD 69,2025-11-06_10:53:47.028996
ED   71,92.86%,Alvin L. Bragg Jr.,(Democratic),481,AD 69,2025-11-06_10:53:47.028996
ED   71,92.86%,Maud Maron,(Republican),143,AD 69,2025-11-06_10:53:47.028996
ED   71,92.86%,Maud Maron,(Conservative),11,AD 69,2025-11-06_10:53:47.028996
ED   71,92.86%,Alvin L. Bragg Jr.,(Working Families),66,AD 69,2025-11-06_10:53:47.028996
ED   71,92.86%,Diana J. Florence,(A Safer Manhattan),35,AD 69,2025-11-06_10:53:47.028996
ED   71,92.86%,WRITE-IN,&nbsp,3,AD 69,2025-11-06_10:53:47.028996
ED   72,92.86%,Alvin L. Bragg Jr.,(Democratic),345,AD 69,2025-11-06_10:53:47.028996
ED   72,92.86%,Maud Maron,(Republican),111,AD 69,2025-11-06_10:53:47.028996
ED   72,92.86%,Maud Maron,(Conservative),6,AD 69,2025-11-06_10:53:47.028996
ED   72,92.86%,Alvin L. Bragg Jr.,(Working Families),38,AD 69,2025-11-06_10:53:47.028996
ED   72,92.86%,Diana J. Florence,(A Safer Manhattan),20,AD 69,2025-11-06_10:53:47.028996
ED   72,92.86%,WRITE-IN,&nbsp,1,AD 69,2025-11-06_10:53:47.028996
ED   73,92.86%,Alvin L. Bragg Jr.,(Democratic),555,AD 69,2025-11-06_10:53:47.028996
ED   73,92.86%,Maud Maron,(Republican),122,AD 69,2025-11-06_10:53:47.028996
ED   73,92.86%,Maud Maron,(Conservative),19,AD 69,2025-11-06_10:53:47.028996
ED   73,92.86%,Alvin L. Bragg Jr.,(Working Families),72,AD 69,2025-11-06_10:53:47.028996
ED   73,92.86%,Diana J. Florence,(A Safer Manhattan),60,AD 69,2025-11-06_10:53:47.028996
ED   73,92.86%,WRITE-IN,&nbsp,0,AD 69,2025-11-06_10:53:47.028996
ED   74,92.86%,Alvin L. Bragg Jr.,(Democratic),321,AD 69,2025-11-06_10:53:47.028996
ED   74,92.86%,Maud Maron,(Republican),80,AD 69,2025-11-06_10:53:47.028996
ED   74,92.86%,Maud Maron,(Conservative),7,AD 69,2025-11-06_10:53:47.028996
ED   74,92.86%,Alvin L. Bragg Jr.,(Working Families),52,AD 69,2025-11-06_10:53:47.028996
ED   74,92.86%,Diana J. Florence,(A Safer Manhattan),35,AD 69,2025-11-06_10:53:47.028996
ED   74,92.86%,WRITE-IN,&nbsp,0,AD 69,2025-11-06_10:53:47.028996
ED   75,92.86%,Alvin L. Bragg Jr.,(Democratic),361,AD 69,2025-11-06_10:53:47.028996
ED   75,92.86%,Maud Maron,(Republican),112,AD 69,2025-11-06_10:53:47.028996
ED   75,92.86%,Maud Maron,(Conservative),10,AD 69,2025-11-06_10:53:47.028996
ED   75,92.86%,Alvin L. Bragg Jr.,(Working Families),23,AD 69,2025-11-06_10:53:47.028996
ED   75,92.86%,Diana J. Florence,(A Safer Manhattan),33,AD 69,2025-11-06_10:53:47.028996
ED   75,92.86%,WRITE-IN,&nbsp,0,AD 69,2025-11-06_10:53:47.028996
ED   76,92.86%,Alvin L. Bragg Jr.,(Democratic),320,AD 69,2025-11-06_10:53:47.028996
ED   76,92.86%,Maud Maron,(Republican),65,AD 69,2025-11-06_10:53:47.028996
ED   76,92.86%,Maud Maron,(Conservative),8,AD 69,2025-11-06_10:53:47.028996
ED   76,92.86%,Alvin L. Bragg Jr.,(Working Families),52,AD 69,2025-11-06_10:53:47.028996
ED   76,92.86%,Diana J. Florence,(A Safer Manhattan),25,AD 69,2025-11-06_10:53:47.028996
ED   76,92.86%,WRITE-IN,&nbsp,0,AD 69,2025-11-06_10:53:47.028996
ED   77,99.00%,Alvin L. Bragg Jr.,(Democratic),0,AD 69,2025-11-06_10:53:47.028996
ED   77,99.00%,Maud Maron,(Republican),0,AD 69,2025-11-06_10:53:47.028996
ED   77,99.00%,Maud Maron,(Conservative),0,AD 69,2025-11-06_10:53:47.028996
ED   77,99.00%,Alvin L. Bragg Jr.,(Working Families),0,AD 69,2025-11-06_10:53:47.028996
ED   77,99.00%,Diana J. Florence,(A Safer Manhattan),0,AD 69,2025-11-06_10:53:47.028996
ED   77,99.00%,WRITE-IN,&nbsp,0,AD 69,2025-11-06_10:53:47.028996
ED   78,99.00%,Alvin L. Bragg Jr.,(Democratic),0,AD 69,2025-11-06_10:53:47.028996
ED   78,99.00%,Maud Maron,(Republican),0,AD 69,2025-11-06_10:53:47.028996
ED   78,99.00%,Maud Maron,(Conservative),0,AD 69,2025-11-06_10:53:47.028996
ED   78,99.00%,Alvin L. Bragg Jr.,(Working Families),0,AD 69,2025-11-06_10:53:47.028996
ED   78,99.00%,Diana J. Florence,(A Safer Manhattan),0,AD 69,2025-11-06_10:53:47.028996
ED   78,99.00%,WRITE-IN,&nbsp,0,AD 69,2025-11-06_10:53:47.028996
ED   79,92.86%,Alvin L. Bragg Jr.,(Democratic),0,AD 69,2025-11-06_10:53:47.028996
ED   79,92.86%,Maud Maron,(Republican),0,AD 69,2025-11-06_10:53:47.028996
ED   79,92.86%,Maud Maron,(Conservative),0,AD 69,2025-11-06_10:53:47.028996
ED   79,92.86%,Alvin L. Bragg Jr.,(Working Families),0,AD 69,2025-11-06_10:53:47.028996
ED   79,92.86%,Diana J. Florence,(A Safer Manhattan),0,AD 69,2025-11-06_10:53:47.028996
ED   79,92.86%,WRITE-IN,&nbsp,0,AD 69,2025-11-06_10:53:47.028996
ED   80,99.00%,Alvin L. Bragg Jr.,(Democratic),0,AD 69,2025-11-06_10:53:47.028996
ED   80,99.00%,Maud Maron,(Republican),0,AD 69,2025-11-06_10:53:47.028996
ED   80,99.00%,Maud Maron,(Conservative),0,AD 69,2025-11-06_10:53:47.028996
ED   80,99.00%,Alvin L. Bragg Jr.,(Working Families),0,AD 69,2025-11-06_10:53:47.028996
ED   80,99.00%,Diana J. Florence,(A Safer Manhattan),0,AD 69,2025-11-06_10:53:47.028996
ED   80,99.00%,WRITE-IN,&nbsp,0,AD 69,2025-11-06_10:53:47.028996
ED   81,99.00%,Alvin L. Bragg Jr.,(Democratic),0,AD 69,2025-11-06_10:53:47.028996
ED   81,99.00%,Maud Maron,(Republican),0,AD 69,2025-11-06_10:53:47.028996
ED   81,99.00%,Maud Maron,(Conservative),0,AD 69,2025-11-06_10:53:47.028996
ED   81,99.00%,Alvin L. Bragg Jr.,(Working Families),0,AD 69,2025-11-06_10:53:47.028996
ED   81,99.00%,Diana J. Florence,(A Safer Manhattan),0,AD 69,2025-11-06_10:53:47.028996
ED   81,99.00%,WRITE-IN,&nbsp,0,AD 69,2025-11-06_10:53:47.028996
ED   82,99.00%,Alvin L. Bragg Jr.,(Democratic),0,AD 69,2025-11-06_10:53:47.028996
ED   82,99.00%,Maud Maron,(Republican),0,AD 69,2025-11-06_10:53:47.028996
ED   82,99.00%,Maud Maron,(Conservative),0,AD 69,2025-11-06_10:53:47.028996
ED   82,99.00%,Alvin L. Bragg Jr.,(Working Families),0,AD 69,2025-11-06_10:53:47.028996
ED   82,99.00%,Diana J. Florence,(A Safer Manhattan),0,AD 69,2025-11-06_10:53:47.028996
ED   82,99.00%,WRITE-IN,&nbsp,0,AD 69,2025-11-06_10:53:47.028996
ED   83,99.00%,Alvin L. Bragg Jr.,(Democratic),0,AD 69,2025-11-06_10:53:47.028996
ED   83,99.00%,Maud Maron,(Republican),0,AD 69,2025-11-06_10:53:47.028996
ED   83,99.00%,Maud Maron,(Conservative),0,AD 69,2025-11-06_10:53:47.028996
ED   83,99.00%,Alvin L. Bragg Jr.,(Working Families),0,AD 69,2025-11-06_10:53:47.028996
ED   83,99.00%,Diana J. Florence,(A Safer Manhattan),0,AD 69,2025-11-06_10:53:47.028996
ED   83,99.00%,WRITE-IN,&nbsp,0,AD 69,2025-11-06_10:53:47.028996
ED   84,99.00%,Alvin L. Bragg Jr.,(Democratic),0,AD 69,2025-11-06_10:53:47.028996
ED   84,99.00%,Maud Maron,(Republican),0,AD 69,2025-11-06_10:53:47.028996
ED   84,99.00%,Maud Maron,(Conservative),0,AD 69,2025-11-06_10:53:47.028996
ED   84,99.00%,Alvin L. Bragg Jr.,(Working Families),0,AD 69,2025-11-06_10:53:47.028996
ED   84,99.00%,Diana J. Florence,(A Safer Manhattan),0,AD 69,2025-11-06_10:53:47.028996
ED   84,99.00%,WRITE-IN,&nbsp,0,AD 69,2025-11-06_10:53:47.028996
Total,,Alvin L. Bragg Jr.,(Democratic),31676,AD 69,2025-11-06_10:53:47.028996
Total,,Maud Maron,(Republican),5665,AD 69,2025-11-06_10:53:47.028996
Total,,Maud Maron,(Conservative),651,AD 69,2025-11-06_10:53:47.028996
Total,,Alvin L. Bragg Jr.,(Working Families),5631,AD 69,2025-11-06_10:53:47.028996
Total,,Diana J. Florence,(A Safer Manhattan),2612,AD 69,2025-11-06_10:53:47.028996
Total,,WRITE-IN,&nbsp,68,AD 69,2025-11-06_10:53:47.028996
ED    1,99.00%,Alvin L. Bragg Jr.,(Democratic),367,AD 70,2025-11-06_10:53:47.028996
ED    1,99.00%,Maud Maron,(Republican),33,AD 70,2025-11-06_10:53:47.028996
ED    1,99.00%,Maud Maron,(Conservative),10,AD 70,2025-11-06_10:53:47.028996
ED    1,99.00%,Alvin L. Bragg Jr.,(Working Families),77,AD 70,2025-11-06_10:53:47.028996
ED    1,99.00%,Diana J. Florence,(A Safer Manhattan),20,AD 70,2025-11-06_10:53:47.028996
ED    1,99.00%,WRITE-IN,&nbsp,1,AD 70,2025-11-06_10:53:47.028996
ED    2,99.00%,Alvin L. Bragg Jr.,(Democratic),216,AD 70,2025-11-06_10:53:47.028996
ED    2,99.00%,Maud Maron,(Republican),25,AD 70,2025-11-06_10:53:47.028996
ED    2,99.00%,Maud Maron,(Conservative),2,AD 70,2025-11-06_10:53:47.028996
ED    2,99.00%,Alvin L. Bragg Jr.,(Working Families),51,AD 70,2025-11-06_10:53:47.028996
ED    2,99.00%,Diana J. Florence,(A Safer Manhattan),12,AD 70,2025-11-06_10:53:47.028996
ED    2,99.00%,WRITE-IN,&nbsp,0,AD 70,2025-11-06_10:53:47.028996
ED    3,99.00%,Alvin L. Bragg Jr.,(Democratic),331,AD 70,2025-11-06_10:53:47.028996
ED    3,99.00%,Maud Maron,(Republican),39,AD 70,2025-11-06_10:53:47.028996
ED    3,99.00%,Maud Maron,(Conservative),3,AD 70,2025-11-06_10:53:47.028996
ED    3,99.00%,Alvin L. Bragg Jr.,(Working Families),46,AD 70,2025-11-06_10:53:47.028996
ED    3,99.00%,Diana J. Florence,(A Safer Manhattan),42,AD 70,2025-11-06_10:53:47.028996
ED    3,99.00%,WRITE-IN,&nbsp,0,AD 70,2025-11-06_10:53:47.028996
ED    4,99.00%,Alvin L. Bragg Jr.,(Democratic),377,AD 70,2025-11-06_10:53:47.028996
ED    4,99.00%,Maud Maron,(Republican),42,AD 70,2025-11-06_10:53:47.028996
ED    4,99.00%,Maud Maron,(Conservative),6,AD 70,2025-11-06_10:53:47.028996
ED    4,99.00%,Alvin L. Bragg Jr.,(Working Families),85,AD 70,2025-11-06_10:53:47.028996
ED    4,99.00%,Diana J. Florence,(A Safer Manhattan),20,AD 70,2025-11-06_10:53:47.028996
ED    4,99.00%,WRITE-IN,&nbsp,1,AD 70,2025-11-06_10:53:47.028996
ED    5,99.00%,Alvin L. Bragg Jr.,(Democratic),240,AD 70,2025-11-06_10:53:47.028996
ED    5,99.00%,Maud Maron,(Republican),33,AD 70,2025-11-06_10:53:47.028996
ED    5,99.00%,Maud Maron,(Conservative),8,AD 70,2025-11-06_10:53:47.028996
ED    5,99.00%,Alvin L. Bragg Jr.,(Working Families),59,AD 70,2025-11-06_10:53:47.028996
ED    5,99.00%,Diana J. Florence,(A Safer Manhattan),22,AD 70,2025-11-06_10:53:47.028996
ED    5,99.00%,WRITE-IN,&nbsp,0,AD 70,2025-11-06_10:53:47.028996
ED    6,99.00%,Alvin L. Bragg Jr.,(Democratic),226,AD 70,2025-11-06_10:53:47.028996
ED    6,99.00%,Maud Maron,(Republican),32,AD 70,2025-11-06_10:53:47.028996
ED    6,99.00%,Maud Maron,(Conservative),2,AD 70,2025-11-06_10:53:47.028996
ED    6,99.00%,Alvin L. Bragg Jr.,(Working Families),63,AD 70,2025-11-06_10:53:47.028996
ED    6,99.00%,Diana J. Florence,(A Safer Manhattan),25,AD 70,2025-11-06_10:53:47.028996
ED    6,99.00%,WRITE-IN,&nbsp,0,AD 70,2025-11-06_10:53:47.028996
ED    7,99.00%,Alvin L. Bragg Jr.,(Democratic),204,AD 70,2025-11-06_10:53:47.028996
ED    7,99.00%,Maud Maron,(Republican),16,AD 70,2025-11-06_10:53:47.028996
ED    7,99.00%,Maud Maron,(Conservative),0,AD 70,2025-11-06_10:53:47.028996
ED    7,99.00%,Alvin L. Bragg Jr.,(Working Families),37,AD 70,2025-11-06_10:53:47.028996
ED    7,99.00%,Diana J. Florence,(A Safer Manhattan),14,AD 70,2025-11-06_10:53:47.028996
ED    7,99.00%,WRITE-IN,&nbsp,1,AD 70,2025-11-06_10:53:47.028996
ED    8,99.00%,Alvin L. Bragg Jr.,(Democratic),223,AD 70,2025-11-06_10:53:47.028996
ED    8,99.00%,Maud Maron,(Republican),23,AD 70,2025-11-06_10:53:47.028996
ED    8,99.00%,Maud Maron,(Conservative),2,AD 70,2025-11-06_10:53:47.028996
ED    8,99.00%,Alvin L. Bragg Jr.,(Working Families),40,AD 70,2025-11-06_10:53:47.028996
ED    8,99.00%,Diana J. Florence,(A Safer Manhattan),16,AD 70,2025-11-06_10:53:47.028996
ED    8,99.00%,WRITE-IN,&nbsp,0,AD 70,2025-11-06_10:53:47.028996
ED    9,99.00%,Alvin L. Bragg Jr.,(Democratic),233,AD 70,2025-11-06_10:53:47.028996
ED    9,99.00%,Maud Maron,(Republican),21,AD 70,2025-11-06_10:53:47.028996
ED    9,99.00%,Maud Maron,(Conservative),5,AD 70,2025-11-06_10:53:47.028996
ED    9,99.00%,Alvin L. Bragg Jr.,(Working Families),33,AD 70,2025-11-06_10:53:47.028996
ED    9,99.00%,Diana J. Florence,(A Safer Manhattan),15,AD 70,2025-11-06_10:53:47.028996
ED    9,99.00%,WRITE-IN,&nbsp,1,AD 70,2025-11-06_10:53:47.028996
ED   10,99.00%,Alvin L. Bragg Jr.,(Democratic),238,AD 70,2025-11-06_10:53:47.028996
ED   10,99.00%,Maud Maron,(Republican),23,AD 70,2025-11-06_10:53:47.028996
ED   10,99.00%,Maud Maron,(Conservative),5,AD 70,2025-11-06_10:53:47.028996
ED   10,99.00%,Alvin L. Bragg Jr.,(Working Families),48,AD 70,2025-11-06_10:53:47.028996
ED   10,99.00%,Diana J. Florence,(A Safer Manhattan),14,AD 70,2025-11-06_10:53:47.028996
ED   10,99.00%,WRITE-IN,&nbsp,0,AD 70,2025-11-06_10:53:47.028996
ED   11,99.00%,Alvin L. Bragg Jr.,(Democratic),226,AD 70,2025-11-06_10:53:47.028996
ED   11,99.00%,Maud Maron,(Republican),25,AD 70,2025-11-06_10:53:47.028996
ED   11,99.00%,Maud Maron,(Conservative),5,AD 70,2025-11-06_10:53:47.028996
ED   11,99.00%,Alvin L. Bragg Jr.,(Working Families),34,AD 70,2025-11-06_10:53:47.028996
ED   11,99.00%,Diana J. Florence,(A Safer Manhattan),21,AD 70,2025-11-06_10:53:47.028996
ED   11,99.00%,WRITE-IN,&nbsp,0,AD 70,2025-11-06_10:53:47.028996
ED   12,99.00%,Alvin L. Bragg Jr.,(Democratic),194,AD 70,2025-11-06_10:53:47.028996
ED   12,99.00%,Maud Maron,(Republican),20,AD 70,2025-11-06_10:53:47.028996
ED   12,99.00%,Maud Maron,(Conservative),2,AD 70,2025-11-06_10:53:47.028996
ED   12,99.00%,Alvin L. Bragg Jr.,(Working Families),39,AD 70,2025-11-06_10:53:47.028996
ED   12,99.00%,Diana J. Florence,(A Safer Manhattan),17,AD 70,2025-11-06_10:53:47.028996
ED   12,99.00%,WRITE-IN,&nbsp,0,AD 70,2025-11-06_10:53:47.028996
ED   13,99.00%,Alvin L. Bragg Jr.,(Democratic),569,AD 70,2025-11-06_10:53:47.028996
ED   13,99.00%,Maud Maron,(Republican),60,AD 70,2025-11-06_10:53:47.028996
ED   13,99.00%,Maud Maron,(Conservative),4,AD 70,2025-11-06_10:53:47.028996
ED   13,99.00%,Alvin L. Bragg Jr.,(Working Families),128,AD 70,2025-11-06_10:53:47.028996
ED   13,99.00%,Diana J. Florence,(A Safer Manhattan),25,AD 70,2025-11-06_10:53:47.028996
ED   13,99.00%,WRITE-IN,&nbsp,0,AD 70,2025-11-06_10:53:47.028996
ED   14,99.00%,Alvin L. Bragg Jr.,(Democratic),366,AD 70,2025-11-06_10:53:47.028996
ED   14,99.00%,Maud Maron,(Republican),13,AD 70,2025-11-06_10:53:47.028996
ED   14,99.00%,Maud Maron,(Conservative),2,AD 70,2025-11-06_10:53:47.028996
ED   14,99.00%,Alvin L. Bragg Jr.,(Working Families),65,AD 70,2025-11-06_10:53:47.028996
ED   14,99.00%,Diana J. Florence,(A Safer Manhattan),17,AD 70,2025-11-06_10:53:47.028996
ED   14,99.00%,WRITE-IN,&nbsp,0,AD 70,2025-11-06_10:53:47.028996
ED   15,99.00%,Alvin L. Bragg Jr.,(Democratic),288,AD 70,2025-11-06_10:53:47.028996
ED   15,99.00%,Maud Maron,(Republican),19,AD 70,2025-11-06_10:53:47.028996
ED   15,99.00%,Maud Maron,(Conservative),6,AD 70,2025-11-06_10:53:47.028996
ED   15,99.00%,Alvin L. Bragg Jr.,(Working Families),38,AD 70,2025-11-06_10:53:47.028996
ED   15,99.00%,Diana J. Florence,(A Safer Manhattan),21,AD 70,2025-11-06_10:53:47.028996
ED   15,99.00%,WRITE-IN,&nbsp,0,AD 70,2025-11-06_10:53:47.028996
ED   16,99.00%,Alvin L. Bragg Jr.,(Democratic),589,AD 70,2025-11-06_10:53:47.028996
ED   16,99.00%,Maud Maron,(Republican),25,AD 70,2025-11-06_10:53:47.028996
ED   16,99.00%,Maud Maron,(Conservative),6,AD 70,2025-11-06_10:53:47.028996
ED   16,99.00%,Alvin L. Bragg Jr.,(Working Families),178,AD 70,2025-11-06_10:53:47.028996
ED   16,99.00%,Diana J. Florence,(A Safer Manhattan),28,AD 70,2025-11-06_10:53:47.028996
ED   16,99.00%,WRITE-IN,&nbsp,0,AD 70,2025-11-06_10:53:47.028996
ED   17,99.00%,Alvin L. Bragg Jr.,(Democratic),182,AD 70,2025-11-06_10:53:47.028996
ED   17,99.00%,Maud Maron,(Republican),9,AD 70,2025-11-06_10:53:47.028996
ED   17,99.00%,Maud Maron,(Conservative),2,AD 70,2025-11-06_10:53:47.028996
ED   17,99.00%,Alvin L. Bragg Jr.,(Working Families),33,AD 70,2025-11-06_10:53:47.028996
ED   17,99.00%,Diana J. Florence,(A Safer Manhattan),17,AD 70,2025-11-06_10:53:47.028996
ED   17,99.00%,WRITE-IN,&nbsp,1,AD 70,2025-11-06_10:53:47.028996
ED   18,99.00%,Alvin L. Bragg Jr.,(Democratic),425,AD 70,2025-11-06_10:53:47.028996
ED   18,99.00%,Maud Maron,(Republican),24,AD 70,2025-11-06_10:53:47.028996
ED   18,99.00%,Maud Maron,(Conservative),1,AD 70,2025-11-06_10:53:47.028996
ED   18,99.00%,Alvin L. Bragg Jr.,(Working Families),112,AD 70,2025-11-06_10:53:47.028996
ED   18,99.00%,Diana J. Florence,(A Safer Manhattan),20,AD 70,2025-11-06_10:53:47.028996
ED   18,99.00%,WRITE-IN,&nbsp,0,AD 70,2025-11-06_10:53:47.028996
ED   19,99.00%,Alvin L. Bragg Jr.,(Democratic),344,AD 70,2025-11-06_10:53:47.028996
ED   19,99.00%,Maud Maron,(Republican),28,AD 70,2025-11-06_10:53:47.028996
ED   19,99.00%,Maud Maron,(Conservative),3,AD 70,2025-11-06_10:53:47.028996
ED   19,99.00%,Alvin L. Bragg Jr.,(Working Families),65,AD 70,2025-11-06_10:53:47.028996
ED   19,99.00%,Diana J. Florence,(A Safer Manhattan),17,AD 70,2025-11-06_10:53:47.028996
ED   19,99.00%,WRITE-IN,&nbsp,1,AD 70,2025-11-06_10:53:47.028996
ED   20,99.00%,Alvin L. Bragg Jr.,(Democratic),541,AD 70,2025-11-06_10:53:47.028996
ED   20,99.00%,Maud Maron,(Republican),39,AD 70,2025-11-06_10:53:47.028996
ED   20,99.00%,Maud Maron,(Conservative),5,AD 70,2025-11-06_10:53:47.028996
ED   20,99.00%,Alvin L. Bragg Jr.,(Working Families),147,AD 70,2025-11-06_10:53:47.028996
ED   20,99.00%,Diana J. Florence,(A Safer Manhattan),25,AD 70,2025-11-06_10:53:47.028996
ED   20,99.00%,WRITE-IN,&nbsp,1,AD 70,2025-11-06_10:53:47.028996
ED   21,90.00%,Alvin L. Bragg Jr.,(Democratic),405,AD 70,2025-11-06_10:53:47.028996
ED   21,90.00%,Maud Maron,(Republican),26,AD 70,2025-11-06_10:53:47.028996
ED   21,90.00%,Maud Maron,(Conservative),7,AD 70,2025-11-06_10:53:47.028996
ED   21,90.00%,Alvin L. Bragg Jr.,(Working Families),118,AD 70,2025-11-06_10:53:47.028996
ED   21,90.00%,Diana J. Florence,(A Safer Manhattan),25,AD 70,2025-11-06_10:53:47.028996
ED   21,90.00%,WRITE-IN,&nbsp,0,AD 70,2025-11-06_10:53:47.028996
ED   22,99.00%,Alvin L. Bragg Jr.,(Democratic),484,AD 70,2025-11-06_10:53:47.028996
ED   22,99.00%,Maud Maron,(Republican),35,AD 70,2025-11-06_10:53:47.028996
ED   22,99.00%,Maud Maron,(Conservative),5,AD 70,2025-11-06_10:53:47.028996
ED   22,99.00%,Alvin L. Bragg Jr.,(Working Families),100,AD 70,2025-11-06_10:53:47.028996
ED   22,99.00%,Diana J. Florence,(A Safer Manhattan),24,AD 70,2025-11-06_10:53:47.028996
ED   22,99.00%,WRITE-IN,&nbsp,3,AD 70,2025-11-06_10:53:47.028996
ED   23,90.00%,Alvin L. Bragg Jr.,(Democratic),282,AD 70,2025-11-06_10:53:47.028996
ED   23,90.00%,Maud Maron,(Republican),14,AD 70,2025-11-06_10:53:47.028996
ED   23,90.00%,Maud Maron,(Conservative),3,AD 70,2025-11-06_10:53:47.028996
ED   23,90.00%,Alvin L. Bragg Jr.,(Working Families),46,AD 70,2025-11-06_10:53:47.028996
ED   23,90.00%,Diana J. Florence,(A Safer Manhattan),23,AD 70,2025-11-06_10:53:47.028996
ED   23,90.00%,WRITE-IN,&nbsp,1,AD 70,2025-11-06_10:53:47.028996
ED   24,90.00%,Alvin L. Bragg Jr.,(Democratic),270,AD 70,2025-11-06_10:53:47.028996
ED   24,90.00%,Maud Maron,(Republican),14,AD 70,2025-11-06_10:53:47.028996
ED   24,90.00%,Maud Maron,(Conservative),3,AD 70,2025-11-06_10:53:47.028996
ED   24,90.00%,Alvin L. Bragg Jr.,(Working Families),50,AD 70,2025-11-06_10:53:47.028996
ED   24,90.00%,Diana J. Florence,(A Safer Manhattan),16,AD 70,2025-11-06_10:53:47.028996
ED   24,90.00%,WRITE-IN,&nbsp,0,AD 70,2025-11-06_10:53:47.028996
ED   25,85.71%,Alvin L. Bragg Jr.,(Democratic),174,AD 70,2025-11-06_10:53:47.028996
ED   25,85.71%,Maud Maron,(Republican),8,AD 70,2025-11-06_10:53:47.028996
ED   25,85.71%,Maud Maron,(Conservative),1,AD 70,2025-11-06_10:53:47.028996
ED   25,85.71%,Alvin L. Bragg Jr.,(Working Families),31,AD 70,2025-11-06_10:53:47.028996
ED   25,85.71%,Diana J. Florence,(A Safer Manhattan),12,AD 70,2025-11-06_10:53:47.028996
ED   25,85.71%,WRITE-IN,&nbsp,0,AD 70,2025-11-06_10:53:47.028996
ED   26,85.71%,Alvin L. Bragg Jr.,(Democratic),398,AD 70,2025-11-06_10:53:47.028996
ED   26,85.71%,Maud Maron,(Republican),14,AD 70,2025-11-06_10:53:47.028996
ED   26,85.71%,Maud Maron,(Conservative),0,AD 70,2025-11-06_10:53:47.028996
ED   26,85.71%,Alvin L. Bragg Jr.,(Working Families),81,AD 70,2025-11-06_10:53:47.028996
ED   26,85.71%,Diana J. Florence,(A Safer Manhattan),14,AD 70,2025-11-06_10:53:47.028996
ED   26,85.71%,WRITE-IN,&nbsp,1,AD 70,2025-11-06_10:53:47.028996
ED   27,99.00%,Alvin L. Bragg Jr.,(Democratic),447,AD 70,2025-11-06_10:53:47.028996
ED   27,99.00%,Maud Maron,(Republican),15,AD 70,2025-11-06_10:53:47.028996
ED   27,99.00%,Maud Maron,(Conservative),5,AD 70,2025-11-06_10:53:47.028996
ED   27,99.00%,Alvin L. Bragg Jr.,(Working Families),111,AD 70,2025-11-06_10:53:47.028996
ED   27,99.00%,Diana J. Florence,(A Safer Manhattan),18,AD 70,2025-11-06_10:53:47.028996
ED   27,99.00%,WRITE-IN,&nbsp,0,AD 70,2025-11-06_10:53:47.028996
ED   28,50.00%,Alvin L. Bragg Jr.,(Democratic),239,AD 70,2025-11-06_10:53:47.028996
ED   28,50.00%,Maud Maron,(Republican),13,AD 70,2025-11-06_10:53:47.028996
ED   28,50.00%,Maud Maron,(Conservative),2,AD 70,2025-11-06_10:53:47.028996
ED   28,50.00%,Alvin L. Bragg Jr.,(Working Families),50,AD 70,2025-11-06_10:53:47.028996
ED   28,50.00%,Diana J. Florence,(A Safer Manhattan),14,AD 70,2025-11-06_10:53:47.028996
ED   28,50.00%,WRITE-IN,&nbsp,2,AD 70,2025-11-06_10:53:47.028996
ED   29,99.00%,Alvin L. Bragg Jr.,(Democratic),650,AD 70,2025-11-06_10:53:47.028996
ED   29,99.00%,Maud Maron,(Republican),53,AD 70,2025-11-06_10:53:47.028996
ED   29,99.00%,Maud Maron,(Conservative),10,AD 70,2025-11-06_10:53:47.028996
ED   29,99.00%,Alvin L. Bragg Jr.,(Working Families),125,AD 70,2025-11-06_10:53:47.028996
ED   29,99.00%,Diana J. Florence,(A Safer Manhattan),22,AD 70,2025-11-06_10:53:47.028996
ED   29,99.00%,WRITE-IN,&nbsp,3,AD 70,2025-11-06_10:53:47.028996
ED   30,99.00%,Alvin L. Bragg Jr.,(Democratic),585,AD 70,2025-11-06_10:53:47.028996
ED   30,99.00%,Maud Maron,(Republican),45,AD 70,2025-11-06_10:53:47.028996
ED   30,99.00%,Maud Maron,(Conservative),6,AD 70,2025-11-06_10:53:47.028996
ED   30,99.00%,Alvin L. Bragg Jr.,(Working Families),121,AD 70,2025-11-06_10:53:47.028996
ED   30,99.00%,Diana J. Florence,(A Safer Manhattan),29,AD 70,2025-11-06_10:53:47.028996
ED   30,99.00%,WRITE-IN,&nbsp,0,AD 70,2025-11-06_10:53:47.028996
ED   31,99.00%,Alvin L. Bragg Jr.,(Democratic),483,AD 70,2025-11-06_10:53:47.028996
ED   31,99.00%,Maud Maron,(Republican),33,AD 70,2025-11-06_10:53:47.028996
ED   31,99.00%,Maud Maron,(Conservative),4,AD 70,2025-11-06_10:53:47.028996
ED   31,99.00%,Alvin L. Bragg Jr.,(Working Families),105,AD 70,2025-11-06_10:53:47.028996
ED   31,99.00%,Diana J. Florence,(A Safer Manhattan),16,AD 70,2025-11-06_10:53:47.028996
ED   31,99.00%,WRITE-IN,&nbsp,1,AD 70,2025-11-06_10:53:47.028996
ED   32,99.00%,Alvin L. Bragg Jr.,(Democratic),347,AD 70,2025-11-06_10:53:47.028996
ED   32,99.00%,Maud Maron,(Republican),27,AD 70,2025-11-06_10:53:47.028996
ED   32,99.00%,Maud Maron,(Conservative),6,AD 70,2025-11-06_10:53:47.028996
ED   32,99.00%,Alvin L. Bragg Jr.,(Working Families),82,AD 70,2025-11-06_10:53:47.028996
ED   32,99.00%,Diana J. Florence,(A Safer Manhattan),20,AD 70,2025-11-06_10:53:47.028996
ED   32,99.00%,WRITE-IN,&nbsp,0,AD 70,2025-11-06_10:53:47.028996
ED   33,99.00%,Alvin L. Bragg Jr.,(Democratic),417,AD 70,2025-11-06_10:53:47.028996
ED   33,99.00%,Maud Maron,(Republican),37,AD 70,2025-11-06_10:53:47.028996
ED   33,99.00%,Maud Maron,(Conservative),3,AD 70,2025-11-06_10:53:47.028996
ED   33,99.00%,Alvin L. Bragg Jr.,(Working Families),97,AD 70,2025-11-06_10:53:47.028996
ED   33,99.00%,Diana J. Florence,(A Safer Manhattan),23,AD 70,2025-11-06_10:53:47.028996
ED   33,99.00%,WRITE-IN,&nbsp,1,AD 70,2025-11-06_10:53:47.028996
ED   34,99.00%,Alvin L. Bragg Jr.,(Democratic),415,AD 70,2025-11-06_10:53:47.028996
ED   34,99.00%,Maud Maron,(Republican),39,AD 70,2025-11-06_10:53:47.028996
ED   34,99.00%,Maud Maron,(Conservative),8,AD 70,2025-11-06_10:53:47.028996
ED   34,99.00%,Alvin L. Bragg Jr.,(Working Families),90,AD 70,2025-11-06_10:53:47.028996
ED   34,99.00%,Diana J. Florence,(A Safer Manhattan),16,AD 70,2025-11-06_10:53:47.028996
ED   34,99.00%,WRITE-IN,&nbsp,1,AD 70,2025-11-06_10:53:47.028996
ED   35,99.00%,Alvin L. Bragg Jr.,(Democratic),478,AD 70,2025-11-06_10:53:47.028996
ED   35,99.00%,Maud Maron,(Republican),51,AD 70,2025-11-06_10:53:47.028996
ED   35,99.00%,Maud Maron,(Conservative),10,AD 70,2025-11-06_10:53:47.028996
ED   35,99.00%,Alvin L. Bragg Jr.,(Working Families),87,AD 70,2025-11-06_10:53:47.028996
ED   35,99.00%,Diana J. Florence,(A Safer Manhattan),32,AD 70,2025-11-06_10:53:47.028996
ED   35,99.00%,WRITE-IN,&nbsp,1,AD 70,2025-11-06_10:53:47.028996
ED   36,57.14%,Alvin L. Bragg Jr.,(Democratic),178,AD 70,2025-11-06_10:53:47.028996
ED   36,57.14%,Maud Maron,(Republican),8,AD 70,2025-11-06_10:53:47.028996
ED   36,57.14%,Maud Maron,(Conservative),1,AD 70,2025-11-06_10:53:47.028996
ED   36,57.14%,Alvin L. Bragg Jr.,(Working Families),25,AD 70,2025-11-06_10:53:47.028996
ED   36,57.14%,Diana J. Florence,(A Safer Manhattan),6,AD 70,2025-11-06_10:53:47.028996
ED   36,57.14%,WRITE-IN,&nbsp,0,AD 70,2025-11-06_10:53:47.028996
ED   37,85.71%,Alvin L. Bragg Jr.,(Democratic),163,AD 70,2025-11-06_10:53:47.028996
ED   37,85.71%,Maud Maron,(Republican),4,AD 70,2025-11-06_10:53:47.028996
ED   37,85.71%,Maud Maron,(Conservative),0,AD 70,2025-11-06_10:53:47.028996
ED   37,85.71%,Alvin L. Bragg Jr.,(Working Families),38,AD 70,2025-11-06_10:53:47.028996
ED   37,85.71%,Diana J. Florence,(A Safer Manhattan),5,AD 70,2025-11-06_10:53:47.028996
ED   37,85.71%,WRITE-IN,&nbsp,0,AD 70,2025-11-06_10:53:47.028996
ED   38,57.14%,Alvin L. Bragg Jr.,(Democratic),127,AD 70,2025-11-06_10:53:47.028996
ED   38,57.14%,Maud Maron,(Republican),6,AD 70,2025-11-06_10:53:47.028996
ED   38,57.14%,Maud Maron,(Conservative),2,AD 70,2025-11-06_10:53:47.028996
ED   38,57.14%,Alvin L. Bragg Jr.,(Working Families),27,AD 70,2025-11-06_10:53:47.028996
ED   38,57.14%,Diana J. Florence,(A Safer Manhattan),5,AD 70,2025-11-06_10:53:47.028996
ED   38,57.14%,WRITE-IN,&nbsp,0,AD 70,2025-11-06_10:53:47.028996
ED   39,99.00%,Alvin L. Bragg Jr.,(Democratic),421,AD 70,2025-11-06_10:53:47.028996
ED   39,99.00%,Maud Maron,(Republican),18,AD 70,2025-11-06_10:53:47.028996
ED   39,99.00%,Maud Maron,(Conservative),1,AD 70,2025-11-06_10:53:47.028996
ED   39,99.00%,Alvin L. Bragg Jr.,(Working Families),97,AD 70,2025-11-06_10:53:47.028996
ED   39,99.00%,Diana J. Florence,(A Safer Manhattan),11,AD 70,2025-11-06_10:53:47.028996
ED   39,99.00%,WRITE-IN,&nbsp,0,AD 70,2025-11-06_10:53:47.028996
ED   40,99.00%,Alvin L. Bragg Jr.,(Democratic),277,AD 70,2025-11-06_10:53:47.028996
ED   40,99.00%,Maud Maron,(Republican),14,AD 70,2025-11-06_10:53:47.028996
ED   40,99.00%,Maud Maron,(Conservative),4,AD 70,2025-11-06_10:53:47.028996
ED   40,99.00%,Alvin L. Bragg Jr.,(Working Families),53,AD 70,2025-11-06_10:53:47.028996
ED   40,99.00%,Diana J. Florence,(A Safer Manhattan),14,AD 70,2025-11-06_10:53:47.028996
ED   40,99.00%,WRITE-IN,&nbsp,0,AD 70,2025-11-06_10:53:47.028996
ED   41,99.00%,Alvin L. Bragg Jr.,(Democratic),534,AD 70,2025-11-06_10:53:47.028996
ED   41,99.00%,Maud Maron,(Republican),30,AD 70,2025-11-06_10:53:47.028996
ED   41,99.00%,Maud Maron,(Conservative),4,AD 70,2025-11-06_10:53:47.028996
ED   41,99.00%,Alvin L. Bragg Jr.,(Working Families),71,AD 70,2025-11-06_10:53:47.028996
ED   41,99.00%,Diana J. Florence,(A Safer Manhattan),31,AD 70,2025-11-06_10:53:47.028996
ED   41,99.00%,WRITE-IN,&nbsp,1,AD 70,2025-11-06_10:53:47.028996
ED   42,99.00%,Alvin L. Bragg Jr.,(Democratic),152,AD 70,2025-11-06_10:53:47.028996
ED   42,99.00%,Maud Maron,(Republican),13,AD 70,2025-11-06_10:53:47.028996
ED   42,99.00%,Maud Maron,(Conservative),2,AD 70,2025-11-06_10:53:47.028996
ED   42,99.00%,Alvin L. Bragg Jr.,(Working Families),26,AD 70,2025-11-06_10:53:47.028996
ED   42,99.00%,Diana J. Florence,(A Safer Manhattan),13,AD 70,2025-11-06_10:53:47.028996
ED   42,99.00%,WRITE-IN,&nbsp,0,AD 70,2025-11-06_10:53:47.028996
ED   43,99.00%,Alvin L. Bragg Jr.,(Democratic),357,AD 70,2025-11-06_10:53:47.028996
ED   43,99.00%,Maud Maron,(Republican),13,AD 70,2025-11-06_10:53:47.028996
ED   43,99.00%,Maud Maron,(Conservative),4,AD 70,2025-11-06_10:53:47.028996
ED   43,99.00%,Alvin L. Bragg Jr.,(Working Families),32,AD 70,2025-11-06_10:53:47.028996
ED   43,99.00%,Diana J. Florence,(A Safer Manhattan),21,AD 70,2025-11-06_10:53:47.028996
ED   43,99.00%,WRITE-IN,&nbsp,0,AD 70,2025-11-06_10:53:47.028996
ED   44,99.00%,Alvin L. Bragg Jr.,(Democratic),609,AD 70,2025-11-06_10:53:47.028996
ED   44,99.00%,Maud Maron,(Republican),25,AD 70,2025-11-06_10:53:47.028996
ED   44,99.00%,Maud Maron,(Conservative),4,AD 70,2025-11-06_10:53:47.028996
ED   44,99.00%,Alvin L. Bragg Jr.,(Working Families),76,AD 70,2025-11-06_10:53:47.028996
ED   44,99.00%,Diana J. Florence,(A Safer Manhattan),34,AD 70,2025-11-06_10:53:47.028996
ED   44,99.00%,WRITE-IN,&nbsp,2,AD 70,2025-11-06_10:53:47.028996
ED   45,99.00%,Alvin L. Bragg Jr.,(Democratic),181,AD 70,2025-11-06_10:53:47.028996
ED   45,99.00%,Maud Maron,(Republican),13,AD 70,2025-11-06_10:53:47.028996
ED   45,99.00%,Maud Maron,(Conservative),1,AD 70,2025-11-06_10:53:47.028996
ED   45,99.00%,Alvin L. Bragg Jr.,(Working Families),7,AD 70,2025-11-06_10:53:47.028996
ED   45,99.00%,Diana J. Florence,(A Safer Manhattan),13,AD 70,2025-11-06_10:53:47.028996
ED   45,99.00%,WRITE-IN,&nbsp,0,AD 70,2025-11-06_10:53:47.028996
ED   46,99.00%,Alvin L. Bragg Jr.,(Democratic),200,AD 70,2025-11-06_10:53:47.028996
ED   46,99.00%,Maud Maron,(Republican),12,AD 70,2025-11-06_10:53:47.028996
ED   46,99.00%,Maud Maron,(Conservative),3,AD 70,2025-11-06_10:53:47.028996
ED   46,99.00%,Alvin L. Bragg Jr.,(Working Families),20,AD 70,2025-11-06_10:53:47.028996
ED   46,99.00%,Diana J. Florence,(A Safer Manhattan),16,AD 70,2025-11-06_10:53:47.028996
ED   46,99.00%,WRITE-IN,&nbsp,0,AD 70,2025-11-06_10:53:47.028996
ED   47,99.00%,Alvin L. Bragg Jr.,(Democratic),345,AD 70,2025-11-06_10:53:47.028996
ED   47,99.00%,Maud Maron,(Republican),28,AD 70,2025-11-06_10:53:47.028996
ED   47,99.00%,Maud Maron,(Conservative),3,AD 70,2025-11-06_10:53:47.028996
ED   47,99.00%,Alvin L. Bragg Jr.,(Working Families),91,AD 70,2025-11-06_10:53:47.028996
ED   47,99.00%,Diana J. Florence,(A Safer Manhattan),17,AD 70,2025-11-06_10:53:47.028996
ED   47,99.00%,WRITE-IN,&nbsp,0,AD 70,2025-11-06_10:53:47.028996
ED   48,99.00%,Alvin L. Bragg Jr.,(Democratic),310,AD 70,2025-11-06_10:53:47.028996
ED   48,99.00%,Maud Maron,(Republican),11,AD 70,2025-11-06_10:53:47.028996
ED   48,99.00%,Maud Maron,(Conservative),1,AD 70,2025-11-06_10:53:47.028996
ED   48,99.00%,Alvin L. Bragg Jr.,(Working Families),75,AD 70,2025-11-06_10:53:47.028996
ED   48,99.00%,Diana J. Florence,(A Safer Manhattan),19,AD 70,2025-11-06_10:53:47.028996
ED   48,99.00%,WRITE-IN,&nbsp,0,AD 70,2025-11-06_10:53:47.028996
ED   49,99.00%,Alvin L. Bragg Jr.,(Democratic),322,AD 70,2025-11-06_10:53:47.028996
ED   49,99.00%,Maud Maron,(Republican),17,AD 70,2025-11-06_10:53:47.028996
ED   49,99.00%,Maud Maron,(Conservative),3,AD 70,2025-11-06_10:53:47.028996
ED   49,99.00%,Alvin L. Bragg Jr.,(Working Families),67,AD 70,2025-11-06_10:53:47.028996
ED   49,99.00%,Diana J. Florence,(A Safer Manhattan),19,AD 70,2025-11-06_10:53:47.028996
ED   49,99.00%,WRITE-IN,&nbsp,0,AD 70,2025-11-06_10:53:47.028996
ED   50,99.00%,Alvin L. Bragg Jr.,(Democratic),272,AD 70,2025-11-06_10:53:47.028996
ED   50,99.00%,Maud Maron,(Republican),17,AD 70,2025-11-06_10:53:47.028996
ED   50,99.00%,Maud Maron,(Conservative),2,AD 70,2025-11-06_10:53:47.028996
ED   50,99.00%,Alvin L. Bragg Jr.,(Working Families),63,AD 70,2025-11-06_10:53:47.028996
ED   50,99.00%,Diana J. Florence,(A Safer Manhattan),10,AD 70,2025-11-06_10:53:47.028996
ED   50,99.00%,WRITE-IN,&nbsp,1,AD 70,2025-11-06_10:53:47.028996
ED   51,99.00%,Alvin L. Bragg Jr.,(Democratic),185,AD 70,2025-11-06_10:53:47.028996
ED   51,99.00%,Maud Maron,(Republican),15,AD 70,2025-11-06_10:53:47.028996
ED   51,99.00%,Maud Maron,(Conservative),0,AD 70,2025-11-06_10:53:47.028996
ED   51,99.00%,Alvin L. Bragg Jr.,(Working Families),13,AD 70,2025-11-06_10:53:47.028996
ED   51,99.00%,Diana J. Florence,(A Safer Manhattan),13,AD 70,2025-11-06_10:53:47.028996
ED   51,99.00%,WRITE-IN,&nbsp,0,AD 70,2025-11-06_10:53:47.028996
ED   52,99.00%,Alvin L. Bragg Jr.,(Democratic),173,AD 70,2025-11-06_10:53:47.028996
ED   52,99.00%,Maud Maron,(Republican),18,AD 70,2025-11-06_10:53:47.028996
ED   52,99.00%,Maud Maron,(Conservative),2,AD 70,2025-11-06_10:53:47.028996
ED   52,99.00%,Alvin L. Bragg Jr.,(Working Families),6,AD 70,2025-11-06_10:53:47.028996
ED   52,99.00%,Diana J. Florence,(A Safer Manhattan),15,AD 70,2025-11-06_10:53:47.028996
ED   52,99.00%,WRITE-IN,&nbsp,0,AD 70,2025-11-06_10:53:47.028996
ED   53,99.00%,Alvin L. Bragg Jr.,(Democratic),405,AD 70,2025-11-06_10:53:47.028996
ED   53,99.00%,Maud Maron,(Republican),18,AD 70,2025-11-06_10:53:47.028996
ED   53,99.00%,Maud Maron,(Conservative),5,AD 70,2025-11-06_10:53:47.028996
ED   53,99.00%,Alvin L. Bragg Jr.,(Working Families),81,AD 70,2025-11-06_10:53:47.028996
ED   53,99.00%,Diana J. Florence,(A Safer Manhattan),29,AD 70,2025-11-06_10:53:47.028996
ED   53,99.00%,WRITE-IN,&nbsp,3,AD 70,2025-11-06_10:53:47.028996
ED   54,99.00%,Alvin L. Bragg Jr.,(Democratic),543,AD 70,2025-11-06_10:53:47.028996
ED   54,99.00%,Maud Maron,(Republican),26,AD 70,2025-11-06_10:53:47.028996
ED   54,99.00%,Maud Maron,(Conservative),4,AD 70,2025-11-06_10:53:47.028996
ED   54,99.00%,Alvin L. Bragg Jr.,(Working Families),125,AD 70,2025-11-06_10:53:47.028996
ED   54,99.00%,Diana J. Florence,(A Safer Manhattan),27,AD 70,2025-11-06_10:53:47.028996
ED   54,99.00%,WRITE-IN,&nbsp,0,AD 70,2025-11-06_10:53:47.028996
ED   55,99.00%,Alvin L. Bragg Jr.,(Democratic),463,AD 70,2025-11-06_10:53:47.028996
ED   55,99.00%,Maud Maron,(Republican),27,AD 70,2025-11-06_10:53:47.028996
ED   55,99.00%,Maud Maron,(Conservative),4,AD 70,2025-11-06_10:53:47.028996
ED   55,99.00%,Alvin L. Bragg Jr.,(Working Families),117,AD 70,2025-11-06_10:53:47.028996
ED   55,99.00%,Diana J. Florence,(A Safer Manhattan),14,AD 70,2025-11-06_10:53:47.028996
ED   55,99.00%,WRITE-IN,&nbsp,0,AD 70,2025-11-06_10:53:47.028996
ED   56,99.00%,Alvin L. Bragg Jr.,(Democratic),430,AD 70,2025-11-06_10:53:47.028996
ED   56,99.00%,Maud Maron,(Republican),28,AD 70,2025-11-06_10:53:47.028996
ED   56,99.00%,Maud Maron,(Conservative),7,AD 70,2025-11-06_10:53:47.028996
ED   56,99.00%,Alvin L. Bragg Jr.,(Working Families),86,AD 70,2025-11-06_10:53:47.028996
ED   56,99.00%,Diana J. Florence,(A Safer Manhattan),25,AD 70,2025-11-06_10:53:47.028996
ED   56,99.00%,WRITE-IN,&nbsp,1,AD 70,2025-11-06_10:53:47.028996
ED   57,99.00%,Alvin L. Bragg Jr.,(Democratic),286,AD 70,2025-11-06_10:53:47.028996
ED   57,99.00%,Maud Maron,(Republican),19,AD 70,2025-11-06_10:53:47.028996
ED   57,99.00%,Maud Maron,(Conservative),2,AD 70,2025-11-06_10:53:47.028996
ED   57,99.00%,Alvin L. Bragg Jr.,(Working Families),81,AD 70,2025-11-06_10:53:47.028996
ED   57,99.00%,Diana J. Florence,(A Safer Manhattan),24,AD 70,2025-11-06_10:53:47.028996
ED   57,99.00%,WRITE-IN,&nbsp,1,AD 70,2025-11-06_10:53:47.028996
ED   58,99.00%,Alvin L. Bragg Jr.,(Democratic),551,AD 70,2025-11-06_10:53:47.028996
ED   58,99.00%,Maud Maron,(Republican),32,AD 70,2025-11-06_10:53:47.028996
ED   58,99.00%,Maud Maron,(Conservative),9,AD 70,2025-11-06_10:53:47.028996
ED   58,99.00%,Alvin L. Bragg Jr.,(Working Families),101,AD 70,2025-11-06_10:53:47.028996
ED   58,99.00%,Diana J. Florence,(A Safer Manhattan),29,AD 70,2025-11-06_10:53:47.028996
ED   58,99.00%,WRITE-IN,&nbsp,1,AD 70,2025-11-06_10:53:47.028996
ED   59,99.00%,Alvin L. Bragg Jr.,(Democratic),413,AD 70,2025-11-06_10:53:47.028996
ED   59,99.00%,Maud Maron,(Republican),38,AD 70,2025-11-06_10:53:47.028996
ED   59,99.00%,Maud Maron,(Conservative),6,AD 70,2025-11-06_10:53:47.028996
ED   59,99.00%,Alvin L. Bragg Jr.,(Working Families),91,AD 70,2025-11-06_10:53:47.028996
ED   59,99.00%,Diana J. Florence,(A Safer Manhattan),20,AD 70,2025-11-06_10:53:47.028996
ED   59,99.00%,WRITE-IN,&nbsp,2,AD 70,2025-11-06_10:53:47.028996
ED   60,99.00%,Alvin L. Bragg Jr.,(Democratic),547,AD 70,2025-11-06_10:53:47.028996
ED   60,99.00%,Maud Maron,(Republican),35,AD 70,2025-11-06_10:53:47.028996
ED   60,99.00%,Maud Maron,(Conservative),6,AD 70,2025-11-06_10:53:47.028996
ED   60,99.00%,Alvin L. Bragg Jr.,(Working Families),159,AD 70,2025-11-06_10:53:47.028996
ED   60,99.00%,Diana J. Florence,(A Safer Manhattan),20,AD 70,2025-11-06_10:53:47.028996
ED   60,99.00%,WRITE-IN,&nbsp,0,AD 70,2025-11-06_10:53:47.028996
ED   61,99.00%,Alvin L. Bragg Jr.,(Democratic),443,AD 70,2025-11-06_10:53:47.028996
ED   61,99.00%,Maud Maron,(Republican),40,AD 70,2025-11-06_10:53:47.028996
ED   61,99.00%,Maud Maron,(Conservative),7,AD 70,2025-11-06_10:53:47.028996
ED   61,99.00%,Alvin L. Bragg Jr.,(Working Families),80,AD 70,2025-11-06_10:53:47.028996
ED   61,99.00%,Diana J. Florence,(A Safer Manhattan),16,AD 70,2025-11-06_10:53:47.028996
ED   61,99.00%,WRITE-IN,&nbsp,0,AD 70,2025-11-06_10:53:47.028996
ED   62,99.00%,Alvin L. Bragg Jr.,(Democratic),530,AD 70,2025-11-06_10:53:47.028996
ED   62,99.00%,Maud Maron,(Republican),30,AD 70,2025-11-06_10:53:47.028996
ED   62,99.00%,Maud Maron,(Conservative),9,AD 70,2025-11-06_10:53:47.028996
ED   62,99.00%,Alvin L. Bragg Jr.,(Working Families),117,AD 70,2025-11-06_10:53:47.028996
ED   62,99.00%,Diana J. Florence,(A Safer Manhattan),23,AD 70,2025-11-06_10:53:47.028996
ED   62,99.00%,WRITE-IN,&nbsp,3,AD 70,2025-11-06_10:53:47.028996
ED   63,99.00%,Alvin L. Bragg Jr.,(Democratic),367,AD 70,2025-11-06_10:53:47.028996
ED   63,99.00%,Maud Maron,(Republican),18,AD 70,2025-11-06_10:53:47.028996
ED   63,99.00%,Maud Maron,(Conservative),2,AD 70,2025-11-06_10:53:47.028996
ED   63,99.00%,Alvin L. Bragg Jr.,(Working Families),68,AD 70,2025-11-06_10:53:47.028996
ED   63,99.00%,Diana J. Florence,(A Safer Manhattan),21,AD 70,2025-11-06_10:53:47.028996
ED   63,99.00%,WRITE-IN,&nbsp,3,AD 70,2025-11-06_10:53:47.028996
ED   64,99.00%,Alvin L. Bragg Jr.,(Democratic),516,AD 70,2025-11-06_10:53:47.028996
ED   64,99.00%,Maud Maron,(Republican),43,AD 70,2025-11-06_10:53:47.028996
ED   64,99.00%,Maud Maron,(Conservative),6,AD 70,2025-11-06_10:53:47.028996
ED   64,99.00%,Alvin L. Bragg Jr.,(Working Families),126,AD 70,2025-11-06_10:53:47.028996
ED   64,99.00%,Diana J. Florence,(A Safer Manhattan),35,AD 70,2025-11-06_10:53:47.028996
ED   64,99.00%,WRITE-IN,&nbsp,1,AD 70,2025-11-06_10:53:47.028996
ED   65,99.00%,Alvin L. Bragg Jr.,(Democratic),431,AD 70,2025-11-06_10:53:47.028996
ED   65,99.00%,Maud Maron,(Republican),45,AD 70,2025-11-06_10:53:47.028996
ED   65,99.00%,Maud Maron,(Conservative),3,AD 70,2025-11-06_10:53:47.028996
ED   65,99.00%,Alvin L. Bragg Jr.,(Working Families),104,AD 70,2025-11-06_10:53:47.028996
ED   65,99.00%,Diana J. Florence,(A Safer Manhattan),25,AD 70,2025-11-06_10:53:47.028996
ED   65,99.00%,WRITE-IN,&nbsp,0,AD 70,2025-11-06_10:53:47.028996
ED   66,99.00%,Alvin L. Bragg Jr.,(Democratic),600,AD 70,2025-11-06_10:53:47.028996
ED   66,99.00%,Maud Maron,(Republican),75,AD 70,2025-11-06_10:53:47.028996
ED   66,99.00%,Maud Maron,(Conservative),9,AD 70,2025-11-06_10:53:47.028996
ED   66,99.00%,Alvin L. Bragg Jr.,(Working Families),113,AD 70,2025-11-06_10:53:47.028996
ED   66,99.00%,Diana J. Florence,(A Safer Manhattan),28,AD 70,2025-11-06_10:53:47.028996
ED   66,99.00%,WRITE-IN,&nbsp,3,AD 70,2025-11-06_10:53:47.028996
ED   67,99.00%,Alvin L. Bragg Jr.,(Democratic),258,AD 70,2025-11-06_10:53:47.028996
ED   67,99.00%,Maud Maron,(Republican),19,AD 70,2025-11-06_10:53:47.028996
ED   67,99.00%,Maud Maron,(Conservative),5,AD 70,2025-11-06_10:53:47.028996
ED   67,99.00%,Alvin L. Bragg Jr.,(Working Families),26,AD 70,2025-11-06_10:53:47.028996
ED   67,99.00%,Diana J. Florence,(A Safer Manhattan),22,AD 70,2025-11-06_10:53:47.028996
ED   67,99.00%,WRITE-IN,&nbsp,1,AD 70,2025-11-06_10:53:47.028996
ED   68,99.00%,Alvin L. Bragg Jr.,(Democratic),250,AD 70,2025-11-06_10:53:47.028996
ED   68,99.00%,Maud Maron,(Republican),9,AD 70,2025-11-06_10:53:47.028996
ED   68,99.00%,Maud Maron,(Conservative),2,AD 70,2025-11-06_10:53:47.028996
ED   68,99.00%,Alvin L. Bragg Jr.,(Working Families),16,AD 70,2025-11-06_10:53:47.028996
ED   68,99.00%,Diana J. Florence,(A Safer Manhattan),18,AD 70,2025-11-06_10:53:47.028996
ED   68,99.00%,WRITE-IN,&nbsp,2,AD 70,2025-11-06_10:53:47.028996
ED   69,99.00%,Alvin L. Bragg Jr.,(Democratic),540,AD 70,2025-11-06_10:53:47.028996
ED   69,99.00%,Maud Maron,(Republican),12,AD 70,2025-11-06_10:53:47.028996
ED   69,99.00%,Maud Maron,(Conservative),5,AD 70,2025-11-06_10:53:47.028996
ED   69,99.00%,Alvin L. Bragg Jr.,(Working Families),87,AD 70,2025-11-06_10:53:47.028996
ED   69,99.00%,Diana J. Florence,(A Safer Manhattan),20,AD 70,2025-11-06_10:53:47.028996
ED   69,99.00%,WRITE-IN,&nbsp,0,AD 70,2025-11-06_10:53:47.028996
ED   70,99.00%,Alvin L. Bragg Jr.,(Democratic),189,AD 70,2025-11-06_10:53:47.028996
ED   70,99.00%,Maud Maron,(Republican),19,AD 70,2025-11-06_10:53:47.028996
ED   70,99.00%,Maud Maron,(Conservative),3,AD 70,2025-11-06_10:53:47.028996
ED   70,99.00%,Alvin L. Bragg Jr.,(Working Families),36,AD 70,2025-11-06_10:53:47.028996
ED   70,99.00%,Diana J. Florence,(A Safer Manhattan),17,AD 70,2025-11-06_10:53:47.028996
ED   70,99.00%,WRITE-IN,&nbsp,0,AD 70,2025-11-06_10:53:47.028996
ED   71,99.00%,Alvin L. Bragg Jr.,(Democratic),413,AD 70,2025-11-06_10:53:47.028996
ED   71,99.00%,Maud Maron,(Republican),17,AD 70,2025-11-06_10:53:47.028996
ED   71,99.00%,Maud Maron,(Conservative),7,AD 70,2025-11-06_10:53:47.028996
ED   71,99.00%,Alvin L. Bragg Jr.,(Working Families),52,AD 70,2025-11-06_10:53:47.028996
ED   71,99.00%,Diana J. Florence,(A Safer Manhattan),14,AD 70,2025-11-06_10:53:47.028996
ED   71,99.00%,WRITE-IN,&nbsp,0,AD 70,2025-11-06_10:53:47.028996
ED   72,99.00%,Alvin L. Bragg Jr.,(Democratic),0,AD 70,2025-11-06_10:53:47.028996
ED   72,99.00%,Maud Maron,(Republican),0,AD 70,2025-11-06_10:53:47.028996
ED   72,99.00%,Maud Maron,(Conservative),0,AD 70,2025-11-06_10:53:47.028996
ED   72,99.00%,Alvin L. Bragg Jr.,(Working Families),0,AD 70,2025-11-06_10:53:47.028996
ED   72,99.00%,Diana J. Florence,(A Safer Manhattan),0,AD 70,2025-11-06_10:53:47.028996
ED   72,99.00%,WRITE-IN,&nbsp,0,AD 70,2025-11-06_10:53:47.028996
ED   73,99.00%,Alvin L. Bragg Jr.,(Democratic),0,AD 70,2025-11-06_10:53:47.028996
ED   73,99.00%,Maud Maron,(Republican),0,AD 70,2025-11-06_10:53:47.028996
ED   73,99.00%,Maud Maron,(Conservative),0,AD 70,2025-11-06_10:53:47.028996
ED   73,99.00%,Alvin L. Bragg Jr.,(Working Families),0,AD 70,2025-11-06_10:53:47.028996
ED   73,99.00%,Diana J. Florence,(A Safer Manhattan),0,AD 70,2025-11-06_10:53:47.028996
ED   73,99.00%,WRITE-IN,&nbsp,0,AD 70,2025-11-06_10:53:47.028996
ED   74,50.00%,Alvin L. Bragg Jr.,(Democratic),0,AD 70,2025-11-06_10:53:47.028996
ED   74,50.00%,Maud Maron,(Republican),0,AD 70,2025-11-06_10:53:47.028996
ED   74,50.00%,Maud Maron,(Conservative),0,AD 70,2025-11-06_10:53:47.028996
ED   74,50.00%,Alvin L. Bragg Jr.,(Working Families),0,AD 70,2025-11-06_10:53:47.028996
ED   74,50.00%,Diana J. Florence,(A Safer Manhattan),0,AD 70,2025-11-06_10:53:47.028996
ED   74,50.00%,WRITE-IN,&nbsp,0,AD 70,2025-11-06_10:53:47.028996
Total,,Alvin L. Bragg Jr.,(Democratic),25434,AD 70,2025-11-06_10:53:47.028996
Total,,Maud Maron,(Republican),1785,AD 70,2025-11-06_10:53:47.028996
Total,,Maud Maron,(Conservative),290,AD 70,2025-11-06_10:53:47.028996
Total,,Alvin L. Bragg Jr.,(Working Families),5125,AD 70,2025-11-06_10:53:47.028996
Total,,Diana J. Florence,(A Safer Manhattan),1401,AD 70,2025-11-06_10:53:47.028996
Total,,WRITE-IN,&nbsp,46,AD 70,2025-11-06_10:53:47.028996
ED    1,99.00%,Alvin L. Bragg Jr.,(Democratic),448,AD 71,2025-11-06_10:53:47.028996
ED    1,99.00%,Maud Maron,(Republican),63,AD 71,2025-11-06_10:53:47.028996
ED    1,99.00%,Maud Maron,(Conservative),5,AD 71,2025-11-06_10:53:47.028996
ED    1,99.00%,Alvin L. Bragg Jr.,(Working Families),197,AD 71,2025-11-06_10:53:47.028996
ED    1,99.00%,Diana J. Florence,(A Safer Manhattan),49,AD 71,2025-11-06_10:53:47.028996
ED    1,99.00%,WRITE-IN,&nbsp,0,AD 71,2025-11-06_10:53:47.028996
ED    2,99.00%,Alvin L. Bragg Jr.,(Democratic),401,AD 71,2025-11-06_10:53:47.028996
ED    2,99.00%,Maud Maron,(Republican),67,AD 71,2025-11-06_10:53:47.028996
ED    2,99.00%,Maud Maron,(Conservative),12,AD 71,2025-11-06_10:53:47.028996
ED    2,99.00%,Alvin L. Bragg Jr.,(Working Families),160,AD 71,2025-11-06_10:53:47.028996
ED    2,99.00%,Diana J. Florence,(A Safer Manhattan),39,AD 71,2025-11-06_10:53:47.028996
ED    2,99.00%,WRITE-IN,&nbsp,2,AD 71,2025-11-06_10:53:47.028996
ED    3,99.00%,Alvin L. Bragg Jr.,(Democratic),665,AD 71,2025-11-06_10:53:47.028996
ED    3,99.00%,Maud Maron,(Republican),141,AD 71,2025-11-06_10:53:47.028996
ED    3,99.00%,Maud Maron,(Conservative),13,AD 71,2025-11-06_10:53:47.028996
ED    3,99.00%,Alvin L. Bragg Jr.,(Working Families),191,AD 71,2025-11-06_10:53:47.028996
ED    3,99.00%,Diana J. Florence,(A Safer Manhattan),51,AD 71,2025-11-06_10:53:47.028996
ED    3,99.00%,WRITE-IN,&nbsp,1,AD 71,2025-11-06_10:53:47.028996
ED    4,99.00%,Alvin L. Bragg Jr.,(Democratic),792,AD 71,2025-11-06_10:53:47.028996
ED    4,99.00%,Maud Maron,(Republican),91,AD 71,2025-11-06_10:53:47.028996
ED    4,99.00%,Maud Maron,(Conservative),11,AD 71,2025-11-06_10:53:47.028996
ED    4,99.00%,Alvin L. Bragg Jr.,(Working Families),244,AD 71,2025-11-06_10:53:47.028996
ED    4,99.00%,Diana J. Florence,(A Safer Manhattan),42,AD 71,2025-11-06_10:53:47.028996
ED    4,99.00%,WRITE-IN,&nbsp,1,AD 71,2025-11-06_10:53:47.028996
ED    5,99.00%,Alvin L. Bragg Jr.,(Democratic),656,AD 71,2025-11-06_10:53:47.028996
ED    5,99.00%,Maud Maron,(Republican),72,AD 71,2025-11-06_10:53:47.028996
ED    5,99.00%,Maud Maron,(Conservative),12,AD 71,2025-11-06_10:53:47.028996
ED    5,99.00%,Alvin L. Bragg Jr.,(Working Families),196,AD 71,2025-11-06_10:53:47.028996
ED    5,99.00%,Diana J. Florence,(A Safer Manhattan),25,AD 71,2025-11-06_10:53:47.028996
ED    5,99.00%,WRITE-IN,&nbsp,1,AD 71,2025-11-06_10:53:47.028996
ED    6,99.00%,Alvin L. Bragg Jr.,(Democratic),643,AD 71,2025-11-06_10:53:47.028996
ED    6,99.00%,Maud Maron,(Republican),85,AD 71,2025-11-06_10:53:47.028996
ED    6,99.00%,Maud Maron,(Conservative),15,AD 71,2025-11-06_10:53:47.028996
ED    6,99.00%,Alvin L. Bragg Jr.,(Working Families),123,AD 71,2025-11-06_10:53:47.028996
ED    6,99.00%,Diana J. Florence,(A Safer Manhattan),39,AD 71,2025-11-06_10:53:47.028996
ED    6,99.00%,WRITE-IN,&nbsp,0,AD 71,2025-11-06_10:53:47.028996
ED    7,99.00%,Alvin L. Bragg Jr.,(Democratic),530,AD 71,2025-11-06_10:53:47.028996
ED    7,99.00%,Maud Maron,(Republican),77,AD 71,2025-11-06_10:53:47.028996
ED    7,99.00%,Maud Maron,(Conservative),5,AD 71,2025-11-06_10:53:47.028996
ED    7,99.00%,Alvin L. Bragg Jr.,(Working Families),152,AD 71,2025-11-06_10:53:47.028996
ED    7,99.00%,Diana J. Florence,(A Safer Manhattan),33,AD 71,2025-11-06_10:53:47.028996
ED    7,99.00%,WRITE-IN,&nbsp,0,AD 71,2025-11-06_10:53:47.028996
ED    8,99.00%,Alvin L. Bragg Jr.,(Democratic),405,AD 71,2025-11-06_10:53:47.028996
ED    8,99.00%,Maud Maron,(Republican),97,AD 71,2025-11-06_10:53:47.028996
ED    8,99.00%,Maud Maron,(Conservative),9,AD 71,2025-11-06_10:53:47.028996
ED    8,99.00%,Alvin L. Bragg Jr.,(Working Families),115,AD 71,2025-11-06_10:53:47.028996
ED    8,99.00%,Diana J. Florence,(A Safer Manhattan),43,AD 71,2025-11-06_10:53:47.028996
ED    8,99.00%,WRITE-IN,&nbsp,0,AD 71,2025-11-06_10:53:47.028996
ED    9,99.00%,Alvin L. Bragg Jr.,(Democratic),462,AD 71,2025-11-06_10:53:47.028996
ED    9,99.00%,Maud Maron,(Republican),94,AD 71,2025-11-06_10:53:47.028996
ED    9,99.00%,Maud Maron,(Conservative),14,AD 71,2025-11-06_10:53:47.028996
ED    9,99.00%,Alvin L. Bragg Jr.,(Working Families),168,AD 71,2025-11-06_10:53:47.028996
ED    9,99.00%,Diana J. Florence,(A Safer Manhattan),37,AD 71,2025-11-06_10:53:47.028996
ED    9,99.00%,WRITE-IN,&nbsp,2,AD 71,2025-11-06_10:53:47.028996
ED   10,99.00%,Alvin L. Bragg Jr.,(Democratic),374,AD 71,2025-11-06_10:53:47.028996
ED   10,99.00%,Maud Maron,(Republican),44,AD 71,2025-11-06_10:53:47.028996
ED   10,99.00%,Maud Maron,(Conservative),6,AD 71,2025-11-06_10:53:47.028996
ED   10,99.00%,Alvin L. Bragg Jr.,(Working Families),133,AD 71,2025-11-06_10:53:47.028996
ED   10,99.00%,Diana J. Florence,(A Safer Manhattan),22,AD 71,2025-11-06_10:53:47.028996
ED   10,99.00%,WRITE-IN,&nbsp,0,AD 71,2025-11-06_10:53:47.028996
ED   11,99.00%,Alvin L. Bragg Jr.,(Democratic),259,AD 71,2025-11-06_10:53:47.028996
ED   11,99.00%,Maud Maron,(Republican),41,AD 71,2025-11-06_10:53:47.028996
ED   11,99.00%,Maud Maron,(Conservative),2,AD 71,2025-11-06_10:53:47.028996
ED   11,99.00%,Alvin L. Bragg Jr.,(Working Families),116,AD 71,2025-11-06_10:53:47.028996
ED   11,99.00%,Diana J. Florence,(A Safer Manhattan),15,AD 71,2025-11-06_10:53:47.028996
ED   11,99.00%,WRITE-IN,&nbsp,0,AD 71,2025-11-06_10:53:47.028996
ED   12,99.00%,Alvin L. Bragg Jr.,(Democratic),253,AD 71,2025-11-06_10:53:47.028996
ED   12,99.00%,Maud Maron,(Republican),56,AD 71,2025-11-06_10:53:47.028996
ED   12,99.00%,Maud Maron,(Conservative),4,AD 71,2025-11-06_10:53:47.028996
ED   12,99.00%,Alvin L. Bragg Jr.,(Working Families),85,AD 71,2025-11-06_10:53:47.028996
ED   12,99.00%,Diana J. Florence,(A Safer Manhattan),21,AD 71,2025-11-06_10:53:47.028996
ED   12,99.00%,WRITE-IN,&nbsp,1,AD 71,2025-11-06_10:53:47.028996
ED   13,99.00%,Alvin L. Bragg Jr.,(Democratic),297,AD 71,2025-11-06_10:53:47.028996
ED   13,99.00%,Maud Maron,(Republican),36,AD 71,2025-11-06_10:53:47.028996
ED   13,99.00%,Maud Maron,(Conservative),10,AD 71,2025-11-06_10:53:47.028996
ED   13,99.00%,Alvin L. Bragg Jr.,(Working Families),83,AD 71,2025-11-06_10:53:47.028996
ED   13,99.00%,Diana J. Florence,(A Safer Manhattan),49,AD 71,2025-11-06_10:53:47.028996
ED   13,99.00%,WRITE-IN,&nbsp,3,AD 71,2025-11-06_10:53:47.028996
ED   14,99.00%,Alvin L. Bragg Jr.,(Democratic),261,AD 71,2025-11-06_10:53:47.028996
ED   14,99.00%,Maud Maron,(Republican),37,AD 71,2025-11-06_10:53:47.028996
ED   14,99.00%,Maud Maron,(Conservative),7,AD 71,2025-11-06_10:53:47.028996
ED   14,99.00%,Alvin L. Bragg Jr.,(Working Families),71,AD 71,2025-11-06_10:53:47.028996
ED   14,99.00%,Diana J. Florence,(A Safer Manhattan),19,AD 71,2025-11-06_10:53:47.028996
ED   14,99.00%,WRITE-IN,&nbsp,0,AD 71,2025-11-06_10:53:47.028996
ED   15,99.00%,Alvin L. Bragg Jr.,(Democratic),297,AD 71,2025-11-06_10:53:47.028996
ED   15,99.00%,Maud Maron,(Republican),38,AD 71,2025-11-06_10:53:47.028996
ED   15,99.00%,Maud Maron,(Conservative),5,AD 71,2025-11-06_10:53:47.028996
ED   15,99.00%,Alvin L. Bragg Jr.,(Working Families),91,AD 71,2025-11-06_10:53:47.028996
ED   15,99.00%,Diana J. Florence,(A Safer Manhattan),30,AD 71,2025-11-06_10:53:47.028996
ED   15,99.00%,WRITE-IN,&nbsp,3,AD 71,2025-11-06_10:53:47.028996
ED   16,99.00%,Alvin L. Bragg Jr.,(Democratic),275,AD 71,2025-11-06_10:53:47.028996
ED   16,99.00%,Maud Maron,(Republican),34,AD 71,2025-11-06_10:53:47.028996
ED   16,99.00%,Maud Maron,(Conservative),8,AD 71,2025-11-06_10:53:47.028996
ED   16,99.00%,Alvin L. Bragg Jr.,(Working Families),81,AD 71,2025-11-06_10:53:47.028996
ED   16,99.00%,Diana J. Florence,(A Safer Manhattan),24,AD 71,2025-11-06_10:53:47.028996
ED   16,99.00%,WRITE-IN,&nbsp,0,AD 71,2025-11-06_10:53:47.028996
ED   17,99.00%,Alvin L. Bragg Jr.,(Democratic),341,AD 71,2025-11-06_10:53:47.028996
ED   17,99.00%,Maud Maron,(Republican),55,AD 71,2025-11-06_10:53:47.028996
ED   17,99.00%,Maud Maron,(Conservative),5,AD 71,2025-11-06_10:53:47.028996
ED   17,99.00%,Alvin L. Bragg Jr.,(Working Families),111,AD 71,2025-11-06_10:53:47.028996
ED   17,99.00%,Diana J. Florence,(A Safer Manhattan),27,AD 71,2025-11-06_10:53:47.028996
ED   17,99.00%,WRITE-IN,&nbsp,0,AD 71,2025-11-06_10:53:47.028996
ED   18,99.00%,Alvin L. Bragg Jr.,(Democratic),334,AD 71,2025-11-06_10:53:47.028996
ED   18,99.00%,Maud Maron,(Republican),36,AD 71,2025-11-06_10:53:47.028996
ED   18,99.00%,Maud Maron,(Conservative),4,AD 71,2025-11-06_10:53:47.028996
ED   18,99.00%,Alvin L. Bragg Jr.,(Working Families),78,AD 71,2025-11-06_10:53:47.028996
ED   18,99.00%,Diana J. Florence,(A Safer Manhattan),32,AD 71,2025-11-06_10:53:47.028996
ED   18,99.00%,WRITE-IN,&nbsp,1,AD 71,2025-11-06_10:53:47.028996
ED   19,99.00%,Alvin L. Bragg Jr.,(Democratic),285,AD 71,2025-11-06_10:53:47.028996
ED   19,99.00%,Maud Maron,(Republican),25,AD 71,2025-11-06_10:53:47.028996
ED   19,99.00%,Maud Maron,(Conservative),2,AD 71,2025-11-06_10:53:47.028996
ED   19,99.00%,Alvin L. Bragg Jr.,(Working Families),92,AD 71,2025-11-06_10:53:47.028996
ED   19,99.00%,Diana J. Florence,(A Safer Manhattan),20,AD 71,2025-11-06_10:53:47.028996
ED   19,99.00%,WRITE-IN,&nbsp,0,AD 71,2025-11-06_10:53:47.028996
ED   20,99.00%,Alvin L. Bragg Jr.,(Democratic),228,AD 71,2025-11-06_10:53:47.028996
ED   20,99.00%,Maud Maron,(Republican),37,AD 71,2025-11-06_10:53:47.028996
ED   20,99.00%,Maud Maron,(Conservative),1,AD 71,2025-11-06_10:53:47.028996
ED   20,99.00%,Alvin L. Bragg Jr.,(Working Families),71,AD 71,2025-11-06_10:53:47.028996
ED   20,99.00%,Diana J. Florence,(A Safer Manhattan),27,AD 71,2025-11-06_10:53:47.028996
ED   20,99.00%,WRITE-IN,&nbsp,0,AD 71,2025-11-06_10:53:47.028996
ED   21,99.00%,Alvin L. Bragg Jr.,(Democratic),322,AD 71,2025-11-06_10:53:47.028996
ED   21,99.00%,Maud Maron,(Republican),40,AD 71,2025-11-06_10:53:47.028996
ED   21,99.00%,Maud Maron,(Conservative),4,AD 71,2025-11-06_10:53:47.028996
ED   21,99.00%,Alvin L. Bragg Jr.,(Working Families),60,AD 71,2025-11-06_10:53:47.028996
ED   21,99.00%,Diana J. Florence,(A Safer Manhattan),18,AD 71,2025-11-06_10:53:47.028996
ED   21,99.00%,WRITE-IN,&nbsp,0,AD 71,2025-11-06_10:53:47.028996
ED   22,99.00%,Alvin L. Bragg Jr.,(Democratic),251,AD 71,2025-11-06_10:53:47.028996
ED   22,99.00%,Maud Maron,(Republican),40,AD 71,2025-11-06_10:53:47.028996
ED   22,99.00%,Maud Maron,(Conservative),3,AD 71,2025-11-06_10:53:47.028996
ED   22,99.00%,Alvin L. Bragg Jr.,(Working Families),67,AD 71,2025-11-06_10:53:47.028996
ED   22,99.00%,Diana J. Florence,(A Safer Manhattan),21,AD 71,2025-11-06_10:53:47.028996
ED   22,99.00%,WRITE-IN,&nbsp,0,AD 71,2025-11-06_10:53:47.028996
ED   23,99.00%,Alvin L. Bragg Jr.,(Democratic),301,AD 71,2025-11-06_10:53:47.028996
ED   23,99.00%,Maud Maron,(Republican),44,AD 71,2025-11-06_10:53:47.028996
ED   23,99.00%,Maud Maron,(Conservative),6,AD 71,2025-11-06_10:53:47.028996
ED   23,99.00%,Alvin L. Bragg Jr.,(Working Families),54,AD 71,2025-11-06_10:53:47.028996
ED   23,99.00%,Diana J. Florence,(A Safer Manhattan),28,AD 71,2025-11-06_10:53:47.028996
ED   23,99.00%,WRITE-IN,&nbsp,0,AD 71,2025-11-06_10:53:47.028996
ED   24,99.00%,Alvin L. Bragg Jr.,(Democratic),570,AD 71,2025-11-06_10:53:47.028996
ED   24,99.00%,Maud Maron,(Republican),72,AD 71,2025-11-06_10:53:47.028996
ED   24,99.00%,Maud Maron,(Conservative),10,AD 71,2025-11-06_10:53:47.028996
ED   24,99.00%,Alvin L. Bragg Jr.,(Working Families),109,AD 71,2025-11-06_10:53:47.028996
ED   24,99.00%,Diana J. Florence,(A Safer Manhattan),44,AD 71,2025-11-06_10:53:47.028996
ED   24,99.00%,WRITE-IN,&nbsp,1,AD 71,2025-11-06_10:53:47.028996
ED   25,99.00%,Alvin L. Bragg Jr.,(Democratic),216,AD 71,2025-11-06_10:53:47.028996
ED   25,99.00%,Maud Maron,(Republican),32,AD 71,2025-11-06_10:53:47.028996
ED   25,99.00%,Maud Maron,(Conservative),5,AD 71,2025-11-06_10:53:47.028996
ED   25,99.00%,Alvin L. Bragg Jr.,(Working Families),66,AD 71,2025-11-06_10:53:47.028996
ED   25,99.00%,Diana J. Florence,(A Safer Manhattan),18,AD 71,2025-11-06_10:53:47.028996
ED   25,99.00%,WRITE-IN,&nbsp,0,AD 71,2025-11-06_10:53:47.028996
ED   26,99.00%,Alvin L. Bragg Jr.,(Democratic),353,AD 71,2025-11-06_10:53:47.028996
ED   26,99.00%,Maud Maron,(Republican),17,AD 71,2025-11-06_10:53:47.028996
ED   26,99.00%,Maud Maron,(Conservative),9,AD 71,2025-11-06_10:53:47.028996
ED   26,99.00%,Alvin L. Bragg Jr.,(Working Families),58,AD 71,2025-11-06_10:53:47.028996
ED   26,99.00%,Diana J. Florence,(A Safer Manhattan),7,AD 71,2025-11-06_10:53:47.028996
ED   26,99.00%,WRITE-IN,&nbsp,0,AD 71,2025-11-06_10:53:47.028996
ED   27,99.00%,Alvin L. Bragg Jr.,(Democratic),342,AD 71,2025-11-06_10:53:47.028996
ED   27,99.00%,Maud Maron,(Republican),36,AD 71,2025-11-06_10:53:47.028996
ED   27,99.00%,Maud Maron,(Conservative),2,AD 71,2025-11-06_10:53:47.028996
ED   27,99.00%,Alvin L. Bragg Jr.,(Working Families),84,AD 71,2025-11-06_10:53:47.028996
ED   27,99.00%,Diana J. Florence,(A Safer Manhattan),20,AD 71,2025-11-06_10:53:47.028996
ED   27,99.00%,WRITE-IN,&nbsp,0,AD 71,2025-11-06_10:53:47.028996
ED   28,88.89%,Alvin L. Bragg Jr.,(Democratic),275,AD 71,2025-11-06_10:53:47.028996
ED   28,88.89%,Maud Maron,(Republican),33,AD 71,2025-11-06_10:53:47.028996
ED   28,88.89%,Maud Maron,(Conservative),3,AD 71,2025-11-06_10:53:47.028996
ED   28,88.89%,Alvin L. Bragg Jr.,(Working Families),78,AD 71,2025-11-06_10:53:47.028996
ED   28,88.89%,Diana J. Florence,(A Safer Manhattan),16,AD 71,2025-11-06_10:53:47.028996
ED   28,88.89%,WRITE-IN,&nbsp,0,AD 71,2025-11-06_10:53:47.028996
ED   29,88.89%,Alvin L. Bragg Jr.,(Democratic),283,AD 71,2025-11-06_10:53:47.028996
ED   29,88.89%,Maud Maron,(Republican),28,AD 71,2025-11-06_10:53:47.028996
ED   29,88.89%,Maud Maron,(Conservative),6,AD 71,2025-11-06_10:53:47.028996
ED   29,88.89%,Alvin L. Bragg Jr.,(Working Families),48,AD 71,2025-11-06_10:53:47.028996
ED   29,88.89%,Diana J. Florence,(A Safer Manhattan),19,AD 71,2025-11-06_10:53:47.028996
ED   29,88.89%,WRITE-IN,&nbsp,0,AD 71,2025-11-06_10:53:47.028996
ED   30,99.00%,Alvin L. Bragg Jr.,(Democratic),298,AD 71,2025-11-06_10:53:47.028996
ED   30,99.00%,Maud Maron,(Republican),23,AD 71,2025-11-06_10:53:47.028996
ED   30,99.00%,Maud Maron,(Conservative),8,AD 71,2025-11-06_10:53:47.028996
ED   30,99.00%,Alvin L. Bragg Jr.,(Working Families),80,AD 71,2025-11-06_10:53:47.028996
ED   30,99.00%,Diana J. Florence,(A Safer Manhattan),18,AD 71,2025-11-06_10:53:47.028996
ED   30,99.00%,WRITE-IN,&nbsp,1,AD 71,2025-11-06_10:53:47.028996
ED   31,99.00%,Alvin L. Bragg Jr.,(Democratic),178,AD 71,2025-11-06_10:53:47.028996
ED   31,99.00%,Maud Maron,(Republican),8,AD 71,2025-11-06_10:53:47.028996
ED   31,99.00%,Maud Maron,(Conservative),0,AD 71,2025-11-06_10:53:47.028996
ED   31,99.00%,Alvin L. Bragg Jr.,(Working Families),13,AD 71,2025-11-06_10:53:47.028996
ED   31,99.00%,Diana J. Florence,(A Safer Manhattan),11,AD 71,2025-11-06_10:53:47.028996
ED   31,99.00%,WRITE-IN,&nbsp,1,AD 71,2025-11-06_10:53:47.028996
ED   32,99.00%,Alvin L. Bragg Jr.,(Democratic),270,AD 71,2025-11-06_10:53:47.028996
ED   32,99.00%,Maud Maron,(Republican),18,AD 71,2025-11-06_10:53:47.028996
ED   32,99.00%,Maud Maron,(Conservative),3,AD 71,2025-11-06_10:53:47.028996
ED   32,99.00%,Alvin L. Bragg Jr.,(Working Families),22,AD 71,2025-11-06_10:53:47.028996
ED   32,99.00%,Diana J. Florence,(A Safer Manhattan),24,AD 71,2025-11-06_10:53:47.028996
ED   32,99.00%,WRITE-IN,&nbsp,0,AD 71,2025-11-06_10:53:47.028996
ED   33,99.00%,Alvin L. Bragg Jr.,(Democratic),58,AD 71,2025-11-06_10:53:47.028996
ED   33,99.00%,Maud Maron,(Republican),8,AD 71,2025-11-06_10:53:47.028996
ED   33,99.00%,Maud Maron,(Conservative),1,AD 71,2025-11-06_10:53:47.028996
ED   33,99.00%,Alvin L. Bragg Jr.,(Working Families),8,AD 71,2025-11-06_10:53:47.028996
ED   33,99.00%,Diana J. Florence,(A Safer Manhattan),6,AD 71,2025-11-06_10:53:47.028996
ED   33,99.00%,WRITE-IN,&nbsp,1,AD 71,2025-11-06_10:53:47.028996
ED   34,99.00%,Alvin L. Bragg Jr.,(Democratic),215,AD 71,2025-11-06_10:53:47.028996
ED   34,99.00%,Maud Maron,(Republican),27,AD 71,2025-11-06_10:53:47.028996
ED   34,99.00%,Maud Maron,(Conservative),4,AD 71,2025-11-06_10:53:47.028996
ED   34,99.00%,Alvin L. Bragg Jr.,(Working Families),25,AD 71,2025-11-06_10:53:47.028996
ED   34,99.00%,Diana J. Florence,(A Safer Manhattan),15,AD 71,2025-11-06_10:53:47.028996
ED   34,99.00%,WRITE-IN,&nbsp,0,AD 71,2025-11-06_10:53:47.028996
ED   35,99.00%,Alvin L. Bragg Jr.,(Democratic),328,AD 71,2025-11-06_10:53:47.028996
ED   35,99.00%,Maud Maron,(Republican),23,AD 71,2025-11-06_10:53:47.028996
ED   35,99.00%,Maud Maron,(Conservative),8,AD 71,2025-11-06_10:53:47.028996
ED   35,99.00%,Alvin L. Bragg Jr.,(Working Families),78,AD 71,2025-11-06_10:53:47.028996
ED   35,99.00%,Diana J. Florence,(A Safer Manhattan),23,AD 71,2025-11-06_10:53:47.028996
ED   35,99.00%,WRITE-IN,&nbsp,0,AD 71,2025-11-06_10:53:47.028996
ED   36,99.00%,Alvin L. Bragg Jr.,(Democratic),390,AD 71,2025-11-06_10:53:47.028996
ED   36,99.00%,Maud Maron,(Republican),28,AD 71,2025-11-06_10:53:47.028996
ED   36,99.00%,Maud Maron,(Conservative),7,AD 71,2025-11-06_10:53:47.028996
ED   36,99.00%,Alvin L. Bragg Jr.,(Working Families),102,AD 71,2025-11-06_10:53:47.028996
ED   36,99.00%,Diana J. Florence,(A Safer Manhattan),18,AD 71,2025-11-06_10:53:47.028996
ED   36,99.00%,WRITE-IN,&nbsp,0,AD 71,2025-11-06_10:53:47.028996
ED   37,99.00%,Alvin L. Bragg Jr.,(Democratic),304,AD 71,2025-11-06_10:53:47.028996
ED   37,99.00%,Maud Maron,(Republican),31,AD 71,2025-11-06_10:53:47.028996
ED   37,99.00%,Maud Maron,(Conservative),8,AD 71,2025-11-06_10:53:47.028996
ED   37,99.00%,Alvin L. Bragg Jr.,(Working Families),56,AD 71,2025-11-06_10:53:47.028996
ED   37,99.00%,Diana J. Florence,(A Safer Manhattan),13,AD 71,2025-11-06_10:53:47.028996
ED   37,99.00%,WRITE-IN,&nbsp,0,AD 71,2025-11-06_10:53:47.028996
ED   38,99.00%,Alvin L. Bragg Jr.,(Democratic),405,AD 71,2025-11-06_10:53:47.028996
ED   38,99.00%,Maud Maron,(Republican),35,AD 71,2025-11-06_10:53:47.028996
ED   38,99.00%,Maud Maron,(Conservative),5,AD 71,2025-11-06_10:53:47.028996
ED   38,99.00%,Alvin L. Bragg Jr.,(Working Families),106,AD 71,2025-11-06_10:53:47.028996
ED   38,99.00%,Diana J. Florence,(A Safer Manhattan),13,AD 71,2025-11-06_10:53:47.028996
ED   38,99.00%,WRITE-IN,&nbsp,0,AD 71,2025-11-06_10:53:47.028996
ED   39,99.00%,Alvin L. Bragg Jr.,(Democratic),391,AD 71,2025-11-06_10:53:47.028996
ED   39,99.00%,Maud Maron,(Republican),37,AD 71,2025-11-06_10:53:47.028996
ED   39,99.00%,Maud Maron,(Conservative),4,AD 71,2025-11-06_10:53:47.028996
ED   39,99.00%,Alvin L. Bragg Jr.,(Working Families),96,AD 71,2025-11-06_10:53:47.028996
ED   39,99.00%,Diana J. Florence,(A Safer Manhattan),24,AD 71,2025-11-06_10:53:47.028996
ED   39,99.00%,WRITE-IN,&nbsp,0,AD 71,2025-11-06_10:53:47.028996
ED   40,99.00%,Alvin L. Bragg Jr.,(Democratic),361,AD 71,2025-11-06_10:53:47.028996
ED   40,99.00%,Maud Maron,(Republican),22,AD 71,2025-11-06_10:53:47.028996
ED   40,99.00%,Maud Maron,(Conservative),8,AD 71,2025-11-06_10:53:47.028996
ED   40,99.00%,Alvin L. Bragg Jr.,(Working Families),78,AD 71,2025-11-06_10:53:47.028996
ED   40,99.00%,Diana J. Florence,(A Safer Manhattan),12,AD 71,2025-11-06_10:53:47.028996
ED   40,99.00%,WRITE-IN,&nbsp,0,AD 71,2025-11-06_10:53:47.028996
ED   41,99.00%,Alvin L. Bragg Jr.,(Democratic),393,AD 71,2025-11-06_10:53:47.028996
ED   41,99.00%,Maud Maron,(Republican),31,AD 71,2025-11-06_10:53:47.028996
ED   41,99.00%,Maud Maron,(Conservative),3,AD 71,2025-11-06_10:53:47.028996
ED   41,99.00%,Alvin L. Bragg Jr.,(Working Families),101,AD 71,2025-11-06_10:53:47.028996
ED   41,99.00%,Diana J. Florence,(A Safer Manhattan),18,AD 71,2025-11-06_10:53:47.028996
ED   41,99.00%,WRITE-IN,&nbsp,3,AD 71,2025-11-06_10:53:47.028996
ED   42,99.00%,Alvin L. Bragg Jr.,(Democratic),437,AD 71,2025-11-06_10:53:47.028996
ED   42,99.00%,Maud Maron,(Republican),32,AD 71,2025-11-06_10:53:47.028996
ED   42,99.00%,Maud Maron,(Conservative),5,AD 71,2025-11-06_10:53:47.028996
ED   42,99.00%,Alvin L. Bragg Jr.,(Working Families),102,AD 71,2025-11-06_10:53:47.028996
ED   42,99.00%,Diana J. Florence,(A Safer Manhattan),36,AD 71,2025-11-06_10:53:47.028996
ED   42,99.00%,WRITE-IN,&nbsp,1,AD 71,2025-11-06_10:53:47.028996
ED   43,99.00%,Alvin L. Bragg Jr.,(Democratic),222,AD 71,2025-11-06_10:53:47.028996
ED   43,99.00%,Maud Maron,(Republican),13,AD 71,2025-11-06_10:53:47.028996
ED   43,99.00%,Maud Maron,(Conservative),5,AD 71,2025-11-06_10:53:47.028996
ED   43,99.00%,Alvin L. Bragg Jr.,(Working Families),67,AD 71,2025-11-06_10:53:47.028996
ED   43,99.00%,Diana J. Florence,(A Safer Manhattan),22,AD 71,2025-11-06_10:53:47.028996
ED   43,99.00%,WRITE-IN,&nbsp,0,AD 71,2025-11-06_10:53:47.028996
ED   44,99.00%,Alvin L. Bragg Jr.,(Democratic),269,AD 71,2025-11-06_10:53:47.028996
ED   44,99.00%,Maud Maron,(Republican),31,AD 71,2025-11-06_10:53:47.028996
ED   44,99.00%,Maud Maron,(Conservative),1,AD 71,2025-11-06_10:53:47.028996
ED   44,99.00%,Alvin L. Bragg Jr.,(Working Families),66,AD 71,2025-11-06_10:53:47.028996
ED   44,99.00%,Diana J. Florence,(A Safer Manhattan),20,AD 71,2025-11-06_10:53:47.028996
ED   44,99.00%,WRITE-IN,&nbsp,0,AD 71,2025-11-06_10:53:47.028996
ED   45,99.00%,Alvin L. Bragg Jr.,(Democratic),255,AD 71,2025-11-06_10:53:47.028996
ED   45,99.00%,Maud Maron,(Republican),28,AD 71,2025-11-06_10:53:47.028996
ED   45,99.00%,Maud Maron,(Conservative),6,AD 71,2025-11-06_10:53:47.028996
ED   45,99.00%,Alvin L. Bragg Jr.,(Working Families),64,AD 71,2025-11-06_10:53:47.028996
ED   45,99.00%,Diana J. Florence,(A Safer Manhattan),18,AD 71,2025-11-06_10:53:47.028996
ED   45,99.00%,WRITE-IN,&nbsp,0,AD 71,2025-11-06_10:53:47.028996
ED   46,99.00%,Alvin L. Bragg Jr.,(Democratic),319,AD 71,2025-11-06_10:53:47.028996
ED   46,99.00%,Maud Maron,(Republican),41,AD 71,2025-11-06_10:53:47.028996
ED   46,99.00%,Maud Maron,(Conservative),10,AD 71,2025-11-06_10:53:47.028996
ED   46,99.00%,Alvin L. Bragg Jr.,(Working Families),79,AD 71,2025-11-06_10:53:47.028996
ED   46,99.00%,Diana J. Florence,(A Safer Manhattan),30,AD 71,2025-11-06_10:53:47.028996
ED   46,99.00%,WRITE-IN,&nbsp,1,AD 71,2025-11-06_10:53:47.028996
ED   47,99.00%,Alvin L. Bragg Jr.,(Democratic),233,AD 71,2025-11-06_10:53:47.028996
ED   47,99.00%,Maud Maron,(Republican),29,AD 71,2025-11-06_10:53:47.028996
ED   47,99.00%,Maud Maron,(Conservative),1,AD 71,2025-11-06_10:53:47.028996
ED   47,99.00%,Alvin L. Bragg Jr.,(Working Families),43,AD 71,2025-11-06_10:53:47.028996
ED   47,99.00%,Diana J. Florence,(A Safer Manhattan),16,AD 71,2025-11-06_10:53:47.028996
ED   47,99.00%,WRITE-IN,&nbsp,0,AD 71,2025-11-06_10:53:47.028996
ED   48,99.00%,Alvin L. Bragg Jr.,(Democratic),377,AD 71,2025-11-06_10:53:47.028996
ED   48,99.00%,Maud Maron,(Republican),29,AD 71,2025-11-06_10:53:47.028996
ED   48,99.00%,Maud Maron,(Conservative),4,AD 71,2025-11-06_10:53:47.028996
ED   48,99.00%,Alvin L. Bragg Jr.,(Working Families),91,AD 71,2025-11-06_10:53:47.028996
ED   48,99.00%,Diana J. Florence,(A Safer Manhattan),30,AD 71,2025-11-06_10:53:47.028996
ED   48,99.00%,WRITE-IN,&nbsp,0,AD 71,2025-11-06_10:53:47.028996
ED   49,99.00%,Alvin L. Bragg Jr.,(Democratic),404,AD 71,2025-11-06_10:53:47.028996
ED   49,99.00%,Maud Maron,(Republican),33,AD 71,2025-11-06_10:53:47.028996
ED   49,99.00%,Maud Maron,(Conservative),4,AD 71,2025-11-06_10:53:47.028996
ED   49,99.00%,Alvin L. Bragg Jr.,(Working Families),117,AD 71,2025-11-06_10:53:47.028996
ED   49,99.00%,Diana J. Florence,(A Safer Manhattan),17,AD 71,2025-11-06_10:53:47.028996
ED   49,99.00%,WRITE-IN,&nbsp,1,AD 71,2025-11-06_10:53:47.028996
ED   50,99.00%,Alvin L. Bragg Jr.,(Democratic),291,AD 71,2025-11-06_10:53:47.028996
ED   50,99.00%,Maud Maron,(Republican),31,AD 71,2025-11-06_10:53:47.028996
ED   50,99.00%,Maud Maron,(Conservative),5,AD 71,2025-11-06_10:53:47.028996
ED   50,99.00%,Alvin L. Bragg Jr.,(Working Families),72,AD 71,2025-11-06_10:53:47.028996
ED   50,99.00%,Diana J. Florence,(A Safer Manhattan),17,AD 71,2025-11-06_10:53:47.028996
ED   50,99.00%,WRITE-IN,&nbsp,0,AD 71,2025-11-06_10:53:47.028996
ED   51,99.00%,Alvin L. Bragg Jr.,(Democratic),518,AD 71,2025-11-06_10:53:47.028996
ED   51,99.00%,Maud Maron,(Republican),28,AD 71,2025-11-06_10:53:47.028996
ED   51,99.00%,Maud Maron,(Conservative),5,AD 71,2025-11-06_10:53:47.028996
ED   51,99.00%,Alvin L. Bragg Jr.,(Working Families),126,AD 71,2025-11-06_10:53:47.028996
ED   51,99.00%,Diana J. Florence,(A Safer Manhattan),22,AD 71,2025-11-06_10:53:47.028996
ED   51,99.00%,WRITE-IN,&nbsp,0,AD 71,2025-11-06_10:53:47.028996
ED   52,99.00%,Alvin L. Bragg Jr.,(Democratic),548,AD 71,2025-11-06_10:53:47.028996
ED   52,99.00%,Maud Maron,(Republican),24,AD 71,2025-11-06_10:53:47.028996
ED   52,99.00%,Maud Maron,(Conservative),4,AD 71,2025-11-06_10:53:47.028996
ED   52,99.00%,Alvin L. Bragg Jr.,(Working Families),144,AD 71,2025-11-06_10:53:47.028996
ED   52,99.00%,Diana J. Florence,(A Safer Manhattan),20,AD 71,2025-11-06_10:53:47.028996
ED   52,99.00%,WRITE-IN,&nbsp,0,AD 71,2025-11-06_10:53:47.028996
ED   53,99.00%,Alvin L. Bragg Jr.,(Democratic),248,AD 71,2025-11-06_10:53:47.028996
ED   53,99.00%,Maud Maron,(Republican),11,AD 71,2025-11-06_10:53:47.028996
ED   53,99.00%,Maud Maron,(Conservative),2,AD 71,2025-11-06_10:53:47.028996
ED   53,99.00%,Alvin L. Bragg Jr.,(Working Families),35,AD 71,2025-11-06_10:53:47.028996
ED   53,99.00%,Diana J. Florence,(A Safer Manhattan),12,AD 71,2025-11-06_10:53:47.028996
ED   53,99.00%,WRITE-IN,&nbsp,0,AD 71,2025-11-06_10:53:47.028996
ED   54,99.00%,Alvin L. Bragg Jr.,(Democratic),310,AD 71,2025-11-06_10:53:47.028996
ED   54,99.00%,Maud Maron,(Republican),17,AD 71,2025-11-06_10:53:47.028996
ED   54,99.00%,Maud Maron,(Conservative),3,AD 71,2025-11-06_10:53:47.028996
ED   54,99.00%,Alvin L. Bragg Jr.,(Working Families),31,AD 71,2025-11-06_10:53:47.028996
ED   54,99.00%,Diana J. Florence,(A Safer Manhattan),25,AD 71,2025-11-06_10:53:47.028996
ED   54,99.00%,WRITE-IN,&nbsp,1,AD 71,2025-11-06_10:53:47.028996
ED   55,99.00%,Alvin L. Bragg Jr.,(Democratic),505,AD 71,2025-11-06_10:53:47.028996
ED   55,99.00%,Maud Maron,(Republican),42,AD 71,2025-11-06_10:53:47.028996
ED   55,99.00%,Maud Maron,(Conservative),7,AD 71,2025-11-06_10:53:47.028996
ED   55,99.00%,Alvin L. Bragg Jr.,(Working Families),122,AD 71,2025-11-06_10:53:47.028996
ED   55,99.00%,Diana J. Florence,(A Safer Manhattan),25,AD 71,2025-11-06_10:53:47.028996
ED   55,99.00%,WRITE-IN,&nbsp,1,AD 71,2025-11-06_10:53:47.028996
ED   56,99.00%,Alvin L. Bragg Jr.,(Democratic),365,AD 71,2025-11-06_10:53:47.028996
ED   56,99.00%,Maud Maron,(Republican),29,AD 71,2025-11-06_10:53:47.028996
ED   56,99.00%,Maud Maron,(Conservative),7,AD 71,2025-11-06_10:53:47.028996
ED   56,99.00%,Alvin L. Bragg Jr.,(Working Families),85,AD 71,2025-11-06_10:53:47.028996
ED   56,99.00%,Diana J. Florence,(A Safer Manhattan),27,AD 71,2025-11-06_10:53:47.028996
ED   56,99.00%,WRITE-IN,&nbsp,0,AD 71,2025-11-06_10:53:47.028996
ED   57,99.00%,Alvin L. Bragg Jr.,(Democratic),398,AD 71,2025-11-06_10:53:47.028996
ED   57,99.00%,Maud Maron,(Republican),13,AD 71,2025-11-06_10:53:47.028996
ED   57,99.00%,Maud Maron,(Conservative),3,AD 71,2025-11-06_10:53:47.028996
ED   57,99.00%,Alvin L. Bragg Jr.,(Working Families),71,AD 71,2025-11-06_10:53:47.028996
ED   57,99.00%,Diana J. Florence,(A Safer Manhattan),17,AD 71,2025-11-06_10:53:47.028996
ED   57,99.00%,WRITE-IN,&nbsp,2,AD 71,2025-11-06_10:53:47.028996
ED   58,99.00%,Alvin L. Bragg Jr.,(Democratic),380,AD 71,2025-11-06_10:53:47.028996
ED   58,99.00%,Maud Maron,(Republican),27,AD 71,2025-11-06_10:53:47.028996
ED   58,99.00%,Maud Maron,(Conservative),4,AD 71,2025-11-06_10:53:47.028996
ED   58,99.00%,Alvin L. Bragg Jr.,(Working Families),83,AD 71,2025-11-06_10:53:47.028996
ED   58,99.00%,Diana J. Florence,(A Safer Manhattan),23,AD 71,2025-11-06_10:53:47.028996
ED   58,99.00%,WRITE-IN,&nbsp,1,AD 71,2025-11-06_10:53:47.028996
ED   59,99.00%,Alvin L. Bragg Jr.,(Democratic),488,AD 71,2025-11-06_10:53:47.028996
ED   59,99.00%,Maud Maron,(Republican),45,AD 71,2025-11-06_10:53:47.028996
ED   59,99.00%,Maud Maron,(Conservative),6,AD 71,2025-11-06_10:53:47.028996
ED   59,99.00%,Alvin L. Bragg Jr.,(Working Families),110,AD 71,2025-11-06_10:53:47.028996
ED   59,99.00%,Diana J. Florence,(A Safer Manhattan),28,AD 71,2025-11-06_10:53:47.028996
ED   59,99.00%,WRITE-IN,&nbsp,2,AD 71,2025-11-06_10:53:47.028996
ED   60,90.00%,Alvin L. Bragg Jr.,(Democratic),351,AD 71,2025-11-06_10:53:47.028996
ED   60,90.00%,Maud Maron,(Republican),9,AD 71,2025-11-06_10:53:47.028996
ED   60,90.00%,Maud Maron,(Conservative),4,AD 71,2025-11-06_10:53:47.028996
ED   60,90.00%,Alvin L. Bragg Jr.,(Working Families),54,AD 71,2025-11-06_10:53:47.028996
ED   60,90.00%,Diana J. Florence,(A Safer Manhattan),18,AD 71,2025-11-06_10:53:47.028996
ED   60,90.00%,WRITE-IN,&nbsp,4,AD 71,2025-11-06_10:53:47.028996
ED   61,99.00%,Alvin L. Bragg Jr.,(Democratic),641,AD 71,2025-11-06_10:53:47.028996
ED   61,99.00%,Maud Maron,(Republican),10,AD 71,2025-11-06_10:53:47.028996
ED   61,99.00%,Maud Maron,(Conservative),4,AD 71,2025-11-06_10:53:47.028996
ED   61,99.00%,Alvin L. Bragg Jr.,(Working Families),62,AD 71,2025-11-06_10:53:47.028996
ED   61,99.00%,Diana J. Florence,(A Safer Manhattan),18,AD 71,2025-11-06_10:53:47.028996
ED   61,99.00%,WRITE-IN,&nbsp,1,AD 71,2025-11-06_10:53:47.028996
ED   62,99.00%,Alvin L. Bragg Jr.,(Democratic),399,AD 71,2025-11-06_10:53:47.028996
ED   62,99.00%,Maud Maron,(Republican),10,AD 71,2025-11-06_10:53:47.028996
ED   62,99.00%,Maud Maron,(Conservative),1,AD 71,2025-11-06_10:53:47.028996
ED   62,99.00%,Alvin L. Bragg Jr.,(Working Families),17,AD 71,2025-11-06_10:53:47.028996
ED   62,99.00%,Diana J. Florence,(A Safer Manhattan),30,AD 71,2025-11-06_10:53:47.028996
ED   62,99.00%,WRITE-IN,&nbsp,0,AD 71,2025-11-06_10:53:47.028996
ED   63,99.00%,Alvin L. Bragg Jr.,(Democratic),318,AD 71,2025-11-06_10:53:47.028996
ED   63,99.00%,Maud Maron,(Republican),9,AD 71,2025-11-06_10:53:47.028996
ED   63,99.00%,Maud Maron,(Conservative),1,AD 71,2025-11-06_10:53:47.028996
ED   63,99.00%,Alvin L. Bragg Jr.,(Working Families),51,AD 71,2025-11-06_10:53:47.028996
ED   63,99.00%,Diana J. Florence,(A Safer Manhattan),16,AD 71,2025-11-06_10:53:47.028996
ED   63,99.00%,WRITE-IN,&nbsp,1,AD 71,2025-11-06_10:53:47.028996
ED   64,57.14%,Alvin L. Bragg Jr.,(Democratic),73,AD 71,2025-11-06_10:53:47.028996
ED   64,57.14%,Maud Maron,(Republican),3,AD 71,2025-11-06_10:53:47.028996
ED   64,57.14%,Maud Maron,(Conservative),0,AD 71,2025-11-06_10:53:47.028996
ED   64,57.14%,Alvin L. Bragg Jr.,(Working Families),15,AD 71,2025-11-06_10:53:47.028996
ED   64,57.14%,Diana J. Florence,(A Safer Manhattan),9,AD 71,2025-11-06_10:53:47.028996
ED   64,57.14%,WRITE-IN,&nbsp,1,AD 71,2025-11-06_10:53:47.028996
ED   65,99.00%,Alvin L. Bragg Jr.,(Democratic),37,AD 71,2025-11-06_10:53:47.028996
ED   65,99.00%,Maud Maron,(Republican),15,AD 71,2025-11-06_10:53:47.028996
ED   65,99.00%,Maud Maron,(Conservative),1,AD 71,2025-11-06_10:53:47.028996
ED   65,99.00%,Alvin L. Bragg Jr.,(Working Families),2,AD 71,2025-11-06_10:53:47.028996
ED   65,99.00%,Diana J. Florence,(A Safer Manhattan),7,AD 71,2025-11-06_10:53:47.028996
ED   65,99.00%,WRITE-IN,&nbsp,0,AD 71,2025-11-06_10:53:47.028996
ED   66,99.00%,Alvin L. Bragg Jr.,(Democratic),0,AD 71,2025-11-06_10:53:47.028996
ED   66,99.00%,Maud Maron,(Republican),0,AD 71,2025-11-06_10:53:47.028996
ED   66,99.00%,Maud Maron,(Conservative),0,AD 71,2025-11-06_10:53:47.028996
ED   66,99.00%,Alvin L. Bragg Jr.,(Working Families),0,AD 71,2025-11-06_10:53:47.028996
ED   66,99.00%,Diana J. Florence,(A Safer Manhattan),0,AD 71,2025-11-06_10:53:47.028996
ED   66,99.00%,WRITE-IN,&nbsp,0,AD 71,2025-11-06_10:53:47.028996
ED   67,99.00%,Alvin L. Bragg Jr.,(Democratic),0,AD 71,2025-11-06_10:53:47.028996
ED   67,99.00%,Maud Maron,(Republican),0,AD 71,2025-11-06_10:53:47.028996
ED   67,99.00%,Maud Maron,(Conservative),0,AD 71,2025-11-06_10:53:47.028996
ED   67,99.00%,Alvin L. Bragg Jr.,(Working Families),0,AD 71,2025-11-06_10:53:47.028996
ED   67,99.00%,Diana J. Florence,(A Safer Manhattan),0,AD 71,2025-11-06_10:53:47.028996
ED   67,99.00%,WRITE-IN,&nbsp,0,AD 71,2025-11-06_10:53:47.028996
ED   68,99.00%,Alvin L. Bragg Jr.,(Democratic),0,AD 71,2025-11-06_10:53:47.028996
ED   68,99.00%,Maud Maron,(Republican),0,AD 71,2025-11-06_10:53:47.028996
ED   68,99.00%,Maud Maron,(Conservative),0,AD 71,2025-11-06_10:53:47.028996
ED   68,99.00%,Alvin L. Bragg Jr.,(Working Families),0,AD 71,2025-11-06_10:53:47.028996
ED   68,99.00%,Diana J. Florence,(A Safer Manhattan),0,AD 71,2025-11-06_10:53:47.028996
ED   68,99.00%,WRITE-IN,&nbsp,0,AD 71,2025-11-06_10:53:47.028996
ED   69,99.00%,Alvin L. Bragg Jr.,(Democratic),0,AD 71,2025-11-06_10:53:47.028996
ED   69,99.00%,Maud Maron,(Republican),0,AD 71,2025-11-06_10:53:47.028996
ED   69,99.00%,Maud Maron,(Conservative),0,AD 71,2025-11-06_10:53:47.028996
ED   69,99.00%,Alvin L. Bragg Jr.,(Working Families),0,AD 71,2025-11-06_10:53:47.028996
ED   69,99.00%,Diana J. Florence,(A Safer Manhattan),0,AD 71,2025-11-06_10:53:47.028996
ED   69,99.00%,WRITE-IN,&nbsp,0,AD 71,2025-11-06_10:53:47.028996
ED   70,99.00%,Alvin L. Bragg Jr.,(Democratic),0,AD 71,2025-11-06_10:53:47.028996
ED   70,99.00%,Maud Maron,(Republican),0,AD 71,2025-11-06_10:53:47.028996
ED   70,99.00%,Maud Maron,(Conservative),0,AD 71,2025-11-06_10:53:47.028996
ED   70,99.00%,Alvin L. Bragg Jr.,(Working Families),0,AD 71,2025-11-06_10:53:47.028996
ED   70,99.00%,Diana J. Florence,(A Safer Manhattan),0,AD 71,2025-11-06_10:53:47.028996
ED   70,99.00%,WRITE-IN,&nbsp,0,AD 71,2025-11-06_10:53:47.028996
ED   71,99.00%,Alvin L. Bragg Jr.,(Democratic),0,AD 71,2025-11-06_10:53:47.028996
ED   71,99.00%,Maud Maron,(Republican),0,AD 71,2025-11-06_10:53:47.028996
ED   71,99.00%,Maud Maron,(Conservative),0,AD 71,2025-11-06_10:53:47.028996
ED   71,99.00%,Alvin L. Bragg Jr.,(Working Families),0,AD 71,2025-11-06_10:53:47.028996
ED   71,99.00%,Diana J. Florence,(A Safer Manhattan),0,AD 71,2025-11-06_10:53:47.028996
ED   71,99.00%,WRITE-IN,&nbsp,0,AD 71,2025-11-06_10:53:47.028996
Total,,Alvin L. Bragg Jr.,(Democratic),23096,AD 71,2025-11-06_10:53:47.028996
Total,,Maud Maron,(Republican),2418,AD 71,2025-11-06_10:53:47.028996
Total,,Maud Maron,(Conservative),350,AD 71,2025-11-06_10:53:47.028996
Total,,Alvin L. Bragg Jr.,(Working Families),5656,AD 71,2025-11-06_10:53:47.028996
Total,,Diana J. Florence,(A Safer Manhattan),1533,AD 71,2025-11-06_10:53:47.028996
Total,,WRITE-IN,&nbsp,39,AD 71,2025-11-06_10:53:47.028996
ED    1,99.00%,Alvin L. Bragg Jr.,(Democratic),260,AD 72,2025-11-06_10:53:47.028996
ED    1,99.00%,Maud Maron,(Republican),25,AD 72,2025-11-06_10:53:47.028996
ED    1,99.00%,Maud Maron,(Conservative),3,AD 72,2025-11-06_10:53:47.028996
ED    1,99.00%,Alvin L. Bragg Jr.,(Working Families),17,AD 72,2025-11-06_10:53:47.028996
ED    1,99.00%,Diana J. Florence,(A Safer Manhattan),12,AD 72,2025-11-06_10:53:47.028996
ED    1,99.00%,WRITE-IN,&nbsp,0,AD 72,2025-11-06_10:53:47.028996
ED    2,99.00%,Alvin L. Bragg Jr.,(Democratic),257,AD 72,2025-11-06_10:53:47.028996
ED    2,99.00%,Maud Maron,(Republican),51,AD 72,2025-11-06_10:53:47.028996
ED    2,99.00%,Maud Maron,(Conservative),0,AD 72,2025-11-06_10:53:47.028996
ED    2,99.00%,Alvin L. Bragg Jr.,(Working Families),47,AD 72,2025-11-06_10:53:47.028996
ED    2,99.00%,Diana J. Florence,(A Safer Manhattan),18,AD 72,2025-11-06_10:53:47.028996
ED    2,99.00%,WRITE-IN,&nbsp,1,AD 72,2025-11-06_10:53:47.028996
ED    3,99.00%,Alvin L. Bragg Jr.,(Democratic),272,AD 72,2025-11-06_10:53:47.028996
ED    3,99.00%,Maud Maron,(Republican),56,AD 72,2025-11-06_10:53:47.028996
ED    3,99.00%,Maud Maron,(Conservative),5,AD 72,2025-11-06_10:53:47.028996
ED    3,99.00%,Alvin L. Bragg Jr.,(Working Families),52,AD 72,2025-11-06_10:53:47.028996
ED    3,99.00%,Diana J. Florence,(A Safer Manhattan),24,AD 72,2025-11-06_10:53:47.028996
ED    3,99.00%,WRITE-IN,&nbsp,0,AD 72,2025-11-06_10:53:47.028996
ED    4,99.00%,Alvin L. Bragg Jr.,(Democratic),543,AD 72,2025-11-06_10:53:47.028996
ED    4,99.00%,Maud Maron,(Republican),70,AD 72,2025-11-06_10:53:47.028996
ED    4,99.00%,Maud Maron,(Conservative),14,AD 72,2025-11-06_10:53:47.028996
ED    4,99.00%,Alvin L. Bragg Jr.,(Working Families),192,AD 72,2025-11-06_10:53:47.028996
ED    4,99.00%,Diana J. Florence,(A Safer Manhattan),49,AD 72,2025-11-06_10:53:47.028996
ED    4,99.00%,WRITE-IN,&nbsp,2,AD 72,2025-11-06_10:53:47.028996
ED    5,99.00%,Alvin L. Bragg Jr.,(Democratic),515,AD 72,2025-11-06_10:53:47.028996
ED    5,99.00%,Maud Maron,(Republican),62,AD 72,2025-11-06_10:53:47.028996
ED    5,99.00%,Maud Maron,(Conservative),13,AD 72,2025-11-06_10:53:47.028996
ED    5,99.00%,Alvin L. Bragg Jr.,(Working Families),187,AD 72,2025-11-06_10:53:47.028996
ED    5,99.00%,Diana J. Florence,(A Safer Manhattan),76,AD 72,2025-11-06_10:53:47.028996
ED    5,99.00%,WRITE-IN,&nbsp,1,AD 72,2025-11-06_10:53:47.028996
ED    6,99.00%,Alvin L. Bragg Jr.,(Democratic),377,AD 72,2025-11-06_10:53:47.028996
ED    6,99.00%,Maud Maron,(Republican),69,AD 72,2025-11-06_10:53:47.028996
ED    6,99.00%,Maud Maron,(Conservative),13,AD 72,2025-11-06_10:53:47.028996
ED    6,99.00%,Alvin L. Bragg Jr.,(Working Families),112,AD 72,2025-11-06_10:53:47.028996
ED    6,99.00%,Diana J. Florence,(A Safer Manhattan),47,AD 72,2025-11-06_10:53:47.028996
ED    6,99.00%,WRITE-IN,&nbsp,2,AD 72,2025-11-06_10:53:47.028996
ED    7,99.00%,Alvin L. Bragg Jr.,(Democratic),194,AD 72,2025-11-06_10:53:47.028996
ED    7,99.00%,Maud Maron,(Republican),47,AD 72,2025-11-06_10:53:47.028996
ED    7,99.00%,Maud Maron,(Conservative),4,AD 72,2025-11-06_10:53:47.028996
ED    7,99.00%,Alvin L. Bragg Jr.,(Working Families),53,AD 72,2025-11-06_10:53:47.028996
ED    7,99.00%,Diana J. Florence,(A Safer Manhattan),39,AD 72,2025-11-06_10:53:47.028996
ED    7,99.00%,WRITE-IN,&nbsp,2,AD 72,2025-11-06_10:53:47.028996
ED    8,99.00%,Alvin L. Bragg Jr.,(Democratic),332,AD 72,2025-11-06_10:53:47.028996
ED    8,99.00%,Maud Maron,(Republican),39,AD 72,2025-11-06_10:53:47.028996
ED    8,99.00%,Maud Maron,(Conservative),7,AD 72,2025-11-06_10:53:47.028996
ED    8,99.00%,Alvin L. Bragg Jr.,(Working Families),133,AD 72,2025-11-06_10:53:47.028996
ED    8,99.00%,Diana J. Florence,(A Safer Manhattan),32,AD 72,2025-11-06_10:53:47.028996
ED    8,99.00%,WRITE-IN,&nbsp,1,AD 72,2025-11-06_10:53:47.028996
ED    9,99.00%,Alvin L. Bragg Jr.,(Democratic),448,AD 72,2025-11-06_10:53:47.028996
ED    9,99.00%,Maud Maron,(Republican),69,AD 72,2025-11-06_10:53:47.028996
ED    9,99.00%,Maud Maron,(Conservative),10,AD 72,2025-11-06_10:53:47.028996
ED    9,99.00%,Alvin L. Bragg Jr.,(Working Families),152,AD 72,2025-11-06_10:53:47.028996
ED    9,99.00%,Diana J. Florence,(A Safer Manhattan),41,AD 72,2025-11-06_10:53:47.028996
ED    9,99.00%,WRITE-IN,&nbsp,0,AD 72,2025-11-06_10:53:47.028996
ED   10,99.00%,Alvin L. Bragg Jr.,(Democratic),379,AD 72,2025-11-06_10:53:47.028996
ED   10,99.00%,Maud Maron,(Republican),43,AD 72,2025-11-06_10:53:47.028996
ED   10,99.00%,Maud Maron,(Conservative),4,AD 72,2025-11-06_10:53:47.028996
ED   10,99.00%,Alvin L. Bragg Jr.,(Working Families),109,AD 72,2025-11-06_10:53:47.028996
ED   10,99.00%,Diana J. Florence,(A Safer Manhattan),28,AD 72,2025-11-06_10:53:47.028996
ED   10,99.00%,WRITE-IN,&nbsp,1,AD 72,2025-11-06_10:53:47.028996
ED   11,99.00%,Alvin L. Bragg Jr.,(Democratic),189,AD 72,2025-11-06_10:53:47.028996
ED   11,99.00%,Maud Maron,(Republican),42,AD 72,2025-11-06_10:53:47.028996
ED   11,99.00%,Maud Maron,(Conservative),2,AD 72,2025-11-06_10:53:47.028996
ED   11,99.00%,Alvin L. Bragg Jr.,(Working Families),36,AD 72,2025-11-06_10:53:47.028996
ED   11,99.00%,Diana J. Florence,(A Safer Manhattan),39,AD 72,2025-11-06_10:53:47.028996
ED   11,99.00%,WRITE-IN,&nbsp,0,AD 72,2025-11-06_10:53:47.028996
ED   12,99.00%,Alvin L. Bragg Jr.,(Democratic),221,AD 72,2025-11-06_10:53:47.028996
ED   12,99.00%,Maud Maron,(Republican),46,AD 72,2025-11-06_10:53:47.028996
ED   12,99.00%,Maud Maron,(Conservative),4,AD 72,2025-11-06_10:53:47.028996
ED   12,99.00%,Alvin L. Bragg Jr.,(Working Families),33,AD 72,2025-11-06_10:53:47.028996
ED   12,99.00%,Diana J. Florence,(A Safer Manhattan),30,AD 72,2025-11-06_10:53:47.028996
ED   12,99.00%,WRITE-IN,&nbsp,1,AD 72,2025-11-06_10:53:47.028996
ED   13,99.00%,Alvin L. Bragg Jr.,(Democratic),217,AD 72,2025-11-06_10:53:47.028996
ED   13,99.00%,Maud Maron,(Republican),34,AD 72,2025-11-06_10:53:47.028996
ED   13,99.00%,Maud Maron,(Conservative),2,AD 72,2025-11-06_10:53:47.028996
ED   13,99.00%,Alvin L. Bragg Jr.,(Working Families),21,AD 72,2025-11-06_10:53:47.028996
ED   13,99.00%,Diana J. Florence,(A Safer Manhattan),36,AD 72,2025-11-06_10:53:47.028996
ED   13,99.00%,WRITE-IN,&nbsp,0,AD 72,2025-11-06_10:53:47.028996
ED   14,99.00%,Alvin L. Bragg Jr.,(Democratic),253,AD 72,2025-11-06_10:53:47.028996
ED   14,99.00%,Maud Maron,(Republican),39,AD 72,2025-11-06_10:53:47.028996
ED   14,99.00%,Maud Maron,(Conservative),2,AD 72,2025-11-06_10:53:47.028996
ED   14,99.00%,Alvin L. Bragg Jr.,(Working Families),49,AD 72,2025-11-06_10:53:47.028996
ED   14,99.00%,Diana J. Florence,(A Safer Manhattan),30,AD 72,2025-11-06_10:53:47.028996
ED   14,99.00%,WRITE-IN,&nbsp,1,AD 72,2025-11-06_10:53:47.028996
ED   15,99.00%,Alvin L. Bragg Jr.,(Democratic),299,AD 72,2025-11-06_10:53:47.028996
ED   15,99.00%,Maud Maron,(Republican),49,AD 72,2025-11-06_10:53:47.028996
ED   15,99.00%,Maud Maron,(Conservative),7,AD 72,2025-11-06_10:53:47.028996
ED   15,99.00%,Alvin L. Bragg Jr.,(Working Families),46,AD 72,2025-11-06_10:53:47.028996
ED   15,99.00%,Diana J. Florence,(A Safer Manhattan),33,AD 72,2025-11-06_10:53:47.028996
ED   15,99.00%,WRITE-IN,&nbsp,0,AD 72,2025-11-06_10:53:47.028996
ED   16,99.00%,Alvin L. Bragg Jr.,(Democratic),134,AD 72,2025-11-06_10:53:47.028996
ED   16,99.00%,Maud Maron,(Republican),22,AD 72,2025-11-06_10:53:47.028996
ED   16,99.00%,Maud Maron,(Conservative),3,AD 72,2025-11-06_10:53:47.028996
ED   16,99.00%,Alvin L. Bragg Jr.,(Working Families),28,AD 72,2025-11-06_10:53:47.028996
ED   16,99.00%,Diana J. Florence,(A Safer Manhattan),25,AD 72,2025-11-06_10:53:47.028996
ED   16,99.00%,WRITE-IN,&nbsp,0,AD 72,2025-11-06_10:53:47.028996
ED   17,99.00%,Alvin L. Bragg Jr.,(Democratic),181,AD 72,2025-11-06_10:53:47.028996
ED   17,99.00%,Maud Maron,(Republican),40,AD 72,2025-11-06_10:53:47.028996
ED   17,99.00%,Maud Maron,(Conservative),2,AD 72,2025-11-06_10:53:47.028996
ED   17,99.00%,Alvin L. Bragg Jr.,(Working Families),25,AD 72,2025-11-06_10:53:47.028996
ED   17,99.00%,Diana J. Florence,(A Safer Manhattan),24,AD 72,2025-11-06_10:53:47.028996
ED   17,99.00%,WRITE-IN,&nbsp,0,AD 72,2025-11-06_10:53:47.028996
ED   18,99.00%,Alvin L. Bragg Jr.,(Democratic),211,AD 72,2025-11-06_10:53:47.028996
ED   18,99.00%,Maud Maron,(Republican),39,AD 72,2025-11-06_10:53:47.028996
ED   18,99.00%,Maud Maron,(Conservative),8,AD 72,2025-11-06_10:53:47.028996
ED   18,99.00%,Alvin L. Bragg Jr.,(Working Families),77,AD 72,2025-11-06_10:53:47.028996
ED   18,99.00%,Diana J. Florence,(A Safer Manhattan),28,AD 72,2025-11-06_10:53:47.028996
ED   18,99.00%,WRITE-IN,&nbsp,1,AD 72,2025-11-06_10:53:47.028996
ED   19,99.00%,Alvin L. Bragg Jr.,(Democratic),293,AD 72,2025-11-06_10:53:47.028996
ED   19,99.00%,Maud Maron,(Republican),35,AD 72,2025-11-06_10:53:47.028996
ED   19,99.00%,Maud Maron,(Conservative),6,AD 72,2025-11-06_10:53:47.028996
ED   19,99.00%,Alvin L. Bragg Jr.,(Working Families),78,AD 72,2025-11-06_10:53:47.028996
ED   19,99.00%,Diana J. Florence,(A Safer Manhattan),21,AD 72,2025-11-06_10:53:47.028996
ED   19,99.00%,WRITE-IN,&nbsp,0,AD 72,2025-11-06_10:53:47.028996
ED   20,99.00%,Alvin L. Bragg Jr.,(Democratic),167,AD 72,2025-11-06_10:53:47.028996
ED   20,99.00%,Maud Maron,(Republican),37,AD 72,2025-11-06_10:53:47.028996
ED   20,99.00%,Maud Maron,(Conservative),3,AD 72,2025-11-06_10:53:47.028996
ED   20,99.00%,Alvin L. Bragg Jr.,(Working Families),37,AD 72,2025-11-06_10:53:47.028996
ED   20,99.00%,Diana J. Florence,(A Safer Manhattan),22,AD 72,2025-11-06_10:53:47.028996
ED   20,99.00%,WRITE-IN,&nbsp,0,AD 72,2025-11-06_10:53:47.028996
ED   21,99.00%,Alvin L. Bragg Jr.,(Democratic),160,AD 72,2025-11-06_10:53:47.028996
ED   21,99.00%,Maud Maron,(Republican),18,AD 72,2025-11-06_10:53:47.028996
ED   21,99.00%,Maud Maron,(Conservative),5,AD 72,2025-11-06_10:53:47.028996
ED   21,99.00%,Alvin L. Bragg Jr.,(Working Families),16,AD 72,2025-11-06_10:53:47.028996
ED   21,99.00%,Diana J. Florence,(A Safer Manhattan),21,AD 72,2025-11-06_10:53:47.028996
ED   21,99.00%,WRITE-IN,&nbsp,1,AD 72,2025-11-06_10:53:47.028996
ED   22,99.00%,Alvin L. Bragg Jr.,(Democratic),141,AD 72,2025-11-06_10:53:47.028996
ED   22,99.00%,Maud Maron,(Republican),36,AD 72,2025-11-06_10:53:47.028996
ED   22,99.00%,Maud Maron,(Conservative),6,AD 72,2025-11-06_10:53:47.028996
ED   22,99.00%,Alvin L. Bragg Jr.,(Working Families),24,AD 72,2025-11-06_10:53:47.028996
ED   22,99.00%,Diana J. Florence,(A Safer Manhattan),17,AD 72,2025-11-06_10:53:47.028996
ED   22,99.00%,WRITE-IN,&nbsp,0,AD 72,2025-11-06_10:53:47.028996
ED   23,99.00%,Alvin L. Bragg Jr.,(Democratic),227,AD 72,2025-11-06_10:53:47.028996
ED   23,99.00%,Maud Maron,(Republican),39,AD 72,2025-11-06_10:53:47.028996
ED   23,99.00%,Maud Maron,(Conservative),4,AD 72,2025-11-06_10:53:47.028996
ED   23,99.00%,Alvin L. Bragg Jr.,(Working Families),42,AD 72,2025-11-06_10:53:47.028996
ED   23,99.00%,Diana J. Florence,(A Safer Manhattan),24,AD 72,2025-11-06_10:53:47.028996
ED   23,99.00%,WRITE-IN,&nbsp,1,AD 72,2025-11-06_10:53:47.028996
ED   24,99.00%,Alvin L. Bragg Jr.,(Democratic),194,AD 72,2025-11-06_10:53:47.028996
ED   24,99.00%,Maud Maron,(Republican),35,AD 72,2025-11-06_10:53:47.028996
ED   24,99.00%,Maud Maron,(Conservative),3,AD 72,2025-11-06_10:53:47.028996
ED   24,99.00%,Alvin L. Bragg Jr.,(Working Families),40,AD 72,2025-11-06_10:53:47.028996
ED   24,99.00%,Diana J. Florence,(A Safer Manhattan),27,AD 72,2025-11-06_10:53:47.028996
ED   24,99.00%,WRITE-IN,&nbsp,2,AD 72,2025-11-06_10:53:47.028996
ED   25,80.00%,Alvin L. Bragg Jr.,(Democratic),262,AD 72,2025-11-06_10:53:47.028996
ED   25,80.00%,Maud Maron,(Republican),80,AD 72,2025-11-06_10:53:47.028996
ED   25,80.00%,Maud Maron,(Conservative),9,AD 72,2025-11-06_10:53:47.028996
ED   25,80.00%,Alvin L. Bragg Jr.,(Working Families),54,AD 72,2025-11-06_10:53:47.028996
ED   25,80.00%,Diana J. Florence,(A Safer Manhattan),52,AD 72,2025-11-06_10:53:47.028996
ED   25,80.00%,WRITE-IN,&nbsp,1,AD 72,2025-11-06_10:53:47.028996
ED   26,99.00%,Alvin L. Bragg Jr.,(Democratic),412,AD 72,2025-11-06_10:53:47.028996
ED   26,99.00%,Maud Maron,(Republican),84,AD 72,2025-11-06_10:53:47.028996
ED   26,99.00%,Maud Maron,(Conservative),6,AD 72,2025-11-06_10:53:47.028996
ED   26,99.00%,Alvin L. Bragg Jr.,(Working Families),146,AD 72,2025-11-06_10:53:47.028996
ED   26,99.00%,Diana J. Florence,(A Safer Manhattan),33,AD 72,2025-11-06_10:53:47.028996
ED   26,99.00%,WRITE-IN,&nbsp,1,AD 72,2025-11-06_10:53:47.028996
ED   27,99.00%,Alvin L. Bragg Jr.,(Democratic),245,AD 72,2025-11-06_10:53:47.028996
ED   27,99.00%,Maud Maron,(Republican),51,AD 72,2025-11-06_10:53:47.028996
ED   27,99.00%,Maud Maron,(Conservative),6,AD 72,2025-11-06_10:53:47.028996
ED   27,99.00%,Alvin L. Bragg Jr.,(Working Families),67,AD 72,2025-11-06_10:53:47.028996
ED   27,99.00%,Diana J. Florence,(A Safer Manhattan),35,AD 72,2025-11-06_10:53:47.028996
ED   27,99.00%,WRITE-IN,&nbsp,0,AD 72,2025-11-06_10:53:47.028996
ED   28,99.00%,Alvin L. Bragg Jr.,(Democratic),129,AD 72,2025-11-06_10:53:47.028996
ED   28,99.00%,Maud Maron,(Republican),18,AD 72,2025-11-06_10:53:47.028996
ED   28,99.00%,Maud Maron,(Conservative),2,AD 72,2025-11-06_10:53:47.028996
ED   28,99.00%,Alvin L. Bragg Jr.,(Working Families),26,AD 72,2025-11-06_10:53:47.028996
ED   28,99.00%,Diana J. Florence,(A Safer Manhattan),20,AD 72,2025-11-06_10:53:47.028996
ED   28,99.00%,WRITE-IN,&nbsp,0,AD 72,2025-11-06_10:53:47.028996
ED   29,99.00%,Alvin L. Bragg Jr.,(Democratic),297,AD 72,2025-11-06_10:53:47.028996
ED   29,99.00%,Maud Maron,(Republican),43,AD 72,2025-11-06_10:53:47.028996
ED   29,99.00%,Maud Maron,(Conservative),3,AD 72,2025-11-06_10:53:47.028996
ED   29,99.00%,Alvin L. Bragg Jr.,(Working Families),77,AD 72,2025-11-06_10:53:47.028996
ED   29,99.00%,Diana J. Florence,(A Safer Manhattan),28,AD 72,2025-11-06_10:53:47.028996
ED   29,99.00%,WRITE-IN,&nbsp,0,AD 72,2025-11-06_10:53:47.028996
ED   30,99.00%,Alvin L. Bragg Jr.,(Democratic),272,AD 72,2025-11-06_10:53:47.028996
ED   30,99.00%,Maud Maron,(Republican),62,AD 72,2025-11-06_10:53:47.028996
ED   30,99.00%,Maud Maron,(Conservative),7,AD 72,2025-11-06_10:53:47.028996
ED   30,99.00%,Alvin L. Bragg Jr.,(Working Families),84,AD 72,2025-11-06_10:53:47.028996
ED   30,99.00%,Diana J. Florence,(A Safer Manhattan),20,AD 72,2025-11-06_10:53:47.028996
ED   30,99.00%,WRITE-IN,&nbsp,0,AD 72,2025-11-06_10:53:47.028996
ED   31,80.00%,Alvin L. Bragg Jr.,(Democratic),202,AD 72,2025-11-06_10:53:47.028996
ED   31,80.00%,Maud Maron,(Republican),34,AD 72,2025-11-06_10:53:47.028996
ED   31,80.00%,Maud Maron,(Conservative),7,AD 72,2025-11-06_10:53:47.028996
ED   31,80.00%,Alvin L. Bragg Jr.,(Working Families),31,AD 72,2025-11-06_10:53:47.028996
ED   31,80.00%,Diana J. Florence,(A Safer Manhattan),22,AD 72,2025-11-06_10:53:47.028996
ED   31,80.00%,WRITE-IN,&nbsp,2,AD 72,2025-11-06_10:53:47.028996
ED   32,99.00%,Alvin L. Bragg Jr.,(Democratic),302,AD 72,2025-11-06_10:53:47.028996
ED   32,99.00%,Maud Maron,(Republican),38,AD 72,2025-11-06_10:53:47.028996
ED   32,99.00%,Maud Maron,(Conservative),8,AD 72,2025-11-06_10:53:47.028996
ED   32,99.00%,Alvin L. Bragg Jr.,(Working Families),67,AD 72,2025-11-06_10:53:47.028996
ED   32,99.00%,Diana J. Florence,(A Safer Manhattan),21,AD 72,2025-11-06_10:53:47.028996
ED   32,99.00%,WRITE-IN,&nbsp,1,AD 72,2025-11-06_10:53:47.028996
ED   33,99.00%,Alvin L. Bragg Jr.,(Democratic),258,AD 72,2025-11-06_10:53:47.028996
ED   33,99.00%,Maud Maron,(Republican),65,AD 72,2025-11-06_10:53:47.028996
ED   33,99.00%,Maud Maron,(Conservative),11,AD 72,2025-11-06_10:53:47.028996
ED   33,99.00%,Alvin L. Bragg Jr.,(Working Families),63,AD 72,2025-11-06_10:53:47.028996
ED   33,99.00%,Diana J. Florence,(A Safer Manhattan),26,AD 72,2025-11-06_10:53:47.028996
ED   33,99.00%,WRITE-IN,&nbsp,2,AD 72,2025-11-06_10:53:47.028996
ED   34,99.00%,Alvin L. Bragg Jr.,(Democratic),134,AD 72,2025-11-06_10:53:47.028996
ED   34,99.00%,Maud Maron,(Republican),33,AD 72,2025-11-06_10:53:47.028996
ED   34,99.00%,Maud Maron,(Conservative),3,AD 72,2025-11-06_10:53:47.028996
ED   34,99.00%,Alvin L. Bragg Jr.,(Working Families),12,AD 72,2025-11-06_10:53:47.028996
ED   34,99.00%,Diana J. Florence,(A Safer Manhattan),11,AD 72,2025-11-06_10:53:47.028996
ED   34,99.00%,WRITE-IN,&nbsp,1,AD 72,2025-11-06_10:53:47.028996
ED   35,99.00%,Alvin L. Bragg Jr.,(Democratic),195,AD 72,2025-11-06_10:53:47.028996
ED   35,99.00%,Maud Maron,(Republican),19,AD 72,2025-11-06_10:53:47.028996
ED   35,99.00%,Maud Maron,(Conservative),5,AD 72,2025-11-06_10:53:47.028996
ED   35,99.00%,Alvin L. Bragg Jr.,(Working Families),40,AD 72,2025-11-06_10:53:47.028996
ED   35,99.00%,Diana J. Florence,(A Safer Manhattan),28,AD 72,2025-11-06_10:53:47.028996
ED   35,99.00%,WRITE-IN,&nbsp,0,AD 72,2025-11-06_10:53:47.028996
ED   36,99.00%,Alvin L. Bragg Jr.,(Democratic),163,AD 72,2025-11-06_10:53:47.028996
ED   36,99.00%,Maud Maron,(Republican),29,AD 72,2025-11-06_10:53:47.028996
ED   36,99.00%,Maud Maron,(Conservative),3,AD 72,2025-11-06_10:53:47.028996
ED   36,99.00%,Alvin L. Bragg Jr.,(Working Families),28,AD 72,2025-11-06_10:53:47.028996
ED   36,99.00%,Diana J. Florence,(A Safer Manhattan),19,AD 72,2025-11-06_10:53:47.028996
ED   36,99.00%,WRITE-IN,&nbsp,1,AD 72,2025-11-06_10:53:47.028996
ED   37,99.00%,Alvin L. Bragg Jr.,(Democratic),229,AD 72,2025-11-06_10:53:47.028996
ED   37,99.00%,Maud Maron,(Republican),122,AD 72,2025-11-06_10:53:47.028996
ED   37,99.00%,Maud Maron,(Conservative),7,AD 72,2025-11-06_10:53:47.028996
ED   37,99.00%,Alvin L. Bragg Jr.,(Working Families),34,AD 72,2025-11-06_10:53:47.028996
ED   37,99.00%,Diana J. Florence,(A Safer Manhattan),34,AD 72,2025-11-06_10:53:47.028996
ED   37,99.00%,WRITE-IN,&nbsp,1,AD 72,2025-11-06_10:53:47.028996
ED   38,99.00%,Alvin L. Bragg Jr.,(Democratic),198,AD 72,2025-11-06_10:53:47.028996
ED   38,99.00%,Maud Maron,(Republican),207,AD 72,2025-11-06_10:53:47.028996
ED   38,99.00%,Maud Maron,(Conservative),17,AD 72,2025-11-06_10:53:47.028996
ED   38,99.00%,Alvin L. Bragg Jr.,(Working Families),30,AD 72,2025-11-06_10:53:47.028996
ED   38,99.00%,Diana J. Florence,(A Safer Manhattan),34,AD 72,2025-11-06_10:53:47.028996
ED   38,99.00%,WRITE-IN,&nbsp,4,AD 72,2025-11-06_10:53:47.028996
ED   39,99.00%,Alvin L. Bragg Jr.,(Democratic),230,AD 72,2025-11-06_10:53:47.028996
ED   39,99.00%,Maud Maron,(Republican),41,AD 72,2025-11-06_10:53:47.028996
ED   39,99.00%,Maud Maron,(Conservative),9,AD 72,2025-11-06_10:53:47.028996
ED   39,99.00%,Alvin L. Bragg Jr.,(Working Families),58,AD 72,2025-11-06_10:53:47.028996
ED   39,99.00%,Diana J. Florence,(A Safer Manhattan),21,AD 72,2025-11-06_10:53:47.028996
ED   39,99.00%,WRITE-IN,&nbsp,1,AD 72,2025-11-06_10:53:47.028996
ED   40,99.00%,Alvin L. Bragg Jr.,(Democratic),187,AD 72,2025-11-06_10:53:47.028996
ED   40,99.00%,Maud Maron,(Republican),56,AD 72,2025-11-06_10:53:47.028996
ED   40,99.00%,Maud Maron,(Conservative),5,AD 72,2025-11-06_10:53:47.028996
ED   40,99.00%,Alvin L. Bragg Jr.,(Working Families),28,AD 72,2025-11-06_10:53:47.028996
ED   40,99.00%,Diana J. Florence,(A Safer Manhattan),23,AD 72,2025-11-06_10:53:47.028996
ED   40,99.00%,WRITE-IN,&nbsp,1,AD 72,2025-11-06_10:53:47.028996
ED   41,99.00%,Alvin L. Bragg Jr.,(Democratic),331,AD 72,2025-11-06_10:53:47.028996
ED   41,99.00%,Maud Maron,(Republican),60,AD 72,2025-11-06_10:53:47.028996
ED   41,99.00%,Maud Maron,(Conservative),9,AD 72,2025-11-06_10:53:47.028996
ED   41,99.00%,Alvin L. Bragg Jr.,(Working Families),75,AD 72,2025-11-06_10:53:47.028996
ED   41,99.00%,Diana J. Florence,(A Safer Manhattan),28,AD 72,2025-11-06_10:53:47.028996
ED   41,99.00%,WRITE-IN,&nbsp,0,AD 72,2025-11-06_10:53:47.028996
ED   42,99.00%,Alvin L. Bragg Jr.,(Democratic),181,AD 72,2025-11-06_10:53:47.028996
ED   42,99.00%,Maud Maron,(Republican),77,AD 72,2025-11-06_10:53:47.028996
ED   42,99.00%,Maud Maron,(Conservative),8,AD 72,2025-11-06_10:53:47.028996
ED   42,99.00%,Alvin L. Bragg Jr.,(Working Families),36,AD 72,2025-11-06_10:53:47.028996
ED   42,99.00%,Diana J. Florence,(A Safer Manhattan),27,AD 72,2025-11-06_10:53:47.028996
ED   42,99.00%,WRITE-IN,&nbsp,0,AD 72,2025-11-06_10:53:47.028996
ED   43,99.00%,Alvin L. Bragg Jr.,(Democratic),248,AD 72,2025-11-06_10:53:47.028996
ED   43,99.00%,Maud Maron,(Republican),30,AD 72,2025-11-06_10:53:47.028996
ED   43,99.00%,Maud Maron,(Conservative),4,AD 72,2025-11-06_10:53:47.028996
ED   43,99.00%,Alvin L. Bragg Jr.,(Working Families),57,AD 72,2025-11-06_10:53:47.028996
ED   43,99.00%,Diana J. Florence,(A Safer Manhattan),33,AD 72,2025-11-06_10:53:47.028996
ED   43,99.00%,WRITE-IN,&nbsp,0,AD 72,2025-11-06_10:53:47.028996
ED   44,99.00%,Alvin L. Bragg Jr.,(Democratic),243,AD 72,2025-11-06_10:53:47.028996
ED   44,99.00%,Maud Maron,(Republican),29,AD 72,2025-11-06_10:53:47.028996
ED   44,99.00%,Maud Maron,(Conservative),1,AD 72,2025-11-06_10:53:47.028996
ED   44,99.00%,Alvin L. Bragg Jr.,(Working Families),39,AD 72,2025-11-06_10:53:47.028996
ED   44,99.00%,Diana J. Florence,(A Safer Manhattan),31,AD 72,2025-11-06_10:53:47.028996
ED   44,99.00%,WRITE-IN,&nbsp,1,AD 72,2025-11-06_10:53:47.028996
ED   45,99.00%,Alvin L. Bragg Jr.,(Democratic),145,AD 72,2025-11-06_10:53:47.028996
ED   45,99.00%,Maud Maron,(Republican),27,AD 72,2025-11-06_10:53:47.028996
ED   45,99.00%,Maud Maron,(Conservative),3,AD 72,2025-11-06_10:53:47.028996
ED   45,99.00%,Alvin L. Bragg Jr.,(Working Families),12,AD 72,2025-11-06_10:53:47.028996
ED   45,99.00%,Diana J. Florence,(A Safer Manhattan),11,AD 72,2025-11-06_10:53:47.028996
ED   45,99.00%,WRITE-IN,&nbsp,0,AD 72,2025-11-06_10:53:47.028996
ED   46,99.00%,Alvin L. Bragg Jr.,(Democratic),178,AD 72,2025-11-06_10:53:47.028996
ED   46,99.00%,Maud Maron,(Republican),71,AD 72,2025-11-06_10:53:47.028996
ED   46,99.00%,Maud Maron,(Conservative),6,AD 72,2025-11-06_10:53:47.028996
ED   46,99.00%,Alvin L. Bragg Jr.,(Working Families),37,AD 72,2025-11-06_10:53:47.028996
ED   46,99.00%,Diana J. Florence,(A Safer Manhattan),20,AD 72,2025-11-06_10:53:47.028996
ED   46,99.00%,WRITE-IN,&nbsp,2,AD 72,2025-11-06_10:53:47.028996
ED   47,99.00%,Alvin L. Bragg Jr.,(Democratic),158,AD 72,2025-11-06_10:53:47.028996
ED   47,99.00%,Maud Maron,(Republican),17,AD 72,2025-11-06_10:53:47.028996
ED   47,99.00%,Maud Maron,(Conservative),3,AD 72,2025-11-06_10:53:47.028996
ED   47,99.00%,Alvin L. Bragg Jr.,(Working Families),22,AD 72,2025-11-06_10:53:47.028996
ED   47,99.00%,Diana J. Florence,(A Safer Manhattan),13,AD 72,2025-11-06_10:53:47.028996
ED   47,99.00%,WRITE-IN,&nbsp,0,AD 72,2025-11-06_10:53:47.028996
ED   48,99.00%,Alvin L. Bragg Jr.,(Democratic),191,AD 72,2025-11-06_10:53:47.028996
ED   48,99.00%,Maud Maron,(Republican),26,AD 72,2025-11-06_10:53:47.028996
ED   48,99.00%,Maud Maron,(Conservative),5,AD 72,2025-11-06_10:53:47.028996
ED   48,99.00%,Alvin L. Bragg Jr.,(Working Families),42,AD 72,2025-11-06_10:53:47.028996
ED   48,99.00%,Diana J. Florence,(A Safer Manhattan),23,AD 72,2025-11-06_10:53:47.028996
ED   48,99.00%,WRITE-IN,&nbsp,1,AD 72,2025-11-06_10:53:47.028996
ED   49,99.00%,Alvin L. Bragg Jr.,(Democratic),175,AD 72,2025-11-06_10:53:47.028996
ED   49,99.00%,Maud Maron,(Republican),31,AD 72,2025-11-06_10:53:47.028996
ED   49,99.00%,Maud Maron,(Conservative),4,AD 72,2025-11-06_10:53:47.028996
ED   49,99.00%,Alvin L. Bragg Jr.,(Working Families),27,AD 72,2025-11-06_10:53:47.028996
ED   49,99.00%,Diana J. Florence,(A Safer Manhattan),16,AD 72,2025-11-06_10:53:47.028996
ED   49,99.00%,WRITE-IN,&nbsp,0,AD 72,2025-11-06_10:53:47.028996
ED   50,99.00%,Alvin L. Bragg Jr.,(Democratic),157,AD 72,2025-11-06_10:53:47.028996
ED   50,99.00%,Maud Maron,(Republican),29,AD 72,2025-11-06_10:53:47.028996
ED   50,99.00%,Maud Maron,(Conservative),2,AD 72,2025-11-06_10:53:47.028996
ED   50,99.00%,Alvin L. Bragg Jr.,(Working Families),29,AD 72,2025-11-06_10:53:47.028996
ED   50,99.00%,Diana J. Florence,(A Safer Manhattan),21,AD 72,2025-11-06_10:53:47.028996
ED   50,99.00%,WRITE-IN,&nbsp,1,AD 72,2025-11-06_10:53:47.028996
ED   51,99.00%,Alvin L. Bragg Jr.,(Democratic),134,AD 72,2025-11-06_10:53:47.028996
ED   51,99.00%,Maud Maron,(Republican),19,AD 72,2025-11-06_10:53:47.028996
ED   51,99.00%,Maud Maron,(Conservative),1,AD 72,2025-11-06_10:53:47.028996
ED   51,99.00%,Alvin L. Bragg Jr.,(Working Families),34,AD 72,2025-11-06_10:53:47.028996
ED   51,99.00%,Diana J. Florence,(A Safer Manhattan),22,AD 72,2025-11-06_10:53:47.028996
ED   51,99.00%,WRITE-IN,&nbsp,0,AD 72,2025-11-06_10:53:47.028996
ED   52,99.00%,Alvin L. Bragg Jr.,(Democratic),220,AD 72,2025-11-06_10:53:47.028996
ED   52,99.00%,Maud Maron,(Republican),36,AD 72,2025-11-06_10:53:47.028996
ED   52,99.00%,Maud Maron,(Conservative),3,AD 72,2025-11-06_10:53:47.028996
ED   52,99.00%,Alvin L. Bragg Jr.,(Working Families),38,AD 72,2025-11-06_10:53:47.028996
ED   52,99.00%,Diana J. Florence,(A Safer Manhattan),17,AD 72,2025-11-06_10:53:47.028996
ED   52,99.00%,WRITE-IN,&nbsp,2,AD 72,2025-11-06_10:53:47.028996
ED   53,99.00%,Alvin L. Bragg Jr.,(Democratic),197,AD 72,2025-11-06_10:53:47.028996
ED   53,99.00%,Maud Maron,(Republican),33,AD 72,2025-11-06_10:53:47.028996
ED   53,99.00%,Maud Maron,(Conservative),8,AD 72,2025-11-06_10:53:47.028996
ED   53,99.00%,Alvin L. Bragg Jr.,(Working Families),38,AD 72,2025-11-06_10:53:47.028996
ED   53,99.00%,Diana J. Florence,(A Safer Manhattan),17,AD 72,2025-11-06_10:53:47.028996
ED   53,99.00%,WRITE-IN,&nbsp,0,AD 72,2025-11-06_10:53:47.028996
ED   54,99.00%,Alvin L. Bragg Jr.,(Democratic),144,AD 72,2025-11-06_10:53:47.028996
ED   54,99.00%,Maud Maron,(Republican),28,AD 72,2025-11-06_10:53:47.028996
ED   54,99.00%,Maud Maron,(Conservative),7,AD 72,2025-11-06_10:53:47.028996
ED   54,99.00%,Alvin L. Bragg Jr.,(Working Families),18,AD 72,2025-11-06_10:53:47.028996
ED   54,99.00%,Diana J. Florence,(A Safer Manhattan),19,AD 72,2025-11-06_10:53:47.028996
ED   54,99.00%,WRITE-IN,&nbsp,0,AD 72,2025-11-06_10:53:47.028996
ED   55,99.00%,Alvin L. Bragg Jr.,(Democratic),244,AD 72,2025-11-06_10:53:47.028996
ED   55,99.00%,Maud Maron,(Republican),23,AD 72,2025-11-06_10:53:47.028996
ED   55,99.00%,Maud Maron,(Conservative),7,AD 72,2025-11-06_10:53:47.028996
ED   55,99.00%,Alvin L. Bragg Jr.,(Working Families),60,AD 72,2025-11-06_10:53:47.028996
ED   55,99.00%,Diana J. Florence,(A Safer Manhattan),29,AD 72,2025-11-06_10:53:47.028996
ED   55,99.00%,WRITE-IN,&nbsp,1,AD 72,2025-11-06_10:53:47.028996
ED   56,99.00%,Alvin L. Bragg Jr.,(Democratic),208,AD 72,2025-11-06_10:53:47.028996
ED   56,99.00%,Maud Maron,(Republican),26,AD 72,2025-11-06_10:53:47.028996
ED   56,99.00%,Maud Maron,(Conservative),7,AD 72,2025-11-06_10:53:47.028996
ED   56,99.00%,Alvin L. Bragg Jr.,(Working Families),60,AD 72,2025-11-06_10:53:47.028996
ED   56,99.00%,Diana J. Florence,(A Safer Manhattan),25,AD 72,2025-11-06_10:53:47.028996
ED   56,99.00%,WRITE-IN,&nbsp,0,AD 72,2025-11-06_10:53:47.028996
ED   57,99.00%,Alvin L. Bragg Jr.,(Democratic),225,AD 72,2025-11-06_10:53:47.028996
ED   57,99.00%,Maud Maron,(Republican),25,AD 72,2025-11-06_10:53:47.028996
ED   57,99.00%,Maud Maron,(Conservative),4,AD 72,2025-11-06_10:53:47.028996
ED   57,99.00%,Alvin L. Bragg Jr.,(Working Families),38,AD 72,2025-11-06_10:53:47.028996
ED   57,99.00%,Diana J. Florence,(A Safer Manhattan),22,AD 72,2025-11-06_10:53:47.028996
ED   57,99.00%,WRITE-IN,&nbsp,1,AD 72,2025-11-06_10:53:47.028996
ED   58,88.89%,Alvin L. Bragg Jr.,(Democratic),432,AD 72,2025-11-06_10:53:47.028996
ED   58,88.89%,Maud Maron,(Republican),32,AD 72,2025-11-06_10:53:47.028996
ED   58,88.89%,Maud Maron,(Conservative),4,AD 72,2025-11-06_10:53:47.028996
ED   58,88.89%,Alvin L. Bragg Jr.,(Working Families),96,AD 72,2025-11-06_10:53:47.028996
ED   58,88.89%,Diana J. Florence,(A Safer Manhattan),26,AD 72,2025-11-06_10:53:47.028996
ED   58,88.89%,WRITE-IN,&nbsp,2,AD 72,2025-11-06_10:53:47.028996
ED   59,88.89%,Alvin L. Bragg Jr.,(Democratic),237,AD 72,2025-11-06_10:53:47.028996
ED   59,88.89%,Maud Maron,(Republican),45,AD 72,2025-11-06_10:53:47.028996
ED   59,88.89%,Maud Maron,(Conservative),3,AD 72,2025-11-06_10:53:47.028996
ED   59,88.89%,Alvin L. Bragg Jr.,(Working Families),46,AD 72,2025-11-06_10:53:47.028996
ED   59,88.89%,Diana J. Florence,(A Safer Manhattan),10,AD 72,2025-11-06_10:53:47.028996
ED   59,88.89%,WRITE-IN,&nbsp,1,AD 72,2025-11-06_10:53:47.028996
ED   60,99.00%,Alvin L. Bragg Jr.,(Democratic),182,AD 72,2025-11-06_10:53:47.028996
ED   60,99.00%,Maud Maron,(Republican),44,AD 72,2025-11-06_10:53:47.028996
ED   60,99.00%,Maud Maron,(Conservative),10,AD 72,2025-11-06_10:53:47.028996
ED   60,99.00%,Alvin L. Bragg Jr.,(Working Families),46,AD 72,2025-11-06_10:53:47.028996
ED   60,99.00%,Diana J. Florence,(A Safer Manhattan),23,AD 72,2025-11-06_10:53:47.028996
ED   60,99.00%,WRITE-IN,&nbsp,3,AD 72,2025-11-06_10:53:47.028996
ED   61,88.89%,Alvin L. Bragg Jr.,(Democratic),203,AD 72,2025-11-06_10:53:47.028996
ED   61,88.89%,Maud Maron,(Republican),26,AD 72,2025-11-06_10:53:47.028996
ED   61,88.89%,Maud Maron,(Conservative),2,AD 72,2025-11-06_10:53:47.028996
ED   61,88.89%,Alvin L. Bragg Jr.,(Working Families),39,AD 72,2025-11-06_10:53:47.028996
ED   61,88.89%,Diana J. Florence,(A Safer Manhattan),15,AD 72,2025-11-06_10:53:47.028996
ED   61,88.89%,WRITE-IN,&nbsp,0,AD 72,2025-11-06_10:53:47.028996
ED   62,99.00%,Alvin L. Bragg Jr.,(Democratic),164,AD 72,2025-11-06_10:53:47.028996
ED   62,99.00%,Maud Maron,(Republican),29,AD 72,2025-11-06_10:53:47.028996
ED   62,99.00%,Maud Maron,(Conservative),8,AD 72,2025-11-06_10:53:47.028996
ED   62,99.00%,Alvin L. Bragg Jr.,(Working Families),43,AD 72,2025-11-06_10:53:47.028996
ED   62,99.00%,Diana J. Florence,(A Safer Manhattan),27,AD 72,2025-11-06_10:53:47.028996
ED   62,99.00%,WRITE-IN,&nbsp,0,AD 72,2025-11-06_10:53:47.028996
ED   63,99.00%,Alvin L. Bragg Jr.,(Democratic),204,AD 72,2025-11-06_10:53:47.028996
ED   63,99.00%,Maud Maron,(Republican),13,AD 72,2025-11-06_10:53:47.028996
ED   63,99.00%,Maud Maron,(Conservative),6,AD 72,2025-11-06_10:53:47.028996
ED   63,99.00%,Alvin L. Bragg Jr.,(Working Families),29,AD 72,2025-11-06_10:53:47.028996
ED   63,99.00%,Diana J. Florence,(A Safer Manhattan),11,AD 72,2025-11-06_10:53:47.028996
ED   63,99.00%,WRITE-IN,&nbsp,0,AD 72,2025-11-06_10:53:47.028996
ED   64,99.00%,Alvin L. Bragg Jr.,(Democratic),0,AD 72,2025-11-06_10:53:47.028996
ED   64,99.00%,Maud Maron,(Republican),0,AD 72,2025-11-06_10:53:47.028996
ED   64,99.00%,Maud Maron,(Conservative),0,AD 72,2025-11-06_10:53:47.028996
ED   64,99.00%,Alvin L. Bragg Jr.,(Working Families),0,AD 72,2025-11-06_10:53:47.028996
ED   64,99.00%,Diana J. Florence,(A Safer Manhattan),0,AD 72,2025-11-06_10:53:47.028996
ED   64,99.00%,WRITE-IN,&nbsp,0,AD 72,2025-11-06_10:53:47.028996
ED   65,99.00%,Alvin L. Bragg Jr.,(Democratic),0,AD 72,2025-11-06_10:53:47.028996
ED   65,99.00%,Maud Maron,(Republican),0,AD 72,2025-11-06_10:53:47.028996
ED   65,99.00%,Maud Maron,(Conservative),0,AD 72,2025-11-06_10:53:47.028996
ED   65,99.00%,Alvin L. Bragg Jr.,(Working Families),0,AD 72,2025-11-06_10:53:47.028996
ED   65,99.00%,Diana J. Florence,(A Safer Manhattan),0,AD 72,2025-11-06_10:53:47.028996
ED   65,99.00%,WRITE-IN,&nbsp,0,AD 72,2025-11-06_10:53:47.028996
ED   66,99.00%,Alvin L. Bragg Jr.,(Democratic),0,AD 72,2025-11-06_10:53:47.028996
ED   66,99.00%,Maud Maron,(Republican),0,AD 72,2025-11-06_10:53:47.028996
ED   66,99.00%,Maud Maron,(Conservative),0,AD 72,2025-11-06_10:53:47.028996
ED   66,99.00%,Alvin L. Bragg Jr.,(Working Families),0,AD 72,2025-11-06_10:53:47.028996
ED   66,99.00%,Diana J. Florence,(A Safer Manhattan),0,AD 72,2025-11-06_10:53:47.028996
ED   66,99.00%,WRITE-IN,&nbsp,0,AD 72,2025-11-06_10:53:47.028996
Total,,Alvin L. Bragg Jr.,(Democratic),14980,AD 72,2025-11-06_10:53:47.028996
Total,,Maud Maron,(Republican),2800,AD 72,2025-11-06_10:53:47.028996
Total,,Maud Maron,(Conservative),353,AD 72,2025-11-06_10:53:47.028996
Total,,Alvin L. Bragg Jr.,(Working Families),3412,AD 72,2025-11-06_10:53:47.028996
Total,,Diana J. Florence,(A Safer Manhattan),1656,AD 72,2025-11-06_10:53:47.028996
Total,,WRITE-IN,&nbsp,48,AD 72,2025-11-06_10:53:47.028996
ED    1,83.33%,Alvin L. Bragg Jr.,(Democratic),427,AD 73,2025-11-06_10:53:47.028996
ED    1,83.33%,Maud Maron,(Republican),285,AD 73,2025-11-06_10:53:47.028996
ED    1,83.33%,Maud Maron,(Conservative),18,AD 73,2025-11-06_10:53:47.028996
ED    1,83.33%,Alvin L. Bragg Jr.,(Working Families),46,AD 73,2025-11-06_10:53:47.028996
ED    1,83.33%,Diana J. Florence,(A Safer Manhattan),37,AD 73,2025-11-06_10:53:47.028996
ED    1,83.33%,WRITE-IN,&nbsp,5,AD 73,2025-11-06_10:53:47.028996
ED    2,83.33%,Alvin L. Bragg Jr.,(Democratic),107,AD 73,2025-11-06_10:53:47.028996
ED    2,83.33%,Maud Maron,(Republican),59,AD 73,2025-11-06_10:53:47.028996
ED    2,83.33%,Maud Maron,(Conservative),1,AD 73,2025-11-06_10:53:47.028996
ED    2,83.33%,Alvin L. Bragg Jr.,(Working Families),10,AD 73,2025-11-06_10:53:47.028996
ED    2,83.33%,Diana J. Florence,(A Safer Manhattan),19,AD 73,2025-11-06_10:53:47.028996
ED    2,83.33%,WRITE-IN,&nbsp,0,AD 73,2025-11-06_10:53:47.028996
ED    3,90.00%,Alvin L. Bragg Jr.,(Democratic),378,AD 73,2025-11-06_10:53:47.028996
ED    3,90.00%,Maud Maron,(Republican),190,AD 73,2025-11-06_10:53:47.028996
ED    3,90.00%,Maud Maron,(Conservative),16,AD 73,2025-11-06_10:53:47.028996
ED    3,90.00%,Alvin L. Bragg Jr.,(Working Families),34,AD 73,2025-11-06_10:53:47.028996
ED    3,90.00%,Diana J. Florence,(A Safer Manhattan),45,AD 73,2025-11-06_10:53:47.028996
ED    3,90.00%,WRITE-IN,&nbsp,3,AD 73,2025-11-06_10:53:47.028996
ED    4,90.00%,Alvin L. Bragg Jr.,(Democratic),568,AD 73,2025-11-06_10:53:47.028996
ED    4,90.00%,Maud Maron,(Republican),216,AD 73,2025-11-06_10:53:47.028996
ED    4,90.00%,Maud Maron,(Conservative),19,AD 73,2025-11-06_10:53:47.028996
ED    4,90.00%,Alvin L. Bragg Jr.,(Working Families),68,AD 73,2025-11-06_10:53:47.028996
ED    4,90.00%,Diana J. Florence,(A Safer Manhattan),40,AD 73,2025-11-06_10:53:47.028996
ED    4,90.00%,WRITE-IN,&nbsp,1,AD 73,2025-11-06_10:53:47.028996
ED    5,99.00%,Alvin L. Bragg Jr.,(Democratic),291,AD 73,2025-11-06_10:53:47.028996
ED    5,99.00%,Maud Maron,(Republican),117,AD 73,2025-11-06_10:53:47.028996
ED    5,99.00%,Maud Maron,(Conservative),5,AD 73,2025-11-06_10:53:47.028996
ED    5,99.00%,Alvin L. Bragg Jr.,(Working Families),37,AD 73,2025-11-06_10:53:47.028996
ED    5,99.00%,Diana J. Florence,(A Safer Manhattan),25,AD 73,2025-11-06_10:53:47.028996
ED    5,99.00%,WRITE-IN,&nbsp,1,AD 73,2025-11-06_10:53:47.028996
ED    6,90.00%,Alvin L. Bragg Jr.,(Democratic),437,AD 73,2025-11-06_10:53:47.028996
ED    6,90.00%,Maud Maron,(Republican),210,AD 73,2025-11-06_10:53:47.028996
ED    6,90.00%,Maud Maron,(Conservative),16,AD 73,2025-11-06_10:53:47.028996
ED    6,90.00%,Alvin L. Bragg Jr.,(Working Families),34,AD 73,2025-11-06_10:53:47.028996
ED    6,90.00%,Diana J. Florence,(A Safer Manhattan),51,AD 73,2025-11-06_10:53:47.028996
ED    6,90.00%,WRITE-IN,&nbsp,0,AD 73,2025-11-06_10:53:47.028996
ED    7,99.00%,Alvin L. Bragg Jr.,(Democratic),369,AD 73,2025-11-06_10:53:47.028996
ED    7,99.00%,Maud Maron,(Republican),167,AD 73,2025-11-06_10:53:47.028996
ED    7,99.00%,Maud Maron,(Conservative),16,AD 73,2025-11-06_10:53:47.028996
ED    7,99.00%,Alvin L. Bragg Jr.,(Working Families),31,AD 73,2025-11-06_10:53:47.028996
ED    7,99.00%,Diana J. Florence,(A Safer Manhattan),47,AD 73,2025-11-06_10:53:47.028996
ED    7,99.00%,WRITE-IN,&nbsp,0,AD 73,2025-11-06_10:53:47.028996
ED    8,99.00%,Alvin L. Bragg Jr.,(Democratic),136,AD 73,2025-11-06_10:53:47.028996
ED    8,99.00%,Maud Maron,(Republican),82,AD 73,2025-11-06_10:53:47.028996
ED    8,99.00%,Maud Maron,(Conservative),11,AD 73,2025-11-06_10:53:47.028996
ED    8,99.00%,Alvin L. Bragg Jr.,(Working Families),10,AD 73,2025-11-06_10:53:47.028996
ED    8,99.00%,Diana J. Florence,(A Safer Manhattan),10,AD 73,2025-11-06_10:53:47.028996
ED    8,99.00%,WRITE-IN,&nbsp,0,AD 73,2025-11-06_10:53:47.028996
ED    9,99.00%,Alvin L. Bragg Jr.,(Democratic),212,AD 73,2025-11-06_10:53:47.028996
ED    9,99.00%,Maud Maron,(Republican),208,AD 73,2025-11-06_10:53:47.028996
ED    9,99.00%,Maud Maron,(Conservative),14,AD 73,2025-11-06_10:53:47.028996
ED    9,99.00%,Alvin L. Bragg Jr.,(Working Families),11,AD 73,2025-11-06_10:53:47.028996
ED    9,99.00%,Diana J. Florence,(A Safer Manhattan),28,AD 73,2025-11-06_10:53:47.028996
ED    9,99.00%,WRITE-IN,&nbsp,1,AD 73,2025-11-06_10:53:47.028996
ED   10,99.00%,Alvin L. Bragg Jr.,(Democratic),153,AD 73,2025-11-06_10:53:47.028996
ED   10,99.00%,Maud Maron,(Republican),222,AD 73,2025-11-06_10:53:47.028996
ED   10,99.00%,Maud Maron,(Conservative),18,AD 73,2025-11-06_10:53:47.028996
ED   10,99.00%,Alvin L. Bragg Jr.,(Working Families),6,AD 73,2025-11-06_10:53:47.028996
ED   10,99.00%,Diana J. Florence,(A Safer Manhattan),15,AD 73,2025-11-06_10:53:47.028996
ED   10,99.00%,WRITE-IN,&nbsp,0,AD 73,2025-11-06_10:53:47.028996
ED   11,88.89%,Alvin L. Bragg Jr.,(Democratic),333,AD 73,2025-11-06_10:53:47.028996
ED   11,88.89%,Maud Maron,(Republican),354,AD 73,2025-11-06_10:53:47.028996
ED   11,88.89%,Maud Maron,(Conservative),25,AD 73,2025-11-06_10:53:47.028996
ED   11,88.89%,Alvin L. Bragg Jr.,(Working Families),22,AD 73,2025-11-06_10:53:47.028996
ED   11,88.89%,Diana J. Florence,(A Safer Manhattan),30,AD 73,2025-11-06_10:53:47.028996
ED   11,88.89%,WRITE-IN,&nbsp,2,AD 73,2025-11-06_10:53:47.028996
ED   12,90.00%,Alvin L. Bragg Jr.,(Democratic),508,AD 73,2025-11-06_10:53:47.028996
ED   12,90.00%,Maud Maron,(Republican),169,AD 73,2025-11-06_10:53:47.028996
ED   12,90.00%,Maud Maron,(Conservative),11,AD 73,2025-11-06_10:53:47.028996
ED   12,90.00%,Alvin L. Bragg Jr.,(Working Families),76,AD 73,2025-11-06_10:53:47.028996
ED   12,90.00%,Diana J. Florence,(A Safer Manhattan),53,AD 73,2025-11-06_10:53:47.028996
ED   12,90.00%,WRITE-IN,&nbsp,1,AD 73,2025-11-06_10:53:47.028996
ED   13,90.00%,Alvin L. Bragg Jr.,(Democratic),449,AD 73,2025-11-06_10:53:47.028996
ED   13,90.00%,Maud Maron,(Republican),154,AD 73,2025-11-06_10:53:47.028996
ED   13,90.00%,Maud Maron,(Conservative),9,AD 73,2025-11-06_10:53:47.028996
ED   13,90.00%,Alvin L. Bragg Jr.,(Working Families),30,AD 73,2025-11-06_10:53:47.028996
ED   13,90.00%,Diana J. Florence,(A Safer Manhattan),52,AD 73,2025-11-06_10:53:47.028996
ED   13,90.00%,WRITE-IN,&nbsp,2,AD 73,2025-11-06_10:53:47.028996
ED   14,99.00%,Alvin L. Bragg Jr.,(Democratic),288,AD 73,2025-11-06_10:53:47.028996
ED   14,99.00%,Maud Maron,(Republican),137,AD 73,2025-11-06_10:53:47.028996
ED   14,99.00%,Maud Maron,(Conservative),15,AD 73,2025-11-06_10:53:47.028996
ED   14,99.00%,Alvin L. Bragg Jr.,(Working Families),38,AD 73,2025-11-06_10:53:47.028996
ED   14,99.00%,Diana J. Florence,(A Safer Manhattan),18,AD 73,2025-11-06_10:53:47.028996
ED   14,99.00%,WRITE-IN,&nbsp,1,AD 73,2025-11-06_10:53:47.028996
ED   15,99.00%,Alvin L. Bragg Jr.,(Democratic),473,AD 73,2025-11-06_10:53:47.028996
ED   15,99.00%,Maud Maron,(Republican),269,AD 73,2025-11-06_10:53:47.028996
ED   15,99.00%,Maud Maron,(Conservative),19,AD 73,2025-11-06_10:53:47.028996
ED   15,99.00%,Alvin L. Bragg Jr.,(Working Families),40,AD 73,2025-11-06_10:53:47.028996
ED   15,99.00%,Diana J. Florence,(A Safer Manhattan),49,AD 73,2025-11-06_10:53:47.028996
ED   15,99.00%,WRITE-IN,&nbsp,0,AD 73,2025-11-06_10:53:47.028996
ED   16,99.00%,Alvin L. Bragg Jr.,(Democratic),401,AD 73,2025-11-06_10:53:47.028996
ED   16,99.00%,Maud Maron,(Republican),154,AD 73,2025-11-06_10:53:47.028996
ED   16,99.00%,Maud Maron,(Conservative),16,AD 73,2025-11-06_10:53:47.028996
ED   16,99.00%,Alvin L. Bragg Jr.,(Working Families),37,AD 73,2025-11-06_10:53:47.028996
ED   16,99.00%,Diana J. Florence,(A Safer Manhattan),35,AD 73,2025-11-06_10:53:47.028996
ED   16,99.00%,WRITE-IN,&nbsp,1,AD 73,2025-11-06_10:53:47.028996
ED   17,99.00%,Alvin L. Bragg Jr.,(Democratic),370,AD 73,2025-11-06_10:53:47.028996
ED   17,99.00%,Maud Maron,(Republican),225,AD 73,2025-11-06_10:53:47.028996
ED   17,99.00%,Maud Maron,(Conservative),17,AD 73,2025-11-06_10:53:47.028996
ED   17,99.00%,Alvin L. Bragg Jr.,(Working Families),36,AD 73,2025-11-06_10:53:47.028996
ED   17,99.00%,Diana J. Florence,(A Safer Manhattan),46,AD 73,2025-11-06_10:53:47.028996
ED   17,99.00%,WRITE-IN,&nbsp,1,AD 73,2025-11-06_10:53:47.028996
ED   18,99.00%,Alvin L. Bragg Jr.,(Democratic),130,AD 73,2025-11-06_10:53:47.028996
ED   18,99.00%,Maud Maron,(Republican),68,AD 73,2025-11-06_10:53:47.028996
ED   18,99.00%,Maud Maron,(Conservative),1,AD 73,2025-11-06_10:53:47.028996
ED   18,99.00%,Alvin L. Bragg Jr.,(Working Families),10,AD 73,2025-11-06_10:53:47.028996
ED   18,99.00%,Diana J. Florence,(A Safer Manhattan),15,AD 73,2025-11-06_10:53:47.028996
ED   18,99.00%,WRITE-IN,&nbsp,0,AD 73,2025-11-06_10:53:47.028996
ED   19,99.00%,Alvin L. Bragg Jr.,(Democratic),553,AD 73,2025-11-06_10:53:47.028996
ED   19,99.00%,Maud Maron,(Republican),264,AD 73,2025-11-06_10:53:47.028996
ED   19,99.00%,Maud Maron,(Conservative),22,AD 73,2025-11-06_10:53:47.028996
ED   19,99.00%,Alvin L. Bragg Jr.,(Working Families),58,AD 73,2025-11-06_10:53:47.028996
ED   19,99.00%,Diana J. Florence,(A Safer Manhattan),59,AD 73,2025-11-06_10:53:47.028996
ED   19,99.00%,WRITE-IN,&nbsp,0,AD 73,2025-11-06_10:53:47.028996
ED   20,99.00%,Alvin L. Bragg Jr.,(Democratic),619,AD 73,2025-11-06_10:53:47.028996
ED   20,99.00%,Maud Maron,(Republican),332,AD 73,2025-11-06_10:53:47.028996
ED   20,99.00%,Maud Maron,(Conservative),18,AD 73,2025-11-06_10:53:47.028996
ED   20,99.00%,Alvin L. Bragg Jr.,(Working Families),43,AD 73,2025-11-06_10:53:47.028996
ED   20,99.00%,Diana J. Florence,(A Safer Manhattan),69,AD 73,2025-11-06_10:53:47.028996
ED   20,99.00%,WRITE-IN,&nbsp,1,AD 73,2025-11-06_10:53:47.028996
ED   21,99.00%,Alvin L. Bragg Jr.,(Democratic),459,AD 73,2025-11-06_10:53:47.028996
ED   21,99.00%,Maud Maron,(Republican),190,AD 73,2025-11-06_10:53:47.028996
ED   21,99.00%,Maud Maron,(Conservative),8,AD 73,2025-11-06_10:53:47.028996
ED   21,99.00%,Alvin L. Bragg Jr.,(Working Families),61,AD 73,2025-11-06_10:53:47.028996
ED   21,99.00%,Diana J. Florence,(A Safer Manhattan),37,AD 73,2025-11-06_10:53:47.028996
ED   21,99.00%,WRITE-IN,&nbsp,2,AD 73,2025-11-06_10:53:47.028996
ED   22,99.00%,Alvin L. Bragg Jr.,(Democratic),383,AD 73,2025-11-06_10:53:47.028996
ED   22,99.00%,Maud Maron,(Republican),245,AD 73,2025-11-06_10:53:47.028996
ED   22,99.00%,Maud Maron,(Conservative),16,AD 73,2025-11-06_10:53:47.028996
ED   22,99.00%,Alvin L. Bragg Jr.,(Working Families),26,AD 73,2025-11-06_10:53:47.028996
ED   22,99.00%,Diana J. Florence,(A Safer Manhattan),54,AD 73,2025-11-06_10:53:47.028996
ED   22,99.00%,WRITE-IN,&nbsp,0,AD 73,2025-11-06_10:53:47.028996
ED   23,99.00%,Alvin L. Bragg Jr.,(Democratic),397,AD 73,2025-11-06_10:53:47.028996
ED   23,99.00%,Maud Maron,(Republican),187,AD 73,2025-11-06_10:53:47.028996
ED   23,99.00%,Maud Maron,(Conservative),19,AD 73,2025-11-06_10:53:47.028996
ED   23,99.00%,Alvin L. Bragg Jr.,(Working Families),32,AD 73,2025-11-06_10:53:47.028996
ED   23,99.00%,Diana J. Florence,(A Safer Manhattan),47,AD 73,2025-11-06_10:53:47.028996
ED   23,99.00%,WRITE-IN,&nbsp,1,AD 73,2025-11-06_10:53:47.028996
ED   24,99.00%,Alvin L. Bragg Jr.,(Democratic),356,AD 73,2025-11-06_10:53:47.028996
ED   24,99.00%,Maud Maron,(Republican),179,AD 73,2025-11-06_10:53:47.028996
ED   24,99.00%,Maud Maron,(Conservative),14,AD 73,2025-11-06_10:53:47.028996
ED   24,99.00%,Alvin L. Bragg Jr.,(Working Families),31,AD 73,2025-11-06_10:53:47.028996
ED   24,99.00%,Diana J. Florence,(A Safer Manhattan),31,AD 73,2025-11-06_10:53:47.028996
ED   24,99.00%,WRITE-IN,&nbsp,1,AD 73,2025-11-06_10:53:47.028996
ED   25,99.00%,Alvin L. Bragg Jr.,(Democratic),487,AD 73,2025-11-06_10:53:47.028996
ED   25,99.00%,Maud Maron,(Republican),221,AD 73,2025-11-06_10:53:47.028996
ED   25,99.00%,Maud Maron,(Conservative),17,AD 73,2025-11-06_10:53:47.028996
ED   25,99.00%,Alvin L. Bragg Jr.,(Working Families),43,AD 73,2025-11-06_10:53:47.028996
ED   25,99.00%,Diana J. Florence,(A Safer Manhattan),59,AD 73,2025-11-06_10:53:47.028996
ED   25,99.00%,WRITE-IN,&nbsp,0,AD 73,2025-11-06_10:53:47.028996
ED   26,99.00%,Alvin L. Bragg Jr.,(Democratic),381,AD 73,2025-11-06_10:53:47.028996
ED   26,99.00%,Maud Maron,(Republican),216,AD 73,2025-11-06_10:53:47.028996
ED   26,99.00%,Maud Maron,(Conservative),17,AD 73,2025-11-06_10:53:47.028996
ED   26,99.00%,Alvin L. Bragg Jr.,(Working Families),40,AD 73,2025-11-06_10:53:47.028996
ED   26,99.00%,Diana J. Florence,(A Safer Manhattan),46,AD 73,2025-11-06_10:53:47.028996
ED   26,99.00%,WRITE-IN,&nbsp,1,AD 73,2025-11-06_10:53:47.028996
ED   27,99.00%,Alvin L. Bragg Jr.,(Democratic),450,AD 73,2025-11-06_10:53:47.028996
ED   27,99.00%,Maud Maron,(Republican),282,AD 73,2025-11-06_10:53:47.028996
ED   27,99.00%,Maud Maron,(Conservative),16,AD 73,2025-11-06_10:53:47.028996
ED   27,99.00%,Alvin L. Bragg Jr.,(Working Families),55,AD 73,2025-11-06_10:53:47.028996
ED   27,99.00%,Diana J. Florence,(A Safer Manhattan),58,AD 73,2025-11-06_10:53:47.028996
ED   27,99.00%,WRITE-IN,&nbsp,1,AD 73,2025-11-06_10:53:47.028996
ED   28,99.00%,Alvin L. Bragg Jr.,(Democratic),328,AD 73,2025-11-06_10:53:47.028996
ED   28,99.00%,Maud Maron,(Republican),165,AD 73,2025-11-06_10:53:47.028996
ED   28,99.00%,Maud Maron,(Conservative),25,AD 73,2025-11-06_10:53:47.028996
ED   28,99.00%,Alvin L. Bragg Jr.,(Working Families),24,AD 73,2025-11-06_10:53:47.028996
ED   28,99.00%,Diana J. Florence,(A Safer Manhattan),45,AD 73,2025-11-06_10:53:47.028996
ED   28,99.00%,WRITE-IN,&nbsp,0,AD 73,2025-11-06_10:53:47.028996
ED   29,99.00%,Alvin L. Bragg Jr.,(Democratic),461,AD 73,2025-11-06_10:53:47.028996
ED   29,99.00%,Maud Maron,(Republican),247,AD 73,2025-11-06_10:53:47.028996
ED   29,99.00%,Maud Maron,(Conservative),10,AD 73,2025-11-06_10:53:47.028996
ED   29,99.00%,Alvin L. Bragg Jr.,(Working Families),19,AD 73,2025-11-06_10:53:47.028996
ED   29,99.00%,Diana J. Florence,(A Safer Manhattan),45,AD 73,2025-11-06_10:53:47.028996
ED   29,99.00%,WRITE-IN,&nbsp,3,AD 73,2025-11-06_10:53:47.028996
ED   30,99.00%,Alvin L. Bragg Jr.,(Democratic),518,AD 73,2025-11-06_10:53:47.028996
ED   30,99.00%,Maud Maron,(Republican),264,AD 73,2025-11-06_10:53:47.028996
ED   30,99.00%,Maud Maron,(Conservative),27,AD 73,2025-11-06_10:53:47.028996
ED   30,99.00%,Alvin L. Bragg Jr.,(Working Families),42,AD 73,2025-11-06_10:53:47.028996
ED   30,99.00%,Diana J. Florence,(A Safer Manhattan),72,AD 73,2025-11-06_10:53:47.028996
ED   30,99.00%,WRITE-IN,&nbsp,0,AD 73,2025-11-06_10:53:47.028996
ED   31,99.00%,Alvin L. Bragg Jr.,(Democratic),408,AD 73,2025-11-06_10:53:47.028996
ED   31,99.00%,Maud Maron,(Republican),192,AD 73,2025-11-06_10:53:47.028996
ED   31,99.00%,Maud Maron,(Conservative),17,AD 73,2025-11-06_10:53:47.028996
ED   31,99.00%,Alvin L. Bragg Jr.,(Working Families),18,AD 73,2025-11-06_10:53:47.028996
ED   31,99.00%,Diana J. Florence,(A Safer Manhattan),52,AD 73,2025-11-06_10:53:47.028996
ED   31,99.00%,WRITE-IN,&nbsp,0,AD 73,2025-11-06_10:53:47.028996
ED   32,99.00%,Alvin L. Bragg Jr.,(Democratic),422,AD 73,2025-11-06_10:53:47.028996
ED   32,99.00%,Maud Maron,(Republican),233,AD 73,2025-11-06_10:53:47.028996
ED   32,99.00%,Maud Maron,(Conservative),20,AD 73,2025-11-06_10:53:47.028996
ED   32,99.00%,Alvin L. Bragg Jr.,(Working Families),45,AD 73,2025-11-06_10:53:47.028996
ED   32,99.00%,Diana J. Florence,(A Safer Manhattan),63,AD 73,2025-11-06_10:53:47.028996
ED   32,99.00%,WRITE-IN,&nbsp,1,AD 73,2025-11-06_10:53:47.028996
ED   33,99.00%,Alvin L. Bragg Jr.,(Democratic),424,AD 73,2025-11-06_10:53:47.028996
ED   33,99.00%,Maud Maron,(Republican),228,AD 73,2025-11-06_10:53:47.028996
ED   33,99.00%,Maud Maron,(Conservative),13,AD 73,2025-11-06_10:53:47.028996
ED   33,99.00%,Alvin L. Bragg Jr.,(Working Families),29,AD 73,2025-11-06_10:53:47.028996
ED   33,99.00%,Diana J. Florence,(A Safer Manhattan),53,AD 73,2025-11-06_10:53:47.028996
ED   33,99.00%,WRITE-IN,&nbsp,1,AD 73,2025-11-06_10:53:47.028996
ED   34,99.00%,Alvin L. Bragg Jr.,(Democratic),587,AD 73,2025-11-06_10:53:47.028996
ED   34,99.00%,Maud Maron,(Republican),344,AD 73,2025-11-06_10:53:47.028996
ED   34,99.00%,Maud Maron,(Conservative),30,AD 73,2025-11-06_10:53:47.028996
ED   34,99.00%,Alvin L. Bragg Jr.,(Working Families),39,AD 73,2025-11-06_10:53:47.028996
ED   34,99.00%,Diana J. Florence,(A Safer Manhattan),73,AD 73,2025-11-06_10:53:47.028996
ED   34,99.00%,WRITE-IN,&nbsp,1,AD 73,2025-11-06_10:53:47.028996
ED   35,99.00%,Alvin L. Bragg Jr.,(Democratic),193,AD 73,2025-11-06_10:53:47.028996
ED   35,99.00%,Maud Maron,(Republican),101,AD 73,2025-11-06_10:53:47.028996
ED   35,99.00%,Maud Maron,(Conservative),12,AD 73,2025-11-06_10:53:47.028996
ED   35,99.00%,Alvin L. Bragg Jr.,(Working Families),19,AD 73,2025-11-06_10:53:47.028996
ED   35,99.00%,Diana J. Florence,(A Safer Manhattan),22,AD 73,2025-11-06_10:53:47.028996
ED   35,99.00%,WRITE-IN,&nbsp,0,AD 73,2025-11-06_10:53:47.028996
ED   36,99.00%,Alvin L. Bragg Jr.,(Democratic),261,AD 73,2025-11-06_10:53:47.028996
ED   36,99.00%,Maud Maron,(Republican),222,AD 73,2025-11-06_10:53:47.028996
ED   36,99.00%,Maud Maron,(Conservative),18,AD 73,2025-11-06_10:53:47.028996
ED   36,99.00%,Alvin L. Bragg Jr.,(Working Families),25,AD 73,2025-11-06_10:53:47.028996
ED   36,99.00%,Diana J. Florence,(A Safer Manhattan),28,AD 73,2025-11-06_10:53:47.028996
ED   36,99.00%,WRITE-IN,&nbsp,1,AD 73,2025-11-06_10:53:47.028996
ED   37,99.00%,Alvin L. Bragg Jr.,(Democratic),459,AD 73,2025-11-06_10:53:47.028996
ED   37,99.00%,Maud Maron,(Republican),308,AD 73,2025-11-06_10:53:47.028996
ED   37,99.00%,Maud Maron,(Conservative),22,AD 73,2025-11-06_10:53:47.028996
ED   37,99.00%,Alvin L. Bragg Jr.,(Working Families),38,AD 73,2025-11-06_10:53:47.028996
ED   37,99.00%,Diana J. Florence,(A Safer Manhattan),34,AD 73,2025-11-06_10:53:47.028996
ED   37,99.00%,WRITE-IN,&nbsp,2,AD 73,2025-11-06_10:53:47.028996
ED   38,99.00%,Alvin L. Bragg Jr.,(Democratic),511,AD 73,2025-11-06_10:53:47.028996
ED   38,99.00%,Maud Maron,(Republican),409,AD 73,2025-11-06_10:53:47.028996
ED   38,99.00%,Maud Maron,(Conservative),35,AD 73,2025-11-06_10:53:47.028996
ED   38,99.00%,Alvin L. Bragg Jr.,(Working Families),29,AD 73,2025-11-06_10:53:47.028996
ED   38,99.00%,Diana J. Florence,(A Safer Manhattan),43,AD 73,2025-11-06_10:53:47.028996
ED   38,99.00%,WRITE-IN,&nbsp,3,AD 73,2025-11-06_10:53:47.028996
ED   39,99.00%,Alvin L. Bragg Jr.,(Democratic),460,AD 73,2025-11-06_10:53:47.028996
ED   39,99.00%,Maud Maron,(Republican),318,AD 73,2025-11-06_10:53:47.028996
ED   39,99.00%,Maud Maron,(Conservative),19,AD 73,2025-11-06_10:53:47.028996
ED   39,99.00%,Alvin L. Bragg Jr.,(Working Families),21,AD 73,2025-11-06_10:53:47.028996
ED   39,99.00%,Diana J. Florence,(A Safer Manhattan),52,AD 73,2025-11-06_10:53:47.028996
ED   39,99.00%,WRITE-IN,&nbsp,0,AD 73,2025-11-06_10:53:47.028996
ED   40,88.89%,Alvin L. Bragg Jr.,(Democratic),321,AD 73,2025-11-06_10:53:47.028996
ED   40,88.89%,Maud Maron,(Republican),266,AD 73,2025-11-06_10:53:47.028996
ED   40,88.89%,Maud Maron,(Conservative),17,AD 73,2025-11-06_10:53:47.028996
ED   40,88.89%,Alvin L. Bragg Jr.,(Working Families),24,AD 73,2025-11-06_10:53:47.028996
ED   40,88.89%,Diana J. Florence,(A Safer Manhattan),31,AD 73,2025-11-06_10:53:47.028996
ED   40,88.89%,WRITE-IN,&nbsp,0,AD 73,2025-11-06_10:53:47.028996
ED   41,88.89%,Alvin L. Bragg Jr.,(Democratic),258,AD 73,2025-11-06_10:53:47.028996
ED   41,88.89%,Maud Maron,(Republican),274,AD 73,2025-11-06_10:53:47.028996
ED   41,88.89%,Maud Maron,(Conservative),14,AD 73,2025-11-06_10:53:47.028996
ED   41,88.89%,Alvin L. Bragg Jr.,(Working Families),18,AD 73,2025-11-06_10:53:47.028996
ED   41,88.89%,Diana J. Florence,(A Safer Manhattan),38,AD 73,2025-11-06_10:53:47.028996
ED   41,88.89%,WRITE-IN,&nbsp,1,AD 73,2025-11-06_10:53:47.028996
ED   42,88.89%,Alvin L. Bragg Jr.,(Democratic),283,AD 73,2025-11-06_10:53:47.028996
ED   42,88.89%,Maud Maron,(Republican),270,AD 73,2025-11-06_10:53:47.028996
ED   42,88.89%,Maud Maron,(Conservative),20,AD 73,2025-11-06_10:53:47.028996
ED   42,88.89%,Alvin L. Bragg Jr.,(Working Families),8,AD 73,2025-11-06_10:53:47.028996
ED   42,88.89%,Diana J. Florence,(A Safer Manhattan),37,AD 73,2025-11-06_10:53:47.028996
ED   42,88.89%,WRITE-IN,&nbsp,0,AD 73,2025-11-06_10:53:47.028996
ED   43,99.00%,Alvin L. Bragg Jr.,(Democratic),402,AD 73,2025-11-06_10:53:47.028996
ED   43,99.00%,Maud Maron,(Republican),339,AD 73,2025-11-06_10:53:47.028996
ED   43,99.00%,Maud Maron,(Conservative),24,AD 73,2025-11-06_10:53:47.028996
ED   43,99.00%,Alvin L. Bragg Jr.,(Working Families),19,AD 73,2025-11-06_10:53:47.028996
ED   43,99.00%,Diana J. Florence,(A Safer Manhattan),42,AD 73,2025-11-06_10:53:47.028996
ED   43,99.00%,WRITE-IN,&nbsp,1,AD 73,2025-11-06_10:53:47.028996
ED   44,88.89%,Alvin L. Bragg Jr.,(Democratic),383,AD 73,2025-11-06_10:53:47.028996
ED   44,88.89%,Maud Maron,(Republican),281,AD 73,2025-11-06_10:53:47.028996
ED   44,88.89%,Maud Maron,(Conservative),16,AD 73,2025-11-06_10:53:47.028996
ED   44,88.89%,Alvin L. Bragg Jr.,(Working Families),18,AD 73,2025-11-06_10:53:47.028996
ED   44,88.89%,Diana J. Florence,(A Safer Manhattan),49,AD 73,2025-11-06_10:53:47.028996
ED   44,88.89%,WRITE-IN,&nbsp,1,AD 73,2025-11-06_10:53:47.028996
ED   45,88.89%,Alvin L. Bragg Jr.,(Democratic),437,AD 73,2025-11-06_10:53:47.028996
ED   45,88.89%,Maud Maron,(Republican),325,AD 73,2025-11-06_10:53:47.028996
ED   45,88.89%,Maud Maron,(Conservative),25,AD 73,2025-11-06_10:53:47.028996
ED   45,88.89%,Alvin L. Bragg Jr.,(Working Families),42,AD 73,2025-11-06_10:53:47.028996
ED   45,88.89%,Diana J. Florence,(A Safer Manhattan),57,AD 73,2025-11-06_10:53:47.028996
ED   45,88.89%,WRITE-IN,&nbsp,1,AD 73,2025-11-06_10:53:47.028996
ED   46,88.89%,Alvin L. Bragg Jr.,(Democratic),344,AD 73,2025-11-06_10:53:47.028996
ED   46,88.89%,Maud Maron,(Republican),348,AD 73,2025-11-06_10:53:47.028996
ED   46,88.89%,Maud Maron,(Conservative),25,AD 73,2025-11-06_10:53:47.028996
ED   46,88.89%,Alvin L. Bragg Jr.,(Working Families),13,AD 73,2025-11-06_10:53:47.028996
ED   46,88.89%,Diana J. Florence,(A Safer Manhattan),33,AD 73,2025-11-06_10:53:47.028996
ED   46,88.89%,WRITE-IN,&nbsp,1,AD 73,2025-11-06_10:53:47.028996
ED   47,88.89%,Alvin L. Bragg Jr.,(Democratic),322,AD 73,2025-11-06_10:53:47.028996
ED   47,88.89%,Maud Maron,(Republican),261,AD 73,2025-11-06_10:53:47.028996
ED   47,88.89%,Maud Maron,(Conservative),26,AD 73,2025-11-06_10:53:47.028996
ED   47,88.89%,Alvin L. Bragg Jr.,(Working Families),21,AD 73,2025-11-06_10:53:47.028996
ED   47,88.89%,Diana J. Florence,(A Safer Manhattan),35,AD 73,2025-11-06_10:53:47.028996
ED   47,88.89%,WRITE-IN,&nbsp,1,AD 73,2025-11-06_10:53:47.028996
ED   48,88.89%,Alvin L. Bragg Jr.,(Democratic),380,AD 73,2025-11-06_10:53:47.028996
ED   48,88.89%,Maud Maron,(Republican),393,AD 73,2025-11-06_10:53:47.028996
ED   48,88.89%,Maud Maron,(Conservative),21,AD 73,2025-11-06_10:53:47.028996
ED   48,88.89%,Alvin L. Bragg Jr.,(Working Families),15,AD 73,2025-11-06_10:53:47.028996
ED   48,88.89%,Diana J. Florence,(A Safer Manhattan),45,AD 73,2025-11-06_10:53:47.028996
ED   48,88.89%,WRITE-IN,&nbsp,3,AD 73,2025-11-06_10:53:47.028996
ED   49,90.00%,Alvin L. Bragg Jr.,(Democratic),259,AD 73,2025-11-06_10:53:47.028996
ED   49,90.00%,Maud Maron,(Republican),300,AD 73,2025-11-06_10:53:47.028996
ED   49,90.00%,Maud Maron,(Conservative),15,AD 73,2025-11-06_10:53:47.028996
ED   49,90.00%,Alvin L. Bragg Jr.,(Working Families),8,AD 73,2025-11-06_10:53:47.028996
ED   49,90.00%,Diana J. Florence,(A Safer Manhattan),28,AD 73,2025-11-06_10:53:47.028996
ED   49,90.00%,WRITE-IN,&nbsp,0,AD 73,2025-11-06_10:53:47.028996
ED   50,90.00%,Alvin L. Bragg Jr.,(Democratic),432,AD 73,2025-11-06_10:53:47.028996
ED   50,90.00%,Maud Maron,(Republican),397,AD 73,2025-11-06_10:53:47.028996
ED   50,90.00%,Maud Maron,(Conservative),32,AD 73,2025-11-06_10:53:47.028996
ED   50,90.00%,Alvin L. Bragg Jr.,(Working Families),12,AD 73,2025-11-06_10:53:47.028996
ED   50,90.00%,Diana J. Florence,(A Safer Manhattan),37,AD 73,2025-11-06_10:53:47.028996
ED   50,90.00%,WRITE-IN,&nbsp,1,AD 73,2025-11-06_10:53:47.028996
ED   51,90.00%,Alvin L. Bragg Jr.,(Democratic),447,AD 73,2025-11-06_10:53:47.028996
ED   51,90.00%,Maud Maron,(Republican),362,AD 73,2025-11-06_10:53:47.028996
ED   51,90.00%,Maud Maron,(Conservative),18,AD 73,2025-11-06_10:53:47.028996
ED   51,90.00%,Alvin L. Bragg Jr.,(Working Families),22,AD 73,2025-11-06_10:53:47.028996
ED   51,90.00%,Diana J. Florence,(A Safer Manhattan),71,AD 73,2025-11-06_10:53:47.028996
ED   51,90.00%,WRITE-IN,&nbsp,0,AD 73,2025-11-06_10:53:47.028996
ED   52,90.00%,Alvin L. Bragg Jr.,(Democratic),338,AD 73,2025-11-06_10:53:47.028996
ED   52,90.00%,Maud Maron,(Republican),269,AD 73,2025-11-06_10:53:47.028996
ED   52,90.00%,Maud Maron,(Conservative),25,AD 73,2025-11-06_10:53:47.028996
ED   52,90.00%,Alvin L. Bragg Jr.,(Working Families),24,AD 73,2025-11-06_10:53:47.028996
ED   52,90.00%,Diana J. Florence,(A Safer Manhattan),34,AD 73,2025-11-06_10:53:47.028996
ED   52,90.00%,WRITE-IN,&nbsp,2,AD 73,2025-11-06_10:53:47.028996
ED   53,99.00%,Alvin L. Bragg Jr.,(Democratic),409,AD 73,2025-11-06_10:53:47.028996
ED   53,99.00%,Maud Maron,(Republican),271,AD 73,2025-11-06_10:53:47.028996
ED   53,99.00%,Maud Maron,(Conservative),13,AD 73,2025-11-06_10:53:47.028996
ED   53,99.00%,Alvin L. Bragg Jr.,(Working Families),15,AD 73,2025-11-06_10:53:47.028996
ED   53,99.00%,Diana J. Florence,(A Safer Manhattan),62,AD 73,2025-11-06_10:53:47.028996
ED   53,99.00%,WRITE-IN,&nbsp,1,AD 73,2025-11-06_10:53:47.028996
ED   54,99.00%,Alvin L. Bragg Jr.,(Democratic),468,AD 73,2025-11-06_10:53:47.028996
ED   54,99.00%,Maud Maron,(Republican),435,AD 73,2025-11-06_10:53:47.028996
ED   54,99.00%,Maud Maron,(Conservative),23,AD 73,2025-11-06_10:53:47.028996
ED   54,99.00%,Alvin L. Bragg Jr.,(Working Families),24,AD 73,2025-11-06_10:53:47.028996
ED   54,99.00%,Diana J. Florence,(A Safer Manhattan),51,AD 73,2025-11-06_10:53:47.028996
ED   54,99.00%,WRITE-IN,&nbsp,1,AD 73,2025-11-06_10:53:47.028996
ED   55,99.00%,Alvin L. Bragg Jr.,(Democratic),387,AD 73,2025-11-06_10:53:47.028996
ED   55,99.00%,Maud Maron,(Republican),255,AD 73,2025-11-06_10:53:47.028996
ED   55,99.00%,Maud Maron,(Conservative),14,AD 73,2025-11-06_10:53:47.028996
ED   55,99.00%,Alvin L. Bragg Jr.,(Working Families),18,AD 73,2025-11-06_10:53:47.028996
ED   55,99.00%,Diana J. Florence,(A Safer Manhattan),36,AD 73,2025-11-06_10:53:47.028996
ED   55,99.00%,WRITE-IN,&nbsp,0,AD 73,2025-11-06_10:53:47.028996
ED   56,99.00%,Alvin L. Bragg Jr.,(Democratic),299,AD 73,2025-11-06_10:53:47.028996
ED   56,99.00%,Maud Maron,(Republican),232,AD 73,2025-11-06_10:53:47.028996
ED   56,99.00%,Maud Maron,(Conservative),14,AD 73,2025-11-06_10:53:47.028996
ED   56,99.00%,Alvin L. Bragg Jr.,(Working Families),10,AD 73,2025-11-06_10:53:47.028996
ED   56,99.00%,Diana J. Florence,(A Safer Manhattan),30,AD 73,2025-11-06_10:53:47.028996
ED   56,99.00%,WRITE-IN,&nbsp,0,AD 73,2025-11-06_10:53:47.028996
ED   57,99.00%,Alvin L. Bragg Jr.,(Democratic),339,AD 73,2025-11-06_10:53:47.028996
ED   57,99.00%,Maud Maron,(Republican),253,AD 73,2025-11-06_10:53:47.028996
ED   57,99.00%,Maud Maron,(Conservative),22,AD 73,2025-11-06_10:53:47.028996
ED   57,99.00%,Alvin L. Bragg Jr.,(Working Families),12,AD 73,2025-11-06_10:53:47.028996
ED   57,99.00%,Diana J. Florence,(A Safer Manhattan),51,AD 73,2025-11-06_10:53:47.028996
ED   57,99.00%,WRITE-IN,&nbsp,1,AD 73,2025-11-06_10:53:47.028996
ED   58,99.00%,Alvin L. Bragg Jr.,(Democratic),368,AD 73,2025-11-06_10:53:47.028996
ED   58,99.00%,Maud Maron,(Republican),203,AD 73,2025-11-06_10:53:47.028996
ED   58,99.00%,Maud Maron,(Conservative),14,AD 73,2025-11-06_10:53:47.028996
ED   58,99.00%,Alvin L. Bragg Jr.,(Working Families),20,AD 73,2025-11-06_10:53:47.028996
ED   58,99.00%,Diana J. Florence,(A Safer Manhattan),34,AD 73,2025-11-06_10:53:47.028996
ED   58,99.00%,WRITE-IN,&nbsp,1,AD 73,2025-11-06_10:53:47.028996
ED   59,99.00%,Alvin L. Bragg Jr.,(Democratic),607,AD 73,2025-11-06_10:53:47.028996
ED   59,99.00%,Maud Maron,(Republican),318,AD 73,2025-11-06_10:53:47.028996
ED   59,99.00%,Maud Maron,(Conservative),36,AD 73,2025-11-06_10:53:47.028996
ED   59,99.00%,Alvin L. Bragg Jr.,(Working Families),60,AD 73,2025-11-06_10:53:47.028996
ED   59,99.00%,Diana J. Florence,(A Safer Manhattan),59,AD 73,2025-11-06_10:53:47.028996
ED   59,99.00%,WRITE-IN,&nbsp,3,AD 73,2025-11-06_10:53:47.028996
ED   60,99.00%,Alvin L. Bragg Jr.,(Democratic),241,AD 73,2025-11-06_10:53:47.028996
ED   60,99.00%,Maud Maron,(Republican),80,AD 73,2025-11-06_10:53:47.028996
ED   60,99.00%,Maud Maron,(Conservative),11,AD 73,2025-11-06_10:53:47.028996
ED   60,99.00%,Alvin L. Bragg Jr.,(Working Families),37,AD 73,2025-11-06_10:53:47.028996
ED   60,99.00%,Diana J. Florence,(A Safer Manhattan),41,AD 73,2025-11-06_10:53:47.028996
ED   60,99.00%,WRITE-IN,&nbsp,0,AD 73,2025-11-06_10:53:47.028996
ED   61,99.00%,Alvin L. Bragg Jr.,(Democratic),298,AD 73,2025-11-06_10:53:47.028996
ED   61,99.00%,Maud Maron,(Republican),80,AD 73,2025-11-06_10:53:47.028996
ED   61,99.00%,Maud Maron,(Conservative),4,AD 73,2025-11-06_10:53:47.028996
ED   61,99.00%,Alvin L. Bragg Jr.,(Working Families),43,AD 73,2025-11-06_10:53:47.028996
ED   61,99.00%,Diana J. Florence,(A Safer Manhattan),20,AD 73,2025-11-06_10:53:47.028996
ED   61,99.00%,WRITE-IN,&nbsp,0,AD 73,2025-11-06_10:53:47.028996
ED   62,99.00%,Alvin L. Bragg Jr.,(Democratic),651,AD 73,2025-11-06_10:53:47.028996
ED   62,99.00%,Maud Maron,(Republican),262,AD 73,2025-11-06_10:53:47.028996
ED   62,99.00%,Maud Maron,(Conservative),31,AD 73,2025-11-06_10:53:47.028996
ED   62,99.00%,Alvin L. Bragg Jr.,(Working Families),89,AD 73,2025-11-06_10:53:47.028996
ED   62,99.00%,Diana J. Florence,(A Safer Manhattan),33,AD 73,2025-11-06_10:53:47.028996
ED   62,99.00%,WRITE-IN,&nbsp,1,AD 73,2025-11-06_10:53:47.028996
ED   63,99.00%,Alvin L. Bragg Jr.,(Democratic),396,AD 73,2025-11-06_10:53:47.028996
ED   63,99.00%,Maud Maron,(Republican),323,AD 73,2025-11-06_10:53:47.028996
ED   63,99.00%,Maud Maron,(Conservative),17,AD 73,2025-11-06_10:53:47.028996
ED   63,99.00%,Alvin L. Bragg Jr.,(Working Families),24,AD 73,2025-11-06_10:53:47.028996
ED   63,99.00%,Diana J. Florence,(A Safer Manhattan),42,AD 73,2025-11-06_10:53:47.028996
ED   63,99.00%,WRITE-IN,&nbsp,1,AD 73,2025-11-06_10:53:47.028996
ED   64,99.00%,Alvin L. Bragg Jr.,(Democratic),534,AD 73,2025-11-06_10:53:47.028996
ED   64,99.00%,Maud Maron,(Republican),374,AD 73,2025-11-06_10:53:47.028996
ED   64,99.00%,Maud Maron,(Conservative),16,AD 73,2025-11-06_10:53:47.028996
ED   64,99.00%,Alvin L. Bragg Jr.,(Working Families),35,AD 73,2025-11-06_10:53:47.028996
ED   64,99.00%,Diana J. Florence,(A Safer Manhattan),37,AD 73,2025-11-06_10:53:47.028996
ED   64,99.00%,WRITE-IN,&nbsp,0,AD 73,2025-11-06_10:53:47.028996
ED   65,99.00%,Alvin L. Bragg Jr.,(Democratic),353,AD 73,2025-11-06_10:53:47.028996
ED   65,99.00%,Maud Maron,(Republican),205,AD 73,2025-11-06_10:53:47.028996
ED   65,99.00%,Maud Maron,(Conservative),18,AD 73,2025-11-06_10:53:47.028996
ED   65,99.00%,Alvin L. Bragg Jr.,(Working Families),27,AD 73,2025-11-06_10:53:47.028996
ED   65,99.00%,Diana J. Florence,(A Safer Manhattan),27,AD 73,2025-11-06_10:53:47.028996
ED   65,99.00%,WRITE-IN,&nbsp,2,AD 73,2025-11-06_10:53:47.028996
ED   66,90.00%,Alvin L. Bragg Jr.,(Democratic),492,AD 73,2025-11-06_10:53:47.028996
ED   66,90.00%,Maud Maron,(Republican),280,AD 73,2025-11-06_10:53:47.028996
ED   66,90.00%,Maud Maron,(Conservative),22,AD 73,2025-11-06_10:53:47.028996
ED   66,90.00%,Alvin L. Bragg Jr.,(Working Families),38,AD 73,2025-11-06_10:53:47.028996
ED   66,90.00%,Diana J. Florence,(A Safer Manhattan),37,AD 73,2025-11-06_10:53:47.028996
ED   66,90.00%,WRITE-IN,&nbsp,0,AD 73,2025-11-06_10:53:47.028996
ED   67,90.00%,Alvin L. Bragg Jr.,(Democratic),435,AD 73,2025-11-06_10:53:47.028996
ED   67,90.00%,Maud Maron,(Republican),244,AD 73,2025-11-06_10:53:47.028996
ED   67,90.00%,Maud Maron,(Conservative),17,AD 73,2025-11-06_10:53:47.028996
ED   67,90.00%,Alvin L. Bragg Jr.,(Working Families),32,AD 73,2025-11-06_10:53:47.028996
ED   67,90.00%,Diana J. Florence,(A Safer Manhattan),38,AD 73,2025-11-06_10:53:47.028996
ED   67,90.00%,WRITE-IN,&nbsp,1,AD 73,2025-11-06_10:53:47.028996
ED   68,99.00%,Alvin L. Bragg Jr.,(Democratic),322,AD 73,2025-11-06_10:53:47.028996
ED   68,99.00%,Maud Maron,(Republican),303,AD 73,2025-11-06_10:53:47.028996
ED   68,99.00%,Maud Maron,(Conservative),19,AD 73,2025-11-06_10:53:47.028996
ED   68,99.00%,Alvin L. Bragg Jr.,(Working Families),24,AD 73,2025-11-06_10:53:47.028996
ED   68,99.00%,Diana J. Florence,(A Safer Manhattan),45,AD 73,2025-11-06_10:53:47.028996
ED   68,99.00%,WRITE-IN,&nbsp,2,AD 73,2025-11-06_10:53:47.028996
ED   69,99.00%,Alvin L. Bragg Jr.,(Democratic),586,AD 73,2025-11-06_10:53:47.028996
ED   69,99.00%,Maud Maron,(Republican),196,AD 73,2025-11-06_10:53:47.028996
ED   69,99.00%,Maud Maron,(Conservative),17,AD 73,2025-11-06_10:53:47.028996
ED   69,99.00%,Alvin L. Bragg Jr.,(Working Families),77,AD 73,2025-11-06_10:53:47.028996
ED   69,99.00%,Diana J. Florence,(A Safer Manhattan),40,AD 73,2025-11-06_10:53:47.028996
ED   69,99.00%,WRITE-IN,&nbsp,2,AD 73,2025-11-06_10:53:47.028996
ED   70,83.33%,Alvin L. Bragg Jr.,(Democratic),0,AD 73,2025-11-06_10:53:47.028996
ED   70,83.33%,Maud Maron,(Republican),0,AD 73,2025-11-06_10:53:47.028996
ED   70,83.33%,Maud Maron,(Conservative),0,AD 73,2025-11-06_10:53:47.028996
ED   70,83.33%,Alvin L. Bragg Jr.,(Working Families),0,AD 73,2025-11-06_10:53:47.028996
ED   70,83.33%,Diana J. Florence,(A Safer Manhattan),0,AD 73,2025-11-06_10:53:47.028996
ED   70,83.33%,WRITE-IN,&nbsp,0,AD 73,2025-11-06_10:53:47.028996
ED   71,99.00%,Alvin L. Bragg Jr.,(Democratic),0,AD 73,2025-11-06_10:53:47.028996
ED   71,99.00%,Maud Maron,(Republican),0,AD 73,2025-11-06_10:53:47.028996
ED   71,99.00%,Maud Maron,(Conservative),0,AD 73,2025-11-06_10:53:47.028996
ED   71,99.00%,Alvin L. Bragg Jr.,(Working Families),0,AD 73,2025-11-06_10:53:47.028996
ED   71,99.00%,Diana J. Florence,(A Safer Manhattan),0,AD 73,2025-11-06_10:53:47.028996
ED   71,99.00%,WRITE-IN,&nbsp,0,AD 73,2025-11-06_10:53:47.028996
ED   72,99.00%,Alvin L. Bragg Jr.,(Democratic),0,AD 73,2025-11-06_10:53:47.028996
ED   72,99.00%,Maud Maron,(Republican),0,AD 73,2025-11-06_10:53:47.028996
ED   72,99.00%,Maud Maron,(Conservative),0,AD 73,2025-11-06_10:53:47.028996
ED   72,99.00%,Alvin L. Bragg Jr.,(Working Families),0,AD 73,2025-11-06_10:53:47.028996
ED   72,99.00%,Diana J. Florence,(A Safer Manhattan),0,AD 73,2025-11-06_10:53:47.028996
ED   72,99.00%,WRITE-IN,&nbsp,0,AD 73,2025-11-06_10:53:47.028996
Total,,Alvin L. Bragg Jr.,(Democratic),26938,AD 73,2025-11-06_10:53:47.028996
Total,,Maud Maron,(Republican),16832,AD 73,2025-11-06_10:53:47.028996
Total,,Maud Maron,(Conservative),1228,AD 73,2025-11-06_10:53:47.028996
Total,,Alvin L. Bragg Jr.,(Working Families),2142,AD 73,2025-11-06_10:53:47.028996
Total,,Diana J. Florence,(A Safer Manhattan),2877,AD 73,2025-11-06_10:53:47.028996
Total,,WRITE-IN,&nbsp,66,AD 73,2025-11-06_10:53:47.028996
ED    1,99.00%,Alvin L. Bragg Jr.,(Democratic),474,AD 74,2025-11-06_10:53:47.028996
ED    1,99.00%,Maud Maron,(Republican),193,AD 74,2025-11-06_10:53:47.028996
ED    1,99.00%,Maud Maron,(Conservative),16,AD 74,2025-11-06_10:53:47.028996
ED    1,99.00%,Alvin L. Bragg Jr.,(Working Families),39,AD 74,2025-11-06_10:53:47.028996
ED    1,99.00%,Diana J. Florence,(A Safer Manhattan),46,AD 74,2025-11-06_10:53:47.028996
ED    1,99.00%,WRITE-IN,&nbsp,0,AD 74,2025-11-06_10:53:47.028996
ED    2,99.00%,Alvin L. Bragg Jr.,(Democratic),528,AD 74,2025-11-06_10:53:47.028996
ED    2,99.00%,Maud Maron,(Republican),204,AD 74,2025-11-06_10:53:47.028996
ED    2,99.00%,Maud Maron,(Conservative),18,AD 74,2025-11-06_10:53:47.028996
ED    2,99.00%,Alvin L. Bragg Jr.,(Working Families),81,AD 74,2025-11-06_10:53:47.028996
ED    2,99.00%,Diana J. Florence,(A Safer Manhattan),48,AD 74,2025-11-06_10:53:47.028996
ED    2,99.00%,WRITE-IN,&nbsp,2,AD 74,2025-11-06_10:53:47.028996
ED    3,99.00%,Alvin L. Bragg Jr.,(Democratic),466,AD 74,2025-11-06_10:53:47.028996
ED    3,99.00%,Maud Maron,(Republican),185,AD 74,2025-11-06_10:53:47.028996
ED    3,99.00%,Maud Maron,(Conservative),15,AD 74,2025-11-06_10:53:47.028996
ED    3,99.00%,Alvin L. Bragg Jr.,(Working Families),46,AD 74,2025-11-06_10:53:47.028996
ED    3,99.00%,Diana J. Florence,(A Safer Manhattan),44,AD 74,2025-11-06_10:53:47.028996
ED    3,99.00%,WRITE-IN,&nbsp,2,AD 74,2025-11-06_10:53:47.028996
ED    4,99.00%,Alvin L. Bragg Jr.,(Democratic),452,AD 74,2025-11-06_10:53:47.028996
ED    4,99.00%,Maud Maron,(Republican),191,AD 74,2025-11-06_10:53:47.028996
ED    4,99.00%,Maud Maron,(Conservative),18,AD 74,2025-11-06_10:53:47.028996
ED    4,99.00%,Alvin L. Bragg Jr.,(Working Families),42,AD 74,2025-11-06_10:53:47.028996
ED    4,99.00%,Diana J. Florence,(A Safer Manhattan),53,AD 74,2025-11-06_10:53:47.028996
ED    4,99.00%,WRITE-IN,&nbsp,1,AD 74,2025-11-06_10:53:47.028996
ED    5,99.00%,Alvin L. Bragg Jr.,(Democratic),348,AD 74,2025-11-06_10:53:47.028996
ED    5,99.00%,Maud Maron,(Republican),174,AD 74,2025-11-06_10:53:47.028996
ED    5,99.00%,Maud Maron,(Conservative),10,AD 74,2025-11-06_10:53:47.028996
ED    5,99.00%,Alvin L. Bragg Jr.,(Working Families),39,AD 74,2025-11-06_10:53:47.028996
ED    5,99.00%,Diana J. Florence,(A Safer Manhattan),38,AD 74,2025-11-06_10:53:47.028996
ED    5,99.00%,WRITE-IN,&nbsp,1,AD 74,2025-11-06_10:53:47.028996
ED    6,99.00%,Alvin L. Bragg Jr.,(Democratic),409,AD 74,2025-11-06_10:53:47.028996
ED    6,99.00%,Maud Maron,(Republican),193,AD 74,2025-11-06_10:53:47.028996
ED    6,99.00%,Maud Maron,(Conservative),17,AD 74,2025-11-06_10:53:47.028996
ED    6,99.00%,Alvin L. Bragg Jr.,(Working Families),59,AD 74,2025-11-06_10:53:47.028996
ED    6,99.00%,Diana J. Florence,(A Safer Manhattan),36,AD 74,2025-11-06_10:53:47.028996
ED    6,99.00%,WRITE-IN,&nbsp,1,AD 74,2025-11-06_10:53:47.028996
ED    7,99.00%,Alvin L. Bragg Jr.,(Democratic),416,AD 74,2025-11-06_10:53:47.028996
ED    7,99.00%,Maud Maron,(Republican),116,AD 74,2025-11-06_10:53:47.028996
ED    7,99.00%,Maud Maron,(Conservative),20,AD 74,2025-11-06_10:53:47.028996
ED    7,99.00%,Alvin L. Bragg Jr.,(Working Families),42,AD 74,2025-11-06_10:53:47.028996
ED    7,99.00%,Diana J. Florence,(A Safer Manhattan),41,AD 74,2025-11-06_10:53:47.028996
ED    7,99.00%,WRITE-IN,&nbsp,0,AD 74,2025-11-06_10:53:47.028996
ED    8,99.00%,Alvin L. Bragg Jr.,(Democratic),576,AD 74,2025-11-06_10:53:47.028996
ED    8,99.00%,Maud Maron,(Republican),196,AD 74,2025-11-06_10:53:47.028996
ED    8,99.00%,Maud Maron,(Conservative),21,AD 74,2025-11-06_10:53:47.028996
ED    8,99.00%,Alvin L. Bragg Jr.,(Working Families),55,AD 74,2025-11-06_10:53:47.028996
ED    8,99.00%,Diana J. Florence,(A Safer Manhattan),78,AD 74,2025-11-06_10:53:47.028996
ED    8,99.00%,WRITE-IN,&nbsp,0,AD 74,2025-11-06_10:53:47.028996
ED    9,90.00%,Alvin L. Bragg Jr.,(Democratic),211,AD 74,2025-11-06_10:53:47.028996
ED    9,90.00%,Maud Maron,(Republican),91,AD 74,2025-11-06_10:53:47.028996
ED    9,90.00%,Maud Maron,(Conservative),7,AD 74,2025-11-06_10:53:47.028996
ED    9,90.00%,Alvin L. Bragg Jr.,(Working Families),34,AD 74,2025-11-06_10:53:47.028996
ED    9,90.00%,Diana J. Florence,(A Safer Manhattan),29,AD 74,2025-11-06_10:53:47.028996
ED    9,90.00%,WRITE-IN,&nbsp,0,AD 74,2025-11-06_10:53:47.028996
ED   10,90.00%,Alvin L. Bragg Jr.,(Democratic),574,AD 74,2025-11-06_10:53:47.028996
ED   10,90.00%,Maud Maron,(Republican),225,AD 74,2025-11-06_10:53:47.028996
ED   10,90.00%,Maud Maron,(Conservative),19,AD 74,2025-11-06_10:53:47.028996
ED   10,90.00%,Alvin L. Bragg Jr.,(Working Families),50,AD 74,2025-11-06_10:53:47.028996
ED   10,90.00%,Diana J. Florence,(A Safer Manhattan),54,AD 74,2025-11-06_10:53:47.028996
ED   10,90.00%,WRITE-IN,&nbsp,2,AD 74,2025-11-06_10:53:47.028996
ED   11,99.00%,Alvin L. Bragg Jr.,(Democratic),584,AD 74,2025-11-06_10:53:47.028996
ED   11,99.00%,Maud Maron,(Republican),166,AD 74,2025-11-06_10:53:47.028996
ED   11,99.00%,Maud Maron,(Conservative),18,AD 74,2025-11-06_10:53:47.028996
ED   11,99.00%,Alvin L. Bragg Jr.,(Working Families),73,AD 74,2025-11-06_10:53:47.028996
ED   11,99.00%,Diana J. Florence,(A Safer Manhattan),53,AD 74,2025-11-06_10:53:47.028996
ED   11,99.00%,WRITE-IN,&nbsp,1,AD 74,2025-11-06_10:53:47.028996
ED   12,99.00%,Alvin L. Bragg Jr.,(Democratic),620,AD 74,2025-11-06_10:53:47.028996
ED   12,99.00%,Maud Maron,(Republican),205,AD 74,2025-11-06_10:53:47.028996
ED   12,99.00%,Maud Maron,(Conservative),23,AD 74,2025-11-06_10:53:47.028996
ED   12,99.00%,Alvin L. Bragg Jr.,(Working Families),71,AD 74,2025-11-06_10:53:47.028996
ED   12,99.00%,Diana J. Florence,(A Safer Manhattan),62,AD 74,2025-11-06_10:53:47.028996
ED   12,99.00%,WRITE-IN,&nbsp,1,AD 74,2025-11-06_10:53:47.028996
ED   13,99.00%,Alvin L. Bragg Jr.,(Democratic),481,AD 74,2025-11-06_10:53:47.028996
ED   13,99.00%,Maud Maron,(Republican),144,AD 74,2025-11-06_10:53:47.028996
ED   13,99.00%,Maud Maron,(Conservative),18,AD 74,2025-11-06_10:53:47.028996
ED   13,99.00%,Alvin L. Bragg Jr.,(Working Families),61,AD 74,2025-11-06_10:53:47.028996
ED   13,99.00%,Diana J. Florence,(A Safer Manhattan),40,AD 74,2025-11-06_10:53:47.028996
ED   13,99.00%,WRITE-IN,&nbsp,2,AD 74,2025-11-06_10:53:47.028996
ED   14,99.00%,Alvin L. Bragg Jr.,(Democratic),488,AD 74,2025-11-06_10:53:47.028996
ED   14,99.00%,Maud Maron,(Republican),142,AD 74,2025-11-06_10:53:47.028996
ED   14,99.00%,Maud Maron,(Conservative),7,AD 74,2025-11-06_10:53:47.028996
ED   14,99.00%,Alvin L. Bragg Jr.,(Working Families),63,AD 74,2025-11-06_10:53:47.028996
ED   14,99.00%,Diana J. Florence,(A Safer Manhattan),40,AD 74,2025-11-06_10:53:47.028996
ED   14,99.00%,WRITE-IN,&nbsp,0,AD 74,2025-11-06_10:53:47.028996
ED   15,99.00%,Alvin L. Bragg Jr.,(Democratic),578,AD 74,2025-11-06_10:53:47.028996
ED   15,99.00%,Maud Maron,(Republican),206,AD 74,2025-11-06_10:53:47.028996
ED   15,99.00%,Maud Maron,(Conservative),24,AD 74,2025-11-06_10:53:47.028996
ED   15,99.00%,Alvin L. Bragg Jr.,(Working Families),90,AD 74,2025-11-06_10:53:47.028996
ED   15,99.00%,Diana J. Florence,(A Safer Manhattan),68,AD 74,2025-11-06_10:53:47.028996
ED   15,99.00%,WRITE-IN,&nbsp,2,AD 74,2025-11-06_10:53:47.028996
ED   16,99.00%,Alvin L. Bragg Jr.,(Democratic),698,AD 74,2025-11-06_10:53:47.028996
ED   16,99.00%,Maud Maron,(Republican),210,AD 74,2025-11-06_10:53:47.028996
ED   16,99.00%,Maud Maron,(Conservative),24,AD 74,2025-11-06_10:53:47.028996
ED   16,99.00%,Alvin L. Bragg Jr.,(Working Families),96,AD 74,2025-11-06_10:53:47.028996
ED   16,99.00%,Diana J. Florence,(A Safer Manhattan),50,AD 74,2025-11-06_10:53:47.028996
ED   16,99.00%,WRITE-IN,&nbsp,2,AD 74,2025-11-06_10:53:47.028996
ED   17,99.00%,Alvin L. Bragg Jr.,(Democratic),644,AD 74,2025-11-06_10:53:47.028996
ED   17,99.00%,Maud Maron,(Republican),141,AD 74,2025-11-06_10:53:47.028996
ED   17,99.00%,Maud Maron,(Conservative),18,AD 74,2025-11-06_10:53:47.028996
ED   17,99.00%,Alvin L. Bragg Jr.,(Working Families),131,AD 74,2025-11-06_10:53:47.028996
ED   17,99.00%,Diana J. Florence,(A Safer Manhattan),54,AD 74,2025-11-06_10:53:47.028996
ED   17,99.00%,WRITE-IN,&nbsp,0,AD 74,2025-11-06_10:53:47.028996
ED   18,99.00%,Alvin L. Bragg Jr.,(Democratic),690,AD 74,2025-11-06_10:53:47.028996
ED   18,99.00%,Maud Maron,(Republican),171,AD 74,2025-11-06_10:53:47.028996
ED   18,99.00%,Maud Maron,(Conservative),17,AD 74,2025-11-06_10:53:47.028996
ED   18,99.00%,Alvin L. Bragg Jr.,(Working Families),164,AD 74,2025-11-06_10:53:47.028996
ED   18,99.00%,Diana J. Florence,(A Safer Manhattan),47,AD 74,2025-11-06_10:53:47.028996
ED   18,99.00%,WRITE-IN,&nbsp,2,AD 74,2025-11-06_10:53:47.028996
ED   19,99.00%,Alvin L. Bragg Jr.,(Democratic),498,AD 74,2025-11-06_10:53:47.028996
ED   19,99.00%,Maud Maron,(Republican),117,AD 74,2025-11-06_10:53:47.028996
ED   19,99.00%,Maud Maron,(Conservative),26,AD 74,2025-11-06_10:53:47.028996
ED   19,99.00%,Alvin L. Bragg Jr.,(Working Families),98,AD 74,2025-11-06_10:53:47.028996
ED   19,99.00%,Diana J. Florence,(A Safer Manhattan),37,AD 74,2025-11-06_10:53:47.028996
ED   19,99.00%,WRITE-IN,&nbsp,0,AD 74,2025-11-06_10:53:47.028996
ED   20,99.00%,Alvin L. Bragg Jr.,(Democratic),506,AD 74,2025-11-06_10:53:47.028996
ED   20,99.00%,Maud Maron,(Republican),124,AD 74,2025-11-06_10:53:47.028996
ED   20,99.00%,Maud Maron,(Conservative),12,AD 74,2025-11-06_10:53:47.028996
ED   20,99.00%,Alvin L. Bragg Jr.,(Working Families),110,AD 74,2025-11-06_10:53:47.028996
ED   20,99.00%,Diana J. Florence,(A Safer Manhattan),49,AD 74,2025-11-06_10:53:47.028996
ED   20,99.00%,WRITE-IN,&nbsp,0,AD 74,2025-11-06_10:53:47.028996
ED   21,99.00%,Alvin L. Bragg Jr.,(Democratic),422,AD 74,2025-11-06_10:53:47.028996
ED   21,99.00%,Maud Maron,(Republican),90,AD 74,2025-11-06_10:53:47.028996
ED   21,99.00%,Maud Maron,(Conservative),9,AD 74,2025-11-06_10:53:47.028996
ED   21,99.00%,Alvin L. Bragg Jr.,(Working Families),50,AD 74,2025-11-06_10:53:47.028996
ED   21,99.00%,Diana J. Florence,(A Safer Manhattan),31,AD 74,2025-11-06_10:53:47.028996
ED   21,99.00%,WRITE-IN,&nbsp,0,AD 74,2025-11-06_10:53:47.028996
ED   22,99.00%,Alvin L. Bragg Jr.,(Democratic),615,AD 74,2025-11-06_10:53:47.028996
ED   22,99.00%,Maud Maron,(Republican),160,AD 74,2025-11-06_10:53:47.028996
ED   22,99.00%,Maud Maron,(Conservative),23,AD 74,2025-11-06_10:53:47.028996
ED   22,99.00%,Alvin L. Bragg Jr.,(Working Families),115,AD 74,2025-11-06_10:53:47.028996
ED   22,99.00%,Diana J. Florence,(A Safer Manhattan),62,AD 74,2025-11-06_10:53:47.028996
ED   22,99.00%,WRITE-IN,&nbsp,1,AD 74,2025-11-06_10:53:47.028996
ED   23,99.00%,Alvin L. Bragg Jr.,(Democratic),619,AD 74,2025-11-06_10:53:47.028996
ED   23,99.00%,Maud Maron,(Republican),159,AD 74,2025-11-06_10:53:47.028996
ED   23,99.00%,Maud Maron,(Conservative),18,AD 74,2025-11-06_10:53:47.028996
ED   23,99.00%,Alvin L. Bragg Jr.,(Working Families),114,AD 74,2025-11-06_10:53:47.028996
ED   23,99.00%,Diana J. Florence,(A Safer Manhattan),54,AD 74,2025-11-06_10:53:47.028996
ED   23,99.00%,WRITE-IN,&nbsp,4,AD 74,2025-11-06_10:53:47.028996
ED   24,99.00%,Alvin L. Bragg Jr.,(Democratic),591,AD 74,2025-11-06_10:53:47.028996
ED   24,99.00%,Maud Maron,(Republican),138,AD 74,2025-11-06_10:53:47.028996
ED   24,99.00%,Maud Maron,(Conservative),13,AD 74,2025-11-06_10:53:47.028996
ED   24,99.00%,Alvin L. Bragg Jr.,(Working Families),105,AD 74,2025-11-06_10:53:47.028996
ED   24,99.00%,Diana J. Florence,(A Safer Manhattan),45,AD 74,2025-11-06_10:53:47.028996
ED   24,99.00%,WRITE-IN,&nbsp,0,AD 74,2025-11-06_10:53:47.028996
ED   25,99.00%,Alvin L. Bragg Jr.,(Democratic),278,AD 74,2025-11-06_10:53:47.028996
ED   25,99.00%,Maud Maron,(Republican),53,AD 74,2025-11-06_10:53:47.028996
ED   25,99.00%,Maud Maron,(Conservative),7,AD 74,2025-11-06_10:53:47.028996
ED   25,99.00%,Alvin L. Bragg Jr.,(Working Families),62,AD 74,2025-11-06_10:53:47.028996
ED   25,99.00%,Diana J. Florence,(A Safer Manhattan),20,AD 74,2025-11-06_10:53:47.028996
ED   25,99.00%,WRITE-IN,&nbsp,1,AD 74,2025-11-06_10:53:47.028996
ED   26,99.00%,Alvin L. Bragg Jr.,(Democratic),564,AD 74,2025-11-06_10:53:47.028996
ED   26,99.00%,Maud Maron,(Republican),106,AD 74,2025-11-06_10:53:47.028996
ED   26,99.00%,Maud Maron,(Conservative),7,AD 74,2025-11-06_10:53:47.028996
ED   26,99.00%,Alvin L. Bragg Jr.,(Working Families),158,AD 74,2025-11-06_10:53:47.028996
ED   26,99.00%,Diana J. Florence,(A Safer Manhattan),27,AD 74,2025-11-06_10:53:47.028996
ED   26,99.00%,WRITE-IN,&nbsp,2,AD 74,2025-11-06_10:53:47.028996
ED   27,99.00%,Alvin L. Bragg Jr.,(Democratic),664,AD 74,2025-11-06_10:53:47.028996
ED   27,99.00%,Maud Maron,(Republican),108,AD 74,2025-11-06_10:53:47.028996
ED   27,99.00%,Maud Maron,(Conservative),19,AD 74,2025-11-06_10:53:47.028996
ED   27,99.00%,Alvin L. Bragg Jr.,(Working Families),158,AD 74,2025-11-06_10:53:47.028996
ED   27,99.00%,Diana J. Florence,(A Safer Manhattan),17,AD 74,2025-11-06_10:53:47.028996
ED   27,99.00%,WRITE-IN,&nbsp,4,AD 74,2025-11-06_10:53:47.028996
ED   28,99.00%,Alvin L. Bragg Jr.,(Democratic),364,AD 74,2025-11-06_10:53:47.028996
ED   28,99.00%,Maud Maron,(Republican),50,AD 74,2025-11-06_10:53:47.028996
ED   28,99.00%,Maud Maron,(Conservative),5,AD 74,2025-11-06_10:53:47.028996
ED   28,99.00%,Alvin L. Bragg Jr.,(Working Families),102,AD 74,2025-11-06_10:53:47.028996
ED   28,99.00%,Diana J. Florence,(A Safer Manhattan),18,AD 74,2025-11-06_10:53:47.028996
ED   28,99.00%,WRITE-IN,&nbsp,0,AD 74,2025-11-06_10:53:47.028996
ED   29,99.00%,Alvin L. Bragg Jr.,(Democratic),231,AD 74,2025-11-06_10:53:47.028996
ED   29,99.00%,Maud Maron,(Republican),42,AD 74,2025-11-06_10:53:47.028996
ED   29,99.00%,Maud Maron,(Conservative),6,AD 74,2025-11-06_10:53:47.028996
ED   29,99.00%,Alvin L. Bragg Jr.,(Working Families),29,AD 74,2025-11-06_10:53:47.028996
ED   29,99.00%,Diana J. Florence,(A Safer Manhattan),24,AD 74,2025-11-06_10:53:47.028996
ED   29,99.00%,WRITE-IN,&nbsp,0,AD 74,2025-11-06_10:53:47.028996
ED   30,99.00%,Alvin L. Bragg Jr.,(Democratic),320,AD 74,2025-11-06_10:53:47.028996
ED   30,99.00%,Maud Maron,(Republican),74,AD 74,2025-11-06_10:53:47.028996
ED   30,99.00%,Maud Maron,(Conservative),8,AD 74,2025-11-06_10:53:47.028996
ED   30,99.00%,Alvin L. Bragg Jr.,(Working Families),66,AD 74,2025-11-06_10:53:47.028996
ED   30,99.00%,Diana J. Florence,(A Safer Manhattan),41,AD 74,2025-11-06_10:53:47.028996
ED   30,99.00%,WRITE-IN,&nbsp,0,AD 74,2025-11-06_10:53:47.028996
ED   31,99.00%,Alvin L. Bragg Jr.,(Democratic),562,AD 74,2025-11-06_10:53:47.028996
ED   31,99.00%,Maud Maron,(Republican),88,AD 74,2025-11-06_10:53:47.028996
ED   31,99.00%,Maud Maron,(Conservative),4,AD 74,2025-11-06_10:53:47.028996
ED   31,99.00%,Alvin L. Bragg Jr.,(Working Families),134,AD 74,2025-11-06_10:53:47.028996
ED   31,99.00%,Diana J. Florence,(A Safer Manhattan),36,AD 74,2025-11-06_10:53:47.028996
ED   31,99.00%,WRITE-IN,&nbsp,1,AD 74,2025-11-06_10:53:47.028996
ED   32,99.00%,Alvin L. Bragg Jr.,(Democratic),169,AD 74,2025-11-06_10:53:47.028996
ED   32,99.00%,Maud Maron,(Republican),29,AD 74,2025-11-06_10:53:47.028996
ED   32,99.00%,Maud Maron,(Conservative),4,AD 74,2025-11-06_10:53:47.028996
ED   32,99.00%,Alvin L. Bragg Jr.,(Working Families),12,AD 74,2025-11-06_10:53:47.028996
ED   32,99.00%,Diana J. Florence,(A Safer Manhattan),34,AD 74,2025-11-06_10:53:47.028996
ED   32,99.00%,WRITE-IN,&nbsp,0,AD 74,2025-11-06_10:53:47.028996
ED   33,99.00%,Alvin L. Bragg Jr.,(Democratic),396,AD 74,2025-11-06_10:53:47.028996
ED   33,99.00%,Maud Maron,(Republican),39,AD 74,2025-11-06_10:53:47.028996
ED   33,99.00%,Maud Maron,(Conservative),10,AD 74,2025-11-06_10:53:47.028996
ED   33,99.00%,Alvin L. Bragg Jr.,(Working Families),100,AD 74,2025-11-06_10:53:47.028996
ED   33,99.00%,Diana J. Florence,(A Safer Manhattan),17,AD 74,2025-11-06_10:53:47.028996
ED   33,99.00%,WRITE-IN,&nbsp,1,AD 74,2025-11-06_10:53:47.028996
ED   34,99.00%,Alvin L. Bragg Jr.,(Democratic),349,AD 74,2025-11-06_10:53:47.028996
ED   34,99.00%,Maud Maron,(Republican),45,AD 74,2025-11-06_10:53:47.028996
ED   34,99.00%,Maud Maron,(Conservative),9,AD 74,2025-11-06_10:53:47.028996
ED   34,99.00%,Alvin L. Bragg Jr.,(Working Families),82,AD 74,2025-11-06_10:53:47.028996
ED   34,99.00%,Diana J. Florence,(A Safer Manhattan),24,AD 74,2025-11-06_10:53:47.028996
ED   34,99.00%,WRITE-IN,&nbsp,0,AD 74,2025-11-06_10:53:47.028996
ED   35,99.00%,Alvin L. Bragg Jr.,(Democratic),508,AD 74,2025-11-06_10:53:47.028996
ED   35,99.00%,Maud Maron,(Republican),61,AD 74,2025-11-06_10:53:47.028996
ED   35,99.00%,Maud Maron,(Conservative),5,AD 74,2025-11-06_10:53:47.028996
ED   35,99.00%,Alvin L. Bragg Jr.,(Working Families),140,AD 74,2025-11-06_10:53:47.028996
ED   35,99.00%,Diana J. Florence,(A Safer Manhattan),24,AD 74,2025-11-06_10:53:47.028996
ED   35,99.00%,WRITE-IN,&nbsp,2,AD 74,2025-11-06_10:53:47.028996
ED   36,99.00%,Alvin L. Bragg Jr.,(Democratic),456,AD 74,2025-11-06_10:53:47.028996
ED   36,99.00%,Maud Maron,(Republican),70,AD 74,2025-11-06_10:53:47.028996
ED   36,99.00%,Maud Maron,(Conservative),8,AD 74,2025-11-06_10:53:47.028996
ED   36,99.00%,Alvin L. Bragg Jr.,(Working Families),144,AD 74,2025-11-06_10:53:47.028996
ED   36,99.00%,Diana J. Florence,(A Safer Manhattan),29,AD 74,2025-11-06_10:53:47.028996
ED   36,99.00%,WRITE-IN,&nbsp,1,AD 74,2025-11-06_10:53:47.028996
ED   37,99.00%,Alvin L. Bragg Jr.,(Democratic),155,AD 74,2025-11-06_10:53:47.028996
ED   37,99.00%,Maud Maron,(Republican),31,AD 74,2025-11-06_10:53:47.028996
ED   37,99.00%,Maud Maron,(Conservative),4,AD 74,2025-11-06_10:53:47.028996
ED   37,99.00%,Alvin L. Bragg Jr.,(Working Families),26,AD 74,2025-11-06_10:53:47.028996
ED   37,99.00%,Diana J. Florence,(A Safer Manhattan),16,AD 74,2025-11-06_10:53:47.028996
ED   37,99.00%,WRITE-IN,&nbsp,1,AD 74,2025-11-06_10:53:47.028996
ED   38,99.00%,Alvin L. Bragg Jr.,(Democratic),162,AD 74,2025-11-06_10:53:47.028996
ED   38,99.00%,Maud Maron,(Republican),24,AD 74,2025-11-06_10:53:47.028996
ED   38,99.00%,Maud Maron,(Conservative),3,AD 74,2025-11-06_10:53:47.028996
ED   38,99.00%,Alvin L. Bragg Jr.,(Working Families),13,AD 74,2025-11-06_10:53:47.028996
ED   38,99.00%,Diana J. Florence,(A Safer Manhattan),14,AD 74,2025-11-06_10:53:47.028996
ED   38,99.00%,WRITE-IN,&nbsp,0,AD 74,2025-11-06_10:53:47.028996
ED   39,99.00%,Alvin L. Bragg Jr.,(Democratic),187,AD 74,2025-11-06_10:53:47.028996
ED   39,99.00%,Maud Maron,(Republican),25,AD 74,2025-11-06_10:53:47.028996
ED   39,99.00%,Maud Maron,(Conservative),5,AD 74,2025-11-06_10:53:47.028996
ED   39,99.00%,Alvin L. Bragg Jr.,(Working Families),22,AD 74,2025-11-06_10:53:47.028996
ED   39,99.00%,Diana J. Florence,(A Safer Manhattan),19,AD 74,2025-11-06_10:53:47.028996
ED   39,99.00%,WRITE-IN,&nbsp,1,AD 74,2025-11-06_10:53:47.028996
ED   40,99.00%,Alvin L. Bragg Jr.,(Democratic),129,AD 74,2025-11-06_10:53:47.028996
ED   40,99.00%,Maud Maron,(Republican),24,AD 74,2025-11-06_10:53:47.028996
ED   40,99.00%,Maud Maron,(Conservative),7,AD 74,2025-11-06_10:53:47.028996
ED   40,99.00%,Alvin L. Bragg Jr.,(Working Families),15,AD 74,2025-11-06_10:53:47.028996
ED   40,99.00%,Diana J. Florence,(A Safer Manhattan),17,AD 74,2025-11-06_10:53:47.028996
ED   40,99.00%,WRITE-IN,&nbsp,0,AD 74,2025-11-06_10:53:47.028996
ED   41,99.00%,Alvin L. Bragg Jr.,(Democratic),233,AD 74,2025-11-06_10:53:47.028996
ED   41,99.00%,Maud Maron,(Republican),76,AD 74,2025-11-06_10:53:47.028996
ED   41,99.00%,Maud Maron,(Conservative),12,AD 74,2025-11-06_10:53:47.028996
ED   41,99.00%,Alvin L. Bragg Jr.,(Working Families),73,AD 74,2025-11-06_10:53:47.028996
ED   41,99.00%,Diana J. Florence,(A Safer Manhattan),25,AD 74,2025-11-06_10:53:47.028996
ED   41,99.00%,WRITE-IN,&nbsp,3,AD 74,2025-11-06_10:53:47.028996
ED   42,99.00%,Alvin L. Bragg Jr.,(Democratic),309,AD 74,2025-11-06_10:53:47.028996
ED   42,99.00%,Maud Maron,(Republican),194,AD 74,2025-11-06_10:53:47.028996
ED   42,99.00%,Maud Maron,(Conservative),13,AD 74,2025-11-06_10:53:47.028996
ED   42,99.00%,Alvin L. Bragg Jr.,(Working Families),90,AD 74,2025-11-06_10:53:47.028996
ED   42,99.00%,Diana J. Florence,(A Safer Manhattan),71,AD 74,2025-11-06_10:53:47.028996
ED   42,99.00%,WRITE-IN,&nbsp,1,AD 74,2025-11-06_10:53:47.028996
ED   43,99.00%,Alvin L. Bragg Jr.,(Democratic),558,AD 74,2025-11-06_10:53:47.028996
ED   43,99.00%,Maud Maron,(Republican),82,AD 74,2025-11-06_10:53:47.028996
ED   43,99.00%,Maud Maron,(Conservative),7,AD 74,2025-11-06_10:53:47.028996
ED   43,99.00%,Alvin L. Bragg Jr.,(Working Families),161,AD 74,2025-11-06_10:53:47.028996
ED   43,99.00%,Diana J. Florence,(A Safer Manhattan),27,AD 74,2025-11-06_10:53:47.028996
ED   43,99.00%,WRITE-IN,&nbsp,2,AD 74,2025-11-06_10:53:47.028996
ED   44,99.00%,Alvin L. Bragg Jr.,(Democratic),288,AD 74,2025-11-06_10:53:47.028996
ED   44,99.00%,Maud Maron,(Republican),173,AD 74,2025-11-06_10:53:47.028996
ED   44,99.00%,Maud Maron,(Conservative),11,AD 74,2025-11-06_10:53:47.028996
ED   44,99.00%,Alvin L. Bragg Jr.,(Working Families),27,AD 74,2025-11-06_10:53:47.028996
ED   44,99.00%,Diana J. Florence,(A Safer Manhattan),25,AD 74,2025-11-06_10:53:47.028996
ED   44,99.00%,WRITE-IN,&nbsp,0,AD 74,2025-11-06_10:53:47.028996
ED   45,99.00%,Alvin L. Bragg Jr.,(Democratic),394,AD 74,2025-11-06_10:53:47.028996
ED   45,99.00%,Maud Maron,(Republican),252,AD 74,2025-11-06_10:53:47.028996
ED   45,99.00%,Maud Maron,(Conservative),18,AD 74,2025-11-06_10:53:47.028996
ED   45,99.00%,Alvin L. Bragg Jr.,(Working Families),50,AD 74,2025-11-06_10:53:47.028996
ED   45,99.00%,Diana J. Florence,(A Safer Manhattan),41,AD 74,2025-11-06_10:53:47.028996
ED   45,99.00%,WRITE-IN,&nbsp,0,AD 74,2025-11-06_10:53:47.028996
ED   46,99.00%,Alvin L. Bragg Jr.,(Democratic),294,AD 74,2025-11-06_10:53:47.028996
ED   46,99.00%,Maud Maron,(Republican),63,AD 74,2025-11-06_10:53:47.028996
ED   46,99.00%,Maud Maron,(Conservative),4,AD 74,2025-11-06_10:53:47.028996
ED   46,99.00%,Alvin L. Bragg Jr.,(Working Families),40,AD 74,2025-11-06_10:53:47.028996
ED   46,99.00%,Diana J. Florence,(A Safer Manhattan),31,AD 74,2025-11-06_10:53:47.028996
ED   46,99.00%,WRITE-IN,&nbsp,1,AD 74,2025-11-06_10:53:47.028996
ED   47,99.00%,Alvin L. Bragg Jr.,(Democratic),287,AD 74,2025-11-06_10:53:47.028996
ED   47,99.00%,Maud Maron,(Republican),115,AD 74,2025-11-06_10:53:47.028996
ED   47,99.00%,Maud Maron,(Conservative),15,AD 74,2025-11-06_10:53:47.028996
ED   47,99.00%,Alvin L. Bragg Jr.,(Working Families),43,AD 74,2025-11-06_10:53:47.028996
ED   47,99.00%,Diana J. Florence,(A Safer Manhattan),30,AD 74,2025-11-06_10:53:47.028996
ED   47,99.00%,WRITE-IN,&nbsp,2,AD 74,2025-11-06_10:53:47.028996
ED   48,99.00%,Alvin L. Bragg Jr.,(Democratic),386,AD 74,2025-11-06_10:53:47.028996
ED   48,99.00%,Maud Maron,(Republican),133,AD 74,2025-11-06_10:53:47.028996
ED   48,99.00%,Maud Maron,(Conservative),16,AD 74,2025-11-06_10:53:47.028996
ED   48,99.00%,Alvin L. Bragg Jr.,(Working Families),55,AD 74,2025-11-06_10:53:47.028996
ED   48,99.00%,Diana J. Florence,(A Safer Manhattan),33,AD 74,2025-11-06_10:53:47.028996
ED   48,99.00%,WRITE-IN,&nbsp,1,AD 74,2025-11-06_10:53:47.028996
ED   49,99.00%,Alvin L. Bragg Jr.,(Democratic),454,AD 74,2025-11-06_10:53:47.028996
ED   49,99.00%,Maud Maron,(Republican),167,AD 74,2025-11-06_10:53:47.028996
ED   49,99.00%,Maud Maron,(Conservative),16,AD 74,2025-11-06_10:53:47.028996
ED   49,99.00%,Alvin L. Bragg Jr.,(Working Families),82,AD 74,2025-11-06_10:53:47.028996
ED   49,99.00%,Diana J. Florence,(A Safer Manhattan),40,AD 74,2025-11-06_10:53:47.028996
ED   49,99.00%,WRITE-IN,&nbsp,0,AD 74,2025-11-06_10:53:47.028996
ED   50,99.00%,Alvin L. Bragg Jr.,(Democratic),470,AD 74,2025-11-06_10:53:47.028996
ED   50,99.00%,Maud Maron,(Republican),169,AD 74,2025-11-06_10:53:47.028996
ED   50,99.00%,Maud Maron,(Conservative),16,AD 74,2025-11-06_10:53:47.028996
ED   50,99.00%,Alvin L. Bragg Jr.,(Working Families),64,AD 74,2025-11-06_10:53:47.028996
ED   50,99.00%,Diana J. Florence,(A Safer Manhattan),38,AD 74,2025-11-06_10:53:47.028996
ED   50,99.00%,WRITE-IN,&nbsp,1,AD 74,2025-11-06_10:53:47.028996
ED   51,99.00%,Alvin L. Bragg Jr.,(Democratic),686,AD 74,2025-11-06_10:53:47.028996
ED   51,99.00%,Maud Maron,(Republican),177,AD 74,2025-11-06_10:53:47.028996
ED   51,99.00%,Maud Maron,(Conservative),12,AD 74,2025-11-06_10:53:47.028996
ED   51,99.00%,Alvin L. Bragg Jr.,(Working Families),63,AD 74,2025-11-06_10:53:47.028996
ED   51,99.00%,Diana J. Florence,(A Safer Manhattan),45,AD 74,2025-11-06_10:53:47.028996
ED   51,99.00%,WRITE-IN,&nbsp,3,AD 74,2025-11-06_10:53:47.028996
ED   52,99.00%,Alvin L. Bragg Jr.,(Democratic),419,AD 74,2025-11-06_10:53:47.028996
ED   52,99.00%,Maud Maron,(Republican),109,AD 74,2025-11-06_10:53:47.028996
ED   52,99.00%,Maud Maron,(Conservative),12,AD 74,2025-11-06_10:53:47.028996
ED   52,99.00%,Alvin L. Bragg Jr.,(Working Families),57,AD 74,2025-11-06_10:53:47.028996
ED   52,99.00%,Diana J. Florence,(A Safer Manhattan),30,AD 74,2025-11-06_10:53:47.028996
ED   52,99.00%,WRITE-IN,&nbsp,1,AD 74,2025-11-06_10:53:47.028996
ED   53,99.00%,Alvin L. Bragg Jr.,(Democratic),561,AD 74,2025-11-06_10:53:47.028996
ED   53,99.00%,Maud Maron,(Republican),113,AD 74,2025-11-06_10:53:47.028996
ED   53,99.00%,Maud Maron,(Conservative),15,AD 74,2025-11-06_10:53:47.028996
ED   53,99.00%,Alvin L. Bragg Jr.,(Working Families),123,AD 74,2025-11-06_10:53:47.028996
ED   53,99.00%,Diana J. Florence,(A Safer Manhattan),26,AD 74,2025-11-06_10:53:47.028996
ED   53,99.00%,WRITE-IN,&nbsp,2,AD 74,2025-11-06_10:53:47.028996
ED   54,99.00%,Alvin L. Bragg Jr.,(Democratic),289,AD 74,2025-11-06_10:53:47.028996
ED   54,99.00%,Maud Maron,(Republican),70,AD 74,2025-11-06_10:53:47.028996
ED   54,99.00%,Maud Maron,(Conservative),8,AD 74,2025-11-06_10:53:47.028996
ED   54,99.00%,Alvin L. Bragg Jr.,(Working Families),54,AD 74,2025-11-06_10:53:47.028996
ED   54,99.00%,Diana J. Florence,(A Safer Manhattan),25,AD 74,2025-11-06_10:53:47.028996
ED   54,99.00%,WRITE-IN,&nbsp,0,AD 74,2025-11-06_10:53:47.028996
ED   55,99.00%,Alvin L. Bragg Jr.,(Democratic),593,AD 74,2025-11-06_10:53:47.028996
ED   55,99.00%,Maud Maron,(Republican),207,AD 74,2025-11-06_10:53:47.028996
ED   55,99.00%,Maud Maron,(Conservative),22,AD 74,2025-11-06_10:53:47.028996
ED   55,99.00%,Alvin L. Bragg Jr.,(Working Families),68,AD 74,2025-11-06_10:53:47.028996
ED   55,99.00%,Diana J. Florence,(A Safer Manhattan),81,AD 74,2025-11-06_10:53:47.028996
ED   55,99.00%,WRITE-IN,&nbsp,3,AD 74,2025-11-06_10:53:47.028996
ED   56,99.00%,Alvin L. Bragg Jr.,(Democratic),374,AD 74,2025-11-06_10:53:47.028996
ED   56,99.00%,Maud Maron,(Republican),173,AD 74,2025-11-06_10:53:47.028996
ED   56,99.00%,Maud Maron,(Conservative),17,AD 74,2025-11-06_10:53:47.028996
ED   56,99.00%,Alvin L. Bragg Jr.,(Working Families),33,AD 74,2025-11-06_10:53:47.028996
ED   56,99.00%,Diana J. Florence,(A Safer Manhattan),39,AD 74,2025-11-06_10:53:47.028996
ED   56,99.00%,WRITE-IN,&nbsp,1,AD 74,2025-11-06_10:53:47.028996
ED   57,99.00%,Alvin L. Bragg Jr.,(Democratic),556,AD 74,2025-11-06_10:53:47.028996
ED   57,99.00%,Maud Maron,(Republican),180,AD 74,2025-11-06_10:53:47.028996
ED   57,99.00%,Maud Maron,(Conservative),16,AD 74,2025-11-06_10:53:47.028996
ED   57,99.00%,Alvin L. Bragg Jr.,(Working Families),60,AD 74,2025-11-06_10:53:47.028996
ED   57,99.00%,Diana J. Florence,(A Safer Manhattan),45,AD 74,2025-11-06_10:53:47.028996
ED   57,99.00%,WRITE-IN,&nbsp,1,AD 74,2025-11-06_10:53:47.028996
ED   58,99.00%,Alvin L. Bragg Jr.,(Democratic),399,AD 74,2025-11-06_10:53:47.028996
ED   58,99.00%,Maud Maron,(Republican),109,AD 74,2025-11-06_10:53:47.028996
ED   58,99.00%,Maud Maron,(Conservative),11,AD 74,2025-11-06_10:53:47.028996
ED   58,99.00%,Alvin L. Bragg Jr.,(Working Families),62,AD 74,2025-11-06_10:53:47.028996
ED   58,99.00%,Diana J. Florence,(A Safer Manhattan),30,AD 74,2025-11-06_10:53:47.028996
ED   58,99.00%,WRITE-IN,&nbsp,2,AD 74,2025-11-06_10:53:47.028996
ED   59,99.00%,Alvin L. Bragg Jr.,(Democratic),514,AD 74,2025-11-06_10:53:47.028996
ED   59,99.00%,Maud Maron,(Republican),229,AD 74,2025-11-06_10:53:47.028996
ED   59,99.00%,Maud Maron,(Conservative),18,AD 74,2025-11-06_10:53:47.028996
ED   59,99.00%,Alvin L. Bragg Jr.,(Working Families),46,AD 74,2025-11-06_10:53:47.028996
ED   59,99.00%,Diana J. Florence,(A Safer Manhattan),43,AD 74,2025-11-06_10:53:47.028996
ED   59,99.00%,WRITE-IN,&nbsp,0,AD 74,2025-11-06_10:53:47.028996
ED   60,99.00%,Alvin L. Bragg Jr.,(Democratic),228,AD 74,2025-11-06_10:53:47.028996
ED   60,99.00%,Maud Maron,(Republican),85,AD 74,2025-11-06_10:53:47.028996
ED   60,99.00%,Maud Maron,(Conservative),4,AD 74,2025-11-06_10:53:47.028996
ED   60,99.00%,Alvin L. Bragg Jr.,(Working Families),30,AD 74,2025-11-06_10:53:47.028996
ED   60,99.00%,Diana J. Florence,(A Safer Manhattan),10,AD 74,2025-11-06_10:53:47.028996
ED   60,99.00%,WRITE-IN,&nbsp,0,AD 74,2025-11-06_10:53:47.028996
ED   61,99.00%,Alvin L. Bragg Jr.,(Democratic),204,AD 74,2025-11-06_10:53:47.028996
ED   61,99.00%,Maud Maron,(Republican),99,AD 74,2025-11-06_10:53:47.028996
ED   61,99.00%,Maud Maron,(Conservative),8,AD 74,2025-11-06_10:53:47.028996
ED   61,99.00%,Alvin L. Bragg Jr.,(Working Families),15,AD 74,2025-11-06_10:53:47.028996
ED   61,99.00%,Diana J. Florence,(A Safer Manhattan),19,AD 74,2025-11-06_10:53:47.028996
ED   61,99.00%,WRITE-IN,&nbsp,2,AD 74,2025-11-06_10:53:47.028996
ED   62,83.33%,Alvin L. Bragg Jr.,(Democratic),193,AD 74,2025-11-06_10:53:47.028996
ED   62,83.33%,Maud Maron,(Republican),73,AD 74,2025-11-06_10:53:47.028996
ED   62,83.33%,Maud Maron,(Conservative),6,AD 74,2025-11-06_10:53:47.028996
ED   62,83.33%,Alvin L. Bragg Jr.,(Working Families),21,AD 74,2025-11-06_10:53:47.028996
ED   62,83.33%,Diana J. Florence,(A Safer Manhattan),25,AD 74,2025-11-06_10:53:47.028996
ED   62,83.33%,WRITE-IN,&nbsp,1,AD 74,2025-11-06_10:53:47.028996
ED   63,99.00%,Alvin L. Bragg Jr.,(Democratic),109,AD 74,2025-11-06_10:53:47.028996
ED   63,99.00%,Maud Maron,(Republican),58,AD 74,2025-11-06_10:53:47.028996
ED   63,99.00%,Maud Maron,(Conservative),4,AD 74,2025-11-06_10:53:47.028996
ED   63,99.00%,Alvin L. Bragg Jr.,(Working Families),11,AD 74,2025-11-06_10:53:47.028996
ED   63,99.00%,Diana J. Florence,(A Safer Manhattan),15,AD 74,2025-11-06_10:53:47.028996
ED   63,99.00%,WRITE-IN,&nbsp,0,AD 74,2025-11-06_10:53:47.028996
ED   64,83.33%,Alvin L. Bragg Jr.,(Democratic),30,AD 74,2025-11-06_10:53:47.028996
ED   64,83.33%,Maud Maron,(Republican),15,AD 74,2025-11-06_10:53:47.028996
ED   64,83.33%,Maud Maron,(Conservative),0,AD 74,2025-11-06_10:53:47.028996
ED   64,83.33%,Alvin L. Bragg Jr.,(Working Families),7,AD 74,2025-11-06_10:53:47.028996
ED   64,83.33%,Diana J. Florence,(A Safer Manhattan),4,AD 74,2025-11-06_10:53:47.028996
ED   64,83.33%,WRITE-IN,&nbsp,0,AD 74,2025-11-06_10:53:47.028996
ED   65,99.00%,Alvin L. Bragg Jr.,(Democratic),158,AD 74,2025-11-06_10:53:47.028996
ED   65,99.00%,Maud Maron,(Republican),62,AD 74,2025-11-06_10:53:47.028996
ED   65,99.00%,Maud Maron,(Conservative),4,AD 74,2025-11-06_10:53:47.028996
ED   65,99.00%,Alvin L. Bragg Jr.,(Working Families),14,AD 74,2025-11-06_10:53:47.028996
ED   65,99.00%,Diana J. Florence,(A Safer Manhattan),14,AD 74,2025-11-06_10:53:47.028996
ED   65,99.00%,WRITE-IN,&nbsp,0,AD 74,2025-11-06_10:53:47.028996
ED   66,83.33%,Alvin L. Bragg Jr.,(Democratic),0,AD 74,2025-11-06_10:53:47.028996
ED   66,83.33%,Maud Maron,(Republican),0,AD 74,2025-11-06_10:53:47.028996
ED   66,83.33%,Maud Maron,(Conservative),0,AD 74,2025-11-06_10:53:47.028996
ED   66,83.33%,Alvin L. Bragg Jr.,(Working Families),0,AD 74,2025-11-06_10:53:47.028996
ED   66,83.33%,Diana J. Florence,(A Safer Manhattan),0,AD 74,2025-11-06_10:53:47.028996
ED   66,83.33%,WRITE-IN,&nbsp,0,AD 74,2025-11-06_10:53:47.028996
ED   67,99.00%,Alvin L. Bragg Jr.,(Democratic),0,AD 74,2025-11-06_10:53:47.028996
ED   67,99.00%,Maud Maron,(Republican),0,AD 74,2025-11-06_10:53:47.028996
ED   67,99.00%,Maud Maron,(Conservative),0,AD 74,2025-11-06_10:53:47.028996
ED   67,99.00%,Alvin L. Bragg Jr.,(Working Families),0,AD 74,2025-11-06_10:53:47.028996
ED   67,99.00%,Diana J. Florence,(A Safer Manhattan),0,AD 74,2025-11-06_10:53:47.028996
ED   67,99.00%,WRITE-IN,&nbsp,0,AD 74,2025-11-06_10:53:47.028996
ED   68,99.00%,Alvin L. Bragg Jr.,(Democratic),0,AD 74,2025-11-06_10:53:47.028996
ED   68,99.00%,Maud Maron,(Republican),0,AD 74,2025-11-06_10:53:47.028996
ED   68,99.00%,Maud Maron,(Conservative),0,AD 74,2025-11-06_10:53:47.028996
ED   68,99.00%,Alvin L. Bragg Jr.,(Working Families),0,AD 74,2025-11-06_10:53:47.028996
ED   68,99.00%,Diana J. Florence,(A Safer Manhattan),0,AD 74,2025-11-06_10:53:47.028996
ED   68,99.00%,WRITE-IN,&nbsp,0,AD 74,2025-11-06_10:53:47.028996
ED   69,99.00%,Alvin L. Bragg Jr.,(Democratic),0,AD 74,2025-11-06_10:53:47.028996
ED   69,99.00%,Maud Maron,(Republican),0,AD 74,2025-11-06_10:53:47.028996
ED   69,99.00%,Maud Maron,(Conservative),0,AD 74,2025-11-06_10:53:47.028996
ED   69,99.00%,Alvin L. Bragg Jr.,(Working Families),0,AD 74,2025-11-06_10:53:47.028996
ED   69,99.00%,Diana J. Florence,(A Safer Manhattan),0,AD 74,2025-11-06_10:53:47.028996
ED   69,99.00%,WRITE-IN,&nbsp,0,AD 74,2025-11-06_10:53:47.028996
ED   70,99.00%,Alvin L. Bragg Jr.,(Democratic),0,AD 74,2025-11-06_10:53:47.028996
ED   70,99.00%,Maud Maron,(Republican),0,AD 74,2025-11-06_10:53:47.028996
ED   70,99.00%,Maud Maron,(Conservative),0,AD 74,2025-11-06_10:53:47.028996
ED   70,99.00%,Alvin L. Bragg Jr.,(Working Families),0,AD 74,2025-11-06_10:53:47.028996
ED   70,99.00%,Diana J. Florence,(A Safer Manhattan),0,AD 74,2025-11-06_10:53:47.028996
ED   70,99.00%,WRITE-IN,&nbsp,0,AD 74,2025-11-06_10:53:47.028996
Total,,Alvin L. Bragg Jr.,(Democratic),26968,AD 74,2025-11-06_10:53:47.028996
Total,,Maud Maron,(Republican),7993,AD 74,2025-11-06_10:53:47.028996
Total,,Maud Maron,(Conservative),807,AD 74,2025-11-06_10:53:47.028996
Total,,Alvin L. Bragg Jr.,(Working Families),4440,AD 74,2025-11-06_10:53:47.028996
Total,,Diana J. Florence,(A Safer Manhattan),2348,AD 74,2025-11-06_10:53:47.028996
Total,,WRITE-IN,&nbsp,65,AD 74,2025-11-06_10:53:47.028996
ED    1,99.00%,Alvin L. Bragg Jr.,(Democratic),594,AD 75,2025-11-06_10:53:47.028996
ED    1,99.00%,Maud Maron,(Republican),154,AD 75,2025-11-06_10:53:47.028996
ED    1,99.00%,Maud Maron,(Conservative),12,AD 75,2025-11-06_10:53:47.028996
ED    1,99.00%,Alvin L. Bragg Jr.,(Working Families),74,AD 75,2025-11-06_10:53:47.028996
ED    1,99.00%,Diana J. Florence,(A Safer Manhattan),52,AD 75,2025-11-06_10:53:47.028996
ED    1,99.00%,WRITE-IN,&nbsp,1,AD 75,2025-11-06_10:53:47.028996
ED    2,99.00%,Alvin L. Bragg Jr.,(Democratic),660,AD 75,2025-11-06_10:53:47.028996
ED    2,99.00%,Maud Maron,(Republican),248,AD 75,2025-11-06_10:53:47.028996
ED    2,99.00%,Maud Maron,(Conservative),17,AD 75,2025-11-06_10:53:47.028996
ED    2,99.00%,Alvin L. Bragg Jr.,(Working Families),50,AD 75,2025-11-06_10:53:47.028996
ED    2,99.00%,Diana J. Florence,(A Safer Manhattan),40,AD 75,2025-11-06_10:53:47.028996
ED    2,99.00%,WRITE-IN,&nbsp,1,AD 75,2025-11-06_10:53:47.028996
ED    3,99.00%,Alvin L. Bragg Jr.,(Democratic),567,AD 75,2025-11-06_10:53:47.028996
ED    3,99.00%,Maud Maron,(Republican),211,AD 75,2025-11-06_10:53:47.028996
ED    3,99.00%,Maud Maron,(Conservative),16,AD 75,2025-11-06_10:53:47.028996
ED    3,99.00%,Alvin L. Bragg Jr.,(Working Families),53,AD 75,2025-11-06_10:53:47.028996
ED    3,99.00%,Diana J. Florence,(A Safer Manhattan),60,AD 75,2025-11-06_10:53:47.028996
ED    3,99.00%,WRITE-IN,&nbsp,1,AD 75,2025-11-06_10:53:47.028996
ED    4,99.00%,Alvin L. Bragg Jr.,(Democratic),251,AD 75,2025-11-06_10:53:47.028996
ED    4,99.00%,Maud Maron,(Republican),151,AD 75,2025-11-06_10:53:47.028996
ED    4,99.00%,Maud Maron,(Conservative),8,AD 75,2025-11-06_10:53:47.028996
ED    4,99.00%,Alvin L. Bragg Jr.,(Working Families),14,AD 75,2025-11-06_10:53:47.028996
ED    4,99.00%,Diana J. Florence,(A Safer Manhattan),23,AD 75,2025-11-06_10:53:47.028996
ED    4,99.00%,WRITE-IN,&nbsp,1,AD 75,2025-11-06_10:53:47.028996
ED    5,99.00%,Alvin L. Bragg Jr.,(Democratic),461,AD 75,2025-11-06_10:53:47.028996
ED    5,99.00%,Maud Maron,(Republican),255,AD 75,2025-11-06_10:53:47.028996
ED    5,99.00%,Maud Maron,(Conservative),21,AD 75,2025-11-06_10:53:47.028996
ED    5,99.00%,Alvin L. Bragg Jr.,(Working Families),29,AD 75,2025-11-06_10:53:47.028996
ED    5,99.00%,Diana J. Florence,(A Safer Manhattan),45,AD 75,2025-11-06_10:53:47.028996
ED    5,99.00%,WRITE-IN,&nbsp,1,AD 75,2025-11-06_10:53:47.028996
ED    6,99.00%,Alvin L. Bragg Jr.,(Democratic),547,AD 75,2025-11-06_10:53:47.028996
ED    6,99.00%,Maud Maron,(Republican),224,AD 75,2025-11-06_10:53:47.028996
ED    6,99.00%,Maud Maron,(Conservative),14,AD 75,2025-11-06_10:53:47.028996
ED    6,99.00%,Alvin L. Bragg Jr.,(Working Families),54,AD 75,2025-11-06_10:53:47.028996
ED    6,99.00%,Diana J. Florence,(A Safer Manhattan),48,AD 75,2025-11-06_10:53:47.028996
ED    6,99.00%,WRITE-IN,&nbsp,0,AD 75,2025-11-06_10:53:47.028996
ED    7,99.00%,Alvin L. Bragg Jr.,(Democratic),399,AD 75,2025-11-06_10:53:47.028996
ED    7,99.00%,Maud Maron,(Republican),122,AD 75,2025-11-06_10:53:47.028996
ED    7,99.00%,Maud Maron,(Conservative),11,AD 75,2025-11-06_10:53:47.028996
ED    7,99.00%,Alvin L. Bragg Jr.,(Working Families),47,AD 75,2025-11-06_10:53:47.028996
ED    7,99.00%,Diana J. Florence,(A Safer Manhattan),39,AD 75,2025-11-06_10:53:47.028996
ED    7,99.00%,WRITE-IN,&nbsp,1,AD 75,2025-11-06_10:53:47.028996
ED    8,99.00%,Alvin L. Bragg Jr.,(Democratic),703,AD 75,2025-11-06_10:53:47.028996
ED    8,99.00%,Maud Maron,(Republican),187,AD 75,2025-11-06_10:53:47.028996
ED    8,99.00%,Maud Maron,(Conservative),19,AD 75,2025-11-06_10:53:47.028996
ED    8,99.00%,Alvin L. Bragg Jr.,(Working Families),87,AD 75,2025-11-06_10:53:47.028996
ED    8,99.00%,Diana J. Florence,(A Safer Manhattan),46,AD 75,2025-11-06_10:53:47.028996
ED    8,99.00%,WRITE-IN,&nbsp,0,AD 75,2025-11-06_10:53:47.028996
ED    9,88.89%,Alvin L. Bragg Jr.,(Democratic),116,AD 75,2025-11-06_10:53:47.028996
ED    9,88.89%,Maud Maron,(Republican),31,AD 75,2025-11-06_10:53:47.028996
ED    9,88.89%,Maud Maron,(Conservative),2,AD 75,2025-11-06_10:53:47.028996
ED    9,88.89%,Alvin L. Bragg Jr.,(Working Families),22,AD 75,2025-11-06_10:53:47.028996
ED    9,88.89%,Diana J. Florence,(A Safer Manhattan),7,AD 75,2025-11-06_10:53:47.028996
ED    9,88.89%,WRITE-IN,&nbsp,0,AD 75,2025-11-06_10:53:47.028996
ED   10,99.00%,Alvin L. Bragg Jr.,(Democratic),573,AD 75,2025-11-06_10:53:47.028996
ED   10,99.00%,Maud Maron,(Republican),250,AD 75,2025-11-06_10:53:47.028996
ED   10,99.00%,Maud Maron,(Conservative),15,AD 75,2025-11-06_10:53:47.028996
ED   10,99.00%,Alvin L. Bragg Jr.,(Working Families),49,AD 75,2025-11-06_10:53:47.028996
ED   10,99.00%,Diana J. Florence,(A Safer Manhattan),36,AD 75,2025-11-06_10:53:47.028996
ED   10,99.00%,WRITE-IN,&nbsp,4,AD 75,2025-11-06_10:53:47.028996
ED   11,99.00%,Alvin L. Bragg Jr.,(Democratic),279,AD 75,2025-11-06_10:53:47.028996
ED   11,99.00%,Maud Maron,(Republican),189,AD 75,2025-11-06_10:53:47.028996
ED   11,99.00%,Maud Maron,(Conservative),13,AD 75,2025-11-06_10:53:47.028996
ED   11,99.00%,Alvin L. Bragg Jr.,(Working Families),28,AD 75,2025-11-06_10:53:47.028996
ED   11,99.00%,Diana J. Florence,(A Safer Manhattan),31,AD 75,2025-11-06_10:53:47.028996
ED   11,99.00%,WRITE-IN,&nbsp,1,AD 75,2025-11-06_10:53:47.028996
ED   12,99.00%,Alvin L. Bragg Jr.,(Democratic),389,AD 75,2025-11-06_10:53:47.028996
ED   12,99.00%,Maud Maron,(Republican),158,AD 75,2025-11-06_10:53:47.028996
ED   12,99.00%,Maud Maron,(Conservative),19,AD 75,2025-11-06_10:53:47.028996
ED   12,99.00%,Alvin L. Bragg Jr.,(Working Families),35,AD 75,2025-11-06_10:53:47.028996
ED   12,99.00%,Diana J. Florence,(A Safer Manhattan),44,AD 75,2025-11-06_10:53:47.028996
ED   12,99.00%,WRITE-IN,&nbsp,1,AD 75,2025-11-06_10:53:47.028996
ED   13,99.00%,Alvin L. Bragg Jr.,(Democratic),422,AD 75,2025-11-06_10:53:47.028996
ED   13,99.00%,Maud Maron,(Republican),254,AD 75,2025-11-06_10:53:47.028996
ED   13,99.00%,Maud Maron,(Conservative),15,AD 75,2025-11-06_10:53:47.028996
ED   13,99.00%,Alvin L. Bragg Jr.,(Working Families),40,AD 75,2025-11-06_10:53:47.028996
ED   13,99.00%,Diana J. Florence,(A Safer Manhattan),41,AD 75,2025-11-06_10:53:47.028996
ED   13,99.00%,WRITE-IN,&nbsp,1,AD 75,2025-11-06_10:53:47.028996
ED   14,99.00%,Alvin L. Bragg Jr.,(Democratic),175,AD 75,2025-11-06_10:53:47.028996
ED   14,99.00%,Maud Maron,(Republican),84,AD 75,2025-11-06_10:53:47.028996
ED   14,99.00%,Maud Maron,(Conservative),7,AD 75,2025-11-06_10:53:47.028996
ED   14,99.00%,Alvin L. Bragg Jr.,(Working Families),23,AD 75,2025-11-06_10:53:47.028996
ED   14,99.00%,Diana J. Florence,(A Safer Manhattan),12,AD 75,2025-11-06_10:53:47.028996
ED   14,99.00%,WRITE-IN,&nbsp,0,AD 75,2025-11-06_10:53:47.028996
ED   15,83.33%,Alvin L. Bragg Jr.,(Democratic),296,AD 75,2025-11-06_10:53:47.028996
ED   15,83.33%,Maud Maron,(Republican),92,AD 75,2025-11-06_10:53:47.028996
ED   15,83.33%,Maud Maron,(Conservative),12,AD 75,2025-11-06_10:53:47.028996
ED   15,83.33%,Alvin L. Bragg Jr.,(Working Families),33,AD 75,2025-11-06_10:53:47.028996
ED   15,83.33%,Diana J. Florence,(A Safer Manhattan),22,AD 75,2025-11-06_10:53:47.028996
ED   15,83.33%,WRITE-IN,&nbsp,1,AD 75,2025-11-06_10:53:47.028996
ED   16,83.33%,Alvin L. Bragg Jr.,(Democratic),134,AD 75,2025-11-06_10:53:47.028996
ED   16,83.33%,Maud Maron,(Republican),47,AD 75,2025-11-06_10:53:47.028996
ED   16,83.33%,Maud Maron,(Conservative),6,AD 75,2025-11-06_10:53:47.028996
ED   16,83.33%,Alvin L. Bragg Jr.,(Working Families),12,AD 75,2025-11-06_10:53:47.028996
ED   16,83.33%,Diana J. Florence,(A Safer Manhattan),13,AD 75,2025-11-06_10:53:47.028996
ED   16,83.33%,WRITE-IN,&nbsp,1,AD 75,2025-11-06_10:53:47.028996
ED   17,99.00%,Alvin L. Bragg Jr.,(Democratic),306,AD 75,2025-11-06_10:53:47.028996
ED   17,99.00%,Maud Maron,(Republican),101,AD 75,2025-11-06_10:53:47.028996
ED   17,99.00%,Maud Maron,(Conservative),12,AD 75,2025-11-06_10:53:47.028996
ED   17,99.00%,Alvin L. Bragg Jr.,(Working Families),46,AD 75,2025-11-06_10:53:47.028996
ED   17,99.00%,Diana J. Florence,(A Safer Manhattan),17,AD 75,2025-11-06_10:53:47.028996
ED   17,99.00%,WRITE-IN,&nbsp,0,AD 75,2025-11-06_10:53:47.028996
ED   18,99.00%,Alvin L. Bragg Jr.,(Democratic),172,AD 75,2025-11-06_10:53:47.028996
ED   18,99.00%,Maud Maron,(Republican),115,AD 75,2025-11-06_10:53:47.028996
ED   18,99.00%,Maud Maron,(Conservative),5,AD 75,2025-11-06_10:53:47.028996
ED   18,99.00%,Alvin L. Bragg Jr.,(Working Families),14,AD 75,2025-11-06_10:53:47.028996
ED   18,99.00%,Diana J. Florence,(A Safer Manhattan),20,AD 75,2025-11-06_10:53:47.028996
ED   18,99.00%,WRITE-IN,&nbsp,2,AD 75,2025-11-06_10:53:47.028996
ED   19,99.00%,Alvin L. Bragg Jr.,(Democratic),0,AD 75,2025-11-06_10:53:47.028996
ED   19,99.00%,Maud Maron,(Republican),0,AD 75,2025-11-06_10:53:47.028996
ED   19,99.00%,Maud Maron,(Conservative),0,AD 75,2025-11-06_10:53:47.028996
ED   19,99.00%,Alvin L. Bragg Jr.,(Working Families),0,AD 75,2025-11-06_10:53:47.028996
ED   19,99.00%,Diana J. Florence,(A Safer Manhattan),0,AD 75,2025-11-06_10:53:47.028996
ED   19,99.00%,WRITE-IN,&nbsp,0,AD 75,2025-11-06_10:53:47.028996
ED   20,99.00%,Alvin L. Bragg Jr.,(Democratic),244,AD 75,2025-11-06_10:53:47.028996
ED   20,99.00%,Maud Maron,(Republican),121,AD 75,2025-11-06_10:53:47.028996
ED   20,99.00%,Maud Maron,(Conservative),11,AD 75,2025-11-06_10:53:47.028996
ED   20,99.00%,Alvin L. Bragg Jr.,(Working Families),27,AD 75,2025-11-06_10:53:47.028996
ED   20,99.00%,Diana J. Florence,(A Safer Manhattan),26,AD 75,2025-11-06_10:53:47.028996
ED   20,99.00%,WRITE-IN,&nbsp,0,AD 75,2025-11-06_10:53:47.028996
ED   21,99.00%,Alvin L. Bragg Jr.,(Democratic),178,AD 75,2025-11-06_10:53:47.028996
ED   21,99.00%,Maud Maron,(Republican),104,AD 75,2025-11-06_10:53:47.028996
ED   21,99.00%,Maud Maron,(Conservative),5,AD 75,2025-11-06_10:53:47.028996
ED   21,99.00%,Alvin L. Bragg Jr.,(Working Families),14,AD 75,2025-11-06_10:53:47.028996
ED   21,99.00%,Diana J. Florence,(A Safer Manhattan),10,AD 75,2025-11-06_10:53:47.028996
ED   21,99.00%,WRITE-IN,&nbsp,1,AD 75,2025-11-06_10:53:47.028996
ED   22,99.00%,Alvin L. Bragg Jr.,(Democratic),393,AD 75,2025-11-06_10:53:47.028996
ED   22,99.00%,Maud Maron,(Republican),186,AD 75,2025-11-06_10:53:47.028996
ED   22,99.00%,Maud Maron,(Conservative),17,AD 75,2025-11-06_10:53:47.028996
ED   22,99.00%,Alvin L. Bragg Jr.,(Working Families),32,AD 75,2025-11-06_10:53:47.028996
ED   22,99.00%,Diana J. Florence,(A Safer Manhattan),35,AD 75,2025-11-06_10:53:47.028996
ED   22,99.00%,WRITE-IN,&nbsp,0,AD 75,2025-11-06_10:53:47.028996
ED   23,99.00%,Alvin L. Bragg Jr.,(Democratic),358,AD 75,2025-11-06_10:53:47.028996
ED   23,99.00%,Maud Maron,(Republican),127,AD 75,2025-11-06_10:53:47.028996
ED   23,99.00%,Maud Maron,(Conservative),4,AD 75,2025-11-06_10:53:47.028996
ED   23,99.00%,Alvin L. Bragg Jr.,(Working Families),39,AD 75,2025-11-06_10:53:47.028996
ED   23,99.00%,Diana J. Florence,(A Safer Manhattan),25,AD 75,2025-11-06_10:53:47.028996
ED   23,99.00%,WRITE-IN,&nbsp,2,AD 75,2025-11-06_10:53:47.028996
ED   24,99.00%,Alvin L. Bragg Jr.,(Democratic),434,AD 75,2025-11-06_10:53:47.028996
ED   24,99.00%,Maud Maron,(Republican),211,AD 75,2025-11-06_10:53:47.028996
ED   24,99.00%,Maud Maron,(Conservative),20,AD 75,2025-11-06_10:53:47.028996
ED   24,99.00%,Alvin L. Bragg Jr.,(Working Families),49,AD 75,2025-11-06_10:53:47.028996
ED   24,99.00%,Diana J. Florence,(A Safer Manhattan),33,AD 75,2025-11-06_10:53:47.028996
ED   24,99.00%,WRITE-IN,&nbsp,2,AD 75,2025-11-06_10:53:47.028996
ED   25,99.00%,Alvin L. Bragg Jr.,(Democratic),258,AD 75,2025-11-06_10:53:47.028996
ED   25,99.00%,Maud Maron,(Republican),63,AD 75,2025-11-06_10:53:47.028996
ED   25,99.00%,Maud Maron,(Conservative),4,AD 75,2025-11-06_10:53:47.028996
ED   25,99.00%,Alvin L. Bragg Jr.,(Working Families),23,AD 75,2025-11-06_10:53:47.028996
ED   25,99.00%,Diana J. Florence,(A Safer Manhattan),16,AD 75,2025-11-06_10:53:47.028996
ED   25,99.00%,WRITE-IN,&nbsp,0,AD 75,2025-11-06_10:53:47.028996
ED   26,99.00%,Alvin L. Bragg Jr.,(Democratic),507,AD 75,2025-11-06_10:53:47.028996
ED   26,99.00%,Maud Maron,(Republican),239,AD 75,2025-11-06_10:53:47.028996
ED   26,99.00%,Maud Maron,(Conservative),17,AD 75,2025-11-06_10:53:47.028996
ED   26,99.00%,Alvin L. Bragg Jr.,(Working Families),64,AD 75,2025-11-06_10:53:47.028996
ED   26,99.00%,Diana J. Florence,(A Safer Manhattan),56,AD 75,2025-11-06_10:53:47.028996
ED   26,99.00%,WRITE-IN,&nbsp,0,AD 75,2025-11-06_10:53:47.028996
ED   27,99.00%,Alvin L. Bragg Jr.,(Democratic),410,AD 75,2025-11-06_10:53:47.028996
ED   27,99.00%,Maud Maron,(Republican),166,AD 75,2025-11-06_10:53:47.028996
ED   27,99.00%,Maud Maron,(Conservative),15,AD 75,2025-11-06_10:53:47.028996
ED   27,99.00%,Alvin L. Bragg Jr.,(Working Families),30,AD 75,2025-11-06_10:53:47.028996
ED   27,99.00%,Diana J. Florence,(A Safer Manhattan),30,AD 75,2025-11-06_10:53:47.028996
ED   27,99.00%,WRITE-IN,&nbsp,0,AD 75,2025-11-06_10:53:47.028996
ED   28,99.00%,Alvin L. Bragg Jr.,(Democratic),539,AD 75,2025-11-06_10:53:47.028996
ED   28,99.00%,Maud Maron,(Republican),180,AD 75,2025-11-06_10:53:47.028996
ED   28,99.00%,Maud Maron,(Conservative),22,AD 75,2025-11-06_10:53:47.028996
ED   28,99.00%,Alvin L. Bragg Jr.,(Working Families),68,AD 75,2025-11-06_10:53:47.028996
ED   28,99.00%,Diana J. Florence,(A Safer Manhattan),32,AD 75,2025-11-06_10:53:47.028996
ED   28,99.00%,WRITE-IN,&nbsp,0,AD 75,2025-11-06_10:53:47.028996
ED   29,99.00%,Alvin L. Bragg Jr.,(Democratic),432,AD 75,2025-11-06_10:53:47.028996
ED   29,99.00%,Maud Maron,(Republican),87,AD 75,2025-11-06_10:53:47.028996
ED   29,99.00%,Maud Maron,(Conservative),9,AD 75,2025-11-06_10:53:47.028996
ED   29,99.00%,Alvin L. Bragg Jr.,(Working Families),72,AD 75,2025-11-06_10:53:47.028996
ED   29,99.00%,Diana J. Florence,(A Safer Manhattan),27,AD 75,2025-11-06_10:53:47.028996
ED   29,99.00%,WRITE-IN,&nbsp,1,AD 75,2025-11-06_10:53:47.028996
ED   30,99.00%,Alvin L. Bragg Jr.,(Democratic),286,AD 75,2025-11-06_10:53:47.028996
ED   30,99.00%,Maud Maron,(Republican),110,AD 75,2025-11-06_10:53:47.028996
ED   30,99.00%,Maud Maron,(Conservative),4,AD 75,2025-11-06_10:53:47.028996
ED   30,99.00%,Alvin L. Bragg Jr.,(Working Families),30,AD 75,2025-11-06_10:53:47.028996
ED   30,99.00%,Diana J. Florence,(A Safer Manhattan),29,AD 75,2025-11-06_10:53:47.028996
ED   30,99.00%,WRITE-IN,&nbsp,1,AD 75,2025-11-06_10:53:47.028996
ED   31,99.00%,Alvin L. Bragg Jr.,(Democratic),515,AD 75,2025-11-06_10:53:47.028996
ED   31,99.00%,Maud Maron,(Republican),81,AD 75,2025-11-06_10:53:47.028996
ED   31,99.00%,Maud Maron,(Conservative),8,AD 75,2025-11-06_10:53:47.028996
ED   31,99.00%,Alvin L. Bragg Jr.,(Working Families),100,AD 75,2025-11-06_10:53:47.028996
ED   31,99.00%,Diana J. Florence,(A Safer Manhattan),31,AD 75,2025-11-06_10:53:47.028996
ED   31,99.00%,WRITE-IN,&nbsp,0,AD 75,2025-11-06_10:53:47.028996
ED   32,99.00%,Alvin L. Bragg Jr.,(Democratic),464,AD 75,2025-11-06_10:53:47.028996
ED   32,99.00%,Maud Maron,(Republican),66,AD 75,2025-11-06_10:53:47.028996
ED   32,99.00%,Maud Maron,(Conservative),7,AD 75,2025-11-06_10:53:47.028996
ED   32,99.00%,Alvin L. Bragg Jr.,(Working Families),68,AD 75,2025-11-06_10:53:47.028996
ED   32,99.00%,Diana J. Florence,(A Safer Manhattan),32,AD 75,2025-11-06_10:53:47.028996
ED   32,99.00%,WRITE-IN,&nbsp,1,AD 75,2025-11-06_10:53:47.028996
ED   33,88.89%,Alvin L. Bragg Jr.,(Democratic),390,AD 75,2025-11-06_10:53:47.028996
ED   33,88.89%,Maud Maron,(Republican),99,AD 75,2025-11-06_10:53:47.028996
ED   33,88.89%,Maud Maron,(Conservative),7,AD 75,2025-11-06_10:53:47.028996
ED   33,88.89%,Alvin L. Bragg Jr.,(Working Families),61,AD 75,2025-11-06_10:53:47.028996
ED   33,88.89%,Diana J. Florence,(A Safer Manhattan),23,AD 75,2025-11-06_10:53:47.028996
ED   33,88.89%,WRITE-IN,&nbsp,1,AD 75,2025-11-06_10:53:47.028996
ED   34,88.89%,Alvin L. Bragg Jr.,(Democratic),373,AD 75,2025-11-06_10:53:47.028996
ED   34,88.89%,Maud Maron,(Republican),91,AD 75,2025-11-06_10:53:47.028996
ED   34,88.89%,Maud Maron,(Conservative),4,AD 75,2025-11-06_10:53:47.028996
ED   34,88.89%,Alvin L. Bragg Jr.,(Working Families),59,AD 75,2025-11-06_10:53:47.028996
ED   34,88.89%,Diana J. Florence,(A Safer Manhattan),29,AD 75,2025-11-06_10:53:47.028996
ED   34,88.89%,WRITE-IN,&nbsp,1,AD 75,2025-11-06_10:53:47.028996
ED   35,99.00%,Alvin L. Bragg Jr.,(Democratic),303,AD 75,2025-11-06_10:53:47.028996
ED   35,99.00%,Maud Maron,(Republican),56,AD 75,2025-11-06_10:53:47.028996
ED   35,99.00%,Maud Maron,(Conservative),4,AD 75,2025-11-06_10:53:47.028996
ED   35,99.00%,Alvin L. Bragg Jr.,(Working Families),50,AD 75,2025-11-06_10:53:47.028996
ED   35,99.00%,Diana J. Florence,(A Safer Manhattan),23,AD 75,2025-11-06_10:53:47.028996
ED   35,99.00%,WRITE-IN,&nbsp,1,AD 75,2025-11-06_10:53:47.028996
ED   36,99.00%,Alvin L. Bragg Jr.,(Democratic),100,AD 75,2025-11-06_10:53:47.028996
ED   36,99.00%,Maud Maron,(Republican),28,AD 75,2025-11-06_10:53:47.028996
ED   36,99.00%,Maud Maron,(Conservative),5,AD 75,2025-11-06_10:53:47.028996
ED   36,99.00%,Alvin L. Bragg Jr.,(Working Families),14,AD 75,2025-11-06_10:53:47.028996
ED   36,99.00%,Diana J. Florence,(A Safer Manhattan),15,AD 75,2025-11-06_10:53:47.028996
ED   36,99.00%,WRITE-IN,&nbsp,2,AD 75,2025-11-06_10:53:47.028996
ED   37,99.00%,Alvin L. Bragg Jr.,(Democratic),395,AD 75,2025-11-06_10:53:47.028996
ED   37,99.00%,Maud Maron,(Republican),94,AD 75,2025-11-06_10:53:47.028996
ED   37,99.00%,Maud Maron,(Conservative),11,AD 75,2025-11-06_10:53:47.028996
ED   37,99.00%,Alvin L. Bragg Jr.,(Working Families),80,AD 75,2025-11-06_10:53:47.028996
ED   37,99.00%,Diana J. Florence,(A Safer Manhattan),42,AD 75,2025-11-06_10:53:47.028996
ED   37,99.00%,WRITE-IN,&nbsp,1,AD 75,2025-11-06_10:53:47.028996
ED   38,99.00%,Alvin L. Bragg Jr.,(Democratic),434,AD 75,2025-11-06_10:53:47.028996
ED   38,99.00%,Maud Maron,(Republican),100,AD 75,2025-11-06_10:53:47.028996
ED   38,99.00%,Maud Maron,(Conservative),7,AD 75,2025-11-06_10:53:47.028996
ED   38,99.00%,Alvin L. Bragg Jr.,(Working Families),95,AD 75,2025-11-06_10:53:47.028996
ED   38,99.00%,Diana J. Florence,(A Safer Manhattan),52,AD 75,2025-11-06_10:53:47.028996
ED   38,99.00%,WRITE-IN,&nbsp,0,AD 75,2025-11-06_10:53:47.028996
ED   39,99.00%,Alvin L. Bragg Jr.,(Democratic),378,AD 75,2025-11-06_10:53:47.028996
ED   39,99.00%,Maud Maron,(Republican),100,AD 75,2025-11-06_10:53:47.028996
ED   39,99.00%,Maud Maron,(Conservative),14,AD 75,2025-11-06_10:53:47.028996
ED   39,99.00%,Alvin L. Bragg Jr.,(Working Families),115,AD 75,2025-11-06_10:53:47.028996
ED   39,99.00%,Diana J. Florence,(A Safer Manhattan),50,AD 75,2025-11-06_10:53:47.028996
ED   39,99.00%,WRITE-IN,&nbsp,0,AD 75,2025-11-06_10:53:47.028996
ED   40,99.00%,Alvin L. Bragg Jr.,(Democratic),397,AD 75,2025-11-06_10:53:47.028996
ED   40,99.00%,Maud Maron,(Republican),82,AD 75,2025-11-06_10:53:47.028996
ED   40,99.00%,Maud Maron,(Conservative),5,AD 75,2025-11-06_10:53:47.028996
ED   40,99.00%,Alvin L. Bragg Jr.,(Working Families),55,AD 75,2025-11-06_10:53:47.028996
ED   40,99.00%,Diana J. Florence,(A Safer Manhattan),53,AD 75,2025-11-06_10:53:47.028996
ED   40,99.00%,WRITE-IN,&nbsp,3,AD 75,2025-11-06_10:53:47.028996
ED   41,99.00%,Alvin L. Bragg Jr.,(Democratic),497,AD 75,2025-11-06_10:53:47.028996
ED   41,99.00%,Maud Maron,(Republican),183,AD 75,2025-11-06_10:53:47.028996
ED   41,99.00%,Maud Maron,(Conservative),17,AD 75,2025-11-06_10:53:47.028996
ED   41,99.00%,Alvin L. Bragg Jr.,(Working Families),52,AD 75,2025-11-06_10:53:47.028996
ED   41,99.00%,Diana J. Florence,(A Safer Manhattan),41,AD 75,2025-11-06_10:53:47.028996
ED   41,99.00%,WRITE-IN,&nbsp,0,AD 75,2025-11-06_10:53:47.028996
ED   42,99.00%,Alvin L. Bragg Jr.,(Democratic),504,AD 75,2025-11-06_10:53:47.028996
ED   42,99.00%,Maud Maron,(Republican),116,AD 75,2025-11-06_10:53:47.028996
ED   42,99.00%,Maud Maron,(Conservative),9,AD 75,2025-11-06_10:53:47.028996
ED   42,99.00%,Alvin L. Bragg Jr.,(Working Families),53,AD 75,2025-11-06_10:53:47.028996
ED   42,99.00%,Diana J. Florence,(A Safer Manhattan),35,AD 75,2025-11-06_10:53:47.028996
ED   42,99.00%,WRITE-IN,&nbsp,2,AD 75,2025-11-06_10:53:47.028996
ED   43,99.00%,Alvin L. Bragg Jr.,(Democratic),560,AD 75,2025-11-06_10:53:47.028996
ED   43,99.00%,Maud Maron,(Republican),180,AD 75,2025-11-06_10:53:47.028996
ED   43,99.00%,Maud Maron,(Conservative),24,AD 75,2025-11-06_10:53:47.028996
ED   43,99.00%,Alvin L. Bragg Jr.,(Working Families),148,AD 75,2025-11-06_10:53:47.028996
ED   43,99.00%,Diana J. Florence,(A Safer Manhattan),82,AD 75,2025-11-06_10:53:47.028996
ED   43,99.00%,WRITE-IN,&nbsp,1,AD 75,2025-11-06_10:53:47.028996
ED   44,99.00%,Alvin L. Bragg Jr.,(Democratic),586,AD 75,2025-11-06_10:53:47.028996
ED   44,99.00%,Maud Maron,(Republican),130,AD 75,2025-11-06_10:53:47.028996
ED   44,99.00%,Maud Maron,(Conservative),11,AD 75,2025-11-06_10:53:47.028996
ED   44,99.00%,Alvin L. Bragg Jr.,(Working Families),75,AD 75,2025-11-06_10:53:47.028996
ED   44,99.00%,Diana J. Florence,(A Safer Manhattan),37,AD 75,2025-11-06_10:53:47.028996
ED   44,99.00%,WRITE-IN,&nbsp,0,AD 75,2025-11-06_10:53:47.028996
ED   45,99.00%,Alvin L. Bragg Jr.,(Democratic),451,AD 75,2025-11-06_10:53:47.028996
ED   45,99.00%,Maud Maron,(Republican),115,AD 75,2025-11-06_10:53:47.028996
ED   45,99.00%,Maud Maron,(Conservative),9,AD 75,2025-11-06_10:53:47.028996
ED   45,99.00%,Alvin L. Bragg Jr.,(Working Families),67,AD 75,2025-11-06_10:53:47.028996
ED   45,99.00%,Diana J. Florence,(A Safer Manhattan),39,AD 75,2025-11-06_10:53:47.028996
ED   45,99.00%,WRITE-IN,&nbsp,0,AD 75,2025-11-06_10:53:47.028996
ED   46,99.00%,Alvin L. Bragg Jr.,(Democratic),487,AD 75,2025-11-06_10:53:47.028996
ED   46,99.00%,Maud Maron,(Republican),112,AD 75,2025-11-06_10:53:47.028996
ED   46,99.00%,Maud Maron,(Conservative),13,AD 75,2025-11-06_10:53:47.028996
ED   46,99.00%,Alvin L. Bragg Jr.,(Working Families),88,AD 75,2025-11-06_10:53:47.028996
ED   46,99.00%,Diana J. Florence,(A Safer Manhattan),30,AD 75,2025-11-06_10:53:47.028996
ED   46,99.00%,WRITE-IN,&nbsp,3,AD 75,2025-11-06_10:53:47.028996
ED   47,99.00%,Alvin L. Bragg Jr.,(Democratic),437,AD 75,2025-11-06_10:53:47.028996
ED   47,99.00%,Maud Maron,(Republican),130,AD 75,2025-11-06_10:53:47.028996
ED   47,99.00%,Maud Maron,(Conservative),13,AD 75,2025-11-06_10:53:47.028996
ED   47,99.00%,Alvin L. Bragg Jr.,(Working Families),42,AD 75,2025-11-06_10:53:47.028996
ED   47,99.00%,Diana J. Florence,(A Safer Manhattan),26,AD 75,2025-11-06_10:53:47.028996
ED   47,99.00%,WRITE-IN,&nbsp,1,AD 75,2025-11-06_10:53:47.028996
ED   48,99.00%,Alvin L. Bragg Jr.,(Democratic),305,AD 75,2025-11-06_10:53:47.028996
ED   48,99.00%,Maud Maron,(Republican),79,AD 75,2025-11-06_10:53:47.028996
ED   48,99.00%,Maud Maron,(Conservative),3,AD 75,2025-11-06_10:53:47.028996
ED   48,99.00%,Alvin L. Bragg Jr.,(Working Families),38,AD 75,2025-11-06_10:53:47.028996
ED   48,99.00%,Diana J. Florence,(A Safer Manhattan),21,AD 75,2025-11-06_10:53:47.028996
ED   48,99.00%,WRITE-IN,&nbsp,0,AD 75,2025-11-06_10:53:47.028996
ED   49,88.89%,Alvin L. Bragg Jr.,(Democratic),521,AD 75,2025-11-06_10:53:47.028996
ED   49,88.89%,Maud Maron,(Republican),79,AD 75,2025-11-06_10:53:47.028996
ED   49,88.89%,Maud Maron,(Conservative),8,AD 75,2025-11-06_10:53:47.028996
ED   49,88.89%,Alvin L. Bragg Jr.,(Working Families),112,AD 75,2025-11-06_10:53:47.028996
ED   49,88.89%,Diana J. Florence,(A Safer Manhattan),29,AD 75,2025-11-06_10:53:47.028996
ED   49,88.89%,WRITE-IN,&nbsp,2,AD 75,2025-11-06_10:53:47.028996
ED   50,99.00%,Alvin L. Bragg Jr.,(Democratic),370,AD 75,2025-11-06_10:53:47.028996
ED   50,99.00%,Maud Maron,(Republican),57,AD 75,2025-11-06_10:53:47.028996
ED   50,99.00%,Maud Maron,(Conservative),6,AD 75,2025-11-06_10:53:47.028996
ED   50,99.00%,Alvin L. Bragg Jr.,(Working Families),75,AD 75,2025-11-06_10:53:47.028996
ED   50,99.00%,Diana J. Florence,(A Safer Manhattan),43,AD 75,2025-11-06_10:53:47.028996
ED   50,99.00%,WRITE-IN,&nbsp,1,AD 75,2025-11-06_10:53:47.028996
ED   51,99.00%,Alvin L. Bragg Jr.,(Democratic),631,AD 75,2025-11-06_10:53:47.028996
ED   51,99.00%,Maud Maron,(Republican),105,AD 75,2025-11-06_10:53:47.028996
ED   51,99.00%,Maud Maron,(Conservative),11,AD 75,2025-11-06_10:53:47.028996
ED   51,99.00%,Alvin L. Bragg Jr.,(Working Families),132,AD 75,2025-11-06_10:53:47.028996
ED   51,99.00%,Diana J. Florence,(A Safer Manhattan),55,AD 75,2025-11-06_10:53:47.028996
ED   51,99.00%,WRITE-IN,&nbsp,1,AD 75,2025-11-06_10:53:47.028996
ED   52,88.89%,Alvin L. Bragg Jr.,(Democratic),594,AD 75,2025-11-06_10:53:47.028996
ED   52,88.89%,Maud Maron,(Republican),63,AD 75,2025-11-06_10:53:47.028996
ED   52,88.89%,Maud Maron,(Conservative),9,AD 75,2025-11-06_10:53:47.028996
ED   52,88.89%,Alvin L. Bragg Jr.,(Working Families),68,AD 75,2025-11-06_10:53:47.028996
ED   52,88.89%,Diana J. Florence,(A Safer Manhattan),49,AD 75,2025-11-06_10:53:47.028996
ED   52,88.89%,WRITE-IN,&nbsp,1,AD 75,2025-11-06_10:53:47.028996
ED   53,88.89%,Alvin L. Bragg Jr.,(Democratic),550,AD 75,2025-11-06_10:53:47.028996
ED   53,88.89%,Maud Maron,(Republican),77,AD 75,2025-11-06_10:53:47.028996
ED   53,88.89%,Maud Maron,(Conservative),10,AD 75,2025-11-06_10:53:47.028996
ED   53,88.89%,Alvin L. Bragg Jr.,(Working Families),83,AD 75,2025-11-06_10:53:47.028996
ED   53,88.89%,Diana J. Florence,(A Safer Manhattan),53,AD 75,2025-11-06_10:53:47.028996
ED   53,88.89%,WRITE-IN,&nbsp,1,AD 75,2025-11-06_10:53:47.028996
ED   54,99.00%,Alvin L. Bragg Jr.,(Democratic),273,AD 75,2025-11-06_10:53:47.028996
ED   54,99.00%,Maud Maron,(Republican),75,AD 75,2025-11-06_10:53:47.028996
ED   54,99.00%,Maud Maron,(Conservative),4,AD 75,2025-11-06_10:53:47.028996
ED   54,99.00%,Alvin L. Bragg Jr.,(Working Families),34,AD 75,2025-11-06_10:53:47.028996
ED   54,99.00%,Diana J. Florence,(A Safer Manhattan),26,AD 75,2025-11-06_10:53:47.028996
ED   54,99.00%,WRITE-IN,&nbsp,2,AD 75,2025-11-06_10:53:47.028996
ED   55,99.00%,Alvin L. Bragg Jr.,(Democratic),276,AD 75,2025-11-06_10:53:47.028996
ED   55,99.00%,Maud Maron,(Republican),71,AD 75,2025-11-06_10:53:47.028996
ED   55,99.00%,Maud Maron,(Conservative),5,AD 75,2025-11-06_10:53:47.028996
ED   55,99.00%,Alvin L. Bragg Jr.,(Working Families),36,AD 75,2025-11-06_10:53:47.028996
ED   55,99.00%,Diana J. Florence,(A Safer Manhattan),39,AD 75,2025-11-06_10:53:47.028996
ED   55,99.00%,WRITE-IN,&nbsp,0,AD 75,2025-11-06_10:53:47.028996
ED   56,99.00%,Alvin L. Bragg Jr.,(Democratic),350,AD 75,2025-11-06_10:53:47.028996
ED   56,99.00%,Maud Maron,(Republican),91,AD 75,2025-11-06_10:53:47.028996
ED   56,99.00%,Maud Maron,(Conservative),11,AD 75,2025-11-06_10:53:47.028996
ED   56,99.00%,Alvin L. Bragg Jr.,(Working Families),54,AD 75,2025-11-06_10:53:47.028996
ED   56,99.00%,Diana J. Florence,(A Safer Manhattan),20,AD 75,2025-11-06_10:53:47.028996
ED   56,99.00%,WRITE-IN,&nbsp,2,AD 75,2025-11-06_10:53:47.028996
ED   57,99.00%,Alvin L. Bragg Jr.,(Democratic),510,AD 75,2025-11-06_10:53:47.028996
ED   57,99.00%,Maud Maron,(Republican),199,AD 75,2025-11-06_10:53:47.028996
ED   57,99.00%,Maud Maron,(Conservative),14,AD 75,2025-11-06_10:53:47.028996
ED   57,99.00%,Alvin L. Bragg Jr.,(Working Families),65,AD 75,2025-11-06_10:53:47.028996
ED   57,99.00%,Diana J. Florence,(A Safer Manhattan),53,AD 75,2025-11-06_10:53:47.028996
ED   57,99.00%,WRITE-IN,&nbsp,1,AD 75,2025-11-06_10:53:47.028996
ED   58,99.00%,Alvin L. Bragg Jr.,(Democratic),406,AD 75,2025-11-06_10:53:47.028996
ED   58,99.00%,Maud Maron,(Republican),110,AD 75,2025-11-06_10:53:47.028996
ED   58,99.00%,Maud Maron,(Conservative),8,AD 75,2025-11-06_10:53:47.028996
ED   58,99.00%,Alvin L. Bragg Jr.,(Working Families),62,AD 75,2025-11-06_10:53:47.028996
ED   58,99.00%,Diana J. Florence,(A Safer Manhattan),35,AD 75,2025-11-06_10:53:47.028996
ED   58,99.00%,WRITE-IN,&nbsp,2,AD 75,2025-11-06_10:53:47.028996
ED   59,99.00%,Alvin L. Bragg Jr.,(Democratic),585,AD 75,2025-11-06_10:53:47.028996
ED   59,99.00%,Maud Maron,(Republican),213,AD 75,2025-11-06_10:53:47.028996
ED   59,99.00%,Maud Maron,(Conservative),21,AD 75,2025-11-06_10:53:47.028996
ED   59,99.00%,Alvin L. Bragg Jr.,(Working Families),72,AD 75,2025-11-06_10:53:47.028996
ED   59,99.00%,Diana J. Florence,(A Safer Manhattan),50,AD 75,2025-11-06_10:53:47.028996
ED   59,99.00%,WRITE-IN,&nbsp,1,AD 75,2025-11-06_10:53:47.028996
ED   60,99.00%,Alvin L. Bragg Jr.,(Democratic),411,AD 75,2025-11-06_10:53:47.028996
ED   60,99.00%,Maud Maron,(Republican),163,AD 75,2025-11-06_10:53:47.028996
ED   60,99.00%,Maud Maron,(Conservative),12,AD 75,2025-11-06_10:53:47.028996
ED   60,99.00%,Alvin L. Bragg Jr.,(Working Families),31,AD 75,2025-11-06_10:53:47.028996
ED   60,99.00%,Diana J. Florence,(A Safer Manhattan),32,AD 75,2025-11-06_10:53:47.028996
ED   60,99.00%,WRITE-IN,&nbsp,1,AD 75,2025-11-06_10:53:47.028996
ED   61,99.00%,Alvin L. Bragg Jr.,(Democratic),140,AD 75,2025-11-06_10:53:47.028996
ED   61,99.00%,Maud Maron,(Republican),32,AD 75,2025-11-06_10:53:47.028996
ED   61,99.00%,Maud Maron,(Conservative),6,AD 75,2025-11-06_10:53:47.028996
ED   61,99.00%,Alvin L. Bragg Jr.,(Working Families),21,AD 75,2025-11-06_10:53:47.028996
ED   61,99.00%,Diana J. Florence,(A Safer Manhattan),29,AD 75,2025-11-06_10:53:47.028996
ED   61,99.00%,WRITE-IN,&nbsp,0,AD 75,2025-11-06_10:53:47.028996
ED   62,99.00%,Alvin L. Bragg Jr.,(Democratic),427,AD 75,2025-11-06_10:53:47.028996
ED   62,99.00%,Maud Maron,(Republican),89,AD 75,2025-11-06_10:53:47.028996
ED   62,99.00%,Maud Maron,(Conservative),16,AD 75,2025-11-06_10:53:47.028996
ED   62,99.00%,Alvin L. Bragg Jr.,(Working Families),62,AD 75,2025-11-06_10:53:47.028996
ED   62,99.00%,Diana J. Florence,(A Safer Manhattan),39,AD 75,2025-11-06_10:53:47.028996
ED   62,99.00%,WRITE-IN,&nbsp,3,AD 75,2025-11-06_10:53:47.028996
ED   63,99.00%,Alvin L. Bragg Jr.,(Democratic),736,AD 75,2025-11-06_10:53:47.028996
ED   63,99.00%,Maud Maron,(Republican),117,AD 75,2025-11-06_10:53:47.028996
ED   63,99.00%,Maud Maron,(Conservative),18,AD 75,2025-11-06_10:53:47.028996
ED   63,99.00%,Alvin L. Bragg Jr.,(Working Families),77,AD 75,2025-11-06_10:53:47.028996
ED   63,99.00%,Diana J. Florence,(A Safer Manhattan),36,AD 75,2025-11-06_10:53:47.028996
ED   63,99.00%,WRITE-IN,&nbsp,0,AD 75,2025-11-06_10:53:47.028996
ED   64,99.00%,Alvin L. Bragg Jr.,(Democratic),544,AD 75,2025-11-06_10:53:47.028996
ED   64,99.00%,Maud Maron,(Republican),91,AD 75,2025-11-06_10:53:47.028996
ED   64,99.00%,Maud Maron,(Conservative),6,AD 75,2025-11-06_10:53:47.028996
ED   64,99.00%,Alvin L. Bragg Jr.,(Working Families),58,AD 75,2025-11-06_10:53:47.028996
ED   64,99.00%,Diana J. Florence,(A Safer Manhattan),37,AD 75,2025-11-06_10:53:47.028996
ED   64,99.00%,WRITE-IN,&nbsp,0,AD 75,2025-11-06_10:53:47.028996
ED   65,99.00%,Alvin L. Bragg Jr.,(Democratic),322,AD 75,2025-11-06_10:53:47.028996
ED   65,99.00%,Maud Maron,(Republican),140,AD 75,2025-11-06_10:53:47.028996
ED   65,99.00%,Maud Maron,(Conservative),10,AD 75,2025-11-06_10:53:47.028996
ED   65,99.00%,Alvin L. Bragg Jr.,(Working Families),37,AD 75,2025-11-06_10:53:47.028996
ED   65,99.00%,Diana J. Florence,(A Safer Manhattan),44,AD 75,2025-11-06_10:53:47.028996
ED   65,99.00%,WRITE-IN,&nbsp,2,AD 75,2025-11-06_10:53:47.028996
ED   66,99.00%,Alvin L. Bragg Jr.,(Democratic),278,AD 75,2025-11-06_10:53:47.028996
ED   66,99.00%,Maud Maron,(Republican),91,AD 75,2025-11-06_10:53:47.028996
ED   66,99.00%,Maud Maron,(Conservative),10,AD 75,2025-11-06_10:53:47.028996
ED   66,99.00%,Alvin L. Bragg Jr.,(Working Families),29,AD 75,2025-11-06_10:53:47.028996
ED   66,99.00%,Diana J. Florence,(A Safer Manhattan),30,AD 75,2025-11-06_10:53:47.028996
ED   66,99.00%,WRITE-IN,&nbsp,0,AD 75,2025-11-06_10:53:47.028996
ED   67,83.33%,Alvin L. Bragg Jr.,(Democratic),6,AD 75,2025-11-06_10:53:47.028996
ED   67,83.33%,Maud Maron,(Republican),6,AD 75,2025-11-06_10:53:47.028996
ED   67,83.33%,Maud Maron,(Conservative),0,AD 75,2025-11-06_10:53:47.028996
ED   67,83.33%,Alvin L. Bragg Jr.,(Working Families),2,AD 75,2025-11-06_10:53:47.028996
ED   67,83.33%,Diana J. Florence,(A Safer Manhattan),0,AD 75,2025-11-06_10:53:47.028996
ED   67,83.33%,WRITE-IN,&nbsp,0,AD 75,2025-11-06_10:53:47.028996
ED   68,99.00%,Alvin L. Bragg Jr.,(Democratic),0,AD 75,2025-11-06_10:53:47.028996
ED   68,99.00%,Maud Maron,(Republican),0,AD 75,2025-11-06_10:53:47.028996
ED   68,99.00%,Maud Maron,(Conservative),0,AD 75,2025-11-06_10:53:47.028996
ED   68,99.00%,Alvin L. Bragg Jr.,(Working Families),0,AD 75,2025-11-06_10:53:47.028996
ED   68,99.00%,Diana J. Florence,(A Safer Manhattan),0,AD 75,2025-11-06_10:53:47.028996
ED   68,99.00%,WRITE-IN,&nbsp,0,AD 75,2025-11-06_10:53:47.028996
ED   69,99.00%,Alvin L. Bragg Jr.,(Democratic),0,AD 75,2025-11-06_10:53:47.028996
ED   69,99.00%,Maud Maron,(Republican),0,AD 75,2025-11-06_10:53:47.028996
ED   69,99.00%,Maud Maron,(Conservative),0,AD 75,2025-11-06_10:53:47.028996
ED   69,99.00%,Alvin L. Bragg Jr.,(Working Families),0,AD 75,2025-11-06_10:53:47.028996
ED   69,99.00%,Diana J. Florence,(A Safer Manhattan),0,AD 75,2025-11-06_10:53:47.028996
ED   69,99.00%,WRITE-IN,&nbsp,0,AD 75,2025-11-06_10:53:47.028996
ED   70,99.00%,Alvin L. Bragg Jr.,(Democratic),0,AD 75,2025-11-06_10:53:47.028996
ED   70,99.00%,Maud Maron,(Republican),0,AD 75,2025-11-06_10:53:47.028996
ED   70,99.00%,Maud Maron,(Conservative),0,AD 75,2025-11-06_10:53:47.028996
ED   70,99.00%,Alvin L. Bragg Jr.,(Working Families),0,AD 75,2025-11-06_10:53:47.028996
ED   70,99.00%,Diana J. Florence,(A Safer Manhattan),0,AD 75,2025-11-06_10:53:47.028996
ED   70,99.00%,WRITE-IN,&nbsp,0,AD 75,2025-11-06_10:53:47.028996
ED   71,99.00%,Alvin L. Bragg Jr.,(Democratic),0,AD 75,2025-11-06_10:53:47.028996
ED   71,99.00%,Maud Maron,(Republican),0,AD 75,2025-11-06_10:53:47.028996
ED   71,99.00%,Maud Maron,(Conservative),0,AD 75,2025-11-06_10:53:47.028996
ED   71,99.00%,Alvin L. Bragg Jr.,(Working Families),0,AD 75,2025-11-06_10:53:47.028996
ED   71,99.00%,Diana J. Florence,(A Safer Manhattan),0,AD 75,2025-11-06_10:53:47.028996
ED   71,99.00%,WRITE-IN,&nbsp,0,AD 75,2025-11-06_10:53:47.028996
Total,,Alvin L. Bragg Jr.,(Democratic),26589,AD 75,2025-11-06_10:53:47.028996
Total,,Maud Maron,(Republican),8178,AD 75,2025-11-06_10:53:47.028996
Total,,Maud Maron,(Conservative),708,AD 75,2025-11-06_10:53:47.028996
Total,,Alvin L. Bragg Jr.,(Working Families),3528,AD 75,2025-11-06_10:53:47.028996
Total,,Diana J. Florence,(A Safer Manhattan),2275,AD 75,2025-11-06_10:53:47.028996
Total,,WRITE-IN,&nbsp,61,AD 75,2025-11-06_10:53:47.028996
ED    1,99.00%,Alvin L. Bragg Jr.,(Democratic),427,AD 76,2025-11-06_10:53:47.028996
ED    1,99.00%,Maud Maron,(Republican),332,AD 76,2025-11-06_10:53:47.028996
ED    1,99.00%,Maud Maron,(Conservative),28,AD 76,2025-11-06_10:53:47.028996
ED    1,99.00%,Alvin L. Bragg Jr.,(Working Families),32,AD 76,2025-11-06_10:53:47.028996
ED    1,99.00%,Diana J. Florence,(A Safer Manhattan),41,AD 76,2025-11-06_10:53:47.028996
ED    1,99.00%,WRITE-IN,&nbsp,0,AD 76,2025-11-06_10:53:47.028996
ED    2,99.00%,Alvin L. Bragg Jr.,(Democratic),260,AD 76,2025-11-06_10:53:47.028996
ED    2,99.00%,Maud Maron,(Republican),263,AD 76,2025-11-06_10:53:47.028996
ED    2,99.00%,Maud Maron,(Conservative),20,AD 76,2025-11-06_10:53:47.028996
ED    2,99.00%,Alvin L. Bragg Jr.,(Working Families),7,AD 76,2025-11-06_10:53:47.028996
ED    2,99.00%,Diana J. Florence,(A Safer Manhattan),38,AD 76,2025-11-06_10:53:47.028996
ED    2,99.00%,WRITE-IN,&nbsp,0,AD 76,2025-11-06_10:53:47.028996
ED    3,87.50%,Alvin L. Bragg Jr.,(Democratic),355,AD 76,2025-11-06_10:53:47.028996
ED    3,87.50%,Maud Maron,(Republican),273,AD 76,2025-11-06_10:53:47.028996
ED    3,87.50%,Maud Maron,(Conservative),16,AD 76,2025-11-06_10:53:47.028996
ED    3,87.50%,Alvin L. Bragg Jr.,(Working Families),20,AD 76,2025-11-06_10:53:47.028996
ED    3,87.50%,Diana J. Florence,(A Safer Manhattan),45,AD 76,2025-11-06_10:53:47.028996
ED    3,87.50%,WRITE-IN,&nbsp,2,AD 76,2025-11-06_10:53:47.028996
ED    4,87.50%,Alvin L. Bragg Jr.,(Democratic),448,AD 76,2025-11-06_10:53:47.028996
ED    4,87.50%,Maud Maron,(Republican),322,AD 76,2025-11-06_10:53:47.028996
ED    4,87.50%,Maud Maron,(Conservative),16,AD 76,2025-11-06_10:53:47.028996
ED    4,87.50%,Alvin L. Bragg Jr.,(Working Families),37,AD 76,2025-11-06_10:53:47.028996
ED    4,87.50%,Diana J. Florence,(A Safer Manhattan),41,AD 76,2025-11-06_10:53:47.028996
ED    4,87.50%,WRITE-IN,&nbsp,2,AD 76,2025-11-06_10:53:47.028996
ED    5,88.89%,Alvin L. Bragg Jr.,(Democratic),512,AD 76,2025-11-06_10:53:47.028996
ED    5,88.89%,Maud Maron,(Republican),278,AD 76,2025-11-06_10:53:47.028996
ED    5,88.89%,Maud Maron,(Conservative),15,AD 76,2025-11-06_10:53:47.028996
ED    5,88.89%,Alvin L. Bragg Jr.,(Working Families),49,AD 76,2025-11-06_10:53:47.028996
ED    5,88.89%,Diana J. Florence,(A Safer Manhattan),39,AD 76,2025-11-06_10:53:47.028996
ED    5,88.89%,WRITE-IN,&nbsp,1,AD 76,2025-11-06_10:53:47.028996
ED    6,88.89%,Alvin L. Bragg Jr.,(Democratic),527,AD 76,2025-11-06_10:53:47.028996
ED    6,88.89%,Maud Maron,(Republican),246,AD 76,2025-11-06_10:53:47.028996
ED    6,88.89%,Maud Maron,(Conservative),19,AD 76,2025-11-06_10:53:47.028996
ED    6,88.89%,Alvin L. Bragg Jr.,(Working Families),57,AD 76,2025-11-06_10:53:47.028996
ED    6,88.89%,Diana J. Florence,(A Safer Manhattan),51,AD 76,2025-11-06_10:53:47.028996
ED    6,88.89%,WRITE-IN,&nbsp,3,AD 76,2025-11-06_10:53:47.028996
ED    7,88.89%,Alvin L. Bragg Jr.,(Democratic),513,AD 76,2025-11-06_10:53:47.028996
ED    7,88.89%,Maud Maron,(Republican),257,AD 76,2025-11-06_10:53:47.028996
ED    7,88.89%,Maud Maron,(Conservative),15,AD 76,2025-11-06_10:53:47.028996
ED    7,88.89%,Alvin L. Bragg Jr.,(Working Families),43,AD 76,2025-11-06_10:53:47.028996
ED    7,88.89%,Diana J. Florence,(A Safer Manhattan),32,AD 76,2025-11-06_10:53:47.028996
ED    7,88.89%,WRITE-IN,&nbsp,0,AD 76,2025-11-06_10:53:47.028996
ED    8,99.00%,Alvin L. Bragg Jr.,(Democratic),354,AD 76,2025-11-06_10:53:47.028996
ED    8,99.00%,Maud Maron,(Republican),131,AD 76,2025-11-06_10:53:47.028996
ED    8,99.00%,Maud Maron,(Conservative),16,AD 76,2025-11-06_10:53:47.028996
ED    8,99.00%,Alvin L. Bragg Jr.,(Working Families),43,AD 76,2025-11-06_10:53:47.028996
ED    8,99.00%,Diana J. Florence,(A Safer Manhattan),28,AD 76,2025-11-06_10:53:47.028996
ED    8,99.00%,WRITE-IN,&nbsp,2,AD 76,2025-11-06_10:53:47.028996
ED    9,99.00%,Alvin L. Bragg Jr.,(Democratic),559,AD 76,2025-11-06_10:53:47.028996
ED    9,99.00%,Maud Maron,(Republican),290,AD 76,2025-11-06_10:53:47.028996
ED    9,99.00%,Maud Maron,(Conservative),24,AD 76,2025-11-06_10:53:47.028996
ED    9,99.00%,Alvin L. Bragg Jr.,(Working Families),50,AD 76,2025-11-06_10:53:47.028996
ED    9,99.00%,Diana J. Florence,(A Safer Manhattan),57,AD 76,2025-11-06_10:53:47.028996
ED    9,99.00%,WRITE-IN,&nbsp,3,AD 76,2025-11-06_10:53:47.028996
ED   10,99.00%,Alvin L. Bragg Jr.,(Democratic),390,AD 76,2025-11-06_10:53:47.028996
ED   10,99.00%,Maud Maron,(Republican),120,AD 76,2025-11-06_10:53:47.028996
ED   10,99.00%,Maud Maron,(Conservative),10,AD 76,2025-11-06_10:53:47.028996
ED   10,99.00%,Alvin L. Bragg Jr.,(Working Families),67,AD 76,2025-11-06_10:53:47.028996
ED   10,99.00%,Diana J. Florence,(A Safer Manhattan),31,AD 76,2025-11-06_10:53:47.028996
ED   10,99.00%,WRITE-IN,&nbsp,1,AD 76,2025-11-06_10:53:47.028996
ED   11,99.00%,Alvin L. Bragg Jr.,(Democratic),402,AD 76,2025-11-06_10:53:47.028996
ED   11,99.00%,Maud Maron,(Republican),182,AD 76,2025-11-06_10:53:47.028996
ED   11,99.00%,Maud Maron,(Conservative),11,AD 76,2025-11-06_10:53:47.028996
ED   11,99.00%,Alvin L. Bragg Jr.,(Working Families),46,AD 76,2025-11-06_10:53:47.028996
ED   11,99.00%,Diana J. Florence,(A Safer Manhattan),42,AD 76,2025-11-06_10:53:47.028996
ED   11,99.00%,WRITE-IN,&nbsp,0,AD 76,2025-11-06_10:53:47.028996
ED   12,99.00%,Alvin L. Bragg Jr.,(Democratic),476,AD 76,2025-11-06_10:53:47.028996
ED   12,99.00%,Maud Maron,(Republican),196,AD 76,2025-11-06_10:53:47.028996
ED   12,99.00%,Maud Maron,(Conservative),24,AD 76,2025-11-06_10:53:47.028996
ED   12,99.00%,Alvin L. Bragg Jr.,(Working Families),72,AD 76,2025-11-06_10:53:47.028996
ED   12,99.00%,Diana J. Florence,(A Safer Manhattan),39,AD 76,2025-11-06_10:53:47.028996
ED   12,99.00%,WRITE-IN,&nbsp,4,AD 76,2025-11-06_10:53:47.028996
ED   13,99.00%,Alvin L. Bragg Jr.,(Democratic),467,AD 76,2025-11-06_10:53:47.028996
ED   13,99.00%,Maud Maron,(Republican),208,AD 76,2025-11-06_10:53:47.028996
ED   13,99.00%,Maud Maron,(Conservative),19,AD 76,2025-11-06_10:53:47.028996
ED   13,99.00%,Alvin L. Bragg Jr.,(Working Families),49,AD 76,2025-11-06_10:53:47.028996
ED   13,99.00%,Diana J. Florence,(A Safer Manhattan),40,AD 76,2025-11-06_10:53:47.028996
ED   13,99.00%,WRITE-IN,&nbsp,0,AD 76,2025-11-06_10:53:47.028996
ED   14,99.00%,Alvin L. Bragg Jr.,(Democratic),491,AD 76,2025-11-06_10:53:47.028996
ED   14,99.00%,Maud Maron,(Republican),245,AD 76,2025-11-06_10:53:47.028996
ED   14,99.00%,Maud Maron,(Conservative),22,AD 76,2025-11-06_10:53:47.028996
ED   14,99.00%,Alvin L. Bragg Jr.,(Working Families),49,AD 76,2025-11-06_10:53:47.028996
ED   14,99.00%,Diana J. Florence,(A Safer Manhattan),37,AD 76,2025-11-06_10:53:47.028996
ED   14,99.00%,WRITE-IN,&nbsp,1,AD 76,2025-11-06_10:53:47.028996
ED   15,99.00%,Alvin L. Bragg Jr.,(Democratic),539,AD 76,2025-11-06_10:53:47.028996
ED   15,99.00%,Maud Maron,(Republican),203,AD 76,2025-11-06_10:53:47.028996
ED   15,99.00%,Maud Maron,(Conservative),10,AD 76,2025-11-06_10:53:47.028996
ED   15,99.00%,Alvin L. Bragg Jr.,(Working Families),77,AD 76,2025-11-06_10:53:47.028996
ED   15,99.00%,Diana J. Florence,(A Safer Manhattan),32,AD 76,2025-11-06_10:53:47.028996
ED   15,99.00%,WRITE-IN,&nbsp,2,AD 76,2025-11-06_10:53:47.028996
ED   16,99.00%,Alvin L. Bragg Jr.,(Democratic),329,AD 76,2025-11-06_10:53:47.028996
ED   16,99.00%,Maud Maron,(Republican),122,AD 76,2025-11-06_10:53:47.028996
ED   16,99.00%,Maud Maron,(Conservative),17,AD 76,2025-11-06_10:53:47.028996
ED   16,99.00%,Alvin L. Bragg Jr.,(Working Families),27,AD 76,2025-11-06_10:53:47.028996
ED   16,99.00%,Diana J. Florence,(A Safer Manhattan),35,AD 76,2025-11-06_10:53:47.028996
ED   16,99.00%,WRITE-IN,&nbsp,1,AD 76,2025-11-06_10:53:47.028996
ED   17,99.00%,Alvin L. Bragg Jr.,(Democratic),437,AD 76,2025-11-06_10:53:47.028996
ED   17,99.00%,Maud Maron,(Republican),187,AD 76,2025-11-06_10:53:47.028996
ED   17,99.00%,Maud Maron,(Conservative),15,AD 76,2025-11-06_10:53:47.028996
ED   17,99.00%,Alvin L. Bragg Jr.,(Working Families),47,AD 76,2025-11-06_10:53:47.028996
ED   17,99.00%,Diana J. Florence,(A Safer Manhattan),44,AD 76,2025-11-06_10:53:47.028996
ED   17,99.00%,WRITE-IN,&nbsp,0,AD 76,2025-11-06_10:53:47.028996
ED   18,99.00%,Alvin L. Bragg Jr.,(Democratic),373,AD 76,2025-11-06_10:53:47.028996
ED   18,99.00%,Maud Maron,(Republican),230,AD 76,2025-11-06_10:53:47.028996
ED   18,99.00%,Maud Maron,(Conservative),19,AD 76,2025-11-06_10:53:47.028996
ED   18,99.00%,Alvin L. Bragg Jr.,(Working Families),22,AD 76,2025-11-06_10:53:47.028996
ED   18,99.00%,Diana J. Florence,(A Safer Manhattan),55,AD 76,2025-11-06_10:53:47.028996
ED   18,99.00%,WRITE-IN,&nbsp,4,AD 76,2025-11-06_10:53:47.028996
ED   19,99.00%,Alvin L. Bragg Jr.,(Democratic),583,AD 76,2025-11-06_10:53:47.028996
ED   19,99.00%,Maud Maron,(Republican),390,AD 76,2025-11-06_10:53:47.028996
ED   19,99.00%,Maud Maron,(Conservative),20,AD 76,2025-11-06_10:53:47.028996
ED   19,99.00%,Alvin L. Bragg Jr.,(Working Families),51,AD 76,2025-11-06_10:53:47.028996
ED   19,99.00%,Diana J. Florence,(A Safer Manhattan),48,AD 76,2025-11-06_10:53:47.028996
ED   19,99.00%,WRITE-IN,&nbsp,0,AD 76,2025-11-06_10:53:47.028996
ED   20,99.00%,Alvin L. Bragg Jr.,(Democratic),558,AD 76,2025-11-06_10:53:47.028996
ED   20,99.00%,Maud Maron,(Republican),271,AD 76,2025-11-06_10:53:47.028996
ED   20,99.00%,Maud Maron,(Conservative),26,AD 76,2025-11-06_10:53:47.028996
ED   20,99.00%,Alvin L. Bragg Jr.,(Working Families),42,AD 76,2025-11-06_10:53:47.028996
ED   20,99.00%,Diana J. Florence,(A Safer Manhattan),40,AD 76,2025-11-06_10:53:47.028996
ED   20,99.00%,WRITE-IN,&nbsp,2,AD 76,2025-11-06_10:53:47.028996
ED   21,99.00%,Alvin L. Bragg Jr.,(Democratic),525,AD 76,2025-11-06_10:53:47.028996
ED   21,99.00%,Maud Maron,(Republican),256,AD 76,2025-11-06_10:53:47.028996
ED   21,99.00%,Maud Maron,(Conservative),14,AD 76,2025-11-06_10:53:47.028996
ED   21,99.00%,Alvin L. Bragg Jr.,(Working Families),46,AD 76,2025-11-06_10:53:47.028996
ED   21,99.00%,Diana J. Florence,(A Safer Manhattan),50,AD 76,2025-11-06_10:53:47.028996
ED   21,99.00%,WRITE-IN,&nbsp,0,AD 76,2025-11-06_10:53:47.028996
ED   22,87.50%,Alvin L. Bragg Jr.,(Democratic),479,AD 76,2025-11-06_10:53:47.028996
ED   22,87.50%,Maud Maron,(Republican),259,AD 76,2025-11-06_10:53:47.028996
ED   22,87.50%,Maud Maron,(Conservative),11,AD 76,2025-11-06_10:53:47.028996
ED   22,87.50%,Alvin L. Bragg Jr.,(Working Families),58,AD 76,2025-11-06_10:53:47.028996
ED   22,87.50%,Diana J. Florence,(A Safer Manhattan),35,AD 76,2025-11-06_10:53:47.028996
ED   22,87.50%,WRITE-IN,&nbsp,2,AD 76,2025-11-06_10:53:47.028996
ED   23,99.00%,Alvin L. Bragg Jr.,(Democratic),380,AD 76,2025-11-06_10:53:47.028996
ED   23,99.00%,Maud Maron,(Republican),196,AD 76,2025-11-06_10:53:47.028996
ED   23,99.00%,Maud Maron,(Conservative),19,AD 76,2025-11-06_10:53:47.028996
ED   23,99.00%,Alvin L. Bragg Jr.,(Working Families),42,AD 76,2025-11-06_10:53:47.028996
ED   23,99.00%,Diana J. Florence,(A Safer Manhattan),47,AD 76,2025-11-06_10:53:47.028996
ED   23,99.00%,WRITE-IN,&nbsp,0,AD 76,2025-11-06_10:53:47.028996
ED   24,99.00%,Alvin L. Bragg Jr.,(Democratic),590,AD 76,2025-11-06_10:53:47.028996
ED   24,99.00%,Maud Maron,(Republican),272,AD 76,2025-11-06_10:53:47.028996
ED   24,99.00%,Maud Maron,(Conservative),21,AD 76,2025-11-06_10:53:47.028996
ED   24,99.00%,Alvin L. Bragg Jr.,(Working Families),71,AD 76,2025-11-06_10:53:47.028996
ED   24,99.00%,Diana J. Florence,(A Safer Manhattan),53,AD 76,2025-11-06_10:53:47.028996
ED   24,99.00%,WRITE-IN,&nbsp,1,AD 76,2025-11-06_10:53:47.028996
ED   25,99.00%,Alvin L. Bragg Jr.,(Democratic),442,AD 76,2025-11-06_10:53:47.028996
ED   25,99.00%,Maud Maron,(Republican),169,AD 76,2025-11-06_10:53:47.028996
ED   25,99.00%,Maud Maron,(Conservative),16,AD 76,2025-11-06_10:53:47.028996
ED   25,99.00%,Alvin L. Bragg Jr.,(Working Families),66,AD 76,2025-11-06_10:53:47.028996
ED   25,99.00%,Diana J. Florence,(A Safer Manhattan),45,AD 76,2025-11-06_10:53:47.028996
ED   25,99.00%,WRITE-IN,&nbsp,0,AD 76,2025-11-06_10:53:47.028996
ED   26,88.89%,Alvin L. Bragg Jr.,(Democratic),466,AD 76,2025-11-06_10:53:47.028996
ED   26,88.89%,Maud Maron,(Republican),279,AD 76,2025-11-06_10:53:47.028996
ED   26,88.89%,Maud Maron,(Conservative),17,AD 76,2025-11-06_10:53:47.028996
ED   26,88.89%,Alvin L. Bragg Jr.,(Working Families),22,AD 76,2025-11-06_10:53:47.028996
ED   26,88.89%,Diana J. Florence,(A Safer Manhattan),53,AD 76,2025-11-06_10:53:47.028996
ED   26,88.89%,WRITE-IN,&nbsp,0,AD 76,2025-11-06_10:53:47.028996
ED   27,88.89%,Alvin L. Bragg Jr.,(Democratic),445,AD 76,2025-11-06_10:53:47.028996
ED   27,88.89%,Maud Maron,(Republican),252,AD 76,2025-11-06_10:53:47.028996
ED   27,88.89%,Maud Maron,(Conservative),18,AD 76,2025-11-06_10:53:47.028996
ED   27,88.89%,Alvin L. Bragg Jr.,(Working Families),56,AD 76,2025-11-06_10:53:47.028996
ED   27,88.89%,Diana J. Florence,(A Safer Manhattan),33,AD 76,2025-11-06_10:53:47.028996
ED   27,88.89%,WRITE-IN,&nbsp,0,AD 76,2025-11-06_10:53:47.028996
ED   28,99.00%,Alvin L. Bragg Jr.,(Democratic),561,AD 76,2025-11-06_10:53:47.028996
ED   28,99.00%,Maud Maron,(Republican),208,AD 76,2025-11-06_10:53:47.028996
ED   28,99.00%,Maud Maron,(Conservative),13,AD 76,2025-11-06_10:53:47.028996
ED   28,99.00%,Alvin L. Bragg Jr.,(Working Families),72,AD 76,2025-11-06_10:53:47.028996
ED   28,99.00%,Diana J. Florence,(A Safer Manhattan),54,AD 76,2025-11-06_10:53:47.028996
ED   28,99.00%,WRITE-IN,&nbsp,0,AD 76,2025-11-06_10:53:47.028996
ED   29,88.89%,Alvin L. Bragg Jr.,(Democratic),370,AD 76,2025-11-06_10:53:47.028996
ED   29,88.89%,Maud Maron,(Republican),227,AD 76,2025-11-06_10:53:47.028996
ED   29,88.89%,Maud Maron,(Conservative),8,AD 76,2025-11-06_10:53:47.028996
ED   29,88.89%,Alvin L. Bragg Jr.,(Working Families),32,AD 76,2025-11-06_10:53:47.028996
ED   29,88.89%,Diana J. Florence,(A Safer Manhattan),40,AD 76,2025-11-06_10:53:47.028996
ED   29,88.89%,WRITE-IN,&nbsp,0,AD 76,2025-11-06_10:53:47.028996
ED   30,99.00%,Alvin L. Bragg Jr.,(Democratic),540,AD 76,2025-11-06_10:53:47.028996
ED   30,99.00%,Maud Maron,(Republican),277,AD 76,2025-11-06_10:53:47.028996
ED   30,99.00%,Maud Maron,(Conservative),26,AD 76,2025-11-06_10:53:47.028996
ED   30,99.00%,Alvin L. Bragg Jr.,(Working Families),46,AD 76,2025-11-06_10:53:47.028996
ED   30,99.00%,Diana J. Florence,(A Safer Manhattan),71,AD 76,2025-11-06_10:53:47.028996
ED   30,99.00%,WRITE-IN,&nbsp,1,AD 76,2025-11-06_10:53:47.028996
ED   31,88.89%,Alvin L. Bragg Jr.,(Democratic),481,AD 76,2025-11-06_10:53:47.028996
ED   31,88.89%,Maud Maron,(Republican),287,AD 76,2025-11-06_10:53:47.028996
ED   31,88.89%,Maud Maron,(Conservative),21,AD 76,2025-11-06_10:53:47.028996
ED   31,88.89%,Alvin L. Bragg Jr.,(Working Families),44,AD 76,2025-11-06_10:53:47.028996
ED   31,88.89%,Diana J. Florence,(A Safer Manhattan),56,AD 76,2025-11-06_10:53:47.028996
ED   31,88.89%,WRITE-IN,&nbsp,2,AD 76,2025-11-06_10:53:47.028996
ED   32,88.89%,Alvin L. Bragg Jr.,(Democratic),560,AD 76,2025-11-06_10:53:47.028996
ED   32,88.89%,Maud Maron,(Republican),361,AD 76,2025-11-06_10:53:47.028996
ED   32,88.89%,Maud Maron,(Conservative),19,AD 76,2025-11-06_10:53:47.028996
ED   32,88.89%,Alvin L. Bragg Jr.,(Working Families),43,AD 76,2025-11-06_10:53:47.028996
ED   32,88.89%,Diana J. Florence,(A Safer Manhattan),43,AD 76,2025-11-06_10:53:47.028996
ED   32,88.89%,WRITE-IN,&nbsp,0,AD 76,2025-11-06_10:53:47.028996
ED   33,93.33%,Alvin L. Bragg Jr.,(Democratic),659,AD 76,2025-11-06_10:53:47.028996
ED   33,93.33%,Maud Maron,(Republican),274,AD 76,2025-11-06_10:53:47.028996
ED   33,93.33%,Maud Maron,(Conservative),25,AD 76,2025-11-06_10:53:47.028996
ED   33,93.33%,Alvin L. Bragg Jr.,(Working Families),106,AD 76,2025-11-06_10:53:47.028996
ED   33,93.33%,Diana J. Florence,(A Safer Manhattan),41,AD 76,2025-11-06_10:53:47.028996
ED   33,93.33%,WRITE-IN,&nbsp,0,AD 76,2025-11-06_10:53:47.028996
ED   34,93.33%,Alvin L. Bragg Jr.,(Democratic),555,AD 76,2025-11-06_10:53:47.028996
ED   34,93.33%,Maud Maron,(Republican),317,AD 76,2025-11-06_10:53:47.028996
ED   34,93.33%,Maud Maron,(Conservative),22,AD 76,2025-11-06_10:53:47.028996
ED   34,93.33%,Alvin L. Bragg Jr.,(Working Families),71,AD 76,2025-11-06_10:53:47.028996
ED   34,93.33%,Diana J. Florence,(A Safer Manhattan),55,AD 76,2025-11-06_10:53:47.028996
ED   34,93.33%,WRITE-IN,&nbsp,1,AD 76,2025-11-06_10:53:47.028996
ED   35,93.33%,Alvin L. Bragg Jr.,(Democratic),584,AD 76,2025-11-06_10:53:47.028996
ED   35,93.33%,Maud Maron,(Republican),191,AD 76,2025-11-06_10:53:47.028996
ED   35,93.33%,Maud Maron,(Conservative),19,AD 76,2025-11-06_10:53:47.028996
ED   35,93.33%,Alvin L. Bragg Jr.,(Working Families),75,AD 76,2025-11-06_10:53:47.028996
ED   35,93.33%,Diana J. Florence,(A Safer Manhattan),54,AD 76,2025-11-06_10:53:47.028996
ED   35,93.33%,WRITE-IN,&nbsp,3,AD 76,2025-11-06_10:53:47.028996
ED   36,93.33%,Alvin L. Bragg Jr.,(Democratic),614,AD 76,2025-11-06_10:53:47.028996
ED   36,93.33%,Maud Maron,(Republican),271,AD 76,2025-11-06_10:53:47.028996
ED   36,93.33%,Maud Maron,(Conservative),25,AD 76,2025-11-06_10:53:47.028996
ED   36,93.33%,Alvin L. Bragg Jr.,(Working Families),82,AD 76,2025-11-06_10:53:47.028996
ED   36,93.33%,Diana J. Florence,(A Safer Manhattan),75,AD 76,2025-11-06_10:53:47.028996
ED   36,93.33%,WRITE-IN,&nbsp,0,AD 76,2025-11-06_10:53:47.028996
ED   37,99.00%,Alvin L. Bragg Jr.,(Democratic),643,AD 76,2025-11-06_10:53:47.028996
ED   37,99.00%,Maud Maron,(Republican),204,AD 76,2025-11-06_10:53:47.028996
ED   37,99.00%,Maud Maron,(Conservative),22,AD 76,2025-11-06_10:53:47.028996
ED   37,99.00%,Alvin L. Bragg Jr.,(Working Families),78,AD 76,2025-11-06_10:53:47.028996
ED   37,99.00%,Diana J. Florence,(A Safer Manhattan),49,AD 76,2025-11-06_10:53:47.028996
ED   37,99.00%,WRITE-IN,&nbsp,0,AD 76,2025-11-06_10:53:47.028996
ED   38,99.00%,Alvin L. Bragg Jr.,(Democratic),374,AD 76,2025-11-06_10:53:47.028996
ED   38,99.00%,Maud Maron,(Republican),100,AD 76,2025-11-06_10:53:47.028996
ED   38,99.00%,Maud Maron,(Conservative),10,AD 76,2025-11-06_10:53:47.028996
ED   38,99.00%,Alvin L. Bragg Jr.,(Working Families),79,AD 76,2025-11-06_10:53:47.028996
ED   38,99.00%,Diana J. Florence,(A Safer Manhattan),27,AD 76,2025-11-06_10:53:47.028996
ED   38,99.00%,WRITE-IN,&nbsp,0,AD 76,2025-11-06_10:53:47.028996
ED   39,99.00%,Alvin L. Bragg Jr.,(Democratic),524,AD 76,2025-11-06_10:53:47.028996
ED   39,99.00%,Maud Maron,(Republican),274,AD 76,2025-11-06_10:53:47.028996
ED   39,99.00%,Maud Maron,(Conservative),14,AD 76,2025-11-06_10:53:47.028996
ED   39,99.00%,Alvin L. Bragg Jr.,(Working Families),38,AD 76,2025-11-06_10:53:47.028996
ED   39,99.00%,Diana J. Florence,(A Safer Manhattan),70,AD 76,2025-11-06_10:53:47.028996
ED   39,99.00%,WRITE-IN,&nbsp,0,AD 76,2025-11-06_10:53:47.028996
ED   40,93.33%,Alvin L. Bragg Jr.,(Democratic),421,AD 76,2025-11-06_10:53:47.028996
ED   40,93.33%,Maud Maron,(Republican),230,AD 76,2025-11-06_10:53:47.028996
ED   40,93.33%,Maud Maron,(Conservative),13,AD 76,2025-11-06_10:53:47.028996
ED   40,93.33%,Alvin L. Bragg Jr.,(Working Families),23,AD 76,2025-11-06_10:53:47.028996
ED   40,93.33%,Diana J. Florence,(A Safer Manhattan),45,AD 76,2025-11-06_10:53:47.028996
ED   40,93.33%,WRITE-IN,&nbsp,1,AD 76,2025-11-06_10:53:47.028996
ED   41,93.33%,Alvin L. Bragg Jr.,(Democratic),428,AD 76,2025-11-06_10:53:47.028996
ED   41,93.33%,Maud Maron,(Republican),220,AD 76,2025-11-06_10:53:47.028996
ED   41,93.33%,Maud Maron,(Conservative),22,AD 76,2025-11-06_10:53:47.028996
ED   41,93.33%,Alvin L. Bragg Jr.,(Working Families),50,AD 76,2025-11-06_10:53:47.028996
ED   41,93.33%,Diana J. Florence,(A Safer Manhattan),60,AD 76,2025-11-06_10:53:47.028996
ED   41,93.33%,WRITE-IN,&nbsp,0,AD 76,2025-11-06_10:53:47.028996
ED   42,93.33%,Alvin L. Bragg Jr.,(Democratic),557,AD 76,2025-11-06_10:53:47.028996
ED   42,93.33%,Maud Maron,(Republican),264,AD 76,2025-11-06_10:53:47.028996
ED   42,93.33%,Maud Maron,(Conservative),14,AD 76,2025-11-06_10:53:47.028996
ED   42,93.33%,Alvin L. Bragg Jr.,(Working Families),52,AD 76,2025-11-06_10:53:47.028996
ED   42,93.33%,Diana J. Florence,(A Safer Manhattan),63,AD 76,2025-11-06_10:53:47.028996
ED   42,93.33%,WRITE-IN,&nbsp,3,AD 76,2025-11-06_10:53:47.028996
ED   43,93.33%,Alvin L. Bragg Jr.,(Democratic),458,AD 76,2025-11-06_10:53:47.028996
ED   43,93.33%,Maud Maron,(Republican),173,AD 76,2025-11-06_10:53:47.028996
ED   43,93.33%,Maud Maron,(Conservative),16,AD 76,2025-11-06_10:53:47.028996
ED   43,93.33%,Alvin L. Bragg Jr.,(Working Families),48,AD 76,2025-11-06_10:53:47.028996
ED   43,93.33%,Diana J. Florence,(A Safer Manhattan),46,AD 76,2025-11-06_10:53:47.028996
ED   43,93.33%,WRITE-IN,&nbsp,0,AD 76,2025-11-06_10:53:47.028996
ED   44,99.00%,Alvin L. Bragg Jr.,(Democratic),581,AD 76,2025-11-06_10:53:47.028996
ED   44,99.00%,Maud Maron,(Republican),270,AD 76,2025-11-06_10:53:47.028996
ED   44,99.00%,Maud Maron,(Conservative),22,AD 76,2025-11-06_10:53:47.028996
ED   44,99.00%,Alvin L. Bragg Jr.,(Working Families),56,AD 76,2025-11-06_10:53:47.028996
ED   44,99.00%,Diana J. Florence,(A Safer Manhattan),49,AD 76,2025-11-06_10:53:47.028996
ED   44,99.00%,WRITE-IN,&nbsp,4,AD 76,2025-11-06_10:53:47.028996
ED   45,99.00%,Alvin L. Bragg Jr.,(Democratic),548,AD 76,2025-11-06_10:53:47.028996
ED   45,99.00%,Maud Maron,(Republican),249,AD 76,2025-11-06_10:53:47.028996
ED   45,99.00%,Maud Maron,(Conservative),9,AD 76,2025-11-06_10:53:47.028996
ED   45,99.00%,Alvin L. Bragg Jr.,(Working Families),71,AD 76,2025-11-06_10:53:47.028996
ED   45,99.00%,Diana J. Florence,(A Safer Manhattan),55,AD 76,2025-11-06_10:53:47.028996
ED   45,99.00%,WRITE-IN,&nbsp,1,AD 76,2025-11-06_10:53:47.028996
ED   46,99.00%,Alvin L. Bragg Jr.,(Democratic),598,AD 76,2025-11-06_10:53:47.028996
ED   46,99.00%,Maud Maron,(Republican),223,AD 76,2025-11-06_10:53:47.028996
ED   46,99.00%,Maud Maron,(Conservative),30,AD 76,2025-11-06_10:53:47.028996
ED   46,99.00%,Alvin L. Bragg Jr.,(Working Families),48,AD 76,2025-11-06_10:53:47.028996
ED   46,99.00%,Diana J. Florence,(A Safer Manhattan),41,AD 76,2025-11-06_10:53:47.028996
ED   46,99.00%,WRITE-IN,&nbsp,1,AD 76,2025-11-06_10:53:47.028996
ED   47,93.33%,Alvin L. Bragg Jr.,(Democratic),424,AD 76,2025-11-06_10:53:47.028996
ED   47,93.33%,Maud Maron,(Republican),124,AD 76,2025-11-06_10:53:47.028996
ED   47,93.33%,Maud Maron,(Conservative),19,AD 76,2025-11-06_10:53:47.028996
ED   47,93.33%,Alvin L. Bragg Jr.,(Working Families),69,AD 76,2025-11-06_10:53:47.028996
ED   47,93.33%,Diana J. Florence,(A Safer Manhattan),31,AD 76,2025-11-06_10:53:47.028996
ED   47,93.33%,WRITE-IN,&nbsp,0,AD 76,2025-11-06_10:53:47.028996
ED   48,99.00%,Alvin L. Bragg Jr.,(Democratic),470,AD 76,2025-11-06_10:53:47.028996
ED   48,99.00%,Maud Maron,(Republican),276,AD 76,2025-11-06_10:53:47.028996
ED   48,99.00%,Maud Maron,(Conservative),19,AD 76,2025-11-06_10:53:47.028996
ED   48,99.00%,Alvin L. Bragg Jr.,(Working Families),41,AD 76,2025-11-06_10:53:47.028996
ED   48,99.00%,Diana J. Florence,(A Safer Manhattan),50,AD 76,2025-11-06_10:53:47.028996
ED   48,99.00%,WRITE-IN,&nbsp,1,AD 76,2025-11-06_10:53:47.028996
ED   49,99.00%,Alvin L. Bragg Jr.,(Democratic),512,AD 76,2025-11-06_10:53:47.028996
ED   49,99.00%,Maud Maron,(Republican),239,AD 76,2025-11-06_10:53:47.028996
ED   49,99.00%,Maud Maron,(Conservative),8,AD 76,2025-11-06_10:53:47.028996
ED   49,99.00%,Alvin L. Bragg Jr.,(Working Families),66,AD 76,2025-11-06_10:53:47.028996
ED   49,99.00%,Diana J. Florence,(A Safer Manhattan),50,AD 76,2025-11-06_10:53:47.028996
ED   49,99.00%,WRITE-IN,&nbsp,1,AD 76,2025-11-06_10:53:47.028996
ED   50,93.33%,Alvin L. Bragg Jr.,(Democratic),578,AD 76,2025-11-06_10:53:47.028996
ED   50,93.33%,Maud Maron,(Republican),256,AD 76,2025-11-06_10:53:47.028996
ED   50,93.33%,Maud Maron,(Conservative),21,AD 76,2025-11-06_10:53:47.028996
ED   50,93.33%,Alvin L. Bragg Jr.,(Working Families),75,AD 76,2025-11-06_10:53:47.028996
ED   50,93.33%,Diana J. Florence,(A Safer Manhattan),67,AD 76,2025-11-06_10:53:47.028996
ED   50,93.33%,WRITE-IN,&nbsp,1,AD 76,2025-11-06_10:53:47.028996
ED   51,99.00%,Alvin L. Bragg Jr.,(Democratic),434,AD 76,2025-11-06_10:53:47.028996
ED   51,99.00%,Maud Maron,(Republican),253,AD 76,2025-11-06_10:53:47.028996
ED   51,99.00%,Maud Maron,(Conservative),17,AD 76,2025-11-06_10:53:47.028996
ED   51,99.00%,Alvin L. Bragg Jr.,(Working Families),50,AD 76,2025-11-06_10:53:47.028996
ED   51,99.00%,Diana J. Florence,(A Safer Manhattan),65,AD 76,2025-11-06_10:53:47.028996
ED   51,99.00%,WRITE-IN,&nbsp,2,AD 76,2025-11-06_10:53:47.028996
ED   52,99.00%,Alvin L. Bragg Jr.,(Democratic),511,AD 76,2025-11-06_10:53:47.028996
ED   52,99.00%,Maud Maron,(Republican),237,AD 76,2025-11-06_10:53:47.028996
ED   52,99.00%,Maud Maron,(Conservative),20,AD 76,2025-11-06_10:53:47.028996
ED   52,99.00%,Alvin L. Bragg Jr.,(Working Families),68,AD 76,2025-11-06_10:53:47.028996
ED   52,99.00%,Diana J. Florence,(A Safer Manhattan),40,AD 76,2025-11-06_10:53:47.028996
ED   52,99.00%,WRITE-IN,&nbsp,1,AD 76,2025-11-06_10:53:47.028996
ED   53,99.00%,Alvin L. Bragg Jr.,(Democratic),600,AD 76,2025-11-06_10:53:47.028996
ED   53,99.00%,Maud Maron,(Republican),192,AD 76,2025-11-06_10:53:47.028996
ED   53,99.00%,Maud Maron,(Conservative),23,AD 76,2025-11-06_10:53:47.028996
ED   53,99.00%,Alvin L. Bragg Jr.,(Working Families),51,AD 76,2025-11-06_10:53:47.028996
ED   53,99.00%,Diana J. Florence,(A Safer Manhattan),48,AD 76,2025-11-06_10:53:47.028996
ED   53,99.00%,WRITE-IN,&nbsp,0,AD 76,2025-11-06_10:53:47.028996
ED   54,99.00%,Alvin L. Bragg Jr.,(Democratic),655,AD 76,2025-11-06_10:53:47.028996
ED   54,99.00%,Maud Maron,(Republican),313,AD 76,2025-11-06_10:53:47.028996
ED   54,99.00%,Maud Maron,(Conservative),21,AD 76,2025-11-06_10:53:47.028996
ED   54,99.00%,Alvin L. Bragg Jr.,(Working Families),71,AD 76,2025-11-06_10:53:47.028996
ED   54,99.00%,Diana J. Florence,(A Safer Manhattan),77,AD 76,2025-11-06_10:53:47.028996
ED   54,99.00%,WRITE-IN,&nbsp,1,AD 76,2025-11-06_10:53:47.028996
ED   55,99.00%,Alvin L. Bragg Jr.,(Democratic),631,AD 76,2025-11-06_10:53:47.028996
ED   55,99.00%,Maud Maron,(Republican),176,AD 76,2025-11-06_10:53:47.028996
ED   55,99.00%,Maud Maron,(Conservative),22,AD 76,2025-11-06_10:53:47.028996
ED   55,99.00%,Alvin L. Bragg Jr.,(Working Families),107,AD 76,2025-11-06_10:53:47.028996
ED   55,99.00%,Diana J. Florence,(A Safer Manhattan),39,AD 76,2025-11-06_10:53:47.028996
ED   55,99.00%,WRITE-IN,&nbsp,0,AD 76,2025-11-06_10:53:47.028996
ED   56,99.00%,Alvin L. Bragg Jr.,(Democratic),661,AD 76,2025-11-06_10:53:47.028996
ED   56,99.00%,Maud Maron,(Republican),134,AD 76,2025-11-06_10:53:47.028996
ED   56,99.00%,Maud Maron,(Conservative),13,AD 76,2025-11-06_10:53:47.028996
ED   56,99.00%,Alvin L. Bragg Jr.,(Working Families),127,AD 76,2025-11-06_10:53:47.028996
ED   56,99.00%,Diana J. Florence,(A Safer Manhattan),37,AD 76,2025-11-06_10:53:47.028996
ED   56,99.00%,WRITE-IN,&nbsp,0,AD 76,2025-11-06_10:53:47.028996
ED   57,99.00%,Alvin L. Bragg Jr.,(Democratic),413,AD 76,2025-11-06_10:53:47.028996
ED   57,99.00%,Maud Maron,(Republican),172,AD 76,2025-11-06_10:53:47.028996
ED   57,99.00%,Maud Maron,(Conservative),7,AD 76,2025-11-06_10:53:47.028996
ED   57,99.00%,Alvin L. Bragg Jr.,(Working Families),61,AD 76,2025-11-06_10:53:47.028996
ED   57,99.00%,Diana J. Florence,(A Safer Manhattan),41,AD 76,2025-11-06_10:53:47.028996
ED   57,99.00%,WRITE-IN,&nbsp,1,AD 76,2025-11-06_10:53:47.028996
ED   58,99.00%,Alvin L. Bragg Jr.,(Democratic),581,AD 76,2025-11-06_10:53:47.028996
ED   58,99.00%,Maud Maron,(Republican),224,AD 76,2025-11-06_10:53:47.028996
ED   58,99.00%,Maud Maron,(Conservative),17,AD 76,2025-11-06_10:53:47.028996
ED   58,99.00%,Alvin L. Bragg Jr.,(Working Families),88,AD 76,2025-11-06_10:53:47.028996
ED   58,99.00%,Diana J. Florence,(A Safer Manhattan),37,AD 76,2025-11-06_10:53:47.028996
ED   58,99.00%,WRITE-IN,&nbsp,2,AD 76,2025-11-06_10:53:47.028996
ED   59,66.67%,Alvin L. Bragg Jr.,(Democratic),387,AD 76,2025-11-06_10:53:47.028996
ED   59,66.67%,Maud Maron,(Republican),76,AD 76,2025-11-06_10:53:47.028996
ED   59,66.67%,Maud Maron,(Conservative),6,AD 76,2025-11-06_10:53:47.028996
ED   59,66.67%,Alvin L. Bragg Jr.,(Working Families),57,AD 76,2025-11-06_10:53:47.028996
ED   59,66.67%,Diana J. Florence,(A Safer Manhattan),31,AD 76,2025-11-06_10:53:47.028996
ED   59,66.67%,WRITE-IN,&nbsp,1,AD 76,2025-11-06_10:53:47.028996
ED   60,66.67%,Alvin L. Bragg Jr.,(Democratic),345,AD 76,2025-11-06_10:53:47.028996
ED   60,66.67%,Maud Maron,(Republican),87,AD 76,2025-11-06_10:53:47.028996
ED   60,66.67%,Maud Maron,(Conservative),12,AD 76,2025-11-06_10:53:47.028996
ED   60,66.67%,Alvin L. Bragg Jr.,(Working Families),65,AD 76,2025-11-06_10:53:47.028996
ED   60,66.67%,Diana J. Florence,(A Safer Manhattan),14,AD 76,2025-11-06_10:53:47.028996
ED   60,66.67%,WRITE-IN,&nbsp,1,AD 76,2025-11-06_10:53:47.028996
ED   61,66.67%,Alvin L. Bragg Jr.,(Democratic),284,AD 76,2025-11-06_10:53:47.028996
ED   61,66.67%,Maud Maron,(Republican),57,AD 76,2025-11-06_10:53:47.028996
ED   61,66.67%,Maud Maron,(Conservative),8,AD 76,2025-11-06_10:53:47.028996
ED   61,66.67%,Alvin L. Bragg Jr.,(Working Families),36,AD 76,2025-11-06_10:53:47.028996
ED   61,66.67%,Diana J. Florence,(A Safer Manhattan),33,AD 76,2025-11-06_10:53:47.028996
ED   61,66.67%,WRITE-IN,&nbsp,0,AD 76,2025-11-06_10:53:47.028996
ED   62,66.67%,Alvin L. Bragg Jr.,(Democratic),454,AD 76,2025-11-06_10:53:47.028996
ED   62,66.67%,Maud Maron,(Republican),106,AD 76,2025-11-06_10:53:47.028996
ED   62,66.67%,Maud Maron,(Conservative),9,AD 76,2025-11-06_10:53:47.028996
ED   62,66.67%,Alvin L. Bragg Jr.,(Working Families),66,AD 76,2025-11-06_10:53:47.028996
ED   62,66.67%,Diana J. Florence,(A Safer Manhattan),31,AD 76,2025-11-06_10:53:47.028996
ED   62,66.67%,WRITE-IN,&nbsp,0,AD 76,2025-11-06_10:53:47.028996
ED   63,99.00%,Alvin L. Bragg Jr.,(Democratic),0,AD 76,2025-11-06_10:53:47.028996
ED   63,99.00%,Maud Maron,(Republican),0,AD 76,2025-11-06_10:53:47.028996
ED   63,99.00%,Maud Maron,(Conservative),0,AD 76,2025-11-06_10:53:47.028996
ED   63,99.00%,Alvin L. Bragg Jr.,(Working Families),0,AD 76,2025-11-06_10:53:47.028996
ED   63,99.00%,Diana J. Florence,(A Safer Manhattan),0,AD 76,2025-11-06_10:53:47.028996
ED   63,99.00%,WRITE-IN,&nbsp,0,AD 76,2025-11-06_10:53:47.028996
ED   64,99.00%,Alvin L. Bragg Jr.,(Democratic),0,AD 76,2025-11-06_10:53:47.028996
ED   64,99.00%,Maud Maron,(Republican),0,AD 76,2025-11-06_10:53:47.028996
ED   64,99.00%,Maud Maron,(Conservative),0,AD 76,2025-11-06_10:53:47.028996
ED   64,99.00%,Alvin L. Bragg Jr.,(Working Families),0,AD 76,2025-11-06_10:53:47.028996
ED   64,99.00%,Diana J. Florence,(A Safer Manhattan),0,AD 76,2025-11-06_10:53:47.028996
ED   64,99.00%,WRITE-IN,&nbsp,0,AD 76,2025-11-06_10:53:47.028996
ED   65,99.00%,Alvin L. Bragg Jr.,(Democratic),0,AD 76,2025-11-06_10:53:47.028996
ED   65,99.00%,Maud Maron,(Republican),0,AD 76,2025-11-06_10:53:47.028996
ED   65,99.00%,Maud Maron,(Conservative),0,AD 76,2025-11-06_10:53:47.028996
ED   65,99.00%,Alvin L. Bragg Jr.,(Working Families),0,AD 76,2025-11-06_10:53:47.028996
ED   65,99.00%,Diana J. Florence,(A Safer Manhattan),0,AD 76,2025-11-06_10:53:47.028996
ED   65,99.00%,WRITE-IN,&nbsp,0,AD 76,2025-11-06_10:53:47.028996
ED   66,99.00%,Alvin L. Bragg Jr.,(Democratic),0,AD 76,2025-11-06_10:53:47.028996
ED   66,99.00%,Maud Maron,(Republican),0,AD 76,2025-11-06_10:53:47.028996
ED   66,99.00%,Maud Maron,(Conservative),0,AD 76,2025-11-06_10:53:47.028996
ED   66,99.00%,Alvin L. Bragg Jr.,(Working Families),0,AD 76,2025-11-06_10:53:47.028996
ED   66,99.00%,Diana J. Florence,(A Safer Manhattan),0,AD 76,2025-11-06_10:53:47.028996
ED   66,99.00%,WRITE-IN,&nbsp,0,AD 76,2025-11-06_10:53:47.028996
ED   67,99.00%,Alvin L. Bragg Jr.,(Democratic),0,AD 76,2025-11-06_10:53:47.028996
ED   67,99.00%,Maud Maron,(Republican),0,AD 76,2025-11-06_10:53:47.028996
ED   67,99.00%,Maud Maron,(Conservative),0,AD 76,2025-11-06_10:53:47.028996
ED   67,99.00%,Alvin L. Bragg Jr.,(Working Families),0,AD 76,2025-11-06_10:53:47.028996
ED   67,99.00%,Diana J. Florence,(A Safer Manhattan),0,AD 76,2025-11-06_10:53:47.028996
ED   67,99.00%,WRITE-IN,&nbsp,0,AD 76,2025-11-06_10:53:47.028996
ED   68,66.67%,Alvin L. Bragg Jr.,(Democratic),0,AD 76,2025-11-06_10:53:47.028996
ED   68,66.67%,Maud Maron,(Republican),0,AD 76,2025-11-06_10:53:47.028996
ED   68,66.67%,Maud Maron,(Conservative),0,AD 76,2025-11-06_10:53:47.028996
ED   68,66.67%,Alvin L. Bragg Jr.,(Working Families),0,AD 76,2025-11-06_10:53:47.028996
ED   68,66.67%,Diana J. Florence,(A Safer Manhattan),0,AD 76,2025-11-06_10:53:47.028996
ED   68,66.67%,WRITE-IN,&nbsp,0,AD 76,2025-11-06_10:53:47.028996
Total,,Alvin L. Bragg Jr.,(Democratic),30323,AD 76,2025-11-06_10:53:47.028996
Total,,Maud Maron,(Republican),13971,AD 76,2025-11-06_10:53:47.028996
Total,,Maud Maron,(Conservative),1070,AD 76,2025-11-06_10:53:47.028996
Total,,Alvin L. Bragg Jr.,(Working Families),3460,AD 76,2025-11-06_10:53:47.028996
Total,,Diana J. Florence,(A Safer Manhattan),2816,AD 76,2025-11-06_10:53:47.028996
Total,,WRITE-IN,&nbsp,60,AD 76,2025-11-06_10:53:47.028996
