ED_num,reported,candidate,party,votes,AD_num,scrape_time
ED    1,99.00%,Vanessa L. Gibson,(Democratic),208,AD 77,2025-11-06_10:53:52.208806
ED    1,99.00%,Grace Marrero,(Republican),28,AD 77,2025-11-06_10:53:52.208806
ED    1,99.00%,Grace Marrero,(Conservative),4,AD 77,2025-11-06_10:53:52.208806
ED    1,99.00%,Vanessa L. Gibson,(Working Families),38,AD 77,2025-11-06_10:53:52.208806
ED    1,99.00%,WRITE-IN,&nbsp,0,AD 77,2025-11-06_10:53:52.208806
ED    2,99.00%,Vanessa L. Gibson,(Democratic),301,AD 77,2025-11-06_10:53:52.208806
ED    2,99.00%,Grace Marrero,(Republican),50,AD 77,2025-11-06_10:53:52.208806
ED    2,99.00%,Grace Marrero,(Conservative),14,AD 77,2025-11-06_10:53:52.208806
ED    2,99.00%,Vanessa L. Gibson,(Working Families),36,AD 77,2025-11-06_10:53:52.208806
ED    2,99.00%,WRITE-IN,&nbsp,1,AD 77,2025-11-06_10:53:52.208806
ED    3,99.00%,Vanessa L. Gibson,(Democratic),261,AD 77,2025-11-06_10:53:52.208806
ED    3,99.00%,Grace Marrero,(Republican),22,AD 77,2025-11-06_10:53:52.208806
ED    3,99.00%,Grace Marrero,(Conservative),11,AD 77,2025-11-06_10:53:52.208806
ED    3,99.00%,Vanessa L. Gibson,(Working Families),24,AD 77,2025-11-06_10:53:52.208806
ED    3,99.00%,WRITE-IN,&nbsp,0,AD 77,2025-11-06_10:53:52.208806
ED    4,99.00%,Vanessa L. Gibson,(Democratic),107,AD 77,2025-11-06_10:53:52.208806
ED    4,99.00%,Grace Marrero,(Republican),15,AD 77,2025-11-06_10:53:52.208806
ED    4,99.00%,Grace Marrero,(Conservative),2,AD 77,2025-11-06_10:53:52.208806
ED    4,99.00%,Vanessa L. Gibson,(Working Families),22,AD 77,2025-11-06_10:53:52.208806
ED    4,99.00%,WRITE-IN,&nbsp,1,AD 77,2025-11-06_10:53:52.208806
ED    5,83.33%,Vanessa L. Gibson,(Democratic),204,AD 77,2025-11-06_10:53:52.208806
ED    5,83.33%,Grace Marrero,(Republican),29,AD 77,2025-11-06_10:53:52.208806
ED    5,83.33%,Grace Marrero,(Conservative),7,AD 77,2025-11-06_10:53:52.208806
ED    5,83.33%,Vanessa L. Gibson,(Working Families),23,AD 77,2025-11-06_10:53:52.208806
ED    5,83.33%,WRITE-IN,&nbsp,0,AD 77,2025-11-06_10:53:52.208806
ED    6,99.00%,Vanessa L. Gibson,(Democratic),281,AD 77,2025-11-06_10:53:52.208806
ED    6,99.00%,Grace Marrero,(Republican),23,AD 77,2025-11-06_10:53:52.208806
ED    6,99.00%,Grace Marrero,(Conservative),6,AD 77,2025-11-06_10:53:52.208806
ED    6,99.00%,Vanessa L. Gibson,(Working Families),22,AD 77,2025-11-06_10:53:52.208806
ED    6,99.00%,WRITE-IN,&nbsp,1,AD 77,2025-11-06_10:53:52.208806
ED    7,83.33%,Vanessa L. Gibson,(Democratic),245,AD 77,2025-11-06_10:53:52.208806
ED    7,83.33%,Grace Marrero,(Republican),20,AD 77,2025-11-06_10:53:52.208806
ED    7,83.33%,Grace Marrero,(Conservative),1,AD 77,2025-11-06_10:53:52.208806
ED    7,83.33%,Vanessa L. Gibson,(Working Families),25,AD 77,2025-11-06_10:53:52.208806
ED    7,83.33%,WRITE-IN,&nbsp,0,AD 77,2025-11-06_10:53:52.208806
ED    8,99.00%,Vanessa L. Gibson,(Democratic),284,AD 77,2025-11-06_10:53:52.208806
ED    8,99.00%,Grace Marrero,(Republican),30,AD 77,2025-11-06_10:53:52.208806
ED    8,99.00%,Grace Marrero,(Conservative),6,AD 77,2025-11-06_10:53:52.208806
ED    8,99.00%,Vanessa L. Gibson,(Working Families),32,AD 77,2025-11-06_10:53:52.208806
ED    8,99.00%,WRITE-IN,&nbsp,0,AD 77,2025-11-06_10:53:52.208806
ED    9,99.00%,Vanessa L. Gibson,(Democratic),355,AD 77,2025-11-06_10:53:52.208806
ED    9,99.00%,Grace Marrero,(Republican),30,AD 77,2025-11-06_10:53:52.208806
ED    9,99.00%,Grace Marrero,(Conservative),11,AD 77,2025-11-06_10:53:52.208806
ED    9,99.00%,Vanessa L. Gibson,(Working Families),22,AD 77,2025-11-06_10:53:52.208806
ED    9,99.00%,WRITE-IN,&nbsp,1,AD 77,2025-11-06_10:53:52.208806
ED   10,99.00%,Vanessa L. Gibson,(Democratic),274,AD 77,2025-11-06_10:53:52.208806
ED   10,99.00%,Grace Marrero,(Republican),41,AD 77,2025-11-06_10:53:52.208806
ED   10,99.00%,Grace Marrero,(Conservative),9,AD 77,2025-11-06_10:53:52.208806
ED   10,99.00%,Vanessa L. Gibson,(Working Families),31,AD 77,2025-11-06_10:53:52.208806
ED   10,99.00%,WRITE-IN,&nbsp,0,AD 77,2025-11-06_10:53:52.208806
ED   11,99.00%,Vanessa L. Gibson,(Democratic),287,AD 77,2025-11-06_10:53:52.208806
ED   11,99.00%,Grace Marrero,(Republican),27,AD 77,2025-11-06_10:53:52.208806
ED   11,99.00%,Grace Marrero,(Conservative),4,AD 77,2025-11-06_10:53:52.208806
ED   11,99.00%,Vanessa L. Gibson,(Working Families),27,AD 77,2025-11-06_10:53:52.208806
ED   11,99.00%,WRITE-IN,&nbsp,0,AD 77,2025-11-06_10:53:52.208806
ED   12,99.00%,Vanessa L. Gibson,(Democratic),318,AD 77,2025-11-06_10:53:52.208806
ED   12,99.00%,Grace Marrero,(Republican),35,AD 77,2025-11-06_10:53:52.208806
ED   12,99.00%,Grace Marrero,(Conservative),7,AD 77,2025-11-06_10:53:52.208806
ED   12,99.00%,Vanessa L. Gibson,(Working Families),23,AD 77,2025-11-06_10:53:52.208806
ED   12,99.00%,WRITE-IN,&nbsp,1,AD 77,2025-11-06_10:53:52.208806
ED   13,99.00%,Vanessa L. Gibson,(Democratic),340,AD 77,2025-11-06_10:53:52.208806
ED   13,99.00%,Grace Marrero,(Republican),25,AD 77,2025-11-06_10:53:52.208806
ED   13,99.00%,Grace Marrero,(Conservative),8,AD 77,2025-11-06_10:53:52.208806
ED   13,99.00%,Vanessa L. Gibson,(Working Families),38,AD 77,2025-11-06_10:53:52.208806
ED   13,99.00%,WRITE-IN,&nbsp,0,AD 77,2025-11-06_10:53:52.208806
ED   14,99.00%,Vanessa L. Gibson,(Democratic),275,AD 77,2025-11-06_10:53:52.208806
ED   14,99.00%,Grace Marrero,(Republican),20,AD 77,2025-11-06_10:53:52.208806
ED   14,99.00%,Grace Marrero,(Conservative),7,AD 77,2025-11-06_10:53:52.208806
ED   14,99.00%,Vanessa L. Gibson,(Working Families),19,AD 77,2025-11-06_10:53:52.208806
ED   14,99.00%,WRITE-IN,&nbsp,0,AD 77,2025-11-06_10:53:52.208806
ED   15,99.00%,Vanessa L. Gibson,(Democratic),29,AD 77,2025-11-06_10:53:52.208806
ED   15,99.00%,Grace Marrero,(Republican),5,AD 77,2025-11-06_10:53:52.208806
ED   15,99.00%,Grace Marrero,(Conservative),0,AD 77,2025-11-06_10:53:52.208806
ED   15,99.00%,Vanessa L. Gibson,(Working Families),3,AD 77,2025-11-06_10:53:52.208806
ED   15,99.00%,WRITE-IN,&nbsp,0,AD 77,2025-11-06_10:53:52.208806
ED   16,99.00%,Vanessa L. Gibson,(Democratic),67,AD 77,2025-11-06_10:53:52.208806
ED   16,99.00%,Grace Marrero,(Republican),4,AD 77,2025-11-06_10:53:52.208806
ED   16,99.00%,Grace Marrero,(Conservative),0,AD 77,2025-11-06_10:53:52.208806
ED   16,99.00%,Vanessa L. Gibson,(Working Families),1,AD 77,2025-11-06_10:53:52.208806
ED   16,99.00%,WRITE-IN,&nbsp,0,AD 77,2025-11-06_10:53:52.208806
ED   17,99.00%,Vanessa L. Gibson,(Democratic),221,AD 77,2025-11-06_10:53:52.208806
ED   17,99.00%,Grace Marrero,(Republican),13,AD 77,2025-11-06_10:53:52.208806
ED   17,99.00%,Grace Marrero,(Conservative),5,AD 77,2025-11-06_10:53:52.208806
ED   17,99.00%,Vanessa L. Gibson,(Working Families),16,AD 77,2025-11-06_10:53:52.208806
ED   17,99.00%,WRITE-IN,&nbsp,0,AD 77,2025-11-06_10:53:52.208806
ED   18,99.00%,Vanessa L. Gibson,(Democratic),208,AD 77,2025-11-06_10:53:52.208806
ED   18,99.00%,Grace Marrero,(Republican),20,AD 77,2025-11-06_10:53:52.208806
ED   18,99.00%,Grace Marrero,(Conservative),2,AD 77,2025-11-06_10:53:52.208806
ED   18,99.00%,Vanessa L. Gibson,(Working Families),18,AD 77,2025-11-06_10:53:52.208806
ED   18,99.00%,WRITE-IN,&nbsp,0,AD 77,2025-11-06_10:53:52.208806
ED   19,99.00%,Vanessa L. Gibson,(Democratic),225,AD 77,2025-11-06_10:53:52.208806
ED   19,99.00%,Grace Marrero,(Republican),19,AD 77,2025-11-06_10:53:52.208806
ED   19,99.00%,Grace Marrero,(Conservative),2,AD 77,2025-11-06_10:53:52.208806
ED   19,99.00%,Vanessa L. Gibson,(Working Families),22,AD 77,2025-11-06_10:53:52.208806
ED   19,99.00%,WRITE-IN,&nbsp,1,AD 77,2025-11-06_10:53:52.208806
ED   20,99.00%,Vanessa L. Gibson,(Democratic),77,AD 77,2025-11-06_10:53:52.208806
ED   20,99.00%,Grace Marrero,(Republican),19,AD 77,2025-11-06_10:53:52.208806
ED   20,99.00%,Grace Marrero,(Conservative),3,AD 77,2025-11-06_10:53:52.208806
ED   20,99.00%,Vanessa L. Gibson,(Working Families),4,AD 77,2025-11-06_10:53:52.208806
ED   20,99.00%,WRITE-IN,&nbsp,0,AD 77,2025-11-06_10:53:52.208806
ED   21,99.00%,Vanessa L. Gibson,(Democratic),207,AD 77,2025-11-06_10:53:52.208806
ED   21,99.00%,Grace Marrero,(Republican),22,AD 77,2025-11-06_10:53:52.208806
ED   21,99.00%,Grace Marrero,(Conservative),4,AD 77,2025-11-06_10:53:52.208806
ED   21,99.00%,Vanessa L. Gibson,(Working Families),18,AD 77,2025-11-06_10:53:52.208806
ED   21,99.00%,WRITE-IN,&nbsp,1,AD 77,2025-11-06_10:53:52.208806
ED   22,99.00%,Vanessa L. Gibson,(Democratic),153,AD 77,2025-11-06_10:53:52.208806
ED   22,99.00%,Grace Marrero,(Republican),16,AD 77,2025-11-06_10:53:52.208806
ED   22,99.00%,Grace Marrero,(Conservative),2,AD 77,2025-11-06_10:53:52.208806
ED   22,99.00%,Vanessa L. Gibson,(Working Families),11,AD 77,2025-11-06_10:53:52.208806
ED   22,99.00%,WRITE-IN,&nbsp,2,AD 77,2025-11-06_10:53:52.208806
ED   23,99.00%,Vanessa L. Gibson,(Democratic),231,AD 77,2025-11-06_10:53:52.208806
ED   23,99.00%,Grace Marrero,(Republican),28,AD 77,2025-11-06_10:53:52.208806
ED   23,99.00%,Grace Marrero,(Conservative),6,AD 77,2025-11-06_10:53:52.208806
ED   23,99.00%,Vanessa L. Gibson,(Working Families),24,AD 77,2025-11-06_10:53:52.208806
ED   23,99.00%,WRITE-IN,&nbsp,0,AD 77,2025-11-06_10:53:52.208806
ED   24,99.00%,Vanessa L. Gibson,(Democratic),262,AD 77,2025-11-06_10:53:52.208806
ED   24,99.00%,Grace Marrero,(Republican),27,AD 77,2025-11-06_10:53:52.208806
ED   24,99.00%,Grace Marrero,(Conservative),6,AD 77,2025-11-06_10:53:52.208806
ED   24,99.00%,Vanessa L. Gibson,(Working Families),26,AD 77,2025-11-06_10:53:52.208806
ED   24,99.00%,WRITE-IN,&nbsp,0,AD 77,2025-11-06_10:53:52.208806
ED   25,99.00%,Vanessa L. Gibson,(Democratic),146,AD 77,2025-11-06_10:53:52.208806
ED   25,99.00%,Grace Marrero,(Republican),18,AD 77,2025-11-06_10:53:52.208806
ED   25,99.00%,Grace Marrero,(Conservative),2,AD 77,2025-11-06_10:53:52.208806
ED   25,99.00%,Vanessa L. Gibson,(Working Families),19,AD 77,2025-11-06_10:53:52.208806
ED   25,99.00%,WRITE-IN,&nbsp,0,AD 77,2025-11-06_10:53:52.208806
ED   26,99.00%,Vanessa L. Gibson,(Democratic),194,AD 77,2025-11-06_10:53:52.208806
ED   26,99.00%,Grace Marrero,(Republican),21,AD 77,2025-11-06_10:53:52.208806
ED   26,99.00%,Grace Marrero,(Conservative),7,AD 77,2025-11-06_10:53:52.208806
ED   26,99.00%,Vanessa L. Gibson,(Working Families),17,AD 77,2025-11-06_10:53:52.208806
ED   26,99.00%,WRITE-IN,&nbsp,0,AD 77,2025-11-06_10:53:52.208806
ED   27,99.00%,Vanessa L. Gibson,(Democratic),212,AD 77,2025-11-06_10:53:52.208806
ED   27,99.00%,Grace Marrero,(Republican),31,AD 77,2025-11-06_10:53:52.208806
ED   27,99.00%,Grace Marrero,(Conservative),6,AD 77,2025-11-06_10:53:52.208806
ED   27,99.00%,Vanessa L. Gibson,(Working Families),22,AD 77,2025-11-06_10:53:52.208806
ED   27,99.00%,WRITE-IN,&nbsp,0,AD 77,2025-11-06_10:53:52.208806
ED   28,99.00%,Vanessa L. Gibson,(Democratic),175,AD 77,2025-11-06_10:53:52.208806
ED   28,99.00%,Grace Marrero,(Republican),25,AD 77,2025-11-06_10:53:52.208806
ED   28,99.00%,Grace Marrero,(Conservative),7,AD 77,2025-11-06_10:53:52.208806
ED   28,99.00%,Vanessa L. Gibson,(Working Families),14,AD 77,2025-11-06_10:53:52.208806
ED   28,99.00%,WRITE-IN,&nbsp,0,AD 77,2025-11-06_10:53:52.208806
ED   29,99.00%,Vanessa L. Gibson,(Democratic),70,AD 77,2025-11-06_10:53:52.208806
ED   29,99.00%,Grace Marrero,(Republican),15,AD 77,2025-11-06_10:53:52.208806
ED   29,99.00%,Grace Marrero,(Conservative),2,AD 77,2025-11-06_10:53:52.208806
ED   29,99.00%,Vanessa L. Gibson,(Working Families),5,AD 77,2025-11-06_10:53:52.208806
ED   29,99.00%,WRITE-IN,&nbsp,0,AD 77,2025-11-06_10:53:52.208806
ED   30,99.00%,Vanessa L. Gibson,(Democratic),99,AD 77,2025-11-06_10:53:52.208806
ED   30,99.00%,Grace Marrero,(Republican),7,AD 77,2025-11-06_10:53:52.208806
ED   30,99.00%,Grace Marrero,(Conservative),2,AD 77,2025-11-06_10:53:52.208806
ED   30,99.00%,Vanessa L. Gibson,(Working Families),11,AD 77,2025-11-06_10:53:52.208806
ED   30,99.00%,WRITE-IN,&nbsp,0,AD 77,2025-11-06_10:53:52.208806
ED   31,99.00%,Vanessa L. Gibson,(Democratic),191,AD 77,2025-11-06_10:53:52.208806
ED   31,99.00%,Grace Marrero,(Republican),21,AD 77,2025-11-06_10:53:52.208806
ED   31,99.00%,Grace Marrero,(Conservative),2,AD 77,2025-11-06_10:53:52.208806
ED   31,99.00%,Vanessa L. Gibson,(Working Families),15,AD 77,2025-11-06_10:53:52.208806
ED   31,99.00%,WRITE-IN,&nbsp,3,AD 77,2025-11-06_10:53:52.208806
ED   32,99.00%,Vanessa L. Gibson,(Democratic),235,AD 77,2025-11-06_10:53:52.208806
ED   32,99.00%,Grace Marrero,(Republican),25,AD 77,2025-11-06_10:53:52.208806
ED   32,99.00%,Grace Marrero,(Conservative),8,AD 77,2025-11-06_10:53:52.208806
ED   32,99.00%,Vanessa L. Gibson,(Working Families),24,AD 77,2025-11-06_10:53:52.208806
ED   32,99.00%,WRITE-IN,&nbsp,1,AD 77,2025-11-06_10:53:52.208806
ED   33,99.00%,Vanessa L. Gibson,(Democratic),123,AD 77,2025-11-06_10:53:52.208806
ED   33,99.00%,Grace Marrero,(Republican),23,AD 77,2025-11-06_10:53:52.208806
ED   33,99.00%,Grace Marrero,(Conservative),8,AD 77,2025-11-06_10:53:52.208806
ED   33,99.00%,Vanessa L. Gibson,(Working Families),10,AD 77,2025-11-06_10:53:52.208806
ED   33,99.00%,WRITE-IN,&nbsp,0,AD 77,2025-11-06_10:53:52.208806
ED   34,99.00%,Vanessa L. Gibson,(Democratic),241,AD 77,2025-11-06_10:53:52.208806
ED   34,99.00%,Grace Marrero,(Republican),43,AD 77,2025-11-06_10:53:52.208806
ED   34,99.00%,Grace Marrero,(Conservative),6,AD 77,2025-11-06_10:53:52.208806
ED   34,99.00%,Vanessa L. Gibson,(Working Families),28,AD 77,2025-11-06_10:53:52.208806
ED   34,99.00%,WRITE-IN,&nbsp,0,AD 77,2025-11-06_10:53:52.208806
ED   35,99.00%,Vanessa L. Gibson,(Democratic),170,AD 77,2025-11-06_10:53:52.208806
ED   35,99.00%,Grace Marrero,(Republican),33,AD 77,2025-11-06_10:53:52.208806
ED   35,99.00%,Grace Marrero,(Conservative),6,AD 77,2025-11-06_10:53:52.208806
ED   35,99.00%,Vanessa L. Gibson,(Working Families),24,AD 77,2025-11-06_10:53:52.208806
ED   35,99.00%,WRITE-IN,&nbsp,0,AD 77,2025-11-06_10:53:52.208806
ED   36,99.00%,Vanessa L. Gibson,(Democratic),167,AD 77,2025-11-06_10:53:52.208806
ED   36,99.00%,Grace Marrero,(Republican),21,AD 77,2025-11-06_10:53:52.208806
ED   36,99.00%,Grace Marrero,(Conservative),8,AD 77,2025-11-06_10:53:52.208806
ED   36,99.00%,Vanessa L. Gibson,(Working Families),13,AD 77,2025-11-06_10:53:52.208806
ED   36,99.00%,WRITE-IN,&nbsp,2,AD 77,2025-11-06_10:53:52.208806
ED   37,99.00%,Vanessa L. Gibson,(Democratic),227,AD 77,2025-11-06_10:53:52.208806
ED   37,99.00%,Grace Marrero,(Republican),29,AD 77,2025-11-06_10:53:52.208806
ED   37,99.00%,Grace Marrero,(Conservative),4,AD 77,2025-11-06_10:53:52.208806
ED   37,99.00%,Vanessa L. Gibson,(Working Families),23,AD 77,2025-11-06_10:53:52.208806
ED   37,99.00%,WRITE-IN,&nbsp,2,AD 77,2025-11-06_10:53:52.208806
ED   38,99.00%,Vanessa L. Gibson,(Democratic),148,AD 77,2025-11-06_10:53:52.208806
ED   38,99.00%,Grace Marrero,(Republican),15,AD 77,2025-11-06_10:53:52.208806
ED   38,99.00%,Grace Marrero,(Conservative),4,AD 77,2025-11-06_10:53:52.208806
ED   38,99.00%,Vanessa L. Gibson,(Working Families),17,AD 77,2025-11-06_10:53:52.208806
ED   38,99.00%,WRITE-IN,&nbsp,1,AD 77,2025-11-06_10:53:52.208806
ED   39,99.00%,Vanessa L. Gibson,(Democratic),262,AD 77,2025-11-06_10:53:52.208806
ED   39,99.00%,Grace Marrero,(Republican),30,AD 77,2025-11-06_10:53:52.208806
ED   39,99.00%,Grace Marrero,(Conservative),3,AD 77,2025-11-06_10:53:52.208806
ED   39,99.00%,Vanessa L. Gibson,(Working Families),29,AD 77,2025-11-06_10:53:52.208806
ED   39,99.00%,WRITE-IN,&nbsp,0,AD 77,2025-11-06_10:53:52.208806
ED   40,90.91%,Vanessa L. Gibson,(Democratic),222,AD 77,2025-11-06_10:53:52.208806
ED   40,90.91%,Grace Marrero,(Republican),32,AD 77,2025-11-06_10:53:52.208806
ED   40,90.91%,Grace Marrero,(Conservative),7,AD 77,2025-11-06_10:53:52.208806
ED   40,90.91%,Vanessa L. Gibson,(Working Families),31,AD 77,2025-11-06_10:53:52.208806
ED   40,90.91%,WRITE-IN,&nbsp,1,AD 77,2025-11-06_10:53:52.208806
ED   41,99.00%,Vanessa L. Gibson,(Democratic),231,AD 77,2025-11-06_10:53:52.208806
ED   41,99.00%,Grace Marrero,(Republican),35,AD 77,2025-11-06_10:53:52.208806
ED   41,99.00%,Grace Marrero,(Conservative),9,AD 77,2025-11-06_10:53:52.208806
ED   41,99.00%,Vanessa L. Gibson,(Working Families),29,AD 77,2025-11-06_10:53:52.208806
ED   41,99.00%,WRITE-IN,&nbsp,1,AD 77,2025-11-06_10:53:52.208806
ED   42,99.00%,Vanessa L. Gibson,(Democratic),239,AD 77,2025-11-06_10:53:52.208806
ED   42,99.00%,Grace Marrero,(Republican),24,AD 77,2025-11-06_10:53:52.208806
ED   42,99.00%,Grace Marrero,(Conservative),8,AD 77,2025-11-06_10:53:52.208806
ED   42,99.00%,Vanessa L. Gibson,(Working Families),16,AD 77,2025-11-06_10:53:52.208806
ED   42,99.00%,WRITE-IN,&nbsp,0,AD 77,2025-11-06_10:53:52.208806
ED   43,90.91%,Vanessa L. Gibson,(Democratic),169,AD 77,2025-11-06_10:53:52.208806
ED   43,90.91%,Grace Marrero,(Republican),27,AD 77,2025-11-06_10:53:52.208806
ED   43,90.91%,Grace Marrero,(Conservative),5,AD 77,2025-11-06_10:53:52.208806
ED   43,90.91%,Vanessa L. Gibson,(Working Families),19,AD 77,2025-11-06_10:53:52.208806
ED   43,90.91%,WRITE-IN,&nbsp,2,AD 77,2025-11-06_10:53:52.208806
ED   44,99.00%,Vanessa L. Gibson,(Democratic),270,AD 77,2025-11-06_10:53:52.208806
ED   44,99.00%,Grace Marrero,(Republican),22,AD 77,2025-11-06_10:53:52.208806
ED   44,99.00%,Grace Marrero,(Conservative),5,AD 77,2025-11-06_10:53:52.208806
ED   44,99.00%,Vanessa L. Gibson,(Working Families),28,AD 77,2025-11-06_10:53:52.208806
ED   44,99.00%,WRITE-IN,&nbsp,1,AD 77,2025-11-06_10:53:52.208806
ED   45,99.00%,Vanessa L. Gibson,(Democratic),85,AD 77,2025-11-06_10:53:52.208806
ED   45,99.00%,Grace Marrero,(Republican),15,AD 77,2025-11-06_10:53:52.208806
ED   45,99.00%,Grace Marrero,(Conservative),3,AD 77,2025-11-06_10:53:52.208806
ED   45,99.00%,Vanessa L. Gibson,(Working Families),8,AD 77,2025-11-06_10:53:52.208806
ED   45,99.00%,WRITE-IN,&nbsp,0,AD 77,2025-11-06_10:53:52.208806
ED   46,99.00%,Vanessa L. Gibson,(Democratic),339,AD 77,2025-11-06_10:53:52.208806
ED   46,99.00%,Grace Marrero,(Republican),36,AD 77,2025-11-06_10:53:52.208806
ED   46,99.00%,Grace Marrero,(Conservative),6,AD 77,2025-11-06_10:53:52.208806
ED   46,99.00%,Vanessa L. Gibson,(Working Families),36,AD 77,2025-11-06_10:53:52.208806
ED   46,99.00%,WRITE-IN,&nbsp,1,AD 77,2025-11-06_10:53:52.208806
ED   47,99.00%,Vanessa L. Gibson,(Democratic),360,AD 77,2025-11-06_10:53:52.208806
ED   47,99.00%,Grace Marrero,(Republican),34,AD 77,2025-11-06_10:53:52.208806
ED   47,99.00%,Grace Marrero,(Conservative),3,AD 77,2025-11-06_10:53:52.208806
ED   47,99.00%,Vanessa L. Gibson,(Working Families),36,AD 77,2025-11-06_10:53:52.208806
ED   47,99.00%,WRITE-IN,&nbsp,1,AD 77,2025-11-06_10:53:52.208806
ED   48,99.00%,Vanessa L. Gibson,(Democratic),207,AD 77,2025-11-06_10:53:52.208806
ED   48,99.00%,Grace Marrero,(Republican),15,AD 77,2025-11-06_10:53:52.208806
ED   48,99.00%,Grace Marrero,(Conservative),3,AD 77,2025-11-06_10:53:52.208806
ED   48,99.00%,Vanessa L. Gibson,(Working Families),17,AD 77,2025-11-06_10:53:52.208806
ED   48,99.00%,WRITE-IN,&nbsp,3,AD 77,2025-11-06_10:53:52.208806
ED   49,90.91%,Vanessa L. Gibson,(Democratic),357,AD 77,2025-11-06_10:53:52.208806
ED   49,90.91%,Grace Marrero,(Republican),23,AD 77,2025-11-06_10:53:52.208806
ED   49,90.91%,Grace Marrero,(Conservative),8,AD 77,2025-11-06_10:53:52.208806
ED   49,90.91%,Vanessa L. Gibson,(Working Families),63,AD 77,2025-11-06_10:53:52.208806
ED   49,90.91%,WRITE-IN,&nbsp,1,AD 77,2025-11-06_10:53:52.208806
ED   50,99.00%,Vanessa L. Gibson,(Democratic),329,AD 77,2025-11-06_10:53:52.208806
ED   50,99.00%,Grace Marrero,(Republican),20,AD 77,2025-11-06_10:53:52.208806
ED   50,99.00%,Grace Marrero,(Conservative),6,AD 77,2025-11-06_10:53:52.208806
ED   50,99.00%,Vanessa L. Gibson,(Working Families),24,AD 77,2025-11-06_10:53:52.208806
ED   50,99.00%,WRITE-IN,&nbsp,1,AD 77,2025-11-06_10:53:52.208806
ED   51,90.91%,Vanessa L. Gibson,(Democratic),189,AD 77,2025-11-06_10:53:52.208806
ED   51,90.91%,Grace Marrero,(Republican),28,AD 77,2025-11-06_10:53:52.208806
ED   51,90.91%,Grace Marrero,(Conservative),2,AD 77,2025-11-06_10:53:52.208806
ED   51,90.91%,Vanessa L. Gibson,(Working Families),31,AD 77,2025-11-06_10:53:52.208806
ED   51,90.91%,WRITE-IN,&nbsp,0,AD 77,2025-11-06_10:53:52.208806
ED   52,90.91%,Vanessa L. Gibson,(Democratic),304,AD 77,2025-11-06_10:53:52.208806
ED   52,90.91%,Grace Marrero,(Republican),26,AD 77,2025-11-06_10:53:52.208806
ED   52,90.91%,Grace Marrero,(Conservative),4,AD 77,2025-11-06_10:53:52.208806
ED   52,90.91%,Vanessa L. Gibson,(Working Families),28,AD 77,2025-11-06_10:53:52.208806
ED   52,90.91%,WRITE-IN,&nbsp,0,AD 77,2025-11-06_10:53:52.208806
ED   53,90.91%,Vanessa L. Gibson,(Democratic),286,AD 77,2025-11-06_10:53:52.208806
ED   53,90.91%,Grace Marrero,(Republican),28,AD 77,2025-11-06_10:53:52.208806
ED   53,90.91%,Grace Marrero,(Conservative),4,AD 77,2025-11-06_10:53:52.208806
ED   53,90.91%,Vanessa L. Gibson,(Working Families),21,AD 77,2025-11-06_10:53:52.208806
ED   53,90.91%,WRITE-IN,&nbsp,0,AD 77,2025-11-06_10:53:52.208806
ED   54,99.00%,Vanessa L. Gibson,(Democratic),0,AD 77,2025-11-06_10:53:52.208806
ED   54,99.00%,Grace Marrero,(Republican),0,AD 77,2025-11-06_10:53:52.208806
ED   54,99.00%,Grace Marrero,(Conservative),0,AD 77,2025-11-06_10:53:52.208806
ED   54,99.00%,Vanessa L. Gibson,(Working Families),0,AD 77,2025-11-06_10:53:52.208806
ED   54,99.00%,WRITE-IN,&nbsp,0,AD 77,2025-11-06_10:53:52.208806
ED   55,99.00%,Vanessa L. Gibson,(Democratic),0,AD 77,2025-11-06_10:53:52.208806
ED   55,99.00%,Grace Marrero,(Republican),0,AD 77,2025-11-06_10:53:52.208806
ED   55,99.00%,Grace Marrero,(Conservative),0,AD 77,2025-11-06_10:53:52.208806
ED   55,99.00%,Vanessa L. Gibson,(Working Families),0,AD 77,2025-11-06_10:53:52.208806
ED   55,99.00%,WRITE-IN,&nbsp,0,AD 77,2025-11-06_10:53:52.208806
ED   56,99.00%,Vanessa L. Gibson,(Democratic),0,AD 77,2025-11-06_10:53:52.208806
ED   56,99.00%,Grace Marrero,(Republican),0,AD 77,2025-11-06_10:53:52.208806
ED   56,99.00%,Grace Marrero,(Conservative),0,AD 77,2025-11-06_10:53:52.208806
ED   56,99.00%,Vanessa L. Gibson,(Working Families),0,AD 77,2025-11-06_10:53:52.208806
ED   56,99.00%,WRITE-IN,&nbsp,0,AD 77,2025-11-06_10:53:52.208806
ED   57,99.00%,Vanessa L. Gibson,(Democratic),0,AD 77,2025-11-06_10:53:52.208806
ED   57,99.00%,Grace Marrero,(Republican),0,AD 77,2025-11-06_10:53:52.208806
ED   57,99.00%,Grace Marrero,(Conservative),0,AD 77,2025-11-06_10:53:52.208806
ED   57,99.00%,Vanessa L. Gibson,(Working Families),0,AD 77,2025-11-06_10:53:52.208806
ED   57,99.00%,WRITE-IN,&nbsp,0,AD 77,2025-11-06_10:53:52.208806
ED   58,99.00%,Vanessa L. Gibson,(Democratic),0,AD 77,2025-11-06_10:53:52.208806
ED   58,99.00%,Grace Marrero,(Republican),0,AD 77,2025-11-06_10:53:52.208806
ED   58,99.00%,Grace Marrero,(Conservative),0,AD 77,2025-11-06_10:53:52.208806
ED   58,99.00%,Vanessa L. Gibson,(Working Families),0,AD 77,2025-11-06_10:53:52.208806
ED   58,99.00%,WRITE-IN,&nbsp,0,AD 77,2025-11-06_10:53:52.208806
ED   59,99.00%,Vanessa L. Gibson,(Democratic),0,AD 77,2025-11-06_10:53:52.208806
ED   59,99.00%,Grace Marrero,(Republican),0,AD 77,2025-11-06_10:53:52.208806
ED   59,99.00%,Grace Marrero,(Conservative),0,AD 77,2025-11-06_10:53:52.208806
ED   59,99.00%,Vanessa L. Gibson,(Working Families),0,AD 77,2025-11-06_10:53:52.208806
ED   59,99.00%,WRITE-IN,&nbsp,0,AD 77,2025-11-06_10:53:52.208806
Total,,Vanessa L. Gibson,(Democratic),11667,AD 77,2025-11-06_10:53:52.208806
Total,,Grace Marrero,(Republican),1290,AD 77,2025-11-06_10:53:52.208806
Total,,Grace Marrero,(Conservative),275,AD 77,2025-11-06_10:53:52.208806
Total,,Vanessa L. Gibson,(Working Families),1183,AD 77,2025-11-06_10:53:52.208806
Total,,WRITE-IN,&nbsp,30,AD 77,2025-11-06_10:53:52.208806
ED    1,99.00%,Vanessa L. Gibson,(Democratic),221,AD 78,2025-11-06_10:53:52.208806
ED    1,99.00%,Grace Marrero,(Republican),30,AD 78,2025-11-06_10:53:52.208806
ED    1,99.00%,Grace Marrero,(Conservative),7,AD 78,2025-11-06_10:53:52.208806
ED    1,99.00%,Vanessa L. Gibson,(Working Families),12,AD 78,2025-11-06_10:53:52.208806
ED    1,99.00%,WRITE-IN,&nbsp,0,AD 78,2025-11-06_10:53:52.208806
ED    2,99.00%,Vanessa L. Gibson,(Democratic),320,AD 78,2025-11-06_10:53:52.208806
ED    2,99.00%,Grace Marrero,(Republican),27,AD 78,2025-11-06_10:53:52.208806
ED    2,99.00%,Grace Marrero,(Conservative),8,AD 78,2025-11-06_10:53:52.208806
ED    2,99.00%,Vanessa L. Gibson,(Working Families),37,AD 78,2025-11-06_10:53:52.208806
ED    2,99.00%,WRITE-IN,&nbsp,0,AD 78,2025-11-06_10:53:52.208806
ED    3,99.00%,Vanessa L. Gibson,(Democratic),213,AD 78,2025-11-06_10:53:52.208806
ED    3,99.00%,Grace Marrero,(Republican),42,AD 78,2025-11-06_10:53:52.208806
ED    3,99.00%,Grace Marrero,(Conservative),8,AD 78,2025-11-06_10:53:52.208806
ED    3,99.00%,Vanessa L. Gibson,(Working Families),14,AD 78,2025-11-06_10:53:52.208806
ED    3,99.00%,WRITE-IN,&nbsp,0,AD 78,2025-11-06_10:53:52.208806
ED    4,99.00%,Vanessa L. Gibson,(Democratic),203,AD 78,2025-11-06_10:53:52.208806
ED    4,99.00%,Grace Marrero,(Republican),23,AD 78,2025-11-06_10:53:52.208806
ED    4,99.00%,Grace Marrero,(Conservative),2,AD 78,2025-11-06_10:53:52.208806
ED    4,99.00%,Vanessa L. Gibson,(Working Families),16,AD 78,2025-11-06_10:53:52.208806
ED    4,99.00%,WRITE-IN,&nbsp,1,AD 78,2025-11-06_10:53:52.208806
ED    5,99.00%,Vanessa L. Gibson,(Democratic),150,AD 78,2025-11-06_10:53:52.208806
ED    5,99.00%,Grace Marrero,(Republican),26,AD 78,2025-11-06_10:53:52.208806
ED    5,99.00%,Grace Marrero,(Conservative),5,AD 78,2025-11-06_10:53:52.208806
ED    5,99.00%,Vanessa L. Gibson,(Working Families),22,AD 78,2025-11-06_10:53:52.208806
ED    5,99.00%,WRITE-IN,&nbsp,1,AD 78,2025-11-06_10:53:52.208806
ED    6,99.00%,Vanessa L. Gibson,(Democratic),171,AD 78,2025-11-06_10:53:52.208806
ED    6,99.00%,Grace Marrero,(Republican),28,AD 78,2025-11-06_10:53:52.208806
ED    6,99.00%,Grace Marrero,(Conservative),4,AD 78,2025-11-06_10:53:52.208806
ED    6,99.00%,Vanessa L. Gibson,(Working Families),20,AD 78,2025-11-06_10:53:52.208806
ED    6,99.00%,WRITE-IN,&nbsp,0,AD 78,2025-11-06_10:53:52.208806
ED    7,99.00%,Vanessa L. Gibson,(Democratic),226,AD 78,2025-11-06_10:53:52.208806
ED    7,99.00%,Grace Marrero,(Republican),36,AD 78,2025-11-06_10:53:52.208806
ED    7,99.00%,Grace Marrero,(Conservative),7,AD 78,2025-11-06_10:53:52.208806
ED    7,99.00%,Vanessa L. Gibson,(Working Families),19,AD 78,2025-11-06_10:53:52.208806
ED    7,99.00%,WRITE-IN,&nbsp,0,AD 78,2025-11-06_10:53:52.208806
ED    8,99.00%,Vanessa L. Gibson,(Democratic),185,AD 78,2025-11-06_10:53:52.208806
ED    8,99.00%,Grace Marrero,(Republican),44,AD 78,2025-11-06_10:53:52.208806
ED    8,99.00%,Grace Marrero,(Conservative),5,AD 78,2025-11-06_10:53:52.208806
ED    8,99.00%,Vanessa L. Gibson,(Working Families),19,AD 78,2025-11-06_10:53:52.208806
ED    8,99.00%,WRITE-IN,&nbsp,0,AD 78,2025-11-06_10:53:52.208806
ED    9,99.00%,Vanessa L. Gibson,(Democratic),207,AD 78,2025-11-06_10:53:52.208806
ED    9,99.00%,Grace Marrero,(Republican),21,AD 78,2025-11-06_10:53:52.208806
ED    9,99.00%,Grace Marrero,(Conservative),9,AD 78,2025-11-06_10:53:52.208806
ED    9,99.00%,Vanessa L. Gibson,(Working Families),27,AD 78,2025-11-06_10:53:52.208806
ED    9,99.00%,WRITE-IN,&nbsp,0,AD 78,2025-11-06_10:53:52.208806
ED   10,99.00%,Vanessa L. Gibson,(Democratic),285,AD 78,2025-11-06_10:53:52.208806
ED   10,99.00%,Grace Marrero,(Republican),32,AD 78,2025-11-06_10:53:52.208806
ED   10,99.00%,Grace Marrero,(Conservative),6,AD 78,2025-11-06_10:53:52.208806
ED   10,99.00%,Vanessa L. Gibson,(Working Families),40,AD 78,2025-11-06_10:53:52.208806
ED   10,99.00%,WRITE-IN,&nbsp,0,AD 78,2025-11-06_10:53:52.208806
ED   11,99.00%,Vanessa L. Gibson,(Democratic),231,AD 78,2025-11-06_10:53:52.208806
ED   11,99.00%,Grace Marrero,(Republican),30,AD 78,2025-11-06_10:53:52.208806
ED   11,99.00%,Grace Marrero,(Conservative),4,AD 78,2025-11-06_10:53:52.208806
ED   11,99.00%,Vanessa L. Gibson,(Working Families),30,AD 78,2025-11-06_10:53:52.208806
ED   11,99.00%,WRITE-IN,&nbsp,1,AD 78,2025-11-06_10:53:52.208806
ED   12,99.00%,Vanessa L. Gibson,(Democratic),171,AD 78,2025-11-06_10:53:52.208806
ED   12,99.00%,Grace Marrero,(Republican),32,AD 78,2025-11-06_10:53:52.208806
ED   12,99.00%,Grace Marrero,(Conservative),8,AD 78,2025-11-06_10:53:52.208806
ED   12,99.00%,Vanessa L. Gibson,(Working Families),21,AD 78,2025-11-06_10:53:52.208806
ED   12,99.00%,WRITE-IN,&nbsp,1,AD 78,2025-11-06_10:53:52.208806
ED   13,99.00%,Vanessa L. Gibson,(Democratic),184,AD 78,2025-11-06_10:53:52.208806
ED   13,99.00%,Grace Marrero,(Republican),23,AD 78,2025-11-06_10:53:52.208806
ED   13,99.00%,Grace Marrero,(Conservative),4,AD 78,2025-11-06_10:53:52.208806
ED   13,99.00%,Vanessa L. Gibson,(Working Families),12,AD 78,2025-11-06_10:53:52.208806
ED   13,99.00%,WRITE-IN,&nbsp,0,AD 78,2025-11-06_10:53:52.208806
ED   14,99.00%,Vanessa L. Gibson,(Democratic),215,AD 78,2025-11-06_10:53:52.208806
ED   14,99.00%,Grace Marrero,(Republican),31,AD 78,2025-11-06_10:53:52.208806
ED   14,99.00%,Grace Marrero,(Conservative),5,AD 78,2025-11-06_10:53:52.208806
ED   14,99.00%,Vanessa L. Gibson,(Working Families),25,AD 78,2025-11-06_10:53:52.208806
ED   14,99.00%,WRITE-IN,&nbsp,2,AD 78,2025-11-06_10:53:52.208806
ED   15,99.00%,Vanessa L. Gibson,(Democratic),36,AD 78,2025-11-06_10:53:52.208806
ED   15,99.00%,Grace Marrero,(Republican),4,AD 78,2025-11-06_10:53:52.208806
ED   15,99.00%,Grace Marrero,(Conservative),2,AD 78,2025-11-06_10:53:52.208806
ED   15,99.00%,Vanessa L. Gibson,(Working Families),6,AD 78,2025-11-06_10:53:52.208806
ED   15,99.00%,WRITE-IN,&nbsp,0,AD 78,2025-11-06_10:53:52.208806
ED   16,99.00%,Vanessa L. Gibson,(Democratic),144,AD 78,2025-11-06_10:53:52.208806
ED   16,99.00%,Grace Marrero,(Republican),13,AD 78,2025-11-06_10:53:52.208806
ED   16,99.00%,Grace Marrero,(Conservative),5,AD 78,2025-11-06_10:53:52.208806
ED   16,99.00%,Vanessa L. Gibson,(Working Families),14,AD 78,2025-11-06_10:53:52.208806
ED   16,99.00%,WRITE-IN,&nbsp,0,AD 78,2025-11-06_10:53:52.208806
ED   17,99.00%,Vanessa L. Gibson,(Democratic),216,AD 78,2025-11-06_10:53:52.208806
ED   17,99.00%,Grace Marrero,(Republican),44,AD 78,2025-11-06_10:53:52.208806
ED   17,99.00%,Grace Marrero,(Conservative),2,AD 78,2025-11-06_10:53:52.208806
ED   17,99.00%,Vanessa L. Gibson,(Working Families),24,AD 78,2025-11-06_10:53:52.208806
ED   17,99.00%,WRITE-IN,&nbsp,0,AD 78,2025-11-06_10:53:52.208806
ED   18,99.00%,Vanessa L. Gibson,(Democratic),226,AD 78,2025-11-06_10:53:52.208806
ED   18,99.00%,Grace Marrero,(Republican),44,AD 78,2025-11-06_10:53:52.208806
ED   18,99.00%,Grace Marrero,(Conservative),7,AD 78,2025-11-06_10:53:52.208806
ED   18,99.00%,Vanessa L. Gibson,(Working Families),20,AD 78,2025-11-06_10:53:52.208806
ED   18,99.00%,WRITE-IN,&nbsp,0,AD 78,2025-11-06_10:53:52.208806
ED   19,99.00%,Vanessa L. Gibson,(Democratic),212,AD 78,2025-11-06_10:53:52.208806
ED   19,99.00%,Grace Marrero,(Republican),34,AD 78,2025-11-06_10:53:52.208806
ED   19,99.00%,Grace Marrero,(Conservative),4,AD 78,2025-11-06_10:53:52.208806
ED   19,99.00%,Vanessa L. Gibson,(Working Families),19,AD 78,2025-11-06_10:53:52.208806
ED   19,99.00%,WRITE-IN,&nbsp,0,AD 78,2025-11-06_10:53:52.208806
ED   20,99.00%,Vanessa L. Gibson,(Democratic),297,AD 78,2025-11-06_10:53:52.208806
ED   20,99.00%,Grace Marrero,(Republican),43,AD 78,2025-11-06_10:53:52.208806
ED   20,99.00%,Grace Marrero,(Conservative),4,AD 78,2025-11-06_10:53:52.208806
ED   20,99.00%,Vanessa L. Gibson,(Working Families),28,AD 78,2025-11-06_10:53:52.208806
ED   20,99.00%,WRITE-IN,&nbsp,0,AD 78,2025-11-06_10:53:52.208806
ED   21,99.00%,Vanessa L. Gibson,(Democratic),193,AD 78,2025-11-06_10:53:52.208806
ED   21,99.00%,Grace Marrero,(Republican),27,AD 78,2025-11-06_10:53:52.208806
ED   21,99.00%,Grace Marrero,(Conservative),4,AD 78,2025-11-06_10:53:52.208806
ED   21,99.00%,Vanessa L. Gibson,(Working Families),23,AD 78,2025-11-06_10:53:52.208806
ED   21,99.00%,WRITE-IN,&nbsp,0,AD 78,2025-11-06_10:53:52.208806
ED   22,99.00%,Vanessa L. Gibson,(Democratic),249,AD 78,2025-11-06_10:53:52.208806
ED   22,99.00%,Grace Marrero,(Republican),45,AD 78,2025-11-06_10:53:52.208806
ED   22,99.00%,Grace Marrero,(Conservative),4,AD 78,2025-11-06_10:53:52.208806
ED   22,99.00%,Vanessa L. Gibson,(Working Families),36,AD 78,2025-11-06_10:53:52.208806
ED   22,99.00%,WRITE-IN,&nbsp,0,AD 78,2025-11-06_10:53:52.208806
ED   23,99.00%,Vanessa L. Gibson,(Democratic),277,AD 78,2025-11-06_10:53:52.208806
ED   23,99.00%,Grace Marrero,(Republican),47,AD 78,2025-11-06_10:53:52.208806
ED   23,99.00%,Grace Marrero,(Conservative),11,AD 78,2025-11-06_10:53:52.208806
ED   23,99.00%,Vanessa L. Gibson,(Working Families),27,AD 78,2025-11-06_10:53:52.208806
ED   23,99.00%,WRITE-IN,&nbsp,1,AD 78,2025-11-06_10:53:52.208806
ED   24,99.00%,Vanessa L. Gibson,(Democratic),30,AD 78,2025-11-06_10:53:52.208806
ED   24,99.00%,Grace Marrero,(Republican),4,AD 78,2025-11-06_10:53:52.208806
ED   24,99.00%,Grace Marrero,(Conservative),0,AD 78,2025-11-06_10:53:52.208806
ED   24,99.00%,Vanessa L. Gibson,(Working Families),2,AD 78,2025-11-06_10:53:52.208806
ED   24,99.00%,WRITE-IN,&nbsp,0,AD 78,2025-11-06_10:53:52.208806
ED   25,99.00%,Vanessa L. Gibson,(Democratic),270,AD 78,2025-11-06_10:53:52.208806
ED   25,99.00%,Grace Marrero,(Republican),61,AD 78,2025-11-06_10:53:52.208806
ED   25,99.00%,Grace Marrero,(Conservative),13,AD 78,2025-11-06_10:53:52.208806
ED   25,99.00%,Vanessa L. Gibson,(Working Families),34,AD 78,2025-11-06_10:53:52.208806
ED   25,99.00%,WRITE-IN,&nbsp,1,AD 78,2025-11-06_10:53:52.208806
ED   26,99.00%,Vanessa L. Gibson,(Democratic),199,AD 78,2025-11-06_10:53:52.208806
ED   26,99.00%,Grace Marrero,(Republican),20,AD 78,2025-11-06_10:53:52.208806
ED   26,99.00%,Grace Marrero,(Conservative),5,AD 78,2025-11-06_10:53:52.208806
ED   26,99.00%,Vanessa L. Gibson,(Working Families),34,AD 78,2025-11-06_10:53:52.208806
ED   26,99.00%,WRITE-IN,&nbsp,0,AD 78,2025-11-06_10:53:52.208806
ED   27,99.00%,Vanessa L. Gibson,(Democratic),278,AD 78,2025-11-06_10:53:52.208806
ED   27,99.00%,Grace Marrero,(Republican),69,AD 78,2025-11-06_10:53:52.208806
ED   27,99.00%,Grace Marrero,(Conservative),15,AD 78,2025-11-06_10:53:52.208806
ED   27,99.00%,Vanessa L. Gibson,(Working Families),37,AD 78,2025-11-06_10:53:52.208806
ED   27,99.00%,WRITE-IN,&nbsp,1,AD 78,2025-11-06_10:53:52.208806
ED   28,99.00%,Vanessa L. Gibson,(Democratic),384,AD 78,2025-11-06_10:53:52.208806
ED   28,99.00%,Grace Marrero,(Republican),86,AD 78,2025-11-06_10:53:52.208806
ED   28,99.00%,Grace Marrero,(Conservative),16,AD 78,2025-11-06_10:53:52.208806
ED   28,99.00%,Vanessa L. Gibson,(Working Families),68,AD 78,2025-11-06_10:53:52.208806
ED   28,99.00%,WRITE-IN,&nbsp,0,AD 78,2025-11-06_10:53:52.208806
ED   29,99.00%,Vanessa L. Gibson,(Democratic),189,AD 78,2025-11-06_10:53:52.208806
ED   29,99.00%,Grace Marrero,(Republican),39,AD 78,2025-11-06_10:53:52.208806
ED   29,99.00%,Grace Marrero,(Conservative),10,AD 78,2025-11-06_10:53:52.208806
ED   29,99.00%,Vanessa L. Gibson,(Working Families),22,AD 78,2025-11-06_10:53:52.208806
ED   29,99.00%,WRITE-IN,&nbsp,1,AD 78,2025-11-06_10:53:52.208806
ED   30,99.00%,Vanessa L. Gibson,(Democratic),291,AD 78,2025-11-06_10:53:52.208806
ED   30,99.00%,Grace Marrero,(Republican),68,AD 78,2025-11-06_10:53:52.208806
ED   30,99.00%,Grace Marrero,(Conservative),6,AD 78,2025-11-06_10:53:52.208806
ED   30,99.00%,Vanessa L. Gibson,(Working Families),44,AD 78,2025-11-06_10:53:52.208806
ED   30,99.00%,WRITE-IN,&nbsp,1,AD 78,2025-11-06_10:53:52.208806
ED   31,99.00%,Vanessa L. Gibson,(Democratic),131,AD 78,2025-11-06_10:53:52.208806
ED   31,99.00%,Grace Marrero,(Republican),34,AD 78,2025-11-06_10:53:52.208806
ED   31,99.00%,Grace Marrero,(Conservative),5,AD 78,2025-11-06_10:53:52.208806
ED   31,99.00%,Vanessa L. Gibson,(Working Families),15,AD 78,2025-11-06_10:53:52.208806
ED   31,99.00%,WRITE-IN,&nbsp,0,AD 78,2025-11-06_10:53:52.208806
ED   32,99.00%,Vanessa L. Gibson,(Democratic),516,AD 78,2025-11-06_10:53:52.208806
ED   32,99.00%,Grace Marrero,(Republican),65,AD 78,2025-11-06_10:53:52.208806
ED   32,99.00%,Grace Marrero,(Conservative),12,AD 78,2025-11-06_10:53:52.208806
ED   32,99.00%,Vanessa L. Gibson,(Working Families),55,AD 78,2025-11-06_10:53:52.208806
ED   32,99.00%,WRITE-IN,&nbsp,1,AD 78,2025-11-06_10:53:52.208806
ED   33,90.91%,Vanessa L. Gibson,(Democratic),195,AD 78,2025-11-06_10:53:52.208806
ED   33,90.91%,Grace Marrero,(Republican),37,AD 78,2025-11-06_10:53:52.208806
ED   33,90.91%,Grace Marrero,(Conservative),6,AD 78,2025-11-06_10:53:52.208806
ED   33,90.91%,Vanessa L. Gibson,(Working Families),20,AD 78,2025-11-06_10:53:52.208806
ED   33,90.91%,WRITE-IN,&nbsp,0,AD 78,2025-11-06_10:53:52.208806
ED   34,90.91%,Vanessa L. Gibson,(Democratic),206,AD 78,2025-11-06_10:53:52.208806
ED   34,90.91%,Grace Marrero,(Republican),28,AD 78,2025-11-06_10:53:52.208806
ED   34,90.91%,Grace Marrero,(Conservative),7,AD 78,2025-11-06_10:53:52.208806
ED   34,90.91%,Vanessa L. Gibson,(Working Families),35,AD 78,2025-11-06_10:53:52.208806
ED   34,90.91%,WRITE-IN,&nbsp,1,AD 78,2025-11-06_10:53:52.208806
ED   35,90.91%,Vanessa L. Gibson,(Democratic),186,AD 78,2025-11-06_10:53:52.208806
ED   35,90.91%,Grace Marrero,(Republican),41,AD 78,2025-11-06_10:53:52.208806
ED   35,90.91%,Grace Marrero,(Conservative),8,AD 78,2025-11-06_10:53:52.208806
ED   35,90.91%,Vanessa L. Gibson,(Working Families),25,AD 78,2025-11-06_10:53:52.208806
ED   35,90.91%,WRITE-IN,&nbsp,0,AD 78,2025-11-06_10:53:52.208806
ED   36,99.00%,Vanessa L. Gibson,(Democratic),151,AD 78,2025-11-06_10:53:52.208806
ED   36,99.00%,Grace Marrero,(Republican),37,AD 78,2025-11-06_10:53:52.208806
ED   36,99.00%,Grace Marrero,(Conservative),4,AD 78,2025-11-06_10:53:52.208806
ED   36,99.00%,Vanessa L. Gibson,(Working Families),20,AD 78,2025-11-06_10:53:52.208806
ED   36,99.00%,WRITE-IN,&nbsp,0,AD 78,2025-11-06_10:53:52.208806
ED   37,99.00%,Vanessa L. Gibson,(Democratic),234,AD 78,2025-11-06_10:53:52.208806
ED   37,99.00%,Grace Marrero,(Republican),47,AD 78,2025-11-06_10:53:52.208806
ED   37,99.00%,Grace Marrero,(Conservative),6,AD 78,2025-11-06_10:53:52.208806
ED   37,99.00%,Vanessa L. Gibson,(Working Families),23,AD 78,2025-11-06_10:53:52.208806
ED   37,99.00%,WRITE-IN,&nbsp,0,AD 78,2025-11-06_10:53:52.208806
ED   38,90.91%,Vanessa L. Gibson,(Democratic),132,AD 78,2025-11-06_10:53:52.208806
ED   38,90.91%,Grace Marrero,(Republican),21,AD 78,2025-11-06_10:53:52.208806
ED   38,90.91%,Grace Marrero,(Conservative),8,AD 78,2025-11-06_10:53:52.208806
ED   38,90.91%,Vanessa L. Gibson,(Working Families),14,AD 78,2025-11-06_10:53:52.208806
ED   38,90.91%,WRITE-IN,&nbsp,1,AD 78,2025-11-06_10:53:52.208806
ED   39,99.00%,Vanessa L. Gibson,(Democratic),206,AD 78,2025-11-06_10:53:52.208806
ED   39,99.00%,Grace Marrero,(Republican),32,AD 78,2025-11-06_10:53:52.208806
ED   39,99.00%,Grace Marrero,(Conservative),8,AD 78,2025-11-06_10:53:52.208806
ED   39,99.00%,Vanessa L. Gibson,(Working Families),32,AD 78,2025-11-06_10:53:52.208806
ED   39,99.00%,WRITE-IN,&nbsp,2,AD 78,2025-11-06_10:53:52.208806
ED   40,99.00%,Vanessa L. Gibson,(Democratic),179,AD 78,2025-11-06_10:53:52.208806
ED   40,99.00%,Grace Marrero,(Republican),40,AD 78,2025-11-06_10:53:52.208806
ED   40,99.00%,Grace Marrero,(Conservative),6,AD 78,2025-11-06_10:53:52.208806
ED   40,99.00%,Vanessa L. Gibson,(Working Families),20,AD 78,2025-11-06_10:53:52.208806
ED   40,99.00%,WRITE-IN,&nbsp,1,AD 78,2025-11-06_10:53:52.208806
ED   41,99.00%,Vanessa L. Gibson,(Democratic),192,AD 78,2025-11-06_10:53:52.208806
ED   41,99.00%,Grace Marrero,(Republican),48,AD 78,2025-11-06_10:53:52.208806
ED   41,99.00%,Grace Marrero,(Conservative),8,AD 78,2025-11-06_10:53:52.208806
ED   41,99.00%,Vanessa L. Gibson,(Working Families),21,AD 78,2025-11-06_10:53:52.208806
ED   41,99.00%,WRITE-IN,&nbsp,1,AD 78,2025-11-06_10:53:52.208806
ED   42,99.00%,Vanessa L. Gibson,(Democratic),226,AD 78,2025-11-06_10:53:52.208806
ED   42,99.00%,Grace Marrero,(Republican),41,AD 78,2025-11-06_10:53:52.208806
ED   42,99.00%,Grace Marrero,(Conservative),5,AD 78,2025-11-06_10:53:52.208806
ED   42,99.00%,Vanessa L. Gibson,(Working Families),38,AD 78,2025-11-06_10:53:52.208806
ED   42,99.00%,WRITE-IN,&nbsp,0,AD 78,2025-11-06_10:53:52.208806
ED   43,99.00%,Vanessa L. Gibson,(Democratic),246,AD 78,2025-11-06_10:53:52.208806
ED   43,99.00%,Grace Marrero,(Republican),64,AD 78,2025-11-06_10:53:52.208806
ED   43,99.00%,Grace Marrero,(Conservative),7,AD 78,2025-11-06_10:53:52.208806
ED   43,99.00%,Vanessa L. Gibson,(Working Families),30,AD 78,2025-11-06_10:53:52.208806
ED   43,99.00%,WRITE-IN,&nbsp,0,AD 78,2025-11-06_10:53:52.208806
ED   44,99.00%,Vanessa L. Gibson,(Democratic),283,AD 78,2025-11-06_10:53:52.208806
ED   44,99.00%,Grace Marrero,(Republican),45,AD 78,2025-11-06_10:53:52.208806
ED   44,99.00%,Grace Marrero,(Conservative),11,AD 78,2025-11-06_10:53:52.208806
ED   44,99.00%,Vanessa L. Gibson,(Working Families),32,AD 78,2025-11-06_10:53:52.208806
ED   44,99.00%,WRITE-IN,&nbsp,1,AD 78,2025-11-06_10:53:52.208806
ED   45,99.00%,Vanessa L. Gibson,(Democratic),212,AD 78,2025-11-06_10:53:52.208806
ED   45,99.00%,Grace Marrero,(Republican),59,AD 78,2025-11-06_10:53:52.208806
ED   45,99.00%,Grace Marrero,(Conservative),6,AD 78,2025-11-06_10:53:52.208806
ED   45,99.00%,Vanessa L. Gibson,(Working Families),28,AD 78,2025-11-06_10:53:52.208806
ED   45,99.00%,WRITE-IN,&nbsp,0,AD 78,2025-11-06_10:53:52.208806
ED   46,99.00%,Vanessa L. Gibson,(Democratic),190,AD 78,2025-11-06_10:53:52.208806
ED   46,99.00%,Grace Marrero,(Republican),29,AD 78,2025-11-06_10:53:52.208806
ED   46,99.00%,Grace Marrero,(Conservative),2,AD 78,2025-11-06_10:53:52.208806
ED   46,99.00%,Vanessa L. Gibson,(Working Families),26,AD 78,2025-11-06_10:53:52.208806
ED   46,99.00%,WRITE-IN,&nbsp,1,AD 78,2025-11-06_10:53:52.208806
ED   47,99.00%,Vanessa L. Gibson,(Democratic),175,AD 78,2025-11-06_10:53:52.208806
ED   47,99.00%,Grace Marrero,(Republican),43,AD 78,2025-11-06_10:53:52.208806
ED   47,99.00%,Grace Marrero,(Conservative),3,AD 78,2025-11-06_10:53:52.208806
ED   47,99.00%,Vanessa L. Gibson,(Working Families),21,AD 78,2025-11-06_10:53:52.208806
ED   47,99.00%,WRITE-IN,&nbsp,0,AD 78,2025-11-06_10:53:52.208806
ED   48,99.00%,Vanessa L. Gibson,(Democratic),0,AD 78,2025-11-06_10:53:52.208806
ED   48,99.00%,Grace Marrero,(Republican),0,AD 78,2025-11-06_10:53:52.208806
ED   48,99.00%,Grace Marrero,(Conservative),0,AD 78,2025-11-06_10:53:52.208806
ED   48,99.00%,Vanessa L. Gibson,(Working Families),0,AD 78,2025-11-06_10:53:52.208806
ED   48,99.00%,WRITE-IN,&nbsp,0,AD 78,2025-11-06_10:53:52.208806
ED   49,99.00%,Vanessa L. Gibson,(Democratic),263,AD 78,2025-11-06_10:53:52.208806
ED   49,99.00%,Grace Marrero,(Republican),62,AD 78,2025-11-06_10:53:52.208806
ED   49,99.00%,Grace Marrero,(Conservative),9,AD 78,2025-11-06_10:53:52.208806
ED   49,99.00%,Vanessa L. Gibson,(Working Families),35,AD 78,2025-11-06_10:53:52.208806
ED   49,99.00%,WRITE-IN,&nbsp,3,AD 78,2025-11-06_10:53:52.208806
ED   50,99.00%,Vanessa L. Gibson,(Democratic),0,AD 78,2025-11-06_10:53:52.208806
ED   50,99.00%,Grace Marrero,(Republican),0,AD 78,2025-11-06_10:53:52.208806
ED   50,99.00%,Grace Marrero,(Conservative),0,AD 78,2025-11-06_10:53:52.208806
ED   50,99.00%,Vanessa L. Gibson,(Working Families),0,AD 78,2025-11-06_10:53:52.208806
ED   50,99.00%,WRITE-IN,&nbsp,0,AD 78,2025-11-06_10:53:52.208806
ED   51,99.00%,Vanessa L. Gibson,(Democratic),0,AD 78,2025-11-06_10:53:52.208806
ED   51,99.00%,Grace Marrero,(Republican),0,AD 78,2025-11-06_10:53:52.208806
ED   51,99.00%,Grace Marrero,(Conservative),0,AD 78,2025-11-06_10:53:52.208806
ED   51,99.00%,Vanessa L. Gibson,(Working Families),0,AD 78,2025-11-06_10:53:52.208806
ED   51,99.00%,WRITE-IN,&nbsp,0,AD 78,2025-11-06_10:53:52.208806
ED   52,99.00%,Vanessa L. Gibson,(Democratic),0,AD 78,2025-11-06_10:53:52.208806
ED   52,99.00%,Grace Marrero,(Republican),0,AD 78,2025-11-06_10:53:52.208806
ED   52,99.00%,Grace Marrero,(Conservative),0,AD 78,2025-11-06_10:53:52.208806
ED   52,99.00%,Vanessa L. Gibson,(Working Families),0,AD 78,2025-11-06_10:53:52.208806
ED   52,99.00%,WRITE-IN,&nbsp,0,AD 78,2025-11-06_10:53:52.208806
ED   53,99.00%,Vanessa L. Gibson,(Democratic),0,AD 78,2025-11-06_10:53:52.208806
ED   53,99.00%,Grace Marrero,(Republican),0,AD 78,2025-11-06_10:53:52.208806
ED   53,99.00%,Grace Marrero,(Conservative),0,AD 78,2025-11-06_10:53:52.208806
ED   53,99.00%,Vanessa L. Gibson,(Working Families),0,AD 78,2025-11-06_10:53:52.208806
ED   53,99.00%,WRITE-IN,&nbsp,0,AD 78,2025-11-06_10:53:52.208806
Total,,Vanessa L. Gibson,(Democratic),10396,AD 78,2025-11-06_10:53:52.208806
Total,,Grace Marrero,(Republican),1846,AD 78,2025-11-06_10:53:52.208806
Total,,Grace Marrero,(Conservative),311,AD 78,2025-11-06_10:53:52.208806
Total,,Vanessa L. Gibson,(Working Families),1242,AD 78,2025-11-06_10:53:52.208806
Total,,WRITE-IN,&nbsp,23,AD 78,2025-11-06_10:53:52.208806
ED    1,99.00%,Vanessa L. Gibson,(Democratic),262,AD 79,2025-11-06_10:53:52.208806
ED    1,99.00%,Grace Marrero,(Republican),36,AD 79,2025-11-06_10:53:52.208806
ED    1,99.00%,Grace Marrero,(Conservative),2,AD 79,2025-11-06_10:53:52.208806
ED    1,99.00%,Vanessa L. Gibson,(Working Families),17,AD 79,2025-11-06_10:53:52.208806
ED    1,99.00%,WRITE-IN,&nbsp,0,AD 79,2025-11-06_10:53:52.208806
ED    2,90.00%,Vanessa L. Gibson,(Democratic),34,AD 79,2025-11-06_10:53:52.208806
ED    2,90.00%,Grace Marrero,(Republican),2,AD 79,2025-11-06_10:53:52.208806
ED    2,90.00%,Grace Marrero,(Conservative),2,AD 79,2025-11-06_10:53:52.208806
ED    2,90.00%,Vanessa L. Gibson,(Working Families),0,AD 79,2025-11-06_10:53:52.208806
ED    2,90.00%,WRITE-IN,&nbsp,0,AD 79,2025-11-06_10:53:52.208806
ED    3,99.00%,Vanessa L. Gibson,(Democratic),229,AD 79,2025-11-06_10:53:52.208806
ED    3,99.00%,Grace Marrero,(Republican),31,AD 79,2025-11-06_10:53:52.208806
ED    3,99.00%,Grace Marrero,(Conservative),4,AD 79,2025-11-06_10:53:52.208806
ED    3,99.00%,Vanessa L. Gibson,(Working Families),27,AD 79,2025-11-06_10:53:52.208806
ED    3,99.00%,WRITE-IN,&nbsp,0,AD 79,2025-11-06_10:53:52.208806
ED    4,99.00%,Vanessa L. Gibson,(Democratic),133,AD 79,2025-11-06_10:53:52.208806
ED    4,99.00%,Grace Marrero,(Republican),15,AD 79,2025-11-06_10:53:52.208806
ED    4,99.00%,Grace Marrero,(Conservative),2,AD 79,2025-11-06_10:53:52.208806
ED    4,99.00%,Vanessa L. Gibson,(Working Families),12,AD 79,2025-11-06_10:53:52.208806
ED    4,99.00%,WRITE-IN,&nbsp,0,AD 79,2025-11-06_10:53:52.208806
ED    5,99.00%,Vanessa L. Gibson,(Democratic),131,AD 79,2025-11-06_10:53:52.208806
ED    5,99.00%,Grace Marrero,(Republican),17,AD 79,2025-11-06_10:53:52.208806
ED    5,99.00%,Grace Marrero,(Conservative),3,AD 79,2025-11-06_10:53:52.208806
ED    5,99.00%,Vanessa L. Gibson,(Working Families),19,AD 79,2025-11-06_10:53:52.208806
ED    5,99.00%,WRITE-IN,&nbsp,0,AD 79,2025-11-06_10:53:52.208806
ED    6,99.00%,Vanessa L. Gibson,(Democratic),149,AD 79,2025-11-06_10:53:52.208806
ED    6,99.00%,Grace Marrero,(Republican),20,AD 79,2025-11-06_10:53:52.208806
ED    6,99.00%,Grace Marrero,(Conservative),3,AD 79,2025-11-06_10:53:52.208806
ED    6,99.00%,Vanessa L. Gibson,(Working Families),11,AD 79,2025-11-06_10:53:52.208806
ED    6,99.00%,WRITE-IN,&nbsp,0,AD 79,2025-11-06_10:53:52.208806
ED    7,99.00%,Vanessa L. Gibson,(Democratic),141,AD 79,2025-11-06_10:53:52.208806
ED    7,99.00%,Grace Marrero,(Republican),21,AD 79,2025-11-06_10:53:52.208806
ED    7,99.00%,Grace Marrero,(Conservative),3,AD 79,2025-11-06_10:53:52.208806
ED    7,99.00%,Vanessa L. Gibson,(Working Families),17,AD 79,2025-11-06_10:53:52.208806
ED    7,99.00%,WRITE-IN,&nbsp,0,AD 79,2025-11-06_10:53:52.208806
ED    8,99.00%,Vanessa L. Gibson,(Democratic),171,AD 79,2025-11-06_10:53:52.208806
ED    8,99.00%,Grace Marrero,(Republican),8,AD 79,2025-11-06_10:53:52.208806
ED    8,99.00%,Grace Marrero,(Conservative),3,AD 79,2025-11-06_10:53:52.208806
ED    8,99.00%,Vanessa L. Gibson,(Working Families),13,AD 79,2025-11-06_10:53:52.208806
ED    8,99.00%,WRITE-IN,&nbsp,0,AD 79,2025-11-06_10:53:52.208806
ED    9,99.00%,Vanessa L. Gibson,(Democratic),75,AD 79,2025-11-06_10:53:52.208806
ED    9,99.00%,Grace Marrero,(Republican),9,AD 79,2025-11-06_10:53:52.208806
ED    9,99.00%,Grace Marrero,(Conservative),2,AD 79,2025-11-06_10:53:52.208806
ED    9,99.00%,Vanessa L. Gibson,(Working Families),6,AD 79,2025-11-06_10:53:52.208806
ED    9,99.00%,WRITE-IN,&nbsp,0,AD 79,2025-11-06_10:53:52.208806
ED   10,90.00%,Vanessa L. Gibson,(Democratic),196,AD 79,2025-11-06_10:53:52.208806
ED   10,90.00%,Grace Marrero,(Republican),15,AD 79,2025-11-06_10:53:52.208806
ED   10,90.00%,Grace Marrero,(Conservative),2,AD 79,2025-11-06_10:53:52.208806
ED   10,90.00%,Vanessa L. Gibson,(Working Families),12,AD 79,2025-11-06_10:53:52.208806
ED   10,90.00%,WRITE-IN,&nbsp,0,AD 79,2025-11-06_10:53:52.208806
ED   11,90.00%,Vanessa L. Gibson,(Democratic),189,AD 79,2025-11-06_10:53:52.208806
ED   11,90.00%,Grace Marrero,(Republican),13,AD 79,2025-11-06_10:53:52.208806
ED   11,90.00%,Grace Marrero,(Conservative),2,AD 79,2025-11-06_10:53:52.208806
ED   11,90.00%,Vanessa L. Gibson,(Working Families),13,AD 79,2025-11-06_10:53:52.208806
ED   11,90.00%,WRITE-IN,&nbsp,0,AD 79,2025-11-06_10:53:52.208806
ED   12,99.00%,Vanessa L. Gibson,(Democratic),237,AD 79,2025-11-06_10:53:52.208806
ED   12,99.00%,Grace Marrero,(Republican),19,AD 79,2025-11-06_10:53:52.208806
ED   12,99.00%,Grace Marrero,(Conservative),11,AD 79,2025-11-06_10:53:52.208806
ED   12,99.00%,Vanessa L. Gibson,(Working Families),27,AD 79,2025-11-06_10:53:52.208806
ED   12,99.00%,WRITE-IN,&nbsp,1,AD 79,2025-11-06_10:53:52.208806
ED   13,90.00%,Vanessa L. Gibson,(Democratic),194,AD 79,2025-11-06_10:53:52.208806
ED   13,90.00%,Grace Marrero,(Republican),13,AD 79,2025-11-06_10:53:52.208806
ED   13,90.00%,Grace Marrero,(Conservative),2,AD 79,2025-11-06_10:53:52.208806
ED   13,90.00%,Vanessa L. Gibson,(Working Families),13,AD 79,2025-11-06_10:53:52.208806
ED   13,90.00%,WRITE-IN,&nbsp,0,AD 79,2025-11-06_10:53:52.208806
ED   14,90.00%,Vanessa L. Gibson,(Democratic),185,AD 79,2025-11-06_10:53:52.208806
ED   14,90.00%,Grace Marrero,(Republican),14,AD 79,2025-11-06_10:53:52.208806
ED   14,90.00%,Grace Marrero,(Conservative),2,AD 79,2025-11-06_10:53:52.208806
ED   14,90.00%,Vanessa L. Gibson,(Working Families),15,AD 79,2025-11-06_10:53:52.208806
ED   14,90.00%,WRITE-IN,&nbsp,0,AD 79,2025-11-06_10:53:52.208806
ED   15,90.00%,Vanessa L. Gibson,(Democratic),247,AD 79,2025-11-06_10:53:52.208806
ED   15,90.00%,Grace Marrero,(Republican),23,AD 79,2025-11-06_10:53:52.208806
ED   15,90.00%,Grace Marrero,(Conservative),3,AD 79,2025-11-06_10:53:52.208806
ED   15,90.00%,Vanessa L. Gibson,(Working Families),26,AD 79,2025-11-06_10:53:52.208806
ED   15,90.00%,WRITE-IN,&nbsp,0,AD 79,2025-11-06_10:53:52.208806
ED   16,99.00%,Vanessa L. Gibson,(Democratic),142,AD 79,2025-11-06_10:53:52.208806
ED   16,99.00%,Grace Marrero,(Republican),19,AD 79,2025-11-06_10:53:52.208806
ED   16,99.00%,Grace Marrero,(Conservative),2,AD 79,2025-11-06_10:53:52.208806
ED   16,99.00%,Vanessa L. Gibson,(Working Families),8,AD 79,2025-11-06_10:53:52.208806
ED   16,99.00%,WRITE-IN,&nbsp,0,AD 79,2025-11-06_10:53:52.208806
ED   17,99.00%,Vanessa L. Gibson,(Democratic),211,AD 79,2025-11-06_10:53:52.208806
ED   17,99.00%,Grace Marrero,(Republican),15,AD 79,2025-11-06_10:53:52.208806
ED   17,99.00%,Grace Marrero,(Conservative),5,AD 79,2025-11-06_10:53:52.208806
ED   17,99.00%,Vanessa L. Gibson,(Working Families),22,AD 79,2025-11-06_10:53:52.208806
ED   17,99.00%,WRITE-IN,&nbsp,0,AD 79,2025-11-06_10:53:52.208806
ED   18,99.00%,Vanessa L. Gibson,(Democratic),185,AD 79,2025-11-06_10:53:52.208806
ED   18,99.00%,Grace Marrero,(Republican),18,AD 79,2025-11-06_10:53:52.208806
ED   18,99.00%,Grace Marrero,(Conservative),4,AD 79,2025-11-06_10:53:52.208806
ED   18,99.00%,Vanessa L. Gibson,(Working Families),9,AD 79,2025-11-06_10:53:52.208806
ED   18,99.00%,WRITE-IN,&nbsp,1,AD 79,2025-11-06_10:53:52.208806
ED   19,99.00%,Vanessa L. Gibson,(Democratic),103,AD 79,2025-11-06_10:53:52.208806
ED   19,99.00%,Grace Marrero,(Republican),4,AD 79,2025-11-06_10:53:52.208806
ED   19,99.00%,Grace Marrero,(Conservative),1,AD 79,2025-11-06_10:53:52.208806
ED   19,99.00%,Vanessa L. Gibson,(Working Families),10,AD 79,2025-11-06_10:53:52.208806
ED   19,99.00%,WRITE-IN,&nbsp,1,AD 79,2025-11-06_10:53:52.208806
ED   20,99.00%,Vanessa L. Gibson,(Democratic),255,AD 79,2025-11-06_10:53:52.208806
ED   20,99.00%,Grace Marrero,(Republican),25,AD 79,2025-11-06_10:53:52.208806
ED   20,99.00%,Grace Marrero,(Conservative),4,AD 79,2025-11-06_10:53:52.208806
ED   20,99.00%,Vanessa L. Gibson,(Working Families),16,AD 79,2025-11-06_10:53:52.208806
ED   20,99.00%,WRITE-IN,&nbsp,1,AD 79,2025-11-06_10:53:52.208806
ED   21,99.00%,Vanessa L. Gibson,(Democratic),162,AD 79,2025-11-06_10:53:52.208806
ED   21,99.00%,Grace Marrero,(Republican),17,AD 79,2025-11-06_10:53:52.208806
ED   21,99.00%,Grace Marrero,(Conservative),8,AD 79,2025-11-06_10:53:52.208806
ED   21,99.00%,Vanessa L. Gibson,(Working Families),18,AD 79,2025-11-06_10:53:52.208806
ED   21,99.00%,WRITE-IN,&nbsp,0,AD 79,2025-11-06_10:53:52.208806
ED   22,99.00%,Vanessa L. Gibson,(Democratic),238,AD 79,2025-11-06_10:53:52.208806
ED   22,99.00%,Grace Marrero,(Republican),26,AD 79,2025-11-06_10:53:52.208806
ED   22,99.00%,Grace Marrero,(Conservative),2,AD 79,2025-11-06_10:53:52.208806
ED   22,99.00%,Vanessa L. Gibson,(Working Families),17,AD 79,2025-11-06_10:53:52.208806
ED   22,99.00%,WRITE-IN,&nbsp,0,AD 79,2025-11-06_10:53:52.208806
ED   23,99.00%,Vanessa L. Gibson,(Democratic),234,AD 79,2025-11-06_10:53:52.208806
ED   23,99.00%,Grace Marrero,(Republican),32,AD 79,2025-11-06_10:53:52.208806
ED   23,99.00%,Grace Marrero,(Conservative),7,AD 79,2025-11-06_10:53:52.208806
ED   23,99.00%,Vanessa L. Gibson,(Working Families),28,AD 79,2025-11-06_10:53:52.208806
ED   23,99.00%,WRITE-IN,&nbsp,0,AD 79,2025-11-06_10:53:52.208806
ED   24,99.00%,Vanessa L. Gibson,(Democratic),197,AD 79,2025-11-06_10:53:52.208806
ED   24,99.00%,Grace Marrero,(Republican),19,AD 79,2025-11-06_10:53:52.208806
ED   24,99.00%,Grace Marrero,(Conservative),5,AD 79,2025-11-06_10:53:52.208806
ED   24,99.00%,Vanessa L. Gibson,(Working Families),24,AD 79,2025-11-06_10:53:52.208806
ED   24,99.00%,WRITE-IN,&nbsp,0,AD 79,2025-11-06_10:53:52.208806
ED   25,99.00%,Vanessa L. Gibson,(Democratic),99,AD 79,2025-11-06_10:53:52.208806
ED   25,99.00%,Grace Marrero,(Republican),14,AD 79,2025-11-06_10:53:52.208806
ED   25,99.00%,Grace Marrero,(Conservative),1,AD 79,2025-11-06_10:53:52.208806
ED   25,99.00%,Vanessa L. Gibson,(Working Families),8,AD 79,2025-11-06_10:53:52.208806
ED   25,99.00%,WRITE-IN,&nbsp,1,AD 79,2025-11-06_10:53:52.208806
ED   26,99.00%,Vanessa L. Gibson,(Democratic),109,AD 79,2025-11-06_10:53:52.208806
ED   26,99.00%,Grace Marrero,(Republican),18,AD 79,2025-11-06_10:53:52.208806
ED   26,99.00%,Grace Marrero,(Conservative),1,AD 79,2025-11-06_10:53:52.208806
ED   26,99.00%,Vanessa L. Gibson,(Working Families),12,AD 79,2025-11-06_10:53:52.208806
ED   26,99.00%,WRITE-IN,&nbsp,2,AD 79,2025-11-06_10:53:52.208806
ED   27,99.00%,Vanessa L. Gibson,(Democratic),245,AD 79,2025-11-06_10:53:52.208806
ED   27,99.00%,Grace Marrero,(Republican),28,AD 79,2025-11-06_10:53:52.208806
ED   27,99.00%,Grace Marrero,(Conservative),8,AD 79,2025-11-06_10:53:52.208806
ED   27,99.00%,Vanessa L. Gibson,(Working Families),26,AD 79,2025-11-06_10:53:52.208806
ED   27,99.00%,WRITE-IN,&nbsp,0,AD 79,2025-11-06_10:53:52.208806
ED   28,99.00%,Vanessa L. Gibson,(Democratic),280,AD 79,2025-11-06_10:53:52.208806
ED   28,99.00%,Grace Marrero,(Republican),33,AD 79,2025-11-06_10:53:52.208806
ED   28,99.00%,Grace Marrero,(Conservative),8,AD 79,2025-11-06_10:53:52.208806
ED   28,99.00%,Vanessa L. Gibson,(Working Families),36,AD 79,2025-11-06_10:53:52.208806
ED   28,99.00%,WRITE-IN,&nbsp,1,AD 79,2025-11-06_10:53:52.208806
ED   29,99.00%,Vanessa L. Gibson,(Democratic),278,AD 79,2025-11-06_10:53:52.208806
ED   29,99.00%,Grace Marrero,(Republican),31,AD 79,2025-11-06_10:53:52.208806
ED   29,99.00%,Grace Marrero,(Conservative),14,AD 79,2025-11-06_10:53:52.208806
ED   29,99.00%,Vanessa L. Gibson,(Working Families),23,AD 79,2025-11-06_10:53:52.208806
ED   29,99.00%,WRITE-IN,&nbsp,1,AD 79,2025-11-06_10:53:52.208806
ED   30,99.00%,Vanessa L. Gibson,(Democratic),168,AD 79,2025-11-06_10:53:52.208806
ED   30,99.00%,Grace Marrero,(Republican),15,AD 79,2025-11-06_10:53:52.208806
ED   30,99.00%,Grace Marrero,(Conservative),3,AD 79,2025-11-06_10:53:52.208806
ED   30,99.00%,Vanessa L. Gibson,(Working Families),20,AD 79,2025-11-06_10:53:52.208806
ED   30,99.00%,WRITE-IN,&nbsp,0,AD 79,2025-11-06_10:53:52.208806
ED   31,99.00%,Vanessa L. Gibson,(Democratic),171,AD 79,2025-11-06_10:53:52.208806
ED   31,99.00%,Grace Marrero,(Republican),18,AD 79,2025-11-06_10:53:52.208806
ED   31,99.00%,Grace Marrero,(Conservative),5,AD 79,2025-11-06_10:53:52.208806
ED   31,99.00%,Vanessa L. Gibson,(Working Families),17,AD 79,2025-11-06_10:53:52.208806
ED   31,99.00%,WRITE-IN,&nbsp,0,AD 79,2025-11-06_10:53:52.208806
ED   32,99.00%,Vanessa L. Gibson,(Democratic),284,AD 79,2025-11-06_10:53:52.208806
ED   32,99.00%,Grace Marrero,(Republican),50,AD 79,2025-11-06_10:53:52.208806
ED   32,99.00%,Grace Marrero,(Conservative),8,AD 79,2025-11-06_10:53:52.208806
ED   32,99.00%,Vanessa L. Gibson,(Working Families),22,AD 79,2025-11-06_10:53:52.208806
ED   32,99.00%,WRITE-IN,&nbsp,1,AD 79,2025-11-06_10:53:52.208806
ED   33,83.33%,Vanessa L. Gibson,(Democratic),157,AD 79,2025-11-06_10:53:52.208806
ED   33,83.33%,Grace Marrero,(Republican),18,AD 79,2025-11-06_10:53:52.208806
ED   33,83.33%,Grace Marrero,(Conservative),4,AD 79,2025-11-06_10:53:52.208806
ED   33,83.33%,Vanessa L. Gibson,(Working Families),14,AD 79,2025-11-06_10:53:52.208806
ED   33,83.33%,WRITE-IN,&nbsp,0,AD 79,2025-11-06_10:53:52.208806
ED   34,99.00%,Vanessa L. Gibson,(Democratic),276,AD 79,2025-11-06_10:53:52.208806
ED   34,99.00%,Grace Marrero,(Republican),32,AD 79,2025-11-06_10:53:52.208806
ED   34,99.00%,Grace Marrero,(Conservative),9,AD 79,2025-11-06_10:53:52.208806
ED   34,99.00%,Vanessa L. Gibson,(Working Families),26,AD 79,2025-11-06_10:53:52.208806
ED   34,99.00%,WRITE-IN,&nbsp,0,AD 79,2025-11-06_10:53:52.208806
ED   35,99.00%,Vanessa L. Gibson,(Democratic),257,AD 79,2025-11-06_10:53:52.208806
ED   35,99.00%,Grace Marrero,(Republican),24,AD 79,2025-11-06_10:53:52.208806
ED   35,99.00%,Grace Marrero,(Conservative),2,AD 79,2025-11-06_10:53:52.208806
ED   35,99.00%,Vanessa L. Gibson,(Working Families),31,AD 79,2025-11-06_10:53:52.208806
ED   35,99.00%,WRITE-IN,&nbsp,1,AD 79,2025-11-06_10:53:52.208806
ED   36,99.00%,Vanessa L. Gibson,(Democratic),191,AD 79,2025-11-06_10:53:52.208806
ED   36,99.00%,Grace Marrero,(Republican),20,AD 79,2025-11-06_10:53:52.208806
ED   36,99.00%,Grace Marrero,(Conservative),6,AD 79,2025-11-06_10:53:52.208806
ED   36,99.00%,Vanessa L. Gibson,(Working Families),16,AD 79,2025-11-06_10:53:52.208806
ED   36,99.00%,WRITE-IN,&nbsp,4,AD 79,2025-11-06_10:53:52.208806
ED   37,99.00%,Vanessa L. Gibson,(Democratic),238,AD 79,2025-11-06_10:53:52.208806
ED   37,99.00%,Grace Marrero,(Republican),40,AD 79,2025-11-06_10:53:52.208806
ED   37,99.00%,Grace Marrero,(Conservative),6,AD 79,2025-11-06_10:53:52.208806
ED   37,99.00%,Vanessa L. Gibson,(Working Families),27,AD 79,2025-11-06_10:53:52.208806
ED   37,99.00%,WRITE-IN,&nbsp,1,AD 79,2025-11-06_10:53:52.208806
ED   38,99.00%,Vanessa L. Gibson,(Democratic),174,AD 79,2025-11-06_10:53:52.208806
ED   38,99.00%,Grace Marrero,(Republican),15,AD 79,2025-11-06_10:53:52.208806
ED   38,99.00%,Grace Marrero,(Conservative),2,AD 79,2025-11-06_10:53:52.208806
ED   38,99.00%,Vanessa L. Gibson,(Working Families),16,AD 79,2025-11-06_10:53:52.208806
ED   38,99.00%,WRITE-IN,&nbsp,0,AD 79,2025-11-06_10:53:52.208806
ED   39,99.00%,Vanessa L. Gibson,(Democratic),155,AD 79,2025-11-06_10:53:52.208806
ED   39,99.00%,Grace Marrero,(Republican),17,AD 79,2025-11-06_10:53:52.208806
ED   39,99.00%,Grace Marrero,(Conservative),3,AD 79,2025-11-06_10:53:52.208806
ED   39,99.00%,Vanessa L. Gibson,(Working Families),19,AD 79,2025-11-06_10:53:52.208806
ED   39,99.00%,WRITE-IN,&nbsp,1,AD 79,2025-11-06_10:53:52.208806
ED   40,99.00%,Vanessa L. Gibson,(Democratic),304,AD 79,2025-11-06_10:53:52.208806
ED   40,99.00%,Grace Marrero,(Republican),39,AD 79,2025-11-06_10:53:52.208806
ED   40,99.00%,Grace Marrero,(Conservative),7,AD 79,2025-11-06_10:53:52.208806
ED   40,99.00%,Vanessa L. Gibson,(Working Families),28,AD 79,2025-11-06_10:53:52.208806
ED   40,99.00%,WRITE-IN,&nbsp,0,AD 79,2025-11-06_10:53:52.208806
ED   41,99.00%,Vanessa L. Gibson,(Democratic),226,AD 79,2025-11-06_10:53:52.208806
ED   41,99.00%,Grace Marrero,(Republican),20,AD 79,2025-11-06_10:53:52.208806
ED   41,99.00%,Grace Marrero,(Conservative),7,AD 79,2025-11-06_10:53:52.208806
ED   41,99.00%,Vanessa L. Gibson,(Working Families),25,AD 79,2025-11-06_10:53:52.208806
ED   41,99.00%,WRITE-IN,&nbsp,0,AD 79,2025-11-06_10:53:52.208806
ED   42,99.00%,Vanessa L. Gibson,(Democratic),205,AD 79,2025-11-06_10:53:52.208806
ED   42,99.00%,Grace Marrero,(Republican),16,AD 79,2025-11-06_10:53:52.208806
ED   42,99.00%,Grace Marrero,(Conservative),8,AD 79,2025-11-06_10:53:52.208806
ED   42,99.00%,Vanessa L. Gibson,(Working Families),28,AD 79,2025-11-06_10:53:52.208806
ED   42,99.00%,WRITE-IN,&nbsp,0,AD 79,2025-11-06_10:53:52.208806
ED   43,99.00%,Vanessa L. Gibson,(Democratic),344,AD 79,2025-11-06_10:53:52.208806
ED   43,99.00%,Grace Marrero,(Republican),25,AD 79,2025-11-06_10:53:52.208806
ED   43,99.00%,Grace Marrero,(Conservative),7,AD 79,2025-11-06_10:53:52.208806
ED   43,99.00%,Vanessa L. Gibson,(Working Families),30,AD 79,2025-11-06_10:53:52.208806
ED   43,99.00%,WRITE-IN,&nbsp,0,AD 79,2025-11-06_10:53:52.208806
ED   44,99.00%,Vanessa L. Gibson,(Democratic),194,AD 79,2025-11-06_10:53:52.208806
ED   44,99.00%,Grace Marrero,(Republican),23,AD 79,2025-11-06_10:53:52.208806
ED   44,99.00%,Grace Marrero,(Conservative),7,AD 79,2025-11-06_10:53:52.208806
ED   44,99.00%,Vanessa L. Gibson,(Working Families),21,AD 79,2025-11-06_10:53:52.208806
ED   44,99.00%,WRITE-IN,&nbsp,2,AD 79,2025-11-06_10:53:52.208806
ED   45,99.00%,Vanessa L. Gibson,(Democratic),272,AD 79,2025-11-06_10:53:52.208806
ED   45,99.00%,Grace Marrero,(Republican),32,AD 79,2025-11-06_10:53:52.208806
ED   45,99.00%,Grace Marrero,(Conservative),5,AD 79,2025-11-06_10:53:52.208806
ED   45,99.00%,Vanessa L. Gibson,(Working Families),31,AD 79,2025-11-06_10:53:52.208806
ED   45,99.00%,WRITE-IN,&nbsp,0,AD 79,2025-11-06_10:53:52.208806
ED   46,99.00%,Vanessa L. Gibson,(Democratic),288,AD 79,2025-11-06_10:53:52.208806
ED   46,99.00%,Grace Marrero,(Republican),37,AD 79,2025-11-06_10:53:52.208806
ED   46,99.00%,Grace Marrero,(Conservative),4,AD 79,2025-11-06_10:53:52.208806
ED   46,99.00%,Vanessa L. Gibson,(Working Families),43,AD 79,2025-11-06_10:53:52.208806
ED   46,99.00%,WRITE-IN,&nbsp,0,AD 79,2025-11-06_10:53:52.208806
ED   47,99.00%,Vanessa L. Gibson,(Democratic),301,AD 79,2025-11-06_10:53:52.208806
ED   47,99.00%,Grace Marrero,(Republican),40,AD 79,2025-11-06_10:53:52.208806
ED   47,99.00%,Grace Marrero,(Conservative),8,AD 79,2025-11-06_10:53:52.208806
ED   47,99.00%,Vanessa L. Gibson,(Working Families),43,AD 79,2025-11-06_10:53:52.208806
ED   47,99.00%,WRITE-IN,&nbsp,0,AD 79,2025-11-06_10:53:52.208806
ED   48,99.00%,Vanessa L. Gibson,(Democratic),39,AD 79,2025-11-06_10:53:52.208806
ED   48,99.00%,Grace Marrero,(Republican),4,AD 79,2025-11-06_10:53:52.208806
ED   48,99.00%,Grace Marrero,(Conservative),0,AD 79,2025-11-06_10:53:52.208806
ED   48,99.00%,Vanessa L. Gibson,(Working Families),4,AD 79,2025-11-06_10:53:52.208806
ED   48,99.00%,WRITE-IN,&nbsp,0,AD 79,2025-11-06_10:53:52.208806
ED   49,99.00%,Vanessa L. Gibson,(Democratic),167,AD 79,2025-11-06_10:53:52.208806
ED   49,99.00%,Grace Marrero,(Republican),31,AD 79,2025-11-06_10:53:52.208806
ED   49,99.00%,Grace Marrero,(Conservative),7,AD 79,2025-11-06_10:53:52.208806
ED   49,99.00%,Vanessa L. Gibson,(Working Families),25,AD 79,2025-11-06_10:53:52.208806
ED   49,99.00%,WRITE-IN,&nbsp,4,AD 79,2025-11-06_10:53:52.208806
ED   50,99.00%,Vanessa L. Gibson,(Democratic),223,AD 79,2025-11-06_10:53:52.208806
ED   50,99.00%,Grace Marrero,(Republican),14,AD 79,2025-11-06_10:53:52.208806
ED   50,99.00%,Grace Marrero,(Conservative),4,AD 79,2025-11-06_10:53:52.208806
ED   50,99.00%,Vanessa L. Gibson,(Working Families),29,AD 79,2025-11-06_10:53:52.208806
ED   50,99.00%,WRITE-IN,&nbsp,0,AD 79,2025-11-06_10:53:52.208806
ED   51,99.00%,Vanessa L. Gibson,(Democratic),233,AD 79,2025-11-06_10:53:52.208806
ED   51,99.00%,Grace Marrero,(Republican),24,AD 79,2025-11-06_10:53:52.208806
ED   51,99.00%,Grace Marrero,(Conservative),3,AD 79,2025-11-06_10:53:52.208806
ED   51,99.00%,Vanessa L. Gibson,(Working Families),30,AD 79,2025-11-06_10:53:52.208806
ED   51,99.00%,WRITE-IN,&nbsp,2,AD 79,2025-11-06_10:53:52.208806
ED   52,99.00%,Vanessa L. Gibson,(Democratic),241,AD 79,2025-11-06_10:53:52.208806
ED   52,99.00%,Grace Marrero,(Republican),34,AD 79,2025-11-06_10:53:52.208806
ED   52,99.00%,Grace Marrero,(Conservative),5,AD 79,2025-11-06_10:53:52.208806
ED   52,99.00%,Vanessa L. Gibson,(Working Families),33,AD 79,2025-11-06_10:53:52.208806
ED   52,99.00%,WRITE-IN,&nbsp,3,AD 79,2025-11-06_10:53:52.208806
ED   53,99.00%,Vanessa L. Gibson,(Democratic),168,AD 79,2025-11-06_10:53:52.208806
ED   53,99.00%,Grace Marrero,(Republican),11,AD 79,2025-11-06_10:53:52.208806
ED   53,99.00%,Grace Marrero,(Conservative),1,AD 79,2025-11-06_10:53:52.208806
ED   53,99.00%,Vanessa L. Gibson,(Working Families),9,AD 79,2025-11-06_10:53:52.208806
ED   53,99.00%,WRITE-IN,&nbsp,2,AD 79,2025-11-06_10:53:52.208806
ED   54,99.00%,Vanessa L. Gibson,(Democratic),394,AD 79,2025-11-06_10:53:52.208806
ED   54,99.00%,Grace Marrero,(Republican),21,AD 79,2025-11-06_10:53:52.208806
ED   54,99.00%,Grace Marrero,(Conservative),1,AD 79,2025-11-06_10:53:52.208806
ED   54,99.00%,Vanessa L. Gibson,(Working Families),34,AD 79,2025-11-06_10:53:52.208806
ED   54,99.00%,WRITE-IN,&nbsp,1,AD 79,2025-11-06_10:53:52.208806
ED   55,99.00%,Vanessa L. Gibson,(Democratic),525,AD 79,2025-11-06_10:53:52.208806
ED   55,99.00%,Grace Marrero,(Republican),32,AD 79,2025-11-06_10:53:52.208806
ED   55,99.00%,Grace Marrero,(Conservative),8,AD 79,2025-11-06_10:53:52.208806
ED   55,99.00%,Vanessa L. Gibson,(Working Families),40,AD 79,2025-11-06_10:53:52.208806
ED   55,99.00%,WRITE-IN,&nbsp,3,AD 79,2025-11-06_10:53:52.208806
ED   56,99.00%,Vanessa L. Gibson,(Democratic),272,AD 79,2025-11-06_10:53:52.208806
ED   56,99.00%,Grace Marrero,(Republican),18,AD 79,2025-11-06_10:53:52.208806
ED   56,99.00%,Grace Marrero,(Conservative),6,AD 79,2025-11-06_10:53:52.208806
ED   56,99.00%,Vanessa L. Gibson,(Working Families),30,AD 79,2025-11-06_10:53:52.208806
ED   56,99.00%,WRITE-IN,&nbsp,0,AD 79,2025-11-06_10:53:52.208806
ED   57,99.00%,Vanessa L. Gibson,(Democratic),98,AD 79,2025-11-06_10:53:52.208806
ED   57,99.00%,Grace Marrero,(Republican),17,AD 79,2025-11-06_10:53:52.208806
ED   57,99.00%,Grace Marrero,(Conservative),4,AD 79,2025-11-06_10:53:52.208806
ED   57,99.00%,Vanessa L. Gibson,(Working Families),18,AD 79,2025-11-06_10:53:52.208806
ED   57,99.00%,WRITE-IN,&nbsp,0,AD 79,2025-11-06_10:53:52.208806
Total,,Vanessa L. Gibson,(Democratic),11876,AD 79,2025-11-06_10:53:52.208806
Total,,Grace Marrero,(Republican),1242,AD 79,2025-11-06_10:53:52.208806
Total,,Grace Marrero,(Conservative),256,AD 79,2025-11-06_10:53:52.208806
Total,,Vanessa L. Gibson,(Working Families),1194,AD 79,2025-11-06_10:53:52.208806
Total,,WRITE-IN,&nbsp,34,AD 79,2025-11-06_10:53:52.208806
ED    1,99.00%,Vanessa L. Gibson,(Democratic),169,AD 80,2025-11-06_10:53:52.208806
ED    1,99.00%,Grace Marrero,(Republican),41,AD 80,2025-11-06_10:53:52.208806
ED    1,99.00%,Grace Marrero,(Conservative),5,AD 80,2025-11-06_10:53:52.208806
ED    1,99.00%,Vanessa L. Gibson,(Working Families),19,AD 80,2025-11-06_10:53:52.208806
ED    1,99.00%,WRITE-IN,&nbsp,0,AD 80,2025-11-06_10:53:52.208806
ED    2,99.00%,Vanessa L. Gibson,(Democratic),184,AD 80,2025-11-06_10:53:52.208806
ED    2,99.00%,Grace Marrero,(Republican),32,AD 80,2025-11-06_10:53:52.208806
ED    2,99.00%,Grace Marrero,(Conservative),2,AD 80,2025-11-06_10:53:52.208806
ED    2,99.00%,Vanessa L. Gibson,(Working Families),22,AD 80,2025-11-06_10:53:52.208806
ED    2,99.00%,WRITE-IN,&nbsp,0,AD 80,2025-11-06_10:53:52.208806
ED    3,90.00%,Vanessa L. Gibson,(Democratic),174,AD 80,2025-11-06_10:53:52.208806
ED    3,90.00%,Grace Marrero,(Republican),24,AD 80,2025-11-06_10:53:52.208806
ED    3,90.00%,Grace Marrero,(Conservative),6,AD 80,2025-11-06_10:53:52.208806
ED    3,90.00%,Vanessa L. Gibson,(Working Families),13,AD 80,2025-11-06_10:53:52.208806
ED    3,90.00%,WRITE-IN,&nbsp,2,AD 80,2025-11-06_10:53:52.208806
ED    4,99.00%,Vanessa L. Gibson,(Democratic),126,AD 80,2025-11-06_10:53:52.208806
ED    4,99.00%,Grace Marrero,(Republican),139,AD 80,2025-11-06_10:53:52.208806
ED    4,99.00%,Grace Marrero,(Conservative),14,AD 80,2025-11-06_10:53:52.208806
ED    4,99.00%,Vanessa L. Gibson,(Working Families),20,AD 80,2025-11-06_10:53:52.208806
ED    4,99.00%,WRITE-IN,&nbsp,0,AD 80,2025-11-06_10:53:52.208806
ED    5,99.00%,Vanessa L. Gibson,(Democratic),284,AD 80,2025-11-06_10:53:52.208806
ED    5,99.00%,Grace Marrero,(Republican),53,AD 80,2025-11-06_10:53:52.208806
ED    5,99.00%,Grace Marrero,(Conservative),14,AD 80,2025-11-06_10:53:52.208806
ED    5,99.00%,Vanessa L. Gibson,(Working Families),24,AD 80,2025-11-06_10:53:52.208806
ED    5,99.00%,WRITE-IN,&nbsp,0,AD 80,2025-11-06_10:53:52.208806
ED    6,99.00%,Vanessa L. Gibson,(Democratic),305,AD 80,2025-11-06_10:53:52.208806
ED    6,99.00%,Grace Marrero,(Republican),112,AD 80,2025-11-06_10:53:52.208806
ED    6,99.00%,Grace Marrero,(Conservative),15,AD 80,2025-11-06_10:53:52.208806
ED    6,99.00%,Vanessa L. Gibson,(Working Families),46,AD 80,2025-11-06_10:53:52.208806
ED    6,99.00%,WRITE-IN,&nbsp,0,AD 80,2025-11-06_10:53:52.208806
ED    7,87.50%,Vanessa L. Gibson,(Democratic),236,AD 80,2025-11-06_10:53:52.208806
ED    7,87.50%,Grace Marrero,(Republican),108,AD 80,2025-11-06_10:53:52.208806
ED    7,87.50%,Grace Marrero,(Conservative),17,AD 80,2025-11-06_10:53:52.208806
ED    7,87.50%,Vanessa L. Gibson,(Working Families),24,AD 80,2025-11-06_10:53:52.208806
ED    7,87.50%,WRITE-IN,&nbsp,1,AD 80,2025-11-06_10:53:52.208806
ED    8,99.00%,Vanessa L. Gibson,(Democratic),305,AD 80,2025-11-06_10:53:52.208806
ED    8,99.00%,Grace Marrero,(Republican),71,AD 80,2025-11-06_10:53:52.208806
ED    8,99.00%,Grace Marrero,(Conservative),9,AD 80,2025-11-06_10:53:52.208806
ED    8,99.00%,Vanessa L. Gibson,(Working Families),51,AD 80,2025-11-06_10:53:52.208806
ED    8,99.00%,WRITE-IN,&nbsp,0,AD 80,2025-11-06_10:53:52.208806
ED    9,99.00%,Vanessa L. Gibson,(Democratic),235,AD 80,2025-11-06_10:53:52.208806
ED    9,99.00%,Grace Marrero,(Republican),66,AD 80,2025-11-06_10:53:52.208806
ED    9,99.00%,Grace Marrero,(Conservative),7,AD 80,2025-11-06_10:53:52.208806
ED    9,99.00%,Vanessa L. Gibson,(Working Families),25,AD 80,2025-11-06_10:53:52.208806
ED    9,99.00%,WRITE-IN,&nbsp,3,AD 80,2025-11-06_10:53:52.208806
ED   10,99.00%,Vanessa L. Gibson,(Democratic),202,AD 80,2025-11-06_10:53:52.208806
ED   10,99.00%,Grace Marrero,(Republican),134,AD 80,2025-11-06_10:53:52.208806
ED   10,99.00%,Grace Marrero,(Conservative),11,AD 80,2025-11-06_10:53:52.208806
ED   10,99.00%,Vanessa L. Gibson,(Working Families),25,AD 80,2025-11-06_10:53:52.208806
ED   10,99.00%,WRITE-IN,&nbsp,1,AD 80,2025-11-06_10:53:52.208806
ED   11,99.00%,Vanessa L. Gibson,(Democratic),261,AD 80,2025-11-06_10:53:52.208806
ED   11,99.00%,Grace Marrero,(Republican),82,AD 80,2025-11-06_10:53:52.208806
ED   11,99.00%,Grace Marrero,(Conservative),11,AD 80,2025-11-06_10:53:52.208806
ED   11,99.00%,Vanessa L. Gibson,(Working Families),21,AD 80,2025-11-06_10:53:52.208806
ED   11,99.00%,WRITE-IN,&nbsp,1,AD 80,2025-11-06_10:53:52.208806
ED   12,99.00%,Vanessa L. Gibson,(Democratic),310,AD 80,2025-11-06_10:53:52.208806
ED   12,99.00%,Grace Marrero,(Republican),73,AD 80,2025-11-06_10:53:52.208806
ED   12,99.00%,Grace Marrero,(Conservative),10,AD 80,2025-11-06_10:53:52.208806
ED   12,99.00%,Vanessa L. Gibson,(Working Families),36,AD 80,2025-11-06_10:53:52.208806
ED   12,99.00%,WRITE-IN,&nbsp,0,AD 80,2025-11-06_10:53:52.208806
ED   13,99.00%,Vanessa L. Gibson,(Democratic),349,AD 80,2025-11-06_10:53:52.208806
ED   13,99.00%,Grace Marrero,(Republican),71,AD 80,2025-11-06_10:53:52.208806
ED   13,99.00%,Grace Marrero,(Conservative),15,AD 80,2025-11-06_10:53:52.208806
ED   13,99.00%,Vanessa L. Gibson,(Working Families),51,AD 80,2025-11-06_10:53:52.208806
ED   13,99.00%,WRITE-IN,&nbsp,1,AD 80,2025-11-06_10:53:52.208806
ED   14,99.00%,Vanessa L. Gibson,(Democratic),348,AD 80,2025-11-06_10:53:52.208806
ED   14,99.00%,Grace Marrero,(Republican),60,AD 80,2025-11-06_10:53:52.208806
ED   14,99.00%,Grace Marrero,(Conservative),12,AD 80,2025-11-06_10:53:52.208806
ED   14,99.00%,Vanessa L. Gibson,(Working Families),40,AD 80,2025-11-06_10:53:52.208806
ED   14,99.00%,WRITE-IN,&nbsp,0,AD 80,2025-11-06_10:53:52.208806
ED   15,99.00%,Vanessa L. Gibson,(Democratic),345,AD 80,2025-11-06_10:53:52.208806
ED   15,99.00%,Grace Marrero,(Republican),57,AD 80,2025-11-06_10:53:52.208806
ED   15,99.00%,Grace Marrero,(Conservative),11,AD 80,2025-11-06_10:53:52.208806
ED   15,99.00%,Vanessa L. Gibson,(Working Families),34,AD 80,2025-11-06_10:53:52.208806
ED   15,99.00%,WRITE-IN,&nbsp,1,AD 80,2025-11-06_10:53:52.208806
ED   16,99.00%,Vanessa L. Gibson,(Democratic),294,AD 80,2025-11-06_10:53:52.208806
ED   16,99.00%,Grace Marrero,(Republican),73,AD 80,2025-11-06_10:53:52.208806
ED   16,99.00%,Grace Marrero,(Conservative),4,AD 80,2025-11-06_10:53:52.208806
ED   16,99.00%,Vanessa L. Gibson,(Working Families),40,AD 80,2025-11-06_10:53:52.208806
ED   16,99.00%,WRITE-IN,&nbsp,1,AD 80,2025-11-06_10:53:52.208806
ED   17,99.00%,Vanessa L. Gibson,(Democratic),354,AD 80,2025-11-06_10:53:52.208806
ED   17,99.00%,Grace Marrero,(Republican),69,AD 80,2025-11-06_10:53:52.208806
ED   17,99.00%,Grace Marrero,(Conservative),12,AD 80,2025-11-06_10:53:52.208806
ED   17,99.00%,Vanessa L. Gibson,(Working Families),62,AD 80,2025-11-06_10:53:52.208806
ED   17,99.00%,WRITE-IN,&nbsp,0,AD 80,2025-11-06_10:53:52.208806
ED   18,99.00%,Vanessa L. Gibson,(Democratic),213,AD 80,2025-11-06_10:53:52.208806
ED   18,99.00%,Grace Marrero,(Republican),123,AD 80,2025-11-06_10:53:52.208806
ED   18,99.00%,Grace Marrero,(Conservative),6,AD 80,2025-11-06_10:53:52.208806
ED   18,99.00%,Vanessa L. Gibson,(Working Families),22,AD 80,2025-11-06_10:53:52.208806
ED   18,99.00%,WRITE-IN,&nbsp,4,AD 80,2025-11-06_10:53:52.208806
ED   19,99.00%,Vanessa L. Gibson,(Democratic),184,AD 80,2025-11-06_10:53:52.208806
ED   19,99.00%,Grace Marrero,(Republican),110,AD 80,2025-11-06_10:53:52.208806
ED   19,99.00%,Grace Marrero,(Conservative),11,AD 80,2025-11-06_10:53:52.208806
ED   19,99.00%,Vanessa L. Gibson,(Working Families),24,AD 80,2025-11-06_10:53:52.208806
ED   19,99.00%,WRITE-IN,&nbsp,1,AD 80,2025-11-06_10:53:52.208806
ED   20,99.00%,Vanessa L. Gibson,(Democratic),266,AD 80,2025-11-06_10:53:52.208806
ED   20,99.00%,Grace Marrero,(Republican),289,AD 80,2025-11-06_10:53:52.208806
ED   20,99.00%,Grace Marrero,(Conservative),35,AD 80,2025-11-06_10:53:52.208806
ED   20,99.00%,Vanessa L. Gibson,(Working Families),37,AD 80,2025-11-06_10:53:52.208806
ED   20,99.00%,WRITE-IN,&nbsp,4,AD 80,2025-11-06_10:53:52.208806
ED   21,99.00%,Vanessa L. Gibson,(Democratic),358,AD 80,2025-11-06_10:53:52.208806
ED   21,99.00%,Grace Marrero,(Republican),108,AD 80,2025-11-06_10:53:52.208806
ED   21,99.00%,Grace Marrero,(Conservative),14,AD 80,2025-11-06_10:53:52.208806
ED   21,99.00%,Vanessa L. Gibson,(Working Families),69,AD 80,2025-11-06_10:53:52.208806
ED   21,99.00%,WRITE-IN,&nbsp,1,AD 80,2025-11-06_10:53:52.208806
ED   22,99.00%,Vanessa L. Gibson,(Democratic),190,AD 80,2025-11-06_10:53:52.208806
ED   22,99.00%,Grace Marrero,(Republican),54,AD 80,2025-11-06_10:53:52.208806
ED   22,99.00%,Grace Marrero,(Conservative),6,AD 80,2025-11-06_10:53:52.208806
ED   22,99.00%,Vanessa L. Gibson,(Working Families),16,AD 80,2025-11-06_10:53:52.208806
ED   22,99.00%,WRITE-IN,&nbsp,1,AD 80,2025-11-06_10:53:52.208806
ED   23,99.00%,Vanessa L. Gibson,(Democratic),295,AD 80,2025-11-06_10:53:52.208806
ED   23,99.00%,Grace Marrero,(Republican),234,AD 80,2025-11-06_10:53:52.208806
ED   23,99.00%,Grace Marrero,(Conservative),21,AD 80,2025-11-06_10:53:52.208806
ED   23,99.00%,Vanessa L. Gibson,(Working Families),34,AD 80,2025-11-06_10:53:52.208806
ED   23,99.00%,WRITE-IN,&nbsp,3,AD 80,2025-11-06_10:53:52.208806
ED   24,99.00%,Vanessa L. Gibson,(Democratic),267,AD 80,2025-11-06_10:53:52.208806
ED   24,99.00%,Grace Marrero,(Republican),118,AD 80,2025-11-06_10:53:52.208806
ED   24,99.00%,Grace Marrero,(Conservative),16,AD 80,2025-11-06_10:53:52.208806
ED   24,99.00%,Vanessa L. Gibson,(Working Families),30,AD 80,2025-11-06_10:53:52.208806
ED   24,99.00%,WRITE-IN,&nbsp,0,AD 80,2025-11-06_10:53:52.208806
ED   25,99.00%,Vanessa L. Gibson,(Democratic),162,AD 80,2025-11-06_10:53:52.208806
ED   25,99.00%,Grace Marrero,(Republican),46,AD 80,2025-11-06_10:53:52.208806
ED   25,99.00%,Grace Marrero,(Conservative),7,AD 80,2025-11-06_10:53:52.208806
ED   25,99.00%,Vanessa L. Gibson,(Working Families),13,AD 80,2025-11-06_10:53:52.208806
ED   25,99.00%,WRITE-IN,&nbsp,0,AD 80,2025-11-06_10:53:52.208806
ED   26,87.50%,Vanessa L. Gibson,(Democratic),346,AD 80,2025-11-06_10:53:52.208806
ED   26,87.50%,Grace Marrero,(Republican),105,AD 80,2025-11-06_10:53:52.208806
ED   26,87.50%,Grace Marrero,(Conservative),16,AD 80,2025-11-06_10:53:52.208806
ED   26,87.50%,Vanessa L. Gibson,(Working Families),39,AD 80,2025-11-06_10:53:52.208806
ED   26,87.50%,WRITE-IN,&nbsp,0,AD 80,2025-11-06_10:53:52.208806
ED   27,87.50%,Vanessa L. Gibson,(Democratic),88,AD 80,2025-11-06_10:53:52.208806
ED   27,87.50%,Grace Marrero,(Republican),15,AD 80,2025-11-06_10:53:52.208806
ED   27,87.50%,Grace Marrero,(Conservative),3,AD 80,2025-11-06_10:53:52.208806
ED   27,87.50%,Vanessa L. Gibson,(Working Families),8,AD 80,2025-11-06_10:53:52.208806
ED   27,87.50%,WRITE-IN,&nbsp,0,AD 80,2025-11-06_10:53:52.208806
ED   28,99.00%,Vanessa L. Gibson,(Democratic),58,AD 80,2025-11-06_10:53:52.208806
ED   28,99.00%,Grace Marrero,(Republican),10,AD 80,2025-11-06_10:53:52.208806
ED   28,99.00%,Grace Marrero,(Conservative),4,AD 80,2025-11-06_10:53:52.208806
ED   28,99.00%,Vanessa L. Gibson,(Working Families),6,AD 80,2025-11-06_10:53:52.208806
ED   28,99.00%,WRITE-IN,&nbsp,1,AD 80,2025-11-06_10:53:52.208806
ED   29,87.50%,Vanessa L. Gibson,(Democratic),355,AD 80,2025-11-06_10:53:52.208806
ED   29,87.50%,Grace Marrero,(Republican),76,AD 80,2025-11-06_10:53:52.208806
ED   29,87.50%,Grace Marrero,(Conservative),18,AD 80,2025-11-06_10:53:52.208806
ED   29,87.50%,Vanessa L. Gibson,(Working Families),23,AD 80,2025-11-06_10:53:52.208806
ED   29,87.50%,WRITE-IN,&nbsp,0,AD 80,2025-11-06_10:53:52.208806
ED   30,99.00%,Vanessa L. Gibson,(Democratic),312,AD 80,2025-11-06_10:53:52.208806
ED   30,99.00%,Grace Marrero,(Republican),57,AD 80,2025-11-06_10:53:52.208806
ED   30,99.00%,Grace Marrero,(Conservative),10,AD 80,2025-11-06_10:53:52.208806
ED   30,99.00%,Vanessa L. Gibson,(Working Families),27,AD 80,2025-11-06_10:53:52.208806
ED   30,99.00%,WRITE-IN,&nbsp,2,AD 80,2025-11-06_10:53:52.208806
ED   31,99.00%,Vanessa L. Gibson,(Democratic),267,AD 80,2025-11-06_10:53:52.208806
ED   31,99.00%,Grace Marrero,(Republican),37,AD 80,2025-11-06_10:53:52.208806
ED   31,99.00%,Grace Marrero,(Conservative),7,AD 80,2025-11-06_10:53:52.208806
ED   31,99.00%,Vanessa L. Gibson,(Working Families),33,AD 80,2025-11-06_10:53:52.208806
ED   31,99.00%,WRITE-IN,&nbsp,0,AD 80,2025-11-06_10:53:52.208806
ED   32,99.00%,Vanessa L. Gibson,(Democratic),167,AD 80,2025-11-06_10:53:52.208806
ED   32,99.00%,Grace Marrero,(Republican),29,AD 80,2025-11-06_10:53:52.208806
ED   32,99.00%,Grace Marrero,(Conservative),5,AD 80,2025-11-06_10:53:52.208806
ED   32,99.00%,Vanessa L. Gibson,(Working Families),10,AD 80,2025-11-06_10:53:52.208806
ED   32,99.00%,WRITE-IN,&nbsp,0,AD 80,2025-11-06_10:53:52.208806
ED   33,99.00%,Vanessa L. Gibson,(Democratic),73,AD 80,2025-11-06_10:53:52.208806
ED   33,99.00%,Grace Marrero,(Republican),61,AD 80,2025-11-06_10:53:52.208806
ED   33,99.00%,Grace Marrero,(Conservative),9,AD 80,2025-11-06_10:53:52.208806
ED   33,99.00%,Vanessa L. Gibson,(Working Families),14,AD 80,2025-11-06_10:53:52.208806
ED   33,99.00%,WRITE-IN,&nbsp,0,AD 80,2025-11-06_10:53:52.208806
ED   34,99.00%,Vanessa L. Gibson,(Democratic),290,AD 80,2025-11-06_10:53:52.208806
ED   34,99.00%,Grace Marrero,(Republican),32,AD 80,2025-11-06_10:53:52.208806
ED   34,99.00%,Grace Marrero,(Conservative),6,AD 80,2025-11-06_10:53:52.208806
ED   34,99.00%,Vanessa L. Gibson,(Working Families),25,AD 80,2025-11-06_10:53:52.208806
ED   34,99.00%,WRITE-IN,&nbsp,1,AD 80,2025-11-06_10:53:52.208806
ED   35,99.00%,Vanessa L. Gibson,(Democratic),355,AD 80,2025-11-06_10:53:52.208806
ED   35,99.00%,Grace Marrero,(Republican),53,AD 80,2025-11-06_10:53:52.208806
ED   35,99.00%,Grace Marrero,(Conservative),13,AD 80,2025-11-06_10:53:52.208806
ED   35,99.00%,Vanessa L. Gibson,(Working Families),35,AD 80,2025-11-06_10:53:52.208806
ED   35,99.00%,WRITE-IN,&nbsp,1,AD 80,2025-11-06_10:53:52.208806
ED   36,99.00%,Vanessa L. Gibson,(Democratic),178,AD 80,2025-11-06_10:53:52.208806
ED   36,99.00%,Grace Marrero,(Republican),12,AD 80,2025-11-06_10:53:52.208806
ED   36,99.00%,Grace Marrero,(Conservative),1,AD 80,2025-11-06_10:53:52.208806
ED   36,99.00%,Vanessa L. Gibson,(Working Families),11,AD 80,2025-11-06_10:53:52.208806
ED   36,99.00%,WRITE-IN,&nbsp,0,AD 80,2025-11-06_10:53:52.208806
ED   37,99.00%,Vanessa L. Gibson,(Democratic),286,AD 80,2025-11-06_10:53:52.208806
ED   37,99.00%,Grace Marrero,(Republican),32,AD 80,2025-11-06_10:53:52.208806
ED   37,99.00%,Grace Marrero,(Conservative),10,AD 80,2025-11-06_10:53:52.208806
ED   37,99.00%,Vanessa L. Gibson,(Working Families),22,AD 80,2025-11-06_10:53:52.208806
ED   37,99.00%,WRITE-IN,&nbsp,7,AD 80,2025-11-06_10:53:52.208806
ED   38,60.00%,Vanessa L. Gibson,(Democratic),69,AD 80,2025-11-06_10:53:52.208806
ED   38,60.00%,Grace Marrero,(Republican),5,AD 80,2025-11-06_10:53:52.208806
ED   38,60.00%,Grace Marrero,(Conservative),0,AD 80,2025-11-06_10:53:52.208806
ED   38,60.00%,Vanessa L. Gibson,(Working Families),2,AD 80,2025-11-06_10:53:52.208806
ED   38,60.00%,WRITE-IN,&nbsp,0,AD 80,2025-11-06_10:53:52.208806
ED   39,90.00%,Vanessa L. Gibson,(Democratic),186,AD 80,2025-11-06_10:53:52.208806
ED   39,90.00%,Grace Marrero,(Republican),38,AD 80,2025-11-06_10:53:52.208806
ED   39,90.00%,Grace Marrero,(Conservative),4,AD 80,2025-11-06_10:53:52.208806
ED   39,90.00%,Vanessa L. Gibson,(Working Families),21,AD 80,2025-11-06_10:53:52.208806
ED   39,90.00%,WRITE-IN,&nbsp,1,AD 80,2025-11-06_10:53:52.208806
ED   40,99.00%,Vanessa L. Gibson,(Democratic),259,AD 80,2025-11-06_10:53:52.208806
ED   40,99.00%,Grace Marrero,(Republican),52,AD 80,2025-11-06_10:53:52.208806
ED   40,99.00%,Grace Marrero,(Conservative),6,AD 80,2025-11-06_10:53:52.208806
ED   40,99.00%,Vanessa L. Gibson,(Working Families),25,AD 80,2025-11-06_10:53:52.208806
ED   40,99.00%,WRITE-IN,&nbsp,2,AD 80,2025-11-06_10:53:52.208806
ED   41,99.00%,Vanessa L. Gibson,(Democratic),372,AD 80,2025-11-06_10:53:52.208806
ED   41,99.00%,Grace Marrero,(Republican),197,AD 80,2025-11-06_10:53:52.208806
ED   41,99.00%,Grace Marrero,(Conservative),30,AD 80,2025-11-06_10:53:52.208806
ED   41,99.00%,Vanessa L. Gibson,(Working Families),37,AD 80,2025-11-06_10:53:52.208806
ED   41,99.00%,WRITE-IN,&nbsp,1,AD 80,2025-11-06_10:53:52.208806
ED   42,87.50%,Vanessa L. Gibson,(Democratic),308,AD 80,2025-11-06_10:53:52.208806
ED   42,87.50%,Grace Marrero,(Republican),122,AD 80,2025-11-06_10:53:52.208806
ED   42,87.50%,Grace Marrero,(Conservative),12,AD 80,2025-11-06_10:53:52.208806
ED   42,87.50%,Vanessa L. Gibson,(Working Families),34,AD 80,2025-11-06_10:53:52.208806
ED   42,87.50%,WRITE-IN,&nbsp,1,AD 80,2025-11-06_10:53:52.208806
ED   43,99.00%,Vanessa L. Gibson,(Democratic),269,AD 80,2025-11-06_10:53:52.208806
ED   43,99.00%,Grace Marrero,(Republican),107,AD 80,2025-11-06_10:53:52.208806
ED   43,99.00%,Grace Marrero,(Conservative),9,AD 80,2025-11-06_10:53:52.208806
ED   43,99.00%,Vanessa L. Gibson,(Working Families),24,AD 80,2025-11-06_10:53:52.208806
ED   43,99.00%,WRITE-IN,&nbsp,0,AD 80,2025-11-06_10:53:52.208806
ED   44,99.00%,Vanessa L. Gibson,(Democratic),240,AD 80,2025-11-06_10:53:52.208806
ED   44,99.00%,Grace Marrero,(Republican),46,AD 80,2025-11-06_10:53:52.208806
ED   44,99.00%,Grace Marrero,(Conservative),12,AD 80,2025-11-06_10:53:52.208806
ED   44,99.00%,Vanessa L. Gibson,(Working Families),22,AD 80,2025-11-06_10:53:52.208806
ED   44,99.00%,WRITE-IN,&nbsp,1,AD 80,2025-11-06_10:53:52.208806
ED   45,99.00%,Vanessa L. Gibson,(Democratic),259,AD 80,2025-11-06_10:53:52.208806
ED   45,99.00%,Grace Marrero,(Republican),71,AD 80,2025-11-06_10:53:52.208806
ED   45,99.00%,Grace Marrero,(Conservative),7,AD 80,2025-11-06_10:53:52.208806
ED   45,99.00%,Vanessa L. Gibson,(Working Families),28,AD 80,2025-11-06_10:53:52.208806
ED   45,99.00%,WRITE-IN,&nbsp,0,AD 80,2025-11-06_10:53:52.208806
ED   46,99.00%,Vanessa L. Gibson,(Democratic),181,AD 80,2025-11-06_10:53:52.208806
ED   46,99.00%,Grace Marrero,(Republican),29,AD 80,2025-11-06_10:53:52.208806
ED   46,99.00%,Grace Marrero,(Conservative),9,AD 80,2025-11-06_10:53:52.208806
ED   46,99.00%,Vanessa L. Gibson,(Working Families),19,AD 80,2025-11-06_10:53:52.208806
ED   46,99.00%,WRITE-IN,&nbsp,0,AD 80,2025-11-06_10:53:52.208806
ED   47,99.00%,Vanessa L. Gibson,(Democratic),175,AD 80,2025-11-06_10:53:52.208806
ED   47,99.00%,Grace Marrero,(Republican),76,AD 80,2025-11-06_10:53:52.208806
ED   47,99.00%,Grace Marrero,(Conservative),5,AD 80,2025-11-06_10:53:52.208806
ED   47,99.00%,Vanessa L. Gibson,(Working Families),24,AD 80,2025-11-06_10:53:52.208806
ED   47,99.00%,WRITE-IN,&nbsp,0,AD 80,2025-11-06_10:53:52.208806
ED   48,99.00%,Vanessa L. Gibson,(Democratic),185,AD 80,2025-11-06_10:53:52.208806
ED   48,99.00%,Grace Marrero,(Republican),54,AD 80,2025-11-06_10:53:52.208806
ED   48,99.00%,Grace Marrero,(Conservative),9,AD 80,2025-11-06_10:53:52.208806
ED   48,99.00%,Vanessa L. Gibson,(Working Families),17,AD 80,2025-11-06_10:53:52.208806
ED   48,99.00%,WRITE-IN,&nbsp,0,AD 80,2025-11-06_10:53:52.208806
ED   49,99.00%,Vanessa L. Gibson,(Democratic),224,AD 80,2025-11-06_10:53:52.208806
ED   49,99.00%,Grace Marrero,(Republican),54,AD 80,2025-11-06_10:53:52.208806
ED   49,99.00%,Grace Marrero,(Conservative),8,AD 80,2025-11-06_10:53:52.208806
ED   49,99.00%,Vanessa L. Gibson,(Working Families),28,AD 80,2025-11-06_10:53:52.208806
ED   49,99.00%,WRITE-IN,&nbsp,0,AD 80,2025-11-06_10:53:52.208806
ED   50,99.00%,Vanessa L. Gibson,(Democratic),216,AD 80,2025-11-06_10:53:52.208806
ED   50,99.00%,Grace Marrero,(Republican),32,AD 80,2025-11-06_10:53:52.208806
ED   50,99.00%,Grace Marrero,(Conservative),7,AD 80,2025-11-06_10:53:52.208806
ED   50,99.00%,Vanessa L. Gibson,(Working Families),23,AD 80,2025-11-06_10:53:52.208806
ED   50,99.00%,WRITE-IN,&nbsp,2,AD 80,2025-11-06_10:53:52.208806
ED   51,99.00%,Vanessa L. Gibson,(Democratic),204,AD 80,2025-11-06_10:53:52.208806
ED   51,99.00%,Grace Marrero,(Republican),38,AD 80,2025-11-06_10:53:52.208806
ED   51,99.00%,Grace Marrero,(Conservative),4,AD 80,2025-11-06_10:53:52.208806
ED   51,99.00%,Vanessa L. Gibson,(Working Families),20,AD 80,2025-11-06_10:53:52.208806
ED   51,99.00%,WRITE-IN,&nbsp,0,AD 80,2025-11-06_10:53:52.208806
ED   52,99.00%,Vanessa L. Gibson,(Democratic),24,AD 80,2025-11-06_10:53:52.208806
ED   52,99.00%,Grace Marrero,(Republican),2,AD 80,2025-11-06_10:53:52.208806
ED   52,99.00%,Grace Marrero,(Conservative),0,AD 80,2025-11-06_10:53:52.208806
ED   52,99.00%,Vanessa L. Gibson,(Working Families),2,AD 80,2025-11-06_10:53:52.208806
ED   52,99.00%,WRITE-IN,&nbsp,0,AD 80,2025-11-06_10:53:52.208806
ED   53,99.00%,Vanessa L. Gibson,(Democratic),237,AD 80,2025-11-06_10:53:52.208806
ED   53,99.00%,Grace Marrero,(Republican),36,AD 80,2025-11-06_10:53:52.208806
ED   53,99.00%,Grace Marrero,(Conservative),10,AD 80,2025-11-06_10:53:52.208806
ED   53,99.00%,Vanessa L. Gibson,(Working Families),40,AD 80,2025-11-06_10:53:52.208806
ED   53,99.00%,WRITE-IN,&nbsp,0,AD 80,2025-11-06_10:53:52.208806
ED   54,99.00%,Vanessa L. Gibson,(Democratic),611,AD 80,2025-11-06_10:53:52.208806
ED   54,99.00%,Grace Marrero,(Republican),21,AD 80,2025-11-06_10:53:52.208806
ED   54,99.00%,Grace Marrero,(Conservative),11,AD 80,2025-11-06_10:53:52.208806
ED   54,99.00%,Vanessa L. Gibson,(Working Families),26,AD 80,2025-11-06_10:53:52.208806
ED   54,99.00%,WRITE-IN,&nbsp,2,AD 80,2025-11-06_10:53:52.208806
ED   55,99.00%,Vanessa L. Gibson,(Democratic),266,AD 80,2025-11-06_10:53:52.208806
ED   55,99.00%,Grace Marrero,(Republican),56,AD 80,2025-11-06_10:53:52.208806
ED   55,99.00%,Grace Marrero,(Conservative),8,AD 80,2025-11-06_10:53:52.208806
ED   55,99.00%,Vanessa L. Gibson,(Working Families),28,AD 80,2025-11-06_10:53:52.208806
ED   55,99.00%,WRITE-IN,&nbsp,0,AD 80,2025-11-06_10:53:52.208806
ED   56,90.00%,Vanessa L. Gibson,(Democratic),339,AD 80,2025-11-06_10:53:52.208806
ED   56,90.00%,Grace Marrero,(Republican),47,AD 80,2025-11-06_10:53:52.208806
ED   56,90.00%,Grace Marrero,(Conservative),5,AD 80,2025-11-06_10:53:52.208806
ED   56,90.00%,Vanessa L. Gibson,(Working Families),36,AD 80,2025-11-06_10:53:52.208806
ED   56,90.00%,WRITE-IN,&nbsp,0,AD 80,2025-11-06_10:53:52.208806
ED   57,90.00%,Vanessa L. Gibson,(Democratic),390,AD 80,2025-11-06_10:53:52.208806
ED   57,90.00%,Grace Marrero,(Republican),67,AD 80,2025-11-06_10:53:52.208806
ED   57,90.00%,Grace Marrero,(Conservative),9,AD 80,2025-11-06_10:53:52.208806
ED   57,90.00%,Vanessa L. Gibson,(Working Families),59,AD 80,2025-11-06_10:53:52.208806
ED   57,90.00%,WRITE-IN,&nbsp,2,AD 80,2025-11-06_10:53:52.208806
ED   58,60.00%,Vanessa L. Gibson,(Democratic),0,AD 80,2025-11-06_10:53:52.208806
ED   58,60.00%,Grace Marrero,(Republican),0,AD 80,2025-11-06_10:53:52.208806
ED   58,60.00%,Grace Marrero,(Conservative),0,AD 80,2025-11-06_10:53:52.208806
ED   58,60.00%,Vanessa L. Gibson,(Working Families),0,AD 80,2025-11-06_10:53:52.208806
ED   58,60.00%,WRITE-IN,&nbsp,0,AD 80,2025-11-06_10:53:52.208806
ED   59,99.00%,Vanessa L. Gibson,(Democratic),0,AD 80,2025-11-06_10:53:52.208806
ED   59,99.00%,Grace Marrero,(Republican),0,AD 80,2025-11-06_10:53:52.208806
ED   59,99.00%,Grace Marrero,(Conservative),0,AD 80,2025-11-06_10:53:52.208806
ED   59,99.00%,Vanessa L. Gibson,(Working Families),0,AD 80,2025-11-06_10:53:52.208806
ED   59,99.00%,WRITE-IN,&nbsp,0,AD 80,2025-11-06_10:53:52.208806
ED   60,99.00%,Vanessa L. Gibson,(Democratic),0,AD 80,2025-11-06_10:53:52.208806
ED   60,99.00%,Grace Marrero,(Republican),0,AD 80,2025-11-06_10:53:52.208806
ED   60,99.00%,Grace Marrero,(Conservative),0,AD 80,2025-11-06_10:53:52.208806
ED   60,99.00%,Vanessa L. Gibson,(Working Families),0,AD 80,2025-11-06_10:53:52.208806
ED   60,99.00%,WRITE-IN,&nbsp,0,AD 80,2025-11-06_10:53:52.208806
ED   61,60.00%,Vanessa L. Gibson,(Democratic),0,AD 80,2025-11-06_10:53:52.208806
ED   61,60.00%,Grace Marrero,(Republican),0,AD 80,2025-11-06_10:53:52.208806
ED   61,60.00%,Grace Marrero,(Conservative),0,AD 80,2025-11-06_10:53:52.208806
ED   61,60.00%,Vanessa L. Gibson,(Working Families),0,AD 80,2025-11-06_10:53:52.208806
ED   61,60.00%,WRITE-IN,&nbsp,0,AD 80,2025-11-06_10:53:52.208806
Total,,Vanessa L. Gibson,(Democratic),14205,AD 80,2025-11-06_10:53:52.208806
Total,,Grace Marrero,(Republican),4016,AD 80,2025-11-06_10:53:52.208806
Total,,Grace Marrero,(Conservative),558,AD 80,2025-11-06_10:53:52.208806
Total,,Vanessa L. Gibson,(Working Families),1566,AD 80,2025-11-06_10:53:52.208806
Total,,WRITE-IN,&nbsp,49,AD 80,2025-11-06_10:53:52.208806
ED    1,99.00%,Vanessa L. Gibson,(Democratic),196,AD 81,2025-11-06_10:53:52.208806
ED    1,99.00%,Grace Marrero,(Republican),38,AD 81,2025-11-06_10:53:52.208806
ED    1,99.00%,Grace Marrero,(Conservative),5,AD 81,2025-11-06_10:53:52.208806
ED    1,99.00%,Vanessa L. Gibson,(Working Families),27,AD 81,2025-11-06_10:53:52.208806
ED    1,99.00%,WRITE-IN,&nbsp,0,AD 81,2025-11-06_10:53:52.208806
ED    2,99.00%,Vanessa L. Gibson,(Democratic),277,AD 81,2025-11-06_10:53:52.208806
ED    2,99.00%,Grace Marrero,(Republican),49,AD 81,2025-11-06_10:53:52.208806
ED    2,99.00%,Grace Marrero,(Conservative),1,AD 81,2025-11-06_10:53:52.208806
ED    2,99.00%,Vanessa L. Gibson,(Working Families),27,AD 81,2025-11-06_10:53:52.208806
ED    2,99.00%,WRITE-IN,&nbsp,0,AD 81,2025-11-06_10:53:52.208806
ED    3,99.00%,Vanessa L. Gibson,(Democratic),136,AD 81,2025-11-06_10:53:52.208806
ED    3,99.00%,Grace Marrero,(Republican),54,AD 81,2025-11-06_10:53:52.208806
ED    3,99.00%,Grace Marrero,(Conservative),5,AD 81,2025-11-06_10:53:52.208806
ED    3,99.00%,Vanessa L. Gibson,(Working Families),27,AD 81,2025-11-06_10:53:52.208806
ED    3,99.00%,WRITE-IN,&nbsp,1,AD 81,2025-11-06_10:53:52.208806
ED    4,99.00%,Vanessa L. Gibson,(Democratic),149,AD 81,2025-11-06_10:53:52.208806
ED    4,99.00%,Grace Marrero,(Republican),11,AD 81,2025-11-06_10:53:52.208806
ED    4,99.00%,Grace Marrero,(Conservative),1,AD 81,2025-11-06_10:53:52.208806
ED    4,99.00%,Vanessa L. Gibson,(Working Families),11,AD 81,2025-11-06_10:53:52.208806
ED    4,99.00%,WRITE-IN,&nbsp,1,AD 81,2025-11-06_10:53:52.208806
ED    5,99.00%,Vanessa L. Gibson,(Democratic),170,AD 81,2025-11-06_10:53:52.208806
ED    5,99.00%,Grace Marrero,(Republican),55,AD 81,2025-11-06_10:53:52.208806
ED    5,99.00%,Grace Marrero,(Conservative),8,AD 81,2025-11-06_10:53:52.208806
ED    5,99.00%,Vanessa L. Gibson,(Working Families),39,AD 81,2025-11-06_10:53:52.208806
ED    5,99.00%,WRITE-IN,&nbsp,1,AD 81,2025-11-06_10:53:52.208806
ED    6,99.00%,Vanessa L. Gibson,(Democratic),256,AD 81,2025-11-06_10:53:52.208806
ED    6,99.00%,Grace Marrero,(Republican),54,AD 81,2025-11-06_10:53:52.208806
ED    6,99.00%,Grace Marrero,(Conservative),9,AD 81,2025-11-06_10:53:52.208806
ED    6,99.00%,Vanessa L. Gibson,(Working Families),65,AD 81,2025-11-06_10:53:52.208806
ED    6,99.00%,WRITE-IN,&nbsp,1,AD 81,2025-11-06_10:53:52.208806
ED    7,99.00%,Vanessa L. Gibson,(Democratic),186,AD 81,2025-11-06_10:53:52.208806
ED    7,99.00%,Grace Marrero,(Republican),32,AD 81,2025-11-06_10:53:52.208806
ED    7,99.00%,Grace Marrero,(Conservative),4,AD 81,2025-11-06_10:53:52.208806
ED    7,99.00%,Vanessa L. Gibson,(Working Families),50,AD 81,2025-11-06_10:53:52.208806
ED    7,99.00%,WRITE-IN,&nbsp,0,AD 81,2025-11-06_10:53:52.208806
ED    8,99.00%,Vanessa L. Gibson,(Democratic),252,AD 81,2025-11-06_10:53:52.208806
ED    8,99.00%,Grace Marrero,(Republican),56,AD 81,2025-11-06_10:53:52.208806
ED    8,99.00%,Grace Marrero,(Conservative),10,AD 81,2025-11-06_10:53:52.208806
ED    8,99.00%,Vanessa L. Gibson,(Working Families),63,AD 81,2025-11-06_10:53:52.208806
ED    8,99.00%,WRITE-IN,&nbsp,0,AD 81,2025-11-06_10:53:52.208806
ED    9,99.00%,Vanessa L. Gibson,(Democratic),213,AD 81,2025-11-06_10:53:52.208806
ED    9,99.00%,Grace Marrero,(Republican),45,AD 81,2025-11-06_10:53:52.208806
ED    9,99.00%,Grace Marrero,(Conservative),5,AD 81,2025-11-06_10:53:52.208806
ED    9,99.00%,Vanessa L. Gibson,(Working Families),30,AD 81,2025-11-06_10:53:52.208806
ED    9,99.00%,WRITE-IN,&nbsp,2,AD 81,2025-11-06_10:53:52.208806
ED   10,99.00%,Vanessa L. Gibson,(Democratic),348,AD 81,2025-11-06_10:53:52.208806
ED   10,99.00%,Grace Marrero,(Republican),95,AD 81,2025-11-06_10:53:52.208806
ED   10,99.00%,Grace Marrero,(Conservative),12,AD 81,2025-11-06_10:53:52.208806
ED   10,99.00%,Vanessa L. Gibson,(Working Families),60,AD 81,2025-11-06_10:53:52.208806
ED   10,99.00%,WRITE-IN,&nbsp,1,AD 81,2025-11-06_10:53:52.208806
ED   11,99.00%,Vanessa L. Gibson,(Democratic),400,AD 81,2025-11-06_10:53:52.208806
ED   11,99.00%,Grace Marrero,(Republican),111,AD 81,2025-11-06_10:53:52.208806
ED   11,99.00%,Grace Marrero,(Conservative),18,AD 81,2025-11-06_10:53:52.208806
ED   11,99.00%,Vanessa L. Gibson,(Working Families),68,AD 81,2025-11-06_10:53:52.208806
ED   11,99.00%,WRITE-IN,&nbsp,1,AD 81,2025-11-06_10:53:52.208806
ED   12,99.00%,Vanessa L. Gibson,(Democratic),368,AD 81,2025-11-06_10:53:52.208806
ED   12,99.00%,Grace Marrero,(Republican),102,AD 81,2025-11-06_10:53:52.208806
ED   12,99.00%,Grace Marrero,(Conservative),12,AD 81,2025-11-06_10:53:52.208806
ED   12,99.00%,Vanessa L. Gibson,(Working Families),69,AD 81,2025-11-06_10:53:52.208806
ED   12,99.00%,WRITE-IN,&nbsp,1,AD 81,2025-11-06_10:53:52.208806
ED   13,99.00%,Vanessa L. Gibson,(Democratic),33,AD 81,2025-11-06_10:53:52.208806
ED   13,99.00%,Grace Marrero,(Republican),9,AD 81,2025-11-06_10:53:52.208806
ED   13,99.00%,Grace Marrero,(Conservative),3,AD 81,2025-11-06_10:53:52.208806
ED   13,99.00%,Vanessa L. Gibson,(Working Families),8,AD 81,2025-11-06_10:53:52.208806
ED   13,99.00%,WRITE-IN,&nbsp,0,AD 81,2025-11-06_10:53:52.208806
ED   14,99.00%,Vanessa L. Gibson,(Democratic),528,AD 81,2025-11-06_10:53:52.208806
ED   14,99.00%,Grace Marrero,(Republican),173,AD 81,2025-11-06_10:53:52.208806
ED   14,99.00%,Grace Marrero,(Conservative),33,AD 81,2025-11-06_10:53:52.208806
ED   14,99.00%,Vanessa L. Gibson,(Working Families),90,AD 81,2025-11-06_10:53:52.208806
ED   14,99.00%,WRITE-IN,&nbsp,0,AD 81,2025-11-06_10:53:52.208806
ED   15,99.00%,Vanessa L. Gibson,(Democratic),467,AD 81,2025-11-06_10:53:52.208806
ED   15,99.00%,Grace Marrero,(Republican),110,AD 81,2025-11-06_10:53:52.208806
ED   15,99.00%,Grace Marrero,(Conservative),15,AD 81,2025-11-06_10:53:52.208806
ED   15,99.00%,Vanessa L. Gibson,(Working Families),76,AD 81,2025-11-06_10:53:52.208806
ED   15,99.00%,WRITE-IN,&nbsp,0,AD 81,2025-11-06_10:53:52.208806
ED   16,99.00%,Vanessa L. Gibson,(Democratic),294,AD 81,2025-11-06_10:53:52.208806
ED   16,99.00%,Grace Marrero,(Republican),100,AD 81,2025-11-06_10:53:52.208806
ED   16,99.00%,Grace Marrero,(Conservative),10,AD 81,2025-11-06_10:53:52.208806
ED   16,99.00%,Vanessa L. Gibson,(Working Families),47,AD 81,2025-11-06_10:53:52.208806
ED   16,99.00%,WRITE-IN,&nbsp,2,AD 81,2025-11-06_10:53:52.208806
ED   17,99.00%,Vanessa L. Gibson,(Democratic),452,AD 81,2025-11-06_10:53:52.208806
ED   17,99.00%,Grace Marrero,(Republican),116,AD 81,2025-11-06_10:53:52.208806
ED   17,99.00%,Grace Marrero,(Conservative),6,AD 81,2025-11-06_10:53:52.208806
ED   17,99.00%,Vanessa L. Gibson,(Working Families),105,AD 81,2025-11-06_10:53:52.208806
ED   17,99.00%,WRITE-IN,&nbsp,1,AD 81,2025-11-06_10:53:52.208806
ED   18,99.00%,Vanessa L. Gibson,(Democratic),218,AD 81,2025-11-06_10:53:52.208806
ED   18,99.00%,Grace Marrero,(Republican),26,AD 81,2025-11-06_10:53:52.208806
ED   18,99.00%,Grace Marrero,(Conservative),6,AD 81,2025-11-06_10:53:52.208806
ED   18,99.00%,Vanessa L. Gibson,(Working Families),16,AD 81,2025-11-06_10:53:52.208806
ED   18,99.00%,WRITE-IN,&nbsp,1,AD 81,2025-11-06_10:53:52.208806
ED   19,99.00%,Vanessa L. Gibson,(Democratic),522,AD 81,2025-11-06_10:53:52.208806
ED   19,99.00%,Grace Marrero,(Republican),108,AD 81,2025-11-06_10:53:52.208806
ED   19,99.00%,Grace Marrero,(Conservative),13,AD 81,2025-11-06_10:53:52.208806
ED   19,99.00%,Vanessa L. Gibson,(Working Families),82,AD 81,2025-11-06_10:53:52.208806
ED   19,99.00%,WRITE-IN,&nbsp,2,AD 81,2025-11-06_10:53:52.208806
ED   20,99.00%,Vanessa L. Gibson,(Democratic),379,AD 81,2025-11-06_10:53:52.208806
ED   20,99.00%,Grace Marrero,(Republican),84,AD 81,2025-11-06_10:53:52.208806
ED   20,99.00%,Grace Marrero,(Conservative),13,AD 81,2025-11-06_10:53:52.208806
ED   20,99.00%,Vanessa L. Gibson,(Working Families),90,AD 81,2025-11-06_10:53:52.208806
ED   20,99.00%,WRITE-IN,&nbsp,1,AD 81,2025-11-06_10:53:52.208806
ED   21,99.00%,Vanessa L. Gibson,(Democratic),506,AD 81,2025-11-06_10:53:52.208806
ED   21,99.00%,Grace Marrero,(Republican),106,AD 81,2025-11-06_10:53:52.208806
ED   21,99.00%,Grace Marrero,(Conservative),16,AD 81,2025-11-06_10:53:52.208806
ED   21,99.00%,Vanessa L. Gibson,(Working Families),107,AD 81,2025-11-06_10:53:52.208806
ED   21,99.00%,WRITE-IN,&nbsp,3,AD 81,2025-11-06_10:53:52.208806
ED   22,99.00%,Vanessa L. Gibson,(Democratic),507,AD 81,2025-11-06_10:53:52.208806
ED   22,99.00%,Grace Marrero,(Republican),136,AD 81,2025-11-06_10:53:52.208806
ED   22,99.00%,Grace Marrero,(Conservative),19,AD 81,2025-11-06_10:53:52.208806
ED   22,99.00%,Vanessa L. Gibson,(Working Families),61,AD 81,2025-11-06_10:53:52.208806
ED   22,99.00%,WRITE-IN,&nbsp,0,AD 81,2025-11-06_10:53:52.208806
ED   23,99.00%,Vanessa L. Gibson,(Democratic),369,AD 81,2025-11-06_10:53:52.208806
ED   23,99.00%,Grace Marrero,(Republican),64,AD 81,2025-11-06_10:53:52.208806
ED   23,99.00%,Grace Marrero,(Conservative),15,AD 81,2025-11-06_10:53:52.208806
ED   23,99.00%,Vanessa L. Gibson,(Working Families),75,AD 81,2025-11-06_10:53:52.208806
ED   23,99.00%,WRITE-IN,&nbsp,2,AD 81,2025-11-06_10:53:52.208806
ED   24,99.00%,Vanessa L. Gibson,(Democratic),220,AD 81,2025-11-06_10:53:52.208806
ED   24,99.00%,Grace Marrero,(Republican),22,AD 81,2025-11-06_10:53:52.208806
ED   24,99.00%,Grace Marrero,(Conservative),7,AD 81,2025-11-06_10:53:52.208806
ED   24,99.00%,Vanessa L. Gibson,(Working Families),13,AD 81,2025-11-06_10:53:52.208806
ED   24,99.00%,WRITE-IN,&nbsp,0,AD 81,2025-11-06_10:53:52.208806
ED   25,99.00%,Vanessa L. Gibson,(Democratic),347,AD 81,2025-11-06_10:53:52.208806
ED   25,99.00%,Grace Marrero,(Republican),142,AD 81,2025-11-06_10:53:52.208806
ED   25,99.00%,Grace Marrero,(Conservative),11,AD 81,2025-11-06_10:53:52.208806
ED   25,99.00%,Vanessa L. Gibson,(Working Families),24,AD 81,2025-11-06_10:53:52.208806
ED   25,99.00%,WRITE-IN,&nbsp,5,AD 81,2025-11-06_10:53:52.208806
ED   26,99.00%,Vanessa L. Gibson,(Democratic),387,AD 81,2025-11-06_10:53:52.208806
ED   26,99.00%,Grace Marrero,(Republican),88,AD 81,2025-11-06_10:53:52.208806
ED   26,99.00%,Grace Marrero,(Conservative),13,AD 81,2025-11-06_10:53:52.208806
ED   26,99.00%,Vanessa L. Gibson,(Working Families),68,AD 81,2025-11-06_10:53:52.208806
ED   26,99.00%,WRITE-IN,&nbsp,1,AD 81,2025-11-06_10:53:52.208806
ED   27,99.00%,Vanessa L. Gibson,(Democratic),594,AD 81,2025-11-06_10:53:52.208806
ED   27,99.00%,Grace Marrero,(Republican),123,AD 81,2025-11-06_10:53:52.208806
ED   27,99.00%,Grace Marrero,(Conservative),17,AD 81,2025-11-06_10:53:52.208806
ED   27,99.00%,Vanessa L. Gibson,(Working Families),69,AD 81,2025-11-06_10:53:52.208806
ED   27,99.00%,WRITE-IN,&nbsp,1,AD 81,2025-11-06_10:53:52.208806
ED   28,99.00%,Vanessa L. Gibson,(Democratic),672,AD 81,2025-11-06_10:53:52.208806
ED   28,99.00%,Grace Marrero,(Republican),174,AD 81,2025-11-06_10:53:52.208806
ED   28,99.00%,Grace Marrero,(Conservative),25,AD 81,2025-11-06_10:53:52.208806
ED   28,99.00%,Vanessa L. Gibson,(Working Families),64,AD 81,2025-11-06_10:53:52.208806
ED   28,99.00%,WRITE-IN,&nbsp,5,AD 81,2025-11-06_10:53:52.208806
ED   29,99.00%,Vanessa L. Gibson,(Democratic),610,AD 81,2025-11-06_10:53:52.208806
ED   29,99.00%,Grace Marrero,(Republican),210,AD 81,2025-11-06_10:53:52.208806
ED   29,99.00%,Grace Marrero,(Conservative),12,AD 81,2025-11-06_10:53:52.208806
ED   29,99.00%,Vanessa L. Gibson,(Working Families),65,AD 81,2025-11-06_10:53:52.208806
ED   29,99.00%,WRITE-IN,&nbsp,1,AD 81,2025-11-06_10:53:52.208806
ED   30,99.00%,Vanessa L. Gibson,(Democratic),485,AD 81,2025-11-06_10:53:52.208806
ED   30,99.00%,Grace Marrero,(Republican),185,AD 81,2025-11-06_10:53:52.208806
ED   30,99.00%,Grace Marrero,(Conservative),23,AD 81,2025-11-06_10:53:52.208806
ED   30,99.00%,Vanessa L. Gibson,(Working Families),56,AD 81,2025-11-06_10:53:52.208806
ED   30,99.00%,WRITE-IN,&nbsp,4,AD 81,2025-11-06_10:53:52.208806
ED   31,99.00%,Vanessa L. Gibson,(Democratic),664,AD 81,2025-11-06_10:53:52.208806
ED   31,99.00%,Grace Marrero,(Republican),216,AD 81,2025-11-06_10:53:52.208806
ED   31,99.00%,Grace Marrero,(Conservative),23,AD 81,2025-11-06_10:53:52.208806
ED   31,99.00%,Vanessa L. Gibson,(Working Families),55,AD 81,2025-11-06_10:53:52.208806
ED   31,99.00%,WRITE-IN,&nbsp,1,AD 81,2025-11-06_10:53:52.208806
ED   32,99.00%,Vanessa L. Gibson,(Democratic),397,AD 81,2025-11-06_10:53:52.208806
ED   32,99.00%,Grace Marrero,(Republican),166,AD 81,2025-11-06_10:53:52.208806
ED   32,99.00%,Grace Marrero,(Conservative),19,AD 81,2025-11-06_10:53:52.208806
ED   32,99.00%,Vanessa L. Gibson,(Working Families),62,AD 81,2025-11-06_10:53:52.208806
ED   32,99.00%,WRITE-IN,&nbsp,3,AD 81,2025-11-06_10:53:52.208806
ED   33,99.00%,Vanessa L. Gibson,(Democratic),168,AD 81,2025-11-06_10:53:52.208806
ED   33,99.00%,Grace Marrero,(Republican),61,AD 81,2025-11-06_10:53:52.208806
ED   33,99.00%,Grace Marrero,(Conservative),12,AD 81,2025-11-06_10:53:52.208806
ED   33,99.00%,Vanessa L. Gibson,(Working Families),13,AD 81,2025-11-06_10:53:52.208806
ED   33,99.00%,WRITE-IN,&nbsp,1,AD 81,2025-11-06_10:53:52.208806
ED   34,99.00%,Vanessa L. Gibson,(Democratic),548,AD 81,2025-11-06_10:53:52.208806
ED   34,99.00%,Grace Marrero,(Republican),99,AD 81,2025-11-06_10:53:52.208806
ED   34,99.00%,Grace Marrero,(Conservative),13,AD 81,2025-11-06_10:53:52.208806
ED   34,99.00%,Vanessa L. Gibson,(Working Families),46,AD 81,2025-11-06_10:53:52.208806
ED   34,99.00%,WRITE-IN,&nbsp,0,AD 81,2025-11-06_10:53:52.208806
ED   35,99.00%,Vanessa L. Gibson,(Democratic),480,AD 81,2025-11-06_10:53:52.208806
ED   35,99.00%,Grace Marrero,(Republican),115,AD 81,2025-11-06_10:53:52.208806
ED   35,99.00%,Grace Marrero,(Conservative),20,AD 81,2025-11-06_10:53:52.208806
ED   35,99.00%,Vanessa L. Gibson,(Working Families),52,AD 81,2025-11-06_10:53:52.208806
ED   35,99.00%,WRITE-IN,&nbsp,3,AD 81,2025-11-06_10:53:52.208806
ED   36,99.00%,Vanessa L. Gibson,(Democratic),304,AD 81,2025-11-06_10:53:52.208806
ED   36,99.00%,Grace Marrero,(Republican),109,AD 81,2025-11-06_10:53:52.208806
ED   36,99.00%,Grace Marrero,(Conservative),9,AD 81,2025-11-06_10:53:52.208806
ED   36,99.00%,Vanessa L. Gibson,(Working Families),40,AD 81,2025-11-06_10:53:52.208806
ED   36,99.00%,WRITE-IN,&nbsp,3,AD 81,2025-11-06_10:53:52.208806
ED   37,99.00%,Vanessa L. Gibson,(Democratic),450,AD 81,2025-11-06_10:53:52.208806
ED   37,99.00%,Grace Marrero,(Republican),135,AD 81,2025-11-06_10:53:52.208806
ED   37,99.00%,Grace Marrero,(Conservative),18,AD 81,2025-11-06_10:53:52.208806
ED   37,99.00%,Vanessa L. Gibson,(Working Families),72,AD 81,2025-11-06_10:53:52.208806
ED   37,99.00%,WRITE-IN,&nbsp,3,AD 81,2025-11-06_10:53:52.208806
ED   38,99.00%,Vanessa L. Gibson,(Democratic),336,AD 81,2025-11-06_10:53:52.208806
ED   38,99.00%,Grace Marrero,(Republican),129,AD 81,2025-11-06_10:53:52.208806
ED   38,99.00%,Grace Marrero,(Conservative),22,AD 81,2025-11-06_10:53:52.208806
ED   38,99.00%,Vanessa L. Gibson,(Working Families),58,AD 81,2025-11-06_10:53:52.208806
ED   38,99.00%,WRITE-IN,&nbsp,2,AD 81,2025-11-06_10:53:52.208806
ED   39,99.00%,Vanessa L. Gibson,(Democratic),345,AD 81,2025-11-06_10:53:52.208806
ED   39,99.00%,Grace Marrero,(Republican),122,AD 81,2025-11-06_10:53:52.208806
ED   39,99.00%,Grace Marrero,(Conservative),13,AD 81,2025-11-06_10:53:52.208806
ED   39,99.00%,Vanessa L. Gibson,(Working Families),58,AD 81,2025-11-06_10:53:52.208806
ED   39,99.00%,WRITE-IN,&nbsp,3,AD 81,2025-11-06_10:53:52.208806
ED   40,99.00%,Vanessa L. Gibson,(Democratic),314,AD 81,2025-11-06_10:53:52.208806
ED   40,99.00%,Grace Marrero,(Republican),129,AD 81,2025-11-06_10:53:52.208806
ED   40,99.00%,Grace Marrero,(Conservative),17,AD 81,2025-11-06_10:53:52.208806
ED   40,99.00%,Vanessa L. Gibson,(Working Families),49,AD 81,2025-11-06_10:53:52.208806
ED   40,99.00%,WRITE-IN,&nbsp,0,AD 81,2025-11-06_10:53:52.208806
ED   41,99.00%,Vanessa L. Gibson,(Democratic),236,AD 81,2025-11-06_10:53:52.208806
ED   41,99.00%,Grace Marrero,(Republican),197,AD 81,2025-11-06_10:53:52.208806
ED   41,99.00%,Grace Marrero,(Conservative),39,AD 81,2025-11-06_10:53:52.208806
ED   41,99.00%,Vanessa L. Gibson,(Working Families),34,AD 81,2025-11-06_10:53:52.208806
ED   41,99.00%,WRITE-IN,&nbsp,2,AD 81,2025-11-06_10:53:52.208806
ED   42,99.00%,Vanessa L. Gibson,(Democratic),243,AD 81,2025-11-06_10:53:52.208806
ED   42,99.00%,Grace Marrero,(Republican),177,AD 81,2025-11-06_10:53:52.208806
ED   42,99.00%,Grace Marrero,(Conservative),21,AD 81,2025-11-06_10:53:52.208806
ED   42,99.00%,Vanessa L. Gibson,(Working Families),64,AD 81,2025-11-06_10:53:52.208806
ED   42,99.00%,WRITE-IN,&nbsp,1,AD 81,2025-11-06_10:53:52.208806
ED   43,99.00%,Vanessa L. Gibson,(Democratic),268,AD 81,2025-11-06_10:53:52.208806
ED   43,99.00%,Grace Marrero,(Republican),231,AD 81,2025-11-06_10:53:52.208806
ED   43,99.00%,Grace Marrero,(Conservative),38,AD 81,2025-11-06_10:53:52.208806
ED   43,99.00%,Vanessa L. Gibson,(Working Families),58,AD 81,2025-11-06_10:53:52.208806
ED   43,99.00%,WRITE-IN,&nbsp,1,AD 81,2025-11-06_10:53:52.208806
ED   44,99.00%,Vanessa L. Gibson,(Democratic),367,AD 81,2025-11-06_10:53:52.208806
ED   44,99.00%,Grace Marrero,(Republican),48,AD 81,2025-11-06_10:53:52.208806
ED   44,99.00%,Grace Marrero,(Conservative),16,AD 81,2025-11-06_10:53:52.208806
ED   44,99.00%,Vanessa L. Gibson,(Working Families),23,AD 81,2025-11-06_10:53:52.208806
ED   44,99.00%,WRITE-IN,&nbsp,1,AD 81,2025-11-06_10:53:52.208806
ED   45,99.00%,Vanessa L. Gibson,(Democratic),272,AD 81,2025-11-06_10:53:52.208806
ED   45,99.00%,Grace Marrero,(Republican),111,AD 81,2025-11-06_10:53:52.208806
ED   45,99.00%,Grace Marrero,(Conservative),20,AD 81,2025-11-06_10:53:52.208806
ED   45,99.00%,Vanessa L. Gibson,(Working Families),48,AD 81,2025-11-06_10:53:52.208806
ED   45,99.00%,WRITE-IN,&nbsp,1,AD 81,2025-11-06_10:53:52.208806
ED   46,99.00%,Vanessa L. Gibson,(Democratic),188,AD 81,2025-11-06_10:53:52.208806
ED   46,99.00%,Grace Marrero,(Republican),38,AD 81,2025-11-06_10:53:52.208806
ED   46,99.00%,Grace Marrero,(Conservative),4,AD 81,2025-11-06_10:53:52.208806
ED   46,99.00%,Vanessa L. Gibson,(Working Families),27,AD 81,2025-11-06_10:53:52.208806
ED   46,99.00%,WRITE-IN,&nbsp,0,AD 81,2025-11-06_10:53:52.208806
ED   47,99.00%,Vanessa L. Gibson,(Democratic),305,AD 81,2025-11-06_10:53:52.208806
ED   47,99.00%,Grace Marrero,(Republican),34,AD 81,2025-11-06_10:53:52.208806
ED   47,99.00%,Grace Marrero,(Conservative),12,AD 81,2025-11-06_10:53:52.208806
ED   47,99.00%,Vanessa L. Gibson,(Working Families),35,AD 81,2025-11-06_10:53:52.208806
ED   47,99.00%,WRITE-IN,&nbsp,0,AD 81,2025-11-06_10:53:52.208806
ED   48,99.00%,Vanessa L. Gibson,(Democratic),419,AD 81,2025-11-06_10:53:52.208806
ED   48,99.00%,Grace Marrero,(Republican),54,AD 81,2025-11-06_10:53:52.208806
ED   48,99.00%,Grace Marrero,(Conservative),14,AD 81,2025-11-06_10:53:52.208806
ED   48,99.00%,Vanessa L. Gibson,(Working Families),35,AD 81,2025-11-06_10:53:52.208806
ED   48,99.00%,WRITE-IN,&nbsp,0,AD 81,2025-11-06_10:53:52.208806
ED   49,99.00%,Vanessa L. Gibson,(Democratic),239,AD 81,2025-11-06_10:53:52.208806
ED   49,99.00%,Grace Marrero,(Republican),43,AD 81,2025-11-06_10:53:52.208806
ED   49,99.00%,Grace Marrero,(Conservative),5,AD 81,2025-11-06_10:53:52.208806
ED   49,99.00%,Vanessa L. Gibson,(Working Families),26,AD 81,2025-11-06_10:53:52.208806
ED   49,99.00%,WRITE-IN,&nbsp,0,AD 81,2025-11-06_10:53:52.208806
ED   50,90.00%,Vanessa L. Gibson,(Democratic),270,AD 81,2025-11-06_10:53:52.208806
ED   50,90.00%,Grace Marrero,(Republican),66,AD 81,2025-11-06_10:53:52.208806
ED   50,90.00%,Grace Marrero,(Conservative),5,AD 81,2025-11-06_10:53:52.208806
ED   50,90.00%,Vanessa L. Gibson,(Working Families),36,AD 81,2025-11-06_10:53:52.208806
ED   50,90.00%,WRITE-IN,&nbsp,1,AD 81,2025-11-06_10:53:52.208806
ED   51,99.00%,Vanessa L. Gibson,(Democratic),295,AD 81,2025-11-06_10:53:52.208806
ED   51,99.00%,Grace Marrero,(Republican),45,AD 81,2025-11-06_10:53:52.208806
ED   51,99.00%,Grace Marrero,(Conservative),13,AD 81,2025-11-06_10:53:52.208806
ED   51,99.00%,Vanessa L. Gibson,(Working Families),51,AD 81,2025-11-06_10:53:52.208806
ED   51,99.00%,WRITE-IN,&nbsp,0,AD 81,2025-11-06_10:53:52.208806
ED   52,99.00%,Vanessa L. Gibson,(Democratic),259,AD 81,2025-11-06_10:53:52.208806
ED   52,99.00%,Grace Marrero,(Republican),19,AD 81,2025-11-06_10:53:52.208806
ED   52,99.00%,Grace Marrero,(Conservative),3,AD 81,2025-11-06_10:53:52.208806
ED   52,99.00%,Vanessa L. Gibson,(Working Families),18,AD 81,2025-11-06_10:53:52.208806
ED   52,99.00%,WRITE-IN,&nbsp,0,AD 81,2025-11-06_10:53:52.208806
ED   53,99.00%,Vanessa L. Gibson,(Democratic),293,AD 81,2025-11-06_10:53:52.208806
ED   53,99.00%,Grace Marrero,(Republican),90,AD 81,2025-11-06_10:53:52.208806
ED   53,99.00%,Grace Marrero,(Conservative),18,AD 81,2025-11-06_10:53:52.208806
ED   53,99.00%,Vanessa L. Gibson,(Working Families),63,AD 81,2025-11-06_10:53:52.208806
ED   53,99.00%,WRITE-IN,&nbsp,1,AD 81,2025-11-06_10:53:52.208806
ED   54,99.00%,Vanessa L. Gibson,(Democratic),377,AD 81,2025-11-06_10:53:52.208806
ED   54,99.00%,Grace Marrero,(Republican),100,AD 81,2025-11-06_10:53:52.208806
ED   54,99.00%,Grace Marrero,(Conservative),20,AD 81,2025-11-06_10:53:52.208806
ED   54,99.00%,Vanessa L. Gibson,(Working Families),73,AD 81,2025-11-06_10:53:52.208806
ED   54,99.00%,WRITE-IN,&nbsp,2,AD 81,2025-11-06_10:53:52.208806
ED   55,99.00%,Vanessa L. Gibson,(Democratic),205,AD 81,2025-11-06_10:53:52.208806
ED   55,99.00%,Grace Marrero,(Republican),12,AD 81,2025-11-06_10:53:52.208806
ED   55,99.00%,Grace Marrero,(Conservative),2,AD 81,2025-11-06_10:53:52.208806
ED   55,99.00%,Vanessa L. Gibson,(Working Families),16,AD 81,2025-11-06_10:53:52.208806
ED   55,99.00%,WRITE-IN,&nbsp,1,AD 81,2025-11-06_10:53:52.208806
ED   56,99.00%,Vanessa L. Gibson,(Democratic),438,AD 81,2025-11-06_10:53:52.208806
ED   56,99.00%,Grace Marrero,(Republican),109,AD 81,2025-11-06_10:53:52.208806
ED   56,99.00%,Grace Marrero,(Conservative),28,AD 81,2025-11-06_10:53:52.208806
ED   56,99.00%,Vanessa L. Gibson,(Working Families),90,AD 81,2025-11-06_10:53:52.208806
ED   56,99.00%,WRITE-IN,&nbsp,1,AD 81,2025-11-06_10:53:52.208806
ED   57,99.00%,Vanessa L. Gibson,(Democratic),231,AD 81,2025-11-06_10:53:52.208806
ED   57,99.00%,Grace Marrero,(Republican),25,AD 81,2025-11-06_10:53:52.208806
ED   57,99.00%,Grace Marrero,(Conservative),4,AD 81,2025-11-06_10:53:52.208806
ED   57,99.00%,Vanessa L. Gibson,(Working Families),14,AD 81,2025-11-06_10:53:52.208806
ED   57,99.00%,WRITE-IN,&nbsp,0,AD 81,2025-11-06_10:53:52.208806
ED   58,99.00%,Vanessa L. Gibson,(Democratic),251,AD 81,2025-11-06_10:53:52.208806
ED   58,99.00%,Grace Marrero,(Republican),30,AD 81,2025-11-06_10:53:52.208806
ED   58,99.00%,Grace Marrero,(Conservative),3,AD 81,2025-11-06_10:53:52.208806
ED   58,99.00%,Vanessa L. Gibson,(Working Families),23,AD 81,2025-11-06_10:53:52.208806
ED   58,99.00%,WRITE-IN,&nbsp,0,AD 81,2025-11-06_10:53:52.208806
ED   59,99.00%,Vanessa L. Gibson,(Democratic),0,AD 81,2025-11-06_10:53:52.208806
ED   59,99.00%,Grace Marrero,(Republican),0,AD 81,2025-11-06_10:53:52.208806
ED   59,99.00%,Grace Marrero,(Conservative),0,AD 81,2025-11-06_10:53:52.208806
ED   59,99.00%,Vanessa L. Gibson,(Working Families),0,AD 81,2025-11-06_10:53:52.208806
ED   59,99.00%,WRITE-IN,&nbsp,0,AD 81,2025-11-06_10:53:52.208806
ED   60,99.00%,Vanessa L. Gibson,(Democratic),0,AD 81,2025-11-06_10:53:52.208806
ED   60,99.00%,Grace Marrero,(Republican),0,AD 81,2025-11-06_10:53:52.208806
ED   60,99.00%,Grace Marrero,(Conservative),0,AD 81,2025-11-06_10:53:52.208806
ED   60,99.00%,Vanessa L. Gibson,(Working Families),0,AD 81,2025-11-06_10:53:52.208806
ED   60,99.00%,WRITE-IN,&nbsp,0,AD 81,2025-11-06_10:53:52.208806
ED   61,99.00%,Vanessa L. Gibson,(Democratic),0,AD 81,2025-11-06_10:53:52.208806
ED   61,99.00%,Grace Marrero,(Republican),0,AD 81,2025-11-06_10:53:52.208806
ED   61,99.00%,Grace Marrero,(Conservative),0,AD 81,2025-11-06_10:53:52.208806
ED   61,99.00%,Vanessa L. Gibson,(Working Families),0,AD 81,2025-11-06_10:53:52.208806
ED   61,99.00%,WRITE-IN,&nbsp,0,AD 81,2025-11-06_10:53:52.208806
ED   62,99.00%,Vanessa L. Gibson,(Democratic),0,AD 81,2025-11-06_10:53:52.208806
ED   62,99.00%,Grace Marrero,(Republican),0,AD 81,2025-11-06_10:53:52.208806
ED   62,99.00%,Grace Marrero,(Conservative),0,AD 81,2025-11-06_10:53:52.208806
ED   62,99.00%,Vanessa L. Gibson,(Working Families),0,AD 81,2025-11-06_10:53:52.208806
ED   62,99.00%,WRITE-IN,&nbsp,0,AD 81,2025-11-06_10:53:52.208806
Total,,Vanessa L. Gibson,(Democratic),19703,AD 81,2025-11-06_10:53:52.208806
Total,,Grace Marrero,(Republican),5388,AD 81,2025-11-06_10:53:52.208806
Total,,Grace Marrero,(Conservative),778,AD 81,2025-11-06_10:53:52.208806
Total,,Vanessa L. Gibson,(Working Families),2891,AD 81,2025-11-06_10:53:52.208806
Total,,WRITE-IN,&nbsp,69,AD 81,2025-11-06_10:53:52.208806
ED    1,99.00%,Vanessa L. Gibson,(Democratic),251,AD 82,2025-11-06_10:53:52.208806
ED    1,99.00%,Grace Marrero,(Republican),438,AD 82,2025-11-06_10:53:52.208806
ED    1,99.00%,Grace Marrero,(Conservative),40,AD 82,2025-11-06_10:53:52.208806
ED    1,99.00%,Vanessa L. Gibson,(Working Families),22,AD 82,2025-11-06_10:53:52.208806
ED    1,99.00%,WRITE-IN,&nbsp,0,AD 82,2025-11-06_10:53:52.208806
ED    2,99.00%,Vanessa L. Gibson,(Democratic),80,AD 82,2025-11-06_10:53:52.208806
ED    2,99.00%,Grace Marrero,(Republican),181,AD 82,2025-11-06_10:53:52.208806
ED    2,99.00%,Grace Marrero,(Conservative),12,AD 82,2025-11-06_10:53:52.208806
ED    2,99.00%,Vanessa L. Gibson,(Working Families),4,AD 82,2025-11-06_10:53:52.208806
ED    2,99.00%,WRITE-IN,&nbsp,0,AD 82,2025-11-06_10:53:52.208806
ED    3,99.00%,Vanessa L. Gibson,(Democratic),232,AD 82,2025-11-06_10:53:52.208806
ED    3,99.00%,Grace Marrero,(Republican),227,AD 82,2025-11-06_10:53:52.208806
ED    3,99.00%,Grace Marrero,(Conservative),22,AD 82,2025-11-06_10:53:52.208806
ED    3,99.00%,Vanessa L. Gibson,(Working Families),28,AD 82,2025-11-06_10:53:52.208806
ED    3,99.00%,WRITE-IN,&nbsp,2,AD 82,2025-11-06_10:53:52.208806
ED    4,99.00%,Vanessa L. Gibson,(Democratic),244,AD 82,2025-11-06_10:53:52.208806
ED    4,99.00%,Grace Marrero,(Republican),217,AD 82,2025-11-06_10:53:52.208806
ED    4,99.00%,Grace Marrero,(Conservative),16,AD 82,2025-11-06_10:53:52.208806
ED    4,99.00%,Vanessa L. Gibson,(Working Families),26,AD 82,2025-11-06_10:53:52.208806
ED    4,99.00%,WRITE-IN,&nbsp,1,AD 82,2025-11-06_10:53:52.208806
ED    5,99.00%,Vanessa L. Gibson,(Democratic),163,AD 82,2025-11-06_10:53:52.208806
ED    5,99.00%,Grace Marrero,(Republican),188,AD 82,2025-11-06_10:53:52.208806
ED    5,99.00%,Grace Marrero,(Conservative),17,AD 82,2025-11-06_10:53:52.208806
ED    5,99.00%,Vanessa L. Gibson,(Working Families),28,AD 82,2025-11-06_10:53:52.208806
ED    5,99.00%,WRITE-IN,&nbsp,1,AD 82,2025-11-06_10:53:52.208806
ED    6,99.00%,Vanessa L. Gibson,(Democratic),199,AD 82,2025-11-06_10:53:52.208806
ED    6,99.00%,Grace Marrero,(Republican),385,AD 82,2025-11-06_10:53:52.208806
ED    6,99.00%,Grace Marrero,(Conservative),30,AD 82,2025-11-06_10:53:52.208806
ED    6,99.00%,Vanessa L. Gibson,(Working Families),18,AD 82,2025-11-06_10:53:52.208806
ED    6,99.00%,WRITE-IN,&nbsp,0,AD 82,2025-11-06_10:53:52.208806
ED    7,99.00%,Vanessa L. Gibson,(Democratic),240,AD 82,2025-11-06_10:53:52.208806
ED    7,99.00%,Grace Marrero,(Republican),148,AD 82,2025-11-06_10:53:52.208806
ED    7,99.00%,Grace Marrero,(Conservative),20,AD 82,2025-11-06_10:53:52.208806
ED    7,99.00%,Vanessa L. Gibson,(Working Families),16,AD 82,2025-11-06_10:53:52.208806
ED    7,99.00%,WRITE-IN,&nbsp,1,AD 82,2025-11-06_10:53:52.208806
ED    8,99.00%,Vanessa L. Gibson,(Democratic),196,AD 82,2025-11-06_10:53:52.208806
ED    8,99.00%,Grace Marrero,(Republican),227,AD 82,2025-11-06_10:53:52.208806
ED    8,99.00%,Grace Marrero,(Conservative),20,AD 82,2025-11-06_10:53:52.208806
ED    8,99.00%,Vanessa L. Gibson,(Working Families),26,AD 82,2025-11-06_10:53:52.208806
ED    8,99.00%,WRITE-IN,&nbsp,0,AD 82,2025-11-06_10:53:52.208806
ED    9,99.00%,Vanessa L. Gibson,(Democratic),238,AD 82,2025-11-06_10:53:52.208806
ED    9,99.00%,Grace Marrero,(Republican),204,AD 82,2025-11-06_10:53:52.208806
ED    9,99.00%,Grace Marrero,(Conservative),18,AD 82,2025-11-06_10:53:52.208806
ED    9,99.00%,Vanessa L. Gibson,(Working Families),27,AD 82,2025-11-06_10:53:52.208806
ED    9,99.00%,WRITE-IN,&nbsp,2,AD 82,2025-11-06_10:53:52.208806
ED   10,99.00%,Vanessa L. Gibson,(Democratic),312,AD 82,2025-11-06_10:53:52.208806
ED   10,99.00%,Grace Marrero,(Republican),167,AD 82,2025-11-06_10:53:52.208806
ED   10,99.00%,Grace Marrero,(Conservative),17,AD 82,2025-11-06_10:53:52.208806
ED   10,99.00%,Vanessa L. Gibson,(Working Families),38,AD 82,2025-11-06_10:53:52.208806
ED   10,99.00%,WRITE-IN,&nbsp,0,AD 82,2025-11-06_10:53:52.208806
ED   11,99.00%,Vanessa L. Gibson,(Democratic),233,AD 82,2025-11-06_10:53:52.208806
ED   11,99.00%,Grace Marrero,(Republican),130,AD 82,2025-11-06_10:53:52.208806
ED   11,99.00%,Grace Marrero,(Conservative),17,AD 82,2025-11-06_10:53:52.208806
ED   11,99.00%,Vanessa L. Gibson,(Working Families),27,AD 82,2025-11-06_10:53:52.208806
ED   11,99.00%,WRITE-IN,&nbsp,0,AD 82,2025-11-06_10:53:52.208806
ED   12,99.00%,Vanessa L. Gibson,(Democratic),149,AD 82,2025-11-06_10:53:52.208806
ED   12,99.00%,Grace Marrero,(Republican),13,AD 82,2025-11-06_10:53:52.208806
ED   12,99.00%,Grace Marrero,(Conservative),7,AD 82,2025-11-06_10:53:52.208806
ED   12,99.00%,Vanessa L. Gibson,(Working Families),17,AD 82,2025-11-06_10:53:52.208806
ED   12,99.00%,WRITE-IN,&nbsp,0,AD 82,2025-11-06_10:53:52.208806
ED   13,99.00%,Vanessa L. Gibson,(Democratic),141,AD 82,2025-11-06_10:53:52.208806
ED   13,99.00%,Grace Marrero,(Republican),19,AD 82,2025-11-06_10:53:52.208806
ED   13,99.00%,Grace Marrero,(Conservative),4,AD 82,2025-11-06_10:53:52.208806
ED   13,99.00%,Vanessa L. Gibson,(Working Families),9,AD 82,2025-11-06_10:53:52.208806
ED   13,99.00%,WRITE-IN,&nbsp,0,AD 82,2025-11-06_10:53:52.208806
ED   14,99.00%,Vanessa L. Gibson,(Democratic),161,AD 82,2025-11-06_10:53:52.208806
ED   14,99.00%,Grace Marrero,(Republican),19,AD 82,2025-11-06_10:53:52.208806
ED   14,99.00%,Grace Marrero,(Conservative),6,AD 82,2025-11-06_10:53:52.208806
ED   14,99.00%,Vanessa L. Gibson,(Working Families),16,AD 82,2025-11-06_10:53:52.208806
ED   14,99.00%,WRITE-IN,&nbsp,0,AD 82,2025-11-06_10:53:52.208806
ED   15,99.00%,Vanessa L. Gibson,(Democratic),240,AD 82,2025-11-06_10:53:52.208806
ED   15,99.00%,Grace Marrero,(Republican),174,AD 82,2025-11-06_10:53:52.208806
ED   15,99.00%,Grace Marrero,(Conservative),27,AD 82,2025-11-06_10:53:52.208806
ED   15,99.00%,Vanessa L. Gibson,(Working Families),50,AD 82,2025-11-06_10:53:52.208806
ED   15,99.00%,WRITE-IN,&nbsp,0,AD 82,2025-11-06_10:53:52.208806
ED   16,99.00%,Vanessa L. Gibson,(Democratic),308,AD 82,2025-11-06_10:53:52.208806
ED   16,99.00%,Grace Marrero,(Republican),168,AD 82,2025-11-06_10:53:52.208806
ED   16,99.00%,Grace Marrero,(Conservative),26,AD 82,2025-11-06_10:53:52.208806
ED   16,99.00%,Vanessa L. Gibson,(Working Families),21,AD 82,2025-11-06_10:53:52.208806
ED   16,99.00%,WRITE-IN,&nbsp,0,AD 82,2025-11-06_10:53:52.208806
ED   17,99.00%,Vanessa L. Gibson,(Democratic),16,AD 82,2025-11-06_10:53:52.208806
ED   17,99.00%,Grace Marrero,(Republican),17,AD 82,2025-11-06_10:53:52.208806
ED   17,99.00%,Grace Marrero,(Conservative),2,AD 82,2025-11-06_10:53:52.208806
ED   17,99.00%,Vanessa L. Gibson,(Working Families),1,AD 82,2025-11-06_10:53:52.208806
ED   17,99.00%,WRITE-IN,&nbsp,0,AD 82,2025-11-06_10:53:52.208806
ED   18,99.00%,Vanessa L. Gibson,(Democratic),224,AD 82,2025-11-06_10:53:52.208806
ED   18,99.00%,Grace Marrero,(Republican),274,AD 82,2025-11-06_10:53:52.208806
ED   18,99.00%,Grace Marrero,(Conservative),31,AD 82,2025-11-06_10:53:52.208806
ED   18,99.00%,Vanessa L. Gibson,(Working Families),22,AD 82,2025-11-06_10:53:52.208806
ED   18,99.00%,WRITE-IN,&nbsp,0,AD 82,2025-11-06_10:53:52.208806
ED   19,99.00%,Vanessa L. Gibson,(Democratic),210,AD 82,2025-11-06_10:53:52.208806
ED   19,99.00%,Grace Marrero,(Republican),322,AD 82,2025-11-06_10:53:52.208806
ED   19,99.00%,Grace Marrero,(Conservative),28,AD 82,2025-11-06_10:53:52.208806
ED   19,99.00%,Vanessa L. Gibson,(Working Families),33,AD 82,2025-11-06_10:53:52.208806
ED   19,99.00%,WRITE-IN,&nbsp,1,AD 82,2025-11-06_10:53:52.208806
ED   20,99.00%,Vanessa L. Gibson,(Democratic),250,AD 82,2025-11-06_10:53:52.208806
ED   20,99.00%,Grace Marrero,(Republican),427,AD 82,2025-11-06_10:53:52.208806
ED   20,99.00%,Grace Marrero,(Conservative),31,AD 82,2025-11-06_10:53:52.208806
ED   20,99.00%,Vanessa L. Gibson,(Working Families),27,AD 82,2025-11-06_10:53:52.208806
ED   20,99.00%,WRITE-IN,&nbsp,1,AD 82,2025-11-06_10:53:52.208806
ED   21,99.00%,Vanessa L. Gibson,(Democratic),143,AD 82,2025-11-06_10:53:52.208806
ED   21,99.00%,Grace Marrero,(Republican),291,AD 82,2025-11-06_10:53:52.208806
ED   21,99.00%,Grace Marrero,(Conservative),26,AD 82,2025-11-06_10:53:52.208806
ED   21,99.00%,Vanessa L. Gibson,(Working Families),12,AD 82,2025-11-06_10:53:52.208806
ED   21,99.00%,WRITE-IN,&nbsp,0,AD 82,2025-11-06_10:53:52.208806
ED   22,99.00%,Vanessa L. Gibson,(Democratic),136,AD 82,2025-11-06_10:53:52.208806
ED   22,99.00%,Grace Marrero,(Republican),234,AD 82,2025-11-06_10:53:52.208806
ED   22,99.00%,Grace Marrero,(Conservative),18,AD 82,2025-11-06_10:53:52.208806
ED   22,99.00%,Vanessa L. Gibson,(Working Families),13,AD 82,2025-11-06_10:53:52.208806
ED   22,99.00%,WRITE-IN,&nbsp,0,AD 82,2025-11-06_10:53:52.208806
ED   23,99.00%,Vanessa L. Gibson,(Democratic),141,AD 82,2025-11-06_10:53:52.208806
ED   23,99.00%,Grace Marrero,(Republican),201,AD 82,2025-11-06_10:53:52.208806
ED   23,99.00%,Grace Marrero,(Conservative),24,AD 82,2025-11-06_10:53:52.208806
ED   23,99.00%,Vanessa L. Gibson,(Working Families),16,AD 82,2025-11-06_10:53:52.208806
ED   23,99.00%,WRITE-IN,&nbsp,2,AD 82,2025-11-06_10:53:52.208806
ED   24,99.00%,Vanessa L. Gibson,(Democratic),120,AD 82,2025-11-06_10:53:52.208806
ED   24,99.00%,Grace Marrero,(Republican),147,AD 82,2025-11-06_10:53:52.208806
ED   24,99.00%,Grace Marrero,(Conservative),9,AD 82,2025-11-06_10:53:52.208806
ED   24,99.00%,Vanessa L. Gibson,(Working Families),19,AD 82,2025-11-06_10:53:52.208806
ED   24,99.00%,WRITE-IN,&nbsp,3,AD 82,2025-11-06_10:53:52.208806
ED   25,99.00%,Vanessa L. Gibson,(Democratic),353,AD 82,2025-11-06_10:53:52.208806
ED   25,99.00%,Grace Marrero,(Republican),129,AD 82,2025-11-06_10:53:52.208806
ED   25,99.00%,Grace Marrero,(Conservative),19,AD 82,2025-11-06_10:53:52.208806
ED   25,99.00%,Vanessa L. Gibson,(Working Families),43,AD 82,2025-11-06_10:53:52.208806
ED   25,99.00%,WRITE-IN,&nbsp,2,AD 82,2025-11-06_10:53:52.208806
ED   26,99.00%,Vanessa L. Gibson,(Democratic),222,AD 82,2025-11-06_10:53:52.208806
ED   26,99.00%,Grace Marrero,(Republican),124,AD 82,2025-11-06_10:53:52.208806
ED   26,99.00%,Grace Marrero,(Conservative),11,AD 82,2025-11-06_10:53:52.208806
ED   26,99.00%,Vanessa L. Gibson,(Working Families),35,AD 82,2025-11-06_10:53:52.208806
ED   26,99.00%,WRITE-IN,&nbsp,0,AD 82,2025-11-06_10:53:52.208806
ED   27,99.00%,Vanessa L. Gibson,(Democratic),182,AD 82,2025-11-06_10:53:52.208806
ED   27,99.00%,Grace Marrero,(Republican),154,AD 82,2025-11-06_10:53:52.208806
ED   27,99.00%,Grace Marrero,(Conservative),14,AD 82,2025-11-06_10:53:52.208806
ED   27,99.00%,Vanessa L. Gibson,(Working Families),28,AD 82,2025-11-06_10:53:52.208806
ED   27,99.00%,WRITE-IN,&nbsp,0,AD 82,2025-11-06_10:53:52.208806
ED   28,99.00%,Vanessa L. Gibson,(Democratic),364,AD 82,2025-11-06_10:53:52.208806
ED   28,99.00%,Grace Marrero,(Republican),188,AD 82,2025-11-06_10:53:52.208806
ED   28,99.00%,Grace Marrero,(Conservative),21,AD 82,2025-11-06_10:53:52.208806
ED   28,99.00%,Vanessa L. Gibson,(Working Families),36,AD 82,2025-11-06_10:53:52.208806
ED   28,99.00%,WRITE-IN,&nbsp,4,AD 82,2025-11-06_10:53:52.208806
ED   29,99.00%,Vanessa L. Gibson,(Democratic),330,AD 82,2025-11-06_10:53:52.208806
ED   29,99.00%,Grace Marrero,(Republican),142,AD 82,2025-11-06_10:53:52.208806
ED   29,99.00%,Grace Marrero,(Conservative),24,AD 82,2025-11-06_10:53:52.208806
ED   29,99.00%,Vanessa L. Gibson,(Working Families),43,AD 82,2025-11-06_10:53:52.208806
ED   29,99.00%,WRITE-IN,&nbsp,2,AD 82,2025-11-06_10:53:52.208806
ED   30,99.00%,Vanessa L. Gibson,(Democratic),287,AD 82,2025-11-06_10:53:52.208806
ED   30,99.00%,Grace Marrero,(Republican),126,AD 82,2025-11-06_10:53:52.208806
ED   30,99.00%,Grace Marrero,(Conservative),22,AD 82,2025-11-06_10:53:52.208806
ED   30,99.00%,Vanessa L. Gibson,(Working Families),48,AD 82,2025-11-06_10:53:52.208806
ED   30,99.00%,WRITE-IN,&nbsp,0,AD 82,2025-11-06_10:53:52.208806
ED   31,99.00%,Vanessa L. Gibson,(Democratic),217,AD 82,2025-11-06_10:53:52.208806
ED   31,99.00%,Grace Marrero,(Republican),173,AD 82,2025-11-06_10:53:52.208806
ED   31,99.00%,Grace Marrero,(Conservative),11,AD 82,2025-11-06_10:53:52.208806
ED   31,99.00%,Vanessa L. Gibson,(Working Families),31,AD 82,2025-11-06_10:53:52.208806
ED   31,99.00%,WRITE-IN,&nbsp,0,AD 82,2025-11-06_10:53:52.208806
ED   32,99.00%,Vanessa L. Gibson,(Democratic),300,AD 82,2025-11-06_10:53:52.208806
ED   32,99.00%,Grace Marrero,(Republican),223,AD 82,2025-11-06_10:53:52.208806
ED   32,99.00%,Grace Marrero,(Conservative),14,AD 82,2025-11-06_10:53:52.208806
ED   32,99.00%,Vanessa L. Gibson,(Working Families),47,AD 82,2025-11-06_10:53:52.208806
ED   32,99.00%,WRITE-IN,&nbsp,4,AD 82,2025-11-06_10:53:52.208806
ED   33,99.00%,Vanessa L. Gibson,(Democratic),206,AD 82,2025-11-06_10:53:52.208806
ED   33,99.00%,Grace Marrero,(Republican),196,AD 82,2025-11-06_10:53:52.208806
ED   33,99.00%,Grace Marrero,(Conservative),21,AD 82,2025-11-06_10:53:52.208806
ED   33,99.00%,Vanessa L. Gibson,(Working Families),43,AD 82,2025-11-06_10:53:52.208806
ED   33,99.00%,WRITE-IN,&nbsp,3,AD 82,2025-11-06_10:53:52.208806
ED   34,99.00%,Vanessa L. Gibson,(Democratic),201,AD 82,2025-11-06_10:53:52.208806
ED   34,99.00%,Grace Marrero,(Republican),90,AD 82,2025-11-06_10:53:52.208806
ED   34,99.00%,Grace Marrero,(Conservative),17,AD 82,2025-11-06_10:53:52.208806
ED   34,99.00%,Vanessa L. Gibson,(Working Families),21,AD 82,2025-11-06_10:53:52.208806
ED   34,99.00%,WRITE-IN,&nbsp,1,AD 82,2025-11-06_10:53:52.208806
ED   35,99.00%,Vanessa L. Gibson,(Democratic),112,AD 82,2025-11-06_10:53:52.208806
ED   35,99.00%,Grace Marrero,(Republican),38,AD 82,2025-11-06_10:53:52.208806
ED   35,99.00%,Grace Marrero,(Conservative),5,AD 82,2025-11-06_10:53:52.208806
ED   35,99.00%,Vanessa L. Gibson,(Working Families),13,AD 82,2025-11-06_10:53:52.208806
ED   35,99.00%,WRITE-IN,&nbsp,0,AD 82,2025-11-06_10:53:52.208806
ED   36,99.00%,Vanessa L. Gibson,(Democratic),413,AD 82,2025-11-06_10:53:52.208806
ED   36,99.00%,Grace Marrero,(Republican),48,AD 82,2025-11-06_10:53:52.208806
ED   36,99.00%,Grace Marrero,(Conservative),11,AD 82,2025-11-06_10:53:52.208806
ED   36,99.00%,Vanessa L. Gibson,(Working Families),22,AD 82,2025-11-06_10:53:52.208806
ED   36,99.00%,WRITE-IN,&nbsp,0,AD 82,2025-11-06_10:53:52.208806
ED   37,99.00%,Vanessa L. Gibson,(Democratic),6,AD 82,2025-11-06_10:53:52.208806
ED   37,99.00%,Grace Marrero,(Republican),3,AD 82,2025-11-06_10:53:52.208806
ED   37,99.00%,Grace Marrero,(Conservative),0,AD 82,2025-11-06_10:53:52.208806
ED   37,99.00%,Vanessa L. Gibson,(Working Families),1,AD 82,2025-11-06_10:53:52.208806
ED   37,99.00%,WRITE-IN,&nbsp,0,AD 82,2025-11-06_10:53:52.208806
ED   38,99.00%,Vanessa L. Gibson,(Democratic),311,AD 82,2025-11-06_10:53:52.208806
ED   38,99.00%,Grace Marrero,(Republican),178,AD 82,2025-11-06_10:53:52.208806
ED   38,99.00%,Grace Marrero,(Conservative),36,AD 82,2025-11-06_10:53:52.208806
ED   38,99.00%,Vanessa L. Gibson,(Working Families),40,AD 82,2025-11-06_10:53:52.208806
ED   38,99.00%,WRITE-IN,&nbsp,2,AD 82,2025-11-06_10:53:52.208806
ED   39,99.00%,Vanessa L. Gibson,(Democratic),206,AD 82,2025-11-06_10:53:52.208806
ED   39,99.00%,Grace Marrero,(Republican),147,AD 82,2025-11-06_10:53:52.208806
ED   39,99.00%,Grace Marrero,(Conservative),21,AD 82,2025-11-06_10:53:52.208806
ED   39,99.00%,Vanessa L. Gibson,(Working Families),16,AD 82,2025-11-06_10:53:52.208806
ED   39,99.00%,WRITE-IN,&nbsp,0,AD 82,2025-11-06_10:53:52.208806
ED   40,99.00%,Vanessa L. Gibson,(Democratic),277,AD 82,2025-11-06_10:53:52.208806
ED   40,99.00%,Grace Marrero,(Republican),59,AD 82,2025-11-06_10:53:52.208806
ED   40,99.00%,Grace Marrero,(Conservative),16,AD 82,2025-11-06_10:53:52.208806
ED   40,99.00%,Vanessa L. Gibson,(Working Families),39,AD 82,2025-11-06_10:53:52.208806
ED   40,99.00%,WRITE-IN,&nbsp,2,AD 82,2025-11-06_10:53:52.208806
ED   41,99.00%,Vanessa L. Gibson,(Democratic),393,AD 82,2025-11-06_10:53:52.208806
ED   41,99.00%,Grace Marrero,(Republican),318,AD 82,2025-11-06_10:53:52.208806
ED   41,99.00%,Grace Marrero,(Conservative),41,AD 82,2025-11-06_10:53:52.208806
ED   41,99.00%,Vanessa L. Gibson,(Working Families),55,AD 82,2025-11-06_10:53:52.208806
ED   41,99.00%,WRITE-IN,&nbsp,1,AD 82,2025-11-06_10:53:52.208806
ED   42,99.00%,Vanessa L. Gibson,(Democratic),346,AD 82,2025-11-06_10:53:52.208806
ED   42,99.00%,Grace Marrero,(Republican),319,AD 82,2025-11-06_10:53:52.208806
ED   42,99.00%,Grace Marrero,(Conservative),40,AD 82,2025-11-06_10:53:52.208806
ED   42,99.00%,Vanessa L. Gibson,(Working Families),79,AD 82,2025-11-06_10:53:52.208806
ED   42,99.00%,WRITE-IN,&nbsp,2,AD 82,2025-11-06_10:53:52.208806
ED   43,99.00%,Vanessa L. Gibson,(Democratic),175,AD 82,2025-11-06_10:53:52.208806
ED   43,99.00%,Grace Marrero,(Republican),140,AD 82,2025-11-06_10:53:52.208806
ED   43,99.00%,Grace Marrero,(Conservative),14,AD 82,2025-11-06_10:53:52.208806
ED   43,99.00%,Vanessa L. Gibson,(Working Families),25,AD 82,2025-11-06_10:53:52.208806
ED   43,99.00%,WRITE-IN,&nbsp,2,AD 82,2025-11-06_10:53:52.208806
ED   44,99.00%,Vanessa L. Gibson,(Democratic),198,AD 82,2025-11-06_10:53:52.208806
ED   44,99.00%,Grace Marrero,(Republican),115,AD 82,2025-11-06_10:53:52.208806
ED   44,99.00%,Grace Marrero,(Conservative),17,AD 82,2025-11-06_10:53:52.208806
ED   44,99.00%,Vanessa L. Gibson,(Working Families),23,AD 82,2025-11-06_10:53:52.208806
ED   44,99.00%,WRITE-IN,&nbsp,1,AD 82,2025-11-06_10:53:52.208806
ED   45,99.00%,Vanessa L. Gibson,(Democratic),309,AD 82,2025-11-06_10:53:52.208806
ED   45,99.00%,Grace Marrero,(Republican),42,AD 82,2025-11-06_10:53:52.208806
ED   45,99.00%,Grace Marrero,(Conservative),11,AD 82,2025-11-06_10:53:52.208806
ED   45,99.00%,Vanessa L. Gibson,(Working Families),22,AD 82,2025-11-06_10:53:52.208806
ED   45,99.00%,WRITE-IN,&nbsp,0,AD 82,2025-11-06_10:53:52.208806
ED   46,99.00%,Vanessa L. Gibson,(Democratic),449,AD 82,2025-11-06_10:53:52.208806
ED   46,99.00%,Grace Marrero,(Republican),41,AD 82,2025-11-06_10:53:52.208806
ED   46,99.00%,Grace Marrero,(Conservative),7,AD 82,2025-11-06_10:53:52.208806
ED   46,99.00%,Vanessa L. Gibson,(Working Families),42,AD 82,2025-11-06_10:53:52.208806
ED   46,99.00%,WRITE-IN,&nbsp,1,AD 82,2025-11-06_10:53:52.208806
ED   47,99.00%,Vanessa L. Gibson,(Democratic),363,AD 82,2025-11-06_10:53:52.208806
ED   47,99.00%,Grace Marrero,(Republican),36,AD 82,2025-11-06_10:53:52.208806
ED   47,99.00%,Grace Marrero,(Conservative),6,AD 82,2025-11-06_10:53:52.208806
ED   47,99.00%,Vanessa L. Gibson,(Working Families),27,AD 82,2025-11-06_10:53:52.208806
ED   47,99.00%,WRITE-IN,&nbsp,0,AD 82,2025-11-06_10:53:52.208806
ED   48,99.00%,Vanessa L. Gibson,(Democratic),505,AD 82,2025-11-06_10:53:52.208806
ED   48,99.00%,Grace Marrero,(Republican),29,AD 82,2025-11-06_10:53:52.208806
ED   48,99.00%,Grace Marrero,(Conservative),10,AD 82,2025-11-06_10:53:52.208806
ED   48,99.00%,Vanessa L. Gibson,(Working Families),47,AD 82,2025-11-06_10:53:52.208806
ED   48,99.00%,WRITE-IN,&nbsp,0,AD 82,2025-11-06_10:53:52.208806
ED   49,99.00%,Vanessa L. Gibson,(Democratic),470,AD 82,2025-11-06_10:53:52.208806
ED   49,99.00%,Grace Marrero,(Republican),41,AD 82,2025-11-06_10:53:52.208806
ED   49,99.00%,Grace Marrero,(Conservative),7,AD 82,2025-11-06_10:53:52.208806
ED   49,99.00%,Vanessa L. Gibson,(Working Families),28,AD 82,2025-11-06_10:53:52.208806
ED   49,99.00%,WRITE-IN,&nbsp,0,AD 82,2025-11-06_10:53:52.208806
ED   50,99.00%,Vanessa L. Gibson,(Democratic),403,AD 82,2025-11-06_10:53:52.208806
ED   50,99.00%,Grace Marrero,(Republican),29,AD 82,2025-11-06_10:53:52.208806
ED   50,99.00%,Grace Marrero,(Conservative),5,AD 82,2025-11-06_10:53:52.208806
ED   50,99.00%,Vanessa L. Gibson,(Working Families),28,AD 82,2025-11-06_10:53:52.208806
ED   50,99.00%,WRITE-IN,&nbsp,0,AD 82,2025-11-06_10:53:52.208806
ED   51,99.00%,Vanessa L. Gibson,(Democratic),428,AD 82,2025-11-06_10:53:52.208806
ED   51,99.00%,Grace Marrero,(Republican),34,AD 82,2025-11-06_10:53:52.208806
ED   51,99.00%,Grace Marrero,(Conservative),8,AD 82,2025-11-06_10:53:52.208806
ED   51,99.00%,Vanessa L. Gibson,(Working Families),24,AD 82,2025-11-06_10:53:52.208806
ED   51,99.00%,WRITE-IN,&nbsp,1,AD 82,2025-11-06_10:53:52.208806
ED   52,99.00%,Vanessa L. Gibson,(Democratic),480,AD 82,2025-11-06_10:53:52.208806
ED   52,99.00%,Grace Marrero,(Republican),35,AD 82,2025-11-06_10:53:52.208806
ED   52,99.00%,Grace Marrero,(Conservative),9,AD 82,2025-11-06_10:53:52.208806
ED   52,99.00%,Vanessa L. Gibson,(Working Families),39,AD 82,2025-11-06_10:53:52.208806
ED   52,99.00%,WRITE-IN,&nbsp,1,AD 82,2025-11-06_10:53:52.208806
ED   53,99.00%,Vanessa L. Gibson,(Democratic),72,AD 82,2025-11-06_10:53:52.208806
ED   53,99.00%,Grace Marrero,(Republican),53,AD 82,2025-11-06_10:53:52.208806
ED   53,99.00%,Grace Marrero,(Conservative),3,AD 82,2025-11-06_10:53:52.208806
ED   53,99.00%,Vanessa L. Gibson,(Working Families),9,AD 82,2025-11-06_10:53:52.208806
ED   53,99.00%,WRITE-IN,&nbsp,0,AD 82,2025-11-06_10:53:52.208806
ED   54,99.00%,Vanessa L. Gibson,(Democratic),557,AD 82,2025-11-06_10:53:52.208806
ED   54,99.00%,Grace Marrero,(Republican),43,AD 82,2025-11-06_10:53:52.208806
ED   54,99.00%,Grace Marrero,(Conservative),10,AD 82,2025-11-06_10:53:52.208806
ED   54,99.00%,Vanessa L. Gibson,(Working Families),39,AD 82,2025-11-06_10:53:52.208806
ED   54,99.00%,WRITE-IN,&nbsp,0,AD 82,2025-11-06_10:53:52.208806
ED   55,99.00%,Vanessa L. Gibson,(Democratic),519,AD 82,2025-11-06_10:53:52.208806
ED   55,99.00%,Grace Marrero,(Republican),50,AD 82,2025-11-06_10:53:52.208806
ED   55,99.00%,Grace Marrero,(Conservative),16,AD 82,2025-11-06_10:53:52.208806
ED   55,99.00%,Vanessa L. Gibson,(Working Families),37,AD 82,2025-11-06_10:53:52.208806
ED   55,99.00%,WRITE-IN,&nbsp,1,AD 82,2025-11-06_10:53:52.208806
ED   56,99.00%,Vanessa L. Gibson,(Democratic),410,AD 82,2025-11-06_10:53:52.208806
ED   56,99.00%,Grace Marrero,(Republican),33,AD 82,2025-11-06_10:53:52.208806
ED   56,99.00%,Grace Marrero,(Conservative),6,AD 82,2025-11-06_10:53:52.208806
ED   56,99.00%,Vanessa L. Gibson,(Working Families),35,AD 82,2025-11-06_10:53:52.208806
ED   56,99.00%,WRITE-IN,&nbsp,0,AD 82,2025-11-06_10:53:52.208806
ED   57,99.00%,Vanessa L. Gibson,(Democratic),545,AD 82,2025-11-06_10:53:52.208806
ED   57,99.00%,Grace Marrero,(Republican),63,AD 82,2025-11-06_10:53:52.208806
ED   57,99.00%,Grace Marrero,(Conservative),5,AD 82,2025-11-06_10:53:52.208806
ED   57,99.00%,Vanessa L. Gibson,(Working Families),42,AD 82,2025-11-06_10:53:52.208806
ED   57,99.00%,WRITE-IN,&nbsp,3,AD 82,2025-11-06_10:53:52.208806
ED   58,99.00%,Vanessa L. Gibson,(Democratic),564,AD 82,2025-11-06_10:53:52.208806
ED   58,99.00%,Grace Marrero,(Republican),39,AD 82,2025-11-06_10:53:52.208806
ED   58,99.00%,Grace Marrero,(Conservative),11,AD 82,2025-11-06_10:53:52.208806
ED   58,99.00%,Vanessa L. Gibson,(Working Families),36,AD 82,2025-11-06_10:53:52.208806
ED   58,99.00%,WRITE-IN,&nbsp,0,AD 82,2025-11-06_10:53:52.208806
ED   59,99.00%,Vanessa L. Gibson,(Democratic),582,AD 82,2025-11-06_10:53:52.208806
ED   59,99.00%,Grace Marrero,(Republican),51,AD 82,2025-11-06_10:53:52.208806
ED   59,99.00%,Grace Marrero,(Conservative),6,AD 82,2025-11-06_10:53:52.208806
ED   59,99.00%,Vanessa L. Gibson,(Working Families),37,AD 82,2025-11-06_10:53:52.208806
ED   59,99.00%,WRITE-IN,&nbsp,0,AD 82,2025-11-06_10:53:52.208806
ED   60,99.00%,Vanessa L. Gibson,(Democratic),500,AD 82,2025-11-06_10:53:52.208806
ED   60,99.00%,Grace Marrero,(Republican),36,AD 82,2025-11-06_10:53:52.208806
ED   60,99.00%,Grace Marrero,(Conservative),10,AD 82,2025-11-06_10:53:52.208806
ED   60,99.00%,Vanessa L. Gibson,(Working Families),47,AD 82,2025-11-06_10:53:52.208806
ED   60,99.00%,WRITE-IN,&nbsp,1,AD 82,2025-11-06_10:53:52.208806
ED   61,99.00%,Vanessa L. Gibson,(Democratic),518,AD 82,2025-11-06_10:53:52.208806
ED   61,99.00%,Grace Marrero,(Republican),40,AD 82,2025-11-06_10:53:52.208806
ED   61,99.00%,Grace Marrero,(Conservative),2,AD 82,2025-11-06_10:53:52.208806
ED   61,99.00%,Vanessa L. Gibson,(Working Families),42,AD 82,2025-11-06_10:53:52.208806
ED   61,99.00%,WRITE-IN,&nbsp,0,AD 82,2025-11-06_10:53:52.208806
ED   62,99.00%,Vanessa L. Gibson,(Democratic),451,AD 82,2025-11-06_10:53:52.208806
ED   62,99.00%,Grace Marrero,(Republican),25,AD 82,2025-11-06_10:53:52.208806
ED   62,99.00%,Grace Marrero,(Conservative),9,AD 82,2025-11-06_10:53:52.208806
ED   62,99.00%,Vanessa L. Gibson,(Working Families),31,AD 82,2025-11-06_10:53:52.208806
ED   62,99.00%,WRITE-IN,&nbsp,2,AD 82,2025-11-06_10:53:52.208806
ED   63,99.00%,Vanessa L. Gibson,(Democratic),555,AD 82,2025-11-06_10:53:52.208806
ED   63,99.00%,Grace Marrero,(Republican),45,AD 82,2025-11-06_10:53:52.208806
ED   63,99.00%,Grace Marrero,(Conservative),15,AD 82,2025-11-06_10:53:52.208806
ED   63,99.00%,Vanessa L. Gibson,(Working Families),29,AD 82,2025-11-06_10:53:52.208806
ED   63,99.00%,WRITE-IN,&nbsp,2,AD 82,2025-11-06_10:53:52.208806
ED   64,99.00%,Vanessa L. Gibson,(Democratic),560,AD 82,2025-11-06_10:53:52.208806
ED   64,99.00%,Grace Marrero,(Republican),54,AD 82,2025-11-06_10:53:52.208806
ED   64,99.00%,Grace Marrero,(Conservative),16,AD 82,2025-11-06_10:53:52.208806
ED   64,99.00%,Vanessa L. Gibson,(Working Families),32,AD 82,2025-11-06_10:53:52.208806
ED   64,99.00%,WRITE-IN,&nbsp,1,AD 82,2025-11-06_10:53:52.208806
ED   65,99.00%,Vanessa L. Gibson,(Democratic),0,AD 82,2025-11-06_10:53:52.208806
ED   65,99.00%,Grace Marrero,(Republican),0,AD 82,2025-11-06_10:53:52.208806
ED   65,99.00%,Grace Marrero,(Conservative),0,AD 82,2025-11-06_10:53:52.208806
ED   65,99.00%,Vanessa L. Gibson,(Working Families),0,AD 82,2025-11-06_10:53:52.208806
ED   65,99.00%,WRITE-IN,&nbsp,0,AD 82,2025-11-06_10:53:52.208806
ED   66,99.00%,Vanessa L. Gibson,(Democratic),0,AD 82,2025-11-06_10:53:52.208806
ED   66,99.00%,Grace Marrero,(Republican),0,AD 82,2025-11-06_10:53:52.208806
ED   66,99.00%,Grace Marrero,(Conservative),0,AD 82,2025-11-06_10:53:52.208806
ED   66,99.00%,Vanessa L. Gibson,(Working Families),0,AD 82,2025-11-06_10:53:52.208806
ED   66,99.00%,WRITE-IN,&nbsp,0,AD 82,2025-11-06_10:53:52.208806
ED   67,99.00%,Vanessa L. Gibson,(Democratic),0,AD 82,2025-11-06_10:53:52.208806
ED   67,99.00%,Grace Marrero,(Republican),0,AD 82,2025-11-06_10:53:52.208806
ED   67,99.00%,Grace Marrero,(Conservative),0,AD 82,2025-11-06_10:53:52.208806
ED   67,99.00%,Vanessa L. Gibson,(Working Families),0,AD 82,2025-11-06_10:53:52.208806
ED   67,99.00%,WRITE-IN,&nbsp,0,AD 82,2025-11-06_10:53:52.208806
ED   68,99.00%,Vanessa L. Gibson,(Democratic),0,AD 82,2025-11-06_10:53:52.208806
ED   68,99.00%,Grace Marrero,(Republican),0,AD 82,2025-11-06_10:53:52.208806
ED   68,99.00%,Grace Marrero,(Conservative),0,AD 82,2025-11-06_10:53:52.208806
ED   68,99.00%,Vanessa L. Gibson,(Working Families),0,AD 82,2025-11-06_10:53:52.208806
ED   68,99.00%,WRITE-IN,&nbsp,0,AD 82,2025-11-06_10:53:52.208806
ED   69,99.00%,Vanessa L. Gibson,(Democratic),0,AD 82,2025-11-06_10:53:52.208806
ED   69,99.00%,Grace Marrero,(Republican),0,AD 82,2025-11-06_10:53:52.208806
ED   69,99.00%,Grace Marrero,(Conservative),0,AD 82,2025-11-06_10:53:52.208806
ED   69,99.00%,Vanessa L. Gibson,(Working Families),0,AD 82,2025-11-06_10:53:52.208806
ED   69,99.00%,WRITE-IN,&nbsp,0,AD 82,2025-11-06_10:53:52.208806
ED   70,99.00%,Vanessa L. Gibson,(Democratic),0,AD 82,2025-11-06_10:53:52.208806
ED   70,99.00%,Grace Marrero,(Republican),0,AD 82,2025-11-06_10:53:52.208806
ED   70,99.00%,Grace Marrero,(Conservative),0,AD 82,2025-11-06_10:53:52.208806
ED   70,99.00%,Vanessa L. Gibson,(Working Families),0,AD 82,2025-11-06_10:53:52.208806
ED   70,99.00%,WRITE-IN,&nbsp,0,AD 82,2025-11-06_10:53:52.208806
ED   71,99.00%,Vanessa L. Gibson,(Democratic),0,AD 82,2025-11-06_10:53:52.208806
ED   71,99.00%,Grace Marrero,(Republican),0,AD 82,2025-11-06_10:53:52.208806
ED   71,99.00%,Grace Marrero,(Conservative),0,AD 82,2025-11-06_10:53:52.208806
ED   71,99.00%,Vanessa L. Gibson,(Working Families),0,AD 82,2025-11-06_10:53:52.208806
ED   71,99.00%,WRITE-IN,&nbsp,0,AD 82,2025-11-06_10:53:52.208806
ED   72,99.00%,Vanessa L. Gibson,(Democratic),0,AD 82,2025-11-06_10:53:52.208806
ED   72,99.00%,Grace Marrero,(Republican),0,AD 82,2025-11-06_10:53:52.208806
ED   72,99.00%,Grace Marrero,(Conservative),0,AD 82,2025-11-06_10:53:52.208806
ED   72,99.00%,Vanessa L. Gibson,(Working Families),0,AD 82,2025-11-06_10:53:52.208806
ED   72,99.00%,WRITE-IN,&nbsp,0,AD 82,2025-11-06_10:53:52.208806
ED   73,99.00%,Vanessa L. Gibson,(Democratic),0,AD 82,2025-11-06_10:53:52.208806
ED   73,99.00%,Grace Marrero,(Republican),0,AD 82,2025-11-06_10:53:52.208806
ED   73,99.00%,Grace Marrero,(Conservative),0,AD 82,2025-11-06_10:53:52.208806
ED   73,99.00%,Vanessa L. Gibson,(Working Families),0,AD 82,2025-11-06_10:53:52.208806
ED   73,99.00%,WRITE-IN,&nbsp,0,AD 82,2025-11-06_10:53:52.208806
ED   74,99.00%,Vanessa L. Gibson,(Democratic),0,AD 82,2025-11-06_10:53:52.208806
ED   74,99.00%,Grace Marrero,(Republican),0,AD 82,2025-11-06_10:53:52.208806
ED   74,99.00%,Grace Marrero,(Conservative),0,AD 82,2025-11-06_10:53:52.208806
ED   74,99.00%,Vanessa L. Gibson,(Working Families),0,AD 82,2025-11-06_10:53:52.208806
ED   74,99.00%,WRITE-IN,&nbsp,0,AD 82,2025-11-06_10:53:52.208806
ED   75,99.00%,Vanessa L. Gibson,(Democratic),0,AD 82,2025-11-06_10:53:52.208806
ED   75,99.00%,Grace Marrero,(Republican),0,AD 82,2025-11-06_10:53:52.208806
ED   75,99.00%,Grace Marrero,(Conservative),0,AD 82,2025-11-06_10:53:52.208806
ED   75,99.00%,Vanessa L. Gibson,(Working Families),0,AD 82,2025-11-06_10:53:52.208806
ED   75,99.00%,WRITE-IN,&nbsp,0,AD 82,2025-11-06_10:53:52.208806
ED   76,99.00%,Vanessa L. Gibson,(Democratic),0,AD 82,2025-11-06_10:53:52.208806
ED   76,99.00%,Grace Marrero,(Republican),0,AD 82,2025-11-06_10:53:52.208806
ED   76,99.00%,Grace Marrero,(Conservative),0,AD 82,2025-11-06_10:53:52.208806
ED   76,99.00%,Vanessa L. Gibson,(Working Families),0,AD 82,2025-11-06_10:53:52.208806
ED   76,99.00%,WRITE-IN,&nbsp,0,AD 82,2025-11-06_10:53:52.208806
ED   77,99.00%,Vanessa L. Gibson,(Democratic),0,AD 82,2025-11-06_10:53:52.208806
ED   77,99.00%,Grace Marrero,(Republican),0,AD 82,2025-11-06_10:53:52.208806
ED   77,99.00%,Grace Marrero,(Conservative),0,AD 82,2025-11-06_10:53:52.208806
ED   77,99.00%,Vanessa L. Gibson,(Working Families),0,AD 82,2025-11-06_10:53:52.208806
ED   77,99.00%,WRITE-IN,&nbsp,0,AD 82,2025-11-06_10:53:52.208806
Total,,Vanessa L. Gibson,(Democratic),18966,AD 82,2025-11-06_10:53:52.208806
Total,,Grace Marrero,(Republican),8547,AD 82,2025-11-06_10:53:52.208806
Total,,Grace Marrero,(Conservative),1015,AD 82,2025-11-06_10:53:52.208806
Total,,Vanessa L. Gibson,(Working Families),1877,AD 82,2025-11-06_10:53:52.208806
Total,,WRITE-IN,&nbsp,53,AD 82,2025-11-06_10:53:52.208806
ED    1,37.50%,Vanessa L. Gibson,(Democratic),115,AD 83,2025-11-06_10:53:52.208806
ED    1,37.50%,Grace Marrero,(Republican),2,AD 83,2025-11-06_10:53:52.208806
ED    1,37.50%,Grace Marrero,(Conservative),4,AD 83,2025-11-06_10:53:52.208806
ED    1,37.50%,Vanessa L. Gibson,(Working Families),7,AD 83,2025-11-06_10:53:52.208806
ED    1,37.50%,WRITE-IN,&nbsp,1,AD 83,2025-11-06_10:53:52.208806
ED    2,37.50%,Vanessa L. Gibson,(Democratic),122,AD 83,2025-11-06_10:53:52.208806
ED    2,37.50%,Grace Marrero,(Republican),7,AD 83,2025-11-06_10:53:52.208806
ED    2,37.50%,Grace Marrero,(Conservative),0,AD 83,2025-11-06_10:53:52.208806
ED    2,37.50%,Vanessa L. Gibson,(Working Families),9,AD 83,2025-11-06_10:53:52.208806
ED    2,37.50%,WRITE-IN,&nbsp,0,AD 83,2025-11-06_10:53:52.208806
ED    3,37.50%,Vanessa L. Gibson,(Democratic),115,AD 83,2025-11-06_10:53:52.208806
ED    3,37.50%,Grace Marrero,(Republican),8,AD 83,2025-11-06_10:53:52.208806
ED    3,37.50%,Grace Marrero,(Conservative),2,AD 83,2025-11-06_10:53:52.208806
ED    3,37.50%,Vanessa L. Gibson,(Working Families),8,AD 83,2025-11-06_10:53:52.208806
ED    3,37.50%,WRITE-IN,&nbsp,1,AD 83,2025-11-06_10:53:52.208806
ED    4,99.00%,Vanessa L. Gibson,(Democratic),291,AD 83,2025-11-06_10:53:52.208806
ED    4,99.00%,Grace Marrero,(Republican),20,AD 83,2025-11-06_10:53:52.208806
ED    4,99.00%,Grace Marrero,(Conservative),2,AD 83,2025-11-06_10:53:52.208806
ED    4,99.00%,Vanessa L. Gibson,(Working Families),12,AD 83,2025-11-06_10:53:52.208806
ED    4,99.00%,WRITE-IN,&nbsp,0,AD 83,2025-11-06_10:53:52.208806
ED    5,37.50%,Vanessa L. Gibson,(Democratic),106,AD 83,2025-11-06_10:53:52.208806
ED    5,37.50%,Grace Marrero,(Republican),6,AD 83,2025-11-06_10:53:52.208806
ED    5,37.50%,Grace Marrero,(Conservative),3,AD 83,2025-11-06_10:53:52.208806
ED    5,37.50%,Vanessa L. Gibson,(Working Families),7,AD 83,2025-11-06_10:53:52.208806
ED    5,37.50%,WRITE-IN,&nbsp,0,AD 83,2025-11-06_10:53:52.208806
ED    6,99.00%,Vanessa L. Gibson,(Democratic),351,AD 83,2025-11-06_10:53:52.208806
ED    6,99.00%,Grace Marrero,(Republican),22,AD 83,2025-11-06_10:53:52.208806
ED    6,99.00%,Grace Marrero,(Conservative),3,AD 83,2025-11-06_10:53:52.208806
ED    6,99.00%,Vanessa L. Gibson,(Working Families),16,AD 83,2025-11-06_10:53:52.208806
ED    6,99.00%,WRITE-IN,&nbsp,0,AD 83,2025-11-06_10:53:52.208806
ED    7,33.33%,Vanessa L. Gibson,(Democratic),159,AD 83,2025-11-06_10:53:52.208806
ED    7,33.33%,Grace Marrero,(Republican),14,AD 83,2025-11-06_10:53:52.208806
ED    7,33.33%,Grace Marrero,(Conservative),2,AD 83,2025-11-06_10:53:52.208806
ED    7,33.33%,Vanessa L. Gibson,(Working Families),8,AD 83,2025-11-06_10:53:52.208806
ED    7,33.33%,WRITE-IN,&nbsp,0,AD 83,2025-11-06_10:53:52.208806
ED    8,99.00%,Vanessa L. Gibson,(Democratic),283,AD 83,2025-11-06_10:53:52.208806
ED    8,99.00%,Grace Marrero,(Republican),16,AD 83,2025-11-06_10:53:52.208806
ED    8,99.00%,Grace Marrero,(Conservative),1,AD 83,2025-11-06_10:53:52.208806
ED    8,99.00%,Vanessa L. Gibson,(Working Families),19,AD 83,2025-11-06_10:53:52.208806
ED    8,99.00%,WRITE-IN,&nbsp,1,AD 83,2025-11-06_10:53:52.208806
ED    9,99.00%,Vanessa L. Gibson,(Democratic),225,AD 83,2025-11-06_10:53:52.208806
ED    9,99.00%,Grace Marrero,(Republican),23,AD 83,2025-11-06_10:53:52.208806
ED    9,99.00%,Grace Marrero,(Conservative),7,AD 83,2025-11-06_10:53:52.208806
ED    9,99.00%,Vanessa L. Gibson,(Working Families),16,AD 83,2025-11-06_10:53:52.208806
ED    9,99.00%,WRITE-IN,&nbsp,1,AD 83,2025-11-06_10:53:52.208806
ED   10,99.00%,Vanessa L. Gibson,(Democratic),276,AD 83,2025-11-06_10:53:52.208806
ED   10,99.00%,Grace Marrero,(Republican),25,AD 83,2025-11-06_10:53:52.208806
ED   10,99.00%,Grace Marrero,(Conservative),6,AD 83,2025-11-06_10:53:52.208806
ED   10,99.00%,Vanessa L. Gibson,(Working Families),17,AD 83,2025-11-06_10:53:52.208806
ED   10,99.00%,WRITE-IN,&nbsp,0,AD 83,2025-11-06_10:53:52.208806
ED   11,99.00%,Vanessa L. Gibson,(Democratic),402,AD 83,2025-11-06_10:53:52.208806
ED   11,99.00%,Grace Marrero,(Republican),20,AD 83,2025-11-06_10:53:52.208806
ED   11,99.00%,Grace Marrero,(Conservative),5,AD 83,2025-11-06_10:53:52.208806
ED   11,99.00%,Vanessa L. Gibson,(Working Families),32,AD 83,2025-11-06_10:53:52.208806
ED   11,99.00%,WRITE-IN,&nbsp,1,AD 83,2025-11-06_10:53:52.208806
ED   12,99.00%,Vanessa L. Gibson,(Democratic),260,AD 83,2025-11-06_10:53:52.208806
ED   12,99.00%,Grace Marrero,(Republican),26,AD 83,2025-11-06_10:53:52.208806
ED   12,99.00%,Grace Marrero,(Conservative),2,AD 83,2025-11-06_10:53:52.208806
ED   12,99.00%,Vanessa L. Gibson,(Working Families),25,AD 83,2025-11-06_10:53:52.208806
ED   12,99.00%,WRITE-IN,&nbsp,0,AD 83,2025-11-06_10:53:52.208806
ED   13,99.00%,Vanessa L. Gibson,(Democratic),250,AD 83,2025-11-06_10:53:52.208806
ED   13,99.00%,Grace Marrero,(Republican),34,AD 83,2025-11-06_10:53:52.208806
ED   13,99.00%,Grace Marrero,(Conservative),5,AD 83,2025-11-06_10:53:52.208806
ED   13,99.00%,Vanessa L. Gibson,(Working Families),25,AD 83,2025-11-06_10:53:52.208806
ED   13,99.00%,WRITE-IN,&nbsp,0,AD 83,2025-11-06_10:53:52.208806
ED   14,99.00%,Vanessa L. Gibson,(Democratic),237,AD 83,2025-11-06_10:53:52.208806
ED   14,99.00%,Grace Marrero,(Republican),26,AD 83,2025-11-06_10:53:52.208806
ED   14,99.00%,Grace Marrero,(Conservative),8,AD 83,2025-11-06_10:53:52.208806
ED   14,99.00%,Vanessa L. Gibson,(Working Families),22,AD 83,2025-11-06_10:53:52.208806
ED   14,99.00%,WRITE-IN,&nbsp,0,AD 83,2025-11-06_10:53:52.208806
ED   15,99.00%,Vanessa L. Gibson,(Democratic),277,AD 83,2025-11-06_10:53:52.208806
ED   15,99.00%,Grace Marrero,(Republican),29,AD 83,2025-11-06_10:53:52.208806
ED   15,99.00%,Grace Marrero,(Conservative),1,AD 83,2025-11-06_10:53:52.208806
ED   15,99.00%,Vanessa L. Gibson,(Working Families),29,AD 83,2025-11-06_10:53:52.208806
ED   15,99.00%,WRITE-IN,&nbsp,0,AD 83,2025-11-06_10:53:52.208806
ED   16,99.00%,Vanessa L. Gibson,(Democratic),315,AD 83,2025-11-06_10:53:52.208806
ED   16,99.00%,Grace Marrero,(Republican),18,AD 83,2025-11-06_10:53:52.208806
ED   16,99.00%,Grace Marrero,(Conservative),2,AD 83,2025-11-06_10:53:52.208806
ED   16,99.00%,Vanessa L. Gibson,(Working Families),21,AD 83,2025-11-06_10:53:52.208806
ED   16,99.00%,WRITE-IN,&nbsp,1,AD 83,2025-11-06_10:53:52.208806
ED   17,99.00%,Vanessa L. Gibson,(Democratic),384,AD 83,2025-11-06_10:53:52.208806
ED   17,99.00%,Grace Marrero,(Republican),24,AD 83,2025-11-06_10:53:52.208806
ED   17,99.00%,Grace Marrero,(Conservative),8,AD 83,2025-11-06_10:53:52.208806
ED   17,99.00%,Vanessa L. Gibson,(Working Families),24,AD 83,2025-11-06_10:53:52.208806
ED   17,99.00%,WRITE-IN,&nbsp,2,AD 83,2025-11-06_10:53:52.208806
ED   18,99.00%,Vanessa L. Gibson,(Democratic),215,AD 83,2025-11-06_10:53:52.208806
ED   18,99.00%,Grace Marrero,(Republican),14,AD 83,2025-11-06_10:53:52.208806
ED   18,99.00%,Grace Marrero,(Conservative),7,AD 83,2025-11-06_10:53:52.208806
ED   18,99.00%,Vanessa L. Gibson,(Working Families),18,AD 83,2025-11-06_10:53:52.208806
ED   18,99.00%,WRITE-IN,&nbsp,0,AD 83,2025-11-06_10:53:52.208806
ED   19,99.00%,Vanessa L. Gibson,(Democratic),280,AD 83,2025-11-06_10:53:52.208806
ED   19,99.00%,Grace Marrero,(Republican),21,AD 83,2025-11-06_10:53:52.208806
ED   19,99.00%,Grace Marrero,(Conservative),3,AD 83,2025-11-06_10:53:52.208806
ED   19,99.00%,Vanessa L. Gibson,(Working Families),17,AD 83,2025-11-06_10:53:52.208806
ED   19,99.00%,WRITE-IN,&nbsp,0,AD 83,2025-11-06_10:53:52.208806
ED   20,99.00%,Vanessa L. Gibson,(Democratic),354,AD 83,2025-11-06_10:53:52.208806
ED   20,99.00%,Grace Marrero,(Republican),19,AD 83,2025-11-06_10:53:52.208806
ED   20,99.00%,Grace Marrero,(Conservative),1,AD 83,2025-11-06_10:53:52.208806
ED   20,99.00%,Vanessa L. Gibson,(Working Families),17,AD 83,2025-11-06_10:53:52.208806
ED   20,99.00%,WRITE-IN,&nbsp,1,AD 83,2025-11-06_10:53:52.208806
ED   21,33.33%,Vanessa L. Gibson,(Democratic),139,AD 83,2025-11-06_10:53:52.208806
ED   21,33.33%,Grace Marrero,(Republican),3,AD 83,2025-11-06_10:53:52.208806
ED   21,33.33%,Grace Marrero,(Conservative),0,AD 83,2025-11-06_10:53:52.208806
ED   21,33.33%,Vanessa L. Gibson,(Working Families),6,AD 83,2025-11-06_10:53:52.208806
ED   21,33.33%,WRITE-IN,&nbsp,0,AD 83,2025-11-06_10:53:52.208806
ED   22,33.33%,Vanessa L. Gibson,(Democratic),59,AD 83,2025-11-06_10:53:52.208806
ED   22,33.33%,Grace Marrero,(Republican),2,AD 83,2025-11-06_10:53:52.208806
ED   22,33.33%,Grace Marrero,(Conservative),0,AD 83,2025-11-06_10:53:52.208806
ED   22,33.33%,Vanessa L. Gibson,(Working Families),4,AD 83,2025-11-06_10:53:52.208806
ED   22,33.33%,WRITE-IN,&nbsp,0,AD 83,2025-11-06_10:53:52.208806
ED   23,33.33%,Vanessa L. Gibson,(Democratic),118,AD 83,2025-11-06_10:53:52.208806
ED   23,33.33%,Grace Marrero,(Republican),1,AD 83,2025-11-06_10:53:52.208806
ED   23,33.33%,Grace Marrero,(Conservative),0,AD 83,2025-11-06_10:53:52.208806
ED   23,33.33%,Vanessa L. Gibson,(Working Families),7,AD 83,2025-11-06_10:53:52.208806
ED   23,33.33%,WRITE-IN,&nbsp,0,AD 83,2025-11-06_10:53:52.208806
ED   24,33.33%,Vanessa L. Gibson,(Democratic),100,AD 83,2025-11-06_10:53:52.208806
ED   24,33.33%,Grace Marrero,(Republican),6,AD 83,2025-11-06_10:53:52.208806
ED   24,33.33%,Grace Marrero,(Conservative),0,AD 83,2025-11-06_10:53:52.208806
ED   24,33.33%,Vanessa L. Gibson,(Working Families),4,AD 83,2025-11-06_10:53:52.208806
ED   24,33.33%,WRITE-IN,&nbsp,0,AD 83,2025-11-06_10:53:52.208806
ED   25,99.00%,Vanessa L. Gibson,(Democratic),387,AD 83,2025-11-06_10:53:52.208806
ED   25,99.00%,Grace Marrero,(Republican),10,AD 83,2025-11-06_10:53:52.208806
ED   25,99.00%,Grace Marrero,(Conservative),5,AD 83,2025-11-06_10:53:52.208806
ED   25,99.00%,Vanessa L. Gibson,(Working Families),16,AD 83,2025-11-06_10:53:52.208806
ED   25,99.00%,WRITE-IN,&nbsp,1,AD 83,2025-11-06_10:53:52.208806
ED   26,99.00%,Vanessa L. Gibson,(Democratic),299,AD 83,2025-11-06_10:53:52.208806
ED   26,99.00%,Grace Marrero,(Republican),22,AD 83,2025-11-06_10:53:52.208806
ED   26,99.00%,Grace Marrero,(Conservative),7,AD 83,2025-11-06_10:53:52.208806
ED   26,99.00%,Vanessa L. Gibson,(Working Families),25,AD 83,2025-11-06_10:53:52.208806
ED   26,99.00%,WRITE-IN,&nbsp,0,AD 83,2025-11-06_10:53:52.208806
ED   27,99.00%,Vanessa L. Gibson,(Democratic),216,AD 83,2025-11-06_10:53:52.208806
ED   27,99.00%,Grace Marrero,(Republican),23,AD 83,2025-11-06_10:53:52.208806
ED   27,99.00%,Grace Marrero,(Conservative),3,AD 83,2025-11-06_10:53:52.208806
ED   27,99.00%,Vanessa L. Gibson,(Working Families),16,AD 83,2025-11-06_10:53:52.208806
ED   27,99.00%,WRITE-IN,&nbsp,0,AD 83,2025-11-06_10:53:52.208806
ED   28,99.00%,Vanessa L. Gibson,(Democratic),228,AD 83,2025-11-06_10:53:52.208806
ED   28,99.00%,Grace Marrero,(Republican),12,AD 83,2025-11-06_10:53:52.208806
ED   28,99.00%,Grace Marrero,(Conservative),3,AD 83,2025-11-06_10:53:52.208806
ED   28,99.00%,Vanessa L. Gibson,(Working Families),12,AD 83,2025-11-06_10:53:52.208806
ED   28,99.00%,WRITE-IN,&nbsp,0,AD 83,2025-11-06_10:53:52.208806
ED   29,99.00%,Vanessa L. Gibson,(Democratic),348,AD 83,2025-11-06_10:53:52.208806
ED   29,99.00%,Grace Marrero,(Republican),31,AD 83,2025-11-06_10:53:52.208806
ED   29,99.00%,Grace Marrero,(Conservative),3,AD 83,2025-11-06_10:53:52.208806
ED   29,99.00%,Vanessa L. Gibson,(Working Families),19,AD 83,2025-11-06_10:53:52.208806
ED   29,99.00%,WRITE-IN,&nbsp,0,AD 83,2025-11-06_10:53:52.208806
ED   30,99.00%,Vanessa L. Gibson,(Democratic),278,AD 83,2025-11-06_10:53:52.208806
ED   30,99.00%,Grace Marrero,(Republican),23,AD 83,2025-11-06_10:53:52.208806
ED   30,99.00%,Grace Marrero,(Conservative),5,AD 83,2025-11-06_10:53:52.208806
ED   30,99.00%,Vanessa L. Gibson,(Working Families),25,AD 83,2025-11-06_10:53:52.208806
ED   30,99.00%,WRITE-IN,&nbsp,3,AD 83,2025-11-06_10:53:52.208806
ED   31,99.00%,Vanessa L. Gibson,(Democratic),284,AD 83,2025-11-06_10:53:52.208806
ED   31,99.00%,Grace Marrero,(Republican),21,AD 83,2025-11-06_10:53:52.208806
ED   31,99.00%,Grace Marrero,(Conservative),3,AD 83,2025-11-06_10:53:52.208806
ED   31,99.00%,Vanessa L. Gibson,(Working Families),34,AD 83,2025-11-06_10:53:52.208806
ED   31,99.00%,WRITE-IN,&nbsp,0,AD 83,2025-11-06_10:53:52.208806
ED   32,99.00%,Vanessa L. Gibson,(Democratic),340,AD 83,2025-11-06_10:53:52.208806
ED   32,99.00%,Grace Marrero,(Republican),24,AD 83,2025-11-06_10:53:52.208806
ED   32,99.00%,Grace Marrero,(Conservative),1,AD 83,2025-11-06_10:53:52.208806
ED   32,99.00%,Vanessa L. Gibson,(Working Families),21,AD 83,2025-11-06_10:53:52.208806
ED   32,99.00%,WRITE-IN,&nbsp,0,AD 83,2025-11-06_10:53:52.208806
ED   33,99.00%,Vanessa L. Gibson,(Democratic),347,AD 83,2025-11-06_10:53:52.208806
ED   33,99.00%,Grace Marrero,(Republican),27,AD 83,2025-11-06_10:53:52.208806
ED   33,99.00%,Grace Marrero,(Conservative),3,AD 83,2025-11-06_10:53:52.208806
ED   33,99.00%,Vanessa L. Gibson,(Working Families),20,AD 83,2025-11-06_10:53:52.208806
ED   33,99.00%,WRITE-IN,&nbsp,0,AD 83,2025-11-06_10:53:52.208806
ED   34,99.00%,Vanessa L. Gibson,(Democratic),374,AD 83,2025-11-06_10:53:52.208806
ED   34,99.00%,Grace Marrero,(Republican),31,AD 83,2025-11-06_10:53:52.208806
ED   34,99.00%,Grace Marrero,(Conservative),3,AD 83,2025-11-06_10:53:52.208806
ED   34,99.00%,Vanessa L. Gibson,(Working Families),20,AD 83,2025-11-06_10:53:52.208806
ED   34,99.00%,WRITE-IN,&nbsp,0,AD 83,2025-11-06_10:53:52.208806
ED   35,99.00%,Vanessa L. Gibson,(Democratic),287,AD 83,2025-11-06_10:53:52.208806
ED   35,99.00%,Grace Marrero,(Republican),24,AD 83,2025-11-06_10:53:52.208806
ED   35,99.00%,Grace Marrero,(Conservative),6,AD 83,2025-11-06_10:53:52.208806
ED   35,99.00%,Vanessa L. Gibson,(Working Families),25,AD 83,2025-11-06_10:53:52.208806
ED   35,99.00%,WRITE-IN,&nbsp,0,AD 83,2025-11-06_10:53:52.208806
ED   36,99.00%,Vanessa L. Gibson,(Democratic),216,AD 83,2025-11-06_10:53:52.208806
ED   36,99.00%,Grace Marrero,(Republican),15,AD 83,2025-11-06_10:53:52.208806
ED   36,99.00%,Grace Marrero,(Conservative),4,AD 83,2025-11-06_10:53:52.208806
ED   36,99.00%,Vanessa L. Gibson,(Working Families),17,AD 83,2025-11-06_10:53:52.208806
ED   36,99.00%,WRITE-IN,&nbsp,0,AD 83,2025-11-06_10:53:52.208806
ED   37,99.00%,Vanessa L. Gibson,(Democratic),270,AD 83,2025-11-06_10:53:52.208806
ED   37,99.00%,Grace Marrero,(Republican),13,AD 83,2025-11-06_10:53:52.208806
ED   37,99.00%,Grace Marrero,(Conservative),2,AD 83,2025-11-06_10:53:52.208806
ED   37,99.00%,Vanessa L. Gibson,(Working Families),14,AD 83,2025-11-06_10:53:52.208806
ED   37,99.00%,WRITE-IN,&nbsp,1,AD 83,2025-11-06_10:53:52.208806
ED   38,99.00%,Vanessa L. Gibson,(Democratic),218,AD 83,2025-11-06_10:53:52.208806
ED   38,99.00%,Grace Marrero,(Republican),8,AD 83,2025-11-06_10:53:52.208806
ED   38,99.00%,Grace Marrero,(Conservative),7,AD 83,2025-11-06_10:53:52.208806
ED   38,99.00%,Vanessa L. Gibson,(Working Families),15,AD 83,2025-11-06_10:53:52.208806
ED   38,99.00%,WRITE-IN,&nbsp,2,AD 83,2025-11-06_10:53:52.208806
ED   39,99.00%,Vanessa L. Gibson,(Democratic),278,AD 83,2025-11-06_10:53:52.208806
ED   39,99.00%,Grace Marrero,(Republican),25,AD 83,2025-11-06_10:53:52.208806
ED   39,99.00%,Grace Marrero,(Conservative),4,AD 83,2025-11-06_10:53:52.208806
ED   39,99.00%,Vanessa L. Gibson,(Working Families),17,AD 83,2025-11-06_10:53:52.208806
ED   39,99.00%,WRITE-IN,&nbsp,0,AD 83,2025-11-06_10:53:52.208806
ED   40,99.00%,Vanessa L. Gibson,(Democratic),208,AD 83,2025-11-06_10:53:52.208806
ED   40,99.00%,Grace Marrero,(Republican),17,AD 83,2025-11-06_10:53:52.208806
ED   40,99.00%,Grace Marrero,(Conservative),5,AD 83,2025-11-06_10:53:52.208806
ED   40,99.00%,Vanessa L. Gibson,(Working Families),12,AD 83,2025-11-06_10:53:52.208806
ED   40,99.00%,WRITE-IN,&nbsp,0,AD 83,2025-11-06_10:53:52.208806
ED   41,99.00%,Vanessa L. Gibson,(Democratic),426,AD 83,2025-11-06_10:53:52.208806
ED   41,99.00%,Grace Marrero,(Republican),15,AD 83,2025-11-06_10:53:52.208806
ED   41,99.00%,Grace Marrero,(Conservative),2,AD 83,2025-11-06_10:53:52.208806
ED   41,99.00%,Vanessa L. Gibson,(Working Families),21,AD 83,2025-11-06_10:53:52.208806
ED   41,99.00%,WRITE-IN,&nbsp,0,AD 83,2025-11-06_10:53:52.208806
ED   42,99.00%,Vanessa L. Gibson,(Democratic),169,AD 83,2025-11-06_10:53:52.208806
ED   42,99.00%,Grace Marrero,(Republican),19,AD 83,2025-11-06_10:53:52.208806
ED   42,99.00%,Grace Marrero,(Conservative),1,AD 83,2025-11-06_10:53:52.208806
ED   42,99.00%,Vanessa L. Gibson,(Working Families),10,AD 83,2025-11-06_10:53:52.208806
ED   42,99.00%,WRITE-IN,&nbsp,0,AD 83,2025-11-06_10:53:52.208806
ED   43,99.00%,Vanessa L. Gibson,(Democratic),418,AD 83,2025-11-06_10:53:52.208806
ED   43,99.00%,Grace Marrero,(Republican),28,AD 83,2025-11-06_10:53:52.208806
ED   43,99.00%,Grace Marrero,(Conservative),2,AD 83,2025-11-06_10:53:52.208806
ED   43,99.00%,Vanessa L. Gibson,(Working Families),13,AD 83,2025-11-06_10:53:52.208806
ED   43,99.00%,WRITE-IN,&nbsp,0,AD 83,2025-11-06_10:53:52.208806
ED   44,99.00%,Vanessa L. Gibson,(Democratic),480,AD 83,2025-11-06_10:53:52.208806
ED   44,99.00%,Grace Marrero,(Republican),29,AD 83,2025-11-06_10:53:52.208806
ED   44,99.00%,Grace Marrero,(Conservative),5,AD 83,2025-11-06_10:53:52.208806
ED   44,99.00%,Vanessa L. Gibson,(Working Families),28,AD 83,2025-11-06_10:53:52.208806
ED   44,99.00%,WRITE-IN,&nbsp,0,AD 83,2025-11-06_10:53:52.208806
ED   45,99.00%,Vanessa L. Gibson,(Democratic),226,AD 83,2025-11-06_10:53:52.208806
ED   45,99.00%,Grace Marrero,(Republican),11,AD 83,2025-11-06_10:53:52.208806
ED   45,99.00%,Grace Marrero,(Conservative),6,AD 83,2025-11-06_10:53:52.208806
ED   45,99.00%,Vanessa L. Gibson,(Working Families),10,AD 83,2025-11-06_10:53:52.208806
ED   45,99.00%,WRITE-IN,&nbsp,1,AD 83,2025-11-06_10:53:52.208806
ED   46,99.00%,Vanessa L. Gibson,(Democratic),391,AD 83,2025-11-06_10:53:52.208806
ED   46,99.00%,Grace Marrero,(Republican),49,AD 83,2025-11-06_10:53:52.208806
ED   46,99.00%,Grace Marrero,(Conservative),9,AD 83,2025-11-06_10:53:52.208806
ED   46,99.00%,Vanessa L. Gibson,(Working Families),26,AD 83,2025-11-06_10:53:52.208806
ED   46,99.00%,WRITE-IN,&nbsp,1,AD 83,2025-11-06_10:53:52.208806
ED   47,99.00%,Vanessa L. Gibson,(Democratic),334,AD 83,2025-11-06_10:53:52.208806
ED   47,99.00%,Grace Marrero,(Republican),19,AD 83,2025-11-06_10:53:52.208806
ED   47,99.00%,Grace Marrero,(Conservative),5,AD 83,2025-11-06_10:53:52.208806
ED   47,99.00%,Vanessa L. Gibson,(Working Families),21,AD 83,2025-11-06_10:53:52.208806
ED   47,99.00%,WRITE-IN,&nbsp,0,AD 83,2025-11-06_10:53:52.208806
ED   48,99.00%,Vanessa L. Gibson,(Democratic),406,AD 83,2025-11-06_10:53:52.208806
ED   48,99.00%,Grace Marrero,(Republican),17,AD 83,2025-11-06_10:53:52.208806
ED   48,99.00%,Grace Marrero,(Conservative),2,AD 83,2025-11-06_10:53:52.208806
ED   48,99.00%,Vanessa L. Gibson,(Working Families),25,AD 83,2025-11-06_10:53:52.208806
ED   48,99.00%,WRITE-IN,&nbsp,2,AD 83,2025-11-06_10:53:52.208806
ED   49,99.00%,Vanessa L. Gibson,(Democratic),173,AD 83,2025-11-06_10:53:52.208806
ED   49,99.00%,Grace Marrero,(Republican),8,AD 83,2025-11-06_10:53:52.208806
ED   49,99.00%,Grace Marrero,(Conservative),1,AD 83,2025-11-06_10:53:52.208806
ED   49,99.00%,Vanessa L. Gibson,(Working Families),24,AD 83,2025-11-06_10:53:52.208806
ED   49,99.00%,WRITE-IN,&nbsp,0,AD 83,2025-11-06_10:53:52.208806
ED   50,99.00%,Vanessa L. Gibson,(Democratic),169,AD 83,2025-11-06_10:53:52.208806
ED   50,99.00%,Grace Marrero,(Republican),18,AD 83,2025-11-06_10:53:52.208806
ED   50,99.00%,Grace Marrero,(Conservative),3,AD 83,2025-11-06_10:53:52.208806
ED   50,99.00%,Vanessa L. Gibson,(Working Families),15,AD 83,2025-11-06_10:53:52.208806
ED   50,99.00%,WRITE-IN,&nbsp,2,AD 83,2025-11-06_10:53:52.208806
ED   51,99.00%,Vanessa L. Gibson,(Democratic),145,AD 83,2025-11-06_10:53:52.208806
ED   51,99.00%,Grace Marrero,(Republican),7,AD 83,2025-11-06_10:53:52.208806
ED   51,99.00%,Grace Marrero,(Conservative),1,AD 83,2025-11-06_10:53:52.208806
ED   51,99.00%,Vanessa L. Gibson,(Working Families),18,AD 83,2025-11-06_10:53:52.208806
ED   51,99.00%,WRITE-IN,&nbsp,1,AD 83,2025-11-06_10:53:52.208806
ED   52,99.00%,Vanessa L. Gibson,(Democratic),196,AD 83,2025-11-06_10:53:52.208806
ED   52,99.00%,Grace Marrero,(Republican),15,AD 83,2025-11-06_10:53:52.208806
ED   52,99.00%,Grace Marrero,(Conservative),1,AD 83,2025-11-06_10:53:52.208806
ED   52,99.00%,Vanessa L. Gibson,(Working Families),11,AD 83,2025-11-06_10:53:52.208806
ED   52,99.00%,WRITE-IN,&nbsp,0,AD 83,2025-11-06_10:53:52.208806
ED   53,99.00%,Vanessa L. Gibson,(Democratic),207,AD 83,2025-11-06_10:53:52.208806
ED   53,99.00%,Grace Marrero,(Republican),8,AD 83,2025-11-06_10:53:52.208806
ED   53,99.00%,Grace Marrero,(Conservative),1,AD 83,2025-11-06_10:53:52.208806
ED   53,99.00%,Vanessa L. Gibson,(Working Families),10,AD 83,2025-11-06_10:53:52.208806
ED   53,99.00%,WRITE-IN,&nbsp,0,AD 83,2025-11-06_10:53:52.208806
ED   54,99.00%,Vanessa L. Gibson,(Democratic),295,AD 83,2025-11-06_10:53:52.208806
ED   54,99.00%,Grace Marrero,(Republican),28,AD 83,2025-11-06_10:53:52.208806
ED   54,99.00%,Grace Marrero,(Conservative),2,AD 83,2025-11-06_10:53:52.208806
ED   54,99.00%,Vanessa L. Gibson,(Working Families),25,AD 83,2025-11-06_10:53:52.208806
ED   54,99.00%,WRITE-IN,&nbsp,0,AD 83,2025-11-06_10:53:52.208806
ED   55,99.00%,Vanessa L. Gibson,(Democratic),133,AD 83,2025-11-06_10:53:52.208806
ED   55,99.00%,Grace Marrero,(Republican),17,AD 83,2025-11-06_10:53:52.208806
ED   55,99.00%,Grace Marrero,(Conservative),1,AD 83,2025-11-06_10:53:52.208806
ED   55,99.00%,Vanessa L. Gibson,(Working Families),12,AD 83,2025-11-06_10:53:52.208806
ED   55,99.00%,WRITE-IN,&nbsp,0,AD 83,2025-11-06_10:53:52.208806
ED   56,99.00%,Vanessa L. Gibson,(Democratic),247,AD 83,2025-11-06_10:53:52.208806
ED   56,99.00%,Grace Marrero,(Republican),25,AD 83,2025-11-06_10:53:52.208806
ED   56,99.00%,Grace Marrero,(Conservative),4,AD 83,2025-11-06_10:53:52.208806
ED   56,99.00%,Vanessa L. Gibson,(Working Families),24,AD 83,2025-11-06_10:53:52.208806
ED   56,99.00%,WRITE-IN,&nbsp,1,AD 83,2025-11-06_10:53:52.208806
ED   57,99.00%,Vanessa L. Gibson,(Democratic),32,AD 83,2025-11-06_10:53:52.208806
ED   57,99.00%,Grace Marrero,(Republican),3,AD 83,2025-11-06_10:53:52.208806
ED   57,99.00%,Grace Marrero,(Conservative),0,AD 83,2025-11-06_10:53:52.208806
ED   57,99.00%,Vanessa L. Gibson,(Working Families),7,AD 83,2025-11-06_10:53:52.208806
ED   57,99.00%,WRITE-IN,&nbsp,0,AD 83,2025-11-06_10:53:52.208806
ED   58,99.00%,Vanessa L. Gibson,(Democratic),0,AD 83,2025-11-06_10:53:52.208806
ED   58,99.00%,Grace Marrero,(Republican),0,AD 83,2025-11-06_10:53:52.208806
ED   58,99.00%,Grace Marrero,(Conservative),0,AD 83,2025-11-06_10:53:52.208806
ED   58,99.00%,Vanessa L. Gibson,(Working Families),0,AD 83,2025-11-06_10:53:52.208806
ED   58,99.00%,WRITE-IN,&nbsp,0,AD 83,2025-11-06_10:53:52.208806
ED   59,99.00%,Vanessa L. Gibson,(Democratic),0,AD 83,2025-11-06_10:53:52.208806
ED   59,99.00%,Grace Marrero,(Republican),0,AD 83,2025-11-06_10:53:52.208806
ED   59,99.00%,Grace Marrero,(Conservative),0,AD 83,2025-11-06_10:53:52.208806
ED   59,99.00%,Vanessa L. Gibson,(Working Families),0,AD 83,2025-11-06_10:53:52.208806
ED   59,99.00%,WRITE-IN,&nbsp,0,AD 83,2025-11-06_10:53:52.208806
Total,,Vanessa L. Gibson,(Democratic),14458,AD 83,2025-11-06_10:53:52.208806
Total,,Grace Marrero,(Republican),1028,AD 83,2025-11-06_10:53:52.208806
Total,,Grace Marrero,(Conservative),182,AD 83,2025-11-06_10:53:52.208806
Total,,Vanessa L. Gibson,(Working Families),978,AD 83,2025-11-06_10:53:52.208806
Total,,WRITE-IN,&nbsp,24,AD 83,2025-11-06_10:53:52.208806
ED    1,99.00%,Vanessa L. Gibson,(Democratic),266,AD 84,2025-11-06_10:53:52.208806
ED    1,99.00%,Grace Marrero,(Republican),43,AD 84,2025-11-06_10:53:52.208806
ED    1,99.00%,Grace Marrero,(Conservative),13,AD 84,2025-11-06_10:53:52.208806
ED    1,99.00%,Vanessa L. Gibson,(Working Families),25,AD 84,2025-11-06_10:53:52.208806
ED    1,99.00%,WRITE-IN,&nbsp,0,AD 84,2025-11-06_10:53:52.208806
ED    2,99.00%,Vanessa L. Gibson,(Democratic),161,AD 84,2025-11-06_10:53:52.208806
ED    2,99.00%,Grace Marrero,(Republican),23,AD 84,2025-11-06_10:53:52.208806
ED    2,99.00%,Grace Marrero,(Conservative),4,AD 84,2025-11-06_10:53:52.208806
ED    2,99.00%,Vanessa L. Gibson,(Working Families),15,AD 84,2025-11-06_10:53:52.208806
ED    2,99.00%,WRITE-IN,&nbsp,0,AD 84,2025-11-06_10:53:52.208806
ED    3,99.00%,Vanessa L. Gibson,(Democratic),236,AD 84,2025-11-06_10:53:52.208806
ED    3,99.00%,Grace Marrero,(Republican),33,AD 84,2025-11-06_10:53:52.208806
ED    3,99.00%,Grace Marrero,(Conservative),8,AD 84,2025-11-06_10:53:52.208806
ED    3,99.00%,Vanessa L. Gibson,(Working Families),27,AD 84,2025-11-06_10:53:52.208806
ED    3,99.00%,WRITE-IN,&nbsp,0,AD 84,2025-11-06_10:53:52.208806
ED    4,99.00%,Vanessa L. Gibson,(Democratic),228,AD 84,2025-11-06_10:53:52.208806
ED    4,99.00%,Grace Marrero,(Republican),35,AD 84,2025-11-06_10:53:52.208806
ED    4,99.00%,Grace Marrero,(Conservative),6,AD 84,2025-11-06_10:53:52.208806
ED    4,99.00%,Vanessa L. Gibson,(Working Families),18,AD 84,2025-11-06_10:53:52.208806
ED    4,99.00%,WRITE-IN,&nbsp,1,AD 84,2025-11-06_10:53:52.208806
ED    5,99.00%,Vanessa L. Gibson,(Democratic),284,AD 84,2025-11-06_10:53:52.208806
ED    5,99.00%,Grace Marrero,(Republican),30,AD 84,2025-11-06_10:53:52.208806
ED    5,99.00%,Grace Marrero,(Conservative),3,AD 84,2025-11-06_10:53:52.208806
ED    5,99.00%,Vanessa L. Gibson,(Working Families),29,AD 84,2025-11-06_10:53:52.208806
ED    5,99.00%,WRITE-IN,&nbsp,0,AD 84,2025-11-06_10:53:52.208806
ED    6,99.00%,Vanessa L. Gibson,(Democratic),276,AD 84,2025-11-06_10:53:52.208806
ED    6,99.00%,Grace Marrero,(Republican),31,AD 84,2025-11-06_10:53:52.208806
ED    6,99.00%,Grace Marrero,(Conservative),6,AD 84,2025-11-06_10:53:52.208806
ED    6,99.00%,Vanessa L. Gibson,(Working Families),38,AD 84,2025-11-06_10:53:52.208806
ED    6,99.00%,WRITE-IN,&nbsp,0,AD 84,2025-11-06_10:53:52.208806
ED    7,99.00%,Vanessa L. Gibson,(Democratic),243,AD 84,2025-11-06_10:53:52.208806
ED    7,99.00%,Grace Marrero,(Republican),37,AD 84,2025-11-06_10:53:52.208806
ED    7,99.00%,Grace Marrero,(Conservative),7,AD 84,2025-11-06_10:53:52.208806
ED    7,99.00%,Vanessa L. Gibson,(Working Families),35,AD 84,2025-11-06_10:53:52.208806
ED    7,99.00%,WRITE-IN,&nbsp,4,AD 84,2025-11-06_10:53:52.208806
ED    8,99.00%,Vanessa L. Gibson,(Democratic),311,AD 84,2025-11-06_10:53:52.208806
ED    8,99.00%,Grace Marrero,(Republican),34,AD 84,2025-11-06_10:53:52.208806
ED    8,99.00%,Grace Marrero,(Conservative),8,AD 84,2025-11-06_10:53:52.208806
ED    8,99.00%,Vanessa L. Gibson,(Working Families),36,AD 84,2025-11-06_10:53:52.208806
ED    8,99.00%,WRITE-IN,&nbsp,0,AD 84,2025-11-06_10:53:52.208806
ED    9,99.00%,Vanessa L. Gibson,(Democratic),181,AD 84,2025-11-06_10:53:52.208806
ED    9,99.00%,Grace Marrero,(Republican),23,AD 84,2025-11-06_10:53:52.208806
ED    9,99.00%,Grace Marrero,(Conservative),6,AD 84,2025-11-06_10:53:52.208806
ED    9,99.00%,Vanessa L. Gibson,(Working Families),26,AD 84,2025-11-06_10:53:52.208806
ED    9,99.00%,WRITE-IN,&nbsp,0,AD 84,2025-11-06_10:53:52.208806
ED   10,99.00%,Vanessa L. Gibson,(Democratic),249,AD 84,2025-11-06_10:53:52.208806
ED   10,99.00%,Grace Marrero,(Republican),37,AD 84,2025-11-06_10:53:52.208806
ED   10,99.00%,Grace Marrero,(Conservative),3,AD 84,2025-11-06_10:53:52.208806
ED   10,99.00%,Vanessa L. Gibson,(Working Families),25,AD 84,2025-11-06_10:53:52.208806
ED   10,99.00%,WRITE-IN,&nbsp,0,AD 84,2025-11-06_10:53:52.208806
ED   11,99.00%,Vanessa L. Gibson,(Democratic),277,AD 84,2025-11-06_10:53:52.208806
ED   11,99.00%,Grace Marrero,(Republican),33,AD 84,2025-11-06_10:53:52.208806
ED   11,99.00%,Grace Marrero,(Conservative),5,AD 84,2025-11-06_10:53:52.208806
ED   11,99.00%,Vanessa L. Gibson,(Working Families),36,AD 84,2025-11-06_10:53:52.208806
ED   11,99.00%,WRITE-IN,&nbsp,0,AD 84,2025-11-06_10:53:52.208806
ED   12,99.00%,Vanessa L. Gibson,(Democratic),245,AD 84,2025-11-06_10:53:52.208806
ED   12,99.00%,Grace Marrero,(Republican),30,AD 84,2025-11-06_10:53:52.208806
ED   12,99.00%,Grace Marrero,(Conservative),6,AD 84,2025-11-06_10:53:52.208806
ED   12,99.00%,Vanessa L. Gibson,(Working Families),43,AD 84,2025-11-06_10:53:52.208806
ED   12,99.00%,WRITE-IN,&nbsp,1,AD 84,2025-11-06_10:53:52.208806
ED   13,99.00%,Vanessa L. Gibson,(Democratic),188,AD 84,2025-11-06_10:53:52.208806
ED   13,99.00%,Grace Marrero,(Republican),15,AD 84,2025-11-06_10:53:52.208806
ED   13,99.00%,Grace Marrero,(Conservative),3,AD 84,2025-11-06_10:53:52.208806
ED   13,99.00%,Vanessa L. Gibson,(Working Families),34,AD 84,2025-11-06_10:53:52.208806
ED   13,99.00%,WRITE-IN,&nbsp,1,AD 84,2025-11-06_10:53:52.208806
ED   14,99.00%,Vanessa L. Gibson,(Democratic),299,AD 84,2025-11-06_10:53:52.208806
ED   14,99.00%,Grace Marrero,(Republican),31,AD 84,2025-11-06_10:53:52.208806
ED   14,99.00%,Grace Marrero,(Conservative),10,AD 84,2025-11-06_10:53:52.208806
ED   14,99.00%,Vanessa L. Gibson,(Working Families),48,AD 84,2025-11-06_10:53:52.208806
ED   14,99.00%,WRITE-IN,&nbsp,3,AD 84,2025-11-06_10:53:52.208806
ED   15,99.00%,Vanessa L. Gibson,(Democratic),187,AD 84,2025-11-06_10:53:52.208806
ED   15,99.00%,Grace Marrero,(Republican),26,AD 84,2025-11-06_10:53:52.208806
ED   15,99.00%,Grace Marrero,(Conservative),3,AD 84,2025-11-06_10:53:52.208806
ED   15,99.00%,Vanessa L. Gibson,(Working Families),28,AD 84,2025-11-06_10:53:52.208806
ED   15,99.00%,WRITE-IN,&nbsp,0,AD 84,2025-11-06_10:53:52.208806
ED   16,99.00%,Vanessa L. Gibson,(Democratic),121,AD 84,2025-11-06_10:53:52.208806
ED   16,99.00%,Grace Marrero,(Republican),10,AD 84,2025-11-06_10:53:52.208806
ED   16,99.00%,Grace Marrero,(Conservative),3,AD 84,2025-11-06_10:53:52.208806
ED   16,99.00%,Vanessa L. Gibson,(Working Families),27,AD 84,2025-11-06_10:53:52.208806
ED   16,99.00%,WRITE-IN,&nbsp,2,AD 84,2025-11-06_10:53:52.208806
ED   17,99.00%,Vanessa L. Gibson,(Democratic),324,AD 84,2025-11-06_10:53:52.208806
ED   17,99.00%,Grace Marrero,(Republican),20,AD 84,2025-11-06_10:53:52.208806
ED   17,99.00%,Grace Marrero,(Conservative),7,AD 84,2025-11-06_10:53:52.208806
ED   17,99.00%,Vanessa L. Gibson,(Working Families),22,AD 84,2025-11-06_10:53:52.208806
ED   17,99.00%,WRITE-IN,&nbsp,0,AD 84,2025-11-06_10:53:52.208806
ED   18,99.00%,Vanessa L. Gibson,(Democratic),202,AD 84,2025-11-06_10:53:52.208806
ED   18,99.00%,Grace Marrero,(Republican),26,AD 84,2025-11-06_10:53:52.208806
ED   18,99.00%,Grace Marrero,(Conservative),5,AD 84,2025-11-06_10:53:52.208806
ED   18,99.00%,Vanessa L. Gibson,(Working Families),25,AD 84,2025-11-06_10:53:52.208806
ED   18,99.00%,WRITE-IN,&nbsp,0,AD 84,2025-11-06_10:53:52.208806
ED   19,99.00%,Vanessa L. Gibson,(Democratic),173,AD 84,2025-11-06_10:53:52.208806
ED   19,99.00%,Grace Marrero,(Republican),16,AD 84,2025-11-06_10:53:52.208806
ED   19,99.00%,Grace Marrero,(Conservative),2,AD 84,2025-11-06_10:53:52.208806
ED   19,99.00%,Vanessa L. Gibson,(Working Families),23,AD 84,2025-11-06_10:53:52.208806
ED   19,99.00%,WRITE-IN,&nbsp,2,AD 84,2025-11-06_10:53:52.208806
ED   20,99.00%,Vanessa L. Gibson,(Democratic),271,AD 84,2025-11-06_10:53:52.208806
ED   20,99.00%,Grace Marrero,(Republican),42,AD 84,2025-11-06_10:53:52.208806
ED   20,99.00%,Grace Marrero,(Conservative),4,AD 84,2025-11-06_10:53:52.208806
ED   20,99.00%,Vanessa L. Gibson,(Working Families),27,AD 84,2025-11-06_10:53:52.208806
ED   20,99.00%,WRITE-IN,&nbsp,0,AD 84,2025-11-06_10:53:52.208806
ED   21,99.00%,Vanessa L. Gibson,(Democratic),164,AD 84,2025-11-06_10:53:52.208806
ED   21,99.00%,Grace Marrero,(Republican),16,AD 84,2025-11-06_10:53:52.208806
ED   21,99.00%,Grace Marrero,(Conservative),5,AD 84,2025-11-06_10:53:52.208806
ED   21,99.00%,Vanessa L. Gibson,(Working Families),15,AD 84,2025-11-06_10:53:52.208806
ED   21,99.00%,WRITE-IN,&nbsp,0,AD 84,2025-11-06_10:53:52.208806
ED   22,99.00%,Vanessa L. Gibson,(Democratic),246,AD 84,2025-11-06_10:53:52.208806
ED   22,99.00%,Grace Marrero,(Republican),20,AD 84,2025-11-06_10:53:52.208806
ED   22,99.00%,Grace Marrero,(Conservative),10,AD 84,2025-11-06_10:53:52.208806
ED   22,99.00%,Vanessa L. Gibson,(Working Families),27,AD 84,2025-11-06_10:53:52.208806
ED   22,99.00%,WRITE-IN,&nbsp,1,AD 84,2025-11-06_10:53:52.208806
ED   23,83.33%,Vanessa L. Gibson,(Democratic),216,AD 84,2025-11-06_10:53:52.208806
ED   23,83.33%,Grace Marrero,(Republican),49,AD 84,2025-11-06_10:53:52.208806
ED   23,83.33%,Grace Marrero,(Conservative),2,AD 84,2025-11-06_10:53:52.208806
ED   23,83.33%,Vanessa L. Gibson,(Working Families),26,AD 84,2025-11-06_10:53:52.208806
ED   23,83.33%,WRITE-IN,&nbsp,1,AD 84,2025-11-06_10:53:52.208806
ED   24,99.00%,Vanessa L. Gibson,(Democratic),141,AD 84,2025-11-06_10:53:52.208806
ED   24,99.00%,Grace Marrero,(Republican),22,AD 84,2025-11-06_10:53:52.208806
ED   24,99.00%,Grace Marrero,(Conservative),3,AD 84,2025-11-06_10:53:52.208806
ED   24,99.00%,Vanessa L. Gibson,(Working Families),19,AD 84,2025-11-06_10:53:52.208806
ED   24,99.00%,WRITE-IN,&nbsp,0,AD 84,2025-11-06_10:53:52.208806
ED   25,99.00%,Vanessa L. Gibson,(Democratic),270,AD 84,2025-11-06_10:53:52.208806
ED   25,99.00%,Grace Marrero,(Republican),41,AD 84,2025-11-06_10:53:52.208806
ED   25,99.00%,Grace Marrero,(Conservative),10,AD 84,2025-11-06_10:53:52.208806
ED   25,99.00%,Vanessa L. Gibson,(Working Families),32,AD 84,2025-11-06_10:53:52.208806
ED   25,99.00%,WRITE-IN,&nbsp,2,AD 84,2025-11-06_10:53:52.208806
ED   26,99.00%,Vanessa L. Gibson,(Democratic),173,AD 84,2025-11-06_10:53:52.208806
ED   26,99.00%,Grace Marrero,(Republican),20,AD 84,2025-11-06_10:53:52.208806
ED   26,99.00%,Grace Marrero,(Conservative),4,AD 84,2025-11-06_10:53:52.208806
ED   26,99.00%,Vanessa L. Gibson,(Working Families),19,AD 84,2025-11-06_10:53:52.208806
ED   26,99.00%,WRITE-IN,&nbsp,0,AD 84,2025-11-06_10:53:52.208806
ED   27,99.00%,Vanessa L. Gibson,(Democratic),79,AD 84,2025-11-06_10:53:52.208806
ED   27,99.00%,Grace Marrero,(Republican),6,AD 84,2025-11-06_10:53:52.208806
ED   27,99.00%,Grace Marrero,(Conservative),1,AD 84,2025-11-06_10:53:52.208806
ED   27,99.00%,Vanessa L. Gibson,(Working Families),18,AD 84,2025-11-06_10:53:52.208806
ED   27,99.00%,WRITE-IN,&nbsp,0,AD 84,2025-11-06_10:53:52.208806
ED   28,99.00%,Vanessa L. Gibson,(Democratic),264,AD 84,2025-11-06_10:53:52.208806
ED   28,99.00%,Grace Marrero,(Republican),31,AD 84,2025-11-06_10:53:52.208806
ED   28,99.00%,Grace Marrero,(Conservative),6,AD 84,2025-11-06_10:53:52.208806
ED   28,99.00%,Vanessa L. Gibson,(Working Families),35,AD 84,2025-11-06_10:53:52.208806
ED   28,99.00%,WRITE-IN,&nbsp,0,AD 84,2025-11-06_10:53:52.208806
ED   29,99.00%,Vanessa L. Gibson,(Democratic),300,AD 84,2025-11-06_10:53:52.208806
ED   29,99.00%,Grace Marrero,(Republican),31,AD 84,2025-11-06_10:53:52.208806
ED   29,99.00%,Grace Marrero,(Conservative),10,AD 84,2025-11-06_10:53:52.208806
ED   29,99.00%,Vanessa L. Gibson,(Working Families),34,AD 84,2025-11-06_10:53:52.208806
ED   29,99.00%,WRITE-IN,&nbsp,0,AD 84,2025-11-06_10:53:52.208806
ED   30,99.00%,Vanessa L. Gibson,(Democratic),219,AD 84,2025-11-06_10:53:52.208806
ED   30,99.00%,Grace Marrero,(Republican),27,AD 84,2025-11-06_10:53:52.208806
ED   30,99.00%,Grace Marrero,(Conservative),6,AD 84,2025-11-06_10:53:52.208806
ED   30,99.00%,Vanessa L. Gibson,(Working Families),29,AD 84,2025-11-06_10:53:52.208806
ED   30,99.00%,WRITE-IN,&nbsp,1,AD 84,2025-11-06_10:53:52.208806
ED   31,99.00%,Vanessa L. Gibson,(Democratic),215,AD 84,2025-11-06_10:53:52.208806
ED   31,99.00%,Grace Marrero,(Republican),46,AD 84,2025-11-06_10:53:52.208806
ED   31,99.00%,Grace Marrero,(Conservative),2,AD 84,2025-11-06_10:53:52.208806
ED   31,99.00%,Vanessa L. Gibson,(Working Families),32,AD 84,2025-11-06_10:53:52.208806
ED   31,99.00%,WRITE-IN,&nbsp,3,AD 84,2025-11-06_10:53:52.208806
ED   32,99.00%,Vanessa L. Gibson,(Democratic),257,AD 84,2025-11-06_10:53:52.208806
ED   32,99.00%,Grace Marrero,(Republican),26,AD 84,2025-11-06_10:53:52.208806
ED   32,99.00%,Grace Marrero,(Conservative),6,AD 84,2025-11-06_10:53:52.208806
ED   32,99.00%,Vanessa L. Gibson,(Working Families),23,AD 84,2025-11-06_10:53:52.208806
ED   32,99.00%,WRITE-IN,&nbsp,1,AD 84,2025-11-06_10:53:52.208806
ED   33,99.00%,Vanessa L. Gibson,(Democratic),136,AD 84,2025-11-06_10:53:52.208806
ED   33,99.00%,Grace Marrero,(Republican),20,AD 84,2025-11-06_10:53:52.208806
ED   33,99.00%,Grace Marrero,(Conservative),3,AD 84,2025-11-06_10:53:52.208806
ED   33,99.00%,Vanessa L. Gibson,(Working Families),9,AD 84,2025-11-06_10:53:52.208806
ED   33,99.00%,WRITE-IN,&nbsp,0,AD 84,2025-11-06_10:53:52.208806
ED   34,99.00%,Vanessa L. Gibson,(Democratic),221,AD 84,2025-11-06_10:53:52.208806
ED   34,99.00%,Grace Marrero,(Republican),20,AD 84,2025-11-06_10:53:52.208806
ED   34,99.00%,Grace Marrero,(Conservative),8,AD 84,2025-11-06_10:53:52.208806
ED   34,99.00%,Vanessa L. Gibson,(Working Families),23,AD 84,2025-11-06_10:53:52.208806
ED   34,99.00%,WRITE-IN,&nbsp,0,AD 84,2025-11-06_10:53:52.208806
ED   35,99.00%,Vanessa L. Gibson,(Democratic),246,AD 84,2025-11-06_10:53:52.208806
ED   35,99.00%,Grace Marrero,(Republican),35,AD 84,2025-11-06_10:53:52.208806
ED   35,99.00%,Grace Marrero,(Conservative),13,AD 84,2025-11-06_10:53:52.208806
ED   35,99.00%,Vanessa L. Gibson,(Working Families),37,AD 84,2025-11-06_10:53:52.208806
ED   35,99.00%,WRITE-IN,&nbsp,0,AD 84,2025-11-06_10:53:52.208806
ED   36,99.00%,Vanessa L. Gibson,(Democratic),211,AD 84,2025-11-06_10:53:52.208806
ED   36,99.00%,Grace Marrero,(Republican),18,AD 84,2025-11-06_10:53:52.208806
ED   36,99.00%,Grace Marrero,(Conservative),8,AD 84,2025-11-06_10:53:52.208806
ED   36,99.00%,Vanessa L. Gibson,(Working Families),29,AD 84,2025-11-06_10:53:52.208806
ED   36,99.00%,WRITE-IN,&nbsp,1,AD 84,2025-11-06_10:53:52.208806
ED   37,99.00%,Vanessa L. Gibson,(Democratic),184,AD 84,2025-11-06_10:53:52.208806
ED   37,99.00%,Grace Marrero,(Republican),24,AD 84,2025-11-06_10:53:52.208806
ED   37,99.00%,Grace Marrero,(Conservative),5,AD 84,2025-11-06_10:53:52.208806
ED   37,99.00%,Vanessa L. Gibson,(Working Families),19,AD 84,2025-11-06_10:53:52.208806
ED   37,99.00%,WRITE-IN,&nbsp,0,AD 84,2025-11-06_10:53:52.208806
ED   38,99.00%,Vanessa L. Gibson,(Democratic),202,AD 84,2025-11-06_10:53:52.208806
ED   38,99.00%,Grace Marrero,(Republican),38,AD 84,2025-11-06_10:53:52.208806
ED   38,99.00%,Grace Marrero,(Conservative),6,AD 84,2025-11-06_10:53:52.208806
ED   38,99.00%,Vanessa L. Gibson,(Working Families),35,AD 84,2025-11-06_10:53:52.208806
ED   38,99.00%,WRITE-IN,&nbsp,0,AD 84,2025-11-06_10:53:52.208806
ED   39,99.00%,Vanessa L. Gibson,(Democratic),219,AD 84,2025-11-06_10:53:52.208806
ED   39,99.00%,Grace Marrero,(Republican),34,AD 84,2025-11-06_10:53:52.208806
ED   39,99.00%,Grace Marrero,(Conservative),4,AD 84,2025-11-06_10:53:52.208806
ED   39,99.00%,Vanessa L. Gibson,(Working Families),38,AD 84,2025-11-06_10:53:52.208806
ED   39,99.00%,WRITE-IN,&nbsp,1,AD 84,2025-11-06_10:53:52.208806
ED   40,99.00%,Vanessa L. Gibson,(Democratic),157,AD 84,2025-11-06_10:53:52.208806
ED   40,99.00%,Grace Marrero,(Republican),23,AD 84,2025-11-06_10:53:52.208806
ED   40,99.00%,Grace Marrero,(Conservative),3,AD 84,2025-11-06_10:53:52.208806
ED   40,99.00%,Vanessa L. Gibson,(Working Families),30,AD 84,2025-11-06_10:53:52.208806
ED   40,99.00%,WRITE-IN,&nbsp,1,AD 84,2025-11-06_10:53:52.208806
ED   41,99.00%,Vanessa L. Gibson,(Democratic),235,AD 84,2025-11-06_10:53:52.208806
ED   41,99.00%,Grace Marrero,(Republican),34,AD 84,2025-11-06_10:53:52.208806
ED   41,99.00%,Grace Marrero,(Conservative),2,AD 84,2025-11-06_10:53:52.208806
ED   41,99.00%,Vanessa L. Gibson,(Working Families),33,AD 84,2025-11-06_10:53:52.208806
ED   41,99.00%,WRITE-IN,&nbsp,0,AD 84,2025-11-06_10:53:52.208806
ED   42,99.00%,Vanessa L. Gibson,(Democratic),211,AD 84,2025-11-06_10:53:52.208806
ED   42,99.00%,Grace Marrero,(Republican),20,AD 84,2025-11-06_10:53:52.208806
ED   42,99.00%,Grace Marrero,(Conservative),3,AD 84,2025-11-06_10:53:52.208806
ED   42,99.00%,Vanessa L. Gibson,(Working Families),25,AD 84,2025-11-06_10:53:52.208806
ED   42,99.00%,WRITE-IN,&nbsp,1,AD 84,2025-11-06_10:53:52.208806
ED   43,99.00%,Vanessa L. Gibson,(Democratic),232,AD 84,2025-11-06_10:53:52.208806
ED   43,99.00%,Grace Marrero,(Republican),25,AD 84,2025-11-06_10:53:52.208806
ED   43,99.00%,Grace Marrero,(Conservative),5,AD 84,2025-11-06_10:53:52.208806
ED   43,99.00%,Vanessa L. Gibson,(Working Families),19,AD 84,2025-11-06_10:53:52.208806
ED   43,99.00%,WRITE-IN,&nbsp,0,AD 84,2025-11-06_10:53:52.208806
ED   44,99.00%,Vanessa L. Gibson,(Democratic),346,AD 84,2025-11-06_10:53:52.208806
ED   44,99.00%,Grace Marrero,(Republican),37,AD 84,2025-11-06_10:53:52.208806
ED   44,99.00%,Grace Marrero,(Conservative),2,AD 84,2025-11-06_10:53:52.208806
ED   44,99.00%,Vanessa L. Gibson,(Working Families),50,AD 84,2025-11-06_10:53:52.208806
ED   44,99.00%,WRITE-IN,&nbsp,2,AD 84,2025-11-06_10:53:52.208806
ED   45,99.00%,Vanessa L. Gibson,(Democratic),353,AD 84,2025-11-06_10:53:52.208806
ED   45,99.00%,Grace Marrero,(Republican),39,AD 84,2025-11-06_10:53:52.208806
ED   45,99.00%,Grace Marrero,(Conservative),5,AD 84,2025-11-06_10:53:52.208806
ED   45,99.00%,Vanessa L. Gibson,(Working Families),39,AD 84,2025-11-06_10:53:52.208806
ED   45,99.00%,WRITE-IN,&nbsp,0,AD 84,2025-11-06_10:53:52.208806
ED   46,99.00%,Vanessa L. Gibson,(Democratic),211,AD 84,2025-11-06_10:53:52.208806
ED   46,99.00%,Grace Marrero,(Republican),22,AD 84,2025-11-06_10:53:52.208806
ED   46,99.00%,Grace Marrero,(Conservative),2,AD 84,2025-11-06_10:53:52.208806
ED   46,99.00%,Vanessa L. Gibson,(Working Families),20,AD 84,2025-11-06_10:53:52.208806
ED   46,99.00%,WRITE-IN,&nbsp,1,AD 84,2025-11-06_10:53:52.208806
ED   47,99.00%,Vanessa L. Gibson,(Democratic),140,AD 84,2025-11-06_10:53:52.208806
ED   47,99.00%,Grace Marrero,(Republican),14,AD 84,2025-11-06_10:53:52.208806
ED   47,99.00%,Grace Marrero,(Conservative),2,AD 84,2025-11-06_10:53:52.208806
ED   47,99.00%,Vanessa L. Gibson,(Working Families),16,AD 84,2025-11-06_10:53:52.208806
ED   47,99.00%,WRITE-IN,&nbsp,0,AD 84,2025-11-06_10:53:52.208806
ED   48,99.00%,Vanessa L. Gibson,(Democratic),233,AD 84,2025-11-06_10:53:52.208806
ED   48,99.00%,Grace Marrero,(Republican),30,AD 84,2025-11-06_10:53:52.208806
ED   48,99.00%,Grace Marrero,(Conservative),5,AD 84,2025-11-06_10:53:52.208806
ED   48,99.00%,Vanessa L. Gibson,(Working Families),46,AD 84,2025-11-06_10:53:52.208806
ED   48,99.00%,WRITE-IN,&nbsp,0,AD 84,2025-11-06_10:53:52.208806
ED   49,99.00%,Vanessa L. Gibson,(Democratic),123,AD 84,2025-11-06_10:53:52.208806
ED   49,99.00%,Grace Marrero,(Republican),8,AD 84,2025-11-06_10:53:52.208806
ED   49,99.00%,Grace Marrero,(Conservative),2,AD 84,2025-11-06_10:53:52.208806
ED   49,99.00%,Vanessa L. Gibson,(Working Families),13,AD 84,2025-11-06_10:53:52.208806
ED   49,99.00%,WRITE-IN,&nbsp,0,AD 84,2025-11-06_10:53:52.208806
ED   50,99.00%,Vanessa L. Gibson,(Democratic),231,AD 84,2025-11-06_10:53:52.208806
ED   50,99.00%,Grace Marrero,(Republican),16,AD 84,2025-11-06_10:53:52.208806
ED   50,99.00%,Grace Marrero,(Conservative),6,AD 84,2025-11-06_10:53:52.208806
ED   50,99.00%,Vanessa L. Gibson,(Working Families),55,AD 84,2025-11-06_10:53:52.208806
ED   50,99.00%,WRITE-IN,&nbsp,0,AD 84,2025-11-06_10:53:52.208806
ED   51,99.00%,Vanessa L. Gibson,(Democratic),343,AD 84,2025-11-06_10:53:52.208806
ED   51,99.00%,Grace Marrero,(Republican),29,AD 84,2025-11-06_10:53:52.208806
ED   51,99.00%,Grace Marrero,(Conservative),7,AD 84,2025-11-06_10:53:52.208806
ED   51,99.00%,Vanessa L. Gibson,(Working Families),80,AD 84,2025-11-06_10:53:52.208806
ED   51,99.00%,WRITE-IN,&nbsp,5,AD 84,2025-11-06_10:53:52.208806
ED   52,99.00%,Vanessa L. Gibson,(Democratic),63,AD 84,2025-11-06_10:53:52.208806
ED   52,99.00%,Grace Marrero,(Republican),6,AD 84,2025-11-06_10:53:52.208806
ED   52,99.00%,Grace Marrero,(Conservative),3,AD 84,2025-11-06_10:53:52.208806
ED   52,99.00%,Vanessa L. Gibson,(Working Families),10,AD 84,2025-11-06_10:53:52.208806
ED   52,99.00%,WRITE-IN,&nbsp,0,AD 84,2025-11-06_10:53:52.208806
ED   53,99.00%,Vanessa L. Gibson,(Democratic),197,AD 84,2025-11-06_10:53:52.208806
ED   53,99.00%,Grace Marrero,(Republican),23,AD 84,2025-11-06_10:53:52.208806
ED   53,99.00%,Grace Marrero,(Conservative),5,AD 84,2025-11-06_10:53:52.208806
ED   53,99.00%,Vanessa L. Gibson,(Working Families),20,AD 84,2025-11-06_10:53:52.208806
ED   53,99.00%,WRITE-IN,&nbsp,0,AD 84,2025-11-06_10:53:52.208806
ED   54,83.33%,Vanessa L. Gibson,(Democratic),32,AD 84,2025-11-06_10:53:52.208806
ED   54,83.33%,Grace Marrero,(Republican),8,AD 84,2025-11-06_10:53:52.208806
ED   54,83.33%,Grace Marrero,(Conservative),2,AD 84,2025-11-06_10:53:52.208806
ED   54,83.33%,Vanessa L. Gibson,(Working Families),3,AD 84,2025-11-06_10:53:52.208806
ED   54,83.33%,WRITE-IN,&nbsp,0,AD 84,2025-11-06_10:53:52.208806
ED   55,99.00%,Vanessa L. Gibson,(Democratic),295,AD 84,2025-11-06_10:53:52.208806
ED   55,99.00%,Grace Marrero,(Republican),28,AD 84,2025-11-06_10:53:52.208806
ED   55,99.00%,Grace Marrero,(Conservative),6,AD 84,2025-11-06_10:53:52.208806
ED   55,99.00%,Vanessa L. Gibson,(Working Families),38,AD 84,2025-11-06_10:53:52.208806
ED   55,99.00%,WRITE-IN,&nbsp,0,AD 84,2025-11-06_10:53:52.208806
ED   56,99.00%,Vanessa L. Gibson,(Democratic),102,AD 84,2025-11-06_10:53:52.208806
ED   56,99.00%,Grace Marrero,(Republican),6,AD 84,2025-11-06_10:53:52.208806
ED   56,99.00%,Grace Marrero,(Conservative),1,AD 84,2025-11-06_10:53:52.208806
ED   56,99.00%,Vanessa L. Gibson,(Working Families),13,AD 84,2025-11-06_10:53:52.208806
ED   56,99.00%,WRITE-IN,&nbsp,1,AD 84,2025-11-06_10:53:52.208806
ED   57,99.00%,Vanessa L. Gibson,(Democratic),230,AD 84,2025-11-06_10:53:52.208806
ED   57,99.00%,Grace Marrero,(Republican),31,AD 84,2025-11-06_10:53:52.208806
ED   57,99.00%,Grace Marrero,(Conservative),9,AD 84,2025-11-06_10:53:52.208806
ED   57,99.00%,Vanessa L. Gibson,(Working Families),23,AD 84,2025-11-06_10:53:52.208806
ED   57,99.00%,WRITE-IN,&nbsp,1,AD 84,2025-11-06_10:53:52.208806
ED   58,99.00%,Vanessa L. Gibson,(Democratic),0,AD 84,2025-11-06_10:53:52.208806
ED   58,99.00%,Grace Marrero,(Republican),0,AD 84,2025-11-06_10:53:52.208806
ED   58,99.00%,Grace Marrero,(Conservative),0,AD 84,2025-11-06_10:53:52.208806
ED   58,99.00%,Vanessa L. Gibson,(Working Families),0,AD 84,2025-11-06_10:53:52.208806
ED   58,99.00%,WRITE-IN,&nbsp,0,AD 84,2025-11-06_10:53:52.208806
ED   59,99.00%,Vanessa L. Gibson,(Democratic),0,AD 84,2025-11-06_10:53:52.208806
ED   59,99.00%,Grace Marrero,(Republican),0,AD 84,2025-11-06_10:53:52.208806
ED   59,99.00%,Grace Marrero,(Conservative),0,AD 84,2025-11-06_10:53:52.208806
ED   59,99.00%,Vanessa L. Gibson,(Working Families),0,AD 84,2025-11-06_10:53:52.208806
ED   59,99.00%,WRITE-IN,&nbsp,0,AD 84,2025-11-06_10:53:52.208806
Total,,Vanessa L. Gibson,(Democratic),12419,AD 84,2025-11-06_10:53:52.208806
Total,,Grace Marrero,(Republican),1498,AD 84,2025-11-06_10:53:52.208806
Total,,Grace Marrero,(Conservative),294,AD 84,2025-11-06_10:53:52.208806
Total,,Vanessa L. Gibson,(Working Families),1619,AD 84,2025-11-06_10:53:52.208806
Total,,WRITE-IN,&nbsp,37,AD 84,2025-11-06_10:53:52.208806
ED    1,99.00%,Vanessa L. Gibson,(Democratic),508,AD 85,2025-11-06_10:53:52.208806
ED    1,99.00%,Grace Marrero,(Republican),76,AD 85,2025-11-06_10:53:52.208806
ED    1,99.00%,Grace Marrero,(Conservative),16,AD 85,2025-11-06_10:53:52.208806
ED    1,99.00%,Vanessa L. Gibson,(Working Families),52,AD 85,2025-11-06_10:53:52.208806
ED    1,99.00%,WRITE-IN,&nbsp,1,AD 85,2025-11-06_10:53:52.208806
ED    2,99.00%,Vanessa L. Gibson,(Democratic),352,AD 85,2025-11-06_10:53:52.208806
ED    2,99.00%,Grace Marrero,(Republican),76,AD 85,2025-11-06_10:53:52.208806
ED    2,99.00%,Grace Marrero,(Conservative),16,AD 85,2025-11-06_10:53:52.208806
ED    2,99.00%,Vanessa L. Gibson,(Working Families),43,AD 85,2025-11-06_10:53:52.208806
ED    2,99.00%,WRITE-IN,&nbsp,0,AD 85,2025-11-06_10:53:52.208806
ED    3,99.00%,Vanessa L. Gibson,(Democratic),267,AD 85,2025-11-06_10:53:52.208806
ED    3,99.00%,Grace Marrero,(Republican),56,AD 85,2025-11-06_10:53:52.208806
ED    3,99.00%,Grace Marrero,(Conservative),12,AD 85,2025-11-06_10:53:52.208806
ED    3,99.00%,Vanessa L. Gibson,(Working Families),30,AD 85,2025-11-06_10:53:52.208806
ED    3,99.00%,WRITE-IN,&nbsp,1,AD 85,2025-11-06_10:53:52.208806
ED    4,99.00%,Vanessa L. Gibson,(Democratic),250,AD 85,2025-11-06_10:53:52.208806
ED    4,99.00%,Grace Marrero,(Republican),71,AD 85,2025-11-06_10:53:52.208806
ED    4,99.00%,Grace Marrero,(Conservative),9,AD 85,2025-11-06_10:53:52.208806
ED    4,99.00%,Vanessa L. Gibson,(Working Families),29,AD 85,2025-11-06_10:53:52.208806
ED    4,99.00%,WRITE-IN,&nbsp,4,AD 85,2025-11-06_10:53:52.208806
ED    5,99.00%,Vanessa L. Gibson,(Democratic),381,AD 85,2025-11-06_10:53:52.208806
ED    5,99.00%,Grace Marrero,(Republican),71,AD 85,2025-11-06_10:53:52.208806
ED    5,99.00%,Grace Marrero,(Conservative),10,AD 85,2025-11-06_10:53:52.208806
ED    5,99.00%,Vanessa L. Gibson,(Working Families),32,AD 85,2025-11-06_10:53:52.208806
ED    5,99.00%,WRITE-IN,&nbsp,1,AD 85,2025-11-06_10:53:52.208806
ED    6,99.00%,Vanessa L. Gibson,(Democratic),171,AD 85,2025-11-06_10:53:52.208806
ED    6,99.00%,Grace Marrero,(Republican),21,AD 85,2025-11-06_10:53:52.208806
ED    6,99.00%,Grace Marrero,(Conservative),7,AD 85,2025-11-06_10:53:52.208806
ED    6,99.00%,Vanessa L. Gibson,(Working Families),20,AD 85,2025-11-06_10:53:52.208806
ED    6,99.00%,WRITE-IN,&nbsp,2,AD 85,2025-11-06_10:53:52.208806
ED    7,99.00%,Vanessa L. Gibson,(Democratic),184,AD 85,2025-11-06_10:53:52.208806
ED    7,99.00%,Grace Marrero,(Republican),17,AD 85,2025-11-06_10:53:52.208806
ED    7,99.00%,Grace Marrero,(Conservative),8,AD 85,2025-11-06_10:53:52.208806
ED    7,99.00%,Vanessa L. Gibson,(Working Families),16,AD 85,2025-11-06_10:53:52.208806
ED    7,99.00%,WRITE-IN,&nbsp,0,AD 85,2025-11-06_10:53:52.208806
ED    8,99.00%,Vanessa L. Gibson,(Democratic),137,AD 85,2025-11-06_10:53:52.208806
ED    8,99.00%,Grace Marrero,(Republican),27,AD 85,2025-11-06_10:53:52.208806
ED    8,99.00%,Grace Marrero,(Conservative),5,AD 85,2025-11-06_10:53:52.208806
ED    8,99.00%,Vanessa L. Gibson,(Working Families),15,AD 85,2025-11-06_10:53:52.208806
ED    8,99.00%,WRITE-IN,&nbsp,2,AD 85,2025-11-06_10:53:52.208806
ED    9,99.00%,Vanessa L. Gibson,(Democratic),291,AD 85,2025-11-06_10:53:52.208806
ED    9,99.00%,Grace Marrero,(Republican),53,AD 85,2025-11-06_10:53:52.208806
ED    9,99.00%,Grace Marrero,(Conservative),10,AD 85,2025-11-06_10:53:52.208806
ED    9,99.00%,Vanessa L. Gibson,(Working Families),37,AD 85,2025-11-06_10:53:52.208806
ED    9,99.00%,WRITE-IN,&nbsp,1,AD 85,2025-11-06_10:53:52.208806
ED   10,99.00%,Vanessa L. Gibson,(Democratic),171,AD 85,2025-11-06_10:53:52.208806
ED   10,99.00%,Grace Marrero,(Republican),28,AD 85,2025-11-06_10:53:52.208806
ED   10,99.00%,Grace Marrero,(Conservative),6,AD 85,2025-11-06_10:53:52.208806
ED   10,99.00%,Vanessa L. Gibson,(Working Families),16,AD 85,2025-11-06_10:53:52.208806
ED   10,99.00%,WRITE-IN,&nbsp,0,AD 85,2025-11-06_10:53:52.208806
ED   11,99.00%,Vanessa L. Gibson,(Democratic),242,AD 85,2025-11-06_10:53:52.208806
ED   11,99.00%,Grace Marrero,(Republican),34,AD 85,2025-11-06_10:53:52.208806
ED   11,99.00%,Grace Marrero,(Conservative),3,AD 85,2025-11-06_10:53:52.208806
ED   11,99.00%,Vanessa L. Gibson,(Working Families),14,AD 85,2025-11-06_10:53:52.208806
ED   11,99.00%,WRITE-IN,&nbsp,1,AD 85,2025-11-06_10:53:52.208806
ED   12,99.00%,Vanessa L. Gibson,(Democratic),191,AD 85,2025-11-06_10:53:52.208806
ED   12,99.00%,Grace Marrero,(Republican),24,AD 85,2025-11-06_10:53:52.208806
ED   12,99.00%,Grace Marrero,(Conservative),4,AD 85,2025-11-06_10:53:52.208806
ED   12,99.00%,Vanessa L. Gibson,(Working Families),24,AD 85,2025-11-06_10:53:52.208806
ED   12,99.00%,WRITE-IN,&nbsp,1,AD 85,2025-11-06_10:53:52.208806
ED   13,99.00%,Vanessa L. Gibson,(Democratic),223,AD 85,2025-11-06_10:53:52.208806
ED   13,99.00%,Grace Marrero,(Republican),20,AD 85,2025-11-06_10:53:52.208806
ED   13,99.00%,Grace Marrero,(Conservative),6,AD 85,2025-11-06_10:53:52.208806
ED   13,99.00%,Vanessa L. Gibson,(Working Families),22,AD 85,2025-11-06_10:53:52.208806
ED   13,99.00%,WRITE-IN,&nbsp,0,AD 85,2025-11-06_10:53:52.208806
ED   14,99.00%,Vanessa L. Gibson,(Democratic),204,AD 85,2025-11-06_10:53:52.208806
ED   14,99.00%,Grace Marrero,(Republican),25,AD 85,2025-11-06_10:53:52.208806
ED   14,99.00%,Grace Marrero,(Conservative),1,AD 85,2025-11-06_10:53:52.208806
ED   14,99.00%,Vanessa L. Gibson,(Working Families),17,AD 85,2025-11-06_10:53:52.208806
ED   14,99.00%,WRITE-IN,&nbsp,1,AD 85,2025-11-06_10:53:52.208806
ED   15,99.00%,Vanessa L. Gibson,(Democratic),442,AD 85,2025-11-06_10:53:52.208806
ED   15,99.00%,Grace Marrero,(Republican),27,AD 85,2025-11-06_10:53:52.208806
ED   15,99.00%,Grace Marrero,(Conservative),5,AD 85,2025-11-06_10:53:52.208806
ED   15,99.00%,Vanessa L. Gibson,(Working Families),37,AD 85,2025-11-06_10:53:52.208806
ED   15,99.00%,WRITE-IN,&nbsp,0,AD 85,2025-11-06_10:53:52.208806
ED   16,85.71%,Vanessa L. Gibson,(Democratic),240,AD 85,2025-11-06_10:53:52.208806
ED   16,85.71%,Grace Marrero,(Republican),25,AD 85,2025-11-06_10:53:52.208806
ED   16,85.71%,Grace Marrero,(Conservative),3,AD 85,2025-11-06_10:53:52.208806
ED   16,85.71%,Vanessa L. Gibson,(Working Families),14,AD 85,2025-11-06_10:53:52.208806
ED   16,85.71%,WRITE-IN,&nbsp,0,AD 85,2025-11-06_10:53:52.208806
ED   17,85.71%,Vanessa L. Gibson,(Democratic),215,AD 85,2025-11-06_10:53:52.208806
ED   17,85.71%,Grace Marrero,(Republican),41,AD 85,2025-11-06_10:53:52.208806
ED   17,85.71%,Grace Marrero,(Conservative),2,AD 85,2025-11-06_10:53:52.208806
ED   17,85.71%,Vanessa L. Gibson,(Working Families),15,AD 85,2025-11-06_10:53:52.208806
ED   17,85.71%,WRITE-IN,&nbsp,0,AD 85,2025-11-06_10:53:52.208806
ED   18,99.00%,Vanessa L. Gibson,(Democratic),408,AD 85,2025-11-06_10:53:52.208806
ED   18,99.00%,Grace Marrero,(Republican),11,AD 85,2025-11-06_10:53:52.208806
ED   18,99.00%,Grace Marrero,(Conservative),6,AD 85,2025-11-06_10:53:52.208806
ED   18,99.00%,Vanessa L. Gibson,(Working Families),32,AD 85,2025-11-06_10:53:52.208806
ED   18,99.00%,WRITE-IN,&nbsp,0,AD 85,2025-11-06_10:53:52.208806
ED   19,85.71%,Vanessa L. Gibson,(Democratic),204,AD 85,2025-11-06_10:53:52.208806
ED   19,85.71%,Grace Marrero,(Republican),22,AD 85,2025-11-06_10:53:52.208806
ED   19,85.71%,Grace Marrero,(Conservative),1,AD 85,2025-11-06_10:53:52.208806
ED   19,85.71%,Vanessa L. Gibson,(Working Families),19,AD 85,2025-11-06_10:53:52.208806
ED   19,85.71%,WRITE-IN,&nbsp,1,AD 85,2025-11-06_10:53:52.208806
ED   20,85.71%,Vanessa L. Gibson,(Democratic),161,AD 85,2025-11-06_10:53:52.208806
ED   20,85.71%,Grace Marrero,(Republican),8,AD 85,2025-11-06_10:53:52.208806
ED   20,85.71%,Grace Marrero,(Conservative),1,AD 85,2025-11-06_10:53:52.208806
ED   20,85.71%,Vanessa L. Gibson,(Working Families),18,AD 85,2025-11-06_10:53:52.208806
ED   20,85.71%,WRITE-IN,&nbsp,0,AD 85,2025-11-06_10:53:52.208806
ED   21,99.00%,Vanessa L. Gibson,(Democratic),314,AD 85,2025-11-06_10:53:52.208806
ED   21,99.00%,Grace Marrero,(Republican),46,AD 85,2025-11-06_10:53:52.208806
ED   21,99.00%,Grace Marrero,(Conservative),5,AD 85,2025-11-06_10:53:52.208806
ED   21,99.00%,Vanessa L. Gibson,(Working Families),33,AD 85,2025-11-06_10:53:52.208806
ED   21,99.00%,WRITE-IN,&nbsp,0,AD 85,2025-11-06_10:53:52.208806
ED   22,99.00%,Vanessa L. Gibson,(Democratic),308,AD 85,2025-11-06_10:53:52.208806
ED   22,99.00%,Grace Marrero,(Republican),47,AD 85,2025-11-06_10:53:52.208806
ED   22,99.00%,Grace Marrero,(Conservative),8,AD 85,2025-11-06_10:53:52.208806
ED   22,99.00%,Vanessa L. Gibson,(Working Families),45,AD 85,2025-11-06_10:53:52.208806
ED   22,99.00%,WRITE-IN,&nbsp,0,AD 85,2025-11-06_10:53:52.208806
ED   23,99.00%,Vanessa L. Gibson,(Democratic),147,AD 85,2025-11-06_10:53:52.208806
ED   23,99.00%,Grace Marrero,(Republican),28,AD 85,2025-11-06_10:53:52.208806
ED   23,99.00%,Grace Marrero,(Conservative),5,AD 85,2025-11-06_10:53:52.208806
ED   23,99.00%,Vanessa L. Gibson,(Working Families),18,AD 85,2025-11-06_10:53:52.208806
ED   23,99.00%,WRITE-IN,&nbsp,0,AD 85,2025-11-06_10:53:52.208806
ED   24,99.00%,Vanessa L. Gibson,(Democratic),107,AD 85,2025-11-06_10:53:52.208806
ED   24,99.00%,Grace Marrero,(Republican),12,AD 85,2025-11-06_10:53:52.208806
ED   24,99.00%,Grace Marrero,(Conservative),1,AD 85,2025-11-06_10:53:52.208806
ED   24,99.00%,Vanessa L. Gibson,(Working Families),13,AD 85,2025-11-06_10:53:52.208806
ED   24,99.00%,WRITE-IN,&nbsp,1,AD 85,2025-11-06_10:53:52.208806
ED   25,99.00%,Vanessa L. Gibson,(Democratic),210,AD 85,2025-11-06_10:53:52.208806
ED   25,99.00%,Grace Marrero,(Republican),18,AD 85,2025-11-06_10:53:52.208806
ED   25,99.00%,Grace Marrero,(Conservative),4,AD 85,2025-11-06_10:53:52.208806
ED   25,99.00%,Vanessa L. Gibson,(Working Families),16,AD 85,2025-11-06_10:53:52.208806
ED   25,99.00%,WRITE-IN,&nbsp,0,AD 85,2025-11-06_10:53:52.208806
ED   26,99.00%,Vanessa L. Gibson,(Democratic),164,AD 85,2025-11-06_10:53:52.208806
ED   26,99.00%,Grace Marrero,(Republican),13,AD 85,2025-11-06_10:53:52.208806
ED   26,99.00%,Grace Marrero,(Conservative),6,AD 85,2025-11-06_10:53:52.208806
ED   26,99.00%,Vanessa L. Gibson,(Working Families),8,AD 85,2025-11-06_10:53:52.208806
ED   26,99.00%,WRITE-IN,&nbsp,0,AD 85,2025-11-06_10:53:52.208806
ED   27,99.00%,Vanessa L. Gibson,(Democratic),194,AD 85,2025-11-06_10:53:52.208806
ED   27,99.00%,Grace Marrero,(Republican),24,AD 85,2025-11-06_10:53:52.208806
ED   27,99.00%,Grace Marrero,(Conservative),5,AD 85,2025-11-06_10:53:52.208806
ED   27,99.00%,Vanessa L. Gibson,(Working Families),24,AD 85,2025-11-06_10:53:52.208806
ED   27,99.00%,WRITE-IN,&nbsp,1,AD 85,2025-11-06_10:53:52.208806
ED   28,99.00%,Vanessa L. Gibson,(Democratic),294,AD 85,2025-11-06_10:53:52.208806
ED   28,99.00%,Grace Marrero,(Republican),27,AD 85,2025-11-06_10:53:52.208806
ED   28,99.00%,Grace Marrero,(Conservative),4,AD 85,2025-11-06_10:53:52.208806
ED   28,99.00%,Vanessa L. Gibson,(Working Families),32,AD 85,2025-11-06_10:53:52.208806
ED   28,99.00%,WRITE-IN,&nbsp,0,AD 85,2025-11-06_10:53:52.208806
ED   29,99.00%,Vanessa L. Gibson,(Democratic),305,AD 85,2025-11-06_10:53:52.208806
ED   29,99.00%,Grace Marrero,(Republican),53,AD 85,2025-11-06_10:53:52.208806
ED   29,99.00%,Grace Marrero,(Conservative),8,AD 85,2025-11-06_10:53:52.208806
ED   29,99.00%,Vanessa L. Gibson,(Working Families),32,AD 85,2025-11-06_10:53:52.208806
ED   29,99.00%,WRITE-IN,&nbsp,0,AD 85,2025-11-06_10:53:52.208806
ED   30,99.00%,Vanessa L. Gibson,(Democratic),168,AD 85,2025-11-06_10:53:52.208806
ED   30,99.00%,Grace Marrero,(Republican),46,AD 85,2025-11-06_10:53:52.208806
ED   30,99.00%,Grace Marrero,(Conservative),9,AD 85,2025-11-06_10:53:52.208806
ED   30,99.00%,Vanessa L. Gibson,(Working Families),14,AD 85,2025-11-06_10:53:52.208806
ED   30,99.00%,WRITE-IN,&nbsp,3,AD 85,2025-11-06_10:53:52.208806
ED   31,99.00%,Vanessa L. Gibson,(Democratic),198,AD 85,2025-11-06_10:53:52.208806
ED   31,99.00%,Grace Marrero,(Republican),24,AD 85,2025-11-06_10:53:52.208806
ED   31,99.00%,Grace Marrero,(Conservative),6,AD 85,2025-11-06_10:53:52.208806
ED   31,99.00%,Vanessa L. Gibson,(Working Families),30,AD 85,2025-11-06_10:53:52.208806
ED   31,99.00%,WRITE-IN,&nbsp,0,AD 85,2025-11-06_10:53:52.208806
ED   32,99.00%,Vanessa L. Gibson,(Democratic),212,AD 85,2025-11-06_10:53:52.208806
ED   32,99.00%,Grace Marrero,(Republican),49,AD 85,2025-11-06_10:53:52.208806
ED   32,99.00%,Grace Marrero,(Conservative),5,AD 85,2025-11-06_10:53:52.208806
ED   32,99.00%,Vanessa L. Gibson,(Working Families),30,AD 85,2025-11-06_10:53:52.208806
ED   32,99.00%,WRITE-IN,&nbsp,0,AD 85,2025-11-06_10:53:52.208806
ED   33,99.00%,Vanessa L. Gibson,(Democratic),293,AD 85,2025-11-06_10:53:52.208806
ED   33,99.00%,Grace Marrero,(Republican),48,AD 85,2025-11-06_10:53:52.208806
ED   33,99.00%,Grace Marrero,(Conservative),6,AD 85,2025-11-06_10:53:52.208806
ED   33,99.00%,Vanessa L. Gibson,(Working Families),27,AD 85,2025-11-06_10:53:52.208806
ED   33,99.00%,WRITE-IN,&nbsp,1,AD 85,2025-11-06_10:53:52.208806
ED   34,99.00%,Vanessa L. Gibson,(Democratic),249,AD 85,2025-11-06_10:53:52.208806
ED   34,99.00%,Grace Marrero,(Republican),25,AD 85,2025-11-06_10:53:52.208806
ED   34,99.00%,Grace Marrero,(Conservative),7,AD 85,2025-11-06_10:53:52.208806
ED   34,99.00%,Vanessa L. Gibson,(Working Families),15,AD 85,2025-11-06_10:53:52.208806
ED   34,99.00%,WRITE-IN,&nbsp,0,AD 85,2025-11-06_10:53:52.208806
ED   35,99.00%,Vanessa L. Gibson,(Democratic),212,AD 85,2025-11-06_10:53:52.208806
ED   35,99.00%,Grace Marrero,(Republican),34,AD 85,2025-11-06_10:53:52.208806
ED   35,99.00%,Grace Marrero,(Conservative),4,AD 85,2025-11-06_10:53:52.208806
ED   35,99.00%,Vanessa L. Gibson,(Working Families),23,AD 85,2025-11-06_10:53:52.208806
ED   35,99.00%,WRITE-IN,&nbsp,0,AD 85,2025-11-06_10:53:52.208806
ED   36,99.00%,Vanessa L. Gibson,(Democratic),261,AD 85,2025-11-06_10:53:52.208806
ED   36,99.00%,Grace Marrero,(Republican),52,AD 85,2025-11-06_10:53:52.208806
ED   36,99.00%,Grace Marrero,(Conservative),9,AD 85,2025-11-06_10:53:52.208806
ED   36,99.00%,Vanessa L. Gibson,(Working Families),28,AD 85,2025-11-06_10:53:52.208806
ED   36,99.00%,WRITE-IN,&nbsp,0,AD 85,2025-11-06_10:53:52.208806
ED   37,99.00%,Vanessa L. Gibson,(Democratic),164,AD 85,2025-11-06_10:53:52.208806
ED   37,99.00%,Grace Marrero,(Republican),22,AD 85,2025-11-06_10:53:52.208806
ED   37,99.00%,Grace Marrero,(Conservative),5,AD 85,2025-11-06_10:53:52.208806
ED   37,99.00%,Vanessa L. Gibson,(Working Families),17,AD 85,2025-11-06_10:53:52.208806
ED   37,99.00%,WRITE-IN,&nbsp,0,AD 85,2025-11-06_10:53:52.208806
ED   38,99.00%,Vanessa L. Gibson,(Democratic),392,AD 85,2025-11-06_10:53:52.208806
ED   38,99.00%,Grace Marrero,(Republican),49,AD 85,2025-11-06_10:53:52.208806
ED   38,99.00%,Grace Marrero,(Conservative),11,AD 85,2025-11-06_10:53:52.208806
ED   38,99.00%,Vanessa L. Gibson,(Working Families),29,AD 85,2025-11-06_10:53:52.208806
ED   38,99.00%,WRITE-IN,&nbsp,0,AD 85,2025-11-06_10:53:52.208806
ED   39,99.00%,Vanessa L. Gibson,(Democratic),262,AD 85,2025-11-06_10:53:52.208806
ED   39,99.00%,Grace Marrero,(Republican),41,AD 85,2025-11-06_10:53:52.208806
ED   39,99.00%,Grace Marrero,(Conservative),9,AD 85,2025-11-06_10:53:52.208806
ED   39,99.00%,Vanessa L. Gibson,(Working Families),29,AD 85,2025-11-06_10:53:52.208806
ED   39,99.00%,WRITE-IN,&nbsp,2,AD 85,2025-11-06_10:53:52.208806
ED   40,99.00%,Vanessa L. Gibson,(Democratic),167,AD 85,2025-11-06_10:53:52.208806
ED   40,99.00%,Grace Marrero,(Republican),18,AD 85,2025-11-06_10:53:52.208806
ED   40,99.00%,Grace Marrero,(Conservative),6,AD 85,2025-11-06_10:53:52.208806
ED   40,99.00%,Vanessa L. Gibson,(Working Families),31,AD 85,2025-11-06_10:53:52.208806
ED   40,99.00%,WRITE-IN,&nbsp,0,AD 85,2025-11-06_10:53:52.208806
ED   41,99.00%,Vanessa L. Gibson,(Democratic),280,AD 85,2025-11-06_10:53:52.208806
ED   41,99.00%,Grace Marrero,(Republican),53,AD 85,2025-11-06_10:53:52.208806
ED   41,99.00%,Grace Marrero,(Conservative),10,AD 85,2025-11-06_10:53:52.208806
ED   41,99.00%,Vanessa L. Gibson,(Working Families),22,AD 85,2025-11-06_10:53:52.208806
ED   41,99.00%,WRITE-IN,&nbsp,0,AD 85,2025-11-06_10:53:52.208806
ED   42,99.00%,Vanessa L. Gibson,(Democratic),199,AD 85,2025-11-06_10:53:52.208806
ED   42,99.00%,Grace Marrero,(Republican),24,AD 85,2025-11-06_10:53:52.208806
ED   42,99.00%,Grace Marrero,(Conservative),6,AD 85,2025-11-06_10:53:52.208806
ED   42,99.00%,Vanessa L. Gibson,(Working Families),14,AD 85,2025-11-06_10:53:52.208806
ED   42,99.00%,WRITE-IN,&nbsp,0,AD 85,2025-11-06_10:53:52.208806
ED   43,99.00%,Vanessa L. Gibson,(Democratic),235,AD 85,2025-11-06_10:53:52.208806
ED   43,99.00%,Grace Marrero,(Republican),38,AD 85,2025-11-06_10:53:52.208806
ED   43,99.00%,Grace Marrero,(Conservative),7,AD 85,2025-11-06_10:53:52.208806
ED   43,99.00%,Vanessa L. Gibson,(Working Families),36,AD 85,2025-11-06_10:53:52.208806
ED   43,99.00%,WRITE-IN,&nbsp,0,AD 85,2025-11-06_10:53:52.208806
ED   44,99.00%,Vanessa L. Gibson,(Democratic),182,AD 85,2025-11-06_10:53:52.208806
ED   44,99.00%,Grace Marrero,(Republican),35,AD 85,2025-11-06_10:53:52.208806
ED   44,99.00%,Grace Marrero,(Conservative),9,AD 85,2025-11-06_10:53:52.208806
ED   44,99.00%,Vanessa L. Gibson,(Working Families),11,AD 85,2025-11-06_10:53:52.208806
ED   44,99.00%,WRITE-IN,&nbsp,0,AD 85,2025-11-06_10:53:52.208806
ED   45,99.00%,Vanessa L. Gibson,(Democratic),166,AD 85,2025-11-06_10:53:52.208806
ED   45,99.00%,Grace Marrero,(Republican),29,AD 85,2025-11-06_10:53:52.208806
ED   45,99.00%,Grace Marrero,(Conservative),6,AD 85,2025-11-06_10:53:52.208806
ED   45,99.00%,Vanessa L. Gibson,(Working Families),31,AD 85,2025-11-06_10:53:52.208806
ED   45,99.00%,WRITE-IN,&nbsp,0,AD 85,2025-11-06_10:53:52.208806
ED   46,99.00%,Vanessa L. Gibson,(Democratic),273,AD 85,2025-11-06_10:53:52.208806
ED   46,99.00%,Grace Marrero,(Republican),31,AD 85,2025-11-06_10:53:52.208806
ED   46,99.00%,Grace Marrero,(Conservative),5,AD 85,2025-11-06_10:53:52.208806
ED   46,99.00%,Vanessa L. Gibson,(Working Families),21,AD 85,2025-11-06_10:53:52.208806
ED   46,99.00%,WRITE-IN,&nbsp,0,AD 85,2025-11-06_10:53:52.208806
ED   47,99.00%,Vanessa L. Gibson,(Democratic),120,AD 85,2025-11-06_10:53:52.208806
ED   47,99.00%,Grace Marrero,(Republican),17,AD 85,2025-11-06_10:53:52.208806
ED   47,99.00%,Grace Marrero,(Conservative),1,AD 85,2025-11-06_10:53:52.208806
ED   47,99.00%,Vanessa L. Gibson,(Working Families),14,AD 85,2025-11-06_10:53:52.208806
ED   47,99.00%,WRITE-IN,&nbsp,1,AD 85,2025-11-06_10:53:52.208806
ED   48,99.00%,Vanessa L. Gibson,(Democratic),129,AD 85,2025-11-06_10:53:52.208806
ED   48,99.00%,Grace Marrero,(Republican),12,AD 85,2025-11-06_10:53:52.208806
ED   48,99.00%,Grace Marrero,(Conservative),3,AD 85,2025-11-06_10:53:52.208806
ED   48,99.00%,Vanessa L. Gibson,(Working Families),12,AD 85,2025-11-06_10:53:52.208806
ED   48,99.00%,WRITE-IN,&nbsp,0,AD 85,2025-11-06_10:53:52.208806
ED   49,99.00%,Vanessa L. Gibson,(Democratic),122,AD 85,2025-11-06_10:53:52.208806
ED   49,99.00%,Grace Marrero,(Republican),20,AD 85,2025-11-06_10:53:52.208806
ED   49,99.00%,Grace Marrero,(Conservative),5,AD 85,2025-11-06_10:53:52.208806
ED   49,99.00%,Vanessa L. Gibson,(Working Families),9,AD 85,2025-11-06_10:53:52.208806
ED   49,99.00%,WRITE-IN,&nbsp,1,AD 85,2025-11-06_10:53:52.208806
ED   50,99.00%,Vanessa L. Gibson,(Democratic),211,AD 85,2025-11-06_10:53:52.208806
ED   50,99.00%,Grace Marrero,(Republican),41,AD 85,2025-11-06_10:53:52.208806
ED   50,99.00%,Grace Marrero,(Conservative),4,AD 85,2025-11-06_10:53:52.208806
ED   50,99.00%,Vanessa L. Gibson,(Working Families),16,AD 85,2025-11-06_10:53:52.208806
ED   50,99.00%,WRITE-IN,&nbsp,1,AD 85,2025-11-06_10:53:52.208806
ED   51,99.00%,Vanessa L. Gibson,(Democratic),573,AD 85,2025-11-06_10:53:52.208806
ED   51,99.00%,Grace Marrero,(Republican),26,AD 85,2025-11-06_10:53:52.208806
ED   51,99.00%,Grace Marrero,(Conservative),5,AD 85,2025-11-06_10:53:52.208806
ED   51,99.00%,Vanessa L. Gibson,(Working Families),52,AD 85,2025-11-06_10:53:52.208806
ED   51,99.00%,WRITE-IN,&nbsp,1,AD 85,2025-11-06_10:53:52.208806
ED   52,99.00%,Vanessa L. Gibson,(Democratic),0,AD 85,2025-11-06_10:53:52.208806
ED   52,99.00%,Grace Marrero,(Republican),0,AD 85,2025-11-06_10:53:52.208806
ED   52,99.00%,Grace Marrero,(Conservative),0,AD 85,2025-11-06_10:53:52.208806
ED   52,99.00%,Vanessa L. Gibson,(Working Families),0,AD 85,2025-11-06_10:53:52.208806
ED   52,99.00%,WRITE-IN,&nbsp,0,AD 85,2025-11-06_10:53:52.208806
ED   53,99.00%,Vanessa L. Gibson,(Democratic),0,AD 85,2025-11-06_10:53:52.208806
ED   53,99.00%,Grace Marrero,(Republican),0,AD 85,2025-11-06_10:53:52.208806
ED   53,99.00%,Grace Marrero,(Conservative),0,AD 85,2025-11-06_10:53:52.208806
ED   53,99.00%,Vanessa L. Gibson,(Working Families),0,AD 85,2025-11-06_10:53:52.208806
ED   53,99.00%,WRITE-IN,&nbsp,0,AD 85,2025-11-06_10:53:52.208806
ED   54,99.00%,Vanessa L. Gibson,(Democratic),0,AD 85,2025-11-06_10:53:52.208806
ED   54,99.00%,Grace Marrero,(Republican),0,AD 85,2025-11-06_10:53:52.208806
ED   54,99.00%,Grace Marrero,(Conservative),0,AD 85,2025-11-06_10:53:52.208806
ED   54,99.00%,Vanessa L. Gibson,(Working Families),0,AD 85,2025-11-06_10:53:52.208806
ED   54,99.00%,WRITE-IN,&nbsp,0,AD 85,2025-11-06_10:53:52.208806
ED   55,99.00%,Vanessa L. Gibson,(Democratic),0,AD 85,2025-11-06_10:53:52.208806
ED   55,99.00%,Grace Marrero,(Republican),0,AD 85,2025-11-06_10:53:52.208806
ED   55,99.00%,Grace Marrero,(Conservative),0,AD 85,2025-11-06_10:53:52.208806
ED   55,99.00%,Vanessa L. Gibson,(Working Families),0,AD 85,2025-11-06_10:53:52.208806
ED   55,99.00%,WRITE-IN,&nbsp,0,AD 85,2025-11-06_10:53:52.208806
ED   56,99.00%,Vanessa L. Gibson,(Democratic),0,AD 85,2025-11-06_10:53:52.208806
ED   56,99.00%,Grace Marrero,(Republican),0,AD 85,2025-11-06_10:53:52.208806
ED   56,99.00%,Grace Marrero,(Conservative),0,AD 85,2025-11-06_10:53:52.208806
ED   56,99.00%,Vanessa L. Gibson,(Working Families),0,AD 85,2025-11-06_10:53:52.208806
ED   56,99.00%,WRITE-IN,&nbsp,0,AD 85,2025-11-06_10:53:52.208806
ED   57,99.00%,Vanessa L. Gibson,(Democratic),0,AD 85,2025-11-06_10:53:52.208806
ED   57,99.00%,Grace Marrero,(Republican),0,AD 85,2025-11-06_10:53:52.208806
ED   57,99.00%,Grace Marrero,(Conservative),0,AD 85,2025-11-06_10:53:52.208806
ED   57,99.00%,Vanessa L. Gibson,(Working Families),0,AD 85,2025-11-06_10:53:52.208806
ED   57,99.00%,WRITE-IN,&nbsp,0,AD 85,2025-11-06_10:53:52.208806
ED   58,99.00%,Vanessa L. Gibson,(Democratic),0,AD 85,2025-11-06_10:53:52.208806
ED   58,99.00%,Grace Marrero,(Republican),0,AD 85,2025-11-06_10:53:52.208806
ED   58,99.00%,Grace Marrero,(Conservative),0,AD 85,2025-11-06_10:53:52.208806
ED   58,99.00%,Vanessa L. Gibson,(Working Families),0,AD 85,2025-11-06_10:53:52.208806
ED   58,99.00%,WRITE-IN,&nbsp,0,AD 85,2025-11-06_10:53:52.208806
ED   59,99.00%,Vanessa L. Gibson,(Democratic),0,AD 85,2025-11-06_10:53:52.208806
ED   59,99.00%,Grace Marrero,(Republican),0,AD 85,2025-11-06_10:53:52.208806
ED   59,99.00%,Grace Marrero,(Conservative),0,AD 85,2025-11-06_10:53:52.208806
ED   59,99.00%,Vanessa L. Gibson,(Working Families),0,AD 85,2025-11-06_10:53:52.208806
ED   59,99.00%,WRITE-IN,&nbsp,0,AD 85,2025-11-06_10:53:52.208806
ED   60,99.00%,Vanessa L. Gibson,(Democratic),0,AD 85,2025-11-06_10:53:52.208806
ED   60,99.00%,Grace Marrero,(Republican),0,AD 85,2025-11-06_10:53:52.208806
ED   60,99.00%,Grace Marrero,(Conservative),0,AD 85,2025-11-06_10:53:52.208806
ED   60,99.00%,Vanessa L. Gibson,(Working Families),0,AD 85,2025-11-06_10:53:52.208806
ED   60,99.00%,WRITE-IN,&nbsp,0,AD 85,2025-11-06_10:53:52.208806
ED   61,99.00%,Vanessa L. Gibson,(Democratic),1,AD 85,2025-11-06_10:53:52.208806
ED   61,99.00%,Grace Marrero,(Republican),0,AD 85,2025-11-06_10:53:52.208806
ED   61,99.00%,Grace Marrero,(Conservative),0,AD 85,2025-11-06_10:53:52.208806
ED   61,99.00%,Vanessa L. Gibson,(Working Families),0,AD 85,2025-11-06_10:53:52.208806
ED   61,99.00%,WRITE-IN,&nbsp,0,AD 85,2025-11-06_10:53:52.208806
ED   62,99.00%,Vanessa L. Gibson,(Democratic),0,AD 85,2025-11-06_10:53:52.208806
ED   62,99.00%,Grace Marrero,(Republican),0,AD 85,2025-11-06_10:53:52.208806
ED   62,99.00%,Grace Marrero,(Conservative),0,AD 85,2025-11-06_10:53:52.208806
ED   62,99.00%,Vanessa L. Gibson,(Working Families),0,AD 85,2025-11-06_10:53:52.208806
ED   62,99.00%,WRITE-IN,&nbsp,0,AD 85,2025-11-06_10:53:52.208806
ED   63,99.00%,Vanessa L. Gibson,(Democratic),0,AD 85,2025-11-06_10:53:52.208806
ED   63,99.00%,Grace Marrero,(Republican),0,AD 85,2025-11-06_10:53:52.208806
ED   63,99.00%,Grace Marrero,(Conservative),0,AD 85,2025-11-06_10:53:52.208806
ED   63,99.00%,Vanessa L. Gibson,(Working Families),0,AD 85,2025-11-06_10:53:52.208806
ED   63,99.00%,WRITE-IN,&nbsp,0,AD 85,2025-11-06_10:53:52.208806
ED   64,99.00%,Vanessa L. Gibson,(Democratic),0,AD 85,2025-11-06_10:53:52.208806
ED   64,99.00%,Grace Marrero,(Republican),0,AD 85,2025-11-06_10:53:52.208806
ED   64,99.00%,Grace Marrero,(Conservative),0,AD 85,2025-11-06_10:53:52.208806
ED   64,99.00%,Vanessa L. Gibson,(Working Families),0,AD 85,2025-11-06_10:53:52.208806
ED   64,99.00%,WRITE-IN,&nbsp,0,AD 85,2025-11-06_10:53:52.208806
ED   65,99.00%,Vanessa L. Gibson,(Democratic),0,AD 85,2025-11-06_10:53:52.208806
ED   65,99.00%,Grace Marrero,(Republican),0,AD 85,2025-11-06_10:53:52.208806
ED   65,99.00%,Grace Marrero,(Conservative),0,AD 85,2025-11-06_10:53:52.208806
ED   65,99.00%,Vanessa L. Gibson,(Working Families),0,AD 85,2025-11-06_10:53:52.208806
ED   65,99.00%,WRITE-IN,&nbsp,0,AD 85,2025-11-06_10:53:52.208806
ED   66,99.00%,Vanessa L. Gibson,(Democratic),0,AD 85,2025-11-06_10:53:52.208806
ED   66,99.00%,Grace Marrero,(Republican),0,AD 85,2025-11-06_10:53:52.208806
ED   66,99.00%,Grace Marrero,(Conservative),0,AD 85,2025-11-06_10:53:52.208806
ED   66,99.00%,Vanessa L. Gibson,(Working Families),0,AD 85,2025-11-06_10:53:52.208806
ED   66,99.00%,WRITE-IN,&nbsp,0,AD 85,2025-11-06_10:53:52.208806
ED   67,99.00%,Vanessa L. Gibson,(Democratic),0,AD 85,2025-11-06_10:53:52.208806
ED   67,99.00%,Grace Marrero,(Republican),0,AD 85,2025-11-06_10:53:52.208806
ED   67,99.00%,Grace Marrero,(Conservative),0,AD 85,2025-11-06_10:53:52.208806
ED   67,99.00%,Vanessa L. Gibson,(Working Families),0,AD 85,2025-11-06_10:53:52.208806
ED   67,99.00%,WRITE-IN,&nbsp,0,AD 85,2025-11-06_10:53:52.208806
ED   68,99.00%,Vanessa L. Gibson,(Democratic),0,AD 85,2025-11-06_10:53:52.208806
ED   68,99.00%,Grace Marrero,(Republican),0,AD 85,2025-11-06_10:53:52.208806
ED   68,99.00%,Grace Marrero,(Conservative),0,AD 85,2025-11-06_10:53:52.208806
ED   68,99.00%,Vanessa L. Gibson,(Working Families),0,AD 85,2025-11-06_10:53:52.208806
ED   68,99.00%,WRITE-IN,&nbsp,0,AD 85,2025-11-06_10:53:52.208806
ED   69,99.00%,Vanessa L. Gibson,(Democratic),0,AD 85,2025-11-06_10:53:52.208806
ED   69,99.00%,Grace Marrero,(Republican),0,AD 85,2025-11-06_10:53:52.208806
ED   69,99.00%,Grace Marrero,(Conservative),0,AD 85,2025-11-06_10:53:52.208806
ED   69,99.00%,Vanessa L. Gibson,(Working Families),0,AD 85,2025-11-06_10:53:52.208806
ED   69,99.00%,WRITE-IN,&nbsp,0,AD 85,2025-11-06_10:53:52.208806
ED   70,99.00%,Vanessa L. Gibson,(Democratic),0,AD 85,2025-11-06_10:53:52.208806
ED   70,99.00%,Grace Marrero,(Republican),0,AD 85,2025-11-06_10:53:52.208806
ED   70,99.00%,Grace Marrero,(Conservative),0,AD 85,2025-11-06_10:53:52.208806
ED   70,99.00%,Vanessa L. Gibson,(Working Families),0,AD 85,2025-11-06_10:53:52.208806
ED   70,99.00%,WRITE-IN,&nbsp,0,AD 85,2025-11-06_10:53:52.208806
ED   71,99.00%,Vanessa L. Gibson,(Democratic),0,AD 85,2025-11-06_10:53:52.208806
ED   71,99.00%,Grace Marrero,(Republican),0,AD 85,2025-11-06_10:53:52.208806
ED   71,99.00%,Grace Marrero,(Conservative),0,AD 85,2025-11-06_10:53:52.208806
ED   71,99.00%,Vanessa L. Gibson,(Working Families),0,AD 85,2025-11-06_10:53:52.208806
ED   71,99.00%,WRITE-IN,&nbsp,0,AD 85,2025-11-06_10:53:52.208806
ED   72,99.00%,Vanessa L. Gibson,(Democratic),0,AD 85,2025-11-06_10:53:52.208806
ED   72,99.00%,Grace Marrero,(Republican),0,AD 85,2025-11-06_10:53:52.208806
ED   72,99.00%,Grace Marrero,(Conservative),0,AD 85,2025-11-06_10:53:52.208806
ED   72,99.00%,Vanessa L. Gibson,(Working Families),0,AD 85,2025-11-06_10:53:52.208806
ED   72,99.00%,WRITE-IN,&nbsp,0,AD 85,2025-11-06_10:53:52.208806
ED   73,99.00%,Vanessa L. Gibson,(Democratic),0,AD 85,2025-11-06_10:53:52.208806
ED   73,99.00%,Grace Marrero,(Republican),0,AD 85,2025-11-06_10:53:52.208806
ED   73,99.00%,Grace Marrero,(Conservative),0,AD 85,2025-11-06_10:53:52.208806
ED   73,99.00%,Vanessa L. Gibson,(Working Families),0,AD 85,2025-11-06_10:53:52.208806
ED   73,99.00%,WRITE-IN,&nbsp,0,AD 85,2025-11-06_10:53:52.208806
ED   74,99.00%,Vanessa L. Gibson,(Democratic),0,AD 85,2025-11-06_10:53:52.208806
ED   74,99.00%,Grace Marrero,(Republican),0,AD 85,2025-11-06_10:53:52.208806
ED   74,99.00%,Grace Marrero,(Conservative),0,AD 85,2025-11-06_10:53:52.208806
ED   74,99.00%,Vanessa L. Gibson,(Working Families),0,AD 85,2025-11-06_10:53:52.208806
ED   74,99.00%,WRITE-IN,&nbsp,0,AD 85,2025-11-06_10:53:52.208806
ED   75,99.00%,Vanessa L. Gibson,(Democratic),0,AD 85,2025-11-06_10:53:52.208806
ED   75,99.00%,Grace Marrero,(Republican),0,AD 85,2025-11-06_10:53:52.208806
ED   75,99.00%,Grace Marrero,(Conservative),0,AD 85,2025-11-06_10:53:52.208806
ED   75,99.00%,Vanessa L. Gibson,(Working Families),0,AD 85,2025-11-06_10:53:52.208806
ED   75,99.00%,WRITE-IN,&nbsp,0,AD 85,2025-11-06_10:53:52.208806
ED   76,99.00%,Vanessa L. Gibson,(Democratic),0,AD 85,2025-11-06_10:53:52.208806
ED   76,99.00%,Grace Marrero,(Republican),0,AD 85,2025-11-06_10:53:52.208806
ED   76,99.00%,Grace Marrero,(Conservative),0,AD 85,2025-11-06_10:53:52.208806
ED   76,99.00%,Vanessa L. Gibson,(Working Families),0,AD 85,2025-11-06_10:53:52.208806
ED   76,99.00%,WRITE-IN,&nbsp,0,AD 85,2025-11-06_10:53:52.208806
ED   77,99.00%,Vanessa L. Gibson,(Democratic),0,AD 85,2025-11-06_10:53:52.208806
ED   77,99.00%,Grace Marrero,(Republican),0,AD 85,2025-11-06_10:53:52.208806
ED   77,99.00%,Grace Marrero,(Conservative),0,AD 85,2025-11-06_10:53:52.208806
ED   77,99.00%,Vanessa L. Gibson,(Working Families),0,AD 85,2025-11-06_10:53:52.208806
ED   77,99.00%,WRITE-IN,&nbsp,0,AD 85,2025-11-06_10:53:52.208806
ED   78,99.00%,Vanessa L. Gibson,(Democratic),0,AD 85,2025-11-06_10:53:52.208806
ED   78,99.00%,Grace Marrero,(Republican),0,AD 85,2025-11-06_10:53:52.208806
ED   78,99.00%,Grace Marrero,(Conservative),0,AD 85,2025-11-06_10:53:52.208806
ED   78,99.00%,Vanessa L. Gibson,(Working Families),0,AD 85,2025-11-06_10:53:52.208806
ED   78,99.00%,WRITE-IN,&nbsp,0,AD 85,2025-11-06_10:53:52.208806
ED   79,99.00%,Vanessa L. Gibson,(Democratic),0,AD 85,2025-11-06_10:53:52.208806
ED   79,99.00%,Grace Marrero,(Republican),0,AD 85,2025-11-06_10:53:52.208806
ED   79,99.00%,Grace Marrero,(Conservative),0,AD 85,2025-11-06_10:53:52.208806
ED   79,99.00%,Vanessa L. Gibson,(Working Families),0,AD 85,2025-11-06_10:53:52.208806
ED   79,99.00%,WRITE-IN,&nbsp,0,AD 85,2025-11-06_10:53:52.208806
ED   80,99.00%,Vanessa L. Gibson,(Democratic),0,AD 85,2025-11-06_10:53:52.208806
ED   80,99.00%,Grace Marrero,(Republican),0,AD 85,2025-11-06_10:53:52.208806
ED   80,99.00%,Grace Marrero,(Conservative),0,AD 85,2025-11-06_10:53:52.208806
ED   80,99.00%,Vanessa L. Gibson,(Working Families),0,AD 85,2025-11-06_10:53:52.208806
ED   80,99.00%,WRITE-IN,&nbsp,0,AD 85,2025-11-06_10:53:52.208806
ED   81,99.00%,Vanessa L. Gibson,(Democratic),0,AD 85,2025-11-06_10:53:52.208806
ED   81,99.00%,Grace Marrero,(Republican),0,AD 85,2025-11-06_10:53:52.208806
ED   81,99.00%,Grace Marrero,(Conservative),0,AD 85,2025-11-06_10:53:52.208806
ED   81,99.00%,Vanessa L. Gibson,(Working Families),0,AD 85,2025-11-06_10:53:52.208806
ED   81,99.00%,WRITE-IN,&nbsp,0,AD 85,2025-11-06_10:53:52.208806
Total,,Vanessa L. Gibson,(Democratic),12354,AD 85,2025-11-06_10:53:52.208806
Total,,Grace Marrero,(Republican),1735,AD 85,2025-11-06_10:53:52.208806
Total,,Grace Marrero,(Conservative),315,AD 85,2025-11-06_10:53:52.208806
Total,,Vanessa L. Gibson,(Working Families),1234,AD 85,2025-11-06_10:53:52.208806
Total,,WRITE-IN,&nbsp,28,AD 85,2025-11-06_10:53:52.208806
ED    1,99.00%,Vanessa L. Gibson,(Democratic),158,AD 86,2025-11-06_10:53:52.208806
ED    1,99.00%,Grace Marrero,(Republican),33,AD 86,2025-11-06_10:53:52.208806
ED    1,99.00%,Grace Marrero,(Conservative),3,AD 86,2025-11-06_10:53:52.208806
ED    1,99.00%,Vanessa L. Gibson,(Working Families),14,AD 86,2025-11-06_10:53:52.208806
ED    1,99.00%,WRITE-IN,&nbsp,0,AD 86,2025-11-06_10:53:52.208806
ED    2,99.00%,Vanessa L. Gibson,(Democratic),228,AD 86,2025-11-06_10:53:52.208806
ED    2,99.00%,Grace Marrero,(Republican),29,AD 86,2025-11-06_10:53:52.208806
ED    2,99.00%,Grace Marrero,(Conservative),10,AD 86,2025-11-06_10:53:52.208806
ED    2,99.00%,Vanessa L. Gibson,(Working Families),30,AD 86,2025-11-06_10:53:52.208806
ED    2,99.00%,WRITE-IN,&nbsp,0,AD 86,2025-11-06_10:53:52.208806
ED    3,99.00%,Vanessa L. Gibson,(Democratic),26,AD 86,2025-11-06_10:53:52.208806
ED    3,99.00%,Grace Marrero,(Republican),3,AD 86,2025-11-06_10:53:52.208806
ED    3,99.00%,Grace Marrero,(Conservative),0,AD 86,2025-11-06_10:53:52.208806
ED    3,99.00%,Vanessa L. Gibson,(Working Families),2,AD 86,2025-11-06_10:53:52.208806
ED    3,99.00%,WRITE-IN,&nbsp,0,AD 86,2025-11-06_10:53:52.208806
ED    4,99.00%,Vanessa L. Gibson,(Democratic),194,AD 86,2025-11-06_10:53:52.208806
ED    4,99.00%,Grace Marrero,(Republican),30,AD 86,2025-11-06_10:53:52.208806
ED    4,99.00%,Grace Marrero,(Conservative),5,AD 86,2025-11-06_10:53:52.208806
ED    4,99.00%,Vanessa L. Gibson,(Working Families),21,AD 86,2025-11-06_10:53:52.208806
ED    4,99.00%,WRITE-IN,&nbsp,1,AD 86,2025-11-06_10:53:52.208806
ED    5,99.00%,Vanessa L. Gibson,(Democratic),180,AD 86,2025-11-06_10:53:52.208806
ED    5,99.00%,Grace Marrero,(Republican),19,AD 86,2025-11-06_10:53:52.208806
ED    5,99.00%,Grace Marrero,(Conservative),6,AD 86,2025-11-06_10:53:52.208806
ED    5,99.00%,Vanessa L. Gibson,(Working Families),19,AD 86,2025-11-06_10:53:52.208806
ED    5,99.00%,WRITE-IN,&nbsp,0,AD 86,2025-11-06_10:53:52.208806
ED    6,99.00%,Vanessa L. Gibson,(Democratic),170,AD 86,2025-11-06_10:53:52.208806
ED    6,99.00%,Grace Marrero,(Republican),35,AD 86,2025-11-06_10:53:52.208806
ED    6,99.00%,Grace Marrero,(Conservative),5,AD 86,2025-11-06_10:53:52.208806
ED    6,99.00%,Vanessa L. Gibson,(Working Families),21,AD 86,2025-11-06_10:53:52.208806
ED    6,99.00%,WRITE-IN,&nbsp,1,AD 86,2025-11-06_10:53:52.208806
ED    7,99.00%,Vanessa L. Gibson,(Democratic),241,AD 86,2025-11-06_10:53:52.208806
ED    7,99.00%,Grace Marrero,(Republican),41,AD 86,2025-11-06_10:53:52.208806
ED    7,99.00%,Grace Marrero,(Conservative),5,AD 86,2025-11-06_10:53:52.208806
ED    7,99.00%,Vanessa L. Gibson,(Working Families),24,AD 86,2025-11-06_10:53:52.208806
ED    7,99.00%,WRITE-IN,&nbsp,1,AD 86,2025-11-06_10:53:52.208806
ED    8,99.00%,Vanessa L. Gibson,(Democratic),194,AD 86,2025-11-06_10:53:52.208806
ED    8,99.00%,Grace Marrero,(Republican),29,AD 86,2025-11-06_10:53:52.208806
ED    8,99.00%,Grace Marrero,(Conservative),4,AD 86,2025-11-06_10:53:52.208806
ED    8,99.00%,Vanessa L. Gibson,(Working Families),24,AD 86,2025-11-06_10:53:52.208806
ED    8,99.00%,WRITE-IN,&nbsp,0,AD 86,2025-11-06_10:53:52.208806
ED    9,99.00%,Vanessa L. Gibson,(Democratic),314,AD 86,2025-11-06_10:53:52.208806
ED    9,99.00%,Grace Marrero,(Republican),43,AD 86,2025-11-06_10:53:52.208806
ED    9,99.00%,Grace Marrero,(Conservative),10,AD 86,2025-11-06_10:53:52.208806
ED    9,99.00%,Vanessa L. Gibson,(Working Families),30,AD 86,2025-11-06_10:53:52.208806
ED    9,99.00%,WRITE-IN,&nbsp,0,AD 86,2025-11-06_10:53:52.208806
ED   10,99.00%,Vanessa L. Gibson,(Democratic),261,AD 86,2025-11-06_10:53:52.208806
ED   10,99.00%,Grace Marrero,(Republican),22,AD 86,2025-11-06_10:53:52.208806
ED   10,99.00%,Grace Marrero,(Conservative),5,AD 86,2025-11-06_10:53:52.208806
ED   10,99.00%,Vanessa L. Gibson,(Working Families),21,AD 86,2025-11-06_10:53:52.208806
ED   10,99.00%,WRITE-IN,&nbsp,0,AD 86,2025-11-06_10:53:52.208806
ED   11,99.00%,Vanessa L. Gibson,(Democratic),191,AD 86,2025-11-06_10:53:52.208806
ED   11,99.00%,Grace Marrero,(Republican),26,AD 86,2025-11-06_10:53:52.208806
ED   11,99.00%,Grace Marrero,(Conservative),6,AD 86,2025-11-06_10:53:52.208806
ED   11,99.00%,Vanessa L. Gibson,(Working Families),22,AD 86,2025-11-06_10:53:52.208806
ED   11,99.00%,WRITE-IN,&nbsp,1,AD 86,2025-11-06_10:53:52.208806
ED   12,88.89%,Vanessa L. Gibson,(Democratic),208,AD 86,2025-11-06_10:53:52.208806
ED   12,88.89%,Grace Marrero,(Republican),25,AD 86,2025-11-06_10:53:52.208806
ED   12,88.89%,Grace Marrero,(Conservative),4,AD 86,2025-11-06_10:53:52.208806
ED   12,88.89%,Vanessa L. Gibson,(Working Families),19,AD 86,2025-11-06_10:53:52.208806
ED   12,88.89%,WRITE-IN,&nbsp,0,AD 86,2025-11-06_10:53:52.208806
ED   13,88.89%,Vanessa L. Gibson,(Democratic),217,AD 86,2025-11-06_10:53:52.208806
ED   13,88.89%,Grace Marrero,(Republican),52,AD 86,2025-11-06_10:53:52.208806
ED   13,88.89%,Grace Marrero,(Conservative),8,AD 86,2025-11-06_10:53:52.208806
ED   13,88.89%,Vanessa L. Gibson,(Working Families),24,AD 86,2025-11-06_10:53:52.208806
ED   13,88.89%,WRITE-IN,&nbsp,0,AD 86,2025-11-06_10:53:52.208806
ED   14,88.89%,Vanessa L. Gibson,(Democratic),146,AD 86,2025-11-06_10:53:52.208806
ED   14,88.89%,Grace Marrero,(Republican),30,AD 86,2025-11-06_10:53:52.208806
ED   14,88.89%,Grace Marrero,(Conservative),2,AD 86,2025-11-06_10:53:52.208806
ED   14,88.89%,Vanessa L. Gibson,(Working Families),8,AD 86,2025-11-06_10:53:52.208806
ED   14,88.89%,WRITE-IN,&nbsp,0,AD 86,2025-11-06_10:53:52.208806
ED   15,99.00%,Vanessa L. Gibson,(Democratic),150,AD 86,2025-11-06_10:53:52.208806
ED   15,99.00%,Grace Marrero,(Republican),28,AD 86,2025-11-06_10:53:52.208806
ED   15,99.00%,Grace Marrero,(Conservative),4,AD 86,2025-11-06_10:53:52.208806
ED   15,99.00%,Vanessa L. Gibson,(Working Families),19,AD 86,2025-11-06_10:53:52.208806
ED   15,99.00%,WRITE-IN,&nbsp,0,AD 86,2025-11-06_10:53:52.208806
ED   16,99.00%,Vanessa L. Gibson,(Democratic),257,AD 86,2025-11-06_10:53:52.208806
ED   16,99.00%,Grace Marrero,(Republican),44,AD 86,2025-11-06_10:53:52.208806
ED   16,99.00%,Grace Marrero,(Conservative),7,AD 86,2025-11-06_10:53:52.208806
ED   16,99.00%,Vanessa L. Gibson,(Working Families),27,AD 86,2025-11-06_10:53:52.208806
ED   16,99.00%,WRITE-IN,&nbsp,0,AD 86,2025-11-06_10:53:52.208806
ED   17,88.89%,Vanessa L. Gibson,(Democratic),130,AD 86,2025-11-06_10:53:52.208806
ED   17,88.89%,Grace Marrero,(Republican),9,AD 86,2025-11-06_10:53:52.208806
ED   17,88.89%,Grace Marrero,(Conservative),1,AD 86,2025-11-06_10:53:52.208806
ED   17,88.89%,Vanessa L. Gibson,(Working Families),15,AD 86,2025-11-06_10:53:52.208806
ED   17,88.89%,WRITE-IN,&nbsp,0,AD 86,2025-11-06_10:53:52.208806
ED   18,99.00%,Vanessa L. Gibson,(Democratic),243,AD 86,2025-11-06_10:53:52.208806
ED   18,99.00%,Grace Marrero,(Republican),30,AD 86,2025-11-06_10:53:52.208806
ED   18,99.00%,Grace Marrero,(Conservative),4,AD 86,2025-11-06_10:53:52.208806
ED   18,99.00%,Vanessa L. Gibson,(Working Families),15,AD 86,2025-11-06_10:53:52.208806
ED   18,99.00%,WRITE-IN,&nbsp,0,AD 86,2025-11-06_10:53:52.208806
ED   19,88.89%,Vanessa L. Gibson,(Democratic),150,AD 86,2025-11-06_10:53:52.208806
ED   19,88.89%,Grace Marrero,(Republican),15,AD 86,2025-11-06_10:53:52.208806
ED   19,88.89%,Grace Marrero,(Conservative),3,AD 86,2025-11-06_10:53:52.208806
ED   19,88.89%,Vanessa L. Gibson,(Working Families),17,AD 86,2025-11-06_10:53:52.208806
ED   19,88.89%,WRITE-IN,&nbsp,0,AD 86,2025-11-06_10:53:52.208806
ED   20,99.00%,Vanessa L. Gibson,(Democratic),186,AD 86,2025-11-06_10:53:52.208806
ED   20,99.00%,Grace Marrero,(Republican),25,AD 86,2025-11-06_10:53:52.208806
ED   20,99.00%,Grace Marrero,(Conservative),7,AD 86,2025-11-06_10:53:52.208806
ED   20,99.00%,Vanessa L. Gibson,(Working Families),19,AD 86,2025-11-06_10:53:52.208806
ED   20,99.00%,WRITE-IN,&nbsp,1,AD 86,2025-11-06_10:53:52.208806
ED   21,99.00%,Vanessa L. Gibson,(Democratic),189,AD 86,2025-11-06_10:53:52.208806
ED   21,99.00%,Grace Marrero,(Republican),48,AD 86,2025-11-06_10:53:52.208806
ED   21,99.00%,Grace Marrero,(Conservative),11,AD 86,2025-11-06_10:53:52.208806
ED   21,99.00%,Vanessa L. Gibson,(Working Families),15,AD 86,2025-11-06_10:53:52.208806
ED   21,99.00%,WRITE-IN,&nbsp,0,AD 86,2025-11-06_10:53:52.208806
ED   22,99.00%,Vanessa L. Gibson,(Democratic),169,AD 86,2025-11-06_10:53:52.208806
ED   22,99.00%,Grace Marrero,(Republican),24,AD 86,2025-11-06_10:53:52.208806
ED   22,99.00%,Grace Marrero,(Conservative),8,AD 86,2025-11-06_10:53:52.208806
ED   22,99.00%,Vanessa L. Gibson,(Working Families),16,AD 86,2025-11-06_10:53:52.208806
ED   22,99.00%,WRITE-IN,&nbsp,0,AD 86,2025-11-06_10:53:52.208806
ED   23,99.00%,Vanessa L. Gibson,(Democratic),153,AD 86,2025-11-06_10:53:52.208806
ED   23,99.00%,Grace Marrero,(Republican),27,AD 86,2025-11-06_10:53:52.208806
ED   23,99.00%,Grace Marrero,(Conservative),5,AD 86,2025-11-06_10:53:52.208806
ED   23,99.00%,Vanessa L. Gibson,(Working Families),17,AD 86,2025-11-06_10:53:52.208806
ED   23,99.00%,WRITE-IN,&nbsp,0,AD 86,2025-11-06_10:53:52.208806
ED   24,99.00%,Vanessa L. Gibson,(Democratic),133,AD 86,2025-11-06_10:53:52.208806
ED   24,99.00%,Grace Marrero,(Republican),35,AD 86,2025-11-06_10:53:52.208806
ED   24,99.00%,Grace Marrero,(Conservative),12,AD 86,2025-11-06_10:53:52.208806
ED   24,99.00%,Vanessa L. Gibson,(Working Families),18,AD 86,2025-11-06_10:53:52.208806
ED   24,99.00%,WRITE-IN,&nbsp,0,AD 86,2025-11-06_10:53:52.208806
ED   25,99.00%,Vanessa L. Gibson,(Democratic),147,AD 86,2025-11-06_10:53:52.208806
ED   25,99.00%,Grace Marrero,(Republican),26,AD 86,2025-11-06_10:53:52.208806
ED   25,99.00%,Grace Marrero,(Conservative),7,AD 86,2025-11-06_10:53:52.208806
ED   25,99.00%,Vanessa L. Gibson,(Working Families),23,AD 86,2025-11-06_10:53:52.208806
ED   25,99.00%,WRITE-IN,&nbsp,0,AD 86,2025-11-06_10:53:52.208806
ED   26,90.91%,Vanessa L. Gibson,(Democratic),219,AD 86,2025-11-06_10:53:52.208806
ED   26,90.91%,Grace Marrero,(Republican),30,AD 86,2025-11-06_10:53:52.208806
ED   26,90.91%,Grace Marrero,(Conservative),4,AD 86,2025-11-06_10:53:52.208806
ED   26,90.91%,Vanessa L. Gibson,(Working Families),15,AD 86,2025-11-06_10:53:52.208806
ED   26,90.91%,WRITE-IN,&nbsp,0,AD 86,2025-11-06_10:53:52.208806
ED   27,90.91%,Vanessa L. Gibson,(Democratic),159,AD 86,2025-11-06_10:53:52.208806
ED   27,90.91%,Grace Marrero,(Republican),24,AD 86,2025-11-06_10:53:52.208806
ED   27,90.91%,Grace Marrero,(Conservative),8,AD 86,2025-11-06_10:53:52.208806
ED   27,90.91%,Vanessa L. Gibson,(Working Families),25,AD 86,2025-11-06_10:53:52.208806
ED   27,90.91%,WRITE-IN,&nbsp,1,AD 86,2025-11-06_10:53:52.208806
ED   28,90.91%,Vanessa L. Gibson,(Democratic),178,AD 86,2025-11-06_10:53:52.208806
ED   28,90.91%,Grace Marrero,(Republican),27,AD 86,2025-11-06_10:53:52.208806
ED   28,90.91%,Grace Marrero,(Conservative),8,AD 86,2025-11-06_10:53:52.208806
ED   28,90.91%,Vanessa L. Gibson,(Working Families),19,AD 86,2025-11-06_10:53:52.208806
ED   28,90.91%,WRITE-IN,&nbsp,0,AD 86,2025-11-06_10:53:52.208806
ED   29,90.91%,Vanessa L. Gibson,(Democratic),175,AD 86,2025-11-06_10:53:52.208806
ED   29,90.91%,Grace Marrero,(Republican),25,AD 86,2025-11-06_10:53:52.208806
ED   29,90.91%,Grace Marrero,(Conservative),5,AD 86,2025-11-06_10:53:52.208806
ED   29,90.91%,Vanessa L. Gibson,(Working Families),20,AD 86,2025-11-06_10:53:52.208806
ED   29,90.91%,WRITE-IN,&nbsp,0,AD 86,2025-11-06_10:53:52.208806
ED   30,99.00%,Vanessa L. Gibson,(Democratic),200,AD 86,2025-11-06_10:53:52.208806
ED   30,99.00%,Grace Marrero,(Republican),43,AD 86,2025-11-06_10:53:52.208806
ED   30,99.00%,Grace Marrero,(Conservative),2,AD 86,2025-11-06_10:53:52.208806
ED   30,99.00%,Vanessa L. Gibson,(Working Families),32,AD 86,2025-11-06_10:53:52.208806
ED   30,99.00%,WRITE-IN,&nbsp,0,AD 86,2025-11-06_10:53:52.208806
ED   31,99.00%,Vanessa L. Gibson,(Democratic),259,AD 86,2025-11-06_10:53:52.208806
ED   31,99.00%,Grace Marrero,(Republican),28,AD 86,2025-11-06_10:53:52.208806
ED   31,99.00%,Grace Marrero,(Conservative),10,AD 86,2025-11-06_10:53:52.208806
ED   31,99.00%,Vanessa L. Gibson,(Working Families),33,AD 86,2025-11-06_10:53:52.208806
ED   31,99.00%,WRITE-IN,&nbsp,0,AD 86,2025-11-06_10:53:52.208806
ED   32,99.00%,Vanessa L. Gibson,(Democratic),225,AD 86,2025-11-06_10:53:52.208806
ED   32,99.00%,Grace Marrero,(Republican),20,AD 86,2025-11-06_10:53:52.208806
ED   32,99.00%,Grace Marrero,(Conservative),4,AD 86,2025-11-06_10:53:52.208806
ED   32,99.00%,Vanessa L. Gibson,(Working Families),19,AD 86,2025-11-06_10:53:52.208806
ED   32,99.00%,WRITE-IN,&nbsp,1,AD 86,2025-11-06_10:53:52.208806
ED   33,99.00%,Vanessa L. Gibson,(Democratic),230,AD 86,2025-11-06_10:53:52.208806
ED   33,99.00%,Grace Marrero,(Republican),37,AD 86,2025-11-06_10:53:52.208806
ED   33,99.00%,Grace Marrero,(Conservative),8,AD 86,2025-11-06_10:53:52.208806
ED   33,99.00%,Vanessa L. Gibson,(Working Families),16,AD 86,2025-11-06_10:53:52.208806
ED   33,99.00%,WRITE-IN,&nbsp,0,AD 86,2025-11-06_10:53:52.208806
ED   34,88.89%,Vanessa L. Gibson,(Democratic),141,AD 86,2025-11-06_10:53:52.208806
ED   34,88.89%,Grace Marrero,(Republican),20,AD 86,2025-11-06_10:53:52.208806
ED   34,88.89%,Grace Marrero,(Conservative),7,AD 86,2025-11-06_10:53:52.208806
ED   34,88.89%,Vanessa L. Gibson,(Working Families),22,AD 86,2025-11-06_10:53:52.208806
ED   34,88.89%,WRITE-IN,&nbsp,0,AD 86,2025-11-06_10:53:52.208806
ED   35,99.00%,Vanessa L. Gibson,(Democratic),102,AD 86,2025-11-06_10:53:52.208806
ED   35,99.00%,Grace Marrero,(Republican),11,AD 86,2025-11-06_10:53:52.208806
ED   35,99.00%,Grace Marrero,(Conservative),6,AD 86,2025-11-06_10:53:52.208806
ED   35,99.00%,Vanessa L. Gibson,(Working Families),13,AD 86,2025-11-06_10:53:52.208806
ED   35,99.00%,WRITE-IN,&nbsp,0,AD 86,2025-11-06_10:53:52.208806
ED   36,99.00%,Vanessa L. Gibson,(Democratic),167,AD 86,2025-11-06_10:53:52.208806
ED   36,99.00%,Grace Marrero,(Republican),13,AD 86,2025-11-06_10:53:52.208806
ED   36,99.00%,Grace Marrero,(Conservative),0,AD 86,2025-11-06_10:53:52.208806
ED   36,99.00%,Vanessa L. Gibson,(Working Families),13,AD 86,2025-11-06_10:53:52.208806
ED   36,99.00%,WRITE-IN,&nbsp,0,AD 86,2025-11-06_10:53:52.208806
ED   37,99.00%,Vanessa L. Gibson,(Democratic),242,AD 86,2025-11-06_10:53:52.208806
ED   37,99.00%,Grace Marrero,(Republican),25,AD 86,2025-11-06_10:53:52.208806
ED   37,99.00%,Grace Marrero,(Conservative),5,AD 86,2025-11-06_10:53:52.208806
ED   37,99.00%,Vanessa L. Gibson,(Working Families),23,AD 86,2025-11-06_10:53:52.208806
ED   37,99.00%,WRITE-IN,&nbsp,1,AD 86,2025-11-06_10:53:52.208806
ED   38,99.00%,Vanessa L. Gibson,(Democratic),213,AD 86,2025-11-06_10:53:52.208806
ED   38,99.00%,Grace Marrero,(Republican),26,AD 86,2025-11-06_10:53:52.208806
ED   38,99.00%,Grace Marrero,(Conservative),8,AD 86,2025-11-06_10:53:52.208806
ED   38,99.00%,Vanessa L. Gibson,(Working Families),18,AD 86,2025-11-06_10:53:52.208806
ED   38,99.00%,WRITE-IN,&nbsp,1,AD 86,2025-11-06_10:53:52.208806
ED   39,99.00%,Vanessa L. Gibson,(Democratic),153,AD 86,2025-11-06_10:53:52.208806
ED   39,99.00%,Grace Marrero,(Republican),32,AD 86,2025-11-06_10:53:52.208806
ED   39,99.00%,Grace Marrero,(Conservative),4,AD 86,2025-11-06_10:53:52.208806
ED   39,99.00%,Vanessa L. Gibson,(Working Families),12,AD 86,2025-11-06_10:53:52.208806
ED   39,99.00%,WRITE-IN,&nbsp,1,AD 86,2025-11-06_10:53:52.208806
ED   40,99.00%,Vanessa L. Gibson,(Democratic),152,AD 86,2025-11-06_10:53:52.208806
ED   40,99.00%,Grace Marrero,(Republican),23,AD 86,2025-11-06_10:53:52.208806
ED   40,99.00%,Grace Marrero,(Conservative),5,AD 86,2025-11-06_10:53:52.208806
ED   40,99.00%,Vanessa L. Gibson,(Working Families),20,AD 86,2025-11-06_10:53:52.208806
ED   40,99.00%,WRITE-IN,&nbsp,0,AD 86,2025-11-06_10:53:52.208806
ED   41,99.00%,Vanessa L. Gibson,(Democratic),199,AD 86,2025-11-06_10:53:52.208806
ED   41,99.00%,Grace Marrero,(Republican),31,AD 86,2025-11-06_10:53:52.208806
ED   41,99.00%,Grace Marrero,(Conservative),5,AD 86,2025-11-06_10:53:52.208806
ED   41,99.00%,Vanessa L. Gibson,(Working Families),23,AD 86,2025-11-06_10:53:52.208806
ED   41,99.00%,WRITE-IN,&nbsp,0,AD 86,2025-11-06_10:53:52.208806
ED   42,99.00%,Vanessa L. Gibson,(Democratic),252,AD 86,2025-11-06_10:53:52.208806
ED   42,99.00%,Grace Marrero,(Republican),44,AD 86,2025-11-06_10:53:52.208806
ED   42,99.00%,Grace Marrero,(Conservative),10,AD 86,2025-11-06_10:53:52.208806
ED   42,99.00%,Vanessa L. Gibson,(Working Families),26,AD 86,2025-11-06_10:53:52.208806
ED   42,99.00%,WRITE-IN,&nbsp,0,AD 86,2025-11-06_10:53:52.208806
ED   43,99.00%,Vanessa L. Gibson,(Democratic),179,AD 86,2025-11-06_10:53:52.208806
ED   43,99.00%,Grace Marrero,(Republican),31,AD 86,2025-11-06_10:53:52.208806
ED   43,99.00%,Grace Marrero,(Conservative),2,AD 86,2025-11-06_10:53:52.208806
ED   43,99.00%,Vanessa L. Gibson,(Working Families),22,AD 86,2025-11-06_10:53:52.208806
ED   43,99.00%,WRITE-IN,&nbsp,0,AD 86,2025-11-06_10:53:52.208806
ED   44,99.00%,Vanessa L. Gibson,(Democratic),208,AD 86,2025-11-06_10:53:52.208806
ED   44,99.00%,Grace Marrero,(Republican),36,AD 86,2025-11-06_10:53:52.208806
ED   44,99.00%,Grace Marrero,(Conservative),7,AD 86,2025-11-06_10:53:52.208806
ED   44,99.00%,Vanessa L. Gibson,(Working Families),14,AD 86,2025-11-06_10:53:52.208806
ED   44,99.00%,WRITE-IN,&nbsp,0,AD 86,2025-11-06_10:53:52.208806
ED   45,88.89%,Vanessa L. Gibson,(Democratic),33,AD 86,2025-11-06_10:53:52.208806
ED   45,88.89%,Grace Marrero,(Republican),11,AD 86,2025-11-06_10:53:52.208806
ED   45,88.89%,Grace Marrero,(Conservative),1,AD 86,2025-11-06_10:53:52.208806
ED   45,88.89%,Vanessa L. Gibson,(Working Families),2,AD 86,2025-11-06_10:53:52.208806
ED   45,88.89%,WRITE-IN,&nbsp,0,AD 86,2025-11-06_10:53:52.208806
ED   46,99.00%,Vanessa L. Gibson,(Democratic),192,AD 86,2025-11-06_10:53:52.208806
ED   46,99.00%,Grace Marrero,(Republican),23,AD 86,2025-11-06_10:53:52.208806
ED   46,99.00%,Grace Marrero,(Conservative),2,AD 86,2025-11-06_10:53:52.208806
ED   46,99.00%,Vanessa L. Gibson,(Working Families),19,AD 86,2025-11-06_10:53:52.208806
ED   46,99.00%,WRITE-IN,&nbsp,0,AD 86,2025-11-06_10:53:52.208806
ED   47,99.00%,Vanessa L. Gibson,(Democratic),182,AD 86,2025-11-06_10:53:52.208806
ED   47,99.00%,Grace Marrero,(Republican),34,AD 86,2025-11-06_10:53:52.208806
ED   47,99.00%,Grace Marrero,(Conservative),8,AD 86,2025-11-06_10:53:52.208806
ED   47,99.00%,Vanessa L. Gibson,(Working Families),21,AD 86,2025-11-06_10:53:52.208806
ED   47,99.00%,WRITE-IN,&nbsp,1,AD 86,2025-11-06_10:53:52.208806
ED   48,99.00%,Vanessa L. Gibson,(Democratic),162,AD 86,2025-11-06_10:53:52.208806
ED   48,99.00%,Grace Marrero,(Republican),33,AD 86,2025-11-06_10:53:52.208806
ED   48,99.00%,Grace Marrero,(Conservative),5,AD 86,2025-11-06_10:53:52.208806
ED   48,99.00%,Vanessa L. Gibson,(Working Families),14,AD 86,2025-11-06_10:53:52.208806
ED   48,99.00%,WRITE-IN,&nbsp,1,AD 86,2025-11-06_10:53:52.208806
ED   49,99.00%,Vanessa L. Gibson,(Democratic),303,AD 86,2025-11-06_10:53:52.208806
ED   49,99.00%,Grace Marrero,(Republican),28,AD 86,2025-11-06_10:53:52.208806
ED   49,99.00%,Grace Marrero,(Conservative),6,AD 86,2025-11-06_10:53:52.208806
ED   49,99.00%,Vanessa L. Gibson,(Working Families),30,AD 86,2025-11-06_10:53:52.208806
ED   49,99.00%,WRITE-IN,&nbsp,1,AD 86,2025-11-06_10:53:52.208806
ED   50,99.00%,Vanessa L. Gibson,(Democratic),240,AD 86,2025-11-06_10:53:52.208806
ED   50,99.00%,Grace Marrero,(Republican),43,AD 86,2025-11-06_10:53:52.208806
ED   50,99.00%,Grace Marrero,(Conservative),2,AD 86,2025-11-06_10:53:52.208806
ED   50,99.00%,Vanessa L. Gibson,(Working Families),39,AD 86,2025-11-06_10:53:52.208806
ED   50,99.00%,WRITE-IN,&nbsp,1,AD 86,2025-11-06_10:53:52.208806
ED   51,88.89%,Vanessa L. Gibson,(Democratic),0,AD 86,2025-11-06_10:53:52.208806
ED   51,88.89%,Grace Marrero,(Republican),0,AD 86,2025-11-06_10:53:52.208806
ED   51,88.89%,Grace Marrero,(Conservative),0,AD 86,2025-11-06_10:53:52.208806
ED   51,88.89%,Vanessa L. Gibson,(Working Families),0,AD 86,2025-11-06_10:53:52.208806
ED   51,88.89%,WRITE-IN,&nbsp,0,AD 86,2025-11-06_10:53:52.208806
ED   52,99.00%,Vanessa L. Gibson,(Democratic),0,AD 86,2025-11-06_10:53:52.208806
ED   52,99.00%,Grace Marrero,(Republican),0,AD 86,2025-11-06_10:53:52.208806
ED   52,99.00%,Grace Marrero,(Conservative),0,AD 86,2025-11-06_10:53:52.208806
ED   52,99.00%,Vanessa L. Gibson,(Working Families),0,AD 86,2025-11-06_10:53:52.208806
ED   52,99.00%,WRITE-IN,&nbsp,0,AD 86,2025-11-06_10:53:52.208806
Total,,Vanessa L. Gibson,(Democratic),9400,AD 86,2025-11-06_10:53:52.208806
Total,,Grace Marrero,(Republican),1426,AD 86,2025-11-06_10:53:52.208806
Total,,Grace Marrero,(Conservative),274,AD 86,2025-11-06_10:53:52.208806
Total,,Vanessa L. Gibson,(Working Families),990,AD 86,2025-11-06_10:53:52.208806
Total,,WRITE-IN,&nbsp,14,AD 86,2025-11-06_10:53:52.208806
ED    1,99.00%,Vanessa L. Gibson,(Democratic),205,AD 87,2025-11-06_10:53:52.208806
ED    1,99.00%,Grace Marrero,(Republican),27,AD 87,2025-11-06_10:53:52.208806
ED    1,99.00%,Grace Marrero,(Conservative),6,AD 87,2025-11-06_10:53:52.208806
ED    1,99.00%,Vanessa L. Gibson,(Working Families),21,AD 87,2025-11-06_10:53:52.208806
ED    1,99.00%,WRITE-IN,&nbsp,0,AD 87,2025-11-06_10:53:52.208806
ED    2,99.00%,Vanessa L. Gibson,(Democratic),193,AD 87,2025-11-06_10:53:52.208806
ED    2,99.00%,Grace Marrero,(Republican),22,AD 87,2025-11-06_10:53:52.208806
ED    2,99.00%,Grace Marrero,(Conservative),7,AD 87,2025-11-06_10:53:52.208806
ED    2,99.00%,Vanessa L. Gibson,(Working Families),19,AD 87,2025-11-06_10:53:52.208806
ED    2,99.00%,WRITE-IN,&nbsp,0,AD 87,2025-11-06_10:53:52.208806
ED    3,99.00%,Vanessa L. Gibson,(Democratic),144,AD 87,2025-11-06_10:53:52.208806
ED    3,99.00%,Grace Marrero,(Republican),26,AD 87,2025-11-06_10:53:52.208806
ED    3,99.00%,Grace Marrero,(Conservative),5,AD 87,2025-11-06_10:53:52.208806
ED    3,99.00%,Vanessa L. Gibson,(Working Families),20,AD 87,2025-11-06_10:53:52.208806
ED    3,99.00%,WRITE-IN,&nbsp,2,AD 87,2025-11-06_10:53:52.208806
ED    4,99.00%,Vanessa L. Gibson,(Democratic),211,AD 87,2025-11-06_10:53:52.208806
ED    4,99.00%,Grace Marrero,(Republican),37,AD 87,2025-11-06_10:53:52.208806
ED    4,99.00%,Grace Marrero,(Conservative),8,AD 87,2025-11-06_10:53:52.208806
ED    4,99.00%,Vanessa L. Gibson,(Working Families),23,AD 87,2025-11-06_10:53:52.208806
ED    4,99.00%,WRITE-IN,&nbsp,1,AD 87,2025-11-06_10:53:52.208806
ED    5,85.71%,Vanessa L. Gibson,(Democratic),237,AD 87,2025-11-06_10:53:52.208806
ED    5,85.71%,Grace Marrero,(Republican),39,AD 87,2025-11-06_10:53:52.208806
ED    5,85.71%,Grace Marrero,(Conservative),11,AD 87,2025-11-06_10:53:52.208806
ED    5,85.71%,Vanessa L. Gibson,(Working Families),23,AD 87,2025-11-06_10:53:52.208806
ED    5,85.71%,WRITE-IN,&nbsp,0,AD 87,2025-11-06_10:53:52.208806
ED    6,99.00%,Vanessa L. Gibson,(Democratic),195,AD 87,2025-11-06_10:53:52.208806
ED    6,99.00%,Grace Marrero,(Republican),25,AD 87,2025-11-06_10:53:52.208806
ED    6,99.00%,Grace Marrero,(Conservative),7,AD 87,2025-11-06_10:53:52.208806
ED    6,99.00%,Vanessa L. Gibson,(Working Families),20,AD 87,2025-11-06_10:53:52.208806
ED    6,99.00%,WRITE-IN,&nbsp,0,AD 87,2025-11-06_10:53:52.208806
ED    7,99.00%,Vanessa L. Gibson,(Democratic),237,AD 87,2025-11-06_10:53:52.208806
ED    7,99.00%,Grace Marrero,(Republican),32,AD 87,2025-11-06_10:53:52.208806
ED    7,99.00%,Grace Marrero,(Conservative),4,AD 87,2025-11-06_10:53:52.208806
ED    7,99.00%,Vanessa L. Gibson,(Working Families),27,AD 87,2025-11-06_10:53:52.208806
ED    7,99.00%,WRITE-IN,&nbsp,0,AD 87,2025-11-06_10:53:52.208806
ED    8,99.00%,Vanessa L. Gibson,(Democratic),202,AD 87,2025-11-06_10:53:52.208806
ED    8,99.00%,Grace Marrero,(Republican),33,AD 87,2025-11-06_10:53:52.208806
ED    8,99.00%,Grace Marrero,(Conservative),4,AD 87,2025-11-06_10:53:52.208806
ED    8,99.00%,Vanessa L. Gibson,(Working Families),23,AD 87,2025-11-06_10:53:52.208806
ED    8,99.00%,WRITE-IN,&nbsp,1,AD 87,2025-11-06_10:53:52.208806
ED    9,99.00%,Vanessa L. Gibson,(Democratic),316,AD 87,2025-11-06_10:53:52.208806
ED    9,99.00%,Grace Marrero,(Republican),46,AD 87,2025-11-06_10:53:52.208806
ED    9,99.00%,Grace Marrero,(Conservative),10,AD 87,2025-11-06_10:53:52.208806
ED    9,99.00%,Vanessa L. Gibson,(Working Families),17,AD 87,2025-11-06_10:53:52.208806
ED    9,99.00%,WRITE-IN,&nbsp,0,AD 87,2025-11-06_10:53:52.208806
ED   10,99.00%,Vanessa L. Gibson,(Democratic),202,AD 87,2025-11-06_10:53:52.208806
ED   10,99.00%,Grace Marrero,(Republican),43,AD 87,2025-11-06_10:53:52.208806
ED   10,99.00%,Grace Marrero,(Conservative),9,AD 87,2025-11-06_10:53:52.208806
ED   10,99.00%,Vanessa L. Gibson,(Working Families),14,AD 87,2025-11-06_10:53:52.208806
ED   10,99.00%,WRITE-IN,&nbsp,0,AD 87,2025-11-06_10:53:52.208806
ED   11,99.00%,Vanessa L. Gibson,(Democratic),247,AD 87,2025-11-06_10:53:52.208806
ED   11,99.00%,Grace Marrero,(Republican),43,AD 87,2025-11-06_10:53:52.208806
ED   11,99.00%,Grace Marrero,(Conservative),4,AD 87,2025-11-06_10:53:52.208806
ED   11,99.00%,Vanessa L. Gibson,(Working Families),22,AD 87,2025-11-06_10:53:52.208806
ED   11,99.00%,WRITE-IN,&nbsp,3,AD 87,2025-11-06_10:53:52.208806
ED   12,99.00%,Vanessa L. Gibson,(Democratic),233,AD 87,2025-11-06_10:53:52.208806
ED   12,99.00%,Grace Marrero,(Republican),53,AD 87,2025-11-06_10:53:52.208806
ED   12,99.00%,Grace Marrero,(Conservative),7,AD 87,2025-11-06_10:53:52.208806
ED   12,99.00%,Vanessa L. Gibson,(Working Families),32,AD 87,2025-11-06_10:53:52.208806
ED   12,99.00%,WRITE-IN,&nbsp,1,AD 87,2025-11-06_10:53:52.208806
ED   13,99.00%,Vanessa L. Gibson,(Democratic),293,AD 87,2025-11-06_10:53:52.208806
ED   13,99.00%,Grace Marrero,(Republican),24,AD 87,2025-11-06_10:53:52.208806
ED   13,99.00%,Grace Marrero,(Conservative),6,AD 87,2025-11-06_10:53:52.208806
ED   13,99.00%,Vanessa L. Gibson,(Working Families),24,AD 87,2025-11-06_10:53:52.208806
ED   13,99.00%,WRITE-IN,&nbsp,1,AD 87,2025-11-06_10:53:52.208806
ED   14,99.00%,Vanessa L. Gibson,(Democratic),371,AD 87,2025-11-06_10:53:52.208806
ED   14,99.00%,Grace Marrero,(Republican),50,AD 87,2025-11-06_10:53:52.208806
ED   14,99.00%,Grace Marrero,(Conservative),3,AD 87,2025-11-06_10:53:52.208806
ED   14,99.00%,Vanessa L. Gibson,(Working Families),39,AD 87,2025-11-06_10:53:52.208806
ED   14,99.00%,WRITE-IN,&nbsp,1,AD 87,2025-11-06_10:53:52.208806
ED   15,99.00%,Vanessa L. Gibson,(Democratic),412,AD 87,2025-11-06_10:53:52.208806
ED   15,99.00%,Grace Marrero,(Republican),29,AD 87,2025-11-06_10:53:52.208806
ED   15,99.00%,Grace Marrero,(Conservative),8,AD 87,2025-11-06_10:53:52.208806
ED   15,99.00%,Vanessa L. Gibson,(Working Families),31,AD 87,2025-11-06_10:53:52.208806
ED   15,99.00%,WRITE-IN,&nbsp,1,AD 87,2025-11-06_10:53:52.208806
ED   16,99.00%,Vanessa L. Gibson,(Democratic),361,AD 87,2025-11-06_10:53:52.208806
ED   16,99.00%,Grace Marrero,(Republican),46,AD 87,2025-11-06_10:53:52.208806
ED   16,99.00%,Grace Marrero,(Conservative),6,AD 87,2025-11-06_10:53:52.208806
ED   16,99.00%,Vanessa L. Gibson,(Working Families),34,AD 87,2025-11-06_10:53:52.208806
ED   16,99.00%,WRITE-IN,&nbsp,1,AD 87,2025-11-06_10:53:52.208806
ED   17,99.00%,Vanessa L. Gibson,(Democratic),296,AD 87,2025-11-06_10:53:52.208806
ED   17,99.00%,Grace Marrero,(Republican),27,AD 87,2025-11-06_10:53:52.208806
ED   17,99.00%,Grace Marrero,(Conservative),4,AD 87,2025-11-06_10:53:52.208806
ED   17,99.00%,Vanessa L. Gibson,(Working Families),35,AD 87,2025-11-06_10:53:52.208806
ED   17,99.00%,WRITE-IN,&nbsp,2,AD 87,2025-11-06_10:53:52.208806
ED   18,99.00%,Vanessa L. Gibson,(Democratic),402,AD 87,2025-11-06_10:53:52.208806
ED   18,99.00%,Grace Marrero,(Republican),45,AD 87,2025-11-06_10:53:52.208806
ED   18,99.00%,Grace Marrero,(Conservative),6,AD 87,2025-11-06_10:53:52.208806
ED   18,99.00%,Vanessa L. Gibson,(Working Families),41,AD 87,2025-11-06_10:53:52.208806
ED   18,99.00%,WRITE-IN,&nbsp,2,AD 87,2025-11-06_10:53:52.208806
ED   19,99.00%,Vanessa L. Gibson,(Democratic),378,AD 87,2025-11-06_10:53:52.208806
ED   19,99.00%,Grace Marrero,(Republican),48,AD 87,2025-11-06_10:53:52.208806
ED   19,99.00%,Grace Marrero,(Conservative),8,AD 87,2025-11-06_10:53:52.208806
ED   19,99.00%,Vanessa L. Gibson,(Working Families),32,AD 87,2025-11-06_10:53:52.208806
ED   19,99.00%,WRITE-IN,&nbsp,0,AD 87,2025-11-06_10:53:52.208806
ED   20,99.00%,Vanessa L. Gibson,(Democratic),362,AD 87,2025-11-06_10:53:52.208806
ED   20,99.00%,Grace Marrero,(Republican),24,AD 87,2025-11-06_10:53:52.208806
ED   20,99.00%,Grace Marrero,(Conservative),5,AD 87,2025-11-06_10:53:52.208806
ED   20,99.00%,Vanessa L. Gibson,(Working Families),26,AD 87,2025-11-06_10:53:52.208806
ED   20,99.00%,WRITE-IN,&nbsp,0,AD 87,2025-11-06_10:53:52.208806
ED   21,99.00%,Vanessa L. Gibson,(Democratic),367,AD 87,2025-11-06_10:53:52.208806
ED   21,99.00%,Grace Marrero,(Republican),37,AD 87,2025-11-06_10:53:52.208806
ED   21,99.00%,Grace Marrero,(Conservative),8,AD 87,2025-11-06_10:53:52.208806
ED   21,99.00%,Vanessa L. Gibson,(Working Families),34,AD 87,2025-11-06_10:53:52.208806
ED   21,99.00%,WRITE-IN,&nbsp,1,AD 87,2025-11-06_10:53:52.208806
ED   22,99.00%,Vanessa L. Gibson,(Democratic),385,AD 87,2025-11-06_10:53:52.208806
ED   22,99.00%,Grace Marrero,(Republican),41,AD 87,2025-11-06_10:53:52.208806
ED   22,99.00%,Grace Marrero,(Conservative),5,AD 87,2025-11-06_10:53:52.208806
ED   22,99.00%,Vanessa L. Gibson,(Working Families),46,AD 87,2025-11-06_10:53:52.208806
ED   22,99.00%,WRITE-IN,&nbsp,1,AD 87,2025-11-06_10:53:52.208806
ED   23,99.00%,Vanessa L. Gibson,(Democratic),552,AD 87,2025-11-06_10:53:52.208806
ED   23,99.00%,Grace Marrero,(Republican),40,AD 87,2025-11-06_10:53:52.208806
ED   23,99.00%,Grace Marrero,(Conservative),5,AD 87,2025-11-06_10:53:52.208806
ED   23,99.00%,Vanessa L. Gibson,(Working Families),45,AD 87,2025-11-06_10:53:52.208806
ED   23,99.00%,WRITE-IN,&nbsp,2,AD 87,2025-11-06_10:53:52.208806
ED   24,99.00%,Vanessa L. Gibson,(Democratic),451,AD 87,2025-11-06_10:53:52.208806
ED   24,99.00%,Grace Marrero,(Republican),50,AD 87,2025-11-06_10:53:52.208806
ED   24,99.00%,Grace Marrero,(Conservative),6,AD 87,2025-11-06_10:53:52.208806
ED   24,99.00%,Vanessa L. Gibson,(Working Families),60,AD 87,2025-11-06_10:53:52.208806
ED   24,99.00%,WRITE-IN,&nbsp,1,AD 87,2025-11-06_10:53:52.208806
ED   25,99.00%,Vanessa L. Gibson,(Democratic),462,AD 87,2025-11-06_10:53:52.208806
ED   25,99.00%,Grace Marrero,(Republican),52,AD 87,2025-11-06_10:53:52.208806
ED   25,99.00%,Grace Marrero,(Conservative),9,AD 87,2025-11-06_10:53:52.208806
ED   25,99.00%,Vanessa L. Gibson,(Working Families),40,AD 87,2025-11-06_10:53:52.208806
ED   25,99.00%,WRITE-IN,&nbsp,1,AD 87,2025-11-06_10:53:52.208806
ED   26,99.00%,Vanessa L. Gibson,(Democratic),431,AD 87,2025-11-06_10:53:52.208806
ED   26,99.00%,Grace Marrero,(Republican),58,AD 87,2025-11-06_10:53:52.208806
ED   26,99.00%,Grace Marrero,(Conservative),10,AD 87,2025-11-06_10:53:52.208806
ED   26,99.00%,Vanessa L. Gibson,(Working Families),41,AD 87,2025-11-06_10:53:52.208806
ED   26,99.00%,WRITE-IN,&nbsp,1,AD 87,2025-11-06_10:53:52.208806
ED   27,99.00%,Vanessa L. Gibson,(Democratic),382,AD 87,2025-11-06_10:53:52.208806
ED   27,99.00%,Grace Marrero,(Republican),44,AD 87,2025-11-06_10:53:52.208806
ED   27,99.00%,Grace Marrero,(Conservative),10,AD 87,2025-11-06_10:53:52.208806
ED   27,99.00%,Vanessa L. Gibson,(Working Families),41,AD 87,2025-11-06_10:53:52.208806
ED   27,99.00%,WRITE-IN,&nbsp,2,AD 87,2025-11-06_10:53:52.208806
ED   28,99.00%,Vanessa L. Gibson,(Democratic),294,AD 87,2025-11-06_10:53:52.208806
ED   28,99.00%,Grace Marrero,(Republican),60,AD 87,2025-11-06_10:53:52.208806
ED   28,99.00%,Grace Marrero,(Conservative),17,AD 87,2025-11-06_10:53:52.208806
ED   28,99.00%,Vanessa L. Gibson,(Working Families),32,AD 87,2025-11-06_10:53:52.208806
ED   28,99.00%,WRITE-IN,&nbsp,3,AD 87,2025-11-06_10:53:52.208806
ED   29,99.00%,Vanessa L. Gibson,(Democratic),339,AD 87,2025-11-06_10:53:52.208806
ED   29,99.00%,Grace Marrero,(Republican),56,AD 87,2025-11-06_10:53:52.208806
ED   29,99.00%,Grace Marrero,(Conservative),4,AD 87,2025-11-06_10:53:52.208806
ED   29,99.00%,Vanessa L. Gibson,(Working Families),26,AD 87,2025-11-06_10:53:52.208806
ED   29,99.00%,WRITE-IN,&nbsp,0,AD 87,2025-11-06_10:53:52.208806
ED   30,99.00%,Vanessa L. Gibson,(Democratic),310,AD 87,2025-11-06_10:53:52.208806
ED   30,99.00%,Grace Marrero,(Republican),48,AD 87,2025-11-06_10:53:52.208806
ED   30,99.00%,Grace Marrero,(Conservative),6,AD 87,2025-11-06_10:53:52.208806
ED   30,99.00%,Vanessa L. Gibson,(Working Families),33,AD 87,2025-11-06_10:53:52.208806
ED   30,99.00%,WRITE-IN,&nbsp,0,AD 87,2025-11-06_10:53:52.208806
ED   31,99.00%,Vanessa L. Gibson,(Democratic),330,AD 87,2025-11-06_10:53:52.208806
ED   31,99.00%,Grace Marrero,(Republican),73,AD 87,2025-11-06_10:53:52.208806
ED   31,99.00%,Grace Marrero,(Conservative),7,AD 87,2025-11-06_10:53:52.208806
ED   31,99.00%,Vanessa L. Gibson,(Working Families),26,AD 87,2025-11-06_10:53:52.208806
ED   31,99.00%,WRITE-IN,&nbsp,0,AD 87,2025-11-06_10:53:52.208806
ED   32,99.00%,Vanessa L. Gibson,(Democratic),255,AD 87,2025-11-06_10:53:52.208806
ED   32,99.00%,Grace Marrero,(Republican),52,AD 87,2025-11-06_10:53:52.208806
ED   32,99.00%,Grace Marrero,(Conservative),10,AD 87,2025-11-06_10:53:52.208806
ED   32,99.00%,Vanessa L. Gibson,(Working Families),41,AD 87,2025-11-06_10:53:52.208806
ED   32,99.00%,WRITE-IN,&nbsp,2,AD 87,2025-11-06_10:53:52.208806
ED   33,99.00%,Vanessa L. Gibson,(Democratic),7,AD 87,2025-11-06_10:53:52.208806
ED   33,99.00%,Grace Marrero,(Republican),4,AD 87,2025-11-06_10:53:52.208806
ED   33,99.00%,Grace Marrero,(Conservative),0,AD 87,2025-11-06_10:53:52.208806
ED   33,99.00%,Vanessa L. Gibson,(Working Families),3,AD 87,2025-11-06_10:53:52.208806
ED   33,99.00%,WRITE-IN,&nbsp,0,AD 87,2025-11-06_10:53:52.208806
ED   34,85.71%,Vanessa L. Gibson,(Democratic),283,AD 87,2025-11-06_10:53:52.208806
ED   34,85.71%,Grace Marrero,(Republican),29,AD 87,2025-11-06_10:53:52.208806
ED   34,85.71%,Grace Marrero,(Conservative),6,AD 87,2025-11-06_10:53:52.208806
ED   34,85.71%,Vanessa L. Gibson,(Working Families),32,AD 87,2025-11-06_10:53:52.208806
ED   34,85.71%,WRITE-IN,&nbsp,0,AD 87,2025-11-06_10:53:52.208806
ED   35,99.00%,Vanessa L. Gibson,(Democratic),243,AD 87,2025-11-06_10:53:52.208806
ED   35,99.00%,Grace Marrero,(Republican),40,AD 87,2025-11-06_10:53:52.208806
ED   35,99.00%,Grace Marrero,(Conservative),15,AD 87,2025-11-06_10:53:52.208806
ED   35,99.00%,Vanessa L. Gibson,(Working Families),25,AD 87,2025-11-06_10:53:52.208806
ED   35,99.00%,WRITE-IN,&nbsp,1,AD 87,2025-11-06_10:53:52.208806
ED   36,99.00%,Vanessa L. Gibson,(Democratic),29,AD 87,2025-11-06_10:53:52.208806
ED   36,99.00%,Grace Marrero,(Republican),3,AD 87,2025-11-06_10:53:52.208806
ED   36,99.00%,Grace Marrero,(Conservative),1,AD 87,2025-11-06_10:53:52.208806
ED   36,99.00%,Vanessa L. Gibson,(Working Families),0,AD 87,2025-11-06_10:53:52.208806
ED   36,99.00%,WRITE-IN,&nbsp,0,AD 87,2025-11-06_10:53:52.208806
ED   37,99.00%,Vanessa L. Gibson,(Democratic),265,AD 87,2025-11-06_10:53:52.208806
ED   37,99.00%,Grace Marrero,(Republican),49,AD 87,2025-11-06_10:53:52.208806
ED   37,99.00%,Grace Marrero,(Conservative),7,AD 87,2025-11-06_10:53:52.208806
ED   37,99.00%,Vanessa L. Gibson,(Working Families),20,AD 87,2025-11-06_10:53:52.208806
ED   37,99.00%,WRITE-IN,&nbsp,1,AD 87,2025-11-06_10:53:52.208806
ED   38,99.00%,Vanessa L. Gibson,(Democratic),283,AD 87,2025-11-06_10:53:52.208806
ED   38,99.00%,Grace Marrero,(Republican),40,AD 87,2025-11-06_10:53:52.208806
ED   38,99.00%,Grace Marrero,(Conservative),14,AD 87,2025-11-06_10:53:52.208806
ED   38,99.00%,Vanessa L. Gibson,(Working Families),27,AD 87,2025-11-06_10:53:52.208806
ED   38,99.00%,WRITE-IN,&nbsp,1,AD 87,2025-11-06_10:53:52.208806
ED   39,99.00%,Vanessa L. Gibson,(Democratic),368,AD 87,2025-11-06_10:53:52.208806
ED   39,99.00%,Grace Marrero,(Republican),41,AD 87,2025-11-06_10:53:52.208806
ED   39,99.00%,Grace Marrero,(Conservative),4,AD 87,2025-11-06_10:53:52.208806
ED   39,99.00%,Vanessa L. Gibson,(Working Families),34,AD 87,2025-11-06_10:53:52.208806
ED   39,99.00%,WRITE-IN,&nbsp,2,AD 87,2025-11-06_10:53:52.208806
ED   40,99.00%,Vanessa L. Gibson,(Democratic),306,AD 87,2025-11-06_10:53:52.208806
ED   40,99.00%,Grace Marrero,(Republican),28,AD 87,2025-11-06_10:53:52.208806
ED   40,99.00%,Grace Marrero,(Conservative),6,AD 87,2025-11-06_10:53:52.208806
ED   40,99.00%,Vanessa L. Gibson,(Working Families),20,AD 87,2025-11-06_10:53:52.208806
ED   40,99.00%,WRITE-IN,&nbsp,3,AD 87,2025-11-06_10:53:52.208806
ED   41,99.00%,Vanessa L. Gibson,(Democratic),266,AD 87,2025-11-06_10:53:52.208806
ED   41,99.00%,Grace Marrero,(Republican),59,AD 87,2025-11-06_10:53:52.208806
ED   41,99.00%,Grace Marrero,(Conservative),6,AD 87,2025-11-06_10:53:52.208806
ED   41,99.00%,Vanessa L. Gibson,(Working Families),27,AD 87,2025-11-06_10:53:52.208806
ED   41,99.00%,WRITE-IN,&nbsp,3,AD 87,2025-11-06_10:53:52.208806
ED   42,99.00%,Vanessa L. Gibson,(Democratic),353,AD 87,2025-11-06_10:53:52.208806
ED   42,99.00%,Grace Marrero,(Republican),38,AD 87,2025-11-06_10:53:52.208806
ED   42,99.00%,Grace Marrero,(Conservative),7,AD 87,2025-11-06_10:53:52.208806
ED   42,99.00%,Vanessa L. Gibson,(Working Families),35,AD 87,2025-11-06_10:53:52.208806
ED   42,99.00%,WRITE-IN,&nbsp,1,AD 87,2025-11-06_10:53:52.208806
ED   43,99.00%,Vanessa L. Gibson,(Democratic),346,AD 87,2025-11-06_10:53:52.208806
ED   43,99.00%,Grace Marrero,(Republican),59,AD 87,2025-11-06_10:53:52.208806
ED   43,99.00%,Grace Marrero,(Conservative),8,AD 87,2025-11-06_10:53:52.208806
ED   43,99.00%,Vanessa L. Gibson,(Working Families),37,AD 87,2025-11-06_10:53:52.208806
ED   43,99.00%,WRITE-IN,&nbsp,5,AD 87,2025-11-06_10:53:52.208806
ED   44,99.00%,Vanessa L. Gibson,(Democratic),270,AD 87,2025-11-06_10:53:52.208806
ED   44,99.00%,Grace Marrero,(Republican),44,AD 87,2025-11-06_10:53:52.208806
ED   44,99.00%,Grace Marrero,(Conservative),10,AD 87,2025-11-06_10:53:52.208806
ED   44,99.00%,Vanessa L. Gibson,(Working Families),34,AD 87,2025-11-06_10:53:52.208806
ED   44,99.00%,WRITE-IN,&nbsp,0,AD 87,2025-11-06_10:53:52.208806
ED   45,99.00%,Vanessa L. Gibson,(Democratic),318,AD 87,2025-11-06_10:53:52.208806
ED   45,99.00%,Grace Marrero,(Republican),46,AD 87,2025-11-06_10:53:52.208806
ED   45,99.00%,Grace Marrero,(Conservative),9,AD 87,2025-11-06_10:53:52.208806
ED   45,99.00%,Vanessa L. Gibson,(Working Families),24,AD 87,2025-11-06_10:53:52.208806
ED   45,99.00%,WRITE-IN,&nbsp,0,AD 87,2025-11-06_10:53:52.208806
ED   46,99.00%,Vanessa L. Gibson,(Democratic),296,AD 87,2025-11-06_10:53:52.208806
ED   46,99.00%,Grace Marrero,(Republican),33,AD 87,2025-11-06_10:53:52.208806
ED   46,99.00%,Grace Marrero,(Conservative),9,AD 87,2025-11-06_10:53:52.208806
ED   46,99.00%,Vanessa L. Gibson,(Working Families),22,AD 87,2025-11-06_10:53:52.208806
ED   46,99.00%,WRITE-IN,&nbsp,0,AD 87,2025-11-06_10:53:52.208806
ED   47,99.00%,Vanessa L. Gibson,(Democratic),282,AD 87,2025-11-06_10:53:52.208806
ED   47,99.00%,Grace Marrero,(Republican),85,AD 87,2025-11-06_10:53:52.208806
ED   47,99.00%,Grace Marrero,(Conservative),8,AD 87,2025-11-06_10:53:52.208806
ED   47,99.00%,Vanessa L. Gibson,(Working Families),36,AD 87,2025-11-06_10:53:52.208806
ED   47,99.00%,WRITE-IN,&nbsp,3,AD 87,2025-11-06_10:53:52.208806
ED   48,99.00%,Vanessa L. Gibson,(Democratic),313,AD 87,2025-11-06_10:53:52.208806
ED   48,99.00%,Grace Marrero,(Republican),75,AD 87,2025-11-06_10:53:52.208806
ED   48,99.00%,Grace Marrero,(Conservative),6,AD 87,2025-11-06_10:53:52.208806
ED   48,99.00%,Vanessa L. Gibson,(Working Families),41,AD 87,2025-11-06_10:53:52.208806
ED   48,99.00%,WRITE-IN,&nbsp,0,AD 87,2025-11-06_10:53:52.208806
ED   49,99.00%,Vanessa L. Gibson,(Democratic),355,AD 87,2025-11-06_10:53:52.208806
ED   49,99.00%,Grace Marrero,(Republican),43,AD 87,2025-11-06_10:53:52.208806
ED   49,99.00%,Grace Marrero,(Conservative),9,AD 87,2025-11-06_10:53:52.208806
ED   49,99.00%,Vanessa L. Gibson,(Working Families),18,AD 87,2025-11-06_10:53:52.208806
ED   49,99.00%,WRITE-IN,&nbsp,1,AD 87,2025-11-06_10:53:52.208806
ED   50,99.00%,Vanessa L. Gibson,(Democratic),164,AD 87,2025-11-06_10:53:52.208806
ED   50,99.00%,Grace Marrero,(Republican),15,AD 87,2025-11-06_10:53:52.208806
ED   50,99.00%,Grace Marrero,(Conservative),5,AD 87,2025-11-06_10:53:52.208806
ED   50,99.00%,Vanessa L. Gibson,(Working Families),11,AD 87,2025-11-06_10:53:52.208806
ED   50,99.00%,WRITE-IN,&nbsp,0,AD 87,2025-11-06_10:53:52.208806
ED   51,99.00%,Vanessa L. Gibson,(Democratic),187,AD 87,2025-11-06_10:53:52.208806
ED   51,99.00%,Grace Marrero,(Republican),39,AD 87,2025-11-06_10:53:52.208806
ED   51,99.00%,Grace Marrero,(Conservative),8,AD 87,2025-11-06_10:53:52.208806
ED   51,99.00%,Vanessa L. Gibson,(Working Families),27,AD 87,2025-11-06_10:53:52.208806
ED   51,99.00%,WRITE-IN,&nbsp,1,AD 87,2025-11-06_10:53:52.208806
ED   52,99.00%,Vanessa L. Gibson,(Democratic),157,AD 87,2025-11-06_10:53:52.208806
ED   52,99.00%,Grace Marrero,(Republican),8,AD 87,2025-11-06_10:53:52.208806
ED   52,99.00%,Grace Marrero,(Conservative),2,AD 87,2025-11-06_10:53:52.208806
ED   52,99.00%,Vanessa L. Gibson,(Working Families),19,AD 87,2025-11-06_10:53:52.208806
ED   52,99.00%,WRITE-IN,&nbsp,0,AD 87,2025-11-06_10:53:52.208806
ED   53,99.00%,Vanessa L. Gibson,(Democratic),0,AD 87,2025-11-06_10:53:52.208806
ED   53,99.00%,Grace Marrero,(Republican),0,AD 87,2025-11-06_10:53:52.208806
ED   53,99.00%,Grace Marrero,(Conservative),0,AD 87,2025-11-06_10:53:52.208806
ED   53,99.00%,Vanessa L. Gibson,(Working Families),0,AD 87,2025-11-06_10:53:52.208806
ED   53,99.00%,WRITE-IN,&nbsp,0,AD 87,2025-11-06_10:53:52.208806
ED   54,99.00%,Vanessa L. Gibson,(Democratic),0,AD 87,2025-11-06_10:53:52.208806
ED   54,99.00%,Grace Marrero,(Republican),0,AD 87,2025-11-06_10:53:52.208806
ED   54,99.00%,Grace Marrero,(Conservative),0,AD 87,2025-11-06_10:53:52.208806
ED   54,99.00%,Vanessa L. Gibson,(Working Families),0,AD 87,2025-11-06_10:53:52.208806
ED   54,99.00%,WRITE-IN,&nbsp,0,AD 87,2025-11-06_10:53:52.208806
ED   55,99.00%,Vanessa L. Gibson,(Democratic),0,AD 87,2025-11-06_10:53:52.208806
ED   55,99.00%,Grace Marrero,(Republican),0,AD 87,2025-11-06_10:53:52.208806
ED   55,99.00%,Grace Marrero,(Conservative),0,AD 87,2025-11-06_10:53:52.208806
ED   55,99.00%,Vanessa L. Gibson,(Working Families),0,AD 87,2025-11-06_10:53:52.208806
ED   55,99.00%,WRITE-IN,&nbsp,0,AD 87,2025-11-06_10:53:52.208806
Total,,Vanessa L. Gibson,(Democratic),15146,AD 87,2025-11-06_10:53:52.208806
Total,,Grace Marrero,(Republican),2108,AD 87,2025-11-06_10:53:52.208806
Total,,Grace Marrero,(Conservative),365,AD 87,2025-11-06_10:53:52.208806
Total,,Vanessa L. Gibson,(Working Families),1480,AD 87,2025-11-06_10:53:52.208806
Total,,WRITE-IN,&nbsp,52,AD 87,2025-11-06_10:53:52.208806
