ED_num,reported,candidate,party,votes,AD_num,scrape_time
ED    1,0.00%,YES,&nbsp,166,AD 23,2025-11-04_22:12:01.642387
ED    1,0.00%,NO,&nbsp,885,AD 23,2025-11-04_22:12:01.642387
ED    2,0.00%,YES,&nbsp,137,AD 23,2025-11-04_22:12:01.642387
ED    2,0.00%,NO,&nbsp,884,AD 23,2025-11-04_22:12:01.642387
ED    3,0.00%,YES,&nbsp,50,AD 23,2025-11-04_22:12:01.642387
ED    3,0.00%,NO,&nbsp,306,AD 23,2025-11-04_22:12:01.642387
ED    4,0.00%,YES,&nbsp,159,AD 23,2025-11-04_22:12:01.642387
ED    4,0.00%,NO,&nbsp,878,AD 23,2025-11-04_22:12:01.642387
ED    5,0.00%,YES,&nbsp,132,AD 23,2025-11-04_22:12:01.642387
ED    5,0.00%,NO,&nbsp,912,AD 23,2025-11-04_22:12:01.642387
ED    6,0.00%,YES,&nbsp,152,AD 23,2025-11-04_22:12:01.642387
ED    6,0.00%,NO,&nbsp,887,AD 23,2025-11-04_22:12:01.642387
ED    7,0.00%,YES,&nbsp,191,AD 23,2025-11-04_22:12:01.642387
ED    7,0.00%,NO,&nbsp,896,AD 23,2025-11-04_22:12:01.642387
ED    8,0.00%,YES,&nbsp,104,AD 23,2025-11-04_22:12:01.642387
ED    8,0.00%,NO,&nbsp,258,AD 23,2025-11-04_22:12:01.642387
ED    9,0.00%,YES,&nbsp,75,AD 23,2025-11-04_22:12:01.642387
ED    9,0.00%,NO,&nbsp,129,AD 23,2025-11-04_22:12:01.642387
ED   10,0.00%,YES,&nbsp,206,AD 23,2025-11-04_22:12:01.642387
ED   10,0.00%,NO,&nbsp,649,AD 23,2025-11-04_22:12:01.642387
ED   11,0.00%,YES,&nbsp,291,AD 23,2025-11-04_22:12:01.642387
ED   11,0.00%,NO,&nbsp,229,AD 23,2025-11-04_22:12:01.642387
ED   12,0.00%,YES,&nbsp,88,AD 23,2025-11-04_22:12:01.642387
ED   12,0.00%,NO,&nbsp,60,AD 23,2025-11-04_22:12:01.642387
ED   13,0.00%,YES,&nbsp,203,AD 23,2025-11-04_22:12:01.642387
ED   13,0.00%,NO,&nbsp,225,AD 23,2025-11-04_22:12:01.642387
ED   14,0.00%,YES,&nbsp,224,AD 23,2025-11-04_22:12:01.642387
ED   14,0.00%,NO,&nbsp,252,AD 23,2025-11-04_22:12:01.642387
ED   15,0.00%,YES,&nbsp,212,AD 23,2025-11-04_22:12:01.642387
ED   15,0.00%,NO,&nbsp,204,AD 23,2025-11-04_22:12:01.642387
ED   16,0.00%,YES,&nbsp,159,AD 23,2025-11-04_22:12:01.642387
ED   16,0.00%,NO,&nbsp,127,AD 23,2025-11-04_22:12:01.642387
ED   17,0.00%,YES,&nbsp,91,AD 23,2025-11-04_22:12:01.642387
ED   17,0.00%,NO,&nbsp,465,AD 23,2025-11-04_22:12:01.642387
ED   18,0.00%,YES,&nbsp,340,AD 23,2025-11-04_22:12:01.642387
ED   18,0.00%,NO,&nbsp,241,AD 23,2025-11-04_22:12:01.642387
ED   19,0.00%,YES,&nbsp,57,AD 23,2025-11-04_22:12:01.642387
ED   19,0.00%,NO,&nbsp,17,AD 23,2025-11-04_22:12:01.642387
ED   20,0.00%,YES,&nbsp,121,AD 23,2025-11-04_22:12:01.642387
ED   20,0.00%,NO,&nbsp,46,AD 23,2025-11-04_22:12:01.642387
ED   21,0.00%,YES,&nbsp,138,AD 23,2025-11-04_22:12:01.642387
ED   21,0.00%,NO,&nbsp,155,AD 23,2025-11-04_22:12:01.642387
ED   22,0.00%,YES,&nbsp,90,AD 23,2025-11-04_22:12:01.642387
ED   22,0.00%,NO,&nbsp,36,AD 23,2025-11-04_22:12:01.642387
ED   23,0.00%,YES,&nbsp,134,AD 23,2025-11-04_22:12:01.642387
ED   23,0.00%,NO,&nbsp,47,AD 23,2025-11-04_22:12:01.642387
ED   24,0.00%,YES,&nbsp,143,AD 23,2025-11-04_22:12:01.642387
ED   24,0.00%,NO,&nbsp,53,AD 23,2025-11-04_22:12:01.642387
ED   25,0.00%,YES,&nbsp,197,AD 23,2025-11-04_22:12:01.642387
ED   25,0.00%,NO,&nbsp,292,AD 23,2025-11-04_22:12:01.642387
ED   26,0.00%,YES,&nbsp,147,AD 23,2025-11-04_22:12:01.642387
ED   26,0.00%,NO,&nbsp,108,AD 23,2025-11-04_22:12:01.642387
ED   27,0.00%,YES,&nbsp,94,AD 23,2025-11-04_22:12:01.642387
ED   27,0.00%,NO,&nbsp,605,AD 23,2025-11-04_22:12:01.642387
ED   28,0.00%,YES,&nbsp,179,AD 23,2025-11-04_22:12:01.642387
ED   28,0.00%,NO,&nbsp,300,AD 23,2025-11-04_22:12:01.642387
ED   29,0.00%,YES,&nbsp,34,AD 23,2025-11-04_22:12:01.642387
ED   29,0.00%,NO,&nbsp,729,AD 23,2025-11-04_22:12:01.642387
ED   30,0.00%,YES,&nbsp,130,AD 23,2025-11-04_22:12:01.642387
ED   30,0.00%,NO,&nbsp,492,AD 23,2025-11-04_22:12:01.642387
ED   31,0.00%,YES,&nbsp,186,AD 23,2025-11-04_22:12:01.642387
ED   31,0.00%,NO,&nbsp,386,AD 23,2025-11-04_22:12:01.642387
ED   32,0.00%,YES,&nbsp,225,AD 23,2025-11-04_22:12:01.642387
ED   32,0.00%,NO,&nbsp,515,AD 23,2025-11-04_22:12:01.642387
ED   33,0.00%,YES,&nbsp,119,AD 23,2025-11-04_22:12:01.642387
ED   33,0.00%,NO,&nbsp,746,AD 23,2025-11-04_22:12:01.642387
ED   34,0.00%,YES,&nbsp,147,AD 23,2025-11-04_22:12:01.642387
ED   34,0.00%,NO,&nbsp,648,AD 23,2025-11-04_22:12:01.642387
ED   35,0.00%,YES,&nbsp,111,AD 23,2025-11-04_22:12:01.642387
ED   35,0.00%,NO,&nbsp,632,AD 23,2025-11-04_22:12:01.642387
ED   36,0.00%,YES,&nbsp,158,AD 23,2025-11-04_22:12:01.642387
ED   36,0.00%,NO,&nbsp,644,AD 23,2025-11-04_22:12:01.642387
ED   37,0.00%,YES,&nbsp,204,AD 23,2025-11-04_22:12:01.642387
ED   37,0.00%,NO,&nbsp,557,AD 23,2025-11-04_22:12:01.642387
ED   38,0.00%,YES,&nbsp,133,AD 23,2025-11-04_22:12:01.642387
ED   38,0.00%,NO,&nbsp,510,AD 23,2025-11-04_22:12:01.642387
ED   39,0.00%,YES,&nbsp,27,AD 23,2025-11-04_22:12:01.642387
ED   39,0.00%,NO,&nbsp,12,AD 23,2025-11-04_22:12:01.642387
ED   40,0.00%,YES,&nbsp,173,AD 23,2025-11-04_22:12:01.642387
ED   40,0.00%,NO,&nbsp,121,AD 23,2025-11-04_22:12:01.642387
ED   41,0.00%,YES,&nbsp,215,AD 23,2025-11-04_22:12:01.642387
ED   41,0.00%,NO,&nbsp,231,AD 23,2025-11-04_22:12:01.642387
ED   42,0.00%,YES,&nbsp,156,AD 23,2025-11-04_22:12:01.642387
ED   42,0.00%,NO,&nbsp,145,AD 23,2025-11-04_22:12:01.642387
ED   43,0.00%,YES,&nbsp,6,AD 23,2025-11-04_22:12:01.642387
ED   43,0.00%,NO,&nbsp,7,AD 23,2025-11-04_22:12:01.642387
ED   44,0.00%,YES,&nbsp,348,AD 23,2025-11-04_22:12:01.642387
ED   44,0.00%,NO,&nbsp,467,AD 23,2025-11-04_22:12:01.642387
ED   45,0.00%,YES,&nbsp,207,AD 23,2025-11-04_22:12:01.642387
ED   45,0.00%,NO,&nbsp,306,AD 23,2025-11-04_22:12:01.642387
ED   46,0.00%,YES,&nbsp,314,AD 23,2025-11-04_22:12:01.642387
ED   46,0.00%,NO,&nbsp,283,AD 23,2025-11-04_22:12:01.642387
ED   47,0.00%,YES,&nbsp,221,AD 23,2025-11-04_22:12:01.642387
ED   47,0.00%,NO,&nbsp,256,AD 23,2025-11-04_22:12:01.642387
ED   48,0.00%,YES,&nbsp,237,AD 23,2025-11-04_22:12:01.642387
ED   48,0.00%,NO,&nbsp,303,AD 23,2025-11-04_22:12:01.642387
ED   49,0.00%,YES,&nbsp,297,AD 23,2025-11-04_22:12:01.642387
ED   49,0.00%,NO,&nbsp,296,AD 23,2025-11-04_22:12:01.642387
ED   50,0.00%,YES,&nbsp,109,AD 23,2025-11-04_22:12:01.642387
ED   50,0.00%,NO,&nbsp,131,AD 23,2025-11-04_22:12:01.642387
ED   51,0.00%,YES,&nbsp,190,AD 23,2025-11-04_22:12:01.642387
ED   51,0.00%,NO,&nbsp,131,AD 23,2025-11-04_22:12:01.642387
ED   52,0.00%,YES,&nbsp,130,AD 23,2025-11-04_22:12:01.642387
ED   52,0.00%,NO,&nbsp,70,AD 23,2025-11-04_22:12:01.642387
ED   53,0.00%,YES,&nbsp,396,AD 23,2025-11-04_22:12:01.642387
ED   53,0.00%,NO,&nbsp,160,AD 23,2025-11-04_22:12:01.642387
ED   54,0.00%,YES,&nbsp,418,AD 23,2025-11-04_22:12:01.642387
ED   54,0.00%,NO,&nbsp,111,AD 23,2025-11-04_22:12:01.642387
ED   55,0.00%,YES,&nbsp,134,AD 23,2025-11-04_22:12:01.642387
ED   55,0.00%,NO,&nbsp,50,AD 23,2025-11-04_22:12:01.642387
ED   56,0.00%,YES,&nbsp,110,AD 23,2025-11-04_22:12:01.642387
ED   56,0.00%,NO,&nbsp,65,AD 23,2025-11-04_22:12:01.642387
ED   57,0.00%,YES,&nbsp,134,AD 23,2025-11-04_22:12:01.642387
ED   57,0.00%,NO,&nbsp,82,AD 23,2025-11-04_22:12:01.642387
ED   58,0.00%,YES,&nbsp,74,AD 23,2025-11-04_22:12:01.642387
ED   58,0.00%,NO,&nbsp,346,AD 23,2025-11-04_22:12:01.642387
ED   59,0.00%,YES,&nbsp,62,AD 23,2025-11-04_22:12:01.642387
ED   59,0.00%,NO,&nbsp,295,AD 23,2025-11-04_22:12:01.642387
ED   60,0.00%,YES,&nbsp,205,AD 23,2025-11-04_22:12:01.642387
ED   60,0.00%,NO,&nbsp,241,AD 23,2025-11-04_22:12:01.642387
ED   61,0.00%,YES,&nbsp,-,AD 23,2025-11-04_22:12:01.642387
ED   61,0.00%,NO,&nbsp,-,AD 23,2025-11-04_22:12:01.642387
ED   62,0.00%,YES,&nbsp,217,AD 23,2025-11-04_22:12:01.642387
ED   62,0.00%,NO,&nbsp,151,AD 23,2025-11-04_22:12:01.642387
ED   63,0.00%,YES,&nbsp,139,AD 23,2025-11-04_22:12:01.642387
ED   63,0.00%,NO,&nbsp,67,AD 23,2025-11-04_22:12:01.642387
ED   64,0.00%,YES,&nbsp,60,AD 23,2025-11-04_22:12:01.642387
ED   64,0.00%,NO,&nbsp,30,AD 23,2025-11-04_22:12:01.642387
ED   65,0.00%,YES,&nbsp,256,AD 23,2025-11-04_22:12:01.642387
ED   65,0.00%,NO,&nbsp,66,AD 23,2025-11-04_22:12:01.642387
ED   66,0.00%,YES,&nbsp,203,AD 23,2025-11-04_22:12:01.642387
ED   66,0.00%,NO,&nbsp,119,AD 23,2025-11-04_22:12:01.642387
ED   67,0.00%,YES,&nbsp,-,AD 23,2025-11-04_22:12:01.642387
ED   67,0.00%,NO,&nbsp,-,AD 23,2025-11-04_22:12:01.642387
ED   68,0.00%,YES,&nbsp,-,AD 23,2025-11-04_22:12:01.642387
ED   68,0.00%,NO,&nbsp,-,AD 23,2025-11-04_22:12:01.642387
ED   69,0.00%,YES,&nbsp,-,AD 23,2025-11-04_22:12:01.642387
ED   69,0.00%,NO,&nbsp,-,AD 23,2025-11-04_22:12:01.642387
ED   70,0.00%,YES,&nbsp,-,AD 23,2025-11-04_22:12:01.642387
ED   70,0.00%,NO,&nbsp,-,AD 23,2025-11-04_22:12:01.642387
ED   71,0.00%,YES,&nbsp,-,AD 23,2025-11-04_22:12:01.642387
ED   71,0.00%,NO,&nbsp,-,AD 23,2025-11-04_22:12:01.642387
ED   72,0.00%,YES,&nbsp,-,AD 23,2025-11-04_22:12:01.642387
ED   72,0.00%,NO,&nbsp,-,AD 23,2025-11-04_22:12:01.642387
ED   73,0.00%,YES,&nbsp,-,AD 23,2025-11-04_22:12:01.642387
ED   73,0.00%,NO,&nbsp,-,AD 23,2025-11-04_22:12:01.642387
ED   74,0.00%,YES,&nbsp,-,AD 23,2025-11-04_22:12:01.642387
ED   74,0.00%,NO,&nbsp,-,AD 23,2025-11-04_22:12:01.642387
Total,,YES,&nbsp,10765,AD 23,2025-11-04_22:12:01.642387
Total,,NO,&nbsp,20547,AD 23,2025-11-04_22:12:01.642387
ED    1,0.00%,YES,&nbsp,77,AD 24,2025-11-04_22:12:01.642387
ED    1,0.00%,NO,&nbsp,25,AD 24,2025-11-04_22:12:01.642387
ED    2,0.00%,YES,&nbsp,109,AD 24,2025-11-04_22:12:01.642387
ED    2,0.00%,NO,&nbsp,64,AD 24,2025-11-04_22:12:01.642387
ED    3,0.00%,YES,&nbsp,238,AD 24,2025-11-04_22:12:01.642387
ED    3,0.00%,NO,&nbsp,118,AD 24,2025-11-04_22:12:01.642387
ED    4,0.00%,YES,&nbsp,177,AD 24,2025-11-04_22:12:01.642387
ED    4,0.00%,NO,&nbsp,71,AD 24,2025-11-04_22:12:01.642387
ED    5,0.00%,YES,&nbsp,191,AD 24,2025-11-04_22:12:01.642387
ED    5,0.00%,NO,&nbsp,59,AD 24,2025-11-04_22:12:01.642387
ED    6,0.00%,YES,&nbsp,241,AD 24,2025-11-04_22:12:01.642387
ED    6,0.00%,NO,&nbsp,97,AD 24,2025-11-04_22:12:01.642387
ED    7,0.00%,YES,&nbsp,184,AD 24,2025-11-04_22:12:01.642387
ED    7,0.00%,NO,&nbsp,64,AD 24,2025-11-04_22:12:01.642387
ED    8,0.00%,YES,&nbsp,214,AD 24,2025-11-04_22:12:01.642387
ED    8,0.00%,NO,&nbsp,93,AD 24,2025-11-04_22:12:01.642387
ED    9,0.00%,YES,&nbsp,182,AD 24,2025-11-04_22:12:01.642387
ED    9,0.00%,NO,&nbsp,44,AD 24,2025-11-04_22:12:01.642387
ED   10,0.00%,YES,&nbsp,270,AD 24,2025-11-04_22:12:01.642387
ED   10,0.00%,NO,&nbsp,78,AD 24,2025-11-04_22:12:01.642387
ED   11,0.00%,YES,&nbsp,183,AD 24,2025-11-04_22:12:01.642387
ED   11,0.00%,NO,&nbsp,62,AD 24,2025-11-04_22:12:01.642387
ED   12,0.00%,YES,&nbsp,190,AD 24,2025-11-04_22:12:01.642387
ED   12,0.00%,NO,&nbsp,83,AD 24,2025-11-04_22:12:01.642387
ED   13,0.00%,YES,&nbsp,286,AD 24,2025-11-04_22:12:01.642387
ED   13,0.00%,NO,&nbsp,99,AD 24,2025-11-04_22:12:01.642387
ED   14,0.00%,YES,&nbsp,189,AD 24,2025-11-04_22:12:01.642387
ED   14,0.00%,NO,&nbsp,114,AD 24,2025-11-04_22:12:01.642387
ED   15,0.00%,YES,&nbsp,207,AD 24,2025-11-04_22:12:01.642387
ED   15,0.00%,NO,&nbsp,93,AD 24,2025-11-04_22:12:01.642387
ED   16,0.00%,YES,&nbsp,136,AD 24,2025-11-04_22:12:01.642387
ED   16,0.00%,NO,&nbsp,54,AD 24,2025-11-04_22:12:01.642387
ED   17,0.00%,YES,&nbsp,6,AD 24,2025-11-04_22:12:01.642387
ED   17,0.00%,NO,&nbsp,7,AD 24,2025-11-04_22:12:01.642387
ED   18,0.00%,YES,&nbsp,155,AD 24,2025-11-04_22:12:01.642387
ED   18,0.00%,NO,&nbsp,87,AD 24,2025-11-04_22:12:01.642387
ED   19,0.00%,YES,&nbsp,231,AD 24,2025-11-04_22:12:01.642387
ED   19,0.00%,NO,&nbsp,82,AD 24,2025-11-04_22:12:01.642387
ED   20,0.00%,YES,&nbsp,70,AD 24,2025-11-04_22:12:01.642387
ED   20,0.00%,NO,&nbsp,31,AD 24,2025-11-04_22:12:01.642387
ED   21,0.00%,YES,&nbsp,162,AD 24,2025-11-04_22:12:01.642387
ED   21,0.00%,NO,&nbsp,189,AD 24,2025-11-04_22:12:01.642387
ED   22,0.00%,YES,&nbsp,22,AD 24,2025-11-04_22:12:01.642387
ED   22,0.00%,NO,&nbsp,45,AD 24,2025-11-04_22:12:01.642387
ED   23,0.00%,YES,&nbsp,176,AD 24,2025-11-04_22:12:01.642387
ED   23,0.00%,NO,&nbsp,62,AD 24,2025-11-04_22:12:01.642387
ED   24,0.00%,YES,&nbsp,165,AD 24,2025-11-04_22:12:01.642387
ED   24,0.00%,NO,&nbsp,156,AD 24,2025-11-04_22:12:01.642387
ED   25,0.00%,YES,&nbsp,72,AD 24,2025-11-04_22:12:01.642387
ED   25,0.00%,NO,&nbsp,75,AD 24,2025-11-04_22:12:01.642387
ED   26,0.00%,YES,&nbsp,173,AD 24,2025-11-04_22:12:01.642387
ED   26,0.00%,NO,&nbsp,79,AD 24,2025-11-04_22:12:01.642387
ED   27,0.00%,YES,&nbsp,165,AD 24,2025-11-04_22:12:01.642387
ED   27,0.00%,NO,&nbsp,57,AD 24,2025-11-04_22:12:01.642387
ED   28,0.00%,YES,&nbsp,157,AD 24,2025-11-04_22:12:01.642387
ED   28,0.00%,NO,&nbsp,126,AD 24,2025-11-04_22:12:01.642387
ED   29,0.00%,YES,&nbsp,238,AD 24,2025-11-04_22:12:01.642387
ED   29,0.00%,NO,&nbsp,70,AD 24,2025-11-04_22:12:01.642387
ED   30,0.00%,YES,&nbsp,176,AD 24,2025-11-04_22:12:01.642387
ED   30,0.00%,NO,&nbsp,177,AD 24,2025-11-04_22:12:01.642387
ED   31,0.00%,YES,&nbsp,268,AD 24,2025-11-04_22:12:01.642387
ED   31,0.00%,NO,&nbsp,208,AD 24,2025-11-04_22:12:01.642387
ED   32,0.00%,YES,&nbsp,235,AD 24,2025-11-04_22:12:01.642387
ED   32,0.00%,NO,&nbsp,71,AD 24,2025-11-04_22:12:01.642387
ED   33,0.00%,YES,&nbsp,10,AD 24,2025-11-04_22:12:01.642387
ED   33,0.00%,NO,&nbsp,23,AD 24,2025-11-04_22:12:01.642387
ED   34,0.00%,YES,&nbsp,16,AD 24,2025-11-04_22:12:01.642387
ED   34,0.00%,NO,&nbsp,10,AD 24,2025-11-04_22:12:01.642387
ED   35,0.00%,YES,&nbsp,111,AD 24,2025-11-04_22:12:01.642387
ED   35,0.00%,NO,&nbsp,53,AD 24,2025-11-04_22:12:01.642387
ED   36,0.00%,YES,&nbsp,300,AD 24,2025-11-04_22:12:01.642387
ED   36,0.00%,NO,&nbsp,148,AD 24,2025-11-04_22:12:01.642387
ED   37,0.00%,YES,&nbsp,135,AD 24,2025-11-04_22:12:01.642387
ED   37,0.00%,NO,&nbsp,57,AD 24,2025-11-04_22:12:01.642387
ED   38,0.00%,YES,&nbsp,422,AD 24,2025-11-04_22:12:01.642387
ED   38,0.00%,NO,&nbsp,244,AD 24,2025-11-04_22:12:01.642387
ED   39,0.00%,YES,&nbsp,247,AD 24,2025-11-04_22:12:01.642387
ED   39,0.00%,NO,&nbsp,196,AD 24,2025-11-04_22:12:01.642387
ED   40,0.00%,YES,&nbsp,208,AD 24,2025-11-04_22:12:01.642387
ED   40,0.00%,NO,&nbsp,102,AD 24,2025-11-04_22:12:01.642387
ED   41,0.00%,YES,&nbsp,56,AD 24,2025-11-04_22:12:01.642387
ED   41,0.00%,NO,&nbsp,26,AD 24,2025-11-04_22:12:01.642387
ED   42,0.00%,YES,&nbsp,239,AD 24,2025-11-04_22:12:01.642387
ED   42,0.00%,NO,&nbsp,104,AD 24,2025-11-04_22:12:01.642387
ED   43,0.00%,YES,&nbsp,300,AD 24,2025-11-04_22:12:01.642387
ED   43,0.00%,NO,&nbsp,181,AD 24,2025-11-04_22:12:01.642387
ED   44,0.00%,YES,&nbsp,225,AD 24,2025-11-04_22:12:01.642387
ED   44,0.00%,NO,&nbsp,68,AD 24,2025-11-04_22:12:01.642387
ED   45,0.00%,YES,&nbsp,52,AD 24,2025-11-04_22:12:01.642387
ED   45,0.00%,NO,&nbsp,47,AD 24,2025-11-04_22:12:01.642387
ED   46,0.00%,YES,&nbsp,410,AD 24,2025-11-04_22:12:01.642387
ED   46,0.00%,NO,&nbsp,159,AD 24,2025-11-04_22:12:01.642387
ED   47,0.00%,YES,&nbsp,310,AD 24,2025-11-04_22:12:01.642387
ED   47,0.00%,NO,&nbsp,220,AD 24,2025-11-04_22:12:01.642387
ED   48,0.00%,YES,&nbsp,262,AD 24,2025-11-04_22:12:01.642387
ED   48,0.00%,NO,&nbsp,189,AD 24,2025-11-04_22:12:01.642387
ED   49,0.00%,YES,&nbsp,189,AD 24,2025-11-04_22:12:01.642387
ED   49,0.00%,NO,&nbsp,691,AD 24,2025-11-04_22:12:01.642387
ED   50,0.00%,YES,&nbsp,65,AD 24,2025-11-04_22:12:01.642387
ED   50,0.00%,NO,&nbsp,215,AD 24,2025-11-04_22:12:01.642387
ED   51,0.00%,YES,&nbsp,335,AD 24,2025-11-04_22:12:01.642387
ED   51,0.00%,NO,&nbsp,378,AD 24,2025-11-04_22:12:01.642387
ED   52,0.00%,YES,&nbsp,426,AD 24,2025-11-04_22:12:01.642387
ED   52,0.00%,NO,&nbsp,231,AD 24,2025-11-04_22:12:01.642387
ED   53,0.00%,YES,&nbsp,490,AD 24,2025-11-04_22:12:01.642387
ED   53,0.00%,NO,&nbsp,144,AD 24,2025-11-04_22:12:01.642387
ED   54,0.00%,YES,&nbsp,70,AD 24,2025-11-04_22:12:01.642387
ED   54,0.00%,NO,&nbsp,26,AD 24,2025-11-04_22:12:01.642387
ED   55,0.00%,YES,&nbsp,229,AD 24,2025-11-04_22:12:01.642387
ED   55,0.00%,NO,&nbsp,94,AD 24,2025-11-04_22:12:01.642387
ED   56,0.00%,YES,&nbsp,301,AD 24,2025-11-04_22:12:01.642387
ED   56,0.00%,NO,&nbsp,221,AD 24,2025-11-04_22:12:01.642387
ED   57,0.00%,YES,&nbsp,226,AD 24,2025-11-04_22:12:01.642387
ED   57,0.00%,NO,&nbsp,184,AD 24,2025-11-04_22:12:01.642387
ED   58,0.00%,YES,&nbsp,191,AD 24,2025-11-04_22:12:01.642387
ED   58,0.00%,NO,&nbsp,507,AD 24,2025-11-04_22:12:01.642387
ED   59,0.00%,YES,&nbsp,180,AD 24,2025-11-04_22:12:01.642387
ED   59,0.00%,NO,&nbsp,415,AD 24,2025-11-04_22:12:01.642387
ED   60,0.00%,YES,&nbsp,281,AD 24,2025-11-04_22:12:01.642387
ED   60,0.00%,NO,&nbsp,589,AD 24,2025-11-04_22:12:01.642387
ED   61,0.00%,YES,&nbsp,316,AD 24,2025-11-04_22:12:01.642387
ED   61,0.00%,NO,&nbsp,408,AD 24,2025-11-04_22:12:01.642387
ED   62,0.00%,YES,&nbsp,328,AD 24,2025-11-04_22:12:01.642387
ED   62,0.00%,NO,&nbsp,399,AD 24,2025-11-04_22:12:01.642387
ED   63,0.00%,YES,&nbsp,147,AD 24,2025-11-04_22:12:01.642387
ED   63,0.00%,NO,&nbsp,179,AD 24,2025-11-04_22:12:01.642387
ED   64,0.00%,YES,&nbsp,260,AD 24,2025-11-04_22:12:01.642387
ED   64,0.00%,NO,&nbsp,334,AD 24,2025-11-04_22:12:01.642387
ED   65,0.00%,YES,&nbsp,488,AD 24,2025-11-04_22:12:01.642387
ED   65,0.00%,NO,&nbsp,181,AD 24,2025-11-04_22:12:01.642387
ED   66,0.00%,YES,&nbsp,-,AD 24,2025-11-04_22:12:01.642387
ED   66,0.00%,NO,&nbsp,-,AD 24,2025-11-04_22:12:01.642387
Total,,YES,&nbsp,13370,AD 24,2025-11-04_22:12:01.642387
Total,,NO,&nbsp,9763,AD 24,2025-11-04_22:12:01.642387
ED    1,0.00%,YES,&nbsp,358,AD 25,2025-11-04_22:12:01.642387
ED    1,0.00%,NO,&nbsp,254,AD 25,2025-11-04_22:12:01.642387
ED    2,0.00%,YES,&nbsp,340,AD 25,2025-11-04_22:12:01.642387
ED    2,0.00%,NO,&nbsp,281,AD 25,2025-11-04_22:12:01.642387
ED    3,0.00%,YES,&nbsp,59,AD 25,2025-11-04_22:12:01.642387
ED    3,0.00%,NO,&nbsp,85,AD 25,2025-11-04_22:12:01.642387
ED    4,0.00%,YES,&nbsp,183,AD 25,2025-11-04_22:12:01.642387
ED    4,0.00%,NO,&nbsp,114,AD 25,2025-11-04_22:12:01.642387
ED    5,0.00%,YES,&nbsp,383,AD 25,2025-11-04_22:12:01.642387
ED    5,0.00%,NO,&nbsp,295,AD 25,2025-11-04_22:12:01.642387
ED    6,0.00%,YES,&nbsp,233,AD 25,2025-11-04_22:12:01.642387
ED    6,0.00%,NO,&nbsp,241,AD 25,2025-11-04_22:12:01.642387
ED    7,0.00%,YES,&nbsp,40,AD 25,2025-11-04_22:12:01.642387
ED    7,0.00%,NO,&nbsp,33,AD 25,2025-11-04_22:12:01.642387
ED    8,0.00%,YES,&nbsp,25,AD 25,2025-11-04_22:12:01.642387
ED    8,0.00%,NO,&nbsp,16,AD 25,2025-11-04_22:12:01.642387
ED    9,0.00%,YES,&nbsp,208,AD 25,2025-11-04_22:12:01.642387
ED    9,0.00%,NO,&nbsp,328,AD 25,2025-11-04_22:12:01.642387
ED   10,0.00%,YES,&nbsp,55,AD 25,2025-11-04_22:12:01.642387
ED   10,0.00%,NO,&nbsp,40,AD 25,2025-11-04_22:12:01.642387
ED   11,0.00%,YES,&nbsp,146,AD 25,2025-11-04_22:12:01.642387
ED   11,0.00%,NO,&nbsp,344,AD 25,2025-11-04_22:12:01.642387
ED   12,0.00%,YES,&nbsp,167,AD 25,2025-11-04_22:12:01.642387
ED   12,0.00%,NO,&nbsp,568,AD 25,2025-11-04_22:12:01.642387
ED   13,0.00%,YES,&nbsp,204,AD 25,2025-11-04_22:12:01.642387
ED   13,0.00%,NO,&nbsp,471,AD 25,2025-11-04_22:12:01.642387
ED   14,0.00%,YES,&nbsp,210,AD 25,2025-11-04_22:12:01.642387
ED   14,0.00%,NO,&nbsp,348,AD 25,2025-11-04_22:12:01.642387
ED   15,0.00%,YES,&nbsp,142,AD 25,2025-11-04_22:12:01.642387
ED   15,0.00%,NO,&nbsp,208,AD 25,2025-11-04_22:12:01.642387
ED   16,0.00%,YES,&nbsp,188,AD 25,2025-11-04_22:12:01.642387
ED   16,0.00%,NO,&nbsp,351,AD 25,2025-11-04_22:12:01.642387
ED   17,0.00%,YES,&nbsp,211,AD 25,2025-11-04_22:12:01.642387
ED   17,0.00%,NO,&nbsp,463,AD 25,2025-11-04_22:12:01.642387
ED   18,0.00%,YES,&nbsp,295,AD 25,2025-11-04_22:12:01.642387
ED   18,0.00%,NO,&nbsp,344,AD 25,2025-11-04_22:12:01.642387
ED   19,0.00%,YES,&nbsp,292,AD 25,2025-11-04_22:12:01.642387
ED   19,0.00%,NO,&nbsp,282,AD 25,2025-11-04_22:12:01.642387
ED   20,0.00%,YES,&nbsp,259,AD 25,2025-11-04_22:12:01.642387
ED   20,0.00%,NO,&nbsp,298,AD 25,2025-11-04_22:12:01.642387
ED   21,0.00%,YES,&nbsp,232,AD 25,2025-11-04_22:12:01.642387
ED   21,0.00%,NO,&nbsp,186,AD 25,2025-11-04_22:12:01.642387
ED   22,0.00%,YES,&nbsp,248,AD 25,2025-11-04_22:12:01.642387
ED   22,0.00%,NO,&nbsp,197,AD 25,2025-11-04_22:12:01.642387
ED   23,0.00%,YES,&nbsp,144,AD 25,2025-11-04_22:12:01.642387
ED   23,0.00%,NO,&nbsp,169,AD 25,2025-11-04_22:12:01.642387
ED   24,0.00%,YES,&nbsp,150,AD 25,2025-11-04_22:12:01.642387
ED   24,0.00%,NO,&nbsp,244,AD 25,2025-11-04_22:12:01.642387
ED   25,0.00%,YES,&nbsp,241,AD 25,2025-11-04_22:12:01.642387
ED   25,0.00%,NO,&nbsp,398,AD 25,2025-11-04_22:12:01.642387
ED   26,0.00%,YES,&nbsp,223,AD 25,2025-11-04_22:12:01.642387
ED   26,0.00%,NO,&nbsp,397,AD 25,2025-11-04_22:12:01.642387
ED   27,0.00%,YES,&nbsp,274,AD 25,2025-11-04_22:12:01.642387
ED   27,0.00%,NO,&nbsp,255,AD 25,2025-11-04_22:12:01.642387
ED   28,0.00%,YES,&nbsp,246,AD 25,2025-11-04_22:12:01.642387
ED   28,0.00%,NO,&nbsp,208,AD 25,2025-11-04_22:12:01.642387
ED   29,0.00%,YES,&nbsp,243,AD 25,2025-11-04_22:12:01.642387
ED   29,0.00%,NO,&nbsp,348,AD 25,2025-11-04_22:12:01.642387
ED   30,0.00%,YES,&nbsp,198,AD 25,2025-11-04_22:12:01.642387
ED   30,0.00%,NO,&nbsp,289,AD 25,2025-11-04_22:12:01.642387
ED   31,0.00%,YES,&nbsp,197,AD 25,2025-11-04_22:12:01.642387
ED   31,0.00%,NO,&nbsp,285,AD 25,2025-11-04_22:12:01.642387
ED   32,0.00%,YES,&nbsp,190,AD 25,2025-11-04_22:12:01.642387
ED   32,0.00%,NO,&nbsp,222,AD 25,2025-11-04_22:12:01.642387
ED   33,0.00%,YES,&nbsp,186,AD 25,2025-11-04_22:12:01.642387
ED   33,0.00%,NO,&nbsp,436,AD 25,2025-11-04_22:12:01.642387
ED   34,0.00%,YES,&nbsp,213,AD 25,2025-11-04_22:12:01.642387
ED   34,0.00%,NO,&nbsp,337,AD 25,2025-11-04_22:12:01.642387
ED   35,0.00%,YES,&nbsp,222,AD 25,2025-11-04_22:12:01.642387
ED   35,0.00%,NO,&nbsp,202,AD 25,2025-11-04_22:12:01.642387
ED   36,0.00%,YES,&nbsp,176,AD 25,2025-11-04_22:12:01.642387
ED   36,0.00%,NO,&nbsp,267,AD 25,2025-11-04_22:12:01.642387
ED   37,0.00%,YES,&nbsp,181,AD 25,2025-11-04_22:12:01.642387
ED   37,0.00%,NO,&nbsp,136,AD 25,2025-11-04_22:12:01.642387
ED   38,0.00%,YES,&nbsp,173,AD 25,2025-11-04_22:12:01.642387
ED   38,0.00%,NO,&nbsp,149,AD 25,2025-11-04_22:12:01.642387
ED   39,0.00%,YES,&nbsp,161,AD 25,2025-11-04_22:12:01.642387
ED   39,0.00%,NO,&nbsp,148,AD 25,2025-11-04_22:12:01.642387
ED   40,0.00%,YES,&nbsp,247,AD 25,2025-11-04_22:12:01.642387
ED   40,0.00%,NO,&nbsp,148,AD 25,2025-11-04_22:12:01.642387
ED   41,0.00%,YES,&nbsp,150,AD 25,2025-11-04_22:12:01.642387
ED   41,0.00%,NO,&nbsp,91,AD 25,2025-11-04_22:12:01.642387
ED   42,0.00%,YES,&nbsp,227,AD 25,2025-11-04_22:12:01.642387
ED   42,0.00%,NO,&nbsp,111,AD 25,2025-11-04_22:12:01.642387
ED   43,0.00%,YES,&nbsp,214,AD 25,2025-11-04_22:12:01.642387
ED   43,0.00%,NO,&nbsp,108,AD 25,2025-11-04_22:12:01.642387
ED   44,0.00%,YES,&nbsp,228,AD 25,2025-11-04_22:12:01.642387
ED   44,0.00%,NO,&nbsp,93,AD 25,2025-11-04_22:12:01.642387
ED   45,0.00%,YES,&nbsp,231,AD 25,2025-11-04_22:12:01.642387
ED   45,0.00%,NO,&nbsp,201,AD 25,2025-11-04_22:12:01.642387
ED   46,0.00%,YES,&nbsp,157,AD 25,2025-11-04_22:12:01.642387
ED   46,0.00%,NO,&nbsp,111,AD 25,2025-11-04_22:12:01.642387
ED   47,0.00%,YES,&nbsp,124,AD 25,2025-11-04_22:12:01.642387
ED   47,0.00%,NO,&nbsp,87,AD 25,2025-11-04_22:12:01.642387
ED   48,0.00%,YES,&nbsp,-,AD 25,2025-11-04_22:12:01.642387
ED   48,0.00%,NO,&nbsp,-,AD 25,2025-11-04_22:12:01.642387
ED   49,0.00%,YES,&nbsp,-,AD 25,2025-11-04_22:12:01.642387
ED   49,0.00%,NO,&nbsp,-,AD 25,2025-11-04_22:12:01.642387
Total,,YES,&nbsp,9474,AD 25,2025-11-04_22:12:01.642387
Total,,NO,&nbsp,11187,AD 25,2025-11-04_22:12:01.642387
ED    1,0.00%,YES,&nbsp,121,AD 26,2025-11-04_22:12:01.642387
ED    1,0.00%,NO,&nbsp,119,AD 26,2025-11-04_22:12:01.642387
ED    2,0.00%,YES,&nbsp,68,AD 26,2025-11-04_22:12:01.642387
ED    2,0.00%,NO,&nbsp,35,AD 26,2025-11-04_22:12:01.642387
ED    3,0.00%,YES,&nbsp,99,AD 26,2025-11-04_22:12:01.642387
ED    3,0.00%,NO,&nbsp,39,AD 26,2025-11-04_22:12:01.642387
ED    4,0.00%,YES,&nbsp,110,AD 26,2025-11-04_22:12:01.642387
ED    4,0.00%,NO,&nbsp,145,AD 26,2025-11-04_22:12:01.642387
ED    5,0.00%,YES,&nbsp,9,AD 26,2025-11-04_22:12:01.642387
ED    5,0.00%,NO,&nbsp,-,AD 26,2025-11-04_22:12:01.642387
ED    6,0.00%,YES,&nbsp,228,AD 26,2025-11-04_22:12:01.642387
ED    6,0.00%,NO,&nbsp,201,AD 26,2025-11-04_22:12:01.642387
ED    7,0.00%,YES,&nbsp,353,AD 26,2025-11-04_22:12:01.642387
ED    7,0.00%,NO,&nbsp,264,AD 26,2025-11-04_22:12:01.642387
ED    8,0.00%,YES,&nbsp,344,AD 26,2025-11-04_22:12:01.642387
ED    8,0.00%,NO,&nbsp,376,AD 26,2025-11-04_22:12:01.642387
ED    9,0.00%,YES,&nbsp,87,AD 26,2025-11-04_22:12:01.642387
ED    9,0.00%,NO,&nbsp,67,AD 26,2025-11-04_22:12:01.642387
ED   10,0.00%,YES,&nbsp,346,AD 26,2025-11-04_22:12:01.642387
ED   10,0.00%,NO,&nbsp,408,AD 26,2025-11-04_22:12:01.642387
ED   11,0.00%,YES,&nbsp,191,AD 26,2025-11-04_22:12:01.642387
ED   11,0.00%,NO,&nbsp,279,AD 26,2025-11-04_22:12:01.642387
ED   12,0.00%,YES,&nbsp,371,AD 26,2025-11-04_22:12:01.642387
ED   12,0.00%,NO,&nbsp,408,AD 26,2025-11-04_22:12:01.642387
ED   13,0.00%,YES,&nbsp,99,AD 26,2025-11-04_22:12:01.642387
ED   13,0.00%,NO,&nbsp,164,AD 26,2025-11-04_22:12:01.642387
ED   14,0.00%,YES,&nbsp,115,AD 26,2025-11-04_22:12:01.642387
ED   14,0.00%,NO,&nbsp,99,AD 26,2025-11-04_22:12:01.642387
ED   15,0.00%,YES,&nbsp,137,AD 26,2025-11-04_22:12:01.642387
ED   15,0.00%,NO,&nbsp,124,AD 26,2025-11-04_22:12:01.642387
ED   16,0.00%,YES,&nbsp,247,AD 26,2025-11-04_22:12:01.642387
ED   16,0.00%,NO,&nbsp,426,AD 26,2025-11-04_22:12:01.642387
ED   17,0.00%,YES,&nbsp,353,AD 26,2025-11-04_22:12:01.642387
ED   17,0.00%,NO,&nbsp,445,AD 26,2025-11-04_22:12:01.642387
ED   18,0.00%,YES,&nbsp,211,AD 26,2025-11-04_22:12:01.642387
ED   18,0.00%,NO,&nbsp,222,AD 26,2025-11-04_22:12:01.642387
ED   19,0.00%,YES,&nbsp,134,AD 26,2025-11-04_22:12:01.642387
ED   19,0.00%,NO,&nbsp,142,AD 26,2025-11-04_22:12:01.642387
ED   20,0.00%,YES,&nbsp,309,AD 26,2025-11-04_22:12:01.642387
ED   20,0.00%,NO,&nbsp,445,AD 26,2025-11-04_22:12:01.642387
ED   21,0.00%,YES,&nbsp,213,AD 26,2025-11-04_22:12:01.642387
ED   21,0.00%,NO,&nbsp,506,AD 26,2025-11-04_22:12:01.642387
ED   22,0.00%,YES,&nbsp,218,AD 26,2025-11-04_22:12:01.642387
ED   22,0.00%,NO,&nbsp,572,AD 26,2025-11-04_22:12:01.642387
ED   23,0.00%,YES,&nbsp,298,AD 26,2025-11-04_22:12:01.642387
ED   23,0.00%,NO,&nbsp,386,AD 26,2025-11-04_22:12:01.642387
ED   24,0.00%,YES,&nbsp,241,AD 26,2025-11-04_22:12:01.642387
ED   24,0.00%,NO,&nbsp,572,AD 26,2025-11-04_22:12:01.642387
ED   25,0.00%,YES,&nbsp,192,AD 26,2025-11-04_22:12:01.642387
ED   25,0.00%,NO,&nbsp,302,AD 26,2025-11-04_22:12:01.642387
ED   26,0.00%,YES,&nbsp,155,AD 26,2025-11-04_22:12:01.642387
ED   26,0.00%,NO,&nbsp,435,AD 26,2025-11-04_22:12:01.642387
ED   27,0.00%,YES,&nbsp,44,AD 26,2025-11-04_22:12:01.642387
ED   27,0.00%,NO,&nbsp,67,AD 26,2025-11-04_22:12:01.642387
ED   28,0.00%,YES,&nbsp,223,AD 26,2025-11-04_22:12:01.642387
ED   28,0.00%,NO,&nbsp,302,AD 26,2025-11-04_22:12:01.642387
ED   29,0.00%,YES,&nbsp,171,AD 26,2025-11-04_22:12:01.642387
ED   29,0.00%,NO,&nbsp,215,AD 26,2025-11-04_22:12:01.642387
ED   30,0.00%,YES,&nbsp,2,AD 26,2025-11-04_22:12:01.642387
ED   30,0.00%,NO,&nbsp,8,AD 26,2025-11-04_22:12:01.642387
ED   31,0.00%,YES,&nbsp,244,AD 26,2025-11-04_22:12:01.642387
ED   31,0.00%,NO,&nbsp,368,AD 26,2025-11-04_22:12:01.642387
ED   32,0.00%,YES,&nbsp,287,AD 26,2025-11-04_22:12:01.642387
ED   32,0.00%,NO,&nbsp,319,AD 26,2025-11-04_22:12:01.642387
ED   33,0.00%,YES,&nbsp,247,AD 26,2025-11-04_22:12:01.642387
ED   33,0.00%,NO,&nbsp,493,AD 26,2025-11-04_22:12:01.642387
ED   34,0.00%,YES,&nbsp,219,AD 26,2025-11-04_22:12:01.642387
ED   34,0.00%,NO,&nbsp,562,AD 26,2025-11-04_22:12:01.642387
ED   35,0.00%,YES,&nbsp,142,AD 26,2025-11-04_22:12:01.642387
ED   35,0.00%,NO,&nbsp,324,AD 26,2025-11-04_22:12:01.642387
ED   36,0.00%,YES,&nbsp,205,AD 26,2025-11-04_22:12:01.642387
ED   36,0.00%,NO,&nbsp,477,AD 26,2025-11-04_22:12:01.642387
ED   37,0.00%,YES,&nbsp,162,AD 26,2025-11-04_22:12:01.642387
ED   37,0.00%,NO,&nbsp,383,AD 26,2025-11-04_22:12:01.642387
ED   38,0.00%,YES,&nbsp,273,AD 26,2025-11-04_22:12:01.642387
ED   38,0.00%,NO,&nbsp,542,AD 26,2025-11-04_22:12:01.642387
ED   39,0.00%,YES,&nbsp,146,AD 26,2025-11-04_22:12:01.642387
ED   39,0.00%,NO,&nbsp,260,AD 26,2025-11-04_22:12:01.642387
ED   40,0.00%,YES,&nbsp,141,AD 26,2025-11-04_22:12:01.642387
ED   40,0.00%,NO,&nbsp,231,AD 26,2025-11-04_22:12:01.642387
ED   41,0.00%,YES,&nbsp,263,AD 26,2025-11-04_22:12:01.642387
ED   41,0.00%,NO,&nbsp,511,AD 26,2025-11-04_22:12:01.642387
ED   42,0.00%,YES,&nbsp,196,AD 26,2025-11-04_22:12:01.642387
ED   42,0.00%,NO,&nbsp,392,AD 26,2025-11-04_22:12:01.642387
ED   43,0.00%,YES,&nbsp,237,AD 26,2025-11-04_22:12:01.642387
ED   43,0.00%,NO,&nbsp,483,AD 26,2025-11-04_22:12:01.642387
ED   44,0.00%,YES,&nbsp,165,AD 26,2025-11-04_22:12:01.642387
ED   44,0.00%,NO,&nbsp,489,AD 26,2025-11-04_22:12:01.642387
ED   45,0.00%,YES,&nbsp,266,AD 26,2025-11-04_22:12:01.642387
ED   45,0.00%,NO,&nbsp,574,AD 26,2025-11-04_22:12:01.642387
ED   46,0.00%,YES,&nbsp,164,AD 26,2025-11-04_22:12:01.642387
ED   46,0.00%,NO,&nbsp,383,AD 26,2025-11-04_22:12:01.642387
ED   47,0.00%,YES,&nbsp,202,AD 26,2025-11-04_22:12:01.642387
ED   47,0.00%,NO,&nbsp,334,AD 26,2025-11-04_22:12:01.642387
ED   48,0.00%,YES,&nbsp,189,AD 26,2025-11-04_22:12:01.642387
ED   48,0.00%,NO,&nbsp,412,AD 26,2025-11-04_22:12:01.642387
ED   49,0.00%,YES,&nbsp,173,AD 26,2025-11-04_22:12:01.642387
ED   49,0.00%,NO,&nbsp,358,AD 26,2025-11-04_22:12:01.642387
ED   50,0.00%,YES,&nbsp,166,AD 26,2025-11-04_22:12:01.642387
ED   50,0.00%,NO,&nbsp,624,AD 26,2025-11-04_22:12:01.642387
ED   51,0.00%,YES,&nbsp,107,AD 26,2025-11-04_22:12:01.642387
ED   51,0.00%,NO,&nbsp,197,AD 26,2025-11-04_22:12:01.642387
ED   52,0.00%,YES,&nbsp,167,AD 26,2025-11-04_22:12:01.642387
ED   52,0.00%,NO,&nbsp,379,AD 26,2025-11-04_22:12:01.642387
ED   53,0.00%,YES,&nbsp,199,AD 26,2025-11-04_22:12:01.642387
ED   53,0.00%,NO,&nbsp,377,AD 26,2025-11-04_22:12:01.642387
ED   54,0.00%,YES,&nbsp,286,AD 26,2025-11-04_22:12:01.642387
ED   54,0.00%,NO,&nbsp,375,AD 26,2025-11-04_22:12:01.642387
ED   55,0.00%,YES,&nbsp,264,AD 26,2025-11-04_22:12:01.642387
ED   55,0.00%,NO,&nbsp,508,AD 26,2025-11-04_22:12:01.642387
ED   56,0.00%,YES,&nbsp,240,AD 26,2025-11-04_22:12:01.642387
ED   56,0.00%,NO,&nbsp,399,AD 26,2025-11-04_22:12:01.642387
ED   57,0.00%,YES,&nbsp,256,AD 26,2025-11-04_22:12:01.642387
ED   57,0.00%,NO,&nbsp,367,AD 26,2025-11-04_22:12:01.642387
ED   58,0.00%,YES,&nbsp,87,AD 26,2025-11-04_22:12:01.642387
ED   58,0.00%,NO,&nbsp,75,AD 26,2025-11-04_22:12:01.642387
ED   59,0.00%,YES,&nbsp,247,AD 26,2025-11-04_22:12:01.642387
ED   59,0.00%,NO,&nbsp,361,AD 26,2025-11-04_22:12:01.642387
ED   60,0.00%,YES,&nbsp,259,AD 26,2025-11-04_22:12:01.642387
ED   60,0.00%,NO,&nbsp,228,AD 26,2025-11-04_22:12:01.642387
ED   61,0.00%,YES,&nbsp,288,AD 26,2025-11-04_22:12:01.642387
ED   61,0.00%,NO,&nbsp,307,AD 26,2025-11-04_22:12:01.642387
ED   62,0.00%,YES,&nbsp,-,AD 26,2025-11-04_22:12:01.642387
ED   62,0.00%,NO,&nbsp,-,AD 26,2025-11-04_22:12:01.642387
ED   63,0.00%,YES,&nbsp,-,AD 26,2025-11-04_22:12:01.642387
ED   63,0.00%,NO,&nbsp,-,AD 26,2025-11-04_22:12:01.642387
ED   64,0.00%,YES,&nbsp,-,AD 26,2025-11-04_22:12:01.642387
ED   64,0.00%,NO,&nbsp,-,AD 26,2025-11-04_22:12:01.642387
ED   65,0.00%,YES,&nbsp,-,AD 26,2025-11-04_22:12:01.642387
ED   65,0.00%,NO,&nbsp,-,AD 26,2025-11-04_22:12:01.642387
Total,,YES,&nbsp,12176,AD 26,2025-11-04_22:12:01.642387
Total,,NO,&nbsp,19865,AD 26,2025-11-04_22:12:01.642387
ED    1,0.00%,YES,&nbsp,80,AD 27,2025-11-04_22:12:01.642387
ED    1,0.00%,NO,&nbsp,177,AD 27,2025-11-04_22:12:01.642387
ED    2,0.00%,YES,&nbsp,387,AD 27,2025-11-04_22:12:01.642387
ED    2,0.00%,NO,&nbsp,206,AD 27,2025-11-04_22:12:01.642387
ED    3,0.00%,YES,&nbsp,295,AD 27,2025-11-04_22:12:01.642387
ED    3,0.00%,NO,&nbsp,241,AD 27,2025-11-04_22:12:01.642387
ED    4,0.00%,YES,&nbsp,195,AD 27,2025-11-04_22:12:01.642387
ED    4,0.00%,NO,&nbsp,183,AD 27,2025-11-04_22:12:01.642387
ED    5,0.00%,YES,&nbsp,191,AD 27,2025-11-04_22:12:01.642387
ED    5,0.00%,NO,&nbsp,200,AD 27,2025-11-04_22:12:01.642387
ED    6,0.00%,YES,&nbsp,79,AD 27,2025-11-04_22:12:01.642387
ED    6,0.00%,NO,&nbsp,87,AD 27,2025-11-04_22:12:01.642387
ED    7,0.00%,YES,&nbsp,53,AD 27,2025-11-04_22:12:01.642387
ED    7,0.00%,NO,&nbsp,138,AD 27,2025-11-04_22:12:01.642387
ED    8,0.00%,YES,&nbsp,143,AD 27,2025-11-04_22:12:01.642387
ED    8,0.00%,NO,&nbsp,82,AD 27,2025-11-04_22:12:01.642387
ED    9,0.00%,YES,&nbsp,183,AD 27,2025-11-04_22:12:01.642387
ED    9,0.00%,NO,&nbsp,219,AD 27,2025-11-04_22:12:01.642387
ED   10,0.00%,YES,&nbsp,131,AD 27,2025-11-04_22:12:01.642387
ED   10,0.00%,NO,&nbsp,79,AD 27,2025-11-04_22:12:01.642387
ED   11,0.00%,YES,&nbsp,129,AD 27,2025-11-04_22:12:01.642387
ED   11,0.00%,NO,&nbsp,59,AD 27,2025-11-04_22:12:01.642387
ED   12,0.00%,YES,&nbsp,314,AD 27,2025-11-04_22:12:01.642387
ED   12,0.00%,NO,&nbsp,168,AD 27,2025-11-04_22:12:01.642387
ED   13,0.00%,YES,&nbsp,203,AD 27,2025-11-04_22:12:01.642387
ED   13,0.00%,NO,&nbsp,136,AD 27,2025-11-04_22:12:01.642387
ED   14,0.00%,YES,&nbsp,310,AD 27,2025-11-04_22:12:01.642387
ED   14,0.00%,NO,&nbsp,203,AD 27,2025-11-04_22:12:01.642387
ED   15,0.00%,YES,&nbsp,331,AD 27,2025-11-04_22:12:01.642387
ED   15,0.00%,NO,&nbsp,253,AD 27,2025-11-04_22:12:01.642387
ED   16,0.00%,YES,&nbsp,149,AD 27,2025-11-04_22:12:01.642387
ED   16,0.00%,NO,&nbsp,105,AD 27,2025-11-04_22:12:01.642387
ED   17,0.00%,YES,&nbsp,115,AD 27,2025-11-04_22:12:01.642387
ED   17,0.00%,NO,&nbsp,93,AD 27,2025-11-04_22:12:01.642387
ED   18,0.00%,YES,&nbsp,91,AD 27,2025-11-04_22:12:01.642387
ED   18,0.00%,NO,&nbsp,30,AD 27,2025-11-04_22:12:01.642387
ED   19,0.00%,YES,&nbsp,217,AD 27,2025-11-04_22:12:01.642387
ED   19,0.00%,NO,&nbsp,190,AD 27,2025-11-04_22:12:01.642387
ED   20,0.00%,YES,&nbsp,144,AD 27,2025-11-04_22:12:01.642387
ED   20,0.00%,NO,&nbsp,279,AD 27,2025-11-04_22:12:01.642387
ED   21,0.00%,YES,&nbsp,235,AD 27,2025-11-04_22:12:01.642387
ED   21,0.00%,NO,&nbsp,332,AD 27,2025-11-04_22:12:01.642387
ED   22,0.00%,YES,&nbsp,269,AD 27,2025-11-04_22:12:01.642387
ED   22,0.00%,NO,&nbsp,267,AD 27,2025-11-04_22:12:01.642387
ED   23,0.00%,YES,&nbsp,193,AD 27,2025-11-04_22:12:01.642387
ED   23,0.00%,NO,&nbsp,430,AD 27,2025-11-04_22:12:01.642387
ED   24,0.00%,YES,&nbsp,144,AD 27,2025-11-04_22:12:01.642387
ED   24,0.00%,NO,&nbsp,402,AD 27,2025-11-04_22:12:01.642387
ED   25,0.00%,YES,&nbsp,164,AD 27,2025-11-04_22:12:01.642387
ED   25,0.00%,NO,&nbsp,631,AD 27,2025-11-04_22:12:01.642387
ED   26,0.00%,YES,&nbsp,78,AD 27,2025-11-04_22:12:01.642387
ED   26,0.00%,NO,&nbsp,46,AD 27,2025-11-04_22:12:01.642387
ED   27,0.00%,YES,&nbsp,110,AD 27,2025-11-04_22:12:01.642387
ED   27,0.00%,NO,&nbsp,831,AD 27,2025-11-04_22:12:01.642387
ED   28,0.00%,YES,&nbsp,215,AD 27,2025-11-04_22:12:01.642387
ED   28,0.00%,NO,&nbsp,342,AD 27,2025-11-04_22:12:01.642387
ED   29,0.00%,YES,&nbsp,102,AD 27,2025-11-04_22:12:01.642387
ED   29,0.00%,NO,&nbsp,615,AD 27,2025-11-04_22:12:01.642387
ED   30,0.00%,YES,&nbsp,144,AD 27,2025-11-04_22:12:01.642387
ED   30,0.00%,NO,&nbsp,244,AD 27,2025-11-04_22:12:01.642387
ED   31,0.00%,YES,&nbsp,11,AD 27,2025-11-04_22:12:01.642387
ED   31,0.00%,NO,&nbsp,49,AD 27,2025-11-04_22:12:01.642387
ED   32,0.00%,YES,&nbsp,208,AD 27,2025-11-04_22:12:01.642387
ED   32,0.00%,NO,&nbsp,259,AD 27,2025-11-04_22:12:01.642387
ED   33,0.00%,YES,&nbsp,195,AD 27,2025-11-04_22:12:01.642387
ED   33,0.00%,NO,&nbsp,258,AD 27,2025-11-04_22:12:01.642387
ED   34,0.00%,YES,&nbsp,219,AD 27,2025-11-04_22:12:01.642387
ED   34,0.00%,NO,&nbsp,193,AD 27,2025-11-04_22:12:01.642387
ED   35,0.00%,YES,&nbsp,214,AD 27,2025-11-04_22:12:01.642387
ED   35,0.00%,NO,&nbsp,225,AD 27,2025-11-04_22:12:01.642387
ED   36,0.00%,YES,&nbsp,213,AD 27,2025-11-04_22:12:01.642387
ED   36,0.00%,NO,&nbsp,310,AD 27,2025-11-04_22:12:01.642387
ED   37,0.00%,YES,&nbsp,205,AD 27,2025-11-04_22:12:01.642387
ED   37,0.00%,NO,&nbsp,272,AD 27,2025-11-04_22:12:01.642387
ED   38,0.00%,YES,&nbsp,207,AD 27,2025-11-04_22:12:01.642387
ED   38,0.00%,NO,&nbsp,260,AD 27,2025-11-04_22:12:01.642387
ED   39,0.00%,YES,&nbsp,152,AD 27,2025-11-04_22:12:01.642387
ED   39,0.00%,NO,&nbsp,384,AD 27,2025-11-04_22:12:01.642387
ED   40,0.00%,YES,&nbsp,289,AD 27,2025-11-04_22:12:01.642387
ED   40,0.00%,NO,&nbsp,323,AD 27,2025-11-04_22:12:01.642387
ED   41,0.00%,YES,&nbsp,60,AD 27,2025-11-04_22:12:01.642387
ED   41,0.00%,NO,&nbsp,205,AD 27,2025-11-04_22:12:01.642387
ED   42,0.00%,YES,&nbsp,134,AD 27,2025-11-04_22:12:01.642387
ED   42,0.00%,NO,&nbsp,754,AD 27,2025-11-04_22:12:01.642387
ED   43,0.00%,YES,&nbsp,178,AD 27,2025-11-04_22:12:01.642387
ED   43,0.00%,NO,&nbsp,470,AD 27,2025-11-04_22:12:01.642387
ED   44,0.00%,YES,&nbsp,146,AD 27,2025-11-04_22:12:01.642387
ED   44,0.00%,NO,&nbsp,528,AD 27,2025-11-04_22:12:01.642387
ED   45,0.00%,YES,&nbsp,122,AD 27,2025-11-04_22:12:01.642387
ED   45,0.00%,NO,&nbsp,596,AD 27,2025-11-04_22:12:01.642387
ED   46,0.00%,YES,&nbsp,20,AD 27,2025-11-04_22:12:01.642387
ED   46,0.00%,NO,&nbsp,132,AD 27,2025-11-04_22:12:01.642387
ED   47,0.00%,YES,&nbsp,131,AD 27,2025-11-04_22:12:01.642387
ED   47,0.00%,NO,&nbsp,86,AD 27,2025-11-04_22:12:01.642387
ED   48,0.00%,YES,&nbsp,163,AD 27,2025-11-04_22:12:01.642387
ED   48,0.00%,NO,&nbsp,441,AD 27,2025-11-04_22:12:01.642387
ED   49,0.00%,YES,&nbsp,183,AD 27,2025-11-04_22:12:01.642387
ED   49,0.00%,NO,&nbsp,406,AD 27,2025-11-04_22:12:01.642387
ED   50,0.00%,YES,&nbsp,171,AD 27,2025-11-04_22:12:01.642387
ED   50,0.00%,NO,&nbsp,324,AD 27,2025-11-04_22:12:01.642387
ED   51,0.00%,YES,&nbsp,166,AD 27,2025-11-04_22:12:01.642387
ED   51,0.00%,NO,&nbsp,391,AD 27,2025-11-04_22:12:01.642387
ED   52,0.00%,YES,&nbsp,-,AD 27,2025-11-04_22:12:01.642387
ED   52,0.00%,NO,&nbsp,-,AD 27,2025-11-04_22:12:01.642387
ED   53,0.00%,YES,&nbsp,-,AD 27,2025-11-04_22:12:01.642387
ED   53,0.00%,NO,&nbsp,-,AD 27,2025-11-04_22:12:01.642387
ED   54,0.00%,YES,&nbsp,-,AD 27,2025-11-04_22:12:01.642387
ED   54,0.00%,NO,&nbsp,-,AD 27,2025-11-04_22:12:01.642387
ED   55,0.00%,YES,&nbsp,-,AD 27,2025-11-04_22:12:01.642387
ED   55,0.00%,NO,&nbsp,-,AD 27,2025-11-04_22:12:01.642387
ED   56,0.00%,YES,&nbsp,-,AD 27,2025-11-04_22:12:01.642387
ED   56,0.00%,NO,&nbsp,-,AD 27,2025-11-04_22:12:01.642387
ED   57,0.00%,YES,&nbsp,-,AD 27,2025-11-04_22:12:01.642387
ED   57,0.00%,NO,&nbsp,-,AD 27,2025-11-04_22:12:01.642387
ED   58,0.00%,YES,&nbsp,-,AD 27,2025-11-04_22:12:01.642387
ED   58,0.00%,NO,&nbsp,-,AD 27,2025-11-04_22:12:01.642387
ED   59,0.00%,YES,&nbsp,-,AD 27,2025-11-04_22:12:01.642387
ED   59,0.00%,NO,&nbsp,-,AD 27,2025-11-04_22:12:01.642387
ED   60,0.00%,YES,&nbsp,-,AD 27,2025-11-04_22:12:01.642387
ED   60,0.00%,NO,&nbsp,-,AD 27,2025-11-04_22:12:01.642387
ED   61,0.00%,YES,&nbsp,-,AD 27,2025-11-04_22:12:01.642387
ED   61,0.00%,NO,&nbsp,-,AD 27,2025-11-04_22:12:01.642387
ED   62,0.00%,YES,&nbsp,-,AD 27,2025-11-04_22:12:01.642387
ED   62,0.00%,NO,&nbsp,-,AD 27,2025-11-04_22:12:01.642387
ED   63,0.00%,YES,&nbsp,-,AD 27,2025-11-04_22:12:01.642387
ED   63,0.00%,NO,&nbsp,-,AD 27,2025-11-04_22:12:01.642387
ED   64,0.00%,YES,&nbsp,-,AD 27,2025-11-04_22:12:01.642387
ED   64,0.00%,NO,&nbsp,-,AD 27,2025-11-04_22:12:01.642387
ED   65,0.00%,YES,&nbsp,-,AD 27,2025-11-04_22:12:01.642387
ED   65,0.00%,NO,&nbsp,-,AD 27,2025-11-04_22:12:01.642387
ED   66,0.00%,YES,&nbsp,-,AD 27,2025-11-04_22:12:01.642387
ED   66,0.00%,NO,&nbsp,-,AD 27,2025-11-04_22:12:01.642387
ED   67,0.00%,YES,&nbsp,-,AD 27,2025-11-04_22:12:01.642387
ED   67,0.00%,NO,&nbsp,-,AD 27,2025-11-04_22:12:01.642387
ED   68,0.00%,YES,&nbsp,-,AD 27,2025-11-04_22:12:01.642387
ED   68,0.00%,NO,&nbsp,-,AD 27,2025-11-04_22:12:01.642387
Total,,YES,&nbsp,8781,AD 27,2025-11-04_22:12:01.642387
Total,,NO,&nbsp,14134,AD 27,2025-11-04_22:12:01.642387
ED    1,0.00%,YES,&nbsp,132,AD 28,2025-11-04_22:12:01.642387
ED    1,0.00%,NO,&nbsp,63,AD 28,2025-11-04_22:12:01.642387
ED    2,0.00%,YES,&nbsp,452,AD 28,2025-11-04_22:12:01.642387
ED    2,0.00%,NO,&nbsp,337,AD 28,2025-11-04_22:12:01.642387
ED    3,0.00%,YES,&nbsp,337,AD 28,2025-11-04_22:12:01.642387
ED    3,0.00%,NO,&nbsp,368,AD 28,2025-11-04_22:12:01.642387
ED    4,0.00%,YES,&nbsp,419,AD 28,2025-11-04_22:12:01.642387
ED    4,0.00%,NO,&nbsp,296,AD 28,2025-11-04_22:12:01.642387
ED    5,0.00%,YES,&nbsp,56,AD 28,2025-11-04_22:12:01.642387
ED    5,0.00%,NO,&nbsp,43,AD 28,2025-11-04_22:12:01.642387
ED    6,0.00%,YES,&nbsp,90,AD 28,2025-11-04_22:12:01.642387
ED    6,0.00%,NO,&nbsp,140,AD 28,2025-11-04_22:12:01.642387
ED    7,0.00%,YES,&nbsp,306,AD 28,2025-11-04_22:12:01.642387
ED    7,0.00%,NO,&nbsp,352,AD 28,2025-11-04_22:12:01.642387
ED    8,0.00%,YES,&nbsp,367,AD 28,2025-11-04_22:12:01.642387
ED    8,0.00%,NO,&nbsp,272,AD 28,2025-11-04_22:12:01.642387
ED    9,0.00%,YES,&nbsp,387,AD 28,2025-11-04_22:12:01.642387
ED    9,0.00%,NO,&nbsp,290,AD 28,2025-11-04_22:12:01.642387
ED   10,0.00%,YES,&nbsp,80,AD 28,2025-11-04_22:12:01.642387
ED   10,0.00%,NO,&nbsp,227,AD 28,2025-11-04_22:12:01.642387
ED   11,0.00%,YES,&nbsp,162,AD 28,2025-11-04_22:12:01.642387
ED   11,0.00%,NO,&nbsp,269,AD 28,2025-11-04_22:12:01.642387
ED   12,0.00%,YES,&nbsp,190,AD 28,2025-11-04_22:12:01.642387
ED   12,0.00%,NO,&nbsp,433,AD 28,2025-11-04_22:12:01.642387
ED   13,0.00%,YES,&nbsp,141,AD 28,2025-11-04_22:12:01.642387
ED   13,0.00%,NO,&nbsp,230,AD 28,2025-11-04_22:12:01.642387
ED   14,0.00%,YES,&nbsp,256,AD 28,2025-11-04_22:12:01.642387
ED   14,0.00%,NO,&nbsp,270,AD 28,2025-11-04_22:12:01.642387
ED   15,0.00%,YES,&nbsp,244,AD 28,2025-11-04_22:12:01.642387
ED   15,0.00%,NO,&nbsp,320,AD 28,2025-11-04_22:12:01.642387
ED   16,0.00%,YES,&nbsp,3,AD 28,2025-11-04_22:12:01.642387
ED   16,0.00%,NO,&nbsp,4,AD 28,2025-11-04_22:12:01.642387
ED   17,0.00%,YES,&nbsp,11,AD 28,2025-11-04_22:12:01.642387
ED   17,0.00%,NO,&nbsp,15,AD 28,2025-11-04_22:12:01.642387
ED   18,0.00%,YES,&nbsp,52,AD 28,2025-11-04_22:12:01.642387
ED   18,0.00%,NO,&nbsp,65,AD 28,2025-11-04_22:12:01.642387
ED   19,0.00%,YES,&nbsp,205,AD 28,2025-11-04_22:12:01.642387
ED   19,0.00%,NO,&nbsp,199,AD 28,2025-11-04_22:12:01.642387
ED   20,0.00%,YES,&nbsp,332,AD 28,2025-11-04_22:12:01.642387
ED   20,0.00%,NO,&nbsp,272,AD 28,2025-11-04_22:12:01.642387
ED   21,0.00%,YES,&nbsp,88,AD 28,2025-11-04_22:12:01.642387
ED   21,0.00%,NO,&nbsp,106,AD 28,2025-11-04_22:12:01.642387
ED   22,0.00%,YES,&nbsp,230,AD 28,2025-11-04_22:12:01.642387
ED   22,0.00%,NO,&nbsp,490,AD 28,2025-11-04_22:12:01.642387
ED   23,0.00%,YES,&nbsp,119,AD 28,2025-11-04_22:12:01.642387
ED   23,0.00%,NO,&nbsp,385,AD 28,2025-11-04_22:12:01.642387
ED   24,0.00%,YES,&nbsp,243,AD 28,2025-11-04_22:12:01.642387
ED   24,0.00%,NO,&nbsp,592,AD 28,2025-11-04_22:12:01.642387
ED   25,0.00%,YES,&nbsp,227,AD 28,2025-11-04_22:12:01.642387
ED   25,0.00%,NO,&nbsp,699,AD 28,2025-11-04_22:12:01.642387
ED   26,0.00%,YES,&nbsp,202,AD 28,2025-11-04_22:12:01.642387
ED   26,0.00%,NO,&nbsp,415,AD 28,2025-11-04_22:12:01.642387
ED   27,0.00%,YES,&nbsp,148,AD 28,2025-11-04_22:12:01.642387
ED   27,0.00%,NO,&nbsp,256,AD 28,2025-11-04_22:12:01.642387
ED   28,0.00%,YES,&nbsp,170,AD 28,2025-11-04_22:12:01.642387
ED   28,0.00%,NO,&nbsp,187,AD 28,2025-11-04_22:12:01.642387
ED   29,0.00%,YES,&nbsp,288,AD 28,2025-11-04_22:12:01.642387
ED   29,0.00%,NO,&nbsp,392,AD 28,2025-11-04_22:12:01.642387
ED   30,0.00%,YES,&nbsp,422,AD 28,2025-11-04_22:12:01.642387
ED   30,0.00%,NO,&nbsp,529,AD 28,2025-11-04_22:12:01.642387
ED   31,0.00%,YES,&nbsp,421,AD 28,2025-11-04_22:12:01.642387
ED   31,0.00%,NO,&nbsp,312,AD 28,2025-11-04_22:12:01.642387
ED   32,0.00%,YES,&nbsp,415,AD 28,2025-11-04_22:12:01.642387
ED   32,0.00%,NO,&nbsp,370,AD 28,2025-11-04_22:12:01.642387
ED   33,0.00%,YES,&nbsp,283,AD 28,2025-11-04_22:12:01.642387
ED   33,0.00%,NO,&nbsp,209,AD 28,2025-11-04_22:12:01.642387
ED   34,0.00%,YES,&nbsp,327,AD 28,2025-11-04_22:12:01.642387
ED   34,0.00%,NO,&nbsp,227,AD 28,2025-11-04_22:12:01.642387
ED   35,0.00%,YES,&nbsp,528,AD 28,2025-11-04_22:12:01.642387
ED   35,0.00%,NO,&nbsp,453,AD 28,2025-11-04_22:12:01.642387
ED   36,0.00%,YES,&nbsp,128,AD 28,2025-11-04_22:12:01.642387
ED   36,0.00%,NO,&nbsp,103,AD 28,2025-11-04_22:12:01.642387
ED   37,0.00%,YES,&nbsp,372,AD 28,2025-11-04_22:12:01.642387
ED   37,0.00%,NO,&nbsp,392,AD 28,2025-11-04_22:12:01.642387
ED   38,0.00%,YES,&nbsp,334,AD 28,2025-11-04_22:12:01.642387
ED   38,0.00%,NO,&nbsp,303,AD 28,2025-11-04_22:12:01.642387
ED   39,0.00%,YES,&nbsp,355,AD 28,2025-11-04_22:12:01.642387
ED   39,0.00%,NO,&nbsp,316,AD 28,2025-11-04_22:12:01.642387
ED   40,0.00%,YES,&nbsp,359,AD 28,2025-11-04_22:12:01.642387
ED   40,0.00%,NO,&nbsp,398,AD 28,2025-11-04_22:12:01.642387
ED   41,0.00%,YES,&nbsp,129,AD 28,2025-11-04_22:12:01.642387
ED   41,0.00%,NO,&nbsp,113,AD 28,2025-11-04_22:12:01.642387
ED   42,0.00%,YES,&nbsp,40,AD 28,2025-11-04_22:12:01.642387
ED   42,0.00%,NO,&nbsp,54,AD 28,2025-11-04_22:12:01.642387
ED   43,0.00%,YES,&nbsp,276,AD 28,2025-11-04_22:12:01.642387
ED   43,0.00%,NO,&nbsp,369,AD 28,2025-11-04_22:12:01.642387
ED   44,0.00%,YES,&nbsp,202,AD 28,2025-11-04_22:12:01.642387
ED   44,0.00%,NO,&nbsp,315,AD 28,2025-11-04_22:12:01.642387
ED   45,0.00%,YES,&nbsp,283,AD 28,2025-11-04_22:12:01.642387
ED   45,0.00%,NO,&nbsp,238,AD 28,2025-11-04_22:12:01.642387
ED   46,0.00%,YES,&nbsp,284,AD 28,2025-11-04_22:12:01.642387
ED   46,0.00%,NO,&nbsp,194,AD 28,2025-11-04_22:12:01.642387
ED   47,0.00%,YES,&nbsp,242,AD 28,2025-11-04_22:12:01.642387
ED   47,0.00%,NO,&nbsp,190,AD 28,2025-11-04_22:12:01.642387
ED   48,0.00%,YES,&nbsp,226,AD 28,2025-11-04_22:12:01.642387
ED   48,0.00%,NO,&nbsp,180,AD 28,2025-11-04_22:12:01.642387
ED   49,0.00%,YES,&nbsp,183,AD 28,2025-11-04_22:12:01.642387
ED   49,0.00%,NO,&nbsp,166,AD 28,2025-11-04_22:12:01.642387
ED   50,0.00%,YES,&nbsp,321,AD 28,2025-11-04_22:12:01.642387
ED   50,0.00%,NO,&nbsp,308,AD 28,2025-11-04_22:12:01.642387
ED   51,0.00%,YES,&nbsp,382,AD 28,2025-11-04_22:12:01.642387
ED   51,0.00%,NO,&nbsp,250,AD 28,2025-11-04_22:12:01.642387
ED   52,0.00%,YES,&nbsp,274,AD 28,2025-11-04_22:12:01.642387
ED   52,0.00%,NO,&nbsp,239,AD 28,2025-11-04_22:12:01.642387
ED   53,0.00%,YES,&nbsp,434,AD 28,2025-11-04_22:12:01.642387
ED   53,0.00%,NO,&nbsp,426,AD 28,2025-11-04_22:12:01.642387
ED   54,0.00%,YES,&nbsp,334,AD 28,2025-11-04_22:12:01.642387
ED   54,0.00%,NO,&nbsp,421,AD 28,2025-11-04_22:12:01.642387
ED   55,0.00%,YES,&nbsp,290,AD 28,2025-11-04_22:12:01.642387
ED   55,0.00%,NO,&nbsp,422,AD 28,2025-11-04_22:12:01.642387
ED   56,0.00%,YES,&nbsp,229,AD 28,2025-11-04_22:12:01.642387
ED   56,0.00%,NO,&nbsp,271,AD 28,2025-11-04_22:12:01.642387
ED   57,0.00%,YES,&nbsp,281,AD 28,2025-11-04_22:12:01.642387
ED   57,0.00%,NO,&nbsp,276,AD 28,2025-11-04_22:12:01.642387
ED   58,0.00%,YES,&nbsp,279,AD 28,2025-11-04_22:12:01.642387
ED   58,0.00%,NO,&nbsp,352,AD 28,2025-11-04_22:12:01.642387
ED   59,0.00%,YES,&nbsp,205,AD 28,2025-11-04_22:12:01.642387
ED   59,0.00%,NO,&nbsp,245,AD 28,2025-11-04_22:12:01.642387
ED   60,0.00%,YES,&nbsp,232,AD 28,2025-11-04_22:12:01.642387
ED   60,0.00%,NO,&nbsp,293,AD 28,2025-11-04_22:12:01.642387
ED   61,0.00%,YES,&nbsp,131,AD 28,2025-11-04_22:12:01.642387
ED   61,0.00%,NO,&nbsp,422,AD 28,2025-11-04_22:12:01.642387
ED   62,0.00%,YES,&nbsp,399,AD 28,2025-11-04_22:12:01.642387
ED   62,0.00%,NO,&nbsp,342,AD 28,2025-11-04_22:12:01.642387
ED   63,0.00%,YES,&nbsp,3,AD 28,2025-11-04_22:12:01.642387
ED   63,0.00%,NO,&nbsp,-,AD 28,2025-11-04_22:12:01.642387
ED   64,0.00%,YES,&nbsp,31,AD 28,2025-11-04_22:12:01.642387
ED   64,0.00%,NO,&nbsp,57,AD 28,2025-11-04_22:12:01.642387
ED   65,0.00%,YES,&nbsp,96,AD 28,2025-11-04_22:12:01.642387
ED   65,0.00%,NO,&nbsp,177,AD 28,2025-11-04_22:12:01.642387
ED   66,0.00%,YES,&nbsp,165,AD 28,2025-11-04_22:12:01.642387
ED   66,0.00%,NO,&nbsp,306,AD 28,2025-11-04_22:12:01.642387
ED   67,0.00%,YES,&nbsp,60,AD 28,2025-11-04_22:12:01.642387
ED   67,0.00%,NO,&nbsp,53,AD 28,2025-11-04_22:12:01.642387
ED   68,0.00%,YES,&nbsp,54,AD 28,2025-11-04_22:12:01.642387
ED   68,0.00%,NO,&nbsp,103,AD 28,2025-11-04_22:12:01.642387
ED   69,0.00%,YES,&nbsp,70,AD 28,2025-11-04_22:12:01.642387
ED   69,0.00%,NO,&nbsp,95,AD 28,2025-11-04_22:12:01.642387
ED   70,0.00%,YES,&nbsp,3,AD 28,2025-11-04_22:12:01.642387
ED   70,0.00%,NO,&nbsp,2,AD 28,2025-11-04_22:12:01.642387
ED   71,0.00%,YES,&nbsp,53,AD 28,2025-11-04_22:12:01.642387
ED   71,0.00%,NO,&nbsp,40,AD 28,2025-11-04_22:12:01.642387
ED   72,0.00%,YES,&nbsp,261,AD 28,2025-11-04_22:12:01.642387
ED   72,0.00%,NO,&nbsp,217,AD 28,2025-11-04_22:12:01.642387
ED   73,0.00%,YES,&nbsp,-,AD 28,2025-11-04_22:12:01.642387
ED   73,0.00%,NO,&nbsp,-,AD 28,2025-11-04_22:12:01.642387
ED   74,0.00%,YES,&nbsp,-,AD 28,2025-11-04_22:12:01.642387
ED   74,0.00%,NO,&nbsp,-,AD 28,2025-11-04_22:12:01.642387
ED   75,0.00%,YES,&nbsp,-,AD 28,2025-11-04_22:12:01.642387
ED   75,0.00%,NO,&nbsp,-,AD 28,2025-11-04_22:12:01.642387
Total,,YES,&nbsp,16333,AD 28,2025-11-04_22:12:01.642387
Total,,NO,&nbsp,18735,AD 28,2025-11-04_22:12:01.642387
ED    1,0.00%,YES,&nbsp,366,AD 29,2025-11-04_22:12:01.642387
ED    1,0.00%,NO,&nbsp,107,AD 29,2025-11-04_22:12:01.642387
ED    2,0.00%,YES,&nbsp,307,AD 29,2025-11-04_22:12:01.642387
ED    2,0.00%,NO,&nbsp,99,AD 29,2025-11-04_22:12:01.642387
ED    3,0.00%,YES,&nbsp,287,AD 29,2025-11-04_22:12:01.642387
ED    3,0.00%,NO,&nbsp,77,AD 29,2025-11-04_22:12:01.642387
ED    4,0.00%,YES,&nbsp,353,AD 29,2025-11-04_22:12:01.642387
ED    4,0.00%,NO,&nbsp,101,AD 29,2025-11-04_22:12:01.642387
ED    5,0.00%,YES,&nbsp,372,AD 29,2025-11-04_22:12:01.642387
ED    5,0.00%,NO,&nbsp,118,AD 29,2025-11-04_22:12:01.642387
ED    6,0.00%,YES,&nbsp,348,AD 29,2025-11-04_22:12:01.642387
ED    6,0.00%,NO,&nbsp,126,AD 29,2025-11-04_22:12:01.642387
ED    7,0.00%,YES,&nbsp,265,AD 29,2025-11-04_22:12:01.642387
ED    7,0.00%,NO,&nbsp,96,AD 29,2025-11-04_22:12:01.642387
ED    8,0.00%,YES,&nbsp,267,AD 29,2025-11-04_22:12:01.642387
ED    8,0.00%,NO,&nbsp,100,AD 29,2025-11-04_22:12:01.642387
ED    9,0.00%,YES,&nbsp,221,AD 29,2025-11-04_22:12:01.642387
ED    9,0.00%,NO,&nbsp,104,AD 29,2025-11-04_22:12:01.642387
ED   10,0.00%,YES,&nbsp,461,AD 29,2025-11-04_22:12:01.642387
ED   10,0.00%,NO,&nbsp,200,AD 29,2025-11-04_22:12:01.642387
ED   11,0.00%,YES,&nbsp,429,AD 29,2025-11-04_22:12:01.642387
ED   11,0.00%,NO,&nbsp,154,AD 29,2025-11-04_22:12:01.642387
ED   12,0.00%,YES,&nbsp,398,AD 29,2025-11-04_22:12:01.642387
ED   12,0.00%,NO,&nbsp,144,AD 29,2025-11-04_22:12:01.642387
ED   13,0.00%,YES,&nbsp,422,AD 29,2025-11-04_22:12:01.642387
ED   13,0.00%,NO,&nbsp,137,AD 29,2025-11-04_22:12:01.642387
ED   14,0.00%,YES,&nbsp,405,AD 29,2025-11-04_22:12:01.642387
ED   14,0.00%,NO,&nbsp,105,AD 29,2025-11-04_22:12:01.642387
ED   15,0.00%,YES,&nbsp,40,AD 29,2025-11-04_22:12:01.642387
ED   15,0.00%,NO,&nbsp,19,AD 29,2025-11-04_22:12:01.642387
ED   16,0.00%,YES,&nbsp,95,AD 29,2025-11-04_22:12:01.642387
ED   16,0.00%,NO,&nbsp,17,AD 29,2025-11-04_22:12:01.642387
ED   17,0.00%,YES,&nbsp,225,AD 29,2025-11-04_22:12:01.642387
ED   17,0.00%,NO,&nbsp,71,AD 29,2025-11-04_22:12:01.642387
ED   18,0.00%,YES,&nbsp,386,AD 29,2025-11-04_22:12:01.642387
ED   18,0.00%,NO,&nbsp,149,AD 29,2025-11-04_22:12:01.642387
ED   19,0.00%,YES,&nbsp,405,AD 29,2025-11-04_22:12:01.642387
ED   19,0.00%,NO,&nbsp,197,AD 29,2025-11-04_22:12:01.642387
ED   20,0.00%,YES,&nbsp,212,AD 29,2025-11-04_22:12:01.642387
ED   20,0.00%,NO,&nbsp,61,AD 29,2025-11-04_22:12:01.642387
ED   21,0.00%,YES,&nbsp,299,AD 29,2025-11-04_22:12:01.642387
ED   21,0.00%,NO,&nbsp,87,AD 29,2025-11-04_22:12:01.642387
ED   22,0.00%,YES,&nbsp,265,AD 29,2025-11-04_22:12:01.642387
ED   22,0.00%,NO,&nbsp,105,AD 29,2025-11-04_22:12:01.642387
ED   23,0.00%,YES,&nbsp,435,AD 29,2025-11-04_22:12:01.642387
ED   23,0.00%,NO,&nbsp,171,AD 29,2025-11-04_22:12:01.642387
ED   24,0.00%,YES,&nbsp,38,AD 29,2025-11-04_22:12:01.642387
ED   24,0.00%,NO,&nbsp,20,AD 29,2025-11-04_22:12:01.642387
ED   25,0.00%,YES,&nbsp,231,AD 29,2025-11-04_22:12:01.642387
ED   25,0.00%,NO,&nbsp,80,AD 29,2025-11-04_22:12:01.642387
ED   26,0.00%,YES,&nbsp,72,AD 29,2025-11-04_22:12:01.642387
ED   26,0.00%,NO,&nbsp,32,AD 29,2025-11-04_22:12:01.642387
ED   27,0.00%,YES,&nbsp,378,AD 29,2025-11-04_22:12:01.642387
ED   27,0.00%,NO,&nbsp,139,AD 29,2025-11-04_22:12:01.642387
ED   28,0.00%,YES,&nbsp,393,AD 29,2025-11-04_22:12:01.642387
ED   28,0.00%,NO,&nbsp,119,AD 29,2025-11-04_22:12:01.642387
ED   29,0.00%,YES,&nbsp,248,AD 29,2025-11-04_22:12:01.642387
ED   29,0.00%,NO,&nbsp,93,AD 29,2025-11-04_22:12:01.642387
ED   30,0.00%,YES,&nbsp,216,AD 29,2025-11-04_22:12:01.642387
ED   30,0.00%,NO,&nbsp,79,AD 29,2025-11-04_22:12:01.642387
ED   31,0.00%,YES,&nbsp,234,AD 29,2025-11-04_22:12:01.642387
ED   31,0.00%,NO,&nbsp,92,AD 29,2025-11-04_22:12:01.642387
ED   32,0.00%,YES,&nbsp,193,AD 29,2025-11-04_22:12:01.642387
ED   32,0.00%,NO,&nbsp,69,AD 29,2025-11-04_22:12:01.642387
ED   33,0.00%,YES,&nbsp,179,AD 29,2025-11-04_22:12:01.642387
ED   33,0.00%,NO,&nbsp,77,AD 29,2025-11-04_22:12:01.642387
ED   34,0.00%,YES,&nbsp,353,AD 29,2025-11-04_22:12:01.642387
ED   34,0.00%,NO,&nbsp,185,AD 29,2025-11-04_22:12:01.642387
ED   35,0.00%,YES,&nbsp,275,AD 29,2025-11-04_22:12:01.642387
ED   35,0.00%,NO,&nbsp,110,AD 29,2025-11-04_22:12:01.642387
ED   36,0.00%,YES,&nbsp,290,AD 29,2025-11-04_22:12:01.642387
ED   36,0.00%,NO,&nbsp,177,AD 29,2025-11-04_22:12:01.642387
ED   37,0.00%,YES,&nbsp,281,AD 29,2025-11-04_22:12:01.642387
ED   37,0.00%,NO,&nbsp,116,AD 29,2025-11-04_22:12:01.642387
ED   38,0.00%,YES,&nbsp,280,AD 29,2025-11-04_22:12:01.642387
ED   38,0.00%,NO,&nbsp,101,AD 29,2025-11-04_22:12:01.642387
ED   39,0.00%,YES,&nbsp,310,AD 29,2025-11-04_22:12:01.642387
ED   39,0.00%,NO,&nbsp,93,AD 29,2025-11-04_22:12:01.642387
ED   40,0.00%,YES,&nbsp,277,AD 29,2025-11-04_22:12:01.642387
ED   40,0.00%,NO,&nbsp,93,AD 29,2025-11-04_22:12:01.642387
ED   41,0.00%,YES,&nbsp,293,AD 29,2025-11-04_22:12:01.642387
ED   41,0.00%,NO,&nbsp,82,AD 29,2025-11-04_22:12:01.642387
ED   42,0.00%,YES,&nbsp,61,AD 29,2025-11-04_22:12:01.642387
ED   42,0.00%,NO,&nbsp,11,AD 29,2025-11-04_22:12:01.642387
ED   43,0.00%,YES,&nbsp,314,AD 29,2025-11-04_22:12:01.642387
ED   43,0.00%,NO,&nbsp,93,AD 29,2025-11-04_22:12:01.642387
ED   44,0.00%,YES,&nbsp,312,AD 29,2025-11-04_22:12:01.642387
ED   44,0.00%,NO,&nbsp,62,AD 29,2025-11-04_22:12:01.642387
ED   45,0.00%,YES,&nbsp,454,AD 29,2025-11-04_22:12:01.642387
ED   45,0.00%,NO,&nbsp,80,AD 29,2025-11-04_22:12:01.642387
ED   46,0.00%,YES,&nbsp,173,AD 29,2025-11-04_22:12:01.642387
ED   46,0.00%,NO,&nbsp,44,AD 29,2025-11-04_22:12:01.642387
ED   47,0.00%,YES,&nbsp,160,AD 29,2025-11-04_22:12:01.642387
ED   47,0.00%,NO,&nbsp,39,AD 29,2025-11-04_22:12:01.642387
ED   48,0.00%,YES,&nbsp,299,AD 29,2025-11-04_22:12:01.642387
ED   48,0.00%,NO,&nbsp,122,AD 29,2025-11-04_22:12:01.642387
ED   49,0.00%,YES,&nbsp,22,AD 29,2025-11-04_22:12:01.642387
ED   49,0.00%,NO,&nbsp,6,AD 29,2025-11-04_22:12:01.642387
ED   50,0.00%,YES,&nbsp,436,AD 29,2025-11-04_22:12:01.642387
ED   50,0.00%,NO,&nbsp,166,AD 29,2025-11-04_22:12:01.642387
ED   51,0.00%,YES,&nbsp,142,AD 29,2025-11-04_22:12:01.642387
ED   51,0.00%,NO,&nbsp,48,AD 29,2025-11-04_22:12:01.642387
ED   52,0.00%,YES,&nbsp,210,AD 29,2025-11-04_22:12:01.642387
ED   52,0.00%,NO,&nbsp,43,AD 29,2025-11-04_22:12:01.642387
ED   53,0.00%,YES,&nbsp,86,AD 29,2025-11-04_22:12:01.642387
ED   53,0.00%,NO,&nbsp,27,AD 29,2025-11-04_22:12:01.642387
ED   54,0.00%,YES,&nbsp,248,AD 29,2025-11-04_22:12:01.642387
ED   54,0.00%,NO,&nbsp,76,AD 29,2025-11-04_22:12:01.642387
ED   55,0.00%,YES,&nbsp,238,AD 29,2025-11-04_22:12:01.642387
ED   55,0.00%,NO,&nbsp,77,AD 29,2025-11-04_22:12:01.642387
ED   56,0.00%,YES,&nbsp,299,AD 29,2025-11-04_22:12:01.642387
ED   56,0.00%,NO,&nbsp,71,AD 29,2025-11-04_22:12:01.642387
ED   57,0.00%,YES,&nbsp,150,AD 29,2025-11-04_22:12:01.642387
ED   57,0.00%,NO,&nbsp,41,AD 29,2025-11-04_22:12:01.642387
ED   58,0.00%,YES,&nbsp,343,AD 29,2025-11-04_22:12:01.642387
ED   58,0.00%,NO,&nbsp,147,AD 29,2025-11-04_22:12:01.642387
ED   59,0.00%,YES,&nbsp,149,AD 29,2025-11-04_22:12:01.642387
ED   59,0.00%,NO,&nbsp,55,AD 29,2025-11-04_22:12:01.642387
ED   60,0.00%,YES,&nbsp,353,AD 29,2025-11-04_22:12:01.642387
ED   60,0.00%,NO,&nbsp,116,AD 29,2025-11-04_22:12:01.642387
ED   61,0.00%,YES,&nbsp,19,AD 29,2025-11-04_22:12:01.642387
ED   61,0.00%,NO,&nbsp,7,AD 29,2025-11-04_22:12:01.642387
ED   62,0.00%,YES,&nbsp,-,AD 29,2025-11-04_22:12:01.642387
ED   62,0.00%,NO,&nbsp,-,AD 29,2025-11-04_22:12:01.642387
ED   63,0.00%,YES,&nbsp,276,AD 29,2025-11-04_22:12:01.642387
ED   63,0.00%,NO,&nbsp,38,AD 29,2025-11-04_22:12:01.642387
ED   64,0.00%,YES,&nbsp,28,AD 29,2025-11-04_22:12:01.642387
ED   64,0.00%,NO,&nbsp,13,AD 29,2025-11-04_22:12:01.642387
ED   65,0.00%,YES,&nbsp,204,AD 29,2025-11-04_22:12:01.642387
ED   65,0.00%,NO,&nbsp,62,AD 29,2025-11-04_22:12:01.642387
ED   66,0.00%,YES,&nbsp,245,AD 29,2025-11-04_22:12:01.642387
ED   66,0.00%,NO,&nbsp,108,AD 29,2025-11-04_22:12:01.642387
Total,,YES,&nbsp,17025,AD 29,2025-11-04_22:12:01.642387
Total,,NO,&nbsp,5854,AD 29,2025-11-04_22:12:01.642387
ED    1,0.00%,YES,&nbsp,210,AD 30,2025-11-04_22:12:01.642387
ED    1,0.00%,NO,&nbsp,300,AD 30,2025-11-04_22:12:01.642387
ED    2,0.00%,YES,&nbsp,41,AD 30,2025-11-04_22:12:01.642387
ED    2,0.00%,NO,&nbsp,36,AD 30,2025-11-04_22:12:01.642387
ED    3,0.00%,YES,&nbsp,94,AD 30,2025-11-04_22:12:01.642387
ED    3,0.00%,NO,&nbsp,33,AD 30,2025-11-04_22:12:01.642387
ED    4,0.00%,YES,&nbsp,209,AD 30,2025-11-04_22:12:01.642387
ED    4,0.00%,NO,&nbsp,100,AD 30,2025-11-04_22:12:01.642387
ED    5,0.00%,YES,&nbsp,206,AD 30,2025-11-04_22:12:01.642387
ED    5,0.00%,NO,&nbsp,299,AD 30,2025-11-04_22:12:01.642387
ED    6,0.00%,YES,&nbsp,209,AD 30,2025-11-04_22:12:01.642387
ED    6,0.00%,NO,&nbsp,197,AD 30,2025-11-04_22:12:01.642387
ED    7,0.00%,YES,&nbsp,157,AD 30,2025-11-04_22:12:01.642387
ED    7,0.00%,NO,&nbsp,131,AD 30,2025-11-04_22:12:01.642387
ED    8,0.00%,YES,&nbsp,227,AD 30,2025-11-04_22:12:01.642387
ED    8,0.00%,NO,&nbsp,281,AD 30,2025-11-04_22:12:01.642387
ED    9,0.00%,YES,&nbsp,140,AD 30,2025-11-04_22:12:01.642387
ED    9,0.00%,NO,&nbsp,188,AD 30,2025-11-04_22:12:01.642387
ED   10,0.00%,YES,&nbsp,260,AD 30,2025-11-04_22:12:01.642387
ED   10,0.00%,NO,&nbsp,305,AD 30,2025-11-04_22:12:01.642387
ED   11,0.00%,YES,&nbsp,217,AD 30,2025-11-04_22:12:01.642387
ED   11,0.00%,NO,&nbsp,171,AD 30,2025-11-04_22:12:01.642387
ED   12,0.00%,YES,&nbsp,119,AD 30,2025-11-04_22:12:01.642387
ED   12,0.00%,NO,&nbsp,85,AD 30,2025-11-04_22:12:01.642387
ED   13,0.00%,YES,&nbsp,423,AD 30,2025-11-04_22:12:01.642387
ED   13,0.00%,NO,&nbsp,290,AD 30,2025-11-04_22:12:01.642387
ED   14,0.00%,YES,&nbsp,47,AD 30,2025-11-04_22:12:01.642387
ED   14,0.00%,NO,&nbsp,17,AD 30,2025-11-04_22:12:01.642387
ED   15,0.00%,YES,&nbsp,202,AD 30,2025-11-04_22:12:01.642387
ED   15,0.00%,NO,&nbsp,79,AD 30,2025-11-04_22:12:01.642387
ED   16,0.00%,YES,&nbsp,308,AD 30,2025-11-04_22:12:01.642387
ED   16,0.00%,NO,&nbsp,230,AD 30,2025-11-04_22:12:01.642387
ED   17,0.00%,YES,&nbsp,81,AD 30,2025-11-04_22:12:01.642387
ED   17,0.00%,NO,&nbsp,93,AD 30,2025-11-04_22:12:01.642387
ED   18,0.00%,YES,&nbsp,90,AD 30,2025-11-04_22:12:01.642387
ED   18,0.00%,NO,&nbsp,39,AD 30,2025-11-04_22:12:01.642387
ED   19,0.00%,YES,&nbsp,266,AD 30,2025-11-04_22:12:01.642387
ED   19,0.00%,NO,&nbsp,93,AD 30,2025-11-04_22:12:01.642387
ED   20,0.00%,YES,&nbsp,225,AD 30,2025-11-04_22:12:01.642387
ED   20,0.00%,NO,&nbsp,90,AD 30,2025-11-04_22:12:01.642387
ED   21,0.00%,YES,&nbsp,407,AD 30,2025-11-04_22:12:01.642387
ED   21,0.00%,NO,&nbsp,213,AD 30,2025-11-04_22:12:01.642387
ED   22,0.00%,YES,&nbsp,427,AD 30,2025-11-04_22:12:01.642387
ED   22,0.00%,NO,&nbsp,181,AD 30,2025-11-04_22:12:01.642387
ED   23,0.00%,YES,&nbsp,256,AD 30,2025-11-04_22:12:01.642387
ED   23,0.00%,NO,&nbsp,145,AD 30,2025-11-04_22:12:01.642387
ED   24,0.00%,YES,&nbsp,321,AD 30,2025-11-04_22:12:01.642387
ED   24,0.00%,NO,&nbsp,115,AD 30,2025-11-04_22:12:01.642387
ED   25,0.00%,YES,&nbsp,375,AD 30,2025-11-04_22:12:01.642387
ED   25,0.00%,NO,&nbsp,166,AD 30,2025-11-04_22:12:01.642387
ED   26,0.00%,YES,&nbsp,5,AD 30,2025-11-04_22:12:01.642387
ED   26,0.00%,NO,&nbsp,7,AD 30,2025-11-04_22:12:01.642387
ED   27,0.00%,YES,&nbsp,288,AD 30,2025-11-04_22:12:01.642387
ED   27,0.00%,NO,&nbsp,198,AD 30,2025-11-04_22:12:01.642387
ED   28,0.00%,YES,&nbsp,88,AD 30,2025-11-04_22:12:01.642387
ED   28,0.00%,NO,&nbsp,86,AD 30,2025-11-04_22:12:01.642387
ED   29,0.00%,YES,&nbsp,13,AD 30,2025-11-04_22:12:01.642387
ED   29,0.00%,NO,&nbsp,-,AD 30,2025-11-04_22:12:01.642387
ED   30,0.00%,YES,&nbsp,397,AD 30,2025-11-04_22:12:01.642387
ED   30,0.00%,NO,&nbsp,195,AD 30,2025-11-04_22:12:01.642387
ED   31,0.00%,YES,&nbsp,327,AD 30,2025-11-04_22:12:01.642387
ED   31,0.00%,NO,&nbsp,200,AD 30,2025-11-04_22:12:01.642387
ED   32,0.00%,YES,&nbsp,34,AD 30,2025-11-04_22:12:01.642387
ED   32,0.00%,NO,&nbsp,22,AD 30,2025-11-04_22:12:01.642387
ED   33,0.00%,YES,&nbsp,262,AD 30,2025-11-04_22:12:01.642387
ED   33,0.00%,NO,&nbsp,106,AD 30,2025-11-04_22:12:01.642387
ED   34,0.00%,YES,&nbsp,117,AD 30,2025-11-04_22:12:01.642387
ED   34,0.00%,NO,&nbsp,91,AD 30,2025-11-04_22:12:01.642387
ED   35,0.00%,YES,&nbsp,314,AD 30,2025-11-04_22:12:01.642387
ED   35,0.00%,NO,&nbsp,199,AD 30,2025-11-04_22:12:01.642387
ED   36,0.00%,YES,&nbsp,340,AD 30,2025-11-04_22:12:01.642387
ED   36,0.00%,NO,&nbsp,181,AD 30,2025-11-04_22:12:01.642387
ED   37,0.00%,YES,&nbsp,250,AD 30,2025-11-04_22:12:01.642387
ED   37,0.00%,NO,&nbsp,91,AD 30,2025-11-04_22:12:01.642387
ED   38,0.00%,YES,&nbsp,223,AD 30,2025-11-04_22:12:01.642387
ED   38,0.00%,NO,&nbsp,110,AD 30,2025-11-04_22:12:01.642387
ED   39,0.00%,YES,&nbsp,252,AD 30,2025-11-04_22:12:01.642387
ED   39,0.00%,NO,&nbsp,131,AD 30,2025-11-04_22:12:01.642387
ED   40,0.00%,YES,&nbsp,209,AD 30,2025-11-04_22:12:01.642387
ED   40,0.00%,NO,&nbsp,91,AD 30,2025-11-04_22:12:01.642387
ED   41,0.00%,YES,&nbsp,352,AD 30,2025-11-04_22:12:01.642387
ED   41,0.00%,NO,&nbsp,125,AD 30,2025-11-04_22:12:01.642387
ED   42,0.00%,YES,&nbsp,246,AD 30,2025-11-04_22:12:01.642387
ED   42,0.00%,NO,&nbsp,78,AD 30,2025-11-04_22:12:01.642387
ED   43,0.00%,YES,&nbsp,125,AD 30,2025-11-04_22:12:01.642387
ED   43,0.00%,NO,&nbsp,73,AD 30,2025-11-04_22:12:01.642387
ED   44,0.00%,YES,&nbsp,47,AD 30,2025-11-04_22:12:01.642387
ED   44,0.00%,NO,&nbsp,33,AD 30,2025-11-04_22:12:01.642387
ED   45,0.00%,YES,&nbsp,284,AD 30,2025-11-04_22:12:01.642387
ED   45,0.00%,NO,&nbsp,112,AD 30,2025-11-04_22:12:01.642387
ED   46,0.00%,YES,&nbsp,256,AD 30,2025-11-04_22:12:01.642387
ED   46,0.00%,NO,&nbsp,154,AD 30,2025-11-04_22:12:01.642387
ED   47,0.00%,YES,&nbsp,81,AD 30,2025-11-04_22:12:01.642387
ED   47,0.00%,NO,&nbsp,58,AD 30,2025-11-04_22:12:01.642387
ED   48,0.00%,YES,&nbsp,163,AD 30,2025-11-04_22:12:01.642387
ED   48,0.00%,NO,&nbsp,103,AD 30,2025-11-04_22:12:01.642387
ED   49,0.00%,YES,&nbsp,355,AD 30,2025-11-04_22:12:01.642387
ED   49,0.00%,NO,&nbsp,175,AD 30,2025-11-04_22:12:01.642387
ED   50,0.00%,YES,&nbsp,266,AD 30,2025-11-04_22:12:01.642387
ED   50,0.00%,NO,&nbsp,104,AD 30,2025-11-04_22:12:01.642387
ED   51,0.00%,YES,&nbsp,309,AD 30,2025-11-04_22:12:01.642387
ED   51,0.00%,NO,&nbsp,137,AD 30,2025-11-04_22:12:01.642387
ED   52,0.00%,YES,&nbsp,166,AD 30,2025-11-04_22:12:01.642387
ED   52,0.00%,NO,&nbsp,90,AD 30,2025-11-04_22:12:01.642387
ED   53,0.00%,YES,&nbsp,190,AD 30,2025-11-04_22:12:01.642387
ED   53,0.00%,NO,&nbsp,102,AD 30,2025-11-04_22:12:01.642387
ED   54,0.00%,YES,&nbsp,157,AD 30,2025-11-04_22:12:01.642387
ED   54,0.00%,NO,&nbsp,89,AD 30,2025-11-04_22:12:01.642387
ED   55,0.00%,YES,&nbsp,259,AD 30,2025-11-04_22:12:01.642387
ED   55,0.00%,NO,&nbsp,126,AD 30,2025-11-04_22:12:01.642387
ED   56,0.00%,YES,&nbsp,265,AD 30,2025-11-04_22:12:01.642387
ED   56,0.00%,NO,&nbsp,168,AD 30,2025-11-04_22:12:01.642387
ED   57,0.00%,YES,&nbsp,-,AD 30,2025-11-04_22:12:01.642387
ED   57,0.00%,NO,&nbsp,-,AD 30,2025-11-04_22:12:01.642387
ED   58,0.00%,YES,&nbsp,-,AD 30,2025-11-04_22:12:01.642387
ED   58,0.00%,NO,&nbsp,-,AD 30,2025-11-04_22:12:01.642387
ED   59,0.00%,YES,&nbsp,-,AD 30,2025-11-04_22:12:01.642387
ED   59,0.00%,NO,&nbsp,-,AD 30,2025-11-04_22:12:01.642387
Total,,YES,&nbsp,12157,AD 30,2025-11-04_22:12:01.642387
Total,,NO,&nbsp,7312,AD 30,2025-11-04_22:12:01.642387
ED    1,0.00%,YES,&nbsp,275,AD 31,2025-11-04_22:12:01.642387
ED    1,0.00%,NO,&nbsp,122,AD 31,2025-11-04_22:12:01.642387
ED    2,0.00%,YES,&nbsp,226,AD 31,2025-11-04_22:12:01.642387
ED    2,0.00%,NO,&nbsp,79,AD 31,2025-11-04_22:12:01.642387
ED    3,0.00%,YES,&nbsp,179,AD 31,2025-11-04_22:12:01.642387
ED    3,0.00%,NO,&nbsp,84,AD 31,2025-11-04_22:12:01.642387
ED    4,0.00%,YES,&nbsp,212,AD 31,2025-11-04_22:12:01.642387
ED    4,0.00%,NO,&nbsp,98,AD 31,2025-11-04_22:12:01.642387
ED    5,0.00%,YES,&nbsp,243,AD 31,2025-11-04_22:12:01.642387
ED    5,0.00%,NO,&nbsp,67,AD 31,2025-11-04_22:12:01.642387
ED    6,0.00%,YES,&nbsp,170,AD 31,2025-11-04_22:12:01.642387
ED    6,0.00%,NO,&nbsp,34,AD 31,2025-11-04_22:12:01.642387
ED    7,0.00%,YES,&nbsp,171,AD 31,2025-11-04_22:12:01.642387
ED    7,0.00%,NO,&nbsp,38,AD 31,2025-11-04_22:12:01.642387
ED    8,0.00%,YES,&nbsp,266,AD 31,2025-11-04_22:12:01.642387
ED    8,0.00%,NO,&nbsp,120,AD 31,2025-11-04_22:12:01.642387
ED    9,0.00%,YES,&nbsp,150,AD 31,2025-11-04_22:12:01.642387
ED    9,0.00%,NO,&nbsp,58,AD 31,2025-11-04_22:12:01.642387
ED   10,0.00%,YES,&nbsp,171,AD 31,2025-11-04_22:12:01.642387
ED   10,0.00%,NO,&nbsp,40,AD 31,2025-11-04_22:12:01.642387
ED   11,0.00%,YES,&nbsp,216,AD 31,2025-11-04_22:12:01.642387
ED   11,0.00%,NO,&nbsp,44,AD 31,2025-11-04_22:12:01.642387
ED   12,0.00%,YES,&nbsp,246,AD 31,2025-11-04_22:12:01.642387
ED   12,0.00%,NO,&nbsp,82,AD 31,2025-11-04_22:12:01.642387
ED   13,0.00%,YES,&nbsp,93,AD 31,2025-11-04_22:12:01.642387
ED   13,0.00%,NO,&nbsp,44,AD 31,2025-11-04_22:12:01.642387
ED   14,0.00%,YES,&nbsp,109,AD 31,2025-11-04_22:12:01.642387
ED   14,0.00%,NO,&nbsp,33,AD 31,2025-11-04_22:12:01.642387
ED   15,0.00%,YES,&nbsp,341,AD 31,2025-11-04_22:12:01.642387
ED   15,0.00%,NO,&nbsp,155,AD 31,2025-11-04_22:12:01.642387
ED   16,0.00%,YES,&nbsp,121,AD 31,2025-11-04_22:12:01.642387
ED   16,0.00%,NO,&nbsp,115,AD 31,2025-11-04_22:12:01.642387
ED   17,0.00%,YES,&nbsp,4,AD 31,2025-11-04_22:12:01.642387
ED   17,0.00%,NO,&nbsp,2,AD 31,2025-11-04_22:12:01.642387
ED   18,0.00%,YES,&nbsp,102,AD 31,2025-11-04_22:12:01.642387
ED   18,0.00%,NO,&nbsp,36,AD 31,2025-11-04_22:12:01.642387
ED   19,0.00%,YES,&nbsp,8,AD 31,2025-11-04_22:12:01.642387
ED   19,0.00%,NO,&nbsp,2,AD 31,2025-11-04_22:12:01.642387
ED   20,0.00%,YES,&nbsp,341,AD 31,2025-11-04_22:12:01.642387
ED   20,0.00%,NO,&nbsp,141,AD 31,2025-11-04_22:12:01.642387
ED   21,0.00%,YES,&nbsp,243,AD 31,2025-11-04_22:12:01.642387
ED   21,0.00%,NO,&nbsp,147,AD 31,2025-11-04_22:12:01.642387
ED   22,0.00%,YES,&nbsp,260,AD 31,2025-11-04_22:12:01.642387
ED   22,0.00%,NO,&nbsp,77,AD 31,2025-11-04_22:12:01.642387
ED   23,0.00%,YES,&nbsp,284,AD 31,2025-11-04_22:12:01.642387
ED   23,0.00%,NO,&nbsp,110,AD 31,2025-11-04_22:12:01.642387
ED   24,0.00%,YES,&nbsp,88,AD 31,2025-11-04_22:12:01.642387
ED   24,0.00%,NO,&nbsp,30,AD 31,2025-11-04_22:12:01.642387
ED   25,0.00%,YES,&nbsp,292,AD 31,2025-11-04_22:12:01.642387
ED   25,0.00%,NO,&nbsp,113,AD 31,2025-11-04_22:12:01.642387
ED   26,0.00%,YES,&nbsp,292,AD 31,2025-11-04_22:12:01.642387
ED   26,0.00%,NO,&nbsp,112,AD 31,2025-11-04_22:12:01.642387
ED   27,0.00%,YES,&nbsp,314,AD 31,2025-11-04_22:12:01.642387
ED   27,0.00%,NO,&nbsp,150,AD 31,2025-11-04_22:12:01.642387
ED   28,0.00%,YES,&nbsp,284,AD 31,2025-11-04_22:12:01.642387
ED   28,0.00%,NO,&nbsp,86,AD 31,2025-11-04_22:12:01.642387
ED   29,0.00%,YES,&nbsp,267,AD 31,2025-11-04_22:12:01.642387
ED   29,0.00%,NO,&nbsp,79,AD 31,2025-11-04_22:12:01.642387
ED   30,0.00%,YES,&nbsp,161,AD 31,2025-11-04_22:12:01.642387
ED   30,0.00%,NO,&nbsp,61,AD 31,2025-11-04_22:12:01.642387
ED   31,0.00%,YES,&nbsp,205,AD 31,2025-11-04_22:12:01.642387
ED   31,0.00%,NO,&nbsp,46,AD 31,2025-11-04_22:12:01.642387
ED   32,0.00%,YES,&nbsp,331,AD 31,2025-11-04_22:12:01.642387
ED   32,0.00%,NO,&nbsp,106,AD 31,2025-11-04_22:12:01.642387
ED   33,0.00%,YES,&nbsp,116,AD 31,2025-11-04_22:12:01.642387
ED   33,0.00%,NO,&nbsp,30,AD 31,2025-11-04_22:12:01.642387
ED   34,0.00%,YES,&nbsp,303,AD 31,2025-11-04_22:12:01.642387
ED   34,0.00%,NO,&nbsp,70,AD 31,2025-11-04_22:12:01.642387
ED   35,0.00%,YES,&nbsp,208,AD 31,2025-11-04_22:12:01.642387
ED   35,0.00%,NO,&nbsp,67,AD 31,2025-11-04_22:12:01.642387
ED   36,0.00%,YES,&nbsp,63,AD 31,2025-11-04_22:12:01.642387
ED   36,0.00%,NO,&nbsp,30,AD 31,2025-11-04_22:12:01.642387
ED   37,0.00%,YES,&nbsp,272,AD 31,2025-11-04_22:12:01.642387
ED   37,0.00%,NO,&nbsp,119,AD 31,2025-11-04_22:12:01.642387
ED   38,0.00%,YES,&nbsp,178,AD 31,2025-11-04_22:12:01.642387
ED   38,0.00%,NO,&nbsp,73,AD 31,2025-11-04_22:12:01.642387
ED   39,0.00%,YES,&nbsp,141,AD 31,2025-11-04_22:12:01.642387
ED   39,0.00%,NO,&nbsp,63,AD 31,2025-11-04_22:12:01.642387
ED   40,0.00%,YES,&nbsp,242,AD 31,2025-11-04_22:12:01.642387
ED   40,0.00%,NO,&nbsp,169,AD 31,2025-11-04_22:12:01.642387
ED   41,0.00%,YES,&nbsp,238,AD 31,2025-11-04_22:12:01.642387
ED   41,0.00%,NO,&nbsp,89,AD 31,2025-11-04_22:12:01.642387
ED   42,0.00%,YES,&nbsp,94,AD 31,2025-11-04_22:12:01.642387
ED   42,0.00%,NO,&nbsp,40,AD 31,2025-11-04_22:12:01.642387
ED   43,0.00%,YES,&nbsp,205,AD 31,2025-11-04_22:12:01.642387
ED   43,0.00%,NO,&nbsp,90,AD 31,2025-11-04_22:12:01.642387
ED   44,0.00%,YES,&nbsp,207,AD 31,2025-11-04_22:12:01.642387
ED   44,0.00%,NO,&nbsp,89,AD 31,2025-11-04_22:12:01.642387
ED   45,0.00%,YES,&nbsp,243,AD 31,2025-11-04_22:12:01.642387
ED   45,0.00%,NO,&nbsp,98,AD 31,2025-11-04_22:12:01.642387
ED   46,0.00%,YES,&nbsp,191,AD 31,2025-11-04_22:12:01.642387
ED   46,0.00%,NO,&nbsp,74,AD 31,2025-11-04_22:12:01.642387
ED   47,0.00%,YES,&nbsp,102,AD 31,2025-11-04_22:12:01.642387
ED   47,0.00%,NO,&nbsp,31,AD 31,2025-11-04_22:12:01.642387
ED   48,0.00%,YES,&nbsp,126,AD 31,2025-11-04_22:12:01.642387
ED   48,0.00%,NO,&nbsp,47,AD 31,2025-11-04_22:12:01.642387
ED   49,0.00%,YES,&nbsp,33,AD 31,2025-11-04_22:12:01.642387
ED   49,0.00%,NO,&nbsp,12,AD 31,2025-11-04_22:12:01.642387
ED   50,0.00%,YES,&nbsp,207,AD 31,2025-11-04_22:12:01.642387
ED   50,0.00%,NO,&nbsp,84,AD 31,2025-11-04_22:12:01.642387
ED   51,0.00%,YES,&nbsp,211,AD 31,2025-11-04_22:12:01.642387
ED   51,0.00%,NO,&nbsp,74,AD 31,2025-11-04_22:12:01.642387
ED   52,0.00%,YES,&nbsp,197,AD 31,2025-11-04_22:12:01.642387
ED   52,0.00%,NO,&nbsp,78,AD 31,2025-11-04_22:12:01.642387
ED   53,0.00%,YES,&nbsp,174,AD 31,2025-11-04_22:12:01.642387
ED   53,0.00%,NO,&nbsp,77,AD 31,2025-11-04_22:12:01.642387
ED   54,0.00%,YES,&nbsp,244,AD 31,2025-11-04_22:12:01.642387
ED   54,0.00%,NO,&nbsp,91,AD 31,2025-11-04_22:12:01.642387
ED   55,0.00%,YES,&nbsp,235,AD 31,2025-11-04_22:12:01.642387
ED   55,0.00%,NO,&nbsp,86,AD 31,2025-11-04_22:12:01.642387
ED   56,0.00%,YES,&nbsp,213,AD 31,2025-11-04_22:12:01.642387
ED   56,0.00%,NO,&nbsp,84,AD 31,2025-11-04_22:12:01.642387
ED   57,0.00%,YES,&nbsp,239,AD 31,2025-11-04_22:12:01.642387
ED   57,0.00%,NO,&nbsp,175,AD 31,2025-11-04_22:12:01.642387
ED   58,0.00%,YES,&nbsp,-,AD 31,2025-11-04_22:12:01.642387
ED   58,0.00%,NO,&nbsp,-,AD 31,2025-11-04_22:12:01.642387
ED   59,0.00%,YES,&nbsp,-,AD 31,2025-11-04_22:12:01.642387
ED   59,0.00%,NO,&nbsp,-,AD 31,2025-11-04_22:12:01.642387
ED   60,0.00%,YES,&nbsp,-,AD 31,2025-11-04_22:12:01.642387
ED   60,0.00%,NO,&nbsp,-,AD 31,2025-11-04_22:12:01.642387
ED   61,0.00%,YES,&nbsp,-,AD 31,2025-11-04_22:12:01.642387
ED   61,0.00%,NO,&nbsp,-,AD 31,2025-11-04_22:12:01.642387
ED   62,0.00%,YES,&nbsp,-,AD 31,2025-11-04_22:12:01.642387
ED   62,0.00%,NO,&nbsp,-,AD 31,2025-11-04_22:12:01.642387
ED   63,0.00%,YES,&nbsp,-,AD 31,2025-11-04_22:12:01.642387
ED   63,0.00%,NO,&nbsp,-,AD 31,2025-11-04_22:12:01.642387
Total,,YES,&nbsp,11347,AD 31,2025-11-04_22:12:01.642387
Total,,NO,&nbsp,4451,AD 31,2025-11-04_22:12:01.642387
ED    1,0.00%,YES,&nbsp,6,AD 32,2025-11-04_22:12:01.642387
ED    1,0.00%,NO,&nbsp,2,AD 32,2025-11-04_22:12:01.642387
ED    2,0.00%,YES,&nbsp,55,AD 32,2025-11-04_22:12:01.642387
ED    2,0.00%,NO,&nbsp,10,AD 32,2025-11-04_22:12:01.642387
ED    3,0.00%,YES,&nbsp,327,AD 32,2025-11-04_22:12:01.642387
ED    3,0.00%,NO,&nbsp,77,AD 32,2025-11-04_22:12:01.642387
ED    4,0.00%,YES,&nbsp,203,AD 32,2025-11-04_22:12:01.642387
ED    4,0.00%,NO,&nbsp,60,AD 32,2025-11-04_22:12:01.642387
ED    5,0.00%,YES,&nbsp,293,AD 32,2025-11-04_22:12:01.642387
ED    5,0.00%,NO,&nbsp,137,AD 32,2025-11-04_22:12:01.642387
ED    6,0.00%,YES,&nbsp,12,AD 32,2025-11-04_22:12:01.642387
ED    6,0.00%,NO,&nbsp,9,AD 32,2025-11-04_22:12:01.642387
ED    7,0.00%,YES,&nbsp,338,AD 32,2025-11-04_22:12:01.642387
ED    7,0.00%,NO,&nbsp,124,AD 32,2025-11-04_22:12:01.642387
ED    8,0.00%,YES,&nbsp,294,AD 32,2025-11-04_22:12:01.642387
ED    8,0.00%,NO,&nbsp,90,AD 32,2025-11-04_22:12:01.642387
ED    9,0.00%,YES,&nbsp,278,AD 32,2025-11-04_22:12:01.642387
ED    9,0.00%,NO,&nbsp,73,AD 32,2025-11-04_22:12:01.642387
ED   10,0.00%,YES,&nbsp,175,AD 32,2025-11-04_22:12:01.642387
ED   10,0.00%,NO,&nbsp,49,AD 32,2025-11-04_22:12:01.642387
ED   11,0.00%,YES,&nbsp,25,AD 32,2025-11-04_22:12:01.642387
ED   11,0.00%,NO,&nbsp,6,AD 32,2025-11-04_22:12:01.642387
ED   12,0.00%,YES,&nbsp,224,AD 32,2025-11-04_22:12:01.642387
ED   12,0.00%,NO,&nbsp,90,AD 32,2025-11-04_22:12:01.642387
ED   13,0.00%,YES,&nbsp,9,AD 32,2025-11-04_22:12:01.642387
ED   13,0.00%,NO,&nbsp,2,AD 32,2025-11-04_22:12:01.642387
ED   14,0.00%,YES,&nbsp,40,AD 32,2025-11-04_22:12:01.642387
ED   14,0.00%,NO,&nbsp,10,AD 32,2025-11-04_22:12:01.642387
ED   15,0.00%,YES,&nbsp,261,AD 32,2025-11-04_22:12:01.642387
ED   15,0.00%,NO,&nbsp,96,AD 32,2025-11-04_22:12:01.642387
ED   16,0.00%,YES,&nbsp,65,AD 32,2025-11-04_22:12:01.642387
ED   16,0.00%,NO,&nbsp,15,AD 32,2025-11-04_22:12:01.642387
ED   17,0.00%,YES,&nbsp,296,AD 32,2025-11-04_22:12:01.642387
ED   17,0.00%,NO,&nbsp,63,AD 32,2025-11-04_22:12:01.642387
ED   18,0.00%,YES,&nbsp,81,AD 32,2025-11-04_22:12:01.642387
ED   18,0.00%,NO,&nbsp,23,AD 32,2025-11-04_22:12:01.642387
ED   19,0.00%,YES,&nbsp,230,AD 32,2025-11-04_22:12:01.642387
ED   19,0.00%,NO,&nbsp,83,AD 32,2025-11-04_22:12:01.642387
ED   20,0.00%,YES,&nbsp,219,AD 32,2025-11-04_22:12:01.642387
ED   20,0.00%,NO,&nbsp,72,AD 32,2025-11-04_22:12:01.642387
ED   21,0.00%,YES,&nbsp,270,AD 32,2025-11-04_22:12:01.642387
ED   21,0.00%,NO,&nbsp,70,AD 32,2025-11-04_22:12:01.642387
ED   22,0.00%,YES,&nbsp,344,AD 32,2025-11-04_22:12:01.642387
ED   22,0.00%,NO,&nbsp,114,AD 32,2025-11-04_22:12:01.642387
ED   23,0.00%,YES,&nbsp,266,AD 32,2025-11-04_22:12:01.642387
ED   23,0.00%,NO,&nbsp,68,AD 32,2025-11-04_22:12:01.642387
ED   24,0.00%,YES,&nbsp,211,AD 32,2025-11-04_22:12:01.642387
ED   24,0.00%,NO,&nbsp,62,AD 32,2025-11-04_22:12:01.642387
ED   25,0.00%,YES,&nbsp,194,AD 32,2025-11-04_22:12:01.642387
ED   25,0.00%,NO,&nbsp,67,AD 32,2025-11-04_22:12:01.642387
ED   26,0.00%,YES,&nbsp,282,AD 32,2025-11-04_22:12:01.642387
ED   26,0.00%,NO,&nbsp,79,AD 32,2025-11-04_22:12:01.642387
ED   27,0.00%,YES,&nbsp,271,AD 32,2025-11-04_22:12:01.642387
ED   27,0.00%,NO,&nbsp,76,AD 32,2025-11-04_22:12:01.642387
ED   28,0.00%,YES,&nbsp,254,AD 32,2025-11-04_22:12:01.642387
ED   28,0.00%,NO,&nbsp,67,AD 32,2025-11-04_22:12:01.642387
ED   29,0.00%,YES,&nbsp,142,AD 32,2025-11-04_22:12:01.642387
ED   29,0.00%,NO,&nbsp,38,AD 32,2025-11-04_22:12:01.642387
ED   30,0.00%,YES,&nbsp,230,AD 32,2025-11-04_22:12:01.642387
ED   30,0.00%,NO,&nbsp,68,AD 32,2025-11-04_22:12:01.642387
ED   31,0.00%,YES,&nbsp,220,AD 32,2025-11-04_22:12:01.642387
ED   31,0.00%,NO,&nbsp,53,AD 32,2025-11-04_22:12:01.642387
ED   32,0.00%,YES,&nbsp,273,AD 32,2025-11-04_22:12:01.642387
ED   32,0.00%,NO,&nbsp,93,AD 32,2025-11-04_22:12:01.642387
ED   33,0.00%,YES,&nbsp,87,AD 32,2025-11-04_22:12:01.642387
ED   33,0.00%,NO,&nbsp,29,AD 32,2025-11-04_22:12:01.642387
ED   34,0.00%,YES,&nbsp,332,AD 32,2025-11-04_22:12:01.642387
ED   34,0.00%,NO,&nbsp,97,AD 32,2025-11-04_22:12:01.642387
ED   35,0.00%,YES,&nbsp,137,AD 32,2025-11-04_22:12:01.642387
ED   35,0.00%,NO,&nbsp,54,AD 32,2025-11-04_22:12:01.642387
ED   36,0.00%,YES,&nbsp,207,AD 32,2025-11-04_22:12:01.642387
ED   36,0.00%,NO,&nbsp,42,AD 32,2025-11-04_22:12:01.642387
ED   37,0.00%,YES,&nbsp,352,AD 32,2025-11-04_22:12:01.642387
ED   37,0.00%,NO,&nbsp,71,AD 32,2025-11-04_22:12:01.642387
ED   38,0.00%,YES,&nbsp,318,AD 32,2025-11-04_22:12:01.642387
ED   38,0.00%,NO,&nbsp,64,AD 32,2025-11-04_22:12:01.642387
ED   39,0.00%,YES,&nbsp,250,AD 32,2025-11-04_22:12:01.642387
ED   39,0.00%,NO,&nbsp,67,AD 32,2025-11-04_22:12:01.642387
ED   40,0.00%,YES,&nbsp,244,AD 32,2025-11-04_22:12:01.642387
ED   40,0.00%,NO,&nbsp,63,AD 32,2025-11-04_22:12:01.642387
ED   41,0.00%,YES,&nbsp,156,AD 32,2025-11-04_22:12:01.642387
ED   41,0.00%,NO,&nbsp,30,AD 32,2025-11-04_22:12:01.642387
ED   42,0.00%,YES,&nbsp,257,AD 32,2025-11-04_22:12:01.642387
ED   42,0.00%,NO,&nbsp,67,AD 32,2025-11-04_22:12:01.642387
ED   43,0.00%,YES,&nbsp,338,AD 32,2025-11-04_22:12:01.642387
ED   43,0.00%,NO,&nbsp,82,AD 32,2025-11-04_22:12:01.642387
ED   44,0.00%,YES,&nbsp,178,AD 32,2025-11-04_22:12:01.642387
ED   44,0.00%,NO,&nbsp,46,AD 32,2025-11-04_22:12:01.642387
ED   45,0.00%,YES,&nbsp,237,AD 32,2025-11-04_22:12:01.642387
ED   45,0.00%,NO,&nbsp,42,AD 32,2025-11-04_22:12:01.642387
ED   46,0.00%,YES,&nbsp,214,AD 32,2025-11-04_22:12:01.642387
ED   46,0.00%,NO,&nbsp,77,AD 32,2025-11-04_22:12:01.642387
ED   47,0.00%,YES,&nbsp,244,AD 32,2025-11-04_22:12:01.642387
ED   47,0.00%,NO,&nbsp,76,AD 32,2025-11-04_22:12:01.642387
ED   48,0.00%,YES,&nbsp,335,AD 32,2025-11-04_22:12:01.642387
ED   48,0.00%,NO,&nbsp,86,AD 32,2025-11-04_22:12:01.642387
ED   49,0.00%,YES,&nbsp,216,AD 32,2025-11-04_22:12:01.642387
ED   49,0.00%,NO,&nbsp,69,AD 32,2025-11-04_22:12:01.642387
ED   50,0.00%,YES,&nbsp,346,AD 32,2025-11-04_22:12:01.642387
ED   50,0.00%,NO,&nbsp,121,AD 32,2025-11-04_22:12:01.642387
ED   51,0.00%,YES,&nbsp,334,AD 32,2025-11-04_22:12:01.642387
ED   51,0.00%,NO,&nbsp,102,AD 32,2025-11-04_22:12:01.642387
ED   52,0.00%,YES,&nbsp,220,AD 32,2025-11-04_22:12:01.642387
ED   52,0.00%,NO,&nbsp,76,AD 32,2025-11-04_22:12:01.642387
ED   53,0.00%,YES,&nbsp,405,AD 32,2025-11-04_22:12:01.642387
ED   53,0.00%,NO,&nbsp,163,AD 32,2025-11-04_22:12:01.642387
ED   54,0.00%,YES,&nbsp,420,AD 32,2025-11-04_22:12:01.642387
ED   54,0.00%,NO,&nbsp,130,AD 32,2025-11-04_22:12:01.642387
ED   55,0.00%,YES,&nbsp,231,AD 32,2025-11-04_22:12:01.642387
ED   55,0.00%,NO,&nbsp,85,AD 32,2025-11-04_22:12:01.642387
ED   56,0.00%,YES,&nbsp,229,AD 32,2025-11-04_22:12:01.642387
ED   56,0.00%,NO,&nbsp,85,AD 32,2025-11-04_22:12:01.642387
ED   57,0.00%,YES,&nbsp,239,AD 32,2025-11-04_22:12:01.642387
ED   57,0.00%,NO,&nbsp,78,AD 32,2025-11-04_22:12:01.642387
ED   58,0.00%,YES,&nbsp,229,AD 32,2025-11-04_22:12:01.642387
ED   58,0.00%,NO,&nbsp,77,AD 32,2025-11-04_22:12:01.642387
ED   59,0.00%,YES,&nbsp,236,AD 32,2025-11-04_22:12:01.642387
ED   59,0.00%,NO,&nbsp,95,AD 32,2025-11-04_22:12:01.642387
ED   60,0.00%,YES,&nbsp,276,AD 32,2025-11-04_22:12:01.642387
ED   60,0.00%,NO,&nbsp,102,AD 32,2025-11-04_22:12:01.642387
ED   61,0.00%,YES,&nbsp,286,AD 32,2025-11-04_22:12:01.642387
ED   61,0.00%,NO,&nbsp,87,AD 32,2025-11-04_22:12:01.642387
ED   62,0.00%,YES,&nbsp,211,AD 32,2025-11-04_22:12:01.642387
ED   62,0.00%,NO,&nbsp,64,AD 32,2025-11-04_22:12:01.642387
ED   63,0.00%,YES,&nbsp,200,AD 32,2025-11-04_22:12:01.642387
ED   63,0.00%,NO,&nbsp,57,AD 32,2025-11-04_22:12:01.642387
ED   64,0.00%,YES,&nbsp,188,AD 32,2025-11-04_22:12:01.642387
ED   64,0.00%,NO,&nbsp,63,AD 32,2025-11-04_22:12:01.642387
ED   65,0.00%,YES,&nbsp,271,AD 32,2025-11-04_22:12:01.642387
ED   65,0.00%,NO,&nbsp,73,AD 32,2025-11-04_22:12:01.642387
ED   66,0.00%,YES,&nbsp,71,AD 32,2025-11-04_22:12:01.642387
ED   66,0.00%,NO,&nbsp,26,AD 32,2025-11-04_22:12:01.642387
ED   67,0.00%,YES,&nbsp,217,AD 32,2025-11-04_22:12:01.642387
ED   67,0.00%,NO,&nbsp,74,AD 32,2025-11-04_22:12:01.642387
ED   68,0.00%,YES,&nbsp,-,AD 32,2025-11-04_22:12:01.642387
ED   68,0.00%,NO,&nbsp,-,AD 32,2025-11-04_22:12:01.642387
Total,,YES,&nbsp,15099,AD 32,2025-11-04_22:12:01.642387
Total,,NO,&nbsp,4566,AD 32,2025-11-04_22:12:01.642387
ED    1,0.00%,YES,&nbsp,296,AD 33,2025-11-04_22:12:01.642387
ED    1,0.00%,NO,&nbsp,337,AD 33,2025-11-04_22:12:01.642387
ED    2,0.00%,YES,&nbsp,351,AD 33,2025-11-04_22:12:01.642387
ED    2,0.00%,NO,&nbsp,353,AD 33,2025-11-04_22:12:01.642387
ED    3,0.00%,YES,&nbsp,366,AD 33,2025-11-04_22:12:01.642387
ED    3,0.00%,NO,&nbsp,257,AD 33,2025-11-04_22:12:01.642387
ED    4,0.00%,YES,&nbsp,215,AD 33,2025-11-04_22:12:01.642387
ED    4,0.00%,NO,&nbsp,391,AD 33,2025-11-04_22:12:01.642387
ED    5,0.00%,YES,&nbsp,289,AD 33,2025-11-04_22:12:01.642387
ED    5,0.00%,NO,&nbsp,236,AD 33,2025-11-04_22:12:01.642387
ED    6,0.00%,YES,&nbsp,305,AD 33,2025-11-04_22:12:01.642387
ED    6,0.00%,NO,&nbsp,420,AD 33,2025-11-04_22:12:01.642387
ED    7,0.00%,YES,&nbsp,232,AD 33,2025-11-04_22:12:01.642387
ED    7,0.00%,NO,&nbsp,260,AD 33,2025-11-04_22:12:01.642387
ED    8,0.00%,YES,&nbsp,307,AD 33,2025-11-04_22:12:01.642387
ED    8,0.00%,NO,&nbsp,289,AD 33,2025-11-04_22:12:01.642387
ED    9,0.00%,YES,&nbsp,313,AD 33,2025-11-04_22:12:01.642387
ED    9,0.00%,NO,&nbsp,226,AD 33,2025-11-04_22:12:01.642387
ED   10,0.00%,YES,&nbsp,238,AD 33,2025-11-04_22:12:01.642387
ED   10,0.00%,NO,&nbsp,116,AD 33,2025-11-04_22:12:01.642387
ED   11,0.00%,YES,&nbsp,186,AD 33,2025-11-04_22:12:01.642387
ED   11,0.00%,NO,&nbsp,111,AD 33,2025-11-04_22:12:01.642387
ED   12,0.00%,YES,&nbsp,262,AD 33,2025-11-04_22:12:01.642387
ED   12,0.00%,NO,&nbsp,126,AD 33,2025-11-04_22:12:01.642387
ED   13,0.00%,YES,&nbsp,48,AD 33,2025-11-04_22:12:01.642387
ED   13,0.00%,NO,&nbsp,12,AD 33,2025-11-04_22:12:01.642387
ED   14,0.00%,YES,&nbsp,190,AD 33,2025-11-04_22:12:01.642387
ED   14,0.00%,NO,&nbsp,129,AD 33,2025-11-04_22:12:01.642387
ED   15,0.00%,YES,&nbsp,200,AD 33,2025-11-04_22:12:01.642387
ED   15,0.00%,NO,&nbsp,103,AD 33,2025-11-04_22:12:01.642387
ED   16,0.00%,YES,&nbsp,354,AD 33,2025-11-04_22:12:01.642387
ED   16,0.00%,NO,&nbsp,135,AD 33,2025-11-04_22:12:01.642387
ED   17,0.00%,YES,&nbsp,354,AD 33,2025-11-04_22:12:01.642387
ED   17,0.00%,NO,&nbsp,185,AD 33,2025-11-04_22:12:01.642387
ED   18,0.00%,YES,&nbsp,254,AD 33,2025-11-04_22:12:01.642387
ED   18,0.00%,NO,&nbsp,108,AD 33,2025-11-04_22:12:01.642387
ED   19,0.00%,YES,&nbsp,210,AD 33,2025-11-04_22:12:01.642387
ED   19,0.00%,NO,&nbsp,102,AD 33,2025-11-04_22:12:01.642387
ED   20,0.00%,YES,&nbsp,329,AD 33,2025-11-04_22:12:01.642387
ED   20,0.00%,NO,&nbsp,143,AD 33,2025-11-04_22:12:01.642387
ED   21,0.00%,YES,&nbsp,408,AD 33,2025-11-04_22:12:01.642387
ED   21,0.00%,NO,&nbsp,141,AD 33,2025-11-04_22:12:01.642387
ED   22,0.00%,YES,&nbsp,136,AD 33,2025-11-04_22:12:01.642387
ED   22,0.00%,NO,&nbsp,64,AD 33,2025-11-04_22:12:01.642387
ED   23,0.00%,YES,&nbsp,397,AD 33,2025-11-04_22:12:01.642387
ED   23,0.00%,NO,&nbsp,124,AD 33,2025-11-04_22:12:01.642387
ED   24,0.00%,YES,&nbsp,69,AD 33,2025-11-04_22:12:01.642387
ED   24,0.00%,NO,&nbsp,26,AD 33,2025-11-04_22:12:01.642387
ED   25,0.00%,YES,&nbsp,184,AD 33,2025-11-04_22:12:01.642387
ED   25,0.00%,NO,&nbsp,60,AD 33,2025-11-04_22:12:01.642387
ED   26,0.00%,YES,&nbsp,50,AD 33,2025-11-04_22:12:01.642387
ED   26,0.00%,NO,&nbsp,16,AD 33,2025-11-04_22:12:01.642387
ED   27,0.00%,YES,&nbsp,316,AD 33,2025-11-04_22:12:01.642387
ED   27,0.00%,NO,&nbsp,91,AD 33,2025-11-04_22:12:01.642387
ED   28,0.00%,YES,&nbsp,140,AD 33,2025-11-04_22:12:01.642387
ED   28,0.00%,NO,&nbsp,45,AD 33,2025-11-04_22:12:01.642387
ED   29,0.00%,YES,&nbsp,319,AD 33,2025-11-04_22:12:01.642387
ED   29,0.00%,NO,&nbsp,135,AD 33,2025-11-04_22:12:01.642387
ED   30,0.00%,YES,&nbsp,337,AD 33,2025-11-04_22:12:01.642387
ED   30,0.00%,NO,&nbsp,90,AD 33,2025-11-04_22:12:01.642387
ED   31,0.00%,YES,&nbsp,305,AD 33,2025-11-04_22:12:01.642387
ED   31,0.00%,NO,&nbsp,110,AD 33,2025-11-04_22:12:01.642387
ED   32,0.00%,YES,&nbsp,412,AD 33,2025-11-04_22:12:01.642387
ED   32,0.00%,NO,&nbsp,169,AD 33,2025-11-04_22:12:01.642387
ED   33,0.00%,YES,&nbsp,247,AD 33,2025-11-04_22:12:01.642387
ED   33,0.00%,NO,&nbsp,95,AD 33,2025-11-04_22:12:01.642387
ED   34,0.00%,YES,&nbsp,344,AD 33,2025-11-04_22:12:01.642387
ED   34,0.00%,NO,&nbsp,140,AD 33,2025-11-04_22:12:01.642387
ED   35,0.00%,YES,&nbsp,431,AD 33,2025-11-04_22:12:01.642387
ED   35,0.00%,NO,&nbsp,181,AD 33,2025-11-04_22:12:01.642387
ED   36,0.00%,YES,&nbsp,390,AD 33,2025-11-04_22:12:01.642387
ED   36,0.00%,NO,&nbsp,202,AD 33,2025-11-04_22:12:01.642387
ED   37,0.00%,YES,&nbsp,400,AD 33,2025-11-04_22:12:01.642387
ED   37,0.00%,NO,&nbsp,158,AD 33,2025-11-04_22:12:01.642387
ED   38,0.00%,YES,&nbsp,320,AD 33,2025-11-04_22:12:01.642387
ED   38,0.00%,NO,&nbsp,159,AD 33,2025-11-04_22:12:01.642387
ED   39,0.00%,YES,&nbsp,274,AD 33,2025-11-04_22:12:01.642387
ED   39,0.00%,NO,&nbsp,139,AD 33,2025-11-04_22:12:01.642387
ED   40,0.00%,YES,&nbsp,234,AD 33,2025-11-04_22:12:01.642387
ED   40,0.00%,NO,&nbsp,104,AD 33,2025-11-04_22:12:01.642387
ED   41,0.00%,YES,&nbsp,185,AD 33,2025-11-04_22:12:01.642387
ED   41,0.00%,NO,&nbsp,118,AD 33,2025-11-04_22:12:01.642387
ED   42,0.00%,YES,&nbsp,281,AD 33,2025-11-04_22:12:01.642387
ED   42,0.00%,NO,&nbsp,109,AD 33,2025-11-04_22:12:01.642387
ED   43,0.00%,YES,&nbsp,173,AD 33,2025-11-04_22:12:01.642387
ED   43,0.00%,NO,&nbsp,53,AD 33,2025-11-04_22:12:01.642387
ED   44,0.00%,YES,&nbsp,413,AD 33,2025-11-04_22:12:01.642387
ED   44,0.00%,NO,&nbsp,101,AD 33,2025-11-04_22:12:01.642387
ED   45,0.00%,YES,&nbsp,307,AD 33,2025-11-04_22:12:01.642387
ED   45,0.00%,NO,&nbsp,95,AD 33,2025-11-04_22:12:01.642387
ED   46,0.00%,YES,&nbsp,344,AD 33,2025-11-04_22:12:01.642387
ED   46,0.00%,NO,&nbsp,95,AD 33,2025-11-04_22:12:01.642387
ED   47,0.00%,YES,&nbsp,341,AD 33,2025-11-04_22:12:01.642387
ED   47,0.00%,NO,&nbsp,80,AD 33,2025-11-04_22:12:01.642387
ED   48,0.00%,YES,&nbsp,326,AD 33,2025-11-04_22:12:01.642387
ED   48,0.00%,NO,&nbsp,118,AD 33,2025-11-04_22:12:01.642387
ED   49,0.00%,YES,&nbsp,159,AD 33,2025-11-04_22:12:01.642387
ED   49,0.00%,NO,&nbsp,52,AD 33,2025-11-04_22:12:01.642387
ED   50,0.00%,YES,&nbsp,374,AD 33,2025-11-04_22:12:01.642387
ED   50,0.00%,NO,&nbsp,113,AD 33,2025-11-04_22:12:01.642387
ED   51,0.00%,YES,&nbsp,384,AD 33,2025-11-04_22:12:01.642387
ED   51,0.00%,NO,&nbsp,185,AD 33,2025-11-04_22:12:01.642387
ED   52,0.00%,YES,&nbsp,402,AD 33,2025-11-04_22:12:01.642387
ED   52,0.00%,NO,&nbsp,116,AD 33,2025-11-04_22:12:01.642387
ED   53,0.00%,YES,&nbsp,222,AD 33,2025-11-04_22:12:01.642387
ED   53,0.00%,NO,&nbsp,96,AD 33,2025-11-04_22:12:01.642387
ED   54,0.00%,YES,&nbsp,259,AD 33,2025-11-04_22:12:01.642387
ED   54,0.00%,NO,&nbsp,99,AD 33,2025-11-04_22:12:01.642387
ED   55,0.00%,YES,&nbsp,215,AD 33,2025-11-04_22:12:01.642387
ED   55,0.00%,NO,&nbsp,74,AD 33,2025-11-04_22:12:01.642387
ED   56,0.00%,YES,&nbsp,372,AD 33,2025-11-04_22:12:01.642387
ED   56,0.00%,NO,&nbsp,118,AD 33,2025-11-04_22:12:01.642387
ED   57,0.00%,YES,&nbsp,274,AD 33,2025-11-04_22:12:01.642387
ED   57,0.00%,NO,&nbsp,82,AD 33,2025-11-04_22:12:01.642387
ED   58,0.00%,YES,&nbsp,286,AD 33,2025-11-04_22:12:01.642387
ED   58,0.00%,NO,&nbsp,93,AD 33,2025-11-04_22:12:01.642387
ED   59,0.00%,YES,&nbsp,206,AD 33,2025-11-04_22:12:01.642387
ED   59,0.00%,NO,&nbsp,61,AD 33,2025-11-04_22:12:01.642387
ED   60,0.00%,YES,&nbsp,284,AD 33,2025-11-04_22:12:01.642387
ED   60,0.00%,NO,&nbsp,72,AD 33,2025-11-04_22:12:01.642387
ED   61,0.00%,YES,&nbsp,337,AD 33,2025-11-04_22:12:01.642387
ED   61,0.00%,NO,&nbsp,70,AD 33,2025-11-04_22:12:01.642387
ED   62,0.00%,YES,&nbsp,174,AD 33,2025-11-04_22:12:01.642387
ED   62,0.00%,NO,&nbsp,51,AD 33,2025-11-04_22:12:01.642387
ED   63,0.00%,YES,&nbsp,222,AD 33,2025-11-04_22:12:01.642387
ED   63,0.00%,NO,&nbsp,41,AD 33,2025-11-04_22:12:01.642387
ED   64,0.00%,YES,&nbsp,269,AD 33,2025-11-04_22:12:01.642387
ED   64,0.00%,NO,&nbsp,94,AD 33,2025-11-04_22:12:01.642387
Total,,YES,&nbsp,17821,AD 33,2025-11-04_22:12:01.642387
Total,,NO,&nbsp,8474,AD 33,2025-11-04_22:12:01.642387
ED    1,0.00%,YES,&nbsp,232,AD 34,2025-11-04_22:12:01.642387
ED    1,0.00%,NO,&nbsp,174,AD 34,2025-11-04_22:12:01.642387
ED    2,0.00%,YES,&nbsp,68,AD 34,2025-11-04_22:12:01.642387
ED    2,0.00%,NO,&nbsp,29,AD 34,2025-11-04_22:12:01.642387
ED    3,0.00%,YES,&nbsp,287,AD 34,2025-11-04_22:12:01.642387
ED    3,0.00%,NO,&nbsp,201,AD 34,2025-11-04_22:12:01.642387
ED    4,0.00%,YES,&nbsp,360,AD 34,2025-11-04_22:12:01.642387
ED    4,0.00%,NO,&nbsp,255,AD 34,2025-11-04_22:12:01.642387
ED    5,0.00%,YES,&nbsp,435,AD 34,2025-11-04_22:12:01.642387
ED    5,0.00%,NO,&nbsp,288,AD 34,2025-11-04_22:12:01.642387
ED    6,0.00%,YES,&nbsp,38,AD 34,2025-11-04_22:12:01.642387
ED    6,0.00%,NO,&nbsp,23,AD 34,2025-11-04_22:12:01.642387
ED    7,0.00%,YES,&nbsp,192,AD 34,2025-11-04_22:12:01.642387
ED    7,0.00%,NO,&nbsp,133,AD 34,2025-11-04_22:12:01.642387
ED    8,0.00%,YES,&nbsp,419,AD 34,2025-11-04_22:12:01.642387
ED    8,0.00%,NO,&nbsp,296,AD 34,2025-11-04_22:12:01.642387
ED    9,0.00%,YES,&nbsp,189,AD 34,2025-11-04_22:12:01.642387
ED    9,0.00%,NO,&nbsp,137,AD 34,2025-11-04_22:12:01.642387
ED   10,0.00%,YES,&nbsp,226,AD 34,2025-11-04_22:12:01.642387
ED   10,0.00%,NO,&nbsp,100,AD 34,2025-11-04_22:12:01.642387
ED   11,0.00%,YES,&nbsp,139,AD 34,2025-11-04_22:12:01.642387
ED   11,0.00%,NO,&nbsp,52,AD 34,2025-11-04_22:12:01.642387
ED   12,0.00%,YES,&nbsp,484,AD 34,2025-11-04_22:12:01.642387
ED   12,0.00%,NO,&nbsp,342,AD 34,2025-11-04_22:12:01.642387
ED   13,0.00%,YES,&nbsp,438,AD 34,2025-11-04_22:12:01.642387
ED   13,0.00%,NO,&nbsp,286,AD 34,2025-11-04_22:12:01.642387
ED   14,0.00%,YES,&nbsp,206,AD 34,2025-11-04_22:12:01.642387
ED   14,0.00%,NO,&nbsp,153,AD 34,2025-11-04_22:12:01.642387
ED   15,0.00%,YES,&nbsp,60,AD 34,2025-11-04_22:12:01.642387
ED   15,0.00%,NO,&nbsp,76,AD 34,2025-11-04_22:12:01.642387
ED   16,0.00%,YES,&nbsp,84,AD 34,2025-11-04_22:12:01.642387
ED   16,0.00%,NO,&nbsp,122,AD 34,2025-11-04_22:12:01.642387
ED   17,0.00%,YES,&nbsp,294,AD 34,2025-11-04_22:12:01.642387
ED   17,0.00%,NO,&nbsp,229,AD 34,2025-11-04_22:12:01.642387
ED   18,0.00%,YES,&nbsp,332,AD 34,2025-11-04_22:12:01.642387
ED   18,0.00%,NO,&nbsp,276,AD 34,2025-11-04_22:12:01.642387
ED   19,0.00%,YES,&nbsp,414,AD 34,2025-11-04_22:12:01.642387
ED   19,0.00%,NO,&nbsp,262,AD 34,2025-11-04_22:12:01.642387
ED   20,0.00%,YES,&nbsp,427,AD 34,2025-11-04_22:12:01.642387
ED   20,0.00%,NO,&nbsp,321,AD 34,2025-11-04_22:12:01.642387
ED   21,0.00%,YES,&nbsp,252,AD 34,2025-11-04_22:12:01.642387
ED   21,0.00%,NO,&nbsp,62,AD 34,2025-11-04_22:12:01.642387
ED   22,0.00%,YES,&nbsp,140,AD 34,2025-11-04_22:12:01.642387
ED   22,0.00%,NO,&nbsp,45,AD 34,2025-11-04_22:12:01.642387
ED   23,0.00%,YES,&nbsp,144,AD 34,2025-11-04_22:12:01.642387
ED   23,0.00%,NO,&nbsp,83,AD 34,2025-11-04_22:12:01.642387
ED   24,0.00%,YES,&nbsp,381,AD 34,2025-11-04_22:12:01.642387
ED   24,0.00%,NO,&nbsp,252,AD 34,2025-11-04_22:12:01.642387
ED   25,0.00%,YES,&nbsp,410,AD 34,2025-11-04_22:12:01.642387
ED   25,0.00%,NO,&nbsp,263,AD 34,2025-11-04_22:12:01.642387
ED   26,0.00%,YES,&nbsp,44,AD 34,2025-11-04_22:12:01.642387
ED   26,0.00%,NO,&nbsp,33,AD 34,2025-11-04_22:12:01.642387
ED   27,0.00%,YES,&nbsp,191,AD 34,2025-11-04_22:12:01.642387
ED   27,0.00%,NO,&nbsp,213,AD 34,2025-11-04_22:12:01.642387
ED   28,0.00%,YES,&nbsp,141,AD 34,2025-11-04_22:12:01.642387
ED   28,0.00%,NO,&nbsp,50,AD 34,2025-11-04_22:12:01.642387
ED   29,0.00%,YES,&nbsp,188,AD 34,2025-11-04_22:12:01.642387
ED   29,0.00%,NO,&nbsp,123,AD 34,2025-11-04_22:12:01.642387
ED   30,0.00%,YES,&nbsp,189,AD 34,2025-11-04_22:12:01.642387
ED   30,0.00%,NO,&nbsp,121,AD 34,2025-11-04_22:12:01.642387
ED   31,0.00%,YES,&nbsp,292,AD 34,2025-11-04_22:12:01.642387
ED   31,0.00%,NO,&nbsp,181,AD 34,2025-11-04_22:12:01.642387
ED   32,0.00%,YES,&nbsp,185,AD 34,2025-11-04_22:12:01.642387
ED   32,0.00%,NO,&nbsp,97,AD 34,2025-11-04_22:12:01.642387
ED   33,0.00%,YES,&nbsp,130,AD 34,2025-11-04_22:12:01.642387
ED   33,0.00%,NO,&nbsp,78,AD 34,2025-11-04_22:12:01.642387
ED   34,0.00%,YES,&nbsp,231,AD 34,2025-11-04_22:12:01.642387
ED   34,0.00%,NO,&nbsp,153,AD 34,2025-11-04_22:12:01.642387
ED   35,0.00%,YES,&nbsp,178,AD 34,2025-11-04_22:12:01.642387
ED   35,0.00%,NO,&nbsp,80,AD 34,2025-11-04_22:12:01.642387
ED   36,0.00%,YES,&nbsp,323,AD 34,2025-11-04_22:12:01.642387
ED   36,0.00%,NO,&nbsp,177,AD 34,2025-11-04_22:12:01.642387
ED   37,0.00%,YES,&nbsp,156,AD 34,2025-11-04_22:12:01.642387
ED   37,0.00%,NO,&nbsp,90,AD 34,2025-11-04_22:12:01.642387
ED   38,0.00%,YES,&nbsp,60,AD 34,2025-11-04_22:12:01.642387
ED   38,0.00%,NO,&nbsp,35,AD 34,2025-11-04_22:12:01.642387
ED   39,0.00%,YES,&nbsp,340,AD 34,2025-11-04_22:12:01.642387
ED   39,0.00%,NO,&nbsp,211,AD 34,2025-11-04_22:12:01.642387
ED   40,0.00%,YES,&nbsp,184,AD 34,2025-11-04_22:12:01.642387
ED   40,0.00%,NO,&nbsp,111,AD 34,2025-11-04_22:12:01.642387
ED   41,0.00%,YES,&nbsp,337,AD 34,2025-11-04_22:12:01.642387
ED   41,0.00%,NO,&nbsp,219,AD 34,2025-11-04_22:12:01.642387
ED   42,0.00%,YES,&nbsp,239,AD 34,2025-11-04_22:12:01.642387
ED   42,0.00%,NO,&nbsp,122,AD 34,2025-11-04_22:12:01.642387
ED   43,0.00%,YES,&nbsp,224,AD 34,2025-11-04_22:12:01.642387
ED   43,0.00%,NO,&nbsp,117,AD 34,2025-11-04_22:12:01.642387
ED   44,0.00%,YES,&nbsp,291,AD 34,2025-11-04_22:12:01.642387
ED   44,0.00%,NO,&nbsp,126,AD 34,2025-11-04_22:12:01.642387
ED   45,0.00%,YES,&nbsp,123,AD 34,2025-11-04_22:12:01.642387
ED   45,0.00%,NO,&nbsp,60,AD 34,2025-11-04_22:12:01.642387
ED   46,0.00%,YES,&nbsp,354,AD 34,2025-11-04_22:12:01.642387
ED   46,0.00%,NO,&nbsp,206,AD 34,2025-11-04_22:12:01.642387
ED   47,0.00%,YES,&nbsp,309,AD 34,2025-11-04_22:12:01.642387
ED   47,0.00%,NO,&nbsp,212,AD 34,2025-11-04_22:12:01.642387
ED   48,0.00%,YES,&nbsp,198,AD 34,2025-11-04_22:12:01.642387
ED   48,0.00%,NO,&nbsp,108,AD 34,2025-11-04_22:12:01.642387
ED   49,0.00%,YES,&nbsp,383,AD 34,2025-11-04_22:12:01.642387
ED   49,0.00%,NO,&nbsp,215,AD 34,2025-11-04_22:12:01.642387
ED   50,0.00%,YES,&nbsp,58,AD 34,2025-11-04_22:12:01.642387
ED   50,0.00%,NO,&nbsp,24,AD 34,2025-11-04_22:12:01.642387
ED   51,0.00%,YES,&nbsp,309,AD 34,2025-11-04_22:12:01.642387
ED   51,0.00%,NO,&nbsp,160,AD 34,2025-11-04_22:12:01.642387
ED   52,0.00%,YES,&nbsp,348,AD 34,2025-11-04_22:12:01.642387
ED   52,0.00%,NO,&nbsp,138,AD 34,2025-11-04_22:12:01.642387
ED   53,0.00%,YES,&nbsp,2,AD 34,2025-11-04_22:12:01.642387
ED   53,0.00%,NO,&nbsp,3,AD 34,2025-11-04_22:12:01.642387
ED   54,0.00%,YES,&nbsp,199,AD 34,2025-11-04_22:12:01.642387
ED   54,0.00%,NO,&nbsp,108,AD 34,2025-11-04_22:12:01.642387
ED   55,0.00%,YES,&nbsp,84,AD 34,2025-11-04_22:12:01.642387
ED   55,0.00%,NO,&nbsp,38,AD 34,2025-11-04_22:12:01.642387
ED   56,0.00%,YES,&nbsp,207,AD 34,2025-11-04_22:12:01.642387
ED   56,0.00%,NO,&nbsp,95,AD 34,2025-11-04_22:12:01.642387
ED   57,0.00%,YES,&nbsp,16,AD 34,2025-11-04_22:12:01.642387
ED   57,0.00%,NO,&nbsp,8,AD 34,2025-11-04_22:12:01.642387
ED   58,0.00%,YES,&nbsp,-,AD 34,2025-11-04_22:12:01.642387
ED   58,0.00%,NO,&nbsp,-,AD 34,2025-11-04_22:12:01.642387
ED   59,0.00%,YES,&nbsp,-,AD 34,2025-11-04_22:12:01.642387
ED   59,0.00%,NO,&nbsp,-,AD 34,2025-11-04_22:12:01.642387
ED   60,0.00%,YES,&nbsp,-,AD 34,2025-11-04_22:12:01.642387
ED   60,0.00%,NO,&nbsp,-,AD 34,2025-11-04_22:12:01.642387
Total,,YES,&nbsp,13164,AD 34,2025-11-04_22:12:01.642387
Total,,NO,&nbsp,8172,AD 34,2025-11-04_22:12:01.642387
ED    1,0.00%,YES,&nbsp,184,AD 35,2025-11-04_22:12:01.642387
ED    1,0.00%,NO,&nbsp,217,AD 35,2025-11-04_22:12:01.642387
ED    2,0.00%,YES,&nbsp,162,AD 35,2025-11-04_22:12:01.642387
ED    2,0.00%,NO,&nbsp,104,AD 35,2025-11-04_22:12:01.642387
ED    3,0.00%,YES,&nbsp,163,AD 35,2025-11-04_22:12:01.642387
ED    3,0.00%,NO,&nbsp,88,AD 35,2025-11-04_22:12:01.642387
ED    4,0.00%,YES,&nbsp,205,AD 35,2025-11-04_22:12:01.642387
ED    4,0.00%,NO,&nbsp,95,AD 35,2025-11-04_22:12:01.642387
ED    5,0.00%,YES,&nbsp,196,AD 35,2025-11-04_22:12:01.642387
ED    5,0.00%,NO,&nbsp,107,AD 35,2025-11-04_22:12:01.642387
ED    6,0.00%,YES,&nbsp,283,AD 35,2025-11-04_22:12:01.642387
ED    6,0.00%,NO,&nbsp,108,AD 35,2025-11-04_22:12:01.642387
ED    7,0.00%,YES,&nbsp,329,AD 35,2025-11-04_22:12:01.642387
ED    7,0.00%,NO,&nbsp,208,AD 35,2025-11-04_22:12:01.642387
ED    8,0.00%,YES,&nbsp,297,AD 35,2025-11-04_22:12:01.642387
ED    8,0.00%,NO,&nbsp,187,AD 35,2025-11-04_22:12:01.642387
ED    9,0.00%,YES,&nbsp,232,AD 35,2025-11-04_22:12:01.642387
ED    9,0.00%,NO,&nbsp,260,AD 35,2025-11-04_22:12:01.642387
ED   10,0.00%,YES,&nbsp,167,AD 35,2025-11-04_22:12:01.642387
ED   10,0.00%,NO,&nbsp,54,AD 35,2025-11-04_22:12:01.642387
ED   11,0.00%,YES,&nbsp,154,AD 35,2025-11-04_22:12:01.642387
ED   11,0.00%,NO,&nbsp,82,AD 35,2025-11-04_22:12:01.642387
ED   12,0.00%,YES,&nbsp,272,AD 35,2025-11-04_22:12:01.642387
ED   12,0.00%,NO,&nbsp,105,AD 35,2025-11-04_22:12:01.642387
ED   13,0.00%,YES,&nbsp,211,AD 35,2025-11-04_22:12:01.642387
ED   13,0.00%,NO,&nbsp,88,AD 35,2025-11-04_22:12:01.642387
ED   14,0.00%,YES,&nbsp,254,AD 35,2025-11-04_22:12:01.642387
ED   14,0.00%,NO,&nbsp,129,AD 35,2025-11-04_22:12:01.642387
ED   15,0.00%,YES,&nbsp,232,AD 35,2025-11-04_22:12:01.642387
ED   15,0.00%,NO,&nbsp,75,AD 35,2025-11-04_22:12:01.642387
ED   16,0.00%,YES,&nbsp,275,AD 35,2025-11-04_22:12:01.642387
ED   16,0.00%,NO,&nbsp,147,AD 35,2025-11-04_22:12:01.642387
ED   17,0.00%,YES,&nbsp,220,AD 35,2025-11-04_22:12:01.642387
ED   17,0.00%,NO,&nbsp,95,AD 35,2025-11-04_22:12:01.642387
ED   18,0.00%,YES,&nbsp,87,AD 35,2025-11-04_22:12:01.642387
ED   18,0.00%,NO,&nbsp,72,AD 35,2025-11-04_22:12:01.642387
ED   19,0.00%,YES,&nbsp,112,AD 35,2025-11-04_22:12:01.642387
ED   19,0.00%,NO,&nbsp,63,AD 35,2025-11-04_22:12:01.642387
ED   20,0.00%,YES,&nbsp,79,AD 35,2025-11-04_22:12:01.642387
ED   20,0.00%,NO,&nbsp,36,AD 35,2025-11-04_22:12:01.642387
ED   21,0.00%,YES,&nbsp,82,AD 35,2025-11-04_22:12:01.642387
ED   21,0.00%,NO,&nbsp,34,AD 35,2025-11-04_22:12:01.642387
ED   22,0.00%,YES,&nbsp,180,AD 35,2025-11-04_22:12:01.642387
ED   22,0.00%,NO,&nbsp,103,AD 35,2025-11-04_22:12:01.642387
ED   23,0.00%,YES,&nbsp,168,AD 35,2025-11-04_22:12:01.642387
ED   23,0.00%,NO,&nbsp,73,AD 35,2025-11-04_22:12:01.642387
ED   24,0.00%,YES,&nbsp,149,AD 35,2025-11-04_22:12:01.642387
ED   24,0.00%,NO,&nbsp,88,AD 35,2025-11-04_22:12:01.642387
ED   25,0.00%,YES,&nbsp,263,AD 35,2025-11-04_22:12:01.642387
ED   25,0.00%,NO,&nbsp,120,AD 35,2025-11-04_22:12:01.642387
ED   26,0.00%,YES,&nbsp,280,AD 35,2025-11-04_22:12:01.642387
ED   26,0.00%,NO,&nbsp,87,AD 35,2025-11-04_22:12:01.642387
ED   27,0.00%,YES,&nbsp,59,AD 35,2025-11-04_22:12:01.642387
ED   27,0.00%,NO,&nbsp,32,AD 35,2025-11-04_22:12:01.642387
ED   28,0.00%,YES,&nbsp,35,AD 35,2025-11-04_22:12:01.642387
ED   28,0.00%,NO,&nbsp,34,AD 35,2025-11-04_22:12:01.642387
ED   29,0.00%,YES,&nbsp,150,AD 35,2025-11-04_22:12:01.642387
ED   29,0.00%,NO,&nbsp,69,AD 35,2025-11-04_22:12:01.642387
ED   30,0.00%,YES,&nbsp,258,AD 35,2025-11-04_22:12:01.642387
ED   30,0.00%,NO,&nbsp,129,AD 35,2025-11-04_22:12:01.642387
ED   31,0.00%,YES,&nbsp,178,AD 35,2025-11-04_22:12:01.642387
ED   31,0.00%,NO,&nbsp,164,AD 35,2025-11-04_22:12:01.642387
ED   32,0.00%,YES,&nbsp,308,AD 35,2025-11-04_22:12:01.642387
ED   32,0.00%,NO,&nbsp,68,AD 35,2025-11-04_22:12:01.642387
ED   33,0.00%,YES,&nbsp,303,AD 35,2025-11-04_22:12:01.642387
ED   33,0.00%,NO,&nbsp,48,AD 35,2025-11-04_22:12:01.642387
ED   34,0.00%,YES,&nbsp,243,AD 35,2025-11-04_22:12:01.642387
ED   34,0.00%,NO,&nbsp,87,AD 35,2025-11-04_22:12:01.642387
ED   35,0.00%,YES,&nbsp,277,AD 35,2025-11-04_22:12:01.642387
ED   35,0.00%,NO,&nbsp,88,AD 35,2025-11-04_22:12:01.642387
ED   36,0.00%,YES,&nbsp,274,AD 35,2025-11-04_22:12:01.642387
ED   36,0.00%,NO,&nbsp,87,AD 35,2025-11-04_22:12:01.642387
ED   37,0.00%,YES,&nbsp,158,AD 35,2025-11-04_22:12:01.642387
ED   37,0.00%,NO,&nbsp,103,AD 35,2025-11-04_22:12:01.642387
ED   38,0.00%,YES,&nbsp,238,AD 35,2025-11-04_22:12:01.642387
ED   38,0.00%,NO,&nbsp,153,AD 35,2025-11-04_22:12:01.642387
ED   39,0.00%,YES,&nbsp,253,AD 35,2025-11-04_22:12:01.642387
ED   39,0.00%,NO,&nbsp,225,AD 35,2025-11-04_22:12:01.642387
ED   40,0.00%,YES,&nbsp,198,AD 35,2025-11-04_22:12:01.642387
ED   40,0.00%,NO,&nbsp,184,AD 35,2025-11-04_22:12:01.642387
ED   41,0.00%,YES,&nbsp,216,AD 35,2025-11-04_22:12:01.642387
ED   41,0.00%,NO,&nbsp,261,AD 35,2025-11-04_22:12:01.642387
ED   42,0.00%,YES,&nbsp,266,AD 35,2025-11-04_22:12:01.642387
ED   42,0.00%,NO,&nbsp,338,AD 35,2025-11-04_22:12:01.642387
ED   43,0.00%,YES,&nbsp,96,AD 35,2025-11-04_22:12:01.642387
ED   43,0.00%,NO,&nbsp,103,AD 35,2025-11-04_22:12:01.642387
ED   44,0.00%,YES,&nbsp,170,AD 35,2025-11-04_22:12:01.642387
ED   44,0.00%,NO,&nbsp,47,AD 35,2025-11-04_22:12:01.642387
ED   45,0.00%,YES,&nbsp,147,AD 35,2025-11-04_22:12:01.642387
ED   45,0.00%,NO,&nbsp,169,AD 35,2025-11-04_22:12:01.642387
ED   46,0.00%,YES,&nbsp,104,AD 35,2025-11-04_22:12:01.642387
ED   46,0.00%,NO,&nbsp,63,AD 35,2025-11-04_22:12:01.642387
ED   47,0.00%,YES,&nbsp,-,AD 35,2025-11-04_22:12:01.642387
ED   47,0.00%,NO,&nbsp,-,AD 35,2025-11-04_22:12:01.642387
ED   48,0.00%,YES,&nbsp,52,AD 35,2025-11-04_22:12:01.642387
ED   48,0.00%,NO,&nbsp,23,AD 35,2025-11-04_22:12:01.642387
ED   49,0.00%,YES,&nbsp,181,AD 35,2025-11-04_22:12:01.642387
ED   49,0.00%,NO,&nbsp,202,AD 35,2025-11-04_22:12:01.642387
ED   50,0.00%,YES,&nbsp,-,AD 35,2025-11-04_22:12:01.642387
ED   50,0.00%,NO,&nbsp,-,AD 35,2025-11-04_22:12:01.642387
ED   51,0.00%,YES,&nbsp,-,AD 35,2025-11-04_22:12:01.642387
ED   51,0.00%,NO,&nbsp,-,AD 35,2025-11-04_22:12:01.642387
ED   52,0.00%,YES,&nbsp,-,AD 35,2025-11-04_22:12:01.642387
ED   52,0.00%,NO,&nbsp,-,AD 35,2025-11-04_22:12:01.642387
ED   53,0.00%,YES,&nbsp,-,AD 35,2025-11-04_22:12:01.642387
ED   53,0.00%,NO,&nbsp,-,AD 35,2025-11-04_22:12:01.642387
ED   54,0.00%,YES,&nbsp,-,AD 35,2025-11-04_22:12:01.642387
ED   54,0.00%,NO,&nbsp,-,AD 35,2025-11-04_22:12:01.642387
ED   55,0.00%,YES,&nbsp,-,AD 35,2025-11-04_22:12:01.642387
ED   55,0.00%,NO,&nbsp,-,AD 35,2025-11-04_22:12:01.642387
ED   56,0.00%,YES,&nbsp,-,AD 35,2025-11-04_22:12:01.642387
ED   56,0.00%,NO,&nbsp,-,AD 35,2025-11-04_22:12:01.642387
ED   57,0.00%,YES,&nbsp,-,AD 35,2025-11-04_22:12:01.642387
ED   57,0.00%,NO,&nbsp,-,AD 35,2025-11-04_22:12:01.642387
ED   58,0.00%,YES,&nbsp,-,AD 35,2025-11-04_22:12:01.642387
ED   58,0.00%,NO,&nbsp,-,AD 35,2025-11-04_22:12:01.642387
ED   59,0.00%,YES,&nbsp,-,AD 35,2025-11-04_22:12:01.642387
ED   59,0.00%,NO,&nbsp,-,AD 35,2025-11-04_22:12:01.642387
ED   60,0.00%,YES,&nbsp,-,AD 35,2025-11-04_22:12:01.642387
ED   60,0.00%,NO,&nbsp,-,AD 35,2025-11-04_22:12:01.642387
ED   61,0.00%,YES,&nbsp,-,AD 35,2025-11-04_22:12:01.642387
ED   61,0.00%,NO,&nbsp,-,AD 35,2025-11-04_22:12:01.642387
ED   62,0.00%,YES,&nbsp,-,AD 35,2025-11-04_22:12:01.642387
ED   62,0.00%,NO,&nbsp,-,AD 35,2025-11-04_22:12:01.642387
ED   63,0.00%,YES,&nbsp,-,AD 35,2025-11-04_22:12:01.642387
ED   63,0.00%,NO,&nbsp,-,AD 35,2025-11-04_22:12:01.642387
ED   64,0.00%,YES,&nbsp,-,AD 35,2025-11-04_22:12:01.642387
ED   64,0.00%,NO,&nbsp,-,AD 35,2025-11-04_22:12:01.642387
ED   65,0.00%,YES,&nbsp,-,AD 35,2025-11-04_22:12:01.642387
ED   65,0.00%,NO,&nbsp,-,AD 35,2025-11-04_22:12:01.642387
Total,,YES,&nbsp,9400,AD 35,2025-11-04_22:12:01.642387
Total,,NO,&nbsp,5502,AD 35,2025-11-04_22:12:01.642387
ED    1,0.00%,YES,&nbsp,394,AD 36,2025-11-04_22:12:01.642387
ED    1,0.00%,NO,&nbsp,208,AD 36,2025-11-04_22:12:01.642387
ED    2,0.00%,YES,&nbsp,179,AD 36,2025-11-04_22:12:01.642387
ED    2,0.00%,NO,&nbsp,96,AD 36,2025-11-04_22:12:01.642387
ED    3,0.00%,YES,&nbsp,474,AD 36,2025-11-04_22:12:01.642387
ED    3,0.00%,NO,&nbsp,347,AD 36,2025-11-04_22:12:01.642387
ED    4,0.00%,YES,&nbsp,304,AD 36,2025-11-04_22:12:01.642387
ED    4,0.00%,NO,&nbsp,274,AD 36,2025-11-04_22:12:01.642387
ED    5,0.00%,YES,&nbsp,524,AD 36,2025-11-04_22:12:01.642387
ED    5,0.00%,NO,&nbsp,416,AD 36,2025-11-04_22:12:01.642387
ED    6,0.00%,YES,&nbsp,246,AD 36,2025-11-04_22:12:01.642387
ED    6,0.00%,NO,&nbsp,58,AD 36,2025-11-04_22:12:01.642387
ED    7,0.00%,YES,&nbsp,463,AD 36,2025-11-04_22:12:01.642387
ED    7,0.00%,NO,&nbsp,147,AD 36,2025-11-04_22:12:01.642387
ED    8,0.00%,YES,&nbsp,319,AD 36,2025-11-04_22:12:01.642387
ED    8,0.00%,NO,&nbsp,256,AD 36,2025-11-04_22:12:01.642387
ED    9,0.00%,YES,&nbsp,293,AD 36,2025-11-04_22:12:01.642387
ED    9,0.00%,NO,&nbsp,189,AD 36,2025-11-04_22:12:01.642387
ED   10,0.00%,YES,&nbsp,458,AD 36,2025-11-04_22:12:01.642387
ED   10,0.00%,NO,&nbsp,363,AD 36,2025-11-04_22:12:01.642387
ED   11,0.00%,YES,&nbsp,230,AD 36,2025-11-04_22:12:01.642387
ED   11,0.00%,NO,&nbsp,110,AD 36,2025-11-04_22:12:01.642387
ED   12,0.00%,YES,&nbsp,361,AD 36,2025-11-04_22:12:01.642387
ED   12,0.00%,NO,&nbsp,223,AD 36,2025-11-04_22:12:01.642387
ED   13,0.00%,YES,&nbsp,390,AD 36,2025-11-04_22:12:01.642387
ED   13,0.00%,NO,&nbsp,181,AD 36,2025-11-04_22:12:01.642387
ED   14,0.00%,YES,&nbsp,490,AD 36,2025-11-04_22:12:01.642387
ED   14,0.00%,NO,&nbsp,252,AD 36,2025-11-04_22:12:01.642387
ED   15,0.00%,YES,&nbsp,156,AD 36,2025-11-04_22:12:01.642387
ED   15,0.00%,NO,&nbsp,74,AD 36,2025-11-04_22:12:01.642387
ED   16,0.00%,YES,&nbsp,318,AD 36,2025-11-04_22:12:01.642387
ED   16,0.00%,NO,&nbsp,173,AD 36,2025-11-04_22:12:01.642387
ED   17,0.00%,YES,&nbsp,508,AD 36,2025-11-04_22:12:01.642387
ED   17,0.00%,NO,&nbsp,267,AD 36,2025-11-04_22:12:01.642387
ED   18,0.00%,YES,&nbsp,247,AD 36,2025-11-04_22:12:01.642387
ED   18,0.00%,NO,&nbsp,124,AD 36,2025-11-04_22:12:01.642387
ED   19,0.00%,YES,&nbsp,474,AD 36,2025-11-04_22:12:01.642387
ED   19,0.00%,NO,&nbsp,284,AD 36,2025-11-04_22:12:01.642387
ED   20,0.00%,YES,&nbsp,491,AD 36,2025-11-04_22:12:01.642387
ED   20,0.00%,NO,&nbsp,288,AD 36,2025-11-04_22:12:01.642387
ED   21,0.00%,YES,&nbsp,435,AD 36,2025-11-04_22:12:01.642387
ED   21,0.00%,NO,&nbsp,260,AD 36,2025-11-04_22:12:01.642387
ED   22,0.00%,YES,&nbsp,501,AD 36,2025-11-04_22:12:01.642387
ED   22,0.00%,NO,&nbsp,319,AD 36,2025-11-04_22:12:01.642387
ED   23,0.00%,YES,&nbsp,405,AD 36,2025-11-04_22:12:01.642387
ED   23,0.00%,NO,&nbsp,239,AD 36,2025-11-04_22:12:01.642387
ED   24,0.00%,YES,&nbsp,300,AD 36,2025-11-04_22:12:01.642387
ED   24,0.00%,NO,&nbsp,153,AD 36,2025-11-04_22:12:01.642387
ED   25,0.00%,YES,&nbsp,551,AD 36,2025-11-04_22:12:01.642387
ED   25,0.00%,NO,&nbsp,294,AD 36,2025-11-04_22:12:01.642387
ED   26,0.00%,YES,&nbsp,282,AD 36,2025-11-04_22:12:01.642387
ED   26,0.00%,NO,&nbsp,139,AD 36,2025-11-04_22:12:01.642387
ED   27,0.00%,YES,&nbsp,113,AD 36,2025-11-04_22:12:01.642387
ED   27,0.00%,NO,&nbsp,93,AD 36,2025-11-04_22:12:01.642387
ED   28,0.00%,YES,&nbsp,461,AD 36,2025-11-04_22:12:01.642387
ED   28,0.00%,NO,&nbsp,279,AD 36,2025-11-04_22:12:01.642387
ED   29,0.00%,YES,&nbsp,62,AD 36,2025-11-04_22:12:01.642387
ED   29,0.00%,NO,&nbsp,19,AD 36,2025-11-04_22:12:01.642387
ED   30,0.00%,YES,&nbsp,192,AD 36,2025-11-04_22:12:01.642387
ED   30,0.00%,NO,&nbsp,109,AD 36,2025-11-04_22:12:01.642387
ED   31,0.00%,YES,&nbsp,279,AD 36,2025-11-04_22:12:01.642387
ED   31,0.00%,NO,&nbsp,153,AD 36,2025-11-04_22:12:01.642387
ED   32,0.00%,YES,&nbsp,348,AD 36,2025-11-04_22:12:01.642387
ED   32,0.00%,NO,&nbsp,170,AD 36,2025-11-04_22:12:01.642387
ED   33,0.00%,YES,&nbsp,57,AD 36,2025-11-04_22:12:01.642387
ED   33,0.00%,NO,&nbsp,22,AD 36,2025-11-04_22:12:01.642387
ED   34,0.00%,YES,&nbsp,45,AD 36,2025-11-04_22:12:01.642387
ED   34,0.00%,NO,&nbsp,34,AD 36,2025-11-04_22:12:01.642387
ED   35,0.00%,YES,&nbsp,535,AD 36,2025-11-04_22:12:01.642387
ED   35,0.00%,NO,&nbsp,229,AD 36,2025-11-04_22:12:01.642387
ED   36,0.00%,YES,&nbsp,399,AD 36,2025-11-04_22:12:01.642387
ED   36,0.00%,NO,&nbsp,191,AD 36,2025-11-04_22:12:01.642387
ED   37,0.00%,YES,&nbsp,376,AD 36,2025-11-04_22:12:01.642387
ED   37,0.00%,NO,&nbsp,159,AD 36,2025-11-04_22:12:01.642387
ED   38,0.00%,YES,&nbsp,234,AD 36,2025-11-04_22:12:01.642387
ED   38,0.00%,NO,&nbsp,61,AD 36,2025-11-04_22:12:01.642387
ED   39,0.00%,YES,&nbsp,249,AD 36,2025-11-04_22:12:01.642387
ED   39,0.00%,NO,&nbsp,59,AD 36,2025-11-04_22:12:01.642387
ED   40,0.00%,YES,&nbsp,234,AD 36,2025-11-04_22:12:01.642387
ED   40,0.00%,NO,&nbsp,71,AD 36,2025-11-04_22:12:01.642387
ED   41,0.00%,YES,&nbsp,484,AD 36,2025-11-04_22:12:01.642387
ED   41,0.00%,NO,&nbsp,230,AD 36,2025-11-04_22:12:01.642387
ED   42,0.00%,YES,&nbsp,480,AD 36,2025-11-04_22:12:01.642387
ED   42,0.00%,NO,&nbsp,223,AD 36,2025-11-04_22:12:01.642387
ED   43,0.00%,YES,&nbsp,274,AD 36,2025-11-04_22:12:01.642387
ED   43,0.00%,NO,&nbsp,131,AD 36,2025-11-04_22:12:01.642387
ED   44,0.00%,YES,&nbsp,455,AD 36,2025-11-04_22:12:01.642387
ED   44,0.00%,NO,&nbsp,228,AD 36,2025-11-04_22:12:01.642387
ED   45,0.00%,YES,&nbsp,235,AD 36,2025-11-04_22:12:01.642387
ED   45,0.00%,NO,&nbsp,138,AD 36,2025-11-04_22:12:01.642387
ED   46,0.00%,YES,&nbsp,280,AD 36,2025-11-04_22:12:01.642387
ED   46,0.00%,NO,&nbsp,78,AD 36,2025-11-04_22:12:01.642387
ED   47,0.00%,YES,&nbsp,254,AD 36,2025-11-04_22:12:01.642387
ED   47,0.00%,NO,&nbsp,74,AD 36,2025-11-04_22:12:01.642387
ED   48,0.00%,YES,&nbsp,225,AD 36,2025-11-04_22:12:01.642387
ED   48,0.00%,NO,&nbsp,98,AD 36,2025-11-04_22:12:01.642387
ED   49,0.00%,YES,&nbsp,328,AD 36,2025-11-04_22:12:01.642387
ED   49,0.00%,NO,&nbsp,225,AD 36,2025-11-04_22:12:01.642387
ED   50,0.00%,YES,&nbsp,38,AD 36,2025-11-04_22:12:01.642387
ED   50,0.00%,NO,&nbsp,20,AD 36,2025-11-04_22:12:01.642387
ED   51,0.00%,YES,&nbsp,166,AD 36,2025-11-04_22:12:01.642387
ED   51,0.00%,NO,&nbsp,97,AD 36,2025-11-04_22:12:01.642387
ED   52,0.00%,YES,&nbsp,104,AD 36,2025-11-04_22:12:01.642387
ED   52,0.00%,NO,&nbsp,48,AD 36,2025-11-04_22:12:01.642387
ED   53,0.00%,YES,&nbsp,126,AD 36,2025-11-04_22:12:01.642387
ED   53,0.00%,NO,&nbsp,91,AD 36,2025-11-04_22:12:01.642387
ED   54,0.00%,YES,&nbsp,409,AD 36,2025-11-04_22:12:01.642387
ED   54,0.00%,NO,&nbsp,211,AD 36,2025-11-04_22:12:01.642387
ED   55,0.00%,YES,&nbsp,409,AD 36,2025-11-04_22:12:01.642387
ED   55,0.00%,NO,&nbsp,216,AD 36,2025-11-04_22:12:01.642387
ED   56,0.00%,YES,&nbsp,464,AD 36,2025-11-04_22:12:01.642387
ED   56,0.00%,NO,&nbsp,414,AD 36,2025-11-04_22:12:01.642387
ED   57,0.00%,YES,&nbsp,398,AD 36,2025-11-04_22:12:01.642387
ED   57,0.00%,NO,&nbsp,234,AD 36,2025-11-04_22:12:01.642387
ED   58,0.00%,YES,&nbsp,273,AD 36,2025-11-04_22:12:01.642387
ED   58,0.00%,NO,&nbsp,175,AD 36,2025-11-04_22:12:01.642387
ED   59,0.00%,YES,&nbsp,308,AD 36,2025-11-04_22:12:01.642387
ED   59,0.00%,NO,&nbsp,181,AD 36,2025-11-04_22:12:01.642387
ED   60,0.00%,YES,&nbsp,263,AD 36,2025-11-04_22:12:01.642387
ED   60,0.00%,NO,&nbsp,184,AD 36,2025-11-04_22:12:01.642387
ED   61,0.00%,YES,&nbsp,273,AD 36,2025-11-04_22:12:01.642387
ED   61,0.00%,NO,&nbsp,183,AD 36,2025-11-04_22:12:01.642387
ED   62,0.00%,YES,&nbsp,376,AD 36,2025-11-04_22:12:01.642387
ED   62,0.00%,NO,&nbsp,251,AD 36,2025-11-04_22:12:01.642387
ED   63,0.00%,YES,&nbsp,500,AD 36,2025-11-04_22:12:01.642387
ED   63,0.00%,NO,&nbsp,285,AD 36,2025-11-04_22:12:01.642387
ED   64,0.00%,YES,&nbsp,232,AD 36,2025-11-04_22:12:01.642387
ED   64,0.00%,NO,&nbsp,187,AD 36,2025-11-04_22:12:01.642387
ED   65,0.00%,YES,&nbsp,388,AD 36,2025-11-04_22:12:01.642387
ED   65,0.00%,NO,&nbsp,245,AD 36,2025-11-04_22:12:01.642387
ED   66,0.00%,YES,&nbsp,54,AD 36,2025-11-04_22:12:01.642387
ED   66,0.00%,NO,&nbsp,42,AD 36,2025-11-04_22:12:01.642387
ED   67,0.00%,YES,&nbsp,32,AD 36,2025-11-04_22:12:01.642387
ED   67,0.00%,NO,&nbsp,20,AD 36,2025-11-04_22:12:01.642387
ED   68,0.00%,YES,&nbsp,-,AD 36,2025-11-04_22:12:01.642387
ED   68,0.00%,NO,&nbsp,-,AD 36,2025-11-04_22:12:01.642387
ED   69,0.00%,YES,&nbsp,-,AD 36,2025-11-04_22:12:01.642387
ED   69,0.00%,NO,&nbsp,-,AD 36,2025-11-04_22:12:01.642387
ED   70,0.00%,YES,&nbsp,-,AD 36,2025-11-04_22:12:01.642387
ED   70,0.00%,NO,&nbsp,-,AD 36,2025-11-04_22:12:01.642387
Total,,YES,&nbsp,21205,AD 36,2025-11-04_22:12:01.642387
Total,,NO,&nbsp,11892,AD 36,2025-11-04_22:12:01.642387
ED    1,0.00%,YES,&nbsp,601,AD 37,2025-11-04_22:12:01.642387
ED    1,0.00%,NO,&nbsp,293,AD 37,2025-11-04_22:12:01.642387
ED    2,0.00%,YES,&nbsp,615,AD 37,2025-11-04_22:12:01.642387
ED    2,0.00%,NO,&nbsp,358,AD 37,2025-11-04_22:12:01.642387
ED    3,0.00%,YES,&nbsp,267,AD 37,2025-11-04_22:12:01.642387
ED    3,0.00%,NO,&nbsp,161,AD 37,2025-11-04_22:12:01.642387
ED    4,0.00%,YES,&nbsp,375,AD 37,2025-11-04_22:12:01.642387
ED    4,0.00%,NO,&nbsp,242,AD 37,2025-11-04_22:12:01.642387
ED    5,0.00%,YES,&nbsp,361,AD 37,2025-11-04_22:12:01.642387
ED    5,0.00%,NO,&nbsp,207,AD 37,2025-11-04_22:12:01.642387
ED    6,0.00%,YES,&nbsp,615,AD 37,2025-11-04_22:12:01.642387
ED    6,0.00%,NO,&nbsp,318,AD 37,2025-11-04_22:12:01.642387
ED    7,0.00%,YES,&nbsp,544,AD 37,2025-11-04_22:12:01.642387
ED    7,0.00%,NO,&nbsp,261,AD 37,2025-11-04_22:12:01.642387
ED    8,0.00%,YES,&nbsp,441,AD 37,2025-11-04_22:12:01.642387
ED    8,0.00%,NO,&nbsp,238,AD 37,2025-11-04_22:12:01.642387
ED    9,0.00%,YES,&nbsp,151,AD 37,2025-11-04_22:12:01.642387
ED    9,0.00%,NO,&nbsp,101,AD 37,2025-11-04_22:12:01.642387
ED   10,0.00%,YES,&nbsp,3,AD 37,2025-11-04_22:12:01.642387
ED   10,0.00%,NO,&nbsp,1,AD 37,2025-11-04_22:12:01.642387
ED   11,0.00%,YES,&nbsp,58,AD 37,2025-11-04_22:12:01.642387
ED   11,0.00%,NO,&nbsp,65,AD 37,2025-11-04_22:12:01.642387
ED   12,0.00%,YES,&nbsp,389,AD 37,2025-11-04_22:12:01.642387
ED   12,0.00%,NO,&nbsp,245,AD 37,2025-11-04_22:12:01.642387
ED   13,0.00%,YES,&nbsp,31,AD 37,2025-11-04_22:12:01.642387
ED   13,0.00%,NO,&nbsp,29,AD 37,2025-11-04_22:12:01.642387
ED   14,0.00%,YES,&nbsp,288,AD 37,2025-11-04_22:12:01.642387
ED   14,0.00%,NO,&nbsp,213,AD 37,2025-11-04_22:12:01.642387
ED   15,0.00%,YES,&nbsp,104,AD 37,2025-11-04_22:12:01.642387
ED   15,0.00%,NO,&nbsp,40,AD 37,2025-11-04_22:12:01.642387
ED   16,0.00%,YES,&nbsp,213,AD 37,2025-11-04_22:12:01.642387
ED   16,0.00%,NO,&nbsp,112,AD 37,2025-11-04_22:12:01.642387
ED   17,0.00%,YES,&nbsp,259,AD 37,2025-11-04_22:12:01.642387
ED   17,0.00%,NO,&nbsp,103,AD 37,2025-11-04_22:12:01.642387
ED   18,0.00%,YES,&nbsp,291,AD 37,2025-11-04_22:12:01.642387
ED   18,0.00%,NO,&nbsp,113,AD 37,2025-11-04_22:12:01.642387
ED   19,0.00%,YES,&nbsp,409,AD 37,2025-11-04_22:12:01.642387
ED   19,0.00%,NO,&nbsp,173,AD 37,2025-11-04_22:12:01.642387
ED   20,0.00%,YES,&nbsp,380,AD 37,2025-11-04_22:12:01.642387
ED   20,0.00%,NO,&nbsp,233,AD 37,2025-11-04_22:12:01.642387
ED   21,0.00%,YES,&nbsp,382,AD 37,2025-11-04_22:12:01.642387
ED   21,0.00%,NO,&nbsp,312,AD 37,2025-11-04_22:12:01.642387
ED   22,0.00%,YES,&nbsp,413,AD 37,2025-11-04_22:12:01.642387
ED   22,0.00%,NO,&nbsp,280,AD 37,2025-11-04_22:12:01.642387
ED   23,0.00%,YES,&nbsp,292,AD 37,2025-11-04_22:12:01.642387
ED   23,0.00%,NO,&nbsp,172,AD 37,2025-11-04_22:12:01.642387
ED   24,0.00%,YES,&nbsp,325,AD 37,2025-11-04_22:12:01.642387
ED   24,0.00%,NO,&nbsp,242,AD 37,2025-11-04_22:12:01.642387
ED   25,0.00%,YES,&nbsp,356,AD 37,2025-11-04_22:12:01.642387
ED   25,0.00%,NO,&nbsp,227,AD 37,2025-11-04_22:12:01.642387
ED   26,0.00%,YES,&nbsp,347,AD 37,2025-11-04_22:12:01.642387
ED   26,0.00%,NO,&nbsp,210,AD 37,2025-11-04_22:12:01.642387
ED   27,0.00%,YES,&nbsp,507,AD 37,2025-11-04_22:12:01.642387
ED   27,0.00%,NO,&nbsp,319,AD 37,2025-11-04_22:12:01.642387
ED   28,0.00%,YES,&nbsp,464,AD 37,2025-11-04_22:12:01.642387
ED   28,0.00%,NO,&nbsp,295,AD 37,2025-11-04_22:12:01.642387
ED   29,0.00%,YES,&nbsp,316,AD 37,2025-11-04_22:12:01.642387
ED   29,0.00%,NO,&nbsp,237,AD 37,2025-11-04_22:12:01.642387
ED   30,0.00%,YES,&nbsp,469,AD 37,2025-11-04_22:12:01.642387
ED   30,0.00%,NO,&nbsp,260,AD 37,2025-11-04_22:12:01.642387
ED   31,0.00%,YES,&nbsp,417,AD 37,2025-11-04_22:12:01.642387
ED   31,0.00%,NO,&nbsp,317,AD 37,2025-11-04_22:12:01.642387
ED   32,0.00%,YES,&nbsp,190,AD 37,2025-11-04_22:12:01.642387
ED   32,0.00%,NO,&nbsp,83,AD 37,2025-11-04_22:12:01.642387
ED   33,0.00%,YES,&nbsp,260,AD 37,2025-11-04_22:12:01.642387
ED   33,0.00%,NO,&nbsp,187,AD 37,2025-11-04_22:12:01.642387
ED   34,0.00%,YES,&nbsp,-,AD 37,2025-11-04_22:12:01.642387
ED   34,0.00%,NO,&nbsp,1,AD 37,2025-11-04_22:12:01.642387
ED   35,0.00%,YES,&nbsp,443,AD 37,2025-11-04_22:12:01.642387
ED   35,0.00%,NO,&nbsp,375,AD 37,2025-11-04_22:12:01.642387
ED   36,0.00%,YES,&nbsp,426,AD 37,2025-11-04_22:12:01.642387
ED   36,0.00%,NO,&nbsp,376,AD 37,2025-11-04_22:12:01.642387
ED   37,0.00%,YES,&nbsp,187,AD 37,2025-11-04_22:12:01.642387
ED   37,0.00%,NO,&nbsp,136,AD 37,2025-11-04_22:12:01.642387
ED   38,0.00%,YES,&nbsp,-,AD 37,2025-11-04_22:12:01.642387
ED   38,0.00%,NO,&nbsp,-,AD 37,2025-11-04_22:12:01.642387
ED   39,0.00%,YES,&nbsp,121,AD 37,2025-11-04_22:12:01.642387
ED   39,0.00%,NO,&nbsp,417,AD 37,2025-11-04_22:12:01.642387
ED   40,0.00%,YES,&nbsp,188,AD 37,2025-11-04_22:12:01.642387
ED   40,0.00%,NO,&nbsp,433,AD 37,2025-11-04_22:12:01.642387
ED   41,0.00%,YES,&nbsp,15,AD 37,2025-11-04_22:12:01.642387
ED   41,0.00%,NO,&nbsp,16,AD 37,2025-11-04_22:12:01.642387
ED   42,0.00%,YES,&nbsp,312,AD 37,2025-11-04_22:12:01.642387
ED   42,0.00%,NO,&nbsp,165,AD 37,2025-11-04_22:12:01.642387
ED   43,0.00%,YES,&nbsp,174,AD 37,2025-11-04_22:12:01.642387
ED   43,0.00%,NO,&nbsp,144,AD 37,2025-11-04_22:12:01.642387
ED   44,0.00%,YES,&nbsp,283,AD 37,2025-11-04_22:12:01.642387
ED   44,0.00%,NO,&nbsp,206,AD 37,2025-11-04_22:12:01.642387
ED   45,0.00%,YES,&nbsp,134,AD 37,2025-11-04_22:12:01.642387
ED   45,0.00%,NO,&nbsp,95,AD 37,2025-11-04_22:12:01.642387
ED   46,0.00%,YES,&nbsp,32,AD 37,2025-11-04_22:12:01.642387
ED   46,0.00%,NO,&nbsp,61,AD 37,2025-11-04_22:12:01.642387
ED   47,0.00%,YES,&nbsp,254,AD 37,2025-11-04_22:12:01.642387
ED   47,0.00%,NO,&nbsp,374,AD 37,2025-11-04_22:12:01.642387
ED   48,0.00%,YES,&nbsp,238,AD 37,2025-11-04_22:12:01.642387
ED   48,0.00%,NO,&nbsp,269,AD 37,2025-11-04_22:12:01.642387
ED   49,0.00%,YES,&nbsp,104,AD 37,2025-11-04_22:12:01.642387
ED   49,0.00%,NO,&nbsp,144,AD 37,2025-11-04_22:12:01.642387
ED   50,0.00%,YES,&nbsp,135,AD 37,2025-11-04_22:12:01.642387
ED   50,0.00%,NO,&nbsp,183,AD 37,2025-11-04_22:12:01.642387
ED   51,0.00%,YES,&nbsp,134,AD 37,2025-11-04_22:12:01.642387
ED   51,0.00%,NO,&nbsp,213,AD 37,2025-11-04_22:12:01.642387
ED   52,0.00%,YES,&nbsp,337,AD 37,2025-11-04_22:12:01.642387
ED   52,0.00%,NO,&nbsp,331,AD 37,2025-11-04_22:12:01.642387
ED   53,0.00%,YES,&nbsp,337,AD 37,2025-11-04_22:12:01.642387
ED   53,0.00%,NO,&nbsp,310,AD 37,2025-11-04_22:12:01.642387
ED   54,0.00%,YES,&nbsp,337,AD 37,2025-11-04_22:12:01.642387
ED   54,0.00%,NO,&nbsp,228,AD 37,2025-11-04_22:12:01.642387
ED   55,0.00%,YES,&nbsp,297,AD 37,2025-11-04_22:12:01.642387
ED   55,0.00%,NO,&nbsp,227,AD 37,2025-11-04_22:12:01.642387
ED   56,0.00%,YES,&nbsp,264,AD 37,2025-11-04_22:12:01.642387
ED   56,0.00%,NO,&nbsp,180,AD 37,2025-11-04_22:12:01.642387
ED   57,0.00%,YES,&nbsp,383,AD 37,2025-11-04_22:12:01.642387
ED   57,0.00%,NO,&nbsp,289,AD 37,2025-11-04_22:12:01.642387
ED   58,0.00%,YES,&nbsp,203,AD 37,2025-11-04_22:12:01.642387
ED   58,0.00%,NO,&nbsp,134,AD 37,2025-11-04_22:12:01.642387
ED   59,0.00%,YES,&nbsp,228,AD 37,2025-11-04_22:12:01.642387
ED   59,0.00%,NO,&nbsp,175,AD 37,2025-11-04_22:12:01.642387
ED   60,0.00%,YES,&nbsp,187,AD 37,2025-11-04_22:12:01.642387
ED   60,0.00%,NO,&nbsp,95,AD 37,2025-11-04_22:12:01.642387
ED   61,0.00%,YES,&nbsp,267,AD 37,2025-11-04_22:12:01.642387
ED   61,0.00%,NO,&nbsp,183,AD 37,2025-11-04_22:12:01.642387
ED   62,0.00%,YES,&nbsp,190,AD 37,2025-11-04_22:12:01.642387
ED   62,0.00%,NO,&nbsp,132,AD 37,2025-11-04_22:12:01.642387
ED   63,0.00%,YES,&nbsp,375,AD 37,2025-11-04_22:12:01.642387
ED   63,0.00%,NO,&nbsp,252,AD 37,2025-11-04_22:12:01.642387
ED   64,0.00%,YES,&nbsp,407,AD 37,2025-11-04_22:12:01.642387
ED   64,0.00%,NO,&nbsp,308,AD 37,2025-11-04_22:12:01.642387
ED   65,0.00%,YES,&nbsp,360,AD 37,2025-11-04_22:12:01.642387
ED   65,0.00%,NO,&nbsp,200,AD 37,2025-11-04_22:12:01.642387
ED   66,0.00%,YES,&nbsp,-,AD 37,2025-11-04_22:12:01.642387
ED   66,0.00%,NO,&nbsp,-,AD 37,2025-11-04_22:12:01.642387
ED   67,0.00%,YES,&nbsp,-,AD 37,2025-11-04_22:12:01.642387
ED   67,0.00%,NO,&nbsp,-,AD 37,2025-11-04_22:12:01.642387
ED   68,0.00%,YES,&nbsp,-,AD 37,2025-11-04_22:12:01.642387
ED   68,0.00%,NO,&nbsp,-,AD 37,2025-11-04_22:12:01.642387
ED   69,0.00%,YES,&nbsp,-,AD 37,2025-11-04_22:12:01.642387
ED   69,0.00%,NO,&nbsp,-,AD 37,2025-11-04_22:12:01.642387
ED   70,0.00%,YES,&nbsp,-,AD 37,2025-11-04_22:12:01.642387
ED   70,0.00%,NO,&nbsp,-,AD 37,2025-11-04_22:12:01.642387
ED   71,0.00%,YES,&nbsp,-,AD 37,2025-11-04_22:12:01.642387
ED   71,0.00%,NO,&nbsp,-,AD 37,2025-11-04_22:12:01.642387
Total,,YES,&nbsp,18485,AD 37,2025-11-04_22:12:01.642387
Total,,NO,&nbsp,13299,AD 37,2025-11-04_22:12:01.642387
ED    1,0.00%,YES,&nbsp,376,AD 38,2025-11-04_22:12:01.642387
ED    1,0.00%,NO,&nbsp,231,AD 38,2025-11-04_22:12:01.642387
ED    2,0.00%,YES,&nbsp,467,AD 38,2025-11-04_22:12:01.642387
ED    2,0.00%,NO,&nbsp,281,AD 38,2025-11-04_22:12:01.642387
ED    3,0.00%,YES,&nbsp,421,AD 38,2025-11-04_22:12:01.642387
ED    3,0.00%,NO,&nbsp,222,AD 38,2025-11-04_22:12:01.642387
ED    4,0.00%,YES,&nbsp,436,AD 38,2025-11-04_22:12:01.642387
ED    4,0.00%,NO,&nbsp,278,AD 38,2025-11-04_22:12:01.642387
ED    5,0.00%,YES,&nbsp,145,AD 38,2025-11-04_22:12:01.642387
ED    5,0.00%,NO,&nbsp,73,AD 38,2025-11-04_22:12:01.642387
ED    6,0.00%,YES,&nbsp,417,AD 38,2025-11-04_22:12:01.642387
ED    6,0.00%,NO,&nbsp,256,AD 38,2025-11-04_22:12:01.642387
ED    7,0.00%,YES,&nbsp,291,AD 38,2025-11-04_22:12:01.642387
ED    7,0.00%,NO,&nbsp,143,AD 38,2025-11-04_22:12:01.642387
ED    8,0.00%,YES,&nbsp,4,AD 38,2025-11-04_22:12:01.642387
ED    8,0.00%,NO,&nbsp,-,AD 38,2025-11-04_22:12:01.642387
ED    9,0.00%,YES,&nbsp,294,AD 38,2025-11-04_22:12:01.642387
ED    9,0.00%,NO,&nbsp,334,AD 38,2025-11-04_22:12:01.642387
ED   10,0.00%,YES,&nbsp,292,AD 38,2025-11-04_22:12:01.642387
ED   10,0.00%,NO,&nbsp,254,AD 38,2025-11-04_22:12:01.642387
ED   11,0.00%,YES,&nbsp,209,AD 38,2025-11-04_22:12:01.642387
ED   11,0.00%,NO,&nbsp,283,AD 38,2025-11-04_22:12:01.642387
ED   12,0.00%,YES,&nbsp,308,AD 38,2025-11-04_22:12:01.642387
ED   12,0.00%,NO,&nbsp,236,AD 38,2025-11-04_22:12:01.642387
ED   13,0.00%,YES,&nbsp,82,AD 38,2025-11-04_22:12:01.642387
ED   13,0.00%,NO,&nbsp,100,AD 38,2025-11-04_22:12:01.642387
ED   14,0.00%,YES,&nbsp,303,AD 38,2025-11-04_22:12:01.642387
ED   14,0.00%,NO,&nbsp,433,AD 38,2025-11-04_22:12:01.642387
ED   15,0.00%,YES,&nbsp,286,AD 38,2025-11-04_22:12:01.642387
ED   15,0.00%,NO,&nbsp,450,AD 38,2025-11-04_22:12:01.642387
ED   16,0.00%,YES,&nbsp,28,AD 38,2025-11-04_22:12:01.642387
ED   16,0.00%,NO,&nbsp,35,AD 38,2025-11-04_22:12:01.642387
ED   17,0.00%,YES,&nbsp,262,AD 38,2025-11-04_22:12:01.642387
ED   17,0.00%,NO,&nbsp,312,AD 38,2025-11-04_22:12:01.642387
ED   18,0.00%,YES,&nbsp,150,AD 38,2025-11-04_22:12:01.642387
ED   18,0.00%,NO,&nbsp,112,AD 38,2025-11-04_22:12:01.642387
ED   19,0.00%,YES,&nbsp,252,AD 38,2025-11-04_22:12:01.642387
ED   19,0.00%,NO,&nbsp,115,AD 38,2025-11-04_22:12:01.642387
ED   20,0.00%,YES,&nbsp,349,AD 38,2025-11-04_22:12:01.642387
ED   20,0.00%,NO,&nbsp,225,AD 38,2025-11-04_22:12:01.642387
ED   21,0.00%,YES,&nbsp,241,AD 38,2025-11-04_22:12:01.642387
ED   21,0.00%,NO,&nbsp,138,AD 38,2025-11-04_22:12:01.642387
ED   22,0.00%,YES,&nbsp,65,AD 38,2025-11-04_22:12:01.642387
ED   22,0.00%,NO,&nbsp,36,AD 38,2025-11-04_22:12:01.642387
ED   23,0.00%,YES,&nbsp,148,AD 38,2025-11-04_22:12:01.642387
ED   23,0.00%,NO,&nbsp,106,AD 38,2025-11-04_22:12:01.642387
ED   24,0.00%,YES,&nbsp,217,AD 38,2025-11-04_22:12:01.642387
ED   24,0.00%,NO,&nbsp,157,AD 38,2025-11-04_22:12:01.642387
ED   25,0.00%,YES,&nbsp,106,AD 38,2025-11-04_22:12:01.642387
ED   25,0.00%,NO,&nbsp,62,AD 38,2025-11-04_22:12:01.642387
ED   26,0.00%,YES,&nbsp,264,AD 38,2025-11-04_22:12:01.642387
ED   26,0.00%,NO,&nbsp,166,AD 38,2025-11-04_22:12:01.642387
ED   27,0.00%,YES,&nbsp,91,AD 38,2025-11-04_22:12:01.642387
ED   27,0.00%,NO,&nbsp,75,AD 38,2025-11-04_22:12:01.642387
ED   28,0.00%,YES,&nbsp,277,AD 38,2025-11-04_22:12:01.642387
ED   28,0.00%,NO,&nbsp,146,AD 38,2025-11-04_22:12:01.642387
ED   29,0.00%,YES,&nbsp,244,AD 38,2025-11-04_22:12:01.642387
ED   29,0.00%,NO,&nbsp,86,AD 38,2025-11-04_22:12:01.642387
ED   30,0.00%,YES,&nbsp,181,AD 38,2025-11-04_22:12:01.642387
ED   30,0.00%,NO,&nbsp,98,AD 38,2025-11-04_22:12:01.642387
ED   31,0.00%,YES,&nbsp,194,AD 38,2025-11-04_22:12:01.642387
ED   31,0.00%,NO,&nbsp,71,AD 38,2025-11-04_22:12:01.642387
ED   32,0.00%,YES,&nbsp,308,AD 38,2025-11-04_22:12:01.642387
ED   32,0.00%,NO,&nbsp,172,AD 38,2025-11-04_22:12:01.642387
ED   33,0.00%,YES,&nbsp,361,AD 38,2025-11-04_22:12:01.642387
ED   33,0.00%,NO,&nbsp,164,AD 38,2025-11-04_22:12:01.642387
ED   34,0.00%,YES,&nbsp,271,AD 38,2025-11-04_22:12:01.642387
ED   34,0.00%,NO,&nbsp,147,AD 38,2025-11-04_22:12:01.642387
ED   35,0.00%,YES,&nbsp,265,AD 38,2025-11-04_22:12:01.642387
ED   35,0.00%,NO,&nbsp,145,AD 38,2025-11-04_22:12:01.642387
ED   36,0.00%,YES,&nbsp,297,AD 38,2025-11-04_22:12:01.642387
ED   36,0.00%,NO,&nbsp,86,AD 38,2025-11-04_22:12:01.642387
ED   37,0.00%,YES,&nbsp,288,AD 38,2025-11-04_22:12:01.642387
ED   37,0.00%,NO,&nbsp,119,AD 38,2025-11-04_22:12:01.642387
ED   38,0.00%,YES,&nbsp,166,AD 38,2025-11-04_22:12:01.642387
ED   38,0.00%,NO,&nbsp,65,AD 38,2025-11-04_22:12:01.642387
ED   39,0.00%,YES,&nbsp,194,AD 38,2025-11-04_22:12:01.642387
ED   39,0.00%,NO,&nbsp,91,AD 38,2025-11-04_22:12:01.642387
ED   40,0.00%,YES,&nbsp,131,AD 38,2025-11-04_22:12:01.642387
ED   40,0.00%,NO,&nbsp,53,AD 38,2025-11-04_22:12:01.642387
ED   41,0.00%,YES,&nbsp,120,AD 38,2025-11-04_22:12:01.642387
ED   41,0.00%,NO,&nbsp,81,AD 38,2025-11-04_22:12:01.642387
ED   42,0.00%,YES,&nbsp,118,AD 38,2025-11-04_22:12:01.642387
ED   42,0.00%,NO,&nbsp,83,AD 38,2025-11-04_22:12:01.642387
ED   43,0.00%,YES,&nbsp,3,AD 38,2025-11-04_22:12:01.642387
ED   43,0.00%,NO,&nbsp,7,AD 38,2025-11-04_22:12:01.642387
ED   44,0.00%,YES,&nbsp,195,AD 38,2025-11-04_22:12:01.642387
ED   44,0.00%,NO,&nbsp,117,AD 38,2025-11-04_22:12:01.642387
ED   45,0.00%,YES,&nbsp,124,AD 38,2025-11-04_22:12:01.642387
ED   45,0.00%,NO,&nbsp,79,AD 38,2025-11-04_22:12:01.642387
ED   46,0.00%,YES,&nbsp,346,AD 38,2025-11-04_22:12:01.642387
ED   46,0.00%,NO,&nbsp,255,AD 38,2025-11-04_22:12:01.642387
ED   47,0.00%,YES,&nbsp,331,AD 38,2025-11-04_22:12:01.642387
ED   47,0.00%,NO,&nbsp,289,AD 38,2025-11-04_22:12:01.642387
ED   48,0.00%,YES,&nbsp,222,AD 38,2025-11-04_22:12:01.642387
ED   48,0.00%,NO,&nbsp,108,AD 38,2025-11-04_22:12:01.642387
ED   49,0.00%,YES,&nbsp,43,AD 38,2025-11-04_22:12:01.642387
ED   49,0.00%,NO,&nbsp,30,AD 38,2025-11-04_22:12:01.642387
ED   50,0.00%,YES,&nbsp,207,AD 38,2025-11-04_22:12:01.642387
ED   50,0.00%,NO,&nbsp,96,AD 38,2025-11-04_22:12:01.642387
ED   51,0.00%,YES,&nbsp,235,AD 38,2025-11-04_22:12:01.642387
ED   51,0.00%,NO,&nbsp,105,AD 38,2025-11-04_22:12:01.642387
ED   52,0.00%,YES,&nbsp,71,AD 38,2025-11-04_22:12:01.642387
ED   52,0.00%,NO,&nbsp,52,AD 38,2025-11-04_22:12:01.642387
ED   53,0.00%,YES,&nbsp,199,AD 38,2025-11-04_22:12:01.642387
ED   53,0.00%,NO,&nbsp,255,AD 38,2025-11-04_22:12:01.642387
ED   54,0.00%,YES,&nbsp,207,AD 38,2025-11-04_22:12:01.642387
ED   54,0.00%,NO,&nbsp,128,AD 38,2025-11-04_22:12:01.642387
ED   55,0.00%,YES,&nbsp,-,AD 38,2025-11-04_22:12:01.642387
ED   55,0.00%,NO,&nbsp,-,AD 38,2025-11-04_22:12:01.642387
Total,,YES,&nbsp,12102,AD 38,2025-11-04_22:12:01.642387
Total,,NO,&nbsp,8241,AD 38,2025-11-04_22:12:01.642387
ED    1,0.00%,YES,&nbsp,455,AD 39,2025-11-04_22:12:01.642387
ED    1,0.00%,NO,&nbsp,263,AD 39,2025-11-04_22:12:01.642387
ED    2,0.00%,YES,&nbsp,459,AD 39,2025-11-04_22:12:01.642387
ED    2,0.00%,NO,&nbsp,350,AD 39,2025-11-04_22:12:01.642387
ED    3,0.00%,YES,&nbsp,414,AD 39,2025-11-04_22:12:01.642387
ED    3,0.00%,NO,&nbsp,257,AD 39,2025-11-04_22:12:01.642387
ED    4,0.00%,YES,&nbsp,199,AD 39,2025-11-04_22:12:01.642387
ED    4,0.00%,NO,&nbsp,105,AD 39,2025-11-04_22:12:01.642387
ED    5,0.00%,YES,&nbsp,340,AD 39,2025-11-04_22:12:01.642387
ED    5,0.00%,NO,&nbsp,219,AD 39,2025-11-04_22:12:01.642387
ED    6,0.00%,YES,&nbsp,487,AD 39,2025-11-04_22:12:01.642387
ED    6,0.00%,NO,&nbsp,370,AD 39,2025-11-04_22:12:01.642387
ED    7,0.00%,YES,&nbsp,468,AD 39,2025-11-04_22:12:01.642387
ED    7,0.00%,NO,&nbsp,251,AD 39,2025-11-04_22:12:01.642387
ED    8,0.00%,YES,&nbsp,405,AD 39,2025-11-04_22:12:01.642387
ED    8,0.00%,NO,&nbsp,241,AD 39,2025-11-04_22:12:01.642387
ED    9,0.00%,YES,&nbsp,355,AD 39,2025-11-04_22:12:01.642387
ED    9,0.00%,NO,&nbsp,207,AD 39,2025-11-04_22:12:01.642387
ED   10,0.00%,YES,&nbsp,143,AD 39,2025-11-04_22:12:01.642387
ED   10,0.00%,NO,&nbsp,72,AD 39,2025-11-04_22:12:01.642387
ED   11,0.00%,YES,&nbsp,35,AD 39,2025-11-04_22:12:01.642387
ED   11,0.00%,NO,&nbsp,10,AD 39,2025-11-04_22:12:01.642387
ED   12,0.00%,YES,&nbsp,173,AD 39,2025-11-04_22:12:01.642387
ED   12,0.00%,NO,&nbsp,85,AD 39,2025-11-04_22:12:01.642387
ED   13,0.00%,YES,&nbsp,118,AD 39,2025-11-04_22:12:01.642387
ED   13,0.00%,NO,&nbsp,35,AD 39,2025-11-04_22:12:01.642387
ED   14,0.00%,YES,&nbsp,211,AD 39,2025-11-04_22:12:01.642387
ED   14,0.00%,NO,&nbsp,62,AD 39,2025-11-04_22:12:01.642387
ED   15,0.00%,YES,&nbsp,312,AD 39,2025-11-04_22:12:01.642387
ED   15,0.00%,NO,&nbsp,144,AD 39,2025-11-04_22:12:01.642387
ED   16,0.00%,YES,&nbsp,26,AD 39,2025-11-04_22:12:01.642387
ED   16,0.00%,NO,&nbsp,17,AD 39,2025-11-04_22:12:01.642387
ED   17,0.00%,YES,&nbsp,151,AD 39,2025-11-04_22:12:01.642387
ED   17,0.00%,NO,&nbsp,58,AD 39,2025-11-04_22:12:01.642387
ED   18,0.00%,YES,&nbsp,293,AD 39,2025-11-04_22:12:01.642387
ED   18,0.00%,NO,&nbsp,130,AD 39,2025-11-04_22:12:01.642387
ED   19,0.00%,YES,&nbsp,344,AD 39,2025-11-04_22:12:01.642387
ED   19,0.00%,NO,&nbsp,160,AD 39,2025-11-04_22:12:01.642387
ED   20,0.00%,YES,&nbsp,80,AD 39,2025-11-04_22:12:01.642387
ED   20,0.00%,NO,&nbsp,27,AD 39,2025-11-04_22:12:01.642387
ED   21,0.00%,YES,&nbsp,191,AD 39,2025-11-04_22:12:01.642387
ED   21,0.00%,NO,&nbsp,62,AD 39,2025-11-04_22:12:01.642387
ED   22,0.00%,YES,&nbsp,219,AD 39,2025-11-04_22:12:01.642387
ED   22,0.00%,NO,&nbsp,104,AD 39,2025-11-04_22:12:01.642387
ED   23,0.00%,YES,&nbsp,217,AD 39,2025-11-04_22:12:01.642387
ED   23,0.00%,NO,&nbsp,71,AD 39,2025-11-04_22:12:01.642387
ED   24,0.00%,YES,&nbsp,161,AD 39,2025-11-04_22:12:01.642387
ED   24,0.00%,NO,&nbsp,58,AD 39,2025-11-04_22:12:01.642387
ED   25,0.00%,YES,&nbsp,151,AD 39,2025-11-04_22:12:01.642387
ED   25,0.00%,NO,&nbsp,52,AD 39,2025-11-04_22:12:01.642387
ED   26,0.00%,YES,&nbsp,236,AD 39,2025-11-04_22:12:01.642387
ED   26,0.00%,NO,&nbsp,90,AD 39,2025-11-04_22:12:01.642387
ED   27,0.00%,YES,&nbsp,75,AD 39,2025-11-04_22:12:01.642387
ED   27,0.00%,NO,&nbsp,30,AD 39,2025-11-04_22:12:01.642387
ED   28,0.00%,YES,&nbsp,193,AD 39,2025-11-04_22:12:01.642387
ED   28,0.00%,NO,&nbsp,525,AD 39,2025-11-04_22:12:01.642387
ED   29,0.00%,YES,&nbsp,134,AD 39,2025-11-04_22:12:01.642387
ED   29,0.00%,NO,&nbsp,58,AD 39,2025-11-04_22:12:01.642387
ED   30,0.00%,YES,&nbsp,206,AD 39,2025-11-04_22:12:01.642387
ED   30,0.00%,NO,&nbsp,115,AD 39,2025-11-04_22:12:01.642387
ED   31,0.00%,YES,&nbsp,183,AD 39,2025-11-04_22:12:01.642387
ED   31,0.00%,NO,&nbsp,85,AD 39,2025-11-04_22:12:01.642387
ED   32,0.00%,YES,&nbsp,198,AD 39,2025-11-04_22:12:01.642387
ED   32,0.00%,NO,&nbsp,116,AD 39,2025-11-04_22:12:01.642387
ED   33,0.00%,YES,&nbsp,145,AD 39,2025-11-04_22:12:01.642387
ED   33,0.00%,NO,&nbsp,81,AD 39,2025-11-04_22:12:01.642387
ED   34,0.00%,YES,&nbsp,182,AD 39,2025-11-04_22:12:01.642387
ED   34,0.00%,NO,&nbsp,109,AD 39,2025-11-04_22:12:01.642387
ED   35,0.00%,YES,&nbsp,226,AD 39,2025-11-04_22:12:01.642387
ED   35,0.00%,NO,&nbsp,97,AD 39,2025-11-04_22:12:01.642387
ED   36,0.00%,YES,&nbsp,153,AD 39,2025-11-04_22:12:01.642387
ED   36,0.00%,NO,&nbsp,57,AD 39,2025-11-04_22:12:01.642387
ED   37,0.00%,YES,&nbsp,135,AD 39,2025-11-04_22:12:01.642387
ED   37,0.00%,NO,&nbsp,56,AD 39,2025-11-04_22:12:01.642387
ED   38,0.00%,YES,&nbsp,113,AD 39,2025-11-04_22:12:01.642387
ED   38,0.00%,NO,&nbsp,73,AD 39,2025-11-04_22:12:01.642387
ED   39,0.00%,YES,&nbsp,201,AD 39,2025-11-04_22:12:01.642387
ED   39,0.00%,NO,&nbsp,133,AD 39,2025-11-04_22:12:01.642387
ED   40,0.00%,YES,&nbsp,56,AD 39,2025-11-04_22:12:01.642387
ED   40,0.00%,NO,&nbsp,41,AD 39,2025-11-04_22:12:01.642387
ED   41,0.00%,YES,&nbsp,252,AD 39,2025-11-04_22:12:01.642387
ED   41,0.00%,NO,&nbsp,238,AD 39,2025-11-04_22:12:01.642387
ED   42,0.00%,YES,&nbsp,162,AD 39,2025-11-04_22:12:01.642387
ED   42,0.00%,NO,&nbsp,109,AD 39,2025-11-04_22:12:01.642387
ED   43,0.00%,YES,&nbsp,118,AD 39,2025-11-04_22:12:01.642387
ED   43,0.00%,NO,&nbsp,127,AD 39,2025-11-04_22:12:01.642387
ED   44,0.00%,YES,&nbsp,216,AD 39,2025-11-04_22:12:01.642387
ED   44,0.00%,NO,&nbsp,114,AD 39,2025-11-04_22:12:01.642387
ED   45,0.00%,YES,&nbsp,194,AD 39,2025-11-04_22:12:01.642387
ED   45,0.00%,NO,&nbsp,228,AD 39,2025-11-04_22:12:01.642387
ED   46,0.00%,YES,&nbsp,260,AD 39,2025-11-04_22:12:01.642387
ED   46,0.00%,NO,&nbsp,423,AD 39,2025-11-04_22:12:01.642387
ED   47,0.00%,YES,&nbsp,94,AD 39,2025-11-04_22:12:01.642387
ED   47,0.00%,NO,&nbsp,298,AD 39,2025-11-04_22:12:01.642387
ED   48,0.00%,YES,&nbsp,142,AD 39,2025-11-04_22:12:01.642387
ED   48,0.00%,NO,&nbsp,93,AD 39,2025-11-04_22:12:01.642387
ED   49,0.00%,YES,&nbsp,170,AD 39,2025-11-04_22:12:01.642387
ED   49,0.00%,NO,&nbsp,72,AD 39,2025-11-04_22:12:01.642387
ED   50,0.00%,YES,&nbsp,59,AD 39,2025-11-04_22:12:01.642387
ED   50,0.00%,NO,&nbsp,45,AD 39,2025-11-04_22:12:01.642387
ED   51,0.00%,YES,&nbsp,130,AD 39,2025-11-04_22:12:01.642387
ED   51,0.00%,NO,&nbsp,380,AD 39,2025-11-04_22:12:01.642387
ED   52,0.00%,YES,&nbsp,80,AD 39,2025-11-04_22:12:01.642387
ED   52,0.00%,NO,&nbsp,35,AD 39,2025-11-04_22:12:01.642387
Total,,YES,&nbsp,10720,AD 39,2025-11-04_22:12:01.642387
Total,,NO,&nbsp,7238,AD 39,2025-11-04_22:12:01.642387
ED    1,0.00%,YES,&nbsp,230,AD 40,2025-11-04_22:12:01.642387
ED    1,0.00%,NO,&nbsp,191,AD 40,2025-11-04_22:12:01.642387
ED    2,0.00%,YES,&nbsp,122,AD 40,2025-11-04_22:12:01.642387
ED    2,0.00%,NO,&nbsp,90,AD 40,2025-11-04_22:12:01.642387
ED    3,0.00%,YES,&nbsp,129,AD 40,2025-11-04_22:12:01.642387
ED    3,0.00%,NO,&nbsp,72,AD 40,2025-11-04_22:12:01.642387
ED    4,0.00%,YES,&nbsp,193,AD 40,2025-11-04_22:12:01.642387
ED    4,0.00%,NO,&nbsp,118,AD 40,2025-11-04_22:12:01.642387
ED    5,0.00%,YES,&nbsp,162,AD 40,2025-11-04_22:12:01.642387
ED    5,0.00%,NO,&nbsp,111,AD 40,2025-11-04_22:12:01.642387
ED    6,0.00%,YES,&nbsp,106,AD 40,2025-11-04_22:12:01.642387
ED    6,0.00%,NO,&nbsp,67,AD 40,2025-11-04_22:12:01.642387
ED    7,0.00%,YES,&nbsp,240,AD 40,2025-11-04_22:12:01.642387
ED    7,0.00%,NO,&nbsp,140,AD 40,2025-11-04_22:12:01.642387
ED    8,0.00%,YES,&nbsp,277,AD 40,2025-11-04_22:12:01.642387
ED    8,0.00%,NO,&nbsp,147,AD 40,2025-11-04_22:12:01.642387
ED    9,0.00%,YES,&nbsp,278,AD 40,2025-11-04_22:12:01.642387
ED    9,0.00%,NO,&nbsp,145,AD 40,2025-11-04_22:12:01.642387
ED   10,0.00%,YES,&nbsp,121,AD 40,2025-11-04_22:12:01.642387
ED   10,0.00%,NO,&nbsp,85,AD 40,2025-11-04_22:12:01.642387
ED   11,0.00%,YES,&nbsp,209,AD 40,2025-11-04_22:12:01.642387
ED   11,0.00%,NO,&nbsp,58,AD 40,2025-11-04_22:12:01.642387
ED   12,0.00%,YES,&nbsp,205,AD 40,2025-11-04_22:12:01.642387
ED   12,0.00%,NO,&nbsp,163,AD 40,2025-11-04_22:12:01.642387
ED   13,0.00%,YES,&nbsp,139,AD 40,2025-11-04_22:12:01.642387
ED   13,0.00%,NO,&nbsp,51,AD 40,2025-11-04_22:12:01.642387
ED   14,0.00%,YES,&nbsp,103,AD 40,2025-11-04_22:12:01.642387
ED   14,0.00%,NO,&nbsp,25,AD 40,2025-11-04_22:12:01.642387
ED   15,0.00%,YES,&nbsp,160,AD 40,2025-11-04_22:12:01.642387
ED   15,0.00%,NO,&nbsp,122,AD 40,2025-11-04_22:12:01.642387
ED   16,0.00%,YES,&nbsp,192,AD 40,2025-11-04_22:12:01.642387
ED   16,0.00%,NO,&nbsp,77,AD 40,2025-11-04_22:12:01.642387
ED   17,0.00%,YES,&nbsp,109,AD 40,2025-11-04_22:12:01.642387
ED   17,0.00%,NO,&nbsp,48,AD 40,2025-11-04_22:12:01.642387
ED   18,0.00%,YES,&nbsp,157,AD 40,2025-11-04_22:12:01.642387
ED   18,0.00%,NO,&nbsp,97,AD 40,2025-11-04_22:12:01.642387
ED   19,0.00%,YES,&nbsp,182,AD 40,2025-11-04_22:12:01.642387
ED   19,0.00%,NO,&nbsp,111,AD 40,2025-11-04_22:12:01.642387
ED   20,0.00%,YES,&nbsp,251,AD 40,2025-11-04_22:12:01.642387
ED   20,0.00%,NO,&nbsp,126,AD 40,2025-11-04_22:12:01.642387
ED   21,0.00%,YES,&nbsp,193,AD 40,2025-11-04_22:12:01.642387
ED   21,0.00%,NO,&nbsp,122,AD 40,2025-11-04_22:12:01.642387
ED   22,0.00%,YES,&nbsp,89,AD 40,2025-11-04_22:12:01.642387
ED   22,0.00%,NO,&nbsp,58,AD 40,2025-11-04_22:12:01.642387
ED   23,0.00%,YES,&nbsp,265,AD 40,2025-11-04_22:12:01.642387
ED   23,0.00%,NO,&nbsp,158,AD 40,2025-11-04_22:12:01.642387
ED   24,0.00%,YES,&nbsp,205,AD 40,2025-11-04_22:12:01.642387
ED   24,0.00%,NO,&nbsp,59,AD 40,2025-11-04_22:12:01.642387
ED   25,0.00%,YES,&nbsp,42,AD 40,2025-11-04_22:12:01.642387
ED   25,0.00%,NO,&nbsp,32,AD 40,2025-11-04_22:12:01.642387
ED   26,0.00%,YES,&nbsp,254,AD 40,2025-11-04_22:12:01.642387
ED   26,0.00%,NO,&nbsp,104,AD 40,2025-11-04_22:12:01.642387
ED   27,0.00%,YES,&nbsp,241,AD 40,2025-11-04_22:12:01.642387
ED   27,0.00%,NO,&nbsp,255,AD 40,2025-11-04_22:12:01.642387
ED   28,0.00%,YES,&nbsp,318,AD 40,2025-11-04_22:12:01.642387
ED   28,0.00%,NO,&nbsp,282,AD 40,2025-11-04_22:12:01.642387
ED   29,0.00%,YES,&nbsp,291,AD 40,2025-11-04_22:12:01.642387
ED   29,0.00%,NO,&nbsp,152,AD 40,2025-11-04_22:12:01.642387
ED   30,0.00%,YES,&nbsp,214,AD 40,2025-11-04_22:12:01.642387
ED   30,0.00%,NO,&nbsp,126,AD 40,2025-11-04_22:12:01.642387
ED   31,0.00%,YES,&nbsp,129,AD 40,2025-11-04_22:12:01.642387
ED   31,0.00%,NO,&nbsp,154,AD 40,2025-11-04_22:12:01.642387
ED   32,0.00%,YES,&nbsp,91,AD 40,2025-11-04_22:12:01.642387
ED   32,0.00%,NO,&nbsp,100,AD 40,2025-11-04_22:12:01.642387
ED   33,0.00%,YES,&nbsp,177,AD 40,2025-11-04_22:12:01.642387
ED   33,0.00%,NO,&nbsp,106,AD 40,2025-11-04_22:12:01.642387
ED   34,0.00%,YES,&nbsp,129,AD 40,2025-11-04_22:12:01.642387
ED   34,0.00%,NO,&nbsp,114,AD 40,2025-11-04_22:12:01.642387
ED   35,0.00%,YES,&nbsp,52,AD 40,2025-11-04_22:12:01.642387
ED   35,0.00%,NO,&nbsp,75,AD 40,2025-11-04_22:12:01.642387
ED   36,0.00%,YES,&nbsp,18,AD 40,2025-11-04_22:12:01.642387
ED   36,0.00%,NO,&nbsp,14,AD 40,2025-11-04_22:12:01.642387
ED   37,0.00%,YES,&nbsp,155,AD 40,2025-11-04_22:12:01.642387
ED   37,0.00%,NO,&nbsp,348,AD 40,2025-11-04_22:12:01.642387
ED   38,0.00%,YES,&nbsp,97,AD 40,2025-11-04_22:12:01.642387
ED   38,0.00%,NO,&nbsp,265,AD 40,2025-11-04_22:12:01.642387
ED   39,0.00%,YES,&nbsp,68,AD 40,2025-11-04_22:12:01.642387
ED   39,0.00%,NO,&nbsp,130,AD 40,2025-11-04_22:12:01.642387
ED   40,0.00%,YES,&nbsp,96,AD 40,2025-11-04_22:12:01.642387
ED   40,0.00%,NO,&nbsp,348,AD 40,2025-11-04_22:12:01.642387
ED   41,0.00%,YES,&nbsp,151,AD 40,2025-11-04_22:12:01.642387
ED   41,0.00%,NO,&nbsp,472,AD 40,2025-11-04_22:12:01.642387
ED   42,0.00%,YES,&nbsp,12,AD 40,2025-11-04_22:12:01.642387
ED   42,0.00%,NO,&nbsp,5,AD 40,2025-11-04_22:12:01.642387
ED   43,0.00%,YES,&nbsp,172,AD 40,2025-11-04_22:12:01.642387
ED   43,0.00%,NO,&nbsp,269,AD 40,2025-11-04_22:12:01.642387
ED   44,0.00%,YES,&nbsp,67,AD 40,2025-11-04_22:12:01.642387
ED   44,0.00%,NO,&nbsp,93,AD 40,2025-11-04_22:12:01.642387
ED   45,0.00%,YES,&nbsp,106,AD 40,2025-11-04_22:12:01.642387
ED   45,0.00%,NO,&nbsp,229,AD 40,2025-11-04_22:12:01.642387
ED   46,0.00%,YES,&nbsp,58,AD 40,2025-11-04_22:12:01.642387
ED   46,0.00%,NO,&nbsp,181,AD 40,2025-11-04_22:12:01.642387
ED   47,0.00%,YES,&nbsp,172,AD 40,2025-11-04_22:12:01.642387
ED   47,0.00%,NO,&nbsp,527,AD 40,2025-11-04_22:12:01.642387
ED   48,0.00%,YES,&nbsp,-,AD 40,2025-11-04_22:12:01.642387
ED   48,0.00%,NO,&nbsp,-,AD 40,2025-11-04_22:12:01.642387
Total,,YES,&nbsp,7427,AD 40,2025-11-04_22:12:01.642387
Total,,NO,&nbsp,6822,AD 40,2025-11-04_22:12:01.642387
ED    1,0.00%,YES,&nbsp,328,AD 41,2025-11-04_22:12:01.642387
ED    1,0.00%,NO,&nbsp,108,AD 41,2025-11-04_22:12:01.642387
ED    2,0.00%,YES,&nbsp,271,AD 41,2025-11-04_22:12:01.642387
ED    2,0.00%,NO,&nbsp,133,AD 41,2025-11-04_22:12:01.642387
ED    3,0.00%,YES,&nbsp,217,AD 41,2025-11-04_22:12:01.642387
ED    3,0.00%,NO,&nbsp,55,AD 41,2025-11-04_22:12:01.642387
ED    4,0.00%,YES,&nbsp,358,AD 41,2025-11-04_22:12:01.642387
ED    4,0.00%,NO,&nbsp,189,AD 41,2025-11-04_22:12:01.642387
ED    5,0.00%,YES,&nbsp,249,AD 41,2025-11-04_22:12:01.642387
ED    5,0.00%,NO,&nbsp,87,AD 41,2025-11-04_22:12:01.642387
ED    6,0.00%,YES,&nbsp,284,AD 41,2025-11-04_22:12:01.642387
ED    6,0.00%,NO,&nbsp,120,AD 41,2025-11-04_22:12:01.642387
ED    7,0.00%,YES,&nbsp,289,AD 41,2025-11-04_22:12:01.642387
ED    7,0.00%,NO,&nbsp,137,AD 41,2025-11-04_22:12:01.642387
ED    8,0.00%,YES,&nbsp,283,AD 41,2025-11-04_22:12:01.642387
ED    8,0.00%,NO,&nbsp,81,AD 41,2025-11-04_22:12:01.642387
ED    9,0.00%,YES,&nbsp,303,AD 41,2025-11-04_22:12:01.642387
ED    9,0.00%,NO,&nbsp,111,AD 41,2025-11-04_22:12:01.642387
ED   10,0.00%,YES,&nbsp,203,AD 41,2025-11-04_22:12:01.642387
ED   10,0.00%,NO,&nbsp,66,AD 41,2025-11-04_22:12:01.642387
ED   11,0.00%,YES,&nbsp,309,AD 41,2025-11-04_22:12:01.642387
ED   11,0.00%,NO,&nbsp,95,AD 41,2025-11-04_22:12:01.642387
ED   12,0.00%,YES,&nbsp,135,AD 41,2025-11-04_22:12:01.642387
ED   12,0.00%,NO,&nbsp,212,AD 41,2025-11-04_22:12:01.642387
ED   13,0.00%,YES,&nbsp,154,AD 41,2025-11-04_22:12:01.642387
ED   13,0.00%,NO,&nbsp,98,AD 41,2025-11-04_22:12:01.642387
ED   14,0.00%,YES,&nbsp,80,AD 41,2025-11-04_22:12:01.642387
ED   14,0.00%,NO,&nbsp,541,AD 41,2025-11-04_22:12:01.642387
ED   15,0.00%,YES,&nbsp,77,AD 41,2025-11-04_22:12:01.642387
ED   15,0.00%,NO,&nbsp,116,AD 41,2025-11-04_22:12:01.642387
ED   16,0.00%,YES,&nbsp,163,AD 41,2025-11-04_22:12:01.642387
ED   16,0.00%,NO,&nbsp,153,AD 41,2025-11-04_22:12:01.642387
ED   17,0.00%,YES,&nbsp,246,AD 41,2025-11-04_22:12:01.642387
ED   17,0.00%,NO,&nbsp,81,AD 41,2025-11-04_22:12:01.642387
ED   18,0.00%,YES,&nbsp,211,AD 41,2025-11-04_22:12:01.642387
ED   18,0.00%,NO,&nbsp,89,AD 41,2025-11-04_22:12:01.642387
ED   19,0.00%,YES,&nbsp,272,AD 41,2025-11-04_22:12:01.642387
ED   19,0.00%,NO,&nbsp,120,AD 41,2025-11-04_22:12:01.642387
ED   20,0.00%,YES,&nbsp,88,AD 41,2025-11-04_22:12:01.642387
ED   20,0.00%,NO,&nbsp,362,AD 41,2025-11-04_22:12:01.642387
ED   21,0.00%,YES,&nbsp,147,AD 41,2025-11-04_22:12:01.642387
ED   21,0.00%,NO,&nbsp,188,AD 41,2025-11-04_22:12:01.642387
ED   22,0.00%,YES,&nbsp,121,AD 41,2025-11-04_22:12:01.642387
ED   22,0.00%,NO,&nbsp,173,AD 41,2025-11-04_22:12:01.642387
ED   23,0.00%,YES,&nbsp,118,AD 41,2025-11-04_22:12:01.642387
ED   23,0.00%,NO,&nbsp,451,AD 41,2025-11-04_22:12:01.642387
ED   24,0.00%,YES,&nbsp,174,AD 41,2025-11-04_22:12:01.642387
ED   24,0.00%,NO,&nbsp,370,AD 41,2025-11-04_22:12:01.642387
ED   25,0.00%,YES,&nbsp,212,AD 41,2025-11-04_22:12:01.642387
ED   25,0.00%,NO,&nbsp,353,AD 41,2025-11-04_22:12:01.642387
ED   26,0.00%,YES,&nbsp,49,AD 41,2025-11-04_22:12:01.642387
ED   26,0.00%,NO,&nbsp,130,AD 41,2025-11-04_22:12:01.642387
ED   27,0.00%,YES,&nbsp,181,AD 41,2025-11-04_22:12:01.642387
ED   27,0.00%,NO,&nbsp,326,AD 41,2025-11-04_22:12:01.642387
ED   28,0.00%,YES,&nbsp,109,AD 41,2025-11-04_22:12:01.642387
ED   28,0.00%,NO,&nbsp,349,AD 41,2025-11-04_22:12:01.642387
ED   29,0.00%,YES,&nbsp,90,AD 41,2025-11-04_22:12:01.642387
ED   29,0.00%,NO,&nbsp,380,AD 41,2025-11-04_22:12:01.642387
ED   30,0.00%,YES,&nbsp,86,AD 41,2025-11-04_22:12:01.642387
ED   30,0.00%,NO,&nbsp,483,AD 41,2025-11-04_22:12:01.642387
ED   31,0.00%,YES,&nbsp,78,AD 41,2025-11-04_22:12:01.642387
ED   31,0.00%,NO,&nbsp,235,AD 41,2025-11-04_22:12:01.642387
ED   32,0.00%,YES,&nbsp,243,AD 41,2025-11-04_22:12:01.642387
ED   32,0.00%,NO,&nbsp,229,AD 41,2025-11-04_22:12:01.642387
ED   33,0.00%,YES,&nbsp,159,AD 41,2025-11-04_22:12:01.642387
ED   33,0.00%,NO,&nbsp,512,AD 41,2025-11-04_22:12:01.642387
ED   34,0.00%,YES,&nbsp,223,AD 41,2025-11-04_22:12:01.642387
ED   34,0.00%,NO,&nbsp,615,AD 41,2025-11-04_22:12:01.642387
ED   35,0.00%,YES,&nbsp,107,AD 41,2025-11-04_22:12:01.642387
ED   35,0.00%,NO,&nbsp,497,AD 41,2025-11-04_22:12:01.642387
ED   36,0.00%,YES,&nbsp,62,AD 41,2025-11-04_22:12:01.642387
ED   36,0.00%,NO,&nbsp,261,AD 41,2025-11-04_22:12:01.642387
ED   37,0.00%,YES,&nbsp,107,AD 41,2025-11-04_22:12:01.642387
ED   37,0.00%,NO,&nbsp,252,AD 41,2025-11-04_22:12:01.642387
ED   38,0.00%,YES,&nbsp,55,AD 41,2025-11-04_22:12:01.642387
ED   38,0.00%,NO,&nbsp,54,AD 41,2025-11-04_22:12:01.642387
ED   39,0.00%,YES,&nbsp,122,AD 41,2025-11-04_22:12:01.642387
ED   39,0.00%,NO,&nbsp,113,AD 41,2025-11-04_22:12:01.642387
ED   40,0.00%,YES,&nbsp,151,AD 41,2025-11-04_22:12:01.642387
ED   40,0.00%,NO,&nbsp,261,AD 41,2025-11-04_22:12:01.642387
ED   41,0.00%,YES,&nbsp,126,AD 41,2025-11-04_22:12:01.642387
ED   41,0.00%,NO,&nbsp,555,AD 41,2025-11-04_22:12:01.642387
ED   42,0.00%,YES,&nbsp,171,AD 41,2025-11-04_22:12:01.642387
ED   42,0.00%,NO,&nbsp,228,AD 41,2025-11-04_22:12:01.642387
ED   43,0.00%,YES,&nbsp,145,AD 41,2025-11-04_22:12:01.642387
ED   43,0.00%,NO,&nbsp,248,AD 41,2025-11-04_22:12:01.642387
ED   44,0.00%,YES,&nbsp,117,AD 41,2025-11-04_22:12:01.642387
ED   44,0.00%,NO,&nbsp,196,AD 41,2025-11-04_22:12:01.642387
ED   45,0.00%,YES,&nbsp,189,AD 41,2025-11-04_22:12:01.642387
ED   45,0.00%,NO,&nbsp,320,AD 41,2025-11-04_22:12:01.642387
ED   46,0.00%,YES,&nbsp,99,AD 41,2025-11-04_22:12:01.642387
ED   46,0.00%,NO,&nbsp,225,AD 41,2025-11-04_22:12:01.642387
ED   47,0.00%,YES,&nbsp,139,AD 41,2025-11-04_22:12:01.642387
ED   47,0.00%,NO,&nbsp,204,AD 41,2025-11-04_22:12:01.642387
ED   48,0.00%,YES,&nbsp,167,AD 41,2025-11-04_22:12:01.642387
ED   48,0.00%,NO,&nbsp,288,AD 41,2025-11-04_22:12:01.642387
ED   49,0.00%,YES,&nbsp,193,AD 41,2025-11-04_22:12:01.642387
ED   49,0.00%,NO,&nbsp,48,AD 41,2025-11-04_22:12:01.642387
ED   50,0.00%,YES,&nbsp,150,AD 41,2025-11-04_22:12:01.642387
ED   50,0.00%,NO,&nbsp,70,AD 41,2025-11-04_22:12:01.642387
ED   51,0.00%,YES,&nbsp,86,AD 41,2025-11-04_22:12:01.642387
ED   51,0.00%,NO,&nbsp,46,AD 41,2025-11-04_22:12:01.642387
ED   52,0.00%,YES,&nbsp,243,AD 41,2025-11-04_22:12:01.642387
ED   52,0.00%,NO,&nbsp,422,AD 41,2025-11-04_22:12:01.642387
ED   53,0.00%,YES,&nbsp,106,AD 41,2025-11-04_22:12:01.642387
ED   53,0.00%,NO,&nbsp,75,AD 41,2025-11-04_22:12:01.642387
ED   54,0.00%,YES,&nbsp,89,AD 41,2025-11-04_22:12:01.642387
ED   54,0.00%,NO,&nbsp,380,AD 41,2025-11-04_22:12:01.642387
ED   55,0.00%,YES,&nbsp,172,AD 41,2025-11-04_22:12:01.642387
ED   55,0.00%,NO,&nbsp,222,AD 41,2025-11-04_22:12:01.642387
ED   56,0.00%,YES,&nbsp,196,AD 41,2025-11-04_22:12:01.642387
ED   56,0.00%,NO,&nbsp,270,AD 41,2025-11-04_22:12:01.642387
ED   57,0.00%,YES,&nbsp,105,AD 41,2025-11-04_22:12:01.642387
ED   57,0.00%,NO,&nbsp,154,AD 41,2025-11-04_22:12:01.642387
ED   58,0.00%,YES,&nbsp,187,AD 41,2025-11-04_22:12:01.642387
ED   58,0.00%,NO,&nbsp,339,AD 41,2025-11-04_22:12:01.642387
ED   59,0.00%,YES,&nbsp,64,AD 41,2025-11-04_22:12:01.642387
ED   59,0.00%,NO,&nbsp,98,AD 41,2025-11-04_22:12:01.642387
ED   60,0.00%,YES,&nbsp,112,AD 41,2025-11-04_22:12:01.642387
ED   60,0.00%,NO,&nbsp,142,AD 41,2025-11-04_22:12:01.642387
ED   61,0.00%,YES,&nbsp,168,AD 41,2025-11-04_22:12:01.642387
ED   61,0.00%,NO,&nbsp,269,AD 41,2025-11-04_22:12:01.642387
ED   62,0.00%,YES,&nbsp,51,AD 41,2025-11-04_22:12:01.642387
ED   62,0.00%,NO,&nbsp,172,AD 41,2025-11-04_22:12:01.642387
ED   63,0.00%,YES,&nbsp,140,AD 41,2025-11-04_22:12:01.642387
ED   63,0.00%,NO,&nbsp,261,AD 41,2025-11-04_22:12:01.642387
ED   64,0.00%,YES,&nbsp,159,AD 41,2025-11-04_22:12:01.642387
ED   64,0.00%,NO,&nbsp,288,AD 41,2025-11-04_22:12:01.642387
ED   65,0.00%,YES,&nbsp,119,AD 41,2025-11-04_22:12:01.642387
ED   65,0.00%,NO,&nbsp,180,AD 41,2025-11-04_22:12:01.642387
ED   66,0.00%,YES,&nbsp,108,AD 41,2025-11-04_22:12:01.642387
ED   66,0.00%,NO,&nbsp,151,AD 41,2025-11-04_22:12:01.642387
ED   67,0.00%,YES,&nbsp,104,AD 41,2025-11-04_22:12:01.642387
ED   67,0.00%,NO,&nbsp,171,AD 41,2025-11-04_22:12:01.642387
ED   68,0.00%,YES,&nbsp,74,AD 41,2025-11-04_22:12:01.642387
ED   68,0.00%,NO,&nbsp,47,AD 41,2025-11-04_22:12:01.642387
ED   69,0.00%,YES,&nbsp,38,AD 41,2025-11-04_22:12:01.642387
ED   69,0.00%,NO,&nbsp,90,AD 41,2025-11-04_22:12:01.642387
ED   70,0.00%,YES,&nbsp,-,AD 41,2025-11-04_22:12:01.642387
ED   70,0.00%,NO,&nbsp,-,AD 41,2025-11-04_22:12:01.642387
ED   71,0.00%,YES,&nbsp,-,AD 41,2025-11-04_22:12:01.642387
ED   71,0.00%,NO,&nbsp,-,AD 41,2025-11-04_22:12:01.642387
Total,,YES,&nbsp,10931,AD 41,2025-11-04_22:12:01.642387
Total,,NO,&nbsp,15345,AD 41,2025-11-04_22:12:01.642387
ED    1,0.00%,YES,&nbsp,23,AD 42,2025-11-04_22:12:01.642387
ED    1,0.00%,NO,&nbsp,15,AD 42,2025-11-04_22:12:01.642387
ED    2,0.00%,YES,&nbsp,314,AD 42,2025-11-04_22:12:01.642387
ED    2,0.00%,NO,&nbsp,175,AD 42,2025-11-04_22:12:01.642387
ED    3,0.00%,YES,&nbsp,338,AD 42,2025-11-04_22:12:01.642387
ED    3,0.00%,NO,&nbsp,162,AD 42,2025-11-04_22:12:01.642387
ED    4,0.00%,YES,&nbsp,305,AD 42,2025-11-04_22:12:01.642387
ED    4,0.00%,NO,&nbsp,153,AD 42,2025-11-04_22:12:01.642387
ED    5,0.00%,YES,&nbsp,273,AD 42,2025-11-04_22:12:01.642387
ED    5,0.00%,NO,&nbsp,125,AD 42,2025-11-04_22:12:01.642387
ED    6,0.00%,YES,&nbsp,315,AD 42,2025-11-04_22:12:01.642387
ED    6,0.00%,NO,&nbsp,143,AD 42,2025-11-04_22:12:01.642387
ED    7,0.00%,YES,&nbsp,325,AD 42,2025-11-04_22:12:01.642387
ED    7,0.00%,NO,&nbsp,148,AD 42,2025-11-04_22:12:01.642387
ED    8,0.00%,YES,&nbsp,216,AD 42,2025-11-04_22:12:01.642387
ED    8,0.00%,NO,&nbsp,75,AD 42,2025-11-04_22:12:01.642387
ED    9,0.00%,YES,&nbsp,371,AD 42,2025-11-04_22:12:01.642387
ED    9,0.00%,NO,&nbsp,147,AD 42,2025-11-04_22:12:01.642387
ED   10,0.00%,YES,&nbsp,388,AD 42,2025-11-04_22:12:01.642387
ED   10,0.00%,NO,&nbsp,124,AD 42,2025-11-04_22:12:01.642387
ED   11,0.00%,YES,&nbsp,310,AD 42,2025-11-04_22:12:01.642387
ED   11,0.00%,NO,&nbsp,165,AD 42,2025-11-04_22:12:01.642387
ED   12,0.00%,YES,&nbsp,298,AD 42,2025-11-04_22:12:01.642387
ED   12,0.00%,NO,&nbsp,118,AD 42,2025-11-04_22:12:01.642387
ED   13,0.00%,YES,&nbsp,432,AD 42,2025-11-04_22:12:01.642387
ED   13,0.00%,NO,&nbsp,167,AD 42,2025-11-04_22:12:01.642387
ED   14,0.00%,YES,&nbsp,339,AD 42,2025-11-04_22:12:01.642387
ED   14,0.00%,NO,&nbsp,148,AD 42,2025-11-04_22:12:01.642387
ED   15,0.00%,YES,&nbsp,362,AD 42,2025-11-04_22:12:01.642387
ED   15,0.00%,NO,&nbsp,149,AD 42,2025-11-04_22:12:01.642387
ED   16,0.00%,YES,&nbsp,279,AD 42,2025-11-04_22:12:01.642387
ED   16,0.00%,NO,&nbsp,121,AD 42,2025-11-04_22:12:01.642387
ED   17,0.00%,YES,&nbsp,273,AD 42,2025-11-04_22:12:01.642387
ED   17,0.00%,NO,&nbsp,128,AD 42,2025-11-04_22:12:01.642387
ED   18,0.00%,YES,&nbsp,269,AD 42,2025-11-04_22:12:01.642387
ED   18,0.00%,NO,&nbsp,112,AD 42,2025-11-04_22:12:01.642387
ED   19,0.00%,YES,&nbsp,380,AD 42,2025-11-04_22:12:01.642387
ED   19,0.00%,NO,&nbsp,213,AD 42,2025-11-04_22:12:01.642387
ED   20,0.00%,YES,&nbsp,329,AD 42,2025-11-04_22:12:01.642387
ED   20,0.00%,NO,&nbsp,140,AD 42,2025-11-04_22:12:01.642387
ED   21,0.00%,YES,&nbsp,342,AD 42,2025-11-04_22:12:01.642387
ED   21,0.00%,NO,&nbsp,141,AD 42,2025-11-04_22:12:01.642387
ED   22,0.00%,YES,&nbsp,445,AD 42,2025-11-04_22:12:01.642387
ED   22,0.00%,NO,&nbsp,155,AD 42,2025-11-04_22:12:01.642387
ED   23,0.00%,YES,&nbsp,389,AD 42,2025-11-04_22:12:01.642387
ED   23,0.00%,NO,&nbsp,183,AD 42,2025-11-04_22:12:01.642387
ED   24,0.00%,YES,&nbsp,277,AD 42,2025-11-04_22:12:01.642387
ED   24,0.00%,NO,&nbsp,140,AD 42,2025-11-04_22:12:01.642387
ED   25,0.00%,YES,&nbsp,244,AD 42,2025-11-04_22:12:01.642387
ED   25,0.00%,NO,&nbsp,133,AD 42,2025-11-04_22:12:01.642387
ED   26,0.00%,YES,&nbsp,348,AD 42,2025-11-04_22:12:01.642387
ED   26,0.00%,NO,&nbsp,176,AD 42,2025-11-04_22:12:01.642387
ED   27,0.00%,YES,&nbsp,124,AD 42,2025-11-04_22:12:01.642387
ED   27,0.00%,NO,&nbsp,48,AD 42,2025-11-04_22:12:01.642387
ED   28,0.00%,YES,&nbsp,387,AD 42,2025-11-04_22:12:01.642387
ED   28,0.00%,NO,&nbsp,188,AD 42,2025-11-04_22:12:01.642387
ED   29,0.00%,YES,&nbsp,277,AD 42,2025-11-04_22:12:01.642387
ED   29,0.00%,NO,&nbsp,127,AD 42,2025-11-04_22:12:01.642387
ED   30,0.00%,YES,&nbsp,195,AD 42,2025-11-04_22:12:01.642387
ED   30,0.00%,NO,&nbsp,75,AD 42,2025-11-04_22:12:01.642387
ED   31,0.00%,YES,&nbsp,260,AD 42,2025-11-04_22:12:01.642387
ED   31,0.00%,NO,&nbsp,84,AD 42,2025-11-04_22:12:01.642387
ED   32,0.00%,YES,&nbsp,275,AD 42,2025-11-04_22:12:01.642387
ED   32,0.00%,NO,&nbsp,107,AD 42,2025-11-04_22:12:01.642387
ED   33,0.00%,YES,&nbsp,278,AD 42,2025-11-04_22:12:01.642387
ED   33,0.00%,NO,&nbsp,100,AD 42,2025-11-04_22:12:01.642387
ED   34,0.00%,YES,&nbsp,179,AD 42,2025-11-04_22:12:01.642387
ED   34,0.00%,NO,&nbsp,74,AD 42,2025-11-04_22:12:01.642387
ED   35,0.00%,YES,&nbsp,239,AD 42,2025-11-04_22:12:01.642387
ED   35,0.00%,NO,&nbsp,119,AD 42,2025-11-04_22:12:01.642387
ED   36,0.00%,YES,&nbsp,257,AD 42,2025-11-04_22:12:01.642387
ED   36,0.00%,NO,&nbsp,134,AD 42,2025-11-04_22:12:01.642387
ED   37,0.00%,YES,&nbsp,255,AD 42,2025-11-04_22:12:01.642387
ED   37,0.00%,NO,&nbsp,110,AD 42,2025-11-04_22:12:01.642387
ED   38,0.00%,YES,&nbsp,356,AD 42,2025-11-04_22:12:01.642387
ED   38,0.00%,NO,&nbsp,138,AD 42,2025-11-04_22:12:01.642387
ED   39,0.00%,YES,&nbsp,290,AD 42,2025-11-04_22:12:01.642387
ED   39,0.00%,NO,&nbsp,98,AD 42,2025-11-04_22:12:01.642387
ED   40,0.00%,YES,&nbsp,299,AD 42,2025-11-04_22:12:01.642387
ED   40,0.00%,NO,&nbsp,61,AD 42,2025-11-04_22:12:01.642387
ED   41,0.00%,YES,&nbsp,407,AD 42,2025-11-04_22:12:01.642387
ED   41,0.00%,NO,&nbsp,269,AD 42,2025-11-04_22:12:01.642387
ED   42,0.00%,YES,&nbsp,292,AD 42,2025-11-04_22:12:01.642387
ED   42,0.00%,NO,&nbsp,161,AD 42,2025-11-04_22:12:01.642387
ED   43,0.00%,YES,&nbsp,292,AD 42,2025-11-04_22:12:01.642387
ED   43,0.00%,NO,&nbsp,101,AD 42,2025-11-04_22:12:01.642387
ED   44,0.00%,YES,&nbsp,223,AD 42,2025-11-04_22:12:01.642387
ED   44,0.00%,NO,&nbsp,73,AD 42,2025-11-04_22:12:01.642387
ED   45,0.00%,YES,&nbsp,240,AD 42,2025-11-04_22:12:01.642387
ED   45,0.00%,NO,&nbsp,104,AD 42,2025-11-04_22:12:01.642387
ED   46,0.00%,YES,&nbsp,215,AD 42,2025-11-04_22:12:01.642387
ED   46,0.00%,NO,&nbsp,97,AD 42,2025-11-04_22:12:01.642387
ED   47,0.00%,YES,&nbsp,363,AD 42,2025-11-04_22:12:01.642387
ED   47,0.00%,NO,&nbsp,124,AD 42,2025-11-04_22:12:01.642387
ED   48,0.00%,YES,&nbsp,236,AD 42,2025-11-04_22:12:01.642387
ED   48,0.00%,NO,&nbsp,122,AD 42,2025-11-04_22:12:01.642387
ED   49,0.00%,YES,&nbsp,336,AD 42,2025-11-04_22:12:01.642387
ED   49,0.00%,NO,&nbsp,290,AD 42,2025-11-04_22:12:01.642387
ED   50,0.00%,YES,&nbsp,335,AD 42,2025-11-04_22:12:01.642387
ED   50,0.00%,NO,&nbsp,110,AD 42,2025-11-04_22:12:01.642387
ED   51,0.00%,YES,&nbsp,209,AD 42,2025-11-04_22:12:01.642387
ED   51,0.00%,NO,&nbsp,96,AD 42,2025-11-04_22:12:01.642387
ED   52,0.00%,YES,&nbsp,97,AD 42,2025-11-04_22:12:01.642387
ED   52,0.00%,NO,&nbsp,405,AD 42,2025-11-04_22:12:01.642387
ED   53,0.00%,YES,&nbsp,247,AD 42,2025-11-04_22:12:01.642387
ED   53,0.00%,NO,&nbsp,334,AD 42,2025-11-04_22:12:01.642387
ED   54,0.00%,YES,&nbsp,54,AD 42,2025-11-04_22:12:01.642387
ED   54,0.00%,NO,&nbsp,703,AD 42,2025-11-04_22:12:01.642387
ED   55,0.00%,YES,&nbsp,203,AD 42,2025-11-04_22:12:01.642387
ED   55,0.00%,NO,&nbsp,268,AD 42,2025-11-04_22:12:01.642387
ED   56,0.00%,YES,&nbsp,143,AD 42,2025-11-04_22:12:01.642387
ED   56,0.00%,NO,&nbsp,278,AD 42,2025-11-04_22:12:01.642387
ED   57,0.00%,YES,&nbsp,90,AD 42,2025-11-04_22:12:01.642387
ED   57,0.00%,NO,&nbsp,680,AD 42,2025-11-04_22:12:01.642387
ED   58,0.00%,YES,&nbsp,118,AD 42,2025-11-04_22:12:01.642387
ED   58,0.00%,NO,&nbsp,620,AD 42,2025-11-04_22:12:01.642387
ED   59,0.00%,YES,&nbsp,-,AD 42,2025-11-04_22:12:01.642387
ED   59,0.00%,NO,&nbsp,-,AD 42,2025-11-04_22:12:01.642387
Total,,YES,&nbsp,15955,AD 42,2025-11-04_22:12:01.642387
Total,,NO,&nbsp,9954,AD 42,2025-11-04_22:12:01.642387
ED    1,0.00%,YES,&nbsp,469,AD 43,2025-11-04_22:12:01.642387
ED    1,0.00%,NO,&nbsp,201,AD 43,2025-11-04_22:12:01.642387
ED    2,0.00%,YES,&nbsp,430,AD 43,2025-11-04_22:12:01.642387
ED    2,0.00%,NO,&nbsp,229,AD 43,2025-11-04_22:12:01.642387
ED    3,0.00%,YES,&nbsp,398,AD 43,2025-11-04_22:12:01.642387
ED    3,0.00%,NO,&nbsp,221,AD 43,2025-11-04_22:12:01.642387
ED    4,0.00%,YES,&nbsp,370,AD 43,2025-11-04_22:12:01.642387
ED    4,0.00%,NO,&nbsp,194,AD 43,2025-11-04_22:12:01.642387
ED    5,0.00%,YES,&nbsp,282,AD 43,2025-11-04_22:12:01.642387
ED    5,0.00%,NO,&nbsp,189,AD 43,2025-11-04_22:12:01.642387
ED    6,0.00%,YES,&nbsp,351,AD 43,2025-11-04_22:12:01.642387
ED    6,0.00%,NO,&nbsp,143,AD 43,2025-11-04_22:12:01.642387
ED    7,0.00%,YES,&nbsp,310,AD 43,2025-11-04_22:12:01.642387
ED    7,0.00%,NO,&nbsp,111,AD 43,2025-11-04_22:12:01.642387
ED    8,0.00%,YES,&nbsp,278,AD 43,2025-11-04_22:12:01.642387
ED    8,0.00%,NO,&nbsp,188,AD 43,2025-11-04_22:12:01.642387
ED    9,0.00%,YES,&nbsp,186,AD 43,2025-11-04_22:12:01.642387
ED    9,0.00%,NO,&nbsp,75,AD 43,2025-11-04_22:12:01.642387
ED   10,0.00%,YES,&nbsp,493,AD 43,2025-11-04_22:12:01.642387
ED   10,0.00%,NO,&nbsp,273,AD 43,2025-11-04_22:12:01.642387
ED   11,0.00%,YES,&nbsp,348,AD 43,2025-11-04_22:12:01.642387
ED   11,0.00%,NO,&nbsp,216,AD 43,2025-11-04_22:12:01.642387
ED   12,0.00%,YES,&nbsp,271,AD 43,2025-11-04_22:12:01.642387
ED   12,0.00%,NO,&nbsp,217,AD 43,2025-11-04_22:12:01.642387
ED   13,0.00%,YES,&nbsp,347,AD 43,2025-11-04_22:12:01.642387
ED   13,0.00%,NO,&nbsp,263,AD 43,2025-11-04_22:12:01.642387
ED   14,0.00%,YES,&nbsp,248,AD 43,2025-11-04_22:12:01.642387
ED   14,0.00%,NO,&nbsp,186,AD 43,2025-11-04_22:12:01.642387
ED   15,0.00%,YES,&nbsp,262,AD 43,2025-11-04_22:12:01.642387
ED   15,0.00%,NO,&nbsp,204,AD 43,2025-11-04_22:12:01.642387
ED   16,0.00%,YES,&nbsp,329,AD 43,2025-11-04_22:12:01.642387
ED   16,0.00%,NO,&nbsp,169,AD 43,2025-11-04_22:12:01.642387
ED   17,0.00%,YES,&nbsp,252,AD 43,2025-11-04_22:12:01.642387
ED   17,0.00%,NO,&nbsp,130,AD 43,2025-11-04_22:12:01.642387
ED   18,0.00%,YES,&nbsp,392,AD 43,2025-11-04_22:12:01.642387
ED   18,0.00%,NO,&nbsp,184,AD 43,2025-11-04_22:12:01.642387
ED   19,0.00%,YES,&nbsp,363,AD 43,2025-11-04_22:12:01.642387
ED   19,0.00%,NO,&nbsp,254,AD 43,2025-11-04_22:12:01.642387
ED   20,0.00%,YES,&nbsp,213,AD 43,2025-11-04_22:12:01.642387
ED   20,0.00%,NO,&nbsp,499,AD 43,2025-11-04_22:12:01.642387
ED   21,0.00%,YES,&nbsp,138,AD 43,2025-11-04_22:12:01.642387
ED   21,0.00%,NO,&nbsp,402,AD 43,2025-11-04_22:12:01.642387
ED   22,0.00%,YES,&nbsp,210,AD 43,2025-11-04_22:12:01.642387
ED   22,0.00%,NO,&nbsp,482,AD 43,2025-11-04_22:12:01.642387
ED   23,0.00%,YES,&nbsp,292,AD 43,2025-11-04_22:12:01.642387
ED   23,0.00%,NO,&nbsp,175,AD 43,2025-11-04_22:12:01.642387
ED   24,0.00%,YES,&nbsp,168,AD 43,2025-11-04_22:12:01.642387
ED   24,0.00%,NO,&nbsp,230,AD 43,2025-11-04_22:12:01.642387
ED   25,0.00%,YES,&nbsp,191,AD 43,2025-11-04_22:12:01.642387
ED   25,0.00%,NO,&nbsp,204,AD 43,2025-11-04_22:12:01.642387
ED   26,0.00%,YES,&nbsp,76,AD 43,2025-11-04_22:12:01.642387
ED   26,0.00%,NO,&nbsp,352,AD 43,2025-11-04_22:12:01.642387
ED   27,0.00%,YES,&nbsp,219,AD 43,2025-11-04_22:12:01.642387
ED   27,0.00%,NO,&nbsp,408,AD 43,2025-11-04_22:12:01.642387
ED   28,0.00%,YES,&nbsp,89,AD 43,2025-11-04_22:12:01.642387
ED   28,0.00%,NO,&nbsp,335,AD 43,2025-11-04_22:12:01.642387
ED   29,0.00%,YES,&nbsp,285,AD 43,2025-11-04_22:12:01.642387
ED   29,0.00%,NO,&nbsp,260,AD 43,2025-11-04_22:12:01.642387
ED   30,0.00%,YES,&nbsp,372,AD 43,2025-11-04_22:12:01.642387
ED   30,0.00%,NO,&nbsp,340,AD 43,2025-11-04_22:12:01.642387
ED   31,0.00%,YES,&nbsp,216,AD 43,2025-11-04_22:12:01.642387
ED   31,0.00%,NO,&nbsp,123,AD 43,2025-11-04_22:12:01.642387
ED   32,0.00%,YES,&nbsp,170,AD 43,2025-11-04_22:12:01.642387
ED   32,0.00%,NO,&nbsp,114,AD 43,2025-11-04_22:12:01.642387
ED   33,0.00%,YES,&nbsp,472,AD 43,2025-11-04_22:12:01.642387
ED   33,0.00%,NO,&nbsp,228,AD 43,2025-11-04_22:12:01.642387
ED   34,0.00%,YES,&nbsp,329,AD 43,2025-11-04_22:12:01.642387
ED   34,0.00%,NO,&nbsp,263,AD 43,2025-11-04_22:12:01.642387
ED   35,0.00%,YES,&nbsp,375,AD 43,2025-11-04_22:12:01.642387
ED   35,0.00%,NO,&nbsp,257,AD 43,2025-11-04_22:12:01.642387
ED   36,0.00%,YES,&nbsp,202,AD 43,2025-11-04_22:12:01.642387
ED   36,0.00%,NO,&nbsp,114,AD 43,2025-11-04_22:12:01.642387
ED   37,0.00%,YES,&nbsp,268,AD 43,2025-11-04_22:12:01.642387
ED   37,0.00%,NO,&nbsp,163,AD 43,2025-11-04_22:12:01.642387
ED   38,0.00%,YES,&nbsp,415,AD 43,2025-11-04_22:12:01.642387
ED   38,0.00%,NO,&nbsp,260,AD 43,2025-11-04_22:12:01.642387
ED   39,0.00%,YES,&nbsp,342,AD 43,2025-11-04_22:12:01.642387
ED   39,0.00%,NO,&nbsp,231,AD 43,2025-11-04_22:12:01.642387
ED   40,0.00%,YES,&nbsp,328,AD 43,2025-11-04_22:12:01.642387
ED   40,0.00%,NO,&nbsp,218,AD 43,2025-11-04_22:12:01.642387
ED   41,0.00%,YES,&nbsp,380,AD 43,2025-11-04_22:12:01.642387
ED   41,0.00%,NO,&nbsp,218,AD 43,2025-11-04_22:12:01.642387
ED   42,0.00%,YES,&nbsp,369,AD 43,2025-11-04_22:12:01.642387
ED   42,0.00%,NO,&nbsp,217,AD 43,2025-11-04_22:12:01.642387
ED   43,0.00%,YES,&nbsp,269,AD 43,2025-11-04_22:12:01.642387
ED   43,0.00%,NO,&nbsp,368,AD 43,2025-11-04_22:12:01.642387
ED   44,0.00%,YES,&nbsp,220,AD 43,2025-11-04_22:12:01.642387
ED   44,0.00%,NO,&nbsp,271,AD 43,2025-11-04_22:12:01.642387
ED   45,0.00%,YES,&nbsp,265,AD 43,2025-11-04_22:12:01.642387
ED   45,0.00%,NO,&nbsp,251,AD 43,2025-11-04_22:12:01.642387
ED   46,0.00%,YES,&nbsp,224,AD 43,2025-11-04_22:12:01.642387
ED   46,0.00%,NO,&nbsp,239,AD 43,2025-11-04_22:12:01.642387
ED   47,0.00%,YES,&nbsp,221,AD 43,2025-11-04_22:12:01.642387
ED   47,0.00%,NO,&nbsp,171,AD 43,2025-11-04_22:12:01.642387
ED   48,0.00%,YES,&nbsp,49,AD 43,2025-11-04_22:12:01.642387
ED   48,0.00%,NO,&nbsp,16,AD 43,2025-11-04_22:12:01.642387
ED   49,0.00%,YES,&nbsp,199,AD 43,2025-11-04_22:12:01.642387
ED   49,0.00%,NO,&nbsp,101,AD 43,2025-11-04_22:12:01.642387
ED   50,0.00%,YES,&nbsp,123,AD 43,2025-11-04_22:12:01.642387
ED   50,0.00%,NO,&nbsp,98,AD 43,2025-11-04_22:12:01.642387
ED   51,0.00%,YES,&nbsp,183,AD 43,2025-11-04_22:12:01.642387
ED   51,0.00%,NO,&nbsp,126,AD 43,2025-11-04_22:12:01.642387
ED   52,0.00%,YES,&nbsp,277,AD 43,2025-11-04_22:12:01.642387
ED   52,0.00%,NO,&nbsp,152,AD 43,2025-11-04_22:12:01.642387
ED   53,0.00%,YES,&nbsp,439,AD 43,2025-11-04_22:12:01.642387
ED   53,0.00%,NO,&nbsp,202,AD 43,2025-11-04_22:12:01.642387
ED   54,0.00%,YES,&nbsp,441,AD 43,2025-11-04_22:12:01.642387
ED   54,0.00%,NO,&nbsp,251,AD 43,2025-11-04_22:12:01.642387
ED   55,0.00%,YES,&nbsp,323,AD 43,2025-11-04_22:12:01.642387
ED   55,0.00%,NO,&nbsp,185,AD 43,2025-11-04_22:12:01.642387
ED   56,0.00%,YES,&nbsp,473,AD 43,2025-11-04_22:12:01.642387
ED   56,0.00%,NO,&nbsp,205,AD 43,2025-11-04_22:12:01.642387
ED   57,0.00%,YES,&nbsp,519,AD 43,2025-11-04_22:12:01.642387
ED   57,0.00%,NO,&nbsp,221,AD 43,2025-11-04_22:12:01.642387
ED   58,0.00%,YES,&nbsp,438,AD 43,2025-11-04_22:12:01.642387
ED   58,0.00%,NO,&nbsp,204,AD 43,2025-11-04_22:12:01.642387
ED   59,0.00%,YES,&nbsp,466,AD 43,2025-11-04_22:12:01.642387
ED   59,0.00%,NO,&nbsp,206,AD 43,2025-11-04_22:12:01.642387
ED   60,0.00%,YES,&nbsp,399,AD 43,2025-11-04_22:12:01.642387
ED   60,0.00%,NO,&nbsp,181,AD 43,2025-11-04_22:12:01.642387
ED   61,0.00%,YES,&nbsp,390,AD 43,2025-11-04_22:12:01.642387
ED   61,0.00%,NO,&nbsp,166,AD 43,2025-11-04_22:12:01.642387
ED   62,0.00%,YES,&nbsp,243,AD 43,2025-11-04_22:12:01.642387
ED   62,0.00%,NO,&nbsp,101,AD 43,2025-11-04_22:12:01.642387
ED   63,0.00%,YES,&nbsp,332,AD 43,2025-11-04_22:12:01.642387
ED   63,0.00%,NO,&nbsp,130,AD 43,2025-11-04_22:12:01.642387
ED   64,0.00%,YES,&nbsp,454,AD 43,2025-11-04_22:12:01.642387
ED   64,0.00%,NO,&nbsp,185,AD 43,2025-11-04_22:12:01.642387
ED   65,0.00%,YES,&nbsp,323,AD 43,2025-11-04_22:12:01.642387
ED   65,0.00%,NO,&nbsp,140,AD 43,2025-11-04_22:12:01.642387
ED   66,0.00%,YES,&nbsp,405,AD 43,2025-11-04_22:12:01.642387
ED   66,0.00%,NO,&nbsp,153,AD 43,2025-11-04_22:12:01.642387
ED   67,0.00%,YES,&nbsp,398,AD 43,2025-11-04_22:12:01.642387
ED   67,0.00%,NO,&nbsp,177,AD 43,2025-11-04_22:12:01.642387
ED   68,0.00%,YES,&nbsp,123,AD 43,2025-11-04_22:12:01.642387
ED   68,0.00%,NO,&nbsp,56,AD 43,2025-11-04_22:12:01.642387
Total,,YES,&nbsp,20694,AD 43,2025-11-04_22:12:01.642387
Total,,NO,&nbsp,14296,AD 43,2025-11-04_22:12:01.642387
ED    1,0.00%,YES,&nbsp,520,AD 44,2025-11-04_22:12:01.642387
ED    1,0.00%,NO,&nbsp,189,AD 44,2025-11-04_22:12:01.642387
ED    2,0.00%,YES,&nbsp,412,AD 44,2025-11-04_22:12:01.642387
ED    2,0.00%,NO,&nbsp,283,AD 44,2025-11-04_22:12:01.642387
ED    3,0.00%,YES,&nbsp,133,AD 44,2025-11-04_22:12:01.642387
ED    3,0.00%,NO,&nbsp,57,AD 44,2025-11-04_22:12:01.642387
ED    4,0.00%,YES,&nbsp,398,AD 44,2025-11-04_22:12:01.642387
ED    4,0.00%,NO,&nbsp,169,AD 44,2025-11-04_22:12:01.642387
ED    5,0.00%,YES,&nbsp,183,AD 44,2025-11-04_22:12:01.642387
ED    5,0.00%,NO,&nbsp,62,AD 44,2025-11-04_22:12:01.642387
ED    6,0.00%,YES,&nbsp,401,AD 44,2025-11-04_22:12:01.642387
ED    6,0.00%,NO,&nbsp,203,AD 44,2025-11-04_22:12:01.642387
ED    7,0.00%,YES,&nbsp,591,AD 44,2025-11-04_22:12:01.642387
ED    7,0.00%,NO,&nbsp,246,AD 44,2025-11-04_22:12:01.642387
ED    8,0.00%,YES,&nbsp,473,AD 44,2025-11-04_22:12:01.642387
ED    8,0.00%,NO,&nbsp,225,AD 44,2025-11-04_22:12:01.642387
ED    9,0.00%,YES,&nbsp,474,AD 44,2025-11-04_22:12:01.642387
ED    9,0.00%,NO,&nbsp,179,AD 44,2025-11-04_22:12:01.642387
ED   10,0.00%,YES,&nbsp,317,AD 44,2025-11-04_22:12:01.642387
ED   10,0.00%,NO,&nbsp,143,AD 44,2025-11-04_22:12:01.642387
ED   11,0.00%,YES,&nbsp,769,AD 44,2025-11-04_22:12:01.642387
ED   11,0.00%,NO,&nbsp,383,AD 44,2025-11-04_22:12:01.642387
ED   12,0.00%,YES,&nbsp,429,AD 44,2025-11-04_22:12:01.642387
ED   12,0.00%,NO,&nbsp,153,AD 44,2025-11-04_22:12:01.642387
ED   13,0.00%,YES,&nbsp,207,AD 44,2025-11-04_22:12:01.642387
ED   13,0.00%,NO,&nbsp,66,AD 44,2025-11-04_22:12:01.642387
ED   14,0.00%,YES,&nbsp,370,AD 44,2025-11-04_22:12:01.642387
ED   14,0.00%,NO,&nbsp,160,AD 44,2025-11-04_22:12:01.642387
ED   15,0.00%,YES,&nbsp,275,AD 44,2025-11-04_22:12:01.642387
ED   15,0.00%,NO,&nbsp,120,AD 44,2025-11-04_22:12:01.642387
ED   16,0.00%,YES,&nbsp,369,AD 44,2025-11-04_22:12:01.642387
ED   16,0.00%,NO,&nbsp,179,AD 44,2025-11-04_22:12:01.642387
ED   17,0.00%,YES,&nbsp,667,AD 44,2025-11-04_22:12:01.642387
ED   17,0.00%,NO,&nbsp,308,AD 44,2025-11-04_22:12:01.642387
ED   18,0.00%,YES,&nbsp,499,AD 44,2025-11-04_22:12:01.642387
ED   18,0.00%,NO,&nbsp,244,AD 44,2025-11-04_22:12:01.642387
ED   19,0.00%,YES,&nbsp,323,AD 44,2025-11-04_22:12:01.642387
ED   19,0.00%,NO,&nbsp,156,AD 44,2025-11-04_22:12:01.642387
ED   20,0.00%,YES,&nbsp,249,AD 44,2025-11-04_22:12:01.642387
ED   20,0.00%,NO,&nbsp,124,AD 44,2025-11-04_22:12:01.642387
ED   21,0.00%,YES,&nbsp,396,AD 44,2025-11-04_22:12:01.642387
ED   21,0.00%,NO,&nbsp,247,AD 44,2025-11-04_22:12:01.642387
ED   22,0.00%,YES,&nbsp,406,AD 44,2025-11-04_22:12:01.642387
ED   22,0.00%,NO,&nbsp,206,AD 44,2025-11-04_22:12:01.642387
ED   23,0.00%,YES,&nbsp,576,AD 44,2025-11-04_22:12:01.642387
ED   23,0.00%,NO,&nbsp,288,AD 44,2025-11-04_22:12:01.642387
ED   24,0.00%,YES,&nbsp,501,AD 44,2025-11-04_22:12:01.642387
ED   24,0.00%,NO,&nbsp,238,AD 44,2025-11-04_22:12:01.642387
ED   25,0.00%,YES,&nbsp,574,AD 44,2025-11-04_22:12:01.642387
ED   25,0.00%,NO,&nbsp,302,AD 44,2025-11-04_22:12:01.642387
ED   26,0.00%,YES,&nbsp,467,AD 44,2025-11-04_22:12:01.642387
ED   26,0.00%,NO,&nbsp,243,AD 44,2025-11-04_22:12:01.642387
ED   27,0.00%,YES,&nbsp,534,AD 44,2025-11-04_22:12:01.642387
ED   27,0.00%,NO,&nbsp,293,AD 44,2025-11-04_22:12:01.642387
ED   28,0.00%,YES,&nbsp,543,AD 44,2025-11-04_22:12:01.642387
ED   28,0.00%,NO,&nbsp,280,AD 44,2025-11-04_22:12:01.642387
ED   29,0.00%,YES,&nbsp,591,AD 44,2025-11-04_22:12:01.642387
ED   29,0.00%,NO,&nbsp,307,AD 44,2025-11-04_22:12:01.642387
ED   30,0.00%,YES,&nbsp,543,AD 44,2025-11-04_22:12:01.642387
ED   30,0.00%,NO,&nbsp,257,AD 44,2025-11-04_22:12:01.642387
ED   31,0.00%,YES,&nbsp,622,AD 44,2025-11-04_22:12:01.642387
ED   31,0.00%,NO,&nbsp,313,AD 44,2025-11-04_22:12:01.642387
ED   32,0.00%,YES,&nbsp,532,AD 44,2025-11-04_22:12:01.642387
ED   32,0.00%,NO,&nbsp,297,AD 44,2025-11-04_22:12:01.642387
ED   33,0.00%,YES,&nbsp,522,AD 44,2025-11-04_22:12:01.642387
ED   33,0.00%,NO,&nbsp,387,AD 44,2025-11-04_22:12:01.642387
ED   34,0.00%,YES,&nbsp,272,AD 44,2025-11-04_22:12:01.642387
ED   34,0.00%,NO,&nbsp,168,AD 44,2025-11-04_22:12:01.642387
ED   35,0.00%,YES,&nbsp,343,AD 44,2025-11-04_22:12:01.642387
ED   35,0.00%,NO,&nbsp,252,AD 44,2025-11-04_22:12:01.642387
ED   36,0.00%,YES,&nbsp,520,AD 44,2025-11-04_22:12:01.642387
ED   36,0.00%,NO,&nbsp,461,AD 44,2025-11-04_22:12:01.642387
ED   37,0.00%,YES,&nbsp,536,AD 44,2025-11-04_22:12:01.642387
ED   37,0.00%,NO,&nbsp,407,AD 44,2025-11-04_22:12:01.642387
ED   38,0.00%,YES,&nbsp,594,AD 44,2025-11-04_22:12:01.642387
ED   38,0.00%,NO,&nbsp,346,AD 44,2025-11-04_22:12:01.642387
ED   39,0.00%,YES,&nbsp,477,AD 44,2025-11-04_22:12:01.642387
ED   39,0.00%,NO,&nbsp,315,AD 44,2025-11-04_22:12:01.642387
ED   40,0.00%,YES,&nbsp,346,AD 44,2025-11-04_22:12:01.642387
ED   40,0.00%,NO,&nbsp,260,AD 44,2025-11-04_22:12:01.642387
ED   41,0.00%,YES,&nbsp,409,AD 44,2025-11-04_22:12:01.642387
ED   41,0.00%,NO,&nbsp,280,AD 44,2025-11-04_22:12:01.642387
ED   42,0.00%,YES,&nbsp,129,AD 44,2025-11-04_22:12:01.642387
ED   42,0.00%,NO,&nbsp,136,AD 44,2025-11-04_22:12:01.642387
ED   43,0.00%,YES,&nbsp,332,AD 44,2025-11-04_22:12:01.642387
ED   43,0.00%,NO,&nbsp,238,AD 44,2025-11-04_22:12:01.642387
ED   44,0.00%,YES,&nbsp,212,AD 44,2025-11-04_22:12:01.642387
ED   44,0.00%,NO,&nbsp,142,AD 44,2025-11-04_22:12:01.642387
ED   45,0.00%,YES,&nbsp,443,AD 44,2025-11-04_22:12:01.642387
ED   45,0.00%,NO,&nbsp,289,AD 44,2025-11-04_22:12:01.642387
ED   46,0.00%,YES,&nbsp,476,AD 44,2025-11-04_22:12:01.642387
ED   46,0.00%,NO,&nbsp,287,AD 44,2025-11-04_22:12:01.642387
ED   47,0.00%,YES,&nbsp,238,AD 44,2025-11-04_22:12:01.642387
ED   47,0.00%,NO,&nbsp,112,AD 44,2025-11-04_22:12:01.642387
ED   48,0.00%,YES,&nbsp,274,AD 44,2025-11-04_22:12:01.642387
ED   48,0.00%,NO,&nbsp,247,AD 44,2025-11-04_22:12:01.642387
ED   49,0.00%,YES,&nbsp,99,AD 44,2025-11-04_22:12:01.642387
ED   49,0.00%,NO,&nbsp,179,AD 44,2025-11-04_22:12:01.642387
ED   50,0.00%,YES,&nbsp,47,AD 44,2025-11-04_22:12:01.642387
ED   50,0.00%,NO,&nbsp,158,AD 44,2025-11-04_22:12:01.642387
ED   51,0.00%,YES,&nbsp,55,AD 44,2025-11-04_22:12:01.642387
ED   51,0.00%,NO,&nbsp,231,AD 44,2025-11-04_22:12:01.642387
ED   52,0.00%,YES,&nbsp,26,AD 44,2025-11-04_22:12:01.642387
ED   52,0.00%,NO,&nbsp,58,AD 44,2025-11-04_22:12:01.642387
ED   53,0.00%,YES,&nbsp,246,AD 44,2025-11-04_22:12:01.642387
ED   53,0.00%,NO,&nbsp,290,AD 44,2025-11-04_22:12:01.642387
ED   54,0.00%,YES,&nbsp,478,AD 44,2025-11-04_22:12:01.642387
ED   54,0.00%,NO,&nbsp,229,AD 44,2025-11-04_22:12:01.642387
ED   55,0.00%,YES,&nbsp,143,AD 44,2025-11-04_22:12:01.642387
ED   55,0.00%,NO,&nbsp,71,AD 44,2025-11-04_22:12:01.642387
ED   56,0.00%,YES,&nbsp,411,AD 44,2025-11-04_22:12:01.642387
ED   56,0.00%,NO,&nbsp,264,AD 44,2025-11-04_22:12:01.642387
ED   57,0.00%,YES,&nbsp,256,AD 44,2025-11-04_22:12:01.642387
ED   57,0.00%,NO,&nbsp,260,AD 44,2025-11-04_22:12:01.642387
ED   58,0.00%,YES,&nbsp,304,AD 44,2025-11-04_22:12:01.642387
ED   58,0.00%,NO,&nbsp,207,AD 44,2025-11-04_22:12:01.642387
ED   59,0.00%,YES,&nbsp,44,AD 44,2025-11-04_22:12:01.642387
ED   59,0.00%,NO,&nbsp,37,AD 44,2025-11-04_22:12:01.642387
ED   60,0.00%,YES,&nbsp,154,AD 44,2025-11-04_22:12:01.642387
ED   60,0.00%,NO,&nbsp,76,AD 44,2025-11-04_22:12:01.642387
ED   61,0.00%,YES,&nbsp,330,AD 44,2025-11-04_22:12:01.642387
ED   61,0.00%,NO,&nbsp,208,AD 44,2025-11-04_22:12:01.642387
ED   62,0.00%,YES,&nbsp,396,AD 44,2025-11-04_22:12:01.642387
ED   62,0.00%,NO,&nbsp,286,AD 44,2025-11-04_22:12:01.642387
ED   63,0.00%,YES,&nbsp,96,AD 44,2025-11-04_22:12:01.642387
ED   63,0.00%,NO,&nbsp,58,AD 44,2025-11-04_22:12:01.642387
ED   64,0.00%,YES,&nbsp,85,AD 44,2025-11-04_22:12:01.642387
ED   64,0.00%,NO,&nbsp,40,AD 44,2025-11-04_22:12:01.642387
ED   65,0.00%,YES,&nbsp,336,AD 44,2025-11-04_22:12:01.642387
ED   65,0.00%,NO,&nbsp,213,AD 44,2025-11-04_22:12:01.642387
ED   66,0.00%,YES,&nbsp,103,AD 44,2025-11-04_22:12:01.642387
ED   66,0.00%,NO,&nbsp,117,AD 44,2025-11-04_22:12:01.642387
ED   67,0.00%,YES,&nbsp,246,AD 44,2025-11-04_22:12:01.642387
ED   67,0.00%,NO,&nbsp,152,AD 44,2025-11-04_22:12:01.642387
ED   68,0.00%,YES,&nbsp,234,AD 44,2025-11-04_22:12:01.642387
ED   68,0.00%,NO,&nbsp,129,AD 44,2025-11-04_22:12:01.642387
ED   69,0.00%,YES,&nbsp,306,AD 44,2025-11-04_22:12:01.642387
ED   69,0.00%,NO,&nbsp,223,AD 44,2025-11-04_22:12:01.642387
ED   70,0.00%,YES,&nbsp,230,AD 44,2025-11-04_22:12:01.642387
ED   70,0.00%,NO,&nbsp,106,AD 44,2025-11-04_22:12:01.642387
ED   71,0.00%,YES,&nbsp,261,AD 44,2025-11-04_22:12:01.642387
ED   71,0.00%,NO,&nbsp,148,AD 44,2025-11-04_22:12:01.642387
ED   72,0.00%,YES,&nbsp,327,AD 44,2025-11-04_22:12:01.642387
ED   72,0.00%,NO,&nbsp,184,AD 44,2025-11-04_22:12:01.642387
ED   73,0.00%,YES,&nbsp,139,AD 44,2025-11-04_22:12:01.642387
ED   73,0.00%,NO,&nbsp,76,AD 44,2025-11-04_22:12:01.642387
ED   74,0.00%,YES,&nbsp,401,AD 44,2025-11-04_22:12:01.642387
ED   74,0.00%,NO,&nbsp,220,AD 44,2025-11-04_22:12:01.642387
ED   75,0.00%,YES,&nbsp,236,AD 44,2025-11-04_22:12:01.642387
ED   75,0.00%,NO,&nbsp,73,AD 44,2025-11-04_22:12:01.642387
ED   76,0.00%,YES,&nbsp,188,AD 44,2025-11-04_22:12:01.642387
ED   76,0.00%,NO,&nbsp,108,AD 44,2025-11-04_22:12:01.642387
ED   77,0.00%,YES,&nbsp,98,AD 44,2025-11-04_22:12:01.642387
ED   77,0.00%,NO,&nbsp,60,AD 44,2025-11-04_22:12:01.642387
ED   78,0.00%,YES,&nbsp,227,AD 44,2025-11-04_22:12:01.642387
ED   78,0.00%,NO,&nbsp,124,AD 44,2025-11-04_22:12:01.642387
ED   79,0.00%,YES,&nbsp,537,AD 44,2025-11-04_22:12:01.642387
ED   79,0.00%,NO,&nbsp,184,AD 44,2025-11-04_22:12:01.642387
ED   80,0.00%,YES,&nbsp,279,AD 44,2025-11-04_22:12:01.642387
ED   80,0.00%,NO,&nbsp,168,AD 44,2025-11-04_22:12:01.642387
ED   81,0.00%,YES,&nbsp,377,AD 44,2025-11-04_22:12:01.642387
ED   81,0.00%,NO,&nbsp,145,AD 44,2025-11-04_22:12:01.642387
ED   82,0.00%,YES,&nbsp,-,AD 44,2025-11-04_22:12:01.642387
ED   82,0.00%,NO,&nbsp,-,AD 44,2025-11-04_22:12:01.642387
ED   83,0.00%,YES,&nbsp,-,AD 44,2025-11-04_22:12:01.642387
ED   83,0.00%,NO,&nbsp,-,AD 44,2025-11-04_22:12:01.642387
ED   84,0.00%,YES,&nbsp,-,AD 44,2025-11-04_22:12:01.642387
ED   84,0.00%,NO,&nbsp,-,AD 44,2025-11-04_22:12:01.642387
Total,,YES,&nbsp,28162,AD 44,2025-11-04_22:12:01.642387
Total,,NO,&nbsp,16329,AD 44,2025-11-04_22:12:01.642387
ED    1,0.00%,YES,&nbsp,141,AD 45,2025-11-04_22:12:01.642387
ED    1,0.00%,NO,&nbsp,411,AD 45,2025-11-04_22:12:01.642387
ED    2,0.00%,YES,&nbsp,147,AD 45,2025-11-04_22:12:01.642387
ED    2,0.00%,NO,&nbsp,522,AD 45,2025-11-04_22:12:01.642387
ED    3,0.00%,YES,&nbsp,155,AD 45,2025-11-04_22:12:01.642387
ED    3,0.00%,NO,&nbsp,501,AD 45,2025-11-04_22:12:01.642387
ED    4,0.00%,YES,&nbsp,220,AD 45,2025-11-04_22:12:01.642387
ED    4,0.00%,NO,&nbsp,280,AD 45,2025-11-04_22:12:01.642387
ED    5,0.00%,YES,&nbsp,177,AD 45,2025-11-04_22:12:01.642387
ED    5,0.00%,NO,&nbsp,306,AD 45,2025-11-04_22:12:01.642387
ED    6,0.00%,YES,&nbsp,190,AD 45,2025-11-04_22:12:01.642387
ED    6,0.00%,NO,&nbsp,255,AD 45,2025-11-04_22:12:01.642387
ED    7,0.00%,YES,&nbsp,92,AD 45,2025-11-04_22:12:01.642387
ED    7,0.00%,NO,&nbsp,535,AD 45,2025-11-04_22:12:01.642387
ED    8,0.00%,YES,&nbsp,56,AD 45,2025-11-04_22:12:01.642387
ED    8,0.00%,NO,&nbsp,536,AD 45,2025-11-04_22:12:01.642387
ED    9,0.00%,YES,&nbsp,115,AD 45,2025-11-04_22:12:01.642387
ED    9,0.00%,NO,&nbsp,415,AD 45,2025-11-04_22:12:01.642387
ED   10,0.00%,YES,&nbsp,65,AD 45,2025-11-04_22:12:01.642387
ED   10,0.00%,NO,&nbsp,505,AD 45,2025-11-04_22:12:01.642387
ED   11,0.00%,YES,&nbsp,50,AD 45,2025-11-04_22:12:01.642387
ED   11,0.00%,NO,&nbsp,427,AD 45,2025-11-04_22:12:01.642387
ED   12,0.00%,YES,&nbsp,26,AD 45,2025-11-04_22:12:01.642387
ED   12,0.00%,NO,&nbsp,58,AD 45,2025-11-04_22:12:01.642387
ED   13,0.00%,YES,&nbsp,26,AD 45,2025-11-04_22:12:01.642387
ED   13,0.00%,NO,&nbsp,259,AD 45,2025-11-04_22:12:01.642387
ED   14,0.00%,YES,&nbsp,62,AD 45,2025-11-04_22:12:01.642387
ED   14,0.00%,NO,&nbsp,394,AD 45,2025-11-04_22:12:01.642387
ED   15,0.00%,YES,&nbsp,58,AD 45,2025-11-04_22:12:01.642387
ED   15,0.00%,NO,&nbsp,480,AD 45,2025-11-04_22:12:01.642387
ED   16,0.00%,YES,&nbsp,102,AD 45,2025-11-04_22:12:01.642387
ED   16,0.00%,NO,&nbsp,758,AD 45,2025-11-04_22:12:01.642387
ED   17,0.00%,YES,&nbsp,78,AD 45,2025-11-04_22:12:01.642387
ED   17,0.00%,NO,&nbsp,389,AD 45,2025-11-04_22:12:01.642387
ED   18,0.00%,YES,&nbsp,16,AD 45,2025-11-04_22:12:01.642387
ED   18,0.00%,NO,&nbsp,46,AD 45,2025-11-04_22:12:01.642387
ED   19,0.00%,YES,&nbsp,62,AD 45,2025-11-04_22:12:01.642387
ED   19,0.00%,NO,&nbsp,104,AD 45,2025-11-04_22:12:01.642387
ED   20,0.00%,YES,&nbsp,112,AD 45,2025-11-04_22:12:01.642387
ED   20,0.00%,NO,&nbsp,482,AD 45,2025-11-04_22:12:01.642387
ED   21,0.00%,YES,&nbsp,49,AD 45,2025-11-04_22:12:01.642387
ED   21,0.00%,NO,&nbsp,79,AD 45,2025-11-04_22:12:01.642387
ED   22,0.00%,YES,&nbsp,24,AD 45,2025-11-04_22:12:01.642387
ED   22,0.00%,NO,&nbsp,81,AD 45,2025-11-04_22:12:01.642387
ED   23,0.00%,YES,&nbsp,134,AD 45,2025-11-04_22:12:01.642387
ED   23,0.00%,NO,&nbsp,88,AD 45,2025-11-04_22:12:01.642387
ED   24,0.00%,YES,&nbsp,156,AD 45,2025-11-04_22:12:01.642387
ED   24,0.00%,NO,&nbsp,94,AD 45,2025-11-04_22:12:01.642387
ED   25,0.00%,YES,&nbsp,44,AD 45,2025-11-04_22:12:01.642387
ED   25,0.00%,NO,&nbsp,292,AD 45,2025-11-04_22:12:01.642387
ED   26,0.00%,YES,&nbsp,9,AD 45,2025-11-04_22:12:01.642387
ED   26,0.00%,NO,&nbsp,100,AD 45,2025-11-04_22:12:01.642387
ED   27,0.00%,YES,&nbsp,141,AD 45,2025-11-04_22:12:01.642387
ED   27,0.00%,NO,&nbsp,229,AD 45,2025-11-04_22:12:01.642387
ED   28,0.00%,YES,&nbsp,106,AD 45,2025-11-04_22:12:01.642387
ED   28,0.00%,NO,&nbsp,488,AD 45,2025-11-04_22:12:01.642387
ED   29,0.00%,YES,&nbsp,19,AD 45,2025-11-04_22:12:01.642387
ED   29,0.00%,NO,&nbsp,161,AD 45,2025-11-04_22:12:01.642387
ED   30,0.00%,YES,&nbsp,120,AD 45,2025-11-04_22:12:01.642387
ED   30,0.00%,NO,&nbsp,254,AD 45,2025-11-04_22:12:01.642387
ED   31,0.00%,YES,&nbsp,152,AD 45,2025-11-04_22:12:01.642387
ED   31,0.00%,NO,&nbsp,169,AD 45,2025-11-04_22:12:01.642387
ED   32,0.00%,YES,&nbsp,24,AD 45,2025-11-04_22:12:01.642387
ED   32,0.00%,NO,&nbsp,177,AD 45,2025-11-04_22:12:01.642387
ED   33,0.00%,YES,&nbsp,61,AD 45,2025-11-04_22:12:01.642387
ED   33,0.00%,NO,&nbsp,331,AD 45,2025-11-04_22:12:01.642387
ED   34,0.00%,YES,&nbsp,121,AD 45,2025-11-04_22:12:01.642387
ED   34,0.00%,NO,&nbsp,344,AD 45,2025-11-04_22:12:01.642387
ED   35,0.00%,YES,&nbsp,90,AD 45,2025-11-04_22:12:01.642387
ED   35,0.00%,NO,&nbsp,127,AD 45,2025-11-04_22:12:01.642387
ED   36,0.00%,YES,&nbsp,135,AD 45,2025-11-04_22:12:01.642387
ED   36,0.00%,NO,&nbsp,345,AD 45,2025-11-04_22:12:01.642387
ED   37,0.00%,YES,&nbsp,186,AD 45,2025-11-04_22:12:01.642387
ED   37,0.00%,NO,&nbsp,239,AD 45,2025-11-04_22:12:01.642387
ED   38,0.00%,YES,&nbsp,19,AD 45,2025-11-04_22:12:01.642387
ED   38,0.00%,NO,&nbsp,45,AD 45,2025-11-04_22:12:01.642387
ED   39,0.00%,YES,&nbsp,17,AD 45,2025-11-04_22:12:01.642387
ED   39,0.00%,NO,&nbsp,29,AD 45,2025-11-04_22:12:01.642387
ED   40,0.00%,YES,&nbsp,148,AD 45,2025-11-04_22:12:01.642387
ED   40,0.00%,NO,&nbsp,261,AD 45,2025-11-04_22:12:01.642387
ED   41,0.00%,YES,&nbsp,158,AD 45,2025-11-04_22:12:01.642387
ED   41,0.00%,NO,&nbsp,303,AD 45,2025-11-04_22:12:01.642387
ED   42,0.00%,YES,&nbsp,146,AD 45,2025-11-04_22:12:01.642387
ED   42,0.00%,NO,&nbsp,151,AD 45,2025-11-04_22:12:01.642387
ED   43,0.00%,YES,&nbsp,174,AD 45,2025-11-04_22:12:01.642387
ED   43,0.00%,NO,&nbsp,328,AD 45,2025-11-04_22:12:01.642387
ED   44,0.00%,YES,&nbsp,189,AD 45,2025-11-04_22:12:01.642387
ED   44,0.00%,NO,&nbsp,357,AD 45,2025-11-04_22:12:01.642387
ED   45,0.00%,YES,&nbsp,144,AD 45,2025-11-04_22:12:01.642387
ED   45,0.00%,NO,&nbsp,332,AD 45,2025-11-04_22:12:01.642387
ED   46,0.00%,YES,&nbsp,190,AD 45,2025-11-04_22:12:01.642387
ED   46,0.00%,NO,&nbsp,133,AD 45,2025-11-04_22:12:01.642387
ED   47,0.00%,YES,&nbsp,182,AD 45,2025-11-04_22:12:01.642387
ED   47,0.00%,NO,&nbsp,239,AD 45,2025-11-04_22:12:01.642387
ED   48,0.00%,YES,&nbsp,156,AD 45,2025-11-04_22:12:01.642387
ED   48,0.00%,NO,&nbsp,206,AD 45,2025-11-04_22:12:01.642387
ED   49,0.00%,YES,&nbsp,99,AD 45,2025-11-04_22:12:01.642387
ED   49,0.00%,NO,&nbsp,352,AD 45,2025-11-04_22:12:01.642387
ED   50,0.00%,YES,&nbsp,131,AD 45,2025-11-04_22:12:01.642387
ED   50,0.00%,NO,&nbsp,112,AD 45,2025-11-04_22:12:01.642387
ED   51,0.00%,YES,&nbsp,139,AD 45,2025-11-04_22:12:01.642387
ED   51,0.00%,NO,&nbsp,252,AD 45,2025-11-04_22:12:01.642387
ED   52,0.00%,YES,&nbsp,77,AD 45,2025-11-04_22:12:01.642387
ED   52,0.00%,NO,&nbsp,106,AD 45,2025-11-04_22:12:01.642387
ED   53,0.00%,YES,&nbsp,82,AD 45,2025-11-04_22:12:01.642387
ED   53,0.00%,NO,&nbsp,81,AD 45,2025-11-04_22:12:01.642387
ED   54,0.00%,YES,&nbsp,3,AD 45,2025-11-04_22:12:01.642387
ED   54,0.00%,NO,&nbsp,6,AD 45,2025-11-04_22:12:01.642387
ED   55,0.00%,YES,&nbsp,1,AD 45,2025-11-04_22:12:01.642387
ED   55,0.00%,NO,&nbsp,1,AD 45,2025-11-04_22:12:01.642387
ED   56,0.00%,YES,&nbsp,-,AD 45,2025-11-04_22:12:01.642387
ED   56,0.00%,NO,&nbsp,-,AD 45,2025-11-04_22:12:01.642387
Total,,YES,&nbsp,5576,AD 45,2025-11-04_22:12:01.642387
Total,,NO,&nbsp,14555,AD 45,2025-11-04_22:12:01.642387
ED    1,0.00%,YES,&nbsp,235,AD 46,2025-11-04_22:12:01.642387
ED    1,0.00%,NO,&nbsp,244,AD 46,2025-11-04_22:12:01.642387
ED    2,0.00%,YES,&nbsp,246,AD 46,2025-11-04_22:12:01.642387
ED    2,0.00%,NO,&nbsp,220,AD 46,2025-11-04_22:12:01.642387
ED    3,0.00%,YES,&nbsp,297,AD 46,2025-11-04_22:12:01.642387
ED    3,0.00%,NO,&nbsp,296,AD 46,2025-11-04_22:12:01.642387
ED    4,0.00%,YES,&nbsp,238,AD 46,2025-11-04_22:12:01.642387
ED    4,0.00%,NO,&nbsp,313,AD 46,2025-11-04_22:12:01.642387
ED    5,0.00%,YES,&nbsp,283,AD 46,2025-11-04_22:12:01.642387
ED    5,0.00%,NO,&nbsp,308,AD 46,2025-11-04_22:12:01.642387
ED    6,0.00%,YES,&nbsp,213,AD 46,2025-11-04_22:12:01.642387
ED    6,0.00%,NO,&nbsp,451,AD 46,2025-11-04_22:12:01.642387
ED    7,0.00%,YES,&nbsp,288,AD 46,2025-11-04_22:12:01.642387
ED    7,0.00%,NO,&nbsp,367,AD 46,2025-11-04_22:12:01.642387
ED    8,0.00%,YES,&nbsp,248,AD 46,2025-11-04_22:12:01.642387
ED    8,0.00%,NO,&nbsp,261,AD 46,2025-11-04_22:12:01.642387
ED    9,0.00%,YES,&nbsp,326,AD 46,2025-11-04_22:12:01.642387
ED    9,0.00%,NO,&nbsp,321,AD 46,2025-11-04_22:12:01.642387
ED   10,0.00%,YES,&nbsp,315,AD 46,2025-11-04_22:12:01.642387
ED   10,0.00%,NO,&nbsp,300,AD 46,2025-11-04_22:12:01.642387
ED   11,0.00%,YES,&nbsp,213,AD 46,2025-11-04_22:12:01.642387
ED   11,0.00%,NO,&nbsp,208,AD 46,2025-11-04_22:12:01.642387
ED   12,0.00%,YES,&nbsp,336,AD 46,2025-11-04_22:12:01.642387
ED   12,0.00%,NO,&nbsp,519,AD 46,2025-11-04_22:12:01.642387
ED   13,0.00%,YES,&nbsp,344,AD 46,2025-11-04_22:12:01.642387
ED   13,0.00%,NO,&nbsp,419,AD 46,2025-11-04_22:12:01.642387
ED   14,0.00%,YES,&nbsp,335,AD 46,2025-11-04_22:12:01.642387
ED   14,0.00%,NO,&nbsp,370,AD 46,2025-11-04_22:12:01.642387
ED   15,0.00%,YES,&nbsp,242,AD 46,2025-11-04_22:12:01.642387
ED   15,0.00%,NO,&nbsp,312,AD 46,2025-11-04_22:12:01.642387
ED   16,0.00%,YES,&nbsp,318,AD 46,2025-11-04_22:12:01.642387
ED   16,0.00%,NO,&nbsp,275,AD 46,2025-11-04_22:12:01.642387
ED   17,0.00%,YES,&nbsp,271,AD 46,2025-11-04_22:12:01.642387
ED   17,0.00%,NO,&nbsp,198,AD 46,2025-11-04_22:12:01.642387
ED   18,0.00%,YES,&nbsp,258,AD 46,2025-11-04_22:12:01.642387
ED   18,0.00%,NO,&nbsp,245,AD 46,2025-11-04_22:12:01.642387
ED   19,0.00%,YES,&nbsp,272,AD 46,2025-11-04_22:12:01.642387
ED   19,0.00%,NO,&nbsp,441,AD 46,2025-11-04_22:12:01.642387
ED   20,0.00%,YES,&nbsp,302,AD 46,2025-11-04_22:12:01.642387
ED   20,0.00%,NO,&nbsp,452,AD 46,2025-11-04_22:12:01.642387
ED   21,0.00%,YES,&nbsp,61,AD 46,2025-11-04_22:12:01.642387
ED   21,0.00%,NO,&nbsp,53,AD 46,2025-11-04_22:12:01.642387
ED   22,0.00%,YES,&nbsp,230,AD 46,2025-11-04_22:12:01.642387
ED   22,0.00%,NO,&nbsp,288,AD 46,2025-11-04_22:12:01.642387
ED   23,0.00%,YES,&nbsp,150,AD 46,2025-11-04_22:12:01.642387
ED   23,0.00%,NO,&nbsp,391,AD 46,2025-11-04_22:12:01.642387
ED   24,0.00%,YES,&nbsp,118,AD 46,2025-11-04_22:12:01.642387
ED   24,0.00%,NO,&nbsp,386,AD 46,2025-11-04_22:12:01.642387
ED   25,0.00%,YES,&nbsp,103,AD 46,2025-11-04_22:12:01.642387
ED   25,0.00%,NO,&nbsp,368,AD 46,2025-11-04_22:12:01.642387
ED   26,0.00%,YES,&nbsp,177,AD 46,2025-11-04_22:12:01.642387
ED   26,0.00%,NO,&nbsp,410,AD 46,2025-11-04_22:12:01.642387
ED   27,0.00%,YES,&nbsp,287,AD 46,2025-11-04_22:12:01.642387
ED   27,0.00%,NO,&nbsp,345,AD 46,2025-11-04_22:12:01.642387
ED   28,0.00%,YES,&nbsp,131,AD 46,2025-11-04_22:12:01.642387
ED   28,0.00%,NO,&nbsp,319,AD 46,2025-11-04_22:12:01.642387
ED   29,0.00%,YES,&nbsp,43,AD 46,2025-11-04_22:12:01.642387
ED   29,0.00%,NO,&nbsp,51,AD 46,2025-11-04_22:12:01.642387
ED   30,0.00%,YES,&nbsp,37,AD 46,2025-11-04_22:12:01.642387
ED   30,0.00%,NO,&nbsp,49,AD 46,2025-11-04_22:12:01.642387
ED   31,0.00%,YES,&nbsp,106,AD 46,2025-11-04_22:12:01.642387
ED   31,0.00%,NO,&nbsp,100,AD 46,2025-11-04_22:12:01.642387
ED   32,0.00%,YES,&nbsp,55,AD 46,2025-11-04_22:12:01.642387
ED   32,0.00%,NO,&nbsp,58,AD 46,2025-11-04_22:12:01.642387
ED   33,0.00%,YES,&nbsp,31,AD 46,2025-11-04_22:12:01.642387
ED   33,0.00%,NO,&nbsp,32,AD 46,2025-11-04_22:12:01.642387
ED   34,0.00%,YES,&nbsp,119,AD 46,2025-11-04_22:12:01.642387
ED   34,0.00%,NO,&nbsp,146,AD 46,2025-11-04_22:12:01.642387
ED   35,0.00%,YES,&nbsp,66,AD 46,2025-11-04_22:12:01.642387
ED   35,0.00%,NO,&nbsp,113,AD 46,2025-11-04_22:12:01.642387
ED   36,0.00%,YES,&nbsp,116,AD 46,2025-11-04_22:12:01.642387
ED   36,0.00%,NO,&nbsp,220,AD 46,2025-11-04_22:12:01.642387
ED   37,0.00%,YES,&nbsp,-,AD 46,2025-11-04_22:12:01.642387
ED   37,0.00%,NO,&nbsp,-,AD 46,2025-11-04_22:12:01.642387
ED   38,0.00%,YES,&nbsp,162,AD 46,2025-11-04_22:12:01.642387
ED   38,0.00%,NO,&nbsp,188,AD 46,2025-11-04_22:12:01.642387
ED   39,0.00%,YES,&nbsp,127,AD 46,2025-11-04_22:12:01.642387
ED   39,0.00%,NO,&nbsp,210,AD 46,2025-11-04_22:12:01.642387
ED   40,0.00%,YES,&nbsp,136,AD 46,2025-11-04_22:12:01.642387
ED   40,0.00%,NO,&nbsp,300,AD 46,2025-11-04_22:12:01.642387
ED   41,0.00%,YES,&nbsp,168,AD 46,2025-11-04_22:12:01.642387
ED   41,0.00%,NO,&nbsp,63,AD 46,2025-11-04_22:12:01.642387
ED   42,0.00%,YES,&nbsp,111,AD 46,2025-11-04_22:12:01.642387
ED   42,0.00%,NO,&nbsp,42,AD 46,2025-11-04_22:12:01.642387
ED   43,0.00%,YES,&nbsp,114,AD 46,2025-11-04_22:12:01.642387
ED   43,0.00%,NO,&nbsp,38,AD 46,2025-11-04_22:12:01.642387
ED   44,0.00%,YES,&nbsp,124,AD 46,2025-11-04_22:12:01.642387
ED   44,0.00%,NO,&nbsp,62,AD 46,2025-11-04_22:12:01.642387
ED   45,0.00%,YES,&nbsp,129,AD 46,2025-11-04_22:12:01.642387
ED   45,0.00%,NO,&nbsp,42,AD 46,2025-11-04_22:12:01.642387
ED   46,0.00%,YES,&nbsp,141,AD 46,2025-11-04_22:12:01.642387
ED   46,0.00%,NO,&nbsp,70,AD 46,2025-11-04_22:12:01.642387
ED   47,0.00%,YES,&nbsp,219,AD 46,2025-11-04_22:12:01.642387
ED   47,0.00%,NO,&nbsp,71,AD 46,2025-11-04_22:12:01.642387
ED   48,0.00%,YES,&nbsp,152,AD 46,2025-11-04_22:12:01.642387
ED   48,0.00%,NO,&nbsp,66,AD 46,2025-11-04_22:12:01.642387
ED   49,0.00%,YES,&nbsp,65,AD 46,2025-11-04_22:12:01.642387
ED   49,0.00%,NO,&nbsp,38,AD 46,2025-11-04_22:12:01.642387
ED   50,0.00%,YES,&nbsp,177,AD 46,2025-11-04_22:12:01.642387
ED   50,0.00%,NO,&nbsp,48,AD 46,2025-11-04_22:12:01.642387
ED   51,0.00%,YES,&nbsp,118,AD 46,2025-11-04_22:12:01.642387
ED   51,0.00%,NO,&nbsp,34,AD 46,2025-11-04_22:12:01.642387
ED   52,0.00%,YES,&nbsp,131,AD 46,2025-11-04_22:12:01.642387
ED   52,0.00%,NO,&nbsp,61,AD 46,2025-11-04_22:12:01.642387
ED   53,0.00%,YES,&nbsp,247,AD 46,2025-11-04_22:12:01.642387
ED   53,0.00%,NO,&nbsp,148,AD 46,2025-11-04_22:12:01.642387
ED   54,0.00%,YES,&nbsp,72,AD 46,2025-11-04_22:12:01.642387
ED   54,0.00%,NO,&nbsp,172,AD 46,2025-11-04_22:12:01.642387
ED   55,0.00%,YES,&nbsp,142,AD 46,2025-11-04_22:12:01.642387
ED   55,0.00%,NO,&nbsp,210,AD 46,2025-11-04_22:12:01.642387
ED   56,0.00%,YES,&nbsp,167,AD 46,2025-11-04_22:12:01.642387
ED   56,0.00%,NO,&nbsp,330,AD 46,2025-11-04_22:12:01.642387
ED   57,0.00%,YES,&nbsp,23,AD 46,2025-11-04_22:12:01.642387
ED   57,0.00%,NO,&nbsp,52,AD 46,2025-11-04_22:12:01.642387
ED   58,0.00%,YES,&nbsp,93,AD 46,2025-11-04_22:12:01.642387
ED   58,0.00%,NO,&nbsp,180,AD 46,2025-11-04_22:12:01.642387
ED   59,0.00%,YES,&nbsp,80,AD 46,2025-11-04_22:12:01.642387
ED   59,0.00%,NO,&nbsp,244,AD 46,2025-11-04_22:12:01.642387
ED   60,0.00%,YES,&nbsp,74,AD 46,2025-11-04_22:12:01.642387
ED   60,0.00%,NO,&nbsp,167,AD 46,2025-11-04_22:12:01.642387
ED   61,0.00%,YES,&nbsp,230,AD 46,2025-11-04_22:12:01.642387
ED   61,0.00%,NO,&nbsp,313,AD 46,2025-11-04_22:12:01.642387
ED   62,0.00%,YES,&nbsp,78,AD 46,2025-11-04_22:12:01.642387
ED   62,0.00%,NO,&nbsp,123,AD 46,2025-11-04_22:12:01.642387
ED   63,0.00%,YES,&nbsp,57,AD 46,2025-11-04_22:12:01.642387
ED   63,0.00%,NO,&nbsp,113,AD 46,2025-11-04_22:12:01.642387
ED   64,0.00%,YES,&nbsp,72,AD 46,2025-11-04_22:12:01.642387
ED   64,0.00%,NO,&nbsp,180,AD 46,2025-11-04_22:12:01.642387
ED   65,0.00%,YES,&nbsp,70,AD 46,2025-11-04_22:12:01.642387
ED   65,0.00%,NO,&nbsp,109,AD 46,2025-11-04_22:12:01.642387
ED   66,0.00%,YES,&nbsp,97,AD 46,2025-11-04_22:12:01.642387
ED   66,0.00%,NO,&nbsp,192,AD 46,2025-11-04_22:12:01.642387
ED   67,0.00%,YES,&nbsp,91,AD 46,2025-11-04_22:12:01.642387
ED   67,0.00%,NO,&nbsp,76,AD 46,2025-11-04_22:12:01.642387
ED   68,0.00%,YES,&nbsp,151,AD 46,2025-11-04_22:12:01.642387
ED   68,0.00%,NO,&nbsp,126,AD 46,2025-11-04_22:12:01.642387
ED   69,0.00%,YES,&nbsp,113,AD 46,2025-11-04_22:12:01.642387
ED   69,0.00%,NO,&nbsp,83,AD 46,2025-11-04_22:12:01.642387
ED   70,0.00%,YES,&nbsp,155,AD 46,2025-11-04_22:12:01.642387
ED   70,0.00%,NO,&nbsp,129,AD 46,2025-11-04_22:12:01.642387
ED   71,0.00%,YES,&nbsp,234,AD 46,2025-11-04_22:12:01.642387
ED   71,0.00%,NO,&nbsp,141,AD 46,2025-11-04_22:12:01.642387
ED   72,0.00%,YES,&nbsp,-,AD 46,2025-11-04_22:12:01.642387
ED   72,0.00%,NO,&nbsp,-,AD 46,2025-11-04_22:12:01.642387
ED   73,0.00%,YES,&nbsp,90,AD 46,2025-11-04_22:12:01.642387
ED   73,0.00%,NO,&nbsp,186,AD 46,2025-11-04_22:12:01.642387
ED   74,0.00%,YES,&nbsp,-,AD 46,2025-11-04_22:12:01.642387
ED   74,0.00%,NO,&nbsp,-,AD 46,2025-11-04_22:12:01.642387
ED   75,0.00%,YES,&nbsp,-,AD 46,2025-11-04_22:12:01.642387
ED   75,0.00%,NO,&nbsp,-,AD 46,2025-11-04_22:12:01.642387
ED   76,0.00%,YES,&nbsp,-,AD 46,2025-11-04_22:12:01.642387
ED   76,0.00%,NO,&nbsp,-,AD 46,2025-11-04_22:12:01.642387
ED   77,0.00%,YES,&nbsp,-,AD 46,2025-11-04_22:12:01.642387
ED   77,0.00%,NO,&nbsp,-,AD 46,2025-11-04_22:12:01.642387
ED   78,0.00%,YES,&nbsp,-,AD 46,2025-11-04_22:12:01.642387
ED   78,0.00%,NO,&nbsp,-,AD 46,2025-11-04_22:12:01.642387
Total,,YES,&nbsp,11820,AD 46,2025-11-04_22:12:01.642387
Total,,NO,&nbsp,14456,AD 46,2025-11-04_22:12:01.642387
ED    1,0.00%,YES,&nbsp,89,AD 47,2025-11-04_22:12:01.642387
ED    1,0.00%,NO,&nbsp,142,AD 47,2025-11-04_22:12:01.642387
ED    2,0.00%,YES,&nbsp,239,AD 47,2025-11-04_22:12:01.642387
ED    2,0.00%,NO,&nbsp,296,AD 47,2025-11-04_22:12:01.642387
ED    3,0.00%,YES,&nbsp,76,AD 47,2025-11-04_22:12:01.642387
ED    3,0.00%,NO,&nbsp,163,AD 47,2025-11-04_22:12:01.642387
ED    4,0.00%,YES,&nbsp,137,AD 47,2025-11-04_22:12:01.642387
ED    4,0.00%,NO,&nbsp,177,AD 47,2025-11-04_22:12:01.642387
ED    5,0.00%,YES,&nbsp,213,AD 47,2025-11-04_22:12:01.642387
ED    5,0.00%,NO,&nbsp,247,AD 47,2025-11-04_22:12:01.642387
ED    6,0.00%,YES,&nbsp,79,AD 47,2025-11-04_22:12:01.642387
ED    6,0.00%,NO,&nbsp,78,AD 47,2025-11-04_22:12:01.642387
ED    7,0.00%,YES,&nbsp,129,AD 47,2025-11-04_22:12:01.642387
ED    7,0.00%,NO,&nbsp,182,AD 47,2025-11-04_22:12:01.642387
ED    8,0.00%,YES,&nbsp,97,AD 47,2025-11-04_22:12:01.642387
ED    8,0.00%,NO,&nbsp,87,AD 47,2025-11-04_22:12:01.642387
ED    9,0.00%,YES,&nbsp,91,AD 47,2025-11-04_22:12:01.642387
ED    9,0.00%,NO,&nbsp,118,AD 47,2025-11-04_22:12:01.642387
ED   10,0.00%,YES,&nbsp,123,AD 47,2025-11-04_22:12:01.642387
ED   10,0.00%,NO,&nbsp,51,AD 47,2025-11-04_22:12:01.642387
ED   11,0.00%,YES,&nbsp,99,AD 47,2025-11-04_22:12:01.642387
ED   11,0.00%,NO,&nbsp,122,AD 47,2025-11-04_22:12:01.642387
ED   12,0.00%,YES,&nbsp,237,AD 47,2025-11-04_22:12:01.642387
ED   12,0.00%,NO,&nbsp,203,AD 47,2025-11-04_22:12:01.642387
ED   13,0.00%,YES,&nbsp,89,AD 47,2025-11-04_22:12:01.642387
ED   13,0.00%,NO,&nbsp,98,AD 47,2025-11-04_22:12:01.642387
ED   14,0.00%,YES,&nbsp,162,AD 47,2025-11-04_22:12:01.642387
ED   14,0.00%,NO,&nbsp,213,AD 47,2025-11-04_22:12:01.642387
ED   15,0.00%,YES,&nbsp,70,AD 47,2025-11-04_22:12:01.642387
ED   15,0.00%,NO,&nbsp,81,AD 47,2025-11-04_22:12:01.642387
ED   16,0.00%,YES,&nbsp,85,AD 47,2025-11-04_22:12:01.642387
ED   16,0.00%,NO,&nbsp,119,AD 47,2025-11-04_22:12:01.642387
ED   17,0.00%,YES,&nbsp,29,AD 47,2025-11-04_22:12:01.642387
ED   17,0.00%,NO,&nbsp,13,AD 47,2025-11-04_22:12:01.642387
ED   18,0.00%,YES,&nbsp,29,AD 47,2025-11-04_22:12:01.642387
ED   18,0.00%,NO,&nbsp,35,AD 47,2025-11-04_22:12:01.642387
ED   19,0.00%,YES,&nbsp,112,AD 47,2025-11-04_22:12:01.642387
ED   19,0.00%,NO,&nbsp,129,AD 47,2025-11-04_22:12:01.642387
ED   20,0.00%,YES,&nbsp,193,AD 47,2025-11-04_22:12:01.642387
ED   20,0.00%,NO,&nbsp,213,AD 47,2025-11-04_22:12:01.642387
ED   21,0.00%,YES,&nbsp,144,AD 47,2025-11-04_22:12:01.642387
ED   21,0.00%,NO,&nbsp,154,AD 47,2025-11-04_22:12:01.642387
ED   22,0.00%,YES,&nbsp,98,AD 47,2025-11-04_22:12:01.642387
ED   22,0.00%,NO,&nbsp,175,AD 47,2025-11-04_22:12:01.642387
ED   23,0.00%,YES,&nbsp,211,AD 47,2025-11-04_22:12:01.642387
ED   23,0.00%,NO,&nbsp,184,AD 47,2025-11-04_22:12:01.642387
ED   24,0.00%,YES,&nbsp,142,AD 47,2025-11-04_22:12:01.642387
ED   24,0.00%,NO,&nbsp,122,AD 47,2025-11-04_22:12:01.642387
ED   25,0.00%,YES,&nbsp,146,AD 47,2025-11-04_22:12:01.642387
ED   25,0.00%,NO,&nbsp,162,AD 47,2025-11-04_22:12:01.642387
ED   26,0.00%,YES,&nbsp,151,AD 47,2025-11-04_22:12:01.642387
ED   26,0.00%,NO,&nbsp,206,AD 47,2025-11-04_22:12:01.642387
ED   27,0.00%,YES,&nbsp,150,AD 47,2025-11-04_22:12:01.642387
ED   27,0.00%,NO,&nbsp,226,AD 47,2025-11-04_22:12:01.642387
ED   28,0.00%,YES,&nbsp,39,AD 47,2025-11-04_22:12:01.642387
ED   28,0.00%,NO,&nbsp,96,AD 47,2025-11-04_22:12:01.642387
ED   29,0.00%,YES,&nbsp,118,AD 47,2025-11-04_22:12:01.642387
ED   29,0.00%,NO,&nbsp,137,AD 47,2025-11-04_22:12:01.642387
ED   30,0.00%,YES,&nbsp,97,AD 47,2025-11-04_22:12:01.642387
ED   30,0.00%,NO,&nbsp,146,AD 47,2025-11-04_22:12:01.642387
ED   31,0.00%,YES,&nbsp,34,AD 47,2025-11-04_22:12:01.642387
ED   31,0.00%,NO,&nbsp,49,AD 47,2025-11-04_22:12:01.642387
ED   32,0.00%,YES,&nbsp,73,AD 47,2025-11-04_22:12:01.642387
ED   32,0.00%,NO,&nbsp,95,AD 47,2025-11-04_22:12:01.642387
ED   33,0.00%,YES,&nbsp,147,AD 47,2025-11-04_22:12:01.642387
ED   33,0.00%,NO,&nbsp,214,AD 47,2025-11-04_22:12:01.642387
ED   34,0.00%,YES,&nbsp,202,AD 47,2025-11-04_22:12:01.642387
ED   34,0.00%,NO,&nbsp,161,AD 47,2025-11-04_22:12:01.642387
ED   35,0.00%,YES,&nbsp,151,AD 47,2025-11-04_22:12:01.642387
ED   35,0.00%,NO,&nbsp,168,AD 47,2025-11-04_22:12:01.642387
ED   36,0.00%,YES,&nbsp,122,AD 47,2025-11-04_22:12:01.642387
ED   36,0.00%,NO,&nbsp,192,AD 47,2025-11-04_22:12:01.642387
ED   37,0.00%,YES,&nbsp,119,AD 47,2025-11-04_22:12:01.642387
ED   37,0.00%,NO,&nbsp,165,AD 47,2025-11-04_22:12:01.642387
ED   38,0.00%,YES,&nbsp,139,AD 47,2025-11-04_22:12:01.642387
ED   38,0.00%,NO,&nbsp,146,AD 47,2025-11-04_22:12:01.642387
ED   39,0.00%,YES,&nbsp,119,AD 47,2025-11-04_22:12:01.642387
ED   39,0.00%,NO,&nbsp,153,AD 47,2025-11-04_22:12:01.642387
ED   40,0.00%,YES,&nbsp,43,AD 47,2025-11-04_22:12:01.642387
ED   40,0.00%,NO,&nbsp,45,AD 47,2025-11-04_22:12:01.642387
ED   41,0.00%,YES,&nbsp,49,AD 47,2025-11-04_22:12:01.642387
ED   41,0.00%,NO,&nbsp,71,AD 47,2025-11-04_22:12:01.642387
ED   42,0.00%,YES,&nbsp,151,AD 47,2025-11-04_22:12:01.642387
ED   42,0.00%,NO,&nbsp,50,AD 47,2025-11-04_22:12:01.642387
ED   43,0.00%,YES,&nbsp,189,AD 47,2025-11-04_22:12:01.642387
ED   43,0.00%,NO,&nbsp,271,AD 47,2025-11-04_22:12:01.642387
ED   44,0.00%,YES,&nbsp,203,AD 47,2025-11-04_22:12:01.642387
ED   44,0.00%,NO,&nbsp,269,AD 47,2025-11-04_22:12:01.642387
ED   45,0.00%,YES,&nbsp,190,AD 47,2025-11-04_22:12:01.642387
ED   45,0.00%,NO,&nbsp,325,AD 47,2025-11-04_22:12:01.642387
ED   46,0.00%,YES,&nbsp,134,AD 47,2025-11-04_22:12:01.642387
ED   46,0.00%,NO,&nbsp,195,AD 47,2025-11-04_22:12:01.642387
ED   47,0.00%,YES,&nbsp,203,AD 47,2025-11-04_22:12:01.642387
ED   47,0.00%,NO,&nbsp,219,AD 47,2025-11-04_22:12:01.642387
ED   48,0.00%,YES,&nbsp,35,AD 47,2025-11-04_22:12:01.642387
ED   48,0.00%,NO,&nbsp,58,AD 47,2025-11-04_22:12:01.642387
ED   49,0.00%,YES,&nbsp,174,AD 47,2025-11-04_22:12:01.642387
ED   49,0.00%,NO,&nbsp,249,AD 47,2025-11-04_22:12:01.642387
ED   50,0.00%,YES,&nbsp,192,AD 47,2025-11-04_22:12:01.642387
ED   50,0.00%,NO,&nbsp,342,AD 47,2025-11-04_22:12:01.642387
ED   51,0.00%,YES,&nbsp,19,AD 47,2025-11-04_22:12:01.642387
ED   51,0.00%,NO,&nbsp,37,AD 47,2025-11-04_22:12:01.642387
ED   52,0.00%,YES,&nbsp,80,AD 47,2025-11-04_22:12:01.642387
ED   52,0.00%,NO,&nbsp,107,AD 47,2025-11-04_22:12:01.642387
ED   53,0.00%,YES,&nbsp,129,AD 47,2025-11-04_22:12:01.642387
ED   53,0.00%,NO,&nbsp,120,AD 47,2025-11-04_22:12:01.642387
ED   54,0.00%,YES,&nbsp,125,AD 47,2025-11-04_22:12:01.642387
ED   54,0.00%,NO,&nbsp,190,AD 47,2025-11-04_22:12:01.642387
ED   55,0.00%,YES,&nbsp,20,AD 47,2025-11-04_22:12:01.642387
ED   55,0.00%,NO,&nbsp,18,AD 47,2025-11-04_22:12:01.642387
ED   56,0.00%,YES,&nbsp,14,AD 47,2025-11-04_22:12:01.642387
ED   56,0.00%,NO,&nbsp,28,AD 47,2025-11-04_22:12:01.642387
ED   57,0.00%,YES,&nbsp,-,AD 47,2025-11-04_22:12:01.642387
ED   57,0.00%,NO,&nbsp,-,AD 47,2025-11-04_22:12:01.642387
Total,,YES,&nbsp,6730,AD 47,2025-11-04_22:12:01.642387
Total,,NO,&nbsp,8312,AD 47,2025-11-04_22:12:01.642387
ED    1,0.00%,YES,&nbsp,50,AD 48,2025-11-04_22:12:01.642387
ED    1,0.00%,NO,&nbsp,76,AD 48,2025-11-04_22:12:01.642387
ED    2,0.00%,YES,&nbsp,131,AD 48,2025-11-04_22:12:01.642387
ED    2,0.00%,NO,&nbsp,294,AD 48,2025-11-04_22:12:01.642387
ED    3,0.00%,YES,&nbsp,91,AD 48,2025-11-04_22:12:01.642387
ED    3,0.00%,NO,&nbsp,299,AD 48,2025-11-04_22:12:01.642387
ED    4,0.00%,YES,&nbsp,47,AD 48,2025-11-04_22:12:01.642387
ED    4,0.00%,NO,&nbsp,121,AD 48,2025-11-04_22:12:01.642387
ED    5,0.00%,YES,&nbsp,101,AD 48,2025-11-04_22:12:01.642387
ED    5,0.00%,NO,&nbsp,174,AD 48,2025-11-04_22:12:01.642387
ED    6,0.00%,YES,&nbsp,241,AD 48,2025-11-04_22:12:01.642387
ED    6,0.00%,NO,&nbsp,430,AD 48,2025-11-04_22:12:01.642387
ED    7,0.00%,YES,&nbsp,138,AD 48,2025-11-04_22:12:01.642387
ED    7,0.00%,NO,&nbsp,498,AD 48,2025-11-04_22:12:01.642387
ED    8,0.00%,YES,&nbsp,145,AD 48,2025-11-04_22:12:01.642387
ED    8,0.00%,NO,&nbsp,310,AD 48,2025-11-04_22:12:01.642387
ED    9,0.00%,YES,&nbsp,134,AD 48,2025-11-04_22:12:01.642387
ED    9,0.00%,NO,&nbsp,298,AD 48,2025-11-04_22:12:01.642387
ED   10,0.00%,YES,&nbsp,182,AD 48,2025-11-04_22:12:01.642387
ED   10,0.00%,NO,&nbsp,400,AD 48,2025-11-04_22:12:01.642387
ED   11,0.00%,YES,&nbsp,54,AD 48,2025-11-04_22:12:01.642387
ED   11,0.00%,NO,&nbsp,179,AD 48,2025-11-04_22:12:01.642387
ED   12,0.00%,YES,&nbsp,68,AD 48,2025-11-04_22:12:01.642387
ED   12,0.00%,NO,&nbsp,256,AD 48,2025-11-04_22:12:01.642387
ED   13,0.00%,YES,&nbsp,120,AD 48,2025-11-04_22:12:01.642387
ED   13,0.00%,NO,&nbsp,369,AD 48,2025-11-04_22:12:01.642387
ED   14,0.00%,YES,&nbsp,97,AD 48,2025-11-04_22:12:01.642387
ED   14,0.00%,NO,&nbsp,139,AD 48,2025-11-04_22:12:01.642387
ED   15,0.00%,YES,&nbsp,225,AD 48,2025-11-04_22:12:01.642387
ED   15,0.00%,NO,&nbsp,395,AD 48,2025-11-04_22:12:01.642387
ED   16,0.00%,YES,&nbsp,172,AD 48,2025-11-04_22:12:01.642387
ED   16,0.00%,NO,&nbsp,328,AD 48,2025-11-04_22:12:01.642387
ED   17,0.00%,YES,&nbsp,3,AD 48,2025-11-04_22:12:01.642387
ED   17,0.00%,NO,&nbsp,7,AD 48,2025-11-04_22:12:01.642387
ED   18,0.00%,YES,&nbsp,69,AD 48,2025-11-04_22:12:01.642387
ED   18,0.00%,NO,&nbsp,114,AD 48,2025-11-04_22:12:01.642387
ED   19,0.00%,YES,&nbsp,168,AD 48,2025-11-04_22:12:01.642387
ED   19,0.00%,NO,&nbsp,300,AD 48,2025-11-04_22:12:01.642387
ED   20,0.00%,YES,&nbsp,128,AD 48,2025-11-04_22:12:01.642387
ED   20,0.00%,NO,&nbsp,275,AD 48,2025-11-04_22:12:01.642387
ED   21,0.00%,YES,&nbsp,77,AD 48,2025-11-04_22:12:01.642387
ED   21,0.00%,NO,&nbsp,70,AD 48,2025-11-04_22:12:01.642387
ED   22,0.00%,YES,&nbsp,11,AD 48,2025-11-04_22:12:01.642387
ED   22,0.00%,NO,&nbsp,96,AD 48,2025-11-04_22:12:01.642387
ED   23,0.00%,YES,&nbsp,152,AD 48,2025-11-04_22:12:01.642387
ED   23,0.00%,NO,&nbsp,322,AD 48,2025-11-04_22:12:01.642387
ED   24,0.00%,YES,&nbsp,207,AD 48,2025-11-04_22:12:01.642387
ED   24,0.00%,NO,&nbsp,200,AD 48,2025-11-04_22:12:01.642387
ED   25,0.00%,YES,&nbsp,171,AD 48,2025-11-04_22:12:01.642387
ED   25,0.00%,NO,&nbsp,415,AD 48,2025-11-04_22:12:01.642387
ED   26,0.00%,YES,&nbsp,69,AD 48,2025-11-04_22:12:01.642387
ED   26,0.00%,NO,&nbsp,490,AD 48,2025-11-04_22:12:01.642387
ED   27,0.00%,YES,&nbsp,59,AD 48,2025-11-04_22:12:01.642387
ED   27,0.00%,NO,&nbsp,302,AD 48,2025-11-04_22:12:01.642387
ED   28,0.00%,YES,&nbsp,106,AD 48,2025-11-04_22:12:01.642387
ED   28,0.00%,NO,&nbsp,298,AD 48,2025-11-04_22:12:01.642387
ED   29,0.00%,YES,&nbsp,101,AD 48,2025-11-04_22:12:01.642387
ED   29,0.00%,NO,&nbsp,403,AD 48,2025-11-04_22:12:01.642387
ED   30,0.00%,YES,&nbsp,73,AD 48,2025-11-04_22:12:01.642387
ED   30,0.00%,NO,&nbsp,435,AD 48,2025-11-04_22:12:01.642387
ED   31,0.00%,YES,&nbsp,16,AD 48,2025-11-04_22:12:01.642387
ED   31,0.00%,NO,&nbsp,45,AD 48,2025-11-04_22:12:01.642387
ED   32,0.00%,YES,&nbsp,37,AD 48,2025-11-04_22:12:01.642387
ED   32,0.00%,NO,&nbsp,384,AD 48,2025-11-04_22:12:01.642387
ED   33,0.00%,YES,&nbsp,115,AD 48,2025-11-04_22:12:01.642387
ED   33,0.00%,NO,&nbsp,356,AD 48,2025-11-04_22:12:01.642387
ED   34,0.00%,YES,&nbsp,61,AD 48,2025-11-04_22:12:01.642387
ED   34,0.00%,NO,&nbsp,240,AD 48,2025-11-04_22:12:01.642387
ED   35,0.00%,YES,&nbsp,108,AD 48,2025-11-04_22:12:01.642387
ED   35,0.00%,NO,&nbsp,403,AD 48,2025-11-04_22:12:01.642387
ED   36,0.00%,YES,&nbsp,118,AD 48,2025-11-04_22:12:01.642387
ED   36,0.00%,NO,&nbsp,192,AD 48,2025-11-04_22:12:01.642387
ED   37,0.00%,YES,&nbsp,93,AD 48,2025-11-04_22:12:01.642387
ED   37,0.00%,NO,&nbsp,247,AD 48,2025-11-04_22:12:01.642387
ED   38,0.00%,YES,&nbsp,60,AD 48,2025-11-04_22:12:01.642387
ED   38,0.00%,NO,&nbsp,350,AD 48,2025-11-04_22:12:01.642387
ED   39,0.00%,YES,&nbsp,143,AD 48,2025-11-04_22:12:01.642387
ED   39,0.00%,NO,&nbsp,401,AD 48,2025-11-04_22:12:01.642387
ED   40,0.00%,YES,&nbsp,67,AD 48,2025-11-04_22:12:01.642387
ED   40,0.00%,NO,&nbsp,268,AD 48,2025-11-04_22:12:01.642387
ED   41,0.00%,YES,&nbsp,115,AD 48,2025-11-04_22:12:01.642387
ED   41,0.00%,NO,&nbsp,474,AD 48,2025-11-04_22:12:01.642387
ED   42,0.00%,YES,&nbsp,104,AD 48,2025-11-04_22:12:01.642387
ED   42,0.00%,NO,&nbsp,442,AD 48,2025-11-04_22:12:01.642387
ED   43,0.00%,YES,&nbsp,104,AD 48,2025-11-04_22:12:01.642387
ED   43,0.00%,NO,&nbsp,352,AD 48,2025-11-04_22:12:01.642387
ED   44,0.00%,YES,&nbsp,83,AD 48,2025-11-04_22:12:01.642387
ED   44,0.00%,NO,&nbsp,330,AD 48,2025-11-04_22:12:01.642387
ED   45,0.00%,YES,&nbsp,118,AD 48,2025-11-04_22:12:01.642387
ED   45,0.00%,NO,&nbsp,306,AD 48,2025-11-04_22:12:01.642387
ED   46,0.00%,YES,&nbsp,141,AD 48,2025-11-04_22:12:01.642387
ED   46,0.00%,NO,&nbsp,352,AD 48,2025-11-04_22:12:01.642387
ED   47,0.00%,YES,&nbsp,137,AD 48,2025-11-04_22:12:01.642387
ED   47,0.00%,NO,&nbsp,399,AD 48,2025-11-04_22:12:01.642387
ED   48,0.00%,YES,&nbsp,193,AD 48,2025-11-04_22:12:01.642387
ED   48,0.00%,NO,&nbsp,475,AD 48,2025-11-04_22:12:01.642387
ED   49,0.00%,YES,&nbsp,113,AD 48,2025-11-04_22:12:01.642387
ED   49,0.00%,NO,&nbsp,327,AD 48,2025-11-04_22:12:01.642387
ED   50,0.00%,YES,&nbsp,81,AD 48,2025-11-04_22:12:01.642387
ED   50,0.00%,NO,&nbsp,244,AD 48,2025-11-04_22:12:01.642387
ED   51,0.00%,YES,&nbsp,113,AD 48,2025-11-04_22:12:01.642387
ED   51,0.00%,NO,&nbsp,367,AD 48,2025-11-04_22:12:01.642387
ED   52,0.00%,YES,&nbsp,101,AD 48,2025-11-04_22:12:01.642387
ED   52,0.00%,NO,&nbsp,227,AD 48,2025-11-04_22:12:01.642387
ED   53,0.00%,YES,&nbsp,-,AD 48,2025-11-04_22:12:01.642387
ED   53,0.00%,NO,&nbsp,-,AD 48,2025-11-04_22:12:01.642387
Total,,YES,&nbsp,5611,AD 48,2025-11-04_22:12:01.642387
Total,,NO,&nbsp,15474,AD 48,2025-11-04_22:12:01.642387
ED    1,0.00%,YES,&nbsp,120,AD 49,2025-11-04_22:12:01.642387
ED    1,0.00%,NO,&nbsp,116,AD 49,2025-11-04_22:12:01.642387
ED    2,0.00%,YES,&nbsp,4,AD 49,2025-11-04_22:12:01.642387
ED    2,0.00%,NO,&nbsp,4,AD 49,2025-11-04_22:12:01.642387
ED    3,0.00%,YES,&nbsp,10,AD 49,2025-11-04_22:12:01.642387
ED    3,0.00%,NO,&nbsp,23,AD 49,2025-11-04_22:12:01.642387
ED    4,0.00%,YES,&nbsp,98,AD 49,2025-11-04_22:12:01.642387
ED    4,0.00%,NO,&nbsp,72,AD 49,2025-11-04_22:12:01.642387
ED    5,0.00%,YES,&nbsp,69,AD 49,2025-11-04_22:12:01.642387
ED    5,0.00%,NO,&nbsp,51,AD 49,2025-11-04_22:12:01.642387
ED    6,0.00%,YES,&nbsp,125,AD 49,2025-11-04_22:12:01.642387
ED    6,0.00%,NO,&nbsp,60,AD 49,2025-11-04_22:12:01.642387
ED    7,0.00%,YES,&nbsp,25,AD 49,2025-11-04_22:12:01.642387
ED    7,0.00%,NO,&nbsp,22,AD 49,2025-11-04_22:12:01.642387
ED    8,0.00%,YES,&nbsp,119,AD 49,2025-11-04_22:12:01.642387
ED    8,0.00%,NO,&nbsp,82,AD 49,2025-11-04_22:12:01.642387
ED    9,0.00%,YES,&nbsp,109,AD 49,2025-11-04_22:12:01.642387
ED    9,0.00%,NO,&nbsp,83,AD 49,2025-11-04_22:12:01.642387
ED   10,0.00%,YES,&nbsp,109,AD 49,2025-11-04_22:12:01.642387
ED   10,0.00%,NO,&nbsp,70,AD 49,2025-11-04_22:12:01.642387
ED   11,0.00%,YES,&nbsp,101,AD 49,2025-11-04_22:12:01.642387
ED   11,0.00%,NO,&nbsp,93,AD 49,2025-11-04_22:12:01.642387
ED   12,0.00%,YES,&nbsp,25,AD 49,2025-11-04_22:12:01.642387
ED   12,0.00%,NO,&nbsp,21,AD 49,2025-11-04_22:12:01.642387
ED   13,0.00%,YES,&nbsp,19,AD 49,2025-11-04_22:12:01.642387
ED   13,0.00%,NO,&nbsp,13,AD 49,2025-11-04_22:12:01.642387
ED   14,0.00%,YES,&nbsp,9,AD 49,2025-11-04_22:12:01.642387
ED   14,0.00%,NO,&nbsp,9,AD 49,2025-11-04_22:12:01.642387
ED   15,0.00%,YES,&nbsp,121,AD 49,2025-11-04_22:12:01.642387
ED   15,0.00%,NO,&nbsp,114,AD 49,2025-11-04_22:12:01.642387
ED   16,0.00%,YES,&nbsp,166,AD 49,2025-11-04_22:12:01.642387
ED   16,0.00%,NO,&nbsp,132,AD 49,2025-11-04_22:12:01.642387
ED   17,0.00%,YES,&nbsp,185,AD 49,2025-11-04_22:12:01.642387
ED   17,0.00%,NO,&nbsp,178,AD 49,2025-11-04_22:12:01.642387
ED   18,0.00%,YES,&nbsp,155,AD 49,2025-11-04_22:12:01.642387
ED   18,0.00%,NO,&nbsp,134,AD 49,2025-11-04_22:12:01.642387
ED   19,0.00%,YES,&nbsp,123,AD 49,2025-11-04_22:12:01.642387
ED   19,0.00%,NO,&nbsp,91,AD 49,2025-11-04_22:12:01.642387
ED   20,0.00%,YES,&nbsp,55,AD 49,2025-11-04_22:12:01.642387
ED   20,0.00%,NO,&nbsp,113,AD 49,2025-11-04_22:12:01.642387
ED   21,0.00%,YES,&nbsp,101,AD 49,2025-11-04_22:12:01.642387
ED   21,0.00%,NO,&nbsp,128,AD 49,2025-11-04_22:12:01.642387
ED   22,0.00%,YES,&nbsp,86,AD 49,2025-11-04_22:12:01.642387
ED   22,0.00%,NO,&nbsp,103,AD 49,2025-11-04_22:12:01.642387
ED   23,0.00%,YES,&nbsp,44,AD 49,2025-11-04_22:12:01.642387
ED   23,0.00%,NO,&nbsp,49,AD 49,2025-11-04_22:12:01.642387
ED   24,0.00%,YES,&nbsp,158,AD 49,2025-11-04_22:12:01.642387
ED   24,0.00%,NO,&nbsp,151,AD 49,2025-11-04_22:12:01.642387
ED   25,0.00%,YES,&nbsp,57,AD 49,2025-11-04_22:12:01.642387
ED   25,0.00%,NO,&nbsp,57,AD 49,2025-11-04_22:12:01.642387
ED   26,0.00%,YES,&nbsp,147,AD 49,2025-11-04_22:12:01.642387
ED   26,0.00%,NO,&nbsp,157,AD 49,2025-11-04_22:12:01.642387
ED   27,0.00%,YES,&nbsp,153,AD 49,2025-11-04_22:12:01.642387
ED   27,0.00%,NO,&nbsp,195,AD 49,2025-11-04_22:12:01.642387
ED   28,0.00%,YES,&nbsp,115,AD 49,2025-11-04_22:12:01.642387
ED   28,0.00%,NO,&nbsp,144,AD 49,2025-11-04_22:12:01.642387
ED   29,0.00%,YES,&nbsp,112,AD 49,2025-11-04_22:12:01.642387
ED   29,0.00%,NO,&nbsp,101,AD 49,2025-11-04_22:12:01.642387
ED   30,0.00%,YES,&nbsp,170,AD 49,2025-11-04_22:12:01.642387
ED   30,0.00%,NO,&nbsp,181,AD 49,2025-11-04_22:12:01.642387
ED   31,0.00%,YES,&nbsp,158,AD 49,2025-11-04_22:12:01.642387
ED   31,0.00%,NO,&nbsp,183,AD 49,2025-11-04_22:12:01.642387
ED   32,0.00%,YES,&nbsp,110,AD 49,2025-11-04_22:12:01.642387
ED   32,0.00%,NO,&nbsp,194,AD 49,2025-11-04_22:12:01.642387
ED   33,0.00%,YES,&nbsp,179,AD 49,2025-11-04_22:12:01.642387
ED   33,0.00%,NO,&nbsp,245,AD 49,2025-11-04_22:12:01.642387
ED   34,0.00%,YES,&nbsp,92,AD 49,2025-11-04_22:12:01.642387
ED   34,0.00%,NO,&nbsp,91,AD 49,2025-11-04_22:12:01.642387
ED   35,0.00%,YES,&nbsp,157,AD 49,2025-11-04_22:12:01.642387
ED   35,0.00%,NO,&nbsp,275,AD 49,2025-11-04_22:12:01.642387
ED   36,0.00%,YES,&nbsp,128,AD 49,2025-11-04_22:12:01.642387
ED   36,0.00%,NO,&nbsp,294,AD 49,2025-11-04_22:12:01.642387
ED   37,0.00%,YES,&nbsp,153,AD 49,2025-11-04_22:12:01.642387
ED   37,0.00%,NO,&nbsp,302,AD 49,2025-11-04_22:12:01.642387
ED   38,0.00%,YES,&nbsp,133,AD 49,2025-11-04_22:12:01.642387
ED   38,0.00%,NO,&nbsp,96,AD 49,2025-11-04_22:12:01.642387
ED   39,0.00%,YES,&nbsp,215,AD 49,2025-11-04_22:12:01.642387
ED   39,0.00%,NO,&nbsp,259,AD 49,2025-11-04_22:12:01.642387
ED   40,0.00%,YES,&nbsp,134,AD 49,2025-11-04_22:12:01.642387
ED   40,0.00%,NO,&nbsp,252,AD 49,2025-11-04_22:12:01.642387
ED   41,0.00%,YES,&nbsp,236,AD 49,2025-11-04_22:12:01.642387
ED   41,0.00%,NO,&nbsp,360,AD 49,2025-11-04_22:12:01.642387
ED   42,0.00%,YES,&nbsp,128,AD 49,2025-11-04_22:12:01.642387
ED   42,0.00%,NO,&nbsp,161,AD 49,2025-11-04_22:12:01.642387
ED   43,0.00%,YES,&nbsp,150,AD 49,2025-11-04_22:12:01.642387
ED   43,0.00%,NO,&nbsp,159,AD 49,2025-11-04_22:12:01.642387
ED   44,0.00%,YES,&nbsp,59,AD 49,2025-11-04_22:12:01.642387
ED   44,0.00%,NO,&nbsp,61,AD 49,2025-11-04_22:12:01.642387
ED   45,0.00%,YES,&nbsp,69,AD 49,2025-11-04_22:12:01.642387
ED   45,0.00%,NO,&nbsp,57,AD 49,2025-11-04_22:12:01.642387
ED   46,0.00%,YES,&nbsp,-,AD 49,2025-11-04_22:12:01.642387
ED   46,0.00%,NO,&nbsp,-,AD 49,2025-11-04_22:12:01.642387
ED   47,0.00%,YES,&nbsp,124,AD 49,2025-11-04_22:12:01.642387
ED   47,0.00%,NO,&nbsp,115,AD 49,2025-11-04_22:12:01.642387
ED   48,0.00%,YES,&nbsp,21,AD 49,2025-11-04_22:12:01.642387
ED   48,0.00%,NO,&nbsp,51,AD 49,2025-11-04_22:12:01.642387
ED   49,0.00%,YES,&nbsp,51,AD 49,2025-11-04_22:12:01.642387
ED   49,0.00%,NO,&nbsp,36,AD 49,2025-11-04_22:12:01.642387
ED   50,0.00%,YES,&nbsp,35,AD 49,2025-11-04_22:12:01.642387
ED   50,0.00%,NO,&nbsp,42,AD 49,2025-11-04_22:12:01.642387
ED   51,0.00%,YES,&nbsp,37,AD 49,2025-11-04_22:12:01.642387
ED   51,0.00%,NO,&nbsp,50,AD 49,2025-11-04_22:12:01.642387
ED   52,0.00%,YES,&nbsp,61,AD 49,2025-11-04_22:12:01.642387
ED   52,0.00%,NO,&nbsp,52,AD 49,2025-11-04_22:12:01.642387
ED   53,0.00%,YES,&nbsp,-,AD 49,2025-11-04_22:12:01.642387
ED   53,0.00%,NO,&nbsp,-,AD 49,2025-11-04_22:12:01.642387
ED   54,0.00%,YES,&nbsp,-,AD 49,2025-11-04_22:12:01.642387
ED   54,0.00%,NO,&nbsp,-,AD 49,2025-11-04_22:12:01.642387
ED   55,0.00%,YES,&nbsp,-,AD 49,2025-11-04_22:12:01.642387
ED   55,0.00%,NO,&nbsp,-,AD 49,2025-11-04_22:12:01.642387
Total,,YES,&nbsp,5320,AD 49,2025-11-04_22:12:01.642387
Total,,NO,&nbsp,6082,AD 49,2025-11-04_22:12:01.642387
ED    1,0.00%,YES,&nbsp,708,AD 50,2025-11-04_22:12:01.642387
ED    1,0.00%,NO,&nbsp,313,AD 50,2025-11-04_22:12:01.642387
ED    2,0.00%,YES,&nbsp,491,AD 50,2025-11-04_22:12:01.642387
ED    2,0.00%,NO,&nbsp,279,AD 50,2025-11-04_22:12:01.642387
ED    3,0.00%,YES,&nbsp,514,AD 50,2025-11-04_22:12:01.642387
ED    3,0.00%,NO,&nbsp,290,AD 50,2025-11-04_22:12:01.642387
ED    4,0.00%,YES,&nbsp,420,AD 50,2025-11-04_22:12:01.642387
ED    4,0.00%,NO,&nbsp,246,AD 50,2025-11-04_22:12:01.642387
ED    5,0.00%,YES,&nbsp,425,AD 50,2025-11-04_22:12:01.642387
ED    5,0.00%,NO,&nbsp,231,AD 50,2025-11-04_22:12:01.642387
ED    6,0.00%,YES,&nbsp,307,AD 50,2025-11-04_22:12:01.642387
ED    6,0.00%,NO,&nbsp,212,AD 50,2025-11-04_22:12:01.642387
ED    7,0.00%,YES,&nbsp,348,AD 50,2025-11-04_22:12:01.642387
ED    7,0.00%,NO,&nbsp,189,AD 50,2025-11-04_22:12:01.642387
ED    8,0.00%,YES,&nbsp,614,AD 50,2025-11-04_22:12:01.642387
ED    8,0.00%,NO,&nbsp,350,AD 50,2025-11-04_22:12:01.642387
ED    9,0.00%,YES,&nbsp,282,AD 50,2025-11-04_22:12:01.642387
ED    9,0.00%,NO,&nbsp,118,AD 50,2025-11-04_22:12:01.642387
ED   10,0.00%,YES,&nbsp,239,AD 50,2025-11-04_22:12:01.642387
ED   10,0.00%,NO,&nbsp,133,AD 50,2025-11-04_22:12:01.642387
ED   11,0.00%,YES,&nbsp,361,AD 50,2025-11-04_22:12:01.642387
ED   11,0.00%,NO,&nbsp,196,AD 50,2025-11-04_22:12:01.642387
ED   12,0.00%,YES,&nbsp,332,AD 50,2025-11-04_22:12:01.642387
ED   12,0.00%,NO,&nbsp,146,AD 50,2025-11-04_22:12:01.642387
ED   13,0.00%,YES,&nbsp,459,AD 50,2025-11-04_22:12:01.642387
ED   13,0.00%,NO,&nbsp,187,AD 50,2025-11-04_22:12:01.642387
ED   14,0.00%,YES,&nbsp,512,AD 50,2025-11-04_22:12:01.642387
ED   14,0.00%,NO,&nbsp,261,AD 50,2025-11-04_22:12:01.642387
ED   15,0.00%,YES,&nbsp,395,AD 50,2025-11-04_22:12:01.642387
ED   15,0.00%,NO,&nbsp,227,AD 50,2025-11-04_22:12:01.642387
ED   16,0.00%,YES,&nbsp,441,AD 50,2025-11-04_22:12:01.642387
ED   16,0.00%,NO,&nbsp,303,AD 50,2025-11-04_22:12:01.642387
ED   17,0.00%,YES,&nbsp,498,AD 50,2025-11-04_22:12:01.642387
ED   17,0.00%,NO,&nbsp,356,AD 50,2025-11-04_22:12:01.642387
ED   18,0.00%,YES,&nbsp,388,AD 50,2025-11-04_22:12:01.642387
ED   18,0.00%,NO,&nbsp,292,AD 50,2025-11-04_22:12:01.642387
ED   19,0.00%,YES,&nbsp,460,AD 50,2025-11-04_22:12:01.642387
ED   19,0.00%,NO,&nbsp,326,AD 50,2025-11-04_22:12:01.642387
ED   20,0.00%,YES,&nbsp,485,AD 50,2025-11-04_22:12:01.642387
ED   20,0.00%,NO,&nbsp,329,AD 50,2025-11-04_22:12:01.642387
ED   21,0.00%,YES,&nbsp,450,AD 50,2025-11-04_22:12:01.642387
ED   21,0.00%,NO,&nbsp,295,AD 50,2025-11-04_22:12:01.642387
ED   22,0.00%,YES,&nbsp,548,AD 50,2025-11-04_22:12:01.642387
ED   22,0.00%,NO,&nbsp,230,AD 50,2025-11-04_22:12:01.642387
ED   23,0.00%,YES,&nbsp,524,AD 50,2025-11-04_22:12:01.642387
ED   23,0.00%,NO,&nbsp,210,AD 50,2025-11-04_22:12:01.642387
ED   24,0.00%,YES,&nbsp,363,AD 50,2025-11-04_22:12:01.642387
ED   24,0.00%,NO,&nbsp,157,AD 50,2025-11-04_22:12:01.642387
ED   25,0.00%,YES,&nbsp,399,AD 50,2025-11-04_22:12:01.642387
ED   25,0.00%,NO,&nbsp,181,AD 50,2025-11-04_22:12:01.642387
ED   26,0.00%,YES,&nbsp,602,AD 50,2025-11-04_22:12:01.642387
ED   26,0.00%,NO,&nbsp,280,AD 50,2025-11-04_22:12:01.642387
ED   27,0.00%,YES,&nbsp,461,AD 50,2025-11-04_22:12:01.642387
ED   27,0.00%,NO,&nbsp,182,AD 50,2025-11-04_22:12:01.642387
ED   28,0.00%,YES,&nbsp,227,AD 50,2025-11-04_22:12:01.642387
ED   28,0.00%,NO,&nbsp,105,AD 50,2025-11-04_22:12:01.642387
ED   29,0.00%,YES,&nbsp,461,AD 50,2025-11-04_22:12:01.642387
ED   29,0.00%,NO,&nbsp,228,AD 50,2025-11-04_22:12:01.642387
ED   30,0.00%,YES,&nbsp,434,AD 50,2025-11-04_22:12:01.642387
ED   30,0.00%,NO,&nbsp,190,AD 50,2025-11-04_22:12:01.642387
ED   31,0.00%,YES,&nbsp,355,AD 50,2025-11-04_22:12:01.642387
ED   31,0.00%,NO,&nbsp,112,AD 50,2025-11-04_22:12:01.642387
ED   32,0.00%,YES,&nbsp,257,AD 50,2025-11-04_22:12:01.642387
ED   32,0.00%,NO,&nbsp,157,AD 50,2025-11-04_22:12:01.642387
ED   33,0.00%,YES,&nbsp,289,AD 50,2025-11-04_22:12:01.642387
ED   33,0.00%,NO,&nbsp,201,AD 50,2025-11-04_22:12:01.642387
ED   34,0.00%,YES,&nbsp,317,AD 50,2025-11-04_22:12:01.642387
ED   34,0.00%,NO,&nbsp,180,AD 50,2025-11-04_22:12:01.642387
ED   35,0.00%,YES,&nbsp,167,AD 50,2025-11-04_22:12:01.642387
ED   35,0.00%,NO,&nbsp,79,AD 50,2025-11-04_22:12:01.642387
ED   36,0.00%,YES,&nbsp,94,AD 50,2025-11-04_22:12:01.642387
ED   36,0.00%,NO,&nbsp,38,AD 50,2025-11-04_22:12:01.642387
ED   37,0.00%,YES,&nbsp,146,AD 50,2025-11-04_22:12:01.642387
ED   37,0.00%,NO,&nbsp,90,AD 50,2025-11-04_22:12:01.642387
ED   38,0.00%,YES,&nbsp,167,AD 50,2025-11-04_22:12:01.642387
ED   38,0.00%,NO,&nbsp,73,AD 50,2025-11-04_22:12:01.642387
ED   39,0.00%,YES,&nbsp,83,AD 50,2025-11-04_22:12:01.642387
ED   39,0.00%,NO,&nbsp,58,AD 50,2025-11-04_22:12:01.642387
ED   40,0.00%,YES,&nbsp,88,AD 50,2025-11-04_22:12:01.642387
ED   40,0.00%,NO,&nbsp,52,AD 50,2025-11-04_22:12:01.642387
ED   41,0.00%,YES,&nbsp,157,AD 50,2025-11-04_22:12:01.642387
ED   41,0.00%,NO,&nbsp,82,AD 50,2025-11-04_22:12:01.642387
ED   42,0.00%,YES,&nbsp,99,AD 50,2025-11-04_22:12:01.642387
ED   42,0.00%,NO,&nbsp,92,AD 50,2025-11-04_22:12:01.642387
ED   43,0.00%,YES,&nbsp,110,AD 50,2025-11-04_22:12:01.642387
ED   43,0.00%,NO,&nbsp,70,AD 50,2025-11-04_22:12:01.642387
ED   44,0.00%,YES,&nbsp,170,AD 50,2025-11-04_22:12:01.642387
ED   44,0.00%,NO,&nbsp,142,AD 50,2025-11-04_22:12:01.642387
ED   45,0.00%,YES,&nbsp,109,AD 50,2025-11-04_22:12:01.642387
ED   45,0.00%,NO,&nbsp,107,AD 50,2025-11-04_22:12:01.642387
ED   46,0.00%,YES,&nbsp,140,AD 50,2025-11-04_22:12:01.642387
ED   46,0.00%,NO,&nbsp,115,AD 50,2025-11-04_22:12:01.642387
ED   47,0.00%,YES,&nbsp,103,AD 50,2025-11-04_22:12:01.642387
ED   47,0.00%,NO,&nbsp,90,AD 50,2025-11-04_22:12:01.642387
ED   48,0.00%,YES,&nbsp,102,AD 50,2025-11-04_22:12:01.642387
ED   48,0.00%,NO,&nbsp,90,AD 50,2025-11-04_22:12:01.642387
ED   49,0.00%,YES,&nbsp,74,AD 50,2025-11-04_22:12:01.642387
ED   49,0.00%,NO,&nbsp,65,AD 50,2025-11-04_22:12:01.642387
ED   50,0.00%,YES,&nbsp,354,AD 50,2025-11-04_22:12:01.642387
ED   50,0.00%,NO,&nbsp,116,AD 50,2025-11-04_22:12:01.642387
ED   51,0.00%,YES,&nbsp,351,AD 50,2025-11-04_22:12:01.642387
ED   51,0.00%,NO,&nbsp,167,AD 50,2025-11-04_22:12:01.642387
ED   52,0.00%,YES,&nbsp,471,AD 50,2025-11-04_22:12:01.642387
ED   52,0.00%,NO,&nbsp,205,AD 50,2025-11-04_22:12:01.642387
ED   53,0.00%,YES,&nbsp,509,AD 50,2025-11-04_22:12:01.642387
ED   53,0.00%,NO,&nbsp,163,AD 50,2025-11-04_22:12:01.642387
ED   54,0.00%,YES,&nbsp,288,AD 50,2025-11-04_22:12:01.642387
ED   54,0.00%,NO,&nbsp,98,AD 50,2025-11-04_22:12:01.642387
ED   55,0.00%,YES,&nbsp,158,AD 50,2025-11-04_22:12:01.642387
ED   55,0.00%,NO,&nbsp,52,AD 50,2025-11-04_22:12:01.642387
ED   56,0.00%,YES,&nbsp,585,AD 50,2025-11-04_22:12:01.642387
ED   56,0.00%,NO,&nbsp,288,AD 50,2025-11-04_22:12:01.642387
ED   57,0.00%,YES,&nbsp,642,AD 50,2025-11-04_22:12:01.642387
ED   57,0.00%,NO,&nbsp,316,AD 50,2025-11-04_22:12:01.642387
ED   58,0.00%,YES,&nbsp,549,AD 50,2025-11-04_22:12:01.642387
ED   58,0.00%,NO,&nbsp,268,AD 50,2025-11-04_22:12:01.642387
ED   59,0.00%,YES,&nbsp,557,AD 50,2025-11-04_22:12:01.642387
ED   59,0.00%,NO,&nbsp,295,AD 50,2025-11-04_22:12:01.642387
ED   60,0.00%,YES,&nbsp,437,AD 50,2025-11-04_22:12:01.642387
ED   60,0.00%,NO,&nbsp,262,AD 50,2025-11-04_22:12:01.642387
ED   61,0.00%,YES,&nbsp,584,AD 50,2025-11-04_22:12:01.642387
ED   61,0.00%,NO,&nbsp,279,AD 50,2025-11-04_22:12:01.642387
ED   62,0.00%,YES,&nbsp,440,AD 50,2025-11-04_22:12:01.642387
ED   62,0.00%,NO,&nbsp,235,AD 50,2025-11-04_22:12:01.642387
ED   63,0.00%,YES,&nbsp,433,AD 50,2025-11-04_22:12:01.642387
ED   63,0.00%,NO,&nbsp,215,AD 50,2025-11-04_22:12:01.642387
ED   64,0.00%,YES,&nbsp,6,AD 50,2025-11-04_22:12:01.642387
ED   64,0.00%,NO,&nbsp,-,AD 50,2025-11-04_22:12:01.642387
ED   65,0.00%,YES,&nbsp,263,AD 50,2025-11-04_22:12:01.642387
ED   65,0.00%,NO,&nbsp,114,AD 50,2025-11-04_22:12:01.642387
ED   66,0.00%,YES,&nbsp,439,AD 50,2025-11-04_22:12:01.642387
ED   66,0.00%,NO,&nbsp,172,AD 50,2025-11-04_22:12:01.642387
ED   67,0.00%,YES,&nbsp,-,AD 50,2025-11-04_22:12:01.642387
ED   67,0.00%,NO,&nbsp,-,AD 50,2025-11-04_22:12:01.642387
ED   68,0.00%,YES,&nbsp,-,AD 50,2025-11-04_22:12:01.642387
ED   68,0.00%,NO,&nbsp,-,AD 50,2025-11-04_22:12:01.642387
Total,,YES,&nbsp,23241,AD 50,2025-11-04_22:12:01.642387
Total,,NO,&nbsp,12180,AD 50,2025-11-04_22:12:01.642387
ED    1,0.00%,YES,&nbsp,153,AD 51,2025-11-04_22:12:01.642387
ED    1,0.00%,NO,&nbsp,140,AD 51,2025-11-04_22:12:01.642387
ED    2,0.00%,YES,&nbsp,165,AD 51,2025-11-04_22:12:01.642387
ED    2,0.00%,NO,&nbsp,111,AD 51,2025-11-04_22:12:01.642387
ED    3,0.00%,YES,&nbsp,130,AD 51,2025-11-04_22:12:01.642387
ED    3,0.00%,NO,&nbsp,102,AD 51,2025-11-04_22:12:01.642387
ED    4,0.00%,YES,&nbsp,112,AD 51,2025-11-04_22:12:01.642387
ED    4,0.00%,NO,&nbsp,121,AD 51,2025-11-04_22:12:01.642387
ED    5,0.00%,YES,&nbsp,128,AD 51,2025-11-04_22:12:01.642387
ED    5,0.00%,NO,&nbsp,82,AD 51,2025-11-04_22:12:01.642387
ED    6,0.00%,YES,&nbsp,221,AD 51,2025-11-04_22:12:01.642387
ED    6,0.00%,NO,&nbsp,119,AD 51,2025-11-04_22:12:01.642387
ED    7,0.00%,YES,&nbsp,217,AD 51,2025-11-04_22:12:01.642387
ED    7,0.00%,NO,&nbsp,162,AD 51,2025-11-04_22:12:01.642387
ED    8,0.00%,YES,&nbsp,225,AD 51,2025-11-04_22:12:01.642387
ED    8,0.00%,NO,&nbsp,150,AD 51,2025-11-04_22:12:01.642387
ED    9,0.00%,YES,&nbsp,228,AD 51,2025-11-04_22:12:01.642387
ED    9,0.00%,NO,&nbsp,136,AD 51,2025-11-04_22:12:01.642387
ED   10,0.00%,YES,&nbsp,125,AD 51,2025-11-04_22:12:01.642387
ED   10,0.00%,NO,&nbsp,105,AD 51,2025-11-04_22:12:01.642387
ED   11,0.00%,YES,&nbsp,248,AD 51,2025-11-04_22:12:01.642387
ED   11,0.00%,NO,&nbsp,111,AD 51,2025-11-04_22:12:01.642387
ED   12,0.00%,YES,&nbsp,145,AD 51,2025-11-04_22:12:01.642387
ED   12,0.00%,NO,&nbsp,90,AD 51,2025-11-04_22:12:01.642387
ED   13,0.00%,YES,&nbsp,251,AD 51,2025-11-04_22:12:01.642387
ED   13,0.00%,NO,&nbsp,141,AD 51,2025-11-04_22:12:01.642387
ED   14,0.00%,YES,&nbsp,252,AD 51,2025-11-04_22:12:01.642387
ED   14,0.00%,NO,&nbsp,117,AD 51,2025-11-04_22:12:01.642387
ED   15,0.00%,YES,&nbsp,217,AD 51,2025-11-04_22:12:01.642387
ED   15,0.00%,NO,&nbsp,138,AD 51,2025-11-04_22:12:01.642387
ED   16,0.00%,YES,&nbsp,236,AD 51,2025-11-04_22:12:01.642387
ED   16,0.00%,NO,&nbsp,170,AD 51,2025-11-04_22:12:01.642387
ED   17,0.00%,YES,&nbsp,216,AD 51,2025-11-04_22:12:01.642387
ED   17,0.00%,NO,&nbsp,148,AD 51,2025-11-04_22:12:01.642387
ED   18,0.00%,YES,&nbsp,371,AD 51,2025-11-04_22:12:01.642387
ED   18,0.00%,NO,&nbsp,217,AD 51,2025-11-04_22:12:01.642387
ED   19,0.00%,YES,&nbsp,291,AD 51,2025-11-04_22:12:01.642387
ED   19,0.00%,NO,&nbsp,173,AD 51,2025-11-04_22:12:01.642387
ED   20,0.00%,YES,&nbsp,249,AD 51,2025-11-04_22:12:01.642387
ED   20,0.00%,NO,&nbsp,162,AD 51,2025-11-04_22:12:01.642387
ED   21,0.00%,YES,&nbsp,486,AD 51,2025-11-04_22:12:01.642387
ED   21,0.00%,NO,&nbsp,308,AD 51,2025-11-04_22:12:01.642387
ED   22,0.00%,YES,&nbsp,519,AD 51,2025-11-04_22:12:01.642387
ED   22,0.00%,NO,&nbsp,303,AD 51,2025-11-04_22:12:01.642387
ED   23,0.00%,YES,&nbsp,329,AD 51,2025-11-04_22:12:01.642387
ED   23,0.00%,NO,&nbsp,190,AD 51,2025-11-04_22:12:01.642387
ED   24,0.00%,YES,&nbsp,466,AD 51,2025-11-04_22:12:01.642387
ED   24,0.00%,NO,&nbsp,271,AD 51,2025-11-04_22:12:01.642387
ED   25,0.00%,YES,&nbsp,275,AD 51,2025-11-04_22:12:01.642387
ED   25,0.00%,NO,&nbsp,158,AD 51,2025-11-04_22:12:01.642387
ED   26,0.00%,YES,&nbsp,487,AD 51,2025-11-04_22:12:01.642387
ED   26,0.00%,NO,&nbsp,223,AD 51,2025-11-04_22:12:01.642387
ED   27,0.00%,YES,&nbsp,137,AD 51,2025-11-04_22:12:01.642387
ED   27,0.00%,NO,&nbsp,78,AD 51,2025-11-04_22:12:01.642387
ED   28,0.00%,YES,&nbsp,661,AD 51,2025-11-04_22:12:01.642387
ED   28,0.00%,NO,&nbsp,343,AD 51,2025-11-04_22:12:01.642387
ED   29,0.00%,YES,&nbsp,215,AD 51,2025-11-04_22:12:01.642387
ED   29,0.00%,NO,&nbsp,190,AD 51,2025-11-04_22:12:01.642387
ED   30,0.00%,YES,&nbsp,138,AD 51,2025-11-04_22:12:01.642387
ED   30,0.00%,NO,&nbsp,57,AD 51,2025-11-04_22:12:01.642387
ED   31,0.00%,YES,&nbsp,65,AD 51,2025-11-04_22:12:01.642387
ED   31,0.00%,NO,&nbsp,54,AD 51,2025-11-04_22:12:01.642387
ED   32,0.00%,YES,&nbsp,68,AD 51,2025-11-04_22:12:01.642387
ED   32,0.00%,NO,&nbsp,72,AD 51,2025-11-04_22:12:01.642387
ED   33,0.00%,YES,&nbsp,337,AD 51,2025-11-04_22:12:01.642387
ED   33,0.00%,NO,&nbsp,234,AD 51,2025-11-04_22:12:01.642387
ED   34,0.00%,YES,&nbsp,212,AD 51,2025-11-04_22:12:01.642387
ED   34,0.00%,NO,&nbsp,87,AD 51,2025-11-04_22:12:01.642387
ED   35,0.00%,YES,&nbsp,172,AD 51,2025-11-04_22:12:01.642387
ED   35,0.00%,NO,&nbsp,73,AD 51,2025-11-04_22:12:01.642387
ED   36,0.00%,YES,&nbsp,251,AD 51,2025-11-04_22:12:01.642387
ED   36,0.00%,NO,&nbsp,121,AD 51,2025-11-04_22:12:01.642387
ED   37,0.00%,YES,&nbsp,132,AD 51,2025-11-04_22:12:01.642387
ED   37,0.00%,NO,&nbsp,43,AD 51,2025-11-04_22:12:01.642387
ED   38,0.00%,YES,&nbsp,168,AD 51,2025-11-04_22:12:01.642387
ED   38,0.00%,NO,&nbsp,49,AD 51,2025-11-04_22:12:01.642387
ED   39,0.00%,YES,&nbsp,56,AD 51,2025-11-04_22:12:01.642387
ED   39,0.00%,NO,&nbsp,32,AD 51,2025-11-04_22:12:01.642387
ED   40,0.00%,YES,&nbsp,419,AD 51,2025-11-04_22:12:01.642387
ED   40,0.00%,NO,&nbsp,238,AD 51,2025-11-04_22:12:01.642387
ED   41,0.00%,YES,&nbsp,375,AD 51,2025-11-04_22:12:01.642387
ED   41,0.00%,NO,&nbsp,204,AD 51,2025-11-04_22:12:01.642387
ED   42,0.00%,YES,&nbsp,542,AD 51,2025-11-04_22:12:01.642387
ED   42,0.00%,NO,&nbsp,263,AD 51,2025-11-04_22:12:01.642387
ED   43,0.00%,YES,&nbsp,213,AD 51,2025-11-04_22:12:01.642387
ED   43,0.00%,NO,&nbsp,221,AD 51,2025-11-04_22:12:01.642387
ED   44,0.00%,YES,&nbsp,430,AD 51,2025-11-04_22:12:01.642387
ED   44,0.00%,NO,&nbsp,253,AD 51,2025-11-04_22:12:01.642387
ED   45,0.00%,YES,&nbsp,291,AD 51,2025-11-04_22:12:01.642387
ED   45,0.00%,NO,&nbsp,182,AD 51,2025-11-04_22:12:01.642387
ED   46,0.00%,YES,&nbsp,185,AD 51,2025-11-04_22:12:01.642387
ED   46,0.00%,NO,&nbsp,127,AD 51,2025-11-04_22:12:01.642387
ED   47,0.00%,YES,&nbsp,240,AD 51,2025-11-04_22:12:01.642387
ED   47,0.00%,NO,&nbsp,137,AD 51,2025-11-04_22:12:01.642387
ED   48,0.00%,YES,&nbsp,101,AD 51,2025-11-04_22:12:01.642387
ED   48,0.00%,NO,&nbsp,62,AD 51,2025-11-04_22:12:01.642387
ED   49,0.00%,YES,&nbsp,123,AD 51,2025-11-04_22:12:01.642387
ED   49,0.00%,NO,&nbsp,52,AD 51,2025-11-04_22:12:01.642387
ED   50,0.00%,YES,&nbsp,84,AD 51,2025-11-04_22:12:01.642387
ED   50,0.00%,NO,&nbsp,109,AD 51,2025-11-04_22:12:01.642387
ED   51,0.00%,YES,&nbsp,100,AD 51,2025-11-04_22:12:01.642387
ED   51,0.00%,NO,&nbsp,122,AD 51,2025-11-04_22:12:01.642387
ED   52,0.00%,YES,&nbsp,221,AD 51,2025-11-04_22:12:01.642387
ED   52,0.00%,NO,&nbsp,169,AD 51,2025-11-04_22:12:01.642387
ED   53,0.00%,YES,&nbsp,150,AD 51,2025-11-04_22:12:01.642387
ED   53,0.00%,NO,&nbsp,190,AD 51,2025-11-04_22:12:01.642387
ED   54,0.00%,YES,&nbsp,-,AD 51,2025-11-04_22:12:01.642387
ED   54,0.00%,NO,&nbsp,-,AD 51,2025-11-04_22:12:01.642387
Total,,YES,&nbsp,12828,AD 51,2025-11-04_22:12:01.642387
Total,,NO,&nbsp,7910,AD 51,2025-11-04_22:12:01.642387
ED    1,0.00%,YES,&nbsp,57,AD 52,2025-11-04_22:12:01.642387
ED    1,0.00%,NO,&nbsp,45,AD 52,2025-11-04_22:12:01.642387
ED    2,0.00%,YES,&nbsp,409,AD 52,2025-11-04_22:12:01.642387
ED    2,0.00%,NO,&nbsp,165,AD 52,2025-11-04_22:12:01.642387
ED    3,0.00%,YES,&nbsp,88,AD 52,2025-11-04_22:12:01.642387
ED    3,0.00%,NO,&nbsp,36,AD 52,2025-11-04_22:12:01.642387
ED    4,0.00%,YES,&nbsp,1,AD 52,2025-11-04_22:12:01.642387
ED    4,0.00%,NO,&nbsp,1,AD 52,2025-11-04_22:12:01.642387
ED    5,0.00%,YES,&nbsp,343,AD 52,2025-11-04_22:12:01.642387
ED    5,0.00%,NO,&nbsp,148,AD 52,2025-11-04_22:12:01.642387
ED    6,0.00%,YES,&nbsp,562,AD 52,2025-11-04_22:12:01.642387
ED    6,0.00%,NO,&nbsp,265,AD 52,2025-11-04_22:12:01.642387
ED    7,0.00%,YES,&nbsp,461,AD 52,2025-11-04_22:12:01.642387
ED    7,0.00%,NO,&nbsp,194,AD 52,2025-11-04_22:12:01.642387
ED    8,0.00%,YES,&nbsp,386,AD 52,2025-11-04_22:12:01.642387
ED    8,0.00%,NO,&nbsp,210,AD 52,2025-11-04_22:12:01.642387
ED    9,0.00%,YES,&nbsp,393,AD 52,2025-11-04_22:12:01.642387
ED    9,0.00%,NO,&nbsp,262,AD 52,2025-11-04_22:12:01.642387
ED   10,0.00%,YES,&nbsp,545,AD 52,2025-11-04_22:12:01.642387
ED   10,0.00%,NO,&nbsp,325,AD 52,2025-11-04_22:12:01.642387
ED   11,0.00%,YES,&nbsp,558,AD 52,2025-11-04_22:12:01.642387
ED   11,0.00%,NO,&nbsp,215,AD 52,2025-11-04_22:12:01.642387
ED   12,0.00%,YES,&nbsp,466,AD 52,2025-11-04_22:12:01.642387
ED   12,0.00%,NO,&nbsp,230,AD 52,2025-11-04_22:12:01.642387
ED   13,0.00%,YES,&nbsp,45,AD 52,2025-11-04_22:12:01.642387
ED   13,0.00%,NO,&nbsp,25,AD 52,2025-11-04_22:12:01.642387
ED   14,0.00%,YES,&nbsp,376,AD 52,2025-11-04_22:12:01.642387
ED   14,0.00%,NO,&nbsp,284,AD 52,2025-11-04_22:12:01.642387
ED   15,0.00%,YES,&nbsp,373,AD 52,2025-11-04_22:12:01.642387
ED   15,0.00%,NO,&nbsp,254,AD 52,2025-11-04_22:12:01.642387
ED   16,0.00%,YES,&nbsp,611,AD 52,2025-11-04_22:12:01.642387
ED   16,0.00%,NO,&nbsp,350,AD 52,2025-11-04_22:12:01.642387
ED   17,0.00%,YES,&nbsp,558,AD 52,2025-11-04_22:12:01.642387
ED   17,0.00%,NO,&nbsp,275,AD 52,2025-11-04_22:12:01.642387
ED   18,0.00%,YES,&nbsp,499,AD 52,2025-11-04_22:12:01.642387
ED   18,0.00%,NO,&nbsp,299,AD 52,2025-11-04_22:12:01.642387
ED   19,0.00%,YES,&nbsp,341,AD 52,2025-11-04_22:12:01.642387
ED   19,0.00%,NO,&nbsp,134,AD 52,2025-11-04_22:12:01.642387
ED   20,0.00%,YES,&nbsp,504,AD 52,2025-11-04_22:12:01.642387
ED   20,0.00%,NO,&nbsp,273,AD 52,2025-11-04_22:12:01.642387
ED   21,0.00%,YES,&nbsp,660,AD 52,2025-11-04_22:12:01.642387
ED   21,0.00%,NO,&nbsp,270,AD 52,2025-11-04_22:12:01.642387
ED   22,0.00%,YES,&nbsp,599,AD 52,2025-11-04_22:12:01.642387
ED   22,0.00%,NO,&nbsp,326,AD 52,2025-11-04_22:12:01.642387
ED   23,0.00%,YES,&nbsp,511,AD 52,2025-11-04_22:12:01.642387
ED   23,0.00%,NO,&nbsp,225,AD 52,2025-11-04_22:12:01.642387
ED   24,0.00%,YES,&nbsp,537,AD 52,2025-11-04_22:12:01.642387
ED   24,0.00%,NO,&nbsp,297,AD 52,2025-11-04_22:12:01.642387
ED   25,0.00%,YES,&nbsp,607,AD 52,2025-11-04_22:12:01.642387
ED   25,0.00%,NO,&nbsp,292,AD 52,2025-11-04_22:12:01.642387
ED   26,0.00%,YES,&nbsp,495,AD 52,2025-11-04_22:12:01.642387
ED   26,0.00%,NO,&nbsp,190,AD 52,2025-11-04_22:12:01.642387
ED   27,0.00%,YES,&nbsp,183,AD 52,2025-11-04_22:12:01.642387
ED   27,0.00%,NO,&nbsp,70,AD 52,2025-11-04_22:12:01.642387
ED   28,0.00%,YES,&nbsp,423,AD 52,2025-11-04_22:12:01.642387
ED   28,0.00%,NO,&nbsp,163,AD 52,2025-11-04_22:12:01.642387
ED   29,0.00%,YES,&nbsp,593,AD 52,2025-11-04_22:12:01.642387
ED   29,0.00%,NO,&nbsp,182,AD 52,2025-11-04_22:12:01.642387
ED   30,0.00%,YES,&nbsp,489,AD 52,2025-11-04_22:12:01.642387
ED   30,0.00%,NO,&nbsp,180,AD 52,2025-11-04_22:12:01.642387
ED   31,0.00%,YES,&nbsp,326,AD 52,2025-11-04_22:12:01.642387
ED   31,0.00%,NO,&nbsp,240,AD 52,2025-11-04_22:12:01.642387
ED   32,0.00%,YES,&nbsp,426,AD 52,2025-11-04_22:12:01.642387
ED   32,0.00%,NO,&nbsp,246,AD 52,2025-11-04_22:12:01.642387
ED   33,0.00%,YES,&nbsp,178,AD 52,2025-11-04_22:12:01.642387
ED   33,0.00%,NO,&nbsp,85,AD 52,2025-11-04_22:12:01.642387
ED   34,0.00%,YES,&nbsp,327,AD 52,2025-11-04_22:12:01.642387
ED   34,0.00%,NO,&nbsp,226,AD 52,2025-11-04_22:12:01.642387
ED   35,0.00%,YES,&nbsp,311,AD 52,2025-11-04_22:12:01.642387
ED   35,0.00%,NO,&nbsp,197,AD 52,2025-11-04_22:12:01.642387
ED   36,0.00%,YES,&nbsp,548,AD 52,2025-11-04_22:12:01.642387
ED   36,0.00%,NO,&nbsp,236,AD 52,2025-11-04_22:12:01.642387
ED   37,0.00%,YES,&nbsp,415,AD 52,2025-11-04_22:12:01.642387
ED   37,0.00%,NO,&nbsp,188,AD 52,2025-11-04_22:12:01.642387
ED   38,0.00%,YES,&nbsp,241,AD 52,2025-11-04_22:12:01.642387
ED   38,0.00%,NO,&nbsp,98,AD 52,2025-11-04_22:12:01.642387
ED   39,0.00%,YES,&nbsp,516,AD 52,2025-11-04_22:12:01.642387
ED   39,0.00%,NO,&nbsp,220,AD 52,2025-11-04_22:12:01.642387
ED   40,0.00%,YES,&nbsp,495,AD 52,2025-11-04_22:12:01.642387
ED   40,0.00%,NO,&nbsp,217,AD 52,2025-11-04_22:12:01.642387
ED   41,0.00%,YES,&nbsp,448,AD 52,2025-11-04_22:12:01.642387
ED   41,0.00%,NO,&nbsp,228,AD 52,2025-11-04_22:12:01.642387
ED   42,0.00%,YES,&nbsp,660,AD 52,2025-11-04_22:12:01.642387
ED   42,0.00%,NO,&nbsp,240,AD 52,2025-11-04_22:12:01.642387
ED   43,0.00%,YES,&nbsp,118,AD 52,2025-11-04_22:12:01.642387
ED   43,0.00%,NO,&nbsp,82,AD 52,2025-11-04_22:12:01.642387
ED   44,0.00%,YES,&nbsp,143,AD 52,2025-11-04_22:12:01.642387
ED   44,0.00%,NO,&nbsp,67,AD 52,2025-11-04_22:12:01.642387
ED   45,0.00%,YES,&nbsp,467,AD 52,2025-11-04_22:12:01.642387
ED   45,0.00%,NO,&nbsp,220,AD 52,2025-11-04_22:12:01.642387
ED   46,0.00%,YES,&nbsp,453,AD 52,2025-11-04_22:12:01.642387
ED   46,0.00%,NO,&nbsp,254,AD 52,2025-11-04_22:12:01.642387
ED   47,0.00%,YES,&nbsp,517,AD 52,2025-11-04_22:12:01.642387
ED   47,0.00%,NO,&nbsp,244,AD 52,2025-11-04_22:12:01.642387
ED   48,0.00%,YES,&nbsp,159,AD 52,2025-11-04_22:12:01.642387
ED   48,0.00%,NO,&nbsp,118,AD 52,2025-11-04_22:12:01.642387
ED   49,0.00%,YES,&nbsp,505,AD 52,2025-11-04_22:12:01.642387
ED   49,0.00%,NO,&nbsp,319,AD 52,2025-11-04_22:12:01.642387
ED   50,0.00%,YES,&nbsp,501,AD 52,2025-11-04_22:12:01.642387
ED   50,0.00%,NO,&nbsp,376,AD 52,2025-11-04_22:12:01.642387
ED   51,0.00%,YES,&nbsp,83,AD 52,2025-11-04_22:12:01.642387
ED   51,0.00%,NO,&nbsp,35,AD 52,2025-11-04_22:12:01.642387
ED   52,0.00%,YES,&nbsp,187,AD 52,2025-11-04_22:12:01.642387
ED   52,0.00%,NO,&nbsp,114,AD 52,2025-11-04_22:12:01.642387
ED   53,0.00%,YES,&nbsp,324,AD 52,2025-11-04_22:12:01.642387
ED   53,0.00%,NO,&nbsp,133,AD 52,2025-11-04_22:12:01.642387
ED   54,0.00%,YES,&nbsp,457,AD 52,2025-11-04_22:12:01.642387
ED   54,0.00%,NO,&nbsp,235,AD 52,2025-11-04_22:12:01.642387
ED   55,0.00%,YES,&nbsp,169,AD 52,2025-11-04_22:12:01.642387
ED   55,0.00%,NO,&nbsp,58,AD 52,2025-11-04_22:12:01.642387
ED   56,0.00%,YES,&nbsp,129,AD 52,2025-11-04_22:12:01.642387
ED   56,0.00%,NO,&nbsp,55,AD 52,2025-11-04_22:12:01.642387
ED   57,0.00%,YES,&nbsp,406,AD 52,2025-11-04_22:12:01.642387
ED   57,0.00%,NO,&nbsp,157,AD 52,2025-11-04_22:12:01.642387
ED   58,0.00%,YES,&nbsp,229,AD 52,2025-11-04_22:12:01.642387
ED   58,0.00%,NO,&nbsp,93,AD 52,2025-11-04_22:12:01.642387
ED   59,0.00%,YES,&nbsp,319,AD 52,2025-11-04_22:12:01.642387
ED   59,0.00%,NO,&nbsp,120,AD 52,2025-11-04_22:12:01.642387
ED   60,0.00%,YES,&nbsp,493,AD 52,2025-11-04_22:12:01.642387
ED   60,0.00%,NO,&nbsp,181,AD 52,2025-11-04_22:12:01.642387
ED   61,0.00%,YES,&nbsp,548,AD 52,2025-11-04_22:12:01.642387
ED   61,0.00%,NO,&nbsp,282,AD 52,2025-11-04_22:12:01.642387
ED   62,0.00%,YES,&nbsp,516,AD 52,2025-11-04_22:12:01.642387
ED   62,0.00%,NO,&nbsp,233,AD 52,2025-11-04_22:12:01.642387
ED   63,0.00%,YES,&nbsp,500,AD 52,2025-11-04_22:12:01.642387
ED   63,0.00%,NO,&nbsp,271,AD 52,2025-11-04_22:12:01.642387
ED   64,0.00%,YES,&nbsp,420,AD 52,2025-11-04_22:12:01.642387
ED   64,0.00%,NO,&nbsp,182,AD 52,2025-11-04_22:12:01.642387
ED   65,0.00%,YES,&nbsp,517,AD 52,2025-11-04_22:12:01.642387
ED   65,0.00%,NO,&nbsp,225,AD 52,2025-11-04_22:12:01.642387
ED   66,0.00%,YES,&nbsp,533,AD 52,2025-11-04_22:12:01.642387
ED   66,0.00%,NO,&nbsp,249,AD 52,2025-11-04_22:12:01.642387
ED   67,0.00%,YES,&nbsp,494,AD 52,2025-11-04_22:12:01.642387
ED   67,0.00%,NO,&nbsp,239,AD 52,2025-11-04_22:12:01.642387
ED   68,0.00%,YES,&nbsp,526,AD 52,2025-11-04_22:12:01.642387
ED   68,0.00%,NO,&nbsp,251,AD 52,2025-11-04_22:12:01.642387
ED   69,0.00%,YES,&nbsp,631,AD 52,2025-11-04_22:12:01.642387
ED   69,0.00%,NO,&nbsp,265,AD 52,2025-11-04_22:12:01.642387
ED   70,0.00%,YES,&nbsp,140,AD 52,2025-11-04_22:12:01.642387
ED   70,0.00%,NO,&nbsp,62,AD 52,2025-11-04_22:12:01.642387
ED   71,0.00%,YES,&nbsp,447,AD 52,2025-11-04_22:12:01.642387
ED   71,0.00%,NO,&nbsp,210,AD 52,2025-11-04_22:12:01.642387
ED   72,0.00%,YES,&nbsp,266,AD 52,2025-11-04_22:12:01.642387
ED   72,0.00%,NO,&nbsp,104,AD 52,2025-11-04_22:12:01.642387
ED   73,0.00%,YES,&nbsp,543,AD 52,2025-11-04_22:12:01.642387
ED   73,0.00%,NO,&nbsp,234,AD 52,2025-11-04_22:12:01.642387
ED   74,0.00%,YES,&nbsp,53,AD 52,2025-11-04_22:12:01.642387
ED   74,0.00%,NO,&nbsp,21,AD 52,2025-11-04_22:12:01.642387
ED   75,0.00%,YES,&nbsp,432,AD 52,2025-11-04_22:12:01.642387
ED   75,0.00%,NO,&nbsp,183,AD 52,2025-11-04_22:12:01.642387
ED   76,0.00%,YES,&nbsp,378,AD 52,2025-11-04_22:12:01.642387
ED   76,0.00%,NO,&nbsp,175,AD 52,2025-11-04_22:12:01.642387
ED   77,0.00%,YES,&nbsp,543,AD 52,2025-11-04_22:12:01.642387
ED   77,0.00%,NO,&nbsp,293,AD 52,2025-11-04_22:12:01.642387
ED   78,0.00%,YES,&nbsp,180,AD 52,2025-11-04_22:12:01.642387
ED   78,0.00%,NO,&nbsp,116,AD 52,2025-11-04_22:12:01.642387
ED   79,0.00%,YES,&nbsp,536,AD 52,2025-11-04_22:12:01.642387
ED   79,0.00%,NO,&nbsp,249,AD 52,2025-11-04_22:12:01.642387
ED   80,0.00%,YES,&nbsp,569,AD 52,2025-11-04_22:12:01.642387
ED   80,0.00%,NO,&nbsp,299,AD 52,2025-11-04_22:12:01.642387
ED   81,0.00%,YES,&nbsp,621,AD 52,2025-11-04_22:12:01.642387
ED   81,0.00%,NO,&nbsp,271,AD 52,2025-11-04_22:12:01.642387
ED   82,0.00%,YES,&nbsp,586,AD 52,2025-11-04_22:12:01.642387
ED   82,0.00%,NO,&nbsp,303,AD 52,2025-11-04_22:12:01.642387
ED   83,0.00%,YES,&nbsp,611,AD 52,2025-11-04_22:12:01.642387
ED   83,0.00%,NO,&nbsp,313,AD 52,2025-11-04_22:12:01.642387
ED   84,0.00%,YES,&nbsp,698,AD 52,2025-11-04_22:12:01.642387
ED   84,0.00%,NO,&nbsp,357,AD 52,2025-11-04_22:12:01.642387
ED   85,0.00%,YES,&nbsp,635,AD 52,2025-11-04_22:12:01.642387
ED   85,0.00%,NO,&nbsp,253,AD 52,2025-11-04_22:12:01.642387
ED   86,0.00%,YES,&nbsp,350,AD 52,2025-11-04_22:12:01.642387
ED   86,0.00%,NO,&nbsp,198,AD 52,2025-11-04_22:12:01.642387
ED   87,0.00%,YES,&nbsp,-,AD 52,2025-11-04_22:12:01.642387
ED   87,0.00%,NO,&nbsp,1,AD 52,2025-11-04_22:12:01.642387
ED   88,0.00%,YES,&nbsp,331,AD 52,2025-11-04_22:12:01.642387
ED   88,0.00%,NO,&nbsp,234,AD 52,2025-11-04_22:12:01.642387
ED   89,0.00%,YES,&nbsp,273,AD 52,2025-11-04_22:12:01.642387
ED   89,0.00%,NO,&nbsp,95,AD 52,2025-11-04_22:12:01.642387
ED   90,0.00%,YES,&nbsp,2,AD 52,2025-11-04_22:12:01.642387
ED   90,0.00%,NO,&nbsp,2,AD 52,2025-11-04_22:12:01.642387
ED   91,0.00%,YES,&nbsp,-,AD 52,2025-11-04_22:12:01.642387
ED   91,0.00%,NO,&nbsp,-,AD 52,2025-11-04_22:12:01.642387
ED   92,0.00%,YES,&nbsp,-,AD 52,2025-11-04_22:12:01.642387
ED   92,0.00%,NO,&nbsp,-,AD 52,2025-11-04_22:12:01.642387
ED   93,0.00%,YES,&nbsp,-,AD 52,2025-11-04_22:12:01.642387
ED   93,0.00%,NO,&nbsp,-,AD 52,2025-11-04_22:12:01.642387
ED   94,0.00%,YES,&nbsp,-,AD 52,2025-11-04_22:12:01.642387
ED   94,0.00%,NO,&nbsp,-,AD 52,2025-11-04_22:12:01.642387
ED   95,0.00%,YES,&nbsp,-,AD 52,2025-11-04_22:12:01.642387
ED   95,0.00%,NO,&nbsp,-,AD 52,2025-11-04_22:12:01.642387
ED   96,0.00%,YES,&nbsp,-,AD 52,2025-11-04_22:12:01.642387
ED   96,0.00%,NO,&nbsp,-,AD 52,2025-11-04_22:12:01.642387
ED   97,0.00%,YES,&nbsp,-,AD 52,2025-11-04_22:12:01.642387
ED   97,0.00%,NO,&nbsp,-,AD 52,2025-11-04_22:12:01.642387
ED   98,0.00%,YES,&nbsp,-,AD 52,2025-11-04_22:12:01.642387
ED   98,0.00%,NO,&nbsp,-,AD 52,2025-11-04_22:12:01.642387
Total,,YES,&nbsp,36102,AD 52,2025-11-04_22:12:01.642387
Total,,NO,&nbsp,17637,AD 52,2025-11-04_22:12:01.642387
ED    1,0.00%,YES,&nbsp,381,AD 53,2025-11-04_22:12:01.642387
ED    1,0.00%,NO,&nbsp,225,AD 53,2025-11-04_22:12:01.642387
ED    2,0.00%,YES,&nbsp,439,AD 53,2025-11-04_22:12:01.642387
ED    2,0.00%,NO,&nbsp,210,AD 53,2025-11-04_22:12:01.642387
ED    3,0.00%,YES,&nbsp,312,AD 53,2025-11-04_22:12:01.642387
ED    3,0.00%,NO,&nbsp,183,AD 53,2025-11-04_22:12:01.642387
ED    4,0.00%,YES,&nbsp,182,AD 53,2025-11-04_22:12:01.642387
ED    4,0.00%,NO,&nbsp,115,AD 53,2025-11-04_22:12:01.642387
ED    5,0.00%,YES,&nbsp,205,AD 53,2025-11-04_22:12:01.642387
ED    5,0.00%,NO,&nbsp,106,AD 53,2025-11-04_22:12:01.642387
ED    6,0.00%,YES,&nbsp,210,AD 53,2025-11-04_22:12:01.642387
ED    6,0.00%,NO,&nbsp,65,AD 53,2025-11-04_22:12:01.642387
ED    7,0.00%,YES,&nbsp,198,AD 53,2025-11-04_22:12:01.642387
ED    7,0.00%,NO,&nbsp,110,AD 53,2025-11-04_22:12:01.642387
ED    8,0.00%,YES,&nbsp,235,AD 53,2025-11-04_22:12:01.642387
ED    8,0.00%,NO,&nbsp,131,AD 53,2025-11-04_22:12:01.642387
ED    9,0.00%,YES,&nbsp,350,AD 53,2025-11-04_22:12:01.642387
ED    9,0.00%,NO,&nbsp,167,AD 53,2025-11-04_22:12:01.642387
ED   10,0.00%,YES,&nbsp,409,AD 53,2025-11-04_22:12:01.642387
ED   10,0.00%,NO,&nbsp,213,AD 53,2025-11-04_22:12:01.642387
ED   11,0.00%,YES,&nbsp,142,AD 53,2025-11-04_22:12:01.642387
ED   11,0.00%,NO,&nbsp,71,AD 53,2025-11-04_22:12:01.642387
ED   12,0.00%,YES,&nbsp,107,AD 53,2025-11-04_22:12:01.642387
ED   12,0.00%,NO,&nbsp,85,AD 53,2025-11-04_22:12:01.642387
ED   13,0.00%,YES,&nbsp,472,AD 53,2025-11-04_22:12:01.642387
ED   13,0.00%,NO,&nbsp,245,AD 53,2025-11-04_22:12:01.642387
ED   14,0.00%,YES,&nbsp,413,AD 53,2025-11-04_22:12:01.642387
ED   14,0.00%,NO,&nbsp,263,AD 53,2025-11-04_22:12:01.642387
ED   15,0.00%,YES,&nbsp,352,AD 53,2025-11-04_22:12:01.642387
ED   15,0.00%,NO,&nbsp,189,AD 53,2025-11-04_22:12:01.642387
ED   16,0.00%,YES,&nbsp,398,AD 53,2025-11-04_22:12:01.642387
ED   16,0.00%,NO,&nbsp,198,AD 53,2025-11-04_22:12:01.642387
ED   17,0.00%,YES,&nbsp,342,AD 53,2025-11-04_22:12:01.642387
ED   17,0.00%,NO,&nbsp,175,AD 53,2025-11-04_22:12:01.642387
ED   18,0.00%,YES,&nbsp,463,AD 53,2025-11-04_22:12:01.642387
ED   18,0.00%,NO,&nbsp,226,AD 53,2025-11-04_22:12:01.642387
ED   19,0.00%,YES,&nbsp,446,AD 53,2025-11-04_22:12:01.642387
ED   19,0.00%,NO,&nbsp,237,AD 53,2025-11-04_22:12:01.642387
ED   20,0.00%,YES,&nbsp,600,AD 53,2025-11-04_22:12:01.642387
ED   20,0.00%,NO,&nbsp,272,AD 53,2025-11-04_22:12:01.642387
ED   21,0.00%,YES,&nbsp,453,AD 53,2025-11-04_22:12:01.642387
ED   21,0.00%,NO,&nbsp,215,AD 53,2025-11-04_22:12:01.642387
ED   22,0.00%,YES,&nbsp,459,AD 53,2025-11-04_22:12:01.642387
ED   22,0.00%,NO,&nbsp,241,AD 53,2025-11-04_22:12:01.642387
ED   23,0.00%,YES,&nbsp,388,AD 53,2025-11-04_22:12:01.642387
ED   23,0.00%,NO,&nbsp,152,AD 53,2025-11-04_22:12:01.642387
ED   24,0.00%,YES,&nbsp,410,AD 53,2025-11-04_22:12:01.642387
ED   24,0.00%,NO,&nbsp,245,AD 53,2025-11-04_22:12:01.642387
ED   25,0.00%,YES,&nbsp,414,AD 53,2025-11-04_22:12:01.642387
ED   25,0.00%,NO,&nbsp,202,AD 53,2025-11-04_22:12:01.642387
ED   26,0.00%,YES,&nbsp,455,AD 53,2025-11-04_22:12:01.642387
ED   26,0.00%,NO,&nbsp,182,AD 53,2025-11-04_22:12:01.642387
ED   27,0.00%,YES,&nbsp,455,AD 53,2025-11-04_22:12:01.642387
ED   27,0.00%,NO,&nbsp,216,AD 53,2025-11-04_22:12:01.642387
ED   28,0.00%,YES,&nbsp,409,AD 53,2025-11-04_22:12:01.642387
ED   28,0.00%,NO,&nbsp,202,AD 53,2025-11-04_22:12:01.642387
ED   29,0.00%,YES,&nbsp,381,AD 53,2025-11-04_22:12:01.642387
ED   29,0.00%,NO,&nbsp,239,AD 53,2025-11-04_22:12:01.642387
ED   30,0.00%,YES,&nbsp,260,AD 53,2025-11-04_22:12:01.642387
ED   30,0.00%,NO,&nbsp,164,AD 53,2025-11-04_22:12:01.642387
ED   31,0.00%,YES,&nbsp,326,AD 53,2025-11-04_22:12:01.642387
ED   31,0.00%,NO,&nbsp,183,AD 53,2025-11-04_22:12:01.642387
ED   32,0.00%,YES,&nbsp,325,AD 53,2025-11-04_22:12:01.642387
ED   32,0.00%,NO,&nbsp,124,AD 53,2025-11-04_22:12:01.642387
ED   33,0.00%,YES,&nbsp,184,AD 53,2025-11-04_22:12:01.642387
ED   33,0.00%,NO,&nbsp,39,AD 53,2025-11-04_22:12:01.642387
ED   34,0.00%,YES,&nbsp,129,AD 53,2025-11-04_22:12:01.642387
ED   34,0.00%,NO,&nbsp,25,AD 53,2025-11-04_22:12:01.642387
ED   35,0.00%,YES,&nbsp,248,AD 53,2025-11-04_22:12:01.642387
ED   35,0.00%,NO,&nbsp,80,AD 53,2025-11-04_22:12:01.642387
ED   36,0.00%,YES,&nbsp,376,AD 53,2025-11-04_22:12:01.642387
ED   36,0.00%,NO,&nbsp,147,AD 53,2025-11-04_22:12:01.642387
ED   37,0.00%,YES,&nbsp,276,AD 53,2025-11-04_22:12:01.642387
ED   37,0.00%,NO,&nbsp,149,AD 53,2025-11-04_22:12:01.642387
ED   38,0.00%,YES,&nbsp,266,AD 53,2025-11-04_22:12:01.642387
ED   38,0.00%,NO,&nbsp,101,AD 53,2025-11-04_22:12:01.642387
ED   39,0.00%,YES,&nbsp,248,AD 53,2025-11-04_22:12:01.642387
ED   39,0.00%,NO,&nbsp,110,AD 53,2025-11-04_22:12:01.642387
ED   40,0.00%,YES,&nbsp,299,AD 53,2025-11-04_22:12:01.642387
ED   40,0.00%,NO,&nbsp,101,AD 53,2025-11-04_22:12:01.642387
ED   41,0.00%,YES,&nbsp,434,AD 53,2025-11-04_22:12:01.642387
ED   41,0.00%,NO,&nbsp,197,AD 53,2025-11-04_22:12:01.642387
ED   42,0.00%,YES,&nbsp,172,AD 53,2025-11-04_22:12:01.642387
ED   42,0.00%,NO,&nbsp,39,AD 53,2025-11-04_22:12:01.642387
ED   43,0.00%,YES,&nbsp,265,AD 53,2025-11-04_22:12:01.642387
ED   43,0.00%,NO,&nbsp,106,AD 53,2025-11-04_22:12:01.642387
ED   44,0.00%,YES,&nbsp,340,AD 53,2025-11-04_22:12:01.642387
ED   44,0.00%,NO,&nbsp,126,AD 53,2025-11-04_22:12:01.642387
ED   45,0.00%,YES,&nbsp,268,AD 53,2025-11-04_22:12:01.642387
ED   45,0.00%,NO,&nbsp,126,AD 53,2025-11-04_22:12:01.642387
ED   46,0.00%,YES,&nbsp,344,AD 53,2025-11-04_22:12:01.642387
ED   46,0.00%,NO,&nbsp,146,AD 53,2025-11-04_22:12:01.642387
ED   47,0.00%,YES,&nbsp,380,AD 53,2025-11-04_22:12:01.642387
ED   47,0.00%,NO,&nbsp,107,AD 53,2025-11-04_22:12:01.642387
ED   48,0.00%,YES,&nbsp,344,AD 53,2025-11-04_22:12:01.642387
ED   48,0.00%,NO,&nbsp,117,AD 53,2025-11-04_22:12:01.642387
ED   49,0.00%,YES,&nbsp,356,AD 53,2025-11-04_22:12:01.642387
ED   49,0.00%,NO,&nbsp,165,AD 53,2025-11-04_22:12:01.642387
ED   50,0.00%,YES,&nbsp,383,AD 53,2025-11-04_22:12:01.642387
ED   50,0.00%,NO,&nbsp,151,AD 53,2025-11-04_22:12:01.642387
ED   51,0.00%,YES,&nbsp,287,AD 53,2025-11-04_22:12:01.642387
ED   51,0.00%,NO,&nbsp,85,AD 53,2025-11-04_22:12:01.642387
ED   52,0.00%,YES,&nbsp,356,AD 53,2025-11-04_22:12:01.642387
ED   52,0.00%,NO,&nbsp,124,AD 53,2025-11-04_22:12:01.642387
ED   53,0.00%,YES,&nbsp,430,AD 53,2025-11-04_22:12:01.642387
ED   53,0.00%,NO,&nbsp,176,AD 53,2025-11-04_22:12:01.642387
ED   54,0.00%,YES,&nbsp,444,AD 53,2025-11-04_22:12:01.642387
ED   54,0.00%,NO,&nbsp,140,AD 53,2025-11-04_22:12:01.642387
ED   55,0.00%,YES,&nbsp,396,AD 53,2025-11-04_22:12:01.642387
ED   55,0.00%,NO,&nbsp,128,AD 53,2025-11-04_22:12:01.642387
ED   56,0.00%,YES,&nbsp,437,AD 53,2025-11-04_22:12:01.642387
ED   56,0.00%,NO,&nbsp,165,AD 53,2025-11-04_22:12:01.642387
ED   57,0.00%,YES,&nbsp,150,AD 53,2025-11-04_22:12:01.642387
ED   57,0.00%,NO,&nbsp,33,AD 53,2025-11-04_22:12:01.642387
ED   58,0.00%,YES,&nbsp,103,AD 53,2025-11-04_22:12:01.642387
ED   58,0.00%,NO,&nbsp,68,AD 53,2025-11-04_22:12:01.642387
ED   59,0.00%,YES,&nbsp,263,AD 53,2025-11-04_22:12:01.642387
ED   59,0.00%,NO,&nbsp,76,AD 53,2025-11-04_22:12:01.642387
ED   60,0.00%,YES,&nbsp,262,AD 53,2025-11-04_22:12:01.642387
ED   60,0.00%,NO,&nbsp,137,AD 53,2025-11-04_22:12:01.642387
ED   61,0.00%,YES,&nbsp,555,AD 53,2025-11-04_22:12:01.642387
ED   61,0.00%,NO,&nbsp,269,AD 53,2025-11-04_22:12:01.642387
ED   62,0.00%,YES,&nbsp,295,AD 53,2025-11-04_22:12:01.642387
ED   62,0.00%,NO,&nbsp,91,AD 53,2025-11-04_22:12:01.642387
ED   63,0.00%,YES,&nbsp,189,AD 53,2025-11-04_22:12:01.642387
ED   63,0.00%,NO,&nbsp,99,AD 53,2025-11-04_22:12:01.642387
Total,,YES,&nbsp,20870,AD 53,2025-11-04_22:12:01.642387
Total,,NO,&nbsp,9474,AD 53,2025-11-04_22:12:01.642387
ED    1,0.00%,YES,&nbsp,44,AD 54,2025-11-04_22:12:01.642387
ED    1,0.00%,NO,&nbsp,22,AD 54,2025-11-04_22:12:01.642387
ED    2,0.00%,YES,&nbsp,194,AD 54,2025-11-04_22:12:01.642387
ED    2,0.00%,NO,&nbsp,47,AD 54,2025-11-04_22:12:01.642387
ED    3,0.00%,YES,&nbsp,69,AD 54,2025-11-04_22:12:01.642387
ED    3,0.00%,NO,&nbsp,30,AD 54,2025-11-04_22:12:01.642387
ED    4,0.00%,YES,&nbsp,255,AD 54,2025-11-04_22:12:01.642387
ED    4,0.00%,NO,&nbsp,66,AD 54,2025-11-04_22:12:01.642387
ED    5,0.00%,YES,&nbsp,118,AD 54,2025-11-04_22:12:01.642387
ED    5,0.00%,NO,&nbsp,33,AD 54,2025-11-04_22:12:01.642387
ED    6,0.00%,YES,&nbsp,95,AD 54,2025-11-04_22:12:01.642387
ED    6,0.00%,NO,&nbsp,41,AD 54,2025-11-04_22:12:01.642387
ED    7,0.00%,YES,&nbsp,183,AD 54,2025-11-04_22:12:01.642387
ED    7,0.00%,NO,&nbsp,64,AD 54,2025-11-04_22:12:01.642387
ED    8,0.00%,YES,&nbsp,125,AD 54,2025-11-04_22:12:01.642387
ED    8,0.00%,NO,&nbsp,51,AD 54,2025-11-04_22:12:01.642387
ED    9,0.00%,YES,&nbsp,126,AD 54,2025-11-04_22:12:01.642387
ED    9,0.00%,NO,&nbsp,42,AD 54,2025-11-04_22:12:01.642387
ED   10,0.00%,YES,&nbsp,143,AD 54,2025-11-04_22:12:01.642387
ED   10,0.00%,NO,&nbsp,54,AD 54,2025-11-04_22:12:01.642387
ED   11,0.00%,YES,&nbsp,161,AD 54,2025-11-04_22:12:01.642387
ED   11,0.00%,NO,&nbsp,53,AD 54,2025-11-04_22:12:01.642387
ED   12,0.00%,YES,&nbsp,138,AD 54,2025-11-04_22:12:01.642387
ED   12,0.00%,NO,&nbsp,60,AD 54,2025-11-04_22:12:01.642387
ED   13,0.00%,YES,&nbsp,115,AD 54,2025-11-04_22:12:01.642387
ED   13,0.00%,NO,&nbsp,37,AD 54,2025-11-04_22:12:01.642387
ED   14,0.00%,YES,&nbsp,143,AD 54,2025-11-04_22:12:01.642387
ED   14,0.00%,NO,&nbsp,44,AD 54,2025-11-04_22:12:01.642387
ED   15,0.00%,YES,&nbsp,125,AD 54,2025-11-04_22:12:01.642387
ED   15,0.00%,NO,&nbsp,41,AD 54,2025-11-04_22:12:01.642387
ED   16,0.00%,YES,&nbsp,65,AD 54,2025-11-04_22:12:01.642387
ED   16,0.00%,NO,&nbsp,41,AD 54,2025-11-04_22:12:01.642387
ED   17,0.00%,YES,&nbsp,129,AD 54,2025-11-04_22:12:01.642387
ED   17,0.00%,NO,&nbsp,47,AD 54,2025-11-04_22:12:01.642387
ED   18,0.00%,YES,&nbsp,195,AD 54,2025-11-04_22:12:01.642387
ED   18,0.00%,NO,&nbsp,76,AD 54,2025-11-04_22:12:01.642387
ED   19,0.00%,YES,&nbsp,139,AD 54,2025-11-04_22:12:01.642387
ED   19,0.00%,NO,&nbsp,46,AD 54,2025-11-04_22:12:01.642387
ED   20,0.00%,YES,&nbsp,85,AD 54,2025-11-04_22:12:01.642387
ED   20,0.00%,NO,&nbsp,39,AD 54,2025-11-04_22:12:01.642387
ED   21,0.00%,YES,&nbsp,115,AD 54,2025-11-04_22:12:01.642387
ED   21,0.00%,NO,&nbsp,39,AD 54,2025-11-04_22:12:01.642387
ED   22,0.00%,YES,&nbsp,135,AD 54,2025-11-04_22:12:01.642387
ED   22,0.00%,NO,&nbsp,47,AD 54,2025-11-04_22:12:01.642387
ED   23,0.00%,YES,&nbsp,193,AD 54,2025-11-04_22:12:01.642387
ED   23,0.00%,NO,&nbsp,77,AD 54,2025-11-04_22:12:01.642387
ED   24,0.00%,YES,&nbsp,150,AD 54,2025-11-04_22:12:01.642387
ED   24,0.00%,NO,&nbsp,60,AD 54,2025-11-04_22:12:01.642387
ED   25,0.00%,YES,&nbsp,169,AD 54,2025-11-04_22:12:01.642387
ED   25,0.00%,NO,&nbsp,48,AD 54,2025-11-04_22:12:01.642387
ED   26,0.00%,YES,&nbsp,109,AD 54,2025-11-04_22:12:01.642387
ED   26,0.00%,NO,&nbsp,55,AD 54,2025-11-04_22:12:01.642387
ED   27,0.00%,YES,&nbsp,145,AD 54,2025-11-04_22:12:01.642387
ED   27,0.00%,NO,&nbsp,77,AD 54,2025-11-04_22:12:01.642387
ED   28,0.00%,YES,&nbsp,139,AD 54,2025-11-04_22:12:01.642387
ED   28,0.00%,NO,&nbsp,72,AD 54,2025-11-04_22:12:01.642387
ED   29,0.00%,YES,&nbsp,196,AD 54,2025-11-04_22:12:01.642387
ED   29,0.00%,NO,&nbsp,74,AD 54,2025-11-04_22:12:01.642387
ED   30,0.00%,YES,&nbsp,161,AD 54,2025-11-04_22:12:01.642387
ED   30,0.00%,NO,&nbsp,70,AD 54,2025-11-04_22:12:01.642387
ED   31,0.00%,YES,&nbsp,246,AD 54,2025-11-04_22:12:01.642387
ED   31,0.00%,NO,&nbsp,98,AD 54,2025-11-04_22:12:01.642387
ED   32,0.00%,YES,&nbsp,150,AD 54,2025-11-04_22:12:01.642387
ED   32,0.00%,NO,&nbsp,77,AD 54,2025-11-04_22:12:01.642387
ED   33,0.00%,YES,&nbsp,196,AD 54,2025-11-04_22:12:01.642387
ED   33,0.00%,NO,&nbsp,81,AD 54,2025-11-04_22:12:01.642387
ED   34,0.00%,YES,&nbsp,186,AD 54,2025-11-04_22:12:01.642387
ED   34,0.00%,NO,&nbsp,63,AD 54,2025-11-04_22:12:01.642387
ED   35,0.00%,YES,&nbsp,267,AD 54,2025-11-04_22:12:01.642387
ED   35,0.00%,NO,&nbsp,117,AD 54,2025-11-04_22:12:01.642387
ED   36,0.00%,YES,&nbsp,291,AD 54,2025-11-04_22:12:01.642387
ED   36,0.00%,NO,&nbsp,108,AD 54,2025-11-04_22:12:01.642387
ED   37,0.00%,YES,&nbsp,256,AD 54,2025-11-04_22:12:01.642387
ED   37,0.00%,NO,&nbsp,121,AD 54,2025-11-04_22:12:01.642387
ED   38,0.00%,YES,&nbsp,429,AD 54,2025-11-04_22:12:01.642387
ED   38,0.00%,NO,&nbsp,182,AD 54,2025-11-04_22:12:01.642387
ED   39,0.00%,YES,&nbsp,417,AD 54,2025-11-04_22:12:01.642387
ED   39,0.00%,NO,&nbsp,205,AD 54,2025-11-04_22:12:01.642387
ED   40,0.00%,YES,&nbsp,389,AD 54,2025-11-04_22:12:01.642387
ED   40,0.00%,NO,&nbsp,186,AD 54,2025-11-04_22:12:01.642387
ED   41,0.00%,YES,&nbsp,349,AD 54,2025-11-04_22:12:01.642387
ED   41,0.00%,NO,&nbsp,196,AD 54,2025-11-04_22:12:01.642387
ED   42,0.00%,YES,&nbsp,304,AD 54,2025-11-04_22:12:01.642387
ED   42,0.00%,NO,&nbsp,115,AD 54,2025-11-04_22:12:01.642387
ED   43,0.00%,YES,&nbsp,371,AD 54,2025-11-04_22:12:01.642387
ED   43,0.00%,NO,&nbsp,165,AD 54,2025-11-04_22:12:01.642387
ED   44,0.00%,YES,&nbsp,358,AD 54,2025-11-04_22:12:01.642387
ED   44,0.00%,NO,&nbsp,161,AD 54,2025-11-04_22:12:01.642387
ED   45,0.00%,YES,&nbsp,374,AD 54,2025-11-04_22:12:01.642387
ED   45,0.00%,NO,&nbsp,184,AD 54,2025-11-04_22:12:01.642387
ED   46,0.00%,YES,&nbsp,269,AD 54,2025-11-04_22:12:01.642387
ED   46,0.00%,NO,&nbsp,152,AD 54,2025-11-04_22:12:01.642387
ED   47,0.00%,YES,&nbsp,331,AD 54,2025-11-04_22:12:01.642387
ED   47,0.00%,NO,&nbsp,196,AD 54,2025-11-04_22:12:01.642387
ED   48,0.00%,YES,&nbsp,310,AD 54,2025-11-04_22:12:01.642387
ED   48,0.00%,NO,&nbsp,152,AD 54,2025-11-04_22:12:01.642387
ED   49,0.00%,YES,&nbsp,296,AD 54,2025-11-04_22:12:01.642387
ED   49,0.00%,NO,&nbsp,171,AD 54,2025-11-04_22:12:01.642387
ED   50,0.00%,YES,&nbsp,335,AD 54,2025-11-04_22:12:01.642387
ED   50,0.00%,NO,&nbsp,154,AD 54,2025-11-04_22:12:01.642387
ED   51,0.00%,YES,&nbsp,374,AD 54,2025-11-04_22:12:01.642387
ED   51,0.00%,NO,&nbsp,135,AD 54,2025-11-04_22:12:01.642387
ED   52,0.00%,YES,&nbsp,232,AD 54,2025-11-04_22:12:01.642387
ED   52,0.00%,NO,&nbsp,107,AD 54,2025-11-04_22:12:01.642387
ED   53,0.00%,YES,&nbsp,261,AD 54,2025-11-04_22:12:01.642387
ED   53,0.00%,NO,&nbsp,122,AD 54,2025-11-04_22:12:01.642387
ED   54,0.00%,YES,&nbsp,291,AD 54,2025-11-04_22:12:01.642387
ED   54,0.00%,NO,&nbsp,153,AD 54,2025-11-04_22:12:01.642387
ED   55,0.00%,YES,&nbsp,200,AD 54,2025-11-04_22:12:01.642387
ED   55,0.00%,NO,&nbsp,147,AD 54,2025-11-04_22:12:01.642387
ED   56,0.00%,YES,&nbsp,303,AD 54,2025-11-04_22:12:01.642387
ED   56,0.00%,NO,&nbsp,151,AD 54,2025-11-04_22:12:01.642387
ED   57,0.00%,YES,&nbsp,299,AD 54,2025-11-04_22:12:01.642387
ED   57,0.00%,NO,&nbsp,153,AD 54,2025-11-04_22:12:01.642387
ED   58,0.00%,YES,&nbsp,31,AD 54,2025-11-04_22:12:01.642387
ED   58,0.00%,NO,&nbsp,10,AD 54,2025-11-04_22:12:01.642387
ED   59,0.00%,YES,&nbsp,-,AD 54,2025-11-04_22:12:01.642387
ED   59,0.00%,NO,&nbsp,-,AD 54,2025-11-04_22:12:01.642387
ED   60,0.00%,YES,&nbsp,36,AD 54,2025-11-04_22:12:01.642387
ED   60,0.00%,NO,&nbsp,16,AD 54,2025-11-04_22:12:01.642387
ED   61,0.00%,YES,&nbsp,114,AD 54,2025-11-04_22:12:01.642387
ED   61,0.00%,NO,&nbsp,38,AD 54,2025-11-04_22:12:01.642387
ED   62,0.00%,YES,&nbsp,51,AD 54,2025-11-04_22:12:01.642387
ED   62,0.00%,NO,&nbsp,15,AD 54,2025-11-04_22:12:01.642387
ED   63,0.00%,YES,&nbsp,22,AD 54,2025-11-04_22:12:01.642387
ED   63,0.00%,NO,&nbsp,6,AD 54,2025-11-04_22:12:01.642387
ED   64,0.00%,YES,&nbsp,43,AD 54,2025-11-04_22:12:01.642387
ED   64,0.00%,NO,&nbsp,11,AD 54,2025-11-04_22:12:01.642387
ED   65,0.00%,YES,&nbsp,-,AD 54,2025-11-04_22:12:01.642387
ED   65,0.00%,NO,&nbsp,-,AD 54,2025-11-04_22:12:01.642387
Total,,YES,&nbsp,12540,AD 54,2025-11-04_22:12:01.642387
Total,,NO,&nbsp,5501,AD 54,2025-11-04_22:12:01.642387
ED    1,0.00%,YES,&nbsp,396,AD 55,2025-11-04_22:12:01.642387
ED    1,0.00%,NO,&nbsp,202,AD 55,2025-11-04_22:12:01.642387
ED    2,0.00%,YES,&nbsp,270,AD 55,2025-11-04_22:12:01.642387
ED    2,0.00%,NO,&nbsp,133,AD 55,2025-11-04_22:12:01.642387
ED    3,0.00%,YES,&nbsp,246,AD 55,2025-11-04_22:12:01.642387
ED    3,0.00%,NO,&nbsp,102,AD 55,2025-11-04_22:12:01.642387
ED    4,0.00%,YES,&nbsp,22,AD 55,2025-11-04_22:12:01.642387
ED    4,0.00%,NO,&nbsp,6,AD 55,2025-11-04_22:12:01.642387
ED    5,0.00%,YES,&nbsp,283,AD 55,2025-11-04_22:12:01.642387
ED    5,0.00%,NO,&nbsp,179,AD 55,2025-11-04_22:12:01.642387
ED    6,0.00%,YES,&nbsp,226,AD 55,2025-11-04_22:12:01.642387
ED    6,0.00%,NO,&nbsp,127,AD 55,2025-11-04_22:12:01.642387
ED    7,0.00%,YES,&nbsp,308,AD 55,2025-11-04_22:12:01.642387
ED    7,0.00%,NO,&nbsp,178,AD 55,2025-11-04_22:12:01.642387
ED    8,0.00%,YES,&nbsp,302,AD 55,2025-11-04_22:12:01.642387
ED    8,0.00%,NO,&nbsp,150,AD 55,2025-11-04_22:12:01.642387
ED    9,0.00%,YES,&nbsp,236,AD 55,2025-11-04_22:12:01.642387
ED    9,0.00%,NO,&nbsp,102,AD 55,2025-11-04_22:12:01.642387
ED   10,0.00%,YES,&nbsp,217,AD 55,2025-11-04_22:12:01.642387
ED   10,0.00%,NO,&nbsp,103,AD 55,2025-11-04_22:12:01.642387
ED   11,0.00%,YES,&nbsp,153,AD 55,2025-11-04_22:12:01.642387
ED   11,0.00%,NO,&nbsp,81,AD 55,2025-11-04_22:12:01.642387
ED   12,0.00%,YES,&nbsp,288,AD 55,2025-11-04_22:12:01.642387
ED   12,0.00%,NO,&nbsp,163,AD 55,2025-11-04_22:12:01.642387
ED   13,0.00%,YES,&nbsp,255,AD 55,2025-11-04_22:12:01.642387
ED   13,0.00%,NO,&nbsp,126,AD 55,2025-11-04_22:12:01.642387
ED   14,0.00%,YES,&nbsp,187,AD 55,2025-11-04_22:12:01.642387
ED   14,0.00%,NO,&nbsp,99,AD 55,2025-11-04_22:12:01.642387
ED   15,0.00%,YES,&nbsp,198,AD 55,2025-11-04_22:12:01.642387
ED   15,0.00%,NO,&nbsp,118,AD 55,2025-11-04_22:12:01.642387
ED   16,0.00%,YES,&nbsp,284,AD 55,2025-11-04_22:12:01.642387
ED   16,0.00%,NO,&nbsp,103,AD 55,2025-11-04_22:12:01.642387
ED   17,0.00%,YES,&nbsp,48,AD 55,2025-11-04_22:12:01.642387
ED   17,0.00%,NO,&nbsp,20,AD 55,2025-11-04_22:12:01.642387
ED   18,0.00%,YES,&nbsp,17,AD 55,2025-11-04_22:12:01.642387
ED   18,0.00%,NO,&nbsp,3,AD 55,2025-11-04_22:12:01.642387
ED   19,0.00%,YES,&nbsp,181,AD 55,2025-11-04_22:12:01.642387
ED   19,0.00%,NO,&nbsp,107,AD 55,2025-11-04_22:12:01.642387
ED   20,0.00%,YES,&nbsp,153,AD 55,2025-11-04_22:12:01.642387
ED   20,0.00%,NO,&nbsp,75,AD 55,2025-11-04_22:12:01.642387
ED   21,0.00%,YES,&nbsp,26,AD 55,2025-11-04_22:12:01.642387
ED   21,0.00%,NO,&nbsp,8,AD 55,2025-11-04_22:12:01.642387
ED   22,0.00%,YES,&nbsp,57,AD 55,2025-11-04_22:12:01.642387
ED   22,0.00%,NO,&nbsp,15,AD 55,2025-11-04_22:12:01.642387
ED   23,0.00%,YES,&nbsp,175,AD 55,2025-11-04_22:12:01.642387
ED   23,0.00%,NO,&nbsp,46,AD 55,2025-11-04_22:12:01.642387
ED   24,0.00%,YES,&nbsp,205,AD 55,2025-11-04_22:12:01.642387
ED   24,0.00%,NO,&nbsp,47,AD 55,2025-11-04_22:12:01.642387
ED   25,0.00%,YES,&nbsp,213,AD 55,2025-11-04_22:12:01.642387
ED   25,0.00%,NO,&nbsp,41,AD 55,2025-11-04_22:12:01.642387
ED   26,0.00%,YES,&nbsp,182,AD 55,2025-11-04_22:12:01.642387
ED   26,0.00%,NO,&nbsp,42,AD 55,2025-11-04_22:12:01.642387
ED   27,0.00%,YES,&nbsp,154,AD 55,2025-11-04_22:12:01.642387
ED   27,0.00%,NO,&nbsp,38,AD 55,2025-11-04_22:12:01.642387
ED   28,0.00%,YES,&nbsp,149,AD 55,2025-11-04_22:12:01.642387
ED   28,0.00%,NO,&nbsp,36,AD 55,2025-11-04_22:12:01.642387
ED   29,0.00%,YES,&nbsp,37,AD 55,2025-11-04_22:12:01.642387
ED   29,0.00%,NO,&nbsp,21,AD 55,2025-11-04_22:12:01.642387
ED   30,0.00%,YES,&nbsp,221,AD 55,2025-11-04_22:12:01.642387
ED   30,0.00%,NO,&nbsp,72,AD 55,2025-11-04_22:12:01.642387
ED   31,0.00%,YES,&nbsp,13,AD 55,2025-11-04_22:12:01.642387
ED   31,0.00%,NO,&nbsp,1,AD 55,2025-11-04_22:12:01.642387
ED   32,0.00%,YES,&nbsp,137,AD 55,2025-11-04_22:12:01.642387
ED   32,0.00%,NO,&nbsp,23,AD 55,2025-11-04_22:12:01.642387
ED   33,0.00%,YES,&nbsp,294,AD 55,2025-11-04_22:12:01.642387
ED   33,0.00%,NO,&nbsp,78,AD 55,2025-11-04_22:12:01.642387
ED   34,0.00%,YES,&nbsp,108,AD 55,2025-11-04_22:12:01.642387
ED   34,0.00%,NO,&nbsp,12,AD 55,2025-11-04_22:12:01.642387
ED   35,0.00%,YES,&nbsp,119,AD 55,2025-11-04_22:12:01.642387
ED   35,0.00%,NO,&nbsp,18,AD 55,2025-11-04_22:12:01.642387
ED   36,0.00%,YES,&nbsp,273,AD 55,2025-11-04_22:12:01.642387
ED   36,0.00%,NO,&nbsp,63,AD 55,2025-11-04_22:12:01.642387
ED   37,0.00%,YES,&nbsp,37,AD 55,2025-11-04_22:12:01.642387
ED   37,0.00%,NO,&nbsp,9,AD 55,2025-11-04_22:12:01.642387
ED   38,0.00%,YES,&nbsp,63,AD 55,2025-11-04_22:12:01.642387
ED   38,0.00%,NO,&nbsp,19,AD 55,2025-11-04_22:12:01.642387
ED   39,0.00%,YES,&nbsp,43,AD 55,2025-11-04_22:12:01.642387
ED   39,0.00%,NO,&nbsp,28,AD 55,2025-11-04_22:12:01.642387
ED   40,0.00%,YES,&nbsp,138,AD 55,2025-11-04_22:12:01.642387
ED   40,0.00%,NO,&nbsp,43,AD 55,2025-11-04_22:12:01.642387
ED   41,0.00%,YES,&nbsp,151,AD 55,2025-11-04_22:12:01.642387
ED   41,0.00%,NO,&nbsp,43,AD 55,2025-11-04_22:12:01.642387
ED   42,0.00%,YES,&nbsp,171,AD 55,2025-11-04_22:12:01.642387
ED   42,0.00%,NO,&nbsp,32,AD 55,2025-11-04_22:12:01.642387
ED   43,0.00%,YES,&nbsp,118,AD 55,2025-11-04_22:12:01.642387
ED   43,0.00%,NO,&nbsp,40,AD 55,2025-11-04_22:12:01.642387
ED   44,0.00%,YES,&nbsp,203,AD 55,2025-11-04_22:12:01.642387
ED   44,0.00%,NO,&nbsp,73,AD 55,2025-11-04_22:12:01.642387
ED   45,0.00%,YES,&nbsp,255,AD 55,2025-11-04_22:12:01.642387
ED   45,0.00%,NO,&nbsp,114,AD 55,2025-11-04_22:12:01.642387
ED   46,0.00%,YES,&nbsp,129,AD 55,2025-11-04_22:12:01.642387
ED   46,0.00%,NO,&nbsp,34,AD 55,2025-11-04_22:12:01.642387
ED   47,0.00%,YES,&nbsp,242,AD 55,2025-11-04_22:12:01.642387
ED   47,0.00%,NO,&nbsp,87,AD 55,2025-11-04_22:12:01.642387
ED   48,0.00%,YES,&nbsp,281,AD 55,2025-11-04_22:12:01.642387
ED   48,0.00%,NO,&nbsp,97,AD 55,2025-11-04_22:12:01.642387
ED   49,0.00%,YES,&nbsp,298,AD 55,2025-11-04_22:12:01.642387
ED   49,0.00%,NO,&nbsp,63,AD 55,2025-11-04_22:12:01.642387
ED   50,0.00%,YES,&nbsp,212,AD 55,2025-11-04_22:12:01.642387
ED   50,0.00%,NO,&nbsp,66,AD 55,2025-11-04_22:12:01.642387
ED   51,0.00%,YES,&nbsp,362,AD 55,2025-11-04_22:12:01.642387
ED   51,0.00%,NO,&nbsp,136,AD 55,2025-11-04_22:12:01.642387
ED   52,0.00%,YES,&nbsp,272,AD 55,2025-11-04_22:12:01.642387
ED   52,0.00%,NO,&nbsp,123,AD 55,2025-11-04_22:12:01.642387
ED   53,0.00%,YES,&nbsp,274,AD 55,2025-11-04_22:12:01.642387
ED   53,0.00%,NO,&nbsp,165,AD 55,2025-11-04_22:12:01.642387
ED   54,0.00%,YES,&nbsp,53,AD 55,2025-11-04_22:12:01.642387
ED   54,0.00%,NO,&nbsp,27,AD 55,2025-11-04_22:12:01.642387
ED   55,0.00%,YES,&nbsp,215,AD 55,2025-11-04_22:12:01.642387
ED   55,0.00%,NO,&nbsp,36,AD 55,2025-11-04_22:12:01.642387
ED   56,0.00%,YES,&nbsp,266,AD 55,2025-11-04_22:12:01.642387
ED   56,0.00%,NO,&nbsp,110,AD 55,2025-11-04_22:12:01.642387
ED   57,0.00%,YES,&nbsp,301,AD 55,2025-11-04_22:12:01.642387
ED   57,0.00%,NO,&nbsp,84,AD 55,2025-11-04_22:12:01.642387
ED   58,0.00%,YES,&nbsp,1,AD 55,2025-11-04_22:12:01.642387
ED   58,0.00%,NO,&nbsp,-,AD 55,2025-11-04_22:12:01.642387
ED   59,0.00%,YES,&nbsp,274,AD 55,2025-11-04_22:12:01.642387
ED   59,0.00%,NO,&nbsp,73,AD 55,2025-11-04_22:12:01.642387
ED   60,0.00%,YES,&nbsp,223,AD 55,2025-11-04_22:12:01.642387
ED   60,0.00%,NO,&nbsp,91,AD 55,2025-11-04_22:12:01.642387
ED   61,0.00%,YES,&nbsp,179,AD 55,2025-11-04_22:12:01.642387
ED   61,0.00%,NO,&nbsp,88,AD 55,2025-11-04_22:12:01.642387
ED   62,0.00%,YES,&nbsp,165,AD 55,2025-11-04_22:12:01.642387
ED   62,0.00%,NO,&nbsp,52,AD 55,2025-11-04_22:12:01.642387
ED   63,0.00%,YES,&nbsp,344,AD 55,2025-11-04_22:12:01.642387
ED   63,0.00%,NO,&nbsp,114,AD 55,2025-11-04_22:12:01.642387
ED   64,0.00%,YES,&nbsp,273,AD 55,2025-11-04_22:12:01.642387
ED   64,0.00%,NO,&nbsp,100,AD 55,2025-11-04_22:12:01.642387
ED   65,0.00%,YES,&nbsp,-,AD 55,2025-11-04_22:12:01.642387
ED   65,0.00%,NO,&nbsp,-,AD 55,2025-11-04_22:12:01.642387
ED   66,0.00%,YES,&nbsp,8,AD 55,2025-11-04_22:12:01.642387
ED   66,0.00%,NO,&nbsp,2,AD 55,2025-11-04_22:12:01.642387
Total,,YES,&nbsp,12184,AD 55,2025-11-04_22:12:01.642387
Total,,NO,&nbsp,4687,AD 55,2025-11-04_22:12:01.642387
ED    1,0.00%,YES,&nbsp,201,AD 56,2025-11-04_22:12:01.642387
ED    1,0.00%,NO,&nbsp,53,AD 56,2025-11-04_22:12:01.642387
ED    2,0.00%,YES,&nbsp,165,AD 56,2025-11-04_22:12:01.642387
ED    2,0.00%,NO,&nbsp,53,AD 56,2025-11-04_22:12:01.642387
ED    3,0.00%,YES,&nbsp,190,AD 56,2025-11-04_22:12:01.642387
ED    3,0.00%,NO,&nbsp,134,AD 56,2025-11-04_22:12:01.642387
ED    4,0.00%,YES,&nbsp,268,AD 56,2025-11-04_22:12:01.642387
ED    4,0.00%,NO,&nbsp,110,AD 56,2025-11-04_22:12:01.642387
ED    5,0.00%,YES,&nbsp,197,AD 56,2025-11-04_22:12:01.642387
ED    5,0.00%,NO,&nbsp,63,AD 56,2025-11-04_22:12:01.642387
ED    6,0.00%,YES,&nbsp,183,AD 56,2025-11-04_22:12:01.642387
ED    6,0.00%,NO,&nbsp,62,AD 56,2025-11-04_22:12:01.642387
ED    7,0.00%,YES,&nbsp,153,AD 56,2025-11-04_22:12:01.642387
ED    7,0.00%,NO,&nbsp,71,AD 56,2025-11-04_22:12:01.642387
ED    8,0.00%,YES,&nbsp,297,AD 56,2025-11-04_22:12:01.642387
ED    8,0.00%,NO,&nbsp,164,AD 56,2025-11-04_22:12:01.642387
ED    9,0.00%,YES,&nbsp,370,AD 56,2025-11-04_22:12:01.642387
ED    9,0.00%,NO,&nbsp,215,AD 56,2025-11-04_22:12:01.642387
ED   10,0.00%,YES,&nbsp,293,AD 56,2025-11-04_22:12:01.642387
ED   10,0.00%,NO,&nbsp,154,AD 56,2025-11-04_22:12:01.642387
ED   11,0.00%,YES,&nbsp,379,AD 56,2025-11-04_22:12:01.642387
ED   11,0.00%,NO,&nbsp,233,AD 56,2025-11-04_22:12:01.642387
ED   12,0.00%,YES,&nbsp,456,AD 56,2025-11-04_22:12:01.642387
ED   12,0.00%,NO,&nbsp,255,AD 56,2025-11-04_22:12:01.642387
ED   13,0.00%,YES,&nbsp,323,AD 56,2025-11-04_22:12:01.642387
ED   13,0.00%,NO,&nbsp,201,AD 56,2025-11-04_22:12:01.642387
ED   14,0.00%,YES,&nbsp,341,AD 56,2025-11-04_22:12:01.642387
ED   14,0.00%,NO,&nbsp,213,AD 56,2025-11-04_22:12:01.642387
ED   15,0.00%,YES,&nbsp,190,AD 56,2025-11-04_22:12:01.642387
ED   15,0.00%,NO,&nbsp,53,AD 56,2025-11-04_22:12:01.642387
ED   16,0.00%,YES,&nbsp,291,AD 56,2025-11-04_22:12:01.642387
ED   16,0.00%,NO,&nbsp,138,AD 56,2025-11-04_22:12:01.642387
ED   17,0.00%,YES,&nbsp,133,AD 56,2025-11-04_22:12:01.642387
ED   17,0.00%,NO,&nbsp,59,AD 56,2025-11-04_22:12:01.642387
ED   18,0.00%,YES,&nbsp,16,AD 56,2025-11-04_22:12:01.642387
ED   18,0.00%,NO,&nbsp,8,AD 56,2025-11-04_22:12:01.642387
ED   19,0.00%,YES,&nbsp,332,AD 56,2025-11-04_22:12:01.642387
ED   19,0.00%,NO,&nbsp,140,AD 56,2025-11-04_22:12:01.642387
ED   20,0.00%,YES,&nbsp,400,AD 56,2025-11-04_22:12:01.642387
ED   20,0.00%,NO,&nbsp,217,AD 56,2025-11-04_22:12:01.642387
ED   21,0.00%,YES,&nbsp,358,AD 56,2025-11-04_22:12:01.642387
ED   21,0.00%,NO,&nbsp,180,AD 56,2025-11-04_22:12:01.642387
ED   22,0.00%,YES,&nbsp,254,AD 56,2025-11-04_22:12:01.642387
ED   22,0.00%,NO,&nbsp,157,AD 56,2025-11-04_22:12:01.642387
ED   23,0.00%,YES,&nbsp,276,AD 56,2025-11-04_22:12:01.642387
ED   23,0.00%,NO,&nbsp,178,AD 56,2025-11-04_22:12:01.642387
ED   24,0.00%,YES,&nbsp,122,AD 56,2025-11-04_22:12:01.642387
ED   24,0.00%,NO,&nbsp,69,AD 56,2025-11-04_22:12:01.642387
ED   25,0.00%,YES,&nbsp,448,AD 56,2025-11-04_22:12:01.642387
ED   25,0.00%,NO,&nbsp,215,AD 56,2025-11-04_22:12:01.642387
ED   26,0.00%,YES,&nbsp,319,AD 56,2025-11-04_22:12:01.642387
ED   26,0.00%,NO,&nbsp,121,AD 56,2025-11-04_22:12:01.642387
ED   27,0.00%,YES,&nbsp,411,AD 56,2025-11-04_22:12:01.642387
ED   27,0.00%,NO,&nbsp,237,AD 56,2025-11-04_22:12:01.642387
ED   28,0.00%,YES,&nbsp,360,AD 56,2025-11-04_22:12:01.642387
ED   28,0.00%,NO,&nbsp,177,AD 56,2025-11-04_22:12:01.642387
ED   29,0.00%,YES,&nbsp,480,AD 56,2025-11-04_22:12:01.642387
ED   29,0.00%,NO,&nbsp,286,AD 56,2025-11-04_22:12:01.642387
ED   30,0.00%,YES,&nbsp,350,AD 56,2025-11-04_22:12:01.642387
ED   30,0.00%,NO,&nbsp,196,AD 56,2025-11-04_22:12:01.642387
ED   31,0.00%,YES,&nbsp,334,AD 56,2025-11-04_22:12:01.642387
ED   31,0.00%,NO,&nbsp,142,AD 56,2025-11-04_22:12:01.642387
ED   32,0.00%,YES,&nbsp,453,AD 56,2025-11-04_22:12:01.642387
ED   32,0.00%,NO,&nbsp,216,AD 56,2025-11-04_22:12:01.642387
ED   33,0.00%,YES,&nbsp,357,AD 56,2025-11-04_22:12:01.642387
ED   33,0.00%,NO,&nbsp,178,AD 56,2025-11-04_22:12:01.642387
ED   34,0.00%,YES,&nbsp,231,AD 56,2025-11-04_22:12:01.642387
ED   34,0.00%,NO,&nbsp,96,AD 56,2025-11-04_22:12:01.642387
ED   35,0.00%,YES,&nbsp,356,AD 56,2025-11-04_22:12:01.642387
ED   35,0.00%,NO,&nbsp,187,AD 56,2025-11-04_22:12:01.642387
ED   36,0.00%,YES,&nbsp,383,AD 56,2025-11-04_22:12:01.642387
ED   36,0.00%,NO,&nbsp,193,AD 56,2025-11-04_22:12:01.642387
ED   37,0.00%,YES,&nbsp,430,AD 56,2025-11-04_22:12:01.642387
ED   37,0.00%,NO,&nbsp,269,AD 56,2025-11-04_22:12:01.642387
ED   38,0.00%,YES,&nbsp,414,AD 56,2025-11-04_22:12:01.642387
ED   38,0.00%,NO,&nbsp,198,AD 56,2025-11-04_22:12:01.642387
ED   39,0.00%,YES,&nbsp,263,AD 56,2025-11-04_22:12:01.642387
ED   39,0.00%,NO,&nbsp,161,AD 56,2025-11-04_22:12:01.642387
ED   40,0.00%,YES,&nbsp,317,AD 56,2025-11-04_22:12:01.642387
ED   40,0.00%,NO,&nbsp,173,AD 56,2025-11-04_22:12:01.642387
ED   41,0.00%,YES,&nbsp,430,AD 56,2025-11-04_22:12:01.642387
ED   41,0.00%,NO,&nbsp,206,AD 56,2025-11-04_22:12:01.642387
ED   42,0.00%,YES,&nbsp,342,AD 56,2025-11-04_22:12:01.642387
ED   42,0.00%,NO,&nbsp,215,AD 56,2025-11-04_22:12:01.642387
ED   43,0.00%,YES,&nbsp,347,AD 56,2025-11-04_22:12:01.642387
ED   43,0.00%,NO,&nbsp,217,AD 56,2025-11-04_22:12:01.642387
ED   44,0.00%,YES,&nbsp,398,AD 56,2025-11-04_22:12:01.642387
ED   44,0.00%,NO,&nbsp,236,AD 56,2025-11-04_22:12:01.642387
ED   45,0.00%,YES,&nbsp,342,AD 56,2025-11-04_22:12:01.642387
ED   45,0.00%,NO,&nbsp,179,AD 56,2025-11-04_22:12:01.642387
ED   46,0.00%,YES,&nbsp,390,AD 56,2025-11-04_22:12:01.642387
ED   46,0.00%,NO,&nbsp,206,AD 56,2025-11-04_22:12:01.642387
ED   47,0.00%,YES,&nbsp,451,AD 56,2025-11-04_22:12:01.642387
ED   47,0.00%,NO,&nbsp,242,AD 56,2025-11-04_22:12:01.642387
ED   48,0.00%,YES,&nbsp,465,AD 56,2025-11-04_22:12:01.642387
ED   48,0.00%,NO,&nbsp,274,AD 56,2025-11-04_22:12:01.642387
ED   49,0.00%,YES,&nbsp,457,AD 56,2025-11-04_22:12:01.642387
ED   49,0.00%,NO,&nbsp,238,AD 56,2025-11-04_22:12:01.642387
ED   50,0.00%,YES,&nbsp,502,AD 56,2025-11-04_22:12:01.642387
ED   50,0.00%,NO,&nbsp,287,AD 56,2025-11-04_22:12:01.642387
ED   51,0.00%,YES,&nbsp,131,AD 56,2025-11-04_22:12:01.642387
ED   51,0.00%,NO,&nbsp,38,AD 56,2025-11-04_22:12:01.642387
ED   52,0.00%,YES,&nbsp,155,AD 56,2025-11-04_22:12:01.642387
ED   52,0.00%,NO,&nbsp,71,AD 56,2025-11-04_22:12:01.642387
ED   53,0.00%,YES,&nbsp,330,AD 56,2025-11-04_22:12:01.642387
ED   53,0.00%,NO,&nbsp,183,AD 56,2025-11-04_22:12:01.642387
ED   54,0.00%,YES,&nbsp,188,AD 56,2025-11-04_22:12:01.642387
ED   54,0.00%,NO,&nbsp,82,AD 56,2025-11-04_22:12:01.642387
ED   55,0.00%,YES,&nbsp,284,AD 56,2025-11-04_22:12:01.642387
ED   55,0.00%,NO,&nbsp,111,AD 56,2025-11-04_22:12:01.642387
ED   56,0.00%,YES,&nbsp,479,AD 56,2025-11-04_22:12:01.642387
ED   56,0.00%,NO,&nbsp,278,AD 56,2025-11-04_22:12:01.642387
ED   57,0.00%,YES,&nbsp,61,AD 56,2025-11-04_22:12:01.642387
ED   57,0.00%,NO,&nbsp,42,AD 56,2025-11-04_22:12:01.642387
ED   58,0.00%,YES,&nbsp,491,AD 56,2025-11-04_22:12:01.642387
ED   58,0.00%,NO,&nbsp,302,AD 56,2025-11-04_22:12:01.642387
ED   59,0.00%,YES,&nbsp,227,AD 56,2025-11-04_22:12:01.642387
ED   59,0.00%,NO,&nbsp,118,AD 56,2025-11-04_22:12:01.642387
ED   60,0.00%,YES,&nbsp,229,AD 56,2025-11-04_22:12:01.642387
ED   60,0.00%,NO,&nbsp,112,AD 56,2025-11-04_22:12:01.642387
ED   61,0.00%,YES,&nbsp,192,AD 56,2025-11-04_22:12:01.642387
ED   61,0.00%,NO,&nbsp,135,AD 56,2025-11-04_22:12:01.642387
ED   62,0.00%,YES,&nbsp,323,AD 56,2025-11-04_22:12:01.642387
ED   62,0.00%,NO,&nbsp,126,AD 56,2025-11-04_22:12:01.642387
ED   63,0.00%,YES,&nbsp,385,AD 56,2025-11-04_22:12:01.642387
ED   63,0.00%,NO,&nbsp,227,AD 56,2025-11-04_22:12:01.642387
ED   64,0.00%,YES,&nbsp,285,AD 56,2025-11-04_22:12:01.642387
ED   64,0.00%,NO,&nbsp,112,AD 56,2025-11-04_22:12:01.642387
ED   65,0.00%,YES,&nbsp,142,AD 56,2025-11-04_22:12:01.642387
ED   65,0.00%,NO,&nbsp,71,AD 56,2025-11-04_22:12:01.642387
ED   66,0.00%,YES,&nbsp,127,AD 56,2025-11-04_22:12:01.642387
ED   66,0.00%,NO,&nbsp,49,AD 56,2025-11-04_22:12:01.642387
ED   67,0.00%,YES,&nbsp,139,AD 56,2025-11-04_22:12:01.642387
ED   67,0.00%,NO,&nbsp,39,AD 56,2025-11-04_22:12:01.642387
ED   68,0.00%,YES,&nbsp,135,AD 56,2025-11-04_22:12:01.642387
ED   68,0.00%,NO,&nbsp,71,AD 56,2025-11-04_22:12:01.642387
ED   69,0.00%,YES,&nbsp,391,AD 56,2025-11-04_22:12:01.642387
ED   69,0.00%,NO,&nbsp,201,AD 56,2025-11-04_22:12:01.642387
ED   70,0.00%,YES,&nbsp,62,AD 56,2025-11-04_22:12:01.642387
ED   70,0.00%,NO,&nbsp,30,AD 56,2025-11-04_22:12:01.642387
Total,,YES,&nbsp,20974,AD 56,2025-11-04_22:12:01.642387
Total,,NO,&nbsp,10923,AD 56,2025-11-04_22:12:01.642387
ED    1,0.00%,YES,&nbsp,176,AD 57,2025-11-04_22:12:01.642387
ED    1,0.00%,NO,&nbsp,56,AD 57,2025-11-04_22:12:01.642387
ED    2,0.00%,YES,&nbsp,185,AD 57,2025-11-04_22:12:01.642387
ED    2,0.00%,NO,&nbsp,63,AD 57,2025-11-04_22:12:01.642387
ED    3,0.00%,YES,&nbsp,221,AD 57,2025-11-04_22:12:01.642387
ED    3,0.00%,NO,&nbsp,50,AD 57,2025-11-04_22:12:01.642387
ED    4,0.00%,YES,&nbsp,215,AD 57,2025-11-04_22:12:01.642387
ED    4,0.00%,NO,&nbsp,63,AD 57,2025-11-04_22:12:01.642387
ED    5,0.00%,YES,&nbsp,96,AD 57,2025-11-04_22:12:01.642387
ED    5,0.00%,NO,&nbsp,41,AD 57,2025-11-04_22:12:01.642387
ED    6,0.00%,YES,&nbsp,148,AD 57,2025-11-04_22:12:01.642387
ED    6,0.00%,NO,&nbsp,38,AD 57,2025-11-04_22:12:01.642387
ED    7,0.00%,YES,&nbsp,147,AD 57,2025-11-04_22:12:01.642387
ED    7,0.00%,NO,&nbsp,45,AD 57,2025-11-04_22:12:01.642387
ED    8,0.00%,YES,&nbsp,531,AD 57,2025-11-04_22:12:01.642387
ED    8,0.00%,NO,&nbsp,222,AD 57,2025-11-04_22:12:01.642387
ED    9,0.00%,YES,&nbsp,397,AD 57,2025-11-04_22:12:01.642387
ED    9,0.00%,NO,&nbsp,181,AD 57,2025-11-04_22:12:01.642387
ED   10,0.00%,YES,&nbsp,623,AD 57,2025-11-04_22:12:01.642387
ED   10,0.00%,NO,&nbsp,297,AD 57,2025-11-04_22:12:01.642387
ED   11,0.00%,YES,&nbsp,554,AD 57,2025-11-04_22:12:01.642387
ED   11,0.00%,NO,&nbsp,263,AD 57,2025-11-04_22:12:01.642387
ED   12,0.00%,YES,&nbsp,109,AD 57,2025-11-04_22:12:01.642387
ED   12,0.00%,NO,&nbsp,60,AD 57,2025-11-04_22:12:01.642387
ED   13,0.00%,YES,&nbsp,181,AD 57,2025-11-04_22:12:01.642387
ED   13,0.00%,NO,&nbsp,159,AD 57,2025-11-04_22:12:01.642387
ED   14,0.00%,YES,&nbsp,41,AD 57,2025-11-04_22:12:01.642387
ED   14,0.00%,NO,&nbsp,28,AD 57,2025-11-04_22:12:01.642387
ED   15,0.00%,YES,&nbsp,421,AD 57,2025-11-04_22:12:01.642387
ED   15,0.00%,NO,&nbsp,206,AD 57,2025-11-04_22:12:01.642387
ED   16,0.00%,YES,&nbsp,503,AD 57,2025-11-04_22:12:01.642387
ED   16,0.00%,NO,&nbsp,229,AD 57,2025-11-04_22:12:01.642387
ED   17,0.00%,YES,&nbsp,628,AD 57,2025-11-04_22:12:01.642387
ED   17,0.00%,NO,&nbsp,218,AD 57,2025-11-04_22:12:01.642387
ED   18,0.00%,YES,&nbsp,240,AD 57,2025-11-04_22:12:01.642387
ED   18,0.00%,NO,&nbsp,120,AD 57,2025-11-04_22:12:01.642387
ED   19,0.00%,YES,&nbsp,431,AD 57,2025-11-04_22:12:01.642387
ED   19,0.00%,NO,&nbsp,184,AD 57,2025-11-04_22:12:01.642387
ED   20,0.00%,YES,&nbsp,480,AD 57,2025-11-04_22:12:01.642387
ED   20,0.00%,NO,&nbsp,234,AD 57,2025-11-04_22:12:01.642387
ED   21,0.00%,YES,&nbsp,491,AD 57,2025-11-04_22:12:01.642387
ED   21,0.00%,NO,&nbsp,185,AD 57,2025-11-04_22:12:01.642387
ED   22,0.00%,YES,&nbsp,561,AD 57,2025-11-04_22:12:01.642387
ED   22,0.00%,NO,&nbsp,263,AD 57,2025-11-04_22:12:01.642387
ED   23,0.00%,YES,&nbsp,548,AD 57,2025-11-04_22:12:01.642387
ED   23,0.00%,NO,&nbsp,278,AD 57,2025-11-04_22:12:01.642387
ED   24,0.00%,YES,&nbsp,271,AD 57,2025-11-04_22:12:01.642387
ED   24,0.00%,NO,&nbsp,158,AD 57,2025-11-04_22:12:01.642387
ED   25,0.00%,YES,&nbsp,107,AD 57,2025-11-04_22:12:01.642387
ED   25,0.00%,NO,&nbsp,57,AD 57,2025-11-04_22:12:01.642387
ED   26,0.00%,YES,&nbsp,346,AD 57,2025-11-04_22:12:01.642387
ED   26,0.00%,NO,&nbsp,156,AD 57,2025-11-04_22:12:01.642387
ED   27,0.00%,YES,&nbsp,585,AD 57,2025-11-04_22:12:01.642387
ED   27,0.00%,NO,&nbsp,223,AD 57,2025-11-04_22:12:01.642387
ED   28,0.00%,YES,&nbsp,525,AD 57,2025-11-04_22:12:01.642387
ED   28,0.00%,NO,&nbsp,203,AD 57,2025-11-04_22:12:01.642387
ED   29,0.00%,YES,&nbsp,446,AD 57,2025-11-04_22:12:01.642387
ED   29,0.00%,NO,&nbsp,239,AD 57,2025-11-04_22:12:01.642387
ED   30,0.00%,YES,&nbsp,519,AD 57,2025-11-04_22:12:01.642387
ED   30,0.00%,NO,&nbsp,303,AD 57,2025-11-04_22:12:01.642387
ED   31,0.00%,YES,&nbsp,276,AD 57,2025-11-04_22:12:01.642387
ED   31,0.00%,NO,&nbsp,108,AD 57,2025-11-04_22:12:01.642387
ED   32,0.00%,YES,&nbsp,430,AD 57,2025-11-04_22:12:01.642387
ED   32,0.00%,NO,&nbsp,218,AD 57,2025-11-04_22:12:01.642387
ED   33,0.00%,YES,&nbsp,500,AD 57,2025-11-04_22:12:01.642387
ED   33,0.00%,NO,&nbsp,252,AD 57,2025-11-04_22:12:01.642387
ED   34,0.00%,YES,&nbsp,497,AD 57,2025-11-04_22:12:01.642387
ED   34,0.00%,NO,&nbsp,250,AD 57,2025-11-04_22:12:01.642387
ED   35,0.00%,YES,&nbsp,455,AD 57,2025-11-04_22:12:01.642387
ED   35,0.00%,NO,&nbsp,227,AD 57,2025-11-04_22:12:01.642387
ED   36,0.00%,YES,&nbsp,559,AD 57,2025-11-04_22:12:01.642387
ED   36,0.00%,NO,&nbsp,251,AD 57,2025-11-04_22:12:01.642387
ED   37,0.00%,YES,&nbsp,531,AD 57,2025-11-04_22:12:01.642387
ED   37,0.00%,NO,&nbsp,285,AD 57,2025-11-04_22:12:01.642387
ED   38,0.00%,YES,&nbsp,323,AD 57,2025-11-04_22:12:01.642387
ED   38,0.00%,NO,&nbsp,172,AD 57,2025-11-04_22:12:01.642387
ED   39,0.00%,YES,&nbsp,350,AD 57,2025-11-04_22:12:01.642387
ED   39,0.00%,NO,&nbsp,129,AD 57,2025-11-04_22:12:01.642387
ED   40,0.00%,YES,&nbsp,260,AD 57,2025-11-04_22:12:01.642387
ED   40,0.00%,NO,&nbsp,127,AD 57,2025-11-04_22:12:01.642387
ED   41,0.00%,YES,&nbsp,312,AD 57,2025-11-04_22:12:01.642387
ED   41,0.00%,NO,&nbsp,125,AD 57,2025-11-04_22:12:01.642387
ED   42,0.00%,YES,&nbsp,291,AD 57,2025-11-04_22:12:01.642387
ED   42,0.00%,NO,&nbsp,118,AD 57,2025-11-04_22:12:01.642387
ED   43,0.00%,YES,&nbsp,651,AD 57,2025-11-04_22:12:01.642387
ED   43,0.00%,NO,&nbsp,271,AD 57,2025-11-04_22:12:01.642387
ED   44,0.00%,YES,&nbsp,481,AD 57,2025-11-04_22:12:01.642387
ED   44,0.00%,NO,&nbsp,251,AD 57,2025-11-04_22:12:01.642387
ED   45,0.00%,YES,&nbsp,403,AD 57,2025-11-04_22:12:01.642387
ED   45,0.00%,NO,&nbsp,204,AD 57,2025-11-04_22:12:01.642387
ED   46,0.00%,YES,&nbsp,501,AD 57,2025-11-04_22:12:01.642387
ED   46,0.00%,NO,&nbsp,206,AD 57,2025-11-04_22:12:01.642387
ED   47,0.00%,YES,&nbsp,601,AD 57,2025-11-04_22:12:01.642387
ED   47,0.00%,NO,&nbsp,238,AD 57,2025-11-04_22:12:01.642387
ED   48,0.00%,YES,&nbsp,594,AD 57,2025-11-04_22:12:01.642387
ED   48,0.00%,NO,&nbsp,269,AD 57,2025-11-04_22:12:01.642387
ED   49,0.00%,YES,&nbsp,633,AD 57,2025-11-04_22:12:01.642387
ED   49,0.00%,NO,&nbsp,283,AD 57,2025-11-04_22:12:01.642387
ED   50,0.00%,YES,&nbsp,536,AD 57,2025-11-04_22:12:01.642387
ED   50,0.00%,NO,&nbsp,231,AD 57,2025-11-04_22:12:01.642387
ED   51,0.00%,YES,&nbsp,660,AD 57,2025-11-04_22:12:01.642387
ED   51,0.00%,NO,&nbsp,293,AD 57,2025-11-04_22:12:01.642387
ED   52,0.00%,YES,&nbsp,473,AD 57,2025-11-04_22:12:01.642387
ED   52,0.00%,NO,&nbsp,197,AD 57,2025-11-04_22:12:01.642387
ED   53,0.00%,YES,&nbsp,317,AD 57,2025-11-04_22:12:01.642387
ED   53,0.00%,NO,&nbsp,161,AD 57,2025-11-04_22:12:01.642387
ED   54,0.00%,YES,&nbsp,374,AD 57,2025-11-04_22:12:01.642387
ED   54,0.00%,NO,&nbsp,234,AD 57,2025-11-04_22:12:01.642387
ED   55,0.00%,YES,&nbsp,479,AD 57,2025-11-04_22:12:01.642387
ED   55,0.00%,NO,&nbsp,231,AD 57,2025-11-04_22:12:01.642387
ED   56,0.00%,YES,&nbsp,491,AD 57,2025-11-04_22:12:01.642387
ED   56,0.00%,NO,&nbsp,241,AD 57,2025-11-04_22:12:01.642387
ED   57,0.00%,YES,&nbsp,427,AD 57,2025-11-04_22:12:01.642387
ED   57,0.00%,NO,&nbsp,215,AD 57,2025-11-04_22:12:01.642387
ED   58,0.00%,YES,&nbsp,418,AD 57,2025-11-04_22:12:01.642387
ED   58,0.00%,NO,&nbsp,184,AD 57,2025-11-04_22:12:01.642387
ED   59,0.00%,YES,&nbsp,398,AD 57,2025-11-04_22:12:01.642387
ED   59,0.00%,NO,&nbsp,147,AD 57,2025-11-04_22:12:01.642387
ED   60,0.00%,YES,&nbsp,663,AD 57,2025-11-04_22:12:01.642387
ED   60,0.00%,NO,&nbsp,285,AD 57,2025-11-04_22:12:01.642387
ED   61,0.00%,YES,&nbsp,534,AD 57,2025-11-04_22:12:01.642387
ED   61,0.00%,NO,&nbsp,268,AD 57,2025-11-04_22:12:01.642387
ED   62,0.00%,YES,&nbsp,365,AD 57,2025-11-04_22:12:01.642387
ED   62,0.00%,NO,&nbsp,169,AD 57,2025-11-04_22:12:01.642387
ED   63,0.00%,YES,&nbsp,419,AD 57,2025-11-04_22:12:01.642387
ED   63,0.00%,NO,&nbsp,260,AD 57,2025-11-04_22:12:01.642387
ED   64,0.00%,YES,&nbsp,95,AD 57,2025-11-04_22:12:01.642387
ED   64,0.00%,NO,&nbsp,53,AD 57,2025-11-04_22:12:01.642387
ED   65,0.00%,YES,&nbsp,106,AD 57,2025-11-04_22:12:01.642387
ED   65,0.00%,NO,&nbsp,49,AD 57,2025-11-04_22:12:01.642387
ED   66,0.00%,YES,&nbsp,146,AD 57,2025-11-04_22:12:01.642387
ED   66,0.00%,NO,&nbsp,75,AD 57,2025-11-04_22:12:01.642387
ED   67,0.00%,YES,&nbsp,38,AD 57,2025-11-04_22:12:01.642387
ED   67,0.00%,NO,&nbsp,24,AD 57,2025-11-04_22:12:01.642387
ED   68,0.00%,YES,&nbsp,201,AD 57,2025-11-04_22:12:01.642387
ED   68,0.00%,NO,&nbsp,104,AD 57,2025-11-04_22:12:01.642387
ED   69,0.00%,YES,&nbsp,84,AD 57,2025-11-04_22:12:01.642387
ED   69,0.00%,NO,&nbsp,29,AD 57,2025-11-04_22:12:01.642387
ED   70,0.00%,YES,&nbsp,166,AD 57,2025-11-04_22:12:01.642387
ED   70,0.00%,NO,&nbsp,98,AD 57,2025-11-04_22:12:01.642387
ED   71,0.00%,YES,&nbsp,169,AD 57,2025-11-04_22:12:01.642387
ED   71,0.00%,NO,&nbsp,123,AD 57,2025-11-04_22:12:01.642387
ED   72,0.00%,YES,&nbsp,149,AD 57,2025-11-04_22:12:01.642387
ED   72,0.00%,NO,&nbsp,97,AD 57,2025-11-04_22:12:01.642387
ED   73,0.00%,YES,&nbsp,560,AD 57,2025-11-04_22:12:01.642387
ED   73,0.00%,NO,&nbsp,251,AD 57,2025-11-04_22:12:01.642387
ED   74,0.00%,YES,&nbsp,390,AD 57,2025-11-04_22:12:01.642387
ED   74,0.00%,NO,&nbsp,174,AD 57,2025-11-04_22:12:01.642387
ED   75,0.00%,YES,&nbsp,6,AD 57,2025-11-04_22:12:01.642387
ED   75,0.00%,NO,&nbsp,6,AD 57,2025-11-04_22:12:01.642387
ED   76,0.00%,YES,&nbsp,3,AD 57,2025-11-04_22:12:01.642387
ED   76,0.00%,NO,&nbsp,3,AD 57,2025-11-04_22:12:01.642387
ED   77,0.00%,YES,&nbsp,-,AD 57,2025-11-04_22:12:01.642387
ED   77,0.00%,NO,&nbsp,-,AD 57,2025-11-04_22:12:01.642387
ED   78,0.00%,YES,&nbsp,-,AD 57,2025-11-04_22:12:01.642387
ED   78,0.00%,NO,&nbsp,-,AD 57,2025-11-04_22:12:01.642387
ED   79,0.00%,YES,&nbsp,-,AD 57,2025-11-04_22:12:01.642387
ED   79,0.00%,NO,&nbsp,-,AD 57,2025-11-04_22:12:01.642387
ED   80,0.00%,YES,&nbsp,-,AD 57,2025-11-04_22:12:01.642387
ED   80,0.00%,NO,&nbsp,-,AD 57,2025-11-04_22:12:01.642387
ED   81,0.00%,YES,&nbsp,-,AD 57,2025-11-04_22:12:01.642387
ED   81,0.00%,NO,&nbsp,-,AD 57,2025-11-04_22:12:01.642387
Total,,YES,&nbsp,28041,AD 57,2025-11-04_22:12:01.642387
Total,,NO,&nbsp,13008,AD 57,2025-11-04_22:12:01.642387
ED    1,0.00%,YES,&nbsp,170,AD 58,2025-11-04_22:12:01.642387
ED    1,0.00%,NO,&nbsp,83,AD 58,2025-11-04_22:12:01.642387
ED    2,0.00%,YES,&nbsp,185,AD 58,2025-11-04_22:12:01.642387
ED    2,0.00%,NO,&nbsp,72,AD 58,2025-11-04_22:12:01.642387
ED    3,0.00%,YES,&nbsp,303,AD 58,2025-11-04_22:12:01.642387
ED    3,0.00%,NO,&nbsp,133,AD 58,2025-11-04_22:12:01.642387
ED    4,0.00%,YES,&nbsp,177,AD 58,2025-11-04_22:12:01.642387
ED    4,0.00%,NO,&nbsp,36,AD 58,2025-11-04_22:12:01.642387
ED    5,0.00%,YES,&nbsp,189,AD 58,2025-11-04_22:12:01.642387
ED    5,0.00%,NO,&nbsp,79,AD 58,2025-11-04_22:12:01.642387
ED    6,0.00%,YES,&nbsp,182,AD 58,2025-11-04_22:12:01.642387
ED    6,0.00%,NO,&nbsp,78,AD 58,2025-11-04_22:12:01.642387
ED    7,0.00%,YES,&nbsp,254,AD 58,2025-11-04_22:12:01.642387
ED    7,0.00%,NO,&nbsp,61,AD 58,2025-11-04_22:12:01.642387
ED    8,0.00%,YES,&nbsp,261,AD 58,2025-11-04_22:12:01.642387
ED    8,0.00%,NO,&nbsp,88,AD 58,2025-11-04_22:12:01.642387
ED    9,0.00%,YES,&nbsp,256,AD 58,2025-11-04_22:12:01.642387
ED    9,0.00%,NO,&nbsp,63,AD 58,2025-11-04_22:12:01.642387
ED   10,0.00%,YES,&nbsp,220,AD 58,2025-11-04_22:12:01.642387
ED   10,0.00%,NO,&nbsp,73,AD 58,2025-11-04_22:12:01.642387
ED   11,0.00%,YES,&nbsp,322,AD 58,2025-11-04_22:12:01.642387
ED   11,0.00%,NO,&nbsp,144,AD 58,2025-11-04_22:12:01.642387
ED   12,0.00%,YES,&nbsp,193,AD 58,2025-11-04_22:12:01.642387
ED   12,0.00%,NO,&nbsp,104,AD 58,2025-11-04_22:12:01.642387
ED   13,0.00%,YES,&nbsp,306,AD 58,2025-11-04_22:12:01.642387
ED   13,0.00%,NO,&nbsp,108,AD 58,2025-11-04_22:12:01.642387
ED   14,0.00%,YES,&nbsp,242,AD 58,2025-11-04_22:12:01.642387
ED   14,0.00%,NO,&nbsp,73,AD 58,2025-11-04_22:12:01.642387
ED   15,0.00%,YES,&nbsp,288,AD 58,2025-11-04_22:12:01.642387
ED   15,0.00%,NO,&nbsp,83,AD 58,2025-11-04_22:12:01.642387
ED   16,0.00%,YES,&nbsp,224,AD 58,2025-11-04_22:12:01.642387
ED   16,0.00%,NO,&nbsp,74,AD 58,2025-11-04_22:12:01.642387
ED   17,0.00%,YES,&nbsp,273,AD 58,2025-11-04_22:12:01.642387
ED   17,0.00%,NO,&nbsp,65,AD 58,2025-11-04_22:12:01.642387
ED   18,0.00%,YES,&nbsp,277,AD 58,2025-11-04_22:12:01.642387
ED   18,0.00%,NO,&nbsp,99,AD 58,2025-11-04_22:12:01.642387
ED   19,0.00%,YES,&nbsp,163,AD 58,2025-11-04_22:12:01.642387
ED   19,0.00%,NO,&nbsp,32,AD 58,2025-11-04_22:12:01.642387
ED   20,0.00%,YES,&nbsp,131,AD 58,2025-11-04_22:12:01.642387
ED   20,0.00%,NO,&nbsp,38,AD 58,2025-11-04_22:12:01.642387
ED   21,0.00%,YES,&nbsp,186,AD 58,2025-11-04_22:12:01.642387
ED   21,0.00%,NO,&nbsp,40,AD 58,2025-11-04_22:12:01.642387
ED   22,0.00%,YES,&nbsp,68,AD 58,2025-11-04_22:12:01.642387
ED   22,0.00%,NO,&nbsp,14,AD 58,2025-11-04_22:12:01.642387
ED   23,0.00%,YES,&nbsp,211,AD 58,2025-11-04_22:12:01.642387
ED   23,0.00%,NO,&nbsp,69,AD 58,2025-11-04_22:12:01.642387
ED   24,0.00%,YES,&nbsp,7,AD 58,2025-11-04_22:12:01.642387
ED   24,0.00%,NO,&nbsp,4,AD 58,2025-11-04_22:12:01.642387
ED   25,0.00%,YES,&nbsp,224,AD 58,2025-11-04_22:12:01.642387
ED   25,0.00%,NO,&nbsp,70,AD 58,2025-11-04_22:12:01.642387
ED   26,0.00%,YES,&nbsp,229,AD 58,2025-11-04_22:12:01.642387
ED   26,0.00%,NO,&nbsp,64,AD 58,2025-11-04_22:12:01.642387
ED   27,0.00%,YES,&nbsp,250,AD 58,2025-11-04_22:12:01.642387
ED   27,0.00%,NO,&nbsp,82,AD 58,2025-11-04_22:12:01.642387
ED   28,0.00%,YES,&nbsp,311,AD 58,2025-11-04_22:12:01.642387
ED   28,0.00%,NO,&nbsp,118,AD 58,2025-11-04_22:12:01.642387
ED   29,0.00%,YES,&nbsp,256,AD 58,2025-11-04_22:12:01.642387
ED   29,0.00%,NO,&nbsp,67,AD 58,2025-11-04_22:12:01.642387
ED   30,0.00%,YES,&nbsp,173,AD 58,2025-11-04_22:12:01.642387
ED   30,0.00%,NO,&nbsp,52,AD 58,2025-11-04_22:12:01.642387
ED   31,0.00%,YES,&nbsp,195,AD 58,2025-11-04_22:12:01.642387
ED   31,0.00%,NO,&nbsp,75,AD 58,2025-11-04_22:12:01.642387
ED   32,0.00%,YES,&nbsp,78,AD 58,2025-11-04_22:12:01.642387
ED   32,0.00%,NO,&nbsp,37,AD 58,2025-11-04_22:12:01.642387
ED   33,0.00%,YES,&nbsp,252,AD 58,2025-11-04_22:12:01.642387
ED   33,0.00%,NO,&nbsp,80,AD 58,2025-11-04_22:12:01.642387
ED   34,0.00%,YES,&nbsp,289,AD 58,2025-11-04_22:12:01.642387
ED   34,0.00%,NO,&nbsp,100,AD 58,2025-11-04_22:12:01.642387
ED   35,0.00%,YES,&nbsp,344,AD 58,2025-11-04_22:12:01.642387
ED   35,0.00%,NO,&nbsp,120,AD 58,2025-11-04_22:12:01.642387
ED   36,0.00%,YES,&nbsp,224,AD 58,2025-11-04_22:12:01.642387
ED   36,0.00%,NO,&nbsp,82,AD 58,2025-11-04_22:12:01.642387
ED   37,0.00%,YES,&nbsp,306,AD 58,2025-11-04_22:12:01.642387
ED   37,0.00%,NO,&nbsp,113,AD 58,2025-11-04_22:12:01.642387
ED   38,0.00%,YES,&nbsp,229,AD 58,2025-11-04_22:12:01.642387
ED   38,0.00%,NO,&nbsp,70,AD 58,2025-11-04_22:12:01.642387
ED   39,0.00%,YES,&nbsp,240,AD 58,2025-11-04_22:12:01.642387
ED   39,0.00%,NO,&nbsp,88,AD 58,2025-11-04_22:12:01.642387
ED   40,0.00%,YES,&nbsp,294,AD 58,2025-11-04_22:12:01.642387
ED   40,0.00%,NO,&nbsp,134,AD 58,2025-11-04_22:12:01.642387
ED   41,0.00%,YES,&nbsp,265,AD 58,2025-11-04_22:12:01.642387
ED   41,0.00%,NO,&nbsp,109,AD 58,2025-11-04_22:12:01.642387
ED   42,0.00%,YES,&nbsp,272,AD 58,2025-11-04_22:12:01.642387
ED   42,0.00%,NO,&nbsp,109,AD 58,2025-11-04_22:12:01.642387
ED   43,0.00%,YES,&nbsp,218,AD 58,2025-11-04_22:12:01.642387
ED   43,0.00%,NO,&nbsp,94,AD 58,2025-11-04_22:12:01.642387
ED   44,0.00%,YES,&nbsp,277,AD 58,2025-11-04_22:12:01.642387
ED   44,0.00%,NO,&nbsp,115,AD 58,2025-11-04_22:12:01.642387
ED   45,0.00%,YES,&nbsp,212,AD 58,2025-11-04_22:12:01.642387
ED   45,0.00%,NO,&nbsp,96,AD 58,2025-11-04_22:12:01.642387
ED   46,0.00%,YES,&nbsp,132,AD 58,2025-11-04_22:12:01.642387
ED   46,0.00%,NO,&nbsp,32,AD 58,2025-11-04_22:12:01.642387
ED   47,0.00%,YES,&nbsp,30,AD 58,2025-11-04_22:12:01.642387
ED   47,0.00%,NO,&nbsp,8,AD 58,2025-11-04_22:12:01.642387
ED   48,0.00%,YES,&nbsp,137,AD 58,2025-11-04_22:12:01.642387
ED   48,0.00%,NO,&nbsp,51,AD 58,2025-11-04_22:12:01.642387
ED   49,0.00%,YES,&nbsp,63,AD 58,2025-11-04_22:12:01.642387
ED   49,0.00%,NO,&nbsp,20,AD 58,2025-11-04_22:12:01.642387
ED   50,0.00%,YES,&nbsp,199,AD 58,2025-11-04_22:12:01.642387
ED   50,0.00%,NO,&nbsp,67,AD 58,2025-11-04_22:12:01.642387
ED   51,0.00%,YES,&nbsp,224,AD 58,2025-11-04_22:12:01.642387
ED   51,0.00%,NO,&nbsp,71,AD 58,2025-11-04_22:12:01.642387
ED   52,0.00%,YES,&nbsp,286,AD 58,2025-11-04_22:12:01.642387
ED   52,0.00%,NO,&nbsp,64,AD 58,2025-11-04_22:12:01.642387
ED   53,0.00%,YES,&nbsp,355,AD 58,2025-11-04_22:12:01.642387
ED   53,0.00%,NO,&nbsp,143,AD 58,2025-11-04_22:12:01.642387
ED   54,0.00%,YES,&nbsp,88,AD 58,2025-11-04_22:12:01.642387
ED   54,0.00%,NO,&nbsp,27,AD 58,2025-11-04_22:12:01.642387
ED   55,0.00%,YES,&nbsp,175,AD 58,2025-11-04_22:12:01.642387
ED   55,0.00%,NO,&nbsp,59,AD 58,2025-11-04_22:12:01.642387
ED   56,0.00%,YES,&nbsp,183,AD 58,2025-11-04_22:12:01.642387
ED   56,0.00%,NO,&nbsp,79,AD 58,2025-11-04_22:12:01.642387
ED   57,0.00%,YES,&nbsp,286,AD 58,2025-11-04_22:12:01.642387
ED   57,0.00%,NO,&nbsp,128,AD 58,2025-11-04_22:12:01.642387
ED   58,0.00%,YES,&nbsp,316,AD 58,2025-11-04_22:12:01.642387
ED   58,0.00%,NO,&nbsp,139,AD 58,2025-11-04_22:12:01.642387
ED   59,0.00%,YES,&nbsp,322,AD 58,2025-11-04_22:12:01.642387
ED   59,0.00%,NO,&nbsp,134,AD 58,2025-11-04_22:12:01.642387
ED   60,0.00%,YES,&nbsp,337,AD 58,2025-11-04_22:12:01.642387
ED   60,0.00%,NO,&nbsp,127,AD 58,2025-11-04_22:12:01.642387
ED   61,0.00%,YES,&nbsp,44,AD 58,2025-11-04_22:12:01.642387
ED   61,0.00%,NO,&nbsp,15,AD 58,2025-11-04_22:12:01.642387
ED   62,0.00%,YES,&nbsp,273,AD 58,2025-11-04_22:12:01.642387
ED   62,0.00%,NO,&nbsp,88,AD 58,2025-11-04_22:12:01.642387
ED   63,0.00%,YES,&nbsp,264,AD 58,2025-11-04_22:12:01.642387
ED   63,0.00%,NO,&nbsp,88,AD 58,2025-11-04_22:12:01.642387
ED   64,0.00%,YES,&nbsp,134,AD 58,2025-11-04_22:12:01.642387
ED   64,0.00%,NO,&nbsp,45,AD 58,2025-11-04_22:12:01.642387
ED   65,0.00%,YES,&nbsp,-,AD 58,2025-11-04_22:12:01.642387
ED   65,0.00%,NO,&nbsp,-,AD 58,2025-11-04_22:12:01.642387
ED   66,0.00%,YES,&nbsp,-,AD 58,2025-11-04_22:12:01.642387
ED   66,0.00%,NO,&nbsp,-,AD 58,2025-11-04_22:12:01.642387
ED   67,0.00%,YES,&nbsp,-,AD 58,2025-11-04_22:12:01.642387
ED   67,0.00%,NO,&nbsp,-,AD 58,2025-11-04_22:12:01.642387
Total,,YES,&nbsp,14074,AD 58,2025-11-04_22:12:01.642387
Total,,NO,&nbsp,4973,AD 58,2025-11-04_22:12:01.642387
ED    1,0.00%,YES,&nbsp,144,AD 59,2025-11-04_22:12:01.642387
ED    1,0.00%,NO,&nbsp,43,AD 59,2025-11-04_22:12:01.642387
ED    2,0.00%,YES,&nbsp,201,AD 59,2025-11-04_22:12:01.642387
ED    2,0.00%,NO,&nbsp,83,AD 59,2025-11-04_22:12:01.642387
ED    3,0.00%,YES,&nbsp,305,AD 59,2025-11-04_22:12:01.642387
ED    3,0.00%,NO,&nbsp,123,AD 59,2025-11-04_22:12:01.642387
ED    4,0.00%,YES,&nbsp,325,AD 59,2025-11-04_22:12:01.642387
ED    4,0.00%,NO,&nbsp,129,AD 59,2025-11-04_22:12:01.642387
ED    5,0.00%,YES,&nbsp,309,AD 59,2025-11-04_22:12:01.642387
ED    5,0.00%,NO,&nbsp,115,AD 59,2025-11-04_22:12:01.642387
ED    6,0.00%,YES,&nbsp,313,AD 59,2025-11-04_22:12:01.642387
ED    6,0.00%,NO,&nbsp,82,AD 59,2025-11-04_22:12:01.642387
ED    7,0.00%,YES,&nbsp,314,AD 59,2025-11-04_22:12:01.642387
ED    7,0.00%,NO,&nbsp,113,AD 59,2025-11-04_22:12:01.642387
ED    8,0.00%,YES,&nbsp,281,AD 59,2025-11-04_22:12:01.642387
ED    8,0.00%,NO,&nbsp,74,AD 59,2025-11-04_22:12:01.642387
ED    9,0.00%,YES,&nbsp,317,AD 59,2025-11-04_22:12:01.642387
ED    9,0.00%,NO,&nbsp,93,AD 59,2025-11-04_22:12:01.642387
ED   10,0.00%,YES,&nbsp,286,AD 59,2025-11-04_22:12:01.642387
ED   10,0.00%,NO,&nbsp,101,AD 59,2025-11-04_22:12:01.642387
ED   11,0.00%,YES,&nbsp,270,AD 59,2025-11-04_22:12:01.642387
ED   11,0.00%,NO,&nbsp,86,AD 59,2025-11-04_22:12:01.642387
ED   12,0.00%,YES,&nbsp,245,AD 59,2025-11-04_22:12:01.642387
ED   12,0.00%,NO,&nbsp,87,AD 59,2025-11-04_22:12:01.642387
ED   13,0.00%,YES,&nbsp,262,AD 59,2025-11-04_22:12:01.642387
ED   13,0.00%,NO,&nbsp,75,AD 59,2025-11-04_22:12:01.642387
ED   14,0.00%,YES,&nbsp,187,AD 59,2025-11-04_22:12:01.642387
ED   14,0.00%,NO,&nbsp,52,AD 59,2025-11-04_22:12:01.642387
ED   15,0.00%,YES,&nbsp,148,AD 59,2025-11-04_22:12:01.642387
ED   15,0.00%,NO,&nbsp,56,AD 59,2025-11-04_22:12:01.642387
ED   16,0.00%,YES,&nbsp,261,AD 59,2025-11-04_22:12:01.642387
ED   16,0.00%,NO,&nbsp,78,AD 59,2025-11-04_22:12:01.642387
ED   17,0.00%,YES,&nbsp,340,AD 59,2025-11-04_22:12:01.642387
ED   17,0.00%,NO,&nbsp,91,AD 59,2025-11-04_22:12:01.642387
ED   18,0.00%,YES,&nbsp,255,AD 59,2025-11-04_22:12:01.642387
ED   18,0.00%,NO,&nbsp,83,AD 59,2025-11-04_22:12:01.642387
ED   19,0.00%,YES,&nbsp,228,AD 59,2025-11-04_22:12:01.642387
ED   19,0.00%,NO,&nbsp,89,AD 59,2025-11-04_22:12:01.642387
ED   20,0.00%,YES,&nbsp,167,AD 59,2025-11-04_22:12:01.642387
ED   20,0.00%,NO,&nbsp,48,AD 59,2025-11-04_22:12:01.642387
ED   21,0.00%,YES,&nbsp,264,AD 59,2025-11-04_22:12:01.642387
ED   21,0.00%,NO,&nbsp,70,AD 59,2025-11-04_22:12:01.642387
ED   22,0.00%,YES,&nbsp,221,AD 59,2025-11-04_22:12:01.642387
ED   22,0.00%,NO,&nbsp,64,AD 59,2025-11-04_22:12:01.642387
ED   23,0.00%,YES,&nbsp,132,AD 59,2025-11-04_22:12:01.642387
ED   23,0.00%,NO,&nbsp,43,AD 59,2025-11-04_22:12:01.642387
ED   24,0.00%,YES,&nbsp,159,AD 59,2025-11-04_22:12:01.642387
ED   24,0.00%,NO,&nbsp,27,AD 59,2025-11-04_22:12:01.642387
ED   25,0.00%,YES,&nbsp,125,AD 59,2025-11-04_22:12:01.642387
ED   25,0.00%,NO,&nbsp,36,AD 59,2025-11-04_22:12:01.642387
ED   26,0.00%,YES,&nbsp,193,AD 59,2025-11-04_22:12:01.642387
ED   26,0.00%,NO,&nbsp,58,AD 59,2025-11-04_22:12:01.642387
ED   27,0.00%,YES,&nbsp,315,AD 59,2025-11-04_22:12:01.642387
ED   27,0.00%,NO,&nbsp,85,AD 59,2025-11-04_22:12:01.642387
ED   28,0.00%,YES,&nbsp,199,AD 59,2025-11-04_22:12:01.642387
ED   28,0.00%,NO,&nbsp,62,AD 59,2025-11-04_22:12:01.642387
ED   29,0.00%,YES,&nbsp,208,AD 59,2025-11-04_22:12:01.642387
ED   29,0.00%,NO,&nbsp,107,AD 59,2025-11-04_22:12:01.642387
ED   30,0.00%,YES,&nbsp,236,AD 59,2025-11-04_22:12:01.642387
ED   30,0.00%,NO,&nbsp,122,AD 59,2025-11-04_22:12:01.642387
ED   31,0.00%,YES,&nbsp,91,AD 59,2025-11-04_22:12:01.642387
ED   31,0.00%,NO,&nbsp,36,AD 59,2025-11-04_22:12:01.642387
ED   32,0.00%,YES,&nbsp,225,AD 59,2025-11-04_22:12:01.642387
ED   32,0.00%,NO,&nbsp,96,AD 59,2025-11-04_22:12:01.642387
ED   33,0.00%,YES,&nbsp,223,AD 59,2025-11-04_22:12:01.642387
ED   33,0.00%,NO,&nbsp,177,AD 59,2025-11-04_22:12:01.642387
ED   34,0.00%,YES,&nbsp,227,AD 59,2025-11-04_22:12:01.642387
ED   34,0.00%,NO,&nbsp,84,AD 59,2025-11-04_22:12:01.642387
ED   35,0.00%,YES,&nbsp,110,AD 59,2025-11-04_22:12:01.642387
ED   35,0.00%,NO,&nbsp,44,AD 59,2025-11-04_22:12:01.642387
ED   36,0.00%,YES,&nbsp,279,AD 59,2025-11-04_22:12:01.642387
ED   36,0.00%,NO,&nbsp,126,AD 59,2025-11-04_22:12:01.642387
ED   37,0.00%,YES,&nbsp,287,AD 59,2025-11-04_22:12:01.642387
ED   37,0.00%,NO,&nbsp,165,AD 59,2025-11-04_22:12:01.642387
ED   38,0.00%,YES,&nbsp,231,AD 59,2025-11-04_22:12:01.642387
ED   38,0.00%,NO,&nbsp,155,AD 59,2025-11-04_22:12:01.642387
ED   39,0.00%,YES,&nbsp,290,AD 59,2025-11-04_22:12:01.642387
ED   39,0.00%,NO,&nbsp,133,AD 59,2025-11-04_22:12:01.642387
ED   40,0.00%,YES,&nbsp,21,AD 59,2025-11-04_22:12:01.642387
ED   40,0.00%,NO,&nbsp,111,AD 59,2025-11-04_22:12:01.642387
ED   41,0.00%,YES,&nbsp,234,AD 59,2025-11-04_22:12:01.642387
ED   41,0.00%,NO,&nbsp,155,AD 59,2025-11-04_22:12:01.642387
ED   42,0.00%,YES,&nbsp,132,AD 59,2025-11-04_22:12:01.642387
ED   42,0.00%,NO,&nbsp,223,AD 59,2025-11-04_22:12:01.642387
ED   43,0.00%,YES,&nbsp,238,AD 59,2025-11-04_22:12:01.642387
ED   43,0.00%,NO,&nbsp,250,AD 59,2025-11-04_22:12:01.642387
ED   44,0.00%,YES,&nbsp,76,AD 59,2025-11-04_22:12:01.642387
ED   44,0.00%,NO,&nbsp,205,AD 59,2025-11-04_22:12:01.642387
ED   45,0.00%,YES,&nbsp,246,AD 59,2025-11-04_22:12:01.642387
ED   45,0.00%,NO,&nbsp,276,AD 59,2025-11-04_22:12:01.642387
ED   46,0.00%,YES,&nbsp,205,AD 59,2025-11-04_22:12:01.642387
ED   46,0.00%,NO,&nbsp,431,AD 59,2025-11-04_22:12:01.642387
ED   47,0.00%,YES,&nbsp,52,AD 59,2025-11-04_22:12:01.642387
ED   47,0.00%,NO,&nbsp,378,AD 59,2025-11-04_22:12:01.642387
ED   48,0.00%,YES,&nbsp,100,AD 59,2025-11-04_22:12:01.642387
ED   48,0.00%,NO,&nbsp,531,AD 59,2025-11-04_22:12:01.642387
ED   49,0.00%,YES,&nbsp,98,AD 59,2025-11-04_22:12:01.642387
ED   49,0.00%,NO,&nbsp,515,AD 59,2025-11-04_22:12:01.642387
ED   50,0.00%,YES,&nbsp,104,AD 59,2025-11-04_22:12:01.642387
ED   50,0.00%,NO,&nbsp,500,AD 59,2025-11-04_22:12:01.642387
ED   51,0.00%,YES,&nbsp,69,AD 59,2025-11-04_22:12:01.642387
ED   51,0.00%,NO,&nbsp,272,AD 59,2025-11-04_22:12:01.642387
ED   52,0.00%,YES,&nbsp,159,AD 59,2025-11-04_22:12:01.642387
ED   52,0.00%,NO,&nbsp,410,AD 59,2025-11-04_22:12:01.642387
ED   53,0.00%,YES,&nbsp,118,AD 59,2025-11-04_22:12:01.642387
ED   53,0.00%,NO,&nbsp,394,AD 59,2025-11-04_22:12:01.642387
ED   54,0.00%,YES,&nbsp,102,AD 59,2025-11-04_22:12:01.642387
ED   54,0.00%,NO,&nbsp,373,AD 59,2025-11-04_22:12:01.642387
ED   55,0.00%,YES,&nbsp,204,AD 59,2025-11-04_22:12:01.642387
ED   55,0.00%,NO,&nbsp,543,AD 59,2025-11-04_22:12:01.642387
ED   56,0.00%,YES,&nbsp,190,AD 59,2025-11-04_22:12:01.642387
ED   56,0.00%,NO,&nbsp,589,AD 59,2025-11-04_22:12:01.642387
ED   57,0.00%,YES,&nbsp,218,AD 59,2025-11-04_22:12:01.642387
ED   57,0.00%,NO,&nbsp,455,AD 59,2025-11-04_22:12:01.642387
ED   58,0.00%,YES,&nbsp,91,AD 59,2025-11-04_22:12:01.642387
ED   58,0.00%,NO,&nbsp,145,AD 59,2025-11-04_22:12:01.642387
ED   59,0.00%,YES,&nbsp,67,AD 59,2025-11-04_22:12:01.642387
ED   59,0.00%,NO,&nbsp,336,AD 59,2025-11-04_22:12:01.642387
ED   60,0.00%,YES,&nbsp,76,AD 59,2025-11-04_22:12:01.642387
ED   60,0.00%,NO,&nbsp,280,AD 59,2025-11-04_22:12:01.642387
ED   61,0.00%,YES,&nbsp,5,AD 59,2025-11-04_22:12:01.642387
ED   61,0.00%,NO,&nbsp,2,AD 59,2025-11-04_22:12:01.642387
ED   62,0.00%,YES,&nbsp,1,AD 59,2025-11-04_22:12:01.642387
ED   62,0.00%,NO,&nbsp,1,AD 59,2025-11-04_22:12:01.642387
ED   63,0.00%,YES,&nbsp,149,AD 59,2025-11-04_22:12:01.642387
ED   63,0.00%,NO,&nbsp,42,AD 59,2025-11-04_22:12:01.642387
ED   64,0.00%,YES,&nbsp,5,AD 59,2025-11-04_22:12:01.642387
ED   64,0.00%,NO,&nbsp,2,AD 59,2025-11-04_22:12:01.642387
ED   65,0.00%,YES,&nbsp,125,AD 59,2025-11-04_22:12:01.642387
ED   65,0.00%,NO,&nbsp,334,AD 59,2025-11-04_22:12:01.642387
ED   66,0.00%,YES,&nbsp,79,AD 59,2025-11-04_22:12:01.642387
ED   66,0.00%,NO,&nbsp,324,AD 59,2025-11-04_22:12:01.642387
ED   67,0.00%,YES,&nbsp,-,AD 59,2025-11-04_22:12:01.642387
ED   67,0.00%,NO,&nbsp,-,AD 59,2025-11-04_22:12:01.642387
ED   68,0.00%,YES,&nbsp,-,AD 59,2025-11-04_22:12:01.642387
ED   68,0.00%,NO,&nbsp,-,AD 59,2025-11-04_22:12:01.642387
ED   69,0.00%,YES,&nbsp,-,AD 59,2025-11-04_22:12:01.642387
ED   69,0.00%,NO,&nbsp,-,AD 59,2025-11-04_22:12:01.642387
ED   70,0.00%,YES,&nbsp,-,AD 59,2025-11-04_22:12:01.642387
ED   70,0.00%,NO,&nbsp,-,AD 59,2025-11-04_22:12:01.642387
Total,,YES,&nbsp,12337,AD 59,2025-11-04_22:12:01.642387
Total,,NO,&nbsp,11468,AD 59,2025-11-04_22:12:01.642387
ED    1,0.00%,YES,&nbsp,175,AD 60,2025-11-04_22:12:01.642387
ED    1,0.00%,NO,&nbsp,65,AD 60,2025-11-04_22:12:01.642387
ED    2,0.00%,YES,&nbsp,204,AD 60,2025-11-04_22:12:01.642387
ED    2,0.00%,NO,&nbsp,57,AD 60,2025-11-04_22:12:01.642387
ED    3,0.00%,YES,&nbsp,205,AD 60,2025-11-04_22:12:01.642387
ED    3,0.00%,NO,&nbsp,48,AD 60,2025-11-04_22:12:01.642387
ED    4,0.00%,YES,&nbsp,279,AD 60,2025-11-04_22:12:01.642387
ED    4,0.00%,NO,&nbsp,74,AD 60,2025-11-04_22:12:01.642387
ED    5,0.00%,YES,&nbsp,107,AD 60,2025-11-04_22:12:01.642387
ED    5,0.00%,NO,&nbsp,37,AD 60,2025-11-04_22:12:01.642387
ED    6,0.00%,YES,&nbsp,305,AD 60,2025-11-04_22:12:01.642387
ED    6,0.00%,NO,&nbsp,106,AD 60,2025-11-04_22:12:01.642387
ED    7,0.00%,YES,&nbsp,357,AD 60,2025-11-04_22:12:01.642387
ED    7,0.00%,NO,&nbsp,169,AD 60,2025-11-04_22:12:01.642387
ED    8,0.00%,YES,&nbsp,233,AD 60,2025-11-04_22:12:01.642387
ED    8,0.00%,NO,&nbsp,102,AD 60,2025-11-04_22:12:01.642387
ED    9,0.00%,YES,&nbsp,308,AD 60,2025-11-04_22:12:01.642387
ED    9,0.00%,NO,&nbsp,139,AD 60,2025-11-04_22:12:01.642387
ED   10,0.00%,YES,&nbsp,250,AD 60,2025-11-04_22:12:01.642387
ED   10,0.00%,NO,&nbsp,107,AD 60,2025-11-04_22:12:01.642387
ED   11,0.00%,YES,&nbsp,94,AD 60,2025-11-04_22:12:01.642387
ED   11,0.00%,NO,&nbsp,65,AD 60,2025-11-04_22:12:01.642387
ED   12,0.00%,YES,&nbsp,166,AD 60,2025-11-04_22:12:01.642387
ED   12,0.00%,NO,&nbsp,41,AD 60,2025-11-04_22:12:01.642387
ED   13,0.00%,YES,&nbsp,172,AD 60,2025-11-04_22:12:01.642387
ED   13,0.00%,NO,&nbsp,63,AD 60,2025-11-04_22:12:01.642387
ED   14,0.00%,YES,&nbsp,112,AD 60,2025-11-04_22:12:01.642387
ED   14,0.00%,NO,&nbsp,67,AD 60,2025-11-04_22:12:01.642387
ED   15,0.00%,YES,&nbsp,58,AD 60,2025-11-04_22:12:01.642387
ED   15,0.00%,NO,&nbsp,19,AD 60,2025-11-04_22:12:01.642387
ED   16,0.00%,YES,&nbsp,70,AD 60,2025-11-04_22:12:01.642387
ED   16,0.00%,NO,&nbsp,42,AD 60,2025-11-04_22:12:01.642387
ED   17,0.00%,YES,&nbsp,292,AD 60,2025-11-04_22:12:01.642387
ED   17,0.00%,NO,&nbsp,131,AD 60,2025-11-04_22:12:01.642387
ED   18,0.00%,YES,&nbsp,240,AD 60,2025-11-04_22:12:01.642387
ED   18,0.00%,NO,&nbsp,101,AD 60,2025-11-04_22:12:01.642387
ED   19,0.00%,YES,&nbsp,264,AD 60,2025-11-04_22:12:01.642387
ED   19,0.00%,NO,&nbsp,105,AD 60,2025-11-04_22:12:01.642387
ED   20,0.00%,YES,&nbsp,111,AD 60,2025-11-04_22:12:01.642387
ED   20,0.00%,NO,&nbsp,40,AD 60,2025-11-04_22:12:01.642387
ED   21,0.00%,YES,&nbsp,310,AD 60,2025-11-04_22:12:01.642387
ED   21,0.00%,NO,&nbsp,135,AD 60,2025-11-04_22:12:01.642387
ED   22,0.00%,YES,&nbsp,207,AD 60,2025-11-04_22:12:01.642387
ED   22,0.00%,NO,&nbsp,63,AD 60,2025-11-04_22:12:01.642387
ED   23,0.00%,YES,&nbsp,218,AD 60,2025-11-04_22:12:01.642387
ED   23,0.00%,NO,&nbsp,74,AD 60,2025-11-04_22:12:01.642387
ED   24,0.00%,YES,&nbsp,143,AD 60,2025-11-04_22:12:01.642387
ED   24,0.00%,NO,&nbsp,35,AD 60,2025-11-04_22:12:01.642387
ED   25,0.00%,YES,&nbsp,243,AD 60,2025-11-04_22:12:01.642387
ED   25,0.00%,NO,&nbsp,97,AD 60,2025-11-04_22:12:01.642387
ED   26,0.00%,YES,&nbsp,237,AD 60,2025-11-04_22:12:01.642387
ED   26,0.00%,NO,&nbsp,73,AD 60,2025-11-04_22:12:01.642387
ED   27,0.00%,YES,&nbsp,112,AD 60,2025-11-04_22:12:01.642387
ED   27,0.00%,NO,&nbsp,45,AD 60,2025-11-04_22:12:01.642387
ED   28,0.00%,YES,&nbsp,246,AD 60,2025-11-04_22:12:01.642387
ED   28,0.00%,NO,&nbsp,95,AD 60,2025-11-04_22:12:01.642387
ED   29,0.00%,YES,&nbsp,185,AD 60,2025-11-04_22:12:01.642387
ED   29,0.00%,NO,&nbsp,54,AD 60,2025-11-04_22:12:01.642387
ED   30,0.00%,YES,&nbsp,210,AD 60,2025-11-04_22:12:01.642387
ED   30,0.00%,NO,&nbsp,79,AD 60,2025-11-04_22:12:01.642387
ED   31,0.00%,YES,&nbsp,222,AD 60,2025-11-04_22:12:01.642387
ED   31,0.00%,NO,&nbsp,78,AD 60,2025-11-04_22:12:01.642387
ED   32,0.00%,YES,&nbsp,161,AD 60,2025-11-04_22:12:01.642387
ED   32,0.00%,NO,&nbsp,59,AD 60,2025-11-04_22:12:01.642387
ED   33,0.00%,YES,&nbsp,134,AD 60,2025-11-04_22:12:01.642387
ED   33,0.00%,NO,&nbsp,36,AD 60,2025-11-04_22:12:01.642387
ED   34,0.00%,YES,&nbsp,177,AD 60,2025-11-04_22:12:01.642387
ED   34,0.00%,NO,&nbsp,40,AD 60,2025-11-04_22:12:01.642387
ED   35,0.00%,YES,&nbsp,238,AD 60,2025-11-04_22:12:01.642387
ED   35,0.00%,NO,&nbsp,96,AD 60,2025-11-04_22:12:01.642387
ED   36,0.00%,YES,&nbsp,174,AD 60,2025-11-04_22:12:01.642387
ED   36,0.00%,NO,&nbsp,71,AD 60,2025-11-04_22:12:01.642387
ED   37,0.00%,YES,&nbsp,228,AD 60,2025-11-04_22:12:01.642387
ED   37,0.00%,NO,&nbsp,76,AD 60,2025-11-04_22:12:01.642387
ED   38,0.00%,YES,&nbsp,215,AD 60,2025-11-04_22:12:01.642387
ED   38,0.00%,NO,&nbsp,71,AD 60,2025-11-04_22:12:01.642387
ED   39,0.00%,YES,&nbsp,258,AD 60,2025-11-04_22:12:01.642387
ED   39,0.00%,NO,&nbsp,92,AD 60,2025-11-04_22:12:01.642387
ED   40,0.00%,YES,&nbsp,181,AD 60,2025-11-04_22:12:01.642387
ED   40,0.00%,NO,&nbsp,69,AD 60,2025-11-04_22:12:01.642387
ED   41,0.00%,YES,&nbsp,148,AD 60,2025-11-04_22:12:01.642387
ED   41,0.00%,NO,&nbsp,38,AD 60,2025-11-04_22:12:01.642387
ED   42,0.00%,YES,&nbsp,33,AD 60,2025-11-04_22:12:01.642387
ED   42,0.00%,NO,&nbsp,10,AD 60,2025-11-04_22:12:01.642387
ED   43,0.00%,YES,&nbsp,73,AD 60,2025-11-04_22:12:01.642387
ED   43,0.00%,NO,&nbsp,15,AD 60,2025-11-04_22:12:01.642387
ED   44,0.00%,YES,&nbsp,27,AD 60,2025-11-04_22:12:01.642387
ED   44,0.00%,NO,&nbsp,25,AD 60,2025-11-04_22:12:01.642387
ED   45,0.00%,YES,&nbsp,43,AD 60,2025-11-04_22:12:01.642387
ED   45,0.00%,NO,&nbsp,10,AD 60,2025-11-04_22:12:01.642387
ED   46,0.00%,YES,&nbsp,255,AD 60,2025-11-04_22:12:01.642387
ED   46,0.00%,NO,&nbsp,96,AD 60,2025-11-04_22:12:01.642387
ED   47,0.00%,YES,&nbsp,40,AD 60,2025-11-04_22:12:01.642387
ED   47,0.00%,NO,&nbsp,20,AD 60,2025-11-04_22:12:01.642387
ED   48,0.00%,YES,&nbsp,23,AD 60,2025-11-04_22:12:01.642387
ED   48,0.00%,NO,&nbsp,4,AD 60,2025-11-04_22:12:01.642387
ED   49,0.00%,YES,&nbsp,127,AD 60,2025-11-04_22:12:01.642387
ED   49,0.00%,NO,&nbsp,40,AD 60,2025-11-04_22:12:01.642387
ED   50,0.00%,YES,&nbsp,110,AD 60,2025-11-04_22:12:01.642387
ED   50,0.00%,NO,&nbsp,41,AD 60,2025-11-04_22:12:01.642387
ED   51,0.00%,YES,&nbsp,248,AD 60,2025-11-04_22:12:01.642387
ED   51,0.00%,NO,&nbsp,105,AD 60,2025-11-04_22:12:01.642387
ED   52,0.00%,YES,&nbsp,240,AD 60,2025-11-04_22:12:01.642387
ED   52,0.00%,NO,&nbsp,62,AD 60,2025-11-04_22:12:01.642387
ED   53,0.00%,YES,&nbsp,225,AD 60,2025-11-04_22:12:01.642387
ED   53,0.00%,NO,&nbsp,76,AD 60,2025-11-04_22:12:01.642387
ED   54,0.00%,YES,&nbsp,263,AD 60,2025-11-04_22:12:01.642387
ED   54,0.00%,NO,&nbsp,62,AD 60,2025-11-04_22:12:01.642387
ED   55,0.00%,YES,&nbsp,239,AD 60,2025-11-04_22:12:01.642387
ED   55,0.00%,NO,&nbsp,66,AD 60,2025-11-04_22:12:01.642387
ED   56,0.00%,YES,&nbsp,135,AD 60,2025-11-04_22:12:01.642387
ED   56,0.00%,NO,&nbsp,55,AD 60,2025-11-04_22:12:01.642387
ED   57,0.00%,YES,&nbsp,185,AD 60,2025-11-04_22:12:01.642387
ED   57,0.00%,NO,&nbsp,57,AD 60,2025-11-04_22:12:01.642387
ED   58,0.00%,YES,&nbsp,220,AD 60,2025-11-04_22:12:01.642387
ED   58,0.00%,NO,&nbsp,56,AD 60,2025-11-04_22:12:01.642387
ED   59,0.00%,YES,&nbsp,67,AD 60,2025-11-04_22:12:01.642387
ED   59,0.00%,NO,&nbsp,20,AD 60,2025-11-04_22:12:01.642387
ED   60,0.00%,YES,&nbsp,17,AD 60,2025-11-04_22:12:01.642387
ED   60,0.00%,NO,&nbsp,1,AD 60,2025-11-04_22:12:01.642387
ED   61,0.00%,YES,&nbsp,1,AD 60,2025-11-04_22:12:01.642387
ED   61,0.00%,NO,&nbsp,-,AD 60,2025-11-04_22:12:01.642387
ED   62,0.00%,YES,&nbsp,250,AD 60,2025-11-04_22:12:01.642387
ED   62,0.00%,NO,&nbsp,91,AD 60,2025-11-04_22:12:01.642387
ED   63,0.00%,YES,&nbsp,53,AD 60,2025-11-04_22:12:01.642387
ED   63,0.00%,NO,&nbsp,18,AD 60,2025-11-04_22:12:01.642387
ED   64,0.00%,YES,&nbsp,-,AD 60,2025-11-04_22:12:01.642387
ED   64,0.00%,NO,&nbsp,-,AD 60,2025-11-04_22:12:01.642387
Total,,YES,&nbsp,11123,AD 60,2025-11-04_22:12:01.642387
Total,,NO,&nbsp,3984,AD 60,2025-11-04_22:12:01.642387
ED    1,0.00%,YES,&nbsp,251,AD 61,2025-11-04_22:12:01.642387
ED    1,0.00%,NO,&nbsp,130,AD 61,2025-11-04_22:12:01.642387
ED    2,0.00%,YES,&nbsp,274,AD 61,2025-11-04_22:12:01.642387
ED    2,0.00%,NO,&nbsp,146,AD 61,2025-11-04_22:12:01.642387
ED    3,0.00%,YES,&nbsp,212,AD 61,2025-11-04_22:12:01.642387
ED    3,0.00%,NO,&nbsp,46,AD 61,2025-11-04_22:12:01.642387
ED    4,0.00%,YES,&nbsp,271,AD 61,2025-11-04_22:12:01.642387
ED    4,0.00%,NO,&nbsp,72,AD 61,2025-11-04_22:12:01.642387
ED    5,0.00%,YES,&nbsp,225,AD 61,2025-11-04_22:12:01.642387
ED    5,0.00%,NO,&nbsp,257,AD 61,2025-11-04_22:12:01.642387
ED    6,0.00%,YES,&nbsp,201,AD 61,2025-11-04_22:12:01.642387
ED    6,0.00%,NO,&nbsp,40,AD 61,2025-11-04_22:12:01.642387
ED    7,0.00%,YES,&nbsp,228,AD 61,2025-11-04_22:12:01.642387
ED    7,0.00%,NO,&nbsp,109,AD 61,2025-11-04_22:12:01.642387
ED    8,0.00%,YES,&nbsp,312,AD 61,2025-11-04_22:12:01.642387
ED    8,0.00%,NO,&nbsp,181,AD 61,2025-11-04_22:12:01.642387
ED    9,0.00%,YES,&nbsp,260,AD 61,2025-11-04_22:12:01.642387
ED    9,0.00%,NO,&nbsp,188,AD 61,2025-11-04_22:12:01.642387
ED   10,0.00%,YES,&nbsp,243,AD 61,2025-11-04_22:12:01.642387
ED   10,0.00%,NO,&nbsp,170,AD 61,2025-11-04_22:12:01.642387
ED   11,0.00%,YES,&nbsp,329,AD 61,2025-11-04_22:12:01.642387
ED   11,0.00%,NO,&nbsp,347,AD 61,2025-11-04_22:12:01.642387
ED   12,0.00%,YES,&nbsp,362,AD 61,2025-11-04_22:12:01.642387
ED   12,0.00%,NO,&nbsp,273,AD 61,2025-11-04_22:12:01.642387
ED   13,0.00%,YES,&nbsp,378,AD 61,2025-11-04_22:12:01.642387
ED   13,0.00%,NO,&nbsp,176,AD 61,2025-11-04_22:12:01.642387
ED   14,0.00%,YES,&nbsp,152,AD 61,2025-11-04_22:12:01.642387
ED   14,0.00%,NO,&nbsp,64,AD 61,2025-11-04_22:12:01.642387
ED   15,0.00%,YES,&nbsp,261,AD 61,2025-11-04_22:12:01.642387
ED   15,0.00%,NO,&nbsp,133,AD 61,2025-11-04_22:12:01.642387
ED   16,0.00%,YES,&nbsp,171,AD 61,2025-11-04_22:12:01.642387
ED   16,0.00%,NO,&nbsp,97,AD 61,2025-11-04_22:12:01.642387
ED   17,0.00%,YES,&nbsp,147,AD 61,2025-11-04_22:12:01.642387
ED   17,0.00%,NO,&nbsp,380,AD 61,2025-11-04_22:12:01.642387
ED   18,0.00%,YES,&nbsp,190,AD 61,2025-11-04_22:12:01.642387
ED   18,0.00%,NO,&nbsp,103,AD 61,2025-11-04_22:12:01.642387
ED   19,0.00%,YES,&nbsp,219,AD 61,2025-11-04_22:12:01.642387
ED   19,0.00%,NO,&nbsp,183,AD 61,2025-11-04_22:12:01.642387
ED   20,0.00%,YES,&nbsp,221,AD 61,2025-11-04_22:12:01.642387
ED   20,0.00%,NO,&nbsp,177,AD 61,2025-11-04_22:12:01.642387
ED   21,0.00%,YES,&nbsp,245,AD 61,2025-11-04_22:12:01.642387
ED   21,0.00%,NO,&nbsp,450,AD 61,2025-11-04_22:12:01.642387
ED   22,0.00%,YES,&nbsp,311,AD 61,2025-11-04_22:12:01.642387
ED   22,0.00%,NO,&nbsp,301,AD 61,2025-11-04_22:12:01.642387
ED   23,0.00%,YES,&nbsp,284,AD 61,2025-11-04_22:12:01.642387
ED   23,0.00%,NO,&nbsp,115,AD 61,2025-11-04_22:12:01.642387
ED   24,0.00%,YES,&nbsp,228,AD 61,2025-11-04_22:12:01.642387
ED   24,0.00%,NO,&nbsp,52,AD 61,2025-11-04_22:12:01.642387
ED   25,0.00%,YES,&nbsp,195,AD 61,2025-11-04_22:12:01.642387
ED   25,0.00%,NO,&nbsp,170,AD 61,2025-11-04_22:12:01.642387
ED   26,0.00%,YES,&nbsp,153,AD 61,2025-11-04_22:12:01.642387
ED   26,0.00%,NO,&nbsp,440,AD 61,2025-11-04_22:12:01.642387
ED   27,0.00%,YES,&nbsp,123,AD 61,2025-11-04_22:12:01.642387
ED   27,0.00%,NO,&nbsp,269,AD 61,2025-11-04_22:12:01.642387
ED   28,0.00%,YES,&nbsp,196,AD 61,2025-11-04_22:12:01.642387
ED   28,0.00%,NO,&nbsp,218,AD 61,2025-11-04_22:12:01.642387
ED   29,0.00%,YES,&nbsp,274,AD 61,2025-11-04_22:12:01.642387
ED   29,0.00%,NO,&nbsp,200,AD 61,2025-11-04_22:12:01.642387
ED   30,0.00%,YES,&nbsp,313,AD 61,2025-11-04_22:12:01.642387
ED   30,0.00%,NO,&nbsp,147,AD 61,2025-11-04_22:12:01.642387
ED   31,0.00%,YES,&nbsp,264,AD 61,2025-11-04_22:12:01.642387
ED   31,0.00%,NO,&nbsp,285,AD 61,2025-11-04_22:12:01.642387
ED   32,0.00%,YES,&nbsp,220,AD 61,2025-11-04_22:12:01.642387
ED   32,0.00%,NO,&nbsp,272,AD 61,2025-11-04_22:12:01.642387
ED   33,0.00%,YES,&nbsp,243,AD 61,2025-11-04_22:12:01.642387
ED   33,0.00%,NO,&nbsp,171,AD 61,2025-11-04_22:12:01.642387
ED   34,0.00%,YES,&nbsp,235,AD 61,2025-11-04_22:12:01.642387
ED   34,0.00%,NO,&nbsp,145,AD 61,2025-11-04_22:12:01.642387
ED   35,0.00%,YES,&nbsp,273,AD 61,2025-11-04_22:12:01.642387
ED   35,0.00%,NO,&nbsp,173,AD 61,2025-11-04_22:12:01.642387
ED   36,0.00%,YES,&nbsp,326,AD 61,2025-11-04_22:12:01.642387
ED   36,0.00%,NO,&nbsp,162,AD 61,2025-11-04_22:12:01.642387
ED   37,0.00%,YES,&nbsp,334,AD 61,2025-11-04_22:12:01.642387
ED   37,0.00%,NO,&nbsp,173,AD 61,2025-11-04_22:12:01.642387
ED   38,0.00%,YES,&nbsp,306,AD 61,2025-11-04_22:12:01.642387
ED   38,0.00%,NO,&nbsp,241,AD 61,2025-11-04_22:12:01.642387
ED   39,0.00%,YES,&nbsp,321,AD 61,2025-11-04_22:12:01.642387
ED   39,0.00%,NO,&nbsp,246,AD 61,2025-11-04_22:12:01.642387
ED   40,0.00%,YES,&nbsp,171,AD 61,2025-11-04_22:12:01.642387
ED   40,0.00%,NO,&nbsp,583,AD 61,2025-11-04_22:12:01.642387
ED   41,0.00%,YES,&nbsp,203,AD 61,2025-11-04_22:12:01.642387
ED   41,0.00%,NO,&nbsp,570,AD 61,2025-11-04_22:12:01.642387
ED   42,0.00%,YES,&nbsp,158,AD 61,2025-11-04_22:12:01.642387
ED   42,0.00%,NO,&nbsp,580,AD 61,2025-11-04_22:12:01.642387
ED   43,0.00%,YES,&nbsp,191,AD 61,2025-11-04_22:12:01.642387
ED   43,0.00%,NO,&nbsp,495,AD 61,2025-11-04_22:12:01.642387
ED   44,0.00%,YES,&nbsp,151,AD 61,2025-11-04_22:12:01.642387
ED   44,0.00%,NO,&nbsp,405,AD 61,2025-11-04_22:12:01.642387
ED   45,0.00%,YES,&nbsp,146,AD 61,2025-11-04_22:12:01.642387
ED   45,0.00%,NO,&nbsp,181,AD 61,2025-11-04_22:12:01.642387
ED   46,0.00%,YES,&nbsp,100,AD 61,2025-11-04_22:12:01.642387
ED   46,0.00%,NO,&nbsp,291,AD 61,2025-11-04_22:12:01.642387
ED   47,0.00%,YES,&nbsp,43,AD 61,2025-11-04_22:12:01.642387
ED   47,0.00%,NO,&nbsp,27,AD 61,2025-11-04_22:12:01.642387
ED   48,0.00%,YES,&nbsp,101,AD 61,2025-11-04_22:12:01.642387
ED   48,0.00%,NO,&nbsp,117,AD 61,2025-11-04_22:12:01.642387
ED   49,0.00%,YES,&nbsp,-,AD 61,2025-11-04_22:12:01.642387
ED   49,0.00%,NO,&nbsp,-,AD 61,2025-11-04_22:12:01.642387
ED   50,0.00%,YES,&nbsp,-,AD 61,2025-11-04_22:12:01.642387
ED   50,0.00%,NO,&nbsp,-,AD 61,2025-11-04_22:12:01.642387
ED   51,0.00%,YES,&nbsp,-,AD 61,2025-11-04_22:12:01.642387
ED   51,0.00%,NO,&nbsp,-,AD 61,2025-11-04_22:12:01.642387
ED   52,0.00%,YES,&nbsp,-,AD 61,2025-11-04_22:12:01.642387
ED   52,0.00%,NO,&nbsp,-,AD 61,2025-11-04_22:12:01.642387
ED   60,0.00%,YES,&nbsp,345,AD 61,2025-11-04_22:12:01.642387
ED   60,0.00%,NO,&nbsp,215,AD 61,2025-11-04_22:12:01.642387
ED   61,0.00%,YES,&nbsp,432,AD 61,2025-11-04_22:12:01.642387
ED   61,0.00%,NO,&nbsp,352,AD 61,2025-11-04_22:12:01.642387
ED   62,0.00%,YES,&nbsp,357,AD 61,2025-11-04_22:12:01.642387
ED   62,0.00%,NO,&nbsp,338,AD 61,2025-11-04_22:12:01.642387
ED   63,0.00%,YES,&nbsp,460,AD 61,2025-11-04_22:12:01.642387
ED   63,0.00%,NO,&nbsp,399,AD 61,2025-11-04_22:12:01.642387
ED   64,0.00%,YES,&nbsp,271,AD 61,2025-11-04_22:12:01.642387
ED   64,0.00%,NO,&nbsp,193,AD 61,2025-11-04_22:12:01.642387
ED   65,0.00%,YES,&nbsp,460,AD 61,2025-11-04_22:12:01.642387
ED   65,0.00%,NO,&nbsp,323,AD 61,2025-11-04_22:12:01.642387
ED   66,0.00%,YES,&nbsp,381,AD 61,2025-11-04_22:12:01.642387
ED   66,0.00%,NO,&nbsp,363,AD 61,2025-11-04_22:12:01.642387
ED   67,0.00%,YES,&nbsp,432,AD 61,2025-11-04_22:12:01.642387
ED   67,0.00%,NO,&nbsp,291,AD 61,2025-11-04_22:12:01.642387
ED   68,0.00%,YES,&nbsp,468,AD 61,2025-11-04_22:12:01.642387
ED   68,0.00%,NO,&nbsp,370,AD 61,2025-11-04_22:12:01.642387
ED   69,0.00%,YES,&nbsp,-,AD 61,2025-11-04_22:12:01.642387
ED   69,0.00%,NO,&nbsp,-,AD 61,2025-11-04_22:12:01.642387
ED   70,0.00%,YES,&nbsp,-,AD 61,2025-11-04_22:12:01.642387
ED   70,0.00%,NO,&nbsp,-,AD 61,2025-11-04_22:12:01.642387
ED   71,0.00%,YES,&nbsp,-,AD 61,2025-11-04_22:12:01.642387
ED   71,0.00%,NO,&nbsp,-,AD 61,2025-11-04_22:12:01.642387
ED   72,0.00%,YES,&nbsp,-,AD 61,2025-11-04_22:12:01.642387
ED   72,0.00%,NO,&nbsp,-,AD 61,2025-11-04_22:12:01.642387
ED   73,0.00%,YES,&nbsp,-,AD 61,2025-11-04_22:12:01.642387
ED   73,0.00%,NO,&nbsp,-,AD 61,2025-11-04_22:12:01.642387
ED   74,0.00%,YES,&nbsp,-,AD 61,2025-11-04_22:12:01.642387
ED   74,0.00%,NO,&nbsp,-,AD 61,2025-11-04_22:12:01.642387
ED  100,0.00%,YES,&nbsp,-,AD 61,2025-11-04_22:12:01.642387
ED  100,0.00%,NO,&nbsp,2,AD 61,2025-11-04_22:12:01.642387
ED  101,0.00%,YES,&nbsp,-,AD 61,2025-11-04_22:12:01.642387
ED  101,0.00%,NO,&nbsp,-,AD 61,2025-11-04_22:12:01.642387
ED  102,0.00%,YES,&nbsp,-,AD 61,2025-11-04_22:12:01.642387
ED  102,0.00%,NO,&nbsp,-,AD 61,2025-11-04_22:12:01.642387
ED  103,0.00%,YES,&nbsp,-,AD 61,2025-11-04_22:12:01.642387
ED  103,0.00%,NO,&nbsp,-,AD 61,2025-11-04_22:12:01.642387
ED  104,0.00%,YES,&nbsp,-,AD 61,2025-11-04_22:12:01.642387
ED  104,0.00%,NO,&nbsp,-,AD 61,2025-11-04_22:12:01.642387
ED  105,0.00%,YES,&nbsp,-,AD 61,2025-11-04_22:12:01.642387
ED  105,0.00%,NO,&nbsp,-,AD 61,2025-11-04_22:12:01.642387
ED  106,0.00%,YES,&nbsp,-,AD 61,2025-11-04_22:12:01.642387
ED  106,0.00%,NO,&nbsp,-,AD 61,2025-11-04_22:12:01.642387
ED  107,0.00%,YES,&nbsp,-,AD 61,2025-11-04_22:12:01.642387
ED  107,0.00%,NO,&nbsp,-,AD 61,2025-11-04_22:12:01.642387
ED  108,0.00%,YES,&nbsp,-,AD 61,2025-11-04_22:12:01.642387
ED  108,0.00%,NO,&nbsp,-,AD 61,2025-11-04_22:12:01.642387
ED  109,0.00%,YES,&nbsp,-,AD 61,2025-11-04_22:12:01.642387
ED  109,0.00%,NO,&nbsp,-,AD 61,2025-11-04_22:12:01.642387
ED  110,0.00%,YES,&nbsp,-,AD 61,2025-11-04_22:12:01.642387
ED  110,0.00%,NO,&nbsp,-,AD 61,2025-11-04_22:12:01.642387
ED  111,0.00%,YES,&nbsp,-,AD 61,2025-11-04_22:12:01.642387
ED  111,0.00%,NO,&nbsp,-,AD 61,2025-11-04_22:12:01.642387
ED  112,0.00%,YES,&nbsp,-,AD 61,2025-11-04_22:12:01.642387
ED  112,0.00%,NO,&nbsp,-,AD 61,2025-11-04_22:12:01.642387
ED  113,0.00%,YES,&nbsp,-,AD 61,2025-11-04_22:12:01.642387
ED  113,0.00%,NO,&nbsp,-,AD 61,2025-11-04_22:12:01.642387
ED  114,0.00%,YES,&nbsp,-,AD 61,2025-11-04_22:12:01.642387
ED  114,0.00%,NO,&nbsp,-,AD 61,2025-11-04_22:12:01.642387
Total,,YES,&nbsp,14621,AD 61,2025-11-04_22:12:01.642387
Total,,NO,&nbsp,13597,AD 61,2025-11-04_22:12:01.642387
ED    1,0.00%,YES,&nbsp,74,AD 62,2025-11-04_22:12:01.642387
ED    1,0.00%,NO,&nbsp,732,AD 62,2025-11-04_22:12:01.642387
ED    2,0.00%,YES,&nbsp,85,AD 62,2025-11-04_22:12:01.642387
ED    2,0.00%,NO,&nbsp,791,AD 62,2025-11-04_22:12:01.642387
ED    3,0.00%,YES,&nbsp,139,AD 62,2025-11-04_22:12:01.642387
ED    3,0.00%,NO,&nbsp,645,AD 62,2025-11-04_22:12:01.642387
ED    4,0.00%,YES,&nbsp,112,AD 62,2025-11-04_22:12:01.642387
ED    4,0.00%,NO,&nbsp,607,AD 62,2025-11-04_22:12:01.642387
ED    5,0.00%,YES,&nbsp,96,AD 62,2025-11-04_22:12:01.642387
ED    5,0.00%,NO,&nbsp,674,AD 62,2025-11-04_22:12:01.642387
ED    6,0.00%,YES,&nbsp,101,AD 62,2025-11-04_22:12:01.642387
ED    6,0.00%,NO,&nbsp,599,AD 62,2025-11-04_22:12:01.642387
ED    7,0.00%,YES,&nbsp,121,AD 62,2025-11-04_22:12:01.642387
ED    7,0.00%,NO,&nbsp,675,AD 62,2025-11-04_22:12:01.642387
ED    8,0.00%,YES,&nbsp,121,AD 62,2025-11-04_22:12:01.642387
ED    8,0.00%,NO,&nbsp,626,AD 62,2025-11-04_22:12:01.642387
ED    9,0.00%,YES,&nbsp,134,AD 62,2025-11-04_22:12:01.642387
ED    9,0.00%,NO,&nbsp,712,AD 62,2025-11-04_22:12:01.642387
ED   10,0.00%,YES,&nbsp,141,AD 62,2025-11-04_22:12:01.642387
ED   10,0.00%,NO,&nbsp,631,AD 62,2025-11-04_22:12:01.642387
ED   11,0.00%,YES,&nbsp,178,AD 62,2025-11-04_22:12:01.642387
ED   11,0.00%,NO,&nbsp,518,AD 62,2025-11-04_22:12:01.642387
ED   12,0.00%,YES,&nbsp,126,AD 62,2025-11-04_22:12:01.642387
ED   12,0.00%,NO,&nbsp,639,AD 62,2025-11-04_22:12:01.642387
ED   13,0.00%,YES,&nbsp,137,AD 62,2025-11-04_22:12:01.642387
ED   13,0.00%,NO,&nbsp,670,AD 62,2025-11-04_22:12:01.642387
ED   14,0.00%,YES,&nbsp,112,AD 62,2025-11-04_22:12:01.642387
ED   14,0.00%,NO,&nbsp,670,AD 62,2025-11-04_22:12:01.642387
ED   15,0.00%,YES,&nbsp,134,AD 62,2025-11-04_22:12:01.642387
ED   15,0.00%,NO,&nbsp,701,AD 62,2025-11-04_22:12:01.642387
ED   16,0.00%,YES,&nbsp,137,AD 62,2025-11-04_22:12:01.642387
ED   16,0.00%,NO,&nbsp,716,AD 62,2025-11-04_22:12:01.642387
ED   17,0.00%,YES,&nbsp,123,AD 62,2025-11-04_22:12:01.642387
ED   17,0.00%,NO,&nbsp,621,AD 62,2025-11-04_22:12:01.642387
ED   18,0.00%,YES,&nbsp,124,AD 62,2025-11-04_22:12:01.642387
ED   18,0.00%,NO,&nbsp,681,AD 62,2025-11-04_22:12:01.642387
ED   19,0.00%,YES,&nbsp,133,AD 62,2025-11-04_22:12:01.642387
ED   19,0.00%,NO,&nbsp,681,AD 62,2025-11-04_22:12:01.642387
ED   20,0.00%,YES,&nbsp,142,AD 62,2025-11-04_22:12:01.642387
ED   20,0.00%,NO,&nbsp,668,AD 62,2025-11-04_22:12:01.642387
ED   21,0.00%,YES,&nbsp,147,AD 62,2025-11-04_22:12:01.642387
ED   21,0.00%,NO,&nbsp,711,AD 62,2025-11-04_22:12:01.642387
ED   22,0.00%,YES,&nbsp,147,AD 62,2025-11-04_22:12:01.642387
ED   22,0.00%,NO,&nbsp,595,AD 62,2025-11-04_22:12:01.642387
ED   23,0.00%,YES,&nbsp,158,AD 62,2025-11-04_22:12:01.642387
ED   23,0.00%,NO,&nbsp,605,AD 62,2025-11-04_22:12:01.642387
ED   24,0.00%,YES,&nbsp,175,AD 62,2025-11-04_22:12:01.642387
ED   24,0.00%,NO,&nbsp,568,AD 62,2025-11-04_22:12:01.642387
ED   25,0.00%,YES,&nbsp,172,AD 62,2025-11-04_22:12:01.642387
ED   25,0.00%,NO,&nbsp,562,AD 62,2025-11-04_22:12:01.642387
ED   26,0.00%,YES,&nbsp,177,AD 62,2025-11-04_22:12:01.642387
ED   26,0.00%,NO,&nbsp,543,AD 62,2025-11-04_22:12:01.642387
ED   27,0.00%,YES,&nbsp,162,AD 62,2025-11-04_22:12:01.642387
ED   27,0.00%,NO,&nbsp,635,AD 62,2025-11-04_22:12:01.642387
ED   28,0.00%,YES,&nbsp,164,AD 62,2025-11-04_22:12:01.642387
ED   28,0.00%,NO,&nbsp,530,AD 62,2025-11-04_22:12:01.642387
ED   29,0.00%,YES,&nbsp,192,AD 62,2025-11-04_22:12:01.642387
ED   29,0.00%,NO,&nbsp,610,AD 62,2025-11-04_22:12:01.642387
ED   30,0.00%,YES,&nbsp,160,AD 62,2025-11-04_22:12:01.642387
ED   30,0.00%,NO,&nbsp,471,AD 62,2025-11-04_22:12:01.642387
ED   31,0.00%,YES,&nbsp,197,AD 62,2025-11-04_22:12:01.642387
ED   31,0.00%,NO,&nbsp,618,AD 62,2025-11-04_22:12:01.642387
ED   32,0.00%,YES,&nbsp,176,AD 62,2025-11-04_22:12:01.642387
ED   32,0.00%,NO,&nbsp,534,AD 62,2025-11-04_22:12:01.642387
ED   33,0.00%,YES,&nbsp,136,AD 62,2025-11-04_22:12:01.642387
ED   33,0.00%,NO,&nbsp,542,AD 62,2025-11-04_22:12:01.642387
ED   34,0.00%,YES,&nbsp,155,AD 62,2025-11-04_22:12:01.642387
ED   34,0.00%,NO,&nbsp,612,AD 62,2025-11-04_22:12:01.642387
ED   35,0.00%,YES,&nbsp,41,AD 62,2025-11-04_22:12:01.642387
ED   35,0.00%,NO,&nbsp,203,AD 62,2025-11-04_22:12:01.642387
ED   36,0.00%,YES,&nbsp,121,AD 62,2025-11-04_22:12:01.642387
ED   36,0.00%,NO,&nbsp,627,AD 62,2025-11-04_22:12:01.642387
ED   37,0.00%,YES,&nbsp,137,AD 62,2025-11-04_22:12:01.642387
ED   37,0.00%,NO,&nbsp,491,AD 62,2025-11-04_22:12:01.642387
ED   38,0.00%,YES,&nbsp,142,AD 62,2025-11-04_22:12:01.642387
ED   38,0.00%,NO,&nbsp,625,AD 62,2025-11-04_22:12:01.642387
ED   39,0.00%,YES,&nbsp,99,AD 62,2025-11-04_22:12:01.642387
ED   39,0.00%,NO,&nbsp,516,AD 62,2025-11-04_22:12:01.642387
ED   40,0.00%,YES,&nbsp,104,AD 62,2025-11-04_22:12:01.642387
ED   40,0.00%,NO,&nbsp,574,AD 62,2025-11-04_22:12:01.642387
ED   41,0.00%,YES,&nbsp,119,AD 62,2025-11-04_22:12:01.642387
ED   41,0.00%,NO,&nbsp,681,AD 62,2025-11-04_22:12:01.642387
ED   42,0.00%,YES,&nbsp,124,AD 62,2025-11-04_22:12:01.642387
ED   42,0.00%,NO,&nbsp,667,AD 62,2025-11-04_22:12:01.642387
ED   43,0.00%,YES,&nbsp,131,AD 62,2025-11-04_22:12:01.642387
ED   43,0.00%,NO,&nbsp,697,AD 62,2025-11-04_22:12:01.642387
ED   44,0.00%,YES,&nbsp,206,AD 62,2025-11-04_22:12:01.642387
ED   44,0.00%,NO,&nbsp,313,AD 62,2025-11-04_22:12:01.642387
ED   45,0.00%,YES,&nbsp,166,AD 62,2025-11-04_22:12:01.642387
ED   45,0.00%,NO,&nbsp,526,AD 62,2025-11-04_22:12:01.642387
ED   46,0.00%,YES,&nbsp,159,AD 62,2025-11-04_22:12:01.642387
ED   46,0.00%,NO,&nbsp,623,AD 62,2025-11-04_22:12:01.642387
ED   47,0.00%,YES,&nbsp,184,AD 62,2025-11-04_22:12:01.642387
ED   47,0.00%,NO,&nbsp,417,AD 62,2025-11-04_22:12:01.642387
ED   48,0.00%,YES,&nbsp,138,AD 62,2025-11-04_22:12:01.642387
ED   48,0.00%,NO,&nbsp,582,AD 62,2025-11-04_22:12:01.642387
ED   49,0.00%,YES,&nbsp,167,AD 62,2025-11-04_22:12:01.642387
ED   49,0.00%,NO,&nbsp,550,AD 62,2025-11-04_22:12:01.642387
ED   50,0.00%,YES,&nbsp,179,AD 62,2025-11-04_22:12:01.642387
ED   50,0.00%,NO,&nbsp,549,AD 62,2025-11-04_22:12:01.642387
ED   51,0.00%,YES,&nbsp,144,AD 62,2025-11-04_22:12:01.642387
ED   51,0.00%,NO,&nbsp,557,AD 62,2025-11-04_22:12:01.642387
ED   52,0.00%,YES,&nbsp,159,AD 62,2025-11-04_22:12:01.642387
ED   52,0.00%,NO,&nbsp,499,AD 62,2025-11-04_22:12:01.642387
ED   53,0.00%,YES,&nbsp,159,AD 62,2025-11-04_22:12:01.642387
ED   53,0.00%,NO,&nbsp,544,AD 62,2025-11-04_22:12:01.642387
ED   54,0.00%,YES,&nbsp,168,AD 62,2025-11-04_22:12:01.642387
ED   54,0.00%,NO,&nbsp,493,AD 62,2025-11-04_22:12:01.642387
ED   55,0.00%,YES,&nbsp,199,AD 62,2025-11-04_22:12:01.642387
ED   55,0.00%,NO,&nbsp,485,AD 62,2025-11-04_22:12:01.642387
ED   56,0.00%,YES,&nbsp,207,AD 62,2025-11-04_22:12:01.642387
ED   56,0.00%,NO,&nbsp,418,AD 62,2025-11-04_22:12:01.642387
ED   57,0.00%,YES,&nbsp,71,AD 62,2025-11-04_22:12:01.642387
ED   57,0.00%,NO,&nbsp,247,AD 62,2025-11-04_22:12:01.642387
ED   58,0.00%,YES,&nbsp,75,AD 62,2025-11-04_22:12:01.642387
ED   58,0.00%,NO,&nbsp,268,AD 62,2025-11-04_22:12:01.642387
ED   59,0.00%,YES,&nbsp,117,AD 62,2025-11-04_22:12:01.642387
ED   59,0.00%,NO,&nbsp,679,AD 62,2025-11-04_22:12:01.642387
ED   60,0.00%,YES,&nbsp,161,AD 62,2025-11-04_22:12:01.642387
ED   60,0.00%,NO,&nbsp,641,AD 62,2025-11-04_22:12:01.642387
ED   61,0.00%,YES,&nbsp,151,AD 62,2025-11-04_22:12:01.642387
ED   61,0.00%,NO,&nbsp,446,AD 62,2025-11-04_22:12:01.642387
ED   62,0.00%,YES,&nbsp,97,AD 62,2025-11-04_22:12:01.642387
ED   62,0.00%,NO,&nbsp,607,AD 62,2025-11-04_22:12:01.642387
ED   63,0.00%,YES,&nbsp,-,AD 62,2025-11-04_22:12:01.642387
ED   63,0.00%,NO,&nbsp,-,AD 62,2025-11-04_22:12:01.642387
ED   64,0.00%,YES,&nbsp,-,AD 62,2025-11-04_22:12:01.642387
ED   64,0.00%,NO,&nbsp,-,AD 62,2025-11-04_22:12:01.642387
ED   65,0.00%,YES,&nbsp,-,AD 62,2025-11-04_22:12:01.642387
ED   65,0.00%,NO,&nbsp,-,AD 62,2025-11-04_22:12:01.642387
Total,,YES,&nbsp,8713,AD 62,2025-11-04_22:12:01.642387
Total,,NO,&nbsp,35918,AD 62,2025-11-04_22:12:01.642387
ED    1,0.00%,YES,&nbsp,241,AD 63,2025-11-04_22:12:01.642387
ED    1,0.00%,NO,&nbsp,111,AD 63,2025-11-04_22:12:01.642387
ED    2,0.00%,YES,&nbsp,210,AD 63,2025-11-04_22:12:01.642387
ED    2,0.00%,NO,&nbsp,164,AD 63,2025-11-04_22:12:01.642387
ED    3,0.00%,YES,&nbsp,169,AD 63,2025-11-04_22:12:01.642387
ED    3,0.00%,NO,&nbsp,166,AD 63,2025-11-04_22:12:01.642387
ED    4,0.00%,YES,&nbsp,177,AD 63,2025-11-04_22:12:01.642387
ED    4,0.00%,NO,&nbsp,198,AD 63,2025-11-04_22:12:01.642387
ED    5,0.00%,YES,&nbsp,167,AD 63,2025-11-04_22:12:01.642387
ED    5,0.00%,NO,&nbsp,152,AD 63,2025-11-04_22:12:01.642387
ED    6,0.00%,YES,&nbsp,178,AD 63,2025-11-04_22:12:01.642387
ED    6,0.00%,NO,&nbsp,297,AD 63,2025-11-04_22:12:01.642387
ED    7,0.00%,YES,&nbsp,135,AD 63,2025-11-04_22:12:01.642387
ED    7,0.00%,NO,&nbsp,277,AD 63,2025-11-04_22:12:01.642387
ED    8,0.00%,YES,&nbsp,83,AD 63,2025-11-04_22:12:01.642387
ED    8,0.00%,NO,&nbsp,114,AD 63,2025-11-04_22:12:01.642387
ED    9,0.00%,YES,&nbsp,53,AD 63,2025-11-04_22:12:01.642387
ED    9,0.00%,NO,&nbsp,89,AD 63,2025-11-04_22:12:01.642387
ED   10,0.00%,YES,&nbsp,222,AD 63,2025-11-04_22:12:01.642387
ED   10,0.00%,NO,&nbsp,273,AD 63,2025-11-04_22:12:01.642387
ED   11,0.00%,YES,&nbsp,170,AD 63,2025-11-04_22:12:01.642387
ED   11,0.00%,NO,&nbsp,315,AD 63,2025-11-04_22:12:01.642387
ED   12,0.00%,YES,&nbsp,193,AD 63,2025-11-04_22:12:01.642387
ED   12,0.00%,NO,&nbsp,250,AD 63,2025-11-04_22:12:01.642387
ED   13,0.00%,YES,&nbsp,122,AD 63,2025-11-04_22:12:01.642387
ED   13,0.00%,NO,&nbsp,171,AD 63,2025-11-04_22:12:01.642387
ED   14,0.00%,YES,&nbsp,214,AD 63,2025-11-04_22:12:01.642387
ED   14,0.00%,NO,&nbsp,458,AD 63,2025-11-04_22:12:01.642387
ED   15,0.00%,YES,&nbsp,154,AD 63,2025-11-04_22:12:01.642387
ED   15,0.00%,NO,&nbsp,407,AD 63,2025-11-04_22:12:01.642387
ED   16,0.00%,YES,&nbsp,250,AD 63,2025-11-04_22:12:01.642387
ED   16,0.00%,NO,&nbsp,435,AD 63,2025-11-04_22:12:01.642387
ED   17,0.00%,YES,&nbsp,155,AD 63,2025-11-04_22:12:01.642387
ED   17,0.00%,NO,&nbsp,617,AD 63,2025-11-04_22:12:01.642387
ED   18,0.00%,YES,&nbsp,189,AD 63,2025-11-04_22:12:01.642387
ED   18,0.00%,NO,&nbsp,627,AD 63,2025-11-04_22:12:01.642387
ED   19,0.00%,YES,&nbsp,66,AD 63,2025-11-04_22:12:01.642387
ED   19,0.00%,NO,&nbsp,160,AD 63,2025-11-04_22:12:01.642387
ED   20,0.00%,YES,&nbsp,123,AD 63,2025-11-04_22:12:01.642387
ED   20,0.00%,NO,&nbsp,256,AD 63,2025-11-04_22:12:01.642387
ED   21,0.00%,YES,&nbsp,128,AD 63,2025-11-04_22:12:01.642387
ED   21,0.00%,NO,&nbsp,306,AD 63,2025-11-04_22:12:01.642387
ED   22,0.00%,YES,&nbsp,117,AD 63,2025-11-04_22:12:01.642387
ED   22,0.00%,NO,&nbsp,35,AD 63,2025-11-04_22:12:01.642387
ED   23,0.00%,YES,&nbsp,132,AD 63,2025-11-04_22:12:01.642387
ED   23,0.00%,NO,&nbsp,174,AD 63,2025-11-04_22:12:01.642387
ED   24,0.00%,YES,&nbsp,291,AD 63,2025-11-04_22:12:01.642387
ED   24,0.00%,NO,&nbsp,329,AD 63,2025-11-04_22:12:01.642387
ED   25,0.00%,YES,&nbsp,119,AD 63,2025-11-04_22:12:01.642387
ED   25,0.00%,NO,&nbsp,320,AD 63,2025-11-04_22:12:01.642387
ED   26,0.00%,YES,&nbsp,137,AD 63,2025-11-04_22:12:01.642387
ED   26,0.00%,NO,&nbsp,381,AD 63,2025-11-04_22:12:01.642387
ED   27,0.00%,YES,&nbsp,159,AD 63,2025-11-04_22:12:01.642387
ED   27,0.00%,NO,&nbsp,344,AD 63,2025-11-04_22:12:01.642387
ED   28,0.00%,YES,&nbsp,240,AD 63,2025-11-04_22:12:01.642387
ED   28,0.00%,NO,&nbsp,530,AD 63,2025-11-04_22:12:01.642387
ED   29,0.00%,YES,&nbsp,179,AD 63,2025-11-04_22:12:01.642387
ED   29,0.00%,NO,&nbsp,567,AD 63,2025-11-04_22:12:01.642387
ED   30,0.00%,YES,&nbsp,166,AD 63,2025-11-04_22:12:01.642387
ED   30,0.00%,NO,&nbsp,571,AD 63,2025-11-04_22:12:01.642387
ED   31,0.00%,YES,&nbsp,183,AD 63,2025-11-04_22:12:01.642387
ED   31,0.00%,NO,&nbsp,622,AD 63,2025-11-04_22:12:01.642387
ED   32,0.00%,YES,&nbsp,188,AD 63,2025-11-04_22:12:01.642387
ED   32,0.00%,NO,&nbsp,623,AD 63,2025-11-04_22:12:01.642387
ED   33,0.00%,YES,&nbsp,120,AD 63,2025-11-04_22:12:01.642387
ED   33,0.00%,NO,&nbsp,332,AD 63,2025-11-04_22:12:01.642387
ED   34,0.00%,YES,&nbsp,235,AD 63,2025-11-04_22:12:01.642387
ED   34,0.00%,NO,&nbsp,351,AD 63,2025-11-04_22:12:01.642387
ED   35,0.00%,YES,&nbsp,250,AD 63,2025-11-04_22:12:01.642387
ED   35,0.00%,NO,&nbsp,463,AD 63,2025-11-04_22:12:01.642387
ED   36,0.00%,YES,&nbsp,266,AD 63,2025-11-04_22:12:01.642387
ED   36,0.00%,NO,&nbsp,108,AD 63,2025-11-04_22:12:01.642387
ED   37,0.00%,YES,&nbsp,269,AD 63,2025-11-04_22:12:01.642387
ED   37,0.00%,NO,&nbsp,120,AD 63,2025-11-04_22:12:01.642387
ED   38,0.00%,YES,&nbsp,117,AD 63,2025-11-04_22:12:01.642387
ED   38,0.00%,NO,&nbsp,38,AD 63,2025-11-04_22:12:01.642387
ED   39,0.00%,YES,&nbsp,234,AD 63,2025-11-04_22:12:01.642387
ED   39,0.00%,NO,&nbsp,124,AD 63,2025-11-04_22:12:01.642387
ED   40,0.00%,YES,&nbsp,228,AD 63,2025-11-04_22:12:01.642387
ED   40,0.00%,NO,&nbsp,172,AD 63,2025-11-04_22:12:01.642387
ED   41,0.00%,YES,&nbsp,335,AD 63,2025-11-04_22:12:01.642387
ED   41,0.00%,NO,&nbsp,188,AD 63,2025-11-04_22:12:01.642387
ED   42,0.00%,YES,&nbsp,218,AD 63,2025-11-04_22:12:01.642387
ED   42,0.00%,NO,&nbsp,245,AD 63,2025-11-04_22:12:01.642387
ED   43,0.00%,YES,&nbsp,253,AD 63,2025-11-04_22:12:01.642387
ED   43,0.00%,NO,&nbsp,229,AD 63,2025-11-04_22:12:01.642387
ED   44,0.00%,YES,&nbsp,199,AD 63,2025-11-04_22:12:01.642387
ED   44,0.00%,NO,&nbsp,366,AD 63,2025-11-04_22:12:01.642387
ED   45,0.00%,YES,&nbsp,204,AD 63,2025-11-04_22:12:01.642387
ED   45,0.00%,NO,&nbsp,339,AD 63,2025-11-04_22:12:01.642387
ED   46,0.00%,YES,&nbsp,200,AD 63,2025-11-04_22:12:01.642387
ED   46,0.00%,NO,&nbsp,309,AD 63,2025-11-04_22:12:01.642387
ED   47,0.00%,YES,&nbsp,185,AD 63,2025-11-04_22:12:01.642387
ED   47,0.00%,NO,&nbsp,256,AD 63,2025-11-04_22:12:01.642387
ED   48,0.00%,YES,&nbsp,178,AD 63,2025-11-04_22:12:01.642387
ED   48,0.00%,NO,&nbsp,252,AD 63,2025-11-04_22:12:01.642387
ED   49,0.00%,YES,&nbsp,160,AD 63,2025-11-04_22:12:01.642387
ED   49,0.00%,NO,&nbsp,257,AD 63,2025-11-04_22:12:01.642387
ED   50,0.00%,YES,&nbsp,6,AD 63,2025-11-04_22:12:01.642387
ED   50,0.00%,NO,&nbsp,26,AD 63,2025-11-04_22:12:01.642387
ED   51,0.00%,YES,&nbsp,195,AD 63,2025-11-04_22:12:01.642387
ED   51,0.00%,NO,&nbsp,449,AD 63,2025-11-04_22:12:01.642387
ED   52,0.00%,YES,&nbsp,241,AD 63,2025-11-04_22:12:01.642387
ED   52,0.00%,NO,&nbsp,468,AD 63,2025-11-04_22:12:01.642387
ED   53,0.00%,YES,&nbsp,239,AD 63,2025-11-04_22:12:01.642387
ED   53,0.00%,NO,&nbsp,208,AD 63,2025-11-04_22:12:01.642387
ED   54,0.00%,YES,&nbsp,178,AD 63,2025-11-04_22:12:01.642387
ED   54,0.00%,NO,&nbsp,394,AD 63,2025-11-04_22:12:01.642387
ED   55,0.00%,YES,&nbsp,143,AD 63,2025-11-04_22:12:01.642387
ED   55,0.00%,NO,&nbsp,397,AD 63,2025-11-04_22:12:01.642387
ED   56,0.00%,YES,&nbsp,214,AD 63,2025-11-04_22:12:01.642387
ED   56,0.00%,NO,&nbsp,379,AD 63,2025-11-04_22:12:01.642387
ED   57,0.00%,YES,&nbsp,198,AD 63,2025-11-04_22:12:01.642387
ED   57,0.00%,NO,&nbsp,319,AD 63,2025-11-04_22:12:01.642387
ED   58,0.00%,YES,&nbsp,150,AD 63,2025-11-04_22:12:01.642387
ED   58,0.00%,NO,&nbsp,288,AD 63,2025-11-04_22:12:01.642387
ED   59,0.00%,YES,&nbsp,164,AD 63,2025-11-04_22:12:01.642387
ED   59,0.00%,NO,&nbsp,366,AD 63,2025-11-04_22:12:01.642387
ED   60,0.00%,YES,&nbsp,149,AD 63,2025-11-04_22:12:01.642387
ED   60,0.00%,NO,&nbsp,472,AD 63,2025-11-04_22:12:01.642387
ED   61,0.00%,YES,&nbsp,205,AD 63,2025-11-04_22:12:01.642387
ED   61,0.00%,NO,&nbsp,400,AD 63,2025-11-04_22:12:01.642387
ED   62,0.00%,YES,&nbsp,133,AD 63,2025-11-04_22:12:01.642387
ED   62,0.00%,NO,&nbsp,281,AD 63,2025-11-04_22:12:01.642387
ED   63,0.00%,YES,&nbsp,115,AD 63,2025-11-04_22:12:01.642387
ED   63,0.00%,NO,&nbsp,275,AD 63,2025-11-04_22:12:01.642387
ED   64,0.00%,YES,&nbsp,120,AD 63,2025-11-04_22:12:01.642387
ED   64,0.00%,NO,&nbsp,299,AD 63,2025-11-04_22:12:01.642387
ED   65,0.00%,YES,&nbsp,70,AD 63,2025-11-04_22:12:01.642387
ED   65,0.00%,NO,&nbsp,244,AD 63,2025-11-04_22:12:01.642387
ED   66,0.00%,YES,&nbsp,112,AD 63,2025-11-04_22:12:01.642387
ED   66,0.00%,NO,&nbsp,205,AD 63,2025-11-04_22:12:01.642387
ED   67,0.00%,YES,&nbsp,182,AD 63,2025-11-04_22:12:01.642387
ED   67,0.00%,NO,&nbsp,225,AD 63,2025-11-04_22:12:01.642387
ED   68,0.00%,YES,&nbsp,111,AD 63,2025-11-04_22:12:01.642387
ED   68,0.00%,NO,&nbsp,253,AD 63,2025-11-04_22:12:01.642387
ED   69,0.00%,YES,&nbsp,255,AD 63,2025-11-04_22:12:01.642387
ED   69,0.00%,NO,&nbsp,543,AD 63,2025-11-04_22:12:01.642387
ED   70,0.00%,YES,&nbsp,-,AD 63,2025-11-04_22:12:01.642387
ED   70,0.00%,NO,&nbsp,-,AD 63,2025-11-04_22:12:01.642387
ED   71,0.00%,YES,&nbsp,-,AD 63,2025-11-04_22:12:01.642387
ED   71,0.00%,NO,&nbsp,-,AD 63,2025-11-04_22:12:01.642387
ED   72,0.00%,YES,&nbsp,-,AD 63,2025-11-04_22:12:01.642387
ED   72,0.00%,NO,&nbsp,-,AD 63,2025-11-04_22:12:01.642387
ED   73,0.00%,YES,&nbsp,-,AD 63,2025-11-04_22:12:01.642387
ED   73,0.00%,NO,&nbsp,-,AD 63,2025-11-04_22:12:01.642387
ED   74,0.00%,YES,&nbsp,-,AD 63,2025-11-04_22:12:01.642387
ED   74,0.00%,NO,&nbsp,-,AD 63,2025-11-04_22:12:01.642387
ED   75,0.00%,YES,&nbsp,-,AD 63,2025-11-04_22:12:01.642387
ED   75,0.00%,NO,&nbsp,-,AD 63,2025-11-04_22:12:01.642387
ED   76,0.00%,YES,&nbsp,-,AD 63,2025-11-04_22:12:01.642387
ED   76,0.00%,NO,&nbsp,-,AD 63,2025-11-04_22:12:01.642387
Total,,YES,&nbsp,12141,AD 63,2025-11-04_22:12:01.642387
Total,,NO,&nbsp,20979,AD 63,2025-11-04_22:12:01.642387
ED    1,0.00%,YES,&nbsp,162,AD 64,2025-11-04_22:12:01.642387
ED    1,0.00%,NO,&nbsp,572,AD 64,2025-11-04_22:12:01.642387
ED    2,0.00%,YES,&nbsp,129,AD 64,2025-11-04_22:12:01.642387
ED    2,0.00%,NO,&nbsp,640,AD 64,2025-11-04_22:12:01.642387
ED    3,0.00%,YES,&nbsp,157,AD 64,2025-11-04_22:12:01.642387
ED    3,0.00%,NO,&nbsp,749,AD 64,2025-11-04_22:12:01.642387
ED    4,0.00%,YES,&nbsp,139,AD 64,2025-11-04_22:12:01.642387
ED    4,0.00%,NO,&nbsp,476,AD 64,2025-11-04_22:12:01.642387
ED    5,0.00%,YES,&nbsp,153,AD 64,2025-11-04_22:12:01.642387
ED    5,0.00%,NO,&nbsp,677,AD 64,2025-11-04_22:12:01.642387
ED    6,0.00%,YES,&nbsp,164,AD 64,2025-11-04_22:12:01.642387
ED    6,0.00%,NO,&nbsp,599,AD 64,2025-11-04_22:12:01.642387
ED    7,0.00%,YES,&nbsp,170,AD 64,2025-11-04_22:12:01.642387
ED    7,0.00%,NO,&nbsp,536,AD 64,2025-11-04_22:12:01.642387
ED    8,0.00%,YES,&nbsp,176,AD 64,2025-11-04_22:12:01.642387
ED    8,0.00%,NO,&nbsp,559,AD 64,2025-11-04_22:12:01.642387
ED    9,0.00%,YES,&nbsp,122,AD 64,2025-11-04_22:12:01.642387
ED    9,0.00%,NO,&nbsp,706,AD 64,2025-11-04_22:12:01.642387
ED   10,0.00%,YES,&nbsp,151,AD 64,2025-11-04_22:12:01.642387
ED   10,0.00%,NO,&nbsp,487,AD 64,2025-11-04_22:12:01.642387
ED   11,0.00%,YES,&nbsp,176,AD 64,2025-11-04_22:12:01.642387
ED   11,0.00%,NO,&nbsp,455,AD 64,2025-11-04_22:12:01.642387
ED   12,0.00%,YES,&nbsp,246,AD 64,2025-11-04_22:12:01.642387
ED   12,0.00%,NO,&nbsp,259,AD 64,2025-11-04_22:12:01.642387
ED   13,0.00%,YES,&nbsp,194,AD 64,2025-11-04_22:12:01.642387
ED   13,0.00%,NO,&nbsp,434,AD 64,2025-11-04_22:12:01.642387
ED   14,0.00%,YES,&nbsp,179,AD 64,2025-11-04_22:12:01.642387
ED   14,0.00%,NO,&nbsp,430,AD 64,2025-11-04_22:12:01.642387
ED   15,0.00%,YES,&nbsp,170,AD 64,2025-11-04_22:12:01.642387
ED   15,0.00%,NO,&nbsp,586,AD 64,2025-11-04_22:12:01.642387
ED   16,0.00%,YES,&nbsp,183,AD 64,2025-11-04_22:12:01.642387
ED   16,0.00%,NO,&nbsp,595,AD 64,2025-11-04_22:12:01.642387
ED   17,0.00%,YES,&nbsp,205,AD 64,2025-11-04_22:12:01.642387
ED   17,0.00%,NO,&nbsp,549,AD 64,2025-11-04_22:12:01.642387
ED   18,0.00%,YES,&nbsp,181,AD 64,2025-11-04_22:12:01.642387
ED   18,0.00%,NO,&nbsp,609,AD 64,2025-11-04_22:12:01.642387
ED   19,0.00%,YES,&nbsp,81,AD 64,2025-11-04_22:12:01.642387
ED   19,0.00%,NO,&nbsp,267,AD 64,2025-11-04_22:12:01.642387
ED   20,0.00%,YES,&nbsp,6,AD 64,2025-11-04_22:12:01.642387
ED   20,0.00%,NO,&nbsp,21,AD 64,2025-11-04_22:12:01.642387
ED   21,0.00%,YES,&nbsp,185,AD 64,2025-11-04_22:12:01.642387
ED   21,0.00%,NO,&nbsp,563,AD 64,2025-11-04_22:12:01.642387
ED   22,0.00%,YES,&nbsp,176,AD 64,2025-11-04_22:12:01.642387
ED   22,0.00%,NO,&nbsp,473,AD 64,2025-11-04_22:12:01.642387
ED   23,0.00%,YES,&nbsp,191,AD 64,2025-11-04_22:12:01.642387
ED   23,0.00%,NO,&nbsp,307,AD 64,2025-11-04_22:12:01.642387
ED   24,0.00%,YES,&nbsp,167,AD 64,2025-11-04_22:12:01.642387
ED   24,0.00%,NO,&nbsp,571,AD 64,2025-11-04_22:12:01.642387
ED   25,0.00%,YES,&nbsp,139,AD 64,2025-11-04_22:12:01.642387
ED   25,0.00%,NO,&nbsp,395,AD 64,2025-11-04_22:12:01.642387
ED   26,0.00%,YES,&nbsp,137,AD 64,2025-11-04_22:12:01.642387
ED   26,0.00%,NO,&nbsp,89,AD 64,2025-11-04_22:12:01.642387
ED   27,0.00%,YES,&nbsp,168,AD 64,2025-11-04_22:12:01.642387
ED   27,0.00%,NO,&nbsp,347,AD 64,2025-11-04_22:12:01.642387
ED   28,0.00%,YES,&nbsp,194,AD 64,2025-11-04_22:12:01.642387
ED   28,0.00%,NO,&nbsp,361,AD 64,2025-11-04_22:12:01.642387
ED   29,0.00%,YES,&nbsp,200,AD 64,2025-11-04_22:12:01.642387
ED   29,0.00%,NO,&nbsp,427,AD 64,2025-11-04_22:12:01.642387
ED   30,0.00%,YES,&nbsp,91,AD 64,2025-11-04_22:12:01.642387
ED   30,0.00%,NO,&nbsp,188,AD 64,2025-11-04_22:12:01.642387
ED   31,0.00%,YES,&nbsp,193,AD 64,2025-11-04_22:12:01.642387
ED   31,0.00%,NO,&nbsp,356,AD 64,2025-11-04_22:12:01.642387
ED   32,0.00%,YES,&nbsp,172,AD 64,2025-11-04_22:12:01.642387
ED   32,0.00%,NO,&nbsp,406,AD 64,2025-11-04_22:12:01.642387
ED   33,0.00%,YES,&nbsp,183,AD 64,2025-11-04_22:12:01.642387
ED   33,0.00%,NO,&nbsp,296,AD 64,2025-11-04_22:12:01.642387
ED   34,0.00%,YES,&nbsp,175,AD 64,2025-11-04_22:12:01.642387
ED   34,0.00%,NO,&nbsp,420,AD 64,2025-11-04_22:12:01.642387
ED   35,0.00%,YES,&nbsp,134,AD 64,2025-11-04_22:12:01.642387
ED   35,0.00%,NO,&nbsp,311,AD 64,2025-11-04_22:12:01.642387
ED   36,0.00%,YES,&nbsp,151,AD 64,2025-11-04_22:12:01.642387
ED   36,0.00%,NO,&nbsp,396,AD 64,2025-11-04_22:12:01.642387
ED   37,0.00%,YES,&nbsp,192,AD 64,2025-11-04_22:12:01.642387
ED   37,0.00%,NO,&nbsp,515,AD 64,2025-11-04_22:12:01.642387
ED   38,0.00%,YES,&nbsp,110,AD 64,2025-11-04_22:12:01.642387
ED   38,0.00%,NO,&nbsp,334,AD 64,2025-11-04_22:12:01.642387
ED   39,0.00%,YES,&nbsp,159,AD 64,2025-11-04_22:12:01.642387
ED   39,0.00%,NO,&nbsp,543,AD 64,2025-11-04_22:12:01.642387
ED   40,0.00%,YES,&nbsp,167,AD 64,2025-11-04_22:12:01.642387
ED   40,0.00%,NO,&nbsp,132,AD 64,2025-11-04_22:12:01.642387
ED   41,0.00%,YES,&nbsp,190,AD 64,2025-11-04_22:12:01.642387
ED   41,0.00%,NO,&nbsp,346,AD 64,2025-11-04_22:12:01.642387
ED   42,0.00%,YES,&nbsp,158,AD 64,2025-11-04_22:12:01.642387
ED   42,0.00%,NO,&nbsp,304,AD 64,2025-11-04_22:12:01.642387
ED   43,0.00%,YES,&nbsp,190,AD 64,2025-11-04_22:12:01.642387
ED   43,0.00%,NO,&nbsp,399,AD 64,2025-11-04_22:12:01.642387
ED   44,0.00%,YES,&nbsp,187,AD 64,2025-11-04_22:12:01.642387
ED   44,0.00%,NO,&nbsp,328,AD 64,2025-11-04_22:12:01.642387
ED   45,0.00%,YES,&nbsp,226,AD 64,2025-11-04_22:12:01.642387
ED   45,0.00%,NO,&nbsp,400,AD 64,2025-11-04_22:12:01.642387
ED   46,0.00%,YES,&nbsp,200,AD 64,2025-11-04_22:12:01.642387
ED   46,0.00%,NO,&nbsp,167,AD 64,2025-11-04_22:12:01.642387
ED   47,0.00%,YES,&nbsp,108,AD 64,2025-11-04_22:12:01.642387
ED   47,0.00%,NO,&nbsp,233,AD 64,2025-11-04_22:12:01.642387
ED   48,0.00%,YES,&nbsp,123,AD 64,2025-11-04_22:12:01.642387
ED   48,0.00%,NO,&nbsp,238,AD 64,2025-11-04_22:12:01.642387
ED   49,0.00%,YES,&nbsp,146,AD 64,2025-11-04_22:12:01.642387
ED   49,0.00%,NO,&nbsp,332,AD 64,2025-11-04_22:12:01.642387
ED   50,0.00%,YES,&nbsp,81,AD 64,2025-11-04_22:12:01.642387
ED   50,0.00%,NO,&nbsp,186,AD 64,2025-11-04_22:12:01.642387
ED   51,0.00%,YES,&nbsp,32,AD 64,2025-11-04_22:12:01.642387
ED   51,0.00%,NO,&nbsp,31,AD 64,2025-11-04_22:12:01.642387
ED   52,0.00%,YES,&nbsp,-,AD 64,2025-11-04_22:12:01.642387
ED   52,0.00%,NO,&nbsp,-,AD 64,2025-11-04_22:12:01.642387
ED   53,0.00%,YES,&nbsp,-,AD 64,2025-11-04_22:12:01.642387
ED   53,0.00%,NO,&nbsp,-,AD 64,2025-11-04_22:12:01.642387
ED   54,0.00%,YES,&nbsp,-,AD 64,2025-11-04_22:12:01.642387
ED   54,0.00%,NO,&nbsp,-,AD 64,2025-11-04_22:12:01.642387
ED   55,0.00%,YES,&nbsp,-,AD 64,2025-11-04_22:12:01.642387
ED   55,0.00%,NO,&nbsp,-,AD 64,2025-11-04_22:12:01.642387
ED   56,0.00%,YES,&nbsp,-,AD 64,2025-11-04_22:12:01.642387
ED   56,0.00%,NO,&nbsp,-,AD 64,2025-11-04_22:12:01.642387
ED   57,0.00%,YES,&nbsp,-,AD 64,2025-11-04_22:12:01.642387
ED   57,0.00%,NO,&nbsp,-,AD 64,2025-11-04_22:12:01.642387
ED   58,0.00%,YES,&nbsp,-,AD 64,2025-11-04_22:12:01.642387
ED   58,0.00%,NO,&nbsp,-,AD 64,2025-11-04_22:12:01.642387
ED   59,0.00%,YES,&nbsp,-,AD 64,2025-11-04_22:12:01.642387
ED   59,0.00%,NO,&nbsp,-,AD 64,2025-11-04_22:12:01.642387
ED   60,0.00%,YES,&nbsp,-,AD 64,2025-11-04_22:12:01.642387
ED   60,0.00%,NO,&nbsp,-,AD 64,2025-11-04_22:12:01.642387
ED   61,0.00%,YES,&nbsp,-,AD 64,2025-11-04_22:12:01.642387
ED   61,0.00%,NO,&nbsp,-,AD 64,2025-11-04_22:12:01.642387
ED   75,0.00%,YES,&nbsp,303,AD 64,2025-11-04_22:12:01.642387
ED   75,0.00%,NO,&nbsp,307,AD 64,2025-11-04_22:12:01.642387
ED   76,0.00%,YES,&nbsp,97,AD 64,2025-11-04_22:12:01.642387
ED   76,0.00%,NO,&nbsp,114,AD 64,2025-11-04_22:12:01.642387
ED   77,0.00%,YES,&nbsp,353,AD 64,2025-11-04_22:12:01.642387
ED   77,0.00%,NO,&nbsp,239,AD 64,2025-11-04_22:12:01.642387
ED   78,0.00%,YES,&nbsp,229,AD 64,2025-11-04_22:12:01.642387
ED   78,0.00%,NO,&nbsp,194,AD 64,2025-11-04_22:12:01.642387
ED   79,0.00%,YES,&nbsp,215,AD 64,2025-11-04_22:12:01.642387
ED   79,0.00%,NO,&nbsp,223,AD 64,2025-11-04_22:12:01.642387
ED   80,0.00%,YES,&nbsp,332,AD 64,2025-11-04_22:12:01.642387
ED   80,0.00%,NO,&nbsp,314,AD 64,2025-11-04_22:12:01.642387
ED   81,0.00%,YES,&nbsp,395,AD 64,2025-11-04_22:12:01.642387
ED   81,0.00%,NO,&nbsp,407,AD 64,2025-11-04_22:12:01.642387
ED   82,0.00%,YES,&nbsp,315,AD 64,2025-11-04_22:12:01.642387
ED   82,0.00%,NO,&nbsp,430,AD 64,2025-11-04_22:12:01.642387
ED   83,0.00%,YES,&nbsp,329,AD 64,2025-11-04_22:12:01.642387
ED   83,0.00%,NO,&nbsp,438,AD 64,2025-11-04_22:12:01.642387
ED   84,0.00%,YES,&nbsp,170,AD 64,2025-11-04_22:12:01.642387
ED   84,0.00%,NO,&nbsp,442,AD 64,2025-11-04_22:12:01.642387
ED   85,0.00%,YES,&nbsp,142,AD 64,2025-11-04_22:12:01.642387
ED   85,0.00%,NO,&nbsp,267,AD 64,2025-11-04_22:12:01.642387
ED   86,0.00%,YES,&nbsp,135,AD 64,2025-11-04_22:12:01.642387
ED   86,0.00%,NO,&nbsp,405,AD 64,2025-11-04_22:12:01.642387
ED   87,0.00%,YES,&nbsp,127,AD 64,2025-11-04_22:12:01.642387
ED   87,0.00%,NO,&nbsp,120,AD 64,2025-11-04_22:12:01.642387
ED   88,0.00%,YES,&nbsp,-,AD 64,2025-11-04_22:12:01.642387
ED   88,0.00%,NO,&nbsp,-,AD 64,2025-11-04_22:12:01.642387
ED   89,0.00%,YES,&nbsp,-,AD 64,2025-11-04_22:12:01.642387
ED   89,0.00%,NO,&nbsp,-,AD 64,2025-11-04_22:12:01.642387
ED   90,0.00%,YES,&nbsp,-,AD 64,2025-11-04_22:12:01.642387
ED   90,0.00%,NO,&nbsp,-,AD 64,2025-11-04_22:12:01.642387
Total,,YES,&nbsp,11211,AD 64,2025-11-04_22:12:01.642387
Total,,NO,&nbsp,24500,AD 64,2025-11-04_22:12:01.642387
ED    1,0.00%,YES,&nbsp,478,AD 65,2025-11-04_22:12:01.642387
ED    1,0.00%,NO,&nbsp,318,AD 65,2025-11-04_22:12:01.642387
ED    2,0.00%,YES,&nbsp,438,AD 65,2025-11-04_22:12:01.642387
ED    2,0.00%,NO,&nbsp,236,AD 65,2025-11-04_22:12:01.642387
ED    3,0.00%,YES,&nbsp,459,AD 65,2025-11-04_22:12:01.642387
ED    3,0.00%,NO,&nbsp,376,AD 65,2025-11-04_22:12:01.642387
ED    4,0.00%,YES,&nbsp,426,AD 65,2025-11-04_22:12:01.642387
ED    4,0.00%,NO,&nbsp,281,AD 65,2025-11-04_22:12:01.642387
ED    5,0.00%,YES,&nbsp,377,AD 65,2025-11-04_22:12:01.642387
ED    5,0.00%,NO,&nbsp,230,AD 65,2025-11-04_22:12:01.642387
ED    6,0.00%,YES,&nbsp,401,AD 65,2025-11-04_22:12:01.642387
ED    6,0.00%,NO,&nbsp,221,AD 65,2025-11-04_22:12:01.642387
ED    7,0.00%,YES,&nbsp,362,AD 65,2025-11-04_22:12:01.642387
ED    7,0.00%,NO,&nbsp,407,AD 65,2025-11-04_22:12:01.642387
ED    8,0.00%,YES,&nbsp,244,AD 65,2025-11-04_22:12:01.642387
ED    8,0.00%,NO,&nbsp,304,AD 65,2025-11-04_22:12:01.642387
ED    9,0.00%,YES,&nbsp,479,AD 65,2025-11-04_22:12:01.642387
ED    9,0.00%,NO,&nbsp,283,AD 65,2025-11-04_22:12:01.642387
ED   10,0.00%,YES,&nbsp,385,AD 65,2025-11-04_22:12:01.642387
ED   10,0.00%,NO,&nbsp,209,AD 65,2025-11-04_22:12:01.642387
ED   11,0.00%,YES,&nbsp,201,AD 65,2025-11-04_22:12:01.642387
ED   11,0.00%,NO,&nbsp,119,AD 65,2025-11-04_22:12:01.642387
ED   12,0.00%,YES,&nbsp,139,AD 65,2025-11-04_22:12:01.642387
ED   12,0.00%,NO,&nbsp,48,AD 65,2025-11-04_22:12:01.642387
ED   13,0.00%,YES,&nbsp,274,AD 65,2025-11-04_22:12:01.642387
ED   13,0.00%,NO,&nbsp,140,AD 65,2025-11-04_22:12:01.642387
ED   14,0.00%,YES,&nbsp,133,AD 65,2025-11-04_22:12:01.642387
ED   14,0.00%,NO,&nbsp,69,AD 65,2025-11-04_22:12:01.642387
ED   15,0.00%,YES,&nbsp,176,AD 65,2025-11-04_22:12:01.642387
ED   15,0.00%,NO,&nbsp,135,AD 65,2025-11-04_22:12:01.642387
ED   16,0.00%,YES,&nbsp,118,AD 65,2025-11-04_22:12:01.642387
ED   16,0.00%,NO,&nbsp,130,AD 65,2025-11-04_22:12:01.642387
ED   17,0.00%,YES,&nbsp,212,AD 65,2025-11-04_22:12:01.642387
ED   17,0.00%,NO,&nbsp,164,AD 65,2025-11-04_22:12:01.642387
ED   18,0.00%,YES,&nbsp,201,AD 65,2025-11-04_22:12:01.642387
ED   18,0.00%,NO,&nbsp,93,AD 65,2025-11-04_22:12:01.642387
ED   19,0.00%,YES,&nbsp,261,AD 65,2025-11-04_22:12:01.642387
ED   19,0.00%,NO,&nbsp,227,AD 65,2025-11-04_22:12:01.642387
ED   20,0.00%,YES,&nbsp,200,AD 65,2025-11-04_22:12:01.642387
ED   20,0.00%,NO,&nbsp,160,AD 65,2025-11-04_22:12:01.642387
ED   21,0.00%,YES,&nbsp,244,AD 65,2025-11-04_22:12:01.642387
ED   21,0.00%,NO,&nbsp,179,AD 65,2025-11-04_22:12:01.642387
ED   22,0.00%,YES,&nbsp,182,AD 65,2025-11-04_22:12:01.642387
ED   22,0.00%,NO,&nbsp,103,AD 65,2025-11-04_22:12:01.642387
ED   23,0.00%,YES,&nbsp,213,AD 65,2025-11-04_22:12:01.642387
ED   23,0.00%,NO,&nbsp,99,AD 65,2025-11-04_22:12:01.642387
ED   24,0.00%,YES,&nbsp,117,AD 65,2025-11-04_22:12:01.642387
ED   24,0.00%,NO,&nbsp,73,AD 65,2025-11-04_22:12:01.642387
ED   25,0.00%,YES,&nbsp,182,AD 65,2025-11-04_22:12:01.642387
ED   25,0.00%,NO,&nbsp,105,AD 65,2025-11-04_22:12:01.642387
ED   26,0.00%,YES,&nbsp,284,AD 65,2025-11-04_22:12:01.642387
ED   26,0.00%,NO,&nbsp,224,AD 65,2025-11-04_22:12:01.642387
ED   27,0.00%,YES,&nbsp,235,AD 65,2025-11-04_22:12:01.642387
ED   27,0.00%,NO,&nbsp,103,AD 65,2025-11-04_22:12:01.642387
ED   28,0.00%,YES,&nbsp,356,AD 65,2025-11-04_22:12:01.642387
ED   28,0.00%,NO,&nbsp,347,AD 65,2025-11-04_22:12:01.642387
ED   29,0.00%,YES,&nbsp,440,AD 65,2025-11-04_22:12:01.642387
ED   29,0.00%,NO,&nbsp,450,AD 65,2025-11-04_22:12:01.642387
ED   30,0.00%,YES,&nbsp,176,AD 65,2025-11-04_22:12:01.642387
ED   30,0.00%,NO,&nbsp,100,AD 65,2025-11-04_22:12:01.642387
ED   31,0.00%,YES,&nbsp,302,AD 65,2025-11-04_22:12:01.642387
ED   31,0.00%,NO,&nbsp,259,AD 65,2025-11-04_22:12:01.642387
ED   32,0.00%,YES,&nbsp,307,AD 65,2025-11-04_22:12:01.642387
ED   32,0.00%,NO,&nbsp,237,AD 65,2025-11-04_22:12:01.642387
ED   33,0.00%,YES,&nbsp,453,AD 65,2025-11-04_22:12:01.642387
ED   33,0.00%,NO,&nbsp,295,AD 65,2025-11-04_22:12:01.642387
ED   34,0.00%,YES,&nbsp,209,AD 65,2025-11-04_22:12:01.642387
ED   34,0.00%,NO,&nbsp,106,AD 65,2025-11-04_22:12:01.642387
ED   35,0.00%,YES,&nbsp,438,AD 65,2025-11-04_22:12:01.642387
ED   35,0.00%,NO,&nbsp,227,AD 65,2025-11-04_22:12:01.642387
ED   36,0.00%,YES,&nbsp,166,AD 65,2025-11-04_22:12:01.642387
ED   36,0.00%,NO,&nbsp,122,AD 65,2025-11-04_22:12:01.642387
ED   37,0.00%,YES,&nbsp,36,AD 65,2025-11-04_22:12:01.642387
ED   37,0.00%,NO,&nbsp,71,AD 65,2025-11-04_22:12:01.642387
ED   38,0.00%,YES,&nbsp,109,AD 65,2025-11-04_22:12:01.642387
ED   38,0.00%,NO,&nbsp,87,AD 65,2025-11-04_22:12:01.642387
ED   39,0.00%,YES,&nbsp,117,AD 65,2025-11-04_22:12:01.642387
ED   39,0.00%,NO,&nbsp,73,AD 65,2025-11-04_22:12:01.642387
ED   40,0.00%,YES,&nbsp,423,AD 65,2025-11-04_22:12:01.642387
ED   40,0.00%,NO,&nbsp,230,AD 65,2025-11-04_22:12:01.642387
ED   41,0.00%,YES,&nbsp,360,AD 65,2025-11-04_22:12:01.642387
ED   41,0.00%,NO,&nbsp,176,AD 65,2025-11-04_22:12:01.642387
ED   42,0.00%,YES,&nbsp,256,AD 65,2025-11-04_22:12:01.642387
ED   42,0.00%,NO,&nbsp,150,AD 65,2025-11-04_22:12:01.642387
ED   43,0.00%,YES,&nbsp,249,AD 65,2025-11-04_22:12:01.642387
ED   43,0.00%,NO,&nbsp,163,AD 65,2025-11-04_22:12:01.642387
ED   44,0.00%,YES,&nbsp,321,AD 65,2025-11-04_22:12:01.642387
ED   44,0.00%,NO,&nbsp,231,AD 65,2025-11-04_22:12:01.642387
ED   45,0.00%,YES,&nbsp,305,AD 65,2025-11-04_22:12:01.642387
ED   45,0.00%,NO,&nbsp,227,AD 65,2025-11-04_22:12:01.642387
ED   46,0.00%,YES,&nbsp,333,AD 65,2025-11-04_22:12:01.642387
ED   46,0.00%,NO,&nbsp,398,AD 65,2025-11-04_22:12:01.642387
ED   47,0.00%,YES,&nbsp,196,AD 65,2025-11-04_22:12:01.642387
ED   47,0.00%,NO,&nbsp,88,AD 65,2025-11-04_22:12:01.642387
ED   48,0.00%,YES,&nbsp,133,AD 65,2025-11-04_22:12:01.642387
ED   48,0.00%,NO,&nbsp,57,AD 65,2025-11-04_22:12:01.642387
ED   49,0.00%,YES,&nbsp,365,AD 65,2025-11-04_22:12:01.642387
ED   49,0.00%,NO,&nbsp,230,AD 65,2025-11-04_22:12:01.642387
ED   50,0.00%,YES,&nbsp,293,AD 65,2025-11-04_22:12:01.642387
ED   50,0.00%,NO,&nbsp,180,AD 65,2025-11-04_22:12:01.642387
ED   51,0.00%,YES,&nbsp,193,AD 65,2025-11-04_22:12:01.642387
ED   51,0.00%,NO,&nbsp,146,AD 65,2025-11-04_22:12:01.642387
ED   52,0.00%,YES,&nbsp,245,AD 65,2025-11-04_22:12:01.642387
ED   52,0.00%,NO,&nbsp,160,AD 65,2025-11-04_22:12:01.642387
ED   53,0.00%,YES,&nbsp,229,AD 65,2025-11-04_22:12:01.642387
ED   53,0.00%,NO,&nbsp,127,AD 65,2025-11-04_22:12:01.642387
ED   54,0.00%,YES,&nbsp,236,AD 65,2025-11-04_22:12:01.642387
ED   54,0.00%,NO,&nbsp,142,AD 65,2025-11-04_22:12:01.642387
ED   55,0.00%,YES,&nbsp,203,AD 65,2025-11-04_22:12:01.642387
ED   55,0.00%,NO,&nbsp,110,AD 65,2025-11-04_22:12:01.642387
ED   56,0.00%,YES,&nbsp,152,AD 65,2025-11-04_22:12:01.642387
ED   56,0.00%,NO,&nbsp,116,AD 65,2025-11-04_22:12:01.642387
ED   57,0.00%,YES,&nbsp,534,AD 65,2025-11-04_22:12:01.642387
ED   57,0.00%,NO,&nbsp,340,AD 65,2025-11-04_22:12:01.642387
ED   58,0.00%,YES,&nbsp,360,AD 65,2025-11-04_22:12:01.642387
ED   58,0.00%,NO,&nbsp,192,AD 65,2025-11-04_22:12:01.642387
ED   59,0.00%,YES,&nbsp,366,AD 65,2025-11-04_22:12:01.642387
ED   59,0.00%,NO,&nbsp,212,AD 65,2025-11-04_22:12:01.642387
ED   60,0.00%,YES,&nbsp,389,AD 65,2025-11-04_22:12:01.642387
ED   60,0.00%,NO,&nbsp,190,AD 65,2025-11-04_22:12:01.642387
ED   61,0.00%,YES,&nbsp,220,AD 65,2025-11-04_22:12:01.642387
ED   61,0.00%,NO,&nbsp,88,AD 65,2025-11-04_22:12:01.642387
ED   62,0.00%,YES,&nbsp,213,AD 65,2025-11-04_22:12:01.642387
ED   62,0.00%,NO,&nbsp,114,AD 65,2025-11-04_22:12:01.642387
ED   63,0.00%,YES,&nbsp,217,AD 65,2025-11-04_22:12:01.642387
ED   63,0.00%,NO,&nbsp,102,AD 65,2025-11-04_22:12:01.642387
ED   64,0.00%,YES,&nbsp,400,AD 65,2025-11-04_22:12:01.642387
ED   64,0.00%,NO,&nbsp,234,AD 65,2025-11-04_22:12:01.642387
ED   65,0.00%,YES,&nbsp,151,AD 65,2025-11-04_22:12:01.642387
ED   65,0.00%,NO,&nbsp,63,AD 65,2025-11-04_22:12:01.642387
ED   66,0.00%,YES,&nbsp,175,AD 65,2025-11-04_22:12:01.642387
ED   66,0.00%,NO,&nbsp,72,AD 65,2025-11-04_22:12:01.642387
ED   67,0.00%,YES,&nbsp,157,AD 65,2025-11-04_22:12:01.642387
ED   67,0.00%,NO,&nbsp,161,AD 65,2025-11-04_22:12:01.642387
ED   68,0.00%,YES,&nbsp,-,AD 65,2025-11-04_22:12:01.642387
ED   68,0.00%,NO,&nbsp,-,AD 65,2025-11-04_22:12:01.642387
ED   69,0.00%,YES,&nbsp,-,AD 65,2025-11-04_22:12:01.642387
ED   69,0.00%,NO,&nbsp,-,AD 65,2025-11-04_22:12:01.642387
ED   70,0.00%,YES,&nbsp,-,AD 65,2025-11-04_22:12:01.642387
ED   70,0.00%,NO,&nbsp,-,AD 65,2025-11-04_22:12:01.642387
ED   71,0.00%,YES,&nbsp,-,AD 65,2025-11-04_22:12:01.642387
ED   71,0.00%,NO,&nbsp,-,AD 65,2025-11-04_22:12:01.642387
Total,,YES,&nbsp,18204,AD 65,2025-11-04_22:12:01.642387
Total,,NO,&nbsp,12109,AD 65,2025-11-04_22:12:01.642387
ED    1,0.00%,YES,&nbsp,1,AD 66,2025-11-04_22:12:01.642387
ED    1,0.00%,NO,&nbsp,1,AD 66,2025-11-04_22:12:01.642387
ED    2,0.00%,YES,&nbsp,362,AD 66,2025-11-04_22:12:01.642387
ED    2,0.00%,NO,&nbsp,237,AD 66,2025-11-04_22:12:01.642387
ED    3,0.00%,YES,&nbsp,304,AD 66,2025-11-04_22:12:01.642387
ED    3,0.00%,NO,&nbsp,215,AD 66,2025-11-04_22:12:01.642387
ED    4,0.00%,YES,&nbsp,485,AD 66,2025-11-04_22:12:01.642387
ED    4,0.00%,NO,&nbsp,378,AD 66,2025-11-04_22:12:01.642387
ED    5,0.00%,YES,&nbsp,307,AD 66,2025-11-04_22:12:01.642387
ED    5,0.00%,NO,&nbsp,245,AD 66,2025-11-04_22:12:01.642387
ED    6,0.00%,YES,&nbsp,378,AD 66,2025-11-04_22:12:01.642387
ED    6,0.00%,NO,&nbsp,358,AD 66,2025-11-04_22:12:01.642387
ED    7,0.00%,YES,&nbsp,339,AD 66,2025-11-04_22:12:01.642387
ED    7,0.00%,NO,&nbsp,296,AD 66,2025-11-04_22:12:01.642387
ED    8,0.00%,YES,&nbsp,354,AD 66,2025-11-04_22:12:01.642387
ED    8,0.00%,NO,&nbsp,343,AD 66,2025-11-04_22:12:01.642387
ED    9,0.00%,YES,&nbsp,279,AD 66,2025-11-04_22:12:01.642387
ED    9,0.00%,NO,&nbsp,347,AD 66,2025-11-04_22:12:01.642387
ED   10,0.00%,YES,&nbsp,324,AD 66,2025-11-04_22:12:01.642387
ED   10,0.00%,NO,&nbsp,313,AD 66,2025-11-04_22:12:01.642387
ED   11,0.00%,YES,&nbsp,342,AD 66,2025-11-04_22:12:01.642387
ED   11,0.00%,NO,&nbsp,329,AD 66,2025-11-04_22:12:01.642387
ED   12,0.00%,YES,&nbsp,456,AD 66,2025-11-04_22:12:01.642387
ED   12,0.00%,NO,&nbsp,412,AD 66,2025-11-04_22:12:01.642387
ED   13,0.00%,YES,&nbsp,257,AD 66,2025-11-04_22:12:01.642387
ED   13,0.00%,NO,&nbsp,192,AD 66,2025-11-04_22:12:01.642387
ED   14,0.00%,YES,&nbsp,392,AD 66,2025-11-04_22:12:01.642387
ED   14,0.00%,NO,&nbsp,290,AD 66,2025-11-04_22:12:01.642387
ED   15,0.00%,YES,&nbsp,421,AD 66,2025-11-04_22:12:01.642387
ED   15,0.00%,NO,&nbsp,319,AD 66,2025-11-04_22:12:01.642387
ED   16,0.00%,YES,&nbsp,442,AD 66,2025-11-04_22:12:01.642387
ED   16,0.00%,NO,&nbsp,435,AD 66,2025-11-04_22:12:01.642387
ED   17,0.00%,YES,&nbsp,276,AD 66,2025-11-04_22:12:01.642387
ED   17,0.00%,NO,&nbsp,275,AD 66,2025-11-04_22:12:01.642387
ED   18,0.00%,YES,&nbsp,351,AD 66,2025-11-04_22:12:01.642387
ED   18,0.00%,NO,&nbsp,273,AD 66,2025-11-04_22:12:01.642387
ED   19,0.00%,YES,&nbsp,426,AD 66,2025-11-04_22:12:01.642387
ED   19,0.00%,NO,&nbsp,349,AD 66,2025-11-04_22:12:01.642387
ED   20,0.00%,YES,&nbsp,302,AD 66,2025-11-04_22:12:01.642387
ED   20,0.00%,NO,&nbsp,296,AD 66,2025-11-04_22:12:01.642387
ED   21,0.00%,YES,&nbsp,370,AD 66,2025-11-04_22:12:01.642387
ED   21,0.00%,NO,&nbsp,370,AD 66,2025-11-04_22:12:01.642387
ED   22,0.00%,YES,&nbsp,23,AD 66,2025-11-04_22:12:01.642387
ED   22,0.00%,NO,&nbsp,40,AD 66,2025-11-04_22:12:01.642387
ED   23,0.00%,YES,&nbsp,396,AD 66,2025-11-04_22:12:01.642387
ED   23,0.00%,NO,&nbsp,390,AD 66,2025-11-04_22:12:01.642387
ED   24,0.00%,YES,&nbsp,366,AD 66,2025-11-04_22:12:01.642387
ED   24,0.00%,NO,&nbsp,367,AD 66,2025-11-04_22:12:01.642387
ED   25,0.00%,YES,&nbsp,485,AD 66,2025-11-04_22:12:01.642387
ED   25,0.00%,NO,&nbsp,354,AD 66,2025-11-04_22:12:01.642387
ED   26,0.00%,YES,&nbsp,341,AD 66,2025-11-04_22:12:01.642387
ED   26,0.00%,NO,&nbsp,269,AD 66,2025-11-04_22:12:01.642387
ED   27,0.00%,YES,&nbsp,243,AD 66,2025-11-04_22:12:01.642387
ED   27,0.00%,NO,&nbsp,195,AD 66,2025-11-04_22:12:01.642387
ED   28,0.00%,YES,&nbsp,320,AD 66,2025-11-04_22:12:01.642387
ED   28,0.00%,NO,&nbsp,333,AD 66,2025-11-04_22:12:01.642387
ED   29,0.00%,YES,&nbsp,302,AD 66,2025-11-04_22:12:01.642387
ED   29,0.00%,NO,&nbsp,249,AD 66,2025-11-04_22:12:01.642387
ED   30,0.00%,YES,&nbsp,208,AD 66,2025-11-04_22:12:01.642387
ED   30,0.00%,NO,&nbsp,187,AD 66,2025-11-04_22:12:01.642387
ED   31,0.00%,YES,&nbsp,349,AD 66,2025-11-04_22:12:01.642387
ED   31,0.00%,NO,&nbsp,294,AD 66,2025-11-04_22:12:01.642387
ED   32,0.00%,YES,&nbsp,393,AD 66,2025-11-04_22:12:01.642387
ED   32,0.00%,NO,&nbsp,362,AD 66,2025-11-04_22:12:01.642387
ED   33,0.00%,YES,&nbsp,299,AD 66,2025-11-04_22:12:01.642387
ED   33,0.00%,NO,&nbsp,263,AD 66,2025-11-04_22:12:01.642387
ED   34,0.00%,YES,&nbsp,309,AD 66,2025-11-04_22:12:01.642387
ED   34,0.00%,NO,&nbsp,215,AD 66,2025-11-04_22:12:01.642387
ED   35,0.00%,YES,&nbsp,403,AD 66,2025-11-04_22:12:01.642387
ED   35,0.00%,NO,&nbsp,303,AD 66,2025-11-04_22:12:01.642387
ED   36,0.00%,YES,&nbsp,457,AD 66,2025-11-04_22:12:01.642387
ED   36,0.00%,NO,&nbsp,345,AD 66,2025-11-04_22:12:01.642387
ED   37,0.00%,YES,&nbsp,394,AD 66,2025-11-04_22:12:01.642387
ED   37,0.00%,NO,&nbsp,391,AD 66,2025-11-04_22:12:01.642387
ED   38,0.00%,YES,&nbsp,385,AD 66,2025-11-04_22:12:01.642387
ED   38,0.00%,NO,&nbsp,361,AD 66,2025-11-04_22:12:01.642387
ED   39,0.00%,YES,&nbsp,115,AD 66,2025-11-04_22:12:01.642387
ED   39,0.00%,NO,&nbsp,102,AD 66,2025-11-04_22:12:01.642387
ED   40,0.00%,YES,&nbsp,279,AD 66,2025-11-04_22:12:01.642387
ED   40,0.00%,NO,&nbsp,170,AD 66,2025-11-04_22:12:01.642387
ED   41,0.00%,YES,&nbsp,384,AD 66,2025-11-04_22:12:01.642387
ED   41,0.00%,NO,&nbsp,314,AD 66,2025-11-04_22:12:01.642387
ED   42,0.00%,YES,&nbsp,443,AD 66,2025-11-04_22:12:01.642387
ED   42,0.00%,NO,&nbsp,336,AD 66,2025-11-04_22:12:01.642387
ED   43,0.00%,YES,&nbsp,366,AD 66,2025-11-04_22:12:01.642387
ED   43,0.00%,NO,&nbsp,155,AD 66,2025-11-04_22:12:01.642387
ED   44,0.00%,YES,&nbsp,424,AD 66,2025-11-04_22:12:01.642387
ED   44,0.00%,NO,&nbsp,252,AD 66,2025-11-04_22:12:01.642387
ED   45,0.00%,YES,&nbsp,404,AD 66,2025-11-04_22:12:01.642387
ED   45,0.00%,NO,&nbsp,254,AD 66,2025-11-04_22:12:01.642387
ED   46,0.00%,YES,&nbsp,198,AD 66,2025-11-04_22:12:01.642387
ED   46,0.00%,NO,&nbsp,144,AD 66,2025-11-04_22:12:01.642387
ED   47,0.00%,YES,&nbsp,389,AD 66,2025-11-04_22:12:01.642387
ED   47,0.00%,NO,&nbsp,298,AD 66,2025-11-04_22:12:01.642387
ED   48,0.00%,YES,&nbsp,417,AD 66,2025-11-04_22:12:01.642387
ED   48,0.00%,NO,&nbsp,287,AD 66,2025-11-04_22:12:01.642387
ED   49,0.00%,YES,&nbsp,491,AD 66,2025-11-04_22:12:01.642387
ED   49,0.00%,NO,&nbsp,328,AD 66,2025-11-04_22:12:01.642387
ED   50,0.00%,YES,&nbsp,430,AD 66,2025-11-04_22:12:01.642387
ED   50,0.00%,NO,&nbsp,310,AD 66,2025-11-04_22:12:01.642387
ED   51,0.00%,YES,&nbsp,496,AD 66,2025-11-04_22:12:01.642387
ED   51,0.00%,NO,&nbsp,353,AD 66,2025-11-04_22:12:01.642387
ED   52,0.00%,YES,&nbsp,255,AD 66,2025-11-04_22:12:01.642387
ED   52,0.00%,NO,&nbsp,152,AD 66,2025-11-04_22:12:01.642387
ED   53,0.00%,YES,&nbsp,290,AD 66,2025-11-04_22:12:01.642387
ED   53,0.00%,NO,&nbsp,212,AD 66,2025-11-04_22:12:01.642387
ED   54,0.00%,YES,&nbsp,379,AD 66,2025-11-04_22:12:01.642387
ED   54,0.00%,NO,&nbsp,239,AD 66,2025-11-04_22:12:01.642387
ED   55,0.00%,YES,&nbsp,250,AD 66,2025-11-04_22:12:01.642387
ED   55,0.00%,NO,&nbsp,238,AD 66,2025-11-04_22:12:01.642387
ED   56,0.00%,YES,&nbsp,409,AD 66,2025-11-04_22:12:01.642387
ED   56,0.00%,NO,&nbsp,182,AD 66,2025-11-04_22:12:01.642387
ED   57,0.00%,YES,&nbsp,466,AD 66,2025-11-04_22:12:01.642387
ED   57,0.00%,NO,&nbsp,248,AD 66,2025-11-04_22:12:01.642387
ED   58,0.00%,YES,&nbsp,336,AD 66,2025-11-04_22:12:01.642387
ED   58,0.00%,NO,&nbsp,340,AD 66,2025-11-04_22:12:01.642387
ED   59,0.00%,YES,&nbsp,198,AD 66,2025-11-04_22:12:01.642387
ED   59,0.00%,NO,&nbsp,247,AD 66,2025-11-04_22:12:01.642387
ED   60,0.00%,YES,&nbsp,222,AD 66,2025-11-04_22:12:01.642387
ED   60,0.00%,NO,&nbsp,278,AD 66,2025-11-04_22:12:01.642387
ED   61,0.00%,YES,&nbsp,222,AD 66,2025-11-04_22:12:01.642387
ED   61,0.00%,NO,&nbsp,294,AD 66,2025-11-04_22:12:01.642387
ED   62,0.00%,YES,&nbsp,5,AD 66,2025-11-04_22:12:01.642387
ED   62,0.00%,NO,&nbsp,4,AD 66,2025-11-04_22:12:01.642387
ED   63,0.00%,YES,&nbsp,311,AD 66,2025-11-04_22:12:01.642387
ED   63,0.00%,NO,&nbsp,271,AD 66,2025-11-04_22:12:01.642387
ED   64,0.00%,YES,&nbsp,397,AD 66,2025-11-04_22:12:01.642387
ED   64,0.00%,NO,&nbsp,329,AD 66,2025-11-04_22:12:01.642387
ED   65,0.00%,YES,&nbsp,222,AD 66,2025-11-04_22:12:01.642387
ED   65,0.00%,NO,&nbsp,298,AD 66,2025-11-04_22:12:01.642387
ED   66,0.00%,YES,&nbsp,511,AD 66,2025-11-04_22:12:01.642387
ED   66,0.00%,NO,&nbsp,377,AD 66,2025-11-04_22:12:01.642387
ED   67,0.00%,YES,&nbsp,526,AD 66,2025-11-04_22:12:01.642387
ED   67,0.00%,NO,&nbsp,384,AD 66,2025-11-04_22:12:01.642387
ED   68,0.00%,YES,&nbsp,445,AD 66,2025-11-04_22:12:01.642387
ED   68,0.00%,NO,&nbsp,377,AD 66,2025-11-04_22:12:01.642387
ED   69,0.00%,YES,&nbsp,362,AD 66,2025-11-04_22:12:01.642387
ED   69,0.00%,NO,&nbsp,296,AD 66,2025-11-04_22:12:01.642387
ED   70,0.00%,YES,&nbsp,359,AD 66,2025-11-04_22:12:01.642387
ED   70,0.00%,NO,&nbsp,337,AD 66,2025-11-04_22:12:01.642387
ED   71,0.00%,YES,&nbsp,375,AD 66,2025-11-04_22:12:01.642387
ED   71,0.00%,NO,&nbsp,340,AD 66,2025-11-04_22:12:01.642387
ED   72,0.00%,YES,&nbsp,207,AD 66,2025-11-04_22:12:01.642387
ED   72,0.00%,NO,&nbsp,140,AD 66,2025-11-04_22:12:01.642387
ED   73,0.00%,YES,&nbsp,420,AD 66,2025-11-04_22:12:01.642387
ED   73,0.00%,NO,&nbsp,348,AD 66,2025-11-04_22:12:01.642387
ED   74,0.00%,YES,&nbsp,79,AD 66,2025-11-04_22:12:01.642387
ED   74,0.00%,NO,&nbsp,23,AD 66,2025-11-04_22:12:01.642387
ED   75,0.00%,YES,&nbsp,-,AD 66,2025-11-04_22:12:01.642387
ED   75,0.00%,NO,&nbsp,-,AD 66,2025-11-04_22:12:01.642387
ED   76,0.00%,YES,&nbsp,-,AD 66,2025-11-04_22:12:01.642387
ED   76,0.00%,NO,&nbsp,-,AD 66,2025-11-04_22:12:01.642387
ED   77,0.00%,YES,&nbsp,-,AD 66,2025-11-04_22:12:01.642387
ED   77,0.00%,NO,&nbsp,-,AD 66,2025-11-04_22:12:01.642387
ED   78,0.00%,YES,&nbsp,-,AD 66,2025-11-04_22:12:01.642387
ED   78,0.00%,NO,&nbsp,-,AD 66,2025-11-04_22:12:01.642387
Total,,YES,&nbsp,24923,AD 66,2025-11-04_22:12:01.642387
Total,,NO,&nbsp,20448,AD 66,2025-11-04_22:12:01.642387
ED    1,0.00%,YES,&nbsp,461,AD 67,2025-11-04_22:12:01.642387
ED    1,0.00%,NO,&nbsp,239,AD 67,2025-11-04_22:12:01.642387
ED    2,0.00%,YES,&nbsp,283,AD 67,2025-11-04_22:12:01.642387
ED    2,0.00%,NO,&nbsp,151,AD 67,2025-11-04_22:12:01.642387
ED    3,0.00%,YES,&nbsp,450,AD 67,2025-11-04_22:12:01.642387
ED    3,0.00%,NO,&nbsp,259,AD 67,2025-11-04_22:12:01.642387
ED    4,0.00%,YES,&nbsp,433,AD 67,2025-11-04_22:12:01.642387
ED    4,0.00%,NO,&nbsp,277,AD 67,2025-11-04_22:12:01.642387
ED    5,0.00%,YES,&nbsp,507,AD 67,2025-11-04_22:12:01.642387
ED    5,0.00%,NO,&nbsp,297,AD 67,2025-11-04_22:12:01.642387
ED    6,0.00%,YES,&nbsp,89,AD 67,2025-11-04_22:12:01.642387
ED    6,0.00%,NO,&nbsp,70,AD 67,2025-11-04_22:12:01.642387
ED    7,0.00%,YES,&nbsp,499,AD 67,2025-11-04_22:12:01.642387
ED    7,0.00%,NO,&nbsp,317,AD 67,2025-11-04_22:12:01.642387
ED    8,0.00%,YES,&nbsp,462,AD 67,2025-11-04_22:12:01.642387
ED    8,0.00%,NO,&nbsp,318,AD 67,2025-11-04_22:12:01.642387
ED    9,0.00%,YES,&nbsp,394,AD 67,2025-11-04_22:12:01.642387
ED    9,0.00%,NO,&nbsp,212,AD 67,2025-11-04_22:12:01.642387
ED   10,0.00%,YES,&nbsp,463,AD 67,2025-11-04_22:12:01.642387
ED   10,0.00%,NO,&nbsp,246,AD 67,2025-11-04_22:12:01.642387
ED   11,0.00%,YES,&nbsp,429,AD 67,2025-11-04_22:12:01.642387
ED   11,0.00%,NO,&nbsp,282,AD 67,2025-11-04_22:12:01.642387
ED   12,0.00%,YES,&nbsp,538,AD 67,2025-11-04_22:12:01.642387
ED   12,0.00%,NO,&nbsp,352,AD 67,2025-11-04_22:12:01.642387
ED   13,0.00%,YES,&nbsp,478,AD 67,2025-11-04_22:12:01.642387
ED   13,0.00%,NO,&nbsp,293,AD 67,2025-11-04_22:12:01.642387
ED   14,0.00%,YES,&nbsp,360,AD 67,2025-11-04_22:12:01.642387
ED   14,0.00%,NO,&nbsp,226,AD 67,2025-11-04_22:12:01.642387
ED   15,0.00%,YES,&nbsp,367,AD 67,2025-11-04_22:12:01.642387
ED   15,0.00%,NO,&nbsp,269,AD 67,2025-11-04_22:12:01.642387
ED   16,0.00%,YES,&nbsp,517,AD 67,2025-11-04_22:12:01.642387
ED   16,0.00%,NO,&nbsp,341,AD 67,2025-11-04_22:12:01.642387
ED   17,0.00%,YES,&nbsp,494,AD 67,2025-11-04_22:12:01.642387
ED   17,0.00%,NO,&nbsp,285,AD 67,2025-11-04_22:12:01.642387
ED   18,0.00%,YES,&nbsp,501,AD 67,2025-11-04_22:12:01.642387
ED   18,0.00%,NO,&nbsp,291,AD 67,2025-11-04_22:12:01.642387
ED   19,0.00%,YES,&nbsp,542,AD 67,2025-11-04_22:12:01.642387
ED   19,0.00%,NO,&nbsp,332,AD 67,2025-11-04_22:12:01.642387
ED   20,0.00%,YES,&nbsp,557,AD 67,2025-11-04_22:12:01.642387
ED   20,0.00%,NO,&nbsp,297,AD 67,2025-11-04_22:12:01.642387
ED   21,0.00%,YES,&nbsp,431,AD 67,2025-11-04_22:12:01.642387
ED   21,0.00%,NO,&nbsp,346,AD 67,2025-11-04_22:12:01.642387
ED   22,0.00%,YES,&nbsp,469,AD 67,2025-11-04_22:12:01.642387
ED   22,0.00%,NO,&nbsp,257,AD 67,2025-11-04_22:12:01.642387
ED   23,0.00%,YES,&nbsp,218,AD 67,2025-11-04_22:12:01.642387
ED   23,0.00%,NO,&nbsp,127,AD 67,2025-11-04_22:12:01.642387
ED   24,0.00%,YES,&nbsp,506,AD 67,2025-11-04_22:12:01.642387
ED   24,0.00%,NO,&nbsp,281,AD 67,2025-11-04_22:12:01.642387
ED   25,0.00%,YES,&nbsp,384,AD 67,2025-11-04_22:12:01.642387
ED   25,0.00%,NO,&nbsp,230,AD 67,2025-11-04_22:12:01.642387
ED   26,0.00%,YES,&nbsp,604,AD 67,2025-11-04_22:12:01.642387
ED   26,0.00%,NO,&nbsp,417,AD 67,2025-11-04_22:12:01.642387
ED   27,0.00%,YES,&nbsp,339,AD 67,2025-11-04_22:12:01.642387
ED   27,0.00%,NO,&nbsp,221,AD 67,2025-11-04_22:12:01.642387
ED   28,0.00%,YES,&nbsp,351,AD 67,2025-11-04_22:12:01.642387
ED   28,0.00%,NO,&nbsp,233,AD 67,2025-11-04_22:12:01.642387
ED   29,0.00%,YES,&nbsp,327,AD 67,2025-11-04_22:12:01.642387
ED   29,0.00%,NO,&nbsp,216,AD 67,2025-11-04_22:12:01.642387
ED   30,0.00%,YES,&nbsp,541,AD 67,2025-11-04_22:12:01.642387
ED   30,0.00%,NO,&nbsp,379,AD 67,2025-11-04_22:12:01.642387
ED   31,0.00%,YES,&nbsp,288,AD 67,2025-11-04_22:12:01.642387
ED   31,0.00%,NO,&nbsp,196,AD 67,2025-11-04_22:12:01.642387
ED   32,0.00%,YES,&nbsp,410,AD 67,2025-11-04_22:12:01.642387
ED   32,0.00%,NO,&nbsp,309,AD 67,2025-11-04_22:12:01.642387
ED   33,0.00%,YES,&nbsp,355,AD 67,2025-11-04_22:12:01.642387
ED   33,0.00%,NO,&nbsp,241,AD 67,2025-11-04_22:12:01.642387
ED   34,0.00%,YES,&nbsp,486,AD 67,2025-11-04_22:12:01.642387
ED   34,0.00%,NO,&nbsp,339,AD 67,2025-11-04_22:12:01.642387
ED   35,0.00%,YES,&nbsp,418,AD 67,2025-11-04_22:12:01.642387
ED   35,0.00%,NO,&nbsp,280,AD 67,2025-11-04_22:12:01.642387
ED   36,0.00%,YES,&nbsp,550,AD 67,2025-11-04_22:12:01.642387
ED   36,0.00%,NO,&nbsp,339,AD 67,2025-11-04_22:12:01.642387
ED   37,0.00%,YES,&nbsp,591,AD 67,2025-11-04_22:12:01.642387
ED   37,0.00%,NO,&nbsp,384,AD 67,2025-11-04_22:12:01.642387
ED   38,0.00%,YES,&nbsp,634,AD 67,2025-11-04_22:12:01.642387
ED   38,0.00%,NO,&nbsp,464,AD 67,2025-11-04_22:12:01.642387
ED   39,0.00%,YES,&nbsp,579,AD 67,2025-11-04_22:12:01.642387
ED   39,0.00%,NO,&nbsp,474,AD 67,2025-11-04_22:12:01.642387
ED   40,0.00%,YES,&nbsp,556,AD 67,2025-11-04_22:12:01.642387
ED   40,0.00%,NO,&nbsp,413,AD 67,2025-11-04_22:12:01.642387
ED   41,0.00%,YES,&nbsp,510,AD 67,2025-11-04_22:12:01.642387
ED   41,0.00%,NO,&nbsp,349,AD 67,2025-11-04_22:12:01.642387
ED   42,0.00%,YES,&nbsp,498,AD 67,2025-11-04_22:12:01.642387
ED   42,0.00%,NO,&nbsp,390,AD 67,2025-11-04_22:12:01.642387
ED   43,0.00%,YES,&nbsp,288,AD 67,2025-11-04_22:12:01.642387
ED   43,0.00%,NO,&nbsp,198,AD 67,2025-11-04_22:12:01.642387
ED   44,0.00%,YES,&nbsp,508,AD 67,2025-11-04_22:12:01.642387
ED   44,0.00%,NO,&nbsp,431,AD 67,2025-11-04_22:12:01.642387
ED   45,0.00%,YES,&nbsp,296,AD 67,2025-11-04_22:12:01.642387
ED   45,0.00%,NO,&nbsp,194,AD 67,2025-11-04_22:12:01.642387
ED   46,0.00%,YES,&nbsp,169,AD 67,2025-11-04_22:12:01.642387
ED   46,0.00%,NO,&nbsp,107,AD 67,2025-11-04_22:12:01.642387
ED   47,0.00%,YES,&nbsp,456,AD 67,2025-11-04_22:12:01.642387
ED   47,0.00%,NO,&nbsp,382,AD 67,2025-11-04_22:12:01.642387
ED   48,0.00%,YES,&nbsp,441,AD 67,2025-11-04_22:12:01.642387
ED   48,0.00%,NO,&nbsp,251,AD 67,2025-11-04_22:12:01.642387
ED   49,0.00%,YES,&nbsp,401,AD 67,2025-11-04_22:12:01.642387
ED   49,0.00%,NO,&nbsp,207,AD 67,2025-11-04_22:12:01.642387
ED   50,0.00%,YES,&nbsp,330,AD 67,2025-11-04_22:12:01.642387
ED   50,0.00%,NO,&nbsp,149,AD 67,2025-11-04_22:12:01.642387
ED   51,0.00%,YES,&nbsp,198,AD 67,2025-11-04_22:12:01.642387
ED   51,0.00%,NO,&nbsp,84,AD 67,2025-11-04_22:12:01.642387
ED   52,0.00%,YES,&nbsp,457,AD 67,2025-11-04_22:12:01.642387
ED   52,0.00%,NO,&nbsp,302,AD 67,2025-11-04_22:12:01.642387
ED   53,0.00%,YES,&nbsp,310,AD 67,2025-11-04_22:12:01.642387
ED   53,0.00%,NO,&nbsp,153,AD 67,2025-11-04_22:12:01.642387
ED   54,0.00%,YES,&nbsp,418,AD 67,2025-11-04_22:12:01.642387
ED   54,0.00%,NO,&nbsp,152,AD 67,2025-11-04_22:12:01.642387
ED   55,0.00%,YES,&nbsp,283,AD 67,2025-11-04_22:12:01.642387
ED   55,0.00%,NO,&nbsp,113,AD 67,2025-11-04_22:12:01.642387
ED   56,0.00%,YES,&nbsp,482,AD 67,2025-11-04_22:12:01.642387
ED   56,0.00%,NO,&nbsp,252,AD 67,2025-11-04_22:12:01.642387
ED   57,0.00%,YES,&nbsp,572,AD 67,2025-11-04_22:12:01.642387
ED   57,0.00%,NO,&nbsp,338,AD 67,2025-11-04_22:12:01.642387
ED   58,0.00%,YES,&nbsp,302,AD 67,2025-11-04_22:12:01.642387
ED   58,0.00%,NO,&nbsp,153,AD 67,2025-11-04_22:12:01.642387
ED   59,0.00%,YES,&nbsp,533,AD 67,2025-11-04_22:12:01.642387
ED   59,0.00%,NO,&nbsp,267,AD 67,2025-11-04_22:12:01.642387
ED   60,0.00%,YES,&nbsp,529,AD 67,2025-11-04_22:12:01.642387
ED   60,0.00%,NO,&nbsp,261,AD 67,2025-11-04_22:12:01.642387
ED   61,0.00%,YES,&nbsp,312,AD 67,2025-11-04_22:12:01.642387
ED   61,0.00%,NO,&nbsp,140,AD 67,2025-11-04_22:12:01.642387
ED   62,0.00%,YES,&nbsp,513,AD 67,2025-11-04_22:12:01.642387
ED   62,0.00%,NO,&nbsp,244,AD 67,2025-11-04_22:12:01.642387
ED   63,0.00%,YES,&nbsp,483,AD 67,2025-11-04_22:12:01.642387
ED   63,0.00%,NO,&nbsp,259,AD 67,2025-11-04_22:12:01.642387
ED   64,0.00%,YES,&nbsp,387,AD 67,2025-11-04_22:12:01.642387
ED   64,0.00%,NO,&nbsp,211,AD 67,2025-11-04_22:12:01.642387
ED   65,0.00%,YES,&nbsp,480,AD 67,2025-11-04_22:12:01.642387
ED   65,0.00%,NO,&nbsp,232,AD 67,2025-11-04_22:12:01.642387
ED   66,0.00%,YES,&nbsp,237,AD 67,2025-11-04_22:12:01.642387
ED   66,0.00%,NO,&nbsp,86,AD 67,2025-11-04_22:12:01.642387
ED   67,0.00%,YES,&nbsp,403,AD 67,2025-11-04_22:12:01.642387
ED   67,0.00%,NO,&nbsp,199,AD 67,2025-11-04_22:12:01.642387
ED   68,0.00%,YES,&nbsp,311,AD 67,2025-11-04_22:12:01.642387
ED   68,0.00%,NO,&nbsp,138,AD 67,2025-11-04_22:12:01.642387
ED   69,0.00%,YES,&nbsp,-,AD 67,2025-11-04_22:12:01.642387
ED   69,0.00%,NO,&nbsp,-,AD 67,2025-11-04_22:12:01.642387
ED   70,0.00%,YES,&nbsp,-,AD 67,2025-11-04_22:12:01.642387
ED   70,0.00%,NO,&nbsp,-,AD 67,2025-11-04_22:12:01.642387
ED   71,0.00%,YES,&nbsp,-,AD 67,2025-11-04_22:12:01.642387
ED   71,0.00%,NO,&nbsp,-,AD 67,2025-11-04_22:12:01.642387
Total,,YES,&nbsp,28968,AD 67,2025-11-04_22:12:01.642387
Total,,NO,&nbsp,17742,AD 67,2025-11-04_22:12:01.642387
ED    1,0.00%,YES,&nbsp,241,AD 68,2025-11-04_22:12:01.642387
ED    1,0.00%,NO,&nbsp,92,AD 68,2025-11-04_22:12:01.642387
ED    2,0.00%,YES,&nbsp,219,AD 68,2025-11-04_22:12:01.642387
ED    2,0.00%,NO,&nbsp,61,AD 68,2025-11-04_22:12:01.642387
ED    3,0.00%,YES,&nbsp,120,AD 68,2025-11-04_22:12:01.642387
ED    3,0.00%,NO,&nbsp,33,AD 68,2025-11-04_22:12:01.642387
ED    4,0.00%,YES,&nbsp,333,AD 68,2025-11-04_22:12:01.642387
ED    4,0.00%,NO,&nbsp,146,AD 68,2025-11-04_22:12:01.642387
ED    5,0.00%,YES,&nbsp,277,AD 68,2025-11-04_22:12:01.642387
ED    5,0.00%,NO,&nbsp,133,AD 68,2025-11-04_22:12:01.642387
ED    6,0.00%,YES,&nbsp,217,AD 68,2025-11-04_22:12:01.642387
ED    6,0.00%,NO,&nbsp,101,AD 68,2025-11-04_22:12:01.642387
ED    7,0.00%,YES,&nbsp,150,AD 68,2025-11-04_22:12:01.642387
ED    7,0.00%,NO,&nbsp,24,AD 68,2025-11-04_22:12:01.642387
ED    8,0.00%,YES,&nbsp,522,AD 68,2025-11-04_22:12:01.642387
ED    8,0.00%,NO,&nbsp,283,AD 68,2025-11-04_22:12:01.642387
ED    9,0.00%,YES,&nbsp,121,AD 68,2025-11-04_22:12:01.642387
ED    9,0.00%,NO,&nbsp,57,AD 68,2025-11-04_22:12:01.642387
ED   10,0.00%,YES,&nbsp,128,AD 68,2025-11-04_22:12:01.642387
ED   10,0.00%,NO,&nbsp,38,AD 68,2025-11-04_22:12:01.642387
ED   11,0.00%,YES,&nbsp,283,AD 68,2025-11-04_22:12:01.642387
ED   11,0.00%,NO,&nbsp,116,AD 68,2025-11-04_22:12:01.642387
ED   12,0.00%,YES,&nbsp,223,AD 68,2025-11-04_22:12:01.642387
ED   12,0.00%,NO,&nbsp,117,AD 68,2025-11-04_22:12:01.642387
ED   13,0.00%,YES,&nbsp,210,AD 68,2025-11-04_22:12:01.642387
ED   13,0.00%,NO,&nbsp,75,AD 68,2025-11-04_22:12:01.642387
ED   14,0.00%,YES,&nbsp,159,AD 68,2025-11-04_22:12:01.642387
ED   14,0.00%,NO,&nbsp,69,AD 68,2025-11-04_22:12:01.642387
ED   15,0.00%,YES,&nbsp,23,AD 68,2025-11-04_22:12:01.642387
ED   15,0.00%,NO,&nbsp,4,AD 68,2025-11-04_22:12:01.642387
ED   16,0.00%,YES,&nbsp,18,AD 68,2025-11-04_22:12:01.642387
ED   16,0.00%,NO,&nbsp,11,AD 68,2025-11-04_22:12:01.642387
ED   17,0.00%,YES,&nbsp,286,AD 68,2025-11-04_22:12:01.642387
ED   17,0.00%,NO,&nbsp,100,AD 68,2025-11-04_22:12:01.642387
ED   18,0.00%,YES,&nbsp,228,AD 68,2025-11-04_22:12:01.642387
ED   18,0.00%,NO,&nbsp,55,AD 68,2025-11-04_22:12:01.642387
ED   19,0.00%,YES,&nbsp,222,AD 68,2025-11-04_22:12:01.642387
ED   19,0.00%,NO,&nbsp,69,AD 68,2025-11-04_22:12:01.642387
ED   20,0.00%,YES,&nbsp,228,AD 68,2025-11-04_22:12:01.642387
ED   20,0.00%,NO,&nbsp,75,AD 68,2025-11-04_22:12:01.642387
ED   21,0.00%,YES,&nbsp,115,AD 68,2025-11-04_22:12:01.642387
ED   21,0.00%,NO,&nbsp,60,AD 68,2025-11-04_22:12:01.642387
ED   22,0.00%,YES,&nbsp,150,AD 68,2025-11-04_22:12:01.642387
ED   22,0.00%,NO,&nbsp,48,AD 68,2025-11-04_22:12:01.642387
ED   23,0.00%,YES,&nbsp,196,AD 68,2025-11-04_22:12:01.642387
ED   23,0.00%,NO,&nbsp,38,AD 68,2025-11-04_22:12:01.642387
ED   24,0.00%,YES,&nbsp,12,AD 68,2025-11-04_22:12:01.642387
ED   24,0.00%,NO,&nbsp,2,AD 68,2025-11-04_22:12:01.642387
ED   25,0.00%,YES,&nbsp,207,AD 68,2025-11-04_22:12:01.642387
ED   25,0.00%,NO,&nbsp,99,AD 68,2025-11-04_22:12:01.642387
ED   26,0.00%,YES,&nbsp,153,AD 68,2025-11-04_22:12:01.642387
ED   26,0.00%,NO,&nbsp,58,AD 68,2025-11-04_22:12:01.642387
ED   27,0.00%,YES,&nbsp,135,AD 68,2025-11-04_22:12:01.642387
ED   27,0.00%,NO,&nbsp,39,AD 68,2025-11-04_22:12:01.642387
ED   28,0.00%,YES,&nbsp,419,AD 68,2025-11-04_22:12:01.642387
ED   28,0.00%,NO,&nbsp,189,AD 68,2025-11-04_22:12:01.642387
ED   29,0.00%,YES,&nbsp,262,AD 68,2025-11-04_22:12:01.642387
ED   29,0.00%,NO,&nbsp,124,AD 68,2025-11-04_22:12:01.642387
ED   30,0.00%,YES,&nbsp,130,AD 68,2025-11-04_22:12:01.642387
ED   30,0.00%,NO,&nbsp,43,AD 68,2025-11-04_22:12:01.642387
ED   31,0.00%,YES,&nbsp,242,AD 68,2025-11-04_22:12:01.642387
ED   31,0.00%,NO,&nbsp,138,AD 68,2025-11-04_22:12:01.642387
ED   32,0.00%,YES,&nbsp,124,AD 68,2025-11-04_22:12:01.642387
ED   32,0.00%,NO,&nbsp,60,AD 68,2025-11-04_22:12:01.642387
ED   33,0.00%,YES,&nbsp,361,AD 68,2025-11-04_22:12:01.642387
ED   33,0.00%,NO,&nbsp,175,AD 68,2025-11-04_22:12:01.642387
ED   34,0.00%,YES,&nbsp,230,AD 68,2025-11-04_22:12:01.642387
ED   34,0.00%,NO,&nbsp,53,AD 68,2025-11-04_22:12:01.642387
ED   35,0.00%,YES,&nbsp,296,AD 68,2025-11-04_22:12:01.642387
ED   35,0.00%,NO,&nbsp,108,AD 68,2025-11-04_22:12:01.642387
ED   36,0.00%,YES,&nbsp,212,AD 68,2025-11-04_22:12:01.642387
ED   36,0.00%,NO,&nbsp,80,AD 68,2025-11-04_22:12:01.642387
ED   37,0.00%,YES,&nbsp,366,AD 68,2025-11-04_22:12:01.642387
ED   37,0.00%,NO,&nbsp,144,AD 68,2025-11-04_22:12:01.642387
ED   38,0.00%,YES,&nbsp,382,AD 68,2025-11-04_22:12:01.642387
ED   38,0.00%,NO,&nbsp,153,AD 68,2025-11-04_22:12:01.642387
ED   39,0.00%,YES,&nbsp,96,AD 68,2025-11-04_22:12:01.642387
ED   39,0.00%,NO,&nbsp,27,AD 68,2025-11-04_22:12:01.642387
ED   40,0.00%,YES,&nbsp,111,AD 68,2025-11-04_22:12:01.642387
ED   40,0.00%,NO,&nbsp,37,AD 68,2025-11-04_22:12:01.642387
ED   41,0.00%,YES,&nbsp,222,AD 68,2025-11-04_22:12:01.642387
ED   41,0.00%,NO,&nbsp,75,AD 68,2025-11-04_22:12:01.642387
ED   42,0.00%,YES,&nbsp,187,AD 68,2025-11-04_22:12:01.642387
ED   42,0.00%,NO,&nbsp,58,AD 68,2025-11-04_22:12:01.642387
ED   43,0.00%,YES,&nbsp,340,AD 68,2025-11-04_22:12:01.642387
ED   43,0.00%,NO,&nbsp,204,AD 68,2025-11-04_22:12:01.642387
ED   44,0.00%,YES,&nbsp,396,AD 68,2025-11-04_22:12:01.642387
ED   44,0.00%,NO,&nbsp,174,AD 68,2025-11-04_22:12:01.642387
ED   45,0.00%,YES,&nbsp,248,AD 68,2025-11-04_22:12:01.642387
ED   45,0.00%,NO,&nbsp,89,AD 68,2025-11-04_22:12:01.642387
ED   46,0.00%,YES,&nbsp,320,AD 68,2025-11-04_22:12:01.642387
ED   46,0.00%,NO,&nbsp,118,AD 68,2025-11-04_22:12:01.642387
ED   47,0.00%,YES,&nbsp,350,AD 68,2025-11-04_22:12:01.642387
ED   47,0.00%,NO,&nbsp,114,AD 68,2025-11-04_22:12:01.642387
ED   48,0.00%,YES,&nbsp,357,AD 68,2025-11-04_22:12:01.642387
ED   48,0.00%,NO,&nbsp,131,AD 68,2025-11-04_22:12:01.642387
ED   49,0.00%,YES,&nbsp,127,AD 68,2025-11-04_22:12:01.642387
ED   49,0.00%,NO,&nbsp,52,AD 68,2025-11-04_22:12:01.642387
ED   50,0.00%,YES,&nbsp,119,AD 68,2025-11-04_22:12:01.642387
ED   50,0.00%,NO,&nbsp,42,AD 68,2025-11-04_22:12:01.642387
ED   51,0.00%,YES,&nbsp,349,AD 68,2025-11-04_22:12:01.642387
ED   51,0.00%,NO,&nbsp,149,AD 68,2025-11-04_22:12:01.642387
ED   52,0.00%,YES,&nbsp,335,AD 68,2025-11-04_22:12:01.642387
ED   52,0.00%,NO,&nbsp,231,AD 68,2025-11-04_22:12:01.642387
ED   53,0.00%,YES,&nbsp,269,AD 68,2025-11-04_22:12:01.642387
ED   53,0.00%,NO,&nbsp,139,AD 68,2025-11-04_22:12:01.642387
ED   54,0.00%,YES,&nbsp,293,AD 68,2025-11-04_22:12:01.642387
ED   54,0.00%,NO,&nbsp,254,AD 68,2025-11-04_22:12:01.642387
ED   55,0.00%,YES,&nbsp,493,AD 68,2025-11-04_22:12:01.642387
ED   55,0.00%,NO,&nbsp,358,AD 68,2025-11-04_22:12:01.642387
ED   56,0.00%,YES,&nbsp,176,AD 68,2025-11-04_22:12:01.642387
ED   56,0.00%,NO,&nbsp,78,AD 68,2025-11-04_22:12:01.642387
ED   57,0.00%,YES,&nbsp,217,AD 68,2025-11-04_22:12:01.642387
ED   57,0.00%,NO,&nbsp,85,AD 68,2025-11-04_22:12:01.642387
ED   58,0.00%,YES,&nbsp,210,AD 68,2025-11-04_22:12:01.642387
ED   58,0.00%,NO,&nbsp,72,AD 68,2025-11-04_22:12:01.642387
ED   59,0.00%,YES,&nbsp,175,AD 68,2025-11-04_22:12:01.642387
ED   59,0.00%,NO,&nbsp,50,AD 68,2025-11-04_22:12:01.642387
ED   60,0.00%,YES,&nbsp,251,AD 68,2025-11-04_22:12:01.642387
ED   60,0.00%,NO,&nbsp,94,AD 68,2025-11-04_22:12:01.642387
ED   61,0.00%,YES,&nbsp,135,AD 68,2025-11-04_22:12:01.642387
ED   61,0.00%,NO,&nbsp,36,AD 68,2025-11-04_22:12:01.642387
ED   62,0.00%,YES,&nbsp,496,AD 68,2025-11-04_22:12:01.642387
ED   62,0.00%,NO,&nbsp,215,AD 68,2025-11-04_22:12:01.642387
ED   63,0.00%,YES,&nbsp,428,AD 68,2025-11-04_22:12:01.642387
ED   63,0.00%,NO,&nbsp,185,AD 68,2025-11-04_22:12:01.642387
ED   64,0.00%,YES,&nbsp,214,AD 68,2025-11-04_22:12:01.642387
ED   64,0.00%,NO,&nbsp,167,AD 68,2025-11-04_22:12:01.642387
ED   65,0.00%,YES,&nbsp,526,AD 68,2025-11-04_22:12:01.642387
ED   65,0.00%,NO,&nbsp,267,AD 68,2025-11-04_22:12:01.642387
ED   66,0.00%,YES,&nbsp,641,AD 68,2025-11-04_22:12:01.642387
ED   66,0.00%,NO,&nbsp,413,AD 68,2025-11-04_22:12:01.642387
ED   67,0.00%,YES,&nbsp,371,AD 68,2025-11-04_22:12:01.642387
ED   67,0.00%,NO,&nbsp,189,AD 68,2025-11-04_22:12:01.642387
ED   68,0.00%,YES,&nbsp,180,AD 68,2025-11-04_22:12:01.642387
ED   68,0.00%,NO,&nbsp,89,AD 68,2025-11-04_22:12:01.642387
ED   69,0.00%,YES,&nbsp,210,AD 68,2025-11-04_22:12:01.642387
ED   69,0.00%,NO,&nbsp,59,AD 68,2025-11-04_22:12:01.642387
ED   70,0.00%,YES,&nbsp,387,AD 68,2025-11-04_22:12:01.642387
ED   70,0.00%,NO,&nbsp,272,AD 68,2025-11-04_22:12:01.642387
ED   71,0.00%,YES,&nbsp,251,AD 68,2025-11-04_22:12:01.642387
ED   71,0.00%,NO,&nbsp,93,AD 68,2025-11-04_22:12:01.642387
ED   72,0.00%,YES,&nbsp,73,AD 68,2025-11-04_22:12:01.642387
ED   72,0.00%,NO,&nbsp,26,AD 68,2025-11-04_22:12:01.642387
ED   73,0.00%,YES,&nbsp,106,AD 68,2025-11-04_22:12:01.642387
ED   73,0.00%,NO,&nbsp,32,AD 68,2025-11-04_22:12:01.642387
ED   74,0.00%,YES,&nbsp,274,AD 68,2025-11-04_22:12:01.642387
ED   74,0.00%,NO,&nbsp,89,AD 68,2025-11-04_22:12:01.642387
ED   75,0.00%,YES,&nbsp,124,AD 68,2025-11-04_22:12:01.642387
ED   75,0.00%,NO,&nbsp,103,AD 68,2025-11-04_22:12:01.642387
ED   76,0.00%,YES,&nbsp,5,AD 68,2025-11-04_22:12:01.642387
ED   76,0.00%,NO,&nbsp,9,AD 68,2025-11-04_22:12:01.642387
ED   77,0.00%,YES,&nbsp,250,AD 68,2025-11-04_22:12:01.642387
ED   77,0.00%,NO,&nbsp,176,AD 68,2025-11-04_22:12:01.642387
ED   78,0.00%,YES,&nbsp,-,AD 68,2025-11-04_22:12:01.642387
ED   78,0.00%,NO,&nbsp,-,AD 68,2025-11-04_22:12:01.642387
ED   79,0.00%,YES,&nbsp,-,AD 68,2025-11-04_22:12:01.642387
ED   79,0.00%,NO,&nbsp,-,AD 68,2025-11-04_22:12:01.642387
ED   80,0.00%,YES,&nbsp,-,AD 68,2025-11-04_22:12:01.642387
ED   80,0.00%,NO,&nbsp,-,AD 68,2025-11-04_22:12:01.642387
ED   81,0.00%,YES,&nbsp,-,AD 68,2025-11-04_22:12:01.642387
ED   81,0.00%,NO,&nbsp,-,AD 68,2025-11-04_22:12:01.642387
ED   82,0.00%,YES,&nbsp,-,AD 68,2025-11-04_22:12:01.642387
ED   82,0.00%,NO,&nbsp,-,AD 68,2025-11-04_22:12:01.642387
Total,,YES,&nbsp,18512,AD 68,2025-11-04_22:12:01.642387
Total,,NO,&nbsp,8321,AD 68,2025-11-04_22:12:01.642387
ED    1,0.00%,YES,&nbsp,130,AD 69,2025-11-04_22:12:01.642387
ED    1,0.00%,NO,&nbsp,26,AD 69,2025-11-04_22:12:01.642387
ED    2,0.00%,YES,&nbsp,363,AD 69,2025-11-04_22:12:01.642387
ED    2,0.00%,NO,&nbsp,148,AD 69,2025-11-04_22:12:01.642387
ED    3,0.00%,YES,&nbsp,207,AD 69,2025-11-04_22:12:01.642387
ED    3,0.00%,NO,&nbsp,53,AD 69,2025-11-04_22:12:01.642387
ED    4,0.00%,YES,&nbsp,149,AD 69,2025-11-04_22:12:01.642387
ED    4,0.00%,NO,&nbsp,26,AD 69,2025-11-04_22:12:01.642387
ED    5,0.00%,YES,&nbsp,441,AD 69,2025-11-04_22:12:01.642387
ED    5,0.00%,NO,&nbsp,168,AD 69,2025-11-04_22:12:01.642387
ED    6,0.00%,YES,&nbsp,568,AD 69,2025-11-04_22:12:01.642387
ED    6,0.00%,NO,&nbsp,364,AD 69,2025-11-04_22:12:01.642387
ED    7,0.00%,YES,&nbsp,522,AD 69,2025-11-04_22:12:01.642387
ED    7,0.00%,NO,&nbsp,244,AD 69,2025-11-04_22:12:01.642387
ED    8,0.00%,YES,&nbsp,189,AD 69,2025-11-04_22:12:01.642387
ED    8,0.00%,NO,&nbsp,80,AD 69,2025-11-04_22:12:01.642387
ED    9,0.00%,YES,&nbsp,535,AD 69,2025-11-04_22:12:01.642387
ED    9,0.00%,NO,&nbsp,152,AD 69,2025-11-04_22:12:01.642387
ED   10,0.00%,YES,&nbsp,122,AD 69,2025-11-04_22:12:01.642387
ED   10,0.00%,NO,&nbsp,43,AD 69,2025-11-04_22:12:01.642387
ED   11,0.00%,YES,&nbsp,540,AD 69,2025-11-04_22:12:01.642387
ED   11,0.00%,NO,&nbsp,246,AD 69,2025-11-04_22:12:01.642387
ED   12,0.00%,YES,&nbsp,608,AD 69,2025-11-04_22:12:01.642387
ED   12,0.00%,NO,&nbsp,352,AD 69,2025-11-04_22:12:01.642387
ED   13,0.00%,YES,&nbsp,398,AD 69,2025-11-04_22:12:01.642387
ED   13,0.00%,NO,&nbsp,248,AD 69,2025-11-04_22:12:01.642387
ED   14,0.00%,YES,&nbsp,569,AD 69,2025-11-04_22:12:01.642387
ED   14,0.00%,NO,&nbsp,222,AD 69,2025-11-04_22:12:01.642387
ED   15,0.00%,YES,&nbsp,437,AD 69,2025-11-04_22:12:01.642387
ED   15,0.00%,NO,&nbsp,147,AD 69,2025-11-04_22:12:01.642387
ED   16,0.00%,YES,&nbsp,199,AD 69,2025-11-04_22:12:01.642387
ED   16,0.00%,NO,&nbsp,121,AD 69,2025-11-04_22:12:01.642387
ED   17,0.00%,YES,&nbsp,277,AD 69,2025-11-04_22:12:01.642387
ED   17,0.00%,NO,&nbsp,146,AD 69,2025-11-04_22:12:01.642387
ED   18,0.00%,YES,&nbsp,510,AD 69,2025-11-04_22:12:01.642387
ED   18,0.00%,NO,&nbsp,226,AD 69,2025-11-04_22:12:01.642387
ED   19,0.00%,YES,&nbsp,273,AD 69,2025-11-04_22:12:01.642387
ED   19,0.00%,NO,&nbsp,112,AD 69,2025-11-04_22:12:01.642387
ED   20,0.00%,YES,&nbsp,437,AD 69,2025-11-04_22:12:01.642387
ED   20,0.00%,NO,&nbsp,178,AD 69,2025-11-04_22:12:01.642387
ED   21,0.00%,YES,&nbsp,290,AD 69,2025-11-04_22:12:01.642387
ED   21,0.00%,NO,&nbsp,92,AD 69,2025-11-04_22:12:01.642387
ED   22,0.00%,YES,&nbsp,493,AD 69,2025-11-04_22:12:01.642387
ED   22,0.00%,NO,&nbsp,214,AD 69,2025-11-04_22:12:01.642387
ED   23,0.00%,YES,&nbsp,448,AD 69,2025-11-04_22:12:01.642387
ED   23,0.00%,NO,&nbsp,199,AD 69,2025-11-04_22:12:01.642387
ED   24,0.00%,YES,&nbsp,239,AD 69,2025-11-04_22:12:01.642387
ED   24,0.00%,NO,&nbsp,40,AD 69,2025-11-04_22:12:01.642387
ED   25,0.00%,YES,&nbsp,325,AD 69,2025-11-04_22:12:01.642387
ED   25,0.00%,NO,&nbsp,115,AD 69,2025-11-04_22:12:01.642387
ED   26,0.00%,YES,&nbsp,150,AD 69,2025-11-04_22:12:01.642387
ED   26,0.00%,NO,&nbsp,40,AD 69,2025-11-04_22:12:01.642387
ED   27,0.00%,YES,&nbsp,389,AD 69,2025-11-04_22:12:01.642387
ED   27,0.00%,NO,&nbsp,174,AD 69,2025-11-04_22:12:01.642387
ED   28,0.00%,YES,&nbsp,336,AD 69,2025-11-04_22:12:01.642387
ED   28,0.00%,NO,&nbsp,190,AD 69,2025-11-04_22:12:01.642387
ED   29,0.00%,YES,&nbsp,578,AD 69,2025-11-04_22:12:01.642387
ED   29,0.00%,NO,&nbsp,303,AD 69,2025-11-04_22:12:01.642387
ED   30,0.00%,YES,&nbsp,566,AD 69,2025-11-04_22:12:01.642387
ED   30,0.00%,NO,&nbsp,277,AD 69,2025-11-04_22:12:01.642387
ED   31,0.00%,YES,&nbsp,280,AD 69,2025-11-04_22:12:01.642387
ED   31,0.00%,NO,&nbsp,134,AD 69,2025-11-04_22:12:01.642387
ED   32,0.00%,YES,&nbsp,167,AD 69,2025-11-04_22:12:01.642387
ED   32,0.00%,NO,&nbsp,82,AD 69,2025-11-04_22:12:01.642387
ED   33,0.00%,YES,&nbsp,512,AD 69,2025-11-04_22:12:01.642387
ED   33,0.00%,NO,&nbsp,293,AD 69,2025-11-04_22:12:01.642387
ED   34,0.00%,YES,&nbsp,363,AD 69,2025-11-04_22:12:01.642387
ED   34,0.00%,NO,&nbsp,248,AD 69,2025-11-04_22:12:01.642387
ED   35,0.00%,YES,&nbsp,314,AD 69,2025-11-04_22:12:01.642387
ED   35,0.00%,NO,&nbsp,253,AD 69,2025-11-04_22:12:01.642387
ED   36,0.00%,YES,&nbsp,427,AD 69,2025-11-04_22:12:01.642387
ED   36,0.00%,NO,&nbsp,261,AD 69,2025-11-04_22:12:01.642387
ED   37,0.00%,YES,&nbsp,454,AD 69,2025-11-04_22:12:01.642387
ED   37,0.00%,NO,&nbsp,266,AD 69,2025-11-04_22:12:01.642387
ED   38,0.00%,YES,&nbsp,395,AD 69,2025-11-04_22:12:01.642387
ED   38,0.00%,NO,&nbsp,336,AD 69,2025-11-04_22:12:01.642387
ED   39,0.00%,YES,&nbsp,515,AD 69,2025-11-04_22:12:01.642387
ED   39,0.00%,NO,&nbsp,316,AD 69,2025-11-04_22:12:01.642387
ED   40,0.00%,YES,&nbsp,332,AD 69,2025-11-04_22:12:01.642387
ED   40,0.00%,NO,&nbsp,188,AD 69,2025-11-04_22:12:01.642387
ED   41,0.00%,YES,&nbsp,564,AD 69,2025-11-04_22:12:01.642387
ED   41,0.00%,NO,&nbsp,323,AD 69,2025-11-04_22:12:01.642387
ED   42,0.00%,YES,&nbsp,599,AD 69,2025-11-04_22:12:01.642387
ED   42,0.00%,NO,&nbsp,293,AD 69,2025-11-04_22:12:01.642387
ED   43,0.00%,YES,&nbsp,536,AD 69,2025-11-04_22:12:01.642387
ED   43,0.00%,NO,&nbsp,317,AD 69,2025-11-04_22:12:01.642387
ED   44,0.00%,YES,&nbsp,305,AD 69,2025-11-04_22:12:01.642387
ED   44,0.00%,NO,&nbsp,148,AD 69,2025-11-04_22:12:01.642387
ED   45,0.00%,YES,&nbsp,630,AD 69,2025-11-04_22:12:01.642387
ED   45,0.00%,NO,&nbsp,383,AD 69,2025-11-04_22:12:01.642387
ED   46,0.00%,YES,&nbsp,462,AD 69,2025-11-04_22:12:01.642387
ED   46,0.00%,NO,&nbsp,303,AD 69,2025-11-04_22:12:01.642387
ED   47,0.00%,YES,&nbsp,386,AD 69,2025-11-04_22:12:01.642387
ED   47,0.00%,NO,&nbsp,274,AD 69,2025-11-04_22:12:01.642387
ED   48,0.00%,YES,&nbsp,540,AD 69,2025-11-04_22:12:01.642387
ED   48,0.00%,NO,&nbsp,310,AD 69,2025-11-04_22:12:01.642387
ED   49,0.00%,YES,&nbsp,338,AD 69,2025-11-04_22:12:01.642387
ED   49,0.00%,NO,&nbsp,190,AD 69,2025-11-04_22:12:01.642387
ED   50,0.00%,YES,&nbsp,567,AD 69,2025-11-04_22:12:01.642387
ED   50,0.00%,NO,&nbsp,313,AD 69,2025-11-04_22:12:01.642387
ED   51,0.00%,YES,&nbsp,443,AD 69,2025-11-04_22:12:01.642387
ED   51,0.00%,NO,&nbsp,226,AD 69,2025-11-04_22:12:01.642387
ED   52,0.00%,YES,&nbsp,508,AD 69,2025-11-04_22:12:01.642387
ED   52,0.00%,NO,&nbsp,357,AD 69,2025-11-04_22:12:01.642387
ED   53,0.00%,YES,&nbsp,380,AD 69,2025-11-04_22:12:01.642387
ED   53,0.00%,NO,&nbsp,221,AD 69,2025-11-04_22:12:01.642387
ED   54,0.00%,YES,&nbsp,433,AD 69,2025-11-04_22:12:01.642387
ED   54,0.00%,NO,&nbsp,247,AD 69,2025-11-04_22:12:01.642387
ED   55,0.00%,YES,&nbsp,226,AD 69,2025-11-04_22:12:01.642387
ED   55,0.00%,NO,&nbsp,130,AD 69,2025-11-04_22:12:01.642387
ED   56,0.00%,YES,&nbsp,382,AD 69,2025-11-04_22:12:01.642387
ED   56,0.00%,NO,&nbsp,250,AD 69,2025-11-04_22:12:01.642387
ED   57,0.00%,YES,&nbsp,268,AD 69,2025-11-04_22:12:01.642387
ED   57,0.00%,NO,&nbsp,137,AD 69,2025-11-04_22:12:01.642387
ED   58,0.00%,YES,&nbsp,499,AD 69,2025-11-04_22:12:01.642387
ED   58,0.00%,NO,&nbsp,289,AD 69,2025-11-04_22:12:01.642387
ED   59,0.00%,YES,&nbsp,385,AD 69,2025-11-04_22:12:01.642387
ED   59,0.00%,NO,&nbsp,241,AD 69,2025-11-04_22:12:01.642387
ED   60,0.00%,YES,&nbsp,489,AD 69,2025-11-04_22:12:01.642387
ED   60,0.00%,NO,&nbsp,220,AD 69,2025-11-04_22:12:01.642387
ED   61,0.00%,YES,&nbsp,319,AD 69,2025-11-04_22:12:01.642387
ED   61,0.00%,NO,&nbsp,151,AD 69,2025-11-04_22:12:01.642387
ED   62,0.00%,YES,&nbsp,294,AD 69,2025-11-04_22:12:01.642387
ED   62,0.00%,NO,&nbsp,147,AD 69,2025-11-04_22:12:01.642387
ED   63,0.00%,YES,&nbsp,230,AD 69,2025-11-04_22:12:01.642387
ED   63,0.00%,NO,&nbsp,136,AD 69,2025-11-04_22:12:01.642387
ED   64,0.00%,YES,&nbsp,212,AD 69,2025-11-04_22:12:01.642387
ED   64,0.00%,NO,&nbsp,71,AD 69,2025-11-04_22:12:01.642387
ED   65,0.00%,YES,&nbsp,313,AD 69,2025-11-04_22:12:01.642387
ED   65,0.00%,NO,&nbsp,175,AD 69,2025-11-04_22:12:01.642387
ED   66,0.00%,YES,&nbsp,520,AD 69,2025-11-04_22:12:01.642387
ED   66,0.00%,NO,&nbsp,254,AD 69,2025-11-04_22:12:01.642387
ED   67,0.00%,YES,&nbsp,290,AD 69,2025-11-04_22:12:01.642387
ED   67,0.00%,NO,&nbsp,166,AD 69,2025-11-04_22:12:01.642387
ED   68,0.00%,YES,&nbsp,384,AD 69,2025-11-04_22:12:01.642387
ED   68,0.00%,NO,&nbsp,196,AD 69,2025-11-04_22:12:01.642387
ED   69,0.00%,YES,&nbsp,311,AD 69,2025-11-04_22:12:01.642387
ED   69,0.00%,NO,&nbsp,232,AD 69,2025-11-04_22:12:01.642387
ED   70,0.00%,YES,&nbsp,292,AD 69,2025-11-04_22:12:01.642387
ED   70,0.00%,NO,&nbsp,205,AD 69,2025-11-04_22:12:01.642387
ED   71,0.00%,YES,&nbsp,448,AD 69,2025-11-04_22:12:01.642387
ED   71,0.00%,NO,&nbsp,268,AD 69,2025-11-04_22:12:01.642387
ED   72,0.00%,YES,&nbsp,304,AD 69,2025-11-04_22:12:01.642387
ED   72,0.00%,NO,&nbsp,198,AD 69,2025-11-04_22:12:01.642387
ED   73,0.00%,YES,&nbsp,521,AD 69,2025-11-04_22:12:01.642387
ED   73,0.00%,NO,&nbsp,267,AD 69,2025-11-04_22:12:01.642387
ED   74,0.00%,YES,&nbsp,298,AD 69,2025-11-04_22:12:01.642387
ED   74,0.00%,NO,&nbsp,158,AD 69,2025-11-04_22:12:01.642387
ED   75,0.00%,YES,&nbsp,324,AD 69,2025-11-04_22:12:01.642387
ED   75,0.00%,NO,&nbsp,169,AD 69,2025-11-04_22:12:01.642387
ED   76,0.00%,YES,&nbsp,310,AD 69,2025-11-04_22:12:01.642387
ED   76,0.00%,NO,&nbsp,148,AD 69,2025-11-04_22:12:01.642387
ED   77,0.00%,YES,&nbsp,-,AD 69,2025-11-04_22:12:01.642387
ED   77,0.00%,NO,&nbsp,-,AD 69,2025-11-04_22:12:01.642387
ED   78,0.00%,YES,&nbsp,-,AD 69,2025-11-04_22:12:01.642387
ED   78,0.00%,NO,&nbsp,-,AD 69,2025-11-04_22:12:01.642387
ED   79,0.00%,YES,&nbsp,-,AD 69,2025-11-04_22:12:01.642387
ED   79,0.00%,NO,&nbsp,-,AD 69,2025-11-04_22:12:01.642387
ED   80,0.00%,YES,&nbsp,-,AD 69,2025-11-04_22:12:01.642387
ED   80,0.00%,NO,&nbsp,-,AD 69,2025-11-04_22:12:01.642387
ED   81,0.00%,YES,&nbsp,-,AD 69,2025-11-04_22:12:01.642387
ED   81,0.00%,NO,&nbsp,-,AD 69,2025-11-04_22:12:01.642387
ED   82,0.00%,YES,&nbsp,-,AD 69,2025-11-04_22:12:01.642387
ED   82,0.00%,NO,&nbsp,-,AD 69,2025-11-04_22:12:01.642387
ED   83,0.00%,YES,&nbsp,-,AD 69,2025-11-04_22:12:01.642387
ED   83,0.00%,NO,&nbsp,-,AD 69,2025-11-04_22:12:01.642387
ED   84,0.00%,YES,&nbsp,-,AD 69,2025-11-04_22:12:01.642387
ED   84,0.00%,NO,&nbsp,-,AD 69,2025-11-04_22:12:01.642387
Total,,YES,&nbsp,29357,AD 69,2025-11-04_22:12:01.642387
Total,,NO,&nbsp,15436,AD 69,2025-11-04_22:12:01.642387
ED    1,0.00%,YES,&nbsp,363,AD 70,2025-11-04_22:12:01.642387
ED    1,0.00%,NO,&nbsp,152,AD 70,2025-11-04_22:12:01.642387
ED    2,0.00%,YES,&nbsp,220,AD 70,2025-11-04_22:12:01.642387
ED    2,0.00%,NO,&nbsp,77,AD 70,2025-11-04_22:12:01.642387
ED    3,0.00%,YES,&nbsp,323,AD 70,2025-11-04_22:12:01.642387
ED    3,0.00%,NO,&nbsp,147,AD 70,2025-11-04_22:12:01.642387
ED    4,0.00%,YES,&nbsp,357,AD 70,2025-11-04_22:12:01.642387
ED    4,0.00%,NO,&nbsp,144,AD 70,2025-11-04_22:12:01.642387
ED    5,0.00%,YES,&nbsp,255,AD 70,2025-11-04_22:12:01.642387
ED    5,0.00%,NO,&nbsp,99,AD 70,2025-11-04_22:12:01.642387
ED    6,0.00%,YES,&nbsp,239,AD 70,2025-11-04_22:12:01.642387
ED    6,0.00%,NO,&nbsp,88,AD 70,2025-11-04_22:12:01.642387
ED    7,0.00%,YES,&nbsp,207,AD 70,2025-11-04_22:12:01.642387
ED    7,0.00%,NO,&nbsp,62,AD 70,2025-11-04_22:12:01.642387
ED    8,0.00%,YES,&nbsp,208,AD 70,2025-11-04_22:12:01.642387
ED    8,0.00%,NO,&nbsp,74,AD 70,2025-11-04_22:12:01.642387
ED    9,0.00%,YES,&nbsp,235,AD 70,2025-11-04_22:12:01.642387
ED    9,0.00%,NO,&nbsp,78,AD 70,2025-11-04_22:12:01.642387
ED   10,0.00%,YES,&nbsp,252,AD 70,2025-11-04_22:12:01.642387
ED   10,0.00%,NO,&nbsp,89,AD 70,2025-11-04_22:12:01.642387
ED   11,0.00%,YES,&nbsp,244,AD 70,2025-11-04_22:12:01.642387
ED   11,0.00%,NO,&nbsp,58,AD 70,2025-11-04_22:12:01.642387
ED   12,0.00%,YES,&nbsp,187,AD 70,2025-11-04_22:12:01.642387
ED   12,0.00%,NO,&nbsp,69,AD 70,2025-11-04_22:12:01.642387
ED   13,0.00%,YES,&nbsp,521,AD 70,2025-11-04_22:12:01.642387
ED   13,0.00%,NO,&nbsp,255,AD 70,2025-11-04_22:12:01.642387
ED   14,0.00%,YES,&nbsp,320,AD 70,2025-11-04_22:12:01.642387
ED   14,0.00%,NO,&nbsp,116,AD 70,2025-11-04_22:12:01.642387
ED   15,0.00%,YES,&nbsp,268,AD 70,2025-11-04_22:12:01.642387
ED   15,0.00%,NO,&nbsp,92,AD 70,2025-11-04_22:12:01.642387
ED   16,0.00%,YES,&nbsp,544,AD 70,2025-11-04_22:12:01.642387
ED   16,0.00%,NO,&nbsp,291,AD 70,2025-11-04_22:12:01.642387
ED   17,0.00%,YES,&nbsp,190,AD 70,2025-11-04_22:12:01.642387
ED   17,0.00%,NO,&nbsp,51,AD 70,2025-11-04_22:12:01.642387
ED   18,0.00%,YES,&nbsp,359,AD 70,2025-11-04_22:12:01.642387
ED   18,0.00%,NO,&nbsp,208,AD 70,2025-11-04_22:12:01.642387
ED   19,0.00%,YES,&nbsp,314,AD 70,2025-11-04_22:12:01.642387
ED   19,0.00%,NO,&nbsp,114,AD 70,2025-11-04_22:12:01.642387
ED   20,0.00%,YES,&nbsp,511,AD 70,2025-11-04_22:12:01.642387
ED   20,0.00%,NO,&nbsp,231,AD 70,2025-11-04_22:12:01.642387
ED   21,0.00%,YES,&nbsp,388,AD 70,2025-11-04_22:12:01.642387
ED   21,0.00%,NO,&nbsp,169,AD 70,2025-11-04_22:12:01.642387
ED   22,0.00%,YES,&nbsp,441,AD 70,2025-11-04_22:12:01.642387
ED   22,0.00%,NO,&nbsp,197,AD 70,2025-11-04_22:12:01.642387
ED   23,0.00%,YES,&nbsp,268,AD 70,2025-11-04_22:12:01.642387
ED   23,0.00%,NO,&nbsp,94,AD 70,2025-11-04_22:12:01.642387
ED   24,0.00%,YES,&nbsp,239,AD 70,2025-11-04_22:12:01.642387
ED   24,0.00%,NO,&nbsp,94,AD 70,2025-11-04_22:12:01.642387
ED   25,0.00%,YES,&nbsp,141,AD 70,2025-11-04_22:12:01.642387
ED   25,0.00%,NO,&nbsp,60,AD 70,2025-11-04_22:12:01.642387
ED   26,0.00%,YES,&nbsp,332,AD 70,2025-11-04_22:12:01.642387
ED   26,0.00%,NO,&nbsp,172,AD 70,2025-11-04_22:12:01.642387
ED   27,0.00%,YES,&nbsp,397,AD 70,2025-11-04_22:12:01.642387
ED   27,0.00%,NO,&nbsp,190,AD 70,2025-11-04_22:12:01.642387
ED   28,0.00%,YES,&nbsp,218,AD 70,2025-11-04_22:12:01.642387
ED   28,0.00%,NO,&nbsp,86,AD 70,2025-11-04_22:12:01.642387
ED   29,0.00%,YES,&nbsp,603,AD 70,2025-11-04_22:12:01.642387
ED   29,0.00%,NO,&nbsp,262,AD 70,2025-11-04_22:12:01.642387
ED   30,0.00%,YES,&nbsp,554,AD 70,2025-11-04_22:12:01.642387
ED   30,0.00%,NO,&nbsp,228,AD 70,2025-11-04_22:12:01.642387
ED   31,0.00%,YES,&nbsp,467,AD 70,2025-11-04_22:12:01.642387
ED   31,0.00%,NO,&nbsp,179,AD 70,2025-11-04_22:12:01.642387
ED   32,0.00%,YES,&nbsp,333,AD 70,2025-11-04_22:12:01.642387
ED   32,0.00%,NO,&nbsp,138,AD 70,2025-11-04_22:12:01.642387
ED   33,0.00%,YES,&nbsp,392,AD 70,2025-11-04_22:12:01.642387
ED   33,0.00%,NO,&nbsp,149,AD 70,2025-11-04_22:12:01.642387
ED   34,0.00%,YES,&nbsp,382,AD 70,2025-11-04_22:12:01.642387
ED   34,0.00%,NO,&nbsp,165,AD 70,2025-11-04_22:12:01.642387
ED   35,0.00%,YES,&nbsp,418,AD 70,2025-11-04_22:12:01.642387
ED   35,0.00%,NO,&nbsp,219,AD 70,2025-11-04_22:12:01.642387
ED   36,0.00%,YES,&nbsp,140,AD 70,2025-11-04_22:12:01.642387
ED   36,0.00%,NO,&nbsp,67,AD 70,2025-11-04_22:12:01.642387
ED   37,0.00%,YES,&nbsp,135,AD 70,2025-11-04_22:12:01.642387
ED   37,0.00%,NO,&nbsp,63,AD 70,2025-11-04_22:12:01.642387
ED   38,0.00%,YES,&nbsp,112,AD 70,2025-11-04_22:12:01.642387
ED   38,0.00%,NO,&nbsp,54,AD 70,2025-11-04_22:12:01.642387
ED   39,0.00%,YES,&nbsp,382,AD 70,2025-11-04_22:12:01.642387
ED   39,0.00%,NO,&nbsp,150,AD 70,2025-11-04_22:12:01.642387
ED   40,0.00%,YES,&nbsp,277,AD 70,2025-11-04_22:12:01.642387
ED   40,0.00%,NO,&nbsp,85,AD 70,2025-11-04_22:12:01.642387
ED   41,0.00%,YES,&nbsp,479,AD 70,2025-11-04_22:12:01.642387
ED   41,0.00%,NO,&nbsp,155,AD 70,2025-11-04_22:12:01.642387
ED   42,0.00%,YES,&nbsp,159,AD 70,2025-11-04_22:12:01.642387
ED   42,0.00%,NO,&nbsp,43,AD 70,2025-11-04_22:12:01.642387
ED   43,0.00%,YES,&nbsp,296,AD 70,2025-11-04_22:12:01.642387
ED   43,0.00%,NO,&nbsp,118,AD 70,2025-11-04_22:12:01.642387
ED   44,0.00%,YES,&nbsp,503,AD 70,2025-11-04_22:12:01.642387
ED   44,0.00%,NO,&nbsp,205,AD 70,2025-11-04_22:12:01.642387
ED   45,0.00%,YES,&nbsp,154,AD 70,2025-11-04_22:12:01.642387
ED   45,0.00%,NO,&nbsp,37,AD 70,2025-11-04_22:12:01.642387
ED   46,0.00%,YES,&nbsp,193,AD 70,2025-11-04_22:12:01.642387
ED   46,0.00%,NO,&nbsp,45,AD 70,2025-11-04_22:12:01.642387
ED   47,0.00%,YES,&nbsp,326,AD 70,2025-11-04_22:12:01.642387
ED   47,0.00%,NO,&nbsp,141,AD 70,2025-11-04_22:12:01.642387
ED   48,0.00%,YES,&nbsp,274,AD 70,2025-11-04_22:12:01.642387
ED   48,0.00%,NO,&nbsp,128,AD 70,2025-11-04_22:12:01.642387
ED   49,0.00%,YES,&nbsp,301,AD 70,2025-11-04_22:12:01.642387
ED   49,0.00%,NO,&nbsp,126,AD 70,2025-11-04_22:12:01.642387
ED   50,0.00%,YES,&nbsp,254,AD 70,2025-11-04_22:12:01.642387
ED   50,0.00%,NO,&nbsp,102,AD 70,2025-11-04_22:12:01.642387
ED   51,0.00%,YES,&nbsp,155,AD 70,2025-11-04_22:12:01.642387
ED   51,0.00%,NO,&nbsp,52,AD 70,2025-11-04_22:12:01.642387
ED   52,0.00%,YES,&nbsp,170,AD 70,2025-11-04_22:12:01.642387
ED   52,0.00%,NO,&nbsp,48,AD 70,2025-11-04_22:12:01.642387
ED   53,0.00%,YES,&nbsp,389,AD 70,2025-11-04_22:12:01.642387
ED   53,0.00%,NO,&nbsp,133,AD 70,2025-11-04_22:12:01.642387
ED   54,0.00%,YES,&nbsp,484,AD 70,2025-11-04_22:12:01.642387
ED   54,0.00%,NO,&nbsp,235,AD 70,2025-11-04_22:12:01.642387
ED   55,0.00%,YES,&nbsp,434,AD 70,2025-11-04_22:12:01.642387
ED   55,0.00%,NO,&nbsp,179,AD 70,2025-11-04_22:12:01.642387
ED   56,0.00%,YES,&nbsp,395,AD 70,2025-11-04_22:12:01.642387
ED   56,0.00%,NO,&nbsp,156,AD 70,2025-11-04_22:12:01.642387
ED   57,0.00%,YES,&nbsp,282,AD 70,2025-11-04_22:12:01.642387
ED   57,0.00%,NO,&nbsp,118,AD 70,2025-11-04_22:12:01.642387
ED   58,0.00%,YES,&nbsp,469,AD 70,2025-11-04_22:12:01.642387
ED   58,0.00%,NO,&nbsp,223,AD 70,2025-11-04_22:12:01.642387
ED   59,0.00%,YES,&nbsp,424,AD 70,2025-11-04_22:12:01.642387
ED   59,0.00%,NO,&nbsp,129,AD 70,2025-11-04_22:12:01.642387
ED   60,0.00%,YES,&nbsp,541,AD 70,2025-11-04_22:12:01.642387
ED   60,0.00%,NO,&nbsp,219,AD 70,2025-11-04_22:12:01.642387
ED   61,0.00%,YES,&nbsp,388,AD 70,2025-11-04_22:12:01.642387
ED   61,0.00%,NO,&nbsp,169,AD 70,2025-11-04_22:12:01.642387
ED   62,0.00%,YES,&nbsp,488,AD 70,2025-11-04_22:12:01.642387
ED   62,0.00%,NO,&nbsp,207,AD 70,2025-11-04_22:12:01.642387
ED   63,0.00%,YES,&nbsp,361,AD 70,2025-11-04_22:12:01.642387
ED   63,0.00%,NO,&nbsp,128,AD 70,2025-11-04_22:12:01.642387
ED   64,0.00%,YES,&nbsp,502,AD 70,2025-11-04_22:12:01.642387
ED   64,0.00%,NO,&nbsp,214,AD 70,2025-11-04_22:12:01.642387
ED   65,0.00%,YES,&nbsp,445,AD 70,2025-11-04_22:12:01.642387
ED   65,0.00%,NO,&nbsp,151,AD 70,2025-11-04_22:12:01.642387
ED   66,0.00%,YES,&nbsp,523,AD 70,2025-11-04_22:12:01.642387
ED   66,0.00%,NO,&nbsp,292,AD 70,2025-11-04_22:12:01.642387
ED   67,0.00%,YES,&nbsp,251,AD 70,2025-11-04_22:12:01.642387
ED   67,0.00%,NO,&nbsp,62,AD 70,2025-11-04_22:12:01.642387
ED   68,0.00%,YES,&nbsp,159,AD 70,2025-11-04_22:12:01.642387
ED   68,0.00%,NO,&nbsp,62,AD 70,2025-11-04_22:12:01.642387
ED   69,0.00%,YES,&nbsp,448,AD 70,2025-11-04_22:12:01.642387
ED   69,0.00%,NO,&nbsp,198,AD 70,2025-11-04_22:12:01.642387
ED   70,0.00%,YES,&nbsp,196,AD 70,2025-11-04_22:12:01.642387
ED   70,0.00%,NO,&nbsp,66,AD 70,2025-11-04_22:12:01.642387
ED   71,0.00%,YES,&nbsp,343,AD 70,2025-11-04_22:12:01.642387
ED   71,0.00%,NO,&nbsp,139,AD 70,2025-11-04_22:12:01.642387
ED   72,0.00%,YES,&nbsp,-,AD 70,2025-11-04_22:12:01.642387
ED   72,0.00%,NO,&nbsp,-,AD 70,2025-11-04_22:12:01.642387
ED   73,0.00%,YES,&nbsp,-,AD 70,2025-11-04_22:12:01.642387
ED   73,0.00%,NO,&nbsp,-,AD 70,2025-11-04_22:12:01.642387
ED   74,0.00%,YES,&nbsp,-,AD 70,2025-11-04_22:12:01.642387
ED   74,0.00%,NO,&nbsp,-,AD 70,2025-11-04_22:12:01.642387
Total,,YES,&nbsp,23522,AD 70,2025-11-04_22:12:01.642387
Total,,NO,&nbsp,9596,AD 70,2025-11-04_22:12:01.642387
ED    1,0.00%,YES,&nbsp,378,AD 71,2025-11-04_22:12:01.642387
ED    1,0.00%,NO,&nbsp,362,AD 71,2025-11-04_22:12:01.642387
ED    2,0.00%,YES,&nbsp,406,AD 71,2025-11-04_22:12:01.642387
ED    2,0.00%,NO,&nbsp,266,AD 71,2025-11-04_22:12:01.642387
ED    3,0.00%,YES,&nbsp,649,AD 71,2025-11-04_22:12:01.642387
ED    3,0.00%,NO,&nbsp,410,AD 71,2025-11-04_22:12:01.642387
ED    4,0.00%,YES,&nbsp,717,AD 71,2025-11-04_22:12:01.642387
ED    4,0.00%,NO,&nbsp,434,AD 71,2025-11-04_22:12:01.642387
ED    5,0.00%,YES,&nbsp,606,AD 71,2025-11-04_22:12:01.642387
ED    5,0.00%,NO,&nbsp,337,AD 71,2025-11-04_22:12:01.642387
ED    6,0.00%,YES,&nbsp,590,AD 71,2025-11-04_22:12:01.642387
ED    6,0.00%,NO,&nbsp,284,AD 71,2025-11-04_22:12:01.642387
ED    7,0.00%,YES,&nbsp,475,AD 71,2025-11-04_22:12:01.642387
ED    7,0.00%,NO,&nbsp,301,AD 71,2025-11-04_22:12:01.642387
ED    8,0.00%,YES,&nbsp,417,AD 71,2025-11-04_22:12:01.642387
ED    8,0.00%,NO,&nbsp,247,AD 71,2025-11-04_22:12:01.642387
ED    9,0.00%,YES,&nbsp,471,AD 71,2025-11-04_22:12:01.642387
ED    9,0.00%,NO,&nbsp,295,AD 71,2025-11-04_22:12:01.642387
ED   10,0.00%,YES,&nbsp,371,AD 71,2025-11-04_22:12:01.642387
ED   10,0.00%,NO,&nbsp,195,AD 71,2025-11-04_22:12:01.642387
ED   11,0.00%,YES,&nbsp,282,AD 71,2025-11-04_22:12:01.642387
ED   11,0.00%,NO,&nbsp,149,AD 71,2025-11-04_22:12:01.642387
ED   12,0.00%,YES,&nbsp,293,AD 71,2025-11-04_22:12:01.642387
ED   12,0.00%,NO,&nbsp,132,AD 71,2025-11-04_22:12:01.642387
ED   13,0.00%,YES,&nbsp,324,AD 71,2025-11-04_22:12:01.642387
ED   13,0.00%,NO,&nbsp,151,AD 71,2025-11-04_22:12:01.642387
ED   14,0.00%,YES,&nbsp,269,AD 71,2025-11-04_22:12:01.642387
ED   14,0.00%,NO,&nbsp,114,AD 71,2025-11-04_22:12:01.642387
ED   15,0.00%,YES,&nbsp,290,AD 71,2025-11-04_22:12:01.642387
ED   15,0.00%,NO,&nbsp,161,AD 71,2025-11-04_22:12:01.642387
ED   16,0.00%,YES,&nbsp,288,AD 71,2025-11-04_22:12:01.642387
ED   16,0.00%,NO,&nbsp,128,AD 71,2025-11-04_22:12:01.642387
ED   17,0.00%,YES,&nbsp,382,AD 71,2025-11-04_22:12:01.642387
ED   17,0.00%,NO,&nbsp,167,AD 71,2025-11-04_22:12:01.642387
ED   18,0.00%,YES,&nbsp,341,AD 71,2025-11-04_22:12:01.642387
ED   18,0.00%,NO,&nbsp,130,AD 71,2025-11-04_22:12:01.642387
ED   19,0.00%,YES,&nbsp,283,AD 71,2025-11-04_22:12:01.642387
ED   19,0.00%,NO,&nbsp,148,AD 71,2025-11-04_22:12:01.642387
ED   20,0.00%,YES,&nbsp,244,AD 71,2025-11-04_22:12:01.642387
ED   20,0.00%,NO,&nbsp,113,AD 71,2025-11-04_22:12:01.642387
ED   21,0.00%,YES,&nbsp,290,AD 71,2025-11-04_22:12:01.642387
ED   21,0.00%,NO,&nbsp,127,AD 71,2025-11-04_22:12:01.642387
ED   22,0.00%,YES,&nbsp,270,AD 71,2025-11-04_22:12:01.642387
ED   22,0.00%,NO,&nbsp,99,AD 71,2025-11-04_22:12:01.642387
ED   23,0.00%,YES,&nbsp,320,AD 71,2025-11-04_22:12:01.642387
ED   23,0.00%,NO,&nbsp,109,AD 71,2025-11-04_22:12:01.642387
ED   24,0.00%,YES,&nbsp,560,AD 71,2025-11-04_22:12:01.642387
ED   24,0.00%,NO,&nbsp,235,AD 71,2025-11-04_22:12:01.642387
ED   25,0.00%,YES,&nbsp,218,AD 71,2025-11-04_22:12:01.642387
ED   25,0.00%,NO,&nbsp,110,AD 71,2025-11-04_22:12:01.642387
ED   26,0.00%,YES,&nbsp,301,AD 71,2025-11-04_22:12:01.642387
ED   26,0.00%,NO,&nbsp,134,AD 71,2025-11-04_22:12:01.642387
ED   27,0.00%,YES,&nbsp,287,AD 71,2025-11-04_22:12:01.642387
ED   27,0.00%,NO,&nbsp,190,AD 71,2025-11-04_22:12:01.642387
ED   28,0.00%,YES,&nbsp,269,AD 71,2025-11-04_22:12:01.642387
ED   28,0.00%,NO,&nbsp,118,AD 71,2025-11-04_22:12:01.642387
ED   29,0.00%,YES,&nbsp,292,AD 71,2025-11-04_22:12:01.642387
ED   29,0.00%,NO,&nbsp,83,AD 71,2025-11-04_22:12:01.642387
ED   30,0.00%,YES,&nbsp,274,AD 71,2025-11-04_22:12:01.642387
ED   30,0.00%,NO,&nbsp,136,AD 71,2025-11-04_22:12:01.642387
ED   31,0.00%,YES,&nbsp,157,AD 71,2025-11-04_22:12:01.642387
ED   31,0.00%,NO,&nbsp,36,AD 71,2025-11-04_22:12:01.642387
ED   32,0.00%,YES,&nbsp,255,AD 71,2025-11-04_22:12:01.642387
ED   32,0.00%,NO,&nbsp,64,AD 71,2025-11-04_22:12:01.642387
ED   33,0.00%,YES,&nbsp,61,AD 71,2025-11-04_22:12:01.642387
ED   33,0.00%,NO,&nbsp,14,AD 71,2025-11-04_22:12:01.642387
ED   34,0.00%,YES,&nbsp,187,AD 71,2025-11-04_22:12:01.642387
ED   34,0.00%,NO,&nbsp,49,AD 71,2025-11-04_22:12:01.642387
ED   35,0.00%,YES,&nbsp,284,AD 71,2025-11-04_22:12:01.642387
ED   35,0.00%,NO,&nbsp,130,AD 71,2025-11-04_22:12:01.642387
ED   36,0.00%,YES,&nbsp,385,AD 71,2025-11-04_22:12:01.642387
ED   36,0.00%,NO,&nbsp,148,AD 71,2025-11-04_22:12:01.642387
ED   37,0.00%,YES,&nbsp,325,AD 71,2025-11-04_22:12:01.642387
ED   37,0.00%,NO,&nbsp,114,AD 71,2025-11-04_22:12:01.642387
ED   38,0.00%,YES,&nbsp,375,AD 71,2025-11-04_22:12:01.642387
ED   38,0.00%,NO,&nbsp,184,AD 71,2025-11-04_22:12:01.642387
ED   39,0.00%,YES,&nbsp,388,AD 71,2025-11-04_22:12:01.642387
ED   39,0.00%,NO,&nbsp,148,AD 71,2025-11-04_22:12:01.642387
ED   40,0.00%,YES,&nbsp,337,AD 71,2025-11-04_22:12:01.642387
ED   40,0.00%,NO,&nbsp,140,AD 71,2025-11-04_22:12:01.642387
ED   41,0.00%,YES,&nbsp,381,AD 71,2025-11-04_22:12:01.642387
ED   41,0.00%,NO,&nbsp,157,AD 71,2025-11-04_22:12:01.642387
ED   42,0.00%,YES,&nbsp,425,AD 71,2025-11-04_22:12:01.642387
ED   42,0.00%,NO,&nbsp,167,AD 71,2025-11-04_22:12:01.642387
ED   43,0.00%,YES,&nbsp,201,AD 71,2025-11-04_22:12:01.642387
ED   43,0.00%,NO,&nbsp,102,AD 71,2025-11-04_22:12:01.642387
ED   44,0.00%,YES,&nbsp,248,AD 71,2025-11-04_22:12:01.642387
ED   44,0.00%,NO,&nbsp,112,AD 71,2025-11-04_22:12:01.642387
ED   45,0.00%,YES,&nbsp,248,AD 71,2025-11-04_22:12:01.642387
ED   45,0.00%,NO,&nbsp,127,AD 71,2025-11-04_22:12:01.642387
ED   46,0.00%,YES,&nbsp,302,AD 71,2025-11-04_22:12:01.642387
ED   46,0.00%,NO,&nbsp,142,AD 71,2025-11-04_22:12:01.642387
ED   47,0.00%,YES,&nbsp,228,AD 71,2025-11-04_22:12:01.642387
ED   47,0.00%,NO,&nbsp,75,AD 71,2025-11-04_22:12:01.642387
ED   48,0.00%,YES,&nbsp,343,AD 71,2025-11-04_22:12:01.642387
ED   48,0.00%,NO,&nbsp,177,AD 71,2025-11-04_22:12:01.642387
ED   49,0.00%,YES,&nbsp,419,AD 71,2025-11-04_22:12:01.642387
ED   49,0.00%,NO,&nbsp,166,AD 71,2025-11-04_22:12:01.642387
ED   50,0.00%,YES,&nbsp,270,AD 71,2025-11-04_22:12:01.642387
ED   50,0.00%,NO,&nbsp,137,AD 71,2025-11-04_22:12:01.642387
ED   51,0.00%,YES,&nbsp,462,AD 71,2025-11-04_22:12:01.642387
ED   51,0.00%,NO,&nbsp,224,AD 71,2025-11-04_22:12:01.642387
ED   52,0.00%,YES,&nbsp,509,AD 71,2025-11-04_22:12:01.642387
ED   52,0.00%,NO,&nbsp,219,AD 71,2025-11-04_22:12:01.642387
ED   53,0.00%,YES,&nbsp,233,AD 71,2025-11-04_22:12:01.642387
ED   53,0.00%,NO,&nbsp,69,AD 71,2025-11-04_22:12:01.642387
ED   54,0.00%,YES,&nbsp,282,AD 71,2025-11-04_22:12:01.642387
ED   54,0.00%,NO,&nbsp,84,AD 71,2025-11-04_22:12:01.642387
ED   55,0.00%,YES,&nbsp,400,AD 71,2025-11-04_22:12:01.642387
ED   55,0.00%,NO,&nbsp,187,AD 71,2025-11-04_22:12:01.642387
ED   56,0.00%,YES,&nbsp,286,AD 71,2025-11-04_22:12:01.642387
ED   56,0.00%,NO,&nbsp,138,AD 71,2025-11-04_22:12:01.642387
ED   57,0.00%,YES,&nbsp,346,AD 71,2025-11-04_22:12:01.642387
ED   57,0.00%,NO,&nbsp,157,AD 71,2025-11-04_22:12:01.642387
ED   58,0.00%,YES,&nbsp,300,AD 71,2025-11-04_22:12:01.642387
ED   58,0.00%,NO,&nbsp,124,AD 71,2025-11-04_22:12:01.642387
ED   59,0.00%,YES,&nbsp,391,AD 71,2025-11-04_22:12:01.642387
ED   59,0.00%,NO,&nbsp,173,AD 71,2025-11-04_22:12:01.642387
ED   60,0.00%,YES,&nbsp,302,AD 71,2025-11-04_22:12:01.642387
ED   60,0.00%,NO,&nbsp,111,AD 71,2025-11-04_22:12:01.642387
ED   61,0.00%,YES,&nbsp,505,AD 71,2025-11-04_22:12:01.642387
ED   61,0.00%,NO,&nbsp,193,AD 71,2025-11-04_22:12:01.642387
ED   62,0.00%,YES,&nbsp,307,AD 71,2025-11-04_22:12:01.642387
ED   62,0.00%,NO,&nbsp,144,AD 71,2025-11-04_22:12:01.642387
ED   63,0.00%,YES,&nbsp,276,AD 71,2025-11-04_22:12:01.642387
ED   63,0.00%,NO,&nbsp,110,AD 71,2025-11-04_22:12:01.642387
ED   64,0.00%,YES,&nbsp,64,AD 71,2025-11-04_22:12:01.642387
ED   64,0.00%,NO,&nbsp,36,AD 71,2025-11-04_22:12:01.642387
ED   65,0.00%,YES,&nbsp,44,AD 71,2025-11-04_22:12:01.642387
ED   65,0.00%,NO,&nbsp,7,AD 71,2025-11-04_22:12:01.642387
ED   66,0.00%,YES,&nbsp,-,AD 71,2025-11-04_22:12:01.642387
ED   66,0.00%,NO,&nbsp,-,AD 71,2025-11-04_22:12:01.642387
ED   67,0.00%,YES,&nbsp,-,AD 71,2025-11-04_22:12:01.642387
ED   67,0.00%,NO,&nbsp,-,AD 71,2025-11-04_22:12:01.642387
ED   68,0.00%,YES,&nbsp,-,AD 71,2025-11-04_22:12:01.642387
ED   68,0.00%,NO,&nbsp,-,AD 71,2025-11-04_22:12:01.642387
ED   69,0.00%,YES,&nbsp,-,AD 71,2025-11-04_22:12:01.642387
ED   69,0.00%,NO,&nbsp,-,AD 71,2025-11-04_22:12:01.642387
ED   70,0.00%,YES,&nbsp,-,AD 71,2025-11-04_22:12:01.642387
ED   70,0.00%,NO,&nbsp,-,AD 71,2025-11-04_22:12:01.642387
ED   71,0.00%,YES,&nbsp,-,AD 71,2025-11-04_22:12:01.642387
ED   71,0.00%,NO,&nbsp,-,AD 71,2025-11-04_22:12:01.642387
Total,,YES,&nbsp,21683,AD 71,2025-11-04_22:12:01.642387
Total,,NO,&nbsp,10230,AD 71,2025-11-04_22:12:01.642387
ED    1,0.00%,YES,&nbsp,238,AD 72,2025-11-04_22:12:01.642387
ED    1,0.00%,NO,&nbsp,38,AD 72,2025-11-04_22:12:01.642387
ED    2,0.00%,YES,&nbsp,255,AD 72,2025-11-04_22:12:01.642387
ED    2,0.00%,NO,&nbsp,98,AD 72,2025-11-04_22:12:01.642387
ED    3,0.00%,YES,&nbsp,228,AD 72,2025-11-04_22:12:01.642387
ED    3,0.00%,NO,&nbsp,135,AD 72,2025-11-04_22:12:01.642387
ED    4,0.00%,YES,&nbsp,477,AD 72,2025-11-04_22:12:01.642387
ED    4,0.00%,NO,&nbsp,371,AD 72,2025-11-04_22:12:01.642387
ED    5,0.00%,YES,&nbsp,441,AD 72,2025-11-04_22:12:01.642387
ED    5,0.00%,NO,&nbsp,394,AD 72,2025-11-04_22:12:01.642387
ED    6,0.00%,YES,&nbsp,378,AD 72,2025-11-04_22:12:01.642387
ED    6,0.00%,NO,&nbsp,240,AD 72,2025-11-04_22:12:01.642387
ED    7,0.00%,YES,&nbsp,225,AD 72,2025-11-04_22:12:01.642387
ED    7,0.00%,NO,&nbsp,89,AD 72,2025-11-04_22:12:01.642387
ED    8,0.00%,YES,&nbsp,337,AD 72,2025-11-04_22:12:01.642387
ED    8,0.00%,NO,&nbsp,200,AD 72,2025-11-04_22:12:01.642387
ED    9,0.00%,YES,&nbsp,394,AD 72,2025-11-04_22:12:01.642387
ED    9,0.00%,NO,&nbsp,303,AD 72,2025-11-04_22:12:01.642387
ED   10,0.00%,YES,&nbsp,336,AD 72,2025-11-04_22:12:01.642387
ED   10,0.00%,NO,&nbsp,212,AD 72,2025-11-04_22:12:01.642387
ED   11,0.00%,YES,&nbsp,204,AD 72,2025-11-04_22:12:01.642387
ED   11,0.00%,NO,&nbsp,76,AD 72,2025-11-04_22:12:01.642387
ED   12,0.00%,YES,&nbsp,215,AD 72,2025-11-04_22:12:01.642387
ED   12,0.00%,NO,&nbsp,76,AD 72,2025-11-04_22:12:01.642387
ED   13,0.00%,YES,&nbsp,232,AD 72,2025-11-04_22:12:01.642387
ED   13,0.00%,NO,&nbsp,59,AD 72,2025-11-04_22:12:01.642387
ED   14,0.00%,YES,&nbsp,268,AD 72,2025-11-04_22:12:01.642387
ED   14,0.00%,NO,&nbsp,108,AD 72,2025-11-04_22:12:01.642387
ED   15,0.00%,YES,&nbsp,285,AD 72,2025-11-04_22:12:01.642387
ED   15,0.00%,NO,&nbsp,103,AD 72,2025-11-04_22:12:01.642387
ED   16,0.00%,YES,&nbsp,138,AD 72,2025-11-04_22:12:01.642387
ED   16,0.00%,NO,&nbsp,46,AD 72,2025-11-04_22:12:01.642387
ED   17,0.00%,YES,&nbsp,195,AD 72,2025-11-04_22:12:01.642387
ED   17,0.00%,NO,&nbsp,66,AD 72,2025-11-04_22:12:01.642387
ED   18,0.00%,YES,&nbsp,242,AD 72,2025-11-04_22:12:01.642387
ED   18,0.00%,NO,&nbsp,121,AD 72,2025-11-04_22:12:01.642387
ED   19,0.00%,YES,&nbsp,255,AD 72,2025-11-04_22:12:01.642387
ED   19,0.00%,NO,&nbsp,151,AD 72,2025-11-04_22:12:01.642387
ED   20,0.00%,YES,&nbsp,170,AD 72,2025-11-04_22:12:01.642387
ED   20,0.00%,NO,&nbsp,78,AD 72,2025-11-04_22:12:01.642387
ED   21,0.00%,YES,&nbsp,144,AD 72,2025-11-04_22:12:01.642387
ED   21,0.00%,NO,&nbsp,60,AD 72,2025-11-04_22:12:01.642387
ED   22,0.00%,YES,&nbsp,175,AD 72,2025-11-04_22:12:01.642387
ED   22,0.00%,NO,&nbsp,47,AD 72,2025-11-04_22:12:01.642387
ED   23,0.00%,YES,&nbsp,240,AD 72,2025-11-04_22:12:01.642387
ED   23,0.00%,NO,&nbsp,90,AD 72,2025-11-04_22:12:01.642387
ED   24,0.00%,YES,&nbsp,193,AD 72,2025-11-04_22:12:01.642387
ED   24,0.00%,NO,&nbsp,82,AD 72,2025-11-04_22:12:01.642387
ED   25,0.00%,YES,&nbsp,63,AD 72,2025-11-04_22:12:01.642387
ED   25,0.00%,NO,&nbsp,39,AD 72,2025-11-04_22:12:01.642387
ED   26,0.00%,YES,&nbsp,426,AD 72,2025-11-04_22:12:01.642387
ED   26,0.00%,NO,&nbsp,254,AD 72,2025-11-04_22:12:01.642387
ED   27,0.00%,YES,&nbsp,272,AD 72,2025-11-04_22:12:01.642387
ED   27,0.00%,NO,&nbsp,126,AD 72,2025-11-04_22:12:01.642387
ED   28,0.00%,YES,&nbsp,121,AD 72,2025-11-04_22:12:01.642387
ED   28,0.00%,NO,&nbsp,58,AD 72,2025-11-04_22:12:01.642387
ED   29,0.00%,YES,&nbsp,288,AD 72,2025-11-04_22:12:01.642387
ED   29,0.00%,NO,&nbsp,135,AD 72,2025-11-04_22:12:01.642387
ED   30,0.00%,YES,&nbsp,287,AD 72,2025-11-04_22:12:01.642387
ED   30,0.00%,NO,&nbsp,156,AD 72,2025-11-04_22:12:01.642387
ED   31,0.00%,YES,&nbsp,68,AD 72,2025-11-04_22:12:01.642387
ED   31,0.00%,NO,&nbsp,32,AD 72,2025-11-04_22:12:01.642387
ED   32,0.00%,YES,&nbsp,276,AD 72,2025-11-04_22:12:01.642387
ED   32,0.00%,NO,&nbsp,148,AD 72,2025-11-04_22:12:01.642387
ED   33,0.00%,YES,&nbsp,268,AD 72,2025-11-04_22:12:01.642387
ED   33,0.00%,NO,&nbsp,147,AD 72,2025-11-04_22:12:01.642387
ED   34,0.00%,YES,&nbsp,128,AD 72,2025-11-04_22:12:01.642387
ED   34,0.00%,NO,&nbsp,50,AD 72,2025-11-04_22:12:01.642387
ED   35,0.00%,YES,&nbsp,191,AD 72,2025-11-04_22:12:01.642387
ED   35,0.00%,NO,&nbsp,94,AD 72,2025-11-04_22:12:01.642387
ED   36,0.00%,YES,&nbsp,141,AD 72,2025-11-04_22:12:01.642387
ED   36,0.00%,NO,&nbsp,64,AD 72,2025-11-04_22:12:01.642387
ED   37,0.00%,YES,&nbsp,189,AD 72,2025-11-04_22:12:01.642387
ED   37,0.00%,NO,&nbsp,107,AD 72,2025-11-04_22:12:01.642387
ED   38,0.00%,YES,&nbsp,173,AD 72,2025-11-04_22:12:01.642387
ED   38,0.00%,NO,&nbsp,195,AD 72,2025-11-04_22:12:01.642387
ED   39,0.00%,YES,&nbsp,189,AD 72,2025-11-04_22:12:01.642387
ED   39,0.00%,NO,&nbsp,84,AD 72,2025-11-04_22:12:01.642387
ED   40,0.00%,YES,&nbsp,229,AD 72,2025-11-04_22:12:01.642387
ED   40,0.00%,NO,&nbsp,67,AD 72,2025-11-04_22:12:01.642387
ED   41,0.00%,YES,&nbsp,354,AD 72,2025-11-04_22:12:01.642387
ED   41,0.00%,NO,&nbsp,149,AD 72,2025-11-04_22:12:01.642387
ED   42,0.00%,YES,&nbsp,209,AD 72,2025-11-04_22:12:01.642387
ED   42,0.00%,NO,&nbsp,97,AD 72,2025-11-04_22:12:01.642387
ED   43,0.00%,YES,&nbsp,243,AD 72,2025-11-04_22:12:01.642387
ED   43,0.00%,NO,&nbsp,102,AD 72,2025-11-04_22:12:01.642387
ED   44,0.00%,YES,&nbsp,224,AD 72,2025-11-04_22:12:01.642387
ED   44,0.00%,NO,&nbsp,86,AD 72,2025-11-04_22:12:01.642387
ED   45,0.00%,YES,&nbsp,164,AD 72,2025-11-04_22:12:01.642387
ED   45,0.00%,NO,&nbsp,32,AD 72,2025-11-04_22:12:01.642387
ED   46,0.00%,YES,&nbsp,195,AD 72,2025-11-04_22:12:01.642387
ED   46,0.00%,NO,&nbsp,92,AD 72,2025-11-04_22:12:01.642387
ED   47,0.00%,YES,&nbsp,148,AD 72,2025-11-04_22:12:01.642387
ED   47,0.00%,NO,&nbsp,57,AD 72,2025-11-04_22:12:01.642387
ED   48,0.00%,YES,&nbsp,188,AD 72,2025-11-04_22:12:01.642387
ED   48,0.00%,NO,&nbsp,68,AD 72,2025-11-04_22:12:01.642387
ED   49,0.00%,YES,&nbsp,202,AD 72,2025-11-04_22:12:01.642387
ED   49,0.00%,NO,&nbsp,48,AD 72,2025-11-04_22:12:01.642387
ED   50,0.00%,YES,&nbsp,170,AD 72,2025-11-04_22:12:01.642387
ED   50,0.00%,NO,&nbsp,40,AD 72,2025-11-04_22:12:01.642387
ED   51,0.00%,YES,&nbsp,159,AD 72,2025-11-04_22:12:01.642387
ED   51,0.00%,NO,&nbsp,44,AD 72,2025-11-04_22:12:01.642387
ED   52,0.00%,YES,&nbsp,255,AD 72,2025-11-04_22:12:01.642387
ED   52,0.00%,NO,&nbsp,81,AD 72,2025-11-04_22:12:01.642387
ED   53,0.00%,YES,&nbsp,190,AD 72,2025-11-04_22:12:01.642387
ED   53,0.00%,NO,&nbsp,82,AD 72,2025-11-04_22:12:01.642387
ED   54,0.00%,YES,&nbsp,142,AD 72,2025-11-04_22:12:01.642387
ED   54,0.00%,NO,&nbsp,51,AD 72,2025-11-04_22:12:01.642387
ED   55,0.00%,YES,&nbsp,232,AD 72,2025-11-04_22:12:01.642387
ED   55,0.00%,NO,&nbsp,98,AD 72,2025-11-04_22:12:01.642387
ED   56,0.00%,YES,&nbsp,245,AD 72,2025-11-04_22:12:01.642387
ED   56,0.00%,NO,&nbsp,83,AD 72,2025-11-04_22:12:01.642387
ED   57,0.00%,YES,&nbsp,244,AD 72,2025-11-04_22:12:01.642387
ED   57,0.00%,NO,&nbsp,75,AD 72,2025-11-04_22:12:01.642387
ED   58,0.00%,YES,&nbsp,422,AD 72,2025-11-04_22:12:01.642387
ED   58,0.00%,NO,&nbsp,158,AD 72,2025-11-04_22:12:01.642387
ED   59,0.00%,YES,&nbsp,218,AD 72,2025-11-04_22:12:01.642387
ED   59,0.00%,NO,&nbsp,102,AD 72,2025-11-04_22:12:01.642387
ED   60,0.00%,YES,&nbsp,201,AD 72,2025-11-04_22:12:01.642387
ED   60,0.00%,NO,&nbsp,84,AD 72,2025-11-04_22:12:01.642387
ED   61,0.00%,YES,&nbsp,200,AD 72,2025-11-04_22:12:01.642387
ED   61,0.00%,NO,&nbsp,74,AD 72,2025-11-04_22:12:01.642387
ED   62,0.00%,YES,&nbsp,206,AD 72,2025-11-04_22:12:01.642387
ED   62,0.00%,NO,&nbsp,61,AD 72,2025-11-04_22:12:01.642387
ED   63,0.00%,YES,&nbsp,186,AD 72,2025-11-04_22:12:01.642387
ED   63,0.00%,NO,&nbsp,61,AD 72,2025-11-04_22:12:01.642387
ED   64,0.00%,YES,&nbsp,-,AD 72,2025-11-04_22:12:01.642387
ED   64,0.00%,NO,&nbsp,-,AD 72,2025-11-04_22:12:01.642387
ED   65,0.00%,YES,&nbsp,-,AD 72,2025-11-04_22:12:01.642387
ED   65,0.00%,NO,&nbsp,-,AD 72,2025-11-04_22:12:01.642387
ED   66,0.00%,YES,&nbsp,-,AD 72,2025-11-04_22:12:01.642387
ED   66,0.00%,NO,&nbsp,-,AD 72,2025-11-04_22:12:01.642387
Total,,YES,&nbsp,14571,AD 72,2025-11-04_22:12:01.642387
Total,,NO,&nbsp,6824,AD 72,2025-11-04_22:12:01.642387
ED    1,0.00%,YES,&nbsp,442,AD 73,2025-11-04_22:12:01.642387
ED    1,0.00%,NO,&nbsp,324,AD 73,2025-11-04_22:12:01.642387
ED    2,0.00%,YES,&nbsp,100,AD 73,2025-11-04_22:12:01.642387
ED    2,0.00%,NO,&nbsp,84,AD 73,2025-11-04_22:12:01.642387
ED    3,0.00%,YES,&nbsp,376,AD 73,2025-11-04_22:12:01.642387
ED    3,0.00%,NO,&nbsp,265,AD 73,2025-11-04_22:12:01.642387
ED    4,0.00%,YES,&nbsp,568,AD 73,2025-11-04_22:12:01.642387
ED    4,0.00%,NO,&nbsp,331,AD 73,2025-11-04_22:12:01.642387
ED    5,0.00%,YES,&nbsp,287,AD 73,2025-11-04_22:12:01.642387
ED    5,0.00%,NO,&nbsp,180,AD 73,2025-11-04_22:12:01.642387
ED    6,0.00%,YES,&nbsp,373,AD 73,2025-11-04_22:12:01.642387
ED    6,0.00%,NO,&nbsp,345,AD 73,2025-11-04_22:12:01.642387
ED    7,0.00%,YES,&nbsp,334,AD 73,2025-11-04_22:12:01.642387
ED    7,0.00%,NO,&nbsp,269,AD 73,2025-11-04_22:12:01.642387
ED    8,0.00%,YES,&nbsp,142,AD 73,2025-11-04_22:12:01.642387
ED    8,0.00%,NO,&nbsp,101,AD 73,2025-11-04_22:12:01.642387
ED    9,0.00%,YES,&nbsp,238,AD 73,2025-11-04_22:12:01.642387
ED    9,0.00%,NO,&nbsp,203,AD 73,2025-11-04_22:12:01.642387
ED   10,0.00%,YES,&nbsp,148,AD 73,2025-11-04_22:12:01.642387
ED   10,0.00%,NO,&nbsp,130,AD 73,2025-11-04_22:12:01.642387
ED   11,0.00%,YES,&nbsp,374,AD 73,2025-11-04_22:12:01.642387
ED   11,0.00%,NO,&nbsp,320,AD 73,2025-11-04_22:12:01.642387
ED   12,0.00%,YES,&nbsp,472,AD 73,2025-11-04_22:12:01.642387
ED   12,0.00%,NO,&nbsp,331,AD 73,2025-11-04_22:12:01.642387
ED   13,0.00%,YES,&nbsp,402,AD 73,2025-11-04_22:12:01.642387
ED   13,0.00%,NO,&nbsp,284,AD 73,2025-11-04_22:12:01.642387
ED   14,0.00%,YES,&nbsp,293,AD 73,2025-11-04_22:12:01.642387
ED   14,0.00%,NO,&nbsp,193,AD 73,2025-11-04_22:12:01.642387
ED   15,0.00%,YES,&nbsp,473,AD 73,2025-11-04_22:12:01.642387
ED   15,0.00%,NO,&nbsp,321,AD 73,2025-11-04_22:12:01.642387
ED   16,0.00%,YES,&nbsp,379,AD 73,2025-11-04_22:12:01.642387
ED   16,0.00%,NO,&nbsp,254,AD 73,2025-11-04_22:12:01.642387
ED   17,0.00%,YES,&nbsp,418,AD 73,2025-11-04_22:12:01.642387
ED   17,0.00%,NO,&nbsp,268,AD 73,2025-11-04_22:12:01.642387
ED   18,0.00%,YES,&nbsp,116,AD 73,2025-11-04_22:12:01.642387
ED   18,0.00%,NO,&nbsp,100,AD 73,2025-11-04_22:12:01.642387
ED   19,0.00%,YES,&nbsp,496,AD 73,2025-11-04_22:12:01.642387
ED   19,0.00%,NO,&nbsp,425,AD 73,2025-11-04_22:12:01.642387
ED   20,0.00%,YES,&nbsp,577,AD 73,2025-11-04_22:12:01.642387
ED   20,0.00%,NO,&nbsp,457,AD 73,2025-11-04_22:12:01.642387
ED   21,0.00%,YES,&nbsp,463,AD 73,2025-11-04_22:12:01.642387
ED   21,0.00%,NO,&nbsp,266,AD 73,2025-11-04_22:12:01.642387
ED   22,0.00%,YES,&nbsp,342,AD 73,2025-11-04_22:12:01.642387
ED   22,0.00%,NO,&nbsp,332,AD 73,2025-11-04_22:12:01.642387
ED   23,0.00%,YES,&nbsp,354,AD 73,2025-11-04_22:12:01.642387
ED   23,0.00%,NO,&nbsp,293,AD 73,2025-11-04_22:12:01.642387
ED   24,0.00%,YES,&nbsp,338,AD 73,2025-11-04_22:12:01.642387
ED   24,0.00%,NO,&nbsp,229,AD 73,2025-11-04_22:12:01.642387
ED   25,0.00%,YES,&nbsp,448,AD 73,2025-11-04_22:12:01.642387
ED   25,0.00%,NO,&nbsp,351,AD 73,2025-11-04_22:12:01.642387
ED   26,0.00%,YES,&nbsp,386,AD 73,2025-11-04_22:12:01.642387
ED   26,0.00%,NO,&nbsp,264,AD 73,2025-11-04_22:12:01.642387
ED   27,0.00%,YES,&nbsp,513,AD 73,2025-11-04_22:12:01.642387
ED   27,0.00%,NO,&nbsp,334,AD 73,2025-11-04_22:12:01.642387
ED   28,0.00%,YES,&nbsp,213,AD 73,2025-11-04_22:12:01.642387
ED   28,0.00%,NO,&nbsp,164,AD 73,2025-11-04_22:12:01.642387
ED   29,0.00%,YES,&nbsp,381,AD 73,2025-11-04_22:12:01.642387
ED   29,0.00%,NO,&nbsp,353,AD 73,2025-11-04_22:12:01.642387
ED   30,0.00%,YES,&nbsp,362,AD 73,2025-11-04_22:12:01.642387
ED   30,0.00%,NO,&nbsp,268,AD 73,2025-11-04_22:12:01.642387
ED   31,0.00%,YES,&nbsp,316,AD 73,2025-11-04_22:12:01.642387
ED   31,0.00%,NO,&nbsp,337,AD 73,2025-11-04_22:12:01.642387
ED   32,0.00%,YES,&nbsp,429,AD 73,2025-11-04_22:12:01.642387
ED   32,0.00%,NO,&nbsp,310,AD 73,2025-11-04_22:12:01.642387
ED   33,0.00%,YES,&nbsp,399,AD 73,2025-11-04_22:12:01.642387
ED   33,0.00%,NO,&nbsp,314,AD 73,2025-11-04_22:12:01.642387
ED   34,0.00%,YES,&nbsp,417,AD 73,2025-11-04_22:12:01.642387
ED   34,0.00%,NO,&nbsp,346,AD 73,2025-11-04_22:12:01.642387
ED   35,0.00%,YES,&nbsp,206,AD 73,2025-11-04_22:12:01.642387
ED   35,0.00%,NO,&nbsp,116,AD 73,2025-11-04_22:12:01.642387
ED   36,0.00%,YES,&nbsp,196,AD 73,2025-11-04_22:12:01.642387
ED   36,0.00%,NO,&nbsp,190,AD 73,2025-11-04_22:12:01.642387
ED   37,0.00%,YES,&nbsp,306,AD 73,2025-11-04_22:12:01.642387
ED   37,0.00%,NO,&nbsp,274,AD 73,2025-11-04_22:12:01.642387
ED   38,0.00%,YES,&nbsp,536,AD 73,2025-11-04_22:12:01.642387
ED   38,0.00%,NO,&nbsp,461,AD 73,2025-11-04_22:12:01.642387
ED   39,0.00%,YES,&nbsp,477,AD 73,2025-11-04_22:12:01.642387
ED   39,0.00%,NO,&nbsp,366,AD 73,2025-11-04_22:12:01.642387
ED   40,0.00%,YES,&nbsp,328,AD 73,2025-11-04_22:12:01.642387
ED   40,0.00%,NO,&nbsp,286,AD 73,2025-11-04_22:12:01.642387
ED   41,0.00%,YES,&nbsp,316,AD 73,2025-11-04_22:12:01.642387
ED   41,0.00%,NO,&nbsp,251,AD 73,2025-11-04_22:12:01.642387
ED   42,0.00%,YES,&nbsp,311,AD 73,2025-11-04_22:12:01.642387
ED   42,0.00%,NO,&nbsp,262,AD 73,2025-11-04_22:12:01.642387
ED   43,0.00%,YES,&nbsp,412,AD 73,2025-11-04_22:12:01.642387
ED   43,0.00%,NO,&nbsp,386,AD 73,2025-11-04_22:12:01.642387
ED   44,0.00%,YES,&nbsp,397,AD 73,2025-11-04_22:12:01.642387
ED   44,0.00%,NO,&nbsp,334,AD 73,2025-11-04_22:12:01.642387
ED   45,0.00%,YES,&nbsp,435,AD 73,2025-11-04_22:12:01.642387
ED   45,0.00%,NO,&nbsp,421,AD 73,2025-11-04_22:12:01.642387
ED   46,0.00%,YES,&nbsp,382,AD 73,2025-11-04_22:12:01.642387
ED   46,0.00%,NO,&nbsp,351,AD 73,2025-11-04_22:12:01.642387
ED   47,0.00%,YES,&nbsp,340,AD 73,2025-11-04_22:12:01.642387
ED   47,0.00%,NO,&nbsp,296,AD 73,2025-11-04_22:12:01.642387
ED   48,0.00%,YES,&nbsp,418,AD 73,2025-11-04_22:12:01.642387
ED   48,0.00%,NO,&nbsp,389,AD 73,2025-11-04_22:12:01.642387
ED   49,0.00%,YES,&nbsp,311,AD 73,2025-11-04_22:12:01.642387
ED   49,0.00%,NO,&nbsp,248,AD 73,2025-11-04_22:12:01.642387
ED   50,0.00%,YES,&nbsp,482,AD 73,2025-11-04_22:12:01.642387
ED   50,0.00%,NO,&nbsp,357,AD 73,2025-11-04_22:12:01.642387
ED   51,0.00%,YES,&nbsp,475,AD 73,2025-11-04_22:12:01.642387
ED   51,0.00%,NO,&nbsp,396,AD 73,2025-11-04_22:12:01.642387
ED   52,0.00%,YES,&nbsp,369,AD 73,2025-11-04_22:12:01.642387
ED   52,0.00%,NO,&nbsp,282,AD 73,2025-11-04_22:12:01.642387
ED   53,0.00%,YES,&nbsp,409,AD 73,2025-11-04_22:12:01.642387
ED   53,0.00%,NO,&nbsp,300,AD 73,2025-11-04_22:12:01.642387
ED   54,0.00%,YES,&nbsp,495,AD 73,2025-11-04_22:12:01.642387
ED   54,0.00%,NO,&nbsp,458,AD 73,2025-11-04_22:12:01.642387
ED   55,0.00%,YES,&nbsp,352,AD 73,2025-11-04_22:12:01.642387
ED   55,0.00%,NO,&nbsp,321,AD 73,2025-11-04_22:12:01.642387
ED   56,0.00%,YES,&nbsp,292,AD 73,2025-11-04_22:12:01.642387
ED   56,0.00%,NO,&nbsp,253,AD 73,2025-11-04_22:12:01.642387
ED   57,0.00%,YES,&nbsp,321,AD 73,2025-11-04_22:12:01.642387
ED   57,0.00%,NO,&nbsp,334,AD 73,2025-11-04_22:12:01.642387
ED   58,0.00%,YES,&nbsp,364,AD 73,2025-11-04_22:12:01.642387
ED   58,0.00%,NO,&nbsp,247,AD 73,2025-11-04_22:12:01.642387
ED   59,0.00%,YES,&nbsp,605,AD 73,2025-11-04_22:12:01.642387
ED   59,0.00%,NO,&nbsp,449,AD 73,2025-11-04_22:12:01.642387
ED   60,0.00%,YES,&nbsp,270,AD 73,2025-11-04_22:12:01.642387
ED   60,0.00%,NO,&nbsp,122,AD 73,2025-11-04_22:12:01.642387
ED   61,0.00%,YES,&nbsp,285,AD 73,2025-11-04_22:12:01.642387
ED   61,0.00%,NO,&nbsp,166,AD 73,2025-11-04_22:12:01.642387
ED   62,0.00%,YES,&nbsp,632,AD 73,2025-11-04_22:12:01.642387
ED   62,0.00%,NO,&nbsp,419,AD 73,2025-11-04_22:12:01.642387
ED   63,0.00%,YES,&nbsp,407,AD 73,2025-11-04_22:12:01.642387
ED   63,0.00%,NO,&nbsp,366,AD 73,2025-11-04_22:12:01.642387
ED   64,0.00%,YES,&nbsp,522,AD 73,2025-11-04_22:12:01.642387
ED   64,0.00%,NO,&nbsp,433,AD 73,2025-11-04_22:12:01.642387
ED   65,0.00%,YES,&nbsp,331,AD 73,2025-11-04_22:12:01.642387
ED   65,0.00%,NO,&nbsp,268,AD 73,2025-11-04_22:12:01.642387
ED   66,0.00%,YES,&nbsp,445,AD 73,2025-11-04_22:12:01.642387
ED   66,0.00%,NO,&nbsp,382,AD 73,2025-11-04_22:12:01.642387
ED   67,0.00%,YES,&nbsp,433,AD 73,2025-11-04_22:12:01.642387
ED   67,0.00%,NO,&nbsp,319,AD 73,2025-11-04_22:12:01.642387
ED   68,0.00%,YES,&nbsp,381,AD 73,2025-11-04_22:12:01.642387
ED   68,0.00%,NO,&nbsp,308,AD 73,2025-11-04_22:12:01.642387
ED   69,0.00%,YES,&nbsp,552,AD 73,2025-11-04_22:12:01.642387
ED   69,0.00%,NO,&nbsp,354,AD 73,2025-11-04_22:12:01.642387
ED   70,0.00%,YES,&nbsp,-,AD 73,2025-11-04_22:12:01.642387
ED   70,0.00%,NO,&nbsp,-,AD 73,2025-11-04_22:12:01.642387
ED   71,0.00%,YES,&nbsp,-,AD 73,2025-11-04_22:12:01.642387
ED   71,0.00%,NO,&nbsp,-,AD 73,2025-11-04_22:12:01.642387
ED   72,0.00%,YES,&nbsp,-,AD 73,2025-11-04_22:12:01.642387
ED   72,0.00%,NO,&nbsp,-,AD 73,2025-11-04_22:12:01.642387
Total,,YES,&nbsp,26162,AD 73,2025-11-04_22:12:01.642387
Total,,NO,&nbsp,20511,AD 73,2025-11-04_22:12:01.642387
ED    1,0.00%,YES,&nbsp,471,AD 74,2025-11-04_22:12:01.642387
ED    1,0.00%,NO,&nbsp,275,AD 74,2025-11-04_22:12:01.642387
ED    2,0.00%,YES,&nbsp,490,AD 74,2025-11-04_22:12:01.642387
ED    2,0.00%,NO,&nbsp,353,AD 74,2025-11-04_22:12:01.642387
ED    3,0.00%,YES,&nbsp,363,AD 74,2025-11-04_22:12:01.642387
ED    3,0.00%,NO,&nbsp,355,AD 74,2025-11-04_22:12:01.642387
ED    4,0.00%,YES,&nbsp,391,AD 74,2025-11-04_22:12:01.642387
ED    4,0.00%,NO,&nbsp,326,AD 74,2025-11-04_22:12:01.642387
ED    5,0.00%,YES,&nbsp,317,AD 74,2025-11-04_22:12:01.642387
ED    5,0.00%,NO,&nbsp,257,AD 74,2025-11-04_22:12:01.642387
ED    6,0.00%,YES,&nbsp,424,AD 74,2025-11-04_22:12:01.642387
ED    6,0.00%,NO,&nbsp,266,AD 74,2025-11-04_22:12:01.642387
ED    7,0.00%,YES,&nbsp,385,AD 74,2025-11-04_22:12:01.642387
ED    7,0.00%,NO,&nbsp,221,AD 74,2025-11-04_22:12:01.642387
ED    8,0.00%,YES,&nbsp,553,AD 74,2025-11-04_22:12:01.642387
ED    8,0.00%,NO,&nbsp,354,AD 74,2025-11-04_22:12:01.642387
ED    9,0.00%,YES,&nbsp,236,AD 74,2025-11-04_22:12:01.642387
ED    9,0.00%,NO,&nbsp,137,AD 74,2025-11-04_22:12:01.642387
ED   10,0.00%,YES,&nbsp,585,AD 74,2025-11-04_22:12:01.642387
ED   10,0.00%,NO,&nbsp,321,AD 74,2025-11-04_22:12:01.642387
ED   11,0.00%,YES,&nbsp,542,AD 74,2025-11-04_22:12:01.642387
ED   11,0.00%,NO,&nbsp,300,AD 74,2025-11-04_22:12:01.642387
ED   12,0.00%,YES,&nbsp,593,AD 74,2025-11-04_22:12:01.642387
ED   12,0.00%,NO,&nbsp,355,AD 74,2025-11-04_22:12:01.642387
ED   13,0.00%,YES,&nbsp,419,AD 74,2025-11-04_22:12:01.642387
ED   13,0.00%,NO,&nbsp,303,AD 74,2025-11-04_22:12:01.642387
ED   14,0.00%,YES,&nbsp,448,AD 74,2025-11-04_22:12:01.642387
ED   14,0.00%,NO,&nbsp,263,AD 74,2025-11-04_22:12:01.642387
ED   15,0.00%,YES,&nbsp,575,AD 74,2025-11-04_22:12:01.642387
ED   15,0.00%,NO,&nbsp,363,AD 74,2025-11-04_22:12:01.642387
ED   16,0.00%,YES,&nbsp,658,AD 74,2025-11-04_22:12:01.642387
ED   16,0.00%,NO,&nbsp,408,AD 74,2025-11-04_22:12:01.642387
ED   17,0.00%,YES,&nbsp,606,AD 74,2025-11-04_22:12:01.642387
ED   17,0.00%,NO,&nbsp,378,AD 74,2025-11-04_22:12:01.642387
ED   18,0.00%,YES,&nbsp,282,AD 74,2025-11-04_22:12:01.642387
ED   18,0.00%,NO,&nbsp,180,AD 74,2025-11-04_22:12:01.642387
ED   19,0.00%,YES,&nbsp,459,AD 74,2025-11-04_22:12:01.642387
ED   19,0.00%,NO,&nbsp,315,AD 74,2025-11-04_22:12:01.642387
ED   20,0.00%,YES,&nbsp,498,AD 74,2025-11-04_22:12:01.642387
ED   20,0.00%,NO,&nbsp,296,AD 74,2025-11-04_22:12:01.642387
ED   21,0.00%,YES,&nbsp,366,AD 74,2025-11-04_22:12:01.642387
ED   21,0.00%,NO,&nbsp,228,AD 74,2025-11-04_22:12:01.642387
ED   22,0.00%,YES,&nbsp,559,AD 74,2025-11-04_22:12:01.642387
ED   22,0.00%,NO,&nbsp,378,AD 74,2025-11-04_22:12:01.642387
ED   23,0.00%,YES,&nbsp,607,AD 74,2025-11-04_22:12:01.642387
ED   23,0.00%,NO,&nbsp,338,AD 74,2025-11-04_22:12:01.642387
ED   24,0.00%,YES,&nbsp,553,AD 74,2025-11-04_22:12:01.642387
ED   24,0.00%,NO,&nbsp,326,AD 74,2025-11-04_22:12:01.642387
ED   25,0.00%,YES,&nbsp,268,AD 74,2025-11-04_22:12:01.642387
ED   25,0.00%,NO,&nbsp,125,AD 74,2025-11-04_22:12:01.642387
ED   26,0.00%,YES,&nbsp,545,AD 74,2025-11-04_22:12:01.642387
ED   26,0.00%,NO,&nbsp,287,AD 74,2025-11-04_22:12:01.642387
ED   27,0.00%,YES,&nbsp,643,AD 74,2025-11-04_22:12:01.642387
ED   27,0.00%,NO,&nbsp,315,AD 74,2025-11-04_22:12:01.642387
ED   28,0.00%,YES,&nbsp,326,AD 74,2025-11-04_22:12:01.642387
ED   28,0.00%,NO,&nbsp,197,AD 74,2025-11-04_22:12:01.642387
ED   29,0.00%,YES,&nbsp,205,AD 74,2025-11-04_22:12:01.642387
ED   29,0.00%,NO,&nbsp,85,AD 74,2025-11-04_22:12:01.642387
ED   30,0.00%,YES,&nbsp,320,AD 74,2025-11-04_22:12:01.642387
ED   30,0.00%,NO,&nbsp,166,AD 74,2025-11-04_22:12:01.642387
ED   31,0.00%,YES,&nbsp,515,AD 74,2025-11-04_22:12:01.642387
ED   31,0.00%,NO,&nbsp,290,AD 74,2025-11-04_22:12:01.642387
ED   32,0.00%,YES,&nbsp,125,AD 74,2025-11-04_22:12:01.642387
ED   32,0.00%,NO,&nbsp,72,AD 74,2025-11-04_22:12:01.642387
ED   33,0.00%,YES,&nbsp,345,AD 74,2025-11-04_22:12:01.642387
ED   33,0.00%,NO,&nbsp,186,AD 74,2025-11-04_22:12:01.642387
ED   34,0.00%,YES,&nbsp,282,AD 74,2025-11-04_22:12:01.642387
ED   34,0.00%,NO,&nbsp,177,AD 74,2025-11-04_22:12:01.642387
ED   35,0.00%,YES,&nbsp,475,AD 74,2025-11-04_22:12:01.642387
ED   35,0.00%,NO,&nbsp,266,AD 74,2025-11-04_22:12:01.642387
ED   36,0.00%,YES,&nbsp,458,AD 74,2025-11-04_22:12:01.642387
ED   36,0.00%,NO,&nbsp,241,AD 74,2025-11-04_22:12:01.642387
ED   37,0.00%,YES,&nbsp,166,AD 74,2025-11-04_22:12:01.642387
ED   37,0.00%,NO,&nbsp,52,AD 74,2025-11-04_22:12:01.642387
ED   38,0.00%,YES,&nbsp,131,AD 74,2025-11-04_22:12:01.642387
ED   38,0.00%,NO,&nbsp,57,AD 74,2025-11-04_22:12:01.642387
ED   39,0.00%,YES,&nbsp,169,AD 74,2025-11-04_22:12:01.642387
ED   39,0.00%,NO,&nbsp,58,AD 74,2025-11-04_22:12:01.642387
ED   40,0.00%,YES,&nbsp,122,AD 74,2025-11-04_22:12:01.642387
ED   40,0.00%,NO,&nbsp,55,AD 74,2025-11-04_22:12:01.642387
ED   41,0.00%,YES,&nbsp,250,AD 74,2025-11-04_22:12:01.642387
ED   41,0.00%,NO,&nbsp,160,AD 74,2025-11-04_22:12:01.642387
ED   42,0.00%,YES,&nbsp,367,AD 74,2025-11-04_22:12:01.642387
ED   42,0.00%,NO,&nbsp,276,AD 74,2025-11-04_22:12:01.642387
ED   43,0.00%,YES,&nbsp,537,AD 74,2025-11-04_22:12:01.642387
ED   43,0.00%,NO,&nbsp,297,AD 74,2025-11-04_22:12:01.642387
ED   44,0.00%,YES,&nbsp,294,AD 74,2025-11-04_22:12:01.642387
ED   44,0.00%,NO,&nbsp,217,AD 74,2025-11-04_22:12:01.642387
ED   45,0.00%,YES,&nbsp,444,AD 74,2025-11-04_22:12:01.642387
ED   45,0.00%,NO,&nbsp,283,AD 74,2025-11-04_22:12:01.642387
ED   46,0.00%,YES,&nbsp,346,AD 74,2025-11-04_22:12:01.642387
ED   46,0.00%,NO,&nbsp,93,AD 74,2025-11-04_22:12:01.642387
ED   47,0.00%,YES,&nbsp,265,AD 74,2025-11-04_22:12:01.642387
ED   47,0.00%,NO,&nbsp,203,AD 74,2025-11-04_22:12:01.642387
ED   48,0.00%,YES,&nbsp,393,AD 74,2025-11-04_22:12:01.642387
ED   48,0.00%,NO,&nbsp,218,AD 74,2025-11-04_22:12:01.642387
ED   49,0.00%,YES,&nbsp,449,AD 74,2025-11-04_22:12:01.642387
ED   49,0.00%,NO,&nbsp,288,AD 74,2025-11-04_22:12:01.642387
ED   50,0.00%,YES,&nbsp,474,AD 74,2025-11-04_22:12:01.642387
ED   50,0.00%,NO,&nbsp,267,AD 74,2025-11-04_22:12:01.642387
ED   51,0.00%,YES,&nbsp,583,AD 74,2025-11-04_22:12:01.642387
ED   51,0.00%,NO,&nbsp,356,AD 74,2025-11-04_22:12:01.642387
ED   52,0.00%,YES,&nbsp,374,AD 74,2025-11-04_22:12:01.642387
ED   52,0.00%,NO,&nbsp,241,AD 74,2025-11-04_22:12:01.642387
ED   53,0.00%,YES,&nbsp,544,AD 74,2025-11-04_22:12:01.642387
ED   53,0.00%,NO,&nbsp,280,AD 74,2025-11-04_22:12:01.642387
ED   54,0.00%,YES,&nbsp,272,AD 74,2025-11-04_22:12:01.642387
ED   54,0.00%,NO,&nbsp,168,AD 74,2025-11-04_22:12:01.642387
ED   55,0.00%,YES,&nbsp,578,AD 74,2025-11-04_22:12:01.642387
ED   55,0.00%,NO,&nbsp,366,AD 74,2025-11-04_22:12:01.642387
ED   56,0.00%,YES,&nbsp,357,AD 74,2025-11-04_22:12:01.642387
ED   56,0.00%,NO,&nbsp,267,AD 74,2025-11-04_22:12:01.642387
ED   57,0.00%,YES,&nbsp,509,AD 74,2025-11-04_22:12:01.642387
ED   57,0.00%,NO,&nbsp,321,AD 74,2025-11-04_22:12:01.642387
ED   58,0.00%,YES,&nbsp,359,AD 74,2025-11-04_22:12:01.642387
ED   58,0.00%,NO,&nbsp,234,AD 74,2025-11-04_22:12:01.642387
ED   59,0.00%,YES,&nbsp,503,AD 74,2025-11-04_22:12:01.642387
ED   59,0.00%,NO,&nbsp,328,AD 74,2025-11-04_22:12:01.642387
ED   60,0.00%,YES,&nbsp,225,AD 74,2025-11-04_22:12:01.642387
ED   60,0.00%,NO,&nbsp,137,AD 74,2025-11-04_22:12:01.642387
ED   61,0.00%,YES,&nbsp,191,AD 74,2025-11-04_22:12:01.642387
ED   61,0.00%,NO,&nbsp,149,AD 74,2025-11-04_22:12:01.642387
ED   62,0.00%,YES,&nbsp,186,AD 74,2025-11-04_22:12:01.642387
ED   62,0.00%,NO,&nbsp,121,AD 74,2025-11-04_22:12:01.642387
ED   63,0.00%,YES,&nbsp,123,AD 74,2025-11-04_22:12:01.642387
ED   63,0.00%,NO,&nbsp,71,AD 74,2025-11-04_22:12:01.642387
ED   64,0.00%,YES,&nbsp,39,AD 74,2025-11-04_22:12:01.642387
ED   64,0.00%,NO,&nbsp,13,AD 74,2025-11-04_22:12:01.642387
ED   65,0.00%,YES,&nbsp,154,AD 74,2025-11-04_22:12:01.642387
ED   65,0.00%,NO,&nbsp,94,AD 74,2025-11-04_22:12:01.642387
ED   66,0.00%,YES,&nbsp,-,AD 74,2025-11-04_22:12:01.642387
ED   66,0.00%,NO,&nbsp,-,AD 74,2025-11-04_22:12:01.642387
ED   67,0.00%,YES,&nbsp,-,AD 74,2025-11-04_22:12:01.642387
ED   67,0.00%,NO,&nbsp,-,AD 74,2025-11-04_22:12:01.642387
ED   68,0.00%,YES,&nbsp,-,AD 74,2025-11-04_22:12:01.642387
ED   68,0.00%,NO,&nbsp,-,AD 74,2025-11-04_22:12:01.642387
ED   69,0.00%,YES,&nbsp,-,AD 74,2025-11-04_22:12:01.642387
ED   69,0.00%,NO,&nbsp,-,AD 74,2025-11-04_22:12:01.642387
ED   70,0.00%,YES,&nbsp,-,AD 74,2025-11-04_22:12:01.642387
ED   70,0.00%,NO,&nbsp,-,AD 74,2025-11-04_22:12:01.642387
Total,,YES,&nbsp,25291,AD 74,2025-11-04_22:12:01.642387
Total,,NO,&nbsp,15373,AD 74,2025-11-04_22:12:01.642387
ED    1,0.00%,YES,&nbsp,500,AD 75,2025-11-04_22:12:01.642387
ED    1,0.00%,NO,&nbsp,343,AD 75,2025-11-04_22:12:01.642387
ED    2,0.00%,YES,&nbsp,549,AD 75,2025-11-04_22:12:01.642387
ED    2,0.00%,NO,&nbsp,463,AD 75,2025-11-04_22:12:01.642387
ED    3,0.00%,YES,&nbsp,519,AD 75,2025-11-04_22:12:01.642387
ED    3,0.00%,NO,&nbsp,334,AD 75,2025-11-04_22:12:01.642387
ED    4,0.00%,YES,&nbsp,254,AD 75,2025-11-04_22:12:01.642387
ED    4,0.00%,NO,&nbsp,156,AD 75,2025-11-04_22:12:01.642387
ED    5,0.00%,YES,&nbsp,442,AD 75,2025-11-04_22:12:01.642387
ED    5,0.00%,NO,&nbsp,337,AD 75,2025-11-04_22:12:01.642387
ED    6,0.00%,YES,&nbsp,503,AD 75,2025-11-04_22:12:01.642387
ED    6,0.00%,NO,&nbsp,342,AD 75,2025-11-04_22:12:01.642387
ED    7,0.00%,YES,&nbsp,411,AD 75,2025-11-04_22:12:01.642387
ED    7,0.00%,NO,&nbsp,193,AD 75,2025-11-04_22:12:01.642387
ED    8,0.00%,YES,&nbsp,645,AD 75,2025-11-04_22:12:01.642387
ED    8,0.00%,NO,&nbsp,380,AD 75,2025-11-04_22:12:01.642387
ED    9,0.00%,YES,&nbsp,113,AD 75,2025-11-04_22:12:01.642387
ED    9,0.00%,NO,&nbsp,59,AD 75,2025-11-04_22:12:01.642387
ED   10,0.00%,YES,&nbsp,553,AD 75,2025-11-04_22:12:01.642387
ED   10,0.00%,NO,&nbsp,330,AD 75,2025-11-04_22:12:01.642387
ED   11,0.00%,YES,&nbsp,282,AD 75,2025-11-04_22:12:01.642387
ED   11,0.00%,NO,&nbsp,232,AD 75,2025-11-04_22:12:01.642387
ED   12,0.00%,YES,&nbsp,428,AD 75,2025-11-04_22:12:01.642387
ED   12,0.00%,NO,&nbsp,208,AD 75,2025-11-04_22:12:01.642387
ED   13,0.00%,YES,&nbsp,438,AD 75,2025-11-04_22:12:01.642387
ED   13,0.00%,NO,&nbsp,295,AD 75,2025-11-04_22:12:01.642387
ED   14,0.00%,YES,&nbsp,197,AD 75,2025-11-04_22:12:01.642387
ED   14,0.00%,NO,&nbsp,91,AD 75,2025-11-04_22:12:01.642387
ED   15,0.00%,YES,&nbsp,262,AD 75,2025-11-04_22:12:01.642387
ED   15,0.00%,NO,&nbsp,177,AD 75,2025-11-04_22:12:01.642387
ED   16,0.00%,YES,&nbsp,120,AD 75,2025-11-04_22:12:01.642387
ED   16,0.00%,NO,&nbsp,77,AD 75,2025-11-04_22:12:01.642387
ED   17,0.00%,YES,&nbsp,301,AD 75,2025-11-04_22:12:01.642387
ED   17,0.00%,NO,&nbsp,156,AD 75,2025-11-04_22:12:01.642387
ED   18,0.00%,YES,&nbsp,206,AD 75,2025-11-04_22:12:01.642387
ED   18,0.00%,NO,&nbsp,128,AD 75,2025-11-04_22:12:01.642387
ED   19,0.00%,YES,&nbsp,-,AD 75,2025-11-04_22:12:01.642387
ED   19,0.00%,NO,&nbsp,-,AD 75,2025-11-04_22:12:01.642387
ED   20,0.00%,YES,&nbsp,264,AD 75,2025-11-04_22:12:01.642387
ED   20,0.00%,NO,&nbsp,143,AD 75,2025-11-04_22:12:01.642387
ED   21,0.00%,YES,&nbsp,180,AD 75,2025-11-04_22:12:01.642387
ED   21,0.00%,NO,&nbsp,122,AD 75,2025-11-04_22:12:01.642387
ED   22,0.00%,YES,&nbsp,423,AD 75,2025-11-04_22:12:01.642387
ED   22,0.00%,NO,&nbsp,232,AD 75,2025-11-04_22:12:01.642387
ED   23,0.00%,YES,&nbsp,356,AD 75,2025-11-04_22:12:01.642387
ED   23,0.00%,NO,&nbsp,185,AD 75,2025-11-04_22:12:01.642387
ED   24,0.00%,YES,&nbsp,427,AD 75,2025-11-04_22:12:01.642387
ED   24,0.00%,NO,&nbsp,309,AD 75,2025-11-04_22:12:01.642387
ED   25,0.00%,YES,&nbsp,233,AD 75,2025-11-04_22:12:01.642387
ED   25,0.00%,NO,&nbsp,123,AD 75,2025-11-04_22:12:01.642387
ED   26,0.00%,YES,&nbsp,539,AD 75,2025-11-04_22:12:01.642387
ED   26,0.00%,NO,&nbsp,323,AD 75,2025-11-04_22:12:01.642387
ED   27,0.00%,YES,&nbsp,384,AD 75,2025-11-04_22:12:01.642387
ED   27,0.00%,NO,&nbsp,262,AD 75,2025-11-04_22:12:01.642387
ED   28,0.00%,YES,&nbsp,498,AD 75,2025-11-04_22:12:01.642387
ED   28,0.00%,NO,&nbsp,336,AD 75,2025-11-04_22:12:01.642387
ED   29,0.00%,YES,&nbsp,371,AD 75,2025-11-04_22:12:01.642387
ED   29,0.00%,NO,&nbsp,222,AD 75,2025-11-04_22:12:01.642387
ED   30,0.00%,YES,&nbsp,296,AD 75,2025-11-04_22:12:01.642387
ED   30,0.00%,NO,&nbsp,128,AD 75,2025-11-04_22:12:01.642387
ED   31,0.00%,YES,&nbsp,486,AD 75,2025-11-04_22:12:01.642387
ED   31,0.00%,NO,&nbsp,214,AD 75,2025-11-04_22:12:01.642387
ED   32,0.00%,YES,&nbsp,399,AD 75,2025-11-04_22:12:01.642387
ED   32,0.00%,NO,&nbsp,197,AD 75,2025-11-04_22:12:01.642387
ED   33,0.00%,YES,&nbsp,385,AD 75,2025-11-04_22:12:01.642387
ED   33,0.00%,NO,&nbsp,179,AD 75,2025-11-04_22:12:01.642387
ED   34,0.00%,YES,&nbsp,389,AD 75,2025-11-04_22:12:01.642387
ED   34,0.00%,NO,&nbsp,142,AD 75,2025-11-04_22:12:01.642387
ED   35,0.00%,YES,&nbsp,305,AD 75,2025-11-04_22:12:01.642387
ED   35,0.00%,NO,&nbsp,130,AD 75,2025-11-04_22:12:01.642387
ED   36,0.00%,YES,&nbsp,115,AD 75,2025-11-04_22:12:01.642387
ED   36,0.00%,NO,&nbsp,42,AD 75,2025-11-04_22:12:01.642387
ED   37,0.00%,YES,&nbsp,330,AD 75,2025-11-04_22:12:01.642387
ED   37,0.00%,NO,&nbsp,261,AD 75,2025-11-04_22:12:01.642387
ED   38,0.00%,YES,&nbsp,299,AD 75,2025-11-04_22:12:01.642387
ED   38,0.00%,NO,&nbsp,348,AD 75,2025-11-04_22:12:01.642387
ED   39,0.00%,YES,&nbsp,312,AD 75,2025-11-04_22:12:01.642387
ED   39,0.00%,NO,&nbsp,328,AD 75,2025-11-04_22:12:01.642387
ED   40,0.00%,YES,&nbsp,382,AD 75,2025-11-04_22:12:01.642387
ED   40,0.00%,NO,&nbsp,204,AD 75,2025-11-04_22:12:01.642387
ED   41,0.00%,YES,&nbsp,475,AD 75,2025-11-04_22:12:01.642387
ED   41,0.00%,NO,&nbsp,269,AD 75,2025-11-04_22:12:01.642387
ED   42,0.00%,YES,&nbsp,465,AD 75,2025-11-04_22:12:01.642387
ED   42,0.00%,NO,&nbsp,258,AD 75,2025-11-04_22:12:01.642387
ED   43,0.00%,YES,&nbsp,504,AD 75,2025-11-04_22:12:01.642387
ED   43,0.00%,NO,&nbsp,459,AD 75,2025-11-04_22:12:01.642387
ED   44,0.00%,YES,&nbsp,480,AD 75,2025-11-04_22:12:01.642387
ED   44,0.00%,NO,&nbsp,320,AD 75,2025-11-04_22:12:01.642387
ED   45,0.00%,YES,&nbsp,392,AD 75,2025-11-04_22:12:01.642387
ED   45,0.00%,NO,&nbsp,265,AD 75,2025-11-04_22:12:01.642387
ED   46,0.00%,YES,&nbsp,419,AD 75,2025-11-04_22:12:01.642387
ED   46,0.00%,NO,&nbsp,291,AD 75,2025-11-04_22:12:01.642387
ED   47,0.00%,YES,&nbsp,412,AD 75,2025-11-04_22:12:01.642387
ED   47,0.00%,NO,&nbsp,221,AD 75,2025-11-04_22:12:01.642387
ED   48,0.00%,YES,&nbsp,280,AD 75,2025-11-04_22:12:01.642387
ED   48,0.00%,NO,&nbsp,173,AD 75,2025-11-04_22:12:01.642387
ED   49,0.00%,YES,&nbsp,497,AD 75,2025-11-04_22:12:01.642387
ED   49,0.00%,NO,&nbsp,242,AD 75,2025-11-04_22:12:01.642387
ED   50,0.00%,YES,&nbsp,338,AD 75,2025-11-04_22:12:01.642387
ED   50,0.00%,NO,&nbsp,199,AD 75,2025-11-04_22:12:01.642387
ED   51,0.00%,YES,&nbsp,601,AD 75,2025-11-04_22:12:01.642387
ED   51,0.00%,NO,&nbsp,330,AD 75,2025-11-04_22:12:01.642387
ED   52,0.00%,YES,&nbsp,365,AD 75,2025-11-04_22:12:01.642387
ED   52,0.00%,NO,&nbsp,363,AD 75,2025-11-04_22:12:01.642387
ED   53,0.00%,YES,&nbsp,360,AD 75,2025-11-04_22:12:01.642387
ED   53,0.00%,NO,&nbsp,377,AD 75,2025-11-04_22:12:01.642387
ED   54,0.00%,YES,&nbsp,270,AD 75,2025-11-04_22:12:01.642387
ED   54,0.00%,NO,&nbsp,134,AD 75,2025-11-04_22:12:01.642387
ED   55,0.00%,YES,&nbsp,315,AD 75,2025-11-04_22:12:01.642387
ED   55,0.00%,NO,&nbsp,107,AD 75,2025-11-04_22:12:01.642387
ED   56,0.00%,YES,&nbsp,322,AD 75,2025-11-04_22:12:01.642387
ED   56,0.00%,NO,&nbsp,177,AD 75,2025-11-04_22:12:01.642387
ED   57,0.00%,YES,&nbsp,553,AD 75,2025-11-04_22:12:01.642387
ED   57,0.00%,NO,&nbsp,278,AD 75,2025-11-04_22:12:01.642387
ED   58,0.00%,YES,&nbsp,393,AD 75,2025-11-04_22:12:01.642387
ED   58,0.00%,NO,&nbsp,215,AD 75,2025-11-04_22:12:01.642387
ED   59,0.00%,YES,&nbsp,623,AD 75,2025-11-04_22:12:01.642387
ED   59,0.00%,NO,&nbsp,292,AD 75,2025-11-04_22:12:01.642387
ED   60,0.00%,YES,&nbsp,375,AD 75,2025-11-04_22:12:01.642387
ED   60,0.00%,NO,&nbsp,235,AD 75,2025-11-04_22:12:01.642387
ED   61,0.00%,YES,&nbsp,134,AD 75,2025-11-04_22:12:01.642387
ED   61,0.00%,NO,&nbsp,59,AD 75,2025-11-04_22:12:01.642387
ED   62,0.00%,YES,&nbsp,408,AD 75,2025-11-04_22:12:01.642387
ED   62,0.00%,NO,&nbsp,193,AD 75,2025-11-04_22:12:01.642387
ED   63,0.00%,YES,&nbsp,558,AD 75,2025-11-04_22:12:01.642387
ED   63,0.00%,NO,&nbsp,386,AD 75,2025-11-04_22:12:01.642387
ED   64,0.00%,YES,&nbsp,451,AD 75,2025-11-04_22:12:01.642387
ED   64,0.00%,NO,&nbsp,264,AD 75,2025-11-04_22:12:01.642387
ED   65,0.00%,YES,&nbsp,321,AD 75,2025-11-04_22:12:01.642387
ED   65,0.00%,NO,&nbsp,192,AD 75,2025-11-04_22:12:01.642387
ED   66,0.00%,YES,&nbsp,276,AD 75,2025-11-04_22:12:01.642387
ED   66,0.00%,NO,&nbsp,120,AD 75,2025-11-04_22:12:01.642387
ED   67,0.00%,YES,&nbsp,8,AD 75,2025-11-04_22:12:01.642387
ED   67,0.00%,NO,&nbsp,5,AD 75,2025-11-04_22:12:01.642387
ED   68,0.00%,YES,&nbsp,-,AD 75,2025-11-04_22:12:01.642387
ED   68,0.00%,NO,&nbsp,-,AD 75,2025-11-04_22:12:01.642387
ED   69,0.00%,YES,&nbsp,-,AD 75,2025-11-04_22:12:01.642387
ED   69,0.00%,NO,&nbsp,-,AD 75,2025-11-04_22:12:01.642387
ED   70,0.00%,YES,&nbsp,-,AD 75,2025-11-04_22:12:01.642387
ED   70,0.00%,NO,&nbsp,-,AD 75,2025-11-04_22:12:01.642387
ED   71,0.00%,YES,&nbsp,-,AD 75,2025-11-04_22:12:01.642387
ED   71,0.00%,NO,&nbsp,-,AD 75,2025-11-04_22:12:01.642387
Total,,YES,&nbsp,24691,AD 75,2025-11-04_22:12:01.642387
Total,,NO,&nbsp,15155,AD 75,2025-11-04_22:12:01.642387
ED    1,0.00%,YES,&nbsp,447,AD 76,2025-11-04_22:12:01.642387
ED    1,0.00%,NO,&nbsp,369,AD 76,2025-11-04_22:12:01.642387
ED    2,0.00%,YES,&nbsp,284,AD 76,2025-11-04_22:12:01.642387
ED    2,0.00%,NO,&nbsp,251,AD 76,2025-11-04_22:12:01.642387
ED    3,0.00%,YES,&nbsp,407,AD 76,2025-11-04_22:12:01.642387
ED    3,0.00%,NO,&nbsp,300,AD 76,2025-11-04_22:12:01.642387
ED    4,0.00%,YES,&nbsp,484,AD 76,2025-11-04_22:12:01.642387
ED    4,0.00%,NO,&nbsp,351,AD 76,2025-11-04_22:12:01.642387
ED    5,0.00%,YES,&nbsp,486,AD 76,2025-11-04_22:12:01.642387
ED    5,0.00%,NO,&nbsp,380,AD 76,2025-11-04_22:12:01.642387
ED    6,0.00%,YES,&nbsp,489,AD 76,2025-11-04_22:12:01.642387
ED    6,0.00%,NO,&nbsp,372,AD 76,2025-11-04_22:12:01.642387
ED    7,0.00%,YES,&nbsp,477,AD 76,2025-11-04_22:12:01.642387
ED    7,0.00%,NO,&nbsp,356,AD 76,2025-11-04_22:12:01.642387
ED    8,0.00%,YES,&nbsp,355,AD 76,2025-11-04_22:12:01.642387
ED    8,0.00%,NO,&nbsp,181,AD 76,2025-11-04_22:12:01.642387
ED    9,0.00%,YES,&nbsp,546,AD 76,2025-11-04_22:12:01.642387
ED    9,0.00%,NO,&nbsp,415,AD 76,2025-11-04_22:12:01.642387
ED   10,0.00%,YES,&nbsp,389,AD 76,2025-11-04_22:12:01.642387
ED   10,0.00%,NO,&nbsp,202,AD 76,2025-11-04_22:12:01.642387
ED   11,0.00%,YES,&nbsp,353,AD 76,2025-11-04_22:12:01.642387
ED   11,0.00%,NO,&nbsp,276,AD 76,2025-11-04_22:12:01.642387
ED   12,0.00%,YES,&nbsp,470,AD 76,2025-11-04_22:12:01.642387
ED   12,0.00%,NO,&nbsp,321,AD 76,2025-11-04_22:12:01.642387
ED   13,0.00%,YES,&nbsp,412,AD 76,2025-11-04_22:12:01.642387
ED   13,0.00%,NO,&nbsp,328,AD 76,2025-11-04_22:12:01.642387
ED   14,0.00%,YES,&nbsp,439,AD 76,2025-11-04_22:12:01.642387
ED   14,0.00%,NO,&nbsp,368,AD 76,2025-11-04_22:12:01.642387
ED   15,0.00%,YES,&nbsp,542,AD 76,2025-11-04_22:12:01.642387
ED   15,0.00%,NO,&nbsp,303,AD 76,2025-11-04_22:12:01.642387
ED   16,0.00%,YES,&nbsp,302,AD 76,2025-11-04_22:12:01.642387
ED   16,0.00%,NO,&nbsp,189,AD 76,2025-11-04_22:12:01.642387
ED   17,0.00%,YES,&nbsp,390,AD 76,2025-11-04_22:12:01.642387
ED   17,0.00%,NO,&nbsp,303,AD 76,2025-11-04_22:12:01.642387
ED   18,0.00%,YES,&nbsp,336,AD 76,2025-11-04_22:12:01.642387
ED   18,0.00%,NO,&nbsp,321,AD 76,2025-11-04_22:12:01.642387
ED   19,0.00%,YES,&nbsp,543,AD 76,2025-11-04_22:12:01.642387
ED   19,0.00%,NO,&nbsp,484,AD 76,2025-11-04_22:12:01.642387
ED   20,0.00%,YES,&nbsp,540,AD 76,2025-11-04_22:12:01.642387
ED   20,0.00%,NO,&nbsp,350,AD 76,2025-11-04_22:12:01.642387
ED   21,0.00%,YES,&nbsp,470,AD 76,2025-11-04_22:12:01.642387
ED   21,0.00%,NO,&nbsp,363,AD 76,2025-11-04_22:12:01.642387
ED   22,0.00%,YES,&nbsp,464,AD 76,2025-11-04_22:12:01.642387
ED   22,0.00%,NO,&nbsp,347,AD 76,2025-11-04_22:12:01.642387
ED   23,0.00%,YES,&nbsp,353,AD 76,2025-11-04_22:12:01.642387
ED   23,0.00%,NO,&nbsp,316,AD 76,2025-11-04_22:12:01.642387
ED   24,0.00%,YES,&nbsp,553,AD 76,2025-11-04_22:12:01.642387
ED   24,0.00%,NO,&nbsp,412,AD 76,2025-11-04_22:12:01.642387
ED   25,0.00%,YES,&nbsp,439,AD 76,2025-11-04_22:12:01.642387
ED   25,0.00%,NO,&nbsp,275,AD 76,2025-11-04_22:12:01.642387
ED   26,0.00%,YES,&nbsp,456,AD 76,2025-11-04_22:12:01.642387
ED   26,0.00%,NO,&nbsp,358,AD 76,2025-11-04_22:12:01.642387
ED   27,0.00%,YES,&nbsp,414,AD 76,2025-11-04_22:12:01.642387
ED   27,0.00%,NO,&nbsp,375,AD 76,2025-11-04_22:12:01.642387
ED   28,0.00%,YES,&nbsp,546,AD 76,2025-11-04_22:12:01.642387
ED   28,0.00%,NO,&nbsp,338,AD 76,2025-11-04_22:12:01.642387
ED   29,0.00%,YES,&nbsp,371,AD 76,2025-11-04_22:12:01.642387
ED   29,0.00%,NO,&nbsp,288,AD 76,2025-11-04_22:12:01.642387
ED   30,0.00%,YES,&nbsp,491,AD 76,2025-11-04_22:12:01.642387
ED   30,0.00%,NO,&nbsp,433,AD 76,2025-11-04_22:12:01.642387
ED   31,0.00%,YES,&nbsp,439,AD 76,2025-11-04_22:12:01.642387
ED   31,0.00%,NO,&nbsp,421,AD 76,2025-11-04_22:12:01.642387
ED   32,0.00%,YES,&nbsp,528,AD 76,2025-11-04_22:12:01.642387
ED   32,0.00%,NO,&nbsp,433,AD 76,2025-11-04_22:12:01.642387
ED   33,0.00%,YES,&nbsp,608,AD 76,2025-11-04_22:12:01.642387
ED   33,0.00%,NO,&nbsp,446,AD 76,2025-11-04_22:12:01.642387
ED   34,0.00%,YES,&nbsp,555,AD 76,2025-11-04_22:12:01.642387
ED   34,0.00%,NO,&nbsp,414,AD 76,2025-11-04_22:12:01.642387
ED   35,0.00%,YES,&nbsp,546,AD 76,2025-11-04_22:12:01.642387
ED   35,0.00%,NO,&nbsp,350,AD 76,2025-11-04_22:12:01.642387
ED   36,0.00%,YES,&nbsp,597,AD 76,2025-11-04_22:12:01.642387
ED   36,0.00%,NO,&nbsp,437,AD 76,2025-11-04_22:12:01.642387
ED   37,0.00%,YES,&nbsp,629,AD 76,2025-11-04_22:12:01.642387
ED   37,0.00%,NO,&nbsp,368,AD 76,2025-11-04_22:12:01.642387
ED   38,0.00%,YES,&nbsp,385,AD 76,2025-11-04_22:12:01.642387
ED   38,0.00%,NO,&nbsp,201,AD 76,2025-11-04_22:12:01.642387
ED   39,0.00%,YES,&nbsp,472,AD 76,2025-11-04_22:12:01.642387
ED   39,0.00%,NO,&nbsp,419,AD 76,2025-11-04_22:12:01.642387
ED   40,0.00%,YES,&nbsp,387,AD 76,2025-11-04_22:12:01.642387
ED   40,0.00%,NO,&nbsp,293,AD 76,2025-11-04_22:12:01.642387
ED   41,0.00%,YES,&nbsp,390,AD 76,2025-11-04_22:12:01.642387
ED   41,0.00%,NO,&nbsp,356,AD 76,2025-11-04_22:12:01.642387
ED   42,0.00%,YES,&nbsp,494,AD 76,2025-11-04_22:12:01.642387
ED   42,0.00%,NO,&nbsp,408,AD 76,2025-11-04_22:12:01.642387
ED   43,0.00%,YES,&nbsp,425,AD 76,2025-11-04_22:12:01.642387
ED   43,0.00%,NO,&nbsp,291,AD 76,2025-11-04_22:12:01.642387
ED   44,0.00%,YES,&nbsp,546,AD 76,2025-11-04_22:12:01.642387
ED   44,0.00%,NO,&nbsp,420,AD 76,2025-11-04_22:12:01.642387
ED   45,0.00%,YES,&nbsp,539,AD 76,2025-11-04_22:12:01.642387
ED   45,0.00%,NO,&nbsp,362,AD 76,2025-11-04_22:12:01.642387
ED   46,0.00%,YES,&nbsp,519,AD 76,2025-11-04_22:12:01.642387
ED   46,0.00%,NO,&nbsp,390,AD 76,2025-11-04_22:12:01.642387
ED   47,0.00%,YES,&nbsp,397,AD 76,2025-11-04_22:12:01.642387
ED   47,0.00%,NO,&nbsp,254,AD 76,2025-11-04_22:12:01.642387
ED   48,0.00%,YES,&nbsp,480,AD 76,2025-11-04_22:12:01.642387
ED   48,0.00%,NO,&nbsp,360,AD 76,2025-11-04_22:12:01.642387
ED   49,0.00%,YES,&nbsp,520,AD 76,2025-11-04_22:12:01.642387
ED   49,0.00%,NO,&nbsp,346,AD 76,2025-11-04_22:12:01.642387
ED   50,0.00%,YES,&nbsp,550,AD 76,2025-11-04_22:12:01.642387
ED   50,0.00%,NO,&nbsp,407,AD 76,2025-11-04_22:12:01.642387
ED   51,0.00%,YES,&nbsp,416,AD 76,2025-11-04_22:12:01.642387
ED   51,0.00%,NO,&nbsp,377,AD 76,2025-11-04_22:12:01.642387
ED   52,0.00%,YES,&nbsp,501,AD 76,2025-11-04_22:12:01.642387
ED   52,0.00%,NO,&nbsp,345,AD 76,2025-11-04_22:12:01.642387
ED   53,0.00%,YES,&nbsp,528,AD 76,2025-11-04_22:12:01.642387
ED   53,0.00%,NO,&nbsp,365,AD 76,2025-11-04_22:12:01.642387
ED   54,0.00%,YES,&nbsp,589,AD 76,2025-11-04_22:12:01.642387
ED   54,0.00%,NO,&nbsp,514,AD 76,2025-11-04_22:12:01.642387
ED   55,0.00%,YES,&nbsp,603,AD 76,2025-11-04_22:12:01.642387
ED   55,0.00%,NO,&nbsp,366,AD 76,2025-11-04_22:12:01.642387
ED   56,0.00%,YES,&nbsp,611,AD 76,2025-11-04_22:12:01.642387
ED   56,0.00%,NO,&nbsp,325,AD 76,2025-11-04_22:12:01.642387
ED   57,0.00%,YES,&nbsp,421,AD 76,2025-11-04_22:12:01.642387
ED   57,0.00%,NO,&nbsp,262,AD 76,2025-11-04_22:12:01.642387
ED   58,0.00%,YES,&nbsp,580,AD 76,2025-11-04_22:12:01.642387
ED   58,0.00%,NO,&nbsp,361,AD 76,2025-11-04_22:12:01.642387
ED   59,0.00%,YES,&nbsp,347,AD 76,2025-11-04_22:12:01.642387
ED   59,0.00%,NO,&nbsp,174,AD 76,2025-11-04_22:12:01.642387
ED   60,0.00%,YES,&nbsp,348,AD 76,2025-11-04_22:12:01.642387
ED   60,0.00%,NO,&nbsp,160,AD 76,2025-11-04_22:12:01.642387
ED   61,0.00%,YES,&nbsp,298,AD 76,2025-11-04_22:12:01.642387
ED   61,0.00%,NO,&nbsp,100,AD 76,2025-11-04_22:12:01.642387
ED   62,0.00%,YES,&nbsp,420,AD 76,2025-11-04_22:12:01.642387
ED   62,0.00%,NO,&nbsp,216,AD 76,2025-11-04_22:12:01.642387
ED   63,0.00%,YES,&nbsp,-,AD 76,2025-11-04_22:12:01.642387
ED   63,0.00%,NO,&nbsp,-,AD 76,2025-11-04_22:12:01.642387
ED   64,0.00%,YES,&nbsp,-,AD 76,2025-11-04_22:12:01.642387
ED   64,0.00%,NO,&nbsp,-,AD 76,2025-11-04_22:12:01.642387
ED   65,0.00%,YES,&nbsp,-,AD 76,2025-11-04_22:12:01.642387
ED   65,0.00%,NO,&nbsp,-,AD 76,2025-11-04_22:12:01.642387
ED   66,0.00%,YES,&nbsp,-,AD 76,2025-11-04_22:12:01.642387
ED   66,0.00%,NO,&nbsp,-,AD 76,2025-11-04_22:12:01.642387
ED   67,0.00%,YES,&nbsp,-,AD 76,2025-11-04_22:12:01.642387
ED   67,0.00%,NO,&nbsp,-,AD 76,2025-11-04_22:12:01.642387
ED   68,0.00%,YES,&nbsp,-,AD 76,2025-11-04_22:12:01.642387
ED   68,0.00%,NO,&nbsp,-,AD 76,2025-11-04_22:12:01.642387
Total,,YES,&nbsp,28916,AD 76,2025-11-04_22:12:01.642387
Total,,NO,&nbsp,20866,AD 76,2025-11-04_22:12:01.642387
ED    1,0.00%,YES,&nbsp,69,AD 77,2025-11-04_22:12:01.642387
ED    1,0.00%,NO,&nbsp,31,AD 77,2025-11-04_22:12:01.642387
ED    2,0.00%,YES,&nbsp,130,AD 77,2025-11-04_22:12:01.642387
ED    2,0.00%,NO,&nbsp,32,AD 77,2025-11-04_22:12:01.642387
ED    3,0.00%,YES,&nbsp,277,AD 77,2025-11-04_22:12:01.642387
ED    3,0.00%,NO,&nbsp,47,AD 77,2025-11-04_22:12:01.642387
ED    4,0.00%,YES,&nbsp,106,AD 77,2025-11-04_22:12:01.642387
ED    4,0.00%,NO,&nbsp,39,AD 77,2025-11-04_22:12:01.642387
ED    5,0.00%,YES,&nbsp,36,AD 77,2025-11-04_22:12:01.642387
ED    5,0.00%,NO,&nbsp,18,AD 77,2025-11-04_22:12:01.642387
ED    6,0.00%,YES,&nbsp,206,AD 77,2025-11-04_22:12:01.642387
ED    6,0.00%,NO,&nbsp,46,AD 77,2025-11-04_22:12:01.642387
ED    7,0.00%,YES,&nbsp,89,AD 77,2025-11-04_22:12:01.642387
ED    7,0.00%,NO,&nbsp,27,AD 77,2025-11-04_22:12:01.642387
ED    8,0.00%,YES,&nbsp,276,AD 77,2025-11-04_22:12:01.642387
ED    8,0.00%,NO,&nbsp,69,AD 77,2025-11-04_22:12:01.642387
ED    9,0.00%,YES,&nbsp,337,AD 77,2025-11-04_22:12:01.642387
ED    9,0.00%,NO,&nbsp,85,AD 77,2025-11-04_22:12:01.642387
ED   10,0.00%,YES,&nbsp,272,AD 77,2025-11-04_22:12:01.642387
ED   10,0.00%,NO,&nbsp,67,AD 77,2025-11-04_22:12:01.642387
ED   11,0.00%,YES,&nbsp,24,AD 77,2025-11-04_22:12:01.642387
ED   11,0.00%,NO,&nbsp,10,AD 77,2025-11-04_22:12:01.642387
ED   12,0.00%,YES,&nbsp,30,AD 77,2025-11-04_22:12:01.642387
ED   12,0.00%,NO,&nbsp,11,AD 77,2025-11-04_22:12:01.642387
ED   13,0.00%,YES,&nbsp,296,AD 77,2025-11-04_22:12:01.642387
ED   13,0.00%,NO,&nbsp,86,AD 77,2025-11-04_22:12:01.642387
ED   14,0.00%,YES,&nbsp,233,AD 77,2025-11-04_22:12:01.642387
ED   14,0.00%,NO,&nbsp,58,AD 77,2025-11-04_22:12:01.642387
ED   15,0.00%,YES,&nbsp,25,AD 77,2025-11-04_22:12:01.642387
ED   15,0.00%,NO,&nbsp,11,AD 77,2025-11-04_22:12:01.642387
ED   16,0.00%,YES,&nbsp,58,AD 77,2025-11-04_22:12:01.642387
ED   16,0.00%,NO,&nbsp,15,AD 77,2025-11-04_22:12:01.642387
ED   17,0.00%,YES,&nbsp,203,AD 77,2025-11-04_22:12:01.642387
ED   17,0.00%,NO,&nbsp,24,AD 77,2025-11-04_22:12:01.642387
ED   18,0.00%,YES,&nbsp,185,AD 77,2025-11-04_22:12:01.642387
ED   18,0.00%,NO,&nbsp,40,AD 77,2025-11-04_22:12:01.642387
ED   19,0.00%,YES,&nbsp,212,AD 77,2025-11-04_22:12:01.642387
ED   19,0.00%,NO,&nbsp,62,AD 77,2025-11-04_22:12:01.642387
ED   20,0.00%,YES,&nbsp,86,AD 77,2025-11-04_22:12:01.642387
ED   20,0.00%,NO,&nbsp,20,AD 77,2025-11-04_22:12:01.642387
ED   21,0.00%,YES,&nbsp,194,AD 77,2025-11-04_22:12:01.642387
ED   21,0.00%,NO,&nbsp,37,AD 77,2025-11-04_22:12:01.642387
ED   22,0.00%,YES,&nbsp,12,AD 77,2025-11-04_22:12:01.642387
ED   22,0.00%,NO,&nbsp,3,AD 77,2025-11-04_22:12:01.642387
ED   23,0.00%,YES,&nbsp,41,AD 77,2025-11-04_22:12:01.642387
ED   23,0.00%,NO,&nbsp,9,AD 77,2025-11-04_22:12:01.642387
ED   24,0.00%,YES,&nbsp,220,AD 77,2025-11-04_22:12:01.642387
ED   24,0.00%,NO,&nbsp,60,AD 77,2025-11-04_22:12:01.642387
ED   25,0.00%,YES,&nbsp,130,AD 77,2025-11-04_22:12:01.642387
ED   25,0.00%,NO,&nbsp,25,AD 77,2025-11-04_22:12:01.642387
ED   26,0.00%,YES,&nbsp,202,AD 77,2025-11-04_22:12:01.642387
ED   26,0.00%,NO,&nbsp,42,AD 77,2025-11-04_22:12:01.642387
ED   27,0.00%,YES,&nbsp,187,AD 77,2025-11-04_22:12:01.642387
ED   27,0.00%,NO,&nbsp,57,AD 77,2025-11-04_22:12:01.642387
ED   28,0.00%,YES,&nbsp,153,AD 77,2025-11-04_22:12:01.642387
ED   28,0.00%,NO,&nbsp,55,AD 77,2025-11-04_22:12:01.642387
ED   29,0.00%,YES,&nbsp,70,AD 77,2025-11-04_22:12:01.642387
ED   29,0.00%,NO,&nbsp,19,AD 77,2025-11-04_22:12:01.642387
ED   30,0.00%,YES,&nbsp,86,AD 77,2025-11-04_22:12:01.642387
ED   30,0.00%,NO,&nbsp,17,AD 77,2025-11-04_22:12:01.642387
ED   31,0.00%,YES,&nbsp,170,AD 77,2025-11-04_22:12:01.642387
ED   31,0.00%,NO,&nbsp,37,AD 77,2025-11-04_22:12:01.642387
ED   32,0.00%,YES,&nbsp,206,AD 77,2025-11-04_22:12:01.642387
ED   32,0.00%,NO,&nbsp,58,AD 77,2025-11-04_22:12:01.642387
ED   33,0.00%,YES,&nbsp,97,AD 77,2025-11-04_22:12:01.642387
ED   33,0.00%,NO,&nbsp,29,AD 77,2025-11-04_22:12:01.642387
ED   34,0.00%,YES,&nbsp,201,AD 77,2025-11-04_22:12:01.642387
ED   34,0.00%,NO,&nbsp,85,AD 77,2025-11-04_22:12:01.642387
ED   35,0.00%,YES,&nbsp,186,AD 77,2025-11-04_22:12:01.642387
ED   35,0.00%,NO,&nbsp,36,AD 77,2025-11-04_22:12:01.642387
ED   36,0.00%,YES,&nbsp,161,AD 77,2025-11-04_22:12:01.642387
ED   36,0.00%,NO,&nbsp,28,AD 77,2025-11-04_22:12:01.642387
ED   37,0.00%,YES,&nbsp,216,AD 77,2025-11-04_22:12:01.642387
ED   37,0.00%,NO,&nbsp,72,AD 77,2025-11-04_22:12:01.642387
ED   38,0.00%,YES,&nbsp,89,AD 77,2025-11-04_22:12:01.642387
ED   38,0.00%,NO,&nbsp,21,AD 77,2025-11-04_22:12:01.642387
ED   39,0.00%,YES,&nbsp,221,AD 77,2025-11-04_22:12:01.642387
ED   39,0.00%,NO,&nbsp,53,AD 77,2025-11-04_22:12:01.642387
ED   40,0.00%,YES,&nbsp,216,AD 77,2025-11-04_22:12:01.642387
ED   40,0.00%,NO,&nbsp,75,AD 77,2025-11-04_22:12:01.642387
ED   41,0.00%,YES,&nbsp,149,AD 77,2025-11-04_22:12:01.642387
ED   41,0.00%,NO,&nbsp,66,AD 77,2025-11-04_22:12:01.642387
ED   42,0.00%,YES,&nbsp,159,AD 77,2025-11-04_22:12:01.642387
ED   42,0.00%,NO,&nbsp,44,AD 77,2025-11-04_22:12:01.642387
ED   43,0.00%,YES,&nbsp,150,AD 77,2025-11-04_22:12:01.642387
ED   43,0.00%,NO,&nbsp,41,AD 77,2025-11-04_22:12:01.642387
ED   44,0.00%,YES,&nbsp,245,AD 77,2025-11-04_22:12:01.642387
ED   44,0.00%,NO,&nbsp,60,AD 77,2025-11-04_22:12:01.642387
ED   45,0.00%,YES,&nbsp,84,AD 77,2025-11-04_22:12:01.642387
ED   45,0.00%,NO,&nbsp,17,AD 77,2025-11-04_22:12:01.642387
ED   46,0.00%,YES,&nbsp,316,AD 77,2025-11-04_22:12:01.642387
ED   46,0.00%,NO,&nbsp,74,AD 77,2025-11-04_22:12:01.642387
ED   47,0.00%,YES,&nbsp,305,AD 77,2025-11-04_22:12:01.642387
ED   47,0.00%,NO,&nbsp,111,AD 77,2025-11-04_22:12:01.642387
ED   48,0.00%,YES,&nbsp,182,AD 77,2025-11-04_22:12:01.642387
ED   48,0.00%,NO,&nbsp,54,AD 77,2025-11-04_22:12:01.642387
ED   49,0.00%,YES,&nbsp,288,AD 77,2025-11-04_22:12:01.642387
ED   49,0.00%,NO,&nbsp,137,AD 77,2025-11-04_22:12:01.642387
ED   50,0.00%,YES,&nbsp,258,AD 77,2025-11-04_22:12:01.642387
ED   50,0.00%,NO,&nbsp,57,AD 77,2025-11-04_22:12:01.642387
ED   51,0.00%,YES,&nbsp,162,AD 77,2025-11-04_22:12:01.642387
ED   51,0.00%,NO,&nbsp,71,AD 77,2025-11-04_22:12:01.642387
ED   52,0.00%,YES,&nbsp,260,AD 77,2025-11-04_22:12:01.642387
ED   52,0.00%,NO,&nbsp,54,AD 77,2025-11-04_22:12:01.642387
ED   53,0.00%,YES,&nbsp,211,AD 77,2025-11-04_22:12:01.642387
ED   53,0.00%,NO,&nbsp,59,AD 77,2025-11-04_22:12:01.642387
ED   54,0.00%,YES,&nbsp,-,AD 77,2025-11-04_22:12:01.642387
ED   54,0.00%,NO,&nbsp,-,AD 77,2025-11-04_22:12:01.642387
ED   55,0.00%,YES,&nbsp,-,AD 77,2025-11-04_22:12:01.642387
ED   55,0.00%,NO,&nbsp,-,AD 77,2025-11-04_22:12:01.642387
ED   56,0.00%,YES,&nbsp,-,AD 77,2025-11-04_22:12:01.642387
ED   56,0.00%,NO,&nbsp,-,AD 77,2025-11-04_22:12:01.642387
ED   57,0.00%,YES,&nbsp,-,AD 77,2025-11-04_22:12:01.642387
ED   57,0.00%,NO,&nbsp,-,AD 77,2025-11-04_22:12:01.642387
ED   58,0.00%,YES,&nbsp,-,AD 77,2025-11-04_22:12:01.642387
ED   58,0.00%,NO,&nbsp,-,AD 77,2025-11-04_22:12:01.642387
ED   59,0.00%,YES,&nbsp,-,AD 77,2025-11-04_22:12:01.642387
ED   59,0.00%,NO,&nbsp,-,AD 77,2025-11-04_22:12:01.642387
Total,,YES,&nbsp,8977,AD 77,2025-11-04_22:12:01.642387
Total,,NO,&nbsp,2461,AD 77,2025-11-04_22:12:01.642387
ED    1,0.00%,YES,&nbsp,126,AD 78,2025-11-04_22:12:01.642387
ED    1,0.00%,NO,&nbsp,40,AD 78,2025-11-04_22:12:01.642387
ED    2,0.00%,YES,&nbsp,192,AD 78,2025-11-04_22:12:01.642387
ED    2,0.00%,NO,&nbsp,56,AD 78,2025-11-04_22:12:01.642387
ED    3,0.00%,YES,&nbsp,193,AD 78,2025-11-04_22:12:01.642387
ED    3,0.00%,NO,&nbsp,61,AD 78,2025-11-04_22:12:01.642387
ED    4,0.00%,YES,&nbsp,181,AD 78,2025-11-04_22:12:01.642387
ED    4,0.00%,NO,&nbsp,51,AD 78,2025-11-04_22:12:01.642387
ED    5,0.00%,YES,&nbsp,140,AD 78,2025-11-04_22:12:01.642387
ED    5,0.00%,NO,&nbsp,51,AD 78,2025-11-04_22:12:01.642387
ED    6,0.00%,YES,&nbsp,140,AD 78,2025-11-04_22:12:01.642387
ED    6,0.00%,NO,&nbsp,52,AD 78,2025-11-04_22:12:01.642387
ED    7,0.00%,YES,&nbsp,215,AD 78,2025-11-04_22:12:01.642387
ED    7,0.00%,NO,&nbsp,73,AD 78,2025-11-04_22:12:01.642387
ED    8,0.00%,YES,&nbsp,159,AD 78,2025-11-04_22:12:01.642387
ED    8,0.00%,NO,&nbsp,87,AD 78,2025-11-04_22:12:01.642387
ED    9,0.00%,YES,&nbsp,178,AD 78,2025-11-04_22:12:01.642387
ED    9,0.00%,NO,&nbsp,86,AD 78,2025-11-04_22:12:01.642387
ED   10,0.00%,YES,&nbsp,269,AD 78,2025-11-04_22:12:01.642387
ED   10,0.00%,NO,&nbsp,87,AD 78,2025-11-04_22:12:01.642387
ED   11,0.00%,YES,&nbsp,225,AD 78,2025-11-04_22:12:01.642387
ED   11,0.00%,NO,&nbsp,67,AD 78,2025-11-04_22:12:01.642387
ED   12,0.00%,YES,&nbsp,162,AD 78,2025-11-04_22:12:01.642387
ED   12,0.00%,NO,&nbsp,65,AD 78,2025-11-04_22:12:01.642387
ED   13,0.00%,YES,&nbsp,141,AD 78,2025-11-04_22:12:01.642387
ED   13,0.00%,NO,&nbsp,34,AD 78,2025-11-04_22:12:01.642387
ED   14,0.00%,YES,&nbsp,211,AD 78,2025-11-04_22:12:01.642387
ED   14,0.00%,NO,&nbsp,56,AD 78,2025-11-04_22:12:01.642387
ED   15,0.00%,YES,&nbsp,41,AD 78,2025-11-04_22:12:01.642387
ED   15,0.00%,NO,&nbsp,6,AD 78,2025-11-04_22:12:01.642387
ED   16,0.00%,YES,&nbsp,144,AD 78,2025-11-04_22:12:01.642387
ED   16,0.00%,NO,&nbsp,34,AD 78,2025-11-04_22:12:01.642387
ED   17,0.00%,YES,&nbsp,224,AD 78,2025-11-04_22:12:01.642387
ED   17,0.00%,NO,&nbsp,64,AD 78,2025-11-04_22:12:01.642387
ED   18,0.00%,YES,&nbsp,225,AD 78,2025-11-04_22:12:01.642387
ED   18,0.00%,NO,&nbsp,61,AD 78,2025-11-04_22:12:01.642387
ED   19,0.00%,YES,&nbsp,206,AD 78,2025-11-04_22:12:01.642387
ED   19,0.00%,NO,&nbsp,51,AD 78,2025-11-04_22:12:01.642387
ED   20,0.00%,YES,&nbsp,267,AD 78,2025-11-04_22:12:01.642387
ED   20,0.00%,NO,&nbsp,72,AD 78,2025-11-04_22:12:01.642387
ED   21,0.00%,YES,&nbsp,170,AD 78,2025-11-04_22:12:01.642387
ED   21,0.00%,NO,&nbsp,46,AD 78,2025-11-04_22:12:01.642387
ED   22,0.00%,YES,&nbsp,231,AD 78,2025-11-04_22:12:01.642387
ED   22,0.00%,NO,&nbsp,86,AD 78,2025-11-04_22:12:01.642387
ED   23,0.00%,YES,&nbsp,236,AD 78,2025-11-04_22:12:01.642387
ED   23,0.00%,NO,&nbsp,99,AD 78,2025-11-04_22:12:01.642387
ED   24,0.00%,YES,&nbsp,25,AD 78,2025-11-04_22:12:01.642387
ED   24,0.00%,NO,&nbsp,10,AD 78,2025-11-04_22:12:01.642387
ED   25,0.00%,YES,&nbsp,100,AD 78,2025-11-04_22:12:01.642387
ED   25,0.00%,NO,&nbsp,64,AD 78,2025-11-04_22:12:01.642387
ED   26,0.00%,YES,&nbsp,180,AD 78,2025-11-04_22:12:01.642387
ED   26,0.00%,NO,&nbsp,73,AD 78,2025-11-04_22:12:01.642387
ED   27,0.00%,YES,&nbsp,244,AD 78,2025-11-04_22:12:01.642387
ED   27,0.00%,NO,&nbsp,138,AD 78,2025-11-04_22:12:01.642387
ED   28,0.00%,YES,&nbsp,331,AD 78,2025-11-04_22:12:01.642387
ED   28,0.00%,NO,&nbsp,148,AD 78,2025-11-04_22:12:01.642387
ED   29,0.00%,YES,&nbsp,173,AD 78,2025-11-04_22:12:01.642387
ED   29,0.00%,NO,&nbsp,73,AD 78,2025-11-04_22:12:01.642387
ED   30,0.00%,YES,&nbsp,230,AD 78,2025-11-04_22:12:01.642387
ED   30,0.00%,NO,&nbsp,138,AD 78,2025-11-04_22:12:01.642387
ED   31,0.00%,YES,&nbsp,123,AD 78,2025-11-04_22:12:01.642387
ED   31,0.00%,NO,&nbsp,57,AD 78,2025-11-04_22:12:01.642387
ED   32,0.00%,YES,&nbsp,472,AD 78,2025-11-04_22:12:01.642387
ED   32,0.00%,NO,&nbsp,169,AD 78,2025-11-04_22:12:01.642387
ED   33,0.00%,YES,&nbsp,87,AD 78,2025-11-04_22:12:01.642387
ED   33,0.00%,NO,&nbsp,29,AD 78,2025-11-04_22:12:01.642387
ED   34,0.00%,YES,&nbsp,46,AD 78,2025-11-04_22:12:01.642387
ED   34,0.00%,NO,&nbsp,13,AD 78,2025-11-04_22:12:01.642387
ED   35,0.00%,YES,&nbsp,83,AD 78,2025-11-04_22:12:01.642387
ED   35,0.00%,NO,&nbsp,28,AD 78,2025-11-04_22:12:01.642387
ED   36,0.00%,YES,&nbsp,138,AD 78,2025-11-04_22:12:01.642387
ED   36,0.00%,NO,&nbsp,47,AD 78,2025-11-04_22:12:01.642387
ED   37,0.00%,YES,&nbsp,226,AD 78,2025-11-04_22:12:01.642387
ED   37,0.00%,NO,&nbsp,52,AD 78,2025-11-04_22:12:01.642387
ED   38,0.00%,YES,&nbsp,36,AD 78,2025-11-04_22:12:01.642387
ED   38,0.00%,NO,&nbsp,13,AD 78,2025-11-04_22:12:01.642387
ED   39,0.00%,YES,&nbsp,177,AD 78,2025-11-04_22:12:01.642387
ED   39,0.00%,NO,&nbsp,70,AD 78,2025-11-04_22:12:01.642387
ED   40,0.00%,YES,&nbsp,160,AD 78,2025-11-04_22:12:01.642387
ED   40,0.00%,NO,&nbsp,70,AD 78,2025-11-04_22:12:01.642387
ED   41,0.00%,YES,&nbsp,190,AD 78,2025-11-04_22:12:01.642387
ED   41,0.00%,NO,&nbsp,66,AD 78,2025-11-04_22:12:01.642387
ED   42,0.00%,YES,&nbsp,224,AD 78,2025-11-04_22:12:01.642387
ED   42,0.00%,NO,&nbsp,71,AD 78,2025-11-04_22:12:01.642387
ED   43,0.00%,YES,&nbsp,257,AD 78,2025-11-04_22:12:01.642387
ED   43,0.00%,NO,&nbsp,83,AD 78,2025-11-04_22:12:01.642387
ED   44,0.00%,YES,&nbsp,271,AD 78,2025-11-04_22:12:01.642387
ED   44,0.00%,NO,&nbsp,85,AD 78,2025-11-04_22:12:01.642387
ED   45,0.00%,YES,&nbsp,199,AD 78,2025-11-04_22:12:01.642387
ED   45,0.00%,NO,&nbsp,84,AD 78,2025-11-04_22:12:01.642387
ED   46,0.00%,YES,&nbsp,170,AD 78,2025-11-04_22:12:01.642387
ED   46,0.00%,NO,&nbsp,45,AD 78,2025-11-04_22:12:01.642387
ED   47,0.00%,YES,&nbsp,178,AD 78,2025-11-04_22:12:01.642387
ED   47,0.00%,NO,&nbsp,61,AD 78,2025-11-04_22:12:01.642387
ED   48,0.00%,YES,&nbsp,-,AD 78,2025-11-04_22:12:01.642387
ED   48,0.00%,NO,&nbsp,-,AD 78,2025-11-04_22:12:01.642387
ED   49,0.00%,YES,&nbsp,124,AD 78,2025-11-04_22:12:01.642387
ED   49,0.00%,NO,&nbsp,79,AD 78,2025-11-04_22:12:01.642387
ED   50,0.00%,YES,&nbsp,-,AD 78,2025-11-04_22:12:01.642387
ED   50,0.00%,NO,&nbsp,-,AD 78,2025-11-04_22:12:01.642387
ED   51,0.00%,YES,&nbsp,-,AD 78,2025-11-04_22:12:01.642387
ED   51,0.00%,NO,&nbsp,-,AD 78,2025-11-04_22:12:01.642387
ED   52,0.00%,YES,&nbsp,-,AD 78,2025-11-04_22:12:01.642387
ED   52,0.00%,NO,&nbsp,-,AD 78,2025-11-04_22:12:01.642387
ED   53,0.00%,YES,&nbsp,-,AD 78,2025-11-04_22:12:01.642387
ED   53,0.00%,NO,&nbsp,-,AD 78,2025-11-04_22:12:01.642387
Total,,YES,&nbsp,8720,AD 78,2025-11-04_22:12:01.642387
Total,,NO,&nbsp,3151,AD 78,2025-11-04_22:12:01.642387
ED    1,0.00%,YES,&nbsp,173,AD 79,2025-11-04_22:12:01.642387
ED    1,0.00%,NO,&nbsp,44,AD 79,2025-11-04_22:12:01.642387
ED    2,0.00%,YES,&nbsp,27,AD 79,2025-11-04_22:12:01.642387
ED    2,0.00%,NO,&nbsp,9,AD 79,2025-11-04_22:12:01.642387
ED    3,0.00%,YES,&nbsp,153,AD 79,2025-11-04_22:12:01.642387
ED    3,0.00%,NO,&nbsp,55,AD 79,2025-11-04_22:12:01.642387
ED    4,0.00%,YES,&nbsp,151,AD 79,2025-11-04_22:12:01.642387
ED    4,0.00%,NO,&nbsp,24,AD 79,2025-11-04_22:12:01.642387
ED    5,0.00%,YES,&nbsp,127,AD 79,2025-11-04_22:12:01.642387
ED    5,0.00%,NO,&nbsp,33,AD 79,2025-11-04_22:12:01.642387
ED    6,0.00%,YES,&nbsp,111,AD 79,2025-11-04_22:12:01.642387
ED    6,0.00%,NO,&nbsp,43,AD 79,2025-11-04_22:12:01.642387
ED    7,0.00%,YES,&nbsp,132,AD 79,2025-11-04_22:12:01.642387
ED    7,0.00%,NO,&nbsp,38,AD 79,2025-11-04_22:12:01.642387
ED    8,0.00%,YES,&nbsp,131,AD 79,2025-11-04_22:12:01.642387
ED    8,0.00%,NO,&nbsp,26,AD 79,2025-11-04_22:12:01.642387
ED    9,0.00%,YES,&nbsp,59,AD 79,2025-11-04_22:12:01.642387
ED    9,0.00%,NO,&nbsp,27,AD 79,2025-11-04_22:12:01.642387
ED   10,0.00%,YES,&nbsp,166,AD 79,2025-11-04_22:12:01.642387
ED   10,0.00%,NO,&nbsp,44,AD 79,2025-11-04_22:12:01.642387
ED   11,0.00%,YES,&nbsp,150,AD 79,2025-11-04_22:12:01.642387
ED   11,0.00%,NO,&nbsp,43,AD 79,2025-11-04_22:12:01.642387
ED   12,0.00%,YES,&nbsp,230,AD 79,2025-11-04_22:12:01.642387
ED   12,0.00%,NO,&nbsp,45,AD 79,2025-11-04_22:12:01.642387
ED   13,0.00%,YES,&nbsp,169,AD 79,2025-11-04_22:12:01.642387
ED   13,0.00%,NO,&nbsp,62,AD 79,2025-11-04_22:12:01.642387
ED   14,0.00%,YES,&nbsp,151,AD 79,2025-11-04_22:12:01.642387
ED   14,0.00%,NO,&nbsp,50,AD 79,2025-11-04_22:12:01.642387
ED   15,0.00%,YES,&nbsp,236,AD 79,2025-11-04_22:12:01.642387
ED   15,0.00%,NO,&nbsp,52,AD 79,2025-11-04_22:12:01.642387
ED   16,0.00%,YES,&nbsp,20,AD 79,2025-11-04_22:12:01.642387
ED   16,0.00%,NO,&nbsp,6,AD 79,2025-11-04_22:12:01.642387
ED   17,0.00%,YES,&nbsp,213,AD 79,2025-11-04_22:12:01.642387
ED   17,0.00%,NO,&nbsp,39,AD 79,2025-11-04_22:12:01.642387
ED   18,0.00%,YES,&nbsp,171,AD 79,2025-11-04_22:12:01.642387
ED   18,0.00%,NO,&nbsp,36,AD 79,2025-11-04_22:12:01.642387
ED   19,0.00%,YES,&nbsp,94,AD 79,2025-11-04_22:12:01.642387
ED   19,0.00%,NO,&nbsp,25,AD 79,2025-11-04_22:12:01.642387
ED   20,0.00%,YES,&nbsp,234,AD 79,2025-11-04_22:12:01.642387
ED   20,0.00%,NO,&nbsp,48,AD 79,2025-11-04_22:12:01.642387
ED   21,0.00%,YES,&nbsp,150,AD 79,2025-11-04_22:12:01.642387
ED   21,0.00%,NO,&nbsp,40,AD 79,2025-11-04_22:12:01.642387
ED   22,0.00%,YES,&nbsp,224,AD 79,2025-11-04_22:12:01.642387
ED   22,0.00%,NO,&nbsp,55,AD 79,2025-11-04_22:12:01.642387
ED   23,0.00%,YES,&nbsp,237,AD 79,2025-11-04_22:12:01.642387
ED   23,0.00%,NO,&nbsp,56,AD 79,2025-11-04_22:12:01.642387
ED   24,0.00%,YES,&nbsp,162,AD 79,2025-11-04_22:12:01.642387
ED   24,0.00%,NO,&nbsp,52,AD 79,2025-11-04_22:12:01.642387
ED   25,0.00%,YES,&nbsp,89,AD 79,2025-11-04_22:12:01.642387
ED   25,0.00%,NO,&nbsp,12,AD 79,2025-11-04_22:12:01.642387
ED   26,0.00%,YES,&nbsp,106,AD 79,2025-11-04_22:12:01.642387
ED   26,0.00%,NO,&nbsp,37,AD 79,2025-11-04_22:12:01.642387
ED   27,0.00%,YES,&nbsp,248,AD 79,2025-11-04_22:12:01.642387
ED   27,0.00%,NO,&nbsp,57,AD 79,2025-11-04_22:12:01.642387
ED   28,0.00%,YES,&nbsp,286,AD 79,2025-11-04_22:12:01.642387
ED   28,0.00%,NO,&nbsp,75,AD 79,2025-11-04_22:12:01.642387
ED   29,0.00%,YES,&nbsp,266,AD 79,2025-11-04_22:12:01.642387
ED   29,0.00%,NO,&nbsp,69,AD 79,2025-11-04_22:12:01.642387
ED   30,0.00%,YES,&nbsp,28,AD 79,2025-11-04_22:12:01.642387
ED   30,0.00%,NO,&nbsp,15,AD 79,2025-11-04_22:12:01.642387
ED   31,0.00%,YES,&nbsp,139,AD 79,2025-11-04_22:12:01.642387
ED   31,0.00%,NO,&nbsp,34,AD 79,2025-11-04_22:12:01.642387
ED   32,0.00%,YES,&nbsp,212,AD 79,2025-11-04_22:12:01.642387
ED   32,0.00%,NO,&nbsp,71,AD 79,2025-11-04_22:12:01.642387
ED   33,0.00%,YES,&nbsp,145,AD 79,2025-11-04_22:12:01.642387
ED   33,0.00%,NO,&nbsp,33,AD 79,2025-11-04_22:12:01.642387
ED   34,0.00%,YES,&nbsp,43,AD 79,2025-11-04_22:12:01.642387
ED   34,0.00%,NO,&nbsp,15,AD 79,2025-11-04_22:12:01.642387
ED   35,0.00%,YES,&nbsp,251,AD 79,2025-11-04_22:12:01.642387
ED   35,0.00%,NO,&nbsp,46,AD 79,2025-11-04_22:12:01.642387
ED   36,0.00%,YES,&nbsp,172,AD 79,2025-11-04_22:12:01.642387
ED   36,0.00%,NO,&nbsp,38,AD 79,2025-11-04_22:12:01.642387
ED   37,0.00%,YES,&nbsp,36,AD 79,2025-11-04_22:12:01.642387
ED   37,0.00%,NO,&nbsp,7,AD 79,2025-11-04_22:12:01.642387
ED   38,0.00%,YES,&nbsp,166,AD 79,2025-11-04_22:12:01.642387
ED   38,0.00%,NO,&nbsp,28,AD 79,2025-11-04_22:12:01.642387
ED   39,0.00%,YES,&nbsp,158,AD 79,2025-11-04_22:12:01.642387
ED   39,0.00%,NO,&nbsp,38,AD 79,2025-11-04_22:12:01.642387
ED   40,0.00%,YES,&nbsp,293,AD 79,2025-11-04_22:12:01.642387
ED   40,0.00%,NO,&nbsp,66,AD 79,2025-11-04_22:12:01.642387
ED   41,0.00%,YES,&nbsp,228,AD 79,2025-11-04_22:12:01.642387
ED   41,0.00%,NO,&nbsp,42,AD 79,2025-11-04_22:12:01.642387
ED   42,0.00%,YES,&nbsp,202,AD 79,2025-11-04_22:12:01.642387
ED   42,0.00%,NO,&nbsp,60,AD 79,2025-11-04_22:12:01.642387
ED   43,0.00%,YES,&nbsp,278,AD 79,2025-11-04_22:12:01.642387
ED   43,0.00%,NO,&nbsp,81,AD 79,2025-11-04_22:12:01.642387
ED   44,0.00%,YES,&nbsp,171,AD 79,2025-11-04_22:12:01.642387
ED   44,0.00%,NO,&nbsp,63,AD 79,2025-11-04_22:12:01.642387
ED   45,0.00%,YES,&nbsp,220,AD 79,2025-11-04_22:12:01.642387
ED   45,0.00%,NO,&nbsp,84,AD 79,2025-11-04_22:12:01.642387
ED   46,0.00%,YES,&nbsp,258,AD 79,2025-11-04_22:12:01.642387
ED   46,0.00%,NO,&nbsp,106,AD 79,2025-11-04_22:12:01.642387
ED   47,0.00%,YES,&nbsp,295,AD 79,2025-11-04_22:12:01.642387
ED   47,0.00%,NO,&nbsp,84,AD 79,2025-11-04_22:12:01.642387
ED   48,0.00%,YES,&nbsp,33,AD 79,2025-11-04_22:12:01.642387
ED   48,0.00%,NO,&nbsp,3,AD 79,2025-11-04_22:12:01.642387
ED   49,0.00%,YES,&nbsp,160,AD 79,2025-11-04_22:12:01.642387
ED   49,0.00%,NO,&nbsp,51,AD 79,2025-11-04_22:12:01.642387
ED   50,0.00%,YES,&nbsp,202,AD 79,2025-11-04_22:12:01.642387
ED   50,0.00%,NO,&nbsp,55,AD 79,2025-11-04_22:12:01.642387
ED   51,0.00%,YES,&nbsp,223,AD 79,2025-11-04_22:12:01.642387
ED   51,0.00%,NO,&nbsp,46,AD 79,2025-11-04_22:12:01.642387
ED   52,0.00%,YES,&nbsp,260,AD 79,2025-11-04_22:12:01.642387
ED   52,0.00%,NO,&nbsp,42,AD 79,2025-11-04_22:12:01.642387
ED   53,0.00%,YES,&nbsp,119,AD 79,2025-11-04_22:12:01.642387
ED   53,0.00%,NO,&nbsp,29,AD 79,2025-11-04_22:12:01.642387
ED   54,0.00%,YES,&nbsp,328,AD 79,2025-11-04_22:12:01.642387
ED   54,0.00%,NO,&nbsp,99,AD 79,2025-11-04_22:12:01.642387
ED   55,0.00%,YES,&nbsp,411,AD 79,2025-11-04_22:12:01.642387
ED   55,0.00%,NO,&nbsp,159,AD 79,2025-11-04_22:12:01.642387
ED   56,0.00%,YES,&nbsp,242,AD 79,2025-11-04_22:12:01.642387
ED   56,0.00%,NO,&nbsp,70,AD 79,2025-11-04_22:12:01.642387
ED   57,0.00%,YES,&nbsp,77,AD 79,2025-11-04_22:12:01.642387
ED   57,0.00%,NO,&nbsp,28,AD 79,2025-11-04_22:12:01.642387
Total,,YES,&nbsp,10016,AD 79,2025-11-04_22:12:01.642387
Total,,NO,&nbsp,2695,AD 79,2025-11-04_22:12:01.642387
ED    1,0.00%,YES,&nbsp,187,AD 80,2025-11-04_22:12:01.642387
ED    1,0.00%,NO,&nbsp,51,AD 80,2025-11-04_22:12:01.642387
ED    2,0.00%,YES,&nbsp,181,AD 80,2025-11-04_22:12:01.642387
ED    2,0.00%,NO,&nbsp,62,AD 80,2025-11-04_22:12:01.642387
ED    3,0.00%,YES,&nbsp,160,AD 80,2025-11-04_22:12:01.642387
ED    3,0.00%,NO,&nbsp,45,AD 80,2025-11-04_22:12:01.642387
ED    4,0.00%,YES,&nbsp,133,AD 80,2025-11-04_22:12:01.642387
ED    4,0.00%,NO,&nbsp,150,AD 80,2025-11-04_22:12:01.642387
ED    5,0.00%,YES,&nbsp,237,AD 80,2025-11-04_22:12:01.642387
ED    5,0.00%,NO,&nbsp,101,AD 80,2025-11-04_22:12:01.642387
ED    6,0.00%,YES,&nbsp,280,AD 80,2025-11-04_22:12:01.642387
ED    6,0.00%,NO,&nbsp,174,AD 80,2025-11-04_22:12:01.642387
ED    7,0.00%,YES,&nbsp,166,AD 80,2025-11-04_22:12:01.642387
ED    7,0.00%,NO,&nbsp,189,AD 80,2025-11-04_22:12:01.642387
ED    8,0.00%,YES,&nbsp,293,AD 80,2025-11-04_22:12:01.642387
ED    8,0.00%,NO,&nbsp,121,AD 80,2025-11-04_22:12:01.642387
ED    9,0.00%,YES,&nbsp,204,AD 80,2025-11-04_22:12:01.642387
ED    9,0.00%,NO,&nbsp,100,AD 80,2025-11-04_22:12:01.642387
ED   10,0.00%,YES,&nbsp,222,AD 80,2025-11-04_22:12:01.642387
ED   10,0.00%,NO,&nbsp,142,AD 80,2025-11-04_22:12:01.642387
ED   11,0.00%,YES,&nbsp,221,AD 80,2025-11-04_22:12:01.642387
ED   11,0.00%,NO,&nbsp,134,AD 80,2025-11-04_22:12:01.642387
ED   12,0.00%,YES,&nbsp,272,AD 80,2025-11-04_22:12:01.642387
ED   12,0.00%,NO,&nbsp,125,AD 80,2025-11-04_22:12:01.642387
ED   13,0.00%,YES,&nbsp,300,AD 80,2025-11-04_22:12:01.642387
ED   13,0.00%,NO,&nbsp,140,AD 80,2025-11-04_22:12:01.642387
ED   14,0.00%,YES,&nbsp,295,AD 80,2025-11-04_22:12:01.642387
ED   14,0.00%,NO,&nbsp,119,AD 80,2025-11-04_22:12:01.642387
ED   15,0.00%,YES,&nbsp,239,AD 80,2025-11-04_22:12:01.642387
ED   15,0.00%,NO,&nbsp,112,AD 80,2025-11-04_22:12:01.642387
ED   16,0.00%,YES,&nbsp,202,AD 80,2025-11-04_22:12:01.642387
ED   16,0.00%,NO,&nbsp,99,AD 80,2025-11-04_22:12:01.642387
ED   17,0.00%,YES,&nbsp,256,AD 80,2025-11-04_22:12:01.642387
ED   17,0.00%,NO,&nbsp,106,AD 80,2025-11-04_22:12:01.642387
ED   18,0.00%,YES,&nbsp,194,AD 80,2025-11-04_22:12:01.642387
ED   18,0.00%,NO,&nbsp,163,AD 80,2025-11-04_22:12:01.642387
ED   19,0.00%,YES,&nbsp,169,AD 80,2025-11-04_22:12:01.642387
ED   19,0.00%,NO,&nbsp,166,AD 80,2025-11-04_22:12:01.642387
ED   20,0.00%,YES,&nbsp,223,AD 80,2025-11-04_22:12:01.642387
ED   20,0.00%,NO,&nbsp,407,AD 80,2025-11-04_22:12:01.642387
ED   21,0.00%,YES,&nbsp,324,AD 80,2025-11-04_22:12:01.642387
ED   21,0.00%,NO,&nbsp,223,AD 80,2025-11-04_22:12:01.642387
ED   22,0.00%,YES,&nbsp,149,AD 80,2025-11-04_22:12:01.642387
ED   22,0.00%,NO,&nbsp,70,AD 80,2025-11-04_22:12:01.642387
ED   23,0.00%,YES,&nbsp,249,AD 80,2025-11-04_22:12:01.642387
ED   23,0.00%,NO,&nbsp,322,AD 80,2025-11-04_22:12:01.642387
ED   24,0.00%,YES,&nbsp,215,AD 80,2025-11-04_22:12:01.642387
ED   24,0.00%,NO,&nbsp,205,AD 80,2025-11-04_22:12:01.642387
ED   25,0.00%,YES,&nbsp,145,AD 80,2025-11-04_22:12:01.642387
ED   25,0.00%,NO,&nbsp,70,AD 80,2025-11-04_22:12:01.642387
ED   26,0.00%,YES,&nbsp,292,AD 80,2025-11-04_22:12:01.642387
ED   26,0.00%,NO,&nbsp,184,AD 80,2025-11-04_22:12:01.642387
ED   27,0.00%,YES,&nbsp,75,AD 80,2025-11-04_22:12:01.642387
ED   27,0.00%,NO,&nbsp,42,AD 80,2025-11-04_22:12:01.642387
ED   28,0.00%,YES,&nbsp,49,AD 80,2025-11-04_22:12:01.642387
ED   28,0.00%,NO,&nbsp,23,AD 80,2025-11-04_22:12:01.642387
ED   29,0.00%,YES,&nbsp,265,AD 80,2025-11-04_22:12:01.642387
ED   29,0.00%,NO,&nbsp,155,AD 80,2025-11-04_22:12:01.642387
ED   30,0.00%,YES,&nbsp,256,AD 80,2025-11-04_22:12:01.642387
ED   30,0.00%,NO,&nbsp,135,AD 80,2025-11-04_22:12:01.642387
ED   31,0.00%,YES,&nbsp,265,AD 80,2025-11-04_22:12:01.642387
ED   31,0.00%,NO,&nbsp,76,AD 80,2025-11-04_22:12:01.642387
ED   32,0.00%,YES,&nbsp,153,AD 80,2025-11-04_22:12:01.642387
ED   32,0.00%,NO,&nbsp,57,AD 80,2025-11-04_22:12:01.642387
ED   33,0.00%,YES,&nbsp,88,AD 80,2025-11-04_22:12:01.642387
ED   33,0.00%,NO,&nbsp,64,AD 80,2025-11-04_22:12:01.642387
ED   34,0.00%,YES,&nbsp,302,AD 80,2025-11-04_22:12:01.642387
ED   34,0.00%,NO,&nbsp,58,AD 80,2025-11-04_22:12:01.642387
ED   35,0.00%,YES,&nbsp,335,AD 80,2025-11-04_22:12:01.642387
ED   35,0.00%,NO,&nbsp,90,AD 80,2025-11-04_22:12:01.642387
ED   36,0.00%,YES,&nbsp,156,AD 80,2025-11-04_22:12:01.642387
ED   36,0.00%,NO,&nbsp,40,AD 80,2025-11-04_22:12:01.642387
ED   37,0.00%,YES,&nbsp,243,AD 80,2025-11-04_22:12:01.642387
ED   37,0.00%,NO,&nbsp,79,AD 80,2025-11-04_22:12:01.642387
ED   38,0.00%,YES,&nbsp,61,AD 80,2025-11-04_22:12:01.642387
ED   38,0.00%,NO,&nbsp,15,AD 80,2025-11-04_22:12:01.642387
ED   39,0.00%,YES,&nbsp,180,AD 80,2025-11-04_22:12:01.642387
ED   39,0.00%,NO,&nbsp,52,AD 80,2025-11-04_22:12:01.642387
ED   40,0.00%,YES,&nbsp,232,AD 80,2025-11-04_22:12:01.642387
ED   40,0.00%,NO,&nbsp,86,AD 80,2025-11-04_22:12:01.642387
ED   41,0.00%,YES,&nbsp,334,AD 80,2025-11-04_22:12:01.642387
ED   41,0.00%,NO,&nbsp,276,AD 80,2025-11-04_22:12:01.642387
ED   42,0.00%,YES,&nbsp,245,AD 80,2025-11-04_22:12:01.642387
ED   42,0.00%,NO,&nbsp,213,AD 80,2025-11-04_22:12:01.642387
ED   43,0.00%,YES,&nbsp,219,AD 80,2025-11-04_22:12:01.642387
ED   43,0.00%,NO,&nbsp,164,AD 80,2025-11-04_22:12:01.642387
ED   44,0.00%,YES,&nbsp,203,AD 80,2025-11-04_22:12:01.642387
ED   44,0.00%,NO,&nbsp,71,AD 80,2025-11-04_22:12:01.642387
ED   45,0.00%,YES,&nbsp,245,AD 80,2025-11-04_22:12:01.642387
ED   45,0.00%,NO,&nbsp,112,AD 80,2025-11-04_22:12:01.642387
ED   46,0.00%,YES,&nbsp,182,AD 80,2025-11-04_22:12:01.642387
ED   46,0.00%,NO,&nbsp,51,AD 80,2025-11-04_22:12:01.642387
ED   47,0.00%,YES,&nbsp,167,AD 80,2025-11-04_22:12:01.642387
ED   47,0.00%,NO,&nbsp,105,AD 80,2025-11-04_22:12:01.642387
ED   48,0.00%,YES,&nbsp,98,AD 80,2025-11-04_22:12:01.642387
ED   48,0.00%,NO,&nbsp,41,AD 80,2025-11-04_22:12:01.642387
ED   49,0.00%,YES,&nbsp,63,AD 80,2025-11-04_22:12:01.642387
ED   49,0.00%,NO,&nbsp,39,AD 80,2025-11-04_22:12:01.642387
ED   50,0.00%,YES,&nbsp,93,AD 80,2025-11-04_22:12:01.642387
ED   50,0.00%,NO,&nbsp,28,AD 80,2025-11-04_22:12:01.642387
ED   51,0.00%,YES,&nbsp,104,AD 80,2025-11-04_22:12:01.642387
ED   51,0.00%,NO,&nbsp,29,AD 80,2025-11-04_22:12:01.642387
ED   52,0.00%,YES,&nbsp,24,AD 80,2025-11-04_22:12:01.642387
ED   52,0.00%,NO,&nbsp,-,AD 80,2025-11-04_22:12:01.642387
ED   53,0.00%,YES,&nbsp,246,AD 80,2025-11-04_22:12:01.642387
ED   53,0.00%,NO,&nbsp,72,AD 80,2025-11-04_22:12:01.642387
ED   54,0.00%,YES,&nbsp,421,AD 80,2025-11-04_22:12:01.642387
ED   54,0.00%,NO,&nbsp,77,AD 80,2025-11-04_22:12:01.642387
ED   55,0.00%,YES,&nbsp,270,AD 80,2025-11-04_22:12:01.642387
ED   55,0.00%,NO,&nbsp,75,AD 80,2025-11-04_22:12:01.642387
ED   56,0.00%,YES,&nbsp,290,AD 80,2025-11-04_22:12:01.642387
ED   56,0.00%,NO,&nbsp,107,AD 80,2025-11-04_22:12:01.642387
ED   57,0.00%,YES,&nbsp,324,AD 80,2025-11-04_22:12:01.642387
ED   57,0.00%,NO,&nbsp,132,AD 80,2025-11-04_22:12:01.642387
ED   58,0.00%,YES,&nbsp,-,AD 80,2025-11-04_22:12:01.642387
ED   58,0.00%,NO,&nbsp,-,AD 80,2025-11-04_22:12:01.642387
ED   59,0.00%,YES,&nbsp,-,AD 80,2025-11-04_22:12:01.642387
ED   59,0.00%,NO,&nbsp,-,AD 80,2025-11-04_22:12:01.642387
ED   60,0.00%,YES,&nbsp,-,AD 80,2025-11-04_22:12:01.642387
ED   60,0.00%,NO,&nbsp,-,AD 80,2025-11-04_22:12:01.642387
ED   61,0.00%,YES,&nbsp,-,AD 80,2025-11-04_22:12:01.642387
ED   61,0.00%,NO,&nbsp,-,AD 80,2025-11-04_22:12:01.642387
Total,,YES,&nbsp,11996,AD 80,2025-11-04_22:12:01.642387
Total,,NO,&nbsp,6344,AD 80,2025-11-04_22:12:01.642387
ED    1,0.00%,YES,&nbsp,181,AD 81,2025-11-04_22:12:01.642387
ED    1,0.00%,NO,&nbsp,60,AD 81,2025-11-04_22:12:01.642387
ED    2,0.00%,YES,&nbsp,242,AD 81,2025-11-04_22:12:01.642387
ED    2,0.00%,NO,&nbsp,92,AD 81,2025-11-04_22:12:01.642387
ED    3,0.00%,YES,&nbsp,131,AD 81,2025-11-04_22:12:01.642387
ED    3,0.00%,NO,&nbsp,72,AD 81,2025-11-04_22:12:01.642387
ED    4,0.00%,YES,&nbsp,148,AD 81,2025-11-04_22:12:01.642387
ED    4,0.00%,NO,&nbsp,29,AD 81,2025-11-04_22:12:01.642387
ED    5,0.00%,YES,&nbsp,184,AD 81,2025-11-04_22:12:01.642387
ED    5,0.00%,NO,&nbsp,84,AD 81,2025-11-04_22:12:01.642387
ED    6,0.00%,YES,&nbsp,68,AD 81,2025-11-04_22:12:01.642387
ED    6,0.00%,NO,&nbsp,31,AD 81,2025-11-04_22:12:01.642387
ED    7,0.00%,YES,&nbsp,70,AD 81,2025-11-04_22:12:01.642387
ED    7,0.00%,NO,&nbsp,51,AD 81,2025-11-04_22:12:01.642387
ED    8,0.00%,YES,&nbsp,86,AD 81,2025-11-04_22:12:01.642387
ED    8,0.00%,NO,&nbsp,56,AD 81,2025-11-04_22:12:01.642387
ED    9,0.00%,YES,&nbsp,206,AD 81,2025-11-04_22:12:01.642387
ED    9,0.00%,NO,&nbsp,81,AD 81,2025-11-04_22:12:01.642387
ED   10,0.00%,YES,&nbsp,300,AD 81,2025-11-04_22:12:01.642387
ED   10,0.00%,NO,&nbsp,202,AD 81,2025-11-04_22:12:01.642387
ED   11,0.00%,YES,&nbsp,371,AD 81,2025-11-04_22:12:01.642387
ED   11,0.00%,NO,&nbsp,233,AD 81,2025-11-04_22:12:01.642387
ED   12,0.00%,YES,&nbsp,328,AD 81,2025-11-04_22:12:01.642387
ED   12,0.00%,NO,&nbsp,218,AD 81,2025-11-04_22:12:01.642387
ED   13,0.00%,YES,&nbsp,33,AD 81,2025-11-04_22:12:01.642387
ED   13,0.00%,NO,&nbsp,21,AD 81,2025-11-04_22:12:01.642387
ED   14,0.00%,YES,&nbsp,428,AD 81,2025-11-04_22:12:01.642387
ED   14,0.00%,NO,&nbsp,368,AD 81,2025-11-04_22:12:01.642387
ED   15,0.00%,YES,&nbsp,354,AD 81,2025-11-04_22:12:01.642387
ED   15,0.00%,NO,&nbsp,285,AD 81,2025-11-04_22:12:01.642387
ED   16,0.00%,YES,&nbsp,224,AD 81,2025-11-04_22:12:01.642387
ED   16,0.00%,NO,&nbsp,219,AD 81,2025-11-04_22:12:01.642387
ED   17,0.00%,YES,&nbsp,403,AD 81,2025-11-04_22:12:01.642387
ED   17,0.00%,NO,&nbsp,270,AD 81,2025-11-04_22:12:01.642387
ED   18,0.00%,YES,&nbsp,194,AD 81,2025-11-04_22:12:01.642387
ED   18,0.00%,NO,&nbsp,51,AD 81,2025-11-04_22:12:01.642387
ED   19,0.00%,YES,&nbsp,367,AD 81,2025-11-04_22:12:01.642387
ED   19,0.00%,NO,&nbsp,327,AD 81,2025-11-04_22:12:01.642387
ED   20,0.00%,YES,&nbsp,307,AD 81,2025-11-04_22:12:01.642387
ED   20,0.00%,NO,&nbsp,244,AD 81,2025-11-04_22:12:01.642387
ED   21,0.00%,YES,&nbsp,426,AD 81,2025-11-04_22:12:01.642387
ED   21,0.00%,NO,&nbsp,316,AD 81,2025-11-04_22:12:01.642387
ED   22,0.00%,YES,&nbsp,354,AD 81,2025-11-04_22:12:01.642387
ED   22,0.00%,NO,&nbsp,371,AD 81,2025-11-04_22:12:01.642387
ED   23,0.00%,YES,&nbsp,305,AD 81,2025-11-04_22:12:01.642387
ED   23,0.00%,NO,&nbsp,215,AD 81,2025-11-04_22:12:01.642387
ED   24,0.00%,YES,&nbsp,192,AD 81,2025-11-04_22:12:01.642387
ED   24,0.00%,NO,&nbsp,45,AD 81,2025-11-04_22:12:01.642387
ED   25,0.00%,YES,&nbsp,207,AD 81,2025-11-04_22:12:01.642387
ED   25,0.00%,NO,&nbsp,331,AD 81,2025-11-04_22:12:01.642387
ED   26,0.00%,YES,&nbsp,310,AD 81,2025-11-04_22:12:01.642387
ED   26,0.00%,NO,&nbsp,244,AD 81,2025-11-04_22:12:01.642387
ED   27,0.00%,YES,&nbsp,434,AD 81,2025-11-04_22:12:01.642387
ED   27,0.00%,NO,&nbsp,374,AD 81,2025-11-04_22:12:01.642387
ED   28,0.00%,YES,&nbsp,473,AD 81,2025-11-04_22:12:01.642387
ED   28,0.00%,NO,&nbsp,443,AD 81,2025-11-04_22:12:01.642387
ED   29,0.00%,YES,&nbsp,436,AD 81,2025-11-04_22:12:01.642387
ED   29,0.00%,NO,&nbsp,455,AD 81,2025-11-04_22:12:01.642387
ED   30,0.00%,YES,&nbsp,361,AD 81,2025-11-04_22:12:01.642387
ED   30,0.00%,NO,&nbsp,393,AD 81,2025-11-04_22:12:01.642387
ED   31,0.00%,YES,&nbsp,467,AD 81,2025-11-04_22:12:01.642387
ED   31,0.00%,NO,&nbsp,460,AD 81,2025-11-04_22:12:01.642387
ED   32,0.00%,YES,&nbsp,294,AD 81,2025-11-04_22:12:01.642387
ED   32,0.00%,NO,&nbsp,331,AD 81,2025-11-04_22:12:01.642387
ED   33,0.00%,YES,&nbsp,137,AD 81,2025-11-04_22:12:01.642387
ED   33,0.00%,NO,&nbsp,120,AD 81,2025-11-04_22:12:01.642387
ED   34,0.00%,YES,&nbsp,404,AD 81,2025-11-04_22:12:01.642387
ED   34,0.00%,NO,&nbsp,281,AD 81,2025-11-04_22:12:01.642387
ED   35,0.00%,YES,&nbsp,367,AD 81,2025-11-04_22:12:01.642387
ED   35,0.00%,NO,&nbsp,298,AD 81,2025-11-04_22:12:01.642387
ED   36,0.00%,YES,&nbsp,243,AD 81,2025-11-04_22:12:01.642387
ED   36,0.00%,NO,&nbsp,209,AD 81,2025-11-04_22:12:01.642387
ED   37,0.00%,YES,&nbsp,346,AD 81,2025-11-04_22:12:01.642387
ED   37,0.00%,NO,&nbsp,321,AD 81,2025-11-04_22:12:01.642387
ED   38,0.00%,YES,&nbsp,243,AD 81,2025-11-04_22:12:01.642387
ED   38,0.00%,NO,&nbsp,291,AD 81,2025-11-04_22:12:01.642387
ED   39,0.00%,YES,&nbsp,256,AD 81,2025-11-04_22:12:01.642387
ED   39,0.00%,NO,&nbsp,263,AD 81,2025-11-04_22:12:01.642387
ED   40,0.00%,YES,&nbsp,242,AD 81,2025-11-04_22:12:01.642387
ED   40,0.00%,NO,&nbsp,263,AD 81,2025-11-04_22:12:01.642387
ED   41,0.00%,YES,&nbsp,179,AD 81,2025-11-04_22:12:01.642387
ED   41,0.00%,NO,&nbsp,311,AD 81,2025-11-04_22:12:01.642387
ED   42,0.00%,YES,&nbsp,205,AD 81,2025-11-04_22:12:01.642387
ED   42,0.00%,NO,&nbsp,299,AD 81,2025-11-04_22:12:01.642387
ED   43,0.00%,YES,&nbsp,212,AD 81,2025-11-04_22:12:01.642387
ED   43,0.00%,NO,&nbsp,383,AD 81,2025-11-04_22:12:01.642387
ED   44,0.00%,YES,&nbsp,283,AD 81,2025-11-04_22:12:01.642387
ED   44,0.00%,NO,&nbsp,128,AD 81,2025-11-04_22:12:01.642387
ED   45,0.00%,YES,&nbsp,242,AD 81,2025-11-04_22:12:01.642387
ED   45,0.00%,NO,&nbsp,190,AD 81,2025-11-04_22:12:01.642387
ED   46,0.00%,YES,&nbsp,144,AD 81,2025-11-04_22:12:01.642387
ED   46,0.00%,NO,&nbsp,102,AD 81,2025-11-04_22:12:01.642387
ED   47,0.00%,YES,&nbsp,278,AD 81,2025-11-04_22:12:01.642387
ED   47,0.00%,NO,&nbsp,89,AD 81,2025-11-04_22:12:01.642387
ED   48,0.00%,YES,&nbsp,348,AD 81,2025-11-04_22:12:01.642387
ED   48,0.00%,NO,&nbsp,119,AD 81,2025-11-04_22:12:01.642387
ED   49,0.00%,YES,&nbsp,239,AD 81,2025-11-04_22:12:01.642387
ED   49,0.00%,NO,&nbsp,66,AD 81,2025-11-04_22:12:01.642387
ED   50,0.00%,YES,&nbsp,256,AD 81,2025-11-04_22:12:01.642387
ED   50,0.00%,NO,&nbsp,103,AD 81,2025-11-04_22:12:01.642387
ED   51,0.00%,YES,&nbsp,283,AD 81,2025-11-04_22:12:01.642387
ED   51,0.00%,NO,&nbsp,94,AD 81,2025-11-04_22:12:01.642387
ED   52,0.00%,YES,&nbsp,215,AD 81,2025-11-04_22:12:01.642387
ED   52,0.00%,NO,&nbsp,71,AD 81,2025-11-04_22:12:01.642387
ED   53,0.00%,YES,&nbsp,280,AD 81,2025-11-04_22:12:01.642387
ED   53,0.00%,NO,&nbsp,162,AD 81,2025-11-04_22:12:01.642387
ED   54,0.00%,YES,&nbsp,345,AD 81,2025-11-04_22:12:01.642387
ED   54,0.00%,NO,&nbsp,200,AD 81,2025-11-04_22:12:01.642387
ED   55,0.00%,YES,&nbsp,176,AD 81,2025-11-04_22:12:01.642387
ED   55,0.00%,NO,&nbsp,24,AD 81,2025-11-04_22:12:01.642387
ED   56,0.00%,YES,&nbsp,411,AD 81,2025-11-04_22:12:01.642387
ED   56,0.00%,NO,&nbsp,283,AD 81,2025-11-04_22:12:01.642387
ED   57,0.00%,YES,&nbsp,187,AD 81,2025-11-04_22:12:01.642387
ED   57,0.00%,NO,&nbsp,65,AD 81,2025-11-04_22:12:01.642387
ED   58,0.00%,YES,&nbsp,207,AD 81,2025-11-04_22:12:01.642387
ED   58,0.00%,NO,&nbsp,55,AD 81,2025-11-04_22:12:01.642387
ED   59,0.00%,YES,&nbsp,-,AD 81,2025-11-04_22:12:01.642387
ED   59,0.00%,NO,&nbsp,-,AD 81,2025-11-04_22:12:01.642387
ED   60,0.00%,YES,&nbsp,-,AD 81,2025-11-04_22:12:01.642387
ED   60,0.00%,NO,&nbsp,-,AD 81,2025-11-04_22:12:01.642387
ED   61,0.00%,YES,&nbsp,-,AD 81,2025-11-04_22:12:01.642387
ED   61,0.00%,NO,&nbsp,-,AD 81,2025-11-04_22:12:01.642387
ED   62,0.00%,YES,&nbsp,-,AD 81,2025-11-04_22:12:01.642387
ED   62,0.00%,NO,&nbsp,-,AD 81,2025-11-04_22:12:01.642387
Total,,YES,&nbsp,15612,AD 81,2025-11-04_22:12:01.642387
Total,,NO,&nbsp,11762,AD 81,2025-11-04_22:12:01.642387
ED    1,0.00%,YES,&nbsp,149,AD 82,2025-11-04_22:12:01.642387
ED    1,0.00%,NO,&nbsp,610,AD 82,2025-11-04_22:12:01.642387
ED    2,0.00%,YES,&nbsp,62,AD 82,2025-11-04_22:12:01.642387
ED    2,0.00%,NO,&nbsp,200,AD 82,2025-11-04_22:12:01.642387
ED    3,0.00%,YES,&nbsp,206,AD 82,2025-11-04_22:12:01.642387
ED    3,0.00%,NO,&nbsp,281,AD 82,2025-11-04_22:12:01.642387
ED    4,0.00%,YES,&nbsp,204,AD 82,2025-11-04_22:12:01.642387
ED    4,0.00%,NO,&nbsp,277,AD 82,2025-11-04_22:12:01.642387
ED    5,0.00%,YES,&nbsp,170,AD 82,2025-11-04_22:12:01.642387
ED    5,0.00%,NO,&nbsp,224,AD 82,2025-11-04_22:12:01.642387
ED    6,0.00%,YES,&nbsp,150,AD 82,2025-11-04_22:12:01.642387
ED    6,0.00%,NO,&nbsp,467,AD 82,2025-11-04_22:12:01.642387
ED    7,0.00%,YES,&nbsp,187,AD 82,2025-11-04_22:12:01.642387
ED    7,0.00%,NO,&nbsp,217,AD 82,2025-11-04_22:12:01.642387
ED    8,0.00%,YES,&nbsp,181,AD 82,2025-11-04_22:12:01.642387
ED    8,0.00%,NO,&nbsp,290,AD 82,2025-11-04_22:12:01.642387
ED    9,0.00%,YES,&nbsp,236,AD 82,2025-11-04_22:12:01.642387
ED    9,0.00%,NO,&nbsp,240,AD 82,2025-11-04_22:12:01.642387
ED   10,0.00%,YES,&nbsp,293,AD 82,2025-11-04_22:12:01.642387
ED   10,0.00%,NO,&nbsp,231,AD 82,2025-11-04_22:12:01.642387
ED   11,0.00%,YES,&nbsp,213,AD 82,2025-11-04_22:12:01.642387
ED   11,0.00%,NO,&nbsp,187,AD 82,2025-11-04_22:12:01.642387
ED   12,0.00%,YES,&nbsp,138,AD 82,2025-11-04_22:12:01.642387
ED   12,0.00%,NO,&nbsp,33,AD 82,2025-11-04_22:12:01.642387
ED   13,0.00%,YES,&nbsp,124,AD 82,2025-11-04_22:12:01.642387
ED   13,0.00%,NO,&nbsp,34,AD 82,2025-11-04_22:12:01.642387
ED   14,0.00%,YES,&nbsp,133,AD 82,2025-11-04_22:12:01.642387
ED   14,0.00%,NO,&nbsp,39,AD 82,2025-11-04_22:12:01.642387
ED   15,0.00%,YES,&nbsp,241,AD 82,2025-11-04_22:12:01.642387
ED   15,0.00%,NO,&nbsp,234,AD 82,2025-11-04_22:12:01.642387
ED   16,0.00%,YES,&nbsp,266,AD 82,2025-11-04_22:12:01.642387
ED   16,0.00%,NO,&nbsp,247,AD 82,2025-11-04_22:12:01.642387
ED   17,0.00%,YES,&nbsp,20,AD 82,2025-11-04_22:12:01.642387
ED   17,0.00%,NO,&nbsp,16,AD 82,2025-11-04_22:12:01.642387
ED   18,0.00%,YES,&nbsp,197,AD 82,2025-11-04_22:12:01.642387
ED   18,0.00%,NO,&nbsp,367,AD 82,2025-11-04_22:12:01.642387
ED   19,0.00%,YES,&nbsp,192,AD 82,2025-11-04_22:12:01.642387
ED   19,0.00%,NO,&nbsp,396,AD 82,2025-11-04_22:12:01.642387
ED   20,0.00%,YES,&nbsp,224,AD 82,2025-11-04_22:12:01.642387
ED   20,0.00%,NO,&nbsp,514,AD 82,2025-11-04_22:12:01.642387
ED   21,0.00%,YES,&nbsp,111,AD 82,2025-11-04_22:12:01.642387
ED   21,0.00%,NO,&nbsp,351,AD 82,2025-11-04_22:12:01.642387
ED   22,0.00%,YES,&nbsp,119,AD 82,2025-11-04_22:12:01.642387
ED   22,0.00%,NO,&nbsp,278,AD 82,2025-11-04_22:12:01.642387
ED   23,0.00%,YES,&nbsp,127,AD 82,2025-11-04_22:12:01.642387
ED   23,0.00%,NO,&nbsp,253,AD 82,2025-11-04_22:12:01.642387
ED   24,0.00%,YES,&nbsp,96,AD 82,2025-11-04_22:12:01.642387
ED   24,0.00%,NO,&nbsp,185,AD 82,2025-11-04_22:12:01.642387
ED   25,0.00%,YES,&nbsp,302,AD 82,2025-11-04_22:12:01.642387
ED   25,0.00%,NO,&nbsp,227,AD 82,2025-11-04_22:12:01.642387
ED   26,0.00%,YES,&nbsp,179,AD 82,2025-11-04_22:12:01.642387
ED   26,0.00%,NO,&nbsp,174,AD 82,2025-11-04_22:12:01.642387
ED   27,0.00%,YES,&nbsp,164,AD 82,2025-11-04_22:12:01.642387
ED   27,0.00%,NO,&nbsp,187,AD 82,2025-11-04_22:12:01.642387
ED   28,0.00%,YES,&nbsp,350,AD 82,2025-11-04_22:12:01.642387
ED   28,0.00%,NO,&nbsp,269,AD 82,2025-11-04_22:12:01.642387
ED   29,0.00%,YES,&nbsp,297,AD 82,2025-11-04_22:12:01.642387
ED   29,0.00%,NO,&nbsp,240,AD 82,2025-11-04_22:12:01.642387
ED   30,0.00%,YES,&nbsp,251,AD 82,2025-11-04_22:12:01.642387
ED   30,0.00%,NO,&nbsp,194,AD 82,2025-11-04_22:12:01.642387
ED   31,0.00%,YES,&nbsp,175,AD 82,2025-11-04_22:12:01.642387
ED   31,0.00%,NO,&nbsp,231,AD 82,2025-11-04_22:12:01.642387
ED   32,0.00%,YES,&nbsp,228,AD 82,2025-11-04_22:12:01.642387
ED   32,0.00%,NO,&nbsp,310,AD 82,2025-11-04_22:12:01.642387
ED   33,0.00%,YES,&nbsp,183,AD 82,2025-11-04_22:12:01.642387
ED   33,0.00%,NO,&nbsp,254,AD 82,2025-11-04_22:12:01.642387
ED   34,0.00%,YES,&nbsp,173,AD 82,2025-11-04_22:12:01.642387
ED   34,0.00%,NO,&nbsp,125,AD 82,2025-11-04_22:12:01.642387
ED   35,0.00%,YES,&nbsp,92,AD 82,2025-11-04_22:12:01.642387
ED   35,0.00%,NO,&nbsp,56,AD 82,2025-11-04_22:12:01.642387
ED   36,0.00%,YES,&nbsp,302,AD 82,2025-11-04_22:12:01.642387
ED   36,0.00%,NO,&nbsp,105,AD 82,2025-11-04_22:12:01.642387
ED   37,0.00%,YES,&nbsp,7,AD 82,2025-11-04_22:12:01.642387
ED   37,0.00%,NO,&nbsp,1,AD 82,2025-11-04_22:12:01.642387
ED   38,0.00%,YES,&nbsp,277,AD 82,2025-11-04_22:12:01.642387
ED   38,0.00%,NO,&nbsp,233,AD 82,2025-11-04_22:12:01.642387
ED   39,0.00%,YES,&nbsp,195,AD 82,2025-11-04_22:12:01.642387
ED   39,0.00%,NO,&nbsp,172,AD 82,2025-11-04_22:12:01.642387
ED   40,0.00%,YES,&nbsp,260,AD 82,2025-11-04_22:12:01.642387
ED   40,0.00%,NO,&nbsp,113,AD 82,2025-11-04_22:12:01.642387
ED   41,0.00%,YES,&nbsp,305,AD 82,2025-11-04_22:12:01.642387
ED   41,0.00%,NO,&nbsp,514,AD 82,2025-11-04_22:12:01.642387
ED   42,0.00%,YES,&nbsp,269,AD 82,2025-11-04_22:12:01.642387
ED   42,0.00%,NO,&nbsp,509,AD 82,2025-11-04_22:12:01.642387
ED   43,0.00%,YES,&nbsp,160,AD 82,2025-11-04_22:12:01.642387
ED   43,0.00%,NO,&nbsp,191,AD 82,2025-11-04_22:12:01.642387
ED   44,0.00%,YES,&nbsp,162,AD 82,2025-11-04_22:12:01.642387
ED   44,0.00%,NO,&nbsp,179,AD 82,2025-11-04_22:12:01.642387
ED   45,0.00%,YES,&nbsp,280,AD 82,2025-11-04_22:12:01.642387
ED   45,0.00%,NO,&nbsp,87,AD 82,2025-11-04_22:12:01.642387
ED   46,0.00%,YES,&nbsp,370,AD 82,2025-11-04_22:12:01.642387
ED   46,0.00%,NO,&nbsp,133,AD 82,2025-11-04_22:12:01.642387
ED   47,0.00%,YES,&nbsp,301,AD 82,2025-11-04_22:12:01.642387
ED   47,0.00%,NO,&nbsp,110,AD 82,2025-11-04_22:12:01.642387
ED   48,0.00%,YES,&nbsp,439,AD 82,2025-11-04_22:12:01.642387
ED   48,0.00%,NO,&nbsp,136,AD 82,2025-11-04_22:12:01.642387
ED   49,0.00%,YES,&nbsp,365,AD 82,2025-11-04_22:12:01.642387
ED   49,0.00%,NO,&nbsp,138,AD 82,2025-11-04_22:12:01.642387
ED   50,0.00%,YES,&nbsp,352,AD 82,2025-11-04_22:12:01.642387
ED   50,0.00%,NO,&nbsp,90,AD 82,2025-11-04_22:12:01.642387
ED   51,0.00%,YES,&nbsp,310,AD 82,2025-11-04_22:12:01.642387
ED   51,0.00%,NO,&nbsp,124,AD 82,2025-11-04_22:12:01.642387
ED   52,0.00%,YES,&nbsp,401,AD 82,2025-11-04_22:12:01.642387
ED   52,0.00%,NO,&nbsp,146,AD 82,2025-11-04_22:12:01.642387
ED   53,0.00%,YES,&nbsp,71,AD 82,2025-11-04_22:12:01.642387
ED   53,0.00%,NO,&nbsp,61,AD 82,2025-11-04_22:12:01.642387
ED   54,0.00%,YES,&nbsp,459,AD 82,2025-11-04_22:12:01.642387
ED   54,0.00%,NO,&nbsp,172,AD 82,2025-11-04_22:12:01.642387
ED   55,0.00%,YES,&nbsp,436,AD 82,2025-11-04_22:12:01.642387
ED   55,0.00%,NO,&nbsp,173,AD 82,2025-11-04_22:12:01.642387
ED   56,0.00%,YES,&nbsp,375,AD 82,2025-11-04_22:12:01.642387
ED   56,0.00%,NO,&nbsp,103,AD 82,2025-11-04_22:12:01.642387
ED   57,0.00%,YES,&nbsp,491,AD 82,2025-11-04_22:12:01.642387
ED   57,0.00%,NO,&nbsp,144,AD 82,2025-11-04_22:12:01.642387
ED   58,0.00%,YES,&nbsp,469,AD 82,2025-11-04_22:12:01.642387
ED   58,0.00%,NO,&nbsp,150,AD 82,2025-11-04_22:12:01.642387
ED   59,0.00%,YES,&nbsp,519,AD 82,2025-11-04_22:12:01.642387
ED   59,0.00%,NO,&nbsp,141,AD 82,2025-11-04_22:12:01.642387
ED   60,0.00%,YES,&nbsp,449,AD 82,2025-11-04_22:12:01.642387
ED   60,0.00%,NO,&nbsp,128,AD 82,2025-11-04_22:12:01.642387
ED   61,0.00%,YES,&nbsp,466,AD 82,2025-11-04_22:12:01.642387
ED   61,0.00%,NO,&nbsp,122,AD 82,2025-11-04_22:12:01.642387
ED   62,0.00%,YES,&nbsp,380,AD 82,2025-11-04_22:12:01.642387
ED   62,0.00%,NO,&nbsp,122,AD 82,2025-11-04_22:12:01.642387
ED   63,0.00%,YES,&nbsp,480,AD 82,2025-11-04_22:12:01.642387
ED   63,0.00%,NO,&nbsp,153,AD 82,2025-11-04_22:12:01.642387
ED   64,0.00%,YES,&nbsp,455,AD 82,2025-11-04_22:12:01.642387
ED   64,0.00%,NO,&nbsp,161,AD 82,2025-11-04_22:12:01.642387
ED   65,0.00%,YES,&nbsp,-,AD 82,2025-11-04_22:12:01.642387
ED   65,0.00%,NO,&nbsp,-,AD 82,2025-11-04_22:12:01.642387
ED   66,0.00%,YES,&nbsp,-,AD 82,2025-11-04_22:12:01.642387
ED   66,0.00%,NO,&nbsp,-,AD 82,2025-11-04_22:12:01.642387
ED   67,0.00%,YES,&nbsp,-,AD 82,2025-11-04_22:12:01.642387
ED   67,0.00%,NO,&nbsp,-,AD 82,2025-11-04_22:12:01.642387
ED   68,0.00%,YES,&nbsp,-,AD 82,2025-11-04_22:12:01.642387
ED   68,0.00%,NO,&nbsp,-,AD 82,2025-11-04_22:12:01.642387
ED   69,0.00%,YES,&nbsp,-,AD 82,2025-11-04_22:12:01.642387
ED   69,0.00%,NO,&nbsp,-,AD 82,2025-11-04_22:12:01.642387
ED   70,0.00%,YES,&nbsp,-,AD 82,2025-11-04_22:12:01.642387
ED   70,0.00%,NO,&nbsp,-,AD 82,2025-11-04_22:12:01.642387
ED   71,0.00%,YES,&nbsp,-,AD 82,2025-11-04_22:12:01.642387
ED   71,0.00%,NO,&nbsp,-,AD 82,2025-11-04_22:12:01.642387
ED   72,0.00%,YES,&nbsp,-,AD 82,2025-11-04_22:12:01.642387
ED   72,0.00%,NO,&nbsp,-,AD 82,2025-11-04_22:12:01.642387
ED   73,0.00%,YES,&nbsp,-,AD 82,2025-11-04_22:12:01.642387
ED   73,0.00%,NO,&nbsp,-,AD 82,2025-11-04_22:12:01.642387
ED   74,0.00%,YES,&nbsp,-,AD 82,2025-11-04_22:12:01.642387
ED   74,0.00%,NO,&nbsp,-,AD 82,2025-11-04_22:12:01.642387
ED   75,0.00%,YES,&nbsp,-,AD 82,2025-11-04_22:12:01.642387
ED   75,0.00%,NO,&nbsp,-,AD 82,2025-11-04_22:12:01.642387
ED   76,0.00%,YES,&nbsp,-,AD 82,2025-11-04_22:12:01.642387
ED   76,0.00%,NO,&nbsp,-,AD 82,2025-11-04_22:12:01.642387
ED   77,0.00%,YES,&nbsp,-,AD 82,2025-11-04_22:12:01.642387
ED   77,0.00%,NO,&nbsp,-,AD 82,2025-11-04_22:12:01.642387
Total,,YES,&nbsp,16238,AD 82,2025-11-04_22:12:01.642387
Total,,NO,&nbsp,13049,AD 82,2025-11-04_22:12:01.642387
ED    1,0.00%,YES,&nbsp,97,AD 83,2025-11-04_22:12:01.642387
ED    1,0.00%,NO,&nbsp,35,AD 83,2025-11-04_22:12:01.642387
ED    2,0.00%,YES,&nbsp,98,AD 83,2025-11-04_22:12:01.642387
ED    2,0.00%,NO,&nbsp,41,AD 83,2025-11-04_22:12:01.642387
ED    3,0.00%,YES,&nbsp,98,AD 83,2025-11-04_22:12:01.642387
ED    3,0.00%,NO,&nbsp,32,AD 83,2025-11-04_22:12:01.642387
ED    4,0.00%,YES,&nbsp,244,AD 83,2025-11-04_22:12:01.642387
ED    4,0.00%,NO,&nbsp,64,AD 83,2025-11-04_22:12:01.642387
ED    5,0.00%,YES,&nbsp,95,AD 83,2025-11-04_22:12:01.642387
ED    5,0.00%,NO,&nbsp,18,AD 83,2025-11-04_22:12:01.642387
ED    6,0.00%,YES,&nbsp,279,AD 83,2025-11-04_22:12:01.642387
ED    6,0.00%,NO,&nbsp,104,AD 83,2025-11-04_22:12:01.642387
ED    7,0.00%,YES,&nbsp,144,AD 83,2025-11-04_22:12:01.642387
ED    7,0.00%,NO,&nbsp,32,AD 83,2025-11-04_22:12:01.642387
ED    8,0.00%,YES,&nbsp,222,AD 83,2025-11-04_22:12:01.642387
ED    8,0.00%,NO,&nbsp,75,AD 83,2025-11-04_22:12:01.642387
ED    9,0.00%,YES,&nbsp,212,AD 83,2025-11-04_22:12:01.642387
ED    9,0.00%,NO,&nbsp,49,AD 83,2025-11-04_22:12:01.642387
ED   10,0.00%,YES,&nbsp,244,AD 83,2025-11-04_22:12:01.642387
ED   10,0.00%,NO,&nbsp,77,AD 83,2025-11-04_22:12:01.642387
ED   11,0.00%,YES,&nbsp,340,AD 83,2025-11-04_22:12:01.642387
ED   11,0.00%,NO,&nbsp,86,AD 83,2025-11-04_22:12:01.642387
ED   12,0.00%,YES,&nbsp,256,AD 83,2025-11-04_22:12:01.642387
ED   12,0.00%,NO,&nbsp,67,AD 83,2025-11-04_22:12:01.642387
ED   13,0.00%,YES,&nbsp,234,AD 83,2025-11-04_22:12:01.642387
ED   13,0.00%,NO,&nbsp,78,AD 83,2025-11-04_22:12:01.642387
ED   14,0.00%,YES,&nbsp,227,AD 83,2025-11-04_22:12:01.642387
ED   14,0.00%,NO,&nbsp,44,AD 83,2025-11-04_22:12:01.642387
ED   15,0.00%,YES,&nbsp,196,AD 83,2025-11-04_22:12:01.642387
ED   15,0.00%,NO,&nbsp,65,AD 83,2025-11-04_22:12:01.642387
ED   16,0.00%,YES,&nbsp,271,AD 83,2025-11-04_22:12:01.642387
ED   16,0.00%,NO,&nbsp,80,AD 83,2025-11-04_22:12:01.642387
ED   17,0.00%,YES,&nbsp,312,AD 83,2025-11-04_22:12:01.642387
ED   17,0.00%,NO,&nbsp,99,AD 83,2025-11-04_22:12:01.642387
ED   18,0.00%,YES,&nbsp,158,AD 83,2025-11-04_22:12:01.642387
ED   18,0.00%,NO,&nbsp,57,AD 83,2025-11-04_22:12:01.642387
ED   19,0.00%,YES,&nbsp,197,AD 83,2025-11-04_22:12:01.642387
ED   19,0.00%,NO,&nbsp,52,AD 83,2025-11-04_22:12:01.642387
ED   20,0.00%,YES,&nbsp,276,AD 83,2025-11-04_22:12:01.642387
ED   20,0.00%,NO,&nbsp,67,AD 83,2025-11-04_22:12:01.642387
ED   21,0.00%,YES,&nbsp,118,AD 83,2025-11-04_22:12:01.642387
ED   21,0.00%,NO,&nbsp,33,AD 83,2025-11-04_22:12:01.642387
ED   22,0.00%,YES,&nbsp,58,AD 83,2025-11-04_22:12:01.642387
ED   22,0.00%,NO,&nbsp,8,AD 83,2025-11-04_22:12:01.642387
ED   23,0.00%,YES,&nbsp,95,AD 83,2025-11-04_22:12:01.642387
ED   23,0.00%,NO,&nbsp,29,AD 83,2025-11-04_22:12:01.642387
ED   24,0.00%,YES,&nbsp,87,AD 83,2025-11-04_22:12:01.642387
ED   24,0.00%,NO,&nbsp,18,AD 83,2025-11-04_22:12:01.642387
ED   25,0.00%,YES,&nbsp,302,AD 83,2025-11-04_22:12:01.642387
ED   25,0.00%,NO,&nbsp,90,AD 83,2025-11-04_22:12:01.642387
ED   26,0.00%,YES,&nbsp,232,AD 83,2025-11-04_22:12:01.642387
ED   26,0.00%,NO,&nbsp,65,AD 83,2025-11-04_22:12:01.642387
ED   27,0.00%,YES,&nbsp,195,AD 83,2025-11-04_22:12:01.642387
ED   27,0.00%,NO,&nbsp,54,AD 83,2025-11-04_22:12:01.642387
ED   28,0.00%,YES,&nbsp,205,AD 83,2025-11-04_22:12:01.642387
ED   28,0.00%,NO,&nbsp,39,AD 83,2025-11-04_22:12:01.642387
ED   29,0.00%,YES,&nbsp,297,AD 83,2025-11-04_22:12:01.642387
ED   29,0.00%,NO,&nbsp,80,AD 83,2025-11-04_22:12:01.642387
ED   30,0.00%,YES,&nbsp,282,AD 83,2025-11-04_22:12:01.642387
ED   30,0.00%,NO,&nbsp,60,AD 83,2025-11-04_22:12:01.642387
ED   31,0.00%,YES,&nbsp,278,AD 83,2025-11-04_22:12:01.642387
ED   31,0.00%,NO,&nbsp,63,AD 83,2025-11-04_22:12:01.642387
ED   32,0.00%,YES,&nbsp,313,AD 83,2025-11-04_22:12:01.642387
ED   32,0.00%,NO,&nbsp,70,AD 83,2025-11-04_22:12:01.642387
ED   33,0.00%,YES,&nbsp,333,AD 83,2025-11-04_22:12:01.642387
ED   33,0.00%,NO,&nbsp,65,AD 83,2025-11-04_22:12:01.642387
ED   34,0.00%,YES,&nbsp,342,AD 83,2025-11-04_22:12:01.642387
ED   34,0.00%,NO,&nbsp,88,AD 83,2025-11-04_22:12:01.642387
ED   35,0.00%,YES,&nbsp,284,AD 83,2025-11-04_22:12:01.642387
ED   35,0.00%,NO,&nbsp,61,AD 83,2025-11-04_22:12:01.642387
ED   36,0.00%,YES,&nbsp,216,AD 83,2025-11-04_22:12:01.642387
ED   36,0.00%,NO,&nbsp,38,AD 83,2025-11-04_22:12:01.642387
ED   37,0.00%,YES,&nbsp,239,AD 83,2025-11-04_22:12:01.642387
ED   37,0.00%,NO,&nbsp,41,AD 83,2025-11-04_22:12:01.642387
ED   38,0.00%,YES,&nbsp,215,AD 83,2025-11-04_22:12:01.642387
ED   38,0.00%,NO,&nbsp,39,AD 83,2025-11-04_22:12:01.642387
ED   39,0.00%,YES,&nbsp,258,AD 83,2025-11-04_22:12:01.642387
ED   39,0.00%,NO,&nbsp,67,AD 83,2025-11-04_22:12:01.642387
ED   40,0.00%,YES,&nbsp,178,AD 83,2025-11-04_22:12:01.642387
ED   40,0.00%,NO,&nbsp,60,AD 83,2025-11-04_22:12:01.642387
ED   41,0.00%,YES,&nbsp,355,AD 83,2025-11-04_22:12:01.642387
ED   41,0.00%,NO,&nbsp,70,AD 83,2025-11-04_22:12:01.642387
ED   42,0.00%,YES,&nbsp,141,AD 83,2025-11-04_22:12:01.642387
ED   42,0.00%,NO,&nbsp,37,AD 83,2025-11-04_22:12:01.642387
ED   43,0.00%,YES,&nbsp,360,AD 83,2025-11-04_22:12:01.642387
ED   43,0.00%,NO,&nbsp,89,AD 83,2025-11-04_22:12:01.642387
ED   44,0.00%,YES,&nbsp,404,AD 83,2025-11-04_22:12:01.642387
ED   44,0.00%,NO,&nbsp,128,AD 83,2025-11-04_22:12:01.642387
ED   45,0.00%,YES,&nbsp,205,AD 83,2025-11-04_22:12:01.642387
ED   45,0.00%,NO,&nbsp,50,AD 83,2025-11-04_22:12:01.642387
ED   46,0.00%,YES,&nbsp,365,AD 83,2025-11-04_22:12:01.642387
ED   46,0.00%,NO,&nbsp,101,AD 83,2025-11-04_22:12:01.642387
ED   47,0.00%,YES,&nbsp,293,AD 83,2025-11-04_22:12:01.642387
ED   47,0.00%,NO,&nbsp,72,AD 83,2025-11-04_22:12:01.642387
ED   48,0.00%,YES,&nbsp,368,AD 83,2025-11-04_22:12:01.642387
ED   48,0.00%,NO,&nbsp,83,AD 83,2025-11-04_22:12:01.642387
ED   49,0.00%,YES,&nbsp,174,AD 83,2025-11-04_22:12:01.642387
ED   49,0.00%,NO,&nbsp,19,AD 83,2025-11-04_22:12:01.642387
ED   50,0.00%,YES,&nbsp,150,AD 83,2025-11-04_22:12:01.642387
ED   50,0.00%,NO,&nbsp,36,AD 83,2025-11-04_22:12:01.642387
ED   51,0.00%,YES,&nbsp,145,AD 83,2025-11-04_22:12:01.642387
ED   51,0.00%,NO,&nbsp,28,AD 83,2025-11-04_22:12:01.642387
ED   52,0.00%,YES,&nbsp,183,AD 83,2025-11-04_22:12:01.642387
ED   52,0.00%,NO,&nbsp,22,AD 83,2025-11-04_22:12:01.642387
ED   53,0.00%,YES,&nbsp,178,AD 83,2025-11-04_22:12:01.642387
ED   53,0.00%,NO,&nbsp,48,AD 83,2025-11-04_22:12:01.642387
ED   54,0.00%,YES,&nbsp,269,AD 83,2025-11-04_22:12:01.642387
ED   54,0.00%,NO,&nbsp,66,AD 83,2025-11-04_22:12:01.642387
ED   55,0.00%,YES,&nbsp,105,AD 83,2025-11-04_22:12:01.642387
ED   55,0.00%,NO,&nbsp,44,AD 83,2025-11-04_22:12:01.642387
ED   56,0.00%,YES,&nbsp,242,AD 83,2025-11-04_22:12:01.642387
ED   56,0.00%,NO,&nbsp,65,AD 83,2025-11-04_22:12:01.642387
ED   57,0.00%,YES,&nbsp,31,AD 83,2025-11-04_22:12:01.642387
ED   57,0.00%,NO,&nbsp,11,AD 83,2025-11-04_22:12:01.642387
ED   58,0.00%,YES,&nbsp,-,AD 83,2025-11-04_22:12:01.642387
ED   58,0.00%,NO,&nbsp,-,AD 83,2025-11-04_22:12:01.642387
ED   59,0.00%,YES,&nbsp,-,AD 83,2025-11-04_22:12:01.642387
ED   59,0.00%,NO,&nbsp,-,AD 83,2025-11-04_22:12:01.642387
Total,,YES,&nbsp,12695,AD 83,2025-11-04_22:12:01.642387
Total,,NO,&nbsp,3259,AD 83,2025-11-04_22:12:01.642387
ED    1,0.00%,YES,&nbsp,213,AD 84,2025-11-04_22:12:01.642387
ED    1,0.00%,NO,&nbsp,76,AD 84,2025-11-04_22:12:01.642387
ED    2,0.00%,YES,&nbsp,116,AD 84,2025-11-04_22:12:01.642387
ED    2,0.00%,NO,&nbsp,49,AD 84,2025-11-04_22:12:01.642387
ED    3,0.00%,YES,&nbsp,223,AD 84,2025-11-04_22:12:01.642387
ED    3,0.00%,NO,&nbsp,61,AD 84,2025-11-04_22:12:01.642387
ED    4,0.00%,YES,&nbsp,203,AD 84,2025-11-04_22:12:01.642387
ED    4,0.00%,NO,&nbsp,45,AD 84,2025-11-04_22:12:01.642387
ED    5,0.00%,YES,&nbsp,237,AD 84,2025-11-04_22:12:01.642387
ED    5,0.00%,NO,&nbsp,59,AD 84,2025-11-04_22:12:01.642387
ED    6,0.00%,YES,&nbsp,266,AD 84,2025-11-04_22:12:01.642387
ED    6,0.00%,NO,&nbsp,57,AD 84,2025-11-04_22:12:01.642387
ED    7,0.00%,YES,&nbsp,209,AD 84,2025-11-04_22:12:01.642387
ED    7,0.00%,NO,&nbsp,64,AD 84,2025-11-04_22:12:01.642387
ED    8,0.00%,YES,&nbsp,246,AD 84,2025-11-04_22:12:01.642387
ED    8,0.00%,NO,&nbsp,72,AD 84,2025-11-04_22:12:01.642387
ED    9,0.00%,YES,&nbsp,158,AD 84,2025-11-04_22:12:01.642387
ED    9,0.00%,NO,&nbsp,64,AD 84,2025-11-04_22:12:01.642387
ED   10,0.00%,YES,&nbsp,239,AD 84,2025-11-04_22:12:01.642387
ED   10,0.00%,NO,&nbsp,54,AD 84,2025-11-04_22:12:01.642387
ED   11,0.00%,YES,&nbsp,245,AD 84,2025-11-04_22:12:01.642387
ED   11,0.00%,NO,&nbsp,82,AD 84,2025-11-04_22:12:01.642387
ED   12,0.00%,YES,&nbsp,219,AD 84,2025-11-04_22:12:01.642387
ED   12,0.00%,NO,&nbsp,92,AD 84,2025-11-04_22:12:01.642387
ED   13,0.00%,YES,&nbsp,164,AD 84,2025-11-04_22:12:01.642387
ED   13,0.00%,NO,&nbsp,68,AD 84,2025-11-04_22:12:01.642387
ED   14,0.00%,YES,&nbsp,269,AD 84,2025-11-04_22:12:01.642387
ED   14,0.00%,NO,&nbsp,105,AD 84,2025-11-04_22:12:01.642387
ED   15,0.00%,YES,&nbsp,147,AD 84,2025-11-04_22:12:01.642387
ED   15,0.00%,NO,&nbsp,66,AD 84,2025-11-04_22:12:01.642387
ED   16,0.00%,YES,&nbsp,122,AD 84,2025-11-04_22:12:01.642387
ED   16,0.00%,NO,&nbsp,44,AD 84,2025-11-04_22:12:01.642387
ED   17,0.00%,YES,&nbsp,316,AD 84,2025-11-04_22:12:01.642387
ED   17,0.00%,NO,&nbsp,62,AD 84,2025-11-04_22:12:01.642387
ED   18,0.00%,YES,&nbsp,185,AD 84,2025-11-04_22:12:01.642387
ED   18,0.00%,NO,&nbsp,59,AD 84,2025-11-04_22:12:01.642387
ED   19,0.00%,YES,&nbsp,173,AD 84,2025-11-04_22:12:01.642387
ED   19,0.00%,NO,&nbsp,37,AD 84,2025-11-04_22:12:01.642387
ED   20,0.00%,YES,&nbsp,257,AD 84,2025-11-04_22:12:01.642387
ED   20,0.00%,NO,&nbsp,79,AD 84,2025-11-04_22:12:01.642387
ED   21,0.00%,YES,&nbsp,131,AD 84,2025-11-04_22:12:01.642387
ED   21,0.00%,NO,&nbsp,57,AD 84,2025-11-04_22:12:01.642387
ED   22,0.00%,YES,&nbsp,235,AD 84,2025-11-04_22:12:01.642387
ED   22,0.00%,NO,&nbsp,57,AD 84,2025-11-04_22:12:01.642387
ED   23,0.00%,YES,&nbsp,209,AD 84,2025-11-04_22:12:01.642387
ED   23,0.00%,NO,&nbsp,86,AD 84,2025-11-04_22:12:01.642387
ED   24,0.00%,YES,&nbsp,140,AD 84,2025-11-04_22:12:01.642387
ED   24,0.00%,NO,&nbsp,45,AD 84,2025-11-04_22:12:01.642387
ED   25,0.00%,YES,&nbsp,269,AD 84,2025-11-04_22:12:01.642387
ED   25,0.00%,NO,&nbsp,84,AD 84,2025-11-04_22:12:01.642387
ED   26,0.00%,YES,&nbsp,157,AD 84,2025-11-04_22:12:01.642387
ED   26,0.00%,NO,&nbsp,53,AD 84,2025-11-04_22:12:01.642387
ED   27,0.00%,YES,&nbsp,74,AD 84,2025-11-04_22:12:01.642387
ED   27,0.00%,NO,&nbsp,32,AD 84,2025-11-04_22:12:01.642387
ED   28,0.00%,YES,&nbsp,229,AD 84,2025-11-04_22:12:01.642387
ED   28,0.00%,NO,&nbsp,79,AD 84,2025-11-04_22:12:01.642387
ED   29,0.00%,YES,&nbsp,261,AD 84,2025-11-04_22:12:01.642387
ED   29,0.00%,NO,&nbsp,75,AD 84,2025-11-04_22:12:01.642387
ED   30,0.00%,YES,&nbsp,178,AD 84,2025-11-04_22:12:01.642387
ED   30,0.00%,NO,&nbsp,81,AD 84,2025-11-04_22:12:01.642387
ED   31,0.00%,YES,&nbsp,163,AD 84,2025-11-04_22:12:01.642387
ED   31,0.00%,NO,&nbsp,51,AD 84,2025-11-04_22:12:01.642387
ED   32,0.00%,YES,&nbsp,212,AD 84,2025-11-04_22:12:01.642387
ED   32,0.00%,NO,&nbsp,66,AD 84,2025-11-04_22:12:01.642387
ED   33,0.00%,YES,&nbsp,125,AD 84,2025-11-04_22:12:01.642387
ED   33,0.00%,NO,&nbsp,23,AD 84,2025-11-04_22:12:01.642387
ED   34,0.00%,YES,&nbsp,117,AD 84,2025-11-04_22:12:01.642387
ED   34,0.00%,NO,&nbsp,34,AD 84,2025-11-04_22:12:01.642387
ED   35,0.00%,YES,&nbsp,142,AD 84,2025-11-04_22:12:01.642387
ED   35,0.00%,NO,&nbsp,51,AD 84,2025-11-04_22:12:01.642387
ED   36,0.00%,YES,&nbsp,93,AD 84,2025-11-04_22:12:01.642387
ED   36,0.00%,NO,&nbsp,35,AD 84,2025-11-04_22:12:01.642387
ED   37,0.00%,YES,&nbsp,142,AD 84,2025-11-04_22:12:01.642387
ED   37,0.00%,NO,&nbsp,58,AD 84,2025-11-04_22:12:01.642387
ED   38,0.00%,YES,&nbsp,102,AD 84,2025-11-04_22:12:01.642387
ED   38,0.00%,NO,&nbsp,48,AD 84,2025-11-04_22:12:01.642387
ED   39,0.00%,YES,&nbsp,106,AD 84,2025-11-04_22:12:01.642387
ED   39,0.00%,NO,&nbsp,39,AD 84,2025-11-04_22:12:01.642387
ED   40,0.00%,YES,&nbsp,79,AD 84,2025-11-04_22:12:01.642387
ED   40,0.00%,NO,&nbsp,27,AD 84,2025-11-04_22:12:01.642387
ED   41,0.00%,YES,&nbsp,126,AD 84,2025-11-04_22:12:01.642387
ED   41,0.00%,NO,&nbsp,32,AD 84,2025-11-04_22:12:01.642387
ED   42,0.00%,YES,&nbsp,181,AD 84,2025-11-04_22:12:01.642387
ED   42,0.00%,NO,&nbsp,56,AD 84,2025-11-04_22:12:01.642387
ED   43,0.00%,YES,&nbsp,204,AD 84,2025-11-04_22:12:01.642387
ED   43,0.00%,NO,&nbsp,47,AD 84,2025-11-04_22:12:01.642387
ED   44,0.00%,YES,&nbsp,342,AD 84,2025-11-04_22:12:01.642387
ED   44,0.00%,NO,&nbsp,83,AD 84,2025-11-04_22:12:01.642387
ED   45,0.00%,YES,&nbsp,292,AD 84,2025-11-04_22:12:01.642387
ED   45,0.00%,NO,&nbsp,88,AD 84,2025-11-04_22:12:01.642387
ED   46,0.00%,YES,&nbsp,158,AD 84,2025-11-04_22:12:01.642387
ED   46,0.00%,NO,&nbsp,30,AD 84,2025-11-04_22:12:01.642387
ED   47,0.00%,YES,&nbsp,14,AD 84,2025-11-04_22:12:01.642387
ED   47,0.00%,NO,&nbsp,10,AD 84,2025-11-04_22:12:01.642387
ED   48,0.00%,YES,&nbsp,41,AD 84,2025-11-04_22:12:01.642387
ED   48,0.00%,NO,&nbsp,14,AD 84,2025-11-04_22:12:01.642387
ED   49,0.00%,YES,&nbsp,13,AD 84,2025-11-04_22:12:01.642387
ED   49,0.00%,NO,&nbsp,1,AD 84,2025-11-04_22:12:01.642387
ED   50,0.00%,YES,&nbsp,18,AD 84,2025-11-04_22:12:01.642387
ED   50,0.00%,NO,&nbsp,23,AD 84,2025-11-04_22:12:01.642387
ED   51,0.00%,YES,&nbsp,305,AD 84,2025-11-04_22:12:01.642387
ED   51,0.00%,NO,&nbsp,139,AD 84,2025-11-04_22:12:01.642387
ED   52,0.00%,YES,&nbsp,61,AD 84,2025-11-04_22:12:01.642387
ED   52,0.00%,NO,&nbsp,21,AD 84,2025-11-04_22:12:01.642387
ED   53,0.00%,YES,&nbsp,173,AD 84,2025-11-04_22:12:01.642387
ED   53,0.00%,NO,&nbsp,59,AD 84,2025-11-04_22:12:01.642387
ED   54,0.00%,YES,&nbsp,27,AD 84,2025-11-04_22:12:01.642387
ED   54,0.00%,NO,&nbsp,19,AD 84,2025-11-04_22:12:01.642387
ED   55,0.00%,YES,&nbsp,270,AD 84,2025-11-04_22:12:01.642387
ED   55,0.00%,NO,&nbsp,74,AD 84,2025-11-04_22:12:01.642387
ED   56,0.00%,YES,&nbsp,93,AD 84,2025-11-04_22:12:01.642387
ED   56,0.00%,NO,&nbsp,17,AD 84,2025-11-04_22:12:01.642387
ED   57,0.00%,YES,&nbsp,225,AD 84,2025-11-04_22:12:01.642387
ED   57,0.00%,NO,&nbsp,49,AD 84,2025-11-04_22:12:01.642387
ED   58,0.00%,YES,&nbsp,-,AD 84,2025-11-04_22:12:01.642387
ED   58,0.00%,NO,&nbsp,-,AD 84,2025-11-04_22:12:01.642387
ED   59,0.00%,YES,&nbsp,-,AD 84,2025-11-04_22:12:01.642387
ED   59,0.00%,NO,&nbsp,-,AD 84,2025-11-04_22:12:01.642387
Total,,YES,&nbsp,9914,AD 84,2025-11-04_22:12:01.642387
Total,,NO,&nbsp,3138,AD 84,2025-11-04_22:12:01.642387
ED    1,0.00%,YES,&nbsp,435,AD 85,2025-11-04_22:12:01.642387
ED    1,0.00%,NO,&nbsp,187,AD 85,2025-11-04_22:12:01.642387
ED    2,0.00%,YES,&nbsp,269,AD 85,2025-11-04_22:12:01.642387
ED    2,0.00%,NO,&nbsp,143,AD 85,2025-11-04_22:12:01.642387
ED    3,0.00%,YES,&nbsp,237,AD 85,2025-11-04_22:12:01.642387
ED    3,0.00%,NO,&nbsp,115,AD 85,2025-11-04_22:12:01.642387
ED    4,0.00%,YES,&nbsp,255,AD 85,2025-11-04_22:12:01.642387
ED    4,0.00%,NO,&nbsp,95,AD 85,2025-11-04_22:12:01.642387
ED    5,0.00%,YES,&nbsp,333,AD 85,2025-11-04_22:12:01.642387
ED    5,0.00%,NO,&nbsp,122,AD 85,2025-11-04_22:12:01.642387
ED    6,0.00%,YES,&nbsp,168,AD 85,2025-11-04_22:12:01.642387
ED    6,0.00%,NO,&nbsp,39,AD 85,2025-11-04_22:12:01.642387
ED    7,0.00%,YES,&nbsp,194,AD 85,2025-11-04_22:12:01.642387
ED    7,0.00%,NO,&nbsp,25,AD 85,2025-11-04_22:12:01.642387
ED    8,0.00%,YES,&nbsp,120,AD 85,2025-11-04_22:12:01.642387
ED    8,0.00%,NO,&nbsp,44,AD 85,2025-11-04_22:12:01.642387
ED    9,0.00%,YES,&nbsp,269,AD 85,2025-11-04_22:12:01.642387
ED    9,0.00%,NO,&nbsp,117,AD 85,2025-11-04_22:12:01.642387
ED   10,0.00%,YES,&nbsp,133,AD 85,2025-11-04_22:12:01.642387
ED   10,0.00%,NO,&nbsp,67,AD 85,2025-11-04_22:12:01.642387
ED   11,0.00%,YES,&nbsp,227,AD 85,2025-11-04_22:12:01.642387
ED   11,0.00%,NO,&nbsp,65,AD 85,2025-11-04_22:12:01.642387
ED   12,0.00%,YES,&nbsp,174,AD 85,2025-11-04_22:12:01.642387
ED   12,0.00%,NO,&nbsp,46,AD 85,2025-11-04_22:12:01.642387
ED   13,0.00%,YES,&nbsp,211,AD 85,2025-11-04_22:12:01.642387
ED   13,0.00%,NO,&nbsp,55,AD 85,2025-11-04_22:12:01.642387
ED   14,0.00%,YES,&nbsp,197,AD 85,2025-11-04_22:12:01.642387
ED   14,0.00%,NO,&nbsp,49,AD 85,2025-11-04_22:12:01.642387
ED   15,0.00%,YES,&nbsp,356,AD 85,2025-11-04_22:12:01.642387
ED   15,0.00%,NO,&nbsp,130,AD 85,2025-11-04_22:12:01.642387
ED   16,0.00%,YES,&nbsp,202,AD 85,2025-11-04_22:12:01.642387
ED   16,0.00%,NO,&nbsp,58,AD 85,2025-11-04_22:12:01.642387
ED   17,0.00%,YES,&nbsp,193,AD 85,2025-11-04_22:12:01.642387
ED   17,0.00%,NO,&nbsp,57,AD 85,2025-11-04_22:12:01.642387
ED   18,0.00%,YES,&nbsp,329,AD 85,2025-11-04_22:12:01.642387
ED   18,0.00%,NO,&nbsp,93,AD 85,2025-11-04_22:12:01.642387
ED   19,0.00%,YES,&nbsp,184,AD 85,2025-11-04_22:12:01.642387
ED   19,0.00%,NO,&nbsp,44,AD 85,2025-11-04_22:12:01.642387
ED   20,0.00%,YES,&nbsp,150,AD 85,2025-11-04_22:12:01.642387
ED   20,0.00%,NO,&nbsp,33,AD 85,2025-11-04_22:12:01.642387
ED   21,0.00%,YES,&nbsp,261,AD 85,2025-11-04_22:12:01.642387
ED   21,0.00%,NO,&nbsp,106,AD 85,2025-11-04_22:12:01.642387
ED   22,0.00%,YES,&nbsp,265,AD 85,2025-11-04_22:12:01.642387
ED   22,0.00%,NO,&nbsp,93,AD 85,2025-11-04_22:12:01.642387
ED   23,0.00%,YES,&nbsp,146,AD 85,2025-11-04_22:12:01.642387
ED   23,0.00%,NO,&nbsp,46,AD 85,2025-11-04_22:12:01.642387
ED   24,0.00%,YES,&nbsp,89,AD 85,2025-11-04_22:12:01.642387
ED   24,0.00%,NO,&nbsp,28,AD 85,2025-11-04_22:12:01.642387
ED   25,0.00%,YES,&nbsp,165,AD 85,2025-11-04_22:12:01.642387
ED   25,0.00%,NO,&nbsp,43,AD 85,2025-11-04_22:12:01.642387
ED   26,0.00%,YES,&nbsp,149,AD 85,2025-11-04_22:12:01.642387
ED   26,0.00%,NO,&nbsp,28,AD 85,2025-11-04_22:12:01.642387
ED   27,0.00%,YES,&nbsp,169,AD 85,2025-11-04_22:12:01.642387
ED   27,0.00%,NO,&nbsp,49,AD 85,2025-11-04_22:12:01.642387
ED   28,0.00%,YES,&nbsp,270,AD 85,2025-11-04_22:12:01.642387
ED   28,0.00%,NO,&nbsp,82,AD 85,2025-11-04_22:12:01.642387
ED   29,0.00%,YES,&nbsp,294,AD 85,2025-11-04_22:12:01.642387
ED   29,0.00%,NO,&nbsp,97,AD 85,2025-11-04_22:12:01.642387
ED   30,0.00%,YES,&nbsp,181,AD 85,2025-11-04_22:12:01.642387
ED   30,0.00%,NO,&nbsp,50,AD 85,2025-11-04_22:12:01.642387
ED   31,0.00%,YES,&nbsp,192,AD 85,2025-11-04_22:12:01.642387
ED   31,0.00%,NO,&nbsp,49,AD 85,2025-11-04_22:12:01.642387
ED   32,0.00%,YES,&nbsp,191,AD 85,2025-11-04_22:12:01.642387
ED   32,0.00%,NO,&nbsp,69,AD 85,2025-11-04_22:12:01.642387
ED   33,0.00%,YES,&nbsp,205,AD 85,2025-11-04_22:12:01.642387
ED   33,0.00%,NO,&nbsp,41,AD 85,2025-11-04_22:12:01.642387
ED   34,0.00%,YES,&nbsp,261,AD 85,2025-11-04_22:12:01.642387
ED   34,0.00%,NO,&nbsp,48,AD 85,2025-11-04_22:12:01.642387
ED   35,0.00%,YES,&nbsp,223,AD 85,2025-11-04_22:12:01.642387
ED   35,0.00%,NO,&nbsp,53,AD 85,2025-11-04_22:12:01.642387
ED   36,0.00%,YES,&nbsp,239,AD 85,2025-11-04_22:12:01.642387
ED   36,0.00%,NO,&nbsp,78,AD 85,2025-11-04_22:12:01.642387
ED   37,0.00%,YES,&nbsp,177,AD 85,2025-11-04_22:12:01.642387
ED   37,0.00%,NO,&nbsp,40,AD 85,2025-11-04_22:12:01.642387
ED   38,0.00%,YES,&nbsp,318,AD 85,2025-11-04_22:12:01.642387
ED   38,0.00%,NO,&nbsp,129,AD 85,2025-11-04_22:12:01.642387
ED   39,0.00%,YES,&nbsp,246,AD 85,2025-11-04_22:12:01.642387
ED   39,0.00%,NO,&nbsp,68,AD 85,2025-11-04_22:12:01.642387
ED   40,0.00%,YES,&nbsp,146,AD 85,2025-11-04_22:12:01.642387
ED   40,0.00%,NO,&nbsp,50,AD 85,2025-11-04_22:12:01.642387
ED   41,0.00%,YES,&nbsp,288,AD 85,2025-11-04_22:12:01.642387
ED   41,0.00%,NO,&nbsp,67,AD 85,2025-11-04_22:12:01.642387
ED   42,0.00%,YES,&nbsp,177,AD 85,2025-11-04_22:12:01.642387
ED   42,0.00%,NO,&nbsp,46,AD 85,2025-11-04_22:12:01.642387
ED   43,0.00%,YES,&nbsp,190,AD 85,2025-11-04_22:12:01.642387
ED   43,0.00%,NO,&nbsp,83,AD 85,2025-11-04_22:12:01.642387
ED   44,0.00%,YES,&nbsp,172,AD 85,2025-11-04_22:12:01.642387
ED   44,0.00%,NO,&nbsp,46,AD 85,2025-11-04_22:12:01.642387
ED   45,0.00%,YES,&nbsp,158,AD 85,2025-11-04_22:12:01.642387
ED   45,0.00%,NO,&nbsp,47,AD 85,2025-11-04_22:12:01.642387
ED   46,0.00%,YES,&nbsp,234,AD 85,2025-11-04_22:12:01.642387
ED   46,0.00%,NO,&nbsp,63,AD 85,2025-11-04_22:12:01.642387
ED   47,0.00%,YES,&nbsp,108,AD 85,2025-11-04_22:12:01.642387
ED   47,0.00%,NO,&nbsp,30,AD 85,2025-11-04_22:12:01.642387
ED   48,0.00%,YES,&nbsp,115,AD 85,2025-11-04_22:12:01.642387
ED   48,0.00%,NO,&nbsp,41,AD 85,2025-11-04_22:12:01.642387
ED   49,0.00%,YES,&nbsp,94,AD 85,2025-11-04_22:12:01.642387
ED   49,0.00%,NO,&nbsp,39,AD 85,2025-11-04_22:12:01.642387
ED   50,0.00%,YES,&nbsp,177,AD 85,2025-11-04_22:12:01.642387
ED   50,0.00%,NO,&nbsp,60,AD 85,2025-11-04_22:12:01.642387
ED   51,0.00%,YES,&nbsp,406,AD 85,2025-11-04_22:12:01.642387
ED   51,0.00%,NO,&nbsp,208,AD 85,2025-11-04_22:12:01.642387
ED   52,0.00%,YES,&nbsp,-,AD 85,2025-11-04_22:12:01.642387
ED   52,0.00%,NO,&nbsp,-,AD 85,2025-11-04_22:12:01.642387
ED   53,0.00%,YES,&nbsp,-,AD 85,2025-11-04_22:12:01.642387
ED   53,0.00%,NO,&nbsp,-,AD 85,2025-11-04_22:12:01.642387
ED   54,0.00%,YES,&nbsp,-,AD 85,2025-11-04_22:12:01.642387
ED   54,0.00%,NO,&nbsp,-,AD 85,2025-11-04_22:12:01.642387
ED   55,0.00%,YES,&nbsp,-,AD 85,2025-11-04_22:12:01.642387
ED   55,0.00%,NO,&nbsp,-,AD 85,2025-11-04_22:12:01.642387
ED   56,0.00%,YES,&nbsp,-,AD 85,2025-11-04_22:12:01.642387
ED   56,0.00%,NO,&nbsp,-,AD 85,2025-11-04_22:12:01.642387
ED   57,0.00%,YES,&nbsp,-,AD 85,2025-11-04_22:12:01.642387
ED   57,0.00%,NO,&nbsp,-,AD 85,2025-11-04_22:12:01.642387
ED   58,0.00%,YES,&nbsp,-,AD 85,2025-11-04_22:12:01.642387
ED   58,0.00%,NO,&nbsp,-,AD 85,2025-11-04_22:12:01.642387
ED   59,0.00%,YES,&nbsp,-,AD 85,2025-11-04_22:12:01.642387
ED   59,0.00%,NO,&nbsp,-,AD 85,2025-11-04_22:12:01.642387
ED   60,0.00%,YES,&nbsp,-,AD 85,2025-11-04_22:12:01.642387
ED   60,0.00%,NO,&nbsp,-,AD 85,2025-11-04_22:12:01.642387
ED   61,0.00%,YES,&nbsp,1,AD 85,2025-11-04_22:12:01.642387
ED   61,0.00%,NO,&nbsp,-,AD 85,2025-11-04_22:12:01.642387
ED   62,0.00%,YES,&nbsp,-,AD 85,2025-11-04_22:12:01.642387
ED   62,0.00%,NO,&nbsp,-,AD 85,2025-11-04_22:12:01.642387
ED   63,0.00%,YES,&nbsp,-,AD 85,2025-11-04_22:12:01.642387
ED   63,0.00%,NO,&nbsp,-,AD 85,2025-11-04_22:12:01.642387
ED   64,0.00%,YES,&nbsp,-,AD 85,2025-11-04_22:12:01.642387
ED   64,0.00%,NO,&nbsp,-,AD 85,2025-11-04_22:12:01.642387
ED   65,0.00%,YES,&nbsp,-,AD 85,2025-11-04_22:12:01.642387
ED   65,0.00%,NO,&nbsp,-,AD 85,2025-11-04_22:12:01.642387
ED   66,0.00%,YES,&nbsp,-,AD 85,2025-11-04_22:12:01.642387
ED   66,0.00%,NO,&nbsp,-,AD 85,2025-11-04_22:12:01.642387
ED   67,0.00%,YES,&nbsp,-,AD 85,2025-11-04_22:12:01.642387
ED   67,0.00%,NO,&nbsp,-,AD 85,2025-11-04_22:12:01.642387
ED   68,0.00%,YES,&nbsp,-,AD 85,2025-11-04_22:12:01.642387
ED   68,0.00%,NO,&nbsp,-,AD 85,2025-11-04_22:12:01.642387
ED   69,0.00%,YES,&nbsp,-,AD 85,2025-11-04_22:12:01.642387
ED   69,0.00%,NO,&nbsp,-,AD 85,2025-11-04_22:12:01.642387
ED   70,0.00%,YES,&nbsp,-,AD 85,2025-11-04_22:12:01.642387
ED   70,0.00%,NO,&nbsp,-,AD 85,2025-11-04_22:12:01.642387
ED   71,0.00%,YES,&nbsp,-,AD 85,2025-11-04_22:12:01.642387
ED   71,0.00%,NO,&nbsp,-,AD 85,2025-11-04_22:12:01.642387
ED   72,0.00%,YES,&nbsp,-,AD 85,2025-11-04_22:12:01.642387
ED   72,0.00%,NO,&nbsp,-,AD 85,2025-11-04_22:12:01.642387
ED   73,0.00%,YES,&nbsp,-,AD 85,2025-11-04_22:12:01.642387
ED   73,0.00%,NO,&nbsp,-,AD 85,2025-11-04_22:12:01.642387
ED   74,0.00%,YES,&nbsp,-,AD 85,2025-11-04_22:12:01.642387
ED   74,0.00%,NO,&nbsp,-,AD 85,2025-11-04_22:12:01.642387
ED   75,0.00%,YES,&nbsp,-,AD 85,2025-11-04_22:12:01.642387
ED   75,0.00%,NO,&nbsp,-,AD 85,2025-11-04_22:12:01.642387
ED   76,0.00%,YES,&nbsp,-,AD 85,2025-11-04_22:12:01.642387
ED   76,0.00%,NO,&nbsp,-,AD 85,2025-11-04_22:12:01.642387
ED   77,0.00%,YES,&nbsp,-,AD 85,2025-11-04_22:12:01.642387
ED   77,0.00%,NO,&nbsp,-,AD 85,2025-11-04_22:12:01.642387
ED   78,0.00%,YES,&nbsp,-,AD 85,2025-11-04_22:12:01.642387
ED   78,0.00%,NO,&nbsp,-,AD 85,2025-11-04_22:12:01.642387
ED   79,0.00%,YES,&nbsp,-,AD 85,2025-11-04_22:12:01.642387
ED   79,0.00%,NO,&nbsp,-,AD 85,2025-11-04_22:12:01.642387
ED   80,0.00%,YES,&nbsp,-,AD 85,2025-11-04_22:12:01.642387
ED   80,0.00%,NO,&nbsp,-,AD 85,2025-11-04_22:12:01.642387
ED   81,0.00%,YES,&nbsp,-,AD 85,2025-11-04_22:12:01.642387
ED   81,0.00%,NO,&nbsp,-,AD 85,2025-11-04_22:12:01.642387
Total,,YES,&nbsp,10943,AD 85,2025-11-04_22:12:01.642387
Total,,NO,&nbsp,3561,AD 85,2025-11-04_22:12:01.642387
ED    1,0.00%,YES,&nbsp,147,AD 86,2025-11-04_22:12:01.642387
ED    1,0.00%,NO,&nbsp,53,AD 86,2025-11-04_22:12:01.642387
ED    2,0.00%,YES,&nbsp,235,AD 86,2025-11-04_22:12:01.642387
ED    2,0.00%,NO,&nbsp,41,AD 86,2025-11-04_22:12:01.642387
ED    3,0.00%,YES,&nbsp,22,AD 86,2025-11-04_22:12:01.642387
ED    3,0.00%,NO,&nbsp,7,AD 86,2025-11-04_22:12:01.642387
ED    4,0.00%,YES,&nbsp,204,AD 86,2025-11-04_22:12:01.642387
ED    4,0.00%,NO,&nbsp,41,AD 86,2025-11-04_22:12:01.642387
ED    5,0.00%,YES,&nbsp,176,AD 86,2025-11-04_22:12:01.642387
ED    5,0.00%,NO,&nbsp,37,AD 86,2025-11-04_22:12:01.642387
ED    6,0.00%,YES,&nbsp,171,AD 86,2025-11-04_22:12:01.642387
ED    6,0.00%,NO,&nbsp,51,AD 86,2025-11-04_22:12:01.642387
ED    7,0.00%,YES,&nbsp,264,AD 86,2025-11-04_22:12:01.642387
ED    7,0.00%,NO,&nbsp,57,AD 86,2025-11-04_22:12:01.642387
ED    8,0.00%,YES,&nbsp,188,AD 86,2025-11-04_22:12:01.642387
ED    8,0.00%,NO,&nbsp,40,AD 86,2025-11-04_22:12:01.642387
ED    9,0.00%,YES,&nbsp,333,AD 86,2025-11-04_22:12:01.642387
ED    9,0.00%,NO,&nbsp,68,AD 86,2025-11-04_22:12:01.642387
ED   10,0.00%,YES,&nbsp,33,AD 86,2025-11-04_22:12:01.642387
ED   10,0.00%,NO,&nbsp,14,AD 86,2025-11-04_22:12:01.642387
ED   11,0.00%,YES,&nbsp,23,AD 86,2025-11-04_22:12:01.642387
ED   11,0.00%,NO,&nbsp,11,AD 86,2025-11-04_22:12:01.642387
ED   12,0.00%,YES,&nbsp,26,AD 86,2025-11-04_22:12:01.642387
ED   12,0.00%,NO,&nbsp,7,AD 86,2025-11-04_22:12:01.642387
ED   13,0.00%,YES,&nbsp,17,AD 86,2025-11-04_22:12:01.642387
ED   13,0.00%,NO,&nbsp,13,AD 86,2025-11-04_22:12:01.642387
ED   14,0.00%,YES,&nbsp,12,AD 86,2025-11-04_22:12:01.642387
ED   14,0.00%,NO,&nbsp,2,AD 86,2025-11-04_22:12:01.642387
ED   15,0.00%,YES,&nbsp,137,AD 86,2025-11-04_22:12:01.642387
ED   15,0.00%,NO,&nbsp,38,AD 86,2025-11-04_22:12:01.642387
ED   16,0.00%,YES,&nbsp,207,AD 86,2025-11-04_22:12:01.642387
ED   16,0.00%,NO,&nbsp,90,AD 86,2025-11-04_22:12:01.642387
ED   17,0.00%,YES,&nbsp,21,AD 86,2025-11-04_22:12:01.642387
ED   17,0.00%,NO,&nbsp,4,AD 86,2025-11-04_22:12:01.642387
ED   18,0.00%,YES,&nbsp,200,AD 86,2025-11-04_22:12:01.642387
ED   18,0.00%,NO,&nbsp,50,AD 86,2025-11-04_22:12:01.642387
ED   19,0.00%,YES,&nbsp,38,AD 86,2025-11-04_22:12:01.642387
ED   19,0.00%,NO,&nbsp,10,AD 86,2025-11-04_22:12:01.642387
ED   20,0.00%,YES,&nbsp,164,AD 86,2025-11-04_22:12:01.642387
ED   20,0.00%,NO,&nbsp,48,AD 86,2025-11-04_22:12:01.642387
ED   21,0.00%,YES,&nbsp,186,AD 86,2025-11-04_22:12:01.642387
ED   21,0.00%,NO,&nbsp,49,AD 86,2025-11-04_22:12:01.642387
ED   22,0.00%,YES,&nbsp,148,AD 86,2025-11-04_22:12:01.642387
ED   22,0.00%,NO,&nbsp,61,AD 86,2025-11-04_22:12:01.642387
ED   23,0.00%,YES,&nbsp,143,AD 86,2025-11-04_22:12:01.642387
ED   23,0.00%,NO,&nbsp,58,AD 86,2025-11-04_22:12:01.642387
ED   24,0.00%,YES,&nbsp,133,AD 86,2025-11-04_22:12:01.642387
ED   24,0.00%,NO,&nbsp,31,AD 86,2025-11-04_22:12:01.642387
ED   25,0.00%,YES,&nbsp,127,AD 86,2025-11-04_22:12:01.642387
ED   25,0.00%,NO,&nbsp,45,AD 86,2025-11-04_22:12:01.642387
ED   26,0.00%,YES,&nbsp,54,AD 86,2025-11-04_22:12:01.642387
ED   26,0.00%,NO,&nbsp,11,AD 86,2025-11-04_22:12:01.642387
ED   27,0.00%,YES,&nbsp,39,AD 86,2025-11-04_22:12:01.642387
ED   27,0.00%,NO,&nbsp,11,AD 86,2025-11-04_22:12:01.642387
ED   28,0.00%,YES,&nbsp,51,AD 86,2025-11-04_22:12:01.642387
ED   28,0.00%,NO,&nbsp,10,AD 86,2025-11-04_22:12:01.642387
ED   29,0.00%,YES,&nbsp,54,AD 86,2025-11-04_22:12:01.642387
ED   29,0.00%,NO,&nbsp,23,AD 86,2025-11-04_22:12:01.642387
ED   30,0.00%,YES,&nbsp,222,AD 86,2025-11-04_22:12:01.642387
ED   30,0.00%,NO,&nbsp,58,AD 86,2025-11-04_22:12:01.642387
ED   31,0.00%,YES,&nbsp,265,AD 86,2025-11-04_22:12:01.642387
ED   31,0.00%,NO,&nbsp,44,AD 86,2025-11-04_22:12:01.642387
ED   32,0.00%,YES,&nbsp,206,AD 86,2025-11-04_22:12:01.642387
ED   32,0.00%,NO,&nbsp,53,AD 86,2025-11-04_22:12:01.642387
ED   33,0.00%,YES,&nbsp,265,AD 86,2025-11-04_22:12:01.642387
ED   33,0.00%,NO,&nbsp,50,AD 86,2025-11-04_22:12:01.642387
ED   34,0.00%,YES,&nbsp,21,AD 86,2025-11-04_22:12:01.642387
ED   34,0.00%,NO,&nbsp,7,AD 86,2025-11-04_22:12:01.642387
ED   35,0.00%,YES,&nbsp,98,AD 86,2025-11-04_22:12:01.642387
ED   35,0.00%,NO,&nbsp,27,AD 86,2025-11-04_22:12:01.642387
ED   36,0.00%,YES,&nbsp,147,AD 86,2025-11-04_22:12:01.642387
ED   36,0.00%,NO,&nbsp,26,AD 86,2025-11-04_22:12:01.642387
ED   37,0.00%,YES,&nbsp,211,AD 86,2025-11-04_22:12:01.642387
ED   37,0.00%,NO,&nbsp,66,AD 86,2025-11-04_22:12:01.642387
ED   38,0.00%,YES,&nbsp,217,AD 86,2025-11-04_22:12:01.642387
ED   38,0.00%,NO,&nbsp,48,AD 86,2025-11-04_22:12:01.642387
ED   39,0.00%,YES,&nbsp,117,AD 86,2025-11-04_22:12:01.642387
ED   39,0.00%,NO,&nbsp,26,AD 86,2025-11-04_22:12:01.642387
ED   40,0.00%,YES,&nbsp,137,AD 86,2025-11-04_22:12:01.642387
ED   40,0.00%,NO,&nbsp,37,AD 86,2025-11-04_22:12:01.642387
ED   41,0.00%,YES,&nbsp,160,AD 86,2025-11-04_22:12:01.642387
ED   41,0.00%,NO,&nbsp,49,AD 86,2025-11-04_22:12:01.642387
ED   42,0.00%,YES,&nbsp,236,AD 86,2025-11-04_22:12:01.642387
ED   42,0.00%,NO,&nbsp,50,AD 86,2025-11-04_22:12:01.642387
ED   43,0.00%,YES,&nbsp,160,AD 86,2025-11-04_22:12:01.642387
ED   43,0.00%,NO,&nbsp,48,AD 86,2025-11-04_22:12:01.642387
ED   44,0.00%,YES,&nbsp,196,AD 86,2025-11-04_22:12:01.642387
ED   44,0.00%,NO,&nbsp,46,AD 86,2025-11-04_22:12:01.642387
ED   45,0.00%,YES,&nbsp,9,AD 86,2025-11-04_22:12:01.642387
ED   45,0.00%,NO,&nbsp,1,AD 86,2025-11-04_22:12:01.642387
ED   46,0.00%,YES,&nbsp,149,AD 86,2025-11-04_22:12:01.642387
ED   46,0.00%,NO,&nbsp,49,AD 86,2025-11-04_22:12:01.642387
ED   47,0.00%,YES,&nbsp,169,AD 86,2025-11-04_22:12:01.642387
ED   47,0.00%,NO,&nbsp,55,AD 86,2025-11-04_22:12:01.642387
ED   48,0.00%,YES,&nbsp,166,AD 86,2025-11-04_22:12:01.642387
ED   48,0.00%,NO,&nbsp,45,AD 86,2025-11-04_22:12:01.642387
ED   49,0.00%,YES,&nbsp,263,AD 86,2025-11-04_22:12:01.642387
ED   49,0.00%,NO,&nbsp,61,AD 86,2025-11-04_22:12:01.642387
ED   50,0.00%,YES,&nbsp,262,AD 86,2025-11-04_22:12:01.642387
ED   50,0.00%,NO,&nbsp,54,AD 86,2025-11-04_22:12:01.642387
ED   51,0.00%,YES,&nbsp,-,AD 86,2025-11-04_22:12:01.642387
ED   51,0.00%,NO,&nbsp,-,AD 86,2025-11-04_22:12:01.642387
ED   52,0.00%,YES,&nbsp,-,AD 86,2025-11-04_22:12:01.642387
ED   52,0.00%,NO,&nbsp,-,AD 86,2025-11-04_22:12:01.642387
Total,,YES,&nbsp,7229,AD 86,2025-11-04_22:12:01.642387
Total,,NO,&nbsp,1881,AD 86,2025-11-04_22:12:01.642387
ED    1,0.00%,YES,&nbsp,200,AD 87,2025-11-04_22:12:01.642387
ED    1,0.00%,NO,&nbsp,43,AD 87,2025-11-04_22:12:01.642387
ED    2,0.00%,YES,&nbsp,28,AD 87,2025-11-04_22:12:01.642387
ED    2,0.00%,NO,&nbsp,12,AD 87,2025-11-04_22:12:01.642387
ED    3,0.00%,YES,&nbsp,152,AD 87,2025-11-04_22:12:01.642387
ED    3,0.00%,NO,&nbsp,42,AD 87,2025-11-04_22:12:01.642387
ED    4,0.00%,YES,&nbsp,225,AD 87,2025-11-04_22:12:01.642387
ED    4,0.00%,NO,&nbsp,59,AD 87,2025-11-04_22:12:01.642387
ED    5,0.00%,YES,&nbsp,220,AD 87,2025-11-04_22:12:01.642387
ED    5,0.00%,NO,&nbsp,78,AD 87,2025-11-04_22:12:01.642387
ED    6,0.00%,YES,&nbsp,26,AD 87,2025-11-04_22:12:01.642387
ED    6,0.00%,NO,&nbsp,5,AD 87,2025-11-04_22:12:01.642387
ED    7,0.00%,YES,&nbsp,37,AD 87,2025-11-04_22:12:01.642387
ED    7,0.00%,NO,&nbsp,10,AD 87,2025-11-04_22:12:01.642387
ED    8,0.00%,YES,&nbsp,160,AD 87,2025-11-04_22:12:01.642387
ED    8,0.00%,NO,&nbsp,74,AD 87,2025-11-04_22:12:01.642387
ED    9,0.00%,YES,&nbsp,248,AD 87,2025-11-04_22:12:01.642387
ED    9,0.00%,NO,&nbsp,105,AD 87,2025-11-04_22:12:01.642387
ED   10,0.00%,YES,&nbsp,198,AD 87,2025-11-04_22:12:01.642387
ED   10,0.00%,NO,&nbsp,68,AD 87,2025-11-04_22:12:01.642387
ED   11,0.00%,YES,&nbsp,256,AD 87,2025-11-04_22:12:01.642387
ED   11,0.00%,NO,&nbsp,72,AD 87,2025-11-04_22:12:01.642387
ED   12,0.00%,YES,&nbsp,222,AD 87,2025-11-04_22:12:01.642387
ED   12,0.00%,NO,&nbsp,86,AD 87,2025-11-04_22:12:01.642387
ED   13,0.00%,YES,&nbsp,244,AD 87,2025-11-04_22:12:01.642387
ED   13,0.00%,NO,&nbsp,62,AD 87,2025-11-04_22:12:01.642387
ED   14,0.00%,YES,&nbsp,301,AD 87,2025-11-04_22:12:01.642387
ED   14,0.00%,NO,&nbsp,120,AD 87,2025-11-04_22:12:01.642387
ED   15,0.00%,YES,&nbsp,337,AD 87,2025-11-04_22:12:01.642387
ED   15,0.00%,NO,&nbsp,100,AD 87,2025-11-04_22:12:01.642387
ED   16,0.00%,YES,&nbsp,304,AD 87,2025-11-04_22:12:01.642387
ED   16,0.00%,NO,&nbsp,96,AD 87,2025-11-04_22:12:01.642387
ED   17,0.00%,YES,&nbsp,250,AD 87,2025-11-04_22:12:01.642387
ED   17,0.00%,NO,&nbsp,90,AD 87,2025-11-04_22:12:01.642387
ED   18,0.00%,YES,&nbsp,354,AD 87,2025-11-04_22:12:01.642387
ED   18,0.00%,NO,&nbsp,126,AD 87,2025-11-04_22:12:01.642387
ED   19,0.00%,YES,&nbsp,352,AD 87,2025-11-04_22:12:01.642387
ED   19,0.00%,NO,&nbsp,106,AD 87,2025-11-04_22:12:01.642387
ED   20,0.00%,YES,&nbsp,338,AD 87,2025-11-04_22:12:01.642387
ED   20,0.00%,NO,&nbsp,82,AD 87,2025-11-04_22:12:01.642387
ED   21,0.00%,YES,&nbsp,313,AD 87,2025-11-04_22:12:01.642387
ED   21,0.00%,NO,&nbsp,103,AD 87,2025-11-04_22:12:01.642387
ED   22,0.00%,YES,&nbsp,327,AD 87,2025-11-04_22:12:01.642387
ED   22,0.00%,NO,&nbsp,107,AD 87,2025-11-04_22:12:01.642387
ED   23,0.00%,YES,&nbsp,480,AD 87,2025-11-04_22:12:01.642387
ED   23,0.00%,NO,&nbsp,112,AD 87,2025-11-04_22:12:01.642387
ED   24,0.00%,YES,&nbsp,424,AD 87,2025-11-04_22:12:01.642387
ED   24,0.00%,NO,&nbsp,109,AD 87,2025-11-04_22:12:01.642387
ED   25,0.00%,YES,&nbsp,393,AD 87,2025-11-04_22:12:01.642387
ED   25,0.00%,NO,&nbsp,133,AD 87,2025-11-04_22:12:01.642387
ED   26,0.00%,YES,&nbsp,352,AD 87,2025-11-04_22:12:01.642387
ED   26,0.00%,NO,&nbsp,148,AD 87,2025-11-04_22:12:01.642387
ED   27,0.00%,YES,&nbsp,324,AD 87,2025-11-04_22:12:01.642387
ED   27,0.00%,NO,&nbsp,90,AD 87,2025-11-04_22:12:01.642387
ED   28,0.00%,YES,&nbsp,284,AD 87,2025-11-04_22:12:01.642387
ED   28,0.00%,NO,&nbsp,102,AD 87,2025-11-04_22:12:01.642387
ED   29,0.00%,YES,&nbsp,272,AD 87,2025-11-04_22:12:01.642387
ED   29,0.00%,NO,&nbsp,116,AD 87,2025-11-04_22:12:01.642387
ED   30,0.00%,YES,&nbsp,264,AD 87,2025-11-04_22:12:01.642387
ED   30,0.00%,NO,&nbsp,93,AD 87,2025-11-04_22:12:01.642387
ED   31,0.00%,YES,&nbsp,298,AD 87,2025-11-04_22:12:01.642387
ED   31,0.00%,NO,&nbsp,119,AD 87,2025-11-04_22:12:01.642387
ED   32,0.00%,YES,&nbsp,245,AD 87,2025-11-04_22:12:01.642387
ED   32,0.00%,NO,&nbsp,98,AD 87,2025-11-04_22:12:01.642387
ED   33,0.00%,YES,&nbsp,11,AD 87,2025-11-04_22:12:01.642387
ED   33,0.00%,NO,&nbsp,5,AD 87,2025-11-04_22:12:01.642387
ED   34,0.00%,YES,&nbsp,278,AD 87,2025-11-04_22:12:01.642387
ED   34,0.00%,NO,&nbsp,73,AD 87,2025-11-04_22:12:01.642387
ED   35,0.00%,YES,&nbsp,246,AD 87,2025-11-04_22:12:01.642387
ED   35,0.00%,NO,&nbsp,61,AD 87,2025-11-04_22:12:01.642387
ED   36,0.00%,YES,&nbsp,27,AD 87,2025-11-04_22:12:01.642387
ED   36,0.00%,NO,&nbsp,6,AD 87,2025-11-04_22:12:01.642387
ED   37,0.00%,YES,&nbsp,239,AD 87,2025-11-04_22:12:01.642387
ED   37,0.00%,NO,&nbsp,86,AD 87,2025-11-04_22:12:01.642387
ED   38,0.00%,YES,&nbsp,245,AD 87,2025-11-04_22:12:01.642387
ED   38,0.00%,NO,&nbsp,99,AD 87,2025-11-04_22:12:01.642387
ED   39,0.00%,YES,&nbsp,366,AD 87,2025-11-04_22:12:01.642387
ED   39,0.00%,NO,&nbsp,99,AD 87,2025-11-04_22:12:01.642387
ED   40,0.00%,YES,&nbsp,290,AD 87,2025-11-04_22:12:01.642387
ED   40,0.00%,NO,&nbsp,79,AD 87,2025-11-04_22:12:01.642387
ED   41,0.00%,YES,&nbsp,218,AD 87,2025-11-04_22:12:01.642387
ED   41,0.00%,NO,&nbsp,90,AD 87,2025-11-04_22:12:01.642387
ED   42,0.00%,YES,&nbsp,281,AD 87,2025-11-04_22:12:01.642387
ED   42,0.00%,NO,&nbsp,98,AD 87,2025-11-04_22:12:01.642387
ED   43,0.00%,YES,&nbsp,300,AD 87,2025-11-04_22:12:01.642387
ED   43,0.00%,NO,&nbsp,107,AD 87,2025-11-04_22:12:01.642387
ED   44,0.00%,YES,&nbsp,242,AD 87,2025-11-04_22:12:01.642387
ED   44,0.00%,NO,&nbsp,82,AD 87,2025-11-04_22:12:01.642387
ED   45,0.00%,YES,&nbsp,258,AD 87,2025-11-04_22:12:01.642387
ED   45,0.00%,NO,&nbsp,116,AD 87,2025-11-04_22:12:01.642387
ED   46,0.00%,YES,&nbsp,245,AD 87,2025-11-04_22:12:01.642387
ED   46,0.00%,NO,&nbsp,88,AD 87,2025-11-04_22:12:01.642387
ED   47,0.00%,YES,&nbsp,266,AD 87,2025-11-04_22:12:01.642387
ED   47,0.00%,NO,&nbsp,137,AD 87,2025-11-04_22:12:01.642387
ED   48,0.00%,YES,&nbsp,297,AD 87,2025-11-04_22:12:01.642387
ED   48,0.00%,NO,&nbsp,123,AD 87,2025-11-04_22:12:01.642387
ED   49,0.00%,YES,&nbsp,303,AD 87,2025-11-04_22:12:01.642387
ED   49,0.00%,NO,&nbsp,110,AD 87,2025-11-04_22:12:01.642387
ED   50,0.00%,YES,&nbsp,175,AD 87,2025-11-04_22:12:01.642387
ED   50,0.00%,NO,&nbsp,28,AD 87,2025-11-04_22:12:01.642387
ED   51,0.00%,YES,&nbsp,204,AD 87,2025-11-04_22:12:01.642387
ED   51,0.00%,NO,&nbsp,66,AD 87,2025-11-04_22:12:01.642387
ED   52,0.00%,YES,&nbsp,146,AD 87,2025-11-04_22:12:01.642387
ED   52,0.00%,NO,&nbsp,40,AD 87,2025-11-04_22:12:01.642387
ED   53,0.00%,YES,&nbsp,-,AD 87,2025-11-04_22:12:01.642387
ED   53,0.00%,NO,&nbsp,-,AD 87,2025-11-04_22:12:01.642387
ED   54,0.00%,YES,&nbsp,-,AD 87,2025-11-04_22:12:01.642387
ED   54,0.00%,NO,&nbsp,-,AD 87,2025-11-04_22:12:01.642387
ED   55,0.00%,YES,&nbsp,-,AD 87,2025-11-04_22:12:01.642387
ED   55,0.00%,NO,&nbsp,-,AD 87,2025-11-04_22:12:01.642387
Total,,YES,&nbsp,13065,AD 87,2025-11-04_22:12:01.642387
Total,,NO,&nbsp,4359,AD 87,2025-11-04_22:12:01.642387
