ED_num,reported,candidate,party,votes,AD_num,scrape_time
ED    1,97.98%,YES,&nbsp,367,AD 23,2025-11-05_01:52:52.004017
ED    1,97.98%,NO,&nbsp,674,AD 23,2025-11-05_01:52:52.004017
ED    2,97.98%,YES,&nbsp,304,AD 23,2025-11-05_01:52:52.004017
ED    2,97.98%,NO,&nbsp,715,AD 23,2025-11-05_01:52:52.004017
ED    3,97.98%,YES,&nbsp,106,AD 23,2025-11-05_01:52:52.004017
ED    3,97.98%,NO,&nbsp,249,AD 23,2025-11-05_01:52:52.004017
ED    4,97.98%,YES,&nbsp,321,AD 23,2025-11-05_01:52:52.004017
ED    4,97.98%,NO,&nbsp,712,AD 23,2025-11-05_01:52:52.004017
ED    5,97.98%,YES,&nbsp,311,AD 23,2025-11-05_01:52:52.004017
ED    5,97.98%,NO,&nbsp,732,AD 23,2025-11-05_01:52:52.004017
ED    6,97.98%,YES,&nbsp,304,AD 23,2025-11-05_01:52:52.004017
ED    6,97.98%,NO,&nbsp,727,AD 23,2025-11-05_01:52:52.004017
ED    7,97.98%,YES,&nbsp,369,AD 23,2025-11-05_01:52:52.004017
ED    7,97.98%,NO,&nbsp,717,AD 23,2025-11-05_01:52:52.004017
ED    8,97.98%,YES,&nbsp,124,AD 23,2025-11-05_01:52:52.004017
ED    8,97.98%,NO,&nbsp,234,AD 23,2025-11-05_01:52:52.004017
ED    9,97.98%,YES,&nbsp,75,AD 23,2025-11-05_01:52:52.004017
ED    9,97.98%,NO,&nbsp,128,AD 23,2025-11-05_01:52:52.004017
ED   10,97.98%,YES,&nbsp,262,AD 23,2025-11-05_01:52:52.004017
ED   10,97.98%,NO,&nbsp,577,AD 23,2025-11-05_01:52:52.004017
ED   11,97.98%,YES,&nbsp,214,AD 23,2025-11-05_01:52:52.004017
ED   11,97.98%,NO,&nbsp,300,AD 23,2025-11-05_01:52:52.004017
ED   12,97.98%,YES,&nbsp,62,AD 23,2025-11-05_01:52:52.004017
ED   12,97.98%,NO,&nbsp,83,AD 23,2025-11-05_01:52:52.004017
ED   13,97.98%,YES,&nbsp,167,AD 23,2025-11-05_01:52:52.004017
ED   13,97.98%,NO,&nbsp,254,AD 23,2025-11-05_01:52:52.004017
ED   14,97.98%,YES,&nbsp,184,AD 23,2025-11-05_01:52:52.004017
ED   14,97.98%,NO,&nbsp,283,AD 23,2025-11-05_01:52:52.004017
ED   15,97.98%,YES,&nbsp,192,AD 23,2025-11-05_01:52:52.004017
ED   15,97.98%,NO,&nbsp,214,AD 23,2025-11-05_01:52:52.004017
ED   16,97.98%,YES,&nbsp,125,AD 23,2025-11-05_01:52:52.004017
ED   16,97.98%,NO,&nbsp,153,AD 23,2025-11-05_01:52:52.004017
ED   17,97.98%,YES,&nbsp,159,AD 23,2025-11-05_01:52:52.004017
ED   17,97.98%,NO,&nbsp,395,AD 23,2025-11-05_01:52:52.004017
ED   18,97.98%,YES,&nbsp,271,AD 23,2025-11-05_01:52:52.004017
ED   18,97.98%,NO,&nbsp,303,AD 23,2025-11-05_01:52:52.004017
ED   19,97.98%,YES,&nbsp,33,AD 23,2025-11-05_01:52:52.004017
ED   19,97.98%,NO,&nbsp,37,AD 23,2025-11-05_01:52:52.004017
ED   20,97.98%,YES,&nbsp,87,AD 23,2025-11-05_01:52:52.004017
ED   20,97.98%,NO,&nbsp,78,AD 23,2025-11-05_01:52:52.004017
ED   21,97.98%,YES,&nbsp,96,AD 23,2025-11-05_01:52:52.004017
ED   21,97.98%,NO,&nbsp,192,AD 23,2025-11-05_01:52:52.004017
ED   22,97.98%,YES,&nbsp,72,AD 23,2025-11-05_01:52:52.004017
ED   22,97.98%,NO,&nbsp,47,AD 23,2025-11-05_01:52:52.004017
ED   23,97.98%,YES,&nbsp,110,AD 23,2025-11-05_01:52:52.004017
ED   23,97.98%,NO,&nbsp,63,AD 23,2025-11-05_01:52:52.004017
ED   24,97.98%,YES,&nbsp,99,AD 23,2025-11-05_01:52:52.004017
ED   24,97.98%,NO,&nbsp,92,AD 23,2025-11-05_01:52:52.004017
ED   25,97.98%,YES,&nbsp,140,AD 23,2025-11-05_01:52:52.004017
ED   25,97.98%,NO,&nbsp,338,AD 23,2025-11-05_01:52:52.004017
ED   26,97.98%,YES,&nbsp,115,AD 23,2025-11-05_01:52:52.004017
ED   26,97.98%,NO,&nbsp,133,AD 23,2025-11-05_01:52:52.004017
ED   27,97.98%,YES,&nbsp,133,AD 23,2025-11-05_01:52:52.004017
ED   27,97.98%,NO,&nbsp,558,AD 23,2025-11-05_01:52:52.004017
ED   28,97.98%,YES,&nbsp,156,AD 23,2025-11-05_01:52:52.004017
ED   28,97.98%,NO,&nbsp,301,AD 23,2025-11-05_01:52:52.004017
ED   29,97.98%,YES,&nbsp,89,AD 23,2025-11-05_01:52:52.004017
ED   29,97.98%,NO,&nbsp,665,AD 23,2025-11-05_01:52:52.004017
ED   30,97.98%,YES,&nbsp,140,AD 23,2025-11-05_01:52:52.004017
ED   30,97.98%,NO,&nbsp,473,AD 23,2025-11-05_01:52:52.004017
ED   31,97.98%,YES,&nbsp,177,AD 23,2025-11-05_01:52:52.004017
ED   31,97.98%,NO,&nbsp,383,AD 23,2025-11-05_01:52:52.004017
ED   32,97.98%,YES,&nbsp,179,AD 23,2025-11-05_01:52:52.004017
ED   32,97.98%,NO,&nbsp,548,AD 23,2025-11-05_01:52:52.004017
ED   33,97.98%,YES,&nbsp,202,AD 23,2025-11-05_01:52:52.004017
ED   33,97.98%,NO,&nbsp,658,AD 23,2025-11-05_01:52:52.004017
ED   34,97.98%,YES,&nbsp,211,AD 23,2025-11-05_01:52:52.004017
ED   34,97.98%,NO,&nbsp,582,AD 23,2025-11-05_01:52:52.004017
ED   35,97.98%,YES,&nbsp,180,AD 23,2025-11-05_01:52:52.004017
ED   35,97.98%,NO,&nbsp,557,AD 23,2025-11-05_01:52:52.004017
ED   36,97.98%,YES,&nbsp,229,AD 23,2025-11-05_01:52:52.004017
ED   36,97.98%,NO,&nbsp,574,AD 23,2025-11-05_01:52:52.004017
ED   37,97.98%,YES,&nbsp,274,AD 23,2025-11-05_01:52:52.004017
ED   37,97.98%,NO,&nbsp,487,AD 23,2025-11-05_01:52:52.004017
ED   38,97.98%,YES,&nbsp,176,AD 23,2025-11-05_01:52:52.004017
ED   38,97.98%,NO,&nbsp,459,AD 23,2025-11-05_01:52:52.004017
ED   39,97.98%,YES,&nbsp,17,AD 23,2025-11-05_01:52:52.004017
ED   39,97.98%,NO,&nbsp,19,AD 23,2025-11-05_01:52:52.004017
ED   40,97.98%,YES,&nbsp,127,AD 23,2025-11-05_01:52:52.004017
ED   40,97.98%,NO,&nbsp,170,AD 23,2025-11-05_01:52:52.004017
ED   41,97.98%,YES,&nbsp,169,AD 23,2025-11-05_01:52:52.004017
ED   41,97.98%,NO,&nbsp,267,AD 23,2025-11-05_01:52:52.004017
ED   42,97.98%,YES,&nbsp,134,AD 23,2025-11-05_01:52:52.004017
ED   42,97.98%,NO,&nbsp,166,AD 23,2025-11-05_01:52:52.004017
ED   43,97.98%,YES,&nbsp,3,AD 23,2025-11-05_01:52:52.004017
ED   43,97.98%,NO,&nbsp,7,AD 23,2025-11-05_01:52:52.004017
ED   44,97.98%,YES,&nbsp,275,AD 23,2025-11-05_01:52:52.004017
ED   44,97.98%,NO,&nbsp,521,AD 23,2025-11-05_01:52:52.004017
ED   45,97.98%,YES,&nbsp,179,AD 23,2025-11-05_01:52:52.004017
ED   45,97.98%,NO,&nbsp,335,AD 23,2025-11-05_01:52:52.004017
ED   46,97.98%,YES,&nbsp,244,AD 23,2025-11-05_01:52:52.004017
ED   46,97.98%,NO,&nbsp,350,AD 23,2025-11-05_01:52:52.004017
ED   47,97.98%,YES,&nbsp,181,AD 23,2025-11-05_01:52:52.004017
ED   47,97.98%,NO,&nbsp,292,AD 23,2025-11-05_01:52:52.004017
ED   48,97.98%,YES,&nbsp,191,AD 23,2025-11-05_01:52:52.004017
ED   48,97.98%,NO,&nbsp,343,AD 23,2025-11-05_01:52:52.004017
ED   49,97.98%,YES,&nbsp,205,AD 23,2025-11-05_01:52:52.004017
ED   49,97.98%,NO,&nbsp,379,AD 23,2025-11-05_01:52:52.004017
ED   50,97.98%,YES,&nbsp,94,AD 23,2025-11-05_01:52:52.004017
ED   50,97.98%,NO,&nbsp,142,AD 23,2025-11-05_01:52:52.004017
ED   51,97.98%,YES,&nbsp,156,AD 23,2025-11-05_01:52:52.004017
ED   51,97.98%,NO,&nbsp,163,AD 23,2025-11-05_01:52:52.004017
ED   52,97.98%,YES,&nbsp,92,AD 23,2025-11-05_01:52:52.004017
ED   52,97.98%,NO,&nbsp,109,AD 23,2025-11-05_01:52:52.004017
ED   53,97.98%,YES,&nbsp,312,AD 23,2025-11-05_01:52:52.004017
ED   53,97.98%,NO,&nbsp,232,AD 23,2025-11-05_01:52:52.004017
ED   54,97.98%,YES,&nbsp,296,AD 23,2025-11-05_01:52:52.004017
ED   54,97.98%,NO,&nbsp,228,AD 23,2025-11-05_01:52:52.004017
ED   55,97.98%,YES,&nbsp,103,AD 23,2025-11-05_01:52:52.004017
ED   55,97.98%,NO,&nbsp,80,AD 23,2025-11-05_01:52:52.004017
ED   56,97.98%,YES,&nbsp,80,AD 23,2025-11-05_01:52:52.004017
ED   56,97.98%,NO,&nbsp,90,AD 23,2025-11-05_01:52:52.004017
ED   57,97.98%,YES,&nbsp,97,AD 23,2025-11-05_01:52:52.004017
ED   57,97.98%,NO,&nbsp,108,AD 23,2025-11-05_01:52:52.004017
ED   58,97.98%,YES,&nbsp,123,AD 23,2025-11-05_01:52:52.004017
ED   58,97.98%,NO,&nbsp,294,AD 23,2025-11-05_01:52:52.004017
ED   59,97.98%,YES,&nbsp,113,AD 23,2025-11-05_01:52:52.004017
ED   59,97.98%,NO,&nbsp,245,AD 23,2025-11-05_01:52:52.004017
ED   60,97.98%,YES,&nbsp,178,AD 23,2025-11-05_01:52:52.004017
ED   60,97.98%,NO,&nbsp,263,AD 23,2025-11-05_01:52:52.004017
ED   61,97.98%,YES,&nbsp,0,AD 23,2025-11-05_01:52:52.004017
ED   61,97.98%,NO,&nbsp,0,AD 23,2025-11-05_01:52:52.004017
ED   62,97.98%,YES,&nbsp,173,AD 23,2025-11-05_01:52:52.004017
ED   62,97.98%,NO,&nbsp,191,AD 23,2025-11-05_01:52:52.004017
ED   63,97.98%,YES,&nbsp,104,AD 23,2025-11-05_01:52:52.004017
ED   63,97.98%,NO,&nbsp,93,AD 23,2025-11-05_01:52:52.004017
ED   64,97.98%,YES,&nbsp,38,AD 23,2025-11-05_01:52:52.004017
ED   64,97.98%,NO,&nbsp,49,AD 23,2025-11-05_01:52:52.004017
ED   65,97.98%,YES,&nbsp,158,AD 23,2025-11-05_01:52:52.004017
ED   65,97.98%,NO,&nbsp,153,AD 23,2025-11-05_01:52:52.004017
ED   66,97.98%,YES,&nbsp,142,AD 23,2025-11-05_01:52:52.004017
ED   66,97.98%,NO,&nbsp,169,AD 23,2025-11-05_01:52:52.004017
ED   67,97.98%,YES,&nbsp,0,AD 23,2025-11-05_01:52:52.004017
ED   67,97.98%,NO,&nbsp,0,AD 23,2025-11-05_01:52:52.004017
ED   68,97.98%,YES,&nbsp,0,AD 23,2025-11-05_01:52:52.004017
ED   68,97.98%,NO,&nbsp,0,AD 23,2025-11-05_01:52:52.004017
ED   69,97.98%,YES,&nbsp,0,AD 23,2025-11-05_01:52:52.004017
ED   69,97.98%,NO,&nbsp,0,AD 23,2025-11-05_01:52:52.004017
ED   70,97.98%,YES,&nbsp,0,AD 23,2025-11-05_01:52:52.004017
ED   70,97.98%,NO,&nbsp,0,AD 23,2025-11-05_01:52:52.004017
ED   71,97.98%,YES,&nbsp,0,AD 23,2025-11-05_01:52:52.004017
ED   71,97.98%,NO,&nbsp,0,AD 23,2025-11-05_01:52:52.004017
ED   72,97.98%,YES,&nbsp,0,AD 23,2025-11-05_01:52:52.004017
ED   72,97.98%,NO,&nbsp,0,AD 23,2025-11-05_01:52:52.004017
ED   73,97.98%,YES,&nbsp,0,AD 23,2025-11-05_01:52:52.004017
ED   73,97.98%,NO,&nbsp,0,AD 23,2025-11-05_01:52:52.004017
ED   74,97.98%,YES,&nbsp,0,AD 23,2025-11-05_01:52:52.004017
ED   74,97.98%,NO,&nbsp,0,AD 23,2025-11-05_01:52:52.004017
Total,,YES,&nbsp,10799,AD 23,2025-11-05_01:52:52.004017
Total,,NO,&nbsp,20133,AD 23,2025-11-05_01:52:52.004017
ED    1,97.98%,YES,&nbsp,46,AD 24,2025-11-05_01:52:52.004017
ED    1,97.98%,NO,&nbsp,54,AD 24,2025-11-05_01:52:52.004017
ED    2,97.98%,YES,&nbsp,85,AD 24,2025-11-05_01:52:52.004017
ED    2,97.98%,NO,&nbsp,83,AD 24,2025-11-05_01:52:52.004017
ED    3,97.98%,YES,&nbsp,174,AD 24,2025-11-05_01:52:52.004017
ED    3,97.98%,NO,&nbsp,175,AD 24,2025-11-05_01:52:52.004017
ED    4,97.98%,YES,&nbsp,125,AD 24,2025-11-05_01:52:52.004017
ED    4,97.98%,NO,&nbsp,113,AD 24,2025-11-05_01:52:52.004017
ED    5,97.98%,YES,&nbsp,132,AD 24,2025-11-05_01:52:52.004017
ED    5,97.98%,NO,&nbsp,114,AD 24,2025-11-05_01:52:52.004017
ED    6,97.98%,YES,&nbsp,191,AD 24,2025-11-05_01:52:52.004017
ED    6,97.98%,NO,&nbsp,142,AD 24,2025-11-05_01:52:52.004017
ED    7,97.98%,YES,&nbsp,143,AD 24,2025-11-05_01:52:52.004017
ED    7,97.98%,NO,&nbsp,107,AD 24,2025-11-05_01:52:52.004017
ED    8,97.98%,YES,&nbsp,182,AD 24,2025-11-05_01:52:52.004017
ED    8,97.98%,NO,&nbsp,124,AD 24,2025-11-05_01:52:52.004017
ED    9,97.98%,YES,&nbsp,133,AD 24,2025-11-05_01:52:52.004017
ED    9,97.98%,NO,&nbsp,89,AD 24,2025-11-05_01:52:52.004017
ED   10,97.98%,YES,&nbsp,178,AD 24,2025-11-05_01:52:52.004017
ED   10,97.98%,NO,&nbsp,164,AD 24,2025-11-05_01:52:52.004017
ED   11,97.98%,YES,&nbsp,132,AD 24,2025-11-05_01:52:52.004017
ED   11,97.98%,NO,&nbsp,111,AD 24,2025-11-05_01:52:52.004017
ED   12,97.98%,YES,&nbsp,152,AD 24,2025-11-05_01:52:52.004017
ED   12,97.98%,NO,&nbsp,117,AD 24,2025-11-05_01:52:52.004017
ED   13,97.98%,YES,&nbsp,192,AD 24,2025-11-05_01:52:52.004017
ED   13,97.98%,NO,&nbsp,181,AD 24,2025-11-05_01:52:52.004017
ED   14,97.98%,YES,&nbsp,136,AD 24,2025-11-05_01:52:52.004017
ED   14,97.98%,NO,&nbsp,161,AD 24,2025-11-05_01:52:52.004017
ED   15,97.98%,YES,&nbsp,166,AD 24,2025-11-05_01:52:52.004017
ED   15,97.98%,NO,&nbsp,132,AD 24,2025-11-05_01:52:52.004017
ED   16,97.98%,YES,&nbsp,104,AD 24,2025-11-05_01:52:52.004017
ED   16,97.98%,NO,&nbsp,85,AD 24,2025-11-05_01:52:52.004017
ED   17,97.98%,YES,&nbsp,5,AD 24,2025-11-05_01:52:52.004017
ED   17,97.98%,NO,&nbsp,8,AD 24,2025-11-05_01:52:52.004017
ED   18,97.98%,YES,&nbsp,122,AD 24,2025-11-05_01:52:52.004017
ED   18,97.98%,NO,&nbsp,121,AD 24,2025-11-05_01:52:52.004017
ED   19,97.98%,YES,&nbsp,167,AD 24,2025-11-05_01:52:52.004017
ED   19,97.98%,NO,&nbsp,136,AD 24,2025-11-05_01:52:52.004017
ED   20,97.98%,YES,&nbsp,59,AD 24,2025-11-05_01:52:52.004017
ED   20,97.98%,NO,&nbsp,37,AD 24,2025-11-05_01:52:52.004017
ED   21,97.98%,YES,&nbsp,152,AD 24,2025-11-05_01:52:52.004017
ED   21,97.98%,NO,&nbsp,200,AD 24,2025-11-05_01:52:52.004017
ED   22,97.98%,YES,&nbsp,20,AD 24,2025-11-05_01:52:52.004017
ED   22,97.98%,NO,&nbsp,45,AD 24,2025-11-05_01:52:52.004017
ED   23,97.98%,YES,&nbsp,130,AD 24,2025-11-05_01:52:52.004017
ED   23,97.98%,NO,&nbsp,105,AD 24,2025-11-05_01:52:52.004017
ED   24,97.98%,YES,&nbsp,115,AD 24,2025-11-05_01:52:52.004017
ED   24,97.98%,NO,&nbsp,201,AD 24,2025-11-05_01:52:52.004017
ED   25,97.98%,YES,&nbsp,56,AD 24,2025-11-05_01:52:52.004017
ED   25,97.98%,NO,&nbsp,90,AD 24,2025-11-05_01:52:52.004017
ED   26,97.98%,YES,&nbsp,114,AD 24,2025-11-05_01:52:52.004017
ED   26,97.98%,NO,&nbsp,131,AD 24,2025-11-05_01:52:52.004017
ED   27,97.98%,YES,&nbsp,124,AD 24,2025-11-05_01:52:52.004017
ED   27,97.98%,NO,&nbsp,97,AD 24,2025-11-05_01:52:52.004017
ED   28,97.98%,YES,&nbsp,136,AD 24,2025-11-05_01:52:52.004017
ED   28,97.98%,NO,&nbsp,139,AD 24,2025-11-05_01:52:52.004017
ED   29,97.98%,YES,&nbsp,154,AD 24,2025-11-05_01:52:52.004017
ED   29,97.98%,NO,&nbsp,145,AD 24,2025-11-05_01:52:52.004017
ED   30,97.98%,YES,&nbsp,158,AD 24,2025-11-05_01:52:52.004017
ED   30,97.98%,NO,&nbsp,195,AD 24,2025-11-05_01:52:52.004017
ED   31,97.98%,YES,&nbsp,225,AD 24,2025-11-05_01:52:52.004017
ED   31,97.98%,NO,&nbsp,240,AD 24,2025-11-05_01:52:52.004017
ED   32,97.98%,YES,&nbsp,174,AD 24,2025-11-05_01:52:52.004017
ED   32,97.98%,NO,&nbsp,128,AD 24,2025-11-05_01:52:52.004017
ED   33,97.98%,YES,&nbsp,11,AD 24,2025-11-05_01:52:52.004017
ED   33,97.98%,NO,&nbsp,21,AD 24,2025-11-05_01:52:52.004017
ED   34,97.98%,YES,&nbsp,14,AD 24,2025-11-05_01:52:52.004017
ED   34,97.98%,NO,&nbsp,12,AD 24,2025-11-05_01:52:52.004017
ED   35,97.98%,YES,&nbsp,92,AD 24,2025-11-05_01:52:52.004017
ED   35,97.98%,NO,&nbsp,72,AD 24,2025-11-05_01:52:52.004017
ED   36,97.98%,YES,&nbsp,189,AD 24,2025-11-05_01:52:52.004017
ED   36,97.98%,NO,&nbsp,246,AD 24,2025-11-05_01:52:52.004017
ED   37,97.98%,YES,&nbsp,91,AD 24,2025-11-05_01:52:52.004017
ED   37,97.98%,NO,&nbsp,98,AD 24,2025-11-05_01:52:52.004017
ED   38,97.98%,YES,&nbsp,285,AD 24,2025-11-05_01:52:52.004017
ED   38,97.98%,NO,&nbsp,374,AD 24,2025-11-05_01:52:52.004017
ED   39,97.98%,YES,&nbsp,184,AD 24,2025-11-05_01:52:52.004017
ED   39,97.98%,NO,&nbsp,254,AD 24,2025-11-05_01:52:52.004017
ED   40,97.98%,YES,&nbsp,170,AD 24,2025-11-05_01:52:52.004017
ED   40,97.98%,NO,&nbsp,143,AD 24,2025-11-05_01:52:52.004017
ED   41,97.98%,YES,&nbsp,42,AD 24,2025-11-05_01:52:52.004017
ED   41,97.98%,NO,&nbsp,39,AD 24,2025-11-05_01:52:52.004017
ED   42,97.98%,YES,&nbsp,152,AD 24,2025-11-05_01:52:52.004017
ED   42,97.98%,NO,&nbsp,181,AD 24,2025-11-05_01:52:52.004017
ED   43,97.98%,YES,&nbsp,237,AD 24,2025-11-05_01:52:52.004017
ED   43,97.98%,NO,&nbsp,231,AD 24,2025-11-05_01:52:52.004017
ED   44,97.98%,YES,&nbsp,166,AD 24,2025-11-05_01:52:52.004017
ED   44,97.98%,NO,&nbsp,121,AD 24,2025-11-05_01:52:52.004017
ED   45,97.98%,YES,&nbsp,46,AD 24,2025-11-05_01:52:52.004017
ED   45,97.98%,NO,&nbsp,53,AD 24,2025-11-05_01:52:52.004017
ED   46,97.98%,YES,&nbsp,305,AD 24,2025-11-05_01:52:52.004017
ED   46,97.98%,NO,&nbsp,257,AD 24,2025-11-05_01:52:52.004017
ED   47,97.98%,YES,&nbsp,263,AD 24,2025-11-05_01:52:52.004017
ED   47,97.98%,NO,&nbsp,257,AD 24,2025-11-05_01:52:52.004017
ED   48,97.98%,YES,&nbsp,219,AD 24,2025-11-05_01:52:52.004017
ED   48,97.98%,NO,&nbsp,233,AD 24,2025-11-05_01:52:52.004017
ED   49,97.98%,YES,&nbsp,271,AD 24,2025-11-05_01:52:52.004017
ED   49,97.98%,NO,&nbsp,611,AD 24,2025-11-05_01:52:52.004017
ED   50,97.98%,YES,&nbsp,101,AD 24,2025-11-05_01:52:52.004017
ED   50,97.98%,NO,&nbsp,176,AD 24,2025-11-05_01:52:52.004017
ED   51,97.98%,YES,&nbsp,308,AD 24,2025-11-05_01:52:52.004017
ED   51,97.98%,NO,&nbsp,394,AD 24,2025-11-05_01:52:52.004017
ED   52,97.98%,YES,&nbsp,310,AD 24,2025-11-05_01:52:52.004017
ED   52,97.98%,NO,&nbsp,331,AD 24,2025-11-05_01:52:52.004017
ED   53,97.98%,YES,&nbsp,323,AD 24,2025-11-05_01:52:52.004017
ED   53,97.98%,NO,&nbsp,283,AD 24,2025-11-05_01:52:52.004017
ED   54,97.98%,YES,&nbsp,47,AD 24,2025-11-05_01:52:52.004017
ED   54,97.98%,NO,&nbsp,45,AD 24,2025-11-05_01:52:52.004017
ED   55,97.98%,YES,&nbsp,145,AD 24,2025-11-05_01:52:52.004017
ED   55,97.98%,NO,&nbsp,168,AD 24,2025-11-05_01:52:52.004017
ED   56,97.98%,YES,&nbsp,237,AD 24,2025-11-05_01:52:52.004017
ED   56,97.98%,NO,&nbsp,273,AD 24,2025-11-05_01:52:52.004017
ED   57,97.98%,YES,&nbsp,173,AD 24,2025-11-05_01:52:52.004017
ED   57,97.98%,NO,&nbsp,227,AD 24,2025-11-05_01:52:52.004017
ED   58,97.98%,YES,&nbsp,244,AD 24,2025-11-05_01:52:52.004017
ED   58,97.98%,NO,&nbsp,439,AD 24,2025-11-05_01:52:52.004017
ED   59,97.98%,YES,&nbsp,214,AD 24,2025-11-05_01:52:52.004017
ED   59,97.98%,NO,&nbsp,379,AD 24,2025-11-05_01:52:52.004017
ED   60,97.98%,YES,&nbsp,322,AD 24,2025-11-05_01:52:52.004017
ED   60,97.98%,NO,&nbsp,546,AD 24,2025-11-05_01:52:52.004017
ED   61,97.98%,YES,&nbsp,281,AD 24,2025-11-05_01:52:52.004017
ED   61,97.98%,NO,&nbsp,436,AD 24,2025-11-05_01:52:52.004017
ED   62,97.98%,YES,&nbsp,304,AD 24,2025-11-05_01:52:52.004017
ED   62,97.98%,NO,&nbsp,410,AD 24,2025-11-05_01:52:52.004017
ED   63,97.98%,YES,&nbsp,137,AD 24,2025-11-05_01:52:52.004017
ED   63,97.98%,NO,&nbsp,189,AD 24,2025-11-05_01:52:52.004017
ED   64,97.98%,YES,&nbsp,227,AD 24,2025-11-05_01:52:52.004017
ED   64,97.98%,NO,&nbsp,360,AD 24,2025-11-05_01:52:52.004017
ED   65,97.98%,YES,&nbsp,407,AD 24,2025-11-05_01:52:52.004017
ED   65,97.98%,NO,&nbsp,250,AD 24,2025-11-05_01:52:52.004017
ED   66,97.98%,YES,&nbsp,0,AD 24,2025-11-05_01:52:52.004017
ED   66,97.98%,NO,&nbsp,0,AD 24,2025-11-05_01:52:52.004017
Total,,YES,&nbsp,10699,AD 24,2025-11-05_01:52:52.004017
Total,,NO,&nbsp,12079,AD 24,2025-11-05_01:52:52.004017
ED    1,97.98%,YES,&nbsp,263,AD 25,2025-11-05_01:52:52.004017
ED    1,97.98%,NO,&nbsp,346,AD 25,2025-11-05_01:52:52.004017
ED    2,97.98%,YES,&nbsp,256,AD 25,2025-11-05_01:52:52.004017
ED    2,97.98%,NO,&nbsp,354,AD 25,2025-11-05_01:52:52.004017
ED    3,97.98%,YES,&nbsp,49,AD 25,2025-11-05_01:52:52.004017
ED    3,97.98%,NO,&nbsp,94,AD 25,2025-11-05_01:52:52.004017
ED    4,97.98%,YES,&nbsp,143,AD 25,2025-11-05_01:52:52.004017
ED    4,97.98%,NO,&nbsp,150,AD 25,2025-11-05_01:52:52.004017
ED    5,97.98%,YES,&nbsp,298,AD 25,2025-11-05_01:52:52.004017
ED    5,97.98%,NO,&nbsp,372,AD 25,2025-11-05_01:52:52.004017
ED    6,97.98%,YES,&nbsp,207,AD 25,2025-11-05_01:52:52.004017
ED    6,97.98%,NO,&nbsp,256,AD 25,2025-11-05_01:52:52.004017
ED    7,97.98%,YES,&nbsp,29,AD 25,2025-11-05_01:52:52.004017
ED    7,97.98%,NO,&nbsp,47,AD 25,2025-11-05_01:52:52.004017
ED    8,97.98%,YES,&nbsp,15,AD 25,2025-11-05_01:52:52.004017
ED    8,97.98%,NO,&nbsp,26,AD 25,2025-11-05_01:52:52.004017
ED    9,97.98%,YES,&nbsp,215,AD 25,2025-11-05_01:52:52.004017
ED    9,97.98%,NO,&nbsp,311,AD 25,2025-11-05_01:52:52.004017
ED   10,97.98%,YES,&nbsp,49,AD 25,2025-11-05_01:52:52.004017
ED   10,97.98%,NO,&nbsp,47,AD 25,2025-11-05_01:52:52.004017
ED   11,97.98%,YES,&nbsp,151,AD 25,2025-11-05_01:52:52.004017
ED   11,97.98%,NO,&nbsp,332,AD 25,2025-11-05_01:52:52.004017
ED   12,97.98%,YES,&nbsp,233,AD 25,2025-11-05_01:52:52.004017
ED   12,97.98%,NO,&nbsp,498,AD 25,2025-11-05_01:52:52.004017
ED   13,97.98%,YES,&nbsp,252,AD 25,2025-11-05_01:52:52.004017
ED   13,97.98%,NO,&nbsp,414,AD 25,2025-11-05_01:52:52.004017
ED   14,97.98%,YES,&nbsp,213,AD 25,2025-11-05_01:52:52.004017
ED   14,97.98%,NO,&nbsp,338,AD 25,2025-11-05_01:52:52.004017
ED   15,97.98%,YES,&nbsp,175,AD 25,2025-11-05_01:52:52.004017
ED   15,97.98%,NO,&nbsp,246,AD 25,2025-11-05_01:52:52.004017
ED   16,97.98%,YES,&nbsp,164,AD 25,2025-11-05_01:52:52.004017
ED   16,97.98%,NO,&nbsp,369,AD 25,2025-11-05_01:52:52.004017
ED   17,97.98%,YES,&nbsp,231,AD 25,2025-11-05_01:52:52.004017
ED   17,97.98%,NO,&nbsp,435,AD 25,2025-11-05_01:52:52.004017
ED   18,97.98%,YES,&nbsp,254,AD 25,2025-11-05_01:52:52.004017
ED   18,97.98%,NO,&nbsp,378,AD 25,2025-11-05_01:52:52.004017
ED   19,97.98%,YES,&nbsp,224,AD 25,2025-11-05_01:52:52.004017
ED   19,97.98%,NO,&nbsp,340,AD 25,2025-11-05_01:52:52.004017
ED   20,97.98%,YES,&nbsp,229,AD 25,2025-11-05_01:52:52.004017
ED   20,97.98%,NO,&nbsp,307,AD 25,2025-11-05_01:52:52.004017
ED   21,97.98%,YES,&nbsp,168,AD 25,2025-11-05_01:52:52.004017
ED   21,97.98%,NO,&nbsp,255,AD 25,2025-11-05_01:52:52.004017
ED   22,97.98%,YES,&nbsp,181,AD 25,2025-11-05_01:52:52.004017
ED   22,97.98%,NO,&nbsp,256,AD 25,2025-11-05_01:52:52.004017
ED   23,97.98%,YES,&nbsp,144,AD 25,2025-11-05_01:52:52.004017
ED   23,97.98%,NO,&nbsp,167,AD 25,2025-11-05_01:52:52.004017
ED   24,97.98%,YES,&nbsp,149,AD 25,2025-11-05_01:52:52.004017
ED   24,97.98%,NO,&nbsp,234,AD 25,2025-11-05_01:52:52.004017
ED   25,97.98%,YES,&nbsp,255,AD 25,2025-11-05_01:52:52.004017
ED   25,97.98%,NO,&nbsp,371,AD 25,2025-11-05_01:52:52.004017
ED   26,97.98%,YES,&nbsp,226,AD 25,2025-11-05_01:52:52.004017
ED   26,97.98%,NO,&nbsp,386,AD 25,2025-11-05_01:52:52.004017
ED   27,97.98%,YES,&nbsp,229,AD 25,2025-11-05_01:52:52.004017
ED   27,97.98%,NO,&nbsp,290,AD 25,2025-11-05_01:52:52.004017
ED   28,97.98%,YES,&nbsp,203,AD 25,2025-11-05_01:52:52.004017
ED   28,97.98%,NO,&nbsp,248,AD 25,2025-11-05_01:52:52.004017
ED   29,97.98%,YES,&nbsp,245,AD 25,2025-11-05_01:52:52.004017
ED   29,97.98%,NO,&nbsp,341,AD 25,2025-11-05_01:52:52.004017
ED   30,97.98%,YES,&nbsp,184,AD 25,2025-11-05_01:52:52.004017
ED   30,97.98%,NO,&nbsp,296,AD 25,2025-11-05_01:52:52.004017
ED   31,97.98%,YES,&nbsp,194,AD 25,2025-11-05_01:52:52.004017
ED   31,97.98%,NO,&nbsp,278,AD 25,2025-11-05_01:52:52.004017
ED   32,97.98%,YES,&nbsp,168,AD 25,2025-11-05_01:52:52.004017
ED   32,97.98%,NO,&nbsp,235,AD 25,2025-11-05_01:52:52.004017
ED   33,97.98%,YES,&nbsp,218,AD 25,2025-11-05_01:52:52.004017
ED   33,97.98%,NO,&nbsp,402,AD 25,2025-11-05_01:52:52.004017
ED   34,97.98%,YES,&nbsp,231,AD 25,2025-11-05_01:52:52.004017
ED   34,97.98%,NO,&nbsp,317,AD 25,2025-11-05_01:52:52.004017
ED   35,97.98%,YES,&nbsp,178,AD 25,2025-11-05_01:52:52.004017
ED   35,97.98%,NO,&nbsp,246,AD 25,2025-11-05_01:52:52.004017
ED   36,97.98%,YES,&nbsp,152,AD 25,2025-11-05_01:52:52.004017
ED   36,97.98%,NO,&nbsp,289,AD 25,2025-11-05_01:52:52.004017
ED   37,97.98%,YES,&nbsp,142,AD 25,2025-11-05_01:52:52.004017
ED   37,97.98%,NO,&nbsp,170,AD 25,2025-11-05_01:52:52.004017
ED   38,97.98%,YES,&nbsp,120,AD 25,2025-11-05_01:52:52.004017
ED   38,97.98%,NO,&nbsp,199,AD 25,2025-11-05_01:52:52.004017
ED   39,97.98%,YES,&nbsp,129,AD 25,2025-11-05_01:52:52.004017
ED   39,97.98%,NO,&nbsp,178,AD 25,2025-11-05_01:52:52.004017
ED   40,97.98%,YES,&nbsp,183,AD 25,2025-11-05_01:52:52.004017
ED   40,97.98%,NO,&nbsp,206,AD 25,2025-11-05_01:52:52.004017
ED   41,97.98%,YES,&nbsp,109,AD 25,2025-11-05_01:52:52.004017
ED   41,97.98%,NO,&nbsp,125,AD 25,2025-11-05_01:52:52.004017
ED   42,97.98%,YES,&nbsp,153,AD 25,2025-11-05_01:52:52.004017
ED   42,97.98%,NO,&nbsp,182,AD 25,2025-11-05_01:52:52.004017
ED   43,97.98%,YES,&nbsp,165,AD 25,2025-11-05_01:52:52.004017
ED   43,97.98%,NO,&nbsp,142,AD 25,2025-11-05_01:52:52.004017
ED   44,97.98%,YES,&nbsp,155,AD 25,2025-11-05_01:52:52.004017
ED   44,97.98%,NO,&nbsp,151,AD 25,2025-11-05_01:52:52.004017
ED   45,97.98%,YES,&nbsp,211,AD 25,2025-11-05_01:52:52.004017
ED   45,97.98%,NO,&nbsp,221,AD 25,2025-11-05_01:52:52.004017
ED   46,97.98%,YES,&nbsp,122,AD 25,2025-11-05_01:52:52.004017
ED   46,97.98%,NO,&nbsp,142,AD 25,2025-11-05_01:52:52.004017
ED   47,97.98%,YES,&nbsp,103,AD 25,2025-11-05_01:52:52.004017
ED   47,97.98%,NO,&nbsp,105,AD 25,2025-11-05_01:52:52.004017
ED   48,97.98%,YES,&nbsp,0,AD 25,2025-11-05_01:52:52.004017
ED   48,97.98%,NO,&nbsp,0,AD 25,2025-11-05_01:52:52.004017
ED   49,97.98%,YES,&nbsp,0,AD 25,2025-11-05_01:52:52.004017
ED   49,97.98%,NO,&nbsp,0,AD 25,2025-11-05_01:52:52.004017
Total,,YES,&nbsp,8367,AD 25,2025-11-05_01:52:52.004017
Total,,NO,&nbsp,12092,AD 25,2025-11-05_01:52:52.004017
ED    1,97.98%,YES,&nbsp,112,AD 26,2025-11-05_01:52:52.004017
ED    1,97.98%,NO,&nbsp,125,AD 26,2025-11-05_01:52:52.004017
ED    2,97.98%,YES,&nbsp,51,AD 26,2025-11-05_01:52:52.004017
ED    2,97.98%,NO,&nbsp,52,AD 26,2025-11-05_01:52:52.004017
ED    3,97.98%,YES,&nbsp,70,AD 26,2025-11-05_01:52:52.004017
ED    3,97.98%,NO,&nbsp,65,AD 26,2025-11-05_01:52:52.004017
ED    4,97.98%,YES,&nbsp,120,AD 26,2025-11-05_01:52:52.004017
ED    4,97.98%,NO,&nbsp,135,AD 26,2025-11-05_01:52:52.004017
ED    5,97.98%,YES,&nbsp,9,AD 26,2025-11-05_01:52:52.004017
ED    5,97.98%,NO,&nbsp,1,AD 26,2025-11-05_01:52:52.004017
ED    6,97.98%,YES,&nbsp,194,AD 26,2025-11-05_01:52:52.004017
ED    6,97.98%,NO,&nbsp,226,AD 26,2025-11-05_01:52:52.004017
ED    7,97.98%,YES,&nbsp,263,AD 26,2025-11-05_01:52:52.004017
ED    7,97.98%,NO,&nbsp,350,AD 26,2025-11-05_01:52:52.004017
ED    8,97.98%,YES,&nbsp,280,AD 26,2025-11-05_01:52:52.004017
ED    8,97.98%,NO,&nbsp,431,AD 26,2025-11-05_01:52:52.004017
ED    9,97.98%,YES,&nbsp,92,AD 26,2025-11-05_01:52:52.004017
ED    9,97.98%,NO,&nbsp,63,AD 26,2025-11-05_01:52:52.004017
ED   10,97.98%,YES,&nbsp,400,AD 26,2025-11-05_01:52:52.004017
ED   10,97.98%,NO,&nbsp,354,AD 26,2025-11-05_01:52:52.004017
ED   11,97.98%,YES,&nbsp,248,AD 26,2025-11-05_01:52:52.004017
ED   11,97.98%,NO,&nbsp,214,AD 26,2025-11-05_01:52:52.004017
ED   12,97.98%,YES,&nbsp,330,AD 26,2025-11-05_01:52:52.004017
ED   12,97.98%,NO,&nbsp,443,AD 26,2025-11-05_01:52:52.004017
ED   13,97.98%,YES,&nbsp,89,AD 26,2025-11-05_01:52:52.004017
ED   13,97.98%,NO,&nbsp,170,AD 26,2025-11-05_01:52:52.004017
ED   14,97.98%,YES,&nbsp,88,AD 26,2025-11-05_01:52:52.004017
ED   14,97.98%,NO,&nbsp,126,AD 26,2025-11-05_01:52:52.004017
ED   15,97.98%,YES,&nbsp,113,AD 26,2025-11-05_01:52:52.004017
ED   15,97.98%,NO,&nbsp,152,AD 26,2025-11-05_01:52:52.004017
ED   16,97.98%,YES,&nbsp,269,AD 26,2025-11-05_01:52:52.004017
ED   16,97.98%,NO,&nbsp,403,AD 26,2025-11-05_01:52:52.004017
ED   17,97.98%,YES,&nbsp,342,AD 26,2025-11-05_01:52:52.004017
ED   17,97.98%,NO,&nbsp,453,AD 26,2025-11-05_01:52:52.004017
ED   18,97.98%,YES,&nbsp,185,AD 26,2025-11-05_01:52:52.004017
ED   18,97.98%,NO,&nbsp,247,AD 26,2025-11-05_01:52:52.004017
ED   19,97.98%,YES,&nbsp,139,AD 26,2025-11-05_01:52:52.004017
ED   19,97.98%,NO,&nbsp,132,AD 26,2025-11-05_01:52:52.004017
ED   20,97.98%,YES,&nbsp,324,AD 26,2025-11-05_01:52:52.004017
ED   20,97.98%,NO,&nbsp,425,AD 26,2025-11-05_01:52:52.004017
ED   21,97.98%,YES,&nbsp,279,AD 26,2025-11-05_01:52:52.004017
ED   21,97.98%,NO,&nbsp,437,AD 26,2025-11-05_01:52:52.004017
ED   22,97.98%,YES,&nbsp,312,AD 26,2025-11-05_01:52:52.004017
ED   22,97.98%,NO,&nbsp,469,AD 26,2025-11-05_01:52:52.004017
ED   23,97.98%,YES,&nbsp,310,AD 26,2025-11-05_01:52:52.004017
ED   23,97.98%,NO,&nbsp,372,AD 26,2025-11-05_01:52:52.004017
ED   24,97.98%,YES,&nbsp,303,AD 26,2025-11-05_01:52:52.004017
ED   24,97.98%,NO,&nbsp,503,AD 26,2025-11-05_01:52:52.004017
ED   25,97.98%,YES,&nbsp,200,AD 26,2025-11-05_01:52:52.004017
ED   25,97.98%,NO,&nbsp,282,AD 26,2025-11-05_01:52:52.004017
ED   26,97.98%,YES,&nbsp,256,AD 26,2025-11-05_01:52:52.004017
ED   26,97.98%,NO,&nbsp,329,AD 26,2025-11-05_01:52:52.004017
ED   27,97.98%,YES,&nbsp,48,AD 26,2025-11-05_01:52:52.004017
ED   27,97.98%,NO,&nbsp,64,AD 26,2025-11-05_01:52:52.004017
ED   28,97.98%,YES,&nbsp,212,AD 26,2025-11-05_01:52:52.004017
ED   28,97.98%,NO,&nbsp,301,AD 26,2025-11-05_01:52:52.004017
ED   29,97.98%,YES,&nbsp,153,AD 26,2025-11-05_01:52:52.004017
ED   29,97.98%,NO,&nbsp,230,AD 26,2025-11-05_01:52:52.004017
ED   30,97.98%,YES,&nbsp,2,AD 26,2025-11-05_01:52:52.004017
ED   30,97.98%,NO,&nbsp,9,AD 26,2025-11-05_01:52:52.004017
ED   31,97.98%,YES,&nbsp,244,AD 26,2025-11-05_01:52:52.004017
ED   31,97.98%,NO,&nbsp,368,AD 26,2025-11-05_01:52:52.004017
ED   32,97.98%,YES,&nbsp,214,AD 26,2025-11-05_01:52:52.004017
ED   32,97.98%,NO,&nbsp,386,AD 26,2025-11-05_01:52:52.004017
ED   33,97.98%,YES,&nbsp,298,AD 26,2025-11-05_01:52:52.004017
ED   33,97.98%,NO,&nbsp,438,AD 26,2025-11-05_01:52:52.004017
ED   34,97.98%,YES,&nbsp,291,AD 26,2025-11-05_01:52:52.004017
ED   34,97.98%,NO,&nbsp,478,AD 26,2025-11-05_01:52:52.004017
ED   35,97.98%,YES,&nbsp,160,AD 26,2025-11-05_01:52:52.004017
ED   35,97.98%,NO,&nbsp,303,AD 26,2025-11-05_01:52:52.004017
ED   36,97.98%,YES,&nbsp,244,AD 26,2025-11-05_01:52:52.004017
ED   36,97.98%,NO,&nbsp,426,AD 26,2025-11-05_01:52:52.004017
ED   37,97.98%,YES,&nbsp,213,AD 26,2025-11-05_01:52:52.004017
ED   37,97.98%,NO,&nbsp,333,AD 26,2025-11-05_01:52:52.004017
ED   38,97.98%,YES,&nbsp,301,AD 26,2025-11-05_01:52:52.004017
ED   38,97.98%,NO,&nbsp,512,AD 26,2025-11-05_01:52:52.004017
ED   39,97.98%,YES,&nbsp,146,AD 26,2025-11-05_01:52:52.004017
ED   39,97.98%,NO,&nbsp,250,AD 26,2025-11-05_01:52:52.004017
ED   40,97.98%,YES,&nbsp,161,AD 26,2025-11-05_01:52:52.004017
ED   40,97.98%,NO,&nbsp,202,AD 26,2025-11-05_01:52:52.004017
ED   41,97.98%,YES,&nbsp,270,AD 26,2025-11-05_01:52:52.004017
ED   41,97.98%,NO,&nbsp,487,AD 26,2025-11-05_01:52:52.004017
ED   42,97.98%,YES,&nbsp,182,AD 26,2025-11-05_01:52:52.004017
ED   42,97.98%,NO,&nbsp,395,AD 26,2025-11-05_01:52:52.004017
ED   43,97.98%,YES,&nbsp,257,AD 26,2025-11-05_01:52:52.004017
ED   43,97.98%,NO,&nbsp,449,AD 26,2025-11-05_01:52:52.004017
ED   44,97.98%,YES,&nbsp,206,AD 26,2025-11-05_01:52:52.004017
ED   44,97.98%,NO,&nbsp,436,AD 26,2025-11-05_01:52:52.004017
ED   45,97.98%,YES,&nbsp,293,AD 26,2025-11-05_01:52:52.004017
ED   45,97.98%,NO,&nbsp,539,AD 26,2025-11-05_01:52:52.004017
ED   46,97.98%,YES,&nbsp,207,AD 26,2025-11-05_01:52:52.004017
ED   46,97.98%,NO,&nbsp,335,AD 26,2025-11-05_01:52:52.004017
ED   47,97.98%,YES,&nbsp,201,AD 26,2025-11-05_01:52:52.004017
ED   47,97.98%,NO,&nbsp,330,AD 26,2025-11-05_01:52:52.004017
ED   48,97.98%,YES,&nbsp,203,AD 26,2025-11-05_01:52:52.004017
ED   48,97.98%,NO,&nbsp,390,AD 26,2025-11-05_01:52:52.004017
ED   49,97.98%,YES,&nbsp,171,AD 26,2025-11-05_01:52:52.004017
ED   49,97.98%,NO,&nbsp,356,AD 26,2025-11-05_01:52:52.004017
ED   50,97.98%,YES,&nbsp,243,AD 26,2025-11-05_01:52:52.004017
ED   50,97.98%,NO,&nbsp,531,AD 26,2025-11-05_01:52:52.004017
ED   51,97.98%,YES,&nbsp,102,AD 26,2025-11-05_01:52:52.004017
ED   51,97.98%,NO,&nbsp,200,AD 26,2025-11-05_01:52:52.004017
ED   52,97.98%,YES,&nbsp,192,AD 26,2025-11-05_01:52:52.004017
ED   52,97.98%,NO,&nbsp,354,AD 26,2025-11-05_01:52:52.004017
ED   53,97.98%,YES,&nbsp,220,AD 26,2025-11-05_01:52:52.004017
ED   53,97.98%,NO,&nbsp,350,AD 26,2025-11-05_01:52:52.004017
ED   54,97.98%,YES,&nbsp,262,AD 26,2025-11-05_01:52:52.004017
ED   54,97.98%,NO,&nbsp,389,AD 26,2025-11-05_01:52:52.004017
ED   55,97.98%,YES,&nbsp,262,AD 26,2025-11-05_01:52:52.004017
ED   55,97.98%,NO,&nbsp,497,AD 26,2025-11-05_01:52:52.004017
ED   56,97.98%,YES,&nbsp,228,AD 26,2025-11-05_01:52:52.004017
ED   56,97.98%,NO,&nbsp,402,AD 26,2025-11-05_01:52:52.004017
ED   57,97.98%,YES,&nbsp,222,AD 26,2025-11-05_01:52:52.004017
ED   57,97.98%,NO,&nbsp,399,AD 26,2025-11-05_01:52:52.004017
ED   58,97.98%,YES,&nbsp,62,AD 26,2025-11-05_01:52:52.004017
ED   58,97.98%,NO,&nbsp,99,AD 26,2025-11-05_01:52:52.004017
ED   59,97.98%,YES,&nbsp,214,AD 26,2025-11-05_01:52:52.004017
ED   59,97.98%,NO,&nbsp,390,AD 26,2025-11-05_01:52:52.004017
ED   60,97.98%,YES,&nbsp,190,AD 26,2025-11-05_01:52:52.004017
ED   60,97.98%,NO,&nbsp,292,AD 26,2025-11-05_01:52:52.004017
ED   61,97.98%,YES,&nbsp,250,AD 26,2025-11-05_01:52:52.004017
ED   61,97.98%,NO,&nbsp,343,AD 26,2025-11-05_01:52:52.004017
ED   62,97.98%,YES,&nbsp,0,AD 26,2025-11-05_01:52:52.004017
ED   62,97.98%,NO,&nbsp,0,AD 26,2025-11-05_01:52:52.004017
ED   63,97.98%,YES,&nbsp,0,AD 26,2025-11-05_01:52:52.004017
ED   63,97.98%,NO,&nbsp,0,AD 26,2025-11-05_01:52:52.004017
ED   64,97.98%,YES,&nbsp,0,AD 26,2025-11-05_01:52:52.004017
ED   64,97.98%,NO,&nbsp,0,AD 26,2025-11-05_01:52:52.004017
ED   65,97.98%,YES,&nbsp,0,AD 26,2025-11-05_01:52:52.004017
ED   65,97.98%,NO,&nbsp,0,AD 26,2025-11-05_01:52:52.004017
Total,,YES,&nbsp,12502,AD 26,2025-11-05_01:52:52.004017
Total,,NO,&nbsp,19222,AD 26,2025-11-05_01:52:52.004017
ED    1,97.98%,YES,&nbsp,95,AD 27,2025-11-05_01:52:52.004017
ED    1,97.98%,NO,&nbsp,165,AD 27,2025-11-05_01:52:52.004017
ED    2,97.98%,YES,&nbsp,209,AD 27,2025-11-05_01:52:52.004017
ED    2,97.98%,NO,&nbsp,370,AD 27,2025-11-05_01:52:52.004017
ED    3,97.98%,YES,&nbsp,338,AD 27,2025-11-05_01:52:52.004017
ED    3,97.98%,NO,&nbsp,445,AD 27,2025-11-05_01:52:52.004017
ED    4,97.98%,YES,&nbsp,170,AD 27,2025-11-05_01:52:52.004017
ED    4,97.98%,NO,&nbsp,207,AD 27,2025-11-05_01:52:52.004017
ED    5,97.98%,YES,&nbsp,202,AD 27,2025-11-05_01:52:52.004017
ED    5,97.98%,NO,&nbsp,189,AD 27,2025-11-05_01:52:52.004017
ED    6,97.98%,YES,&nbsp,72,AD 27,2025-11-05_01:52:52.004017
ED    6,97.98%,NO,&nbsp,91,AD 27,2025-11-05_01:52:52.004017
ED    7,97.98%,YES,&nbsp,50,AD 27,2025-11-05_01:52:52.004017
ED    7,97.98%,NO,&nbsp,135,AD 27,2025-11-05_01:52:52.004017
ED    8,97.98%,YES,&nbsp,111,AD 27,2025-11-05_01:52:52.004017
ED    8,97.98%,NO,&nbsp,110,AD 27,2025-11-05_01:52:52.004017
ED    9,97.98%,YES,&nbsp,136,AD 27,2025-11-05_01:52:52.004017
ED    9,97.98%,NO,&nbsp,258,AD 27,2025-11-05_01:52:52.004017
ED   10,97.98%,YES,&nbsp,97,AD 27,2025-11-05_01:52:52.004017
ED   10,97.98%,NO,&nbsp,107,AD 27,2025-11-05_01:52:52.004017
ED   11,97.98%,YES,&nbsp,83,AD 27,2025-11-05_01:52:52.004017
ED   11,97.98%,NO,&nbsp,104,AD 27,2025-11-05_01:52:52.004017
ED   12,97.98%,YES,&nbsp,208,AD 27,2025-11-05_01:52:52.004017
ED   12,97.98%,NO,&nbsp,268,AD 27,2025-11-05_01:52:52.004017
ED   13,97.98%,YES,&nbsp,194,AD 27,2025-11-05_01:52:52.004017
ED   13,97.98%,NO,&nbsp,209,AD 27,2025-11-05_01:52:52.004017
ED   14,97.98%,YES,&nbsp,293,AD 27,2025-11-05_01:52:52.004017
ED   14,97.98%,NO,&nbsp,294,AD 27,2025-11-05_01:52:52.004017
ED   15,97.98%,YES,&nbsp,254,AD 27,2025-11-05_01:52:52.004017
ED   15,97.98%,NO,&nbsp,363,AD 27,2025-11-05_01:52:52.004017
ED   16,97.98%,YES,&nbsp,107,AD 27,2025-11-05_01:52:52.004017
ED   16,97.98%,NO,&nbsp,179,AD 27,2025-11-05_01:52:52.004017
ED   17,97.98%,YES,&nbsp,164,AD 27,2025-11-05_01:52:52.004017
ED   17,97.98%,NO,&nbsp,202,AD 27,2025-11-05_01:52:52.004017
ED   18,97.98%,YES,&nbsp,97,AD 27,2025-11-05_01:52:52.004017
ED   18,97.98%,NO,&nbsp,75,AD 27,2025-11-05_01:52:52.004017
ED   19,97.98%,YES,&nbsp,195,AD 27,2025-11-05_01:52:52.004017
ED   19,97.98%,NO,&nbsp,278,AD 27,2025-11-05_01:52:52.004017
ED   20,97.98%,YES,&nbsp,141,AD 27,2025-11-05_01:52:52.004017
ED   20,97.98%,NO,&nbsp,331,AD 27,2025-11-05_01:52:52.004017
ED   21,97.98%,YES,&nbsp,183,AD 27,2025-11-05_01:52:52.004017
ED   21,97.98%,NO,&nbsp,375,AD 27,2025-11-05_01:52:52.004017
ED   22,97.98%,YES,&nbsp,233,AD 27,2025-11-05_01:52:52.004017
ED   22,97.98%,NO,&nbsp,372,AD 27,2025-11-05_01:52:52.004017
ED   23,97.98%,YES,&nbsp,206,AD 27,2025-11-05_01:52:52.004017
ED   23,97.98%,NO,&nbsp,421,AD 27,2025-11-05_01:52:52.004017
ED   24,97.98%,YES,&nbsp,126,AD 27,2025-11-05_01:52:52.004017
ED   24,97.98%,NO,&nbsp,415,AD 27,2025-11-05_01:52:52.004017
ED   25,97.98%,YES,&nbsp,161,AD 27,2025-11-05_01:52:52.004017
ED   25,97.98%,NO,&nbsp,626,AD 27,2025-11-05_01:52:52.004017
ED   26,97.98%,YES,&nbsp,61,AD 27,2025-11-05_01:52:52.004017
ED   26,97.98%,NO,&nbsp,61,AD 27,2025-11-05_01:52:52.004017
ED   27,97.98%,YES,&nbsp,124,AD 27,2025-11-05_01:52:52.004017
ED   27,97.98%,NO,&nbsp,802,AD 27,2025-11-05_01:52:52.004017
ED   28,97.98%,YES,&nbsp,175,AD 27,2025-11-05_01:52:52.004017
ED   28,97.98%,NO,&nbsp,376,AD 27,2025-11-05_01:52:52.004017
ED   29,97.98%,YES,&nbsp,133,AD 27,2025-11-05_01:52:52.004017
ED   29,97.98%,NO,&nbsp,583,AD 27,2025-11-05_01:52:52.004017
ED   30,97.98%,YES,&nbsp,118,AD 27,2025-11-05_01:52:52.004017
ED   30,97.98%,NO,&nbsp,264,AD 27,2025-11-05_01:52:52.004017
ED   31,97.98%,YES,&nbsp,20,AD 27,2025-11-05_01:52:52.004017
ED   31,97.98%,NO,&nbsp,35,AD 27,2025-11-05_01:52:52.004017
ED   32,97.98%,YES,&nbsp,173,AD 27,2025-11-05_01:52:52.004017
ED   32,97.98%,NO,&nbsp,285,AD 27,2025-11-05_01:52:52.004017
ED   33,97.98%,YES,&nbsp,156,AD 27,2025-11-05_01:52:52.004017
ED   33,97.98%,NO,&nbsp,291,AD 27,2025-11-05_01:52:52.004017
ED   34,97.98%,YES,&nbsp,183,AD 27,2025-11-05_01:52:52.004017
ED   34,97.98%,NO,&nbsp,226,AD 27,2025-11-05_01:52:52.004017
ED   35,97.98%,YES,&nbsp,148,AD 27,2025-11-05_01:52:52.004017
ED   35,97.98%,NO,&nbsp,281,AD 27,2025-11-05_01:52:52.004017
ED   36,97.98%,YES,&nbsp,223,AD 27,2025-11-05_01:52:52.004017
ED   36,97.98%,NO,&nbsp,294,AD 27,2025-11-05_01:52:52.004017
ED   37,97.98%,YES,&nbsp,180,AD 27,2025-11-05_01:52:52.004017
ED   37,97.98%,NO,&nbsp,292,AD 27,2025-11-05_01:52:52.004017
ED   38,97.98%,YES,&nbsp,171,AD 27,2025-11-05_01:52:52.004017
ED   38,97.98%,NO,&nbsp,291,AD 27,2025-11-05_01:52:52.004017
ED   39,97.98%,YES,&nbsp,181,AD 27,2025-11-05_01:52:52.004017
ED   39,97.98%,NO,&nbsp,348,AD 27,2025-11-05_01:52:52.004017
ED   40,97.98%,YES,&nbsp,218,AD 27,2025-11-05_01:52:52.004017
ED   40,97.98%,NO,&nbsp,382,AD 27,2025-11-05_01:52:52.004017
ED   41,97.98%,YES,&nbsp,98,AD 27,2025-11-05_01:52:52.004017
ED   41,97.98%,NO,&nbsp,166,AD 27,2025-11-05_01:52:52.004017
ED   42,97.98%,YES,&nbsp,225,AD 27,2025-11-05_01:52:52.004017
ED   42,97.98%,NO,&nbsp,644,AD 27,2025-11-05_01:52:52.004017
ED   43,97.98%,YES,&nbsp,202,AD 27,2025-11-05_01:52:52.004017
ED   43,97.98%,NO,&nbsp,440,AD 27,2025-11-05_01:52:52.004017
ED   44,97.98%,YES,&nbsp,196,AD 27,2025-11-05_01:52:52.004017
ED   44,97.98%,NO,&nbsp,471,AD 27,2025-11-05_01:52:52.004017
ED   45,97.98%,YES,&nbsp,182,AD 27,2025-11-05_01:52:52.004017
ED   45,97.98%,NO,&nbsp,520,AD 27,2025-11-05_01:52:52.004017
ED   46,97.98%,YES,&nbsp,39,AD 27,2025-11-05_01:52:52.004017
ED   46,97.98%,NO,&nbsp,111,AD 27,2025-11-05_01:52:52.004017
ED   47,97.98%,YES,&nbsp,112,AD 27,2025-11-05_01:52:52.004017
ED   47,97.98%,NO,&nbsp,106,AD 27,2025-11-05_01:52:52.004017
ED   48,97.98%,YES,&nbsp,218,AD 27,2025-11-05_01:52:52.004017
ED   48,97.98%,NO,&nbsp,384,AD 27,2025-11-05_01:52:52.004017
ED   49,97.98%,YES,&nbsp,193,AD 27,2025-11-05_01:52:52.004017
ED   49,97.98%,NO,&nbsp,388,AD 27,2025-11-05_01:52:52.004017
ED   50,97.98%,YES,&nbsp,169,AD 27,2025-11-05_01:52:52.004017
ED   50,97.98%,NO,&nbsp,324,AD 27,2025-11-05_01:52:52.004017
ED   51,97.98%,YES,&nbsp,196,AD 27,2025-11-05_01:52:52.004017
ED   51,97.98%,NO,&nbsp,356,AD 27,2025-11-05_01:52:52.004017
ED   52,97.98%,YES,&nbsp,0,AD 27,2025-11-05_01:52:52.004017
ED   52,97.98%,NO,&nbsp,0,AD 27,2025-11-05_01:52:52.004017
ED   53,97.98%,YES,&nbsp,0,AD 27,2025-11-05_01:52:52.004017
ED   53,97.98%,NO,&nbsp,0,AD 27,2025-11-05_01:52:52.004017
ED   54,97.98%,YES,&nbsp,0,AD 27,2025-11-05_01:52:52.004017
ED   54,97.98%,NO,&nbsp,0,AD 27,2025-11-05_01:52:52.004017
ED   55,97.98%,YES,&nbsp,0,AD 27,2025-11-05_01:52:52.004017
ED   55,97.98%,NO,&nbsp,0,AD 27,2025-11-05_01:52:52.004017
ED   56,97.98%,YES,&nbsp,0,AD 27,2025-11-05_01:52:52.004017
ED   56,97.98%,NO,&nbsp,0,AD 27,2025-11-05_01:52:52.004017
ED   57,97.98%,YES,&nbsp,0,AD 27,2025-11-05_01:52:52.004017
ED   57,97.98%,NO,&nbsp,0,AD 27,2025-11-05_01:52:52.004017
ED   58,97.98%,YES,&nbsp,0,AD 27,2025-11-05_01:52:52.004017
ED   58,97.98%,NO,&nbsp,0,AD 27,2025-11-05_01:52:52.004017
ED   59,97.98%,YES,&nbsp,0,AD 27,2025-11-05_01:52:52.004017
ED   59,97.98%,NO,&nbsp,0,AD 27,2025-11-05_01:52:52.004017
ED   60,97.98%,YES,&nbsp,0,AD 27,2025-11-05_01:52:52.004017
ED   60,97.98%,NO,&nbsp,0,AD 27,2025-11-05_01:52:52.004017
ED   61,97.98%,YES,&nbsp,0,AD 27,2025-11-05_01:52:52.004017
ED   61,97.98%,NO,&nbsp,0,AD 27,2025-11-05_01:52:52.004017
ED   62,97.98%,YES,&nbsp,0,AD 27,2025-11-05_01:52:52.004017
ED   62,97.98%,NO,&nbsp,0,AD 27,2025-11-05_01:52:52.004017
ED   63,97.98%,YES,&nbsp,0,AD 27,2025-11-05_01:52:52.004017
ED   63,97.98%,NO,&nbsp,0,AD 27,2025-11-05_01:52:52.004017
ED   64,97.98%,YES,&nbsp,0,AD 27,2025-11-05_01:52:52.004017
ED   64,97.98%,NO,&nbsp,0,AD 27,2025-11-05_01:52:52.004017
ED   65,97.98%,YES,&nbsp,0,AD 27,2025-11-05_01:52:52.004017
ED   65,97.98%,NO,&nbsp,0,AD 27,2025-11-05_01:52:52.004017
ED   66,97.98%,YES,&nbsp,0,AD 27,2025-11-05_01:52:52.004017
ED   66,97.98%,NO,&nbsp,0,AD 27,2025-11-05_01:52:52.004017
ED   67,97.98%,YES,&nbsp,0,AD 27,2025-11-05_01:52:52.004017
ED   67,97.98%,NO,&nbsp,0,AD 27,2025-11-05_01:52:52.004017
ED   68,97.98%,YES,&nbsp,0,AD 27,2025-11-05_01:52:52.004017
ED   68,97.98%,NO,&nbsp,0,AD 27,2025-11-05_01:52:52.004017
Total,,YES,&nbsp,8219,AD 27,2025-11-05_01:52:52.004017
Total,,NO,&nbsp,15310,AD 27,2025-11-05_01:52:52.004017
ED    1,97.98%,YES,&nbsp,97,AD 28,2025-11-05_01:52:52.004017
ED    1,97.98%,NO,&nbsp,97,AD 28,2025-11-05_01:52:52.004017
ED    2,97.98%,YES,&nbsp,350,AD 28,2025-11-05_01:52:52.004017
ED    2,97.98%,NO,&nbsp,430,AD 28,2025-11-05_01:52:52.004017
ED    3,97.98%,YES,&nbsp,287,AD 28,2025-11-05_01:52:52.004017
ED    3,97.98%,NO,&nbsp,412,AD 28,2025-11-05_01:52:52.004017
ED    4,97.98%,YES,&nbsp,317,AD 28,2025-11-05_01:52:52.004017
ED    4,97.98%,NO,&nbsp,384,AD 28,2025-11-05_01:52:52.004017
ED    5,97.98%,YES,&nbsp,46,AD 28,2025-11-05_01:52:52.004017
ED    5,97.98%,NO,&nbsp,51,AD 28,2025-11-05_01:52:52.004017
ED    6,97.98%,YES,&nbsp,81,AD 28,2025-11-05_01:52:52.004017
ED    6,97.98%,NO,&nbsp,147,AD 28,2025-11-05_01:52:52.004017
ED    7,97.98%,YES,&nbsp,239,AD 28,2025-11-05_01:52:52.004017
ED    7,97.98%,NO,&nbsp,398,AD 28,2025-11-05_01:52:52.004017
ED    8,97.98%,YES,&nbsp,256,AD 28,2025-11-05_01:52:52.004017
ED    8,97.98%,NO,&nbsp,376,AD 28,2025-11-05_01:52:52.004017
ED    9,97.98%,YES,&nbsp,270,AD 28,2025-11-05_01:52:52.004017
ED    9,97.98%,NO,&nbsp,407,AD 28,2025-11-05_01:52:52.004017
ED   10,97.98%,YES,&nbsp,107,AD 28,2025-11-05_01:52:52.004017
ED   10,97.98%,NO,&nbsp,202,AD 28,2025-11-05_01:52:52.004017
ED   11,97.98%,YES,&nbsp,181,AD 28,2025-11-05_01:52:52.004017
ED   11,97.98%,NO,&nbsp,249,AD 28,2025-11-05_01:52:52.004017
ED   12,97.98%,YES,&nbsp,223,AD 28,2025-11-05_01:52:52.004017
ED   12,97.98%,NO,&nbsp,397,AD 28,2025-11-05_01:52:52.004017
ED   13,97.98%,YES,&nbsp,134,AD 28,2025-11-05_01:52:52.004017
ED   13,97.98%,NO,&nbsp,236,AD 28,2025-11-05_01:52:52.004017
ED   14,97.98%,YES,&nbsp,211,AD 28,2025-11-05_01:52:52.004017
ED   14,97.98%,NO,&nbsp,313,AD 28,2025-11-05_01:52:52.004017
ED   15,97.98%,YES,&nbsp,209,AD 28,2025-11-05_01:52:52.004017
ED   15,97.98%,NO,&nbsp,351,AD 28,2025-11-05_01:52:52.004017
ED   16,97.98%,YES,&nbsp,1,AD 28,2025-11-05_01:52:52.004017
ED   16,97.98%,NO,&nbsp,6,AD 28,2025-11-05_01:52:52.004017
ED   17,97.98%,YES,&nbsp,11,AD 28,2025-11-05_01:52:52.004017
ED   17,97.98%,NO,&nbsp,15,AD 28,2025-11-05_01:52:52.004017
ED   18,97.98%,YES,&nbsp,49,AD 28,2025-11-05_01:52:52.004017
ED   18,97.98%,NO,&nbsp,68,AD 28,2025-11-05_01:52:52.004017
ED   19,97.98%,YES,&nbsp,150,AD 28,2025-11-05_01:52:52.004017
ED   19,97.98%,NO,&nbsp,247,AD 28,2025-11-05_01:52:52.004017
ED   20,97.98%,YES,&nbsp,244,AD 28,2025-11-05_01:52:52.004017
ED   20,97.98%,NO,&nbsp,354,AD 28,2025-11-05_01:52:52.004017
ED   21,97.98%,YES,&nbsp,62,AD 28,2025-11-05_01:52:52.004017
ED   21,97.98%,NO,&nbsp,131,AD 28,2025-11-05_01:52:52.004017
ED   22,97.98%,YES,&nbsp,256,AD 28,2025-11-05_01:52:52.004017
ED   22,97.98%,NO,&nbsp,465,AD 28,2025-11-05_01:52:52.004017
ED   23,97.98%,YES,&nbsp,140,AD 28,2025-11-05_01:52:52.004017
ED   23,97.98%,NO,&nbsp,356,AD 28,2025-11-05_01:52:52.004017
ED   24,97.98%,YES,&nbsp,283,AD 28,2025-11-05_01:52:52.004017
ED   24,97.98%,NO,&nbsp,546,AD 28,2025-11-05_01:52:52.004017
ED   25,97.98%,YES,&nbsp,322,AD 28,2025-11-05_01:52:52.004017
ED   25,97.98%,NO,&nbsp,596,AD 28,2025-11-05_01:52:52.004017
ED   26,97.98%,YES,&nbsp,244,AD 28,2025-11-05_01:52:52.004017
ED   26,97.98%,NO,&nbsp,378,AD 28,2025-11-05_01:52:52.004017
ED   27,97.98%,YES,&nbsp,154,AD 28,2025-11-05_01:52:52.004017
ED   27,97.98%,NO,&nbsp,245,AD 28,2025-11-05_01:52:52.004017
ED   28,97.98%,YES,&nbsp,165,AD 28,2025-11-05_01:52:52.004017
ED   28,97.98%,NO,&nbsp,187,AD 28,2025-11-05_01:52:52.004017
ED   29,97.98%,YES,&nbsp,323,AD 28,2025-11-05_01:52:52.004017
ED   29,97.98%,NO,&nbsp,358,AD 28,2025-11-05_01:52:52.004017
ED   30,97.98%,YES,&nbsp,481,AD 28,2025-11-05_01:52:52.004017
ED   30,97.98%,NO,&nbsp,470,AD 28,2025-11-05_01:52:52.004017
ED   31,97.98%,YES,&nbsp,314,AD 28,2025-11-05_01:52:52.004017
ED   31,97.98%,NO,&nbsp,417,AD 28,2025-11-05_01:52:52.004017
ED   32,97.98%,YES,&nbsp,352,AD 28,2025-11-05_01:52:52.004017
ED   32,97.98%,NO,&nbsp,420,AD 28,2025-11-05_01:52:52.004017
ED   33,97.98%,YES,&nbsp,225,AD 28,2025-11-05_01:52:52.004017
ED   33,97.98%,NO,&nbsp,260,AD 28,2025-11-05_01:52:52.004017
ED   34,97.98%,YES,&nbsp,242,AD 28,2025-11-05_01:52:52.004017
ED   34,97.98%,NO,&nbsp,299,AD 28,2025-11-05_01:52:52.004017
ED   35,97.98%,YES,&nbsp,460,AD 28,2025-11-05_01:52:52.004017
ED   35,97.98%,NO,&nbsp,509,AD 28,2025-11-05_01:52:52.004017
ED   36,97.98%,YES,&nbsp,106,AD 28,2025-11-05_01:52:52.004017
ED   36,97.98%,NO,&nbsp,122,AD 28,2025-11-05_01:52:52.004017
ED   37,97.98%,YES,&nbsp,322,AD 28,2025-11-05_01:52:52.004017
ED   37,97.98%,NO,&nbsp,424,AD 28,2025-11-05_01:52:52.004017
ED   38,97.98%,YES,&nbsp,265,AD 28,2025-11-05_01:52:52.004017
ED   38,97.98%,NO,&nbsp,363,AD 28,2025-11-05_01:52:52.004017
ED   39,97.98%,YES,&nbsp,280,AD 28,2025-11-05_01:52:52.004017
ED   39,97.98%,NO,&nbsp,373,AD 28,2025-11-05_01:52:52.004017
ED   40,97.98%,YES,&nbsp,339,AD 28,2025-11-05_01:52:52.004017
ED   40,97.98%,NO,&nbsp,405,AD 28,2025-11-05_01:52:52.004017
ED   41,97.98%,YES,&nbsp,89,AD 28,2025-11-05_01:52:52.004017
ED   41,97.98%,NO,&nbsp,147,AD 28,2025-11-05_01:52:52.004017
ED   42,97.98%,YES,&nbsp,33,AD 28,2025-11-05_01:52:52.004017
ED   42,97.98%,NO,&nbsp,58,AD 28,2025-11-05_01:52:52.004017
ED   43,97.98%,YES,&nbsp,259,AD 28,2025-11-05_01:52:52.004017
ED   43,97.98%,NO,&nbsp,380,AD 28,2025-11-05_01:52:52.004017
ED   44,97.98%,YES,&nbsp,165,AD 28,2025-11-05_01:52:52.004017
ED   44,97.98%,NO,&nbsp,350,AD 28,2025-11-05_01:52:52.004017
ED   45,97.98%,YES,&nbsp,206,AD 28,2025-11-05_01:52:52.004017
ED   45,97.98%,NO,&nbsp,304,AD 28,2025-11-05_01:52:52.004017
ED   46,97.98%,YES,&nbsp,207,AD 28,2025-11-05_01:52:52.004017
ED   46,97.98%,NO,&nbsp,262,AD 28,2025-11-05_01:52:52.004017
ED   47,97.98%,YES,&nbsp,172,AD 28,2025-11-05_01:52:52.004017
ED   47,97.98%,NO,&nbsp,248,AD 28,2025-11-05_01:52:52.004017
ED   48,97.98%,YES,&nbsp,154,AD 28,2025-11-05_01:52:52.004017
ED   48,97.98%,NO,&nbsp,245,AD 28,2025-11-05_01:52:52.004017
ED   49,97.98%,YES,&nbsp,161,AD 28,2025-11-05_01:52:52.004017
ED   49,97.98%,NO,&nbsp,182,AD 28,2025-11-05_01:52:52.004017
ED   50,97.98%,YES,&nbsp,277,AD 28,2025-11-05_01:52:52.004017
ED   50,97.98%,NO,&nbsp,352,AD 28,2025-11-05_01:52:52.004017
ED   51,97.98%,YES,&nbsp,272,AD 28,2025-11-05_01:52:52.004017
ED   51,97.98%,NO,&nbsp,351,AD 28,2025-11-05_01:52:52.004017
ED   52,97.98%,YES,&nbsp,231,AD 28,2025-11-05_01:52:52.004017
ED   52,97.98%,NO,&nbsp,275,AD 28,2025-11-05_01:52:52.004017
ED   53,97.98%,YES,&nbsp,392,AD 28,2025-11-05_01:52:52.004017
ED   53,97.98%,NO,&nbsp,459,AD 28,2025-11-05_01:52:52.004017
ED   54,97.98%,YES,&nbsp,351,AD 28,2025-11-05_01:52:52.004017
ED   54,97.98%,NO,&nbsp,399,AD 28,2025-11-05_01:52:52.004017
ED   55,97.98%,YES,&nbsp,317,AD 28,2025-11-05_01:52:52.004017
ED   55,97.98%,NO,&nbsp,389,AD 28,2025-11-05_01:52:52.004017
ED   56,97.98%,YES,&nbsp,224,AD 28,2025-11-05_01:52:52.004017
ED   56,97.98%,NO,&nbsp,277,AD 28,2025-11-05_01:52:52.004017
ED   57,97.98%,YES,&nbsp,205,AD 28,2025-11-05_01:52:52.004017
ED   57,97.98%,NO,&nbsp,339,AD 28,2025-11-05_01:52:52.004017
ED   58,97.98%,YES,&nbsp,255,AD 28,2025-11-05_01:52:52.004017
ED   58,97.98%,NO,&nbsp,370,AD 28,2025-11-05_01:52:52.004017
ED   59,97.98%,YES,&nbsp,182,AD 28,2025-11-05_01:52:52.004017
ED   59,97.98%,NO,&nbsp,264,AD 28,2025-11-05_01:52:52.004017
ED   60,97.98%,YES,&nbsp,235,AD 28,2025-11-05_01:52:52.004017
ED   60,97.98%,NO,&nbsp,285,AD 28,2025-11-05_01:52:52.004017
ED   61,97.98%,YES,&nbsp,199,AD 28,2025-11-05_01:52:52.004017
ED   61,97.98%,NO,&nbsp,352,AD 28,2025-11-05_01:52:52.004017
ED   62,97.98%,YES,&nbsp,330,AD 28,2025-11-05_01:52:52.004017
ED   62,97.98%,NO,&nbsp,406,AD 28,2025-11-05_01:52:52.004017
ED   63,97.98%,YES,&nbsp,2,AD 28,2025-11-05_01:52:52.004017
ED   63,97.98%,NO,&nbsp,1,AD 28,2025-11-05_01:52:52.004017
ED   64,97.98%,YES,&nbsp,48,AD 28,2025-11-05_01:52:52.004017
ED   64,97.98%,NO,&nbsp,42,AD 28,2025-11-05_01:52:52.004017
ED   65,97.98%,YES,&nbsp,105,AD 28,2025-11-05_01:52:52.004017
ED   65,97.98%,NO,&nbsp,167,AD 28,2025-11-05_01:52:52.004017
ED   66,97.98%,YES,&nbsp,186,AD 28,2025-11-05_01:52:52.004017
ED   66,97.98%,NO,&nbsp,283,AD 28,2025-11-05_01:52:52.004017
ED   67,97.98%,YES,&nbsp,37,AD 28,2025-11-05_01:52:52.004017
ED   67,97.98%,NO,&nbsp,78,AD 28,2025-11-05_01:52:52.004017
ED   68,97.98%,YES,&nbsp,60,AD 28,2025-11-05_01:52:52.004017
ED   68,97.98%,NO,&nbsp,96,AD 28,2025-11-05_01:52:52.004017
ED   69,97.98%,YES,&nbsp,88,AD 28,2025-11-05_01:52:52.004017
ED   69,97.98%,NO,&nbsp,75,AD 28,2025-11-05_01:52:52.004017
ED   70,97.98%,YES,&nbsp,2,AD 28,2025-11-05_01:52:52.004017
ED   70,97.98%,NO,&nbsp,3,AD 28,2025-11-05_01:52:52.004017
ED   71,97.98%,YES,&nbsp,41,AD 28,2025-11-05_01:52:52.004017
ED   71,97.98%,NO,&nbsp,49,AD 28,2025-11-05_01:52:52.004017
ED   72,97.98%,YES,&nbsp,206,AD 28,2025-11-05_01:52:52.004017
ED   72,97.98%,NO,&nbsp,255,AD 28,2025-11-05_01:52:52.004017
ED   73,97.98%,YES,&nbsp,0,AD 28,2025-11-05_01:52:52.004017
ED   73,97.98%,NO,&nbsp,0,AD 28,2025-11-05_01:52:52.004017
ED   74,97.98%,YES,&nbsp,0,AD 28,2025-11-05_01:52:52.004017
ED   74,97.98%,NO,&nbsp,0,AD 28,2025-11-05_01:52:52.004017
ED   75,97.98%,YES,&nbsp,0,AD 28,2025-11-05_01:52:52.004017
ED   75,97.98%,NO,&nbsp,0,AD 28,2025-11-05_01:52:52.004017
Total,,YES,&nbsp,14489,AD 28,2025-11-05_01:52:52.004017
Total,,NO,&nbsp,20207,AD 28,2025-11-05_01:52:52.004017
ED    1,97.98%,YES,&nbsp,243,AD 29,2025-11-05_01:52:52.004017
ED    1,97.98%,NO,&nbsp,223,AD 29,2025-11-05_01:52:52.004017
ED    2,97.98%,YES,&nbsp,192,AD 29,2025-11-05_01:52:52.004017
ED    2,97.98%,NO,&nbsp,204,AD 29,2025-11-05_01:52:52.004017
ED    3,97.98%,YES,&nbsp,187,AD 29,2025-11-05_01:52:52.004017
ED    3,97.98%,NO,&nbsp,168,AD 29,2025-11-05_01:52:52.004017
ED    4,97.98%,YES,&nbsp,255,AD 29,2025-11-05_01:52:52.004017
ED    4,97.98%,NO,&nbsp,185,AD 29,2025-11-05_01:52:52.004017
ED    5,97.98%,YES,&nbsp,257,AD 29,2025-11-05_01:52:52.004017
ED    5,97.98%,NO,&nbsp,224,AD 29,2025-11-05_01:52:52.004017
ED    6,97.98%,YES,&nbsp,246,AD 29,2025-11-05_01:52:52.004017
ED    6,97.98%,NO,&nbsp,220,AD 29,2025-11-05_01:52:52.004017
ED    7,97.98%,YES,&nbsp,172,AD 29,2025-11-05_01:52:52.004017
ED    7,97.98%,NO,&nbsp,182,AD 29,2025-11-05_01:52:52.004017
ED    8,97.98%,YES,&nbsp,199,AD 29,2025-11-05_01:52:52.004017
ED    8,97.98%,NO,&nbsp,162,AD 29,2025-11-05_01:52:52.004017
ED    9,97.98%,YES,&nbsp,158,AD 29,2025-11-05_01:52:52.004017
ED    9,97.98%,NO,&nbsp,161,AD 29,2025-11-05_01:52:52.004017
ED   10,97.98%,YES,&nbsp,340,AD 29,2025-11-05_01:52:52.004017
ED   10,97.98%,NO,&nbsp,318,AD 29,2025-11-05_01:52:52.004017
ED   11,97.98%,YES,&nbsp,283,AD 29,2025-11-05_01:52:52.004017
ED   11,97.98%,NO,&nbsp,280,AD 29,2025-11-05_01:52:52.004017
ED   12,97.98%,YES,&nbsp,260,AD 29,2025-11-05_01:52:52.004017
ED   12,97.98%,NO,&nbsp,261,AD 29,2025-11-05_01:52:52.004017
ED   13,97.98%,YES,&nbsp,272,AD 29,2025-11-05_01:52:52.004017
ED   13,97.98%,NO,&nbsp,267,AD 29,2025-11-05_01:52:52.004017
ED   14,97.98%,YES,&nbsp,249,AD 29,2025-11-05_01:52:52.004017
ED   14,97.98%,NO,&nbsp,243,AD 29,2025-11-05_01:52:52.004017
ED   15,97.98%,YES,&nbsp,29,AD 29,2025-11-05_01:52:52.004017
ED   15,97.98%,NO,&nbsp,22,AD 29,2025-11-05_01:52:52.004017
ED   16,97.98%,YES,&nbsp,54,AD 29,2025-11-05_01:52:52.004017
ED   16,97.98%,NO,&nbsp,54,AD 29,2025-11-05_01:52:52.004017
ED   17,97.98%,YES,&nbsp,133,AD 29,2025-11-05_01:52:52.004017
ED   17,97.98%,NO,&nbsp,153,AD 29,2025-11-05_01:52:52.004017
ED   18,97.98%,YES,&nbsp,270,AD 29,2025-11-05_01:52:52.004017
ED   18,97.98%,NO,&nbsp,250,AD 29,2025-11-05_01:52:52.004017
ED   19,97.98%,YES,&nbsp,280,AD 29,2025-11-05_01:52:52.004017
ED   19,97.98%,NO,&nbsp,305,AD 29,2025-11-05_01:52:52.004017
ED   20,97.98%,YES,&nbsp,179,AD 29,2025-11-05_01:52:52.004017
ED   20,97.98%,NO,&nbsp,128,AD 29,2025-11-05_01:52:52.004017
ED   21,97.98%,YES,&nbsp,232,AD 29,2025-11-05_01:52:52.004017
ED   21,97.98%,NO,&nbsp,210,AD 29,2025-11-05_01:52:52.004017
ED   22,97.98%,YES,&nbsp,199,AD 29,2025-11-05_01:52:52.004017
ED   22,97.98%,NO,&nbsp,209,AD 29,2025-11-05_01:52:52.004017
ED   23,97.98%,YES,&nbsp,278,AD 29,2025-11-05_01:52:52.004017
ED   23,97.98%,NO,&nbsp,310,AD 29,2025-11-05_01:52:52.004017
ED   24,97.98%,YES,&nbsp,30,AD 29,2025-11-05_01:52:52.004017
ED   24,97.98%,NO,&nbsp,28,AD 29,2025-11-05_01:52:52.004017
ED   25,97.98%,YES,&nbsp,179,AD 29,2025-11-05_01:52:52.004017
ED   25,97.98%,NO,&nbsp,195,AD 29,2025-11-05_01:52:52.004017
ED   26,97.98%,YES,&nbsp,53,AD 29,2025-11-05_01:52:52.004017
ED   26,97.98%,NO,&nbsp,43,AD 29,2025-11-05_01:52:52.004017
ED   27,97.98%,YES,&nbsp,261,AD 29,2025-11-05_01:52:52.004017
ED   27,97.98%,NO,&nbsp,250,AD 29,2025-11-05_01:52:52.004017
ED   28,97.98%,YES,&nbsp,268,AD 29,2025-11-05_01:52:52.004017
ED   28,97.98%,NO,&nbsp,227,AD 29,2025-11-05_01:52:52.004017
ED   29,97.98%,YES,&nbsp,179,AD 29,2025-11-05_01:52:52.004017
ED   29,97.98%,NO,&nbsp,159,AD 29,2025-11-05_01:52:52.004017
ED   30,97.98%,YES,&nbsp,148,AD 29,2025-11-05_01:52:52.004017
ED   30,97.98%,NO,&nbsp,141,AD 29,2025-11-05_01:52:52.004017
ED   31,97.98%,YES,&nbsp,165,AD 29,2025-11-05_01:52:52.004017
ED   31,97.98%,NO,&nbsp,158,AD 29,2025-11-05_01:52:52.004017
ED   32,97.98%,YES,&nbsp,122,AD 29,2025-11-05_01:52:52.004017
ED   32,97.98%,NO,&nbsp,133,AD 29,2025-11-05_01:52:52.004017
ED   33,97.98%,YES,&nbsp,121,AD 29,2025-11-05_01:52:52.004017
ED   33,97.98%,NO,&nbsp,124,AD 29,2025-11-05_01:52:52.004017
ED   34,97.98%,YES,&nbsp,253,AD 29,2025-11-05_01:52:52.004017
ED   34,97.98%,NO,&nbsp,273,AD 29,2025-11-05_01:52:52.004017
ED   35,97.98%,YES,&nbsp,187,AD 29,2025-11-05_01:52:52.004017
ED   35,97.98%,NO,&nbsp,186,AD 29,2025-11-05_01:52:52.004017
ED   36,97.98%,YES,&nbsp,211,AD 29,2025-11-05_01:52:52.004017
ED   36,97.98%,NO,&nbsp,245,AD 29,2025-11-05_01:52:52.004017
ED   37,97.98%,YES,&nbsp,212,AD 29,2025-11-05_01:52:52.004017
ED   37,97.98%,NO,&nbsp,169,AD 29,2025-11-05_01:52:52.004017
ED   38,97.98%,YES,&nbsp,220,AD 29,2025-11-05_01:52:52.004017
ED   38,97.98%,NO,&nbsp,155,AD 29,2025-11-05_01:52:52.004017
ED   39,97.98%,YES,&nbsp,262,AD 29,2025-11-05_01:52:52.004017
ED   39,97.98%,NO,&nbsp,184,AD 29,2025-11-05_01:52:52.004017
ED   40,97.98%,YES,&nbsp,211,AD 29,2025-11-05_01:52:52.004017
ED   40,97.98%,NO,&nbsp,182,AD 29,2025-11-05_01:52:52.004017
ED   41,97.98%,YES,&nbsp,216,AD 29,2025-11-05_01:52:52.004017
ED   41,97.98%,NO,&nbsp,181,AD 29,2025-11-05_01:52:52.004017
ED   42,97.98%,YES,&nbsp,44,AD 29,2025-11-05_01:52:52.004017
ED   42,97.98%,NO,&nbsp,25,AD 29,2025-11-05_01:52:52.004017
ED   43,97.98%,YES,&nbsp,213,AD 29,2025-11-05_01:52:52.004017
ED   43,97.98%,NO,&nbsp,178,AD 29,2025-11-05_01:52:52.004017
ED   44,97.98%,YES,&nbsp,223,AD 29,2025-11-05_01:52:52.004017
ED   44,97.98%,NO,&nbsp,144,AD 29,2025-11-05_01:52:52.004017
ED   45,97.98%,YES,&nbsp,317,AD 29,2025-11-05_01:52:52.004017
ED   45,97.98%,NO,&nbsp,206,AD 29,2025-11-05_01:52:52.004017
ED   46,97.98%,YES,&nbsp,116,AD 29,2025-11-05_01:52:52.004017
ED   46,97.98%,NO,&nbsp,93,AD 29,2025-11-05_01:52:52.004017
ED   47,97.98%,YES,&nbsp,112,AD 29,2025-11-05_01:52:52.004017
ED   47,97.98%,NO,&nbsp,85,AD 29,2025-11-05_01:52:52.004017
ED   48,97.98%,YES,&nbsp,245,AD 29,2025-11-05_01:52:52.004017
ED   48,97.98%,NO,&nbsp,170,AD 29,2025-11-05_01:52:52.004017
ED   49,97.98%,YES,&nbsp,11,AD 29,2025-11-05_01:52:52.004017
ED   49,97.98%,NO,&nbsp,16,AD 29,2025-11-05_01:52:52.004017
ED   50,97.98%,YES,&nbsp,303,AD 29,2025-11-05_01:52:52.004017
ED   50,97.98%,NO,&nbsp,292,AD 29,2025-11-05_01:52:52.004017
ED   51,97.98%,YES,&nbsp,98,AD 29,2025-11-05_01:52:52.004017
ED   51,97.98%,NO,&nbsp,94,AD 29,2025-11-05_01:52:52.004017
ED   52,97.98%,YES,&nbsp,153,AD 29,2025-11-05_01:52:52.004017
ED   52,97.98%,NO,&nbsp,97,AD 29,2025-11-05_01:52:52.004017
ED   53,97.98%,YES,&nbsp,62,AD 29,2025-11-05_01:52:52.004017
ED   53,97.98%,NO,&nbsp,50,AD 29,2025-11-05_01:52:52.004017
ED   54,97.98%,YES,&nbsp,174,AD 29,2025-11-05_01:52:52.004017
ED   54,97.98%,NO,&nbsp,141,AD 29,2025-11-05_01:52:52.004017
ED   55,97.98%,YES,&nbsp,181,AD 29,2025-11-05_01:52:52.004017
ED   55,97.98%,NO,&nbsp,127,AD 29,2025-11-05_01:52:52.004017
ED   56,97.98%,YES,&nbsp,213,AD 29,2025-11-05_01:52:52.004017
ED   56,97.98%,NO,&nbsp,141,AD 29,2025-11-05_01:52:52.004017
ED   57,97.98%,YES,&nbsp,113,AD 29,2025-11-05_01:52:52.004017
ED   57,97.98%,NO,&nbsp,75,AD 29,2025-11-05_01:52:52.004017
ED   58,97.98%,YES,&nbsp,246,AD 29,2025-11-05_01:52:52.004017
ED   58,97.98%,NO,&nbsp,233,AD 29,2025-11-05_01:52:52.004017
ED   59,97.98%,YES,&nbsp,108,AD 29,2025-11-05_01:52:52.004017
ED   59,97.98%,NO,&nbsp,94,AD 29,2025-11-05_01:52:52.004017
ED   60,97.98%,YES,&nbsp,261,AD 29,2025-11-05_01:52:52.004017
ED   60,97.98%,NO,&nbsp,197,AD 29,2025-11-05_01:52:52.004017
ED   61,97.98%,YES,&nbsp,10,AD 29,2025-11-05_01:52:52.004017
ED   61,97.98%,NO,&nbsp,16,AD 29,2025-11-05_01:52:52.004017
ED   62,97.98%,YES,&nbsp,0,AD 29,2025-11-05_01:52:52.004017
ED   62,97.98%,NO,&nbsp,0,AD 29,2025-11-05_01:52:52.004017
ED   63,97.98%,YES,&nbsp,210,AD 29,2025-11-05_01:52:52.004017
ED   63,97.98%,NO,&nbsp,96,AD 29,2025-11-05_01:52:52.004017
ED   64,97.98%,YES,&nbsp,27,AD 29,2025-11-05_01:52:52.004017
ED   64,97.98%,NO,&nbsp,13,AD 29,2025-11-05_01:52:52.004017
ED   65,97.98%,YES,&nbsp,129,AD 29,2025-11-05_01:52:52.004017
ED   65,97.98%,NO,&nbsp,132,AD 29,2025-11-05_01:52:52.004017
ED   66,97.98%,YES,&nbsp,174,AD 29,2025-11-05_01:52:52.004017
ED   66,97.98%,NO,&nbsp,168,AD 29,2025-11-05_01:52:52.004017
Total,,YES,&nbsp,12008,AD 29,2025-11-05_01:52:52.004017
Total,,NO,&nbsp,10655,AD 29,2025-11-05_01:52:52.004017
ED    1,97.98%,YES,&nbsp,195,AD 30,2025-11-05_01:52:52.004017
ED    1,97.98%,NO,&nbsp,307,AD 30,2025-11-05_01:52:52.004017
ED    2,97.98%,YES,&nbsp,28,AD 30,2025-11-05_01:52:52.004017
ED    2,97.98%,NO,&nbsp,46,AD 30,2025-11-05_01:52:52.004017
ED    3,97.98%,YES,&nbsp,61,AD 30,2025-11-05_01:52:52.004017
ED    3,97.98%,NO,&nbsp,62,AD 30,2025-11-05_01:52:52.004017
ED    4,97.98%,YES,&nbsp,158,AD 30,2025-11-05_01:52:52.004017
ED    4,97.98%,NO,&nbsp,150,AD 30,2025-11-05_01:52:52.004017
ED    5,97.98%,YES,&nbsp,221,AD 30,2025-11-05_01:52:52.004017
ED    5,97.98%,NO,&nbsp,278,AD 30,2025-11-05_01:52:52.004017
ED    6,97.98%,YES,&nbsp,166,AD 30,2025-11-05_01:52:52.004017
ED    6,97.98%,NO,&nbsp,236,AD 30,2025-11-05_01:52:52.004017
ED    7,97.98%,YES,&nbsp,99,AD 30,2025-11-05_01:52:52.004017
ED    7,97.98%,NO,&nbsp,190,AD 30,2025-11-05_01:52:52.004017
ED    8,97.98%,YES,&nbsp,197,AD 30,2025-11-05_01:52:52.004017
ED    8,97.98%,NO,&nbsp,310,AD 30,2025-11-05_01:52:52.004017
ED    9,97.98%,YES,&nbsp,134,AD 30,2025-11-05_01:52:52.004017
ED    9,97.98%,NO,&nbsp,191,AD 30,2025-11-05_01:52:52.004017
ED   10,97.98%,YES,&nbsp,229,AD 30,2025-11-05_01:52:52.004017
ED   10,97.98%,NO,&nbsp,329,AD 30,2025-11-05_01:52:52.004017
ED   11,97.98%,YES,&nbsp,190,AD 30,2025-11-05_01:52:52.004017
ED   11,97.98%,NO,&nbsp,194,AD 30,2025-11-05_01:52:52.004017
ED   12,97.98%,YES,&nbsp,88,AD 30,2025-11-05_01:52:52.004017
ED   12,97.98%,NO,&nbsp,112,AD 30,2025-11-05_01:52:52.004017
ED   13,97.98%,YES,&nbsp,307,AD 30,2025-11-05_01:52:52.004017
ED   13,97.98%,NO,&nbsp,388,AD 30,2025-11-05_01:52:52.004017
ED   14,97.98%,YES,&nbsp,24,AD 30,2025-11-05_01:52:52.004017
ED   14,97.98%,NO,&nbsp,40,AD 30,2025-11-05_01:52:52.004017
ED   15,97.98%,YES,&nbsp,127,AD 30,2025-11-05_01:52:52.004017
ED   15,97.98%,NO,&nbsp,149,AD 30,2025-11-05_01:52:52.004017
ED   16,97.98%,YES,&nbsp,219,AD 30,2025-11-05_01:52:52.004017
ED   16,97.98%,NO,&nbsp,315,AD 30,2025-11-05_01:52:52.004017
ED   17,97.98%,YES,&nbsp,75,AD 30,2025-11-05_01:52:52.004017
ED   17,97.98%,NO,&nbsp,95,AD 30,2025-11-05_01:52:52.004017
ED   18,97.98%,YES,&nbsp,45,AD 30,2025-11-05_01:52:52.004017
ED   18,97.98%,NO,&nbsp,80,AD 30,2025-11-05_01:52:52.004017
ED   19,97.98%,YES,&nbsp,193,AD 30,2025-11-05_01:52:52.004017
ED   19,97.98%,NO,&nbsp,161,AD 30,2025-11-05_01:52:52.004017
ED   20,97.98%,YES,&nbsp,152,AD 30,2025-11-05_01:52:52.004017
ED   20,97.98%,NO,&nbsp,157,AD 30,2025-11-05_01:52:52.004017
ED   21,97.98%,YES,&nbsp,290,AD 30,2025-11-05_01:52:52.004017
ED   21,97.98%,NO,&nbsp,325,AD 30,2025-11-05_01:52:52.004017
ED   22,97.98%,YES,&nbsp,300,AD 30,2025-11-05_01:52:52.004017
ED   22,97.98%,NO,&nbsp,298,AD 30,2025-11-05_01:52:52.004017
ED   23,97.98%,YES,&nbsp,167,AD 30,2025-11-05_01:52:52.004017
ED   23,97.98%,NO,&nbsp,227,AD 30,2025-11-05_01:52:52.004017
ED   24,97.98%,YES,&nbsp,233,AD 30,2025-11-05_01:52:52.004017
ED   24,97.98%,NO,&nbsp,188,AD 30,2025-11-05_01:52:52.004017
ED   25,97.98%,YES,&nbsp,272,AD 30,2025-11-05_01:52:52.004017
ED   25,97.98%,NO,&nbsp,261,AD 30,2025-11-05_01:52:52.004017
ED   26,97.98%,YES,&nbsp,5,AD 30,2025-11-05_01:52:52.004017
ED   26,97.98%,NO,&nbsp,7,AD 30,2025-11-05_01:52:52.004017
ED   27,97.98%,YES,&nbsp,224,AD 30,2025-11-05_01:52:52.004017
ED   27,97.98%,NO,&nbsp,257,AD 30,2025-11-05_01:52:52.004017
ED   28,97.98%,YES,&nbsp,72,AD 30,2025-11-05_01:52:52.004017
ED   28,97.98%,NO,&nbsp,103,AD 30,2025-11-05_01:52:52.004017
ED   29,97.98%,YES,&nbsp,6,AD 30,2025-11-05_01:52:52.004017
ED   29,97.98%,NO,&nbsp,7,AD 30,2025-11-05_01:52:52.004017
ED   30,97.98%,YES,&nbsp,283,AD 30,2025-11-05_01:52:52.004017
ED   30,97.98%,NO,&nbsp,300,AD 30,2025-11-05_01:52:52.004017
ED   31,97.98%,YES,&nbsp,251,AD 30,2025-11-05_01:52:52.004017
ED   31,97.98%,NO,&nbsp,270,AD 30,2025-11-05_01:52:52.004017
ED   32,97.98%,YES,&nbsp,23,AD 30,2025-11-05_01:52:52.004017
ED   32,97.98%,NO,&nbsp,27,AD 30,2025-11-05_01:52:52.004017
ED   33,97.98%,YES,&nbsp,187,AD 30,2025-11-05_01:52:52.004017
ED   33,97.98%,NO,&nbsp,173,AD 30,2025-11-05_01:52:52.004017
ED   34,97.98%,YES,&nbsp,102,AD 30,2025-11-05_01:52:52.004017
ED   34,97.98%,NO,&nbsp,100,AD 30,2025-11-05_01:52:52.004017
ED   35,97.98%,YES,&nbsp,236,AD 30,2025-11-05_01:52:52.004017
ED   35,97.98%,NO,&nbsp,264,AD 30,2025-11-05_01:52:52.004017
ED   36,97.98%,YES,&nbsp,246,AD 30,2025-11-05_01:52:52.004017
ED   36,97.98%,NO,&nbsp,268,AD 30,2025-11-05_01:52:52.004017
ED   37,97.98%,YES,&nbsp,185,AD 30,2025-11-05_01:52:52.004017
ED   37,97.98%,NO,&nbsp,157,AD 30,2025-11-05_01:52:52.004017
ED   38,97.98%,YES,&nbsp,161,AD 30,2025-11-05_01:52:52.004017
ED   38,97.98%,NO,&nbsp,169,AD 30,2025-11-05_01:52:52.004017
ED   39,97.98%,YES,&nbsp,203,AD 30,2025-11-05_01:52:52.004017
ED   39,97.98%,NO,&nbsp,179,AD 30,2025-11-05_01:52:52.004017
ED   40,97.98%,YES,&nbsp,141,AD 30,2025-11-05_01:52:52.004017
ED   40,97.98%,NO,&nbsp,156,AD 30,2025-11-05_01:52:52.004017
ED   41,97.98%,YES,&nbsp,242,AD 30,2025-11-05_01:52:52.004017
ED   41,97.98%,NO,&nbsp,225,AD 30,2025-11-05_01:52:52.004017
ED   42,97.98%,YES,&nbsp,182,AD 30,2025-11-05_01:52:52.004017
ED   42,97.98%,NO,&nbsp,132,AD 30,2025-11-05_01:52:52.004017
ED   43,97.98%,YES,&nbsp,112,AD 30,2025-11-05_01:52:52.004017
ED   43,97.98%,NO,&nbsp,85,AD 30,2025-11-05_01:52:52.004017
ED   44,97.98%,YES,&nbsp,36,AD 30,2025-11-05_01:52:52.004017
ED   44,97.98%,NO,&nbsp,45,AD 30,2025-11-05_01:52:52.004017
ED   45,97.98%,YES,&nbsp,209,AD 30,2025-11-05_01:52:52.004017
ED   45,97.98%,NO,&nbsp,180,AD 30,2025-11-05_01:52:52.004017
ED   46,97.98%,YES,&nbsp,172,AD 30,2025-11-05_01:52:52.004017
ED   46,97.98%,NO,&nbsp,232,AD 30,2025-11-05_01:52:52.004017
ED   47,97.98%,YES,&nbsp,188,AD 30,2025-11-05_01:52:52.004017
ED   47,97.98%,NO,&nbsp,181,AD 30,2025-11-05_01:52:52.004017
ED   48,97.98%,YES,&nbsp,108,AD 30,2025-11-05_01:52:52.004017
ED   48,97.98%,NO,&nbsp,152,AD 30,2025-11-05_01:52:52.004017
ED   49,97.98%,YES,&nbsp,234,AD 30,2025-11-05_01:52:52.004017
ED   49,97.98%,NO,&nbsp,290,AD 30,2025-11-05_01:52:52.004017
ED   50,97.98%,YES,&nbsp,193,AD 30,2025-11-05_01:52:52.004017
ED   50,97.98%,NO,&nbsp,174,AD 30,2025-11-05_01:52:52.004017
ED   51,97.98%,YES,&nbsp,212,AD 30,2025-11-05_01:52:52.004017
ED   51,97.98%,NO,&nbsp,227,AD 30,2025-11-05_01:52:52.004017
ED   52,97.98%,YES,&nbsp,128,AD 30,2025-11-05_01:52:52.004017
ED   52,97.98%,NO,&nbsp,121,AD 30,2025-11-05_01:52:52.004017
ED   53,97.98%,YES,&nbsp,137,AD 30,2025-11-05_01:52:52.004017
ED   53,97.98%,NO,&nbsp,152,AD 30,2025-11-05_01:52:52.004017
ED   54,97.98%,YES,&nbsp,112,AD 30,2025-11-05_01:52:52.004017
ED   54,97.98%,NO,&nbsp,128,AD 30,2025-11-05_01:52:52.004017
ED   55,97.98%,YES,&nbsp,176,AD 30,2025-11-05_01:52:52.004017
ED   55,97.98%,NO,&nbsp,204,AD 30,2025-11-05_01:52:52.004017
ED   56,97.98%,YES,&nbsp,201,AD 30,2025-11-05_01:52:52.004017
ED   56,97.98%,NO,&nbsp,218,AD 30,2025-11-05_01:52:52.004017
ED   57,97.98%,YES,&nbsp,0,AD 30,2025-11-05_01:52:52.004017
ED   57,97.98%,NO,&nbsp,0,AD 30,2025-11-05_01:52:52.004017
ED   58,97.98%,YES,&nbsp,0,AD 30,2025-11-05_01:52:52.004017
ED   58,97.98%,NO,&nbsp,0,AD 30,2025-11-05_01:52:52.004017
ED   59,97.98%,YES,&nbsp,0,AD 30,2025-11-05_01:52:52.004017
ED   59,97.98%,NO,&nbsp,0,AD 30,2025-11-05_01:52:52.004017
Total,,YES,&nbsp,9137,AD 30,2025-11-05_01:52:52.004017
Total,,NO,&nbsp,10272,AD 30,2025-11-05_01:52:52.004017
ED    1,97.98%,YES,&nbsp,200,AD 31,2025-11-05_01:52:52.004017
ED    1,97.98%,NO,&nbsp,187,AD 31,2025-11-05_01:52:52.004017
ED    2,97.98%,YES,&nbsp,162,AD 31,2025-11-05_01:52:52.004017
ED    2,97.98%,NO,&nbsp,137,AD 31,2025-11-05_01:52:52.004017
ED    3,97.98%,YES,&nbsp,122,AD 31,2025-11-05_01:52:52.004017
ED    3,97.98%,NO,&nbsp,132,AD 31,2025-11-05_01:52:52.004017
ED    4,97.98%,YES,&nbsp,155,AD 31,2025-11-05_01:52:52.004017
ED    4,97.98%,NO,&nbsp,153,AD 31,2025-11-05_01:52:52.004017
ED    5,97.98%,YES,&nbsp,153,AD 31,2025-11-05_01:52:52.004017
ED    5,97.98%,NO,&nbsp,146,AD 31,2025-11-05_01:52:52.004017
ED    6,97.98%,YES,&nbsp,111,AD 31,2025-11-05_01:52:52.004017
ED    6,97.98%,NO,&nbsp,82,AD 31,2025-11-05_01:52:52.004017
ED    7,97.98%,YES,&nbsp,110,AD 31,2025-11-05_01:52:52.004017
ED    7,97.98%,NO,&nbsp,93,AD 31,2025-11-05_01:52:52.004017
ED    8,97.98%,YES,&nbsp,157,AD 31,2025-11-05_01:52:52.004017
ED    8,97.98%,NO,&nbsp,211,AD 31,2025-11-05_01:52:52.004017
ED    9,97.98%,YES,&nbsp,116,AD 31,2025-11-05_01:52:52.004017
ED    9,97.98%,NO,&nbsp,87,AD 31,2025-11-05_01:52:52.004017
ED   10,97.98%,YES,&nbsp,110,AD 31,2025-11-05_01:52:52.004017
ED   10,97.98%,NO,&nbsp,96,AD 31,2025-11-05_01:52:52.004017
ED   11,97.98%,YES,&nbsp,143,AD 31,2025-11-05_01:52:52.004017
ED   11,97.98%,NO,&nbsp,106,AD 31,2025-11-05_01:52:52.004017
ED   12,97.98%,YES,&nbsp,170,AD 31,2025-11-05_01:52:52.004017
ED   12,97.98%,NO,&nbsp,149,AD 31,2025-11-05_01:52:52.004017
ED   13,97.98%,YES,&nbsp,64,AD 31,2025-11-05_01:52:52.004017
ED   13,97.98%,NO,&nbsp,69,AD 31,2025-11-05_01:52:52.004017
ED   14,97.98%,YES,&nbsp,75,AD 31,2025-11-05_01:52:52.004017
ED   14,97.98%,NO,&nbsp,60,AD 31,2025-11-05_01:52:52.004017
ED   15,97.98%,YES,&nbsp,239,AD 31,2025-11-05_01:52:52.004017
ED   15,97.98%,NO,&nbsp,245,AD 31,2025-11-05_01:52:52.004017
ED   16,97.98%,YES,&nbsp,103,AD 31,2025-11-05_01:52:52.004017
ED   16,97.98%,NO,&nbsp,124,AD 31,2025-11-05_01:52:52.004017
ED   17,97.98%,YES,&nbsp,1,AD 31,2025-11-05_01:52:52.004017
ED   17,97.98%,NO,&nbsp,5,AD 31,2025-11-05_01:52:52.004017
ED   18,97.98%,YES,&nbsp,63,AD 31,2025-11-05_01:52:52.004017
ED   18,97.98%,NO,&nbsp,68,AD 31,2025-11-05_01:52:52.004017
ED   19,97.98%,YES,&nbsp,2,AD 31,2025-11-05_01:52:52.004017
ED   19,97.98%,NO,&nbsp,8,AD 31,2025-11-05_01:52:52.004017
ED   20,97.98%,YES,&nbsp,249,AD 31,2025-11-05_01:52:52.004017
ED   20,97.98%,NO,&nbsp,225,AD 31,2025-11-05_01:52:52.004017
ED   21,97.98%,YES,&nbsp,190,AD 31,2025-11-05_01:52:52.004017
ED   21,97.98%,NO,&nbsp,194,AD 31,2025-11-05_01:52:52.004017
ED   22,97.98%,YES,&nbsp,171,AD 31,2025-11-05_01:52:52.004017
ED   22,97.98%,NO,&nbsp,152,AD 31,2025-11-05_01:52:52.004017
ED   23,97.98%,YES,&nbsp,184,AD 31,2025-11-05_01:52:52.004017
ED   23,97.98%,NO,&nbsp,200,AD 31,2025-11-05_01:52:52.004017
ED   24,97.98%,YES,&nbsp,56,AD 31,2025-11-05_01:52:52.004017
ED   24,97.98%,NO,&nbsp,55,AD 31,2025-11-05_01:52:52.004017
ED   25,97.98%,YES,&nbsp,195,AD 31,2025-11-05_01:52:52.004017
ED   25,97.98%,NO,&nbsp,200,AD 31,2025-11-05_01:52:52.004017
ED   26,97.98%,YES,&nbsp,201,AD 31,2025-11-05_01:52:52.004017
ED   26,97.98%,NO,&nbsp,189,AD 31,2025-11-05_01:52:52.004017
ED   27,97.98%,YES,&nbsp,229,AD 31,2025-11-05_01:52:52.004017
ED   27,97.98%,NO,&nbsp,226,AD 31,2025-11-05_01:52:52.004017
ED   28,97.98%,YES,&nbsp,182,AD 31,2025-11-05_01:52:52.004017
ED   28,97.98%,NO,&nbsp,178,AD 31,2025-11-05_01:52:52.004017
ED   29,97.98%,YES,&nbsp,167,AD 31,2025-11-05_01:52:52.004017
ED   29,97.98%,NO,&nbsp,169,AD 31,2025-11-05_01:52:52.004017
ED   30,97.98%,YES,&nbsp,109,AD 31,2025-11-05_01:52:52.004017
ED   30,97.98%,NO,&nbsp,112,AD 31,2025-11-05_01:52:52.004017
ED   31,97.98%,YES,&nbsp,131,AD 31,2025-11-05_01:52:52.004017
ED   31,97.98%,NO,&nbsp,106,AD 31,2025-11-05_01:52:52.004017
ED   32,97.98%,YES,&nbsp,224,AD 31,2025-11-05_01:52:52.004017
ED   32,97.98%,NO,&nbsp,202,AD 31,2025-11-05_01:52:52.004017
ED   33,97.98%,YES,&nbsp,93,AD 31,2025-11-05_01:52:52.004017
ED   33,97.98%,NO,&nbsp,51,AD 31,2025-11-05_01:52:52.004017
ED   34,97.98%,YES,&nbsp,194,AD 31,2025-11-05_01:52:52.004017
ED   34,97.98%,NO,&nbsp,173,AD 31,2025-11-05_01:52:52.004017
ED   35,97.98%,YES,&nbsp,138,AD 31,2025-11-05_01:52:52.004017
ED   35,97.98%,NO,&nbsp,128,AD 31,2025-11-05_01:52:52.004017
ED   36,97.98%,YES,&nbsp,36,AD 31,2025-11-05_01:52:52.004017
ED   36,97.98%,NO,&nbsp,53,AD 31,2025-11-05_01:52:52.004017
ED   37,97.98%,YES,&nbsp,197,AD 31,2025-11-05_01:52:52.004017
ED   37,97.98%,NO,&nbsp,191,AD 31,2025-11-05_01:52:52.004017
ED   38,97.98%,YES,&nbsp,130,AD 31,2025-11-05_01:52:52.004017
ED   38,97.98%,NO,&nbsp,115,AD 31,2025-11-05_01:52:52.004017
ED   39,97.98%,YES,&nbsp,105,AD 31,2025-11-05_01:52:52.004017
ED   39,97.98%,NO,&nbsp,97,AD 31,2025-11-05_01:52:52.004017
ED   40,97.98%,YES,&nbsp,196,AD 31,2025-11-05_01:52:52.004017
ED   40,97.98%,NO,&nbsp,213,AD 31,2025-11-05_01:52:52.004017
ED   41,97.98%,YES,&nbsp,167,AD 31,2025-11-05_01:52:52.004017
ED   41,97.98%,NO,&nbsp,163,AD 31,2025-11-05_01:52:52.004017
ED   42,97.98%,YES,&nbsp,58,AD 31,2025-11-05_01:52:52.004017
ED   42,97.98%,NO,&nbsp,74,AD 31,2025-11-05_01:52:52.004017
ED   43,97.98%,YES,&nbsp,140,AD 31,2025-11-05_01:52:52.004017
ED   43,97.98%,NO,&nbsp,145,AD 31,2025-11-05_01:52:52.004017
ED   44,97.98%,YES,&nbsp,142,AD 31,2025-11-05_01:52:52.004017
ED   44,97.98%,NO,&nbsp,153,AD 31,2025-11-05_01:52:52.004017
ED   45,97.98%,YES,&nbsp,164,AD 31,2025-11-05_01:52:52.004017
ED   45,97.98%,NO,&nbsp,159,AD 31,2025-11-05_01:52:52.004017
ED   46,97.98%,YES,&nbsp,132,AD 31,2025-11-05_01:52:52.004017
ED   46,97.98%,NO,&nbsp,129,AD 31,2025-11-05_01:52:52.004017
ED   47,97.98%,YES,&nbsp,76,AD 31,2025-11-05_01:52:52.004017
ED   47,97.98%,NO,&nbsp,56,AD 31,2025-11-05_01:52:52.004017
ED   48,97.98%,YES,&nbsp,81,AD 31,2025-11-05_01:52:52.004017
ED   48,97.98%,NO,&nbsp,80,AD 31,2025-11-05_01:52:52.004017
ED   49,97.98%,YES,&nbsp,20,AD 31,2025-11-05_01:52:52.004017
ED   49,97.98%,NO,&nbsp,25,AD 31,2025-11-05_01:52:52.004017
ED   50,97.98%,YES,&nbsp,141,AD 31,2025-11-05_01:52:52.004017
ED   50,97.98%,NO,&nbsp,148,AD 31,2025-11-05_01:52:52.004017
ED   51,97.98%,YES,&nbsp,152,AD 31,2025-11-05_01:52:52.004017
ED   51,97.98%,NO,&nbsp,130,AD 31,2025-11-05_01:52:52.004017
ED   52,97.98%,YES,&nbsp,134,AD 31,2025-11-05_01:52:52.004017
ED   52,97.98%,NO,&nbsp,137,AD 31,2025-11-05_01:52:52.004017
ED   53,97.98%,YES,&nbsp,117,AD 31,2025-11-05_01:52:52.004017
ED   53,97.98%,NO,&nbsp,131,AD 31,2025-11-05_01:52:52.004017
ED   54,97.98%,YES,&nbsp,178,AD 31,2025-11-05_01:52:52.004017
ED   54,97.98%,NO,&nbsp,145,AD 31,2025-11-05_01:52:52.004017
ED   55,97.98%,YES,&nbsp,158,AD 31,2025-11-05_01:52:52.004017
ED   55,97.98%,NO,&nbsp,155,AD 31,2025-11-05_01:52:52.004017
ED   56,97.98%,YES,&nbsp,152,AD 31,2025-11-05_01:52:52.004017
ED   56,97.98%,NO,&nbsp,139,AD 31,2025-11-05_01:52:52.004017
ED   57,97.98%,YES,&nbsp,170,AD 31,2025-11-05_01:52:52.004017
ED   57,97.98%,NO,&nbsp,240,AD 31,2025-11-05_01:52:52.004017
ED   58,97.98%,YES,&nbsp,0,AD 31,2025-11-05_01:52:52.004017
ED   58,97.98%,NO,&nbsp,0,AD 31,2025-11-05_01:52:52.004017
ED   59,97.98%,YES,&nbsp,0,AD 31,2025-11-05_01:52:52.004017
ED   59,97.98%,NO,&nbsp,0,AD 31,2025-11-05_01:52:52.004017
ED   60,97.98%,YES,&nbsp,0,AD 31,2025-11-05_01:52:52.004017
ED   60,97.98%,NO,&nbsp,0,AD 31,2025-11-05_01:52:52.004017
ED   61,97.98%,YES,&nbsp,0,AD 31,2025-11-05_01:52:52.004017
ED   61,97.98%,NO,&nbsp,0,AD 31,2025-11-05_01:52:52.004017
ED   62,97.98%,YES,&nbsp,0,AD 31,2025-11-05_01:52:52.004017
ED   62,97.98%,NO,&nbsp,0,AD 31,2025-11-05_01:52:52.004017
ED   63,97.98%,YES,&nbsp,0,AD 31,2025-11-05_01:52:52.004017
ED   63,97.98%,NO,&nbsp,0,AD 31,2025-11-05_01:52:52.004017
Total,,YES,&nbsp,7815,AD 31,2025-11-05_01:52:52.004017
Total,,NO,&nbsp,7596,AD 31,2025-11-05_01:52:52.004017
ED    1,97.98%,YES,&nbsp,3,AD 32,2025-11-05_01:52:52.004017
ED    1,97.98%,NO,&nbsp,5,AD 32,2025-11-05_01:52:52.004017
ED    2,97.98%,YES,&nbsp,38,AD 32,2025-11-05_01:52:52.004017
ED    2,97.98%,NO,&nbsp,24,AD 32,2025-11-05_01:52:52.004017
ED    3,97.98%,YES,&nbsp,210,AD 32,2025-11-05_01:52:52.004017
ED    3,97.98%,NO,&nbsp,179,AD 32,2025-11-05_01:52:52.004017
ED    4,97.98%,YES,&nbsp,150,AD 32,2025-11-05_01:52:52.004017
ED    4,97.98%,NO,&nbsp,110,AD 32,2025-11-05_01:52:52.004017
ED    5,97.98%,YES,&nbsp,204,AD 32,2025-11-05_01:52:52.004017
ED    5,97.98%,NO,&nbsp,219,AD 32,2025-11-05_01:52:52.004017
ED    6,97.98%,YES,&nbsp,7,AD 32,2025-11-05_01:52:52.004017
ED    6,97.98%,NO,&nbsp,13,AD 32,2025-11-05_01:52:52.004017
ED    7,97.98%,YES,&nbsp,228,AD 32,2025-11-05_01:52:52.004017
ED    7,97.98%,NO,&nbsp,219,AD 32,2025-11-05_01:52:52.004017
ED    8,97.98%,YES,&nbsp,203,AD 32,2025-11-05_01:52:52.004017
ED    8,97.98%,NO,&nbsp,168,AD 32,2025-11-05_01:52:52.004017
ED    9,97.98%,YES,&nbsp,186,AD 32,2025-11-05_01:52:52.004017
ED    9,97.98%,NO,&nbsp,155,AD 32,2025-11-05_01:52:52.004017
ED   10,97.98%,YES,&nbsp,128,AD 32,2025-11-05_01:52:52.004017
ED   10,97.98%,NO,&nbsp,94,AD 32,2025-11-05_01:52:52.004017
ED   11,97.98%,YES,&nbsp,15,AD 32,2025-11-05_01:52:52.004017
ED   11,97.98%,NO,&nbsp,16,AD 32,2025-11-05_01:52:52.004017
ED   12,97.98%,YES,&nbsp,137,AD 32,2025-11-05_01:52:52.004017
ED   12,97.98%,NO,&nbsp,174,AD 32,2025-11-05_01:52:52.004017
ED   13,97.98%,YES,&nbsp,4,AD 32,2025-11-05_01:52:52.004017
ED   13,97.98%,NO,&nbsp,7,AD 32,2025-11-05_01:52:52.004017
ED   14,97.98%,YES,&nbsp,22,AD 32,2025-11-05_01:52:52.004017
ED   14,97.98%,NO,&nbsp,28,AD 32,2025-11-05_01:52:52.004017
ED   15,97.98%,YES,&nbsp,183,AD 32,2025-11-05_01:52:52.004017
ED   15,97.98%,NO,&nbsp,164,AD 32,2025-11-05_01:52:52.004017
ED   16,97.98%,YES,&nbsp,42,AD 32,2025-11-05_01:52:52.004017
ED   16,97.98%,NO,&nbsp,38,AD 32,2025-11-05_01:52:52.004017
ED   17,97.98%,YES,&nbsp,214,AD 32,2025-11-05_01:52:52.004017
ED   17,97.98%,NO,&nbsp,140,AD 32,2025-11-05_01:52:52.004017
ED   18,97.98%,YES,&nbsp,54,AD 32,2025-11-05_01:52:52.004017
ED   18,97.98%,NO,&nbsp,47,AD 32,2025-11-05_01:52:52.004017
ED   19,97.98%,YES,&nbsp,167,AD 32,2025-11-05_01:52:52.004017
ED   19,97.98%,NO,&nbsp,137,AD 32,2025-11-05_01:52:52.004017
ED   20,97.98%,YES,&nbsp,153,AD 32,2025-11-05_01:52:52.004017
ED   20,97.98%,NO,&nbsp,128,AD 32,2025-11-05_01:52:52.004017
ED   21,97.98%,YES,&nbsp,206,AD 32,2025-11-05_01:52:52.004017
ED   21,97.98%,NO,&nbsp,131,AD 32,2025-11-05_01:52:52.004017
ED   22,97.98%,YES,&nbsp,234,AD 32,2025-11-05_01:52:52.004017
ED   22,97.98%,NO,&nbsp,211,AD 32,2025-11-05_01:52:52.004017
ED   23,97.98%,YES,&nbsp,163,AD 32,2025-11-05_01:52:52.004017
ED   23,97.98%,NO,&nbsp,165,AD 32,2025-11-05_01:52:52.004017
ED   24,97.98%,YES,&nbsp,155,AD 32,2025-11-05_01:52:52.004017
ED   24,97.98%,NO,&nbsp,154,AD 32,2025-11-05_01:52:52.004017
ED   25,97.98%,YES,&nbsp,156,AD 32,2025-11-05_01:52:52.004017
ED   25,97.98%,NO,&nbsp,145,AD 32,2025-11-05_01:52:52.004017
ED   26,97.98%,YES,&nbsp,233,AD 32,2025-11-05_01:52:52.004017
ED   26,97.98%,NO,&nbsp,177,AD 32,2025-11-05_01:52:52.004017
ED   27,97.98%,YES,&nbsp,211,AD 32,2025-11-05_01:52:52.004017
ED   27,97.98%,NO,&nbsp,185,AD 32,2025-11-05_01:52:52.004017
ED   28,97.98%,YES,&nbsp,151,AD 32,2025-11-05_01:52:52.004017
ED   28,97.98%,NO,&nbsp,162,AD 32,2025-11-05_01:52:52.004017
ED   29,97.98%,YES,&nbsp,111,AD 32,2025-11-05_01:52:52.004017
ED   29,97.98%,NO,&nbsp,104,AD 32,2025-11-05_01:52:52.004017
ED   30,97.98%,YES,&nbsp,140,AD 32,2025-11-05_01:52:52.004017
ED   30,97.98%,NO,&nbsp,154,AD 32,2025-11-05_01:52:52.004017
ED   31,97.98%,YES,&nbsp,145,AD 32,2025-11-05_01:52:52.004017
ED   31,97.98%,NO,&nbsp,126,AD 32,2025-11-05_01:52:52.004017
ED   32,97.98%,YES,&nbsp,178,AD 32,2025-11-05_01:52:52.004017
ED   32,97.98%,NO,&nbsp,177,AD 32,2025-11-05_01:52:52.004017
ED   33,97.98%,YES,&nbsp,63,AD 32,2025-11-05_01:52:52.004017
ED   33,97.98%,NO,&nbsp,50,AD 32,2025-11-05_01:52:52.004017
ED   34,97.98%,YES,&nbsp,222,AD 32,2025-11-05_01:52:52.004017
ED   34,97.98%,NO,&nbsp,193,AD 32,2025-11-05_01:52:52.004017
ED   35,97.98%,YES,&nbsp,95,AD 32,2025-11-05_01:52:52.004017
ED   35,97.98%,NO,&nbsp,92,AD 32,2025-11-05_01:52:52.004017
ED   36,97.98%,YES,&nbsp,132,AD 32,2025-11-05_01:52:52.004017
ED   36,97.98%,NO,&nbsp,107,AD 32,2025-11-05_01:52:52.004017
ED   37,97.98%,YES,&nbsp,262,AD 32,2025-11-05_01:52:52.004017
ED   37,97.98%,NO,&nbsp,212,AD 32,2025-11-05_01:52:52.004017
ED   38,97.98%,YES,&nbsp,271,AD 32,2025-11-05_01:52:52.004017
ED   38,97.98%,NO,&nbsp,153,AD 32,2025-11-05_01:52:52.004017
ED   39,97.98%,YES,&nbsp,146,AD 32,2025-11-05_01:52:52.004017
ED   39,97.98%,NO,&nbsp,162,AD 32,2025-11-05_01:52:52.004017
ED   40,97.98%,YES,&nbsp,164,AD 32,2025-11-05_01:52:52.004017
ED   40,97.98%,NO,&nbsp,140,AD 32,2025-11-05_01:52:52.004017
ED   41,97.98%,YES,&nbsp,118,AD 32,2025-11-05_01:52:52.004017
ED   41,97.98%,NO,&nbsp,57,AD 32,2025-11-05_01:52:52.004017
ED   42,97.98%,YES,&nbsp,183,AD 32,2025-11-05_01:52:52.004017
ED   42,97.98%,NO,&nbsp,128,AD 32,2025-11-05_01:52:52.004017
ED   43,97.98%,YES,&nbsp,247,AD 32,2025-11-05_01:52:52.004017
ED   43,97.98%,NO,&nbsp,173,AD 32,2025-11-05_01:52:52.004017
ED   44,97.98%,YES,&nbsp,113,AD 32,2025-11-05_01:52:52.004017
ED   44,97.98%,NO,&nbsp,103,AD 32,2025-11-05_01:52:52.004017
ED   45,97.98%,YES,&nbsp,166,AD 32,2025-11-05_01:52:52.004017
ED   45,97.98%,NO,&nbsp,98,AD 32,2025-11-05_01:52:52.004017
ED   46,97.98%,YES,&nbsp,141,AD 32,2025-11-05_01:52:52.004017
ED   46,97.98%,NO,&nbsp,143,AD 32,2025-11-05_01:52:52.004017
ED   47,97.98%,YES,&nbsp,159,AD 32,2025-11-05_01:52:52.004017
ED   47,97.98%,NO,&nbsp,148,AD 32,2025-11-05_01:52:52.004017
ED   48,97.98%,YES,&nbsp,214,AD 32,2025-11-05_01:52:52.004017
ED   48,97.98%,NO,&nbsp,195,AD 32,2025-11-05_01:52:52.004017
ED   49,97.98%,YES,&nbsp,142,AD 32,2025-11-05_01:52:52.004017
ED   49,97.98%,NO,&nbsp,132,AD 32,2025-11-05_01:52:52.004017
ED   50,97.98%,YES,&nbsp,209,AD 32,2025-11-05_01:52:52.004017
ED   50,97.98%,NO,&nbsp,251,AD 32,2025-11-05_01:52:52.004017
ED   51,97.98%,YES,&nbsp,230,AD 32,2025-11-05_01:52:52.004017
ED   51,97.98%,NO,&nbsp,179,AD 32,2025-11-05_01:52:52.004017
ED   52,97.98%,YES,&nbsp,139,AD 32,2025-11-05_01:52:52.004017
ED   52,97.98%,NO,&nbsp,152,AD 32,2025-11-05_01:52:52.004017
ED   53,97.98%,YES,&nbsp,268,AD 32,2025-11-05_01:52:52.004017
ED   53,97.98%,NO,&nbsp,273,AD 32,2025-11-05_01:52:52.004017
ED   54,97.98%,YES,&nbsp,265,AD 32,2025-11-05_01:52:52.004017
ED   54,97.98%,NO,&nbsp,247,AD 32,2025-11-05_01:52:52.004017
ED   55,97.98%,YES,&nbsp,137,AD 32,2025-11-05_01:52:52.004017
ED   55,97.98%,NO,&nbsp,166,AD 32,2025-11-05_01:52:52.004017
ED   56,97.98%,YES,&nbsp,146,AD 32,2025-11-05_01:52:52.004017
ED   56,97.98%,NO,&nbsp,150,AD 32,2025-11-05_01:52:52.004017
ED   57,97.98%,YES,&nbsp,150,AD 32,2025-11-05_01:52:52.004017
ED   57,97.98%,NO,&nbsp,151,AD 32,2025-11-05_01:52:52.004017
ED   58,97.98%,YES,&nbsp,148,AD 32,2025-11-05_01:52:52.004017
ED   58,97.98%,NO,&nbsp,142,AD 32,2025-11-05_01:52:52.004017
ED   59,97.98%,YES,&nbsp,142,AD 32,2025-11-05_01:52:52.004017
ED   59,97.98%,NO,&nbsp,176,AD 32,2025-11-05_01:52:52.004017
ED   60,97.98%,YES,&nbsp,173,AD 32,2025-11-05_01:52:52.004017
ED   60,97.98%,NO,&nbsp,189,AD 32,2025-11-05_01:52:52.004017
ED   61,97.98%,YES,&nbsp,192,AD 32,2025-11-05_01:52:52.004017
ED   61,97.98%,NO,&nbsp,172,AD 32,2025-11-05_01:52:52.004017
ED   62,97.98%,YES,&nbsp,137,AD 32,2025-11-05_01:52:52.004017
ED   62,97.98%,NO,&nbsp,128,AD 32,2025-11-05_01:52:52.004017
ED   63,97.98%,YES,&nbsp,132,AD 32,2025-11-05_01:52:52.004017
ED   63,97.98%,NO,&nbsp,112,AD 32,2025-11-05_01:52:52.004017
ED   64,97.98%,YES,&nbsp,120,AD 32,2025-11-05_01:52:52.004017
ED   64,97.98%,NO,&nbsp,123,AD 32,2025-11-05_01:52:52.004017
ED   65,97.98%,YES,&nbsp,182,AD 32,2025-11-05_01:52:52.004017
ED   65,97.98%,NO,&nbsp,156,AD 32,2025-11-05_01:52:52.004017
ED   66,97.98%,YES,&nbsp,53,AD 32,2025-11-05_01:52:52.004017
ED   66,97.98%,NO,&nbsp,40,AD 32,2025-11-05_01:52:52.004017
ED   67,97.98%,YES,&nbsp,154,AD 32,2025-11-05_01:52:52.004017
ED   67,97.98%,NO,&nbsp,135,AD 32,2025-11-05_01:52:52.004017
ED   68,97.98%,YES,&nbsp,0,AD 32,2025-11-05_01:52:52.004017
ED   68,97.98%,NO,&nbsp,0,AD 32,2025-11-05_01:52:52.004017
Total,,YES,&nbsp,10246,AD 32,2025-11-05_01:52:52.004017
Total,,NO,&nbsp,9184,AD 32,2025-11-05_01:52:52.004017
ED    1,97.98%,YES,&nbsp,299,AD 33,2025-11-05_01:52:52.004017
ED    1,97.98%,NO,&nbsp,336,AD 33,2025-11-05_01:52:52.004017
ED    2,97.98%,YES,&nbsp,344,AD 33,2025-11-05_01:52:52.004017
ED    2,97.98%,NO,&nbsp,354,AD 33,2025-11-05_01:52:52.004017
ED    3,97.98%,YES,&nbsp,315,AD 33,2025-11-05_01:52:52.004017
ED    3,97.98%,NO,&nbsp,304,AD 33,2025-11-05_01:52:52.004017
ED    4,97.98%,YES,&nbsp,219,AD 33,2025-11-05_01:52:52.004017
ED    4,97.98%,NO,&nbsp,387,AD 33,2025-11-05_01:52:52.004017
ED    5,97.98%,YES,&nbsp,232,AD 33,2025-11-05_01:52:52.004017
ED    5,97.98%,NO,&nbsp,280,AD 33,2025-11-05_01:52:52.004017
ED    6,97.98%,YES,&nbsp,274,AD 33,2025-11-05_01:52:52.004017
ED    6,97.98%,NO,&nbsp,440,AD 33,2025-11-05_01:52:52.004017
ED    7,97.98%,YES,&nbsp,214,AD 33,2025-11-05_01:52:52.004017
ED    7,97.98%,NO,&nbsp,277,AD 33,2025-11-05_01:52:52.004017
ED    8,97.98%,YES,&nbsp,266,AD 33,2025-11-05_01:52:52.004017
ED    8,97.98%,NO,&nbsp,325,AD 33,2025-11-05_01:52:52.004017
ED    9,97.98%,YES,&nbsp,244,AD 33,2025-11-05_01:52:52.004017
ED    9,97.98%,NO,&nbsp,294,AD 33,2025-11-05_01:52:52.004017
ED   10,97.98%,YES,&nbsp,181,AD 33,2025-11-05_01:52:52.004017
ED   10,97.98%,NO,&nbsp,173,AD 33,2025-11-05_01:52:52.004017
ED   11,97.98%,YES,&nbsp,132,AD 33,2025-11-05_01:52:52.004017
ED   11,97.98%,NO,&nbsp,161,AD 33,2025-11-05_01:52:52.004017
ED   12,97.98%,YES,&nbsp,173,AD 33,2025-11-05_01:52:52.004017
ED   12,97.98%,NO,&nbsp,210,AD 33,2025-11-05_01:52:52.004017
ED   13,97.98%,YES,&nbsp,28,AD 33,2025-11-05_01:52:52.004017
ED   13,97.98%,NO,&nbsp,30,AD 33,2025-11-05_01:52:52.004017
ED   14,97.98%,YES,&nbsp,132,AD 33,2025-11-05_01:52:52.004017
ED   14,97.98%,NO,&nbsp,182,AD 33,2025-11-05_01:52:52.004017
ED   15,97.98%,YES,&nbsp,136,AD 33,2025-11-05_01:52:52.004017
ED   15,97.98%,NO,&nbsp,165,AD 33,2025-11-05_01:52:52.004017
ED   16,97.98%,YES,&nbsp,276,AD 33,2025-11-05_01:52:52.004017
ED   16,97.98%,NO,&nbsp,198,AD 33,2025-11-05_01:52:52.004017
ED   17,97.98%,YES,&nbsp,289,AD 33,2025-11-05_01:52:52.004017
ED   17,97.98%,NO,&nbsp,241,AD 33,2025-11-05_01:52:52.004017
ED   18,97.98%,YES,&nbsp,184,AD 33,2025-11-05_01:52:52.004017
ED   18,97.98%,NO,&nbsp,178,AD 33,2025-11-05_01:52:52.004017
ED   19,97.98%,YES,&nbsp,166,AD 33,2025-11-05_01:52:52.004017
ED   19,97.98%,NO,&nbsp,139,AD 33,2025-11-05_01:52:52.004017
ED   20,97.98%,YES,&nbsp,242,AD 33,2025-11-05_01:52:52.004017
ED   20,97.98%,NO,&nbsp,227,AD 33,2025-11-05_01:52:52.004017
ED   21,97.98%,YES,&nbsp,295,AD 33,2025-11-05_01:52:52.004017
ED   21,97.98%,NO,&nbsp,243,AD 33,2025-11-05_01:52:52.004017
ED   22,97.98%,YES,&nbsp,100,AD 33,2025-11-05_01:52:52.004017
ED   22,97.98%,NO,&nbsp,95,AD 33,2025-11-05_01:52:52.004017
ED   23,97.98%,YES,&nbsp,284,AD 33,2025-11-05_01:52:52.004017
ED   23,97.98%,NO,&nbsp,228,AD 33,2025-11-05_01:52:52.004017
ED   24,97.98%,YES,&nbsp,50,AD 33,2025-11-05_01:52:52.004017
ED   24,97.98%,NO,&nbsp,42,AD 33,2025-11-05_01:52:52.004017
ED   25,97.98%,YES,&nbsp,116,AD 33,2025-11-05_01:52:52.004017
ED   25,97.98%,NO,&nbsp,122,AD 33,2025-11-05_01:52:52.004017
ED   26,97.98%,YES,&nbsp,26,AD 33,2025-11-05_01:52:52.004017
ED   26,97.98%,NO,&nbsp,37,AD 33,2025-11-05_01:52:52.004017
ED   27,97.98%,YES,&nbsp,213,AD 33,2025-11-05_01:52:52.004017
ED   27,97.98%,NO,&nbsp,185,AD 33,2025-11-05_01:52:52.004017
ED   28,97.98%,YES,&nbsp,110,AD 33,2025-11-05_01:52:52.004017
ED   28,97.98%,NO,&nbsp,74,AD 33,2025-11-05_01:52:52.004017
ED   29,97.98%,YES,&nbsp,216,AD 33,2025-11-05_01:52:52.004017
ED   29,97.98%,NO,&nbsp,214,AD 33,2025-11-05_01:52:52.004017
ED   30,97.98%,YES,&nbsp,213,AD 33,2025-11-05_01:52:52.004017
ED   30,97.98%,NO,&nbsp,196,AD 33,2025-11-05_01:52:52.004017
ED   31,97.98%,YES,&nbsp,204,AD 33,2025-11-05_01:52:52.004017
ED   31,97.98%,NO,&nbsp,200,AD 33,2025-11-05_01:52:52.004017
ED   32,97.98%,YES,&nbsp,291,AD 33,2025-11-05_01:52:52.004017
ED   32,97.98%,NO,&nbsp,269,AD 33,2025-11-05_01:52:52.004017
ED   33,97.98%,YES,&nbsp,174,AD 33,2025-11-05_01:52:52.004017
ED   33,97.98%,NO,&nbsp,158,AD 33,2025-11-05_01:52:52.004017
ED   34,97.98%,YES,&nbsp,248,AD 33,2025-11-05_01:52:52.004017
ED   34,97.98%,NO,&nbsp,222,AD 33,2025-11-05_01:52:52.004017
ED   35,97.98%,YES,&nbsp,293,AD 33,2025-11-05_01:52:52.004017
ED   35,97.98%,NO,&nbsp,311,AD 33,2025-11-05_01:52:52.004017
ED   36,97.98%,YES,&nbsp,290,AD 33,2025-11-05_01:52:52.004017
ED   36,97.98%,NO,&nbsp,282,AD 33,2025-11-05_01:52:52.004017
ED   37,97.98%,YES,&nbsp,270,AD 33,2025-11-05_01:52:52.004017
ED   37,97.98%,NO,&nbsp,273,AD 33,2025-11-05_01:52:52.004017
ED   38,97.98%,YES,&nbsp,215,AD 33,2025-11-05_01:52:52.004017
ED   38,97.98%,NO,&nbsp,253,AD 33,2025-11-05_01:52:52.004017
ED   39,97.98%,YES,&nbsp,174,AD 33,2025-11-05_01:52:52.004017
ED   39,97.98%,NO,&nbsp,231,AD 33,2025-11-05_01:52:52.004017
ED   40,97.98%,YES,&nbsp,170,AD 33,2025-11-05_01:52:52.004017
ED   40,97.98%,NO,&nbsp,160,AD 33,2025-11-05_01:52:52.004017
ED   41,97.98%,YES,&nbsp,137,AD 33,2025-11-05_01:52:52.004017
ED   41,97.98%,NO,&nbsp,153,AD 33,2025-11-05_01:52:52.004017
ED   42,97.98%,YES,&nbsp,184,AD 33,2025-11-05_01:52:52.004017
ED   42,97.98%,NO,&nbsp,193,AD 33,2025-11-05_01:52:52.004017
ED   43,97.98%,YES,&nbsp,119,AD 33,2025-11-05_01:52:52.004017
ED   43,97.98%,NO,&nbsp,98,AD 33,2025-11-05_01:52:52.004017
ED   44,97.98%,YES,&nbsp,273,AD 33,2025-11-05_01:52:52.004017
ED   44,97.98%,NO,&nbsp,230,AD 33,2025-11-05_01:52:52.004017
ED   45,97.98%,YES,&nbsp,220,AD 33,2025-11-05_01:52:52.004017
ED   45,97.98%,NO,&nbsp,176,AD 33,2025-11-05_01:52:52.004017
ED   46,97.98%,YES,&nbsp,233,AD 33,2025-11-05_01:52:52.004017
ED   46,97.98%,NO,&nbsp,198,AD 33,2025-11-05_01:52:52.004017
ED   47,97.98%,YES,&nbsp,219,AD 33,2025-11-05_01:52:52.004017
ED   47,97.98%,NO,&nbsp,181,AD 33,2025-11-05_01:52:52.004017
ED   48,97.98%,YES,&nbsp,218,AD 33,2025-11-05_01:52:52.004017
ED   48,97.98%,NO,&nbsp,205,AD 33,2025-11-05_01:52:52.004017
ED   49,97.98%,YES,&nbsp,110,AD 33,2025-11-05_01:52:52.004017
ED   49,97.98%,NO,&nbsp,91,AD 33,2025-11-05_01:52:52.004017
ED   50,97.98%,YES,&nbsp,267,AD 33,2025-11-05_01:52:52.004017
ED   50,97.98%,NO,&nbsp,220,AD 33,2025-11-05_01:52:52.004017
ED   51,97.98%,YES,&nbsp,275,AD 33,2025-11-05_01:52:52.004017
ED   51,97.98%,NO,&nbsp,281,AD 33,2025-11-05_01:52:52.004017
ED   52,97.98%,YES,&nbsp,274,AD 33,2025-11-05_01:52:52.004017
ED   52,97.98%,NO,&nbsp,229,AD 33,2025-11-05_01:52:52.004017
ED   53,97.98%,YES,&nbsp,155,AD 33,2025-11-05_01:52:52.004017
ED   53,97.98%,NO,&nbsp,160,AD 33,2025-11-05_01:52:52.004017
ED   54,97.98%,YES,&nbsp,178,AD 33,2025-11-05_01:52:52.004017
ED   54,97.98%,NO,&nbsp,174,AD 33,2025-11-05_01:52:52.004017
ED   55,97.98%,YES,&nbsp,133,AD 33,2025-11-05_01:52:52.004017
ED   55,97.98%,NO,&nbsp,141,AD 33,2025-11-05_01:52:52.004017
ED   56,97.98%,YES,&nbsp,259,AD 33,2025-11-05_01:52:52.004017
ED   56,97.98%,NO,&nbsp,218,AD 33,2025-11-05_01:52:52.004017
ED   57,97.98%,YES,&nbsp,189,AD 33,2025-11-05_01:52:52.004017
ED   57,97.98%,NO,&nbsp,163,AD 33,2025-11-05_01:52:52.004017
ED   58,97.98%,YES,&nbsp,182,AD 33,2025-11-05_01:52:52.004017
ED   58,97.98%,NO,&nbsp,193,AD 33,2025-11-05_01:52:52.004017
ED   59,97.98%,YES,&nbsp,136,AD 33,2025-11-05_01:52:52.004017
ED   59,97.98%,NO,&nbsp,128,AD 33,2025-11-05_01:52:52.004017
ED   60,97.98%,YES,&nbsp,181,AD 33,2025-11-05_01:52:52.004017
ED   60,97.98%,NO,&nbsp,165,AD 33,2025-11-05_01:52:52.004017
ED   61,97.98%,YES,&nbsp,221,AD 33,2025-11-05_01:52:52.004017
ED   61,97.98%,NO,&nbsp,180,AD 33,2025-11-05_01:52:52.004017
ED   62,97.98%,YES,&nbsp,127,AD 33,2025-11-05_01:52:52.004017
ED   62,97.98%,NO,&nbsp,91,AD 33,2025-11-05_01:52:52.004017
ED   63,97.98%,YES,&nbsp,124,AD 33,2025-11-05_01:52:52.004017
ED   63,97.98%,NO,&nbsp,126,AD 33,2025-11-05_01:52:52.004017
ED   64,97.98%,YES,&nbsp,199,AD 33,2025-11-05_01:52:52.004017
ED   64,97.98%,NO,&nbsp,159,AD 33,2025-11-05_01:52:52.004017
Total,,YES,&nbsp,12911,AD 33,2025-11-05_01:52:52.004017
Total,,NO,&nbsp,12849,AD 33,2025-11-05_01:52:52.004017
ED    1,97.98%,YES,&nbsp,334,AD 34,2025-11-05_01:52:52.004017
ED    1,97.98%,NO,&nbsp,475,AD 34,2025-11-05_01:52:52.004017
ED    2,97.98%,YES,&nbsp,44,AD 34,2025-11-05_01:52:52.004017
ED    2,97.98%,NO,&nbsp,52,AD 34,2025-11-05_01:52:52.004017
ED    3,97.98%,YES,&nbsp,243,AD 34,2025-11-05_01:52:52.004017
ED    3,97.98%,NO,&nbsp,237,AD 34,2025-11-05_01:52:52.004017
ED    4,97.98%,YES,&nbsp,247,AD 34,2025-11-05_01:52:52.004017
ED    4,97.98%,NO,&nbsp,361,AD 34,2025-11-05_01:52:52.004017
ED    5,97.98%,YES,&nbsp,347,AD 34,2025-11-05_01:52:52.004017
ED    5,97.98%,NO,&nbsp,410,AD 34,2025-11-05_01:52:52.004017
ED    6,97.98%,YES,&nbsp,27,AD 34,2025-11-05_01:52:52.004017
ED    6,97.98%,NO,&nbsp,32,AD 34,2025-11-05_01:52:52.004017
ED    7,97.98%,YES,&nbsp,287,AD 34,2025-11-05_01:52:52.004017
ED    7,97.98%,NO,&nbsp,383,AD 34,2025-11-05_01:52:52.004017
ED    8,97.98%,YES,&nbsp,319,AD 34,2025-11-05_01:52:52.004017
ED    8,97.98%,NO,&nbsp,443,AD 34,2025-11-05_01:52:52.004017
ED    9,97.98%,YES,&nbsp,257,AD 34,2025-11-05_01:52:52.004017
ED    9,97.98%,NO,&nbsp,325,AD 34,2025-11-05_01:52:52.004017
ED   10,97.98%,YES,&nbsp,132,AD 34,2025-11-05_01:52:52.004017
ED   10,97.98%,NO,&nbsp,190,AD 34,2025-11-05_01:52:52.004017
ED   11,97.98%,YES,&nbsp,93,AD 34,2025-11-05_01:52:52.004017
ED   11,97.98%,NO,&nbsp,97,AD 34,2025-11-05_01:52:52.004017
ED   12,97.98%,YES,&nbsp,364,AD 34,2025-11-05_01:52:52.004017
ED   12,97.98%,NO,&nbsp,501,AD 34,2025-11-05_01:52:52.004017
ED   13,97.98%,YES,&nbsp,333,AD 34,2025-11-05_01:52:52.004017
ED   13,97.98%,NO,&nbsp,442,AD 34,2025-11-05_01:52:52.004017
ED   14,97.98%,YES,&nbsp,349,AD 34,2025-11-05_01:52:52.004017
ED   14,97.98%,NO,&nbsp,540,AD 34,2025-11-05_01:52:52.004017
ED   15,97.98%,YES,&nbsp,102,AD 34,2025-11-05_01:52:52.004017
ED   15,97.98%,NO,&nbsp,191,AD 34,2025-11-05_01:52:52.004017
ED   16,97.98%,YES,&nbsp,94,AD 34,2025-11-05_01:52:52.004017
ED   16,97.98%,NO,&nbsp,157,AD 34,2025-11-05_01:52:52.004017
ED   17,97.98%,YES,&nbsp,259,AD 34,2025-11-05_01:52:52.004017
ED   17,97.98%,NO,&nbsp,360,AD 34,2025-11-05_01:52:52.004017
ED   18,97.98%,YES,&nbsp,278,AD 34,2025-11-05_01:52:52.004017
ED   18,97.98%,NO,&nbsp,398,AD 34,2025-11-05_01:52:52.004017
ED   19,97.98%,YES,&nbsp,286,AD 34,2025-11-05_01:52:52.004017
ED   19,97.98%,NO,&nbsp,385,AD 34,2025-11-05_01:52:52.004017
ED   20,97.98%,YES,&nbsp,321,AD 34,2025-11-05_01:52:52.004017
ED   20,97.98%,NO,&nbsp,417,AD 34,2025-11-05_01:52:52.004017
ED   21,97.98%,YES,&nbsp,139,AD 34,2025-11-05_01:52:52.004017
ED   21,97.98%,NO,&nbsp,158,AD 34,2025-11-05_01:52:52.004017
ED   22,97.98%,YES,&nbsp,85,AD 34,2025-11-05_01:52:52.004017
ED   22,97.98%,NO,&nbsp,92,AD 34,2025-11-05_01:52:52.004017
ED   23,97.98%,YES,&nbsp,102,AD 34,2025-11-05_01:52:52.004017
ED   23,97.98%,NO,&nbsp,122,AD 34,2025-11-05_01:52:52.004017
ED   24,97.98%,YES,&nbsp,257,AD 34,2025-11-05_01:52:52.004017
ED   24,97.98%,NO,&nbsp,364,AD 34,2025-11-05_01:52:52.004017
ED   25,97.98%,YES,&nbsp,269,AD 34,2025-11-05_01:52:52.004017
ED   25,97.98%,NO,&nbsp,392,AD 34,2025-11-05_01:52:52.004017
ED   26,97.98%,YES,&nbsp,29,AD 34,2025-11-05_01:52:52.004017
ED   26,97.98%,NO,&nbsp,51,AD 34,2025-11-05_01:52:52.004017
ED   27,97.98%,YES,&nbsp,171,AD 34,2025-11-05_01:52:52.004017
ED   27,97.98%,NO,&nbsp,303,AD 34,2025-11-05_01:52:52.004017
ED   28,97.98%,YES,&nbsp,99,AD 34,2025-11-05_01:52:52.004017
ED   28,97.98%,NO,&nbsp,88,AD 34,2025-11-05_01:52:52.004017
ED   29,97.98%,YES,&nbsp,141,AD 34,2025-11-05_01:52:52.004017
ED   29,97.98%,NO,&nbsp,167,AD 34,2025-11-05_01:52:52.004017
ED   30,97.98%,YES,&nbsp,157,AD 34,2025-11-05_01:52:52.004017
ED   30,97.98%,NO,&nbsp,144,AD 34,2025-11-05_01:52:52.004017
ED   31,97.98%,YES,&nbsp,206,AD 34,2025-11-05_01:52:52.004017
ED   31,97.98%,NO,&nbsp,254,AD 34,2025-11-05_01:52:52.004017
ED   32,97.98%,YES,&nbsp,124,AD 34,2025-11-05_01:52:52.004017
ED   32,97.98%,NO,&nbsp,151,AD 34,2025-11-05_01:52:52.004017
ED   33,97.98%,YES,&nbsp,86,AD 34,2025-11-05_01:52:52.004017
ED   33,97.98%,NO,&nbsp,122,AD 34,2025-11-05_01:52:52.004017
ED   34,97.98%,YES,&nbsp,164,AD 34,2025-11-05_01:52:52.004017
ED   34,97.98%,NO,&nbsp,217,AD 34,2025-11-05_01:52:52.004017
ED   35,97.98%,YES,&nbsp,132,AD 34,2025-11-05_01:52:52.004017
ED   35,97.98%,NO,&nbsp,125,AD 34,2025-11-05_01:52:52.004017
ED   36,97.98%,YES,&nbsp,224,AD 34,2025-11-05_01:52:52.004017
ED   36,97.98%,NO,&nbsp,263,AD 34,2025-11-05_01:52:52.004017
ED   37,97.98%,YES,&nbsp,116,AD 34,2025-11-05_01:52:52.004017
ED   37,97.98%,NO,&nbsp,128,AD 34,2025-11-05_01:52:52.004017
ED   38,97.98%,YES,&nbsp,109,AD 34,2025-11-05_01:52:52.004017
ED   38,97.98%,NO,&nbsp,96,AD 34,2025-11-05_01:52:52.004017
ED   39,97.98%,YES,&nbsp,242,AD 34,2025-11-05_01:52:52.004017
ED   39,97.98%,NO,&nbsp,296,AD 34,2025-11-05_01:52:52.004017
ED   40,97.98%,YES,&nbsp,133,AD 34,2025-11-05_01:52:52.004017
ED   40,97.98%,NO,&nbsp,162,AD 34,2025-11-05_01:52:52.004017
ED   41,97.98%,YES,&nbsp,242,AD 34,2025-11-05_01:52:52.004017
ED   41,97.98%,NO,&nbsp,309,AD 34,2025-11-05_01:52:52.004017
ED   42,97.98%,YES,&nbsp,165,AD 34,2025-11-05_01:52:52.004017
ED   42,97.98%,NO,&nbsp,195,AD 34,2025-11-05_01:52:52.004017
ED   43,97.98%,YES,&nbsp,143,AD 34,2025-11-05_01:52:52.004017
ED   43,97.98%,NO,&nbsp,195,AD 34,2025-11-05_01:52:52.004017
ED   44,97.98%,YES,&nbsp,190,AD 34,2025-11-05_01:52:52.004017
ED   44,97.98%,NO,&nbsp,218,AD 34,2025-11-05_01:52:52.004017
ED   45,97.98%,YES,&nbsp,72,AD 34,2025-11-05_01:52:52.004017
ED   45,97.98%,NO,&nbsp,108,AD 34,2025-11-05_01:52:52.004017
ED   46,97.98%,YES,&nbsp,232,AD 34,2025-11-05_01:52:52.004017
ED   46,97.98%,NO,&nbsp,329,AD 34,2025-11-05_01:52:52.004017
ED   47,97.98%,YES,&nbsp,210,AD 34,2025-11-05_01:52:52.004017
ED   47,97.98%,NO,&nbsp,304,AD 34,2025-11-05_01:52:52.004017
ED   48,97.98%,YES,&nbsp,129,AD 34,2025-11-05_01:52:52.004017
ED   48,97.98%,NO,&nbsp,173,AD 34,2025-11-05_01:52:52.004017
ED   49,97.98%,YES,&nbsp,276,AD 34,2025-11-05_01:52:52.004017
ED   49,97.98%,NO,&nbsp,314,AD 34,2025-11-05_01:52:52.004017
ED   50,97.98%,YES,&nbsp,33,AD 34,2025-11-05_01:52:52.004017
ED   50,97.98%,NO,&nbsp,47,AD 34,2025-11-05_01:52:52.004017
ED   51,97.98%,YES,&nbsp,197,AD 34,2025-11-05_01:52:52.004017
ED   51,97.98%,NO,&nbsp,270,AD 34,2025-11-05_01:52:52.004017
ED   52,97.98%,YES,&nbsp,256,AD 34,2025-11-05_01:52:52.004017
ED   52,97.98%,NO,&nbsp,220,AD 34,2025-11-05_01:52:52.004017
ED   53,97.98%,YES,&nbsp,0,AD 34,2025-11-05_01:52:52.004017
ED   53,97.98%,NO,&nbsp,5,AD 34,2025-11-05_01:52:52.004017
ED   54,97.98%,YES,&nbsp,128,AD 34,2025-11-05_01:52:52.004017
ED   54,97.98%,NO,&nbsp,171,AD 34,2025-11-05_01:52:52.004017
ED   55,97.98%,YES,&nbsp,59,AD 34,2025-11-05_01:52:52.004017
ED   55,97.98%,NO,&nbsp,60,AD 34,2025-11-05_01:52:52.004017
ED   56,97.98%,YES,&nbsp,137,AD 34,2025-11-05_01:52:52.004017
ED   56,97.98%,NO,&nbsp,160,AD 34,2025-11-05_01:52:52.004017
ED   57,97.98%,YES,&nbsp,9,AD 34,2025-11-05_01:52:52.004017
ED   57,97.98%,NO,&nbsp,15,AD 34,2025-11-05_01:52:52.004017
ED   58,97.98%,YES,&nbsp,0,AD 34,2025-11-05_01:52:52.004017
ED   58,97.98%,NO,&nbsp,0,AD 34,2025-11-05_01:52:52.004017
ED   59,97.98%,YES,&nbsp,0,AD 34,2025-11-05_01:52:52.004017
ED   59,97.98%,NO,&nbsp,0,AD 34,2025-11-05_01:52:52.004017
ED   60,97.98%,YES,&nbsp,0,AD 34,2025-11-05_01:52:52.004017
ED   60,97.98%,NO,&nbsp,0,AD 34,2025-11-05_01:52:52.004017
Total,,YES,&nbsp,10179,AD 34,2025-11-05_01:52:52.004017
Total,,NO,&nbsp,13184,AD 34,2025-11-05_01:52:52.004017
ED    1,97.98%,YES,&nbsp,185,AD 35,2025-11-05_01:52:52.004017
ED    1,97.98%,NO,&nbsp,307,AD 35,2025-11-05_01:52:52.004017
ED    2,97.98%,YES,&nbsp,123,AD 35,2025-11-05_01:52:52.004017
ED    2,97.98%,NO,&nbsp,139,AD 35,2025-11-05_01:52:52.004017
ED    3,97.98%,YES,&nbsp,118,AD 35,2025-11-05_01:52:52.004017
ED    3,97.98%,NO,&nbsp,132,AD 35,2025-11-05_01:52:52.004017
ED    4,97.98%,YES,&nbsp,126,AD 35,2025-11-05_01:52:52.004017
ED    4,97.98%,NO,&nbsp,168,AD 35,2025-11-05_01:52:52.004017
ED    5,97.98%,YES,&nbsp,141,AD 35,2025-11-05_01:52:52.004017
ED    5,97.98%,NO,&nbsp,151,AD 35,2025-11-05_01:52:52.004017
ED    6,97.98%,YES,&nbsp,189,AD 35,2025-11-05_01:52:52.004017
ED    6,97.98%,NO,&nbsp,198,AD 35,2025-11-05_01:52:52.004017
ED    7,97.98%,YES,&nbsp,250,AD 35,2025-11-05_01:52:52.004017
ED    7,97.98%,NO,&nbsp,276,AD 35,2025-11-05_01:52:52.004017
ED    8,97.98%,YES,&nbsp,218,AD 35,2025-11-05_01:52:52.004017
ED    8,97.98%,NO,&nbsp,256,AD 35,2025-11-05_01:52:52.004017
ED    9,97.98%,YES,&nbsp,167,AD 35,2025-11-05_01:52:52.004017
ED    9,97.98%,NO,&nbsp,316,AD 35,2025-11-05_01:52:52.004017
ED   10,97.98%,YES,&nbsp,114,AD 35,2025-11-05_01:52:52.004017
ED   10,97.98%,NO,&nbsp,101,AD 35,2025-11-05_01:52:52.004017
ED   11,97.98%,YES,&nbsp,113,AD 35,2025-11-05_01:52:52.004017
ED   11,97.98%,NO,&nbsp,122,AD 35,2025-11-05_01:52:52.004017
ED   12,97.98%,YES,&nbsp,157,AD 35,2025-11-05_01:52:52.004017
ED   12,97.98%,NO,&nbsp,211,AD 35,2025-11-05_01:52:52.004017
ED   13,97.98%,YES,&nbsp,127,AD 35,2025-11-05_01:52:52.004017
ED   13,97.98%,NO,&nbsp,166,AD 35,2025-11-05_01:52:52.004017
ED   14,97.98%,YES,&nbsp,171,AD 35,2025-11-05_01:52:52.004017
ED   14,97.98%,NO,&nbsp,206,AD 35,2025-11-05_01:52:52.004017
ED   15,97.98%,YES,&nbsp,150,AD 35,2025-11-05_01:52:52.004017
ED   15,97.98%,NO,&nbsp,151,AD 35,2025-11-05_01:52:52.004017
ED   16,97.98%,YES,&nbsp,172,AD 35,2025-11-05_01:52:52.004017
ED   16,97.98%,NO,&nbsp,227,AD 35,2025-11-05_01:52:52.004017
ED   17,97.98%,YES,&nbsp,133,AD 35,2025-11-05_01:52:52.004017
ED   17,97.98%,NO,&nbsp,177,AD 35,2025-11-05_01:52:52.004017
ED   18,97.98%,YES,&nbsp,66,AD 35,2025-11-05_01:52:52.004017
ED   18,97.98%,NO,&nbsp,91,AD 35,2025-11-05_01:52:52.004017
ED   19,97.98%,YES,&nbsp,68,AD 35,2025-11-05_01:52:52.004017
ED   19,97.98%,NO,&nbsp,104,AD 35,2025-11-05_01:52:52.004017
ED   20,97.98%,YES,&nbsp,42,AD 35,2025-11-05_01:52:52.004017
ED   20,97.98%,NO,&nbsp,72,AD 35,2025-11-05_01:52:52.004017
ED   21,97.98%,YES,&nbsp,63,AD 35,2025-11-05_01:52:52.004017
ED   21,97.98%,NO,&nbsp,50,AD 35,2025-11-05_01:52:52.004017
ED   22,97.98%,YES,&nbsp,121,AD 35,2025-11-05_01:52:52.004017
ED   22,97.98%,NO,&nbsp,160,AD 35,2025-11-05_01:52:52.004017
ED   23,97.98%,YES,&nbsp,101,AD 35,2025-11-05_01:52:52.004017
ED   23,97.98%,NO,&nbsp,131,AD 35,2025-11-05_01:52:52.004017
ED   24,97.98%,YES,&nbsp,99,AD 35,2025-11-05_01:52:52.004017
ED   24,97.98%,NO,&nbsp,129,AD 35,2025-11-05_01:52:52.004017
ED   25,97.98%,YES,&nbsp,189,AD 35,2025-11-05_01:52:52.004017
ED   25,97.98%,NO,&nbsp,186,AD 35,2025-11-05_01:52:52.004017
ED   26,97.98%,YES,&nbsp,165,AD 35,2025-11-05_01:52:52.004017
ED   26,97.98%,NO,&nbsp,186,AD 35,2025-11-05_01:52:52.004017
ED   27,97.98%,YES,&nbsp,38,AD 35,2025-11-05_01:52:52.004017
ED   27,97.98%,NO,&nbsp,51,AD 35,2025-11-05_01:52:52.004017
ED   28,97.98%,YES,&nbsp,36,AD 35,2025-11-05_01:52:52.004017
ED   28,97.98%,NO,&nbsp,32,AD 35,2025-11-05_01:52:52.004017
ED   29,97.98%,YES,&nbsp,82,AD 35,2025-11-05_01:52:52.004017
ED   29,97.98%,NO,&nbsp,134,AD 35,2025-11-05_01:52:52.004017
ED   30,97.98%,YES,&nbsp,187,AD 35,2025-11-05_01:52:52.004017
ED   30,97.98%,NO,&nbsp,197,AD 35,2025-11-05_01:52:52.004017
ED   31,97.98%,YES,&nbsp,122,AD 35,2025-11-05_01:52:52.004017
ED   31,97.98%,NO,&nbsp,218,AD 35,2025-11-05_01:52:52.004017
ED   32,97.98%,YES,&nbsp,175,AD 35,2025-11-05_01:52:52.004017
ED   32,97.98%,NO,&nbsp,194,AD 35,2025-11-05_01:52:52.004017
ED   33,97.98%,YES,&nbsp,180,AD 35,2025-11-05_01:52:52.004017
ED   33,97.98%,NO,&nbsp,166,AD 35,2025-11-05_01:52:52.004017
ED   34,97.98%,YES,&nbsp,140,AD 35,2025-11-05_01:52:52.004017
ED   34,97.98%,NO,&nbsp,172,AD 35,2025-11-05_01:52:52.004017
ED   35,97.98%,YES,&nbsp,173,AD 35,2025-11-05_01:52:52.004017
ED   35,97.98%,NO,&nbsp,177,AD 35,2025-11-05_01:52:52.004017
ED   36,97.98%,YES,&nbsp,187,AD 35,2025-11-05_01:52:52.004017
ED   36,97.98%,NO,&nbsp,164,AD 35,2025-11-05_01:52:52.004017
ED   37,97.98%,YES,&nbsp,123,AD 35,2025-11-05_01:52:52.004017
ED   37,97.98%,NO,&nbsp,140,AD 35,2025-11-05_01:52:52.004017
ED   38,97.98%,YES,&nbsp,168,AD 35,2025-11-05_01:52:52.004017
ED   38,97.98%,NO,&nbsp,222,AD 35,2025-11-05_01:52:52.004017
ED   39,97.98%,YES,&nbsp,196,AD 35,2025-11-05_01:52:52.004017
ED   39,97.98%,NO,&nbsp,268,AD 35,2025-11-05_01:52:52.004017
ED   40,97.98%,YES,&nbsp,170,AD 35,2025-11-05_01:52:52.004017
ED   40,97.98%,NO,&nbsp,211,AD 35,2025-11-05_01:52:52.004017
ED   41,97.98%,YES,&nbsp,168,AD 35,2025-11-05_01:52:52.004017
ED   41,97.98%,NO,&nbsp,307,AD 35,2025-11-05_01:52:52.004017
ED   42,97.98%,YES,&nbsp,196,AD 35,2025-11-05_01:52:52.004017
ED   42,97.98%,NO,&nbsp,398,AD 35,2025-11-05_01:52:52.004017
ED   43,97.98%,YES,&nbsp,76,AD 35,2025-11-05_01:52:52.004017
ED   43,97.98%,NO,&nbsp,122,AD 35,2025-11-05_01:52:52.004017
ED   44,97.98%,YES,&nbsp,90,AD 35,2025-11-05_01:52:52.004017
ED   44,97.98%,NO,&nbsp,122,AD 35,2025-11-05_01:52:52.004017
ED   45,97.98%,YES,&nbsp,111,AD 35,2025-11-05_01:52:52.004017
ED   45,97.98%,NO,&nbsp,201,AD 35,2025-11-05_01:52:52.004017
ED   46,97.98%,YES,&nbsp,124,AD 35,2025-11-05_01:52:52.004017
ED   46,97.98%,NO,&nbsp,151,AD 35,2025-11-05_01:52:52.004017
ED   47,97.98%,YES,&nbsp,0,AD 35,2025-11-05_01:52:52.004017
ED   47,97.98%,NO,&nbsp,0,AD 35,2025-11-05_01:52:52.004017
ED   48,97.98%,YES,&nbsp,42,AD 35,2025-11-05_01:52:52.004017
ED   48,97.98%,NO,&nbsp,34,AD 35,2025-11-05_01:52:52.004017
ED   49,97.98%,YES,&nbsp,200,AD 35,2025-11-05_01:52:52.004017
ED   49,97.98%,NO,&nbsp,273,AD 35,2025-11-05_01:52:52.004017
ED   50,97.98%,YES,&nbsp,0,AD 35,2025-11-05_01:52:52.004017
ED   50,97.98%,NO,&nbsp,0,AD 35,2025-11-05_01:52:52.004017
ED   51,97.98%,YES,&nbsp,0,AD 35,2025-11-05_01:52:52.004017
ED   51,97.98%,NO,&nbsp,0,AD 35,2025-11-05_01:52:52.004017
ED   52,97.98%,YES,&nbsp,0,AD 35,2025-11-05_01:52:52.004017
ED   52,97.98%,NO,&nbsp,0,AD 35,2025-11-05_01:52:52.004017
ED   53,97.98%,YES,&nbsp,0,AD 35,2025-11-05_01:52:52.004017
ED   53,97.98%,NO,&nbsp,0,AD 35,2025-11-05_01:52:52.004017
ED   54,97.98%,YES,&nbsp,0,AD 35,2025-11-05_01:52:52.004017
ED   54,97.98%,NO,&nbsp,0,AD 35,2025-11-05_01:52:52.004017
ED   55,97.98%,YES,&nbsp,0,AD 35,2025-11-05_01:52:52.004017
ED   55,97.98%,NO,&nbsp,0,AD 35,2025-11-05_01:52:52.004017
ED   56,97.98%,YES,&nbsp,0,AD 35,2025-11-05_01:52:52.004017
ED   56,97.98%,NO,&nbsp,0,AD 35,2025-11-05_01:52:52.004017
ED   57,97.98%,YES,&nbsp,0,AD 35,2025-11-05_01:52:52.004017
ED   57,97.98%,NO,&nbsp,0,AD 35,2025-11-05_01:52:52.004017
ED   58,97.98%,YES,&nbsp,0,AD 35,2025-11-05_01:52:52.004017
ED   58,97.98%,NO,&nbsp,0,AD 35,2025-11-05_01:52:52.004017
ED   59,97.98%,YES,&nbsp,0,AD 35,2025-11-05_01:52:52.004017
ED   59,97.98%,NO,&nbsp,0,AD 35,2025-11-05_01:52:52.004017
ED   60,97.98%,YES,&nbsp,0,AD 35,2025-11-05_01:52:52.004017
ED   60,97.98%,NO,&nbsp,0,AD 35,2025-11-05_01:52:52.004017
ED   61,97.98%,YES,&nbsp,0,AD 35,2025-11-05_01:52:52.004017
ED   61,97.98%,NO,&nbsp,0,AD 35,2025-11-05_01:52:52.004017
ED   62,97.98%,YES,&nbsp,0,AD 35,2025-11-05_01:52:52.004017
ED   62,97.98%,NO,&nbsp,0,AD 35,2025-11-05_01:52:52.004017
ED   63,97.98%,YES,&nbsp,0,AD 35,2025-11-05_01:52:52.004017
ED   63,97.98%,NO,&nbsp,0,AD 35,2025-11-05_01:52:52.004017
ED   64,97.98%,YES,&nbsp,0,AD 35,2025-11-05_01:52:52.004017
ED   64,97.98%,NO,&nbsp,0,AD 35,2025-11-05_01:52:52.004017
ED   65,97.98%,YES,&nbsp,0,AD 35,2025-11-05_01:52:52.004017
ED   65,97.98%,NO,&nbsp,0,AD 35,2025-11-05_01:52:52.004017
Total,,YES,&nbsp,6552,AD 35,2025-11-05_01:52:52.004017
Total,,NO,&nbsp,8367,AD 35,2025-11-05_01:52:52.004017
ED    1,97.98%,YES,&nbsp,266,AD 36,2025-11-05_01:52:52.004017
ED    1,97.98%,NO,&nbsp,315,AD 36,2025-11-05_01:52:52.004017
ED    2,97.98%,YES,&nbsp,115,AD 36,2025-11-05_01:52:52.004017
ED    2,97.98%,NO,&nbsp,152,AD 36,2025-11-05_01:52:52.004017
ED    3,97.98%,YES,&nbsp,351,AD 36,2025-11-05_01:52:52.004017
ED    3,97.98%,NO,&nbsp,458,AD 36,2025-11-05_01:52:52.004017
ED    4,97.98%,YES,&nbsp,268,AD 36,2025-11-05_01:52:52.004017
ED    4,97.98%,NO,&nbsp,359,AD 36,2025-11-05_01:52:52.004017
ED    5,97.98%,YES,&nbsp,428,AD 36,2025-11-05_01:52:52.004017
ED    5,97.98%,NO,&nbsp,499,AD 36,2025-11-05_01:52:52.004017
ED    6,97.98%,YES,&nbsp,150,AD 36,2025-11-05_01:52:52.004017
ED    6,97.98%,NO,&nbsp,137,AD 36,2025-11-05_01:52:52.004017
ED    7,97.98%,YES,&nbsp,304,AD 36,2025-11-05_01:52:52.004017
ED    7,97.98%,NO,&nbsp,291,AD 36,2025-11-05_01:52:52.004017
ED    8,97.98%,YES,&nbsp,273,AD 36,2025-11-05_01:52:52.004017
ED    8,97.98%,NO,&nbsp,297,AD 36,2025-11-05_01:52:52.004017
ED    9,97.98%,YES,&nbsp,211,AD 36,2025-11-05_01:52:52.004017
ED    9,97.98%,NO,&nbsp,270,AD 36,2025-11-05_01:52:52.004017
ED   10,97.98%,YES,&nbsp,394,AD 36,2025-11-05_01:52:52.004017
ED   10,97.98%,NO,&nbsp,467,AD 36,2025-11-05_01:52:52.004017
ED   11,97.98%,YES,&nbsp,164,AD 36,2025-11-05_01:52:52.004017
ED   11,97.98%,NO,&nbsp,175,AD 36,2025-11-05_01:52:52.004017
ED   12,97.98%,YES,&nbsp,266,AD 36,2025-11-05_01:52:52.004017
ED   12,97.98%,NO,&nbsp,313,AD 36,2025-11-05_01:52:52.004017
ED   13,97.98%,YES,&nbsp,263,AD 36,2025-11-05_01:52:52.004017
ED   13,97.98%,NO,&nbsp,293,AD 36,2025-11-05_01:52:52.004017
ED   14,97.98%,YES,&nbsp,356,AD 36,2025-11-05_01:52:52.004017
ED   14,97.98%,NO,&nbsp,373,AD 36,2025-11-05_01:52:52.004017
ED   15,97.98%,YES,&nbsp,118,AD 36,2025-11-05_01:52:52.004017
ED   15,97.98%,NO,&nbsp,111,AD 36,2025-11-05_01:52:52.004017
ED   16,97.98%,YES,&nbsp,233,AD 36,2025-11-05_01:52:52.004017
ED   16,97.98%,NO,&nbsp,259,AD 36,2025-11-05_01:52:52.004017
ED   17,97.98%,YES,&nbsp,359,AD 36,2025-11-05_01:52:52.004017
ED   17,97.98%,NO,&nbsp,409,AD 36,2025-11-05_01:52:52.004017
ED   18,97.98%,YES,&nbsp,183,AD 36,2025-11-05_01:52:52.004017
ED   18,97.98%,NO,&nbsp,183,AD 36,2025-11-05_01:52:52.004017
ED   19,97.98%,YES,&nbsp,339,AD 36,2025-11-05_01:52:52.004017
ED   19,97.98%,NO,&nbsp,401,AD 36,2025-11-05_01:52:52.004017
ED   20,97.98%,YES,&nbsp,367,AD 36,2025-11-05_01:52:52.004017
ED   20,97.98%,NO,&nbsp,398,AD 36,2025-11-05_01:52:52.004017
ED   21,97.98%,YES,&nbsp,319,AD 36,2025-11-05_01:52:52.004017
ED   21,97.98%,NO,&nbsp,363,AD 36,2025-11-05_01:52:52.004017
ED   22,97.98%,YES,&nbsp,329,AD 36,2025-11-05_01:52:52.004017
ED   22,97.98%,NO,&nbsp,484,AD 36,2025-11-05_01:52:52.004017
ED   23,97.98%,YES,&nbsp,336,AD 36,2025-11-05_01:52:52.004017
ED   23,97.98%,NO,&nbsp,396,AD 36,2025-11-05_01:52:52.004017
ED   24,97.98%,YES,&nbsp,232,AD 36,2025-11-05_01:52:52.004017
ED   24,97.98%,NO,&nbsp,277,AD 36,2025-11-05_01:52:52.004017
ED   25,97.98%,YES,&nbsp,375,AD 36,2025-11-05_01:52:52.004017
ED   25,97.98%,NO,&nbsp,461,AD 36,2025-11-05_01:52:52.004017
ED   26,97.98%,YES,&nbsp,213,AD 36,2025-11-05_01:52:52.004017
ED   26,97.98%,NO,&nbsp,211,AD 36,2025-11-05_01:52:52.004017
ED   27,97.98%,YES,&nbsp,81,AD 36,2025-11-05_01:52:52.004017
ED   27,97.98%,NO,&nbsp,125,AD 36,2025-11-05_01:52:52.004017
ED   28,97.98%,YES,&nbsp,291,AD 36,2025-11-05_01:52:52.004017
ED   28,97.98%,NO,&nbsp,438,AD 36,2025-11-05_01:52:52.004017
ED   29,97.98%,YES,&nbsp,46,AD 36,2025-11-05_01:52:52.004017
ED   29,97.98%,NO,&nbsp,35,AD 36,2025-11-05_01:52:52.004017
ED   30,97.98%,YES,&nbsp,119,AD 36,2025-11-05_01:52:52.004017
ED   30,97.98%,NO,&nbsp,176,AD 36,2025-11-05_01:52:52.004017
ED   31,97.98%,YES,&nbsp,176,AD 36,2025-11-05_01:52:52.004017
ED   31,97.98%,NO,&nbsp,247,AD 36,2025-11-05_01:52:52.004017
ED   32,97.98%,YES,&nbsp,243,AD 36,2025-11-05_01:52:52.004017
ED   32,97.98%,NO,&nbsp,269,AD 36,2025-11-05_01:52:52.004017
ED   33,97.98%,YES,&nbsp,35,AD 36,2025-11-05_01:52:52.004017
ED   33,97.98%,NO,&nbsp,43,AD 36,2025-11-05_01:52:52.004017
ED   34,97.98%,YES,&nbsp,37,AD 36,2025-11-05_01:52:52.004017
ED   34,97.98%,NO,&nbsp,42,AD 36,2025-11-05_01:52:52.004017
ED   35,97.98%,YES,&nbsp,387,AD 36,2025-11-05_01:52:52.004017
ED   35,97.98%,NO,&nbsp,363,AD 36,2025-11-05_01:52:52.004017
ED   36,97.98%,YES,&nbsp,300,AD 36,2025-11-05_01:52:52.004017
ED   36,97.98%,NO,&nbsp,279,AD 36,2025-11-05_01:52:52.004017
ED   37,97.98%,YES,&nbsp,264,AD 36,2025-11-05_01:52:52.004017
ED   37,97.98%,NO,&nbsp,265,AD 36,2025-11-05_01:52:52.004017
ED   38,97.98%,YES,&nbsp,145,AD 36,2025-11-05_01:52:52.004017
ED   38,97.98%,NO,&nbsp,144,AD 36,2025-11-05_01:52:52.004017
ED   39,97.98%,YES,&nbsp,149,AD 36,2025-11-05_01:52:52.004017
ED   39,97.98%,NO,&nbsp,143,AD 36,2025-11-05_01:52:52.004017
ED   40,97.98%,YES,&nbsp,144,AD 36,2025-11-05_01:52:52.004017
ED   40,97.98%,NO,&nbsp,143,AD 36,2025-11-05_01:52:52.004017
ED   41,97.98%,YES,&nbsp,353,AD 36,2025-11-05_01:52:52.004017
ED   41,97.98%,NO,&nbsp,351,AD 36,2025-11-05_01:52:52.004017
ED   42,97.98%,YES,&nbsp,341,AD 36,2025-11-05_01:52:52.004017
ED   42,97.98%,NO,&nbsp,353,AD 36,2025-11-05_01:52:52.004017
ED   43,97.98%,YES,&nbsp,205,AD 36,2025-11-05_01:52:52.004017
ED   43,97.98%,NO,&nbsp,197,AD 36,2025-11-05_01:52:52.004017
ED   44,97.98%,YES,&nbsp,294,AD 36,2025-11-05_01:52:52.004017
ED   44,97.98%,NO,&nbsp,388,AD 36,2025-11-05_01:52:52.004017
ED   45,97.98%,YES,&nbsp,172,AD 36,2025-11-05_01:52:52.004017
ED   45,97.98%,NO,&nbsp,198,AD 36,2025-11-05_01:52:52.004017
ED   46,97.98%,YES,&nbsp,145,AD 36,2025-11-05_01:52:52.004017
ED   46,97.98%,NO,&nbsp,191,AD 36,2025-11-05_01:52:52.004017
ED   47,97.98%,YES,&nbsp,145,AD 36,2025-11-05_01:52:52.004017
ED   47,97.98%,NO,&nbsp,158,AD 36,2025-11-05_01:52:52.004017
ED   48,97.98%,YES,&nbsp,142,AD 36,2025-11-05_01:52:52.004017
ED   48,97.98%,NO,&nbsp,176,AD 36,2025-11-05_01:52:52.004017
ED   49,97.98%,YES,&nbsp,246,AD 36,2025-11-05_01:52:52.004017
ED   49,97.98%,NO,&nbsp,291,AD 36,2025-11-05_01:52:52.004017
ED   50,97.98%,YES,&nbsp,23,AD 36,2025-11-05_01:52:52.004017
ED   50,97.98%,NO,&nbsp,35,AD 36,2025-11-05_01:52:52.004017
ED   51,97.98%,YES,&nbsp,113,AD 36,2025-11-05_01:52:52.004017
ED   51,97.98%,NO,&nbsp,149,AD 36,2025-11-05_01:52:52.004017
ED   52,97.98%,YES,&nbsp,56,AD 36,2025-11-05_01:52:52.004017
ED   52,97.98%,NO,&nbsp,96,AD 36,2025-11-05_01:52:52.004017
ED   53,97.98%,YES,&nbsp,92,AD 36,2025-11-05_01:52:52.004017
ED   53,97.98%,NO,&nbsp,121,AD 36,2025-11-05_01:52:52.004017
ED   54,97.98%,YES,&nbsp,270,AD 36,2025-11-05_01:52:52.004017
ED   54,97.98%,NO,&nbsp,335,AD 36,2025-11-05_01:52:52.004017
ED   55,97.98%,YES,&nbsp,309,AD 36,2025-11-05_01:52:52.004017
ED   55,97.98%,NO,&nbsp,313,AD 36,2025-11-05_01:52:52.004017
ED   56,97.98%,YES,&nbsp,425,AD 36,2025-11-05_01:52:52.004017
ED   56,97.98%,NO,&nbsp,443,AD 36,2025-11-05_01:52:52.004017
ED   57,97.98%,YES,&nbsp,299,AD 36,2025-11-05_01:52:52.004017
ED   57,97.98%,NO,&nbsp,325,AD 36,2025-11-05_01:52:52.004017
ED   58,97.98%,YES,&nbsp,178,AD 36,2025-11-05_01:52:52.004017
ED   58,97.98%,NO,&nbsp,270,AD 36,2025-11-05_01:52:52.004017
ED   59,97.98%,YES,&nbsp,227,AD 36,2025-11-05_01:52:52.004017
ED   59,97.98%,NO,&nbsp,252,AD 36,2025-11-05_01:52:52.004017
ED   60,97.98%,YES,&nbsp,192,AD 36,2025-11-05_01:52:52.004017
ED   60,97.98%,NO,&nbsp,247,AD 36,2025-11-05_01:52:52.004017
ED   61,97.98%,YES,&nbsp,230,AD 36,2025-11-05_01:52:52.004017
ED   61,97.98%,NO,&nbsp,229,AD 36,2025-11-05_01:52:52.004017
ED   62,97.98%,YES,&nbsp,274,AD 36,2025-11-05_01:52:52.004017
ED   62,97.98%,NO,&nbsp,346,AD 36,2025-11-05_01:52:52.004017
ED   63,97.98%,YES,&nbsp,338,AD 36,2025-11-05_01:52:52.004017
ED   63,97.98%,NO,&nbsp,436,AD 36,2025-11-05_01:52:52.004017
ED   64,97.98%,YES,&nbsp,186,AD 36,2025-11-05_01:52:52.004017
ED   64,97.98%,NO,&nbsp,227,AD 36,2025-11-05_01:52:52.004017
ED   65,97.98%,YES,&nbsp,272,AD 36,2025-11-05_01:52:52.004017
ED   65,97.98%,NO,&nbsp,350,AD 36,2025-11-05_01:52:52.004017
ED   66,97.98%,YES,&nbsp,42,AD 36,2025-11-05_01:52:52.004017
ED   66,97.98%,NO,&nbsp,55,AD 36,2025-11-05_01:52:52.004017
ED   67,97.98%,YES,&nbsp,25,AD 36,2025-11-05_01:52:52.004017
ED   67,97.98%,NO,&nbsp,26,AD 36,2025-11-05_01:52:52.004017
ED   68,97.98%,YES,&nbsp,0,AD 36,2025-11-05_01:52:52.004017
ED   68,97.98%,NO,&nbsp,0,AD 36,2025-11-05_01:52:52.004017
ED   69,97.98%,YES,&nbsp,0,AD 36,2025-11-05_01:52:52.004017
ED   69,97.98%,NO,&nbsp,0,AD 36,2025-11-05_01:52:52.004017
ED   70,97.98%,YES,&nbsp,0,AD 36,2025-11-05_01:52:52.004017
ED   70,97.98%,NO,&nbsp,0,AD 36,2025-11-05_01:52:52.004017
Total,,YES,&nbsp,15223,AD 36,2025-11-05_01:52:52.004017
Total,,NO,&nbsp,17622,AD 36,2025-11-05_01:52:52.004017
ED    1,97.98%,YES,&nbsp,425,AD 37,2025-11-05_01:52:52.004017
ED    1,97.98%,NO,&nbsp,449,AD 37,2025-11-05_01:52:52.004017
ED    2,97.98%,YES,&nbsp,479,AD 37,2025-11-05_01:52:52.004017
ED    2,97.98%,NO,&nbsp,476,AD 37,2025-11-05_01:52:52.004017
ED    3,97.98%,YES,&nbsp,491,AD 37,2025-11-05_01:52:52.004017
ED    3,97.98%,NO,&nbsp,474,AD 37,2025-11-05_01:52:52.004017
ED    4,97.98%,YES,&nbsp,309,AD 37,2025-11-05_01:52:52.004017
ED    4,97.98%,NO,&nbsp,300,AD 37,2025-11-05_01:52:52.004017
ED    5,97.98%,YES,&nbsp,296,AD 37,2025-11-05_01:52:52.004017
ED    5,97.98%,NO,&nbsp,263,AD 37,2025-11-05_01:52:52.004017
ED    6,97.98%,YES,&nbsp,495,AD 37,2025-11-05_01:52:52.004017
ED    6,97.98%,NO,&nbsp,431,AD 37,2025-11-05_01:52:52.004017
ED    7,97.98%,YES,&nbsp,405,AD 37,2025-11-05_01:52:52.004017
ED    7,97.98%,NO,&nbsp,391,AD 37,2025-11-05_01:52:52.004017
ED    8,97.98%,YES,&nbsp,337,AD 37,2025-11-05_01:52:52.004017
ED    8,97.98%,NO,&nbsp,342,AD 37,2025-11-05_01:52:52.004017
ED    9,97.98%,YES,&nbsp,192,AD 37,2025-11-05_01:52:52.004017
ED    9,97.98%,NO,&nbsp,207,AD 37,2025-11-05_01:52:52.004017
ED   10,97.98%,YES,&nbsp,2,AD 37,2025-11-05_01:52:52.004017
ED   10,97.98%,NO,&nbsp,2,AD 37,2025-11-05_01:52:52.004017
ED   11,97.98%,YES,&nbsp,54,AD 37,2025-11-05_01:52:52.004017
ED   11,97.98%,NO,&nbsp,71,AD 37,2025-11-05_01:52:52.004017
ED   12,97.98%,YES,&nbsp,257,AD 37,2025-11-05_01:52:52.004017
ED   12,97.98%,NO,&nbsp,369,AD 37,2025-11-05_01:52:52.004017
ED   13,97.98%,YES,&nbsp,31,AD 37,2025-11-05_01:52:52.004017
ED   13,97.98%,NO,&nbsp,40,AD 37,2025-11-05_01:52:52.004017
ED   14,97.98%,YES,&nbsp,266,AD 37,2025-11-05_01:52:52.004017
ED   14,97.98%,NO,&nbsp,306,AD 37,2025-11-05_01:52:52.004017
ED   15,97.98%,YES,&nbsp,50,AD 37,2025-11-05_01:52:52.004017
ED   15,97.98%,NO,&nbsp,89,AD 37,2025-11-05_01:52:52.004017
ED   16,97.98%,YES,&nbsp,139,AD 37,2025-11-05_01:52:52.004017
ED   16,97.98%,NO,&nbsp,182,AD 37,2025-11-05_01:52:52.004017
ED   17,97.98%,YES,&nbsp,159,AD 37,2025-11-05_01:52:52.004017
ED   17,97.98%,NO,&nbsp,188,AD 37,2025-11-05_01:52:52.004017
ED   18,97.98%,YES,&nbsp,185,AD 37,2025-11-05_01:52:52.004017
ED   18,97.98%,NO,&nbsp,212,AD 37,2025-11-05_01:52:52.004017
ED   19,97.98%,YES,&nbsp,275,AD 37,2025-11-05_01:52:52.004017
ED   19,97.98%,NO,&nbsp,298,AD 37,2025-11-05_01:52:52.004017
ED   20,97.98%,YES,&nbsp,249,AD 37,2025-11-05_01:52:52.004017
ED   20,97.98%,NO,&nbsp,350,AD 37,2025-11-05_01:52:52.004017
ED   21,97.98%,YES,&nbsp,313,AD 37,2025-11-05_01:52:52.004017
ED   21,97.98%,NO,&nbsp,362,AD 37,2025-11-05_01:52:52.004017
ED   22,97.98%,YES,&nbsp,339,AD 37,2025-11-05_01:52:52.004017
ED   22,97.98%,NO,&nbsp,447,AD 37,2025-11-05_01:52:52.004017
ED   23,97.98%,YES,&nbsp,252,AD 37,2025-11-05_01:52:52.004017
ED   23,97.98%,NO,&nbsp,275,AD 37,2025-11-05_01:52:52.004017
ED   24,97.98%,YES,&nbsp,292,AD 37,2025-11-05_01:52:52.004017
ED   24,97.98%,NO,&nbsp,359,AD 37,2025-11-05_01:52:52.004017
ED   25,97.98%,YES,&nbsp,255,AD 37,2025-11-05_01:52:52.004017
ED   25,97.98%,NO,&nbsp,323,AD 37,2025-11-05_01:52:52.004017
ED   26,97.98%,YES,&nbsp,245,AD 37,2025-11-05_01:52:52.004017
ED   26,97.98%,NO,&nbsp,304,AD 37,2025-11-05_01:52:52.004017
ED   27,97.98%,YES,&nbsp,340,AD 37,2025-11-05_01:52:52.004017
ED   27,97.98%,NO,&nbsp,469,AD 37,2025-11-05_01:52:52.004017
ED   28,97.98%,YES,&nbsp,326,AD 37,2025-11-05_01:52:52.004017
ED   28,97.98%,NO,&nbsp,420,AD 37,2025-11-05_01:52:52.004017
ED   29,97.98%,YES,&nbsp,255,AD 37,2025-11-05_01:52:52.004017
ED   29,97.98%,NO,&nbsp,292,AD 37,2025-11-05_01:52:52.004017
ED   30,97.98%,YES,&nbsp,344,AD 37,2025-11-05_01:52:52.004017
ED   30,97.98%,NO,&nbsp,384,AD 37,2025-11-05_01:52:52.004017
ED   31,97.98%,YES,&nbsp,329,AD 37,2025-11-05_01:52:52.004017
ED   31,97.98%,NO,&nbsp,393,AD 37,2025-11-05_01:52:52.004017
ED   32,97.98%,YES,&nbsp,127,AD 37,2025-11-05_01:52:52.004017
ED   32,97.98%,NO,&nbsp,135,AD 37,2025-11-05_01:52:52.004017
ED   33,97.98%,YES,&nbsp,205,AD 37,2025-11-05_01:52:52.004017
ED   33,97.98%,NO,&nbsp,234,AD 37,2025-11-05_01:52:52.004017
ED   34,97.98%,YES,&nbsp,0,AD 37,2025-11-05_01:52:52.004017
ED   34,97.98%,NO,&nbsp,1,AD 37,2025-11-05_01:52:52.004017
ED   35,97.98%,YES,&nbsp,426,AD 37,2025-11-05_01:52:52.004017
ED   35,97.98%,NO,&nbsp,385,AD 37,2025-11-05_01:52:52.004017
ED   36,97.98%,YES,&nbsp,316,AD 37,2025-11-05_01:52:52.004017
ED   36,97.98%,NO,&nbsp,475,AD 37,2025-11-05_01:52:52.004017
ED   37,97.98%,YES,&nbsp,137,AD 37,2025-11-05_01:52:52.004017
ED   37,97.98%,NO,&nbsp,177,AD 37,2025-11-05_01:52:52.004017
ED   38,97.98%,YES,&nbsp,0,AD 37,2025-11-05_01:52:52.004017
ED   38,97.98%,NO,&nbsp,0,AD 37,2025-11-05_01:52:52.004017
ED   39,97.98%,YES,&nbsp,176,AD 37,2025-11-05_01:52:52.004017
ED   39,97.98%,NO,&nbsp,357,AD 37,2025-11-05_01:52:52.004017
ED   40,97.98%,YES,&nbsp,217,AD 37,2025-11-05_01:52:52.004017
ED   40,97.98%,NO,&nbsp,396,AD 37,2025-11-05_01:52:52.004017
ED   41,97.98%,YES,&nbsp,13,AD 37,2025-11-05_01:52:52.004017
ED   41,97.98%,NO,&nbsp,18,AD 37,2025-11-05_01:52:52.004017
ED   42,97.98%,YES,&nbsp,254,AD 37,2025-11-05_01:52:52.004017
ED   42,97.98%,NO,&nbsp,219,AD 37,2025-11-05_01:52:52.004017
ED   43,97.98%,YES,&nbsp,107,AD 37,2025-11-05_01:52:52.004017
ED   43,97.98%,NO,&nbsp,208,AD 37,2025-11-05_01:52:52.004017
ED   44,97.98%,YES,&nbsp,201,AD 37,2025-11-05_01:52:52.004017
ED   44,97.98%,NO,&nbsp,283,AD 37,2025-11-05_01:52:52.004017
ED   45,97.98%,YES,&nbsp,81,AD 37,2025-11-05_01:52:52.004017
ED   45,97.98%,NO,&nbsp,146,AD 37,2025-11-05_01:52:52.004017
ED   46,97.98%,YES,&nbsp,33,AD 37,2025-11-05_01:52:52.004017
ED   46,97.98%,NO,&nbsp,64,AD 37,2025-11-05_01:52:52.004017
ED   47,97.98%,YES,&nbsp,226,AD 37,2025-11-05_01:52:52.004017
ED   47,97.98%,NO,&nbsp,386,AD 37,2025-11-05_01:52:52.004017
ED   48,97.98%,YES,&nbsp,203,AD 37,2025-11-05_01:52:52.004017
ED   48,97.98%,NO,&nbsp,301,AD 37,2025-11-05_01:52:52.004017
ED   49,97.98%,YES,&nbsp,81,AD 37,2025-11-05_01:52:52.004017
ED   49,97.98%,NO,&nbsp,164,AD 37,2025-11-05_01:52:52.004017
ED   50,97.98%,YES,&nbsp,97,AD 37,2025-11-05_01:52:52.004017
ED   50,97.98%,NO,&nbsp,212,AD 37,2025-11-05_01:52:52.004017
ED   51,97.98%,YES,&nbsp,133,AD 37,2025-11-05_01:52:52.004017
ED   51,97.98%,NO,&nbsp,215,AD 37,2025-11-05_01:52:52.004017
ED   52,97.98%,YES,&nbsp,237,AD 37,2025-11-05_01:52:52.004017
ED   52,97.98%,NO,&nbsp,426,AD 37,2025-11-05_01:52:52.004017
ED   53,97.98%,YES,&nbsp,260,AD 37,2025-11-05_01:52:52.004017
ED   53,97.98%,NO,&nbsp,392,AD 37,2025-11-05_01:52:52.004017
ED   54,97.98%,YES,&nbsp,207,AD 37,2025-11-05_01:52:52.004017
ED   54,97.98%,NO,&nbsp,353,AD 37,2025-11-05_01:52:52.004017
ED   55,97.98%,YES,&nbsp,222,AD 37,2025-11-05_01:52:52.004017
ED   55,97.98%,NO,&nbsp,294,AD 37,2025-11-05_01:52:52.004017
ED   56,97.98%,YES,&nbsp,182,AD 37,2025-11-05_01:52:52.004017
ED   56,97.98%,NO,&nbsp,254,AD 37,2025-11-05_01:52:52.004017
ED   57,97.98%,YES,&nbsp,265,AD 37,2025-11-05_01:52:52.004017
ED   57,97.98%,NO,&nbsp,398,AD 37,2025-11-05_01:52:52.004017
ED   58,97.98%,YES,&nbsp,139,AD 37,2025-11-05_01:52:52.004017
ED   58,97.98%,NO,&nbsp,192,AD 37,2025-11-05_01:52:52.004017
ED   59,97.98%,YES,&nbsp,128,AD 37,2025-11-05_01:52:52.004017
ED   59,97.98%,NO,&nbsp,272,AD 37,2025-11-05_01:52:52.004017
ED   60,97.98%,YES,&nbsp,113,AD 37,2025-11-05_01:52:52.004017
ED   60,97.98%,NO,&nbsp,169,AD 37,2025-11-05_01:52:52.004017
ED   61,97.98%,YES,&nbsp,159,AD 37,2025-11-05_01:52:52.004017
ED   61,97.98%,NO,&nbsp,285,AD 37,2025-11-05_01:52:52.004017
ED   62,97.98%,YES,&nbsp,142,AD 37,2025-11-05_01:52:52.004017
ED   62,97.98%,NO,&nbsp,175,AD 37,2025-11-05_01:52:52.004017
ED   63,97.98%,YES,&nbsp,228,AD 37,2025-11-05_01:52:52.004017
ED   63,97.98%,NO,&nbsp,392,AD 37,2025-11-05_01:52:52.004017
ED   64,97.98%,YES,&nbsp,276,AD 37,2025-11-05_01:52:52.004017
ED   64,97.98%,NO,&nbsp,428,AD 37,2025-11-05_01:52:52.004017
ED   65,97.98%,YES,&nbsp,194,AD 37,2025-11-05_01:52:52.004017
ED   65,97.98%,NO,&nbsp,365,AD 37,2025-11-05_01:52:52.004017
ED   66,97.98%,YES,&nbsp,0,AD 37,2025-11-05_01:52:52.004017
ED   66,97.98%,NO,&nbsp,0,AD 37,2025-11-05_01:52:52.004017
ED   67,97.98%,YES,&nbsp,0,AD 37,2025-11-05_01:52:52.004017
ED   67,97.98%,NO,&nbsp,0,AD 37,2025-11-05_01:52:52.004017
ED   68,97.98%,YES,&nbsp,0,AD 37,2025-11-05_01:52:52.004017
ED   68,97.98%,NO,&nbsp,0,AD 37,2025-11-05_01:52:52.004017
ED   69,97.98%,YES,&nbsp,0,AD 37,2025-11-05_01:52:52.004017
ED   69,97.98%,NO,&nbsp,0,AD 37,2025-11-05_01:52:52.004017
ED   70,97.98%,YES,&nbsp,0,AD 37,2025-11-05_01:52:52.004017
ED   70,97.98%,NO,&nbsp,0,AD 37,2025-11-05_01:52:52.004017
ED   71,97.98%,YES,&nbsp,0,AD 37,2025-11-05_01:52:52.004017
ED   71,97.98%,NO,&nbsp,0,AD 37,2025-11-05_01:52:52.004017
Total,,YES,&nbsp,14171,AD 37,2025-11-05_01:52:52.004017
Total,,NO,&nbsp,18239,AD 37,2025-11-05_01:52:52.004017
ED    1,97.98%,YES,&nbsp,239,AD 38,2025-11-05_01:52:52.004017
ED    1,97.98%,NO,&nbsp,365,AD 38,2025-11-05_01:52:52.004017
ED    2,97.98%,YES,&nbsp,289,AD 38,2025-11-05_01:52:52.004017
ED    2,97.98%,NO,&nbsp,440,AD 38,2025-11-05_01:52:52.004017
ED    3,97.98%,YES,&nbsp,259,AD 38,2025-11-05_01:52:52.004017
ED    3,97.98%,NO,&nbsp,364,AD 38,2025-11-05_01:52:52.004017
ED    4,97.98%,YES,&nbsp,275,AD 38,2025-11-05_01:52:52.004017
ED    4,97.98%,NO,&nbsp,426,AD 38,2025-11-05_01:52:52.004017
ED    5,97.98%,YES,&nbsp,90,AD 38,2025-11-05_01:52:52.004017
ED    5,97.98%,NO,&nbsp,121,AD 38,2025-11-05_01:52:52.004017
ED    6,97.98%,YES,&nbsp,292,AD 38,2025-11-05_01:52:52.004017
ED    6,97.98%,NO,&nbsp,375,AD 38,2025-11-05_01:52:52.004017
ED    7,97.98%,YES,&nbsp,155,AD 38,2025-11-05_01:52:52.004017
ED    7,97.98%,NO,&nbsp,271,AD 38,2025-11-05_01:52:52.004017
ED    8,97.98%,YES,&nbsp,4,AD 38,2025-11-05_01:52:52.004017
ED    8,97.98%,NO,&nbsp,1,AD 38,2025-11-05_01:52:52.004017
ED    9,97.98%,YES,&nbsp,258,AD 38,2025-11-05_01:52:52.004017
ED    9,97.98%,NO,&nbsp,366,AD 38,2025-11-05_01:52:52.004017
ED   10,97.98%,YES,&nbsp,212,AD 38,2025-11-05_01:52:52.004017
ED   10,97.98%,NO,&nbsp,326,AD 38,2025-11-05_01:52:52.004017
ED   11,97.98%,YES,&nbsp,176,AD 38,2025-11-05_01:52:52.004017
ED   11,97.98%,NO,&nbsp,308,AD 38,2025-11-05_01:52:52.004017
ED   12,97.98%,YES,&nbsp,206,AD 38,2025-11-05_01:52:52.004017
ED   12,97.98%,NO,&nbsp,333,AD 38,2025-11-05_01:52:52.004017
ED   13,97.98%,YES,&nbsp,72,AD 38,2025-11-05_01:52:52.004017
ED   13,97.98%,NO,&nbsp,108,AD 38,2025-11-05_01:52:52.004017
ED   14,97.98%,YES,&nbsp,262,AD 38,2025-11-05_01:52:52.004017
ED   14,97.98%,NO,&nbsp,464,AD 38,2025-11-05_01:52:52.004017
ED   15,97.98%,YES,&nbsp,249,AD 38,2025-11-05_01:52:52.004017
ED   15,97.98%,NO,&nbsp,481,AD 38,2025-11-05_01:52:52.004017
ED   16,97.98%,YES,&nbsp,19,AD 38,2025-11-05_01:52:52.004017
ED   16,97.98%,NO,&nbsp,45,AD 38,2025-11-05_01:52:52.004017
ED   17,97.98%,YES,&nbsp,212,AD 38,2025-11-05_01:52:52.004017
ED   17,97.98%,NO,&nbsp,355,AD 38,2025-11-05_01:52:52.004017
ED   18,97.98%,YES,&nbsp,99,AD 38,2025-11-05_01:52:52.004017
ED   18,97.98%,NO,&nbsp,157,AD 38,2025-11-05_01:52:52.004017
ED   19,97.98%,YES,&nbsp,165,AD 38,2025-11-05_01:52:52.004017
ED   19,97.98%,NO,&nbsp,193,AD 38,2025-11-05_01:52:52.004017
ED   20,97.98%,YES,&nbsp,220,AD 38,2025-11-05_01:52:52.004017
ED   20,97.98%,NO,&nbsp,347,AD 38,2025-11-05_01:52:52.004017
ED   21,97.98%,YES,&nbsp,167,AD 38,2025-11-05_01:52:52.004017
ED   21,97.98%,NO,&nbsp,207,AD 38,2025-11-05_01:52:52.004017
ED   22,97.98%,YES,&nbsp,112,AD 38,2025-11-05_01:52:52.004017
ED   22,97.98%,NO,&nbsp,111,AD 38,2025-11-05_01:52:52.004017
ED   23,97.98%,YES,&nbsp,207,AD 38,2025-11-05_01:52:52.004017
ED   23,97.98%,NO,&nbsp,265,AD 38,2025-11-05_01:52:52.004017
ED   24,97.98%,YES,&nbsp,134,AD 38,2025-11-05_01:52:52.004017
ED   24,97.98%,NO,&nbsp,231,AD 38,2025-11-05_01:52:52.004017
ED   25,97.98%,YES,&nbsp,81,AD 38,2025-11-05_01:52:52.004017
ED   25,97.98%,NO,&nbsp,88,AD 38,2025-11-05_01:52:52.004017
ED   26,97.98%,YES,&nbsp,194,AD 38,2025-11-05_01:52:52.004017
ED   26,97.98%,NO,&nbsp,230,AD 38,2025-11-05_01:52:52.004017
ED   27,97.98%,YES,&nbsp,67,AD 38,2025-11-05_01:52:52.004017
ED   27,97.98%,NO,&nbsp,100,AD 38,2025-11-05_01:52:52.004017
ED   28,97.98%,YES,&nbsp,206,AD 38,2025-11-05_01:52:52.004017
ED   28,97.98%,NO,&nbsp,213,AD 38,2025-11-05_01:52:52.004017
ED   29,97.98%,YES,&nbsp,148,AD 38,2025-11-05_01:52:52.004017
ED   29,97.98%,NO,&nbsp,181,AD 38,2025-11-05_01:52:52.004017
ED   30,97.98%,YES,&nbsp,120,AD 38,2025-11-05_01:52:52.004017
ED   30,97.98%,NO,&nbsp,160,AD 38,2025-11-05_01:52:52.004017
ED   31,97.98%,YES,&nbsp,121,AD 38,2025-11-05_01:52:52.004017
ED   31,97.98%,NO,&nbsp,139,AD 38,2025-11-05_01:52:52.004017
ED   32,97.98%,YES,&nbsp,198,AD 38,2025-11-05_01:52:52.004017
ED   32,97.98%,NO,&nbsp,269,AD 38,2025-11-05_01:52:52.004017
ED   33,97.98%,YES,&nbsp,225,AD 38,2025-11-05_01:52:52.004017
ED   33,97.98%,NO,&nbsp,295,AD 38,2025-11-05_01:52:52.004017
ED   34,97.98%,YES,&nbsp,173,AD 38,2025-11-05_01:52:52.004017
ED   34,97.98%,NO,&nbsp,239,AD 38,2025-11-05_01:52:52.004017
ED   35,97.98%,YES,&nbsp,169,AD 38,2025-11-05_01:52:52.004017
ED   35,97.98%,NO,&nbsp,231,AD 38,2025-11-05_01:52:52.004017
ED   36,97.98%,YES,&nbsp,242,AD 38,2025-11-05_01:52:52.004017
ED   36,97.98%,NO,&nbsp,135,AD 38,2025-11-05_01:52:52.004017
ED   37,97.98%,YES,&nbsp,240,AD 38,2025-11-05_01:52:52.004017
ED   37,97.98%,NO,&nbsp,162,AD 38,2025-11-05_01:52:52.004017
ED   38,97.98%,YES,&nbsp,128,AD 38,2025-11-05_01:52:52.004017
ED   38,97.98%,NO,&nbsp,97,AD 38,2025-11-05_01:52:52.004017
ED   39,97.98%,YES,&nbsp,154,AD 38,2025-11-05_01:52:52.004017
ED   39,97.98%,NO,&nbsp,130,AD 38,2025-11-05_01:52:52.004017
ED   40,97.98%,YES,&nbsp,87,AD 38,2025-11-05_01:52:52.004017
ED   40,97.98%,NO,&nbsp,95,AD 38,2025-11-05_01:52:52.004017
ED   41,97.98%,YES,&nbsp,69,AD 38,2025-11-05_01:52:52.004017
ED   41,97.98%,NO,&nbsp,126,AD 38,2025-11-05_01:52:52.004017
ED   42,97.98%,YES,&nbsp,73,AD 38,2025-11-05_01:52:52.004017
ED   42,97.98%,NO,&nbsp,124,AD 38,2025-11-05_01:52:52.004017
ED   43,97.98%,YES,&nbsp,6,AD 38,2025-11-05_01:52:52.004017
ED   43,97.98%,NO,&nbsp,4,AD 38,2025-11-05_01:52:52.004017
ED   44,97.98%,YES,&nbsp,136,AD 38,2025-11-05_01:52:52.004017
ED   44,97.98%,NO,&nbsp,170,AD 38,2025-11-05_01:52:52.004017
ED   45,97.98%,YES,&nbsp,96,AD 38,2025-11-05_01:52:52.004017
ED   45,97.98%,NO,&nbsp,102,AD 38,2025-11-05_01:52:52.004017
ED   46,97.98%,YES,&nbsp,238,AD 38,2025-11-05_01:52:52.004017
ED   46,97.98%,NO,&nbsp,359,AD 38,2025-11-05_01:52:52.004017
ED   47,97.98%,YES,&nbsp,277,AD 38,2025-11-05_01:52:52.004017
ED   47,97.98%,NO,&nbsp,344,AD 38,2025-11-05_01:52:52.004017
ED   48,97.98%,YES,&nbsp,160,AD 38,2025-11-05_01:52:52.004017
ED   48,97.98%,NO,&nbsp,167,AD 38,2025-11-05_01:52:52.004017
ED   49,97.98%,YES,&nbsp,69,AD 38,2025-11-05_01:52:52.004017
ED   49,97.98%,NO,&nbsp,81,AD 38,2025-11-05_01:52:52.004017
ED   50,97.98%,YES,&nbsp,144,AD 38,2025-11-05_01:52:52.004017
ED   50,97.98%,NO,&nbsp,151,AD 38,2025-11-05_01:52:52.004017
ED   51,97.98%,YES,&nbsp,169,AD 38,2025-11-05_01:52:52.004017
ED   51,97.98%,NO,&nbsp,162,AD 38,2025-11-05_01:52:52.004017
ED   52,97.98%,YES,&nbsp,58,AD 38,2025-11-05_01:52:52.004017
ED   52,97.98%,NO,&nbsp,64,AD 38,2025-11-05_01:52:52.004017
ED   53,97.98%,YES,&nbsp,145,AD 38,2025-11-05_01:52:52.004017
ED   53,97.98%,NO,&nbsp,307,AD 38,2025-11-05_01:52:52.004017
ED   54,97.98%,YES,&nbsp,117,AD 38,2025-11-05_01:52:52.004017
ED   54,97.98%,NO,&nbsp,211,AD 38,2025-11-05_01:52:52.004017
ED   55,97.98%,YES,&nbsp,0,AD 38,2025-11-05_01:52:52.004017
ED   55,97.98%,NO,&nbsp,0,AD 38,2025-11-05_01:52:52.004017
Total,,YES,&nbsp,8683,AD 38,2025-11-05_01:52:52.004017
Total,,NO,&nbsp,11796,AD 38,2025-11-05_01:52:52.004017
ED    1,97.98%,YES,&nbsp,309,AD 39,2025-11-05_01:52:52.004017
ED    1,97.98%,NO,&nbsp,397,AD 39,2025-11-05_01:52:52.004017
ED    2,97.98%,YES,&nbsp,369,AD 39,2025-11-05_01:52:52.004017
ED    2,97.98%,NO,&nbsp,432,AD 39,2025-11-05_01:52:52.004017
ED    3,97.98%,YES,&nbsp,306,AD 39,2025-11-05_01:52:52.004017
ED    3,97.98%,NO,&nbsp,358,AD 39,2025-11-05_01:52:52.004017
ED    4,97.98%,YES,&nbsp,297,AD 39,2025-11-05_01:52:52.004017
ED    4,97.98%,NO,&nbsp,326,AD 39,2025-11-05_01:52:52.004017
ED    5,97.98%,YES,&nbsp,276,AD 39,2025-11-05_01:52:52.004017
ED    5,97.98%,NO,&nbsp,279,AD 39,2025-11-05_01:52:52.004017
ED    6,97.98%,YES,&nbsp,446,AD 39,2025-11-05_01:52:52.004017
ED    6,97.98%,NO,&nbsp,411,AD 39,2025-11-05_01:52:52.004017
ED    7,97.98%,YES,&nbsp,323,AD 39,2025-11-05_01:52:52.004017
ED    7,97.98%,NO,&nbsp,394,AD 39,2025-11-05_01:52:52.004017
ED    8,97.98%,YES,&nbsp,274,AD 39,2025-11-05_01:52:52.004017
ED    8,97.98%,NO,&nbsp,361,AD 39,2025-11-05_01:52:52.004017
ED    9,97.98%,YES,&nbsp,250,AD 39,2025-11-05_01:52:52.004017
ED    9,97.98%,NO,&nbsp,312,AD 39,2025-11-05_01:52:52.004017
ED   10,97.98%,YES,&nbsp,100,AD 39,2025-11-05_01:52:52.004017
ED   10,97.98%,NO,&nbsp,105,AD 39,2025-11-05_01:52:52.004017
ED   11,97.98%,YES,&nbsp,27,AD 39,2025-11-05_01:52:52.004017
ED   11,97.98%,NO,&nbsp,16,AD 39,2025-11-05_01:52:52.004017
ED   12,97.98%,YES,&nbsp,109,AD 39,2025-11-05_01:52:52.004017
ED   12,97.98%,NO,&nbsp,135,AD 39,2025-11-05_01:52:52.004017
ED   13,97.98%,YES,&nbsp,81,AD 39,2025-11-05_01:52:52.004017
ED   13,97.98%,NO,&nbsp,69,AD 39,2025-11-05_01:52:52.004017
ED   14,97.98%,YES,&nbsp,132,AD 39,2025-11-05_01:52:52.004017
ED   14,97.98%,NO,&nbsp,133,AD 39,2025-11-05_01:52:52.004017
ED   15,97.98%,YES,&nbsp,205,AD 39,2025-11-05_01:52:52.004017
ED   15,97.98%,NO,&nbsp,247,AD 39,2025-11-05_01:52:52.004017
ED   16,97.98%,YES,&nbsp,15,AD 39,2025-11-05_01:52:52.004017
ED   16,97.98%,NO,&nbsp,27,AD 39,2025-11-05_01:52:52.004017
ED   17,97.98%,YES,&nbsp,101,AD 39,2025-11-05_01:52:52.004017
ED   17,97.98%,NO,&nbsp,103,AD 39,2025-11-05_01:52:52.004017
ED   18,97.98%,YES,&nbsp,217,AD 39,2025-11-05_01:52:52.004017
ED   18,97.98%,NO,&nbsp,198,AD 39,2025-11-05_01:52:52.004017
ED   19,97.98%,YES,&nbsp,267,AD 39,2025-11-05_01:52:52.004017
ED   19,97.98%,NO,&nbsp,230,AD 39,2025-11-05_01:52:52.004017
ED   20,97.98%,YES,&nbsp,40,AD 39,2025-11-05_01:52:52.004017
ED   20,97.98%,NO,&nbsp,60,AD 39,2025-11-05_01:52:52.004017
ED   21,97.98%,YES,&nbsp,124,AD 39,2025-11-05_01:52:52.004017
ED   21,97.98%,NO,&nbsp,127,AD 39,2025-11-05_01:52:52.004017
ED   22,97.98%,YES,&nbsp,163,AD 39,2025-11-05_01:52:52.004017
ED   22,97.98%,NO,&nbsp,152,AD 39,2025-11-05_01:52:52.004017
ED   23,97.98%,YES,&nbsp,107,AD 39,2025-11-05_01:52:52.004017
ED   23,97.98%,NO,&nbsp,174,AD 39,2025-11-05_01:52:52.004017
ED   24,97.98%,YES,&nbsp,92,AD 39,2025-11-05_01:52:52.004017
ED   24,97.98%,NO,&nbsp,116,AD 39,2025-11-05_01:52:52.004017
ED   25,97.98%,YES,&nbsp,92,AD 39,2025-11-05_01:52:52.004017
ED   25,97.98%,NO,&nbsp,106,AD 39,2025-11-05_01:52:52.004017
ED   26,97.98%,YES,&nbsp,143,AD 39,2025-11-05_01:52:52.004017
ED   26,97.98%,NO,&nbsp,178,AD 39,2025-11-05_01:52:52.004017
ED   27,97.98%,YES,&nbsp,50,AD 39,2025-11-05_01:52:52.004017
ED   27,97.98%,NO,&nbsp,50,AD 39,2025-11-05_01:52:52.004017
ED   28,97.98%,YES,&nbsp,232,AD 39,2025-11-05_01:52:52.004017
ED   28,97.98%,NO,&nbsp,485,AD 39,2025-11-05_01:52:52.004017
ED   29,97.98%,YES,&nbsp,102,AD 39,2025-11-05_01:52:52.004017
ED   29,97.98%,NO,&nbsp,91,AD 39,2025-11-05_01:52:52.004017
ED   30,97.98%,YES,&nbsp,119,AD 39,2025-11-05_01:52:52.004017
ED   30,97.98%,NO,&nbsp,196,AD 39,2025-11-05_01:52:52.004017
ED   31,97.98%,YES,&nbsp,112,AD 39,2025-11-05_01:52:52.004017
ED   31,97.98%,NO,&nbsp,154,AD 39,2025-11-05_01:52:52.004017
ED   32,97.98%,YES,&nbsp,113,AD 39,2025-11-05_01:52:52.004017
ED   32,97.98%,NO,&nbsp,196,AD 39,2025-11-05_01:52:52.004017
ED   33,97.98%,YES,&nbsp,84,AD 39,2025-11-05_01:52:52.004017
ED   33,97.98%,NO,&nbsp,132,AD 39,2025-11-05_01:52:52.004017
ED   34,97.98%,YES,&nbsp,107,AD 39,2025-11-05_01:52:52.004017
ED   34,97.98%,NO,&nbsp,174,AD 39,2025-11-05_01:52:52.004017
ED   35,97.98%,YES,&nbsp,157,AD 39,2025-11-05_01:52:52.004017
ED   35,97.98%,NO,&nbsp,161,AD 39,2025-11-05_01:52:52.004017
ED   36,97.98%,YES,&nbsp,98,AD 39,2025-11-05_01:52:52.004017
ED   36,97.98%,NO,&nbsp,108,AD 39,2025-11-05_01:52:52.004017
ED   37,97.98%,YES,&nbsp,92,AD 39,2025-11-05_01:52:52.004017
ED   37,97.98%,NO,&nbsp,97,AD 39,2025-11-05_01:52:52.004017
ED   38,97.98%,YES,&nbsp,81,AD 39,2025-11-05_01:52:52.004017
ED   38,97.98%,NO,&nbsp,102,AD 39,2025-11-05_01:52:52.004017
ED   39,97.98%,YES,&nbsp,129,AD 39,2025-11-05_01:52:52.004017
ED   39,97.98%,NO,&nbsp,200,AD 39,2025-11-05_01:52:52.004017
ED   40,97.98%,YES,&nbsp,45,AD 39,2025-11-05_01:52:52.004017
ED   40,97.98%,NO,&nbsp,49,AD 39,2025-11-05_01:52:52.004017
ED   41,97.98%,YES,&nbsp,200,AD 39,2025-11-05_01:52:52.004017
ED   41,97.98%,NO,&nbsp,277,AD 39,2025-11-05_01:52:52.004017
ED   42,97.98%,YES,&nbsp,133,AD 39,2025-11-05_01:52:52.004017
ED   42,97.98%,NO,&nbsp,131,AD 39,2025-11-05_01:52:52.004017
ED   43,97.98%,YES,&nbsp,105,AD 39,2025-11-05_01:52:52.004017
ED   43,97.98%,NO,&nbsp,138,AD 39,2025-11-05_01:52:52.004017
ED   44,97.98%,YES,&nbsp,151,AD 39,2025-11-05_01:52:52.004017
ED   44,97.98%,NO,&nbsp,173,AD 39,2025-11-05_01:52:52.004017
ED   45,97.98%,YES,&nbsp,175,AD 39,2025-11-05_01:52:52.004017
ED   45,97.98%,NO,&nbsp,244,AD 39,2025-11-05_01:52:52.004017
ED   46,97.98%,YES,&nbsp,222,AD 39,2025-11-05_01:52:52.004017
ED   46,97.98%,NO,&nbsp,455,AD 39,2025-11-05_01:52:52.004017
ED   47,97.98%,YES,&nbsp,131,AD 39,2025-11-05_01:52:52.004017
ED   47,97.98%,NO,&nbsp,255,AD 39,2025-11-05_01:52:52.004017
ED   48,97.98%,YES,&nbsp,114,AD 39,2025-11-05_01:52:52.004017
ED   48,97.98%,NO,&nbsp,122,AD 39,2025-11-05_01:52:52.004017
ED   49,97.98%,YES,&nbsp,112,AD 39,2025-11-05_01:52:52.004017
ED   49,97.98%,NO,&nbsp,126,AD 39,2025-11-05_01:52:52.004017
ED   50,97.98%,YES,&nbsp,49,AD 39,2025-11-05_01:52:52.004017
ED   50,97.98%,NO,&nbsp,53,AD 39,2025-11-05_01:52:52.004017
ED   51,97.98%,YES,&nbsp,154,AD 39,2025-11-05_01:52:52.004017
ED   51,97.98%,NO,&nbsp,353,AD 39,2025-11-05_01:52:52.004017
ED   52,97.98%,YES,&nbsp,58,AD 39,2025-11-05_01:52:52.004017
ED   52,97.98%,NO,&nbsp,56,AD 39,2025-11-05_01:52:52.004017
Total,,YES,&nbsp,7990,AD 39,2025-11-05_01:52:52.004017
Total,,NO,&nbsp,10024,AD 39,2025-11-05_01:52:52.004017
ED    1,97.98%,YES,&nbsp,177,AD 40,2025-11-05_01:52:52.004017
ED    1,97.98%,NO,&nbsp,239,AD 40,2025-11-05_01:52:52.004017
ED    2,97.98%,YES,&nbsp,94,AD 40,2025-11-05_01:52:52.004017
ED    2,97.98%,NO,&nbsp,109,AD 40,2025-11-05_01:52:52.004017
ED    3,97.98%,YES,&nbsp,92,AD 40,2025-11-05_01:52:52.004017
ED    3,97.98%,NO,&nbsp,108,AD 40,2025-11-05_01:52:52.004017
ED    4,97.98%,YES,&nbsp,146,AD 40,2025-11-05_01:52:52.004017
ED    4,97.98%,NO,&nbsp,162,AD 40,2025-11-05_01:52:52.004017
ED    5,97.98%,YES,&nbsp,109,AD 40,2025-11-05_01:52:52.004017
ED    5,97.98%,NO,&nbsp,160,AD 40,2025-11-05_01:52:52.004017
ED    6,97.98%,YES,&nbsp,76,AD 40,2025-11-05_01:52:52.004017
ED    6,97.98%,NO,&nbsp,93,AD 40,2025-11-05_01:52:52.004017
ED    7,97.98%,YES,&nbsp,167,AD 40,2025-11-05_01:52:52.004017
ED    7,97.98%,NO,&nbsp,204,AD 40,2025-11-05_01:52:52.004017
ED    8,97.98%,YES,&nbsp,187,AD 40,2025-11-05_01:52:52.004017
ED    8,97.98%,NO,&nbsp,222,AD 40,2025-11-05_01:52:52.004017
ED    9,97.98%,YES,&nbsp,179,AD 40,2025-11-05_01:52:52.004017
ED    9,97.98%,NO,&nbsp,239,AD 40,2025-11-05_01:52:52.004017
ED   10,97.98%,YES,&nbsp,97,AD 40,2025-11-05_01:52:52.004017
ED   10,97.98%,NO,&nbsp,106,AD 40,2025-11-05_01:52:52.004017
ED   11,97.98%,YES,&nbsp,152,AD 40,2025-11-05_01:52:52.004017
ED   11,97.98%,NO,&nbsp,112,AD 40,2025-11-05_01:52:52.004017
ED   12,97.98%,YES,&nbsp,165,AD 40,2025-11-05_01:52:52.004017
ED   12,97.98%,NO,&nbsp,195,AD 40,2025-11-05_01:52:52.004017
ED   13,97.98%,YES,&nbsp,96,AD 40,2025-11-05_01:52:52.004017
ED   13,97.98%,NO,&nbsp,88,AD 40,2025-11-05_01:52:52.004017
ED   14,97.98%,YES,&nbsp,55,AD 40,2025-11-05_01:52:52.004017
ED   14,97.98%,NO,&nbsp,68,AD 40,2025-11-05_01:52:52.004017
ED   15,97.98%,YES,&nbsp,131,AD 40,2025-11-05_01:52:52.004017
ED   15,97.98%,NO,&nbsp,146,AD 40,2025-11-05_01:52:52.004017
ED   16,97.98%,YES,&nbsp,117,AD 40,2025-11-05_01:52:52.004017
ED   16,97.98%,NO,&nbsp,143,AD 40,2025-11-05_01:52:52.004017
ED   17,97.98%,YES,&nbsp,60,AD 40,2025-11-05_01:52:52.004017
ED   17,97.98%,NO,&nbsp,94,AD 40,2025-11-05_01:52:52.004017
ED   18,97.98%,YES,&nbsp,112,AD 40,2025-11-05_01:52:52.004017
ED   18,97.98%,NO,&nbsp,137,AD 40,2025-11-05_01:52:52.004017
ED   19,97.98%,YES,&nbsp,117,AD 40,2025-11-05_01:52:52.004017
ED   19,97.98%,NO,&nbsp,172,AD 40,2025-11-05_01:52:52.004017
ED   20,97.98%,YES,&nbsp,182,AD 40,2025-11-05_01:52:52.004017
ED   20,97.98%,NO,&nbsp,188,AD 40,2025-11-05_01:52:52.004017
ED   21,97.98%,YES,&nbsp,144,AD 40,2025-11-05_01:52:52.004017
ED   21,97.98%,NO,&nbsp,170,AD 40,2025-11-05_01:52:52.004017
ED   22,97.98%,YES,&nbsp,78,AD 40,2025-11-05_01:52:52.004017
ED   22,97.98%,NO,&nbsp,70,AD 40,2025-11-05_01:52:52.004017
ED   23,97.98%,YES,&nbsp,199,AD 40,2025-11-05_01:52:52.004017
ED   23,97.98%,NO,&nbsp,219,AD 40,2025-11-05_01:52:52.004017
ED   24,97.98%,YES,&nbsp,128,AD 40,2025-11-05_01:52:52.004017
ED   24,97.98%,NO,&nbsp,138,AD 40,2025-11-05_01:52:52.004017
ED   25,97.98%,YES,&nbsp,39,AD 40,2025-11-05_01:52:52.004017
ED   25,97.98%,NO,&nbsp,45,AD 40,2025-11-05_01:52:52.004017
ED   26,97.98%,YES,&nbsp,154,AD 40,2025-11-05_01:52:52.004017
ED   26,97.98%,NO,&nbsp,194,AD 40,2025-11-05_01:52:52.004017
ED   27,97.98%,YES,&nbsp,207,AD 40,2025-11-05_01:52:52.004017
ED   27,97.98%,NO,&nbsp,287,AD 40,2025-11-05_01:52:52.004017
ED   28,97.98%,YES,&nbsp,263,AD 40,2025-11-05_01:52:52.004017
ED   28,97.98%,NO,&nbsp,321,AD 40,2025-11-05_01:52:52.004017
ED   29,97.98%,YES,&nbsp,201,AD 40,2025-11-05_01:52:52.004017
ED   29,97.98%,NO,&nbsp,237,AD 40,2025-11-05_01:52:52.004017
ED   30,97.98%,YES,&nbsp,149,AD 40,2025-11-05_01:52:52.004017
ED   30,97.98%,NO,&nbsp,182,AD 40,2025-11-05_01:52:52.004017
ED   31,97.98%,YES,&nbsp,133,AD 40,2025-11-05_01:52:52.004017
ED   31,97.98%,NO,&nbsp,150,AD 40,2025-11-05_01:52:52.004017
ED   32,97.98%,YES,&nbsp,101,AD 40,2025-11-05_01:52:52.004017
ED   32,97.98%,NO,&nbsp,131,AD 40,2025-11-05_01:52:52.004017
ED   33,97.98%,YES,&nbsp,128,AD 40,2025-11-05_01:52:52.004017
ED   33,97.98%,NO,&nbsp,151,AD 40,2025-11-05_01:52:52.004017
ED   34,97.98%,YES,&nbsp,99,AD 40,2025-11-05_01:52:52.004017
ED   34,97.98%,NO,&nbsp,145,AD 40,2025-11-05_01:52:52.004017
ED   35,97.98%,YES,&nbsp,49,AD 40,2025-11-05_01:52:52.004017
ED   35,97.98%,NO,&nbsp,97,AD 40,2025-11-05_01:52:52.004017
ED   36,97.98%,YES,&nbsp,18,AD 40,2025-11-05_01:52:52.004017
ED   36,97.98%,NO,&nbsp,15,AD 40,2025-11-05_01:52:52.004017
ED   37,97.98%,YES,&nbsp,170,AD 40,2025-11-05_01:52:52.004017
ED   37,97.98%,NO,&nbsp,394,AD 40,2025-11-05_01:52:52.004017
ED   38,97.98%,YES,&nbsp,117,AD 40,2025-11-05_01:52:52.004017
ED   38,97.98%,NO,&nbsp,277,AD 40,2025-11-05_01:52:52.004017
ED   39,97.98%,YES,&nbsp,89,AD 40,2025-11-05_01:52:52.004017
ED   39,97.98%,NO,&nbsp,137,AD 40,2025-11-05_01:52:52.004017
ED   40,97.98%,YES,&nbsp,163,AD 40,2025-11-05_01:52:52.004017
ED   40,97.98%,NO,&nbsp,320,AD 40,2025-11-05_01:52:52.004017
ED   41,97.98%,YES,&nbsp,196,AD 40,2025-11-05_01:52:52.004017
ED   41,97.98%,NO,&nbsp,418,AD 40,2025-11-05_01:52:52.004017
ED   42,97.98%,YES,&nbsp,7,AD 40,2025-11-05_01:52:52.004017
ED   42,97.98%,NO,&nbsp,10,AD 40,2025-11-05_01:52:52.004017
ED   43,97.98%,YES,&nbsp,179,AD 40,2025-11-05_01:52:52.004017
ED   43,97.98%,NO,&nbsp,256,AD 40,2025-11-05_01:52:52.004017
ED   44,97.98%,YES,&nbsp,81,AD 40,2025-11-05_01:52:52.004017
ED   44,97.98%,NO,&nbsp,108,AD 40,2025-11-05_01:52:52.004017
ED   45,97.98%,YES,&nbsp,121,AD 40,2025-11-05_01:52:52.004017
ED   45,97.98%,NO,&nbsp,213,AD 40,2025-11-05_01:52:52.004017
ED   46,97.98%,YES,&nbsp,84,AD 40,2025-11-05_01:52:52.004017
ED   46,97.98%,NO,&nbsp,152,AD 40,2025-11-05_01:52:52.004017
ED   47,97.98%,YES,&nbsp,217,AD 40,2025-11-05_01:52:52.004017
ED   47,97.98%,NO,&nbsp,475,AD 40,2025-11-05_01:52:52.004017
ED   48,97.98%,YES,&nbsp,0,AD 40,2025-11-05_01:52:52.004017
ED   48,97.98%,NO,&nbsp,0,AD 40,2025-11-05_01:52:52.004017
Total,,YES,&nbsp,6025,AD 40,2025-11-05_01:52:52.004017
Total,,NO,&nbsp,8297,AD 40,2025-11-05_01:52:52.004017
ED    1,97.98%,YES,&nbsp,210,AD 41,2025-11-05_01:52:52.004017
ED    1,97.98%,NO,&nbsp,214,AD 41,2025-11-05_01:52:52.004017
ED    2,97.98%,YES,&nbsp,184,AD 41,2025-11-05_01:52:52.004017
ED    2,97.98%,NO,&nbsp,202,AD 41,2025-11-05_01:52:52.004017
ED    3,97.98%,YES,&nbsp,151,AD 41,2025-11-05_01:52:52.004017
ED    3,97.98%,NO,&nbsp,118,AD 41,2025-11-05_01:52:52.004017
ED    4,97.98%,YES,&nbsp,229,AD 41,2025-11-05_01:52:52.004017
ED    4,97.98%,NO,&nbsp,295,AD 41,2025-11-05_01:52:52.004017
ED    5,97.98%,YES,&nbsp,153,AD 41,2025-11-05_01:52:52.004017
ED    5,97.98%,NO,&nbsp,182,AD 41,2025-11-05_01:52:52.004017
ED    6,97.98%,YES,&nbsp,192,AD 41,2025-11-05_01:52:52.004017
ED    6,97.98%,NO,&nbsp,199,AD 41,2025-11-05_01:52:52.004017
ED    7,97.98%,YES,&nbsp,195,AD 41,2025-11-05_01:52:52.004017
ED    7,97.98%,NO,&nbsp,216,AD 41,2025-11-05_01:52:52.004017
ED    8,97.98%,YES,&nbsp,190,AD 41,2025-11-05_01:52:52.004017
ED    8,97.98%,NO,&nbsp,161,AD 41,2025-11-05_01:52:52.004017
ED    9,97.98%,YES,&nbsp,203,AD 41,2025-11-05_01:52:52.004017
ED    9,97.98%,NO,&nbsp,200,AD 41,2025-11-05_01:52:52.004017
ED   10,97.98%,YES,&nbsp,130,AD 41,2025-11-05_01:52:52.004017
ED   10,97.98%,NO,&nbsp,137,AD 41,2025-11-05_01:52:52.004017
ED   11,97.98%,YES,&nbsp,188,AD 41,2025-11-05_01:52:52.004017
ED   11,97.98%,NO,&nbsp,203,AD 41,2025-11-05_01:52:52.004017
ED   12,97.98%,YES,&nbsp,113,AD 41,2025-11-05_01:52:52.004017
ED   12,97.98%,NO,&nbsp,222,AD 41,2025-11-05_01:52:52.004017
ED   13,97.98%,YES,&nbsp,107,AD 41,2025-11-05_01:52:52.004017
ED   13,97.98%,NO,&nbsp,138,AD 41,2025-11-05_01:52:52.004017
ED   14,97.98%,YES,&nbsp,80,AD 41,2025-11-05_01:52:52.004017
ED   14,97.98%,NO,&nbsp,536,AD 41,2025-11-05_01:52:52.004017
ED   15,97.98%,YES,&nbsp,56,AD 41,2025-11-05_01:52:52.004017
ED   15,97.98%,NO,&nbsp,138,AD 41,2025-11-05_01:52:52.004017
ED   16,97.98%,YES,&nbsp,115,AD 41,2025-11-05_01:52:52.004017
ED   16,97.98%,NO,&nbsp,195,AD 41,2025-11-05_01:52:52.004017
ED   17,97.98%,YES,&nbsp,147,AD 41,2025-11-05_01:52:52.004017
ED   17,97.98%,NO,&nbsp,158,AD 41,2025-11-05_01:52:52.004017
ED   18,97.98%,YES,&nbsp,158,AD 41,2025-11-05_01:52:52.004017
ED   18,97.98%,NO,&nbsp,135,AD 41,2025-11-05_01:52:52.004017
ED   19,97.98%,YES,&nbsp,166,AD 41,2025-11-05_01:52:52.004017
ED   19,97.98%,NO,&nbsp,218,AD 41,2025-11-05_01:52:52.004017
ED   20,97.98%,YES,&nbsp,78,AD 41,2025-11-05_01:52:52.004017
ED   20,97.98%,NO,&nbsp,371,AD 41,2025-11-05_01:52:52.004017
ED   21,97.98%,YES,&nbsp,139,AD 41,2025-11-05_01:52:52.004017
ED   21,97.98%,NO,&nbsp,188,AD 41,2025-11-05_01:52:52.004017
ED   22,97.98%,YES,&nbsp,80,AD 41,2025-11-05_01:52:52.004017
ED   22,97.98%,NO,&nbsp,207,AD 41,2025-11-05_01:52:52.004017
ED   23,97.98%,YES,&nbsp,131,AD 41,2025-11-05_01:52:52.004017
ED   23,97.98%,NO,&nbsp,434,AD 41,2025-11-05_01:52:52.004017
ED   24,97.98%,YES,&nbsp,154,AD 41,2025-11-05_01:52:52.004017
ED   24,97.98%,NO,&nbsp,384,AD 41,2025-11-05_01:52:52.004017
ED   25,97.98%,YES,&nbsp,186,AD 41,2025-11-05_01:52:52.004017
ED   25,97.98%,NO,&nbsp,372,AD 41,2025-11-05_01:52:52.004017
ED   26,97.98%,YES,&nbsp,193,AD 41,2025-11-05_01:52:52.004017
ED   26,97.98%,NO,&nbsp,374,AD 41,2025-11-05_01:52:52.004017
ED   27,97.98%,YES,&nbsp,167,AD 41,2025-11-05_01:52:52.004017
ED   27,97.98%,NO,&nbsp,335,AD 41,2025-11-05_01:52:52.004017
ED   28,97.98%,YES,&nbsp,121,AD 41,2025-11-05_01:52:52.004017
ED   28,97.98%,NO,&nbsp,328,AD 41,2025-11-05_01:52:52.004017
ED   29,97.98%,YES,&nbsp,81,AD 41,2025-11-05_01:52:52.004017
ED   29,97.98%,NO,&nbsp,385,AD 41,2025-11-05_01:52:52.004017
ED   30,97.98%,YES,&nbsp,100,AD 41,2025-11-05_01:52:52.004017
ED   30,97.98%,NO,&nbsp,469,AD 41,2025-11-05_01:52:52.004017
ED   31,97.98%,YES,&nbsp,92,AD 41,2025-11-05_01:52:52.004017
ED   31,97.98%,NO,&nbsp,221,AD 41,2025-11-05_01:52:52.004017
ED   32,97.98%,YES,&nbsp,183,AD 41,2025-11-05_01:52:52.004017
ED   32,97.98%,NO,&nbsp,271,AD 41,2025-11-05_01:52:52.004017
ED   33,97.98%,YES,&nbsp,166,AD 41,2025-11-05_01:52:52.004017
ED   33,97.98%,NO,&nbsp,496,AD 41,2025-11-05_01:52:52.004017
ED   34,97.98%,YES,&nbsp,267,AD 41,2025-11-05_01:52:52.004017
ED   34,97.98%,NO,&nbsp,567,AD 41,2025-11-05_01:52:52.004017
ED   35,97.98%,YES,&nbsp,120,AD 41,2025-11-05_01:52:52.004017
ED   35,97.98%,NO,&nbsp,481,AD 41,2025-11-05_01:52:52.004017
ED   36,97.98%,YES,&nbsp,83,AD 41,2025-11-05_01:52:52.004017
ED   36,97.98%,NO,&nbsp,242,AD 41,2025-11-05_01:52:52.004017
ED   37,97.98%,YES,&nbsp,129,AD 41,2025-11-05_01:52:52.004017
ED   37,97.98%,NO,&nbsp,228,AD 41,2025-11-05_01:52:52.004017
ED   38,97.98%,YES,&nbsp,45,AD 41,2025-11-05_01:52:52.004017
ED   38,97.98%,NO,&nbsp,66,AD 41,2025-11-05_01:52:52.004017
ED   39,97.98%,YES,&nbsp,111,AD 41,2025-11-05_01:52:52.004017
ED   39,97.98%,NO,&nbsp,121,AD 41,2025-11-05_01:52:52.004017
ED   40,97.98%,YES,&nbsp,135,AD 41,2025-11-05_01:52:52.004017
ED   40,97.98%,NO,&nbsp,269,AD 41,2025-11-05_01:52:52.004017
ED   41,97.98%,YES,&nbsp,160,AD 41,2025-11-05_01:52:52.004017
ED   41,97.98%,NO,&nbsp,516,AD 41,2025-11-05_01:52:52.004017
ED   42,97.98%,YES,&nbsp,146,AD 41,2025-11-05_01:52:52.004017
ED   42,97.98%,NO,&nbsp,244,AD 41,2025-11-05_01:52:52.004017
ED   43,97.98%,YES,&nbsp,148,AD 41,2025-11-05_01:52:52.004017
ED   43,97.98%,NO,&nbsp,241,AD 41,2025-11-05_01:52:52.004017
ED   44,97.98%,YES,&nbsp,127,AD 41,2025-11-05_01:52:52.004017
ED   44,97.98%,NO,&nbsp,181,AD 41,2025-11-05_01:52:52.004017
ED   45,97.98%,YES,&nbsp,186,AD 41,2025-11-05_01:52:52.004017
ED   45,97.98%,NO,&nbsp,305,AD 41,2025-11-05_01:52:52.004017
ED   46,97.98%,YES,&nbsp,110,AD 41,2025-11-05_01:52:52.004017
ED   46,97.98%,NO,&nbsp,201,AD 41,2025-11-05_01:52:52.004017
ED   47,97.98%,YES,&nbsp,132,AD 41,2025-11-05_01:52:52.004017
ED   47,97.98%,NO,&nbsp,202,AD 41,2025-11-05_01:52:52.004017
ED   48,97.98%,YES,&nbsp,160,AD 41,2025-11-05_01:52:52.004017
ED   48,97.98%,NO,&nbsp,283,AD 41,2025-11-05_01:52:52.004017
ED   49,97.98%,YES,&nbsp,115,AD 41,2025-11-05_01:52:52.004017
ED   49,97.98%,NO,&nbsp,118,AD 41,2025-11-05_01:52:52.004017
ED   50,97.98%,YES,&nbsp,101,AD 41,2025-11-05_01:52:52.004017
ED   50,97.98%,NO,&nbsp,114,AD 41,2025-11-05_01:52:52.004017
ED   51,97.98%,YES,&nbsp,61,AD 41,2025-11-05_01:52:52.004017
ED   51,97.98%,NO,&nbsp,61,AD 41,2025-11-05_01:52:52.004017
ED   52,97.98%,YES,&nbsp,232,AD 41,2025-11-05_01:52:52.004017
ED   52,97.98%,NO,&nbsp,420,AD 41,2025-11-05_01:52:52.004017
ED   53,97.98%,YES,&nbsp,90,AD 41,2025-11-05_01:52:52.004017
ED   53,97.98%,NO,&nbsp,89,AD 41,2025-11-05_01:52:52.004017
ED   54,97.98%,YES,&nbsp,91,AD 41,2025-11-05_01:52:52.004017
ED   54,97.98%,NO,&nbsp,371,AD 41,2025-11-05_01:52:52.004017
ED   55,97.98%,YES,&nbsp,156,AD 41,2025-11-05_01:52:52.004017
ED   55,97.98%,NO,&nbsp,233,AD 41,2025-11-05_01:52:52.004017
ED   56,97.98%,YES,&nbsp,162,AD 41,2025-11-05_01:52:52.004017
ED   56,97.98%,NO,&nbsp,292,AD 41,2025-11-05_01:52:52.004017
ED   57,97.98%,YES,&nbsp,92,AD 41,2025-11-05_01:52:52.004017
ED   57,97.98%,NO,&nbsp,161,AD 41,2025-11-05_01:52:52.004017
ED   58,97.98%,YES,&nbsp,217,AD 41,2025-11-05_01:52:52.004017
ED   58,97.98%,NO,&nbsp,297,AD 41,2025-11-05_01:52:52.004017
ED   59,97.98%,YES,&nbsp,68,AD 41,2025-11-05_01:52:52.004017
ED   59,97.98%,NO,&nbsp,94,AD 41,2025-11-05_01:52:52.004017
ED   60,97.98%,YES,&nbsp,113,AD 41,2025-11-05_01:52:52.004017
ED   60,97.98%,NO,&nbsp,141,AD 41,2025-11-05_01:52:52.004017
ED   61,97.98%,YES,&nbsp,177,AD 41,2025-11-05_01:52:52.004017
ED   61,97.98%,NO,&nbsp,254,AD 41,2025-11-05_01:52:52.004017
ED   62,97.98%,YES,&nbsp,50,AD 41,2025-11-05_01:52:52.004017
ED   62,97.98%,NO,&nbsp,173,AD 41,2025-11-05_01:52:52.004017
ED   63,97.98%,YES,&nbsp,164,AD 41,2025-11-05_01:52:52.004017
ED   63,97.98%,NO,&nbsp,232,AD 41,2025-11-05_01:52:52.004017
ED   64,97.98%,YES,&nbsp,202,AD 41,2025-11-05_01:52:52.004017
ED   64,97.98%,NO,&nbsp,249,AD 41,2025-11-05_01:52:52.004017
ED   65,97.98%,YES,&nbsp,124,AD 41,2025-11-05_01:52:52.004017
ED   65,97.98%,NO,&nbsp,168,AD 41,2025-11-05_01:52:52.004017
ED   66,97.98%,YES,&nbsp,106,AD 41,2025-11-05_01:52:52.004017
ED   66,97.98%,NO,&nbsp,147,AD 41,2025-11-05_01:52:52.004017
ED   67,97.98%,YES,&nbsp,129,AD 41,2025-11-05_01:52:52.004017
ED   67,97.98%,NO,&nbsp,145,AD 41,2025-11-05_01:52:52.004017
ED   68,97.98%,YES,&nbsp,51,AD 41,2025-11-05_01:52:52.004017
ED   68,97.98%,NO,&nbsp,70,AD 41,2025-11-05_01:52:52.004017
ED   69,97.98%,YES,&nbsp,39,AD 41,2025-11-05_01:52:52.004017
ED   69,97.98%,NO,&nbsp,86,AD 41,2025-11-05_01:52:52.004017
ED   70,97.98%,YES,&nbsp,0,AD 41,2025-11-05_01:52:52.004017
ED   70,97.98%,NO,&nbsp,0,AD 41,2025-11-05_01:52:52.004017
ED   71,97.98%,YES,&nbsp,0,AD 41,2025-11-05_01:52:52.004017
ED   71,97.98%,NO,&nbsp,0,AD 41,2025-11-05_01:52:52.004017
Total,,YES,&nbsp,9437,AD 41,2025-11-05_01:52:52.004017
Total,,NO,&nbsp,16764,AD 41,2025-11-05_01:52:52.004017
ED    1,97.98%,YES,&nbsp,19,AD 42,2025-11-05_01:52:52.004017
ED    1,97.98%,NO,&nbsp,19,AD 42,2025-11-05_01:52:52.004017
ED    2,97.98%,YES,&nbsp,226,AD 42,2025-11-05_01:52:52.004017
ED    2,97.98%,NO,&nbsp,255,AD 42,2025-11-05_01:52:52.004017
ED    3,97.98%,YES,&nbsp,297,AD 42,2025-11-05_01:52:52.004017
ED    3,97.98%,NO,&nbsp,366,AD 42,2025-11-05_01:52:52.004017
ED    4,97.98%,YES,&nbsp,262,AD 42,2025-11-05_01:52:52.004017
ED    4,97.98%,NO,&nbsp,321,AD 42,2025-11-05_01:52:52.004017
ED    5,97.98%,YES,&nbsp,256,AD 42,2025-11-05_01:52:52.004017
ED    5,97.98%,NO,&nbsp,293,AD 42,2025-11-05_01:52:52.004017
ED    6,97.98%,YES,&nbsp,321,AD 42,2025-11-05_01:52:52.004017
ED    6,97.98%,NO,&nbsp,338,AD 42,2025-11-05_01:52:52.004017
ED    7,97.98%,YES,&nbsp,283,AD 42,2025-11-05_01:52:52.004017
ED    7,97.98%,NO,&nbsp,328,AD 42,2025-11-05_01:52:52.004017
ED    8,97.98%,YES,&nbsp,145,AD 42,2025-11-05_01:52:52.004017
ED    8,97.98%,NO,&nbsp,136,AD 42,2025-11-05_01:52:52.004017
ED    9,97.98%,YES,&nbsp,241,AD 42,2025-11-05_01:52:52.004017
ED    9,97.98%,NO,&nbsp,252,AD 42,2025-11-05_01:52:52.004017
ED   10,97.98%,YES,&nbsp,238,AD 42,2025-11-05_01:52:52.004017
ED   10,97.98%,NO,&nbsp,249,AD 42,2025-11-05_01:52:52.004017
ED   11,97.98%,YES,&nbsp,274,AD 42,2025-11-05_01:52:52.004017
ED   11,97.98%,NO,&nbsp,322,AD 42,2025-11-05_01:52:52.004017
ED   12,97.98%,YES,&nbsp,242,AD 42,2025-11-05_01:52:52.004017
ED   12,97.98%,NO,&nbsp,281,AD 42,2025-11-05_01:52:52.004017
ED   13,97.98%,YES,&nbsp,270,AD 42,2025-11-05_01:52:52.004017
ED   13,97.98%,NO,&nbsp,310,AD 42,2025-11-05_01:52:52.004017
ED   14,97.98%,YES,&nbsp,222,AD 42,2025-11-05_01:52:52.004017
ED   14,97.98%,NO,&nbsp,245,AD 42,2025-11-05_01:52:52.004017
ED   15,97.98%,YES,&nbsp,260,AD 42,2025-11-05_01:52:52.004017
ED   15,97.98%,NO,&nbsp,307,AD 42,2025-11-05_01:52:52.004017
ED   16,97.98%,YES,&nbsp,217,AD 42,2025-11-05_01:52:52.004017
ED   16,97.98%,NO,&nbsp,228,AD 42,2025-11-05_01:52:52.004017
ED   17,97.98%,YES,&nbsp,201,AD 42,2025-11-05_01:52:52.004017
ED   17,97.98%,NO,&nbsp,235,AD 42,2025-11-05_01:52:52.004017
ED   18,97.98%,YES,&nbsp,193,AD 42,2025-11-05_01:52:52.004017
ED   18,97.98%,NO,&nbsp,172,AD 42,2025-11-05_01:52:52.004017
ED   19,97.98%,YES,&nbsp,259,AD 42,2025-11-05_01:52:52.004017
ED   19,97.98%,NO,&nbsp,322,AD 42,2025-11-05_01:52:52.004017
ED   20,97.98%,YES,&nbsp,233,AD 42,2025-11-05_01:52:52.004017
ED   20,97.98%,NO,&nbsp,221,AD 42,2025-11-05_01:52:52.004017
ED   21,97.98%,YES,&nbsp,218,AD 42,2025-11-05_01:52:52.004017
ED   21,97.98%,NO,&nbsp,243,AD 42,2025-11-05_01:52:52.004017
ED   22,97.98%,YES,&nbsp,283,AD 42,2025-11-05_01:52:52.004017
ED   22,97.98%,NO,&nbsp,288,AD 42,2025-11-05_01:52:52.004017
ED   23,97.98%,YES,&nbsp,253,AD 42,2025-11-05_01:52:52.004017
ED   23,97.98%,NO,&nbsp,306,AD 42,2025-11-05_01:52:52.004017
ED   24,97.98%,YES,&nbsp,219,AD 42,2025-11-05_01:52:52.004017
ED   24,97.98%,NO,&nbsp,241,AD 42,2025-11-05_01:52:52.004017
ED   25,97.98%,YES,&nbsp,178,AD 42,2025-11-05_01:52:52.004017
ED   25,97.98%,NO,&nbsp,241,AD 42,2025-11-05_01:52:52.004017
ED   26,97.98%,YES,&nbsp,266,AD 42,2025-11-05_01:52:52.004017
ED   26,97.98%,NO,&nbsp,289,AD 42,2025-11-05_01:52:52.004017
ED   27,97.98%,YES,&nbsp,88,AD 42,2025-11-05_01:52:52.004017
ED   27,97.98%,NO,&nbsp,83,AD 42,2025-11-05_01:52:52.004017
ED   28,97.98%,YES,&nbsp,299,AD 42,2025-11-05_01:52:52.004017
ED   28,97.98%,NO,&nbsp,302,AD 42,2025-11-05_01:52:52.004017
ED   29,97.98%,YES,&nbsp,185,AD 42,2025-11-05_01:52:52.004017
ED   29,97.98%,NO,&nbsp,248,AD 42,2025-11-05_01:52:52.004017
ED   30,97.98%,YES,&nbsp,128,AD 42,2025-11-05_01:52:52.004017
ED   30,97.98%,NO,&nbsp,134,AD 42,2025-11-05_01:52:52.004017
ED   31,97.98%,YES,&nbsp,180,AD 42,2025-11-05_01:52:52.004017
ED   31,97.98%,NO,&nbsp,149,AD 42,2025-11-05_01:52:52.004017
ED   32,97.98%,YES,&nbsp,174,AD 42,2025-11-05_01:52:52.004017
ED   32,97.98%,NO,&nbsp,191,AD 42,2025-11-05_01:52:52.004017
ED   33,97.98%,YES,&nbsp,178,AD 42,2025-11-05_01:52:52.004017
ED   33,97.98%,NO,&nbsp,180,AD 42,2025-11-05_01:52:52.004017
ED   34,97.98%,YES,&nbsp,131,AD 42,2025-11-05_01:52:52.004017
ED   34,97.98%,NO,&nbsp,116,AD 42,2025-11-05_01:52:52.004017
ED   35,97.98%,YES,&nbsp,184,AD 42,2025-11-05_01:52:52.004017
ED   35,97.98%,NO,&nbsp,165,AD 42,2025-11-05_01:52:52.004017
ED   36,97.98%,YES,&nbsp,174,AD 42,2025-11-05_01:52:52.004017
ED   36,97.98%,NO,&nbsp,202,AD 42,2025-11-05_01:52:52.004017
ED   37,97.98%,YES,&nbsp,169,AD 42,2025-11-05_01:52:52.004017
ED   37,97.98%,NO,&nbsp,187,AD 42,2025-11-05_01:52:52.004017
ED   38,97.98%,YES,&nbsp,230,AD 42,2025-11-05_01:52:52.004017
ED   38,97.98%,NO,&nbsp,248,AD 42,2025-11-05_01:52:52.004017
ED   39,97.98%,YES,&nbsp,210,AD 42,2025-11-05_01:52:52.004017
ED   39,97.98%,NO,&nbsp,168,AD 42,2025-11-05_01:52:52.004017
ED   40,97.98%,YES,&nbsp,206,AD 42,2025-11-05_01:52:52.004017
ED   40,97.98%,NO,&nbsp,135,AD 42,2025-11-05_01:52:52.004017
ED   41,97.98%,YES,&nbsp,332,AD 42,2025-11-05_01:52:52.004017
ED   41,97.98%,NO,&nbsp,326,AD 42,2025-11-05_01:52:52.004017
ED   42,97.98%,YES,&nbsp,203,AD 42,2025-11-05_01:52:52.004017
ED   42,97.98%,NO,&nbsp,243,AD 42,2025-11-05_01:52:52.004017
ED   43,97.98%,YES,&nbsp,184,AD 42,2025-11-05_01:52:52.004017
ED   43,97.98%,NO,&nbsp,196,AD 42,2025-11-05_01:52:52.004017
ED   44,97.98%,YES,&nbsp,170,AD 42,2025-11-05_01:52:52.004017
ED   44,97.98%,NO,&nbsp,111,AD 42,2025-11-05_01:52:52.004017
ED   45,97.98%,YES,&nbsp,151,AD 42,2025-11-05_01:52:52.004017
ED   45,97.98%,NO,&nbsp,178,AD 42,2025-11-05_01:52:52.004017
ED   46,97.98%,YES,&nbsp,138,AD 42,2025-11-05_01:52:52.004017
ED   46,97.98%,NO,&nbsp,162,AD 42,2025-11-05_01:52:52.004017
ED   47,97.98%,YES,&nbsp,232,AD 42,2025-11-05_01:52:52.004017
ED   47,97.98%,NO,&nbsp,235,AD 42,2025-11-05_01:52:52.004017
ED   48,97.98%,YES,&nbsp,159,AD 42,2025-11-05_01:52:52.004017
ED   48,97.98%,NO,&nbsp,191,AD 42,2025-11-05_01:52:52.004017
ED   49,97.98%,YES,&nbsp,239,AD 42,2025-11-05_01:52:52.004017
ED   49,97.98%,NO,&nbsp,376,AD 42,2025-11-05_01:52:52.004017
ED   50,97.98%,YES,&nbsp,221,AD 42,2025-11-05_01:52:52.004017
ED   50,97.98%,NO,&nbsp,213,AD 42,2025-11-05_01:52:52.004017
ED   51,97.98%,YES,&nbsp,138,AD 42,2025-11-05_01:52:52.004017
ED   51,97.98%,NO,&nbsp,154,AD 42,2025-11-05_01:52:52.004017
ED   52,97.98%,YES,&nbsp,87,AD 42,2025-11-05_01:52:52.004017
ED   52,97.98%,NO,&nbsp,404,AD 42,2025-11-05_01:52:52.004017
ED   53,97.98%,YES,&nbsp,174,AD 42,2025-11-05_01:52:52.004017
ED   53,97.98%,NO,&nbsp,399,AD 42,2025-11-05_01:52:52.004017
ED   54,97.98%,YES,&nbsp,94,AD 42,2025-11-05_01:52:52.004017
ED   54,97.98%,NO,&nbsp,659,AD 42,2025-11-05_01:52:52.004017
ED   55,97.98%,YES,&nbsp,151,AD 42,2025-11-05_01:52:52.004017
ED   55,97.98%,NO,&nbsp,312,AD 42,2025-11-05_01:52:52.004017
ED   56,97.98%,YES,&nbsp,104,AD 42,2025-11-05_01:52:52.004017
ED   56,97.98%,NO,&nbsp,317,AD 42,2025-11-05_01:52:52.004017
ED   57,97.98%,YES,&nbsp,122,AD 42,2025-11-05_01:52:52.004017
ED   57,97.98%,NO,&nbsp,640,AD 42,2025-11-05_01:52:52.004017
ED   58,97.98%,YES,&nbsp,112,AD 42,2025-11-05_01:52:52.004017
ED   58,97.98%,NO,&nbsp,616,AD 42,2025-11-05_01:52:52.004017
ED   59,97.98%,YES,&nbsp,0,AD 42,2025-11-05_01:52:52.004017
ED   59,97.98%,NO,&nbsp,0,AD 42,2025-11-05_01:52:52.004017
Total,,YES,&nbsp,11623,AD 42,2025-11-05_01:52:52.004017
Total,,NO,&nbsp,15048,AD 42,2025-11-05_01:52:52.004017
ED    1,97.98%,YES,&nbsp,299,AD 43,2025-11-05_01:52:52.004017
ED    1,97.98%,NO,&nbsp,349,AD 43,2025-11-05_01:52:52.004017
ED    2,97.98%,YES,&nbsp,317,AD 43,2025-11-05_01:52:52.004017
ED    2,97.98%,NO,&nbsp,333,AD 43,2025-11-05_01:52:52.004017
ED    3,97.98%,YES,&nbsp,308,AD 43,2025-11-05_01:52:52.004017
ED    3,97.98%,NO,&nbsp,293,AD 43,2025-11-05_01:52:52.004017
ED    4,97.98%,YES,&nbsp,235,AD 43,2025-11-05_01:52:52.004017
ED    4,97.98%,NO,&nbsp,297,AD 43,2025-11-05_01:52:52.004017
ED    5,97.98%,YES,&nbsp,210,AD 43,2025-11-05_01:52:52.004017
ED    5,97.98%,NO,&nbsp,252,AD 43,2025-11-05_01:52:52.004017
ED    6,97.98%,YES,&nbsp,223,AD 43,2025-11-05_01:52:52.004017
ED    6,97.98%,NO,&nbsp,247,AD 43,2025-11-05_01:52:52.004017
ED    7,97.98%,YES,&nbsp,180,AD 43,2025-11-05_01:52:52.004017
ED    7,97.98%,NO,&nbsp,237,AD 43,2025-11-05_01:52:52.004017
ED    8,97.98%,YES,&nbsp,204,AD 43,2025-11-05_01:52:52.004017
ED    8,97.98%,NO,&nbsp,249,AD 43,2025-11-05_01:52:52.004017
ED    9,97.98%,YES,&nbsp,123,AD 43,2025-11-05_01:52:52.004017
ED    9,97.98%,NO,&nbsp,135,AD 43,2025-11-05_01:52:52.004017
ED   10,97.98%,YES,&nbsp,340,AD 43,2025-11-05_01:52:52.004017
ED   10,97.98%,NO,&nbsp,416,AD 43,2025-11-05_01:52:52.004017
ED   11,97.98%,YES,&nbsp,231,AD 43,2025-11-05_01:52:52.004017
ED   11,97.98%,NO,&nbsp,317,AD 43,2025-11-05_01:52:52.004017
ED   12,97.98%,YES,&nbsp,181,AD 43,2025-11-05_01:52:52.004017
ED   12,97.98%,NO,&nbsp,290,AD 43,2025-11-05_01:52:52.004017
ED   13,97.98%,YES,&nbsp,235,AD 43,2025-11-05_01:52:52.004017
ED   13,97.98%,NO,&nbsp,350,AD 43,2025-11-05_01:52:52.004017
ED   14,97.98%,YES,&nbsp,166,AD 43,2025-11-05_01:52:52.004017
ED   14,97.98%,NO,&nbsp,256,AD 43,2025-11-05_01:52:52.004017
ED   15,97.98%,YES,&nbsp,172,AD 43,2025-11-05_01:52:52.004017
ED   15,97.98%,NO,&nbsp,279,AD 43,2025-11-05_01:52:52.004017
ED   16,97.98%,YES,&nbsp,189,AD 43,2025-11-05_01:52:52.004017
ED   16,97.98%,NO,&nbsp,289,AD 43,2025-11-05_01:52:52.004017
ED   17,97.98%,YES,&nbsp,173,AD 43,2025-11-05_01:52:52.004017
ED   17,97.98%,NO,&nbsp,200,AD 43,2025-11-05_01:52:52.004017
ED   18,97.98%,YES,&nbsp,253,AD 43,2025-11-05_01:52:52.004017
ED   18,97.98%,NO,&nbsp,296,AD 43,2025-11-05_01:52:52.004017
ED   19,97.98%,YES,&nbsp,263,AD 43,2025-11-05_01:52:52.004017
ED   19,97.98%,NO,&nbsp,341,AD 43,2025-11-05_01:52:52.004017
ED   20,97.98%,YES,&nbsp,177,AD 43,2025-11-05_01:52:52.004017
ED   20,97.98%,NO,&nbsp,525,AD 43,2025-11-05_01:52:52.004017
ED   21,97.98%,YES,&nbsp,106,AD 43,2025-11-05_01:52:52.004017
ED   21,97.98%,NO,&nbsp,421,AD 43,2025-11-05_01:52:52.004017
ED   22,97.98%,YES,&nbsp,190,AD 43,2025-11-05_01:52:52.004017
ED   22,97.98%,NO,&nbsp,492,AD 43,2025-11-05_01:52:52.004017
ED   23,97.98%,YES,&nbsp,188,AD 43,2025-11-05_01:52:52.004017
ED   23,97.98%,NO,&nbsp,264,AD 43,2025-11-05_01:52:52.004017
ED   24,97.98%,YES,&nbsp,112,AD 43,2025-11-05_01:52:52.004017
ED   24,97.98%,NO,&nbsp,276,AD 43,2025-11-05_01:52:52.004017
ED   25,97.98%,YES,&nbsp,126,AD 43,2025-11-05_01:52:52.004017
ED   25,97.98%,NO,&nbsp,252,AD 43,2025-11-05_01:52:52.004017
ED   26,97.98%,YES,&nbsp,75,AD 43,2025-11-05_01:52:52.004017
ED   26,97.98%,NO,&nbsp,349,AD 43,2025-11-05_01:52:52.004017
ED   27,97.98%,YES,&nbsp,153,AD 43,2025-11-05_01:52:52.004017
ED   27,97.98%,NO,&nbsp,462,AD 43,2025-11-05_01:52:52.004017
ED   28,97.98%,YES,&nbsp,84,AD 43,2025-11-05_01:52:52.004017
ED   28,97.98%,NO,&nbsp,329,AD 43,2025-11-05_01:52:52.004017
ED   29,97.98%,YES,&nbsp,198,AD 43,2025-11-05_01:52:52.004017
ED   29,97.98%,NO,&nbsp,335,AD 43,2025-11-05_01:52:52.004017
ED   30,97.98%,YES,&nbsp,257,AD 43,2025-11-05_01:52:52.004017
ED   30,97.98%,NO,&nbsp,439,AD 43,2025-11-05_01:52:52.004017
ED   31,97.98%,YES,&nbsp,162,AD 43,2025-11-05_01:52:52.004017
ED   31,97.98%,NO,&nbsp,170,AD 43,2025-11-05_01:52:52.004017
ED   32,97.98%,YES,&nbsp,142,AD 43,2025-11-05_01:52:52.004017
ED   32,97.98%,NO,&nbsp,138,AD 43,2025-11-05_01:52:52.004017
ED   33,97.98%,YES,&nbsp,317,AD 43,2025-11-05_01:52:52.004017
ED   33,97.98%,NO,&nbsp,366,AD 43,2025-11-05_01:52:52.004017
ED   34,97.98%,YES,&nbsp,228,AD 43,2025-11-05_01:52:52.004017
ED   34,97.98%,NO,&nbsp,351,AD 43,2025-11-05_01:52:52.004017
ED   35,97.98%,YES,&nbsp,261,AD 43,2025-11-05_01:52:52.004017
ED   35,97.98%,NO,&nbsp,350,AD 43,2025-11-05_01:52:52.004017
ED   36,97.98%,YES,&nbsp,131,AD 43,2025-11-05_01:52:52.004017
ED   36,97.98%,NO,&nbsp,181,AD 43,2025-11-05_01:52:52.004017
ED   37,97.98%,YES,&nbsp,174,AD 43,2025-11-05_01:52:52.004017
ED   37,97.98%,NO,&nbsp,252,AD 43,2025-11-05_01:52:52.004017
ED   38,97.98%,YES,&nbsp,300,AD 43,2025-11-05_01:52:52.004017
ED   38,97.98%,NO,&nbsp,363,AD 43,2025-11-05_01:52:52.004017
ED   39,97.98%,YES,&nbsp,279,AD 43,2025-11-05_01:52:52.004017
ED   39,97.98%,NO,&nbsp,270,AD 43,2025-11-05_01:52:52.004017
ED   40,97.98%,YES,&nbsp,220,AD 43,2025-11-05_01:52:52.004017
ED   40,97.98%,NO,&nbsp,324,AD 43,2025-11-05_01:52:52.004017
ED   41,97.98%,YES,&nbsp,227,AD 43,2025-11-05_01:52:52.004017
ED   41,97.98%,NO,&nbsp,350,AD 43,2025-11-05_01:52:52.004017
ED   42,97.98%,YES,&nbsp,261,AD 43,2025-11-05_01:52:52.004017
ED   42,97.98%,NO,&nbsp,313,AD 43,2025-11-05_01:52:52.004017
ED   43,97.98%,YES,&nbsp,192,AD 43,2025-11-05_01:52:52.004017
ED   43,97.98%,NO,&nbsp,439,AD 43,2025-11-05_01:52:52.004017
ED   44,97.98%,YES,&nbsp,157,AD 43,2025-11-05_01:52:52.004017
ED   44,97.98%,NO,&nbsp,329,AD 43,2025-11-05_01:52:52.004017
ED   45,97.98%,YES,&nbsp,172,AD 43,2025-11-05_01:52:52.004017
ED   45,97.98%,NO,&nbsp,340,AD 43,2025-11-05_01:52:52.004017
ED   46,97.98%,YES,&nbsp,149,AD 43,2025-11-05_01:52:52.004017
ED   46,97.98%,NO,&nbsp,293,AD 43,2025-11-05_01:52:52.004017
ED   47,97.98%,YES,&nbsp,162,AD 43,2025-11-05_01:52:52.004017
ED   47,97.98%,NO,&nbsp,215,AD 43,2025-11-05_01:52:52.004017
ED   48,97.98%,YES,&nbsp,29,AD 43,2025-11-05_01:52:52.004017
ED   48,97.98%,NO,&nbsp,34,AD 43,2025-11-05_01:52:52.004017
ED   49,97.98%,YES,&nbsp,119,AD 43,2025-11-05_01:52:52.004017
ED   49,97.98%,NO,&nbsp,165,AD 43,2025-11-05_01:52:52.004017
ED   50,97.98%,YES,&nbsp,81,AD 43,2025-11-05_01:52:52.004017
ED   50,97.98%,NO,&nbsp,126,AD 43,2025-11-05_01:52:52.004017
ED   51,97.98%,YES,&nbsp,121,AD 43,2025-11-05_01:52:52.004017
ED   51,97.98%,NO,&nbsp,179,AD 43,2025-11-05_01:52:52.004017
ED   52,97.98%,YES,&nbsp,187,AD 43,2025-11-05_01:52:52.004017
ED   52,97.98%,NO,&nbsp,229,AD 43,2025-11-05_01:52:52.004017
ED   53,97.98%,YES,&nbsp,305,AD 43,2025-11-05_01:52:52.004017
ED   53,97.98%,NO,&nbsp,320,AD 43,2025-11-05_01:52:52.004017
ED   54,97.98%,YES,&nbsp,306,AD 43,2025-11-05_01:52:52.004017
ED   54,97.98%,NO,&nbsp,355,AD 43,2025-11-05_01:52:52.004017
ED   55,97.98%,YES,&nbsp,224,AD 43,2025-11-05_01:52:52.004017
ED   55,97.98%,NO,&nbsp,273,AD 43,2025-11-05_01:52:52.004017
ED   56,97.98%,YES,&nbsp,294,AD 43,2025-11-05_01:52:52.004017
ED   56,97.98%,NO,&nbsp,364,AD 43,2025-11-05_01:52:52.004017
ED   57,97.98%,YES,&nbsp,351,AD 43,2025-11-05_01:52:52.004017
ED   57,97.98%,NO,&nbsp,370,AD 43,2025-11-05_01:52:52.004017
ED   58,97.98%,YES,&nbsp,267,AD 43,2025-11-05_01:52:52.004017
ED   58,97.98%,NO,&nbsp,363,AD 43,2025-11-05_01:52:52.004017
ED   59,97.98%,YES,&nbsp,288,AD 43,2025-11-05_01:52:52.004017
ED   59,97.98%,NO,&nbsp,370,AD 43,2025-11-05_01:52:52.004017
ED   60,97.98%,YES,&nbsp,258,AD 43,2025-11-05_01:52:52.004017
ED   60,97.98%,NO,&nbsp,317,AD 43,2025-11-05_01:52:52.004017
ED   61,97.98%,YES,&nbsp,249,AD 43,2025-11-05_01:52:52.004017
ED   61,97.98%,NO,&nbsp,288,AD 43,2025-11-05_01:52:52.004017
ED   62,97.98%,YES,&nbsp,171,AD 43,2025-11-05_01:52:52.004017
ED   62,97.98%,NO,&nbsp,153,AD 43,2025-11-05_01:52:52.004017
ED   63,97.98%,YES,&nbsp,191,AD 43,2025-11-05_01:52:52.004017
ED   63,97.98%,NO,&nbsp,249,AD 43,2025-11-05_01:52:52.004017
ED   64,97.98%,YES,&nbsp,288,AD 43,2025-11-05_01:52:52.004017
ED   64,97.98%,NO,&nbsp,331,AD 43,2025-11-05_01:52:52.004017
ED   65,97.98%,YES,&nbsp,198,AD 43,2025-11-05_01:52:52.004017
ED   65,97.98%,NO,&nbsp,249,AD 43,2025-11-05_01:52:52.004017
ED   66,97.98%,YES,&nbsp,240,AD 43,2025-11-05_01:52:52.004017
ED   66,97.98%,NO,&nbsp,300,AD 43,2025-11-05_01:52:52.004017
ED   67,97.98%,YES,&nbsp,238,AD 43,2025-11-05_01:52:52.004017
ED   67,97.98%,NO,&nbsp,316,AD 43,2025-11-05_01:52:52.004017
ED   68,97.98%,YES,&nbsp,74,AD 43,2025-11-05_01:52:52.004017
ED   68,97.98%,NO,&nbsp,98,AD 43,2025-11-05_01:52:52.004017
Total,,YES,&nbsp,13981,AD 43,2025-11-05_01:52:52.004017
Total,,NO,&nbsp,20063,AD 43,2025-11-05_01:52:52.004017
ED    1,97.98%,YES,&nbsp,350,AD 44,2025-11-05_01:52:52.004017
ED    1,97.98%,NO,&nbsp,353,AD 44,2025-11-05_01:52:52.004017
ED    2,97.98%,YES,&nbsp,325,AD 44,2025-11-05_01:52:52.004017
ED    2,97.98%,NO,&nbsp,358,AD 44,2025-11-05_01:52:52.004017
ED    3,97.98%,YES,&nbsp,97,AD 44,2025-11-05_01:52:52.004017
ED    3,97.98%,NO,&nbsp,88,AD 44,2025-11-05_01:52:52.004017
ED    4,97.98%,YES,&nbsp,296,AD 44,2025-11-05_01:52:52.004017
ED    4,97.98%,NO,&nbsp,261,AD 44,2025-11-05_01:52:52.004017
ED    5,97.98%,YES,&nbsp,151,AD 44,2025-11-05_01:52:52.004017
ED    5,97.98%,NO,&nbsp,91,AD 44,2025-11-05_01:52:52.004017
ED    6,97.98%,YES,&nbsp,305,AD 44,2025-11-05_01:52:52.004017
ED    6,97.98%,NO,&nbsp,299,AD 44,2025-11-05_01:52:52.004017
ED    7,97.98%,YES,&nbsp,465,AD 44,2025-11-05_01:52:52.004017
ED    7,97.98%,NO,&nbsp,346,AD 44,2025-11-05_01:52:52.004017
ED    8,97.98%,YES,&nbsp,369,AD 44,2025-11-05_01:52:52.004017
ED    8,97.98%,NO,&nbsp,315,AD 44,2025-11-05_01:52:52.004017
ED    9,97.98%,YES,&nbsp,334,AD 44,2025-11-05_01:52:52.004017
ED    9,97.98%,NO,&nbsp,308,AD 44,2025-11-05_01:52:52.004017
ED   10,97.98%,YES,&nbsp,225,AD 44,2025-11-05_01:52:52.004017
ED   10,97.98%,NO,&nbsp,231,AD 44,2025-11-05_01:52:52.004017
ED   11,97.98%,YES,&nbsp,565,AD 44,2025-11-05_01:52:52.004017
ED   11,97.98%,NO,&nbsp,577,AD 44,2025-11-05_01:52:52.004017
ED   12,97.98%,YES,&nbsp,287,AD 44,2025-11-05_01:52:52.004017
ED   12,97.98%,NO,&nbsp,276,AD 44,2025-11-05_01:52:52.004017
ED   13,97.98%,YES,&nbsp,166,AD 44,2025-11-05_01:52:52.004017
ED   13,97.98%,NO,&nbsp,101,AD 44,2025-11-05_01:52:52.004017
ED   14,97.98%,YES,&nbsp,268,AD 44,2025-11-05_01:52:52.004017
ED   14,97.98%,NO,&nbsp,275,AD 44,2025-11-05_01:52:52.004017
ED   15,97.98%,YES,&nbsp,206,AD 44,2025-11-05_01:52:52.004017
ED   15,97.98%,NO,&nbsp,211,AD 44,2025-11-05_01:52:52.004017
ED   16,97.98%,YES,&nbsp,284,AD 44,2025-11-05_01:52:52.004017
ED   16,97.98%,NO,&nbsp,278,AD 44,2025-11-05_01:52:52.004017
ED   17,97.98%,YES,&nbsp,551,AD 44,2025-11-05_01:52:52.004017
ED   17,97.98%,NO,&nbsp,424,AD 44,2025-11-05_01:52:52.004017
ED   18,97.98%,YES,&nbsp,356,AD 44,2025-11-05_01:52:52.004017
ED   18,97.98%,NO,&nbsp,369,AD 44,2025-11-05_01:52:52.004017
ED   19,97.98%,YES,&nbsp,238,AD 44,2025-11-05_01:52:52.004017
ED   19,97.98%,NO,&nbsp,235,AD 44,2025-11-05_01:52:52.004017
ED   20,97.98%,YES,&nbsp,172,AD 44,2025-11-05_01:52:52.004017
ED   20,97.98%,NO,&nbsp,185,AD 44,2025-11-05_01:52:52.004017
ED   21,97.98%,YES,&nbsp,320,AD 44,2025-11-05_01:52:52.004017
ED   21,97.98%,NO,&nbsp,316,AD 44,2025-11-05_01:52:52.004017
ED   22,97.98%,YES,&nbsp,309,AD 44,2025-11-05_01:52:52.004017
ED   22,97.98%,NO,&nbsp,296,AD 44,2025-11-05_01:52:52.004017
ED   23,97.98%,YES,&nbsp,486,AD 44,2025-11-05_01:52:52.004017
ED   23,97.98%,NO,&nbsp,365,AD 44,2025-11-05_01:52:52.004017
ED   24,97.98%,YES,&nbsp,390,AD 44,2025-11-05_01:52:52.004017
ED   24,97.98%,NO,&nbsp,331,AD 44,2025-11-05_01:52:52.004017
ED   25,97.98%,YES,&nbsp,496,AD 44,2025-11-05_01:52:52.004017
ED   25,97.98%,NO,&nbsp,371,AD 44,2025-11-05_01:52:52.004017
ED   26,97.98%,YES,&nbsp,390,AD 44,2025-11-05_01:52:52.004017
ED   26,97.98%,NO,&nbsp,304,AD 44,2025-11-05_01:52:52.004017
ED   27,97.98%,YES,&nbsp,434,AD 44,2025-11-05_01:52:52.004017
ED   27,97.98%,NO,&nbsp,374,AD 44,2025-11-05_01:52:52.004017
ED   28,97.98%,YES,&nbsp,406,AD 44,2025-11-05_01:52:52.004017
ED   28,97.98%,NO,&nbsp,396,AD 44,2025-11-05_01:52:52.004017
ED   29,97.98%,YES,&nbsp,443,AD 44,2025-11-05_01:52:52.004017
ED   29,97.98%,NO,&nbsp,437,AD 44,2025-11-05_01:52:52.004017
ED   30,97.98%,YES,&nbsp,390,AD 44,2025-11-05_01:52:52.004017
ED   30,97.98%,NO,&nbsp,401,AD 44,2025-11-05_01:52:52.004017
ED   31,97.98%,YES,&nbsp,484,AD 44,2025-11-05_01:52:52.004017
ED   31,97.98%,NO,&nbsp,429,AD 44,2025-11-05_01:52:52.004017
ED   32,97.98%,YES,&nbsp,483,AD 44,2025-11-05_01:52:52.004017
ED   32,97.98%,NO,&nbsp,401,AD 44,2025-11-05_01:52:52.004017
ED   33,97.98%,YES,&nbsp,471,AD 44,2025-11-05_01:52:52.004017
ED   33,97.98%,NO,&nbsp,417,AD 44,2025-11-05_01:52:52.004017
ED   34,97.98%,YES,&nbsp,259,AD 44,2025-11-05_01:52:52.004017
ED   34,97.98%,NO,&nbsp,236,AD 44,2025-11-05_01:52:52.004017
ED   35,97.98%,YES,&nbsp,263,AD 44,2025-11-05_01:52:52.004017
ED   35,97.98%,NO,&nbsp,327,AD 44,2025-11-05_01:52:52.004017
ED   36,97.98%,YES,&nbsp,474,AD 44,2025-11-05_01:52:52.004017
ED   36,97.98%,NO,&nbsp,497,AD 44,2025-11-05_01:52:52.004017
ED   37,97.98%,YES,&nbsp,484,AD 44,2025-11-05_01:52:52.004017
ED   37,97.98%,NO,&nbsp,455,AD 44,2025-11-05_01:52:52.004017
ED   38,97.98%,YES,&nbsp,488,AD 44,2025-11-05_01:52:52.004017
ED   38,97.98%,NO,&nbsp,440,AD 44,2025-11-05_01:52:52.004017
ED   39,97.98%,YES,&nbsp,375,AD 44,2025-11-05_01:52:52.004017
ED   39,97.98%,NO,&nbsp,405,AD 44,2025-11-05_01:52:52.004017
ED   40,97.98%,YES,&nbsp,298,AD 44,2025-11-05_01:52:52.004017
ED   40,97.98%,NO,&nbsp,297,AD 44,2025-11-05_01:52:52.004017
ED   41,97.98%,YES,&nbsp,336,AD 44,2025-11-05_01:52:52.004017
ED   41,97.98%,NO,&nbsp,341,AD 44,2025-11-05_01:52:52.004017
ED   42,97.98%,YES,&nbsp,82,AD 44,2025-11-05_01:52:52.004017
ED   42,97.98%,NO,&nbsp,177,AD 44,2025-11-05_01:52:52.004017
ED   43,97.98%,YES,&nbsp,250,AD 44,2025-11-05_01:52:52.004017
ED   43,97.98%,NO,&nbsp,310,AD 44,2025-11-05_01:52:52.004017
ED   44,97.98%,YES,&nbsp,170,AD 44,2025-11-05_01:52:52.004017
ED   44,97.98%,NO,&nbsp,171,AD 44,2025-11-05_01:52:52.004017
ED   45,97.98%,YES,&nbsp,348,AD 44,2025-11-05_01:52:52.004017
ED   45,97.98%,NO,&nbsp,361,AD 44,2025-11-05_01:52:52.004017
ED   46,97.98%,YES,&nbsp,370,AD 44,2025-11-05_01:52:52.004017
ED   46,97.98%,NO,&nbsp,387,AD 44,2025-11-05_01:52:52.004017
ED   47,97.98%,YES,&nbsp,175,AD 44,2025-11-05_01:52:52.004017
ED   47,97.98%,NO,&nbsp,164,AD 44,2025-11-05_01:52:52.004017
ED   48,97.98%,YES,&nbsp,212,AD 44,2025-11-05_01:52:52.004017
ED   48,97.98%,NO,&nbsp,307,AD 44,2025-11-05_01:52:52.004017
ED   49,97.98%,YES,&nbsp,73,AD 44,2025-11-05_01:52:52.004017
ED   49,97.98%,NO,&nbsp,196,AD 44,2025-11-05_01:52:52.004017
ED   50,97.98%,YES,&nbsp,38,AD 44,2025-11-05_01:52:52.004017
ED   50,97.98%,NO,&nbsp,159,AD 44,2025-11-05_01:52:52.004017
ED   51,97.98%,YES,&nbsp,53,AD 44,2025-11-05_01:52:52.004017
ED   51,97.98%,NO,&nbsp,227,AD 44,2025-11-05_01:52:52.004017
ED   52,97.98%,YES,&nbsp,17,AD 44,2025-11-05_01:52:52.004017
ED   52,97.98%,NO,&nbsp,63,AD 44,2025-11-05_01:52:52.004017
ED   53,97.98%,YES,&nbsp,177,AD 44,2025-11-05_01:52:52.004017
ED   53,97.98%,NO,&nbsp,345,AD 44,2025-11-05_01:52:52.004017
ED   54,97.98%,YES,&nbsp,354,AD 44,2025-11-05_01:52:52.004017
ED   54,97.98%,NO,&nbsp,345,AD 44,2025-11-05_01:52:52.004017
ED   55,97.98%,YES,&nbsp,95,AD 44,2025-11-05_01:52:52.004017
ED   55,97.98%,NO,&nbsp,117,AD 44,2025-11-05_01:52:52.004017
ED   56,97.98%,YES,&nbsp,313,AD 44,2025-11-05_01:52:52.004017
ED   56,97.98%,NO,&nbsp,348,AD 44,2025-11-05_01:52:52.004017
ED   57,97.98%,YES,&nbsp,204,AD 44,2025-11-05_01:52:52.004017
ED   57,97.98%,NO,&nbsp,306,AD 44,2025-11-05_01:52:52.004017
ED   58,97.98%,YES,&nbsp,229,AD 44,2025-11-05_01:52:52.004017
ED   58,97.98%,NO,&nbsp,275,AD 44,2025-11-05_01:52:52.004017
ED   59,97.98%,YES,&nbsp,291,AD 44,2025-11-05_01:52:52.004017
ED   59,97.98%,NO,&nbsp,343,AD 44,2025-11-05_01:52:52.004017
ED   60,97.98%,YES,&nbsp,131,AD 44,2025-11-05_01:52:52.004017
ED   60,97.98%,NO,&nbsp,96,AD 44,2025-11-05_01:52:52.004017
ED   61,97.98%,YES,&nbsp,238,AD 44,2025-11-05_01:52:52.004017
ED   61,97.98%,NO,&nbsp,282,AD 44,2025-11-05_01:52:52.004017
ED   62,97.98%,YES,&nbsp,345,AD 44,2025-11-05_01:52:52.004017
ED   62,97.98%,NO,&nbsp,322,AD 44,2025-11-05_01:52:52.004017
ED   63,97.98%,YES,&nbsp,319,AD 44,2025-11-05_01:52:52.004017
ED   63,97.98%,NO,&nbsp,287,AD 44,2025-11-05_01:52:52.004017
ED   64,97.98%,YES,&nbsp,316,AD 44,2025-11-05_01:52:52.004017
ED   64,97.98%,NO,&nbsp,369,AD 44,2025-11-05_01:52:52.004017
ED   65,97.98%,YES,&nbsp,265,AD 44,2025-11-05_01:52:52.004017
ED   65,97.98%,NO,&nbsp,270,AD 44,2025-11-05_01:52:52.004017
ED   66,97.98%,YES,&nbsp,318,AD 44,2025-11-05_01:52:52.004017
ED   66,97.98%,NO,&nbsp,476,AD 44,2025-11-05_01:52:52.004017
ED   67,97.98%,YES,&nbsp,228,AD 44,2025-11-05_01:52:52.004017
ED   67,97.98%,NO,&nbsp,163,AD 44,2025-11-05_01:52:52.004017
ED   68,97.98%,YES,&nbsp,186,AD 44,2025-11-05_01:52:52.004017
ED   68,97.98%,NO,&nbsp,168,AD 44,2025-11-05_01:52:52.004017
ED   69,97.98%,YES,&nbsp,247,AD 44,2025-11-05_01:52:52.004017
ED   69,97.98%,NO,&nbsp,275,AD 44,2025-11-05_01:52:52.004017
ED   70,97.98%,YES,&nbsp,147,AD 44,2025-11-05_01:52:52.004017
ED   70,97.98%,NO,&nbsp,181,AD 44,2025-11-05_01:52:52.004017
ED   71,97.98%,YES,&nbsp,176,AD 44,2025-11-05_01:52:52.004017
ED   71,97.98%,NO,&nbsp,231,AD 44,2025-11-05_01:52:52.004017
ED   72,97.98%,YES,&nbsp,235,AD 44,2025-11-05_01:52:52.004017
ED   72,97.98%,NO,&nbsp,266,AD 44,2025-11-05_01:52:52.004017
ED   73,97.98%,YES,&nbsp,106,AD 44,2025-11-05_01:52:52.004017
ED   73,97.98%,NO,&nbsp,109,AD 44,2025-11-05_01:52:52.004017
ED   74,97.98%,YES,&nbsp,323,AD 44,2025-11-05_01:52:52.004017
ED   74,97.98%,NO,&nbsp,302,AD 44,2025-11-05_01:52:52.004017
ED   75,97.98%,YES,&nbsp,176,AD 44,2025-11-05_01:52:52.004017
ED   75,97.98%,NO,&nbsp,122,AD 44,2025-11-05_01:52:52.004017
ED   76,97.98%,YES,&nbsp,136,AD 44,2025-11-05_01:52:52.004017
ED   76,97.98%,NO,&nbsp,148,AD 44,2025-11-05_01:52:52.004017
ED   77,97.98%,YES,&nbsp,77,AD 44,2025-11-05_01:52:52.004017
ED   77,97.98%,NO,&nbsp,80,AD 44,2025-11-05_01:52:52.004017
ED   78,97.98%,YES,&nbsp,169,AD 44,2025-11-05_01:52:52.004017
ED   78,97.98%,NO,&nbsp,174,AD 44,2025-11-05_01:52:52.004017
ED   79,97.98%,YES,&nbsp,368,AD 44,2025-11-05_01:52:52.004017
ED   79,97.98%,NO,&nbsp,339,AD 44,2025-11-05_01:52:52.004017
ED   80,97.98%,YES,&nbsp,189,AD 44,2025-11-05_01:52:52.004017
ED   80,97.98%,NO,&nbsp,250,AD 44,2025-11-05_01:52:52.004017
ED   81,97.98%,YES,&nbsp,315,AD 44,2025-11-05_01:52:52.004017
ED   81,97.98%,NO,&nbsp,235,AD 44,2025-11-05_01:52:52.004017
ED   82,97.98%,YES,&nbsp,0,AD 44,2025-11-05_01:52:52.004017
ED   82,97.98%,NO,&nbsp,0,AD 44,2025-11-05_01:52:52.004017
ED   83,97.98%,YES,&nbsp,0,AD 44,2025-11-05_01:52:52.004017
ED   83,97.98%,NO,&nbsp,0,AD 44,2025-11-05_01:52:52.004017
ED   84,97.98%,YES,&nbsp,0,AD 44,2025-11-05_01:52:52.004017
ED   84,97.98%,NO,&nbsp,0,AD 44,2025-11-05_01:52:52.004017
Total,,YES,&nbsp,22950,AD 44,2025-11-05_01:52:52.004017
Total,,NO,&nbsp,23163,AD 44,2025-11-05_01:52:52.004017
ED    1,97.98%,YES,&nbsp,110,AD 45,2025-11-05_01:52:52.004017
ED    1,97.98%,NO,&nbsp,429,AD 45,2025-11-05_01:52:52.004017
ED    2,97.98%,YES,&nbsp,121,AD 45,2025-11-05_01:52:52.004017
ED    2,97.98%,NO,&nbsp,538,AD 45,2025-11-05_01:52:52.004017
ED    3,97.98%,YES,&nbsp,152,AD 45,2025-11-05_01:52:52.004017
ED    3,97.98%,NO,&nbsp,497,AD 45,2025-11-05_01:52:52.004017
ED    4,97.98%,YES,&nbsp,167,AD 45,2025-11-05_01:52:52.004017
ED    4,97.98%,NO,&nbsp,326,AD 45,2025-11-05_01:52:52.004017
ED    5,97.98%,YES,&nbsp,137,AD 45,2025-11-05_01:52:52.004017
ED    5,97.98%,NO,&nbsp,333,AD 45,2025-11-05_01:52:52.004017
ED    6,97.98%,YES,&nbsp,140,AD 45,2025-11-05_01:52:52.004017
ED    6,97.98%,NO,&nbsp,301,AD 45,2025-11-05_01:52:52.004017
ED    7,97.98%,YES,&nbsp,96,AD 45,2025-11-05_01:52:52.004017
ED    7,97.98%,NO,&nbsp,526,AD 45,2025-11-05_01:52:52.004017
ED    8,97.98%,YES,&nbsp,58,AD 45,2025-11-05_01:52:52.004017
ED    8,97.98%,NO,&nbsp,535,AD 45,2025-11-05_01:52:52.004017
ED    9,97.98%,YES,&nbsp,110,AD 45,2025-11-05_01:52:52.004017
ED    9,97.98%,NO,&nbsp,408,AD 45,2025-11-05_01:52:52.004017
ED   10,97.98%,YES,&nbsp,74,AD 45,2025-11-05_01:52:52.004017
ED   10,97.98%,NO,&nbsp,494,AD 45,2025-11-05_01:52:52.004017
ED   11,97.98%,YES,&nbsp,61,AD 45,2025-11-05_01:52:52.004017
ED   11,97.98%,NO,&nbsp,415,AD 45,2025-11-05_01:52:52.004017
ED   12,97.98%,YES,&nbsp,20,AD 45,2025-11-05_01:52:52.004017
ED   12,97.98%,NO,&nbsp,63,AD 45,2025-11-05_01:52:52.004017
ED   13,97.98%,YES,&nbsp,41,AD 45,2025-11-05_01:52:52.004017
ED   13,97.98%,NO,&nbsp,245,AD 45,2025-11-05_01:52:52.004017
ED   14,97.98%,YES,&nbsp,52,AD 45,2025-11-05_01:52:52.004017
ED   14,97.98%,NO,&nbsp,406,AD 45,2025-11-05_01:52:52.004017
ED   15,97.98%,YES,&nbsp,77,AD 45,2025-11-05_01:52:52.004017
ED   15,97.98%,NO,&nbsp,460,AD 45,2025-11-05_01:52:52.004017
ED   16,97.98%,YES,&nbsp,120,AD 45,2025-11-05_01:52:52.004017
ED   16,97.98%,NO,&nbsp,735,AD 45,2025-11-05_01:52:52.004017
ED   17,97.98%,YES,&nbsp,96,AD 45,2025-11-05_01:52:52.004017
ED   17,97.98%,NO,&nbsp,366,AD 45,2025-11-05_01:52:52.004017
ED   18,97.98%,YES,&nbsp,10,AD 45,2025-11-05_01:52:52.004017
ED   18,97.98%,NO,&nbsp,51,AD 45,2025-11-05_01:52:52.004017
ED   19,97.98%,YES,&nbsp,67,AD 45,2025-11-05_01:52:52.004017
ED   19,97.98%,NO,&nbsp,98,AD 45,2025-11-05_01:52:52.004017
ED   20,97.98%,YES,&nbsp,210,AD 45,2025-11-05_01:52:52.004017
ED   20,97.98%,NO,&nbsp,379,AD 45,2025-11-05_01:52:52.004017
ED   21,97.98%,YES,&nbsp,46,AD 45,2025-11-05_01:52:52.004017
ED   21,97.98%,NO,&nbsp,83,AD 45,2025-11-05_01:52:52.004017
ED   22,97.98%,YES,&nbsp,120,AD 45,2025-11-05_01:52:52.004017
ED   22,97.98%,NO,&nbsp,291,AD 45,2025-11-05_01:52:52.004017
ED   23,97.98%,YES,&nbsp,87,AD 45,2025-11-05_01:52:52.004017
ED   23,97.98%,NO,&nbsp,125,AD 45,2025-11-05_01:52:52.004017
ED   24,97.98%,YES,&nbsp,96,AD 45,2025-11-05_01:52:52.004017
ED   24,97.98%,NO,&nbsp,142,AD 45,2025-11-05_01:52:52.004017
ED   25,97.98%,YES,&nbsp,45,AD 45,2025-11-05_01:52:52.004017
ED   25,97.98%,NO,&nbsp,284,AD 45,2025-11-05_01:52:52.004017
ED   26,97.98%,YES,&nbsp,49,AD 45,2025-11-05_01:52:52.004017
ED   26,97.98%,NO,&nbsp,313,AD 45,2025-11-05_01:52:52.004017
ED   27,97.98%,YES,&nbsp,127,AD 45,2025-11-05_01:52:52.004017
ED   27,97.98%,NO,&nbsp,238,AD 45,2025-11-05_01:52:52.004017
ED   28,97.98%,YES,&nbsp,194,AD 45,2025-11-05_01:52:52.004017
ED   28,97.98%,NO,&nbsp,383,AD 45,2025-11-05_01:52:52.004017
ED   29,97.98%,YES,&nbsp,56,AD 45,2025-11-05_01:52:52.004017
ED   29,97.98%,NO,&nbsp,376,AD 45,2025-11-05_01:52:52.004017
ED   30,97.98%,YES,&nbsp,112,AD 45,2025-11-05_01:52:52.004017
ED   30,97.98%,NO,&nbsp,262,AD 45,2025-11-05_01:52:52.004017
ED   31,97.98%,YES,&nbsp,102,AD 45,2025-11-05_01:52:52.004017
ED   31,97.98%,NO,&nbsp,209,AD 45,2025-11-05_01:52:52.004017
ED   32,97.98%,YES,&nbsp,94,AD 45,2025-11-05_01:52:52.004017
ED   32,97.98%,NO,&nbsp,375,AD 45,2025-11-05_01:52:52.004017
ED   33,97.98%,YES,&nbsp,58,AD 45,2025-11-05_01:52:52.004017
ED   33,97.98%,NO,&nbsp,335,AD 45,2025-11-05_01:52:52.004017
ED   34,97.98%,YES,&nbsp,120,AD 45,2025-11-05_01:52:52.004017
ED   34,97.98%,NO,&nbsp,347,AD 45,2025-11-05_01:52:52.004017
ED   35,97.98%,YES,&nbsp,86,AD 45,2025-11-05_01:52:52.004017
ED   35,97.98%,NO,&nbsp,130,AD 45,2025-11-05_01:52:52.004017
ED   36,97.98%,YES,&nbsp,139,AD 45,2025-11-05_01:52:52.004017
ED   36,97.98%,NO,&nbsp,339,AD 45,2025-11-05_01:52:52.004017
ED   37,97.98%,YES,&nbsp,139,AD 45,2025-11-05_01:52:52.004017
ED   37,97.98%,NO,&nbsp,279,AD 45,2025-11-05_01:52:52.004017
ED   38,97.98%,YES,&nbsp,69,AD 45,2025-11-05_01:52:52.004017
ED   38,97.98%,NO,&nbsp,211,AD 45,2025-11-05_01:52:52.004017
ED   39,97.98%,YES,&nbsp,19,AD 45,2025-11-05_01:52:52.004017
ED   39,97.98%,NO,&nbsp,27,AD 45,2025-11-05_01:52:52.004017
ED   40,97.98%,YES,&nbsp,147,AD 45,2025-11-05_01:52:52.004017
ED   40,97.98%,NO,&nbsp,258,AD 45,2025-11-05_01:52:52.004017
ED   41,97.98%,YES,&nbsp,155,AD 45,2025-11-05_01:52:52.004017
ED   41,97.98%,NO,&nbsp,302,AD 45,2025-11-05_01:52:52.004017
ED   42,97.98%,YES,&nbsp,138,AD 45,2025-11-05_01:52:52.004017
ED   42,97.98%,NO,&nbsp,166,AD 45,2025-11-05_01:52:52.004017
ED   43,97.98%,YES,&nbsp,186,AD 45,2025-11-05_01:52:52.004017
ED   43,97.98%,NO,&nbsp,312,AD 45,2025-11-05_01:52:52.004017
ED   44,97.98%,YES,&nbsp,206,AD 45,2025-11-05_01:52:52.004017
ED   44,97.98%,NO,&nbsp,336,AD 45,2025-11-05_01:52:52.004017
ED   45,97.98%,YES,&nbsp,155,AD 45,2025-11-05_01:52:52.004017
ED   45,97.98%,NO,&nbsp,316,AD 45,2025-11-05_01:52:52.004017
ED   46,97.98%,YES,&nbsp,151,AD 45,2025-11-05_01:52:52.004017
ED   46,97.98%,NO,&nbsp,167,AD 45,2025-11-05_01:52:52.004017
ED   47,97.98%,YES,&nbsp,188,AD 45,2025-11-05_01:52:52.004017
ED   47,97.98%,NO,&nbsp,224,AD 45,2025-11-05_01:52:52.004017
ED   48,97.98%,YES,&nbsp,149,AD 45,2025-11-05_01:52:52.004017
ED   48,97.98%,NO,&nbsp,210,AD 45,2025-11-05_01:52:52.004017
ED   49,97.98%,YES,&nbsp,183,AD 45,2025-11-05_01:52:52.004017
ED   49,97.98%,NO,&nbsp,260,AD 45,2025-11-05_01:52:52.004017
ED   50,97.98%,YES,&nbsp,105,AD 45,2025-11-05_01:52:52.004017
ED   50,97.98%,NO,&nbsp,141,AD 45,2025-11-05_01:52:52.004017
ED   51,97.98%,YES,&nbsp,147,AD 45,2025-11-05_01:52:52.004017
ED   51,97.98%,NO,&nbsp,243,AD 45,2025-11-05_01:52:52.004017
ED   52,97.98%,YES,&nbsp,70,AD 45,2025-11-05_01:52:52.004017
ED   52,97.98%,NO,&nbsp,113,AD 45,2025-11-05_01:52:52.004017
ED   53,97.98%,YES,&nbsp,56,AD 45,2025-11-05_01:52:52.004017
ED   53,97.98%,NO,&nbsp,102,AD 45,2025-11-05_01:52:52.004017
ED   54,97.98%,YES,&nbsp,18,AD 45,2025-11-05_01:52:52.004017
ED   54,97.98%,NO,&nbsp,29,AD 45,2025-11-05_01:52:52.004017
ED   55,97.98%,YES,&nbsp,1,AD 45,2025-11-05_01:52:52.004017
ED   55,97.98%,NO,&nbsp,1,AD 45,2025-11-05_01:52:52.004017
ED   56,97.98%,YES,&nbsp,0,AD 45,2025-11-05_01:52:52.004017
ED   56,97.98%,NO,&nbsp,0,AD 45,2025-11-05_01:52:52.004017
Total,,YES,&nbsp,5732,AD 45,2025-11-05_01:52:52.004017
Total,,NO,&nbsp,15534,AD 45,2025-11-05_01:52:52.004017
ED    1,97.98%,YES,&nbsp,177,AD 46,2025-11-05_01:52:52.004017
ED    1,97.98%,NO,&nbsp,292,AD 46,2025-11-05_01:52:52.004017
ED    2,97.98%,YES,&nbsp,184,AD 46,2025-11-05_01:52:52.004017
ED    2,97.98%,NO,&nbsp,271,AD 46,2025-11-05_01:52:52.004017
ED    3,97.98%,YES,&nbsp,243,AD 46,2025-11-05_01:52:52.004017
ED    3,97.98%,NO,&nbsp,349,AD 46,2025-11-05_01:52:52.004017
ED    4,97.98%,YES,&nbsp,235,AD 46,2025-11-05_01:52:52.004017
ED    4,97.98%,NO,&nbsp,317,AD 46,2025-11-05_01:52:52.004017
ED    5,97.98%,YES,&nbsp,223,AD 46,2025-11-05_01:52:52.004017
ED    5,97.98%,NO,&nbsp,358,AD 46,2025-11-05_01:52:52.004017
ED    6,97.98%,YES,&nbsp,253,AD 46,2025-11-05_01:52:52.004017
ED    6,97.98%,NO,&nbsp,402,AD 46,2025-11-05_01:52:52.004017
ED    7,97.98%,YES,&nbsp,257,AD 46,2025-11-05_01:52:52.004017
ED    7,97.98%,NO,&nbsp,386,AD 46,2025-11-05_01:52:52.004017
ED    8,97.98%,YES,&nbsp,203,AD 46,2025-11-05_01:52:52.004017
ED    8,97.98%,NO,&nbsp,310,AD 46,2025-11-05_01:52:52.004017
ED    9,97.98%,YES,&nbsp,257,AD 46,2025-11-05_01:52:52.004017
ED    9,97.98%,NO,&nbsp,377,AD 46,2025-11-05_01:52:52.004017
ED   10,97.98%,YES,&nbsp,229,AD 46,2025-11-05_01:52:52.004017
ED   10,97.98%,NO,&nbsp,373,AD 46,2025-11-05_01:52:52.004017
ED   11,97.98%,YES,&nbsp,144,AD 46,2025-11-05_01:52:52.004017
ED   11,97.98%,NO,&nbsp,273,AD 46,2025-11-05_01:52:52.004017
ED   12,97.98%,YES,&nbsp,328,AD 46,2025-11-05_01:52:52.004017
ED   12,97.98%,NO,&nbsp,524,AD 46,2025-11-05_01:52:52.004017
ED   13,97.98%,YES,&nbsp,295,AD 46,2025-11-05_01:52:52.004017
ED   13,97.98%,NO,&nbsp,448,AD 46,2025-11-05_01:52:52.004017
ED   14,97.98%,YES,&nbsp,269,AD 46,2025-11-05_01:52:52.004017
ED   14,97.98%,NO,&nbsp,433,AD 46,2025-11-05_01:52:52.004017
ED   15,97.98%,YES,&nbsp,213,AD 46,2025-11-05_01:52:52.004017
ED   15,97.98%,NO,&nbsp,340,AD 46,2025-11-05_01:52:52.004017
ED   16,97.98%,YES,&nbsp,250,AD 46,2025-11-05_01:52:52.004017
ED   16,97.98%,NO,&nbsp,339,AD 46,2025-11-05_01:52:52.004017
ED   17,97.98%,YES,&nbsp,195,AD 46,2025-11-05_01:52:52.004017
ED   17,97.98%,NO,&nbsp,274,AD 46,2025-11-05_01:52:52.004017
ED   18,97.98%,YES,&nbsp,193,AD 46,2025-11-05_01:52:52.004017
ED   18,97.98%,NO,&nbsp,304,AD 46,2025-11-05_01:52:52.004017
ED   19,97.98%,YES,&nbsp,286,AD 46,2025-11-05_01:52:52.004017
ED   19,97.98%,NO,&nbsp,430,AD 46,2025-11-05_01:52:52.004017
ED   20,97.98%,YES,&nbsp,286,AD 46,2025-11-05_01:52:52.004017
ED   20,97.98%,NO,&nbsp,458,AD 46,2025-11-05_01:52:52.004017
ED   21,97.98%,YES,&nbsp,39,AD 46,2025-11-05_01:52:52.004017
ED   21,97.98%,NO,&nbsp,76,AD 46,2025-11-05_01:52:52.004017
ED   22,97.98%,YES,&nbsp,213,AD 46,2025-11-05_01:52:52.004017
ED   22,97.98%,NO,&nbsp,303,AD 46,2025-11-05_01:52:52.004017
ED   23,97.98%,YES,&nbsp,196,AD 46,2025-11-05_01:52:52.004017
ED   23,97.98%,NO,&nbsp,343,AD 46,2025-11-05_01:52:52.004017
ED   24,97.98%,YES,&nbsp,149,AD 46,2025-11-05_01:52:52.004017
ED   24,97.98%,NO,&nbsp,350,AD 46,2025-11-05_01:52:52.004017
ED   25,97.98%,YES,&nbsp,131,AD 46,2025-11-05_01:52:52.004017
ED   25,97.98%,NO,&nbsp,333,AD 46,2025-11-05_01:52:52.004017
ED   26,97.98%,YES,&nbsp,201,AD 46,2025-11-05_01:52:52.004017
ED   26,97.98%,NO,&nbsp,383,AD 46,2025-11-05_01:52:52.004017
ED   27,97.98%,YES,&nbsp,271,AD 46,2025-11-05_01:52:52.004017
ED   27,97.98%,NO,&nbsp,350,AD 46,2025-11-05_01:52:52.004017
ED   28,97.98%,YES,&nbsp,148,AD 46,2025-11-05_01:52:52.004017
ED   28,97.98%,NO,&nbsp,293,AD 46,2025-11-05_01:52:52.004017
ED   29,97.98%,YES,&nbsp,38,AD 46,2025-11-05_01:52:52.004017
ED   29,97.98%,NO,&nbsp,54,AD 46,2025-11-05_01:52:52.004017
ED   30,97.98%,YES,&nbsp,33,AD 46,2025-11-05_01:52:52.004017
ED   30,97.98%,NO,&nbsp,52,AD 46,2025-11-05_01:52:52.004017
ED   31,97.98%,YES,&nbsp,91,AD 46,2025-11-05_01:52:52.004017
ED   31,97.98%,NO,&nbsp,109,AD 46,2025-11-05_01:52:52.004017
ED   32,97.98%,YES,&nbsp,39,AD 46,2025-11-05_01:52:52.004017
ED   32,97.98%,NO,&nbsp,72,AD 46,2025-11-05_01:52:52.004017
ED   33,97.98%,YES,&nbsp,30,AD 46,2025-11-05_01:52:52.004017
ED   33,97.98%,NO,&nbsp,34,AD 46,2025-11-05_01:52:52.004017
ED   34,97.98%,YES,&nbsp,85,AD 46,2025-11-05_01:52:52.004017
ED   34,97.98%,NO,&nbsp,175,AD 46,2025-11-05_01:52:52.004017
ED   35,97.98%,YES,&nbsp,70,AD 46,2025-11-05_01:52:52.004017
ED   35,97.98%,NO,&nbsp,101,AD 46,2025-11-05_01:52:52.004017
ED   36,97.98%,YES,&nbsp,125,AD 46,2025-11-05_01:52:52.004017
ED   36,97.98%,NO,&nbsp,210,AD 46,2025-11-05_01:52:52.004017
ED   37,97.98%,YES,&nbsp,0,AD 46,2025-11-05_01:52:52.004017
ED   37,97.98%,NO,&nbsp,0,AD 46,2025-11-05_01:52:52.004017
ED   38,97.98%,YES,&nbsp,117,AD 46,2025-11-05_01:52:52.004017
ED   38,97.98%,NO,&nbsp,230,AD 46,2025-11-05_01:52:52.004017
ED   39,97.98%,YES,&nbsp,148,AD 46,2025-11-05_01:52:52.004017
ED   39,97.98%,NO,&nbsp,215,AD 46,2025-11-05_01:52:52.004017
ED   40,97.98%,YES,&nbsp,184,AD 46,2025-11-05_01:52:52.004017
ED   40,97.98%,NO,&nbsp,309,AD 46,2025-11-05_01:52:52.004017
ED   41,97.98%,YES,&nbsp,126,AD 46,2025-11-05_01:52:52.004017
ED   41,97.98%,NO,&nbsp,126,AD 46,2025-11-05_01:52:52.004017
ED   42,97.98%,YES,&nbsp,90,AD 46,2025-11-05_01:52:52.004017
ED   42,97.98%,NO,&nbsp,88,AD 46,2025-11-05_01:52:52.004017
ED   43,97.98%,YES,&nbsp,90,AD 46,2025-11-05_01:52:52.004017
ED   43,97.98%,NO,&nbsp,96,AD 46,2025-11-05_01:52:52.004017
ED   44,97.98%,YES,&nbsp,79,AD 46,2025-11-05_01:52:52.004017
ED   44,97.98%,NO,&nbsp,100,AD 46,2025-11-05_01:52:52.004017
ED   45,97.98%,YES,&nbsp,84,AD 46,2025-11-05_01:52:52.004017
ED   45,97.98%,NO,&nbsp,67,AD 46,2025-11-05_01:52:52.004017
ED   46,97.98%,YES,&nbsp,96,AD 46,2025-11-05_01:52:52.004017
ED   46,97.98%,NO,&nbsp,107,AD 46,2025-11-05_01:52:52.004017
ED   47,97.98%,YES,&nbsp,149,AD 46,2025-11-05_01:52:52.004017
ED   47,97.98%,NO,&nbsp,132,AD 46,2025-11-05_01:52:52.004017
ED   48,97.98%,YES,&nbsp,101,AD 46,2025-11-05_01:52:52.004017
ED   48,97.98%,NO,&nbsp,116,AD 46,2025-11-05_01:52:52.004017
ED   49,97.98%,YES,&nbsp,43,AD 46,2025-11-05_01:52:52.004017
ED   49,97.98%,NO,&nbsp,53,AD 46,2025-11-05_01:52:52.004017
ED   50,97.98%,YES,&nbsp,125,AD 46,2025-11-05_01:52:52.004017
ED   50,97.98%,NO,&nbsp,98,AD 46,2025-11-05_01:52:52.004017
ED   51,97.98%,YES,&nbsp,80,AD 46,2025-11-05_01:52:52.004017
ED   51,97.98%,NO,&nbsp,68,AD 46,2025-11-05_01:52:52.004017
ED   52,97.98%,YES,&nbsp,90,AD 46,2025-11-05_01:52:52.004017
ED   52,97.98%,NO,&nbsp,96,AD 46,2025-11-05_01:52:52.004017
ED   53,97.98%,YES,&nbsp,166,AD 46,2025-11-05_01:52:52.004017
ED   53,97.98%,NO,&nbsp,223,AD 46,2025-11-05_01:52:52.004017
ED   54,97.98%,YES,&nbsp,91,AD 46,2025-11-05_01:52:52.004017
ED   54,97.98%,NO,&nbsp,146,AD 46,2025-11-05_01:52:52.004017
ED   55,97.98%,YES,&nbsp,128,AD 46,2025-11-05_01:52:52.004017
ED   55,97.98%,NO,&nbsp,224,AD 46,2025-11-05_01:52:52.004017
ED   56,97.98%,YES,&nbsp,186,AD 46,2025-11-05_01:52:52.004017
ED   56,97.98%,NO,&nbsp,307,AD 46,2025-11-05_01:52:52.004017
ED   57,97.98%,YES,&nbsp,22,AD 46,2025-11-05_01:52:52.004017
ED   57,97.98%,NO,&nbsp,50,AD 46,2025-11-05_01:52:52.004017
ED   58,97.98%,YES,&nbsp,105,AD 46,2025-11-05_01:52:52.004017
ED   58,97.98%,NO,&nbsp,168,AD 46,2025-11-05_01:52:52.004017
ED   59,97.98%,YES,&nbsp,94,AD 46,2025-11-05_01:52:52.004017
ED   59,97.98%,NO,&nbsp,231,AD 46,2025-11-05_01:52:52.004017
ED   60,97.98%,YES,&nbsp,75,AD 46,2025-11-05_01:52:52.004017
ED   60,97.98%,NO,&nbsp,166,AD 46,2025-11-05_01:52:52.004017
ED   61,97.98%,YES,&nbsp,215,AD 46,2025-11-05_01:52:52.004017
ED   61,97.98%,NO,&nbsp,330,AD 46,2025-11-05_01:52:52.004017
ED   62,97.98%,YES,&nbsp,76,AD 46,2025-11-05_01:52:52.004017
ED   62,97.98%,NO,&nbsp,126,AD 46,2025-11-05_01:52:52.004017
ED   63,97.98%,YES,&nbsp,71,AD 46,2025-11-05_01:52:52.004017
ED   63,97.98%,NO,&nbsp,94,AD 46,2025-11-05_01:52:52.004017
ED   64,97.98%,YES,&nbsp,86,AD 46,2025-11-05_01:52:52.004017
ED   64,97.98%,NO,&nbsp,157,AD 46,2025-11-05_01:52:52.004017
ED   65,97.98%,YES,&nbsp,88,AD 46,2025-11-05_01:52:52.004017
ED   65,97.98%,NO,&nbsp,175,AD 46,2025-11-05_01:52:52.004017
ED   66,97.98%,YES,&nbsp,109,AD 46,2025-11-05_01:52:52.004017
ED   66,97.98%,NO,&nbsp,187,AD 46,2025-11-05_01:52:52.004017
ED   67,97.98%,YES,&nbsp,78,AD 46,2025-11-05_01:52:52.004017
ED   67,97.98%,NO,&nbsp,90,AD 46,2025-11-05_01:52:52.004017
ED   68,97.98%,YES,&nbsp,119,AD 46,2025-11-05_01:52:52.004017
ED   68,97.98%,NO,&nbsp,155,AD 46,2025-11-05_01:52:52.004017
ED   69,97.98%,YES,&nbsp,77,AD 46,2025-11-05_01:52:52.004017
ED   69,97.98%,NO,&nbsp,116,AD 46,2025-11-05_01:52:52.004017
ED   70,97.98%,YES,&nbsp,109,AD 46,2025-11-05_01:52:52.004017
ED   70,97.98%,NO,&nbsp,167,AD 46,2025-11-05_01:52:52.004017
ED   71,97.98%,YES,&nbsp,158,AD 46,2025-11-05_01:52:52.004017
ED   71,97.98%,NO,&nbsp,209,AD 46,2025-11-05_01:52:52.004017
ED   72,97.98%,YES,&nbsp,0,AD 46,2025-11-05_01:52:52.004017
ED   72,97.98%,NO,&nbsp,0,AD 46,2025-11-05_01:52:52.004017
ED   73,97.98%,YES,&nbsp,89,AD 46,2025-11-05_01:52:52.004017
ED   73,97.98%,NO,&nbsp,185,AD 46,2025-11-05_01:52:52.004017
ED   74,97.98%,YES,&nbsp,0,AD 46,2025-11-05_01:52:52.004017
ED   74,97.98%,NO,&nbsp,0,AD 46,2025-11-05_01:52:52.004017
ED   75,97.98%,YES,&nbsp,0,AD 46,2025-11-05_01:52:52.004017
ED   75,97.98%,NO,&nbsp,0,AD 46,2025-11-05_01:52:52.004017
ED   76,97.98%,YES,&nbsp,0,AD 46,2025-11-05_01:52:52.004017
ED   76,97.98%,NO,&nbsp,0,AD 46,2025-11-05_01:52:52.004017
ED   77,97.98%,YES,&nbsp,0,AD 46,2025-11-05_01:52:52.004017
ED   77,97.98%,NO,&nbsp,0,AD 46,2025-11-05_01:52:52.004017
ED   78,97.98%,YES,&nbsp,0,AD 46,2025-11-05_01:52:52.004017
ED   78,97.98%,NO,&nbsp,0,AD 46,2025-11-05_01:52:52.004017
Total,,YES,&nbsp,10323,AD 46,2025-11-05_01:52:52.004017
Total,,NO,&nbsp,15903,AD 46,2025-11-05_01:52:52.004017
ED    1,97.98%,YES,&nbsp,86,AD 47,2025-11-05_01:52:52.004017
ED    1,97.98%,NO,&nbsp,142,AD 47,2025-11-05_01:52:52.004017
ED    2,97.98%,YES,&nbsp,227,AD 47,2025-11-05_01:52:52.004017
ED    2,97.98%,NO,&nbsp,309,AD 47,2025-11-05_01:52:52.004017
ED    3,97.98%,YES,&nbsp,80,AD 47,2025-11-05_01:52:52.004017
ED    3,97.98%,NO,&nbsp,156,AD 47,2025-11-05_01:52:52.004017
ED    4,97.98%,YES,&nbsp,118,AD 47,2025-11-05_01:52:52.004017
ED    4,97.98%,NO,&nbsp,194,AD 47,2025-11-05_01:52:52.004017
ED    5,97.98%,YES,&nbsp,209,AD 47,2025-11-05_01:52:52.004017
ED    5,97.98%,NO,&nbsp,250,AD 47,2025-11-05_01:52:52.004017
ED    6,97.98%,YES,&nbsp,65,AD 47,2025-11-05_01:52:52.004017
ED    6,97.98%,NO,&nbsp,91,AD 47,2025-11-05_01:52:52.004017
ED    7,97.98%,YES,&nbsp,113,AD 47,2025-11-05_01:52:52.004017
ED    7,97.98%,NO,&nbsp,200,AD 47,2025-11-05_01:52:52.004017
ED    8,97.98%,YES,&nbsp,83,AD 47,2025-11-05_01:52:52.004017
ED    8,97.98%,NO,&nbsp,99,AD 47,2025-11-05_01:52:52.004017
ED    9,97.98%,YES,&nbsp,130,AD 47,2025-11-05_01:52:52.004017
ED    9,97.98%,NO,&nbsp,176,AD 47,2025-11-05_01:52:52.004017
ED   10,97.98%,YES,&nbsp,125,AD 47,2025-11-05_01:52:52.004017
ED   10,97.98%,NO,&nbsp,130,AD 47,2025-11-05_01:52:52.004017
ED   11,97.98%,YES,&nbsp,133,AD 47,2025-11-05_01:52:52.004017
ED   11,97.98%,NO,&nbsp,190,AD 47,2025-11-05_01:52:52.004017
ED   12,97.98%,YES,&nbsp,169,AD 47,2025-11-05_01:52:52.004017
ED   12,97.98%,NO,&nbsp,266,AD 47,2025-11-05_01:52:52.004017
ED   13,97.98%,YES,&nbsp,78,AD 47,2025-11-05_01:52:52.004017
ED   13,97.98%,NO,&nbsp,107,AD 47,2025-11-05_01:52:52.004017
ED   14,97.98%,YES,&nbsp,125,AD 47,2025-11-05_01:52:52.004017
ED   14,97.98%,NO,&nbsp,250,AD 47,2025-11-05_01:52:52.004017
ED   15,97.98%,YES,&nbsp,66,AD 47,2025-11-05_01:52:52.004017
ED   15,97.98%,NO,&nbsp,85,AD 47,2025-11-05_01:52:52.004017
ED   16,97.98%,YES,&nbsp,71,AD 47,2025-11-05_01:52:52.004017
ED   16,97.98%,NO,&nbsp,132,AD 47,2025-11-05_01:52:52.004017
ED   17,97.98%,YES,&nbsp,20,AD 47,2025-11-05_01:52:52.004017
ED   17,97.98%,NO,&nbsp,19,AD 47,2025-11-05_01:52:52.004017
ED   18,97.98%,YES,&nbsp,31,AD 47,2025-11-05_01:52:52.004017
ED   18,97.98%,NO,&nbsp,60,AD 47,2025-11-05_01:52:52.004017
ED   19,97.98%,YES,&nbsp,89,AD 47,2025-11-05_01:52:52.004017
ED   19,97.98%,NO,&nbsp,149,AD 47,2025-11-05_01:52:52.004017
ED   20,97.98%,YES,&nbsp,166,AD 47,2025-11-05_01:52:52.004017
ED   20,97.98%,NO,&nbsp,238,AD 47,2025-11-05_01:52:52.004017
ED   21,97.98%,YES,&nbsp,108,AD 47,2025-11-05_01:52:52.004017
ED   21,97.98%,NO,&nbsp,185,AD 47,2025-11-05_01:52:52.004017
ED   22,97.98%,YES,&nbsp,107,AD 47,2025-11-05_01:52:52.004017
ED   22,97.98%,NO,&nbsp,164,AD 47,2025-11-05_01:52:52.004017
ED   23,97.98%,YES,&nbsp,147,AD 47,2025-11-05_01:52:52.004017
ED   23,97.98%,NO,&nbsp,244,AD 47,2025-11-05_01:52:52.004017
ED   24,97.98%,YES,&nbsp,118,AD 47,2025-11-05_01:52:52.004017
ED   24,97.98%,NO,&nbsp,140,AD 47,2025-11-05_01:52:52.004017
ED   25,97.98%,YES,&nbsp,99,AD 47,2025-11-05_01:52:52.004017
ED   25,97.98%,NO,&nbsp,203,AD 47,2025-11-05_01:52:52.004017
ED   26,97.98%,YES,&nbsp,142,AD 47,2025-11-05_01:52:52.004017
ED   26,97.98%,NO,&nbsp,205,AD 47,2025-11-05_01:52:52.004017
ED   27,97.98%,YES,&nbsp,139,AD 47,2025-11-05_01:52:52.004017
ED   27,97.98%,NO,&nbsp,235,AD 47,2025-11-05_01:52:52.004017
ED   28,97.98%,YES,&nbsp,46,AD 47,2025-11-05_01:52:52.004017
ED   28,97.98%,NO,&nbsp,89,AD 47,2025-11-05_01:52:52.004017
ED   29,97.98%,YES,&nbsp,111,AD 47,2025-11-05_01:52:52.004017
ED   29,97.98%,NO,&nbsp,146,AD 47,2025-11-05_01:52:52.004017
ED   30,97.98%,YES,&nbsp,89,AD 47,2025-11-05_01:52:52.004017
ED   30,97.98%,NO,&nbsp,150,AD 47,2025-11-05_01:52:52.004017
ED   31,97.98%,YES,&nbsp,38,AD 47,2025-11-05_01:52:52.004017
ED   31,97.98%,NO,&nbsp,46,AD 47,2025-11-05_01:52:52.004017
ED   32,97.98%,YES,&nbsp,84,AD 47,2025-11-05_01:52:52.004017
ED   32,97.98%,NO,&nbsp,157,AD 47,2025-11-05_01:52:52.004017
ED   33,97.98%,YES,&nbsp,110,AD 47,2025-11-05_01:52:52.004017
ED   33,97.98%,NO,&nbsp,245,AD 47,2025-11-05_01:52:52.004017
ED   34,97.98%,YES,&nbsp,147,AD 47,2025-11-05_01:52:52.004017
ED   34,97.98%,NO,&nbsp,204,AD 47,2025-11-05_01:52:52.004017
ED   35,97.98%,YES,&nbsp,103,AD 47,2025-11-05_01:52:52.004017
ED   35,97.98%,NO,&nbsp,219,AD 47,2025-11-05_01:52:52.004017
ED   36,97.98%,YES,&nbsp,116,AD 47,2025-11-05_01:52:52.004017
ED   36,97.98%,NO,&nbsp,198,AD 47,2025-11-05_01:52:52.004017
ED   37,97.98%,YES,&nbsp,107,AD 47,2025-11-05_01:52:52.004017
ED   37,97.98%,NO,&nbsp,174,AD 47,2025-11-05_01:52:52.004017
ED   38,97.98%,YES,&nbsp,114,AD 47,2025-11-05_01:52:52.004017
ED   38,97.98%,NO,&nbsp,168,AD 47,2025-11-05_01:52:52.004017
ED   39,97.98%,YES,&nbsp,97,AD 47,2025-11-05_01:52:52.004017
ED   39,97.98%,NO,&nbsp,166,AD 47,2025-11-05_01:52:52.004017
ED   40,97.98%,YES,&nbsp,24,AD 47,2025-11-05_01:52:52.004017
ED   40,97.98%,NO,&nbsp,63,AD 47,2025-11-05_01:52:52.004017
ED   41,97.98%,YES,&nbsp,40,AD 47,2025-11-05_01:52:52.004017
ED   41,97.98%,NO,&nbsp,77,AD 47,2025-11-05_01:52:52.004017
ED   42,97.98%,YES,&nbsp,89,AD 47,2025-11-05_01:52:52.004017
ED   42,97.98%,NO,&nbsp,105,AD 47,2025-11-05_01:52:52.004017
ED   43,97.98%,YES,&nbsp,146,AD 47,2025-11-05_01:52:52.004017
ED   43,97.98%,NO,&nbsp,315,AD 47,2025-11-05_01:52:52.004017
ED   44,97.98%,YES,&nbsp,151,AD 47,2025-11-05_01:52:52.004017
ED   44,97.98%,NO,&nbsp,314,AD 47,2025-11-05_01:52:52.004017
ED   45,97.98%,YES,&nbsp,168,AD 47,2025-11-05_01:52:52.004017
ED   45,97.98%,NO,&nbsp,351,AD 47,2025-11-05_01:52:52.004017
ED   46,97.98%,YES,&nbsp,103,AD 47,2025-11-05_01:52:52.004017
ED   46,97.98%,NO,&nbsp,218,AD 47,2025-11-05_01:52:52.004017
ED   47,97.98%,YES,&nbsp,158,AD 47,2025-11-05_01:52:52.004017
ED   47,97.98%,NO,&nbsp,266,AD 47,2025-11-05_01:52:52.004017
ED   48,97.98%,YES,&nbsp,33,AD 47,2025-11-05_01:52:52.004017
ED   48,97.98%,NO,&nbsp,58,AD 47,2025-11-05_01:52:52.004017
ED   49,97.98%,YES,&nbsp,130,AD 47,2025-11-05_01:52:52.004017
ED   49,97.98%,NO,&nbsp,287,AD 47,2025-11-05_01:52:52.004017
ED   50,97.98%,YES,&nbsp,176,AD 47,2025-11-05_01:52:52.004017
ED   50,97.98%,NO,&nbsp,356,AD 47,2025-11-05_01:52:52.004017
ED   51,97.98%,YES,&nbsp,14,AD 47,2025-11-05_01:52:52.004017
ED   51,97.98%,NO,&nbsp,41,AD 47,2025-11-05_01:52:52.004017
ED   52,97.98%,YES,&nbsp,71,AD 47,2025-11-05_01:52:52.004017
ED   52,97.98%,NO,&nbsp,111,AD 47,2025-11-05_01:52:52.004017
ED   53,97.98%,YES,&nbsp,99,AD 47,2025-11-05_01:52:52.004017
ED   53,97.98%,NO,&nbsp,145,AD 47,2025-11-05_01:52:52.004017
ED   54,97.98%,YES,&nbsp,110,AD 47,2025-11-05_01:52:52.004017
ED   54,97.98%,NO,&nbsp,204,AD 47,2025-11-05_01:52:52.004017
ED   55,97.98%,YES,&nbsp,11,AD 47,2025-11-05_01:52:52.004017
ED   55,97.98%,NO,&nbsp,27,AD 47,2025-11-05_01:52:52.004017
ED   56,97.98%,YES,&nbsp,18,AD 47,2025-11-05_01:52:52.004017
ED   56,97.98%,NO,&nbsp,25,AD 47,2025-11-05_01:52:52.004017
ED   57,97.98%,YES,&nbsp,0,AD 47,2025-11-05_01:52:52.004017
ED   57,97.98%,NO,&nbsp,0,AD 47,2025-11-05_01:52:52.004017
Total,,YES,&nbsp,5747,AD 47,2025-11-05_01:52:52.004017
Total,,NO,&nbsp,9544,AD 47,2025-11-05_01:52:52.004017
ED    1,97.98%,YES,&nbsp,48,AD 48,2025-11-05_01:52:52.004017
ED    1,97.98%,NO,&nbsp,77,AD 48,2025-11-05_01:52:52.004017
ED    2,97.98%,YES,&nbsp,91,AD 48,2025-11-05_01:52:52.004017
ED    2,97.98%,NO,&nbsp,314,AD 48,2025-11-05_01:52:52.004017
ED    3,97.98%,YES,&nbsp,59,AD 48,2025-11-05_01:52:52.004017
ED    3,97.98%,NO,&nbsp,325,AD 48,2025-11-05_01:52:52.004017
ED    4,97.98%,YES,&nbsp,110,AD 48,2025-11-05_01:52:52.004017
ED    4,97.98%,NO,&nbsp,387,AD 48,2025-11-05_01:52:52.004017
ED    5,97.98%,YES,&nbsp,69,AD 48,2025-11-05_01:52:52.004017
ED    5,97.98%,NO,&nbsp,189,AD 48,2025-11-05_01:52:52.004017
ED    6,97.98%,YES,&nbsp,139,AD 48,2025-11-05_01:52:52.004017
ED    6,97.98%,NO,&nbsp,518,AD 48,2025-11-05_01:52:52.004017
ED    7,97.98%,YES,&nbsp,105,AD 48,2025-11-05_01:52:52.004017
ED    7,97.98%,NO,&nbsp,513,AD 48,2025-11-05_01:52:52.004017
ED    8,97.98%,YES,&nbsp,96,AD 48,2025-11-05_01:52:52.004017
ED    8,97.98%,NO,&nbsp,337,AD 48,2025-11-05_01:52:52.004017
ED    9,97.98%,YES,&nbsp,89,AD 48,2025-11-05_01:52:52.004017
ED    9,97.98%,NO,&nbsp,332,AD 48,2025-11-05_01:52:52.004017
ED   10,97.98%,YES,&nbsp,120,AD 48,2025-11-05_01:52:52.004017
ED   10,97.98%,NO,&nbsp,435,AD 48,2025-11-05_01:52:52.004017
ED   11,97.98%,YES,&nbsp,29,AD 48,2025-11-05_01:52:52.004017
ED   11,97.98%,NO,&nbsp,199,AD 48,2025-11-05_01:52:52.004017
ED   12,97.98%,YES,&nbsp,43,AD 48,2025-11-05_01:52:52.004017
ED   12,97.98%,NO,&nbsp,274,AD 48,2025-11-05_01:52:52.004017
ED   13,97.98%,YES,&nbsp,100,AD 48,2025-11-05_01:52:52.004017
ED   13,97.98%,NO,&nbsp,394,AD 48,2025-11-05_01:52:52.004017
ED   14,97.98%,YES,&nbsp,64,AD 48,2025-11-05_01:52:52.004017
ED   14,97.98%,NO,&nbsp,166,AD 48,2025-11-05_01:52:52.004017
ED   15,97.98%,YES,&nbsp,190,AD 48,2025-11-05_01:52:52.004017
ED   15,97.98%,NO,&nbsp,420,AD 48,2025-11-05_01:52:52.004017
ED   16,97.98%,YES,&nbsp,122,AD 48,2025-11-05_01:52:52.004017
ED   16,97.98%,NO,&nbsp,371,AD 48,2025-11-05_01:52:52.004017
ED   17,97.98%,YES,&nbsp,1,AD 48,2025-11-05_01:52:52.004017
ED   17,97.98%,NO,&nbsp,8,AD 48,2025-11-05_01:52:52.004017
ED   18,97.98%,YES,&nbsp,57,AD 48,2025-11-05_01:52:52.004017
ED   18,97.98%,NO,&nbsp,119,AD 48,2025-11-05_01:52:52.004017
ED   19,97.98%,YES,&nbsp,137,AD 48,2025-11-05_01:52:52.004017
ED   19,97.98%,NO,&nbsp,331,AD 48,2025-11-05_01:52:52.004017
ED   20,97.98%,YES,&nbsp,106,AD 48,2025-11-05_01:52:52.004017
ED   20,97.98%,NO,&nbsp,288,AD 48,2025-11-05_01:52:52.004017
ED   21,97.98%,YES,&nbsp,51,AD 48,2025-11-05_01:52:52.004017
ED   21,97.98%,NO,&nbsp,92,AD 48,2025-11-05_01:52:52.004017
ED   22,97.98%,YES,&nbsp,18,AD 48,2025-11-05_01:52:52.004017
ED   22,97.98%,NO,&nbsp,91,AD 48,2025-11-05_01:52:52.004017
ED   23,97.98%,YES,&nbsp,112,AD 48,2025-11-05_01:52:52.004017
ED   23,97.98%,NO,&nbsp,358,AD 48,2025-11-05_01:52:52.004017
ED   24,97.98%,YES,&nbsp,133,AD 48,2025-11-05_01:52:52.004017
ED   24,97.98%,NO,&nbsp,269,AD 48,2025-11-05_01:52:52.004017
ED   25,97.98%,YES,&nbsp,124,AD 48,2025-11-05_01:52:52.004017
ED   25,97.98%,NO,&nbsp,453,AD 48,2025-11-05_01:52:52.004017
ED   26,97.98%,YES,&nbsp,81,AD 48,2025-11-05_01:52:52.004017
ED   26,97.98%,NO,&nbsp,571,AD 48,2025-11-05_01:52:52.004017
ED   27,97.98%,YES,&nbsp,55,AD 48,2025-11-05_01:52:52.004017
ED   27,97.98%,NO,&nbsp,338,AD 48,2025-11-05_01:52:52.004017
ED   28,97.98%,YES,&nbsp,94,AD 48,2025-11-05_01:52:52.004017
ED   28,97.98%,NO,&nbsp,311,AD 48,2025-11-05_01:52:52.004017
ED   29,97.98%,YES,&nbsp,98,AD 48,2025-11-05_01:52:52.004017
ED   29,97.98%,NO,&nbsp,407,AD 48,2025-11-05_01:52:52.004017
ED   30,97.98%,YES,&nbsp,79,AD 48,2025-11-05_01:52:52.004017
ED   30,97.98%,NO,&nbsp,426,AD 48,2025-11-05_01:52:52.004017
ED   31,97.98%,YES,&nbsp,11,AD 48,2025-11-05_01:52:52.004017
ED   31,97.98%,NO,&nbsp,52,AD 48,2025-11-05_01:52:52.004017
ED   32,97.98%,YES,&nbsp,38,AD 48,2025-11-05_01:52:52.004017
ED   32,97.98%,NO,&nbsp,372,AD 48,2025-11-05_01:52:52.004017
ED   33,97.98%,YES,&nbsp,112,AD 48,2025-11-05_01:52:52.004017
ED   33,97.98%,NO,&nbsp,356,AD 48,2025-11-05_01:52:52.004017
ED   34,97.98%,YES,&nbsp,46,AD 48,2025-11-05_01:52:52.004017
ED   34,97.98%,NO,&nbsp,253,AD 48,2025-11-05_01:52:52.004017
ED   35,97.98%,YES,&nbsp,113,AD 48,2025-11-05_01:52:52.004017
ED   35,97.98%,NO,&nbsp,397,AD 48,2025-11-05_01:52:52.004017
ED   36,97.98%,YES,&nbsp,108,AD 48,2025-11-05_01:52:52.004017
ED   36,97.98%,NO,&nbsp,203,AD 48,2025-11-05_01:52:52.004017
ED   37,97.98%,YES,&nbsp,91,AD 48,2025-11-05_01:52:52.004017
ED   37,97.98%,NO,&nbsp,235,AD 48,2025-11-05_01:52:52.004017
ED   38,97.98%,YES,&nbsp,171,AD 48,2025-11-05_01:52:52.004017
ED   38,97.98%,NO,&nbsp,548,AD 48,2025-11-05_01:52:52.004017
ED   39,97.98%,YES,&nbsp,142,AD 48,2025-11-05_01:52:52.004017
ED   39,97.98%,NO,&nbsp,398,AD 48,2025-11-05_01:52:52.004017
ED   40,97.98%,YES,&nbsp,135,AD 48,2025-11-05_01:52:52.004017
ED   40,97.98%,NO,&nbsp,539,AD 48,2025-11-05_01:52:52.004017
ED   41,97.98%,YES,&nbsp,96,AD 48,2025-11-05_01:52:52.004017
ED   41,97.98%,NO,&nbsp,473,AD 48,2025-11-05_01:52:52.004017
ED   42,97.98%,YES,&nbsp,89,AD 48,2025-11-05_01:52:52.004017
ED   42,97.98%,NO,&nbsp,442,AD 48,2025-11-05_01:52:52.004017
ED   43,97.98%,YES,&nbsp,82,AD 48,2025-11-05_01:52:52.004017
ED   43,97.98%,NO,&nbsp,375,AD 48,2025-11-05_01:52:52.004017
ED   44,97.98%,YES,&nbsp,85,AD 48,2025-11-05_01:52:52.004017
ED   44,97.98%,NO,&nbsp,328,AD 48,2025-11-05_01:52:52.004017
ED   45,97.98%,YES,&nbsp,96,AD 48,2025-11-05_01:52:52.004017
ED   45,97.98%,NO,&nbsp,329,AD 48,2025-11-05_01:52:52.004017
ED   46,97.98%,YES,&nbsp,110,AD 48,2025-11-05_01:52:52.004017
ED   46,97.98%,NO,&nbsp,376,AD 48,2025-11-05_01:52:52.004017
ED   47,97.98%,YES,&nbsp,89,AD 48,2025-11-05_01:52:52.004017
ED   47,97.98%,NO,&nbsp,432,AD 48,2025-11-05_01:52:52.004017
ED   48,97.98%,YES,&nbsp,134,AD 48,2025-11-05_01:52:52.004017
ED   48,97.98%,NO,&nbsp,510,AD 48,2025-11-05_01:52:52.004017
ED   49,97.98%,YES,&nbsp,79,AD 48,2025-11-05_01:52:52.004017
ED   49,97.98%,NO,&nbsp,358,AD 48,2025-11-05_01:52:52.004017
ED   50,97.98%,YES,&nbsp,66,AD 48,2025-11-05_01:52:52.004017
ED   50,97.98%,NO,&nbsp,258,AD 48,2025-11-05_01:52:52.004017
ED   51,97.98%,YES,&nbsp,69,AD 48,2025-11-05_01:52:52.004017
ED   51,97.98%,NO,&nbsp,396,AD 48,2025-11-05_01:52:52.004017
ED   52,97.98%,YES,&nbsp,70,AD 48,2025-11-05_01:52:52.004017
ED   52,97.98%,NO,&nbsp,249,AD 48,2025-11-05_01:52:52.004017
ED   53,97.98%,YES,&nbsp,0,AD 48,2025-11-05_01:52:52.004017
ED   53,97.98%,NO,&nbsp,0,AD 48,2025-11-05_01:52:52.004017
Total,,YES,&nbsp,4652,AD 48,2025-11-05_01:52:52.004017
Total,,NO,&nbsp,17192,AD 48,2025-11-05_01:52:52.004017
ED    1,97.98%,YES,&nbsp,92,AD 49,2025-11-05_01:52:52.004017
ED    1,97.98%,NO,&nbsp,144,AD 49,2025-11-05_01:52:52.004017
ED    2,97.98%,YES,&nbsp,11,AD 49,2025-11-05_01:52:52.004017
ED    2,97.98%,NO,&nbsp,21,AD 49,2025-11-05_01:52:52.004017
ED    3,97.98%,YES,&nbsp,9,AD 49,2025-11-05_01:52:52.004017
ED    3,97.98%,NO,&nbsp,24,AD 49,2025-11-05_01:52:52.004017
ED    4,97.98%,YES,&nbsp,60,AD 49,2025-11-05_01:52:52.004017
ED    4,97.98%,NO,&nbsp,108,AD 49,2025-11-05_01:52:52.004017
ED    5,97.98%,YES,&nbsp,54,AD 49,2025-11-05_01:52:52.004017
ED    5,97.98%,NO,&nbsp,64,AD 49,2025-11-05_01:52:52.004017
ED    6,97.98%,YES,&nbsp,80,AD 49,2025-11-05_01:52:52.004017
ED    6,97.98%,NO,&nbsp,102,AD 49,2025-11-05_01:52:52.004017
ED    7,97.98%,YES,&nbsp,63,AD 49,2025-11-05_01:52:52.004017
ED    7,97.98%,NO,&nbsp,116,AD 49,2025-11-05_01:52:52.004017
ED    8,97.98%,YES,&nbsp,76,AD 49,2025-11-05_01:52:52.004017
ED    8,97.98%,NO,&nbsp,118,AD 49,2025-11-05_01:52:52.004017
ED    9,97.98%,YES,&nbsp,67,AD 49,2025-11-05_01:52:52.004017
ED    9,97.98%,NO,&nbsp,123,AD 49,2025-11-05_01:52:52.004017
ED   10,97.98%,YES,&nbsp,63,AD 49,2025-11-05_01:52:52.004017
ED   10,97.98%,NO,&nbsp,112,AD 49,2025-11-05_01:52:52.004017
ED   11,97.98%,YES,&nbsp,82,AD 49,2025-11-05_01:52:52.004017
ED   11,97.98%,NO,&nbsp,110,AD 49,2025-11-05_01:52:52.004017
ED   12,97.98%,YES,&nbsp,77,AD 49,2025-11-05_01:52:52.004017
ED   12,97.98%,NO,&nbsp,109,AD 49,2025-11-05_01:52:52.004017
ED   13,97.98%,YES,&nbsp,14,AD 49,2025-11-05_01:52:52.004017
ED   13,97.98%,NO,&nbsp,15,AD 49,2025-11-05_01:52:52.004017
ED   14,97.98%,YES,&nbsp,33,AD 49,2025-11-05_01:52:52.004017
ED   14,97.98%,NO,&nbsp,85,AD 49,2025-11-05_01:52:52.004017
ED   15,97.98%,YES,&nbsp,94,AD 49,2025-11-05_01:52:52.004017
ED   15,97.98%,NO,&nbsp,139,AD 49,2025-11-05_01:52:52.004017
ED   16,97.98%,YES,&nbsp,125,AD 49,2025-11-05_01:52:52.004017
ED   16,97.98%,NO,&nbsp,167,AD 49,2025-11-05_01:52:52.004017
ED   17,97.98%,YES,&nbsp,161,AD 49,2025-11-05_01:52:52.004017
ED   17,97.98%,NO,&nbsp,259,AD 49,2025-11-05_01:52:52.004017
ED   18,97.98%,YES,&nbsp,129,AD 49,2025-11-05_01:52:52.004017
ED   18,97.98%,NO,&nbsp,211,AD 49,2025-11-05_01:52:52.004017
ED   19,97.98%,YES,&nbsp,97,AD 49,2025-11-05_01:52:52.004017
ED   19,97.98%,NO,&nbsp,142,AD 49,2025-11-05_01:52:52.004017
ED   20,97.98%,YES,&nbsp,62,AD 49,2025-11-05_01:52:52.004017
ED   20,97.98%,NO,&nbsp,107,AD 49,2025-11-05_01:52:52.004017
ED   21,97.98%,YES,&nbsp,63,AD 49,2025-11-05_01:52:52.004017
ED   21,97.98%,NO,&nbsp,154,AD 49,2025-11-05_01:52:52.004017
ED   22,97.98%,YES,&nbsp,64,AD 49,2025-11-05_01:52:52.004017
ED   22,97.98%,NO,&nbsp,122,AD 49,2025-11-05_01:52:52.004017
ED   23,97.98%,YES,&nbsp,42,AD 49,2025-11-05_01:52:52.004017
ED   23,97.98%,NO,&nbsp,51,AD 49,2025-11-05_01:52:52.004017
ED   24,97.98%,YES,&nbsp,91,AD 49,2025-11-05_01:52:52.004017
ED   24,97.98%,NO,&nbsp,209,AD 49,2025-11-05_01:52:52.004017
ED   25,97.98%,YES,&nbsp,40,AD 49,2025-11-05_01:52:52.004017
ED   25,97.98%,NO,&nbsp,71,AD 49,2025-11-05_01:52:52.004017
ED   26,97.98%,YES,&nbsp,101,AD 49,2025-11-05_01:52:52.004017
ED   26,97.98%,NO,&nbsp,197,AD 49,2025-11-05_01:52:52.004017
ED   27,97.98%,YES,&nbsp,111,AD 49,2025-11-05_01:52:52.004017
ED   27,97.98%,NO,&nbsp,226,AD 49,2025-11-05_01:52:52.004017
ED   28,97.98%,YES,&nbsp,101,AD 49,2025-11-05_01:52:52.004017
ED   28,97.98%,NO,&nbsp,153,AD 49,2025-11-05_01:52:52.004017
ED   29,97.98%,YES,&nbsp,62,AD 49,2025-11-05_01:52:52.004017
ED   29,97.98%,NO,&nbsp,144,AD 49,2025-11-05_01:52:52.004017
ED   30,97.98%,YES,&nbsp,127,AD 49,2025-11-05_01:52:52.004017
ED   30,97.98%,NO,&nbsp,215,AD 49,2025-11-05_01:52:52.004017
ED   31,97.98%,YES,&nbsp,121,AD 49,2025-11-05_01:52:52.004017
ED   31,97.98%,NO,&nbsp,215,AD 49,2025-11-05_01:52:52.004017
ED   32,97.98%,YES,&nbsp,128,AD 49,2025-11-05_01:52:52.004017
ED   32,97.98%,NO,&nbsp,219,AD 49,2025-11-05_01:52:52.004017
ED   33,97.98%,YES,&nbsp,143,AD 49,2025-11-05_01:52:52.004017
ED   33,97.98%,NO,&nbsp,275,AD 49,2025-11-05_01:52:52.004017
ED   34,97.98%,YES,&nbsp,74,AD 49,2025-11-05_01:52:52.004017
ED   34,97.98%,NO,&nbsp,127,AD 49,2025-11-05_01:52:52.004017
ED   35,97.98%,YES,&nbsp,130,AD 49,2025-11-05_01:52:52.004017
ED   35,97.98%,NO,&nbsp,293,AD 49,2025-11-05_01:52:52.004017
ED   36,97.98%,YES,&nbsp,129,AD 49,2025-11-05_01:52:52.004017
ED   36,97.98%,NO,&nbsp,285,AD 49,2025-11-05_01:52:52.004017
ED   37,97.98%,YES,&nbsp,182,AD 49,2025-11-05_01:52:52.004017
ED   37,97.98%,NO,&nbsp,271,AD 49,2025-11-05_01:52:52.004017
ED   38,97.98%,YES,&nbsp,91,AD 49,2025-11-05_01:52:52.004017
ED   38,97.98%,NO,&nbsp,129,AD 49,2025-11-05_01:52:52.004017
ED   39,97.98%,YES,&nbsp,163,AD 49,2025-11-05_01:52:52.004017
ED   39,97.98%,NO,&nbsp,311,AD 49,2025-11-05_01:52:52.004017
ED   40,97.98%,YES,&nbsp,116,AD 49,2025-11-05_01:52:52.004017
ED   40,97.98%,NO,&nbsp,266,AD 49,2025-11-05_01:52:52.004017
ED   41,97.98%,YES,&nbsp,216,AD 49,2025-11-05_01:52:52.004017
ED   41,97.98%,NO,&nbsp,371,AD 49,2025-11-05_01:52:52.004017
ED   42,97.98%,YES,&nbsp,113,AD 49,2025-11-05_01:52:52.004017
ED   42,97.98%,NO,&nbsp,176,AD 49,2025-11-05_01:52:52.004017
ED   43,97.98%,YES,&nbsp,131,AD 49,2025-11-05_01:52:52.004017
ED   43,97.98%,NO,&nbsp,169,AD 49,2025-11-05_01:52:52.004017
ED   44,97.98%,YES,&nbsp,43,AD 49,2025-11-05_01:52:52.004017
ED   44,97.98%,NO,&nbsp,74,AD 49,2025-11-05_01:52:52.004017
ED   45,97.98%,YES,&nbsp,37,AD 49,2025-11-05_01:52:52.004017
ED   45,97.98%,NO,&nbsp,79,AD 49,2025-11-05_01:52:52.004017
ED   46,97.98%,YES,&nbsp,0,AD 49,2025-11-05_01:52:52.004017
ED   46,97.98%,NO,&nbsp,5,AD 49,2025-11-05_01:52:52.004017
ED   47,97.98%,YES,&nbsp,86,AD 49,2025-11-05_01:52:52.004017
ED   47,97.98%,NO,&nbsp,149,AD 49,2025-11-05_01:52:52.004017
ED   48,97.98%,YES,&nbsp,31,AD 49,2025-11-05_01:52:52.004017
ED   48,97.98%,NO,&nbsp,50,AD 49,2025-11-05_01:52:52.004017
ED   49,97.98%,YES,&nbsp,38,AD 49,2025-11-05_01:52:52.004017
ED   49,97.98%,NO,&nbsp,59,AD 49,2025-11-05_01:52:52.004017
ED   50,97.98%,YES,&nbsp,19,AD 49,2025-11-05_01:52:52.004017
ED   50,97.98%,NO,&nbsp,56,AD 49,2025-11-05_01:52:52.004017
ED   51,97.98%,YES,&nbsp,69,AD 49,2025-11-05_01:52:52.004017
ED   51,97.98%,NO,&nbsp,138,AD 49,2025-11-05_01:52:52.004017
ED   52,97.98%,YES,&nbsp,44,AD 49,2025-11-05_01:52:52.004017
ED   52,97.98%,NO,&nbsp,68,AD 49,2025-11-05_01:52:52.004017
ED   53,97.98%,YES,&nbsp,0,AD 49,2025-11-05_01:52:52.004017
ED   53,97.98%,NO,&nbsp,0,AD 49,2025-11-05_01:52:52.004017
ED   54,97.98%,YES,&nbsp,0,AD 49,2025-11-05_01:52:52.004017
ED   54,97.98%,NO,&nbsp,0,AD 49,2025-11-05_01:52:52.004017
ED   55,97.98%,YES,&nbsp,0,AD 49,2025-11-05_01:52:52.004017
ED   55,97.98%,NO,&nbsp,0,AD 49,2025-11-05_01:52:52.004017
Total,,YES,&nbsp,4355,AD 49,2025-11-05_01:52:52.004017
Total,,NO,&nbsp,7603,AD 49,2025-11-05_01:52:52.004017
ED    1,97.98%,YES,&nbsp,451,AD 50,2025-11-05_01:52:52.004017
ED    1,97.98%,NO,&nbsp,549,AD 50,2025-11-05_01:52:52.004017
ED    2,97.98%,YES,&nbsp,361,AD 50,2025-11-05_01:52:52.004017
ED    2,97.98%,NO,&nbsp,408,AD 50,2025-11-05_01:52:52.004017
ED    3,97.98%,YES,&nbsp,388,AD 50,2025-11-05_01:52:52.004017
ED    3,97.98%,NO,&nbsp,402,AD 50,2025-11-05_01:52:52.004017
ED    4,97.98%,YES,&nbsp,292,AD 50,2025-11-05_01:52:52.004017
ED    4,97.98%,NO,&nbsp,367,AD 50,2025-11-05_01:52:52.004017
ED    5,97.98%,YES,&nbsp,278,AD 50,2025-11-05_01:52:52.004017
ED    5,97.98%,NO,&nbsp,374,AD 50,2025-11-05_01:52:52.004017
ED    6,97.98%,YES,&nbsp,227,AD 50,2025-11-05_01:52:52.004017
ED    6,97.98%,NO,&nbsp,283,AD 50,2025-11-05_01:52:52.004017
ED    7,97.98%,YES,&nbsp,251,AD 50,2025-11-05_01:52:52.004017
ED    7,97.98%,NO,&nbsp,283,AD 50,2025-11-05_01:52:52.004017
ED    8,97.98%,YES,&nbsp,496,AD 50,2025-11-05_01:52:52.004017
ED    8,97.98%,NO,&nbsp,459,AD 50,2025-11-05_01:52:52.004017
ED    9,97.98%,YES,&nbsp,211,AD 50,2025-11-05_01:52:52.004017
ED    9,97.98%,NO,&nbsp,186,AD 50,2025-11-05_01:52:52.004017
ED   10,97.98%,YES,&nbsp,169,AD 50,2025-11-05_01:52:52.004017
ED   10,97.98%,NO,&nbsp,191,AD 50,2025-11-05_01:52:52.004017
ED   11,97.98%,YES,&nbsp,268,AD 50,2025-11-05_01:52:52.004017
ED   11,97.98%,NO,&nbsp,285,AD 50,2025-11-05_01:52:52.004017
ED   12,97.98%,YES,&nbsp,273,AD 50,2025-11-05_01:52:52.004017
ED   12,97.98%,NO,&nbsp,207,AD 50,2025-11-05_01:52:52.004017
ED   13,97.98%,YES,&nbsp,323,AD 50,2025-11-05_01:52:52.004017
ED   13,97.98%,NO,&nbsp,314,AD 50,2025-11-05_01:52:52.004017
ED   14,97.98%,YES,&nbsp,370,AD 50,2025-11-05_01:52:52.004017
ED   14,97.98%,NO,&nbsp,386,AD 50,2025-11-05_01:52:52.004017
ED   15,97.98%,YES,&nbsp,297,AD 50,2025-11-05_01:52:52.004017
ED   15,97.98%,NO,&nbsp,317,AD 50,2025-11-05_01:52:52.004017
ED   16,97.98%,YES,&nbsp,312,AD 50,2025-11-05_01:52:52.004017
ED   16,97.98%,NO,&nbsp,431,AD 50,2025-11-05_01:52:52.004017
ED   17,97.98%,YES,&nbsp,407,AD 50,2025-11-05_01:52:52.004017
ED   17,97.98%,NO,&nbsp,441,AD 50,2025-11-05_01:52:52.004017
ED   18,97.98%,YES,&nbsp,309,AD 50,2025-11-05_01:52:52.004017
ED   18,97.98%,NO,&nbsp,368,AD 50,2025-11-05_01:52:52.004017
ED   19,97.98%,YES,&nbsp,319,AD 50,2025-11-05_01:52:52.004017
ED   19,97.98%,NO,&nbsp,460,AD 50,2025-11-05_01:52:52.004017
ED   20,97.98%,YES,&nbsp,340,AD 50,2025-11-05_01:52:52.004017
ED   20,97.98%,NO,&nbsp,468,AD 50,2025-11-05_01:52:52.004017
ED   21,97.98%,YES,&nbsp,348,AD 50,2025-11-05_01:52:52.004017
ED   21,97.98%,NO,&nbsp,394,AD 50,2025-11-05_01:52:52.004017
ED   22,97.98%,YES,&nbsp,398,AD 50,2025-11-05_01:52:52.004017
ED   22,97.98%,NO,&nbsp,376,AD 50,2025-11-05_01:52:52.004017
ED   23,97.98%,YES,&nbsp,369,AD 50,2025-11-05_01:52:52.004017
ED   23,97.98%,NO,&nbsp,361,AD 50,2025-11-05_01:52:52.004017
ED   24,97.98%,YES,&nbsp,258,AD 50,2025-11-05_01:52:52.004017
ED   24,97.98%,NO,&nbsp,252,AD 50,2025-11-05_01:52:52.004017
ED   25,97.98%,YES,&nbsp,279,AD 50,2025-11-05_01:52:52.004017
ED   25,97.98%,NO,&nbsp,292,AD 50,2025-11-05_01:52:52.004017
ED   26,97.98%,YES,&nbsp,440,AD 50,2025-11-05_01:52:52.004017
ED   26,97.98%,NO,&nbsp,428,AD 50,2025-11-05_01:52:52.004017
ED   27,97.98%,YES,&nbsp,343,AD 50,2025-11-05_01:52:52.004017
ED   27,97.98%,NO,&nbsp,298,AD 50,2025-11-05_01:52:52.004017
ED   28,97.98%,YES,&nbsp,136,AD 50,2025-11-05_01:52:52.004017
ED   28,97.98%,NO,&nbsp,190,AD 50,2025-11-05_01:52:52.004017
ED   29,97.98%,YES,&nbsp,369,AD 50,2025-11-05_01:52:52.004017
ED   29,97.98%,NO,&nbsp,304,AD 50,2025-11-05_01:52:52.004017
ED   30,97.98%,YES,&nbsp,336,AD 50,2025-11-05_01:52:52.004017
ED   30,97.98%,NO,&nbsp,282,AD 50,2025-11-05_01:52:52.004017
ED   31,97.98%,YES,&nbsp,250,AD 50,2025-11-05_01:52:52.004017
ED   31,97.98%,NO,&nbsp,208,AD 50,2025-11-05_01:52:52.004017
ED   32,97.98%,YES,&nbsp,173,AD 50,2025-11-05_01:52:52.004017
ED   32,97.98%,NO,&nbsp,238,AD 50,2025-11-05_01:52:52.004017
ED   33,97.98%,YES,&nbsp,203,AD 50,2025-11-05_01:52:52.004017
ED   33,97.98%,NO,&nbsp,260,AD 50,2025-11-05_01:52:52.004017
ED   34,97.98%,YES,&nbsp,210,AD 50,2025-11-05_01:52:52.004017
ED   34,97.98%,NO,&nbsp,274,AD 50,2025-11-05_01:52:52.004017
ED   35,97.98%,YES,&nbsp,99,AD 50,2025-11-05_01:52:52.004017
ED   35,97.98%,NO,&nbsp,140,AD 50,2025-11-05_01:52:52.004017
ED   36,97.98%,YES,&nbsp,59,AD 50,2025-11-05_01:52:52.004017
ED   36,97.98%,NO,&nbsp,68,AD 50,2025-11-05_01:52:52.004017
ED   37,97.98%,YES,&nbsp,92,AD 50,2025-11-05_01:52:52.004017
ED   37,97.98%,NO,&nbsp,132,AD 50,2025-11-05_01:52:52.004017
ED   38,97.98%,YES,&nbsp,84,AD 50,2025-11-05_01:52:52.004017
ED   38,97.98%,NO,&nbsp,135,AD 50,2025-11-05_01:52:52.004017
ED   39,97.98%,YES,&nbsp,39,AD 50,2025-11-05_01:52:52.004017
ED   39,97.98%,NO,&nbsp,79,AD 50,2025-11-05_01:52:52.004017
ED   40,97.98%,YES,&nbsp,77,AD 50,2025-11-05_01:52:52.004017
ED   40,97.98%,NO,&nbsp,148,AD 50,2025-11-05_01:52:52.004017
ED   41,97.98%,YES,&nbsp,107,AD 50,2025-11-05_01:52:52.004017
ED   41,97.98%,NO,&nbsp,121,AD 50,2025-11-05_01:52:52.004017
ED   42,97.98%,YES,&nbsp,54,AD 50,2025-11-05_01:52:52.004017
ED   42,97.98%,NO,&nbsp,120,AD 50,2025-11-05_01:52:52.004017
ED   43,97.98%,YES,&nbsp,55,AD 50,2025-11-05_01:52:52.004017
ED   43,97.98%,NO,&nbsp,104,AD 50,2025-11-05_01:52:52.004017
ED   44,97.98%,YES,&nbsp,96,AD 50,2025-11-05_01:52:52.004017
ED   44,97.98%,NO,&nbsp,209,AD 50,2025-11-05_01:52:52.004017
ED   45,97.98%,YES,&nbsp,72,AD 50,2025-11-05_01:52:52.004017
ED   45,97.98%,NO,&nbsp,130,AD 50,2025-11-05_01:52:52.004017
ED   46,97.98%,YES,&nbsp,67,AD 50,2025-11-05_01:52:52.004017
ED   46,97.98%,NO,&nbsp,160,AD 50,2025-11-05_01:52:52.004017
ED   47,97.98%,YES,&nbsp,54,AD 50,2025-11-05_01:52:52.004017
ED   47,97.98%,NO,&nbsp,128,AD 50,2025-11-05_01:52:52.004017
ED   48,97.98%,YES,&nbsp,48,AD 50,2025-11-05_01:52:52.004017
ED   48,97.98%,NO,&nbsp,132,AD 50,2025-11-05_01:52:52.004017
ED   49,97.98%,YES,&nbsp,37,AD 50,2025-11-05_01:52:52.004017
ED   49,97.98%,NO,&nbsp,85,AD 50,2025-11-05_01:52:52.004017
ED   50,97.98%,YES,&nbsp,228,AD 50,2025-11-05_01:52:52.004017
ED   50,97.98%,NO,&nbsp,225,AD 50,2025-11-05_01:52:52.004017
ED   51,97.98%,YES,&nbsp,243,AD 50,2025-11-05_01:52:52.004017
ED   51,97.98%,NO,&nbsp,253,AD 50,2025-11-05_01:52:52.004017
ED   52,97.98%,YES,&nbsp,297,AD 50,2025-11-05_01:52:52.004017
ED   52,97.98%,NO,&nbsp,372,AD 50,2025-11-05_01:52:52.004017
ED   53,97.98%,YES,&nbsp,337,AD 50,2025-11-05_01:52:52.004017
ED   53,97.98%,NO,&nbsp,328,AD 50,2025-11-05_01:52:52.004017
ED   54,97.98%,YES,&nbsp,207,AD 50,2025-11-05_01:52:52.004017
ED   54,97.98%,NO,&nbsp,171,AD 50,2025-11-05_01:52:52.004017
ED   55,97.98%,YES,&nbsp,113,AD 50,2025-11-05_01:52:52.004017
ED   55,97.98%,NO,&nbsp,95,AD 50,2025-11-05_01:52:52.004017
ED   56,97.98%,YES,&nbsp,418,AD 50,2025-11-05_01:52:52.004017
ED   56,97.98%,NO,&nbsp,432,AD 50,2025-11-05_01:52:52.004017
ED   57,97.98%,YES,&nbsp,457,AD 50,2025-11-05_01:52:52.004017
ED   57,97.98%,NO,&nbsp,489,AD 50,2025-11-05_01:52:52.004017
ED   58,97.98%,YES,&nbsp,378,AD 50,2025-11-05_01:52:52.004017
ED   58,97.98%,NO,&nbsp,419,AD 50,2025-11-05_01:52:52.004017
ED   59,97.98%,YES,&nbsp,407,AD 50,2025-11-05_01:52:52.004017
ED   59,97.98%,NO,&nbsp,426,AD 50,2025-11-05_01:52:52.004017
ED   60,97.98%,YES,&nbsp,331,AD 50,2025-11-05_01:52:52.004017
ED   60,97.98%,NO,&nbsp,359,AD 50,2025-11-05_01:52:52.004017
ED   61,97.98%,YES,&nbsp,418,AD 50,2025-11-05_01:52:52.004017
ED   61,97.98%,NO,&nbsp,430,AD 50,2025-11-05_01:52:52.004017
ED   62,97.98%,YES,&nbsp,300,AD 50,2025-11-05_01:52:52.004017
ED   62,97.98%,NO,&nbsp,371,AD 50,2025-11-05_01:52:52.004017
ED   63,97.98%,YES,&nbsp,309,AD 50,2025-11-05_01:52:52.004017
ED   63,97.98%,NO,&nbsp,340,AD 50,2025-11-05_01:52:52.004017
ED   64,97.98%,YES,&nbsp,3,AD 50,2025-11-05_01:52:52.004017
ED   64,97.98%,NO,&nbsp,3,AD 50,2025-11-05_01:52:52.004017
ED   65,97.98%,YES,&nbsp,191,AD 50,2025-11-05_01:52:52.004017
ED   65,97.98%,NO,&nbsp,176,AD 50,2025-11-05_01:52:52.004017
ED   66,97.98%,YES,&nbsp,318,AD 50,2025-11-05_01:52:52.004017
ED   66,97.98%,NO,&nbsp,294,AD 50,2025-11-05_01:52:52.004017
ED   67,97.98%,YES,&nbsp,0,AD 50,2025-11-05_01:52:52.004017
ED   67,97.98%,NO,&nbsp,0,AD 50,2025-11-05_01:52:52.004017
ED   68,97.98%,YES,&nbsp,0,AD 50,2025-11-05_01:52:52.004017
ED   68,97.98%,NO,&nbsp,0,AD 50,2025-11-05_01:52:52.004017
Total,,YES,&nbsp,16449,AD 50,2025-11-05_01:52:52.004017
Total,,NO,&nbsp,18410,AD 50,2025-11-05_01:52:52.004017
ED    1,97.98%,YES,&nbsp,122,AD 51,2025-11-05_01:52:52.004017
ED    1,97.98%,NO,&nbsp,171,AD 51,2025-11-05_01:52:52.004017
ED    2,97.98%,YES,&nbsp,120,AD 51,2025-11-05_01:52:52.004017
ED    2,97.98%,NO,&nbsp,152,AD 51,2025-11-05_01:52:52.004017
ED    3,97.98%,YES,&nbsp,96,AD 51,2025-11-05_01:52:52.004017
ED    3,97.98%,NO,&nbsp,130,AD 51,2025-11-05_01:52:52.004017
ED    4,97.98%,YES,&nbsp,93,AD 51,2025-11-05_01:52:52.004017
ED    4,97.98%,NO,&nbsp,135,AD 51,2025-11-05_01:52:52.004017
ED    5,97.98%,YES,&nbsp,82,AD 51,2025-11-05_01:52:52.004017
ED    5,97.98%,NO,&nbsp,121,AD 51,2025-11-05_01:52:52.004017
ED    6,97.98%,YES,&nbsp,148,AD 51,2025-11-05_01:52:52.004017
ED    6,97.98%,NO,&nbsp,189,AD 51,2025-11-05_01:52:52.004017
ED    7,97.98%,YES,&nbsp,149,AD 51,2025-11-05_01:52:52.004017
ED    7,97.98%,NO,&nbsp,216,AD 51,2025-11-05_01:52:52.004017
ED    8,97.98%,YES,&nbsp,150,AD 51,2025-11-05_01:52:52.004017
ED    8,97.98%,NO,&nbsp,222,AD 51,2025-11-05_01:52:52.004017
ED    9,97.98%,YES,&nbsp,146,AD 51,2025-11-05_01:52:52.004017
ED    9,97.98%,NO,&nbsp,210,AD 51,2025-11-05_01:52:52.004017
ED   10,97.98%,YES,&nbsp,91,AD 51,2025-11-05_01:52:52.004017
ED   10,97.98%,NO,&nbsp,136,AD 51,2025-11-05_01:52:52.004017
ED   11,97.98%,YES,&nbsp,136,AD 51,2025-11-05_01:52:52.004017
ED   11,97.98%,NO,&nbsp,217,AD 51,2025-11-05_01:52:52.004017
ED   12,97.98%,YES,&nbsp,82,AD 51,2025-11-05_01:52:52.004017
ED   12,97.98%,NO,&nbsp,148,AD 51,2025-11-05_01:52:52.004017
ED   13,97.98%,YES,&nbsp,161,AD 51,2025-11-05_01:52:52.004017
ED   13,97.98%,NO,&nbsp,221,AD 51,2025-11-05_01:52:52.004017
ED   14,97.98%,YES,&nbsp,158,AD 51,2025-11-05_01:52:52.004017
ED   14,97.98%,NO,&nbsp,207,AD 51,2025-11-05_01:52:52.004017
ED   15,97.98%,YES,&nbsp,143,AD 51,2025-11-05_01:52:52.004017
ED   15,97.98%,NO,&nbsp,210,AD 51,2025-11-05_01:52:52.004017
ED   16,97.98%,YES,&nbsp,159,AD 51,2025-11-05_01:52:52.004017
ED   16,97.98%,NO,&nbsp,241,AD 51,2025-11-05_01:52:52.004017
ED   17,97.98%,YES,&nbsp,145,AD 51,2025-11-05_01:52:52.004017
ED   17,97.98%,NO,&nbsp,214,AD 51,2025-11-05_01:52:52.004017
ED   18,97.98%,YES,&nbsp,261,AD 51,2025-11-05_01:52:52.004017
ED   18,97.98%,NO,&nbsp,309,AD 51,2025-11-05_01:52:52.004017
ED   19,97.98%,YES,&nbsp,175,AD 51,2025-11-05_01:52:52.004017
ED   19,97.98%,NO,&nbsp,285,AD 51,2025-11-05_01:52:52.004017
ED   20,97.98%,YES,&nbsp,170,AD 51,2025-11-05_01:52:52.004017
ED   20,97.98%,NO,&nbsp,239,AD 51,2025-11-05_01:52:52.004017
ED   21,97.98%,YES,&nbsp,333,AD 51,2025-11-05_01:52:52.004017
ED   21,97.98%,NO,&nbsp,445,AD 51,2025-11-05_01:52:52.004017
ED   22,97.98%,YES,&nbsp,367,AD 51,2025-11-05_01:52:52.004017
ED   22,97.98%,NO,&nbsp,444,AD 51,2025-11-05_01:52:52.004017
ED   23,97.98%,YES,&nbsp,232,AD 51,2025-11-05_01:52:52.004017
ED   23,97.98%,NO,&nbsp,280,AD 51,2025-11-05_01:52:52.004017
ED   24,97.98%,YES,&nbsp,343,AD 51,2025-11-05_01:52:52.004017
ED   24,97.98%,NO,&nbsp,389,AD 51,2025-11-05_01:52:52.004017
ED   25,97.98%,YES,&nbsp,243,AD 51,2025-11-05_01:52:52.004017
ED   25,97.98%,NO,&nbsp,226,AD 51,2025-11-05_01:52:52.004017
ED   26,97.98%,YES,&nbsp,370,AD 51,2025-11-05_01:52:52.004017
ED   26,97.98%,NO,&nbsp,410,AD 51,2025-11-05_01:52:52.004017
ED   27,97.98%,YES,&nbsp,96,AD 51,2025-11-05_01:52:52.004017
ED   27,97.98%,NO,&nbsp,118,AD 51,2025-11-05_01:52:52.004017
ED   28,97.98%,YES,&nbsp,474,AD 51,2025-11-05_01:52:52.004017
ED   28,97.98%,NO,&nbsp,513,AD 51,2025-11-05_01:52:52.004017
ED   29,97.98%,YES,&nbsp,474,AD 51,2025-11-05_01:52:52.004017
ED   29,97.98%,NO,&nbsp,519,AD 51,2025-11-05_01:52:52.004017
ED   30,97.98%,YES,&nbsp,81,AD 51,2025-11-05_01:52:52.004017
ED   30,97.98%,NO,&nbsp,111,AD 51,2025-11-05_01:52:52.004017
ED   31,97.98%,YES,&nbsp,45,AD 51,2025-11-05_01:52:52.004017
ED   31,97.98%,NO,&nbsp,74,AD 51,2025-11-05_01:52:52.004017
ED   32,97.98%,YES,&nbsp,69,AD 51,2025-11-05_01:52:52.004017
ED   32,97.98%,NO,&nbsp,66,AD 51,2025-11-05_01:52:52.004017
ED   33,97.98%,YES,&nbsp,273,AD 51,2025-11-05_01:52:52.004017
ED   33,97.98%,NO,&nbsp,294,AD 51,2025-11-05_01:52:52.004017
ED   34,97.98%,YES,&nbsp,136,AD 51,2025-11-05_01:52:52.004017
ED   34,97.98%,NO,&nbsp,148,AD 51,2025-11-05_01:52:52.004017
ED   35,97.98%,YES,&nbsp,97,AD 51,2025-11-05_01:52:52.004017
ED   35,97.98%,NO,&nbsp,137,AD 51,2025-11-05_01:52:52.004017
ED   36,97.98%,YES,&nbsp,164,AD 51,2025-11-05_01:52:52.004017
ED   36,97.98%,NO,&nbsp,198,AD 51,2025-11-05_01:52:52.004017
ED   37,97.98%,YES,&nbsp,80,AD 51,2025-11-05_01:52:52.004017
ED   37,97.98%,NO,&nbsp,84,AD 51,2025-11-05_01:52:52.004017
ED   38,97.98%,YES,&nbsp,90,AD 51,2025-11-05_01:52:52.004017
ED   38,97.98%,NO,&nbsp,111,AD 51,2025-11-05_01:52:52.004017
ED   39,97.98%,YES,&nbsp,26,AD 51,2025-11-05_01:52:52.004017
ED   39,97.98%,NO,&nbsp,61,AD 51,2025-11-05_01:52:52.004017
ED   40,97.98%,YES,&nbsp,291,AD 51,2025-11-05_01:52:52.004017
ED   40,97.98%,NO,&nbsp,356,AD 51,2025-11-05_01:52:52.004017
ED   41,97.98%,YES,&nbsp,281,AD 51,2025-11-05_01:52:52.004017
ED   41,97.98%,NO,&nbsp,296,AD 51,2025-11-05_01:52:52.004017
ED   42,97.98%,YES,&nbsp,412,AD 51,2025-11-05_01:52:52.004017
ED   42,97.98%,NO,&nbsp,384,AD 51,2025-11-05_01:52:52.004017
ED   43,97.98%,YES,&nbsp,181,AD 51,2025-11-05_01:52:52.004017
ED   43,97.98%,NO,&nbsp,247,AD 51,2025-11-05_01:52:52.004017
ED   44,97.98%,YES,&nbsp,337,AD 51,2025-11-05_01:52:52.004017
ED   44,97.98%,NO,&nbsp,336,AD 51,2025-11-05_01:52:52.004017
ED   45,97.98%,YES,&nbsp,217,AD 51,2025-11-05_01:52:52.004017
ED   45,97.98%,NO,&nbsp,246,AD 51,2025-11-05_01:52:52.004017
ED   46,97.98%,YES,&nbsp,133,AD 51,2025-11-05_01:52:52.004017
ED   46,97.98%,NO,&nbsp,165,AD 51,2025-11-05_01:52:52.004017
ED   47,97.98%,YES,&nbsp,138,AD 51,2025-11-05_01:52:52.004017
ED   47,97.98%,NO,&nbsp,231,AD 51,2025-11-05_01:52:52.004017
ED   48,97.98%,YES,&nbsp,50,AD 51,2025-11-05_01:52:52.004017
ED   48,97.98%,NO,&nbsp,106,AD 51,2025-11-05_01:52:52.004017
ED   49,97.98%,YES,&nbsp,74,AD 51,2025-11-05_01:52:52.004017
ED   49,97.98%,NO,&nbsp,95,AD 51,2025-11-05_01:52:52.004017
ED   50,97.98%,YES,&nbsp,58,AD 51,2025-11-05_01:52:52.004017
ED   50,97.98%,NO,&nbsp,131,AD 51,2025-11-05_01:52:52.004017
ED   51,97.98%,YES,&nbsp,69,AD 51,2025-11-05_01:52:52.004017
ED   51,97.98%,NO,&nbsp,144,AD 51,2025-11-05_01:52:52.004017
ED   52,97.98%,YES,&nbsp,147,AD 51,2025-11-05_01:52:52.004017
ED   52,97.98%,NO,&nbsp,238,AD 51,2025-11-05_01:52:52.004017
ED   53,97.98%,YES,&nbsp,112,AD 51,2025-11-05_01:52:52.004017
ED   53,97.98%,NO,&nbsp,224,AD 51,2025-11-05_01:52:52.004017
ED   54,97.98%,YES,&nbsp,0,AD 51,2025-11-05_01:52:52.004017
ED   54,97.98%,NO,&nbsp,0,AD 51,2025-11-05_01:52:52.004017
Total,,YES,&nbsp,9280,AD 51,2025-11-05_01:52:52.004017
Total,,NO,&nbsp,11800,AD 51,2025-11-05_01:52:52.004017
ED    1,97.98%,YES,&nbsp,25,AD 52,2025-11-05_01:52:52.004017
ED    1,97.98%,NO,&nbsp,73,AD 52,2025-11-05_01:52:52.004017
ED    2,97.98%,YES,&nbsp,255,AD 52,2025-11-05_01:52:52.004017
ED    2,97.98%,NO,&nbsp,301,AD 52,2025-11-05_01:52:52.004017
ED    3,97.98%,YES,&nbsp,52,AD 52,2025-11-05_01:52:52.004017
ED    3,97.98%,NO,&nbsp,69,AD 52,2025-11-05_01:52:52.004017
ED    4,97.98%,YES,&nbsp,0,AD 52,2025-11-05_01:52:52.004017
ED    4,97.98%,NO,&nbsp,2,AD 52,2025-11-05_01:52:52.004017
ED    5,97.98%,YES,&nbsp,256,AD 52,2025-11-05_01:52:52.004017
ED    5,97.98%,NO,&nbsp,230,AD 52,2025-11-05_01:52:52.004017
ED    6,97.98%,YES,&nbsp,463,AD 52,2025-11-05_01:52:52.004017
ED    6,97.98%,NO,&nbsp,362,AD 52,2025-11-05_01:52:52.004017
ED    7,97.98%,YES,&nbsp,399,AD 52,2025-11-05_01:52:52.004017
ED    7,97.98%,NO,&nbsp,249,AD 52,2025-11-05_01:52:52.004017
ED    8,97.98%,YES,&nbsp,338,AD 52,2025-11-05_01:52:52.004017
ED    8,97.98%,NO,&nbsp,250,AD 52,2025-11-05_01:52:52.004017
ED    9,97.98%,YES,&nbsp,346,AD 52,2025-11-05_01:52:52.004017
ED    9,97.98%,NO,&nbsp,302,AD 52,2025-11-05_01:52:52.004017
ED   10,97.98%,YES,&nbsp,436,AD 52,2025-11-05_01:52:52.004017
ED   10,97.98%,NO,&nbsp,423,AD 52,2025-11-05_01:52:52.004017
ED   11,97.98%,YES,&nbsp,352,AD 52,2025-11-05_01:52:52.004017
ED   11,97.98%,NO,&nbsp,408,AD 52,2025-11-05_01:52:52.004017
ED   12,97.98%,YES,&nbsp,336,AD 52,2025-11-05_01:52:52.004017
ED   12,97.98%,NO,&nbsp,351,AD 52,2025-11-05_01:52:52.004017
ED   13,97.98%,YES,&nbsp,20,AD 52,2025-11-05_01:52:52.004017
ED   13,97.98%,NO,&nbsp,49,AD 52,2025-11-05_01:52:52.004017
ED   14,97.98%,YES,&nbsp,344,AD 52,2025-11-05_01:52:52.004017
ED   14,97.98%,NO,&nbsp,315,AD 52,2025-11-05_01:52:52.004017
ED   15,97.98%,YES,&nbsp,334,AD 52,2025-11-05_01:52:52.004017
ED   15,97.98%,NO,&nbsp,285,AD 52,2025-11-05_01:52:52.004017
ED   16,97.98%,YES,&nbsp,531,AD 52,2025-11-05_01:52:52.004017
ED   16,97.98%,NO,&nbsp,419,AD 52,2025-11-05_01:52:52.004017
ED   17,97.98%,YES,&nbsp,429,AD 52,2025-11-05_01:52:52.004017
ED   17,97.98%,NO,&nbsp,384,AD 52,2025-11-05_01:52:52.004017
ED   18,97.98%,YES,&nbsp,468,AD 52,2025-11-05_01:52:52.004017
ED   18,97.98%,NO,&nbsp,318,AD 52,2025-11-05_01:52:52.004017
ED   19,97.98%,YES,&nbsp,257,AD 52,2025-11-05_01:52:52.004017
ED   19,97.98%,NO,&nbsp,206,AD 52,2025-11-05_01:52:52.004017
ED   20,97.98%,YES,&nbsp,429,AD 52,2025-11-05_01:52:52.004017
ED   20,97.98%,NO,&nbsp,336,AD 52,2025-11-05_01:52:52.004017
ED   21,97.98%,YES,&nbsp,510,AD 52,2025-11-05_01:52:52.004017
ED   21,97.98%,NO,&nbsp,406,AD 52,2025-11-05_01:52:52.004017
ED   22,97.98%,YES,&nbsp,484,AD 52,2025-11-05_01:52:52.004017
ED   22,97.98%,NO,&nbsp,423,AD 52,2025-11-05_01:52:52.004017
ED   23,97.98%,YES,&nbsp,401,AD 52,2025-11-05_01:52:52.004017
ED   23,97.98%,NO,&nbsp,325,AD 52,2025-11-05_01:52:52.004017
ED   24,97.98%,YES,&nbsp,458,AD 52,2025-11-05_01:52:52.004017
ED   24,97.98%,NO,&nbsp,368,AD 52,2025-11-05_01:52:52.004017
ED   25,97.98%,YES,&nbsp,497,AD 52,2025-11-05_01:52:52.004017
ED   25,97.98%,NO,&nbsp,390,AD 52,2025-11-05_01:52:52.004017
ED   26,97.98%,YES,&nbsp,379,AD 52,2025-11-05_01:52:52.004017
ED   26,97.98%,NO,&nbsp,291,AD 52,2025-11-05_01:52:52.004017
ED   27,97.98%,YES,&nbsp,125,AD 52,2025-11-05_01:52:52.004017
ED   27,97.98%,NO,&nbsp,117,AD 52,2025-11-05_01:52:52.004017
ED   28,97.98%,YES,&nbsp,324,AD 52,2025-11-05_01:52:52.004017
ED   28,97.98%,NO,&nbsp,258,AD 52,2025-11-05_01:52:52.004017
ED   29,97.98%,YES,&nbsp,405,AD 52,2025-11-05_01:52:52.004017
ED   29,97.98%,NO,&nbsp,351,AD 52,2025-11-05_01:52:52.004017
ED   30,97.98%,YES,&nbsp,326,AD 52,2025-11-05_01:52:52.004017
ED   30,97.98%,NO,&nbsp,334,AD 52,2025-11-05_01:52:52.004017
ED   31,97.98%,YES,&nbsp,284,AD 52,2025-11-05_01:52:52.004017
ED   31,97.98%,NO,&nbsp,279,AD 52,2025-11-05_01:52:52.004017
ED   32,97.98%,YES,&nbsp,363,AD 52,2025-11-05_01:52:52.004017
ED   32,97.98%,NO,&nbsp,303,AD 52,2025-11-05_01:52:52.004017
ED   33,97.98%,YES,&nbsp,150,AD 52,2025-11-05_01:52:52.004017
ED   33,97.98%,NO,&nbsp,108,AD 52,2025-11-05_01:52:52.004017
ED   34,97.98%,YES,&nbsp,325,AD 52,2025-11-05_01:52:52.004017
ED   34,97.98%,NO,&nbsp,235,AD 52,2025-11-05_01:52:52.004017
ED   35,97.98%,YES,&nbsp,256,AD 52,2025-11-05_01:52:52.004017
ED   35,97.98%,NO,&nbsp,239,AD 52,2025-11-05_01:52:52.004017
ED   36,97.98%,YES,&nbsp,433,AD 52,2025-11-05_01:52:52.004017
ED   36,97.98%,NO,&nbsp,349,AD 52,2025-11-05_01:52:52.004017
ED   37,97.98%,YES,&nbsp,343,AD 52,2025-11-05_01:52:52.004017
ED   37,97.98%,NO,&nbsp,258,AD 52,2025-11-05_01:52:52.004017
ED   38,97.98%,YES,&nbsp,180,AD 52,2025-11-05_01:52:52.004017
ED   38,97.98%,NO,&nbsp,152,AD 52,2025-11-05_01:52:52.004017
ED   39,97.98%,YES,&nbsp,399,AD 52,2025-11-05_01:52:52.004017
ED   39,97.98%,NO,&nbsp,327,AD 52,2025-11-05_01:52:52.004017
ED   40,97.98%,YES,&nbsp,378,AD 52,2025-11-05_01:52:52.004017
ED   40,97.98%,NO,&nbsp,318,AD 52,2025-11-05_01:52:52.004017
ED   41,97.98%,YES,&nbsp,361,AD 52,2025-11-05_01:52:52.004017
ED   41,97.98%,NO,&nbsp,309,AD 52,2025-11-05_01:52:52.004017
ED   42,97.98%,YES,&nbsp,498,AD 52,2025-11-05_01:52:52.004017
ED   42,97.98%,NO,&nbsp,385,AD 52,2025-11-05_01:52:52.004017
ED   43,97.98%,YES,&nbsp,273,AD 52,2025-11-05_01:52:52.004017
ED   43,97.98%,NO,&nbsp,289,AD 52,2025-11-05_01:52:52.004017
ED   44,97.98%,YES,&nbsp,361,AD 52,2025-11-05_01:52:52.004017
ED   44,97.98%,NO,&nbsp,324,AD 52,2025-11-05_01:52:52.004017
ED   45,97.98%,YES,&nbsp,371,AD 52,2025-11-05_01:52:52.004017
ED   45,97.98%,NO,&nbsp,300,AD 52,2025-11-05_01:52:52.004017
ED   46,97.98%,YES,&nbsp,393,AD 52,2025-11-05_01:52:52.004017
ED   46,97.98%,NO,&nbsp,309,AD 52,2025-11-05_01:52:52.004017
ED   47,97.98%,YES,&nbsp,434,AD 52,2025-11-05_01:52:52.004017
ED   47,97.98%,NO,&nbsp,324,AD 52,2025-11-05_01:52:52.004017
ED   48,97.98%,YES,&nbsp,385,AD 52,2025-11-05_01:52:52.004017
ED   48,97.98%,NO,&nbsp,361,AD 52,2025-11-05_01:52:52.004017
ED   49,97.98%,YES,&nbsp,442,AD 52,2025-11-05_01:52:52.004017
ED   49,97.98%,NO,&nbsp,370,AD 52,2025-11-05_01:52:52.004017
ED   50,97.98%,YES,&nbsp,400,AD 52,2025-11-05_01:52:52.004017
ED   50,97.98%,NO,&nbsp,467,AD 52,2025-11-05_01:52:52.004017
ED   51,97.98%,YES,&nbsp,164,AD 52,2025-11-05_01:52:52.004017
ED   51,97.98%,NO,&nbsp,137,AD 52,2025-11-05_01:52:52.004017
ED   52,97.98%,YES,&nbsp,331,AD 52,2025-11-05_01:52:52.004017
ED   52,97.98%,NO,&nbsp,262,AD 52,2025-11-05_01:52:52.004017
ED   53,97.98%,YES,&nbsp,260,AD 52,2025-11-05_01:52:52.004017
ED   53,97.98%,NO,&nbsp,194,AD 52,2025-11-05_01:52:52.004017
ED   54,97.98%,YES,&nbsp,371,AD 52,2025-11-05_01:52:52.004017
ED   54,97.98%,NO,&nbsp,317,AD 52,2025-11-05_01:52:52.004017
ED   55,97.98%,YES,&nbsp,100,AD 52,2025-11-05_01:52:52.004017
ED   55,97.98%,NO,&nbsp,117,AD 52,2025-11-05_01:52:52.004017
ED   56,97.98%,YES,&nbsp,89,AD 52,2025-11-05_01:52:52.004017
ED   56,97.98%,NO,&nbsp,91,AD 52,2025-11-05_01:52:52.004017
ED   57,97.98%,YES,&nbsp,304,AD 52,2025-11-05_01:52:52.004017
ED   57,97.98%,NO,&nbsp,252,AD 52,2025-11-05_01:52:52.004017
ED   58,97.98%,YES,&nbsp,174,AD 52,2025-11-05_01:52:52.004017
ED   58,97.98%,NO,&nbsp,142,AD 52,2025-11-05_01:52:52.004017
ED   59,97.98%,YES,&nbsp,217,AD 52,2025-11-05_01:52:52.004017
ED   59,97.98%,NO,&nbsp,210,AD 52,2025-11-05_01:52:52.004017
ED   60,97.98%,YES,&nbsp,356,AD 52,2025-11-05_01:52:52.004017
ED   60,97.98%,NO,&nbsp,310,AD 52,2025-11-05_01:52:52.004017
ED   61,97.98%,YES,&nbsp,409,AD 52,2025-11-05_01:52:52.004017
ED   61,97.98%,NO,&nbsp,411,AD 52,2025-11-05_01:52:52.004017
ED   62,97.98%,YES,&nbsp,379,AD 52,2025-11-05_01:52:52.004017
ED   62,97.98%,NO,&nbsp,361,AD 52,2025-11-05_01:52:52.004017
ED   63,97.98%,YES,&nbsp,389,AD 52,2025-11-05_01:52:52.004017
ED   63,97.98%,NO,&nbsp,370,AD 52,2025-11-05_01:52:52.004017
ED   64,97.98%,YES,&nbsp,300,AD 52,2025-11-05_01:52:52.004017
ED   64,97.98%,NO,&nbsp,295,AD 52,2025-11-05_01:52:52.004017
ED   65,97.98%,YES,&nbsp,420,AD 52,2025-11-05_01:52:52.004017
ED   65,97.98%,NO,&nbsp,303,AD 52,2025-11-05_01:52:52.004017
ED   66,97.98%,YES,&nbsp,436,AD 52,2025-11-05_01:52:52.004017
ED   66,97.98%,NO,&nbsp,325,AD 52,2025-11-05_01:52:52.004017
ED   67,97.98%,YES,&nbsp,377,AD 52,2025-11-05_01:52:52.004017
ED   67,97.98%,NO,&nbsp,338,AD 52,2025-11-05_01:52:52.004017
ED   68,97.98%,YES,&nbsp,394,AD 52,2025-11-05_01:52:52.004017
ED   68,97.98%,NO,&nbsp,363,AD 52,2025-11-05_01:52:52.004017
ED   69,97.98%,YES,&nbsp,487,AD 52,2025-11-05_01:52:52.004017
ED   69,97.98%,NO,&nbsp,399,AD 52,2025-11-05_01:52:52.004017
ED   70,97.98%,YES,&nbsp,106,AD 52,2025-11-05_01:52:52.004017
ED   70,97.98%,NO,&nbsp,97,AD 52,2025-11-05_01:52:52.004017
ED   71,97.98%,YES,&nbsp,358,AD 52,2025-11-05_01:52:52.004017
ED   71,97.98%,NO,&nbsp,291,AD 52,2025-11-05_01:52:52.004017
ED   72,97.98%,YES,&nbsp,215,AD 52,2025-11-05_01:52:52.004017
ED   72,97.98%,NO,&nbsp,149,AD 52,2025-11-05_01:52:52.004017
ED   73,97.98%,YES,&nbsp,416,AD 52,2025-11-05_01:52:52.004017
ED   73,97.98%,NO,&nbsp,345,AD 52,2025-11-05_01:52:52.004017
ED   74,97.98%,YES,&nbsp,48,AD 52,2025-11-05_01:52:52.004017
ED   74,97.98%,NO,&nbsp,24,AD 52,2025-11-05_01:52:52.004017
ED   75,97.98%,YES,&nbsp,358,AD 52,2025-11-05_01:52:52.004017
ED   75,97.98%,NO,&nbsp,245,AD 52,2025-11-05_01:52:52.004017
ED   76,97.98%,YES,&nbsp,305,AD 52,2025-11-05_01:52:52.004017
ED   76,97.98%,NO,&nbsp,241,AD 52,2025-11-05_01:52:52.004017
ED   77,97.98%,YES,&nbsp,450,AD 52,2025-11-05_01:52:52.004017
ED   77,97.98%,NO,&nbsp,379,AD 52,2025-11-05_01:52:52.004017
ED   78,97.98%,YES,&nbsp,153,AD 52,2025-11-05_01:52:52.004017
ED   78,97.98%,NO,&nbsp,141,AD 52,2025-11-05_01:52:52.004017
ED   79,97.98%,YES,&nbsp,439,AD 52,2025-11-05_01:52:52.004017
ED   79,97.98%,NO,&nbsp,342,AD 52,2025-11-05_01:52:52.004017
ED   80,97.98%,YES,&nbsp,514,AD 52,2025-11-05_01:52:52.004017
ED   80,97.98%,NO,&nbsp,338,AD 52,2025-11-05_01:52:52.004017
ED   81,97.98%,YES,&nbsp,499,AD 52,2025-11-05_01:52:52.004017
ED   81,97.98%,NO,&nbsp,381,AD 52,2025-11-05_01:52:52.004017
ED   82,97.98%,YES,&nbsp,510,AD 52,2025-11-05_01:52:52.004017
ED   82,97.98%,NO,&nbsp,369,AD 52,2025-11-05_01:52:52.004017
ED   83,97.98%,YES,&nbsp,530,AD 52,2025-11-05_01:52:52.004017
ED   83,97.98%,NO,&nbsp,385,AD 52,2025-11-05_01:52:52.004017
ED   84,97.98%,YES,&nbsp,570,AD 52,2025-11-05_01:52:52.004017
ED   84,97.98%,NO,&nbsp,472,AD 52,2025-11-05_01:52:52.004017
ED   85,97.98%,YES,&nbsp,510,AD 52,2025-11-05_01:52:52.004017
ED   85,97.98%,NO,&nbsp,367,AD 52,2025-11-05_01:52:52.004017
ED   86,97.98%,YES,&nbsp,279,AD 52,2025-11-05_01:52:52.004017
ED   86,97.98%,NO,&nbsp,254,AD 52,2025-11-05_01:52:52.004017
ED   87,97.98%,YES,&nbsp,1,AD 52,2025-11-05_01:52:52.004017
ED   87,97.98%,NO,&nbsp,0,AD 52,2025-11-05_01:52:52.004017
ED   88,97.98%,YES,&nbsp,277,AD 52,2025-11-05_01:52:52.004017
ED   88,97.98%,NO,&nbsp,280,AD 52,2025-11-05_01:52:52.004017
ED   89,97.98%,YES,&nbsp,170,AD 52,2025-11-05_01:52:52.004017
ED   89,97.98%,NO,&nbsp,190,AD 52,2025-11-05_01:52:52.004017
ED   90,97.98%,YES,&nbsp,2,AD 52,2025-11-05_01:52:52.004017
ED   90,97.98%,NO,&nbsp,2,AD 52,2025-11-05_01:52:52.004017
ED   91,97.98%,YES,&nbsp,0,AD 52,2025-11-05_01:52:52.004017
ED   91,97.98%,NO,&nbsp,0,AD 52,2025-11-05_01:52:52.004017
ED   92,97.98%,YES,&nbsp,0,AD 52,2025-11-05_01:52:52.004017
ED   92,97.98%,NO,&nbsp,0,AD 52,2025-11-05_01:52:52.004017
ED   93,97.98%,YES,&nbsp,0,AD 52,2025-11-05_01:52:52.004017
ED   93,97.98%,NO,&nbsp,0,AD 52,2025-11-05_01:52:52.004017
ED   94,97.98%,YES,&nbsp,0,AD 52,2025-11-05_01:52:52.004017
ED   94,97.98%,NO,&nbsp,0,AD 52,2025-11-05_01:52:52.004017
ED   95,97.98%,YES,&nbsp,0,AD 52,2025-11-05_01:52:52.004017
ED   95,97.98%,NO,&nbsp,0,AD 52,2025-11-05_01:52:52.004017
ED   96,97.98%,YES,&nbsp,0,AD 52,2025-11-05_01:52:52.004017
ED   96,97.98%,NO,&nbsp,0,AD 52,2025-11-05_01:52:52.004017
ED   97,97.98%,YES,&nbsp,0,AD 52,2025-11-05_01:52:52.004017
ED   97,97.98%,NO,&nbsp,0,AD 52,2025-11-05_01:52:52.004017
ED   98,97.98%,YES,&nbsp,0,AD 52,2025-11-05_01:52:52.004017
ED   98,97.98%,NO,&nbsp,0,AD 52,2025-11-05_01:52:52.004017
Total,,YES,&nbsp,29675,AD 52,2025-11-05_01:52:52.004017
Total,,NO,&nbsp,25090,AD 52,2025-11-05_01:52:52.004017
ED    1,97.98%,YES,&nbsp,225,AD 53,2025-11-05_01:52:52.004017
ED    1,97.98%,NO,&nbsp,372,AD 53,2025-11-05_01:52:52.004017
ED    2,97.98%,YES,&nbsp,249,AD 53,2025-11-05_01:52:52.004017
ED    2,97.98%,NO,&nbsp,394,AD 53,2025-11-05_01:52:52.004017
ED    3,97.98%,YES,&nbsp,192,AD 53,2025-11-05_01:52:52.004017
ED    3,97.98%,NO,&nbsp,295,AD 53,2025-11-05_01:52:52.004017
ED    4,97.98%,YES,&nbsp,107,AD 53,2025-11-05_01:52:52.004017
ED    4,97.98%,NO,&nbsp,184,AD 53,2025-11-05_01:52:52.004017
ED    5,97.98%,YES,&nbsp,153,AD 53,2025-11-05_01:52:52.004017
ED    5,97.98%,NO,&nbsp,252,AD 53,2025-11-05_01:52:52.004017
ED    6,97.98%,YES,&nbsp,112,AD 53,2025-11-05_01:52:52.004017
ED    6,97.98%,NO,&nbsp,142,AD 53,2025-11-05_01:52:52.004017
ED    7,97.98%,YES,&nbsp,125,AD 53,2025-11-05_01:52:52.004017
ED    7,97.98%,NO,&nbsp,177,AD 53,2025-11-05_01:52:52.004017
ED    8,97.98%,YES,&nbsp,137,AD 53,2025-11-05_01:52:52.004017
ED    8,97.98%,NO,&nbsp,217,AD 53,2025-11-05_01:52:52.004017
ED    9,97.98%,YES,&nbsp,190,AD 53,2025-11-05_01:52:52.004017
ED    9,97.98%,NO,&nbsp,315,AD 53,2025-11-05_01:52:52.004017
ED   10,97.98%,YES,&nbsp,245,AD 53,2025-11-05_01:52:52.004017
ED   10,97.98%,NO,&nbsp,363,AD 53,2025-11-05_01:52:52.004017
ED   11,97.98%,YES,&nbsp,125,AD 53,2025-11-05_01:52:52.004017
ED   11,97.98%,NO,&nbsp,171,AD 53,2025-11-05_01:52:52.004017
ED   12,97.98%,YES,&nbsp,114,AD 53,2025-11-05_01:52:52.004017
ED   12,97.98%,NO,&nbsp,222,AD 53,2025-11-05_01:52:52.004017
ED   13,97.98%,YES,&nbsp,299,AD 53,2025-11-05_01:52:52.004017
ED   13,97.98%,NO,&nbsp,402,AD 53,2025-11-05_01:52:52.004017
ED   14,97.98%,YES,&nbsp,281,AD 53,2025-11-05_01:52:52.004017
ED   14,97.98%,NO,&nbsp,382,AD 53,2025-11-05_01:52:52.004017
ED   15,97.98%,YES,&nbsp,218,AD 53,2025-11-05_01:52:52.004017
ED   15,97.98%,NO,&nbsp,316,AD 53,2025-11-05_01:52:52.004017
ED   16,97.98%,YES,&nbsp,235,AD 53,2025-11-05_01:52:52.004017
ED   16,97.98%,NO,&nbsp,356,AD 53,2025-11-05_01:52:52.004017
ED   17,97.98%,YES,&nbsp,203,AD 53,2025-11-05_01:52:52.004017
ED   17,97.98%,NO,&nbsp,306,AD 53,2025-11-05_01:52:52.004017
ED   18,97.98%,YES,&nbsp,250,AD 53,2025-11-05_01:52:52.004017
ED   18,97.98%,NO,&nbsp,428,AD 53,2025-11-05_01:52:52.004017
ED   19,97.98%,YES,&nbsp,279,AD 53,2025-11-05_01:52:52.004017
ED   19,97.98%,NO,&nbsp,399,AD 53,2025-11-05_01:52:52.004017
ED   20,97.98%,YES,&nbsp,334,AD 53,2025-11-05_01:52:52.004017
ED   20,97.98%,NO,&nbsp,526,AD 53,2025-11-05_01:52:52.004017
ED   21,97.98%,YES,&nbsp,300,AD 53,2025-11-05_01:52:52.004017
ED   21,97.98%,NO,&nbsp,353,AD 53,2025-11-05_01:52:52.004017
ED   22,97.98%,YES,&nbsp,305,AD 53,2025-11-05_01:52:52.004017
ED   22,97.98%,NO,&nbsp,385,AD 53,2025-11-05_01:52:52.004017
ED   23,97.98%,YES,&nbsp,221,AD 53,2025-11-05_01:52:52.004017
ED   23,97.98%,NO,&nbsp,308,AD 53,2025-11-05_01:52:52.004017
ED   24,97.98%,YES,&nbsp,272,AD 53,2025-11-05_01:52:52.004017
ED   24,97.98%,NO,&nbsp,369,AD 53,2025-11-05_01:52:52.004017
ED   25,97.98%,YES,&nbsp,245,AD 53,2025-11-05_01:52:52.004017
ED   25,97.98%,NO,&nbsp,364,AD 53,2025-11-05_01:52:52.004017
ED   26,97.98%,YES,&nbsp,259,AD 53,2025-11-05_01:52:52.004017
ED   26,97.98%,NO,&nbsp,368,AD 53,2025-11-05_01:52:52.004017
ED   27,97.98%,YES,&nbsp,256,AD 53,2025-11-05_01:52:52.004017
ED   27,97.98%,NO,&nbsp,407,AD 53,2025-11-05_01:52:52.004017
ED   28,97.98%,YES,&nbsp,243,AD 53,2025-11-05_01:52:52.004017
ED   28,97.98%,NO,&nbsp,358,AD 53,2025-11-05_01:52:52.004017
ED   29,97.98%,YES,&nbsp,244,AD 53,2025-11-05_01:52:52.004017
ED   29,97.98%,NO,&nbsp,363,AD 53,2025-11-05_01:52:52.004017
ED   30,97.98%,YES,&nbsp,158,AD 53,2025-11-05_01:52:52.004017
ED   30,97.98%,NO,&nbsp,261,AD 53,2025-11-05_01:52:52.004017
ED   31,97.98%,YES,&nbsp,192,AD 53,2025-11-05_01:52:52.004017
ED   31,97.98%,NO,&nbsp,313,AD 53,2025-11-05_01:52:52.004017
ED   32,97.98%,YES,&nbsp,220,AD 53,2025-11-05_01:52:52.004017
ED   32,97.98%,NO,&nbsp,218,AD 53,2025-11-05_01:52:52.004017
ED   33,97.98%,YES,&nbsp,117,AD 53,2025-11-05_01:52:52.004017
ED   33,97.98%,NO,&nbsp,91,AD 53,2025-11-05_01:52:52.004017
ED   34,97.98%,YES,&nbsp,74,AD 53,2025-11-05_01:52:52.004017
ED   34,97.98%,NO,&nbsp,70,AD 53,2025-11-05_01:52:52.004017
ED   35,97.98%,YES,&nbsp,151,AD 53,2025-11-05_01:52:52.004017
ED   35,97.98%,NO,&nbsp,165,AD 53,2025-11-05_01:52:52.004017
ED   36,97.98%,YES,&nbsp,228,AD 53,2025-11-05_01:52:52.004017
ED   36,97.98%,NO,&nbsp,281,AD 53,2025-11-05_01:52:52.004017
ED   37,97.98%,YES,&nbsp,155,AD 53,2025-11-05_01:52:52.004017
ED   37,97.98%,NO,&nbsp,247,AD 53,2025-11-05_01:52:52.004017
ED   38,97.98%,YES,&nbsp,173,AD 53,2025-11-05_01:52:52.004017
ED   38,97.98%,NO,&nbsp,231,AD 53,2025-11-05_01:52:52.004017
ED   39,97.98%,YES,&nbsp,173,AD 53,2025-11-05_01:52:52.004017
ED   39,97.98%,NO,&nbsp,227,AD 53,2025-11-05_01:52:52.004017
ED   40,97.98%,YES,&nbsp,178,AD 53,2025-11-05_01:52:52.004017
ED   40,97.98%,NO,&nbsp,249,AD 53,2025-11-05_01:52:52.004017
ED   41,97.98%,YES,&nbsp,293,AD 53,2025-11-05_01:52:52.004017
ED   41,97.98%,NO,&nbsp,393,AD 53,2025-11-05_01:52:52.004017
ED   42,97.98%,YES,&nbsp,103,AD 53,2025-11-05_01:52:52.004017
ED   42,97.98%,NO,&nbsp,99,AD 53,2025-11-05_01:52:52.004017
ED   43,97.98%,YES,&nbsp,288,AD 53,2025-11-05_01:52:52.004017
ED   43,97.98%,NO,&nbsp,393,AD 53,2025-11-05_01:52:52.004017
ED   44,97.98%,YES,&nbsp,199,AD 53,2025-11-05_01:52:52.004017
ED   44,97.98%,NO,&nbsp,253,AD 53,2025-11-05_01:52:52.004017
ED   45,97.98%,YES,&nbsp,201,AD 53,2025-11-05_01:52:52.004017
ED   45,97.98%,NO,&nbsp,184,AD 53,2025-11-05_01:52:52.004017
ED   46,97.98%,YES,&nbsp,224,AD 53,2025-11-05_01:52:52.004017
ED   46,97.98%,NO,&nbsp,243,AD 53,2025-11-05_01:52:52.004017
ED   47,97.98%,YES,&nbsp,213,AD 53,2025-11-05_01:52:52.004017
ED   47,97.98%,NO,&nbsp,266,AD 53,2025-11-05_01:52:52.004017
ED   48,97.98%,YES,&nbsp,224,AD 53,2025-11-05_01:52:52.004017
ED   48,97.98%,NO,&nbsp,229,AD 53,2025-11-05_01:52:52.004017
ED   49,97.98%,YES,&nbsp,247,AD 53,2025-11-05_01:52:52.004017
ED   49,97.98%,NO,&nbsp,260,AD 53,2025-11-05_01:52:52.004017
ED   50,97.98%,YES,&nbsp,261,AD 53,2025-11-05_01:52:52.004017
ED   50,97.98%,NO,&nbsp,266,AD 53,2025-11-05_01:52:52.004017
ED   51,97.98%,YES,&nbsp,168,AD 53,2025-11-05_01:52:52.004017
ED   51,97.98%,NO,&nbsp,187,AD 53,2025-11-05_01:52:52.004017
ED   52,97.98%,YES,&nbsp,221,AD 53,2025-11-05_01:52:52.004017
ED   52,97.98%,NO,&nbsp,245,AD 53,2025-11-05_01:52:52.004017
ED   53,97.98%,YES,&nbsp,296,AD 53,2025-11-05_01:52:52.004017
ED   53,97.98%,NO,&nbsp,367,AD 53,2025-11-05_01:52:52.004017
ED   54,97.98%,YES,&nbsp,261,AD 53,2025-11-05_01:52:52.004017
ED   54,97.98%,NO,&nbsp,308,AD 53,2025-11-05_01:52:52.004017
ED   55,97.98%,YES,&nbsp,251,AD 53,2025-11-05_01:52:52.004017
ED   55,97.98%,NO,&nbsp,259,AD 53,2025-11-05_01:52:52.004017
ED   56,97.98%,YES,&nbsp,281,AD 53,2025-11-05_01:52:52.004017
ED   56,97.98%,NO,&nbsp,313,AD 53,2025-11-05_01:52:52.004017
ED   57,97.98%,YES,&nbsp,86,AD 53,2025-11-05_01:52:52.004017
ED   57,97.98%,NO,&nbsp,82,AD 53,2025-11-05_01:52:52.004017
ED   58,97.98%,YES,&nbsp,192,AD 53,2025-11-05_01:52:52.004017
ED   58,97.98%,NO,&nbsp,222,AD 53,2025-11-05_01:52:52.004017
ED   59,97.98%,YES,&nbsp,166,AD 53,2025-11-05_01:52:52.004017
ED   59,97.98%,NO,&nbsp,163,AD 53,2025-11-05_01:52:52.004017
ED   60,97.98%,YES,&nbsp,430,AD 53,2025-11-05_01:52:52.004017
ED   60,97.98%,NO,&nbsp,531,AD 53,2025-11-05_01:52:52.004017
ED   61,97.98%,YES,&nbsp,381,AD 53,2025-11-05_01:52:52.004017
ED   61,97.98%,NO,&nbsp,432,AD 53,2025-11-05_01:52:52.004017
ED   62,97.98%,YES,&nbsp,172,AD 53,2025-11-05_01:52:52.004017
ED   62,97.98%,NO,&nbsp,196,AD 53,2025-11-05_01:52:52.004017
ED   63,97.98%,YES,&nbsp,126,AD 53,2025-11-05_01:52:52.004017
ED   63,97.98%,NO,&nbsp,155,AD 53,2025-11-05_01:52:52.004017
Total,,YES,&nbsp,13521,AD 53,2025-11-05_01:52:52.004017
Total,,NO,&nbsp,17893,AD 53,2025-11-05_01:52:52.004017
ED    1,97.98%,YES,&nbsp,33,AD 54,2025-11-05_01:52:52.004017
ED    1,97.98%,NO,&nbsp,32,AD 54,2025-11-05_01:52:52.004017
ED    2,97.98%,YES,&nbsp,146,AD 54,2025-11-05_01:52:52.004017
ED    2,97.98%,NO,&nbsp,88,AD 54,2025-11-05_01:52:52.004017
ED    3,97.98%,YES,&nbsp,48,AD 54,2025-11-05_01:52:52.004017
ED    3,97.98%,NO,&nbsp,50,AD 54,2025-11-05_01:52:52.004017
ED    4,97.98%,YES,&nbsp,186,AD 54,2025-11-05_01:52:52.004017
ED    4,97.98%,NO,&nbsp,126,AD 54,2025-11-05_01:52:52.004017
ED    5,97.98%,YES,&nbsp,76,AD 54,2025-11-05_01:52:52.004017
ED    5,97.98%,NO,&nbsp,71,AD 54,2025-11-05_01:52:52.004017
ED    6,97.98%,YES,&nbsp,71,AD 54,2025-11-05_01:52:52.004017
ED    6,97.98%,NO,&nbsp,62,AD 54,2025-11-05_01:52:52.004017
ED    7,97.98%,YES,&nbsp,123,AD 54,2025-11-05_01:52:52.004017
ED    7,97.98%,NO,&nbsp,116,AD 54,2025-11-05_01:52:52.004017
ED    8,97.98%,YES,&nbsp,90,AD 54,2025-11-05_01:52:52.004017
ED    8,97.98%,NO,&nbsp,77,AD 54,2025-11-05_01:52:52.004017
ED    9,97.98%,YES,&nbsp,70,AD 54,2025-11-05_01:52:52.004017
ED    9,97.98%,NO,&nbsp,96,AD 54,2025-11-05_01:52:52.004017
ED   10,97.98%,YES,&nbsp,102,AD 54,2025-11-05_01:52:52.004017
ED   10,97.98%,NO,&nbsp,92,AD 54,2025-11-05_01:52:52.004017
ED   11,97.98%,YES,&nbsp,111,AD 54,2025-11-05_01:52:52.004017
ED   11,97.98%,NO,&nbsp,91,AD 54,2025-11-05_01:52:52.004017
ED   12,97.98%,YES,&nbsp,101,AD 54,2025-11-05_01:52:52.004017
ED   12,97.98%,NO,&nbsp,96,AD 54,2025-11-05_01:52:52.004017
ED   13,97.98%,YES,&nbsp,86,AD 54,2025-11-05_01:52:52.004017
ED   13,97.98%,NO,&nbsp,63,AD 54,2025-11-05_01:52:52.004017
ED   14,97.98%,YES,&nbsp,74,AD 54,2025-11-05_01:52:52.004017
ED   14,97.98%,NO,&nbsp,98,AD 54,2025-11-05_01:52:52.004017
ED   15,97.98%,YES,&nbsp,78,AD 54,2025-11-05_01:52:52.004017
ED   15,97.98%,NO,&nbsp,83,AD 54,2025-11-05_01:52:52.004017
ED   16,97.98%,YES,&nbsp,45,AD 54,2025-11-05_01:52:52.004017
ED   16,97.98%,NO,&nbsp,57,AD 54,2025-11-05_01:52:52.004017
ED   17,97.98%,YES,&nbsp,82,AD 54,2025-11-05_01:52:52.004017
ED   17,97.98%,NO,&nbsp,87,AD 54,2025-11-05_01:52:52.004017
ED   18,97.98%,YES,&nbsp,109,AD 54,2025-11-05_01:52:52.004017
ED   18,97.98%,NO,&nbsp,158,AD 54,2025-11-05_01:52:52.004017
ED   19,97.98%,YES,&nbsp,93,AD 54,2025-11-05_01:52:52.004017
ED   19,97.98%,NO,&nbsp,90,AD 54,2025-11-05_01:52:52.004017
ED   20,97.98%,YES,&nbsp,55,AD 54,2025-11-05_01:52:52.004017
ED   20,97.98%,NO,&nbsp,65,AD 54,2025-11-05_01:52:52.004017
ED   21,97.98%,YES,&nbsp,78,AD 54,2025-11-05_01:52:52.004017
ED   21,97.98%,NO,&nbsp,72,AD 54,2025-11-05_01:52:52.004017
ED   22,97.98%,YES,&nbsp,87,AD 54,2025-11-05_01:52:52.004017
ED   22,97.98%,NO,&nbsp,90,AD 54,2025-11-05_01:52:52.004017
ED   23,97.98%,YES,&nbsp,136,AD 54,2025-11-05_01:52:52.004017
ED   23,97.98%,NO,&nbsp,126,AD 54,2025-11-05_01:52:52.004017
ED   24,97.98%,YES,&nbsp,95,AD 54,2025-11-05_01:52:52.004017
ED   24,97.98%,NO,&nbsp,112,AD 54,2025-11-05_01:52:52.004017
ED   25,97.98%,YES,&nbsp,89,AD 54,2025-11-05_01:52:52.004017
ED   25,97.98%,NO,&nbsp,123,AD 54,2025-11-05_01:52:52.004017
ED   26,97.98%,YES,&nbsp,70,AD 54,2025-11-05_01:52:52.004017
ED   26,97.98%,NO,&nbsp,90,AD 54,2025-11-05_01:52:52.004017
ED   27,97.98%,YES,&nbsp,89,AD 54,2025-11-05_01:52:52.004017
ED   27,97.98%,NO,&nbsp,128,AD 54,2025-11-05_01:52:52.004017
ED   28,97.98%,YES,&nbsp,84,AD 54,2025-11-05_01:52:52.004017
ED   28,97.98%,NO,&nbsp,122,AD 54,2025-11-05_01:52:52.004017
ED   29,97.98%,YES,&nbsp,128,AD 54,2025-11-05_01:52:52.004017
ED   29,97.98%,NO,&nbsp,137,AD 54,2025-11-05_01:52:52.004017
ED   30,97.98%,YES,&nbsp,99,AD 54,2025-11-05_01:52:52.004017
ED   30,97.98%,NO,&nbsp,128,AD 54,2025-11-05_01:52:52.004017
ED   31,97.98%,YES,&nbsp,172,AD 54,2025-11-05_01:52:52.004017
ED   31,97.98%,NO,&nbsp,165,AD 54,2025-11-05_01:52:52.004017
ED   32,97.98%,YES,&nbsp,114,AD 54,2025-11-05_01:52:52.004017
ED   32,97.98%,NO,&nbsp,109,AD 54,2025-11-05_01:52:52.004017
ED   33,97.98%,YES,&nbsp,124,AD 54,2025-11-05_01:52:52.004017
ED   33,97.98%,NO,&nbsp,150,AD 54,2025-11-05_01:52:52.004017
ED   34,97.98%,YES,&nbsp,118,AD 54,2025-11-05_01:52:52.004017
ED   34,97.98%,NO,&nbsp,128,AD 54,2025-11-05_01:52:52.004017
ED   35,97.98%,YES,&nbsp,185,AD 54,2025-11-05_01:52:52.004017
ED   35,97.98%,NO,&nbsp,190,AD 54,2025-11-05_01:52:52.004017
ED   36,97.98%,YES,&nbsp,205,AD 54,2025-11-05_01:52:52.004017
ED   36,97.98%,NO,&nbsp,184,AD 54,2025-11-05_01:52:52.004017
ED   37,97.98%,YES,&nbsp,159,AD 54,2025-11-05_01:52:52.004017
ED   37,97.98%,NO,&nbsp,214,AD 54,2025-11-05_01:52:52.004017
ED   38,97.98%,YES,&nbsp,277,AD 54,2025-11-05_01:52:52.004017
ED   38,97.98%,NO,&nbsp,319,AD 54,2025-11-05_01:52:52.004017
ED   39,97.98%,YES,&nbsp,231,AD 54,2025-11-05_01:52:52.004017
ED   39,97.98%,NO,&nbsp,381,AD 54,2025-11-05_01:52:52.004017
ED   40,97.98%,YES,&nbsp,219,AD 54,2025-11-05_01:52:52.004017
ED   40,97.98%,NO,&nbsp,344,AD 54,2025-11-05_01:52:52.004017
ED   41,97.98%,YES,&nbsp,216,AD 54,2025-11-05_01:52:52.004017
ED   41,97.98%,NO,&nbsp,312,AD 54,2025-11-05_01:52:52.004017
ED   42,97.98%,YES,&nbsp,156,AD 54,2025-11-05_01:52:52.004017
ED   42,97.98%,NO,&nbsp,248,AD 54,2025-11-05_01:52:52.004017
ED   43,97.98%,YES,&nbsp,222,AD 54,2025-11-05_01:52:52.004017
ED   43,97.98%,NO,&nbsp,305,AD 54,2025-11-05_01:52:52.004017
ED   44,97.98%,YES,&nbsp,196,AD 54,2025-11-05_01:52:52.004017
ED   44,97.98%,NO,&nbsp,312,AD 54,2025-11-05_01:52:52.004017
ED   45,97.98%,YES,&nbsp,224,AD 54,2025-11-05_01:52:52.004017
ED   45,97.98%,NO,&nbsp,326,AD 54,2025-11-05_01:52:52.004017
ED   46,97.98%,YES,&nbsp,158,AD 54,2025-11-05_01:52:52.004017
ED   46,97.98%,NO,&nbsp,257,AD 54,2025-11-05_01:52:52.004017
ED   47,97.98%,YES,&nbsp,202,AD 54,2025-11-05_01:52:52.004017
ED   47,97.98%,NO,&nbsp,319,AD 54,2025-11-05_01:52:52.004017
ED   48,97.98%,YES,&nbsp,182,AD 54,2025-11-05_01:52:52.004017
ED   48,97.98%,NO,&nbsp,265,AD 54,2025-11-05_01:52:52.004017
ED   49,97.98%,YES,&nbsp,165,AD 54,2025-11-05_01:52:52.004017
ED   49,97.98%,NO,&nbsp,296,AD 54,2025-11-05_01:52:52.004017
ED   50,97.98%,YES,&nbsp,207,AD 54,2025-11-05_01:52:52.004017
ED   50,97.98%,NO,&nbsp,269,AD 54,2025-11-05_01:52:52.004017
ED   51,97.98%,YES,&nbsp,209,AD 54,2025-11-05_01:52:52.004017
ED   51,97.98%,NO,&nbsp,285,AD 54,2025-11-05_01:52:52.004017
ED   52,97.98%,YES,&nbsp,144,AD 54,2025-11-05_01:52:52.004017
ED   52,97.98%,NO,&nbsp,187,AD 54,2025-11-05_01:52:52.004017
ED   53,97.98%,YES,&nbsp,150,AD 54,2025-11-05_01:52:52.004017
ED   53,97.98%,NO,&nbsp,226,AD 54,2025-11-05_01:52:52.004017
ED   54,97.98%,YES,&nbsp,175,AD 54,2025-11-05_01:52:52.004017
ED   54,97.98%,NO,&nbsp,256,AD 54,2025-11-05_01:52:52.004017
ED   55,97.98%,YES,&nbsp,128,AD 54,2025-11-05_01:52:52.004017
ED   55,97.98%,NO,&nbsp,204,AD 54,2025-11-05_01:52:52.004017
ED   56,97.98%,YES,&nbsp,177,AD 54,2025-11-05_01:52:52.004017
ED   56,97.98%,NO,&nbsp,263,AD 54,2025-11-05_01:52:52.004017
ED   57,97.98%,YES,&nbsp,174,AD 54,2025-11-05_01:52:52.004017
ED   57,97.98%,NO,&nbsp,271,AD 54,2025-11-05_01:52:52.004017
ED   58,97.98%,YES,&nbsp,17,AD 54,2025-11-05_01:52:52.004017
ED   58,97.98%,NO,&nbsp,24,AD 54,2025-11-05_01:52:52.004017
ED   59,97.98%,YES,&nbsp,0,AD 54,2025-11-05_01:52:52.004017
ED   59,97.98%,NO,&nbsp,0,AD 54,2025-11-05_01:52:52.004017
ED   60,97.98%,YES,&nbsp,22,AD 54,2025-11-05_01:52:52.004017
ED   60,97.98%,NO,&nbsp,28,AD 54,2025-11-05_01:52:52.004017
ED   61,97.98%,YES,&nbsp,69,AD 54,2025-11-05_01:52:52.004017
ED   61,97.98%,NO,&nbsp,78,AD 54,2025-11-05_01:52:52.004017
ED   62,97.98%,YES,&nbsp,30,AD 54,2025-11-05_01:52:52.004017
ED   62,97.98%,NO,&nbsp,36,AD 54,2025-11-05_01:52:52.004017
ED   63,97.98%,YES,&nbsp,18,AD 54,2025-11-05_01:52:52.004017
ED   63,97.98%,NO,&nbsp,8,AD 54,2025-11-05_01:52:52.004017
ED   64,97.98%,YES,&nbsp,27,AD 54,2025-11-05_01:52:52.004017
ED   64,97.98%,NO,&nbsp,25,AD 54,2025-11-05_01:52:52.004017
ED   65,97.98%,YES,&nbsp,0,AD 54,2025-11-05_01:52:52.004017
ED   65,97.98%,NO,&nbsp,0,AD 54,2025-11-05_01:52:52.004017
Total,,YES,&nbsp,7806,AD 54,2025-11-05_01:52:52.004017
Total,,NO,&nbsp,9810,AD 54,2025-11-05_01:52:52.004017
ED    1,97.98%,YES,&nbsp,243,AD 55,2025-11-05_01:52:52.004017
ED    1,97.98%,NO,&nbsp,339,AD 55,2025-11-05_01:52:52.004017
ED    2,97.98%,YES,&nbsp,143,AD 55,2025-11-05_01:52:52.004017
ED    2,97.98%,NO,&nbsp,242,AD 55,2025-11-05_01:52:52.004017
ED    3,97.98%,YES,&nbsp,144,AD 55,2025-11-05_01:52:52.004017
ED    3,97.98%,NO,&nbsp,186,AD 55,2025-11-05_01:52:52.004017
ED    4,97.98%,YES,&nbsp,19,AD 55,2025-11-05_01:52:52.004017
ED    4,97.98%,NO,&nbsp,10,AD 55,2025-11-05_01:52:52.004017
ED    5,97.98%,YES,&nbsp,210,AD 55,2025-11-05_01:52:52.004017
ED    5,97.98%,NO,&nbsp,243,AD 55,2025-11-05_01:52:52.004017
ED    6,97.98%,YES,&nbsp,137,AD 55,2025-11-05_01:52:52.004017
ED    6,97.98%,NO,&nbsp,205,AD 55,2025-11-05_01:52:52.004017
ED    7,97.98%,YES,&nbsp,205,AD 55,2025-11-05_01:52:52.004017
ED    7,97.98%,NO,&nbsp,272,AD 55,2025-11-05_01:52:52.004017
ED    8,97.98%,YES,&nbsp,195,AD 55,2025-11-05_01:52:52.004017
ED    8,97.98%,NO,&nbsp,246,AD 55,2025-11-05_01:52:52.004017
ED    9,97.98%,YES,&nbsp,196,AD 55,2025-11-05_01:52:52.004017
ED    9,97.98%,NO,&nbsp,264,AD 55,2025-11-05_01:52:52.004017
ED   10,97.98%,YES,&nbsp,195,AD 55,2025-11-05_01:52:52.004017
ED   10,97.98%,NO,&nbsp,263,AD 55,2025-11-05_01:52:52.004017
ED   11,97.98%,YES,&nbsp,134,AD 55,2025-11-05_01:52:52.004017
ED   11,97.98%,NO,&nbsp,168,AD 55,2025-11-05_01:52:52.004017
ED   12,97.98%,YES,&nbsp,183,AD 55,2025-11-05_01:52:52.004017
ED   12,97.98%,NO,&nbsp,258,AD 55,2025-11-05_01:52:52.004017
ED   13,97.98%,YES,&nbsp,174,AD 55,2025-11-05_01:52:52.004017
ED   13,97.98%,NO,&nbsp,199,AD 55,2025-11-05_01:52:52.004017
ED   14,97.98%,YES,&nbsp,162,AD 55,2025-11-05_01:52:52.004017
ED   14,97.98%,NO,&nbsp,198,AD 55,2025-11-05_01:52:52.004017
ED   15,97.98%,YES,&nbsp,167,AD 55,2025-11-05_01:52:52.004017
ED   15,97.98%,NO,&nbsp,269,AD 55,2025-11-05_01:52:52.004017
ED   16,97.98%,YES,&nbsp,190,AD 55,2025-11-05_01:52:52.004017
ED   16,97.98%,NO,&nbsp,187,AD 55,2025-11-05_01:52:52.004017
ED   17,97.98%,YES,&nbsp,30,AD 55,2025-11-05_01:52:52.004017
ED   17,97.98%,NO,&nbsp,36,AD 55,2025-11-05_01:52:52.004017
ED   18,97.98%,YES,&nbsp,11,AD 55,2025-11-05_01:52:52.004017
ED   18,97.98%,NO,&nbsp,7,AD 55,2025-11-05_01:52:52.004017
ED   19,97.98%,YES,&nbsp,121,AD 55,2025-11-05_01:52:52.004017
ED   19,97.98%,NO,&nbsp,165,AD 55,2025-11-05_01:52:52.004017
ED   20,97.98%,YES,&nbsp,99,AD 55,2025-11-05_01:52:52.004017
ED   20,97.98%,NO,&nbsp,124,AD 55,2025-11-05_01:52:52.004017
ED   21,97.98%,YES,&nbsp,11,AD 55,2025-11-05_01:52:52.004017
ED   21,97.98%,NO,&nbsp,23,AD 55,2025-11-05_01:52:52.004017
ED   22,97.98%,YES,&nbsp,41,AD 55,2025-11-05_01:52:52.004017
ED   22,97.98%,NO,&nbsp,28,AD 55,2025-11-05_01:52:52.004017
ED   23,97.98%,YES,&nbsp,116,AD 55,2025-11-05_01:52:52.004017
ED   23,97.98%,NO,&nbsp,98,AD 55,2025-11-05_01:52:52.004017
ED   24,97.98%,YES,&nbsp,120,AD 55,2025-11-05_01:52:52.004017
ED   24,97.98%,NO,&nbsp,109,AD 55,2025-11-05_01:52:52.004017
ED   25,97.98%,YES,&nbsp,124,AD 55,2025-11-05_01:52:52.004017
ED   25,97.98%,NO,&nbsp,114,AD 55,2025-11-05_01:52:52.004017
ED   26,97.98%,YES,&nbsp,111,AD 55,2025-11-05_01:52:52.004017
ED   26,97.98%,NO,&nbsp,100,AD 55,2025-11-05_01:52:52.004017
ED   27,97.98%,YES,&nbsp,96,AD 55,2025-11-05_01:52:52.004017
ED   27,97.98%,NO,&nbsp,89,AD 55,2025-11-05_01:52:52.004017
ED   28,97.98%,YES,&nbsp,111,AD 55,2025-11-05_01:52:52.004017
ED   28,97.98%,NO,&nbsp,69,AD 55,2025-11-05_01:52:52.004017
ED   29,97.98%,YES,&nbsp,29,AD 55,2025-11-05_01:52:52.004017
ED   29,97.98%,NO,&nbsp,25,AD 55,2025-11-05_01:52:52.004017
ED   30,97.98%,YES,&nbsp,141,AD 55,2025-11-05_01:52:52.004017
ED   30,97.98%,NO,&nbsp,136,AD 55,2025-11-05_01:52:52.004017
ED   31,97.98%,YES,&nbsp,8,AD 55,2025-11-05_01:52:52.004017
ED   31,97.98%,NO,&nbsp,6,AD 55,2025-11-05_01:52:52.004017
ED   32,97.98%,YES,&nbsp,101,AD 55,2025-11-05_01:52:52.004017
ED   32,97.98%,NO,&nbsp,56,AD 55,2025-11-05_01:52:52.004017
ED   33,97.98%,YES,&nbsp,186,AD 55,2025-11-05_01:52:52.004017
ED   33,97.98%,NO,&nbsp,176,AD 55,2025-11-05_01:52:52.004017
ED   34,97.98%,YES,&nbsp,74,AD 55,2025-11-05_01:52:52.004017
ED   34,97.98%,NO,&nbsp,36,AD 55,2025-11-05_01:52:52.004017
ED   35,97.98%,YES,&nbsp,67,AD 55,2025-11-05_01:52:52.004017
ED   35,97.98%,NO,&nbsp,56,AD 55,2025-11-05_01:52:52.004017
ED   36,97.98%,YES,&nbsp,151,AD 55,2025-11-05_01:52:52.004017
ED   36,97.98%,NO,&nbsp,171,AD 55,2025-11-05_01:52:52.004017
ED   37,97.98%,YES,&nbsp,23,AD 55,2025-11-05_01:52:52.004017
ED   37,97.98%,NO,&nbsp,20,AD 55,2025-11-05_01:52:52.004017
ED   38,97.98%,YES,&nbsp,47,AD 55,2025-11-05_01:52:52.004017
ED   38,97.98%,NO,&nbsp,33,AD 55,2025-11-05_01:52:52.004017
ED   39,97.98%,YES,&nbsp,31,AD 55,2025-11-05_01:52:52.004017
ED   39,97.98%,NO,&nbsp,39,AD 55,2025-11-05_01:52:52.004017
ED   40,97.98%,YES,&nbsp,101,AD 55,2025-11-05_01:52:52.004017
ED   40,97.98%,NO,&nbsp,72,AD 55,2025-11-05_01:52:52.004017
ED   41,97.98%,YES,&nbsp,110,AD 55,2025-11-05_01:52:52.004017
ED   41,97.98%,NO,&nbsp,75,AD 55,2025-11-05_01:52:52.004017
ED   42,97.98%,YES,&nbsp,111,AD 55,2025-11-05_01:52:52.004017
ED   42,97.98%,NO,&nbsp,90,AD 55,2025-11-05_01:52:52.004017
ED   43,97.98%,YES,&nbsp,72,AD 55,2025-11-05_01:52:52.004017
ED   43,97.98%,NO,&nbsp,77,AD 55,2025-11-05_01:52:52.004017
ED   44,97.98%,YES,&nbsp,144,AD 55,2025-11-05_01:52:52.004017
ED   44,97.98%,NO,&nbsp,122,AD 55,2025-11-05_01:52:52.004017
ED   45,97.98%,YES,&nbsp,165,AD 55,2025-11-05_01:52:52.004017
ED   45,97.98%,NO,&nbsp,182,AD 55,2025-11-05_01:52:52.004017
ED   46,97.98%,YES,&nbsp,80,AD 55,2025-11-05_01:52:52.004017
ED   46,97.98%,NO,&nbsp,76,AD 55,2025-11-05_01:52:52.004017
ED   47,97.98%,YES,&nbsp,165,AD 55,2025-11-05_01:52:52.004017
ED   47,97.98%,NO,&nbsp,153,AD 55,2025-11-05_01:52:52.004017
ED   48,97.98%,YES,&nbsp,184,AD 55,2025-11-05_01:52:52.004017
ED   48,97.98%,NO,&nbsp,178,AD 55,2025-11-05_01:52:52.004017
ED   49,97.98%,YES,&nbsp,174,AD 55,2025-11-05_01:52:52.004017
ED   49,97.98%,NO,&nbsp,178,AD 55,2025-11-05_01:52:52.004017
ED   50,97.98%,YES,&nbsp,148,AD 55,2025-11-05_01:52:52.004017
ED   50,97.98%,NO,&nbsp,117,AD 55,2025-11-05_01:52:52.004017
ED   51,97.98%,YES,&nbsp,225,AD 55,2025-11-05_01:52:52.004017
ED   51,97.98%,NO,&nbsp,259,AD 55,2025-11-05_01:52:52.004017
ED   52,97.98%,YES,&nbsp,181,AD 55,2025-11-05_01:52:52.004017
ED   52,97.98%,NO,&nbsp,206,AD 55,2025-11-05_01:52:52.004017
ED   53,97.98%,YES,&nbsp,202,AD 55,2025-11-05_01:52:52.004017
ED   53,97.98%,NO,&nbsp,222,AD 55,2025-11-05_01:52:52.004017
ED   54,97.98%,YES,&nbsp,33,AD 55,2025-11-05_01:52:52.004017
ED   54,97.98%,NO,&nbsp,44,AD 55,2025-11-05_01:52:52.004017
ED   55,97.98%,YES,&nbsp,140,AD 55,2025-11-05_01:52:52.004017
ED   55,97.98%,NO,&nbsp,101,AD 55,2025-11-05_01:52:52.004017
ED   56,97.98%,YES,&nbsp,171,AD 55,2025-11-05_01:52:52.004017
ED   56,97.98%,NO,&nbsp,187,AD 55,2025-11-05_01:52:52.004017
ED   57,97.98%,YES,&nbsp,177,AD 55,2025-11-05_01:52:52.004017
ED   57,97.98%,NO,&nbsp,195,AD 55,2025-11-05_01:52:52.004017
ED   58,97.98%,YES,&nbsp,1,AD 55,2025-11-05_01:52:52.004017
ED   58,97.98%,NO,&nbsp,0,AD 55,2025-11-05_01:52:52.004017
ED   59,97.98%,YES,&nbsp,167,AD 55,2025-11-05_01:52:52.004017
ED   59,97.98%,NO,&nbsp,165,AD 55,2025-11-05_01:52:52.004017
ED   60,97.98%,YES,&nbsp,154,AD 55,2025-11-05_01:52:52.004017
ED   60,97.98%,NO,&nbsp,151,AD 55,2025-11-05_01:52:52.004017
ED   61,97.98%,YES,&nbsp,110,AD 55,2025-11-05_01:52:52.004017
ED   61,97.98%,NO,&nbsp,143,AD 55,2025-11-05_01:52:52.004017
ED   62,97.98%,YES,&nbsp,106,AD 55,2025-11-05_01:52:52.004017
ED   62,97.98%,NO,&nbsp,103,AD 55,2025-11-05_01:52:52.004017
ED   63,97.98%,YES,&nbsp,211,AD 55,2025-11-05_01:52:52.004017
ED   63,97.98%,NO,&nbsp,237,AD 55,2025-11-05_01:52:52.004017
ED   64,97.98%,YES,&nbsp,171,AD 55,2025-11-05_01:52:52.004017
ED   64,97.98%,NO,&nbsp,187,AD 55,2025-11-05_01:52:52.004017
ED   65,97.98%,YES,&nbsp,0,AD 55,2025-11-05_01:52:52.004017
ED   65,97.98%,NO,&nbsp,0,AD 55,2025-11-05_01:52:52.004017
ED   66,97.98%,YES,&nbsp,2,AD 55,2025-11-05_01:52:52.004017
ED   66,97.98%,NO,&nbsp,7,AD 55,2025-11-05_01:52:52.004017
Total,,YES,&nbsp,8051,AD 55,2025-11-05_01:52:52.004017
Total,,NO,&nbsp,8792,AD 55,2025-11-05_01:52:52.004017
ED    1,97.98%,YES,&nbsp,127,AD 56,2025-11-05_01:52:52.004017
ED    1,97.98%,NO,&nbsp,122,AD 56,2025-11-05_01:52:52.004017
ED    2,97.98%,YES,&nbsp,101,AD 56,2025-11-05_01:52:52.004017
ED    2,97.98%,NO,&nbsp,104,AD 56,2025-11-05_01:52:52.004017
ED    3,97.98%,YES,&nbsp,105,AD 56,2025-11-05_01:52:52.004017
ED    3,97.98%,NO,&nbsp,197,AD 56,2025-11-05_01:52:52.004017
ED    4,97.98%,YES,&nbsp,159,AD 56,2025-11-05_01:52:52.004017
ED    4,97.98%,NO,&nbsp,210,AD 56,2025-11-05_01:52:52.004017
ED    5,97.98%,YES,&nbsp,115,AD 56,2025-11-05_01:52:52.004017
ED    5,97.98%,NO,&nbsp,128,AD 56,2025-11-05_01:52:52.004017
ED    6,97.98%,YES,&nbsp,96,AD 56,2025-11-05_01:52:52.004017
ED    6,97.98%,NO,&nbsp,136,AD 56,2025-11-05_01:52:52.004017
ED    7,97.98%,YES,&nbsp,104,AD 56,2025-11-05_01:52:52.004017
ED    7,97.98%,NO,&nbsp,110,AD 56,2025-11-05_01:52:52.004017
ED    8,97.98%,YES,&nbsp,202,AD 56,2025-11-05_01:52:52.004017
ED    8,97.98%,NO,&nbsp,251,AD 56,2025-11-05_01:52:52.004017
ED    9,97.98%,YES,&nbsp,237,AD 56,2025-11-05_01:52:52.004017
ED    9,97.98%,NO,&nbsp,338,AD 56,2025-11-05_01:52:52.004017
ED   10,97.98%,YES,&nbsp,163,AD 56,2025-11-05_01:52:52.004017
ED   10,97.98%,NO,&nbsp,266,AD 56,2025-11-05_01:52:52.004017
ED   11,97.98%,YES,&nbsp,220,AD 56,2025-11-05_01:52:52.004017
ED   11,97.98%,NO,&nbsp,381,AD 56,2025-11-05_01:52:52.004017
ED   12,97.98%,YES,&nbsp,267,AD 56,2025-11-05_01:52:52.004017
ED   12,97.98%,NO,&nbsp,432,AD 56,2025-11-05_01:52:52.004017
ED   13,97.98%,YES,&nbsp,209,AD 56,2025-11-05_01:52:52.004017
ED   13,97.98%,NO,&nbsp,314,AD 56,2025-11-05_01:52:52.004017
ED   14,97.98%,YES,&nbsp,217,AD 56,2025-11-05_01:52:52.004017
ED   14,97.98%,NO,&nbsp,328,AD 56,2025-11-05_01:52:52.004017
ED   15,97.98%,YES,&nbsp,99,AD 56,2025-11-05_01:52:52.004017
ED   15,97.98%,NO,&nbsp,130,AD 56,2025-11-05_01:52:52.004017
ED   16,97.98%,YES,&nbsp,171,AD 56,2025-11-05_01:52:52.004017
ED   16,97.98%,NO,&nbsp,243,AD 56,2025-11-05_01:52:52.004017
ED   17,97.98%,YES,&nbsp,192,AD 56,2025-11-05_01:52:52.004017
ED   17,97.98%,NO,&nbsp,267,AD 56,2025-11-05_01:52:52.004017
ED   18,97.98%,YES,&nbsp,13,AD 56,2025-11-05_01:52:52.004017
ED   18,97.98%,NO,&nbsp,32,AD 56,2025-11-05_01:52:52.004017
ED   19,97.98%,YES,&nbsp,193,AD 56,2025-11-05_01:52:52.004017
ED   19,97.98%,NO,&nbsp,264,AD 56,2025-11-05_01:52:52.004017
ED   20,97.98%,YES,&nbsp,242,AD 56,2025-11-05_01:52:52.004017
ED   20,97.98%,NO,&nbsp,353,AD 56,2025-11-05_01:52:52.004017
ED   21,97.98%,YES,&nbsp,241,AD 56,2025-11-05_01:52:52.004017
ED   21,97.98%,NO,&nbsp,282,AD 56,2025-11-05_01:52:52.004017
ED   22,97.98%,YES,&nbsp,153,AD 56,2025-11-05_01:52:52.004017
ED   22,97.98%,NO,&nbsp,249,AD 56,2025-11-05_01:52:52.004017
ED   23,97.98%,YES,&nbsp,183,AD 56,2025-11-05_01:52:52.004017
ED   23,97.98%,NO,&nbsp,268,AD 56,2025-11-05_01:52:52.004017
ED   24,97.98%,YES,&nbsp,265,AD 56,2025-11-05_01:52:52.004017
ED   24,97.98%,NO,&nbsp,380,AD 56,2025-11-05_01:52:52.004017
ED   25,97.98%,YES,&nbsp,236,AD 56,2025-11-05_01:52:52.004017
ED   25,97.98%,NO,&nbsp,419,AD 56,2025-11-05_01:52:52.004017
ED   26,97.98%,YES,&nbsp,197,AD 56,2025-11-05_01:52:52.004017
ED   26,97.98%,NO,&nbsp,224,AD 56,2025-11-05_01:52:52.004017
ED   27,97.98%,YES,&nbsp,257,AD 56,2025-11-05_01:52:52.004017
ED   27,97.98%,NO,&nbsp,371,AD 56,2025-11-05_01:52:52.004017
ED   28,97.98%,YES,&nbsp,230,AD 56,2025-11-05_01:52:52.004017
ED   28,97.98%,NO,&nbsp,301,AD 56,2025-11-05_01:52:52.004017
ED   29,97.98%,YES,&nbsp,303,AD 56,2025-11-05_01:52:52.004017
ED   29,97.98%,NO,&nbsp,445,AD 56,2025-11-05_01:52:52.004017
ED   30,97.98%,YES,&nbsp,237,AD 56,2025-11-05_01:52:52.004017
ED   30,97.98%,NO,&nbsp,303,AD 56,2025-11-05_01:52:52.004017
ED   31,97.98%,YES,&nbsp,195,AD 56,2025-11-05_01:52:52.004017
ED   31,97.98%,NO,&nbsp,262,AD 56,2025-11-05_01:52:52.004017
ED   32,97.98%,YES,&nbsp,299,AD 56,2025-11-05_01:52:52.004017
ED   32,97.98%,NO,&nbsp,355,AD 56,2025-11-05_01:52:52.004017
ED   33,97.98%,YES,&nbsp,237,AD 56,2025-11-05_01:52:52.004017
ED   33,97.98%,NO,&nbsp,286,AD 56,2025-11-05_01:52:52.004017
ED   34,97.98%,YES,&nbsp,144,AD 56,2025-11-05_01:52:52.004017
ED   34,97.98%,NO,&nbsp,175,AD 56,2025-11-05_01:52:52.004017
ED   35,97.98%,YES,&nbsp,219,AD 56,2025-11-05_01:52:52.004017
ED   35,97.98%,NO,&nbsp,308,AD 56,2025-11-05_01:52:52.004017
ED   36,97.98%,YES,&nbsp,212,AD 56,2025-11-05_01:52:52.004017
ED   36,97.98%,NO,&nbsp,362,AD 56,2025-11-05_01:52:52.004017
ED   37,97.98%,YES,&nbsp,296,AD 56,2025-11-05_01:52:52.004017
ED   37,97.98%,NO,&nbsp,390,AD 56,2025-11-05_01:52:52.004017
ED   38,97.98%,YES,&nbsp,234,AD 56,2025-11-05_01:52:52.004017
ED   38,97.98%,NO,&nbsp,370,AD 56,2025-11-05_01:52:52.004017
ED   39,97.98%,YES,&nbsp,183,AD 56,2025-11-05_01:52:52.004017
ED   39,97.98%,NO,&nbsp,234,AD 56,2025-11-05_01:52:52.004017
ED   40,97.98%,YES,&nbsp,197,AD 56,2025-11-05_01:52:52.004017
ED   40,97.98%,NO,&nbsp,279,AD 56,2025-11-05_01:52:52.004017
ED   41,97.98%,YES,&nbsp,268,AD 56,2025-11-05_01:52:52.004017
ED   41,97.98%,NO,&nbsp,353,AD 56,2025-11-05_01:52:52.004017
ED   42,97.98%,YES,&nbsp,206,AD 56,2025-11-05_01:52:52.004017
ED   42,97.98%,NO,&nbsp,343,AD 56,2025-11-05_01:52:52.004017
ED   43,97.98%,YES,&nbsp,230,AD 56,2025-11-05_01:52:52.004017
ED   43,97.98%,NO,&nbsp,333,AD 56,2025-11-05_01:52:52.004017
ED   44,97.98%,YES,&nbsp,251,AD 56,2025-11-05_01:52:52.004017
ED   44,97.98%,NO,&nbsp,367,AD 56,2025-11-05_01:52:52.004017
ED   45,97.98%,YES,&nbsp,203,AD 56,2025-11-05_01:52:52.004017
ED   45,97.98%,NO,&nbsp,301,AD 56,2025-11-05_01:52:52.004017
ED   46,97.98%,YES,&nbsp,269,AD 56,2025-11-05_01:52:52.004017
ED   46,97.98%,NO,&nbsp,318,AD 56,2025-11-05_01:52:52.004017
ED   47,97.98%,YES,&nbsp,294,AD 56,2025-11-05_01:52:52.004017
ED   47,97.98%,NO,&nbsp,394,AD 56,2025-11-05_01:52:52.004017
ED   48,97.98%,YES,&nbsp,310,AD 56,2025-11-05_01:52:52.004017
ED   48,97.98%,NO,&nbsp,413,AD 56,2025-11-05_01:52:52.004017
ED   49,97.98%,YES,&nbsp,286,AD 56,2025-11-05_01:52:52.004017
ED   49,97.98%,NO,&nbsp,387,AD 56,2025-11-05_01:52:52.004017
ED   50,97.98%,YES,&nbsp,316,AD 56,2025-11-05_01:52:52.004017
ED   50,97.98%,NO,&nbsp,461,AD 56,2025-11-05_01:52:52.004017
ED   51,97.98%,YES,&nbsp,76,AD 56,2025-11-05_01:52:52.004017
ED   51,97.98%,NO,&nbsp,81,AD 56,2025-11-05_01:52:52.004017
ED   52,97.98%,YES,&nbsp,97,AD 56,2025-11-05_01:52:52.004017
ED   52,97.98%,NO,&nbsp,117,AD 56,2025-11-05_01:52:52.004017
ED   53,97.98%,YES,&nbsp,256,AD 56,2025-11-05_01:52:52.004017
ED   53,97.98%,NO,&nbsp,364,AD 56,2025-11-05_01:52:52.004017
ED   54,97.98%,YES,&nbsp,141,AD 56,2025-11-05_01:52:52.004017
ED   54,97.98%,NO,&nbsp,178,AD 56,2025-11-05_01:52:52.004017
ED   55,97.98%,YES,&nbsp,183,AD 56,2025-11-05_01:52:52.004017
ED   55,97.98%,NO,&nbsp,201,AD 56,2025-11-05_01:52:52.004017
ED   56,97.98%,YES,&nbsp,309,AD 56,2025-11-05_01:52:52.004017
ED   56,97.98%,NO,&nbsp,429,AD 56,2025-11-05_01:52:52.004017
ED   57,97.98%,YES,&nbsp,34,AD 56,2025-11-05_01:52:52.004017
ED   57,97.98%,NO,&nbsp,64,AD 56,2025-11-05_01:52:52.004017
ED   58,97.98%,YES,&nbsp,330,AD 56,2025-11-05_01:52:52.004017
ED   58,97.98%,NO,&nbsp,442,AD 56,2025-11-05_01:52:52.004017
ED   59,97.98%,YES,&nbsp,175,AD 56,2025-11-05_01:52:52.004017
ED   59,97.98%,NO,&nbsp,221,AD 56,2025-11-05_01:52:52.004017
ED   60,97.98%,YES,&nbsp,141,AD 56,2025-11-05_01:52:52.004017
ED   60,97.98%,NO,&nbsp,194,AD 56,2025-11-05_01:52:52.004017
ED   61,97.98%,YES,&nbsp,141,AD 56,2025-11-05_01:52:52.004017
ED   61,97.98%,NO,&nbsp,177,AD 56,2025-11-05_01:52:52.004017
ED   62,97.98%,YES,&nbsp,210,AD 56,2025-11-05_01:52:52.004017
ED   62,97.98%,NO,&nbsp,233,AD 56,2025-11-05_01:52:52.004017
ED   63,97.98%,YES,&nbsp,262,AD 56,2025-11-05_01:52:52.004017
ED   63,97.98%,NO,&nbsp,331,AD 56,2025-11-05_01:52:52.004017
ED   64,97.98%,YES,&nbsp,159,AD 56,2025-11-05_01:52:52.004017
ED   64,97.98%,NO,&nbsp,216,AD 56,2025-11-05_01:52:52.004017
ED   65,97.98%,YES,&nbsp,83,AD 56,2025-11-05_01:52:52.004017
ED   65,97.98%,NO,&nbsp,126,AD 56,2025-11-05_01:52:52.004017
ED   66,97.98%,YES,&nbsp,71,AD 56,2025-11-05_01:52:52.004017
ED   66,97.98%,NO,&nbsp,97,AD 56,2025-11-05_01:52:52.004017
ED   67,97.98%,YES,&nbsp,95,AD 56,2025-11-05_01:52:52.004017
ED   67,97.98%,NO,&nbsp,75,AD 56,2025-11-05_01:52:52.004017
ED   68,97.98%,YES,&nbsp,84,AD 56,2025-11-05_01:52:52.004017
ED   68,97.98%,NO,&nbsp,117,AD 56,2025-11-05_01:52:52.004017
ED   69,97.98%,YES,&nbsp,270,AD 56,2025-11-05_01:52:52.004017
ED   69,97.98%,NO,&nbsp,305,AD 56,2025-11-05_01:52:52.004017
ED   70,97.98%,YES,&nbsp,32,AD 56,2025-11-05_01:52:52.004017
ED   70,97.98%,NO,&nbsp,59,AD 56,2025-11-05_01:52:52.004017
Total,,YES,&nbsp,13532,AD 56,2025-11-05_01:52:52.004017
Total,,NO,&nbsp,18566,AD 56,2025-11-05_01:52:52.004017
ED    1,97.98%,YES,&nbsp,97,AD 57,2025-11-05_01:52:52.004017
ED    1,97.98%,NO,&nbsp,117,AD 57,2025-11-05_01:52:52.004017
ED    2,97.98%,YES,&nbsp,108,AD 57,2025-11-05_01:52:52.004017
ED    2,97.98%,NO,&nbsp,131,AD 57,2025-11-05_01:52:52.004017
ED    3,97.98%,YES,&nbsp,118,AD 57,2025-11-05_01:52:52.004017
ED    3,97.98%,NO,&nbsp,142,AD 57,2025-11-05_01:52:52.004017
ED    4,97.98%,YES,&nbsp,133,AD 57,2025-11-05_01:52:52.004017
ED    4,97.98%,NO,&nbsp,127,AD 57,2025-11-05_01:52:52.004017
ED    5,97.98%,YES,&nbsp,50,AD 57,2025-11-05_01:52:52.004017
ED    5,97.98%,NO,&nbsp,72,AD 57,2025-11-05_01:52:52.004017
ED    6,97.98%,YES,&nbsp,80,AD 57,2025-11-05_01:52:52.004017
ED    6,97.98%,NO,&nbsp,100,AD 57,2025-11-05_01:52:52.004017
ED    7,97.98%,YES,&nbsp,98,AD 57,2025-11-05_01:52:52.004017
ED    7,97.98%,NO,&nbsp,81,AD 57,2025-11-05_01:52:52.004017
ED    8,97.98%,YES,&nbsp,344,AD 57,2025-11-05_01:52:52.004017
ED    8,97.98%,NO,&nbsp,394,AD 57,2025-11-05_01:52:52.004017
ED    9,97.98%,YES,&nbsp,248,AD 57,2025-11-05_01:52:52.004017
ED    9,97.98%,NO,&nbsp,320,AD 57,2025-11-05_01:52:52.004017
ED   10,97.98%,YES,&nbsp,372,AD 57,2025-11-05_01:52:52.004017
ED   10,97.98%,NO,&nbsp,535,AD 57,2025-11-05_01:52:52.004017
ED   11,97.98%,YES,&nbsp,367,AD 57,2025-11-05_01:52:52.004017
ED   11,97.98%,NO,&nbsp,431,AD 57,2025-11-05_01:52:52.004017
ED   12,97.98%,YES,&nbsp,76,AD 57,2025-11-05_01:52:52.004017
ED   12,97.98%,NO,&nbsp,90,AD 57,2025-11-05_01:52:52.004017
ED   13,97.98%,YES,&nbsp,119,AD 57,2025-11-05_01:52:52.004017
ED   13,97.98%,NO,&nbsp,199,AD 57,2025-11-05_01:52:52.004017
ED   14,97.98%,YES,&nbsp,110,AD 57,2025-11-05_01:52:52.004017
ED   14,97.98%,NO,&nbsp,147,AD 57,2025-11-05_01:52:52.004017
ED   15,97.98%,YES,&nbsp,282,AD 57,2025-11-05_01:52:52.004017
ED   15,97.98%,NO,&nbsp,333,AD 57,2025-11-05_01:52:52.004017
ED   16,97.98%,YES,&nbsp,367,AD 57,2025-11-05_01:52:52.004017
ED   16,97.98%,NO,&nbsp,349,AD 57,2025-11-05_01:52:52.004017
ED   17,97.98%,YES,&nbsp,411,AD 57,2025-11-05_01:52:52.004017
ED   17,97.98%,NO,&nbsp,422,AD 57,2025-11-05_01:52:52.004017
ED   18,97.98%,YES,&nbsp,192,AD 57,2025-11-05_01:52:52.004017
ED   18,97.98%,NO,&nbsp,163,AD 57,2025-11-05_01:52:52.004017
ED   19,97.98%,YES,&nbsp,317,AD 57,2025-11-05_01:52:52.004017
ED   19,97.98%,NO,&nbsp,284,AD 57,2025-11-05_01:52:52.004017
ED   20,97.98%,YES,&nbsp,380,AD 57,2025-11-05_01:52:52.004017
ED   20,97.98%,NO,&nbsp,320,AD 57,2025-11-05_01:52:52.004017
ED   21,97.98%,YES,&nbsp,355,AD 57,2025-11-05_01:52:52.004017
ED   21,97.98%,NO,&nbsp,305,AD 57,2025-11-05_01:52:52.004017
ED   22,97.98%,YES,&nbsp,377,AD 57,2025-11-05_01:52:52.004017
ED   22,97.98%,NO,&nbsp,429,AD 57,2025-11-05_01:52:52.004017
ED   23,97.98%,YES,&nbsp,330,AD 57,2025-11-05_01:52:52.004017
ED   23,97.98%,NO,&nbsp,488,AD 57,2025-11-05_01:52:52.004017
ED   24,97.98%,YES,&nbsp,154,AD 57,2025-11-05_01:52:52.004017
ED   24,97.98%,NO,&nbsp,269,AD 57,2025-11-05_01:52:52.004017
ED   25,97.98%,YES,&nbsp,186,AD 57,2025-11-05_01:52:52.004017
ED   25,97.98%,NO,&nbsp,226,AD 57,2025-11-05_01:52:52.004017
ED   26,97.98%,YES,&nbsp,231,AD 57,2025-11-05_01:52:52.004017
ED   26,97.98%,NO,&nbsp,257,AD 57,2025-11-05_01:52:52.004017
ED   27,97.98%,YES,&nbsp,393,AD 57,2025-11-05_01:52:52.004017
ED   27,97.98%,NO,&nbsp,395,AD 57,2025-11-05_01:52:52.004017
ED   28,97.98%,YES,&nbsp,349,AD 57,2025-11-05_01:52:52.004017
ED   28,97.98%,NO,&nbsp,358,AD 57,2025-11-05_01:52:52.004017
ED   29,97.98%,YES,&nbsp,322,AD 57,2025-11-05_01:52:52.004017
ED   29,97.98%,NO,&nbsp,344,AD 57,2025-11-05_01:52:52.004017
ED   30,97.98%,YES,&nbsp,302,AD 57,2025-11-05_01:52:52.004017
ED   30,97.98%,NO,&nbsp,494,AD 57,2025-11-05_01:52:52.004017
ED   31,97.98%,YES,&nbsp,155,AD 57,2025-11-05_01:52:52.004017
ED   31,97.98%,NO,&nbsp,220,AD 57,2025-11-05_01:52:52.004017
ED   32,97.98%,YES,&nbsp,286,AD 57,2025-11-05_01:52:52.004017
ED   32,97.98%,NO,&nbsp,347,AD 57,2025-11-05_01:52:52.004017
ED   33,97.98%,YES,&nbsp,313,AD 57,2025-11-05_01:52:52.004017
ED   33,97.98%,NO,&nbsp,416,AD 57,2025-11-05_01:52:52.004017
ED   34,97.98%,YES,&nbsp,346,AD 57,2025-11-05_01:52:52.004017
ED   34,97.98%,NO,&nbsp,391,AD 57,2025-11-05_01:52:52.004017
ED   35,97.98%,YES,&nbsp,309,AD 57,2025-11-05_01:52:52.004017
ED   35,97.98%,NO,&nbsp,348,AD 57,2025-11-05_01:52:52.004017
ED   36,97.98%,YES,&nbsp,354,AD 57,2025-11-05_01:52:52.004017
ED   36,97.98%,NO,&nbsp,435,AD 57,2025-11-05_01:52:52.004017
ED   37,97.98%,YES,&nbsp,334,AD 57,2025-11-05_01:52:52.004017
ED   37,97.98%,NO,&nbsp,459,AD 57,2025-11-05_01:52:52.004017
ED   38,97.98%,YES,&nbsp,241,AD 57,2025-11-05_01:52:52.004017
ED   38,97.98%,NO,&nbsp,319,AD 57,2025-11-05_01:52:52.004017
ED   39,97.98%,YES,&nbsp,234,AD 57,2025-11-05_01:52:52.004017
ED   39,97.98%,NO,&nbsp,236,AD 57,2025-11-05_01:52:52.004017
ED   40,97.98%,YES,&nbsp,198,AD 57,2025-11-05_01:52:52.004017
ED   40,97.98%,NO,&nbsp,244,AD 57,2025-11-05_01:52:52.004017
ED   41,97.98%,YES,&nbsp,195,AD 57,2025-11-05_01:52:52.004017
ED   41,97.98%,NO,&nbsp,226,AD 57,2025-11-05_01:52:52.004017
ED   42,97.98%,YES,&nbsp,195,AD 57,2025-11-05_01:52:52.004017
ED   42,97.98%,NO,&nbsp,201,AD 57,2025-11-05_01:52:52.004017
ED   43,97.98%,YES,&nbsp,411,AD 57,2025-11-05_01:52:52.004017
ED   43,97.98%,NO,&nbsp,498,AD 57,2025-11-05_01:52:52.004017
ED   44,97.98%,YES,&nbsp,338,AD 57,2025-11-05_01:52:52.004017
ED   44,97.98%,NO,&nbsp,382,AD 57,2025-11-05_01:52:52.004017
ED   45,97.98%,YES,&nbsp,263,AD 57,2025-11-05_01:52:52.004017
ED   45,97.98%,NO,&nbsp,331,AD 57,2025-11-05_01:52:52.004017
ED   46,97.98%,YES,&nbsp,342,AD 57,2025-11-05_01:52:52.004017
ED   46,97.98%,NO,&nbsp,347,AD 57,2025-11-05_01:52:52.004017
ED   47,97.98%,YES,&nbsp,397,AD 57,2025-11-05_01:52:52.004017
ED   47,97.98%,NO,&nbsp,428,AD 57,2025-11-05_01:52:52.004017
ED   48,97.98%,YES,&nbsp,418,AD 57,2025-11-05_01:52:52.004017
ED   48,97.98%,NO,&nbsp,435,AD 57,2025-11-05_01:52:52.004017
ED   49,97.98%,YES,&nbsp,451,AD 57,2025-11-05_01:52:52.004017
ED   49,97.98%,NO,&nbsp,448,AD 57,2025-11-05_01:52:52.004017
ED   50,97.98%,YES,&nbsp,359,AD 57,2025-11-05_01:52:52.004017
ED   50,97.98%,NO,&nbsp,395,AD 57,2025-11-05_01:52:52.004017
ED   51,97.98%,YES,&nbsp,458,AD 57,2025-11-05_01:52:52.004017
ED   51,97.98%,NO,&nbsp,478,AD 57,2025-11-05_01:52:52.004017
ED   52,97.98%,YES,&nbsp,344,AD 57,2025-11-05_01:52:52.004017
ED   52,97.98%,NO,&nbsp,316,AD 57,2025-11-05_01:52:52.004017
ED   53,97.98%,YES,&nbsp,199,AD 57,2025-11-05_01:52:52.004017
ED   53,97.98%,NO,&nbsp,269,AD 57,2025-11-05_01:52:52.004017
ED   54,97.98%,YES,&nbsp,266,AD 57,2025-11-05_01:52:52.004017
ED   54,97.98%,NO,&nbsp,332,AD 57,2025-11-05_01:52:52.004017
ED   55,97.98%,YES,&nbsp,343,AD 57,2025-11-05_01:52:52.004017
ED   55,97.98%,NO,&nbsp,348,AD 57,2025-11-05_01:52:52.004017
ED   56,97.98%,YES,&nbsp,332,AD 57,2025-11-05_01:52:52.004017
ED   56,97.98%,NO,&nbsp,378,AD 57,2025-11-05_01:52:52.004017
ED   57,97.98%,YES,&nbsp,332,AD 57,2025-11-05_01:52:52.004017
ED   57,97.98%,NO,&nbsp,343,AD 57,2025-11-05_01:52:52.004017
ED   58,97.98%,YES,&nbsp,297,AD 57,2025-11-05_01:52:52.004017
ED   58,97.98%,NO,&nbsp,294,AD 57,2025-11-05_01:52:52.004017
ED   59,97.98%,YES,&nbsp,272,AD 57,2025-11-05_01:52:52.004017
ED   59,97.98%,NO,&nbsp,310,AD 57,2025-11-05_01:52:52.004017
ED   60,97.98%,YES,&nbsp,449,AD 57,2025-11-05_01:52:52.004017
ED   60,97.98%,NO,&nbsp,465,AD 57,2025-11-05_01:52:52.004017
ED   61,97.98%,YES,&nbsp,370,AD 57,2025-11-05_01:52:52.004017
ED   61,97.98%,NO,&nbsp,411,AD 57,2025-11-05_01:52:52.004017
ED   62,97.98%,YES,&nbsp,236,AD 57,2025-11-05_01:52:52.004017
ED   62,97.98%,NO,&nbsp,281,AD 57,2025-11-05_01:52:52.004017
ED   63,97.98%,YES,&nbsp,296,AD 57,2025-11-05_01:52:52.004017
ED   63,97.98%,NO,&nbsp,370,AD 57,2025-11-05_01:52:52.004017
ED   64,97.98%,YES,&nbsp,60,AD 57,2025-11-05_01:52:52.004017
ED   64,97.98%,NO,&nbsp,85,AD 57,2025-11-05_01:52:52.004017
ED   65,97.98%,YES,&nbsp,79,AD 57,2025-11-05_01:52:52.004017
ED   65,97.98%,NO,&nbsp,71,AD 57,2025-11-05_01:52:52.004017
ED   66,97.98%,YES,&nbsp,104,AD 57,2025-11-05_01:52:52.004017
ED   66,97.98%,NO,&nbsp,110,AD 57,2025-11-05_01:52:52.004017
ED   67,97.98%,YES,&nbsp,31,AD 57,2025-11-05_01:52:52.004017
ED   67,97.98%,NO,&nbsp,28,AD 57,2025-11-05_01:52:52.004017
ED   68,97.98%,YES,&nbsp,132,AD 57,2025-11-05_01:52:52.004017
ED   68,97.98%,NO,&nbsp,168,AD 57,2025-11-05_01:52:52.004017
ED   69,97.98%,YES,&nbsp,53,AD 57,2025-11-05_01:52:52.004017
ED   69,97.98%,NO,&nbsp,56,AD 57,2025-11-05_01:52:52.004017
ED   70,97.98%,YES,&nbsp,114,AD 57,2025-11-05_01:52:52.004017
ED   70,97.98%,NO,&nbsp,148,AD 57,2025-11-05_01:52:52.004017
ED   71,97.98%,YES,&nbsp,99,AD 57,2025-11-05_01:52:52.004017
ED   71,97.98%,NO,&nbsp,183,AD 57,2025-11-05_01:52:52.004017
ED   72,97.98%,YES,&nbsp,88,AD 57,2025-11-05_01:52:52.004017
ED   72,97.98%,NO,&nbsp,149,AD 57,2025-11-05_01:52:52.004017
ED   73,97.98%,YES,&nbsp,389,AD 57,2025-11-05_01:52:52.004017
ED   73,97.98%,NO,&nbsp,404,AD 57,2025-11-05_01:52:52.004017
ED   74,97.98%,YES,&nbsp,284,AD 57,2025-11-05_01:52:52.004017
ED   74,97.98%,NO,&nbsp,268,AD 57,2025-11-05_01:52:52.004017
ED   75,97.98%,YES,&nbsp,7,AD 57,2025-11-05_01:52:52.004017
ED   75,97.98%,NO,&nbsp,20,AD 57,2025-11-05_01:52:52.004017
ED   76,97.98%,YES,&nbsp,3,AD 57,2025-11-05_01:52:52.004017
ED   76,97.98%,NO,&nbsp,10,AD 57,2025-11-05_01:52:52.004017
ED   77,97.98%,YES,&nbsp,0,AD 57,2025-11-05_01:52:52.004017
ED   77,97.98%,NO,&nbsp,0,AD 57,2025-11-05_01:52:52.004017
ED   78,97.98%,YES,&nbsp,0,AD 57,2025-11-05_01:52:52.004017
ED   78,97.98%,NO,&nbsp,0,AD 57,2025-11-05_01:52:52.004017
ED   79,97.98%,YES,&nbsp,0,AD 57,2025-11-05_01:52:52.004017
ED   79,97.98%,NO,&nbsp,0,AD 57,2025-11-05_01:52:52.004017
ED   80,97.98%,YES,&nbsp,0,AD 57,2025-11-05_01:52:52.004017
ED   80,97.98%,NO,&nbsp,0,AD 57,2025-11-05_01:52:52.004017
ED   81,97.98%,YES,&nbsp,0,AD 57,2025-11-05_01:52:52.004017
ED   81,97.98%,NO,&nbsp,0,AD 57,2025-11-05_01:52:52.004017
Total,,YES,&nbsp,19044,AD 57,2025-11-05_01:52:52.004017
Total,,NO,&nbsp,21723,AD 57,2025-11-05_01:52:52.004017
ED    1,97.98%,YES,&nbsp,117,AD 58,2025-11-05_01:52:52.004017
ED    1,97.98%,NO,&nbsp,128,AD 58,2025-11-05_01:52:52.004017
ED    2,97.98%,YES,&nbsp,121,AD 58,2025-11-05_01:52:52.004017
ED    2,97.98%,NO,&nbsp,130,AD 58,2025-11-05_01:52:52.004017
ED    3,97.98%,YES,&nbsp,230,AD 58,2025-11-05_01:52:52.004017
ED    3,97.98%,NO,&nbsp,198,AD 58,2025-11-05_01:52:52.004017
ED    4,97.98%,YES,&nbsp,141,AD 58,2025-11-05_01:52:52.004017
ED    4,97.98%,NO,&nbsp,93,AD 58,2025-11-05_01:52:52.004017
ED    5,97.98%,YES,&nbsp,133,AD 58,2025-11-05_01:52:52.004017
ED    5,97.98%,NO,&nbsp,130,AD 58,2025-11-05_01:52:52.004017
ED    6,97.98%,YES,&nbsp,120,AD 58,2025-11-05_01:52:52.004017
ED    6,97.98%,NO,&nbsp,122,AD 58,2025-11-05_01:52:52.004017
ED    7,97.98%,YES,&nbsp,168,AD 58,2025-11-05_01:52:52.004017
ED    7,97.98%,NO,&nbsp,133,AD 58,2025-11-05_01:52:52.004017
ED    8,97.98%,YES,&nbsp,195,AD 58,2025-11-05_01:52:52.004017
ED    8,97.98%,NO,&nbsp,142,AD 58,2025-11-05_01:52:52.004017
ED    9,97.98%,YES,&nbsp,164,AD 58,2025-11-05_01:52:52.004017
ED    9,97.98%,NO,&nbsp,145,AD 58,2025-11-05_01:52:52.004017
ED   10,97.98%,YES,&nbsp,146,AD 58,2025-11-05_01:52:52.004017
ED   10,97.98%,NO,&nbsp,135,AD 58,2025-11-05_01:52:52.004017
ED   11,97.98%,YES,&nbsp,238,AD 58,2025-11-05_01:52:52.004017
ED   11,97.98%,NO,&nbsp,212,AD 58,2025-11-05_01:52:52.004017
ED   12,97.98%,YES,&nbsp,127,AD 58,2025-11-05_01:52:52.004017
ED   12,97.98%,NO,&nbsp,156,AD 58,2025-11-05_01:52:52.004017
ED   13,97.98%,YES,&nbsp,219,AD 58,2025-11-05_01:52:52.004017
ED   13,97.98%,NO,&nbsp,185,AD 58,2025-11-05_01:52:52.004017
ED   14,97.98%,YES,&nbsp,163,AD 58,2025-11-05_01:52:52.004017
ED   14,97.98%,NO,&nbsp,143,AD 58,2025-11-05_01:52:52.004017
ED   15,97.98%,YES,&nbsp,177,AD 58,2025-11-05_01:52:52.004017
ED   15,97.98%,NO,&nbsp,177,AD 58,2025-11-05_01:52:52.004017
ED   16,97.98%,YES,&nbsp,146,AD 58,2025-11-05_01:52:52.004017
ED   16,97.98%,NO,&nbsp,142,AD 58,2025-11-05_01:52:52.004017
ED   17,97.98%,YES,&nbsp,184,AD 58,2025-11-05_01:52:52.004017
ED   17,97.98%,NO,&nbsp,137,AD 58,2025-11-05_01:52:52.004017
ED   18,97.98%,YES,&nbsp,192,AD 58,2025-11-05_01:52:52.004017
ED   18,97.98%,NO,&nbsp,170,AD 58,2025-11-05_01:52:52.004017
ED   19,97.98%,YES,&nbsp,144,AD 58,2025-11-05_01:52:52.004017
ED   19,97.98%,NO,&nbsp,102,AD 58,2025-11-05_01:52:52.004017
ED   20,97.98%,YES,&nbsp,105,AD 58,2025-11-05_01:52:52.004017
ED   20,97.98%,NO,&nbsp,96,AD 58,2025-11-05_01:52:52.004017
ED   21,97.98%,YES,&nbsp,133,AD 58,2025-11-05_01:52:52.004017
ED   21,97.98%,NO,&nbsp,123,AD 58,2025-11-05_01:52:52.004017
ED   22,97.98%,YES,&nbsp,55,AD 58,2025-11-05_01:52:52.004017
ED   22,97.98%,NO,&nbsp,37,AD 58,2025-11-05_01:52:52.004017
ED   23,97.98%,YES,&nbsp,127,AD 58,2025-11-05_01:52:52.004017
ED   23,97.98%,NO,&nbsp,135,AD 58,2025-11-05_01:52:52.004017
ED   24,97.98%,YES,&nbsp,3,AD 58,2025-11-05_01:52:52.004017
ED   24,97.98%,NO,&nbsp,7,AD 58,2025-11-05_01:52:52.004017
ED   25,97.98%,YES,&nbsp,155,AD 58,2025-11-05_01:52:52.004017
ED   25,97.98%,NO,&nbsp,124,AD 58,2025-11-05_01:52:52.004017
ED   26,97.98%,YES,&nbsp,153,AD 58,2025-11-05_01:52:52.004017
ED   26,97.98%,NO,&nbsp,134,AD 58,2025-11-05_01:52:52.004017
ED   27,97.98%,YES,&nbsp,163,AD 58,2025-11-05_01:52:52.004017
ED   27,97.98%,NO,&nbsp,155,AD 58,2025-11-05_01:52:52.004017
ED   28,97.98%,YES,&nbsp,191,AD 58,2025-11-05_01:52:52.004017
ED   28,97.98%,NO,&nbsp,219,AD 58,2025-11-05_01:52:52.004017
ED   29,97.98%,YES,&nbsp,157,AD 58,2025-11-05_01:52:52.004017
ED   29,97.98%,NO,&nbsp,149,AD 58,2025-11-05_01:52:52.004017
ED   30,97.98%,YES,&nbsp,105,AD 58,2025-11-05_01:52:52.004017
ED   30,97.98%,NO,&nbsp,109,AD 58,2025-11-05_01:52:52.004017
ED   31,97.98%,YES,&nbsp,121,AD 58,2025-11-05_01:52:52.004017
ED   31,97.98%,NO,&nbsp,141,AD 58,2025-11-05_01:52:52.004017
ED   32,97.98%,YES,&nbsp,164,AD 58,2025-11-05_01:52:52.004017
ED   32,97.98%,NO,&nbsp,172,AD 58,2025-11-05_01:52:52.004017
ED   33,97.98%,YES,&nbsp,166,AD 58,2025-11-05_01:52:52.004017
ED   33,97.98%,NO,&nbsp,150,AD 58,2025-11-05_01:52:52.004017
ED   34,97.98%,YES,&nbsp,193,AD 58,2025-11-05_01:52:52.004017
ED   34,97.98%,NO,&nbsp,179,AD 58,2025-11-05_01:52:52.004017
ED   35,97.98%,YES,&nbsp,249,AD 58,2025-11-05_01:52:52.004017
ED   35,97.98%,NO,&nbsp,198,AD 58,2025-11-05_01:52:52.004017
ED   36,97.98%,YES,&nbsp,160,AD 58,2025-11-05_01:52:52.004017
ED   36,97.98%,NO,&nbsp,127,AD 58,2025-11-05_01:52:52.004017
ED   37,97.98%,YES,&nbsp,213,AD 58,2025-11-05_01:52:52.004017
ED   37,97.98%,NO,&nbsp,186,AD 58,2025-11-05_01:52:52.004017
ED   38,97.98%,YES,&nbsp,146,AD 58,2025-11-05_01:52:52.004017
ED   38,97.98%,NO,&nbsp,140,AD 58,2025-11-05_01:52:52.004017
ED   39,97.98%,YES,&nbsp,158,AD 58,2025-11-05_01:52:52.004017
ED   39,97.98%,NO,&nbsp,159,AD 58,2025-11-05_01:52:52.004017
ED   40,97.98%,YES,&nbsp,196,AD 58,2025-11-05_01:52:52.004017
ED   40,97.98%,NO,&nbsp,210,AD 58,2025-11-05_01:52:52.004017
ED   41,97.98%,YES,&nbsp,176,AD 58,2025-11-05_01:52:52.004017
ED   41,97.98%,NO,&nbsp,188,AD 58,2025-11-05_01:52:52.004017
ED   42,97.98%,YES,&nbsp,196,AD 58,2025-11-05_01:52:52.004017
ED   42,97.98%,NO,&nbsp,178,AD 58,2025-11-05_01:52:52.004017
ED   43,97.98%,YES,&nbsp,166,AD 58,2025-11-05_01:52:52.004017
ED   43,97.98%,NO,&nbsp,132,AD 58,2025-11-05_01:52:52.004017
ED   44,97.98%,YES,&nbsp,192,AD 58,2025-11-05_01:52:52.004017
ED   44,97.98%,NO,&nbsp,193,AD 58,2025-11-05_01:52:52.004017
ED   45,97.98%,YES,&nbsp,138,AD 58,2025-11-05_01:52:52.004017
ED   45,97.98%,NO,&nbsp,156,AD 58,2025-11-05_01:52:52.004017
ED   46,97.98%,YES,&nbsp,91,AD 58,2025-11-05_01:52:52.004017
ED   46,97.98%,NO,&nbsp,70,AD 58,2025-11-05_01:52:52.004017
ED   47,97.98%,YES,&nbsp,25,AD 58,2025-11-05_01:52:52.004017
ED   47,97.98%,NO,&nbsp,12,AD 58,2025-11-05_01:52:52.004017
ED   48,97.98%,YES,&nbsp,104,AD 58,2025-11-05_01:52:52.004017
ED   48,97.98%,NO,&nbsp,83,AD 58,2025-11-05_01:52:52.004017
ED   49,97.98%,YES,&nbsp,116,AD 58,2025-11-05_01:52:52.004017
ED   49,97.98%,NO,&nbsp,137,AD 58,2025-11-05_01:52:52.004017
ED   50,97.98%,YES,&nbsp,128,AD 58,2025-11-05_01:52:52.004017
ED   50,97.98%,NO,&nbsp,128,AD 58,2025-11-05_01:52:52.004017
ED   51,97.98%,YES,&nbsp,150,AD 58,2025-11-05_01:52:52.004017
ED   51,97.98%,NO,&nbsp,132,AD 58,2025-11-05_01:52:52.004017
ED   52,97.98%,YES,&nbsp,191,AD 58,2025-11-05_01:52:52.004017
ED   52,97.98%,NO,&nbsp,144,AD 58,2025-11-05_01:52:52.004017
ED   53,97.98%,YES,&nbsp,234,AD 58,2025-11-05_01:52:52.004017
ED   53,97.98%,NO,&nbsp,237,AD 58,2025-11-05_01:52:52.004017
ED   54,97.98%,YES,&nbsp,65,AD 58,2025-11-05_01:52:52.004017
ED   54,97.98%,NO,&nbsp,51,AD 58,2025-11-05_01:52:52.004017
ED   55,97.98%,YES,&nbsp,105,AD 58,2025-11-05_01:52:52.004017
ED   55,97.98%,NO,&nbsp,110,AD 58,2025-11-05_01:52:52.004017
ED   56,97.98%,YES,&nbsp,128,AD 58,2025-11-05_01:52:52.004017
ED   56,97.98%,NO,&nbsp,126,AD 58,2025-11-05_01:52:52.004017
ED   57,97.98%,YES,&nbsp,215,AD 58,2025-11-05_01:52:52.004017
ED   57,97.98%,NO,&nbsp,190,AD 58,2025-11-05_01:52:52.004017
ED   58,97.98%,YES,&nbsp,212,AD 58,2025-11-05_01:52:52.004017
ED   58,97.98%,NO,&nbsp,220,AD 58,2025-11-05_01:52:52.004017
ED   59,97.98%,YES,&nbsp,210,AD 58,2025-11-05_01:52:52.004017
ED   59,97.98%,NO,&nbsp,227,AD 58,2025-11-05_01:52:52.004017
ED   60,97.98%,YES,&nbsp,222,AD 58,2025-11-05_01:52:52.004017
ED   60,97.98%,NO,&nbsp,221,AD 58,2025-11-05_01:52:52.004017
ED   61,97.98%,YES,&nbsp,141,AD 58,2025-11-05_01:52:52.004017
ED   61,97.98%,NO,&nbsp,138,AD 58,2025-11-05_01:52:52.004017
ED   62,97.98%,YES,&nbsp,175,AD 58,2025-11-05_01:52:52.004017
ED   62,97.98%,NO,&nbsp,169,AD 58,2025-11-05_01:52:52.004017
ED   63,97.98%,YES,&nbsp,178,AD 58,2025-11-05_01:52:52.004017
ED   63,97.98%,NO,&nbsp,159,AD 58,2025-11-05_01:52:52.004017
ED   64,97.98%,YES,&nbsp,82,AD 58,2025-11-05_01:52:52.004017
ED   64,97.98%,NO,&nbsp,91,AD 58,2025-11-05_01:52:52.004017
ED   65,97.98%,YES,&nbsp,0,AD 58,2025-11-05_01:52:52.004017
ED   65,97.98%,NO,&nbsp,0,AD 58,2025-11-05_01:52:52.004017
ED   66,97.98%,YES,&nbsp,0,AD 58,2025-11-05_01:52:52.004017
ED   66,97.98%,NO,&nbsp,0,AD 58,2025-11-05_01:52:52.004017
ED   67,97.98%,YES,&nbsp,0,AD 58,2025-11-05_01:52:52.004017
ED   67,97.98%,NO,&nbsp,0,AD 58,2025-11-05_01:52:52.004017
Total,,YES,&nbsp,9878,AD 58,2025-11-05_01:52:52.004017
Total,,NO,&nbsp,9222,AD 58,2025-11-05_01:52:52.004017
ED    1,97.98%,YES,&nbsp,101,AD 59,2025-11-05_01:52:52.004017
ED    1,97.98%,NO,&nbsp,77,AD 59,2025-11-05_01:52:52.004017
ED    2,97.98%,YES,&nbsp,139,AD 59,2025-11-05_01:52:52.004017
ED    2,97.98%,NO,&nbsp,137,AD 59,2025-11-05_01:52:52.004017
ED    3,97.98%,YES,&nbsp,217,AD 59,2025-11-05_01:52:52.004017
ED    3,97.98%,NO,&nbsp,199,AD 59,2025-11-05_01:52:52.004017
ED    4,97.98%,YES,&nbsp,242,AD 59,2025-11-05_01:52:52.004017
ED    4,97.98%,NO,&nbsp,200,AD 59,2025-11-05_01:52:52.004017
ED    5,97.98%,YES,&nbsp,207,AD 59,2025-11-05_01:52:52.004017
ED    5,97.98%,NO,&nbsp,198,AD 59,2025-11-05_01:52:52.004017
ED    6,97.98%,YES,&nbsp,195,AD 59,2025-11-05_01:52:52.004017
ED    6,97.98%,NO,&nbsp,181,AD 59,2025-11-05_01:52:52.004017
ED    7,97.98%,YES,&nbsp,230,AD 59,2025-11-05_01:52:52.004017
ED    7,97.98%,NO,&nbsp,177,AD 59,2025-11-05_01:52:52.004017
ED    8,97.98%,YES,&nbsp,175,AD 59,2025-11-05_01:52:52.004017
ED    8,97.98%,NO,&nbsp,156,AD 59,2025-11-05_01:52:52.004017
ED    9,97.98%,YES,&nbsp,191,AD 59,2025-11-05_01:52:52.004017
ED    9,97.98%,NO,&nbsp,208,AD 59,2025-11-05_01:52:52.004017
ED   10,97.98%,YES,&nbsp,191,AD 59,2025-11-05_01:52:52.004017
ED   10,97.98%,NO,&nbsp,176,AD 59,2025-11-05_01:52:52.004017
ED   11,97.98%,YES,&nbsp,186,AD 59,2025-11-05_01:52:52.004017
ED   11,97.98%,NO,&nbsp,150,AD 59,2025-11-05_01:52:52.004017
ED   12,97.98%,YES,&nbsp,171,AD 59,2025-11-05_01:52:52.004017
ED   12,97.98%,NO,&nbsp,147,AD 59,2025-11-05_01:52:52.004017
ED   13,97.98%,YES,&nbsp,168,AD 59,2025-11-05_01:52:52.004017
ED   13,97.98%,NO,&nbsp,151,AD 59,2025-11-05_01:52:52.004017
ED   14,97.98%,YES,&nbsp,136,AD 59,2025-11-05_01:52:52.004017
ED   14,97.98%,NO,&nbsp,95,AD 59,2025-11-05_01:52:52.004017
ED   15,97.98%,YES,&nbsp,102,AD 59,2025-11-05_01:52:52.004017
ED   15,97.98%,NO,&nbsp,96,AD 59,2025-11-05_01:52:52.004017
ED   16,97.98%,YES,&nbsp,201,AD 59,2025-11-05_01:52:52.004017
ED   16,97.98%,NO,&nbsp,122,AD 59,2025-11-05_01:52:52.004017
ED   17,97.98%,YES,&nbsp,259,AD 59,2025-11-05_01:52:52.004017
ED   17,97.98%,NO,&nbsp,196,AD 59,2025-11-05_01:52:52.004017
ED   18,97.98%,YES,&nbsp,214,AD 59,2025-11-05_01:52:52.004017
ED   18,97.98%,NO,&nbsp,172,AD 59,2025-11-05_01:52:52.004017
ED   19,97.98%,YES,&nbsp,228,AD 59,2025-11-05_01:52:52.004017
ED   19,97.98%,NO,&nbsp,144,AD 59,2025-11-05_01:52:52.004017
ED   20,97.98%,YES,&nbsp,170,AD 59,2025-11-05_01:52:52.004017
ED   20,97.98%,NO,&nbsp,131,AD 59,2025-11-05_01:52:52.004017
ED   21,97.98%,YES,&nbsp,207,AD 59,2025-11-05_01:52:52.004017
ED   21,97.98%,NO,&nbsp,161,AD 59,2025-11-05_01:52:52.004017
ED   22,97.98%,YES,&nbsp,165,AD 59,2025-11-05_01:52:52.004017
ED   22,97.98%,NO,&nbsp,133,AD 59,2025-11-05_01:52:52.004017
ED   23,97.98%,YES,&nbsp,87,AD 59,2025-11-05_01:52:52.004017
ED   23,97.98%,NO,&nbsp,77,AD 59,2025-11-05_01:52:52.004017
ED   24,97.98%,YES,&nbsp,101,AD 59,2025-11-05_01:52:52.004017
ED   24,97.98%,NO,&nbsp,79,AD 59,2025-11-05_01:52:52.004017
ED   25,97.98%,YES,&nbsp,76,AD 59,2025-11-05_01:52:52.004017
ED   25,97.98%,NO,&nbsp,80,AD 59,2025-11-05_01:52:52.004017
ED   26,97.98%,YES,&nbsp,131,AD 59,2025-11-05_01:52:52.004017
ED   26,97.98%,NO,&nbsp,110,AD 59,2025-11-05_01:52:52.004017
ED   27,97.98%,YES,&nbsp,203,AD 59,2025-11-05_01:52:52.004017
ED   27,97.98%,NO,&nbsp,181,AD 59,2025-11-05_01:52:52.004017
ED   28,97.98%,YES,&nbsp,129,AD 59,2025-11-05_01:52:52.004017
ED   28,97.98%,NO,&nbsp,118,AD 59,2025-11-05_01:52:52.004017
ED   29,97.98%,YES,&nbsp,153,AD 59,2025-11-05_01:52:52.004017
ED   29,97.98%,NO,&nbsp,150,AD 59,2025-11-05_01:52:52.004017
ED   30,97.98%,YES,&nbsp,168,AD 59,2025-11-05_01:52:52.004017
ED   30,97.98%,NO,&nbsp,185,AD 59,2025-11-05_01:52:52.004017
ED   31,97.98%,YES,&nbsp,62,AD 59,2025-11-05_01:52:52.004017
ED   31,97.98%,NO,&nbsp,61,AD 59,2025-11-05_01:52:52.004017
ED   32,97.98%,YES,&nbsp,142,AD 59,2025-11-05_01:52:52.004017
ED   32,97.98%,NO,&nbsp,166,AD 59,2025-11-05_01:52:52.004017
ED   33,97.98%,YES,&nbsp,168,AD 59,2025-11-05_01:52:52.004017
ED   33,97.98%,NO,&nbsp,218,AD 59,2025-11-05_01:52:52.004017
ED   34,97.98%,YES,&nbsp,160,AD 59,2025-11-05_01:52:52.004017
ED   34,97.98%,NO,&nbsp,144,AD 59,2025-11-05_01:52:52.004017
ED   35,97.98%,YES,&nbsp,72,AD 59,2025-11-05_01:52:52.004017
ED   35,97.98%,NO,&nbsp,79,AD 59,2025-11-05_01:52:52.004017
ED   36,97.98%,YES,&nbsp,194,AD 59,2025-11-05_01:52:52.004017
ED   36,97.98%,NO,&nbsp,193,AD 59,2025-11-05_01:52:52.004017
ED   37,97.98%,YES,&nbsp,199,AD 59,2025-11-05_01:52:52.004017
ED   37,97.98%,NO,&nbsp,241,AD 59,2025-11-05_01:52:52.004017
ED   38,97.98%,YES,&nbsp,150,AD 59,2025-11-05_01:52:52.004017
ED   38,97.98%,NO,&nbsp,222,AD 59,2025-11-05_01:52:52.004017
ED   39,97.98%,YES,&nbsp,205,AD 59,2025-11-05_01:52:52.004017
ED   39,97.98%,NO,&nbsp,206,AD 59,2025-11-05_01:52:52.004017
ED   40,97.98%,YES,&nbsp,30,AD 59,2025-11-05_01:52:52.004017
ED   40,97.98%,NO,&nbsp,101,AD 59,2025-11-05_01:52:52.004017
ED   41,97.98%,YES,&nbsp,175,AD 59,2025-11-05_01:52:52.004017
ED   41,97.98%,NO,&nbsp,198,AD 59,2025-11-05_01:52:52.004017
ED   42,97.98%,YES,&nbsp,141,AD 59,2025-11-05_01:52:52.004017
ED   42,97.98%,NO,&nbsp,210,AD 59,2025-11-05_01:52:52.004017
ED   43,97.98%,YES,&nbsp,212,AD 59,2025-11-05_01:52:52.004017
ED   43,97.98%,NO,&nbsp,261,AD 59,2025-11-05_01:52:52.004017
ED   44,97.98%,YES,&nbsp,106,AD 59,2025-11-05_01:52:52.004017
ED   44,97.98%,NO,&nbsp,172,AD 59,2025-11-05_01:52:52.004017
ED   45,97.98%,YES,&nbsp,222,AD 59,2025-11-05_01:52:52.004017
ED   45,97.98%,NO,&nbsp,294,AD 59,2025-11-05_01:52:52.004017
ED   46,97.98%,YES,&nbsp,219,AD 59,2025-11-05_01:52:52.004017
ED   46,97.98%,NO,&nbsp,417,AD 59,2025-11-05_01:52:52.004017
ED   47,97.98%,YES,&nbsp,152,AD 59,2025-11-05_01:52:52.004017
ED   47,97.98%,NO,&nbsp,271,AD 59,2025-11-05_01:52:52.004017
ED   48,97.98%,YES,&nbsp,213,AD 59,2025-11-05_01:52:52.004017
ED   48,97.98%,NO,&nbsp,409,AD 59,2025-11-05_01:52:52.004017
ED   49,97.98%,YES,&nbsp,190,AD 59,2025-11-05_01:52:52.004017
ED   49,97.98%,NO,&nbsp,420,AD 59,2025-11-05_01:52:52.004017
ED   50,97.98%,YES,&nbsp,170,AD 59,2025-11-05_01:52:52.004017
ED   50,97.98%,NO,&nbsp,432,AD 59,2025-11-05_01:52:52.004017
ED   51,97.98%,YES,&nbsp,98,AD 59,2025-11-05_01:52:52.004017
ED   51,97.98%,NO,&nbsp,241,AD 59,2025-11-05_01:52:52.004017
ED   52,97.98%,YES,&nbsp,182,AD 59,2025-11-05_01:52:52.004017
ED   52,97.98%,NO,&nbsp,383,AD 59,2025-11-05_01:52:52.004017
ED   53,97.98%,YES,&nbsp,131,AD 59,2025-11-05_01:52:52.004017
ED   53,97.98%,NO,&nbsp,370,AD 59,2025-11-05_01:52:52.004017
ED   54,97.98%,YES,&nbsp,133,AD 59,2025-11-05_01:52:52.004017
ED   54,97.98%,NO,&nbsp,339,AD 59,2025-11-05_01:52:52.004017
ED   55,97.98%,YES,&nbsp,225,AD 59,2025-11-05_01:52:52.004017
ED   55,97.98%,NO,&nbsp,516,AD 59,2025-11-05_01:52:52.004017
ED   56,97.98%,YES,&nbsp,217,AD 59,2025-11-05_01:52:52.004017
ED   56,97.98%,NO,&nbsp,552,AD 59,2025-11-05_01:52:52.004017
ED   57,97.98%,YES,&nbsp,234,AD 59,2025-11-05_01:52:52.004017
ED   57,97.98%,NO,&nbsp,433,AD 59,2025-11-05_01:52:52.004017
ED   58,97.98%,YES,&nbsp,89,AD 59,2025-11-05_01:52:52.004017
ED   58,97.98%,NO,&nbsp,145,AD 59,2025-11-05_01:52:52.004017
ED   59,97.98%,YES,&nbsp,131,AD 59,2025-11-05_01:52:52.004017
ED   59,97.98%,NO,&nbsp,270,AD 59,2025-11-05_01:52:52.004017
ED   60,97.98%,YES,&nbsp,119,AD 59,2025-11-05_01:52:52.004017
ED   60,97.98%,NO,&nbsp,234,AD 59,2025-11-05_01:52:52.004017
ED   61,97.98%,YES,&nbsp,4,AD 59,2025-11-05_01:52:52.004017
ED   61,97.98%,NO,&nbsp,3,AD 59,2025-11-05_01:52:52.004017
ED   62,97.98%,YES,&nbsp,0,AD 59,2025-11-05_01:52:52.004017
ED   62,97.98%,NO,&nbsp,2,AD 59,2025-11-05_01:52:52.004017
ED   63,97.98%,YES,&nbsp,80,AD 59,2025-11-05_01:52:52.004017
ED   63,97.98%,NO,&nbsp,99,AD 59,2025-11-05_01:52:52.004017
ED   64,97.98%,YES,&nbsp,5,AD 59,2025-11-05_01:52:52.004017
ED   64,97.98%,NO,&nbsp,2,AD 59,2025-11-05_01:52:52.004017
ED   65,97.98%,YES,&nbsp,162,AD 59,2025-11-05_01:52:52.004017
ED   65,97.98%,NO,&nbsp,292,AD 59,2025-11-05_01:52:52.004017
ED   66,97.98%,YES,&nbsp,116,AD 59,2025-11-05_01:52:52.004017
ED   66,97.98%,NO,&nbsp,279,AD 59,2025-11-05_01:52:52.004017
ED   67,97.98%,YES,&nbsp,0,AD 59,2025-11-05_01:52:52.004017
ED   67,97.98%,NO,&nbsp,0,AD 59,2025-11-05_01:52:52.004017
ED   68,97.98%,YES,&nbsp,0,AD 59,2025-11-05_01:52:52.004017
ED   68,97.98%,NO,&nbsp,0,AD 59,2025-11-05_01:52:52.004017
ED   69,97.98%,YES,&nbsp,0,AD 59,2025-11-05_01:52:52.004017
ED   69,97.98%,NO,&nbsp,0,AD 59,2025-11-05_01:52:52.004017
ED   70,97.98%,YES,&nbsp,0,AD 59,2025-11-05_01:52:52.004017
ED   70,97.98%,NO,&nbsp,0,AD 59,2025-11-05_01:52:52.004017
Total,,YES,&nbsp,10251,AD 59,2025-11-05_01:52:52.004017
Total,,NO,&nbsp,13262,AD 59,2025-11-05_01:52:52.004017
ED    1,97.98%,YES,&nbsp,124,AD 60,2025-11-05_01:52:52.004017
ED    1,97.98%,NO,&nbsp,106,AD 60,2025-11-05_01:52:52.004017
ED    2,97.98%,YES,&nbsp,116,AD 60,2025-11-05_01:52:52.004017
ED    2,97.98%,NO,&nbsp,133,AD 60,2025-11-05_01:52:52.004017
ED    3,97.98%,YES,&nbsp,111,AD 60,2025-11-05_01:52:52.004017
ED    3,97.98%,NO,&nbsp,131,AD 60,2025-11-05_01:52:52.004017
ED    4,97.98%,YES,&nbsp,196,AD 60,2025-11-05_01:52:52.004017
ED    4,97.98%,NO,&nbsp,141,AD 60,2025-11-05_01:52:52.004017
ED    5,97.98%,YES,&nbsp,79,AD 60,2025-11-05_01:52:52.004017
ED    5,97.98%,NO,&nbsp,61,AD 60,2025-11-05_01:52:52.004017
ED    6,97.98%,YES,&nbsp,191,AD 60,2025-11-05_01:52:52.004017
ED    6,97.98%,NO,&nbsp,204,AD 60,2025-11-05_01:52:52.004017
ED    7,97.98%,YES,&nbsp,226,AD 60,2025-11-05_01:52:52.004017
ED    7,97.98%,NO,&nbsp,285,AD 60,2025-11-05_01:52:52.004017
ED    8,97.98%,YES,&nbsp,165,AD 60,2025-11-05_01:52:52.004017
ED    8,97.98%,NO,&nbsp,168,AD 60,2025-11-05_01:52:52.004017
ED    9,97.98%,YES,&nbsp,191,AD 60,2025-11-05_01:52:52.004017
ED    9,97.98%,NO,&nbsp,244,AD 60,2025-11-05_01:52:52.004017
ED   10,97.98%,YES,&nbsp,149,AD 60,2025-11-05_01:52:52.004017
ED   10,97.98%,NO,&nbsp,191,AD 60,2025-11-05_01:52:52.004017
ED   11,97.98%,YES,&nbsp,69,AD 60,2025-11-05_01:52:52.004017
ED   11,97.98%,NO,&nbsp,85,AD 60,2025-11-05_01:52:52.004017
ED   12,97.98%,YES,&nbsp,108,AD 60,2025-11-05_01:52:52.004017
ED   12,97.98%,NO,&nbsp,88,AD 60,2025-11-05_01:52:52.004017
ED   13,97.98%,YES,&nbsp,107,AD 60,2025-11-05_01:52:52.004017
ED   13,97.98%,NO,&nbsp,111,AD 60,2025-11-05_01:52:52.004017
ED   14,97.98%,YES,&nbsp,202,AD 60,2025-11-05_01:52:52.004017
ED   14,97.98%,NO,&nbsp,257,AD 60,2025-11-05_01:52:52.004017
ED   15,97.98%,YES,&nbsp,194,AD 60,2025-11-05_01:52:52.004017
ED   15,97.98%,NO,&nbsp,128,AD 60,2025-11-05_01:52:52.004017
ED   16,97.98%,YES,&nbsp,190,AD 60,2025-11-05_01:52:52.004017
ED   16,97.98%,NO,&nbsp,188,AD 60,2025-11-05_01:52:52.004017
ED   17,97.98%,YES,&nbsp,192,AD 60,2025-11-05_01:52:52.004017
ED   17,97.98%,NO,&nbsp,216,AD 60,2025-11-05_01:52:52.004017
ED   18,97.98%,YES,&nbsp,152,AD 60,2025-11-05_01:52:52.004017
ED   18,97.98%,NO,&nbsp,183,AD 60,2025-11-05_01:52:52.004017
ED   19,97.98%,YES,&nbsp,180,AD 60,2025-11-05_01:52:52.004017
ED   19,97.98%,NO,&nbsp,173,AD 60,2025-11-05_01:52:52.004017
ED   20,97.98%,YES,&nbsp,83,AD 60,2025-11-05_01:52:52.004017
ED   20,97.98%,NO,&nbsp,61,AD 60,2025-11-05_01:52:52.004017
ED   21,97.98%,YES,&nbsp,237,AD 60,2025-11-05_01:52:52.004017
ED   21,97.98%,NO,&nbsp,190,AD 60,2025-11-05_01:52:52.004017
ED   22,97.98%,YES,&nbsp,130,AD 60,2025-11-05_01:52:52.004017
ED   22,97.98%,NO,&nbsp,123,AD 60,2025-11-05_01:52:52.004017
ED   23,97.98%,YES,&nbsp,140,AD 60,2025-11-05_01:52:52.004017
ED   23,97.98%,NO,&nbsp,133,AD 60,2025-11-05_01:52:52.004017
ED   24,97.98%,YES,&nbsp,88,AD 60,2025-11-05_01:52:52.004017
ED   24,97.98%,NO,&nbsp,81,AD 60,2025-11-05_01:52:52.004017
ED   25,97.98%,YES,&nbsp,151,AD 60,2025-11-05_01:52:52.004017
ED   25,97.98%,NO,&nbsp,171,AD 60,2025-11-05_01:52:52.004017
ED   26,97.98%,YES,&nbsp,146,AD 60,2025-11-05_01:52:52.004017
ED   26,97.98%,NO,&nbsp,150,AD 60,2025-11-05_01:52:52.004017
ED   27,97.98%,YES,&nbsp,76,AD 60,2025-11-05_01:52:52.004017
ED   27,97.98%,NO,&nbsp,74,AD 60,2025-11-05_01:52:52.004017
ED   28,97.98%,YES,&nbsp,189,AD 60,2025-11-05_01:52:52.004017
ED   28,97.98%,NO,&nbsp,216,AD 60,2025-11-05_01:52:52.004017
ED   29,97.98%,YES,&nbsp,130,AD 60,2025-11-05_01:52:52.004017
ED   29,97.98%,NO,&nbsp,153,AD 60,2025-11-05_01:52:52.004017
ED   30,97.98%,YES,&nbsp,180,AD 60,2025-11-05_01:52:52.004017
ED   30,97.98%,NO,&nbsp,167,AD 60,2025-11-05_01:52:52.004017
ED   31,97.98%,YES,&nbsp,163,AD 60,2025-11-05_01:52:52.004017
ED   31,97.98%,NO,&nbsp,129,AD 60,2025-11-05_01:52:52.004017
ED   32,97.98%,YES,&nbsp,115,AD 60,2025-11-05_01:52:52.004017
ED   32,97.98%,NO,&nbsp,101,AD 60,2025-11-05_01:52:52.004017
ED   33,97.98%,YES,&nbsp,101,AD 60,2025-11-05_01:52:52.004017
ED   33,97.98%,NO,&nbsp,60,AD 60,2025-11-05_01:52:52.004017
ED   34,97.98%,YES,&nbsp,115,AD 60,2025-11-05_01:52:52.004017
ED   34,97.98%,NO,&nbsp,95,AD 60,2025-11-05_01:52:52.004017
ED   35,97.98%,YES,&nbsp,177,AD 60,2025-11-05_01:52:52.004017
ED   35,97.98%,NO,&nbsp,142,AD 60,2025-11-05_01:52:52.004017
ED   36,97.98%,YES,&nbsp,119,AD 60,2025-11-05_01:52:52.004017
ED   36,97.98%,NO,&nbsp,109,AD 60,2025-11-05_01:52:52.004017
ED   37,97.98%,YES,&nbsp,158,AD 60,2025-11-05_01:52:52.004017
ED   37,97.98%,NO,&nbsp,134,AD 60,2025-11-05_01:52:52.004017
ED   38,97.98%,YES,&nbsp,130,AD 60,2025-11-05_01:52:52.004017
ED   38,97.98%,NO,&nbsp,138,AD 60,2025-11-05_01:52:52.004017
ED   39,97.98%,YES,&nbsp,177,AD 60,2025-11-05_01:52:52.004017
ED   39,97.98%,NO,&nbsp,164,AD 60,2025-11-05_01:52:52.004017
ED   40,97.98%,YES,&nbsp,124,AD 60,2025-11-05_01:52:52.004017
ED   40,97.98%,NO,&nbsp,122,AD 60,2025-11-05_01:52:52.004017
ED   41,97.98%,YES,&nbsp,98,AD 60,2025-11-05_01:52:52.004017
ED   41,97.98%,NO,&nbsp,83,AD 60,2025-11-05_01:52:52.004017
ED   42,97.98%,YES,&nbsp,213,AD 60,2025-11-05_01:52:52.004017
ED   42,97.98%,NO,&nbsp,128,AD 60,2025-11-05_01:52:52.004017
ED   43,97.98%,YES,&nbsp,173,AD 60,2025-11-05_01:52:52.004017
ED   43,97.98%,NO,&nbsp,130,AD 60,2025-11-05_01:52:52.004017
ED   44,97.98%,YES,&nbsp,164,AD 60,2025-11-05_01:52:52.004017
ED   44,97.98%,NO,&nbsp,109,AD 60,2025-11-05_01:52:52.004017
ED   45,97.98%,YES,&nbsp,120,AD 60,2025-11-05_01:52:52.004017
ED   45,97.98%,NO,&nbsp,106,AD 60,2025-11-05_01:52:52.004017
ED   46,97.98%,YES,&nbsp,185,AD 60,2025-11-05_01:52:52.004017
ED   46,97.98%,NO,&nbsp,156,AD 60,2025-11-05_01:52:52.004017
ED   47,97.98%,YES,&nbsp,35,AD 60,2025-11-05_01:52:52.004017
ED   47,97.98%,NO,&nbsp,25,AD 60,2025-11-05_01:52:52.004017
ED   48,97.98%,YES,&nbsp,56,AD 60,2025-11-05_01:52:52.004017
ED   48,97.98%,NO,&nbsp,43,AD 60,2025-11-05_01:52:52.004017
ED   49,97.98%,YES,&nbsp,79,AD 60,2025-11-05_01:52:52.004017
ED   49,97.98%,NO,&nbsp,79,AD 60,2025-11-05_01:52:52.004017
ED   50,97.98%,YES,&nbsp,77,AD 60,2025-11-05_01:52:52.004017
ED   50,97.98%,NO,&nbsp,69,AD 60,2025-11-05_01:52:52.004017
ED   51,97.98%,YES,&nbsp,151,AD 60,2025-11-05_01:52:52.004017
ED   51,97.98%,NO,&nbsp,192,AD 60,2025-11-05_01:52:52.004017
ED   52,97.98%,YES,&nbsp,178,AD 60,2025-11-05_01:52:52.004017
ED   52,97.98%,NO,&nbsp,116,AD 60,2025-11-05_01:52:52.004017
ED   53,97.98%,YES,&nbsp,153,AD 60,2025-11-05_01:52:52.004017
ED   53,97.98%,NO,&nbsp,136,AD 60,2025-11-05_01:52:52.004017
ED   54,97.98%,YES,&nbsp,169,AD 60,2025-11-05_01:52:52.004017
ED   54,97.98%,NO,&nbsp,137,AD 60,2025-11-05_01:52:52.004017
ED   55,97.98%,YES,&nbsp,147,AD 60,2025-11-05_01:52:52.004017
ED   55,97.98%,NO,&nbsp,144,AD 60,2025-11-05_01:52:52.004017
ED   56,97.98%,YES,&nbsp,86,AD 60,2025-11-05_01:52:52.004017
ED   56,97.98%,NO,&nbsp,99,AD 60,2025-11-05_01:52:52.004017
ED   57,97.98%,YES,&nbsp,136,AD 60,2025-11-05_01:52:52.004017
ED   57,97.98%,NO,&nbsp,96,AD 60,2025-11-05_01:52:52.004017
ED   58,97.98%,YES,&nbsp,134,AD 60,2025-11-05_01:52:52.004017
ED   58,97.98%,NO,&nbsp,128,AD 60,2025-11-05_01:52:52.004017
ED   59,97.98%,YES,&nbsp,41,AD 60,2025-11-05_01:52:52.004017
ED   59,97.98%,NO,&nbsp,42,AD 60,2025-11-05_01:52:52.004017
ED   60,97.98%,YES,&nbsp,8,AD 60,2025-11-05_01:52:52.004017
ED   60,97.98%,NO,&nbsp,10,AD 60,2025-11-05_01:52:52.004017
ED   61,97.98%,YES,&nbsp,0,AD 60,2025-11-05_01:52:52.004017
ED   61,97.98%,NO,&nbsp,1,AD 60,2025-11-05_01:52:52.004017
ED   62,97.98%,YES,&nbsp,161,AD 60,2025-11-05_01:52:52.004017
ED   62,97.98%,NO,&nbsp,160,AD 60,2025-11-05_01:52:52.004017
ED   63,97.98%,YES,&nbsp,29,AD 60,2025-11-05_01:52:52.004017
ED   63,97.98%,NO,&nbsp,42,AD 60,2025-11-05_01:52:52.004017
ED   64,97.98%,YES,&nbsp,0,AD 60,2025-11-05_01:52:52.004017
ED   64,97.98%,NO,&nbsp,0,AD 60,2025-11-05_01:52:52.004017
Total,,YES,&nbsp,8464,AD 60,2025-11-05_01:52:52.004017
Total,,NO,&nbsp,8037,AD 60,2025-11-05_01:52:52.004017
ED    1,97.98%,YES,&nbsp,165,AD 61,2025-11-05_01:52:52.004017
ED    1,97.98%,NO,&nbsp,206,AD 61,2025-11-05_01:52:52.004017
ED    2,97.98%,YES,&nbsp,160,AD 61,2025-11-05_01:52:52.004017
ED    2,97.98%,NO,&nbsp,253,AD 61,2025-11-05_01:52:52.004017
ED    3,97.98%,YES,&nbsp,154,AD 61,2025-11-05_01:52:52.004017
ED    3,97.98%,NO,&nbsp,110,AD 61,2025-11-05_01:52:52.004017
ED    4,97.98%,YES,&nbsp,200,AD 61,2025-11-05_01:52:52.004017
ED    4,97.98%,NO,&nbsp,137,AD 61,2025-11-05_01:52:52.004017
ED    5,97.98%,YES,&nbsp,192,AD 61,2025-11-05_01:52:52.004017
ED    5,97.98%,NO,&nbsp,282,AD 61,2025-11-05_01:52:52.004017
ED    6,97.98%,YES,&nbsp,124,AD 61,2025-11-05_01:52:52.004017
ED    6,97.98%,NO,&nbsp,113,AD 61,2025-11-05_01:52:52.004017
ED    7,97.98%,YES,&nbsp,147,AD 61,2025-11-05_01:52:52.004017
ED    7,97.98%,NO,&nbsp,183,AD 61,2025-11-05_01:52:52.004017
ED    8,97.98%,YES,&nbsp,217,AD 61,2025-11-05_01:52:52.004017
ED    8,97.98%,NO,&nbsp,263,AD 61,2025-11-05_01:52:52.004017
ED    9,97.98%,YES,&nbsp,187,AD 61,2025-11-05_01:52:52.004017
ED    9,97.98%,NO,&nbsp,255,AD 61,2025-11-05_01:52:52.004017
ED   10,97.98%,YES,&nbsp,204,AD 61,2025-11-05_01:52:52.004017
ED   10,97.98%,NO,&nbsp,205,AD 61,2025-11-05_01:52:52.004017
ED   11,97.98%,YES,&nbsp,320,AD 61,2025-11-05_01:52:52.004017
ED   11,97.98%,NO,&nbsp,353,AD 61,2025-11-05_01:52:52.004017
ED   12,97.98%,YES,&nbsp,271,AD 61,2025-11-05_01:52:52.004017
ED   12,97.98%,NO,&nbsp,361,AD 61,2025-11-05_01:52:52.004017
ED   13,97.98%,YES,&nbsp,275,AD 61,2025-11-05_01:52:52.004017
ED   13,97.98%,NO,&nbsp,258,AD 61,2025-11-05_01:52:52.004017
ED   14,97.98%,YES,&nbsp,153,AD 61,2025-11-05_01:52:52.004017
ED   14,97.98%,NO,&nbsp,174,AD 61,2025-11-05_01:52:52.004017
ED   15,97.98%,YES,&nbsp,175,AD 61,2025-11-05_01:52:52.004017
ED   15,97.98%,NO,&nbsp,203,AD 61,2025-11-05_01:52:52.004017
ED   16,97.98%,YES,&nbsp,118,AD 61,2025-11-05_01:52:52.004017
ED   16,97.98%,NO,&nbsp,150,AD 61,2025-11-05_01:52:52.004017
ED   17,97.98%,YES,&nbsp,206,AD 61,2025-11-05_01:52:52.004017
ED   17,97.98%,NO,&nbsp,323,AD 61,2025-11-05_01:52:52.004017
ED   18,97.98%,YES,&nbsp,149,AD 61,2025-11-05_01:52:52.004017
ED   18,97.98%,NO,&nbsp,140,AD 61,2025-11-05_01:52:52.004017
ED   19,97.98%,YES,&nbsp,174,AD 61,2025-11-05_01:52:52.004017
ED   19,97.98%,NO,&nbsp,216,AD 61,2025-11-05_01:52:52.004017
ED   20,97.98%,YES,&nbsp,197,AD 61,2025-11-05_01:52:52.004017
ED   20,97.98%,NO,&nbsp,189,AD 61,2025-11-05_01:52:52.004017
ED   21,97.98%,YES,&nbsp,256,AD 61,2025-11-05_01:52:52.004017
ED   21,97.98%,NO,&nbsp,435,AD 61,2025-11-05_01:52:52.004017
ED   22,97.98%,YES,&nbsp,235,AD 61,2025-11-05_01:52:52.004017
ED   22,97.98%,NO,&nbsp,369,AD 61,2025-11-05_01:52:52.004017
ED   23,97.98%,YES,&nbsp,181,AD 61,2025-11-05_01:52:52.004017
ED   23,97.98%,NO,&nbsp,207,AD 61,2025-11-05_01:52:52.004017
ED   24,97.98%,YES,&nbsp,127,AD 61,2025-11-05_01:52:52.004017
ED   24,97.98%,NO,&nbsp,137,AD 61,2025-11-05_01:52:52.004017
ED   25,97.98%,YES,&nbsp,175,AD 61,2025-11-05_01:52:52.004017
ED   25,97.98%,NO,&nbsp,192,AD 61,2025-11-05_01:52:52.004017
ED   26,97.98%,YES,&nbsp,213,AD 61,2025-11-05_01:52:52.004017
ED   26,97.98%,NO,&nbsp,383,AD 61,2025-11-05_01:52:52.004017
ED   27,97.98%,YES,&nbsp,118,AD 61,2025-11-05_01:52:52.004017
ED   27,97.98%,NO,&nbsp,273,AD 61,2025-11-05_01:52:52.004017
ED   28,97.98%,YES,&nbsp,153,AD 61,2025-11-05_01:52:52.004017
ED   28,97.98%,NO,&nbsp,252,AD 61,2025-11-05_01:52:52.004017
ED   29,97.98%,YES,&nbsp,186,AD 61,2025-11-05_01:52:52.004017
ED   29,97.98%,NO,&nbsp,282,AD 61,2025-11-05_01:52:52.004017
ED   30,97.98%,YES,&nbsp,197,AD 61,2025-11-05_01:52:52.004017
ED   30,97.98%,NO,&nbsp,247,AD 61,2025-11-05_01:52:52.004017
ED   31,97.98%,YES,&nbsp,216,AD 61,2025-11-05_01:52:52.004017
ED   31,97.98%,NO,&nbsp,333,AD 61,2025-11-05_01:52:52.004017
ED   32,97.98%,YES,&nbsp,171,AD 61,2025-11-05_01:52:52.004017
ED   32,97.98%,NO,&nbsp,316,AD 61,2025-11-05_01:52:52.004017
ED   33,97.98%,YES,&nbsp,168,AD 61,2025-11-05_01:52:52.004017
ED   33,97.98%,NO,&nbsp,239,AD 61,2025-11-05_01:52:52.004017
ED   34,97.98%,YES,&nbsp,171,AD 61,2025-11-05_01:52:52.004017
ED   34,97.98%,NO,&nbsp,209,AD 61,2025-11-05_01:52:52.004017
ED   35,97.98%,YES,&nbsp,204,AD 61,2025-11-05_01:52:52.004017
ED   35,97.98%,NO,&nbsp,236,AD 61,2025-11-05_01:52:52.004017
ED   36,97.98%,YES,&nbsp,231,AD 61,2025-11-05_01:52:52.004017
ED   36,97.98%,NO,&nbsp,259,AD 61,2025-11-05_01:52:52.004017
ED   37,97.98%,YES,&nbsp,248,AD 61,2025-11-05_01:52:52.004017
ED   37,97.98%,NO,&nbsp,249,AD 61,2025-11-05_01:52:52.004017
ED   38,97.98%,YES,&nbsp,213,AD 61,2025-11-05_01:52:52.004017
ED   38,97.98%,NO,&nbsp,321,AD 61,2025-11-05_01:52:52.004017
ED   39,97.98%,YES,&nbsp,264,AD 61,2025-11-05_01:52:52.004017
ED   39,97.98%,NO,&nbsp,295,AD 61,2025-11-05_01:52:52.004017
ED   40,97.98%,YES,&nbsp,254,AD 61,2025-11-05_01:52:52.004017
ED   40,97.98%,NO,&nbsp,500,AD 61,2025-11-05_01:52:52.004017
ED   41,97.98%,YES,&nbsp,259,AD 61,2025-11-05_01:52:52.004017
ED   41,97.98%,NO,&nbsp,513,AD 61,2025-11-05_01:52:52.004017
ED   42,97.98%,YES,&nbsp,235,AD 61,2025-11-05_01:52:52.004017
ED   42,97.98%,NO,&nbsp,498,AD 61,2025-11-05_01:52:52.004017
ED   43,97.98%,YES,&nbsp,249,AD 61,2025-11-05_01:52:52.004017
ED   43,97.98%,NO,&nbsp,430,AD 61,2025-11-05_01:52:52.004017
ED   44,97.98%,YES,&nbsp,194,AD 61,2025-11-05_01:52:52.004017
ED   44,97.98%,NO,&nbsp,366,AD 61,2025-11-05_01:52:52.004017
ED   45,97.98%,YES,&nbsp,117,AD 61,2025-11-05_01:52:52.004017
ED   45,97.98%,NO,&nbsp,208,AD 61,2025-11-05_01:52:52.004017
ED   46,97.98%,YES,&nbsp,121,AD 61,2025-11-05_01:52:52.004017
ED   46,97.98%,NO,&nbsp,272,AD 61,2025-11-05_01:52:52.004017
ED   47,97.98%,YES,&nbsp,27,AD 61,2025-11-05_01:52:52.004017
ED   47,97.98%,NO,&nbsp,44,AD 61,2025-11-05_01:52:52.004017
ED   48,97.98%,YES,&nbsp,88,AD 61,2025-11-05_01:52:52.004017
ED   48,97.98%,NO,&nbsp,128,AD 61,2025-11-05_01:52:52.004017
ED   49,97.98%,YES,&nbsp,0,AD 61,2025-11-05_01:52:52.004017
ED   49,97.98%,NO,&nbsp,0,AD 61,2025-11-05_01:52:52.004017
ED   50,97.98%,YES,&nbsp,0,AD 61,2025-11-05_01:52:52.004017
ED   50,97.98%,NO,&nbsp,0,AD 61,2025-11-05_01:52:52.004017
ED   51,97.98%,YES,&nbsp,0,AD 61,2025-11-05_01:52:52.004017
ED   51,97.98%,NO,&nbsp,0,AD 61,2025-11-05_01:52:52.004017
ED   52,97.98%,YES,&nbsp,0,AD 61,2025-11-05_01:52:52.004017
ED   52,97.98%,NO,&nbsp,0,AD 61,2025-11-05_01:52:52.004017
ED   60,97.98%,YES,&nbsp,303,AD 61,2025-11-05_01:52:52.004017
ED   60,97.98%,NO,&nbsp,256,AD 61,2025-11-05_01:52:52.004017
ED   61,97.98%,YES,&nbsp,416,AD 61,2025-11-05_01:52:52.004017
ED   61,97.98%,NO,&nbsp,369,AD 61,2025-11-05_01:52:52.004017
ED   62,97.98%,YES,&nbsp,345,AD 61,2025-11-05_01:52:52.004017
ED   62,97.98%,NO,&nbsp,352,AD 61,2025-11-05_01:52:52.004017
ED   63,97.98%,YES,&nbsp,466,AD 61,2025-11-05_01:52:52.004017
ED   63,97.98%,NO,&nbsp,394,AD 61,2025-11-05_01:52:52.004017
ED   64,97.98%,YES,&nbsp,224,AD 61,2025-11-05_01:52:52.004017
ED   64,97.98%,NO,&nbsp,227,AD 61,2025-11-05_01:52:52.004017
ED   65,97.98%,YES,&nbsp,421,AD 61,2025-11-05_01:52:52.004017
ED   65,97.98%,NO,&nbsp,348,AD 61,2025-11-05_01:52:52.004017
ED   66,97.98%,YES,&nbsp,448,AD 61,2025-11-05_01:52:52.004017
ED   66,97.98%,NO,&nbsp,304,AD 61,2025-11-05_01:52:52.004017
ED   67,97.98%,YES,&nbsp,371,AD 61,2025-11-05_01:52:52.004017
ED   67,97.98%,NO,&nbsp,363,AD 61,2025-11-05_01:52:52.004017
ED   68,97.98%,YES,&nbsp,449,AD 61,2025-11-05_01:52:52.004017
ED   68,97.98%,NO,&nbsp,393,AD 61,2025-11-05_01:52:52.004017
ED   69,97.98%,YES,&nbsp,0,AD 61,2025-11-05_01:52:52.004017
ED   69,97.98%,NO,&nbsp,0,AD 61,2025-11-05_01:52:52.004017
ED   70,97.98%,YES,&nbsp,0,AD 61,2025-11-05_01:52:52.004017
ED   70,97.98%,NO,&nbsp,0,AD 61,2025-11-05_01:52:52.004017
ED   71,97.98%,YES,&nbsp,0,AD 61,2025-11-05_01:52:52.004017
ED   71,97.98%,NO,&nbsp,0,AD 61,2025-11-05_01:52:52.004017
ED   72,97.98%,YES,&nbsp,0,AD 61,2025-11-05_01:52:52.004017
ED   72,97.98%,NO,&nbsp,0,AD 61,2025-11-05_01:52:52.004017
ED   73,97.98%,YES,&nbsp,0,AD 61,2025-11-05_01:52:52.004017
ED   73,97.98%,NO,&nbsp,0,AD 61,2025-11-05_01:52:52.004017
ED   74,97.98%,YES,&nbsp,0,AD 61,2025-11-05_01:52:52.004017
ED   74,97.98%,NO,&nbsp,0,AD 61,2025-11-05_01:52:52.004017
ED  100,97.98%,YES,&nbsp,2,AD 61,2025-11-05_01:52:52.004017
ED  100,97.98%,NO,&nbsp,0,AD 61,2025-11-05_01:52:52.004017
ED  101,97.98%,YES,&nbsp,0,AD 61,2025-11-05_01:52:52.004017
ED  101,97.98%,NO,&nbsp,0,AD 61,2025-11-05_01:52:52.004017
ED  102,97.98%,YES,&nbsp,0,AD 61,2025-11-05_01:52:52.004017
ED  102,97.98%,NO,&nbsp,0,AD 61,2025-11-05_01:52:52.004017
ED  103,97.98%,YES,&nbsp,0,AD 61,2025-11-05_01:52:52.004017
ED  103,97.98%,NO,&nbsp,0,AD 61,2025-11-05_01:52:52.004017
ED  104,97.98%,YES,&nbsp,0,AD 61,2025-11-05_01:52:52.004017
ED  104,97.98%,NO,&nbsp,0,AD 61,2025-11-05_01:52:52.004017
ED  105,97.98%,YES,&nbsp,0,AD 61,2025-11-05_01:52:52.004017
ED  105,97.98%,NO,&nbsp,0,AD 61,2025-11-05_01:52:52.004017
ED  106,97.98%,YES,&nbsp,0,AD 61,2025-11-05_01:52:52.004017
ED  106,97.98%,NO,&nbsp,0,AD 61,2025-11-05_01:52:52.004017
ED  107,97.98%,YES,&nbsp,0,AD 61,2025-11-05_01:52:52.004017
ED  107,97.98%,NO,&nbsp,0,AD 61,2025-11-05_01:52:52.004017
ED  108,97.98%,YES,&nbsp,0,AD 61,2025-11-05_01:52:52.004017
ED  108,97.98%,NO,&nbsp,0,AD 61,2025-11-05_01:52:52.004017
ED  109,97.98%,YES,&nbsp,0,AD 61,2025-11-05_01:52:52.004017
ED  109,97.98%,NO,&nbsp,0,AD 61,2025-11-05_01:52:52.004017
ED  110,97.98%,YES,&nbsp,0,AD 61,2025-11-05_01:52:52.004017
ED  110,97.98%,NO,&nbsp,0,AD 61,2025-11-05_01:52:52.004017
ED  111,97.98%,YES,&nbsp,0,AD 61,2025-11-05_01:52:52.004017
ED  111,97.98%,NO,&nbsp,0,AD 61,2025-11-05_01:52:52.004017
ED  112,97.98%,YES,&nbsp,0,AD 61,2025-11-05_01:52:52.004017
ED  112,97.98%,NO,&nbsp,0,AD 61,2025-11-05_01:52:52.004017
ED  113,97.98%,YES,&nbsp,0,AD 61,2025-11-05_01:52:52.004017
ED  113,97.98%,NO,&nbsp,0,AD 61,2025-11-05_01:52:52.004017
ED  114,97.98%,YES,&nbsp,0,AD 61,2025-11-05_01:52:52.004017
ED  114,97.98%,NO,&nbsp,0,AD 61,2025-11-05_01:52:52.004017
Total,,YES,&nbsp,12504,AD 61,2025-11-05_01:52:52.004017
Total,,NO,&nbsp,15573,AD 61,2025-11-05_01:52:52.004017
ED    1,97.98%,YES,&nbsp,195,AD 62,2025-11-05_01:52:52.004017
ED    1,97.98%,NO,&nbsp,604,AD 62,2025-11-05_01:52:52.004017
ED    2,97.98%,YES,&nbsp,238,AD 62,2025-11-05_01:52:52.004017
ED    2,97.98%,NO,&nbsp,635,AD 62,2025-11-05_01:52:52.004017
ED    3,97.98%,YES,&nbsp,215,AD 62,2025-11-05_01:52:52.004017
ED    3,97.98%,NO,&nbsp,569,AD 62,2025-11-05_01:52:52.004017
ED    4,97.98%,YES,&nbsp,191,AD 62,2025-11-05_01:52:52.004017
ED    4,97.98%,NO,&nbsp,529,AD 62,2025-11-05_01:52:52.004017
ED    5,97.98%,YES,&nbsp,209,AD 62,2025-11-05_01:52:52.004017
ED    5,97.98%,NO,&nbsp,562,AD 62,2025-11-05_01:52:52.004017
ED    6,97.98%,YES,&nbsp,181,AD 62,2025-11-05_01:52:52.004017
ED    6,97.98%,NO,&nbsp,512,AD 62,2025-11-05_01:52:52.004017
ED    7,97.98%,YES,&nbsp,232,AD 62,2025-11-05_01:52:52.004017
ED    7,97.98%,NO,&nbsp,562,AD 62,2025-11-05_01:52:52.004017
ED    8,97.98%,YES,&nbsp,240,AD 62,2025-11-05_01:52:52.004017
ED    8,97.98%,NO,&nbsp,501,AD 62,2025-11-05_01:52:52.004017
ED    9,97.98%,YES,&nbsp,249,AD 62,2025-11-05_01:52:52.004017
ED    9,97.98%,NO,&nbsp,588,AD 62,2025-11-05_01:52:52.004017
ED   10,97.98%,YES,&nbsp,247,AD 62,2025-11-05_01:52:52.004017
ED   10,97.98%,NO,&nbsp,529,AD 62,2025-11-05_01:52:52.004017
ED   11,97.98%,YES,&nbsp,251,AD 62,2025-11-05_01:52:52.004017
ED   11,97.98%,NO,&nbsp,449,AD 62,2025-11-05_01:52:52.004017
ED   12,97.98%,YES,&nbsp,241,AD 62,2025-11-05_01:52:52.004017
ED   12,97.98%,NO,&nbsp,522,AD 62,2025-11-05_01:52:52.004017
ED   13,97.98%,YES,&nbsp,233,AD 62,2025-11-05_01:52:52.004017
ED   13,97.98%,NO,&nbsp,569,AD 62,2025-11-05_01:52:52.004017
ED   14,97.98%,YES,&nbsp,236,AD 62,2025-11-05_01:52:52.004017
ED   14,97.98%,NO,&nbsp,548,AD 62,2025-11-05_01:52:52.004017
ED   15,97.98%,YES,&nbsp,249,AD 62,2025-11-05_01:52:52.004017
ED   15,97.98%,NO,&nbsp,581,AD 62,2025-11-05_01:52:52.004017
ED   16,97.98%,YES,&nbsp,267,AD 62,2025-11-05_01:52:52.004017
ED   16,97.98%,NO,&nbsp,580,AD 62,2025-11-05_01:52:52.004017
ED   17,97.98%,YES,&nbsp,212,AD 62,2025-11-05_01:52:52.004017
ED   17,97.98%,NO,&nbsp,526,AD 62,2025-11-05_01:52:52.004017
ED   18,97.98%,YES,&nbsp,215,AD 62,2025-11-05_01:52:52.004017
ED   18,97.98%,NO,&nbsp,585,AD 62,2025-11-05_01:52:52.004017
ED   19,97.98%,YES,&nbsp,235,AD 62,2025-11-05_01:52:52.004017
ED   19,97.98%,NO,&nbsp,578,AD 62,2025-11-05_01:52:52.004017
ED   20,97.98%,YES,&nbsp,255,AD 62,2025-11-05_01:52:52.004017
ED   20,97.98%,NO,&nbsp,551,AD 62,2025-11-05_01:52:52.004017
ED   21,97.98%,YES,&nbsp,250,AD 62,2025-11-05_01:52:52.004017
ED   21,97.98%,NO,&nbsp,609,AD 62,2025-11-05_01:52:52.004017
ED   22,97.98%,YES,&nbsp,208,AD 62,2025-11-05_01:52:52.004017
ED   22,97.98%,NO,&nbsp,529,AD 62,2025-11-05_01:52:52.004017
ED   23,97.98%,YES,&nbsp,214,AD 62,2025-11-05_01:52:52.004017
ED   23,97.98%,NO,&nbsp,553,AD 62,2025-11-05_01:52:52.004017
ED   24,97.98%,YES,&nbsp,240,AD 62,2025-11-05_01:52:52.004017
ED   24,97.98%,NO,&nbsp,495,AD 62,2025-11-05_01:52:52.004017
ED   25,97.98%,YES,&nbsp,234,AD 62,2025-11-05_01:52:52.004017
ED   25,97.98%,NO,&nbsp,496,AD 62,2025-11-05_01:52:52.004017
ED   26,97.98%,YES,&nbsp,225,AD 62,2025-11-05_01:52:52.004017
ED   26,97.98%,NO,&nbsp,491,AD 62,2025-11-05_01:52:52.004017
ED   27,97.98%,YES,&nbsp,232,AD 62,2025-11-05_01:52:52.004017
ED   27,97.98%,NO,&nbsp,558,AD 62,2025-11-05_01:52:52.004017
ED   28,97.98%,YES,&nbsp,200,AD 62,2025-11-05_01:52:52.004017
ED   28,97.98%,NO,&nbsp,489,AD 62,2025-11-05_01:52:52.004017
ED   29,97.98%,YES,&nbsp,248,AD 62,2025-11-05_01:52:52.004017
ED   29,97.98%,NO,&nbsp,551,AD 62,2025-11-05_01:52:52.004017
ED   30,97.98%,YES,&nbsp,228,AD 62,2025-11-05_01:52:52.004017
ED   30,97.98%,NO,&nbsp,401,AD 62,2025-11-05_01:52:52.004017
ED   31,97.98%,YES,&nbsp,261,AD 62,2025-11-05_01:52:52.004017
ED   31,97.98%,NO,&nbsp,549,AD 62,2025-11-05_01:52:52.004017
ED   32,97.98%,YES,&nbsp,223,AD 62,2025-11-05_01:52:52.004017
ED   32,97.98%,NO,&nbsp,481,AD 62,2025-11-05_01:52:52.004017
ED   33,97.98%,YES,&nbsp,208,AD 62,2025-11-05_01:52:52.004017
ED   33,97.98%,NO,&nbsp,464,AD 62,2025-11-05_01:52:52.004017
ED   34,97.98%,YES,&nbsp,243,AD 62,2025-11-05_01:52:52.004017
ED   34,97.98%,NO,&nbsp,515,AD 62,2025-11-05_01:52:52.004017
ED   35,97.98%,YES,&nbsp,61,AD 62,2025-11-05_01:52:52.004017
ED   35,97.98%,NO,&nbsp,180,AD 62,2025-11-05_01:52:52.004017
ED   36,97.98%,YES,&nbsp,259,AD 62,2025-11-05_01:52:52.004017
ED   36,97.98%,NO,&nbsp,492,AD 62,2025-11-05_01:52:52.004017
ED   37,97.98%,YES,&nbsp,186,AD 62,2025-11-05_01:52:52.004017
ED   37,97.98%,NO,&nbsp,438,AD 62,2025-11-05_01:52:52.004017
ED   38,97.98%,YES,&nbsp,248,AD 62,2025-11-05_01:52:52.004017
ED   38,97.98%,NO,&nbsp,516,AD 62,2025-11-05_01:52:52.004017
ED   39,97.98%,YES,&nbsp,209,AD 62,2025-11-05_01:52:52.004017
ED   39,97.98%,NO,&nbsp,399,AD 62,2025-11-05_01:52:52.004017
ED   40,97.98%,YES,&nbsp,199,AD 62,2025-11-05_01:52:52.004017
ED   40,97.98%,NO,&nbsp,482,AD 62,2025-11-05_01:52:52.004017
ED   41,97.98%,YES,&nbsp,227,AD 62,2025-11-05_01:52:52.004017
ED   41,97.98%,NO,&nbsp,563,AD 62,2025-11-05_01:52:52.004017
ED   42,97.98%,YES,&nbsp,210,AD 62,2025-11-05_01:52:52.004017
ED   42,97.98%,NO,&nbsp,576,AD 62,2025-11-05_01:52:52.004017
ED   43,97.98%,YES,&nbsp,248,AD 62,2025-11-05_01:52:52.004017
ED   43,97.98%,NO,&nbsp,579,AD 62,2025-11-05_01:52:52.004017
ED   44,97.98%,YES,&nbsp,193,AD 62,2025-11-05_01:52:52.004017
ED   44,97.98%,NO,&nbsp,323,AD 62,2025-11-05_01:52:52.004017
ED   45,97.98%,YES,&nbsp,221,AD 62,2025-11-05_01:52:52.004017
ED   45,97.98%,NO,&nbsp,465,AD 62,2025-11-05_01:52:52.004017
ED   46,97.98%,YES,&nbsp,237,AD 62,2025-11-05_01:52:52.004017
ED   46,97.98%,NO,&nbsp,544,AD 62,2025-11-05_01:52:52.004017
ED   47,97.98%,YES,&nbsp,231,AD 62,2025-11-05_01:52:52.004017
ED   47,97.98%,NO,&nbsp,372,AD 62,2025-11-05_01:52:52.004017
ED   48,97.98%,YES,&nbsp,223,AD 62,2025-11-05_01:52:52.004017
ED   48,97.98%,NO,&nbsp,490,AD 62,2025-11-05_01:52:52.004017
ED   49,97.98%,YES,&nbsp,245,AD 62,2025-11-05_01:52:52.004017
ED   49,97.98%,NO,&nbsp,475,AD 62,2025-11-05_01:52:52.004017
ED   50,97.98%,YES,&nbsp,220,AD 62,2025-11-05_01:52:52.004017
ED   50,97.98%,NO,&nbsp,508,AD 62,2025-11-05_01:52:52.004017
ED   51,97.98%,YES,&nbsp,193,AD 62,2025-11-05_01:52:52.004017
ED   51,97.98%,NO,&nbsp,501,AD 62,2025-11-05_01:52:52.004017
ED   52,97.98%,YES,&nbsp,202,AD 62,2025-11-05_01:52:52.004017
ED   52,97.98%,NO,&nbsp,457,AD 62,2025-11-05_01:52:52.004017
ED   53,97.98%,YES,&nbsp,224,AD 62,2025-11-05_01:52:52.004017
ED   53,97.98%,NO,&nbsp,470,AD 62,2025-11-05_01:52:52.004017
ED   54,97.98%,YES,&nbsp,241,AD 62,2025-11-05_01:52:52.004017
ED   54,97.98%,NO,&nbsp,420,AD 62,2025-11-05_01:52:52.004017
ED   55,97.98%,YES,&nbsp,239,AD 62,2025-11-05_01:52:52.004017
ED   55,97.98%,NO,&nbsp,441,AD 62,2025-11-05_01:52:52.004017
ED   56,97.98%,YES,&nbsp,207,AD 62,2025-11-05_01:52:52.004017
ED   56,97.98%,NO,&nbsp,413,AD 62,2025-11-05_01:52:52.004017
ED   57,97.98%,YES,&nbsp,100,AD 62,2025-11-05_01:52:52.004017
ED   57,97.98%,NO,&nbsp,217,AD 62,2025-11-05_01:52:52.004017
ED   58,97.98%,YES,&nbsp,131,AD 62,2025-11-05_01:52:52.004017
ED   58,97.98%,NO,&nbsp,205,AD 62,2025-11-05_01:52:52.004017
ED   59,97.98%,YES,&nbsp,218,AD 62,2025-11-05_01:52:52.004017
ED   59,97.98%,NO,&nbsp,569,AD 62,2025-11-05_01:52:52.004017
ED   60,97.98%,YES,&nbsp,226,AD 62,2025-11-05_01:52:52.004017
ED   60,97.98%,NO,&nbsp,561,AD 62,2025-11-05_01:52:52.004017
ED   61,97.98%,YES,&nbsp,184,AD 62,2025-11-05_01:52:52.004017
ED   61,97.98%,NO,&nbsp,410,AD 62,2025-11-05_01:52:52.004017
ED   62,97.98%,YES,&nbsp,183,AD 62,2025-11-05_01:52:52.004017
ED   62,97.98%,NO,&nbsp,520,AD 62,2025-11-05_01:52:52.004017
ED   63,97.98%,YES,&nbsp,0,AD 62,2025-11-05_01:52:52.004017
ED   63,97.98%,NO,&nbsp,0,AD 62,2025-11-05_01:52:52.004017
ED   64,97.98%,YES,&nbsp,0,AD 62,2025-11-05_01:52:52.004017
ED   64,97.98%,NO,&nbsp,0,AD 62,2025-11-05_01:52:52.004017
ED   65,97.98%,YES,&nbsp,0,AD 62,2025-11-05_01:52:52.004017
ED   65,97.98%,NO,&nbsp,0,AD 62,2025-11-05_01:52:52.004017
Total,,YES,&nbsp,13570,AD 62,2025-11-05_01:52:52.004017
Total,,NO,&nbsp,30847,AD 62,2025-11-05_01:52:52.004017
ED    1,97.98%,YES,&nbsp,166,AD 63,2025-11-05_01:52:52.004017
ED    1,97.98%,NO,&nbsp,181,AD 63,2025-11-05_01:52:52.004017
ED    2,97.98%,YES,&nbsp,159,AD 63,2025-11-05_01:52:52.004017
ED    2,97.98%,NO,&nbsp,213,AD 63,2025-11-05_01:52:52.004017
ED    3,97.98%,YES,&nbsp,140,AD 63,2025-11-05_01:52:52.004017
ED    3,97.98%,NO,&nbsp,198,AD 63,2025-11-05_01:52:52.004017
ED    4,97.98%,YES,&nbsp,184,AD 63,2025-11-05_01:52:52.004017
ED    4,97.98%,NO,&nbsp,309,AD 63,2025-11-05_01:52:52.004017
ED    5,97.98%,YES,&nbsp,154,AD 63,2025-11-05_01:52:52.004017
ED    5,97.98%,NO,&nbsp,231,AD 63,2025-11-05_01:52:52.004017
ED    6,97.98%,YES,&nbsp,218,AD 63,2025-11-05_01:52:52.004017
ED    6,97.98%,NO,&nbsp,360,AD 63,2025-11-05_01:52:52.004017
ED    7,97.98%,YES,&nbsp,135,AD 63,2025-11-05_01:52:52.004017
ED    7,97.98%,NO,&nbsp,276,AD 63,2025-11-05_01:52:52.004017
ED    8,97.98%,YES,&nbsp,100,AD 63,2025-11-05_01:52:52.004017
ED    8,97.98%,NO,&nbsp,97,AD 63,2025-11-05_01:52:52.004017
ED    9,97.98%,YES,&nbsp,61,AD 63,2025-11-05_01:52:52.004017
ED    9,97.98%,NO,&nbsp,82,AD 63,2025-11-05_01:52:52.004017
ED   10,97.98%,YES,&nbsp,211,AD 63,2025-11-05_01:52:52.004017
ED   10,97.98%,NO,&nbsp,274,AD 63,2025-11-05_01:52:52.004017
ED   11,97.98%,YES,&nbsp,175,AD 63,2025-11-05_01:52:52.004017
ED   11,97.98%,NO,&nbsp,310,AD 63,2025-11-05_01:52:52.004017
ED   12,97.98%,YES,&nbsp,183,AD 63,2025-11-05_01:52:52.004017
ED   12,97.98%,NO,&nbsp,255,AD 63,2025-11-05_01:52:52.004017
ED   13,97.98%,YES,&nbsp,103,AD 63,2025-11-05_01:52:52.004017
ED   13,97.98%,NO,&nbsp,184,AD 63,2025-11-05_01:52:52.004017
ED   14,97.98%,YES,&nbsp,261,AD 63,2025-11-05_01:52:52.004017
ED   14,97.98%,NO,&nbsp,413,AD 63,2025-11-05_01:52:52.004017
ED   15,97.98%,YES,&nbsp,220,AD 63,2025-11-05_01:52:52.004017
ED   15,97.98%,NO,&nbsp,337,AD 63,2025-11-05_01:52:52.004017
ED   16,97.98%,YES,&nbsp,260,AD 63,2025-11-05_01:52:52.004017
ED   16,97.98%,NO,&nbsp,422,AD 63,2025-11-05_01:52:52.004017
ED   17,97.98%,YES,&nbsp,295,AD 63,2025-11-05_01:52:52.004017
ED   17,97.98%,NO,&nbsp,480,AD 63,2025-11-05_01:52:52.004017
ED   18,97.98%,YES,&nbsp,311,AD 63,2025-11-05_01:52:52.004017
ED   18,97.98%,NO,&nbsp,503,AD 63,2025-11-05_01:52:52.004017
ED   19,97.98%,YES,&nbsp,90,AD 63,2025-11-05_01:52:52.004017
ED   19,97.98%,NO,&nbsp,138,AD 63,2025-11-05_01:52:52.004017
ED   20,97.98%,YES,&nbsp,149,AD 63,2025-11-05_01:52:52.004017
ED   20,97.98%,NO,&nbsp,230,AD 63,2025-11-05_01:52:52.004017
ED   21,97.98%,YES,&nbsp,149,AD 63,2025-11-05_01:52:52.004017
ED   21,97.98%,NO,&nbsp,279,AD 63,2025-11-05_01:52:52.004017
ED   22,97.98%,YES,&nbsp,74,AD 63,2025-11-05_01:52:52.004017
ED   22,97.98%,NO,&nbsp,77,AD 63,2025-11-05_01:52:52.004017
ED   23,97.98%,YES,&nbsp,125,AD 63,2025-11-05_01:52:52.004017
ED   23,97.98%,NO,&nbsp,178,AD 63,2025-11-05_01:52:52.004017
ED   24,97.98%,YES,&nbsp,260,AD 63,2025-11-05_01:52:52.004017
ED   24,97.98%,NO,&nbsp,362,AD 63,2025-11-05_01:52:52.004017
ED   25,97.98%,YES,&nbsp,145,AD 63,2025-11-05_01:52:52.004017
ED   25,97.98%,NO,&nbsp,289,AD 63,2025-11-05_01:52:52.004017
ED   26,97.98%,YES,&nbsp,160,AD 63,2025-11-05_01:52:52.004017
ED   26,97.98%,NO,&nbsp,351,AD 63,2025-11-05_01:52:52.004017
ED   27,97.98%,YES,&nbsp,175,AD 63,2025-11-05_01:52:52.004017
ED   27,97.98%,NO,&nbsp,334,AD 63,2025-11-05_01:52:52.004017
ED   28,97.98%,YES,&nbsp,275,AD 63,2025-11-05_01:52:52.004017
ED   28,97.98%,NO,&nbsp,490,AD 63,2025-11-05_01:52:52.004017
ED   29,97.98%,YES,&nbsp,264,AD 63,2025-11-05_01:52:52.004017
ED   29,97.98%,NO,&nbsp,480,AD 63,2025-11-05_01:52:52.004017
ED   30,97.98%,YES,&nbsp,245,AD 63,2025-11-05_01:52:52.004017
ED   30,97.98%,NO,&nbsp,488,AD 63,2025-11-05_01:52:52.004017
ED   31,97.98%,YES,&nbsp,282,AD 63,2025-11-05_01:52:52.004017
ED   31,97.98%,NO,&nbsp,525,AD 63,2025-11-05_01:52:52.004017
ED   32,97.98%,YES,&nbsp,277,AD 63,2025-11-05_01:52:52.004017
ED   32,97.98%,NO,&nbsp,531,AD 63,2025-11-05_01:52:52.004017
ED   33,97.98%,YES,&nbsp,156,AD 63,2025-11-05_01:52:52.004017
ED   33,97.98%,NO,&nbsp,299,AD 63,2025-11-05_01:52:52.004017
ED   34,97.98%,YES,&nbsp,229,AD 63,2025-11-05_01:52:52.004017
ED   34,97.98%,NO,&nbsp,356,AD 63,2025-11-05_01:52:52.004017
ED   35,97.98%,YES,&nbsp,235,AD 63,2025-11-05_01:52:52.004017
ED   35,97.98%,NO,&nbsp,467,AD 63,2025-11-05_01:52:52.004017
ED   36,97.98%,YES,&nbsp,190,AD 63,2025-11-05_01:52:52.004017
ED   36,97.98%,NO,&nbsp,173,AD 63,2025-11-05_01:52:52.004017
ED   37,97.98%,YES,&nbsp,176,AD 63,2025-11-05_01:52:52.004017
ED   37,97.98%,NO,&nbsp,205,AD 63,2025-11-05_01:52:52.004017
ED   38,97.98%,YES,&nbsp,77,AD 63,2025-11-05_01:52:52.004017
ED   38,97.98%,NO,&nbsp,76,AD 63,2025-11-05_01:52:52.004017
ED   39,97.98%,YES,&nbsp,154,AD 63,2025-11-05_01:52:52.004017
ED   39,97.98%,NO,&nbsp,195,AD 63,2025-11-05_01:52:52.004017
ED   40,97.98%,YES,&nbsp,170,AD 63,2025-11-05_01:52:52.004017
ED   40,97.98%,NO,&nbsp,222,AD 63,2025-11-05_01:52:52.004017
ED   41,97.98%,YES,&nbsp,274,AD 63,2025-11-05_01:52:52.004017
ED   41,97.98%,NO,&nbsp,249,AD 63,2025-11-05_01:52:52.004017
ED   42,97.98%,YES,&nbsp,187,AD 63,2025-11-05_01:52:52.004017
ED   42,97.98%,NO,&nbsp,271,AD 63,2025-11-05_01:52:52.004017
ED   43,97.98%,YES,&nbsp,198,AD 63,2025-11-05_01:52:52.004017
ED   43,97.98%,NO,&nbsp,274,AD 63,2025-11-05_01:52:52.004017
ED   44,97.98%,YES,&nbsp,246,AD 63,2025-11-05_01:52:52.004017
ED   44,97.98%,NO,&nbsp,328,AD 63,2025-11-05_01:52:52.004017
ED   45,97.98%,YES,&nbsp,206,AD 63,2025-11-05_01:52:52.004017
ED   45,97.98%,NO,&nbsp,343,AD 63,2025-11-05_01:52:52.004017
ED   46,97.98%,YES,&nbsp,194,AD 63,2025-11-05_01:52:52.004017
ED   46,97.98%,NO,&nbsp,310,AD 63,2025-11-05_01:52:52.004017
ED   47,97.98%,YES,&nbsp,197,AD 63,2025-11-05_01:52:52.004017
ED   47,97.98%,NO,&nbsp,239,AD 63,2025-11-05_01:52:52.004017
ED   48,97.98%,YES,&nbsp,194,AD 63,2025-11-05_01:52:52.004017
ED   48,97.98%,NO,&nbsp,234,AD 63,2025-11-05_01:52:52.004017
ED   49,97.98%,YES,&nbsp,148,AD 63,2025-11-05_01:52:52.004017
ED   49,97.98%,NO,&nbsp,263,AD 63,2025-11-05_01:52:52.004017
ED   50,97.98%,YES,&nbsp,5,AD 63,2025-11-05_01:52:52.004017
ED   50,97.98%,NO,&nbsp,27,AD 63,2025-11-05_01:52:52.004017
ED   51,97.98%,YES,&nbsp,218,AD 63,2025-11-05_01:52:52.004017
ED   51,97.98%,NO,&nbsp,420,AD 63,2025-11-05_01:52:52.004017
ED   52,97.98%,YES,&nbsp,267,AD 63,2025-11-05_01:52:52.004017
ED   52,97.98%,NO,&nbsp,434,AD 63,2025-11-05_01:52:52.004017
ED   53,97.98%,YES,&nbsp,211,AD 63,2025-11-05_01:52:52.004017
ED   53,97.98%,NO,&nbsp,235,AD 63,2025-11-05_01:52:52.004017
ED   54,97.98%,YES,&nbsp,187,AD 63,2025-11-05_01:52:52.004017
ED   54,97.98%,NO,&nbsp,388,AD 63,2025-11-05_01:52:52.004017
ED   55,97.98%,YES,&nbsp,178,AD 63,2025-11-05_01:52:52.004017
ED   55,97.98%,NO,&nbsp,364,AD 63,2025-11-05_01:52:52.004017
ED   56,97.98%,YES,&nbsp,243,AD 63,2025-11-05_01:52:52.004017
ED   56,97.98%,NO,&nbsp,353,AD 63,2025-11-05_01:52:52.004017
ED   57,97.98%,YES,&nbsp,191,AD 63,2025-11-05_01:52:52.004017
ED   57,97.98%,NO,&nbsp,330,AD 63,2025-11-05_01:52:52.004017
ED   58,97.98%,YES,&nbsp,152,AD 63,2025-11-05_01:52:52.004017
ED   58,97.98%,NO,&nbsp,283,AD 63,2025-11-05_01:52:52.004017
ED   59,97.98%,YES,&nbsp,172,AD 63,2025-11-05_01:52:52.004017
ED   59,97.98%,NO,&nbsp,354,AD 63,2025-11-05_01:52:52.004017
ED   60,97.98%,YES,&nbsp,165,AD 63,2025-11-05_01:52:52.004017
ED   60,97.98%,NO,&nbsp,450,AD 63,2025-11-05_01:52:52.004017
ED   61,97.98%,YES,&nbsp,245,AD 63,2025-11-05_01:52:52.004017
ED   61,97.98%,NO,&nbsp,355,AD 63,2025-11-05_01:52:52.004017
ED   62,97.98%,YES,&nbsp,147,AD 63,2025-11-05_01:52:52.004017
ED   62,97.98%,NO,&nbsp,268,AD 63,2025-11-05_01:52:52.004017
ED   63,97.98%,YES,&nbsp,138,AD 63,2025-11-05_01:52:52.004017
ED   63,97.98%,NO,&nbsp,251,AD 63,2025-11-05_01:52:52.004017
ED   64,97.98%,YES,&nbsp,139,AD 63,2025-11-05_01:52:52.004017
ED   64,97.98%,NO,&nbsp,280,AD 63,2025-11-05_01:52:52.004017
ED   65,97.98%,YES,&nbsp,112,AD 63,2025-11-05_01:52:52.004017
ED   65,97.98%,NO,&nbsp,201,AD 63,2025-11-05_01:52:52.004017
ED   66,97.98%,YES,&nbsp,102,AD 63,2025-11-05_01:52:52.004017
ED   66,97.98%,NO,&nbsp,218,AD 63,2025-11-05_01:52:52.004017
ED   67,97.98%,YES,&nbsp,150,AD 63,2025-11-05_01:52:52.004017
ED   67,97.98%,NO,&nbsp,253,AD 63,2025-11-05_01:52:52.004017
ED   68,97.98%,YES,&nbsp,135,AD 63,2025-11-05_01:52:52.004017
ED   68,97.98%,NO,&nbsp,231,AD 63,2025-11-05_01:52:52.004017
ED   69,97.98%,YES,&nbsp,292,AD 63,2025-11-05_01:52:52.004017
ED   69,97.98%,NO,&nbsp,499,AD 63,2025-11-05_01:52:52.004017
ED   70,97.98%,YES,&nbsp,0,AD 63,2025-11-05_01:52:52.004017
ED   70,97.98%,NO,&nbsp,0,AD 63,2025-11-05_01:52:52.004017
ED   71,97.98%,YES,&nbsp,0,AD 63,2025-11-05_01:52:52.004017
ED   71,97.98%,NO,&nbsp,0,AD 63,2025-11-05_01:52:52.004017
ED   72,97.98%,YES,&nbsp,0,AD 63,2025-11-05_01:52:52.004017
ED   72,97.98%,NO,&nbsp,0,AD 63,2025-11-05_01:52:52.004017
ED   73,97.98%,YES,&nbsp,0,AD 63,2025-11-05_01:52:52.004017
ED   73,97.98%,NO,&nbsp,0,AD 63,2025-11-05_01:52:52.004017
ED   74,97.98%,YES,&nbsp,0,AD 63,2025-11-05_01:52:52.004017
ED   74,97.98%,NO,&nbsp,0,AD 63,2025-11-05_01:52:52.004017
ED   75,97.98%,YES,&nbsp,0,AD 63,2025-11-05_01:52:52.004017
ED   75,97.98%,NO,&nbsp,0,AD 63,2025-11-05_01:52:52.004017
ED   76,97.98%,YES,&nbsp,0,AD 63,2025-11-05_01:52:52.004017
ED   76,97.98%,NO,&nbsp,0,AD 63,2025-11-05_01:52:52.004017
Total,,YES,&nbsp,12686,AD 63,2025-11-05_01:52:52.004017
Total,,NO,&nbsp,20575,AD 63,2025-11-05_01:52:52.004017
ED    1,97.98%,YES,&nbsp,204,AD 64,2025-11-05_01:52:52.004017
ED    1,97.98%,NO,&nbsp,525,AD 64,2025-11-05_01:52:52.004017
ED    2,97.98%,YES,&nbsp,221,AD 64,2025-11-05_01:52:52.004017
ED    2,97.98%,NO,&nbsp,541,AD 64,2025-11-05_01:52:52.004017
ED    3,97.98%,YES,&nbsp,261,AD 64,2025-11-05_01:52:52.004017
ED    3,97.98%,NO,&nbsp,645,AD 64,2025-11-05_01:52:52.004017
ED    4,97.98%,YES,&nbsp,212,AD 64,2025-11-05_01:52:52.004017
ED    4,97.98%,NO,&nbsp,410,AD 64,2025-11-05_01:52:52.004017
ED    5,97.98%,YES,&nbsp,283,AD 64,2025-11-05_01:52:52.004017
ED    5,97.98%,NO,&nbsp,546,AD 64,2025-11-05_01:52:52.004017
ED    6,97.98%,YES,&nbsp,231,AD 64,2025-11-05_01:52:52.004017
ED    6,97.98%,NO,&nbsp,529,AD 64,2025-11-05_01:52:52.004017
ED    7,97.98%,YES,&nbsp,227,AD 64,2025-11-05_01:52:52.004017
ED    7,97.98%,NO,&nbsp,479,AD 64,2025-11-05_01:52:52.004017
ED    8,97.98%,YES,&nbsp,226,AD 64,2025-11-05_01:52:52.004017
ED    8,97.98%,NO,&nbsp,507,AD 64,2025-11-05_01:52:52.004017
ED    9,97.98%,YES,&nbsp,256,AD 64,2025-11-05_01:52:52.004017
ED    9,97.98%,NO,&nbsp,558,AD 64,2025-11-05_01:52:52.004017
ED   10,97.98%,YES,&nbsp,194,AD 64,2025-11-05_01:52:52.004017
ED   10,97.98%,NO,&nbsp,433,AD 64,2025-11-05_01:52:52.004017
ED   11,97.98%,YES,&nbsp,238,AD 64,2025-11-05_01:52:52.004017
ED   11,97.98%,NO,&nbsp,400,AD 64,2025-11-05_01:52:52.004017
ED   12,97.98%,YES,&nbsp,192,AD 64,2025-11-05_01:52:52.004017
ED   12,97.98%,NO,&nbsp,312,AD 64,2025-11-05_01:52:52.004017
ED   13,97.98%,YES,&nbsp,212,AD 64,2025-11-05_01:52:52.004017
ED   13,97.98%,NO,&nbsp,416,AD 64,2025-11-05_01:52:52.004017
ED   14,97.98%,YES,&nbsp,227,AD 64,2025-11-05_01:52:52.004017
ED   14,97.98%,NO,&nbsp,375,AD 64,2025-11-05_01:52:52.004017
ED   15,97.98%,YES,&nbsp,215,AD 64,2025-11-05_01:52:52.004017
ED   15,97.98%,NO,&nbsp,537,AD 64,2025-11-05_01:52:52.004017
ED   16,97.98%,YES,&nbsp,240,AD 64,2025-11-05_01:52:52.004017
ED   16,97.98%,NO,&nbsp,531,AD 64,2025-11-05_01:52:52.004017
ED   17,97.98%,YES,&nbsp,277,AD 64,2025-11-05_01:52:52.004017
ED   17,97.98%,NO,&nbsp,476,AD 64,2025-11-05_01:52:52.004017
ED   18,97.98%,YES,&nbsp,295,AD 64,2025-11-05_01:52:52.004017
ED   18,97.98%,NO,&nbsp,494,AD 64,2025-11-05_01:52:52.004017
ED   19,97.98%,YES,&nbsp,123,AD 64,2025-11-05_01:52:52.004017
ED   19,97.98%,NO,&nbsp,223,AD 64,2025-11-05_01:52:52.004017
ED   20,97.98%,YES,&nbsp,12,AD 64,2025-11-05_01:52:52.004017
ED   20,97.98%,NO,&nbsp,16,AD 64,2025-11-05_01:52:52.004017
ED   21,97.98%,YES,&nbsp,310,AD 64,2025-11-05_01:52:52.004017
ED   21,97.98%,NO,&nbsp,439,AD 64,2025-11-05_01:52:52.004017
ED   22,97.98%,YES,&nbsp,204,AD 64,2025-11-05_01:52:52.004017
ED   22,97.98%,NO,&nbsp,449,AD 64,2025-11-05_01:52:52.004017
ED   23,97.98%,YES,&nbsp,191,AD 64,2025-11-05_01:52:52.004017
ED   23,97.98%,NO,&nbsp,300,AD 64,2025-11-05_01:52:52.004017
ED   24,97.98%,YES,&nbsp,218,AD 64,2025-11-05_01:52:52.004017
ED   24,97.98%,NO,&nbsp,518,AD 64,2025-11-05_01:52:52.004017
ED   25,97.98%,YES,&nbsp,171,AD 64,2025-11-05_01:52:52.004017
ED   25,97.98%,NO,&nbsp,360,AD 64,2025-11-05_01:52:52.004017
ED   26,97.98%,YES,&nbsp,101,AD 64,2025-11-05_01:52:52.004017
ED   26,97.98%,NO,&nbsp,118,AD 64,2025-11-05_01:52:52.004017
ED   27,97.98%,YES,&nbsp,183,AD 64,2025-11-05_01:52:52.004017
ED   27,97.98%,NO,&nbsp,333,AD 64,2025-11-05_01:52:52.004017
ED   28,97.98%,YES,&nbsp,229,AD 64,2025-11-05_01:52:52.004017
ED   28,97.98%,NO,&nbsp,319,AD 64,2025-11-05_01:52:52.004017
ED   29,97.98%,YES,&nbsp,258,AD 64,2025-11-05_01:52:52.004017
ED   29,97.98%,NO,&nbsp,363,AD 64,2025-11-05_01:52:52.004017
ED   30,97.98%,YES,&nbsp,92,AD 64,2025-11-05_01:52:52.004017
ED   30,97.98%,NO,&nbsp,192,AD 64,2025-11-05_01:52:52.004017
ED   31,97.98%,YES,&nbsp,189,AD 64,2025-11-05_01:52:52.004017
ED   31,97.98%,NO,&nbsp,358,AD 64,2025-11-05_01:52:52.004017
ED   32,97.98%,YES,&nbsp,180,AD 64,2025-11-05_01:52:52.004017
ED   32,97.98%,NO,&nbsp,395,AD 64,2025-11-05_01:52:52.004017
ED   33,97.98%,YES,&nbsp,184,AD 64,2025-11-05_01:52:52.004017
ED   33,97.98%,NO,&nbsp,280,AD 64,2025-11-05_01:52:52.004017
ED   34,97.98%,YES,&nbsp,240,AD 64,2025-11-05_01:52:52.004017
ED   34,97.98%,NO,&nbsp,353,AD 64,2025-11-05_01:52:52.004017
ED   35,97.98%,YES,&nbsp,166,AD 64,2025-11-05_01:52:52.004017
ED   35,97.98%,NO,&nbsp,275,AD 64,2025-11-05_01:52:52.004017
ED   36,97.98%,YES,&nbsp,193,AD 64,2025-11-05_01:52:52.004017
ED   36,97.98%,NO,&nbsp,349,AD 64,2025-11-05_01:52:52.004017
ED   37,97.98%,YES,&nbsp,289,AD 64,2025-11-05_01:52:52.004017
ED   37,97.98%,NO,&nbsp,420,AD 64,2025-11-05_01:52:52.004017
ED   38,97.98%,YES,&nbsp,166,AD 64,2025-11-05_01:52:52.004017
ED   38,97.98%,NO,&nbsp,276,AD 64,2025-11-05_01:52:52.004017
ED   39,97.98%,YES,&nbsp,290,AD 64,2025-11-05_01:52:52.004017
ED   39,97.98%,NO,&nbsp,409,AD 64,2025-11-05_01:52:52.004017
ED   40,97.98%,YES,&nbsp,118,AD 64,2025-11-05_01:52:52.004017
ED   40,97.98%,NO,&nbsp,174,AD 64,2025-11-05_01:52:52.004017
ED   41,97.98%,YES,&nbsp,217,AD 64,2025-11-05_01:52:52.004017
ED   41,97.98%,NO,&nbsp,325,AD 64,2025-11-05_01:52:52.004017
ED   42,97.98%,YES,&nbsp,190,AD 64,2025-11-05_01:52:52.004017
ED   42,97.98%,NO,&nbsp,273,AD 64,2025-11-05_01:52:52.004017
ED   43,97.98%,YES,&nbsp,222,AD 64,2025-11-05_01:52:52.004017
ED   43,97.98%,NO,&nbsp,365,AD 64,2025-11-05_01:52:52.004017
ED   44,97.98%,YES,&nbsp,221,AD 64,2025-11-05_01:52:52.004017
ED   44,97.98%,NO,&nbsp,297,AD 64,2025-11-05_01:52:52.004017
ED   45,97.98%,YES,&nbsp,253,AD 64,2025-11-05_01:52:52.004017
ED   45,97.98%,NO,&nbsp,370,AD 64,2025-11-05_01:52:52.004017
ED   46,97.98%,YES,&nbsp,185,AD 64,2025-11-05_01:52:52.004017
ED   46,97.98%,NO,&nbsp,174,AD 64,2025-11-05_01:52:52.004017
ED   47,97.98%,YES,&nbsp,133,AD 64,2025-11-05_01:52:52.004017
ED   47,97.98%,NO,&nbsp,211,AD 64,2025-11-05_01:52:52.004017
ED   48,97.98%,YES,&nbsp,163,AD 64,2025-11-05_01:52:52.004017
ED   48,97.98%,NO,&nbsp,205,AD 64,2025-11-05_01:52:52.004017
ED   49,97.98%,YES,&nbsp,175,AD 64,2025-11-05_01:52:52.004017
ED   49,97.98%,NO,&nbsp,304,AD 64,2025-11-05_01:52:52.004017
ED   50,97.98%,YES,&nbsp,106,AD 64,2025-11-05_01:52:52.004017
ED   50,97.98%,NO,&nbsp,162,AD 64,2025-11-05_01:52:52.004017
ED   51,97.98%,YES,&nbsp,37,AD 64,2025-11-05_01:52:52.004017
ED   51,97.98%,NO,&nbsp,28,AD 64,2025-11-05_01:52:52.004017
ED   52,97.98%,YES,&nbsp,0,AD 64,2025-11-05_01:52:52.004017
ED   52,97.98%,NO,&nbsp,0,AD 64,2025-11-05_01:52:52.004017
ED   53,97.98%,YES,&nbsp,0,AD 64,2025-11-05_01:52:52.004017
ED   53,97.98%,NO,&nbsp,0,AD 64,2025-11-05_01:52:52.004017
ED   54,97.98%,YES,&nbsp,0,AD 64,2025-11-05_01:52:52.004017
ED   54,97.98%,NO,&nbsp,0,AD 64,2025-11-05_01:52:52.004017
ED   55,97.98%,YES,&nbsp,0,AD 64,2025-11-05_01:52:52.004017
ED   55,97.98%,NO,&nbsp,0,AD 64,2025-11-05_01:52:52.004017
ED   56,97.98%,YES,&nbsp,0,AD 64,2025-11-05_01:52:52.004017
ED   56,97.98%,NO,&nbsp,0,AD 64,2025-11-05_01:52:52.004017
ED   57,97.98%,YES,&nbsp,0,AD 64,2025-11-05_01:52:52.004017
ED   57,97.98%,NO,&nbsp,0,AD 64,2025-11-05_01:52:52.004017
ED   58,97.98%,YES,&nbsp,0,AD 64,2025-11-05_01:52:52.004017
ED   58,97.98%,NO,&nbsp,0,AD 64,2025-11-05_01:52:52.004017
ED   59,97.98%,YES,&nbsp,0,AD 64,2025-11-05_01:52:52.004017
ED   59,97.98%,NO,&nbsp,0,AD 64,2025-11-05_01:52:52.004017
ED   60,97.98%,YES,&nbsp,0,AD 64,2025-11-05_01:52:52.004017
ED   60,97.98%,NO,&nbsp,0,AD 64,2025-11-05_01:52:52.004017
ED   61,97.98%,YES,&nbsp,0,AD 64,2025-11-05_01:52:52.004017
ED   61,97.98%,NO,&nbsp,0,AD 64,2025-11-05_01:52:52.004017
ED   75,97.98%,YES,&nbsp,253,AD 64,2025-11-05_01:52:52.004017
ED   75,97.98%,NO,&nbsp,348,AD 64,2025-11-05_01:52:52.004017
ED   76,97.98%,YES,&nbsp,102,AD 64,2025-11-05_01:52:52.004017
ED   76,97.98%,NO,&nbsp,108,AD 64,2025-11-05_01:52:52.004017
ED   77,97.98%,YES,&nbsp,249,AD 64,2025-11-05_01:52:52.004017
ED   77,97.98%,NO,&nbsp,338,AD 64,2025-11-05_01:52:52.004017
ED   78,97.98%,YES,&nbsp,181,AD 64,2025-11-05_01:52:52.004017
ED   78,97.98%,NO,&nbsp,233,AD 64,2025-11-05_01:52:52.004017
ED   79,97.98%,YES,&nbsp,160,AD 64,2025-11-05_01:52:52.004017
ED   79,97.98%,NO,&nbsp,273,AD 64,2025-11-05_01:52:52.004017
ED   80,97.98%,YES,&nbsp,267,AD 64,2025-11-05_01:52:52.004017
ED   80,97.98%,NO,&nbsp,368,AD 64,2025-11-05_01:52:52.004017
ED   81,97.98%,YES,&nbsp,326,AD 64,2025-11-05_01:52:52.004017
ED   81,97.98%,NO,&nbsp,472,AD 64,2025-11-05_01:52:52.004017
ED   82,97.98%,YES,&nbsp,327,AD 64,2025-11-05_01:52:52.004017
ED   82,97.98%,NO,&nbsp,415,AD 64,2025-11-05_01:52:52.004017
ED   83,97.98%,YES,&nbsp,297,AD 64,2025-11-05_01:52:52.004017
ED   83,97.98%,NO,&nbsp,471,AD 64,2025-11-05_01:52:52.004017
ED   84,97.98%,YES,&nbsp,251,AD 64,2025-11-05_01:52:52.004017
ED   84,97.98%,NO,&nbsp,359,AD 64,2025-11-05_01:52:52.004017
ED   85,97.98%,YES,&nbsp,159,AD 64,2025-11-05_01:52:52.004017
ED   85,97.98%,NO,&nbsp,239,AD 64,2025-11-05_01:52:52.004017
ED   86,97.98%,YES,&nbsp,224,AD 64,2025-11-05_01:52:52.004017
ED   86,97.98%,NO,&nbsp,319,AD 64,2025-11-05_01:52:52.004017
ED   87,97.98%,YES,&nbsp,98,AD 64,2025-11-05_01:52:52.004017
ED   87,97.98%,NO,&nbsp,138,AD 64,2025-11-05_01:52:52.004017
ED   88,97.98%,YES,&nbsp,0,AD 64,2025-11-05_01:52:52.004017
ED   88,97.98%,NO,&nbsp,0,AD 64,2025-11-05_01:52:52.004017
ED   89,97.98%,YES,&nbsp,0,AD 64,2025-11-05_01:52:52.004017
ED   89,97.98%,NO,&nbsp,0,AD 64,2025-11-05_01:52:52.004017
ED   90,97.98%,YES,&nbsp,0,AD 64,2025-11-05_01:52:52.004017
ED   90,97.98%,NO,&nbsp,0,AD 64,2025-11-05_01:52:52.004017
Total,,YES,&nbsp,13114,AD 64,2025-11-05_01:52:52.004017
Total,,NO,&nbsp,22428,AD 64,2025-11-05_01:52:52.004017
ED    1,97.98%,YES,&nbsp,423,AD 65,2025-11-05_01:52:52.004017
ED    1,97.98%,NO,&nbsp,363,AD 65,2025-11-05_01:52:52.004017
ED    2,97.98%,YES,&nbsp,341,AD 65,2025-11-05_01:52:52.004017
ED    2,97.98%,NO,&nbsp,321,AD 65,2025-11-05_01:52:52.004017
ED    3,97.98%,YES,&nbsp,436,AD 65,2025-11-05_01:52:52.004017
ED    3,97.98%,NO,&nbsp,393,AD 65,2025-11-05_01:52:52.004017
ED    4,97.98%,YES,&nbsp,372,AD 65,2025-11-05_01:52:52.004017
ED    4,97.98%,NO,&nbsp,331,AD 65,2025-11-05_01:52:52.004017
ED    5,97.98%,YES,&nbsp,293,AD 65,2025-11-05_01:52:52.004017
ED    5,97.98%,NO,&nbsp,312,AD 65,2025-11-05_01:52:52.004017
ED    6,97.98%,YES,&nbsp,323,AD 65,2025-11-05_01:52:52.004017
ED    6,97.98%,NO,&nbsp,291,AD 65,2025-11-05_01:52:52.004017
ED    7,97.98%,YES,&nbsp,357,AD 65,2025-11-05_01:52:52.004017
ED    7,97.98%,NO,&nbsp,401,AD 65,2025-11-05_01:52:52.004017
ED    8,97.98%,YES,&nbsp,233,AD 65,2025-11-05_01:52:52.004017
ED    8,97.98%,NO,&nbsp,305,AD 65,2025-11-05_01:52:52.004017
ED    9,97.98%,YES,&nbsp,387,AD 65,2025-11-05_01:52:52.004017
ED    9,97.98%,NO,&nbsp,372,AD 65,2025-11-05_01:52:52.004017
ED   10,97.98%,YES,&nbsp,325,AD 65,2025-11-05_01:52:52.004017
ED   10,97.98%,NO,&nbsp,269,AD 65,2025-11-05_01:52:52.004017
ED   11,97.98%,YES,&nbsp,159,AD 65,2025-11-05_01:52:52.004017
ED   11,97.98%,NO,&nbsp,155,AD 65,2025-11-05_01:52:52.004017
ED   12,97.98%,YES,&nbsp,79,AD 65,2025-11-05_01:52:52.004017
ED   12,97.98%,NO,&nbsp,96,AD 65,2025-11-05_01:52:52.004017
ED   13,97.98%,YES,&nbsp,203,AD 65,2025-11-05_01:52:52.004017
ED   13,97.98%,NO,&nbsp,195,AD 65,2025-11-05_01:52:52.004017
ED   14,97.98%,YES,&nbsp,92,AD 65,2025-11-05_01:52:52.004017
ED   14,97.98%,NO,&nbsp,107,AD 65,2025-11-05_01:52:52.004017
ED   15,97.98%,YES,&nbsp,120,AD 65,2025-11-05_01:52:52.004017
ED   15,97.98%,NO,&nbsp,173,AD 65,2025-11-05_01:52:52.004017
ED   16,97.98%,YES,&nbsp,104,AD 65,2025-11-05_01:52:52.004017
ED   16,97.98%,NO,&nbsp,145,AD 65,2025-11-05_01:52:52.004017
ED   17,97.98%,YES,&nbsp,121,AD 65,2025-11-05_01:52:52.004017
ED   17,97.98%,NO,&nbsp,242,AD 65,2025-11-05_01:52:52.004017
ED   18,97.98%,YES,&nbsp,115,AD 65,2025-11-05_01:52:52.004017
ED   18,97.98%,NO,&nbsp,167,AD 65,2025-11-05_01:52:52.004017
ED   19,97.98%,YES,&nbsp,191,AD 65,2025-11-05_01:52:52.004017
ED   19,97.98%,NO,&nbsp,281,AD 65,2025-11-05_01:52:52.004017
ED   20,97.98%,YES,&nbsp,157,AD 65,2025-11-05_01:52:52.004017
ED   20,97.98%,NO,&nbsp,194,AD 65,2025-11-05_01:52:52.004017
ED   21,97.98%,YES,&nbsp,192,AD 65,2025-11-05_01:52:52.004017
ED   21,97.98%,NO,&nbsp,226,AD 65,2025-11-05_01:52:52.004017
ED   22,97.98%,YES,&nbsp,141,AD 65,2025-11-05_01:52:52.004017
ED   22,97.98%,NO,&nbsp,137,AD 65,2025-11-05_01:52:52.004017
ED   23,97.98%,YES,&nbsp,146,AD 65,2025-11-05_01:52:52.004017
ED   23,97.98%,NO,&nbsp,155,AD 65,2025-11-05_01:52:52.004017
ED   24,97.98%,YES,&nbsp,89,AD 65,2025-11-05_01:52:52.004017
ED   24,97.98%,NO,&nbsp,95,AD 65,2025-11-05_01:52:52.004017
ED   25,97.98%,YES,&nbsp,110,AD 65,2025-11-05_01:52:52.004017
ED   25,97.98%,NO,&nbsp,161,AD 65,2025-11-05_01:52:52.004017
ED   26,97.98%,YES,&nbsp,225,AD 65,2025-11-05_01:52:52.004017
ED   26,97.98%,NO,&nbsp,270,AD 65,2025-11-05_01:52:52.004017
ED   27,97.98%,YES,&nbsp,152,AD 65,2025-11-05_01:52:52.004017
ED   27,97.98%,NO,&nbsp,178,AD 65,2025-11-05_01:52:52.004017
ED   28,97.98%,YES,&nbsp,341,AD 65,2025-11-05_01:52:52.004017
ED   28,97.98%,NO,&nbsp,355,AD 65,2025-11-05_01:52:52.004017
ED   29,97.98%,YES,&nbsp,400,AD 65,2025-11-05_01:52:52.004017
ED   29,97.98%,NO,&nbsp,477,AD 65,2025-11-05_01:52:52.004017
ED   30,97.98%,YES,&nbsp,103,AD 65,2025-11-05_01:52:52.004017
ED   30,97.98%,NO,&nbsp,153,AD 65,2025-11-05_01:52:52.004017
ED   31,97.98%,YES,&nbsp,290,AD 65,2025-11-05_01:52:52.004017
ED   31,97.98%,NO,&nbsp,260,AD 65,2025-11-05_01:52:52.004017
ED   32,97.98%,YES,&nbsp,264,AD 65,2025-11-05_01:52:52.004017
ED   32,97.98%,NO,&nbsp,276,AD 65,2025-11-05_01:52:52.004017
ED   33,97.98%,YES,&nbsp,378,AD 65,2025-11-05_01:52:52.004017
ED   33,97.98%,NO,&nbsp,354,AD 65,2025-11-05_01:52:52.004017
ED   34,97.98%,YES,&nbsp,144,AD 65,2025-11-05_01:52:52.004017
ED   34,97.98%,NO,&nbsp,171,AD 65,2025-11-05_01:52:52.004017
ED   35,97.98%,YES,&nbsp,329,AD 65,2025-11-05_01:52:52.004017
ED   35,97.98%,NO,&nbsp,326,AD 65,2025-11-05_01:52:52.004017
ED   36,97.98%,YES,&nbsp,152,AD 65,2025-11-05_01:52:52.004017
ED   36,97.98%,NO,&nbsp,137,AD 65,2025-11-05_01:52:52.004017
ED   37,97.98%,YES,&nbsp,58,AD 65,2025-11-05_01:52:52.004017
ED   37,97.98%,NO,&nbsp,46,AD 65,2025-11-05_01:52:52.004017
ED   38,97.98%,YES,&nbsp,88,AD 65,2025-11-05_01:52:52.004017
ED   38,97.98%,NO,&nbsp,101,AD 65,2025-11-05_01:52:52.004017
ED   39,97.98%,YES,&nbsp,102,AD 65,2025-11-05_01:52:52.004017
ED   39,97.98%,NO,&nbsp,94,AD 65,2025-11-05_01:52:52.004017
ED   40,97.98%,YES,&nbsp,313,AD 65,2025-11-05_01:52:52.004017
ED   40,97.98%,NO,&nbsp,324,AD 65,2025-11-05_01:52:52.004017
ED   41,97.98%,YES,&nbsp,234,AD 65,2025-11-05_01:52:52.004017
ED   41,97.98%,NO,&nbsp,297,AD 65,2025-11-05_01:52:52.004017
ED   42,97.98%,YES,&nbsp,178,AD 65,2025-11-05_01:52:52.004017
ED   42,97.98%,NO,&nbsp,220,AD 65,2025-11-05_01:52:52.004017
ED   43,97.98%,YES,&nbsp,221,AD 65,2025-11-05_01:52:52.004017
ED   43,97.98%,NO,&nbsp,271,AD 65,2025-11-05_01:52:52.004017
ED   44,97.98%,YES,&nbsp,277,AD 65,2025-11-05_01:52:52.004017
ED   44,97.98%,NO,&nbsp,274,AD 65,2025-11-05_01:52:52.004017
ED   45,97.98%,YES,&nbsp,281,AD 65,2025-11-05_01:52:52.004017
ED   45,97.98%,NO,&nbsp,243,AD 65,2025-11-05_01:52:52.004017
ED   46,97.98%,YES,&nbsp,303,AD 65,2025-11-05_01:52:52.004017
ED   46,97.98%,NO,&nbsp,421,AD 65,2025-11-05_01:52:52.004017
ED   47,97.98%,YES,&nbsp,123,AD 65,2025-11-05_01:52:52.004017
ED   47,97.98%,NO,&nbsp,144,AD 65,2025-11-05_01:52:52.004017
ED   48,97.98%,YES,&nbsp,92,AD 65,2025-11-05_01:52:52.004017
ED   48,97.98%,NO,&nbsp,93,AD 65,2025-11-05_01:52:52.004017
ED   49,97.98%,YES,&nbsp,254,AD 65,2025-11-05_01:52:52.004017
ED   49,97.98%,NO,&nbsp,338,AD 65,2025-11-05_01:52:52.004017
ED   50,97.98%,YES,&nbsp,197,AD 65,2025-11-05_01:52:52.004017
ED   50,97.98%,NO,&nbsp,263,AD 65,2025-11-05_01:52:52.004017
ED   51,97.98%,YES,&nbsp,162,AD 65,2025-11-05_01:52:52.004017
ED   51,97.98%,NO,&nbsp,249,AD 65,2025-11-05_01:52:52.004017
ED   52,97.98%,YES,&nbsp,205,AD 65,2025-11-05_01:52:52.004017
ED   52,97.98%,NO,&nbsp,245,AD 65,2025-11-05_01:52:52.004017
ED   53,97.98%,YES,&nbsp,155,AD 65,2025-11-05_01:52:52.004017
ED   53,97.98%,NO,&nbsp,254,AD 65,2025-11-05_01:52:52.004017
ED   54,97.98%,YES,&nbsp,156,AD 65,2025-11-05_01:52:52.004017
ED   54,97.98%,NO,&nbsp,214,AD 65,2025-11-05_01:52:52.004017
ED   55,97.98%,YES,&nbsp,137,AD 65,2025-11-05_01:52:52.004017
ED   55,97.98%,NO,&nbsp,167,AD 65,2025-11-05_01:52:52.004017
ED   56,97.98%,YES,&nbsp,117,AD 65,2025-11-05_01:52:52.004017
ED   56,97.98%,NO,&nbsp,147,AD 65,2025-11-05_01:52:52.004017
ED   57,97.98%,YES,&nbsp,391,AD 65,2025-11-05_01:52:52.004017
ED   57,97.98%,NO,&nbsp,466,AD 65,2025-11-05_01:52:52.004017
ED   58,97.98%,YES,&nbsp,264,AD 65,2025-11-05_01:52:52.004017
ED   58,97.98%,NO,&nbsp,282,AD 65,2025-11-05_01:52:52.004017
ED   59,97.98%,YES,&nbsp,264,AD 65,2025-11-05_01:52:52.004017
ED   59,97.98%,NO,&nbsp,300,AD 65,2025-11-05_01:52:52.004017
ED   60,97.98%,YES,&nbsp,258,AD 65,2025-11-05_01:52:52.004017
ED   60,97.98%,NO,&nbsp,303,AD 65,2025-11-05_01:52:52.004017
ED   61,97.98%,YES,&nbsp,147,AD 65,2025-11-05_01:52:52.004017
ED   61,97.98%,NO,&nbsp,149,AD 65,2025-11-05_01:52:52.004017
ED   62,97.98%,YES,&nbsp,129,AD 65,2025-11-05_01:52:52.004017
ED   62,97.98%,NO,&nbsp,187,AD 65,2025-11-05_01:52:52.004017
ED   63,97.98%,YES,&nbsp,132,AD 65,2025-11-05_01:52:52.004017
ED   63,97.98%,NO,&nbsp,177,AD 65,2025-11-05_01:52:52.004017
ED   64,97.98%,YES,&nbsp,295,AD 65,2025-11-05_01:52:52.004017
ED   64,97.98%,NO,&nbsp,317,AD 65,2025-11-05_01:52:52.004017
ED   65,97.98%,YES,&nbsp,86,AD 65,2025-11-05_01:52:52.004017
ED   65,97.98%,NO,&nbsp,113,AD 65,2025-11-05_01:52:52.004017
ED   66,97.98%,YES,&nbsp,126,AD 65,2025-11-05_01:52:52.004017
ED   66,97.98%,NO,&nbsp,121,AD 65,2025-11-05_01:52:52.004017
ED   67,97.98%,YES,&nbsp,164,AD 65,2025-11-05_01:52:52.004017
ED   67,97.98%,NO,&nbsp,155,AD 65,2025-11-05_01:52:52.004017
ED   68,97.98%,YES,&nbsp,0,AD 65,2025-11-05_01:52:52.004017
ED   68,97.98%,NO,&nbsp,0,AD 65,2025-11-05_01:52:52.004017
ED   69,97.98%,YES,&nbsp,0,AD 65,2025-11-05_01:52:52.004017
ED   69,97.98%,NO,&nbsp,0,AD 65,2025-11-05_01:52:52.004017
ED   70,97.98%,YES,&nbsp,0,AD 65,2025-11-05_01:52:52.004017
ED   70,97.98%,NO,&nbsp,0,AD 65,2025-11-05_01:52:52.004017
ED   71,97.98%,YES,&nbsp,0,AD 65,2025-11-05_01:52:52.004017
ED   71,97.98%,NO,&nbsp,0,AD 65,2025-11-05_01:52:52.004017
Total,,YES,&nbsp,14196,AD 65,2025-11-05_01:52:52.004017
Total,,NO,&nbsp,15819,AD 65,2025-11-05_01:52:52.004017
ED    1,97.98%,YES,&nbsp,1,AD 66,2025-11-05_01:52:52.004017
ED    1,97.98%,NO,&nbsp,1,AD 66,2025-11-05_01:52:52.004017
ED    2,97.98%,YES,&nbsp,327,AD 66,2025-11-05_01:52:52.004017
ED    2,97.98%,NO,&nbsp,265,AD 66,2025-11-05_01:52:52.004017
ED    3,97.98%,YES,&nbsp,252,AD 66,2025-11-05_01:52:52.004017
ED    3,97.98%,NO,&nbsp,252,AD 66,2025-11-05_01:52:52.004017
ED    4,97.98%,YES,&nbsp,508,AD 66,2025-11-05_01:52:52.004017
ED    4,97.98%,NO,&nbsp,364,AD 66,2025-11-05_01:52:52.004017
ED    5,97.98%,YES,&nbsp,313,AD 66,2025-11-05_01:52:52.004017
ED    5,97.98%,NO,&nbsp,233,AD 66,2025-11-05_01:52:52.004017
ED    6,97.98%,YES,&nbsp,414,AD 66,2025-11-05_01:52:52.004017
ED    6,97.98%,NO,&nbsp,321,AD 66,2025-11-05_01:52:52.004017
ED    7,97.98%,YES,&nbsp,378,AD 66,2025-11-05_01:52:52.004017
ED    7,97.98%,NO,&nbsp,256,AD 66,2025-11-05_01:52:52.004017
ED    8,97.98%,YES,&nbsp,393,AD 66,2025-11-05_01:52:52.004017
ED    8,97.98%,NO,&nbsp,301,AD 66,2025-11-05_01:52:52.004017
ED    9,97.98%,YES,&nbsp,360,AD 66,2025-11-05_01:52:52.004017
ED    9,97.98%,NO,&nbsp,263,AD 66,2025-11-05_01:52:52.004017
ED   10,97.98%,YES,&nbsp,371,AD 66,2025-11-05_01:52:52.004017
ED   10,97.98%,NO,&nbsp,265,AD 66,2025-11-05_01:52:52.004017
ED   11,97.98%,YES,&nbsp,418,AD 66,2025-11-05_01:52:52.004017
ED   11,97.98%,NO,&nbsp,251,AD 66,2025-11-05_01:52:52.004017
ED   12,97.98%,YES,&nbsp,500,AD 66,2025-11-05_01:52:52.004017
ED   12,97.98%,NO,&nbsp,362,AD 66,2025-11-05_01:52:52.004017
ED   13,97.98%,YES,&nbsp,269,AD 66,2025-11-05_01:52:52.004017
ED   13,97.98%,NO,&nbsp,180,AD 66,2025-11-05_01:52:52.004017
ED   14,97.98%,YES,&nbsp,379,AD 66,2025-11-05_01:52:52.004017
ED   14,97.98%,NO,&nbsp,307,AD 66,2025-11-05_01:52:52.004017
ED   15,97.98%,YES,&nbsp,426,AD 66,2025-11-05_01:52:52.004017
ED   15,97.98%,NO,&nbsp,301,AD 66,2025-11-05_01:52:52.004017
ED   16,97.98%,YES,&nbsp,503,AD 66,2025-11-05_01:52:52.004017
ED   16,97.98%,NO,&nbsp,377,AD 66,2025-11-05_01:52:52.004017
ED   17,97.98%,YES,&nbsp,319,AD 66,2025-11-05_01:52:52.004017
ED   17,97.98%,NO,&nbsp,222,AD 66,2025-11-05_01:52:52.004017
ED   18,97.98%,YES,&nbsp,341,AD 66,2025-11-05_01:52:52.004017
ED   18,97.98%,NO,&nbsp,282,AD 66,2025-11-05_01:52:52.004017
ED   19,97.98%,YES,&nbsp,421,AD 66,2025-11-05_01:52:52.004017
ED   19,97.98%,NO,&nbsp,336,AD 66,2025-11-05_01:52:52.004017
ED   20,97.98%,YES,&nbsp,323,AD 66,2025-11-05_01:52:52.004017
ED   20,97.98%,NO,&nbsp,262,AD 66,2025-11-05_01:52:52.004017
ED   21,97.98%,YES,&nbsp,416,AD 66,2025-11-05_01:52:52.004017
ED   21,97.98%,NO,&nbsp,320,AD 66,2025-11-05_01:52:52.004017
ED   22,97.98%,YES,&nbsp,26,AD 66,2025-11-05_01:52:52.004017
ED   22,97.98%,NO,&nbsp,35,AD 66,2025-11-05_01:52:52.004017
ED   23,97.98%,YES,&nbsp,454,AD 66,2025-11-05_01:52:52.004017
ED   23,97.98%,NO,&nbsp,331,AD 66,2025-11-05_01:52:52.004017
ED   24,97.98%,YES,&nbsp,427,AD 66,2025-11-05_01:52:52.004017
ED   24,97.98%,NO,&nbsp,306,AD 66,2025-11-05_01:52:52.004017
ED   25,97.98%,YES,&nbsp,484,AD 66,2025-11-05_01:52:52.004017
ED   25,97.98%,NO,&nbsp,348,AD 66,2025-11-05_01:52:52.004017
ED   26,97.98%,YES,&nbsp,363,AD 66,2025-11-05_01:52:52.004017
ED   26,97.98%,NO,&nbsp,236,AD 66,2025-11-05_01:52:52.004017
ED   27,97.98%,YES,&nbsp,253,AD 66,2025-11-05_01:52:52.004017
ED   27,97.98%,NO,&nbsp,187,AD 66,2025-11-05_01:52:52.004017
ED   28,97.98%,YES,&nbsp,388,AD 66,2025-11-05_01:52:52.004017
ED   28,97.98%,NO,&nbsp,259,AD 66,2025-11-05_01:52:52.004017
ED   29,97.98%,YES,&nbsp,310,AD 66,2025-11-05_01:52:52.004017
ED   29,97.98%,NO,&nbsp,243,AD 66,2025-11-05_01:52:52.004017
ED   30,97.98%,YES,&nbsp,182,AD 66,2025-11-05_01:52:52.004017
ED   30,97.98%,NO,&nbsp,210,AD 66,2025-11-05_01:52:52.004017
ED   31,97.98%,YES,&nbsp,347,AD 66,2025-11-05_01:52:52.004017
ED   31,97.98%,NO,&nbsp,309,AD 66,2025-11-05_01:52:52.004017
ED   32,97.98%,YES,&nbsp,382,AD 66,2025-11-05_01:52:52.004017
ED   32,97.98%,NO,&nbsp,377,AD 66,2025-11-05_01:52:52.004017
ED   33,97.98%,YES,&nbsp,332,AD 66,2025-11-05_01:52:52.004017
ED   33,97.98%,NO,&nbsp,234,AD 66,2025-11-05_01:52:52.004017
ED   34,97.98%,YES,&nbsp,315,AD 66,2025-11-05_01:52:52.004017
ED   34,97.98%,NO,&nbsp,209,AD 66,2025-11-05_01:52:52.004017
ED   35,97.98%,YES,&nbsp,414,AD 66,2025-11-05_01:52:52.004017
ED   35,97.98%,NO,&nbsp,284,AD 66,2025-11-05_01:52:52.004017
ED   36,97.98%,YES,&nbsp,448,AD 66,2025-11-05_01:52:52.004017
ED   36,97.98%,NO,&nbsp,348,AD 66,2025-11-05_01:52:52.004017
ED   37,97.98%,YES,&nbsp,474,AD 66,2025-11-05_01:52:52.004017
ED   37,97.98%,NO,&nbsp,303,AD 66,2025-11-05_01:52:52.004017
ED   38,97.98%,YES,&nbsp,410,AD 66,2025-11-05_01:52:52.004017
ED   38,97.98%,NO,&nbsp,320,AD 66,2025-11-05_01:52:52.004017
ED   39,97.98%,YES,&nbsp,128,AD 66,2025-11-05_01:52:52.004017
ED   39,97.98%,NO,&nbsp,87,AD 66,2025-11-05_01:52:52.004017
ED   40,97.98%,YES,&nbsp,249,AD 66,2025-11-05_01:52:52.004017
ED   40,97.98%,NO,&nbsp,184,AD 66,2025-11-05_01:52:52.004017
ED   41,97.98%,YES,&nbsp,393,AD 66,2025-11-05_01:52:52.004017
ED   41,97.98%,NO,&nbsp,299,AD 66,2025-11-05_01:52:52.004017
ED   42,97.98%,YES,&nbsp,475,AD 66,2025-11-05_01:52:52.004017
ED   42,97.98%,NO,&nbsp,301,AD 66,2025-11-05_01:52:52.004017
ED   43,97.98%,YES,&nbsp,253,AD 66,2025-11-05_01:52:52.004017
ED   43,97.98%,NO,&nbsp,257,AD 66,2025-11-05_01:52:52.004017
ED   44,97.98%,YES,&nbsp,370,AD 66,2025-11-05_01:52:52.004017
ED   44,97.98%,NO,&nbsp,291,AD 66,2025-11-05_01:52:52.004017
ED   45,97.98%,YES,&nbsp,353,AD 66,2025-11-05_01:52:52.004017
ED   45,97.98%,NO,&nbsp,299,AD 66,2025-11-05_01:52:52.004017
ED   46,97.98%,YES,&nbsp,154,AD 66,2025-11-05_01:52:52.004017
ED   46,97.98%,NO,&nbsp,185,AD 66,2025-11-05_01:52:52.004017
ED   47,97.98%,YES,&nbsp,352,AD 66,2025-11-05_01:52:52.004017
ED   47,97.98%,NO,&nbsp,326,AD 66,2025-11-05_01:52:52.004017
ED   48,97.98%,YES,&nbsp,346,AD 66,2025-11-05_01:52:52.004017
ED   48,97.98%,NO,&nbsp,344,AD 66,2025-11-05_01:52:52.004017
ED   49,97.98%,YES,&nbsp,382,AD 66,2025-11-05_01:52:52.004017
ED   49,97.98%,NO,&nbsp,429,AD 66,2025-11-05_01:52:52.004017
ED   50,97.98%,YES,&nbsp,323,AD 66,2025-11-05_01:52:52.004017
ED   50,97.98%,NO,&nbsp,408,AD 66,2025-11-05_01:52:52.004017
ED   51,97.98%,YES,&nbsp,427,AD 66,2025-11-05_01:52:52.004017
ED   51,97.98%,NO,&nbsp,422,AD 66,2025-11-05_01:52:52.004017
ED   52,97.98%,YES,&nbsp,186,AD 66,2025-11-05_01:52:52.004017
ED   52,97.98%,NO,&nbsp,218,AD 66,2025-11-05_01:52:52.004017
ED   53,97.98%,YES,&nbsp,209,AD 66,2025-11-05_01:52:52.004017
ED   53,97.98%,NO,&nbsp,284,AD 66,2025-11-05_01:52:52.004017
ED   54,97.98%,YES,&nbsp,331,AD 66,2025-11-05_01:52:52.004017
ED   54,97.98%,NO,&nbsp,279,AD 66,2025-11-05_01:52:52.004017
ED   55,97.98%,YES,&nbsp,217,AD 66,2025-11-05_01:52:52.004017
ED   55,97.98%,NO,&nbsp,263,AD 66,2025-11-05_01:52:52.004017
ED   56,97.98%,YES,&nbsp,307,AD 66,2025-11-05_01:52:52.004017
ED   56,97.98%,NO,&nbsp,281,AD 66,2025-11-05_01:52:52.004017
ED   57,97.98%,YES,&nbsp,406,AD 66,2025-11-05_01:52:52.004017
ED   57,97.98%,NO,&nbsp,297,AD 66,2025-11-05_01:52:52.004017
ED   58,97.98%,YES,&nbsp,386,AD 66,2025-11-05_01:52:52.004017
ED   58,97.98%,NO,&nbsp,285,AD 66,2025-11-05_01:52:52.004017
ED   59,97.98%,YES,&nbsp,266,AD 66,2025-11-05_01:52:52.004017
ED   59,97.98%,NO,&nbsp,176,AD 66,2025-11-05_01:52:52.004017
ED   60,97.98%,YES,&nbsp,295,AD 66,2025-11-05_01:52:52.004017
ED   60,97.98%,NO,&nbsp,207,AD 66,2025-11-05_01:52:52.004017
ED   61,97.98%,YES,&nbsp,294,AD 66,2025-11-05_01:52:52.004017
ED   61,97.98%,NO,&nbsp,222,AD 66,2025-11-05_01:52:52.004017
ED   62,97.98%,YES,&nbsp,6,AD 66,2025-11-05_01:52:52.004017
ED   62,97.98%,NO,&nbsp,3,AD 66,2025-11-05_01:52:52.004017
ED   63,97.98%,YES,&nbsp,356,AD 66,2025-11-05_01:52:52.004017
ED   63,97.98%,NO,&nbsp,218,AD 66,2025-11-05_01:52:52.004017
ED   64,97.98%,YES,&nbsp,418,AD 66,2025-11-05_01:52:52.004017
ED   64,97.98%,NO,&nbsp,310,AD 66,2025-11-05_01:52:52.004017
ED   65,97.98%,YES,&nbsp,280,AD 66,2025-11-05_01:52:52.004017
ED   65,97.98%,NO,&nbsp,237,AD 66,2025-11-05_01:52:52.004017
ED   66,97.98%,YES,&nbsp,562,AD 66,2025-11-05_01:52:52.004017
ED   66,97.98%,NO,&nbsp,316,AD 66,2025-11-05_01:52:52.004017
ED   67,97.98%,YES,&nbsp,501,AD 66,2025-11-05_01:52:52.004017
ED   67,97.98%,NO,&nbsp,397,AD 66,2025-11-05_01:52:52.004017
ED   68,97.98%,YES,&nbsp,445,AD 66,2025-11-05_01:52:52.004017
ED   68,97.98%,NO,&nbsp,369,AD 66,2025-11-05_01:52:52.004017
ED   69,97.98%,YES,&nbsp,385,AD 66,2025-11-05_01:52:52.004017
ED   69,97.98%,NO,&nbsp,271,AD 66,2025-11-05_01:52:52.004017
ED   70,97.98%,YES,&nbsp,375,AD 66,2025-11-05_01:52:52.004017
ED   70,97.98%,NO,&nbsp,311,AD 66,2025-11-05_01:52:52.004017
ED   71,97.98%,YES,&nbsp,396,AD 66,2025-11-05_01:52:52.004017
ED   71,97.98%,NO,&nbsp,311,AD 66,2025-11-05_01:52:52.004017
ED   72,97.98%,YES,&nbsp,201,AD 66,2025-11-05_01:52:52.004017
ED   72,97.98%,NO,&nbsp,139,AD 66,2025-11-05_01:52:52.004017
ED   73,97.98%,YES,&nbsp,441,AD 66,2025-11-05_01:52:52.004017
ED   73,97.98%,NO,&nbsp,321,AD 66,2025-11-05_01:52:52.004017
ED   74,97.98%,YES,&nbsp,44,AD 66,2025-11-05_01:52:52.004017
ED   74,97.98%,NO,&nbsp,55,AD 66,2025-11-05_01:52:52.004017
ED   75,97.98%,YES,&nbsp,0,AD 66,2025-11-05_01:52:52.004017
ED   75,97.98%,NO,&nbsp,0,AD 66,2025-11-05_01:52:52.004017
ED   76,97.98%,YES,&nbsp,0,AD 66,2025-11-05_01:52:52.004017
ED   76,97.98%,NO,&nbsp,0,AD 66,2025-11-05_01:52:52.004017
ED   77,97.98%,YES,&nbsp,0,AD 66,2025-11-05_01:52:52.004017
ED   77,97.98%,NO,&nbsp,0,AD 66,2025-11-05_01:52:52.004017
ED   78,97.98%,YES,&nbsp,0,AD 66,2025-11-05_01:52:52.004017
ED   78,97.98%,NO,&nbsp,0,AD 66,2025-11-05_01:52:52.004017
Total,,YES,&nbsp,25153,AD 66,2025-11-05_01:52:52.004017
Total,,NO,&nbsp,19862,AD 66,2025-11-05_01:52:52.004017
ED    1,97.98%,YES,&nbsp,394,AD 67,2025-11-05_01:52:52.004017
ED    1,97.98%,NO,&nbsp,307,AD 67,2025-11-05_01:52:52.004017
ED    2,97.98%,YES,&nbsp,211,AD 67,2025-11-05_01:52:52.004017
ED    2,97.98%,NO,&nbsp,208,AD 67,2025-11-05_01:52:52.004017
ED    3,97.98%,YES,&nbsp,431,AD 67,2025-11-05_01:52:52.004017
ED    3,97.98%,NO,&nbsp,272,AD 67,2025-11-05_01:52:52.004017
ED    4,97.98%,YES,&nbsp,373,AD 67,2025-11-05_01:52:52.004017
ED    4,97.98%,NO,&nbsp,333,AD 67,2025-11-05_01:52:52.004017
ED    5,97.98%,YES,&nbsp,462,AD 67,2025-11-05_01:52:52.004017
ED    5,97.98%,NO,&nbsp,325,AD 67,2025-11-05_01:52:52.004017
ED    6,97.98%,YES,&nbsp,97,AD 67,2025-11-05_01:52:52.004017
ED    6,97.98%,NO,&nbsp,57,AD 67,2025-11-05_01:52:52.004017
ED    7,97.98%,YES,&nbsp,483,AD 67,2025-11-05_01:52:52.004017
ED    7,97.98%,NO,&nbsp,332,AD 67,2025-11-05_01:52:52.004017
ED    8,97.98%,YES,&nbsp,393,AD 67,2025-11-05_01:52:52.004017
ED    8,97.98%,NO,&nbsp,385,AD 67,2025-11-05_01:52:52.004017
ED    9,97.98%,YES,&nbsp,310,AD 67,2025-11-05_01:52:52.004017
ED    9,97.98%,NO,&nbsp,292,AD 67,2025-11-05_01:52:52.004017
ED   10,97.98%,YES,&nbsp,404,AD 67,2025-11-05_01:52:52.004017
ED   10,97.98%,NO,&nbsp,291,AD 67,2025-11-05_01:52:52.004017
ED   11,97.98%,YES,&nbsp,397,AD 67,2025-11-05_01:52:52.004017
ED   11,97.98%,NO,&nbsp,311,AD 67,2025-11-05_01:52:52.004017
ED   12,97.98%,YES,&nbsp,473,AD 67,2025-11-05_01:52:52.004017
ED   12,97.98%,NO,&nbsp,415,AD 67,2025-11-05_01:52:52.004017
ED   13,97.98%,YES,&nbsp,459,AD 67,2025-11-05_01:52:52.004017
ED   13,97.98%,NO,&nbsp,303,AD 67,2025-11-05_01:52:52.004017
ED   14,97.98%,YES,&nbsp,332,AD 67,2025-11-05_01:52:52.004017
ED   14,97.98%,NO,&nbsp,241,AD 67,2025-11-05_01:52:52.004017
ED   15,97.98%,YES,&nbsp,375,AD 67,2025-11-05_01:52:52.004017
ED   15,97.98%,NO,&nbsp,265,AD 67,2025-11-05_01:52:52.004017
ED   16,97.98%,YES,&nbsp,500,AD 67,2025-11-05_01:52:52.004017
ED   16,97.98%,NO,&nbsp,357,AD 67,2025-11-05_01:52:52.004017
ED   17,97.98%,YES,&nbsp,429,AD 67,2025-11-05_01:52:52.004017
ED   17,97.98%,NO,&nbsp,345,AD 67,2025-11-05_01:52:52.004017
ED   18,97.98%,YES,&nbsp,470,AD 67,2025-11-05_01:52:52.004017
ED   18,97.98%,NO,&nbsp,313,AD 67,2025-11-05_01:52:52.004017
ED   19,97.98%,YES,&nbsp,470,AD 67,2025-11-05_01:52:52.004017
ED   19,97.98%,NO,&nbsp,400,AD 67,2025-11-05_01:52:52.004017
ED   20,97.98%,YES,&nbsp,448,AD 67,2025-11-05_01:52:52.004017
ED   20,97.98%,NO,&nbsp,405,AD 67,2025-11-05_01:52:52.004017
ED   21,97.98%,YES,&nbsp,414,AD 67,2025-11-05_01:52:52.004017
ED   21,97.98%,NO,&nbsp,355,AD 67,2025-11-05_01:52:52.004017
ED   22,97.98%,YES,&nbsp,390,AD 67,2025-11-05_01:52:52.004017
ED   22,97.98%,NO,&nbsp,328,AD 67,2025-11-05_01:52:52.004017
ED   23,97.98%,YES,&nbsp,184,AD 67,2025-11-05_01:52:52.004017
ED   23,97.98%,NO,&nbsp,158,AD 67,2025-11-05_01:52:52.004017
ED   24,97.98%,YES,&nbsp,444,AD 67,2025-11-05_01:52:52.004017
ED   24,97.98%,NO,&nbsp,338,AD 67,2025-11-05_01:52:52.004017
ED   25,97.98%,YES,&nbsp,382,AD 67,2025-11-05_01:52:52.004017
ED   25,97.98%,NO,&nbsp,225,AD 67,2025-11-05_01:52:52.004017
ED   26,97.98%,YES,&nbsp,534,AD 67,2025-11-05_01:52:52.004017
ED   26,97.98%,NO,&nbsp,487,AD 67,2025-11-05_01:52:52.004017
ED   27,97.98%,YES,&nbsp,275,AD 67,2025-11-05_01:52:52.004017
ED   27,97.98%,NO,&nbsp,281,AD 67,2025-11-05_01:52:52.004017
ED   28,97.98%,YES,&nbsp,278,AD 67,2025-11-05_01:52:52.004017
ED   28,97.98%,NO,&nbsp,301,AD 67,2025-11-05_01:52:52.004017
ED   29,97.98%,YES,&nbsp,284,AD 67,2025-11-05_01:52:52.004017
ED   29,97.98%,NO,&nbsp,266,AD 67,2025-11-05_01:52:52.004017
ED   30,97.98%,YES,&nbsp,473,AD 67,2025-11-05_01:52:52.004017
ED   30,97.98%,NO,&nbsp,446,AD 67,2025-11-05_01:52:52.004017
ED   31,97.98%,YES,&nbsp,262,AD 67,2025-11-05_01:52:52.004017
ED   31,97.98%,NO,&nbsp,218,AD 67,2025-11-05_01:52:52.004017
ED   32,97.98%,YES,&nbsp,388,AD 67,2025-11-05_01:52:52.004017
ED   32,97.98%,NO,&nbsp,319,AD 67,2025-11-05_01:52:52.004017
ED   33,97.98%,YES,&nbsp,321,AD 67,2025-11-05_01:52:52.004017
ED   33,97.98%,NO,&nbsp,279,AD 67,2025-11-05_01:52:52.004017
ED   34,97.98%,YES,&nbsp,465,AD 67,2025-11-05_01:52:52.004017
ED   34,97.98%,NO,&nbsp,358,AD 67,2025-11-05_01:52:52.004017
ED   35,97.98%,YES,&nbsp,358,AD 67,2025-11-05_01:52:52.004017
ED   35,97.98%,NO,&nbsp,337,AD 67,2025-11-05_01:52:52.004017
ED   36,97.98%,YES,&nbsp,525,AD 67,2025-11-05_01:52:52.004017
ED   36,97.98%,NO,&nbsp,361,AD 67,2025-11-05_01:52:52.004017
ED   37,97.98%,YES,&nbsp,524,AD 67,2025-11-05_01:52:52.004017
ED   37,97.98%,NO,&nbsp,454,AD 67,2025-11-05_01:52:52.004017
ED   38,97.98%,YES,&nbsp,583,AD 67,2025-11-05_01:52:52.004017
ED   38,97.98%,NO,&nbsp,489,AD 67,2025-11-05_01:52:52.004017
ED   39,97.98%,YES,&nbsp,574,AD 67,2025-11-05_01:52:52.004017
ED   39,97.98%,NO,&nbsp,468,AD 67,2025-11-05_01:52:52.004017
ED   40,97.98%,YES,&nbsp,532,AD 67,2025-11-05_01:52:52.004017
ED   40,97.98%,NO,&nbsp,435,AD 67,2025-11-05_01:52:52.004017
ED   41,97.98%,YES,&nbsp,451,AD 67,2025-11-05_01:52:52.004017
ED   41,97.98%,NO,&nbsp,400,AD 67,2025-11-05_01:52:52.004017
ED   42,97.98%,YES,&nbsp,481,AD 67,2025-11-05_01:52:52.004017
ED   42,97.98%,NO,&nbsp,401,AD 67,2025-11-05_01:52:52.004017
ED   43,97.98%,YES,&nbsp,233,AD 67,2025-11-05_01:52:52.004017
ED   43,97.98%,NO,&nbsp,247,AD 67,2025-11-05_01:52:52.004017
ED   44,97.98%,YES,&nbsp,499,AD 67,2025-11-05_01:52:52.004017
ED   44,97.98%,NO,&nbsp,431,AD 67,2025-11-05_01:52:52.004017
ED   45,97.98%,YES,&nbsp,233,AD 67,2025-11-05_01:52:52.004017
ED   45,97.98%,NO,&nbsp,261,AD 67,2025-11-05_01:52:52.004017
ED   46,97.98%,YES,&nbsp,155,AD 67,2025-11-05_01:52:52.004017
ED   46,97.98%,NO,&nbsp,119,AD 67,2025-11-05_01:52:52.004017
ED   47,97.98%,YES,&nbsp,443,AD 67,2025-11-05_01:52:52.004017
ED   47,97.98%,NO,&nbsp,392,AD 67,2025-11-05_01:52:52.004017
ED   48,97.98%,YES,&nbsp,343,AD 67,2025-11-05_01:52:52.004017
ED   48,97.98%,NO,&nbsp,334,AD 67,2025-11-05_01:52:52.004017
ED   49,97.98%,YES,&nbsp,307,AD 67,2025-11-05_01:52:52.004017
ED   49,97.98%,NO,&nbsp,300,AD 67,2025-11-05_01:52:52.004017
ED   50,97.98%,YES,&nbsp,177,AD 67,2025-11-05_01:52:52.004017
ED   50,97.98%,NO,&nbsp,294,AD 67,2025-11-05_01:52:52.004017
ED   51,97.98%,YES,&nbsp,99,AD 67,2025-11-05_01:52:52.004017
ED   51,97.98%,NO,&nbsp,162,AD 67,2025-11-05_01:52:52.004017
ED   52,97.98%,YES,&nbsp,403,AD 67,2025-11-05_01:52:52.004017
ED   52,97.98%,NO,&nbsp,345,AD 67,2025-11-05_01:52:52.004017
ED   53,97.98%,YES,&nbsp,227,AD 67,2025-11-05_01:52:52.004017
ED   53,97.98%,NO,&nbsp,232,AD 67,2025-11-05_01:52:52.004017
ED   54,97.98%,YES,&nbsp,230,AD 67,2025-11-05_01:52:52.004017
ED   54,97.98%,NO,&nbsp,321,AD 67,2025-11-05_01:52:52.004017
ED   55,97.98%,YES,&nbsp,207,AD 67,2025-11-05_01:52:52.004017
ED   55,97.98%,NO,&nbsp,184,AD 67,2025-11-05_01:52:52.004017
ED   56,97.98%,YES,&nbsp,387,AD 67,2025-11-05_01:52:52.004017
ED   56,97.98%,NO,&nbsp,347,AD 67,2025-11-05_01:52:52.004017
ED   57,97.98%,YES,&nbsp,444,AD 67,2025-11-05_01:52:52.004017
ED   57,97.98%,NO,&nbsp,457,AD 67,2025-11-05_01:52:52.004017
ED   58,97.98%,YES,&nbsp,224,AD 67,2025-11-05_01:52:52.004017
ED   58,97.98%,NO,&nbsp,229,AD 67,2025-11-05_01:52:52.004017
ED   59,97.98%,YES,&nbsp,413,AD 67,2025-11-05_01:52:52.004017
ED   59,97.98%,NO,&nbsp,375,AD 67,2025-11-05_01:52:52.004017
ED   60,97.98%,YES,&nbsp,380,AD 67,2025-11-05_01:52:52.004017
ED   60,97.98%,NO,&nbsp,397,AD 67,2025-11-05_01:52:52.004017
ED   61,97.98%,YES,&nbsp,210,AD 67,2025-11-05_01:52:52.004017
ED   61,97.98%,NO,&nbsp,232,AD 67,2025-11-05_01:52:52.004017
ED   62,97.98%,YES,&nbsp,366,AD 67,2025-11-05_01:52:52.004017
ED   62,97.98%,NO,&nbsp,379,AD 67,2025-11-05_01:52:52.004017
ED   63,97.98%,YES,&nbsp,361,AD 67,2025-11-05_01:52:52.004017
ED   63,97.98%,NO,&nbsp,360,AD 67,2025-11-05_01:52:52.004017
ED   64,97.98%,YES,&nbsp,273,AD 67,2025-11-05_01:52:52.004017
ED   64,97.98%,NO,&nbsp,309,AD 67,2025-11-05_01:52:52.004017
ED   65,97.98%,YES,&nbsp,345,AD 67,2025-11-05_01:52:52.004017
ED   65,97.98%,NO,&nbsp,368,AD 67,2025-11-05_01:52:52.004017
ED   66,97.98%,YES,&nbsp,147,AD 67,2025-11-05_01:52:52.004017
ED   66,97.98%,NO,&nbsp,168,AD 67,2025-11-05_01:52:52.004017
ED   67,97.98%,YES,&nbsp,295,AD 67,2025-11-05_01:52:52.004017
ED   67,97.98%,NO,&nbsp,297,AD 67,2025-11-05_01:52:52.004017
ED   68,97.98%,YES,&nbsp,204,AD 67,2025-11-05_01:52:52.004017
ED   68,97.98%,NO,&nbsp,243,AD 67,2025-11-05_01:52:52.004017
ED   69,97.98%,YES,&nbsp,0,AD 67,2025-11-05_01:52:52.004017
ED   69,97.98%,NO,&nbsp,0,AD 67,2025-11-05_01:52:52.004017
ED   70,97.98%,YES,&nbsp,0,AD 67,2025-11-05_01:52:52.004017
ED   70,97.98%,NO,&nbsp,0,AD 67,2025-11-05_01:52:52.004017
ED   71,97.98%,YES,&nbsp,0,AD 67,2025-11-05_01:52:52.004017
ED   71,97.98%,NO,&nbsp,0,AD 67,2025-11-05_01:52:52.004017
Total,,YES,&nbsp,24638,AD 67,2025-11-05_01:52:52.004017
Total,,NO,&nbsp,21644,AD 67,2025-11-05_01:52:52.004017
ED    1,97.98%,YES,&nbsp,116,AD 68,2025-11-05_01:52:52.004017
ED    1,97.98%,NO,&nbsp,202,AD 68,2025-11-05_01:52:52.004017
ED    2,97.98%,YES,&nbsp,133,AD 68,2025-11-05_01:52:52.004017
ED    2,97.98%,NO,&nbsp,133,AD 68,2025-11-05_01:52:52.004017
ED    3,97.98%,YES,&nbsp,74,AD 68,2025-11-05_01:52:52.004017
ED    3,97.98%,NO,&nbsp,70,AD 68,2025-11-05_01:52:52.004017
ED    4,97.98%,YES,&nbsp,200,AD 68,2025-11-05_01:52:52.004017
ED    4,97.98%,NO,&nbsp,269,AD 68,2025-11-05_01:52:52.004017
ED    5,97.98%,YES,&nbsp,191,AD 68,2025-11-05_01:52:52.004017
ED    5,97.98%,NO,&nbsp,208,AD 68,2025-11-05_01:52:52.004017
ED    6,97.98%,YES,&nbsp,147,AD 68,2025-11-05_01:52:52.004017
ED    6,97.98%,NO,&nbsp,169,AD 68,2025-11-05_01:52:52.004017
ED    7,97.98%,YES,&nbsp,77,AD 68,2025-11-05_01:52:52.004017
ED    7,97.98%,NO,&nbsp,83,AD 68,2025-11-05_01:52:52.004017
ED    8,97.98%,YES,&nbsp,353,AD 68,2025-11-05_01:52:52.004017
ED    8,97.98%,NO,&nbsp,433,AD 68,2025-11-05_01:52:52.004017
ED    9,97.98%,YES,&nbsp,69,AD 68,2025-11-05_01:52:52.004017
ED    9,97.98%,NO,&nbsp,105,AD 68,2025-11-05_01:52:52.004017
ED   10,97.98%,YES,&nbsp,67,AD 68,2025-11-05_01:52:52.004017
ED   10,97.98%,NO,&nbsp,133,AD 68,2025-11-05_01:52:52.004017
ED   11,97.98%,YES,&nbsp,187,AD 68,2025-11-05_01:52:52.004017
ED   11,97.98%,NO,&nbsp,244,AD 68,2025-11-05_01:52:52.004017
ED   12,97.98%,YES,&nbsp,188,AD 68,2025-11-05_01:52:52.004017
ED   12,97.98%,NO,&nbsp,199,AD 68,2025-11-05_01:52:52.004017
ED   13,97.98%,YES,&nbsp,154,AD 68,2025-11-05_01:52:52.004017
ED   13,97.98%,NO,&nbsp,172,AD 68,2025-11-05_01:52:52.004017
ED   14,97.98%,YES,&nbsp,122,AD 68,2025-11-05_01:52:52.004017
ED   14,97.98%,NO,&nbsp,148,AD 68,2025-11-05_01:52:52.004017
ED   15,97.98%,YES,&nbsp,75,AD 68,2025-11-05_01:52:52.004017
ED   15,97.98%,NO,&nbsp,99,AD 68,2025-11-05_01:52:52.004017
ED   16,97.98%,YES,&nbsp,107,AD 68,2025-11-05_01:52:52.004017
ED   16,97.98%,NO,&nbsp,96,AD 68,2025-11-05_01:52:52.004017
ED   17,97.98%,YES,&nbsp,149,AD 68,2025-11-05_01:52:52.004017
ED   17,97.98%,NO,&nbsp,231,AD 68,2025-11-05_01:52:52.004017
ED   18,97.98%,YES,&nbsp,134,AD 68,2025-11-05_01:52:52.004017
ED   18,97.98%,NO,&nbsp,133,AD 68,2025-11-05_01:52:52.004017
ED   19,97.98%,YES,&nbsp,135,AD 68,2025-11-05_01:52:52.004017
ED   19,97.98%,NO,&nbsp,139,AD 68,2025-11-05_01:52:52.004017
ED   20,97.98%,YES,&nbsp,110,AD 68,2025-11-05_01:52:52.004017
ED   20,97.98%,NO,&nbsp,177,AD 68,2025-11-05_01:52:52.004017
ED   21,97.98%,YES,&nbsp,209,AD 68,2025-11-05_01:52:52.004017
ED   21,97.98%,NO,&nbsp,284,AD 68,2025-11-05_01:52:52.004017
ED   22,97.98%,YES,&nbsp,77,AD 68,2025-11-05_01:52:52.004017
ED   22,97.98%,NO,&nbsp,116,AD 68,2025-11-05_01:52:52.004017
ED   23,97.98%,YES,&nbsp,100,AD 68,2025-11-05_01:52:52.004017
ED   23,97.98%,NO,&nbsp,117,AD 68,2025-11-05_01:52:52.004017
ED   24,97.98%,YES,&nbsp,7,AD 68,2025-11-05_01:52:52.004017
ED   24,97.98%,NO,&nbsp,7,AD 68,2025-11-05_01:52:52.004017
ED   25,97.98%,YES,&nbsp,130,AD 68,2025-11-05_01:52:52.004017
ED   25,97.98%,NO,&nbsp,171,AD 68,2025-11-05_01:52:52.004017
ED   26,97.98%,YES,&nbsp,81,AD 68,2025-11-05_01:52:52.004017
ED   26,97.98%,NO,&nbsp,122,AD 68,2025-11-05_01:52:52.004017
ED   27,97.98%,YES,&nbsp,72,AD 68,2025-11-05_01:52:52.004017
ED   27,97.98%,NO,&nbsp,91,AD 68,2025-11-05_01:52:52.004017
ED   28,97.98%,YES,&nbsp,278,AD 68,2025-11-05_01:52:52.004017
ED   28,97.98%,NO,&nbsp,323,AD 68,2025-11-05_01:52:52.004017
ED   29,97.98%,YES,&nbsp,158,AD 68,2025-11-05_01:52:52.004017
ED   29,97.98%,NO,&nbsp,216,AD 68,2025-11-05_01:52:52.004017
ED   30,97.98%,YES,&nbsp,70,AD 68,2025-11-05_01:52:52.004017
ED   30,97.98%,NO,&nbsp,85,AD 68,2025-11-05_01:52:52.004017
ED   31,97.98%,YES,&nbsp,153,AD 68,2025-11-05_01:52:52.004017
ED   31,97.98%,NO,&nbsp,222,AD 68,2025-11-05_01:52:52.004017
ED   32,97.98%,YES,&nbsp,211,AD 68,2025-11-05_01:52:52.004017
ED   32,97.98%,NO,&nbsp,311,AD 68,2025-11-05_01:52:52.004017
ED   33,97.98%,YES,&nbsp,211,AD 68,2025-11-05_01:52:52.004017
ED   33,97.98%,NO,&nbsp,311,AD 68,2025-11-05_01:52:52.004017
ED   34,97.98%,YES,&nbsp,137,AD 68,2025-11-05_01:52:52.004017
ED   34,97.98%,NO,&nbsp,136,AD 68,2025-11-05_01:52:52.004017
ED   35,97.98%,YES,&nbsp,191,AD 68,2025-11-05_01:52:52.004017
ED   35,97.98%,NO,&nbsp,207,AD 68,2025-11-05_01:52:52.004017
ED   36,97.98%,YES,&nbsp,129,AD 68,2025-11-05_01:52:52.004017
ED   36,97.98%,NO,&nbsp,154,AD 68,2025-11-05_01:52:52.004017
ED   37,97.98%,YES,&nbsp,220,AD 68,2025-11-05_01:52:52.004017
ED   37,97.98%,NO,&nbsp,279,AD 68,2025-11-05_01:52:52.004017
ED   38,97.98%,YES,&nbsp,232,AD 68,2025-11-05_01:52:52.004017
ED   38,97.98%,NO,&nbsp,295,AD 68,2025-11-05_01:52:52.004017
ED   39,97.98%,YES,&nbsp,68,AD 68,2025-11-05_01:52:52.004017
ED   39,97.98%,NO,&nbsp,95,AD 68,2025-11-05_01:52:52.004017
ED   40,97.98%,YES,&nbsp,84,AD 68,2025-11-05_01:52:52.004017
ED   40,97.98%,NO,&nbsp,102,AD 68,2025-11-05_01:52:52.004017
ED   41,97.98%,YES,&nbsp,136,AD 68,2025-11-05_01:52:52.004017
ED   41,97.98%,NO,&nbsp,153,AD 68,2025-11-05_01:52:52.004017
ED   42,97.98%,YES,&nbsp,102,AD 68,2025-11-05_01:52:52.004017
ED   42,97.98%,NO,&nbsp,128,AD 68,2025-11-05_01:52:52.004017
ED   43,97.98%,YES,&nbsp,214,AD 68,2025-11-05_01:52:52.004017
ED   43,97.98%,NO,&nbsp,320,AD 68,2025-11-05_01:52:52.004017
ED   44,97.98%,YES,&nbsp,237,AD 68,2025-11-05_01:52:52.004017
ED   44,97.98%,NO,&nbsp,334,AD 68,2025-11-05_01:52:52.004017
ED   45,97.98%,YES,&nbsp,127,AD 68,2025-11-05_01:52:52.004017
ED   45,97.98%,NO,&nbsp,204,AD 68,2025-11-05_01:52:52.004017
ED   46,97.98%,YES,&nbsp,178,AD 68,2025-11-05_01:52:52.004017
ED   46,97.98%,NO,&nbsp,250,AD 68,2025-11-05_01:52:52.004017
ED   47,97.98%,YES,&nbsp,193,AD 68,2025-11-05_01:52:52.004017
ED   47,97.98%,NO,&nbsp,252,AD 68,2025-11-05_01:52:52.004017
ED   48,97.98%,YES,&nbsp,208,AD 68,2025-11-05_01:52:52.004017
ED   48,97.98%,NO,&nbsp,265,AD 68,2025-11-05_01:52:52.004017
ED   49,97.98%,YES,&nbsp,96,AD 68,2025-11-05_01:52:52.004017
ED   49,97.98%,NO,&nbsp,80,AD 68,2025-11-05_01:52:52.004017
ED   50,97.98%,YES,&nbsp,68,AD 68,2025-11-05_01:52:52.004017
ED   50,97.98%,NO,&nbsp,83,AD 68,2025-11-05_01:52:52.004017
ED   51,97.98%,YES,&nbsp,258,AD 68,2025-11-05_01:52:52.004017
ED   51,97.98%,NO,&nbsp,217,AD 68,2025-11-05_01:52:52.004017
ED   52,97.98%,YES,&nbsp,310,AD 68,2025-11-05_01:52:52.004017
ED   52,97.98%,NO,&nbsp,258,AD 68,2025-11-05_01:52:52.004017
ED   53,97.98%,YES,&nbsp,182,AD 68,2025-11-05_01:52:52.004017
ED   53,97.98%,NO,&nbsp,219,AD 68,2025-11-05_01:52:52.004017
ED   54,97.98%,YES,&nbsp,300,AD 68,2025-11-05_01:52:52.004017
ED   54,97.98%,NO,&nbsp,246,AD 68,2025-11-05_01:52:52.004017
ED   55,97.98%,YES,&nbsp,488,AD 68,2025-11-05_01:52:52.004017
ED   55,97.98%,NO,&nbsp,364,AD 68,2025-11-05_01:52:52.004017
ED   56,97.98%,YES,&nbsp,96,AD 68,2025-11-05_01:52:52.004017
ED   56,97.98%,NO,&nbsp,150,AD 68,2025-11-05_01:52:52.004017
ED   57,97.98%,YES,&nbsp,129,AD 68,2025-11-05_01:52:52.004017
ED   57,97.98%,NO,&nbsp,167,AD 68,2025-11-05_01:52:52.004017
ED   58,97.98%,YES,&nbsp,110,AD 68,2025-11-05_01:52:52.004017
ED   58,97.98%,NO,&nbsp,155,AD 68,2025-11-05_01:52:52.004017
ED   59,97.98%,YES,&nbsp,92,AD 68,2025-11-05_01:52:52.004017
ED   59,97.98%,NO,&nbsp,122,AD 68,2025-11-05_01:52:52.004017
ED   60,97.98%,YES,&nbsp,122,AD 68,2025-11-05_01:52:52.004017
ED   60,97.98%,NO,&nbsp,213,AD 68,2025-11-05_01:52:52.004017
ED   61,97.98%,YES,&nbsp,72,AD 68,2025-11-05_01:52:52.004017
ED   61,97.98%,NO,&nbsp,91,AD 68,2025-11-05_01:52:52.004017
ED   62,97.98%,YES,&nbsp,334,AD 68,2025-11-05_01:52:52.004017
ED   62,97.98%,NO,&nbsp,372,AD 68,2025-11-05_01:52:52.004017
ED   63,97.98%,YES,&nbsp,300,AD 68,2025-11-05_01:52:52.004017
ED   63,97.98%,NO,&nbsp,305,AD 68,2025-11-05_01:52:52.004017
ED   64,97.98%,YES,&nbsp,203,AD 68,2025-11-05_01:52:52.004017
ED   64,97.98%,NO,&nbsp,180,AD 68,2025-11-05_01:52:52.004017
ED   65,97.98%,YES,&nbsp,384,AD 68,2025-11-05_01:52:52.004017
ED   65,97.98%,NO,&nbsp,403,AD 68,2025-11-05_01:52:52.004017
ED   66,97.98%,YES,&nbsp,559,AD 68,2025-11-05_01:52:52.004017
ED   66,97.98%,NO,&nbsp,488,AD 68,2025-11-05_01:52:52.004017
ED   67,97.98%,YES,&nbsp,254,AD 68,2025-11-05_01:52:52.004017
ED   67,97.98%,NO,&nbsp,295,AD 68,2025-11-05_01:52:52.004017
ED   68,97.98%,YES,&nbsp,145,AD 68,2025-11-05_01:52:52.004017
ED   68,97.98%,NO,&nbsp,118,AD 68,2025-11-05_01:52:52.004017
ED   69,97.98%,YES,&nbsp,124,AD 68,2025-11-05_01:52:52.004017
ED   69,97.98%,NO,&nbsp,133,AD 68,2025-11-05_01:52:52.004017
ED   70,97.98%,YES,&nbsp,332,AD 68,2025-11-05_01:52:52.004017
ED   70,97.98%,NO,&nbsp,322,AD 68,2025-11-05_01:52:52.004017
ED   71,97.98%,YES,&nbsp,187,AD 68,2025-11-05_01:52:52.004017
ED   71,97.98%,NO,&nbsp,140,AD 68,2025-11-05_01:52:52.004017
ED   72,97.98%,YES,&nbsp,47,AD 68,2025-11-05_01:52:52.004017
ED   72,97.98%,NO,&nbsp,49,AD 68,2025-11-05_01:52:52.004017
ED   73,97.98%,YES,&nbsp,79,AD 68,2025-11-05_01:52:52.004017
ED   73,97.98%,NO,&nbsp,83,AD 68,2025-11-05_01:52:52.004017
ED   74,97.98%,YES,&nbsp,172,AD 68,2025-11-05_01:52:52.004017
ED   74,97.98%,NO,&nbsp,179,AD 68,2025-11-05_01:52:52.004017
ED   75,97.98%,YES,&nbsp,136,AD 68,2025-11-05_01:52:52.004017
ED   75,97.98%,NO,&nbsp,90,AD 68,2025-11-05_01:52:52.004017
ED   76,97.98%,YES,&nbsp,5,AD 68,2025-11-05_01:52:52.004017
ED   76,97.98%,NO,&nbsp,9,AD 68,2025-11-05_01:52:52.004017
ED   77,97.98%,YES,&nbsp,202,AD 68,2025-11-05_01:52:52.004017
ED   77,97.98%,NO,&nbsp,226,AD 68,2025-11-05_01:52:52.004017
ED   78,97.98%,YES,&nbsp,0,AD 68,2025-11-05_01:52:52.004017
ED   78,97.98%,NO,&nbsp,0,AD 68,2025-11-05_01:52:52.004017
ED   79,97.98%,YES,&nbsp,0,AD 68,2025-11-05_01:52:52.004017
ED   79,97.98%,NO,&nbsp,0,AD 68,2025-11-05_01:52:52.004017
ED   80,97.98%,YES,&nbsp,0,AD 68,2025-11-05_01:52:52.004017
ED   80,97.98%,NO,&nbsp,0,AD 68,2025-11-05_01:52:52.004017
ED   81,97.98%,YES,&nbsp,0,AD 68,2025-11-05_01:52:52.004017
ED   81,97.98%,NO,&nbsp,0,AD 68,2025-11-05_01:52:52.004017
ED   82,97.98%,YES,&nbsp,0,AD 68,2025-11-05_01:52:52.004017
ED   82,97.98%,NO,&nbsp,0,AD 68,2025-11-05_01:52:52.004017
Total,,YES,&nbsp,12787,AD 68,2025-11-05_01:52:52.004017
Total,,NO,&nbsp,14750,AD 68,2025-11-05_01:52:52.004017
ED    1,97.98%,YES,&nbsp,64,AD 69,2025-11-05_01:52:52.004017
ED    1,97.98%,NO,&nbsp,80,AD 69,2025-11-05_01:52:52.004017
ED    2,97.98%,YES,&nbsp,231,AD 69,2025-11-05_01:52:52.004017
ED    2,97.98%,NO,&nbsp,257,AD 69,2025-11-05_01:52:52.004017
ED    3,97.98%,YES,&nbsp,121,AD 69,2025-11-05_01:52:52.004017
ED    3,97.98%,NO,&nbsp,115,AD 69,2025-11-05_01:52:52.004017
ED    4,97.98%,YES,&nbsp,95,AD 69,2025-11-05_01:52:52.004017
ED    4,97.98%,NO,&nbsp,75,AD 69,2025-11-05_01:52:52.004017
ED    5,97.98%,YES,&nbsp,264,AD 69,2025-11-05_01:52:52.004017
ED    5,97.98%,NO,&nbsp,322,AD 69,2025-11-05_01:52:52.004017
ED    6,97.98%,YES,&nbsp,548,AD 69,2025-11-05_01:52:52.004017
ED    6,97.98%,NO,&nbsp,366,AD 69,2025-11-05_01:52:52.004017
ED    7,97.98%,YES,&nbsp,376,AD 69,2025-11-05_01:52:52.004017
ED    7,97.98%,NO,&nbsp,379,AD 69,2025-11-05_01:52:52.004017
ED    8,97.98%,YES,&nbsp,116,AD 69,2025-11-05_01:52:52.004017
ED    8,97.98%,NO,&nbsp,154,AD 69,2025-11-05_01:52:52.004017
ED    9,97.98%,YES,&nbsp,311,AD 69,2025-11-05_01:52:52.004017
ED    9,97.98%,NO,&nbsp,366,AD 69,2025-11-05_01:52:52.004017
ED   10,97.98%,YES,&nbsp,75,AD 69,2025-11-05_01:52:52.004017
ED   10,97.98%,NO,&nbsp,85,AD 69,2025-11-05_01:52:52.004017
ED   11,97.98%,YES,&nbsp,409,AD 69,2025-11-05_01:52:52.004017
ED   11,97.98%,NO,&nbsp,361,AD 69,2025-11-05_01:52:52.004017
ED   12,97.98%,YES,&nbsp,512,AD 69,2025-11-05_01:52:52.004017
ED   12,97.98%,NO,&nbsp,438,AD 69,2025-11-05_01:52:52.004017
ED   13,97.98%,YES,&nbsp,337,AD 69,2025-11-05_01:52:52.004017
ED   13,97.98%,NO,&nbsp,299,AD 69,2025-11-05_01:52:52.004017
ED   14,97.98%,YES,&nbsp,412,AD 69,2025-11-05_01:52:52.004017
ED   14,97.98%,NO,&nbsp,367,AD 69,2025-11-05_01:52:52.004017
ED   15,97.98%,YES,&nbsp,245,AD 69,2025-11-05_01:52:52.004017
ED   15,97.98%,NO,&nbsp,317,AD 69,2025-11-05_01:52:52.004017
ED   16,97.98%,YES,&nbsp,169,AD 69,2025-11-05_01:52:52.004017
ED   16,97.98%,NO,&nbsp,147,AD 69,2025-11-05_01:52:52.004017
ED   17,97.98%,YES,&nbsp,208,AD 69,2025-11-05_01:52:52.004017
ED   17,97.98%,NO,&nbsp,205,AD 69,2025-11-05_01:52:52.004017
ED   18,97.98%,YES,&nbsp,332,AD 69,2025-11-05_01:52:52.004017
ED   18,97.98%,NO,&nbsp,378,AD 69,2025-11-05_01:52:52.004017
ED   19,97.98%,YES,&nbsp,186,AD 69,2025-11-05_01:52:52.004017
ED   19,97.98%,NO,&nbsp,184,AD 69,2025-11-05_01:52:52.004017
ED   20,97.98%,YES,&nbsp,277,AD 69,2025-11-05_01:52:52.004017
ED   20,97.98%,NO,&nbsp,331,AD 69,2025-11-05_01:52:52.004017
ED   21,97.98%,YES,&nbsp,195,AD 69,2025-11-05_01:52:52.004017
ED   21,97.98%,NO,&nbsp,178,AD 69,2025-11-05_01:52:52.004017
ED   22,97.98%,YES,&nbsp,379,AD 69,2025-11-05_01:52:52.004017
ED   22,97.98%,NO,&nbsp,319,AD 69,2025-11-05_01:52:52.004017
ED   23,97.98%,YES,&nbsp,342,AD 69,2025-11-05_01:52:52.004017
ED   23,97.98%,NO,&nbsp,288,AD 69,2025-11-05_01:52:52.004017
ED   24,97.98%,YES,&nbsp,137,AD 69,2025-11-05_01:52:52.004017
ED   24,97.98%,NO,&nbsp,124,AD 69,2025-11-05_01:52:52.004017
ED   25,97.98%,YES,&nbsp,199,AD 69,2025-11-05_01:52:52.004017
ED   25,97.98%,NO,&nbsp,216,AD 69,2025-11-05_01:52:52.004017
ED   26,97.98%,YES,&nbsp,91,AD 69,2025-11-05_01:52:52.004017
ED   26,97.98%,NO,&nbsp,88,AD 69,2025-11-05_01:52:52.004017
ED   27,97.98%,YES,&nbsp,245,AD 69,2025-11-05_01:52:52.004017
ED   27,97.98%,NO,&nbsp,293,AD 69,2025-11-05_01:52:52.004017
ED   28,97.98%,YES,&nbsp,295,AD 69,2025-11-05_01:52:52.004017
ED   28,97.98%,NO,&nbsp,220,AD 69,2025-11-05_01:52:52.004017
ED   29,97.98%,YES,&nbsp,459,AD 69,2025-11-05_01:52:52.004017
ED   29,97.98%,NO,&nbsp,409,AD 69,2025-11-05_01:52:52.004017
ED   30,97.98%,YES,&nbsp,447,AD 69,2025-11-05_01:52:52.004017
ED   30,97.98%,NO,&nbsp,392,AD 69,2025-11-05_01:52:52.004017
ED   31,97.98%,YES,&nbsp,205,AD 69,2025-11-05_01:52:52.004017
ED   31,97.98%,NO,&nbsp,196,AD 69,2025-11-05_01:52:52.004017
ED   32,97.98%,YES,&nbsp,131,AD 69,2025-11-05_01:52:52.004017
ED   32,97.98%,NO,&nbsp,117,AD 69,2025-11-05_01:52:52.004017
ED   33,97.98%,YES,&nbsp,421,AD 69,2025-11-05_01:52:52.004017
ED   33,97.98%,NO,&nbsp,365,AD 69,2025-11-05_01:52:52.004017
ED   34,97.98%,YES,&nbsp,326,AD 69,2025-11-05_01:52:52.004017
ED   34,97.98%,NO,&nbsp,284,AD 69,2025-11-05_01:52:52.004017
ED   35,97.98%,YES,&nbsp,268,AD 69,2025-11-05_01:52:52.004017
ED   35,97.98%,NO,&nbsp,283,AD 69,2025-11-05_01:52:52.004017
ED   36,97.98%,YES,&nbsp,356,AD 69,2025-11-05_01:52:52.004017
ED   36,97.98%,NO,&nbsp,313,AD 69,2025-11-05_01:52:52.004017
ED   37,97.98%,YES,&nbsp,331,AD 69,2025-11-05_01:52:52.004017
ED   37,97.98%,NO,&nbsp,378,AD 69,2025-11-05_01:52:52.004017
ED   38,97.98%,YES,&nbsp,351,AD 69,2025-11-05_01:52:52.004017
ED   38,97.98%,NO,&nbsp,355,AD 69,2025-11-05_01:52:52.004017
ED   39,97.98%,YES,&nbsp,449,AD 69,2025-11-05_01:52:52.004017
ED   39,97.98%,NO,&nbsp,364,AD 69,2025-11-05_01:52:52.004017
ED   40,97.98%,YES,&nbsp,279,AD 69,2025-11-05_01:52:52.004017
ED   40,97.98%,NO,&nbsp,237,AD 69,2025-11-05_01:52:52.004017
ED   41,97.98%,YES,&nbsp,524,AD 69,2025-11-05_01:52:52.004017
ED   41,97.98%,NO,&nbsp,349,AD 69,2025-11-05_01:52:52.004017
ED   42,97.98%,YES,&nbsp,493,AD 69,2025-11-05_01:52:52.004017
ED   42,97.98%,NO,&nbsp,400,AD 69,2025-11-05_01:52:52.004017
ED   43,97.98%,YES,&nbsp,458,AD 69,2025-11-05_01:52:52.004017
ED   43,97.98%,NO,&nbsp,385,AD 69,2025-11-05_01:52:52.004017
ED   44,97.98%,YES,&nbsp,219,AD 69,2025-11-05_01:52:52.004017
ED   44,97.98%,NO,&nbsp,222,AD 69,2025-11-05_01:52:52.004017
ED   45,97.98%,YES,&nbsp,568,AD 69,2025-11-05_01:52:52.004017
ED   45,97.98%,NO,&nbsp,429,AD 69,2025-11-05_01:52:52.004017
ED   46,97.98%,YES,&nbsp,429,AD 69,2025-11-05_01:52:52.004017
ED   46,97.98%,NO,&nbsp,327,AD 69,2025-11-05_01:52:52.004017
ED   47,97.98%,YES,&nbsp,347,AD 69,2025-11-05_01:52:52.004017
ED   47,97.98%,NO,&nbsp,303,AD 69,2025-11-05_01:52:52.004017
ED   48,97.98%,YES,&nbsp,470,AD 69,2025-11-05_01:52:52.004017
ED   48,97.98%,NO,&nbsp,378,AD 69,2025-11-05_01:52:52.004017
ED   49,97.98%,YES,&nbsp,258,AD 69,2025-11-05_01:52:52.004017
ED   49,97.98%,NO,&nbsp,261,AD 69,2025-11-05_01:52:52.004017
ED   50,97.98%,YES,&nbsp,477,AD 69,2025-11-05_01:52:52.004017
ED   50,97.98%,NO,&nbsp,387,AD 69,2025-11-05_01:52:52.004017
ED   51,97.98%,YES,&nbsp,345,AD 69,2025-11-05_01:52:52.004017
ED   51,97.98%,NO,&nbsp,307,AD 69,2025-11-05_01:52:52.004017
ED   52,97.98%,YES,&nbsp,443,AD 69,2025-11-05_01:52:52.004017
ED   52,97.98%,NO,&nbsp,410,AD 69,2025-11-05_01:52:52.004017
ED   53,97.98%,YES,&nbsp,349,AD 69,2025-11-05_01:52:52.004017
ED   53,97.98%,NO,&nbsp,237,AD 69,2025-11-05_01:52:52.004017
ED   54,97.98%,YES,&nbsp,353,AD 69,2025-11-05_01:52:52.004017
ED   54,97.98%,NO,&nbsp,311,AD 69,2025-11-05_01:52:52.004017
ED   55,97.98%,YES,&nbsp,171,AD 69,2025-11-05_01:52:52.004017
ED   55,97.98%,NO,&nbsp,181,AD 69,2025-11-05_01:52:52.004017
ED   56,97.98%,YES,&nbsp,343,AD 69,2025-11-05_01:52:52.004017
ED   56,97.98%,NO,&nbsp,285,AD 69,2025-11-05_01:52:52.004017
ED   57,97.98%,YES,&nbsp,207,AD 69,2025-11-05_01:52:52.004017
ED   57,97.98%,NO,&nbsp,191,AD 69,2025-11-05_01:52:52.004017
ED   58,97.98%,YES,&nbsp,369,AD 69,2025-11-05_01:52:52.004017
ED   58,97.98%,NO,&nbsp,409,AD 69,2025-11-05_01:52:52.004017
ED   59,97.98%,YES,&nbsp,309,AD 69,2025-11-05_01:52:52.004017
ED   59,97.98%,NO,&nbsp,312,AD 69,2025-11-05_01:52:52.004017
ED   60,97.98%,YES,&nbsp,358,AD 69,2025-11-05_01:52:52.004017
ED   60,97.98%,NO,&nbsp,326,AD 69,2025-11-05_01:52:52.004017
ED   61,97.98%,YES,&nbsp,258,AD 69,2025-11-05_01:52:52.004017
ED   61,97.98%,NO,&nbsp,203,AD 69,2025-11-05_01:52:52.004017
ED   62,97.98%,YES,&nbsp,243,AD 69,2025-11-05_01:52:52.004017
ED   62,97.98%,NO,&nbsp,198,AD 69,2025-11-05_01:52:52.004017
ED   63,97.98%,YES,&nbsp,182,AD 69,2025-11-05_01:52:52.004017
ED   63,97.98%,NO,&nbsp,171,AD 69,2025-11-05_01:52:52.004017
ED   64,97.98%,YES,&nbsp,141,AD 69,2025-11-05_01:52:52.004017
ED   64,97.98%,NO,&nbsp,135,AD 69,2025-11-05_01:52:52.004017
ED   65,97.98%,YES,&nbsp,247,AD 69,2025-11-05_01:52:52.004017
ED   65,97.98%,NO,&nbsp,234,AD 69,2025-11-05_01:52:52.004017
ED   66,97.98%,YES,&nbsp,401,AD 69,2025-11-05_01:52:52.004017
ED   66,97.98%,NO,&nbsp,357,AD 69,2025-11-05_01:52:52.004017
ED   67,97.98%,YES,&nbsp,257,AD 69,2025-11-05_01:52:52.004017
ED   67,97.98%,NO,&nbsp,191,AD 69,2025-11-05_01:52:52.004017
ED   68,97.98%,YES,&nbsp,313,AD 69,2025-11-05_01:52:52.004017
ED   68,97.98%,NO,&nbsp,264,AD 69,2025-11-05_01:52:52.004017
ED   69,97.98%,YES,&nbsp,288,AD 69,2025-11-05_01:52:52.004017
ED   69,97.98%,NO,&nbsp,254,AD 69,2025-11-05_01:52:52.004017
ED   70,97.98%,YES,&nbsp,263,AD 69,2025-11-05_01:52:52.004017
ED   70,97.98%,NO,&nbsp,235,AD 69,2025-11-05_01:52:52.004017
ED   71,97.98%,YES,&nbsp,402,AD 69,2025-11-05_01:52:52.004017
ED   71,97.98%,NO,&nbsp,310,AD 69,2025-11-05_01:52:52.004017
ED   72,97.98%,YES,&nbsp,252,AD 69,2025-11-05_01:52:52.004017
ED   72,97.98%,NO,&nbsp,244,AD 69,2025-11-05_01:52:52.004017
ED   73,97.98%,YES,&nbsp,407,AD 69,2025-11-05_01:52:52.004017
ED   73,97.98%,NO,&nbsp,378,AD 69,2025-11-05_01:52:52.004017
ED   74,97.98%,YES,&nbsp,254,AD 69,2025-11-05_01:52:52.004017
ED   74,97.98%,NO,&nbsp,195,AD 69,2025-11-05_01:52:52.004017
ED   75,97.98%,YES,&nbsp,286,AD 69,2025-11-05_01:52:52.004017
ED   75,97.98%,NO,&nbsp,208,AD 69,2025-11-05_01:52:52.004017
ED   76,97.98%,YES,&nbsp,229,AD 69,2025-11-05_01:52:52.004017
ED   76,97.98%,NO,&nbsp,222,AD 69,2025-11-05_01:52:52.004017
ED   77,97.98%,YES,&nbsp,0,AD 69,2025-11-05_01:52:52.004017
ED   77,97.98%,NO,&nbsp,0,AD 69,2025-11-05_01:52:52.004017
ED   78,97.98%,YES,&nbsp,0,AD 69,2025-11-05_01:52:52.004017
ED   78,97.98%,NO,&nbsp,0,AD 69,2025-11-05_01:52:52.004017
ED   79,97.98%,YES,&nbsp,0,AD 69,2025-11-05_01:52:52.004017
ED   79,97.98%,NO,&nbsp,0,AD 69,2025-11-05_01:52:52.004017
ED   80,97.98%,YES,&nbsp,0,AD 69,2025-11-05_01:52:52.004017
ED   80,97.98%,NO,&nbsp,0,AD 69,2025-11-05_01:52:52.004017
ED   81,97.98%,YES,&nbsp,0,AD 69,2025-11-05_01:52:52.004017
ED   81,97.98%,NO,&nbsp,0,AD 69,2025-11-05_01:52:52.004017
ED   82,97.98%,YES,&nbsp,0,AD 69,2025-11-05_01:52:52.004017
ED   82,97.98%,NO,&nbsp,0,AD 69,2025-11-05_01:52:52.004017
ED   83,97.98%,YES,&nbsp,0,AD 69,2025-11-05_01:52:52.004017
ED   83,97.98%,NO,&nbsp,0,AD 69,2025-11-05_01:52:52.004017
ED   84,97.98%,YES,&nbsp,0,AD 69,2025-11-05_01:52:52.004017
ED   84,97.98%,NO,&nbsp,0,AD 69,2025-11-05_01:52:52.004017
Total,,YES,&nbsp,23107,AD 69,2025-11-05_01:52:52.004017
Total,,NO,&nbsp,20854,AD 69,2025-11-05_01:52:52.004017
ED    1,97.98%,YES,&nbsp,246,AD 70,2025-11-05_01:52:52.004017
ED    1,97.98%,NO,&nbsp,261,AD 70,2025-11-05_01:52:52.004017
ED    2,97.98%,YES,&nbsp,128,AD 70,2025-11-05_01:52:52.004017
ED    2,97.98%,NO,&nbsp,154,AD 70,2025-11-05_01:52:52.004017
ED    3,97.98%,YES,&nbsp,212,AD 70,2025-11-05_01:52:52.004017
ED    3,97.98%,NO,&nbsp,243,AD 70,2025-11-05_01:52:52.004017
ED    4,97.98%,YES,&nbsp,242,AD 70,2025-11-05_01:52:52.004017
ED    4,97.98%,NO,&nbsp,261,AD 70,2025-11-05_01:52:52.004017
ED    5,97.98%,YES,&nbsp,163,AD 70,2025-11-05_01:52:52.004017
ED    5,97.98%,NO,&nbsp,196,AD 70,2025-11-05_01:52:52.004017
ED    6,97.98%,YES,&nbsp,157,AD 70,2025-11-05_01:52:52.004017
ED    6,97.98%,NO,&nbsp,155,AD 70,2025-11-05_01:52:52.004017
ED    7,97.98%,YES,&nbsp,131,AD 70,2025-11-05_01:52:52.004017
ED    7,97.98%,NO,&nbsp,126,AD 70,2025-11-05_01:52:52.004017
ED    8,97.98%,YES,&nbsp,125,AD 70,2025-11-05_01:52:52.004017
ED    8,97.98%,NO,&nbsp,155,AD 70,2025-11-05_01:52:52.004017
ED    9,97.98%,YES,&nbsp,144,AD 70,2025-11-05_01:52:52.004017
ED    9,97.98%,NO,&nbsp,157,AD 70,2025-11-05_01:52:52.004017
ED   10,97.98%,YES,&nbsp,126,AD 70,2025-11-05_01:52:52.004017
ED   10,97.98%,NO,&nbsp,201,AD 70,2025-11-05_01:52:52.004017
ED   11,97.98%,YES,&nbsp,135,AD 70,2025-11-05_01:52:52.004017
ED   11,97.98%,NO,&nbsp,161,AD 70,2025-11-05_01:52:52.004017
ED   12,97.98%,YES,&nbsp,115,AD 70,2025-11-05_01:52:52.004017
ED   12,97.98%,NO,&nbsp,137,AD 70,2025-11-05_01:52:52.004017
ED   13,97.98%,YES,&nbsp,366,AD 70,2025-11-05_01:52:52.004017
ED   13,97.98%,NO,&nbsp,391,AD 70,2025-11-05_01:52:52.004017
ED   14,97.98%,YES,&nbsp,203,AD 70,2025-11-05_01:52:52.004017
ED   14,97.98%,NO,&nbsp,219,AD 70,2025-11-05_01:52:52.004017
ED   15,97.98%,YES,&nbsp,159,AD 70,2025-11-05_01:52:52.004017
ED   15,97.98%,NO,&nbsp,189,AD 70,2025-11-05_01:52:52.004017
ED   16,97.98%,YES,&nbsp,331,AD 70,2025-11-05_01:52:52.004017
ED   16,97.98%,NO,&nbsp,482,AD 70,2025-11-05_01:52:52.004017
ED   17,97.98%,YES,&nbsp,99,AD 70,2025-11-05_01:52:52.004017
ED   17,97.98%,NO,&nbsp,129,AD 70,2025-11-05_01:52:52.004017
ED   18,97.98%,YES,&nbsp,255,AD 70,2025-11-05_01:52:52.004017
ED   18,97.98%,NO,&nbsp,304,AD 70,2025-11-05_01:52:52.004017
ED   19,97.98%,YES,&nbsp,195,AD 70,2025-11-05_01:52:52.004017
ED   19,97.98%,NO,&nbsp,221,AD 70,2025-11-05_01:52:52.004017
ED   20,97.98%,YES,&nbsp,336,AD 70,2025-11-05_01:52:52.004017
ED   20,97.98%,NO,&nbsp,395,AD 70,2025-11-05_01:52:52.004017
ED   21,97.98%,YES,&nbsp,230,AD 70,2025-11-05_01:52:52.004017
ED   21,97.98%,NO,&nbsp,316,AD 70,2025-11-05_01:52:52.004017
ED   22,97.98%,YES,&nbsp,280,AD 70,2025-11-05_01:52:52.004017
ED   22,97.98%,NO,&nbsp,341,AD 70,2025-11-05_01:52:52.004017
ED   23,97.98%,YES,&nbsp,163,AD 70,2025-11-05_01:52:52.004017
ED   23,97.98%,NO,&nbsp,197,AD 70,2025-11-05_01:52:52.004017
ED   24,97.98%,YES,&nbsp,153,AD 70,2025-11-05_01:52:52.004017
ED   24,97.98%,NO,&nbsp,168,AD 70,2025-11-05_01:52:52.004017
ED   25,97.98%,YES,&nbsp,90,AD 70,2025-11-05_01:52:52.004017
ED   25,97.98%,NO,&nbsp,93,AD 70,2025-11-05_01:52:52.004017
ED   26,97.98%,YES,&nbsp,218,AD 70,2025-11-05_01:52:52.004017
ED   26,97.98%,NO,&nbsp,267,AD 70,2025-11-05_01:52:52.004017
ED   27,97.98%,YES,&nbsp,245,AD 70,2025-11-05_01:52:52.004017
ED   27,97.98%,NO,&nbsp,335,AD 70,2025-11-05_01:52:52.004017
ED   28,97.98%,YES,&nbsp,154,AD 70,2025-11-05_01:52:52.004017
ED   28,97.98%,NO,&nbsp,148,AD 70,2025-11-05_01:52:52.004017
ED   29,97.98%,YES,&nbsp,403,AD 70,2025-11-05_01:52:52.004017
ED   29,97.98%,NO,&nbsp,437,AD 70,2025-11-05_01:52:52.004017
ED   30,97.98%,YES,&nbsp,383,AD 70,2025-11-05_01:52:52.004017
ED   30,97.98%,NO,&nbsp,378,AD 70,2025-11-05_01:52:52.004017
ED   31,97.98%,YES,&nbsp,308,AD 70,2025-11-05_01:52:52.004017
ED   31,97.98%,NO,&nbsp,317,AD 70,2025-11-05_01:52:52.004017
ED   32,97.98%,YES,&nbsp,224,AD 70,2025-11-05_01:52:52.004017
ED   32,97.98%,NO,&nbsp,232,AD 70,2025-11-05_01:52:52.004017
ED   33,97.98%,YES,&nbsp,244,AD 70,2025-11-05_01:52:52.004017
ED   33,97.98%,NO,&nbsp,283,AD 70,2025-11-05_01:52:52.004017
ED   34,97.98%,YES,&nbsp,265,AD 70,2025-11-05_01:52:52.004017
ED   34,97.98%,NO,&nbsp,270,AD 70,2025-11-05_01:52:52.004017
ED   35,97.98%,YES,&nbsp,293,AD 70,2025-11-05_01:52:52.004017
ED   35,97.98%,NO,&nbsp,334,AD 70,2025-11-05_01:52:52.004017
ED   36,97.98%,YES,&nbsp,101,AD 70,2025-11-05_01:52:52.004017
ED   36,97.98%,NO,&nbsp,106,AD 70,2025-11-05_01:52:52.004017
ED   37,97.98%,YES,&nbsp,76,AD 70,2025-11-05_01:52:52.004017
ED   37,97.98%,NO,&nbsp,108,AD 70,2025-11-05_01:52:52.004017
ED   38,97.98%,YES,&nbsp,79,AD 70,2025-11-05_01:52:52.004017
ED   38,97.98%,NO,&nbsp,85,AD 70,2025-11-05_01:52:52.004017
ED   39,97.98%,YES,&nbsp,226,AD 70,2025-11-05_01:52:52.004017
ED   39,97.98%,NO,&nbsp,292,AD 70,2025-11-05_01:52:52.004017
ED   40,97.98%,YES,&nbsp,159,AD 70,2025-11-05_01:52:52.004017
ED   40,97.98%,NO,&nbsp,186,AD 70,2025-11-05_01:52:52.004017
ED   41,97.98%,YES,&nbsp,283,AD 70,2025-11-05_01:52:52.004017
ED   41,97.98%,NO,&nbsp,328,AD 70,2025-11-05_01:52:52.004017
ED   42,97.98%,YES,&nbsp,99,AD 70,2025-11-05_01:52:52.004017
ED   42,97.98%,NO,&nbsp,99,AD 70,2025-11-05_01:52:52.004017
ED   43,97.98%,YES,&nbsp,190,AD 70,2025-11-05_01:52:52.004017
ED   43,97.98%,NO,&nbsp,205,AD 70,2025-11-05_01:52:52.004017
ED   44,97.98%,YES,&nbsp,297,AD 70,2025-11-05_01:52:52.004017
ED   44,97.98%,NO,&nbsp,381,AD 70,2025-11-05_01:52:52.004017
ED   45,97.98%,YES,&nbsp,98,AD 70,2025-11-05_01:52:52.004017
ED   45,97.98%,NO,&nbsp,86,AD 70,2025-11-05_01:52:52.004017
ED   46,97.98%,YES,&nbsp,107,AD 70,2025-11-05_01:52:52.004017
ED   46,97.98%,NO,&nbsp,121,AD 70,2025-11-05_01:52:52.004017
ED   47,97.98%,YES,&nbsp,207,AD 70,2025-11-05_01:52:52.004017
ED   47,97.98%,NO,&nbsp,248,AD 70,2025-11-05_01:52:52.004017
ED   48,97.98%,YES,&nbsp,174,AD 70,2025-11-05_01:52:52.004017
ED   48,97.98%,NO,&nbsp,210,AD 70,2025-11-05_01:52:52.004017
ED   49,97.98%,YES,&nbsp,179,AD 70,2025-11-05_01:52:52.004017
ED   49,97.98%,NO,&nbsp,229,AD 70,2025-11-05_01:52:52.004017
ED   50,97.98%,YES,&nbsp,151,AD 70,2025-11-05_01:52:52.004017
ED   50,97.98%,NO,&nbsp,186,AD 70,2025-11-05_01:52:52.004017
ED   51,97.98%,YES,&nbsp,92,AD 70,2025-11-05_01:52:52.004017
ED   51,97.98%,NO,&nbsp,104,AD 70,2025-11-05_01:52:52.004017
ED   52,97.98%,YES,&nbsp,97,AD 70,2025-11-05_01:52:52.004017
ED   52,97.98%,NO,&nbsp,107,AD 70,2025-11-05_01:52:52.004017
ED   53,97.98%,YES,&nbsp,219,AD 70,2025-11-05_01:52:52.004017
ED   53,97.98%,NO,&nbsp,281,AD 70,2025-11-05_01:52:52.004017
ED   54,97.98%,YES,&nbsp,325,AD 70,2025-11-05_01:52:52.004017
ED   54,97.98%,NO,&nbsp,370,AD 70,2025-11-05_01:52:52.004017
ED   55,97.98%,YES,&nbsp,285,AD 70,2025-11-05_01:52:52.004017
ED   55,97.98%,NO,&nbsp,317,AD 70,2025-11-05_01:52:52.004017
ED   56,97.98%,YES,&nbsp,253,AD 70,2025-11-05_01:52:52.004017
ED   56,97.98%,NO,&nbsp,291,AD 70,2025-11-05_01:52:52.004017
ED   57,97.98%,YES,&nbsp,180,AD 70,2025-11-05_01:52:52.004017
ED   57,97.98%,NO,&nbsp,212,AD 70,2025-11-05_01:52:52.004017
ED   58,97.98%,YES,&nbsp,298,AD 70,2025-11-05_01:52:52.004017
ED   58,97.98%,NO,&nbsp,376,AD 70,2025-11-05_01:52:52.004017
ED   59,97.98%,YES,&nbsp,262,AD 70,2025-11-05_01:52:52.004017
ED   59,97.98%,NO,&nbsp,274,AD 70,2025-11-05_01:52:52.004017
ED   60,97.98%,YES,&nbsp,350,AD 70,2025-11-05_01:52:52.004017
ED   60,97.98%,NO,&nbsp,382,AD 70,2025-11-05_01:52:52.004017
ED   61,97.98%,YES,&nbsp,282,AD 70,2025-11-05_01:52:52.004017
ED   61,97.98%,NO,&nbsp,270,AD 70,2025-11-05_01:52:52.004017
ED   62,97.98%,YES,&nbsp,327,AD 70,2025-11-05_01:52:52.004017
ED   62,97.98%,NO,&nbsp,352,AD 70,2025-11-05_01:52:52.004017
ED   63,97.98%,YES,&nbsp,224,AD 70,2025-11-05_01:52:52.004017
ED   63,97.98%,NO,&nbsp,234,AD 70,2025-11-05_01:52:52.004017
ED   64,97.98%,YES,&nbsp,350,AD 70,2025-11-05_01:52:52.004017
ED   64,97.98%,NO,&nbsp,351,AD 70,2025-11-05_01:52:52.004017
ED   65,97.98%,YES,&nbsp,278,AD 70,2025-11-05_01:52:52.004017
ED   65,97.98%,NO,&nbsp,301,AD 70,2025-11-05_01:52:52.004017
ED   66,97.98%,YES,&nbsp,374,AD 70,2025-11-05_01:52:52.004017
ED   66,97.98%,NO,&nbsp,426,AD 70,2025-11-05_01:52:52.004017
ED   67,97.98%,YES,&nbsp,136,AD 70,2025-11-05_01:52:52.004017
ED   67,97.98%,NO,&nbsp,167,AD 70,2025-11-05_01:52:52.004017
ED   68,97.98%,YES,&nbsp,124,AD 70,2025-11-05_01:52:52.004017
ED   68,97.98%,NO,&nbsp,142,AD 70,2025-11-05_01:52:52.004017
ED   69,97.98%,YES,&nbsp,282,AD 70,2025-11-05_01:52:52.004017
ED   69,97.98%,NO,&nbsp,342,AD 70,2025-11-05_01:52:52.004017
ED   70,97.98%,YES,&nbsp,139,AD 70,2025-11-05_01:52:52.004017
ED   70,97.98%,NO,&nbsp,109,AD 70,2025-11-05_01:52:52.004017
ED   71,97.98%,YES,&nbsp,205,AD 70,2025-11-05_01:52:52.004017
ED   71,97.98%,NO,&nbsp,254,AD 70,2025-11-05_01:52:52.004017
ED   72,97.98%,YES,&nbsp,0,AD 70,2025-11-05_01:52:52.004017
ED   72,97.98%,NO,&nbsp,0,AD 70,2025-11-05_01:52:52.004017
ED   73,97.98%,YES,&nbsp,0,AD 70,2025-11-05_01:52:52.004017
ED   73,97.98%,NO,&nbsp,0,AD 70,2025-11-05_01:52:52.004017
ED   74,97.98%,YES,&nbsp,0,AD 70,2025-11-05_01:52:52.004017
ED   74,97.98%,NO,&nbsp,0,AD 70,2025-11-05_01:52:52.004017
Total,,YES,&nbsp,15029,AD 70,2025-11-05_01:52:52.004017
Total,,NO,&nbsp,17185,AD 70,2025-11-05_01:52:52.004017
ED    1,97.98%,YES,&nbsp,306,AD 71,2025-11-05_01:52:52.004017
ED    1,97.98%,NO,&nbsp,425,AD 71,2025-11-05_01:52:52.004017
ED    2,97.98%,YES,&nbsp,275,AD 71,2025-11-05_01:52:52.004017
ED    2,97.98%,NO,&nbsp,391,AD 71,2025-11-05_01:52:52.004017
ED    3,97.98%,YES,&nbsp,560,AD 71,2025-11-05_01:52:52.004017
ED    3,97.98%,NO,&nbsp,491,AD 71,2025-11-05_01:52:52.004017
ED    4,97.98%,YES,&nbsp,599,AD 71,2025-11-05_01:52:52.004017
ED    4,97.98%,NO,&nbsp,548,AD 71,2025-11-05_01:52:52.004017
ED    5,97.98%,YES,&nbsp,519,AD 71,2025-11-05_01:52:52.004017
ED    5,97.98%,NO,&nbsp,425,AD 71,2025-11-05_01:52:52.004017
ED    6,97.98%,YES,&nbsp,467,AD 71,2025-11-05_01:52:52.004017
ED    6,97.98%,NO,&nbsp,397,AD 71,2025-11-05_01:52:52.004017
ED    7,97.98%,YES,&nbsp,359,AD 71,2025-11-05_01:52:52.004017
ED    7,97.98%,NO,&nbsp,410,AD 71,2025-11-05_01:52:52.004017
ED    8,97.98%,YES,&nbsp,310,AD 71,2025-11-05_01:52:52.004017
ED    8,97.98%,NO,&nbsp,351,AD 71,2025-11-05_01:52:52.004017
ED    9,97.98%,YES,&nbsp,348,AD 71,2025-11-05_01:52:52.004017
ED    9,97.98%,NO,&nbsp,407,AD 71,2025-11-05_01:52:52.004017
ED   10,97.98%,YES,&nbsp,271,AD 71,2025-11-05_01:52:52.004017
ED   10,97.98%,NO,&nbsp,287,AD 71,2025-11-05_01:52:52.004017
ED   11,97.98%,YES,&nbsp,177,AD 71,2025-11-05_01:52:52.004017
ED   11,97.98%,NO,&nbsp,245,AD 71,2025-11-05_01:52:52.004017
ED   12,97.98%,YES,&nbsp,189,AD 71,2025-11-05_01:52:52.004017
ED   12,97.98%,NO,&nbsp,213,AD 71,2025-11-05_01:52:52.004017
ED   13,97.98%,YES,&nbsp,218,AD 71,2025-11-05_01:52:52.004017
ED   13,97.98%,NO,&nbsp,241,AD 71,2025-11-05_01:52:52.004017
ED   14,97.98%,YES,&nbsp,164,AD 71,2025-11-05_01:52:52.004017
ED   14,97.98%,NO,&nbsp,210,AD 71,2025-11-05_01:52:52.004017
ED   15,97.98%,YES,&nbsp,214,AD 71,2025-11-05_01:52:52.004017
ED   15,97.98%,NO,&nbsp,225,AD 71,2025-11-05_01:52:52.004017
ED   16,97.98%,YES,&nbsp,166,AD 71,2025-11-05_01:52:52.004017
ED   16,97.98%,NO,&nbsp,234,AD 71,2025-11-05_01:52:52.004017
ED   17,97.98%,YES,&nbsp,206,AD 71,2025-11-05_01:52:52.004017
ED   17,97.98%,NO,&nbsp,324,AD 71,2025-11-05_01:52:52.004017
ED   18,97.98%,YES,&nbsp,205,AD 71,2025-11-05_01:52:52.004017
ED   18,97.98%,NO,&nbsp,252,AD 71,2025-11-05_01:52:52.004017
ED   19,97.98%,YES,&nbsp,178,AD 71,2025-11-05_01:52:52.004017
ED   19,97.98%,NO,&nbsp,240,AD 71,2025-11-05_01:52:52.004017
ED   20,97.98%,YES,&nbsp,155,AD 71,2025-11-05_01:52:52.004017
ED   20,97.98%,NO,&nbsp,200,AD 71,2025-11-05_01:52:52.004017
ED   21,97.98%,YES,&nbsp,162,AD 71,2025-11-05_01:52:52.004017
ED   21,97.98%,NO,&nbsp,240,AD 71,2025-11-05_01:52:52.004017
ED   22,97.98%,YES,&nbsp,162,AD 71,2025-11-05_01:52:52.004017
ED   22,97.98%,NO,&nbsp,189,AD 71,2025-11-05_01:52:52.004017
ED   23,97.98%,YES,&nbsp,179,AD 71,2025-11-05_01:52:52.004017
ED   23,97.98%,NO,&nbsp,227,AD 71,2025-11-05_01:52:52.004017
ED   24,97.98%,YES,&nbsp,378,AD 71,2025-11-05_01:52:52.004017
ED   24,97.98%,NO,&nbsp,417,AD 71,2025-11-05_01:52:52.004017
ED   25,97.98%,YES,&nbsp,132,AD 71,2025-11-05_01:52:52.004017
ED   25,97.98%,NO,&nbsp,187,AD 71,2025-11-05_01:52:52.004017
ED   26,97.98%,YES,&nbsp,203,AD 71,2025-11-05_01:52:52.004017
ED   26,97.98%,NO,&nbsp,224,AD 71,2025-11-05_01:52:52.004017
ED   27,97.98%,YES,&nbsp,232,AD 71,2025-11-05_01:52:52.004017
ED   27,97.98%,NO,&nbsp,239,AD 71,2025-11-05_01:52:52.004017
ED   28,97.98%,YES,&nbsp,165,AD 71,2025-11-05_01:52:52.004017
ED   28,97.98%,NO,&nbsp,209,AD 71,2025-11-05_01:52:52.004017
ED   29,97.98%,YES,&nbsp,174,AD 71,2025-11-05_01:52:52.004017
ED   29,97.98%,NO,&nbsp,178,AD 71,2025-11-05_01:52:52.004017
ED   30,97.98%,YES,&nbsp,165,AD 71,2025-11-05_01:52:52.004017
ED   30,97.98%,NO,&nbsp,233,AD 71,2025-11-05_01:52:52.004017
ED   31,97.98%,YES,&nbsp,83,AD 71,2025-11-05_01:52:52.004017
ED   31,97.98%,NO,&nbsp,94,AD 71,2025-11-05_01:52:52.004017
ED   32,97.98%,YES,&nbsp,151,AD 71,2025-11-05_01:52:52.004017
ED   32,97.98%,NO,&nbsp,148,AD 71,2025-11-05_01:52:52.004017
ED   33,97.98%,YES,&nbsp,34,AD 71,2025-11-05_01:52:52.004017
ED   33,97.98%,NO,&nbsp,32,AD 71,2025-11-05_01:52:52.004017
ED   34,97.98%,YES,&nbsp,99,AD 71,2025-11-05_01:52:52.004017
ED   34,97.98%,NO,&nbsp,120,AD 71,2025-11-05_01:52:52.004017
ED   35,97.98%,YES,&nbsp,208,AD 71,2025-11-05_01:52:52.004017
ED   35,97.98%,NO,&nbsp,199,AD 71,2025-11-05_01:52:52.004017
ED   36,97.98%,YES,&nbsp,225,AD 71,2025-11-05_01:52:52.004017
ED   36,97.98%,NO,&nbsp,275,AD 71,2025-11-05_01:52:52.004017
ED   37,97.98%,YES,&nbsp,175,AD 71,2025-11-05_01:52:52.004017
ED   37,97.98%,NO,&nbsp,220,AD 71,2025-11-05_01:52:52.004017
ED   38,97.98%,YES,&nbsp,247,AD 71,2025-11-05_01:52:52.004017
ED   38,97.98%,NO,&nbsp,291,AD 71,2025-11-05_01:52:52.004017
ED   39,97.98%,YES,&nbsp,260,AD 71,2025-11-05_01:52:52.004017
ED   39,97.98%,NO,&nbsp,268,AD 71,2025-11-05_01:52:52.004017
ED   40,97.98%,YES,&nbsp,212,AD 71,2025-11-05_01:52:52.004017
ED   40,97.98%,NO,&nbsp,246,AD 71,2025-11-05_01:52:52.004017
ED   41,97.98%,YES,&nbsp,218,AD 71,2025-11-05_01:52:52.004017
ED   41,97.98%,NO,&nbsp,284,AD 71,2025-11-05_01:52:52.004017
ED   42,97.98%,YES,&nbsp,257,AD 71,2025-11-05_01:52:52.004017
ED   42,97.98%,NO,&nbsp,318,AD 71,2025-11-05_01:52:52.004017
ED   43,97.98%,YES,&nbsp,115,AD 71,2025-11-05_01:52:52.004017
ED   43,97.98%,NO,&nbsp,180,AD 71,2025-11-05_01:52:52.004017
ED   44,97.98%,YES,&nbsp,162,AD 71,2025-11-05_01:52:52.004017
ED   44,97.98%,NO,&nbsp,181,AD 71,2025-11-05_01:52:52.004017
ED   45,97.98%,YES,&nbsp,158,AD 71,2025-11-05_01:52:52.004017
ED   45,97.98%,NO,&nbsp,198,AD 71,2025-11-05_01:52:52.004017
ED   46,97.98%,YES,&nbsp,195,AD 71,2025-11-05_01:52:52.004017
ED   46,97.98%,NO,&nbsp,236,AD 71,2025-11-05_01:52:52.004017
ED   47,97.98%,YES,&nbsp,142,AD 71,2025-11-05_01:52:52.004017
ED   47,97.98%,NO,&nbsp,145,AD 71,2025-11-05_01:52:52.004017
ED   48,97.98%,YES,&nbsp,229,AD 71,2025-11-05_01:52:52.004017
ED   48,97.98%,NO,&nbsp,284,AD 71,2025-11-05_01:52:52.004017
ED   49,97.98%,YES,&nbsp,270,AD 71,2025-11-05_01:52:52.004017
ED   49,97.98%,NO,&nbsp,303,AD 71,2025-11-05_01:52:52.004017
ED   50,97.98%,YES,&nbsp,177,AD 71,2025-11-05_01:52:52.004017
ED   50,97.98%,NO,&nbsp,216,AD 71,2025-11-05_01:52:52.004017
ED   51,97.98%,YES,&nbsp,314,AD 71,2025-11-05_01:52:52.004017
ED   51,97.98%,NO,&nbsp,360,AD 71,2025-11-05_01:52:52.004017
ED   52,97.98%,YES,&nbsp,296,AD 71,2025-11-05_01:52:52.004017
ED   52,97.98%,NO,&nbsp,394,AD 71,2025-11-05_01:52:52.004017
ED   53,97.98%,YES,&nbsp,153,AD 71,2025-11-05_01:52:52.004017
ED   53,97.98%,NO,&nbsp,144,AD 71,2025-11-05_01:52:52.004017
ED   54,97.98%,YES,&nbsp,151,AD 71,2025-11-05_01:52:52.004017
ED   54,97.98%,NO,&nbsp,189,AD 71,2025-11-05_01:52:52.004017
ED   55,97.98%,YES,&nbsp,311,AD 71,2025-11-05_01:52:52.004017
ED   55,97.98%,NO,&nbsp,371,AD 71,2025-11-05_01:52:52.004017
ED   56,97.98%,YES,&nbsp,229,AD 71,2025-11-05_01:52:52.004017
ED   56,97.98%,NO,&nbsp,268,AD 71,2025-11-05_01:52:52.004017
ED   57,97.98%,YES,&nbsp,203,AD 71,2025-11-05_01:52:52.004017
ED   57,97.98%,NO,&nbsp,282,AD 71,2025-11-05_01:52:52.004017
ED   58,97.98%,YES,&nbsp,224,AD 71,2025-11-05_01:52:52.004017
ED   58,97.98%,NO,&nbsp,252,AD 71,2025-11-05_01:52:52.004017
ED   59,97.98%,YES,&nbsp,296,AD 71,2025-11-05_01:52:52.004017
ED   59,97.98%,NO,&nbsp,345,AD 71,2025-11-05_01:52:52.004017
ED   60,97.98%,YES,&nbsp,180,AD 71,2025-11-05_01:52:52.004017
ED   60,97.98%,NO,&nbsp,218,AD 71,2025-11-05_01:52:52.004017
ED   61,97.98%,YES,&nbsp,319,AD 71,2025-11-05_01:52:52.004017
ED   61,97.98%,NO,&nbsp,333,AD 71,2025-11-05_01:52:52.004017
ED   62,97.98%,YES,&nbsp,194,AD 71,2025-11-05_01:52:52.004017
ED   62,97.98%,NO,&nbsp,235,AD 71,2025-11-05_01:52:52.004017
ED   63,97.98%,YES,&nbsp,170,AD 71,2025-11-05_01:52:52.004017
ED   63,97.98%,NO,&nbsp,197,AD 71,2025-11-05_01:52:52.004017
ED   64,97.98%,YES,&nbsp,40,AD 71,2025-11-05_01:52:52.004017
ED   64,97.98%,NO,&nbsp,59,AD 71,2025-11-05_01:52:52.004017
ED   65,97.98%,YES,&nbsp,34,AD 71,2025-11-05_01:52:52.004017
ED   65,97.98%,NO,&nbsp,15,AD 71,2025-11-05_01:52:52.004017
ED   66,97.98%,YES,&nbsp,0,AD 71,2025-11-05_01:52:52.004017
ED   66,97.98%,NO,&nbsp,0,AD 71,2025-11-05_01:52:52.004017
ED   67,97.98%,YES,&nbsp,0,AD 71,2025-11-05_01:52:52.004017
ED   67,97.98%,NO,&nbsp,0,AD 71,2025-11-05_01:52:52.004017
ED   68,97.98%,YES,&nbsp,0,AD 71,2025-11-05_01:52:52.004017
ED   68,97.98%,NO,&nbsp,0,AD 71,2025-11-05_01:52:52.004017
ED   69,97.98%,YES,&nbsp,0,AD 71,2025-11-05_01:52:52.004017
ED   69,97.98%,NO,&nbsp,0,AD 71,2025-11-05_01:52:52.004017
ED   70,97.98%,YES,&nbsp,0,AD 71,2025-11-05_01:52:52.004017
ED   70,97.98%,NO,&nbsp,0,AD 71,2025-11-05_01:52:52.004017
ED   71,97.98%,YES,&nbsp,0,AD 71,2025-11-05_01:52:52.004017
ED   71,97.98%,NO,&nbsp,0,AD 71,2025-11-05_01:52:52.004017
Total,,YES,&nbsp,14569,AD 71,2025-11-05_01:52:52.004017
Total,,NO,&nbsp,16759,AD 71,2025-11-05_01:52:52.004017
ED    1,97.98%,YES,&nbsp,147,AD 72,2025-11-05_01:52:52.004017
ED    1,97.98%,NO,&nbsp,114,AD 72,2025-11-05_01:52:52.004017
ED    2,97.98%,YES,&nbsp,184,AD 72,2025-11-05_01:52:52.004017
ED    2,97.98%,NO,&nbsp,160,AD 72,2025-11-05_01:52:52.004017
ED    3,97.98%,YES,&nbsp,157,AD 72,2025-11-05_01:52:52.004017
ED    3,97.98%,NO,&nbsp,203,AD 72,2025-11-05_01:52:52.004017
ED    4,97.98%,YES,&nbsp,402,AD 72,2025-11-05_01:52:52.004017
ED    4,97.98%,NO,&nbsp,434,AD 72,2025-11-05_01:52:52.004017
ED    5,97.98%,YES,&nbsp,360,AD 72,2025-11-05_01:52:52.004017
ED    5,97.98%,NO,&nbsp,470,AD 72,2025-11-05_01:52:52.004017
ED    6,97.98%,YES,&nbsp,241,AD 72,2025-11-05_01:52:52.004017
ED    6,97.98%,NO,&nbsp,369,AD 72,2025-11-05_01:52:52.004017
ED    7,97.98%,YES,&nbsp,127,AD 72,2025-11-05_01:52:52.004017
ED    7,97.98%,NO,&nbsp,178,AD 72,2025-11-05_01:52:52.004017
ED    8,97.98%,YES,&nbsp,230,AD 72,2025-11-05_01:52:52.004017
ED    8,97.98%,NO,&nbsp,297,AD 72,2025-11-05_01:52:52.004017
ED    9,97.98%,YES,&nbsp,330,AD 72,2025-11-05_01:52:52.004017
ED    9,97.98%,NO,&nbsp,355,AD 72,2025-11-05_01:52:52.004017
ED   10,97.98%,YES,&nbsp,276,AD 72,2025-11-05_01:52:52.004017
ED   10,97.98%,NO,&nbsp,274,AD 72,2025-11-05_01:52:52.004017
ED   11,97.98%,YES,&nbsp,131,AD 72,2025-11-05_01:52:52.004017
ED   11,97.98%,NO,&nbsp,131,AD 72,2025-11-05_01:52:52.004017
ED   12,97.98%,YES,&nbsp,112,AD 72,2025-11-05_01:52:52.004017
ED   12,97.98%,NO,&nbsp,168,AD 72,2025-11-05_01:52:52.004017
ED   13,97.98%,YES,&nbsp,132,AD 72,2025-11-05_01:52:52.004017
ED   13,97.98%,NO,&nbsp,148,AD 72,2025-11-05_01:52:52.004017
ED   14,97.98%,YES,&nbsp,165,AD 72,2025-11-05_01:52:52.004017
ED   14,97.98%,NO,&nbsp,193,AD 72,2025-11-05_01:52:52.004017
ED   15,97.98%,YES,&nbsp,159,AD 72,2025-11-05_01:52:52.004017
ED   15,97.98%,NO,&nbsp,209,AD 72,2025-11-05_01:52:52.004017
ED   16,97.98%,YES,&nbsp,74,AD 72,2025-11-05_01:52:52.004017
ED   16,97.98%,NO,&nbsp,101,AD 72,2025-11-05_01:52:52.004017
ED   17,97.98%,YES,&nbsp,114,AD 72,2025-11-05_01:52:52.004017
ED   17,97.98%,NO,&nbsp,141,AD 72,2025-11-05_01:52:52.004017
ED   18,97.98%,YES,&nbsp,166,AD 72,2025-11-05_01:52:52.004017
ED   18,97.98%,NO,&nbsp,184,AD 72,2025-11-05_01:52:52.004017
ED   19,97.98%,YES,&nbsp,173,AD 72,2025-11-05_01:52:52.004017
ED   19,97.98%,NO,&nbsp,235,AD 72,2025-11-05_01:52:52.004017
ED   20,97.98%,YES,&nbsp,95,AD 72,2025-11-05_01:52:52.004017
ED   20,97.98%,NO,&nbsp,147,AD 72,2025-11-05_01:52:52.004017
ED   21,97.98%,YES,&nbsp,76,AD 72,2025-11-05_01:52:52.004017
ED   21,97.98%,NO,&nbsp,128,AD 72,2025-11-05_01:52:52.004017
ED   22,97.98%,YES,&nbsp,110,AD 72,2025-11-05_01:52:52.004017
ED   22,97.98%,NO,&nbsp,105,AD 72,2025-11-05_01:52:52.004017
ED   23,97.98%,YES,&nbsp,151,AD 72,2025-11-05_01:52:52.004017
ED   23,97.98%,NO,&nbsp,170,AD 72,2025-11-05_01:52:52.004017
ED   24,97.98%,YES,&nbsp,119,AD 72,2025-11-05_01:52:52.004017
ED   24,97.98%,NO,&nbsp,148,AD 72,2025-11-05_01:52:52.004017
ED   25,97.98%,YES,&nbsp,191,AD 72,2025-11-05_01:52:52.004017
ED   25,97.98%,NO,&nbsp,216,AD 72,2025-11-05_01:52:52.004017
ED   26,97.98%,YES,&nbsp,310,AD 72,2025-11-05_01:52:52.004017
ED   26,97.98%,NO,&nbsp,363,AD 72,2025-11-05_01:52:52.004017
ED   27,97.98%,YES,&nbsp,167,AD 72,2025-11-05_01:52:52.004017
ED   27,97.98%,NO,&nbsp,223,AD 72,2025-11-05_01:52:52.004017
ED   28,97.98%,YES,&nbsp,67,AD 72,2025-11-05_01:52:52.004017
ED   28,97.98%,NO,&nbsp,108,AD 72,2025-11-05_01:52:52.004017
ED   29,97.98%,YES,&nbsp,170,AD 72,2025-11-05_01:52:52.004017
ED   29,97.98%,NO,&nbsp,247,AD 72,2025-11-05_01:52:52.004017
ED   30,97.98%,YES,&nbsp,176,AD 72,2025-11-05_01:52:52.004017
ED   30,97.98%,NO,&nbsp,262,AD 72,2025-11-05_01:52:52.004017
ED   31,97.98%,YES,&nbsp,97,AD 72,2025-11-05_01:52:52.004017
ED   31,97.98%,NO,&nbsp,158,AD 72,2025-11-05_01:52:52.004017
ED   32,97.98%,YES,&nbsp,167,AD 72,2025-11-05_01:52:52.004017
ED   32,97.98%,NO,&nbsp,252,AD 72,2025-11-05_01:52:52.004017
ED   33,97.98%,YES,&nbsp,204,AD 72,2025-11-05_01:52:52.004017
ED   33,97.98%,NO,&nbsp,206,AD 72,2025-11-05_01:52:52.004017
ED   34,97.98%,YES,&nbsp,79,AD 72,2025-11-05_01:52:52.004017
ED   34,97.98%,NO,&nbsp,87,AD 72,2025-11-05_01:52:52.004017
ED   35,97.98%,YES,&nbsp,111,AD 72,2025-11-05_01:52:52.004017
ED   35,97.98%,NO,&nbsp,160,AD 72,2025-11-05_01:52:52.004017
ED   36,97.98%,YES,&nbsp,93,AD 72,2025-11-05_01:52:52.004017
ED   36,97.98%,NO,&nbsp,101,AD 72,2025-11-05_01:52:52.004017
ED   37,97.98%,YES,&nbsp,182,AD 72,2025-11-05_01:52:52.004017
ED   37,97.98%,NO,&nbsp,177,AD 72,2025-11-05_01:52:52.004017
ED   38,97.98%,YES,&nbsp,218,AD 72,2025-11-05_01:52:52.004017
ED   38,97.98%,NO,&nbsp,205,AD 72,2025-11-05_01:52:52.004017
ED   39,97.98%,YES,&nbsp,144,AD 72,2025-11-05_01:52:52.004017
ED   39,97.98%,NO,&nbsp,187,AD 72,2025-11-05_01:52:52.004017
ED   40,97.98%,YES,&nbsp,148,AD 72,2025-11-05_01:52:52.004017
ED   40,97.98%,NO,&nbsp,139,AD 72,2025-11-05_01:52:52.004017
ED   41,97.98%,YES,&nbsp,222,AD 72,2025-11-05_01:52:52.004017
ED   41,97.98%,NO,&nbsp,277,AD 72,2025-11-05_01:52:52.004017
ED   42,97.98%,YES,&nbsp,157,AD 72,2025-11-05_01:52:52.004017
ED   42,97.98%,NO,&nbsp,144,AD 72,2025-11-05_01:52:52.004017
ED   43,97.98%,YES,&nbsp,164,AD 72,2025-11-05_01:52:52.004017
ED   43,97.98%,NO,&nbsp,178,AD 72,2025-11-05_01:52:52.004017
ED   44,97.98%,YES,&nbsp,155,AD 72,2025-11-05_01:52:52.004017
ED   44,97.98%,NO,&nbsp,144,AD 72,2025-11-05_01:52:52.004017
ED   45,97.98%,YES,&nbsp,93,AD 72,2025-11-05_01:52:52.004017
ED   45,97.98%,NO,&nbsp,106,AD 72,2025-11-05_01:52:52.004017
ED   46,97.98%,YES,&nbsp,114,AD 72,2025-11-05_01:52:52.004017
ED   46,97.98%,NO,&nbsp,164,AD 72,2025-11-05_01:52:52.004017
ED   47,97.98%,YES,&nbsp,73,AD 72,2025-11-05_01:52:52.004017
ED   47,97.98%,NO,&nbsp,115,AD 72,2025-11-05_01:52:52.004017
ED   48,97.98%,YES,&nbsp,100,AD 72,2025-11-05_01:52:52.004017
ED   48,97.98%,NO,&nbsp,142,AD 72,2025-11-05_01:52:52.004017
ED   49,97.98%,YES,&nbsp,113,AD 72,2025-11-05_01:52:52.004017
ED   49,97.98%,NO,&nbsp,130,AD 72,2025-11-05_01:52:52.004017
ED   50,97.98%,YES,&nbsp,104,AD 72,2025-11-05_01:52:52.004017
ED   50,97.98%,NO,&nbsp,101,AD 72,2025-11-05_01:52:52.004017
ED   51,97.98%,YES,&nbsp,92,AD 72,2025-11-05_01:52:52.004017
ED   51,97.98%,NO,&nbsp,102,AD 72,2025-11-05_01:52:52.004017
ED   52,97.98%,YES,&nbsp,155,AD 72,2025-11-05_01:52:52.004017
ED   52,97.98%,NO,&nbsp,168,AD 72,2025-11-05_01:52:52.004017
ED   53,97.98%,YES,&nbsp,132,AD 72,2025-11-05_01:52:52.004017
ED   53,97.98%,NO,&nbsp,132,AD 72,2025-11-05_01:52:52.004017
ED   54,97.98%,YES,&nbsp,78,AD 72,2025-11-05_01:52:52.004017
ED   54,97.98%,NO,&nbsp,105,AD 72,2025-11-05_01:52:52.004017
ED   55,97.98%,YES,&nbsp,130,AD 72,2025-11-05_01:52:52.004017
ED   55,97.98%,NO,&nbsp,181,AD 72,2025-11-05_01:52:52.004017
ED   56,97.98%,YES,&nbsp,145,AD 72,2025-11-05_01:52:52.004017
ED   56,97.98%,NO,&nbsp,175,AD 72,2025-11-05_01:52:52.004017
ED   57,97.98%,YES,&nbsp,141,AD 72,2025-11-05_01:52:52.004017
ED   57,97.98%,NO,&nbsp,169,AD 72,2025-11-05_01:52:52.004017
ED   58,97.98%,YES,&nbsp,273,AD 72,2025-11-05_01:52:52.004017
ED   58,97.98%,NO,&nbsp,299,AD 72,2025-11-05_01:52:52.004017
ED   59,97.98%,YES,&nbsp,145,AD 72,2025-11-05_01:52:52.004017
ED   59,97.98%,NO,&nbsp,165,AD 72,2025-11-05_01:52:52.004017
ED   60,97.98%,YES,&nbsp,108,AD 72,2025-11-05_01:52:52.004017
ED   60,97.98%,NO,&nbsp,169,AD 72,2025-11-05_01:52:52.004017
ED   61,97.98%,YES,&nbsp,118,AD 72,2025-11-05_01:52:52.004017
ED   61,97.98%,NO,&nbsp,149,AD 72,2025-11-05_01:52:52.004017
ED   62,97.98%,YES,&nbsp,122,AD 72,2025-11-05_01:52:52.004017
ED   62,97.98%,NO,&nbsp,141,AD 72,2025-11-05_01:52:52.004017
ED   63,97.98%,YES,&nbsp,94,AD 72,2025-11-05_01:52:52.004017
ED   63,97.98%,NO,&nbsp,143,AD 72,2025-11-05_01:52:52.004017
ED   64,97.98%,YES,&nbsp,0,AD 72,2025-11-05_01:52:52.004017
ED   64,97.98%,NO,&nbsp,0,AD 72,2025-11-05_01:52:52.004017
ED   65,97.98%,YES,&nbsp,0,AD 72,2025-11-05_01:52:52.004017
ED   65,97.98%,NO,&nbsp,0,AD 72,2025-11-05_01:52:52.004017
ED   66,97.98%,YES,&nbsp,0,AD 72,2025-11-05_01:52:52.004017
ED   66,97.98%,NO,&nbsp,0,AD 72,2025-11-05_01:52:52.004017
Total,,YES,&nbsp,9783,AD 72,2025-11-05_01:52:52.004017
Total,,NO,&nbsp,11752,AD 72,2025-11-05_01:52:52.004017
ED    1,97.98%,YES,&nbsp,368,AD 73,2025-11-05_01:52:52.004017
ED    1,97.98%,NO,&nbsp,400,AD 73,2025-11-05_01:52:52.004017
ED    2,97.98%,YES,&nbsp,89,AD 73,2025-11-05_01:52:52.004017
ED    2,97.98%,NO,&nbsp,96,AD 73,2025-11-05_01:52:52.004017
ED    3,97.98%,YES,&nbsp,324,AD 73,2025-11-05_01:52:52.004017
ED    3,97.98%,NO,&nbsp,324,AD 73,2025-11-05_01:52:52.004017
ED    4,97.98%,YES,&nbsp,448,AD 73,2025-11-05_01:52:52.004017
ED    4,97.98%,NO,&nbsp,446,AD 73,2025-11-05_01:52:52.004017
ED    5,97.98%,YES,&nbsp,246,AD 73,2025-11-05_01:52:52.004017
ED    5,97.98%,NO,&nbsp,219,AD 73,2025-11-05_01:52:52.004017
ED    6,97.98%,YES,&nbsp,350,AD 73,2025-11-05_01:52:52.004017
ED    6,97.98%,NO,&nbsp,358,AD 73,2025-11-05_01:52:52.004017
ED    7,97.98%,YES,&nbsp,299,AD 73,2025-11-05_01:52:52.004017
ED    7,97.98%,NO,&nbsp,294,AD 73,2025-11-05_01:52:52.004017
ED    8,97.98%,YES,&nbsp,121,AD 73,2025-11-05_01:52:52.004017
ED    8,97.98%,NO,&nbsp,118,AD 73,2025-11-05_01:52:52.004017
ED    9,97.98%,YES,&nbsp,223,AD 73,2025-11-05_01:52:52.004017
ED    9,97.98%,NO,&nbsp,214,AD 73,2025-11-05_01:52:52.004017
ED   10,97.98%,YES,&nbsp,205,AD 73,2025-11-05_01:52:52.004017
ED   10,97.98%,NO,&nbsp,163,AD 73,2025-11-05_01:52:52.004017
ED   11,97.98%,YES,&nbsp,397,AD 73,2025-11-05_01:52:52.004017
ED   11,97.98%,NO,&nbsp,296,AD 73,2025-11-05_01:52:52.004017
ED   12,97.98%,YES,&nbsp,356,AD 73,2025-11-05_01:52:52.004017
ED   12,97.98%,NO,&nbsp,447,AD 73,2025-11-05_01:52:52.004017
ED   13,97.98%,YES,&nbsp,366,AD 73,2025-11-05_01:52:52.004017
ED   13,97.98%,NO,&nbsp,315,AD 73,2025-11-05_01:52:52.004017
ED   14,97.98%,YES,&nbsp,220,AD 73,2025-11-05_01:52:52.004017
ED   14,97.98%,NO,&nbsp,260,AD 73,2025-11-05_01:52:52.004017
ED   15,97.98%,YES,&nbsp,387,AD 73,2025-11-05_01:52:52.004017
ED   15,97.98%,NO,&nbsp,410,AD 73,2025-11-05_01:52:52.004017
ED   16,97.98%,YES,&nbsp,337,AD 73,2025-11-05_01:52:52.004017
ED   16,97.98%,NO,&nbsp,301,AD 73,2025-11-05_01:52:52.004017
ED   17,97.98%,YES,&nbsp,337,AD 73,2025-11-05_01:52:52.004017
ED   17,97.98%,NO,&nbsp,338,AD 73,2025-11-05_01:52:52.004017
ED   18,97.98%,YES,&nbsp,129,AD 73,2025-11-05_01:52:52.004017
ED   18,97.98%,NO,&nbsp,86,AD 73,2025-11-05_01:52:52.004017
ED   19,97.98%,YES,&nbsp,449,AD 73,2025-11-05_01:52:52.004017
ED   19,97.98%,NO,&nbsp,461,AD 73,2025-11-05_01:52:52.004017
ED   20,97.98%,YES,&nbsp,549,AD 73,2025-11-05_01:52:52.004017
ED   20,97.98%,NO,&nbsp,472,AD 73,2025-11-05_01:52:52.004017
ED   21,97.98%,YES,&nbsp,379,AD 73,2025-11-05_01:52:52.004017
ED   21,97.98%,NO,&nbsp,354,AD 73,2025-11-05_01:52:52.004017
ED   22,97.98%,YES,&nbsp,359,AD 73,2025-11-05_01:52:52.004017
ED   22,97.98%,NO,&nbsp,311,AD 73,2025-11-05_01:52:52.004017
ED   23,97.98%,YES,&nbsp,333,AD 73,2025-11-05_01:52:52.004017
ED   23,97.98%,NO,&nbsp,313,AD 73,2025-11-05_01:52:52.004017
ED   24,97.98%,YES,&nbsp,265,AD 73,2025-11-05_01:52:52.004017
ED   24,97.98%,NO,&nbsp,297,AD 73,2025-11-05_01:52:52.004017
ED   25,97.98%,YES,&nbsp,420,AD 73,2025-11-05_01:52:52.004017
ED   25,97.98%,NO,&nbsp,370,AD 73,2025-11-05_01:52:52.004017
ED   26,97.98%,YES,&nbsp,306,AD 73,2025-11-05_01:52:52.004017
ED   26,97.98%,NO,&nbsp,332,AD 73,2025-11-05_01:52:52.004017
ED   27,97.98%,YES,&nbsp,425,AD 73,2025-11-05_01:52:52.004017
ED   27,97.98%,NO,&nbsp,417,AD 73,2025-11-05_01:52:52.004017
ED   28,97.98%,YES,&nbsp,267,AD 73,2025-11-05_01:52:52.004017
ED   28,97.98%,NO,&nbsp,281,AD 73,2025-11-05_01:52:52.004017
ED   29,97.98%,YES,&nbsp,398,AD 73,2025-11-05_01:52:52.004017
ED   29,97.98%,NO,&nbsp,336,AD 73,2025-11-05_01:52:52.004017
ED   30,97.98%,YES,&nbsp,450,AD 73,2025-11-05_01:52:52.004017
ED   30,97.98%,NO,&nbsp,443,AD 73,2025-11-05_01:52:52.004017
ED   31,97.98%,YES,&nbsp,368,AD 73,2025-11-05_01:52:52.004017
ED   31,97.98%,NO,&nbsp,287,AD 73,2025-11-05_01:52:52.004017
ED   32,97.98%,YES,&nbsp,348,AD 73,2025-11-05_01:52:52.004017
ED   32,97.98%,NO,&nbsp,377,AD 73,2025-11-05_01:52:52.004017
ED   33,97.98%,YES,&nbsp,376,AD 73,2025-11-05_01:52:52.004017
ED   33,97.98%,NO,&nbsp,343,AD 73,2025-11-05_01:52:52.004017
ED   34,97.98%,YES,&nbsp,569,AD 73,2025-11-05_01:52:52.004017
ED   34,97.98%,NO,&nbsp,464,AD 73,2025-11-05_01:52:52.004017
ED   35,97.98%,YES,&nbsp,168,AD 73,2025-11-05_01:52:52.004017
ED   35,97.98%,NO,&nbsp,152,AD 73,2025-11-05_01:52:52.004017
ED   36,97.98%,YES,&nbsp,279,AD 73,2025-11-05_01:52:52.004017
ED   36,97.98%,NO,&nbsp,241,AD 73,2025-11-05_01:52:52.004017
ED   37,97.98%,YES,&nbsp,432,AD 73,2025-11-05_01:52:52.004017
ED   37,97.98%,NO,&nbsp,389,AD 73,2025-11-05_01:52:52.004017
ED   38,97.98%,YES,&nbsp,540,AD 73,2025-11-05_01:52:52.004017
ED   38,97.98%,NO,&nbsp,460,AD 73,2025-11-05_01:52:52.004017
ED   39,97.98%,YES,&nbsp,461,AD 73,2025-11-05_01:52:52.004017
ED   39,97.98%,NO,&nbsp,377,AD 73,2025-11-05_01:52:52.004017
ED   40,97.98%,YES,&nbsp,336,AD 73,2025-11-05_01:52:52.004017
ED   40,97.98%,NO,&nbsp,281,AD 73,2025-11-05_01:52:52.004017
ED   41,97.98%,YES,&nbsp,325,AD 73,2025-11-05_01:52:52.004017
ED   41,97.98%,NO,&nbsp,242,AD 73,2025-11-05_01:52:52.004017
ED   42,97.98%,YES,&nbsp,316,AD 73,2025-11-05_01:52:52.004017
ED   42,97.98%,NO,&nbsp,250,AD 73,2025-11-05_01:52:52.004017
ED   43,97.98%,YES,&nbsp,434,AD 73,2025-11-05_01:52:52.004017
ED   43,97.98%,NO,&nbsp,354,AD 73,2025-11-05_01:52:52.004017
ED   44,97.98%,YES,&nbsp,416,AD 73,2025-11-05_01:52:52.004017
ED   44,97.98%,NO,&nbsp,301,AD 73,2025-11-05_01:52:52.004017
ED   45,97.98%,YES,&nbsp,442,AD 73,2025-11-05_01:52:52.004017
ED   45,97.98%,NO,&nbsp,405,AD 73,2025-11-05_01:52:52.004017
ED   46,97.98%,YES,&nbsp,415,AD 73,2025-11-05_01:52:52.004017
ED   46,97.98%,NO,&nbsp,314,AD 73,2025-11-05_01:52:52.004017
ED   47,97.98%,YES,&nbsp,369,AD 73,2025-11-05_01:52:52.004017
ED   47,97.98%,NO,&nbsp,256,AD 73,2025-11-05_01:52:52.004017
ED   48,97.98%,YES,&nbsp,464,AD 73,2025-11-05_01:52:52.004017
ED   48,97.98%,NO,&nbsp,340,AD 73,2025-11-05_01:52:52.004017
ED   49,97.98%,YES,&nbsp,356,AD 73,2025-11-05_01:52:52.004017
ED   49,97.98%,NO,&nbsp,207,AD 73,2025-11-05_01:52:52.004017
ED   50,97.98%,YES,&nbsp,522,AD 73,2025-11-05_01:52:52.004017
ED   50,97.98%,NO,&nbsp,320,AD 73,2025-11-05_01:52:52.004017
ED   51,97.98%,YES,&nbsp,503,AD 73,2025-11-05_01:52:52.004017
ED   51,97.98%,NO,&nbsp,373,AD 73,2025-11-05_01:52:52.004017
ED   52,97.98%,YES,&nbsp,406,AD 73,2025-11-05_01:52:52.004017
ED   52,97.98%,NO,&nbsp,243,AD 73,2025-11-05_01:52:52.004017
ED   53,97.98%,YES,&nbsp,386,AD 73,2025-11-05_01:52:52.004017
ED   53,97.98%,NO,&nbsp,324,AD 73,2025-11-05_01:52:52.004017
ED   54,97.98%,YES,&nbsp,579,AD 73,2025-11-05_01:52:52.004017
ED   54,97.98%,NO,&nbsp,375,AD 73,2025-11-05_01:52:52.004017
ED   55,97.98%,YES,&nbsp,381,AD 73,2025-11-05_01:52:52.004017
ED   55,97.98%,NO,&nbsp,279,AD 73,2025-11-05_01:52:52.004017
ED   56,97.98%,YES,&nbsp,334,AD 73,2025-11-05_01:52:52.004017
ED   56,97.98%,NO,&nbsp,209,AD 73,2025-11-05_01:52:52.004017
ED   57,97.98%,YES,&nbsp,373,AD 73,2025-11-05_01:52:52.004017
ED   57,97.98%,NO,&nbsp,277,AD 73,2025-11-05_01:52:52.004017
ED   58,97.98%,YES,&nbsp,330,AD 73,2025-11-05_01:52:52.004017
ED   58,97.98%,NO,&nbsp,274,AD 73,2025-11-05_01:52:52.004017
ED   59,97.98%,YES,&nbsp,544,AD 73,2025-11-05_01:52:52.004017
ED   59,97.98%,NO,&nbsp,503,AD 73,2025-11-05_01:52:52.004017
ED   60,97.98%,YES,&nbsp,194,AD 73,2025-11-05_01:52:52.004017
ED   60,97.98%,NO,&nbsp,192,AD 73,2025-11-05_01:52:52.004017
ED   61,97.98%,YES,&nbsp,218,AD 73,2025-11-05_01:52:52.004017
ED   61,97.98%,NO,&nbsp,224,AD 73,2025-11-05_01:52:52.004017
ED   62,97.98%,YES,&nbsp,524,AD 73,2025-11-05_01:52:52.004017
ED   62,97.98%,NO,&nbsp,515,AD 73,2025-11-05_01:52:52.004017
ED   63,97.98%,YES,&nbsp,462,AD 73,2025-11-05_01:52:52.004017
ED   63,97.98%,NO,&nbsp,303,AD 73,2025-11-05_01:52:52.004017
ED   64,97.98%,YES,&nbsp,565,AD 73,2025-11-05_01:52:52.004017
ED   64,97.98%,NO,&nbsp,381,AD 73,2025-11-05_01:52:52.004017
ED   65,97.98%,YES,&nbsp,313,AD 73,2025-11-05_01:52:52.004017
ED   65,97.98%,NO,&nbsp,281,AD 73,2025-11-05_01:52:52.004017
ED   66,97.98%,YES,&nbsp,456,AD 73,2025-11-05_01:52:52.004017
ED   66,97.98%,NO,&nbsp,373,AD 73,2025-11-05_01:52:52.004017
ED   67,97.98%,YES,&nbsp,395,AD 73,2025-11-05_01:52:52.004017
ED   67,97.98%,NO,&nbsp,356,AD 73,2025-11-05_01:52:52.004017
ED   68,97.98%,YES,&nbsp,430,AD 73,2025-11-05_01:52:52.004017
ED   68,97.98%,NO,&nbsp,251,AD 73,2025-11-05_01:52:52.004017
ED   69,97.98%,YES,&nbsp,411,AD 73,2025-11-05_01:52:52.004017
ED   69,97.98%,NO,&nbsp,473,AD 73,2025-11-05_01:52:52.004017
ED   70,97.98%,YES,&nbsp,0,AD 73,2025-11-05_01:52:52.004017
ED   70,97.98%,NO,&nbsp,0,AD 73,2025-11-05_01:52:52.004017
ED   71,97.98%,YES,&nbsp,0,AD 73,2025-11-05_01:52:52.004017
ED   71,97.98%,NO,&nbsp,0,AD 73,2025-11-05_01:52:52.004017
ED   72,97.98%,YES,&nbsp,0,AD 73,2025-11-05_01:52:52.004017
ED   72,97.98%,NO,&nbsp,0,AD 73,2025-11-05_01:52:52.004017
Total,,YES,&nbsp,25542,AD 73,2025-11-05_01:52:52.004017
Total,,NO,&nbsp,22038,AD 73,2025-11-05_01:52:52.004017
ED    1,97.98%,YES,&nbsp,367,AD 74,2025-11-05_01:52:52.004017
ED    1,97.98%,NO,&nbsp,376,AD 74,2025-11-05_01:52:52.004017
ED    2,97.98%,YES,&nbsp,363,AD 74,2025-11-05_01:52:52.004017
ED    2,97.98%,NO,&nbsp,471,AD 74,2025-11-05_01:52:52.004017
ED    3,97.98%,YES,&nbsp,344,AD 74,2025-11-05_01:52:52.004017
ED    3,97.98%,NO,&nbsp,367,AD 74,2025-11-05_01:52:52.004017
ED    4,97.98%,YES,&nbsp,371,AD 74,2025-11-05_01:52:52.004017
ED    4,97.98%,NO,&nbsp,341,AD 74,2025-11-05_01:52:52.004017
ED    5,97.98%,YES,&nbsp,299,AD 74,2025-11-05_01:52:52.004017
ED    5,97.98%,NO,&nbsp,265,AD 74,2025-11-05_01:52:52.004017
ED    6,97.98%,YES,&nbsp,323,AD 74,2025-11-05_01:52:52.004017
ED    6,97.98%,NO,&nbsp,355,AD 74,2025-11-05_01:52:52.004017
ED    7,97.98%,YES,&nbsp,284,AD 74,2025-11-05_01:52:52.004017
ED    7,97.98%,NO,&nbsp,313,AD 74,2025-11-05_01:52:52.004017
ED    8,97.98%,YES,&nbsp,458,AD 74,2025-11-05_01:52:52.004017
ED    8,97.98%,NO,&nbsp,439,AD 74,2025-11-05_01:52:52.004017
ED    9,97.98%,YES,&nbsp,178,AD 74,2025-11-05_01:52:52.004017
ED    9,97.98%,NO,&nbsp,187,AD 74,2025-11-05_01:52:52.004017
ED   10,97.98%,YES,&nbsp,446,AD 74,2025-11-05_01:52:52.004017
ED   10,97.98%,NO,&nbsp,448,AD 74,2025-11-05_01:52:52.004017
ED   11,97.98%,YES,&nbsp,395,AD 74,2025-11-05_01:52:52.004017
ED   11,97.98%,NO,&nbsp,431,AD 74,2025-11-05_01:52:52.004017
ED   12,97.98%,YES,&nbsp,447,AD 74,2025-11-05_01:52:52.004017
ED   12,97.98%,NO,&nbsp,489,AD 74,2025-11-05_01:52:52.004017
ED   13,97.98%,YES,&nbsp,347,AD 74,2025-11-05_01:52:52.004017
ED   13,97.98%,NO,&nbsp,369,AD 74,2025-11-05_01:52:52.004017
ED   14,97.98%,YES,&nbsp,334,AD 74,2025-11-05_01:52:52.004017
ED   14,97.98%,NO,&nbsp,366,AD 74,2025-11-05_01:52:52.004017
ED   15,97.98%,YES,&nbsp,496,AD 74,2025-11-05_01:52:52.004017
ED   15,97.98%,NO,&nbsp,433,AD 74,2025-11-05_01:52:52.004017
ED   16,97.98%,YES,&nbsp,506,AD 74,2025-11-05_01:52:52.004017
ED   16,97.98%,NO,&nbsp,556,AD 74,2025-11-05_01:52:52.004017
ED   17,97.98%,YES,&nbsp,446,AD 74,2025-11-05_01:52:52.004017
ED   17,97.98%,NO,&nbsp,520,AD 74,2025-11-05_01:52:52.004017
ED   18,97.98%,YES,&nbsp,474,AD 74,2025-11-05_01:52:52.004017
ED   18,97.98%,NO,&nbsp,575,AD 74,2025-11-05_01:52:52.004017
ED   19,97.98%,YES,&nbsp,338,AD 74,2025-11-05_01:52:52.004017
ED   19,97.98%,NO,&nbsp,420,AD 74,2025-11-05_01:52:52.004017
ED   20,97.98%,YES,&nbsp,397,AD 74,2025-11-05_01:52:52.004017
ED   20,97.98%,NO,&nbsp,384,AD 74,2025-11-05_01:52:52.004017
ED   21,97.98%,YES,&nbsp,276,AD 74,2025-11-05_01:52:52.004017
ED   21,97.98%,NO,&nbsp,306,AD 74,2025-11-05_01:52:52.004017
ED   22,97.98%,YES,&nbsp,430,AD 74,2025-11-05_01:52:52.004017
ED   22,97.98%,NO,&nbsp,507,AD 74,2025-11-05_01:52:52.004017
ED   23,97.98%,YES,&nbsp,445,AD 74,2025-11-05_01:52:52.004017
ED   23,97.98%,NO,&nbsp,496,AD 74,2025-11-05_01:52:52.004017
ED   24,97.98%,YES,&nbsp,407,AD 74,2025-11-05_01:52:52.004017
ED   24,97.98%,NO,&nbsp,452,AD 74,2025-11-05_01:52:52.004017
ED   25,97.98%,YES,&nbsp,182,AD 74,2025-11-05_01:52:52.004017
ED   25,97.98%,NO,&nbsp,200,AD 74,2025-11-05_01:52:52.004017
ED   26,97.98%,YES,&nbsp,384,AD 74,2025-11-05_01:52:52.004017
ED   26,97.98%,NO,&nbsp,438,AD 74,2025-11-05_01:52:52.004017
ED   27,97.98%,YES,&nbsp,419,AD 74,2025-11-05_01:52:52.004017
ED   27,97.98%,NO,&nbsp,529,AD 74,2025-11-05_01:52:52.004017
ED   28,97.98%,YES,&nbsp,226,AD 74,2025-11-05_01:52:52.004017
ED   28,97.98%,NO,&nbsp,288,AD 74,2025-11-05_01:52:52.004017
ED   29,97.98%,YES,&nbsp,125,AD 74,2025-11-05_01:52:52.004017
ED   29,97.98%,NO,&nbsp,161,AD 74,2025-11-05_01:52:52.004017
ED   30,97.98%,YES,&nbsp,210,AD 74,2025-11-05_01:52:52.004017
ED   30,97.98%,NO,&nbsp,265,AD 74,2025-11-05_01:52:52.004017
ED   31,97.98%,YES,&nbsp,373,AD 74,2025-11-05_01:52:52.004017
ED   31,97.98%,NO,&nbsp,415,AD 74,2025-11-05_01:52:52.004017
ED   32,97.98%,YES,&nbsp,76,AD 74,2025-11-05_01:52:52.004017
ED   32,97.98%,NO,&nbsp,120,AD 74,2025-11-05_01:52:52.004017
ED   33,97.98%,YES,&nbsp,219,AD 74,2025-11-05_01:52:52.004017
ED   33,97.98%,NO,&nbsp,310,AD 74,2025-11-05_01:52:52.004017
ED   34,97.98%,YES,&nbsp,180,AD 74,2025-11-05_01:52:52.004017
ED   34,97.98%,NO,&nbsp,256,AD 74,2025-11-05_01:52:52.004017
ED   35,97.98%,YES,&nbsp,347,AD 74,2025-11-05_01:52:52.004017
ED   35,97.98%,NO,&nbsp,385,AD 74,2025-11-05_01:52:52.004017
ED   36,97.98%,YES,&nbsp,296,AD 74,2025-11-05_01:52:52.004017
ED   36,97.98%,NO,&nbsp,385,AD 74,2025-11-05_01:52:52.004017
ED   37,97.98%,YES,&nbsp,77,AD 74,2025-11-05_01:52:52.004017
ED   37,97.98%,NO,&nbsp,109,AD 74,2025-11-05_01:52:52.004017
ED   38,97.98%,YES,&nbsp,74,AD 74,2025-11-05_01:52:52.004017
ED   38,97.98%,NO,&nbsp,103,AD 74,2025-11-05_01:52:52.004017
ED   39,97.98%,YES,&nbsp,98,AD 74,2025-11-05_01:52:52.004017
ED   39,97.98%,NO,&nbsp,118,AD 74,2025-11-05_01:52:52.004017
ED   40,97.98%,YES,&nbsp,78,AD 74,2025-11-05_01:52:52.004017
ED   40,97.98%,NO,&nbsp,83,AD 74,2025-11-05_01:52:52.004017
ED   41,97.98%,YES,&nbsp,174,AD 74,2025-11-05_01:52:52.004017
ED   41,97.98%,NO,&nbsp,225,AD 74,2025-11-05_01:52:52.004017
ED   42,97.98%,YES,&nbsp,291,AD 74,2025-11-05_01:52:52.004017
ED   42,97.98%,NO,&nbsp,337,AD 74,2025-11-05_01:52:52.004017
ED   43,97.98%,YES,&nbsp,375,AD 74,2025-11-05_01:52:52.004017
ED   43,97.98%,NO,&nbsp,456,AD 74,2025-11-05_01:52:52.004017
ED   44,97.98%,YES,&nbsp,274,AD 74,2025-11-05_01:52:52.004017
ED   44,97.98%,NO,&nbsp,230,AD 74,2025-11-05_01:52:52.004017
ED   45,97.98%,YES,&nbsp,425,AD 74,2025-11-05_01:52:52.004017
ED   45,97.98%,NO,&nbsp,309,AD 74,2025-11-05_01:52:52.004017
ED   46,97.98%,YES,&nbsp,187,AD 74,2025-11-05_01:52:52.004017
ED   46,97.98%,NO,&nbsp,227,AD 74,2025-11-05_01:52:52.004017
ED   47,97.98%,YES,&nbsp,232,AD 74,2025-11-05_01:52:52.004017
ED   47,97.98%,NO,&nbsp,233,AD 74,2025-11-05_01:52:52.004017
ED   48,97.98%,YES,&nbsp,295,AD 74,2025-11-05_01:52:52.004017
ED   48,97.98%,NO,&nbsp,298,AD 74,2025-11-05_01:52:52.004017
ED   49,97.98%,YES,&nbsp,394,AD 74,2025-11-05_01:52:52.004017
ED   49,97.98%,NO,&nbsp,342,AD 74,2025-11-05_01:52:52.004017
ED   50,97.98%,YES,&nbsp,342,AD 74,2025-11-05_01:52:52.004017
ED   50,97.98%,NO,&nbsp,388,AD 74,2025-11-05_01:52:52.004017
ED   51,97.98%,YES,&nbsp,473,AD 74,2025-11-05_01:52:52.004017
ED   51,97.98%,NO,&nbsp,451,AD 74,2025-11-05_01:52:52.004017
ED   52,97.98%,YES,&nbsp,317,AD 74,2025-11-05_01:52:52.004017
ED   52,97.98%,NO,&nbsp,299,AD 74,2025-11-05_01:52:52.004017
ED   53,97.98%,YES,&nbsp,367,AD 74,2025-11-05_01:52:52.004017
ED   53,97.98%,NO,&nbsp,439,AD 74,2025-11-05_01:52:52.004017
ED   54,97.98%,YES,&nbsp,217,AD 74,2025-11-05_01:52:52.004017
ED   54,97.98%,NO,&nbsp,219,AD 74,2025-11-05_01:52:52.004017
ED   55,97.98%,YES,&nbsp,515,AD 74,2025-11-05_01:52:52.004017
ED   55,97.98%,NO,&nbsp,414,AD 74,2025-11-05_01:52:52.004017
ED   56,97.98%,YES,&nbsp,322,AD 74,2025-11-05_01:52:52.004017
ED   56,97.98%,NO,&nbsp,297,AD 74,2025-11-05_01:52:52.004017
ED   57,97.98%,YES,&nbsp,442,AD 74,2025-11-05_01:52:52.004017
ED   57,97.98%,NO,&nbsp,374,AD 74,2025-11-05_01:52:52.004017
ED   58,97.98%,YES,&nbsp,289,AD 74,2025-11-05_01:52:52.004017
ED   58,97.98%,NO,&nbsp,302,AD 74,2025-11-05_01:52:52.004017
ED   59,97.98%,YES,&nbsp,466,AD 74,2025-11-05_01:52:52.004017
ED   59,97.98%,NO,&nbsp,362,AD 74,2025-11-05_01:52:52.004017
ED   60,97.98%,YES,&nbsp,212,AD 74,2025-11-05_01:52:52.004017
ED   60,97.98%,NO,&nbsp,141,AD 74,2025-11-05_01:52:52.004017
ED   61,97.98%,YES,&nbsp,199,AD 74,2025-11-05_01:52:52.004017
ED   61,97.98%,NO,&nbsp,138,AD 74,2025-11-05_01:52:52.004017
ED   62,97.98%,YES,&nbsp,158,AD 74,2025-11-05_01:52:52.004017
ED   62,97.98%,NO,&nbsp,147,AD 74,2025-11-05_01:52:52.004017
ED   63,97.98%,YES,&nbsp,122,AD 74,2025-11-05_01:52:52.004017
ED   63,97.98%,NO,&nbsp,67,AD 74,2025-11-05_01:52:52.004017
ED   64,97.98%,YES,&nbsp,28,AD 74,2025-11-05_01:52:52.004017
ED   64,97.98%,NO,&nbsp,24,AD 74,2025-11-05_01:52:52.004017
ED   65,97.98%,YES,&nbsp,133,AD 74,2025-11-05_01:52:52.004017
ED   65,97.98%,NO,&nbsp,113,AD 74,2025-11-05_01:52:52.004017
ED   66,97.98%,YES,&nbsp,0,AD 74,2025-11-05_01:52:52.004017
ED   66,97.98%,NO,&nbsp,0,AD 74,2025-11-05_01:52:52.004017
ED   67,97.98%,YES,&nbsp,0,AD 74,2025-11-05_01:52:52.004017
ED   67,97.98%,NO,&nbsp,0,AD 74,2025-11-05_01:52:52.004017
ED   68,97.98%,YES,&nbsp,0,AD 74,2025-11-05_01:52:52.004017
ED   68,97.98%,NO,&nbsp,0,AD 74,2025-11-05_01:52:52.004017
ED   69,97.98%,YES,&nbsp,0,AD 74,2025-11-05_01:52:52.004017
ED   69,97.98%,NO,&nbsp,0,AD 74,2025-11-05_01:52:52.004017
ED   70,97.98%,YES,&nbsp,0,AD 74,2025-11-05_01:52:52.004017
ED   70,97.98%,NO,&nbsp,0,AD 74,2025-11-05_01:52:52.004017
Total,,YES,&nbsp,19784,AD 74,2025-11-05_01:52:52.004017
Total,,NO,&nbsp,20863,AD 74,2025-11-05_01:52:52.004017
ED    1,97.98%,YES,&nbsp,456,AD 75,2025-11-05_01:52:52.004017
ED    1,97.98%,NO,&nbsp,380,AD 75,2025-11-05_01:52:52.004017
ED    2,97.98%,YES,&nbsp,522,AD 75,2025-11-05_01:52:52.004017
ED    2,97.98%,NO,&nbsp,476,AD 75,2025-11-05_01:52:52.004017
ED    3,97.98%,YES,&nbsp,494,AD 75,2025-11-05_01:52:52.004017
ED    3,97.98%,NO,&nbsp,357,AD 75,2025-11-05_01:52:52.004017
ED    4,97.98%,YES,&nbsp,243,AD 75,2025-11-05_01:52:52.004017
ED    4,97.98%,NO,&nbsp,168,AD 75,2025-11-05_01:52:52.004017
ED    5,97.98%,YES,&nbsp,431,AD 75,2025-11-05_01:52:52.004017
ED    5,97.98%,NO,&nbsp,332,AD 75,2025-11-05_01:52:52.004017
ED    6,97.98%,YES,&nbsp,427,AD 75,2025-11-05_01:52:52.004017
ED    6,97.98%,NO,&nbsp,411,AD 75,2025-11-05_01:52:52.004017
ED    7,97.98%,YES,&nbsp,311,AD 75,2025-11-05_01:52:52.004017
ED    7,97.98%,NO,&nbsp,288,AD 75,2025-11-05_01:52:52.004017
ED    8,97.98%,YES,&nbsp,522,AD 75,2025-11-05_01:52:52.004017
ED    8,97.98%,NO,&nbsp,496,AD 75,2025-11-05_01:52:52.004017
ED    9,97.98%,YES,&nbsp,91,AD 75,2025-11-05_01:52:52.004017
ED    9,97.98%,NO,&nbsp,76,AD 75,2025-11-05_01:52:52.004017
ED   10,97.98%,YES,&nbsp,469,AD 75,2025-11-05_01:52:52.004017
ED   10,97.98%,NO,&nbsp,405,AD 75,2025-11-05_01:52:52.004017
ED   11,97.98%,YES,&nbsp,262,AD 75,2025-11-05_01:52:52.004017
ED   11,97.98%,NO,&nbsp,250,AD 75,2025-11-05_01:52:52.004017
ED   12,97.98%,YES,&nbsp,330,AD 75,2025-11-05_01:52:52.004017
ED   12,97.98%,NO,&nbsp,296,AD 75,2025-11-05_01:52:52.004017
ED   13,97.98%,YES,&nbsp,388,AD 75,2025-11-05_01:52:52.004017
ED   13,97.98%,NO,&nbsp,354,AD 75,2025-11-05_01:52:52.004017
ED   14,97.98%,YES,&nbsp,152,AD 75,2025-11-05_01:52:52.004017
ED   14,97.98%,NO,&nbsp,126,AD 75,2025-11-05_01:52:52.004017
ED   15,97.98%,YES,&nbsp,202,AD 75,2025-11-05_01:52:52.004017
ED   15,97.98%,NO,&nbsp,234,AD 75,2025-11-05_01:52:52.004017
ED   16,97.98%,YES,&nbsp,95,AD 75,2025-11-05_01:52:52.004017
ED   16,97.98%,NO,&nbsp,100,AD 75,2025-11-05_01:52:52.004017
ED   17,97.98%,YES,&nbsp,233,AD 75,2025-11-05_01:52:52.004017
ED   17,97.98%,NO,&nbsp,223,AD 75,2025-11-05_01:52:52.004017
ED   18,97.98%,YES,&nbsp,189,AD 75,2025-11-05_01:52:52.004017
ED   18,97.98%,NO,&nbsp,139,AD 75,2025-11-05_01:52:52.004017
ED   19,97.98%,YES,&nbsp,0,AD 75,2025-11-05_01:52:52.004017
ED   19,97.98%,NO,&nbsp,0,AD 75,2025-11-05_01:52:52.004017
ED   20,97.98%,YES,&nbsp,222,AD 75,2025-11-05_01:52:52.004017
ED   20,97.98%,NO,&nbsp,187,AD 75,2025-11-05_01:52:52.004017
ED   21,97.98%,YES,&nbsp,176,AD 75,2025-11-05_01:52:52.004017
ED   21,97.98%,NO,&nbsp,129,AD 75,2025-11-05_01:52:52.004017
ED   22,97.98%,YES,&nbsp,343,AD 75,2025-11-05_01:52:52.004017
ED   22,97.98%,NO,&nbsp,303,AD 75,2025-11-05_01:52:52.004017
ED   23,97.98%,YES,&nbsp,277,AD 75,2025-11-05_01:52:52.004017
ED   23,97.98%,NO,&nbsp,248,AD 75,2025-11-05_01:52:52.004017
ED   24,97.98%,YES,&nbsp,421,AD 75,2025-11-05_01:52:52.004017
ED   24,97.98%,NO,&nbsp,299,AD 75,2025-11-05_01:52:52.004017
ED   25,97.98%,YES,&nbsp,199,AD 75,2025-11-05_01:52:52.004017
ED   25,97.98%,NO,&nbsp,151,AD 75,2025-11-05_01:52:52.004017
ED   26,97.98%,YES,&nbsp,505,AD 75,2025-11-05_01:52:52.004017
ED   26,97.98%,NO,&nbsp,361,AD 75,2025-11-05_01:52:52.004017
ED   27,97.98%,YES,&nbsp,350,AD 75,2025-11-05_01:52:52.004017
ED   27,97.98%,NO,&nbsp,297,AD 75,2025-11-05_01:52:52.004017
ED   28,97.98%,YES,&nbsp,441,AD 75,2025-11-05_01:52:52.004017
ED   28,97.98%,NO,&nbsp,384,AD 75,2025-11-05_01:52:52.004017
ED   29,97.98%,YES,&nbsp,249,AD 75,2025-11-05_01:52:52.004017
ED   29,97.98%,NO,&nbsp,329,AD 75,2025-11-05_01:52:52.004017
ED   30,97.98%,YES,&nbsp,214,AD 75,2025-11-05_01:52:52.004017
ED   30,97.98%,NO,&nbsp,200,AD 75,2025-11-05_01:52:52.004017
ED   31,97.98%,YES,&nbsp,323,AD 75,2025-11-05_01:52:52.004017
ED   31,97.98%,NO,&nbsp,360,AD 75,2025-11-05_01:52:52.004017
ED   32,97.98%,YES,&nbsp,283,AD 75,2025-11-05_01:52:52.004017
ED   32,97.98%,NO,&nbsp,306,AD 75,2025-11-05_01:52:52.004017
ED   33,97.98%,YES,&nbsp,268,AD 75,2025-11-05_01:52:52.004017
ED   33,97.98%,NO,&nbsp,294,AD 75,2025-11-05_01:52:52.004017
ED   34,97.98%,YES,&nbsp,261,AD 75,2025-11-05_01:52:52.004017
ED   34,97.98%,NO,&nbsp,255,AD 75,2025-11-05_01:52:52.004017
ED   35,97.98%,YES,&nbsp,204,AD 75,2025-11-05_01:52:52.004017
ED   35,97.98%,NO,&nbsp,214,AD 75,2025-11-05_01:52:52.004017
ED   36,97.98%,YES,&nbsp,84,AD 75,2025-11-05_01:52:52.004017
ED   36,97.98%,NO,&nbsp,72,AD 75,2025-11-05_01:52:52.004017
ED   37,97.98%,YES,&nbsp,267,AD 75,2025-11-05_01:52:52.004017
ED   37,97.98%,NO,&nbsp,311,AD 75,2025-11-05_01:52:52.004017
ED   38,97.98%,YES,&nbsp,271,AD 75,2025-11-05_01:52:52.004017
ED   38,97.98%,NO,&nbsp,367,AD 75,2025-11-05_01:52:52.004017
ED   39,97.98%,YES,&nbsp,274,AD 75,2025-11-05_01:52:52.004017
ED   39,97.98%,NO,&nbsp,364,AD 75,2025-11-05_01:52:52.004017
ED   40,97.98%,YES,&nbsp,272,AD 75,2025-11-05_01:52:52.004017
ED   40,97.98%,NO,&nbsp,303,AD 75,2025-11-05_01:52:52.004017
ED   41,97.98%,YES,&nbsp,405,AD 75,2025-11-05_01:52:52.004017
ED   41,97.98%,NO,&nbsp,343,AD 75,2025-11-05_01:52:52.004017
ED   42,97.98%,YES,&nbsp,369,AD 75,2025-11-05_01:52:52.004017
ED   42,97.98%,NO,&nbsp,339,AD 75,2025-11-05_01:52:52.004017
ED   43,97.98%,YES,&nbsp,434,AD 75,2025-11-05_01:52:52.004017
ED   43,97.98%,NO,&nbsp,511,AD 75,2025-11-05_01:52:52.004017
ED   44,97.98%,YES,&nbsp,407,AD 75,2025-11-05_01:52:52.004017
ED   44,97.98%,NO,&nbsp,380,AD 75,2025-11-05_01:52:52.004017
ED   45,97.98%,YES,&nbsp,325,AD 75,2025-11-05_01:52:52.004017
ED   45,97.98%,NO,&nbsp,331,AD 75,2025-11-05_01:52:52.004017
ED   46,97.98%,YES,&nbsp,365,AD 75,2025-11-05_01:52:52.004017
ED   46,97.98%,NO,&nbsp,347,AD 75,2025-11-05_01:52:52.004017
ED   47,97.98%,YES,&nbsp,346,AD 75,2025-11-05_01:52:52.004017
ED   47,97.98%,NO,&nbsp,285,AD 75,2025-11-05_01:52:52.004017
ED   48,97.98%,YES,&nbsp,222,AD 75,2025-11-05_01:52:52.004017
ED   48,97.98%,NO,&nbsp,223,AD 75,2025-11-05_01:52:52.004017
ED   49,97.98%,YES,&nbsp,351,AD 75,2025-11-05_01:52:52.004017
ED   49,97.98%,NO,&nbsp,386,AD 75,2025-11-05_01:52:52.004017
ED   50,97.98%,YES,&nbsp,227,AD 75,2025-11-05_01:52:52.004017
ED   50,97.98%,NO,&nbsp,304,AD 75,2025-11-05_01:52:52.004017
ED   51,97.98%,YES,&nbsp,433,AD 75,2025-11-05_01:52:52.004017
ED   51,97.98%,NO,&nbsp,489,AD 75,2025-11-05_01:52:52.004017
ED   52,97.98%,YES,&nbsp,288,AD 75,2025-11-05_01:52:52.004017
ED   52,97.98%,NO,&nbsp,429,AD 75,2025-11-05_01:52:52.004017
ED   53,97.98%,YES,&nbsp,283,AD 75,2025-11-05_01:52:52.004017
ED   53,97.98%,NO,&nbsp,433,AD 75,2025-11-05_01:52:52.004017
ED   54,97.98%,YES,&nbsp,191,AD 75,2025-11-05_01:52:52.004017
ED   54,97.98%,NO,&nbsp,212,AD 75,2025-11-05_01:52:52.004017
ED   55,97.98%,YES,&nbsp,210,AD 75,2025-11-05_01:52:52.004017
ED   55,97.98%,NO,&nbsp,208,AD 75,2025-11-05_01:52:52.004017
ED   56,97.98%,YES,&nbsp,246,AD 75,2025-11-05_01:52:52.004017
ED   56,97.98%,NO,&nbsp,241,AD 75,2025-11-05_01:52:52.004017
ED   57,97.98%,YES,&nbsp,421,AD 75,2025-11-05_01:52:52.004017
ED   57,97.98%,NO,&nbsp,400,AD 75,2025-11-05_01:52:52.004017
ED   58,97.98%,YES,&nbsp,269,AD 75,2025-11-05_01:52:52.004017
ED   58,97.98%,NO,&nbsp,334,AD 75,2025-11-05_01:52:52.004017
ED   59,97.98%,YES,&nbsp,443,AD 75,2025-11-05_01:52:52.004017
ED   59,97.98%,NO,&nbsp,470,AD 75,2025-11-05_01:52:52.004017
ED   60,97.98%,YES,&nbsp,344,AD 75,2025-11-05_01:52:52.004017
ED   60,97.98%,NO,&nbsp,261,AD 75,2025-11-05_01:52:52.004017
ED   61,97.98%,YES,&nbsp,68,AD 75,2025-11-05_01:52:52.004017
ED   61,97.98%,NO,&nbsp,116,AD 75,2025-11-05_01:52:52.004017
ED   62,97.98%,YES,&nbsp,307,AD 75,2025-11-05_01:52:52.004017
ED   62,97.98%,NO,&nbsp,287,AD 75,2025-11-05_01:52:52.004017
ED   63,97.98%,YES,&nbsp,458,AD 75,2025-11-05_01:52:52.004017
ED   63,97.98%,NO,&nbsp,470,AD 75,2025-11-05_01:52:52.004017
ED   64,97.98%,YES,&nbsp,387,AD 75,2025-11-05_01:52:52.004017
ED   64,97.98%,NO,&nbsp,318,AD 75,2025-11-05_01:52:52.004017
ED   65,97.98%,YES,&nbsp,285,AD 75,2025-11-05_01:52:52.004017
ED   65,97.98%,NO,&nbsp,223,AD 75,2025-11-05_01:52:52.004017
ED   66,97.98%,YES,&nbsp,188,AD 75,2025-11-05_01:52:52.004017
ED   66,97.98%,NO,&nbsp,208,AD 75,2025-11-05_01:52:52.004017
ED   67,97.98%,YES,&nbsp,7,AD 75,2025-11-05_01:52:52.004017
ED   67,97.98%,NO,&nbsp,6,AD 75,2025-11-05_01:52:52.004017
ED   68,97.98%,YES,&nbsp,0,AD 75,2025-11-05_01:52:52.004017
ED   68,97.98%,NO,&nbsp,0,AD 75,2025-11-05_01:52:52.004017
ED   69,97.98%,YES,&nbsp,0,AD 75,2025-11-05_01:52:52.004017
ED   69,97.98%,NO,&nbsp,0,AD 75,2025-11-05_01:52:52.004017
ED   70,97.98%,YES,&nbsp,0,AD 75,2025-11-05_01:52:52.004017
ED   70,97.98%,NO,&nbsp,0,AD 75,2025-11-05_01:52:52.004017
ED   71,97.98%,YES,&nbsp,0,AD 75,2025-11-05_01:52:52.004017
ED   71,97.98%,NO,&nbsp,0,AD 75,2025-11-05_01:52:52.004017
Total,,YES,&nbsp,20000,AD 75,2025-11-05_01:52:52.004017
Total,,NO,&nbsp,19399,AD 75,2025-11-05_01:52:52.004017
ED    1,97.98%,YES,&nbsp,435,AD 76,2025-11-05_01:52:52.004017
ED    1,97.98%,NO,&nbsp,380,AD 76,2025-11-05_01:52:52.004017
ED    2,97.98%,YES,&nbsp,304,AD 76,2025-11-05_01:52:52.004017
ED    2,97.98%,NO,&nbsp,238,AD 76,2025-11-05_01:52:52.004017
ED    3,97.98%,YES,&nbsp,393,AD 76,2025-11-05_01:52:52.004017
ED    3,97.98%,NO,&nbsp,307,AD 76,2025-11-05_01:52:52.004017
ED    4,97.98%,YES,&nbsp,466,AD 76,2025-11-05_01:52:52.004017
ED    4,97.98%,NO,&nbsp,362,AD 76,2025-11-05_01:52:52.004017
ED    5,97.98%,YES,&nbsp,461,AD 76,2025-11-05_01:52:52.004017
ED    5,97.98%,NO,&nbsp,400,AD 76,2025-11-05_01:52:52.004017
ED    6,97.98%,YES,&nbsp,425,AD 76,2025-11-05_01:52:52.004017
ED    6,97.98%,NO,&nbsp,423,AD 76,2025-11-05_01:52:52.004017
ED    7,97.98%,YES,&nbsp,431,AD 76,2025-11-05_01:52:52.004017
ED    7,97.98%,NO,&nbsp,402,AD 76,2025-11-05_01:52:52.004017
ED    8,97.98%,YES,&nbsp,263,AD 76,2025-11-05_01:52:52.004017
ED    8,97.98%,NO,&nbsp,266,AD 76,2025-11-05_01:52:52.004017
ED    9,97.98%,YES,&nbsp,496,AD 76,2025-11-05_01:52:52.004017
ED    9,97.98%,NO,&nbsp,466,AD 76,2025-11-05_01:52:52.004017
ED   10,97.98%,YES,&nbsp,302,AD 76,2025-11-05_01:52:52.004017
ED   10,97.98%,NO,&nbsp,288,AD 76,2025-11-05_01:52:52.004017
ED   11,97.98%,YES,&nbsp,336,AD 76,2025-11-05_01:52:52.004017
ED   11,97.98%,NO,&nbsp,291,AD 76,2025-11-05_01:52:52.004017
ED   12,97.98%,YES,&nbsp,373,AD 76,2025-11-05_01:52:52.004017
ED   12,97.98%,NO,&nbsp,399,AD 76,2025-11-05_01:52:52.004017
ED   13,97.98%,YES,&nbsp,371,AD 76,2025-11-05_01:52:52.004017
ED   13,97.98%,NO,&nbsp,366,AD 76,2025-11-05_01:52:52.004017
ED   14,97.98%,YES,&nbsp,448,AD 76,2025-11-05_01:52:52.004017
ED   14,97.98%,NO,&nbsp,363,AD 76,2025-11-05_01:52:52.004017
ED   15,97.98%,YES,&nbsp,410,AD 76,2025-11-05_01:52:52.004017
ED   15,97.98%,NO,&nbsp,425,AD 76,2025-11-05_01:52:52.004017
ED   16,97.98%,YES,&nbsp,241,AD 76,2025-11-05_01:52:52.004017
ED   16,97.98%,NO,&nbsp,253,AD 76,2025-11-05_01:52:52.004017
ED   17,97.98%,YES,&nbsp,368,AD 76,2025-11-05_01:52:52.004017
ED   17,97.98%,NO,&nbsp,307,AD 76,2025-11-05_01:52:52.004017
ED   18,97.98%,YES,&nbsp,359,AD 76,2025-11-05_01:52:52.004017
ED   18,97.98%,NO,&nbsp,301,AD 76,2025-11-05_01:52:52.004017
ED   19,97.98%,YES,&nbsp,570,AD 76,2025-11-05_01:52:52.004017
ED   19,97.98%,NO,&nbsp,460,AD 76,2025-11-05_01:52:52.004017
ED   20,97.98%,YES,&nbsp,465,AD 76,2025-11-05_01:52:52.004017
ED   20,97.98%,NO,&nbsp,434,AD 76,2025-11-05_01:52:52.004017
ED   21,97.98%,YES,&nbsp,437,AD 76,2025-11-05_01:52:52.004017
ED   21,97.98%,NO,&nbsp,389,AD 76,2025-11-05_01:52:52.004017
ED   22,97.98%,YES,&nbsp,424,AD 76,2025-11-05_01:52:52.004017
ED   22,97.98%,NO,&nbsp,373,AD 76,2025-11-05_01:52:52.004017
ED   23,97.98%,YES,&nbsp,321,AD 76,2025-11-05_01:52:52.004017
ED   23,97.98%,NO,&nbsp,340,AD 76,2025-11-05_01:52:52.004017
ED   24,97.98%,YES,&nbsp,471,AD 76,2025-11-05_01:52:52.004017
ED   24,97.98%,NO,&nbsp,488,AD 76,2025-11-05_01:52:52.004017
ED   25,97.98%,YES,&nbsp,362,AD 76,2025-11-05_01:52:52.004017
ED   25,97.98%,NO,&nbsp,344,AD 76,2025-11-05_01:52:52.004017
ED   26,97.98%,YES,&nbsp,438,AD 76,2025-11-05_01:52:52.004017
ED   26,97.98%,NO,&nbsp,366,AD 76,2025-11-05_01:52:52.004017
ED   27,97.98%,YES,&nbsp,390,AD 76,2025-11-05_01:52:52.004017
ED   27,97.98%,NO,&nbsp,387,AD 76,2025-11-05_01:52:52.004017
ED   28,97.98%,YES,&nbsp,409,AD 76,2025-11-05_01:52:52.004017
ED   28,97.98%,NO,&nbsp,466,AD 76,2025-11-05_01:52:52.004017
ED   29,97.98%,YES,&nbsp,332,AD 76,2025-11-05_01:52:52.004017
ED   29,97.98%,NO,&nbsp,323,AD 76,2025-11-05_01:52:52.004017
ED   30,97.98%,YES,&nbsp,452,AD 76,2025-11-05_01:52:52.004017
ED   30,97.98%,NO,&nbsp,455,AD 76,2025-11-05_01:52:52.004017
ED   31,97.98%,YES,&nbsp,473,AD 76,2025-11-05_01:52:52.004017
ED   31,97.98%,NO,&nbsp,396,AD 76,2025-11-05_01:52:52.004017
ED   32,97.98%,YES,&nbsp,532,AD 76,2025-11-05_01:52:52.004017
ED   32,97.98%,NO,&nbsp,430,AD 76,2025-11-05_01:52:52.004017
ED   33,97.98%,YES,&nbsp,524,AD 76,2025-11-05_01:52:52.004017
ED   33,97.98%,NO,&nbsp,530,AD 76,2025-11-05_01:52:52.004017
ED   34,97.98%,YES,&nbsp,490,AD 76,2025-11-05_01:52:52.004017
ED   34,97.98%,NO,&nbsp,462,AD 76,2025-11-05_01:52:52.004017
ED   35,97.98%,YES,&nbsp,445,AD 76,2025-11-05_01:52:52.004017
ED   35,97.98%,NO,&nbsp,445,AD 76,2025-11-05_01:52:52.004017
ED   36,97.98%,YES,&nbsp,510,AD 76,2025-11-05_01:52:52.004017
ED   36,97.98%,NO,&nbsp,523,AD 76,2025-11-05_01:52:52.004017
ED   37,97.98%,YES,&nbsp,492,AD 76,2025-11-05_01:52:52.004017
ED   37,97.98%,NO,&nbsp,492,AD 76,2025-11-05_01:52:52.004017
ED   38,97.98%,YES,&nbsp,245,AD 76,2025-11-05_01:52:52.004017
ED   38,97.98%,NO,&nbsp,334,AD 76,2025-11-05_01:52:52.004017
ED   39,97.98%,YES,&nbsp,491,AD 76,2025-11-05_01:52:52.004017
ED   39,97.98%,NO,&nbsp,388,AD 76,2025-11-05_01:52:52.004017
ED   40,97.98%,YES,&nbsp,348,AD 76,2025-11-05_01:52:52.004017
ED   40,97.98%,NO,&nbsp,335,AD 76,2025-11-05_01:52:52.004017
ED   41,97.98%,YES,&nbsp,355,AD 76,2025-11-05_01:52:52.004017
ED   41,97.98%,NO,&nbsp,377,AD 76,2025-11-05_01:52:52.004017
ED   42,97.98%,YES,&nbsp,456,AD 76,2025-11-05_01:52:52.004017
ED   42,97.98%,NO,&nbsp,434,AD 76,2025-11-05_01:52:52.004017
ED   43,97.98%,YES,&nbsp,339,AD 76,2025-11-05_01:52:52.004017
ED   43,97.98%,NO,&nbsp,375,AD 76,2025-11-05_01:52:52.004017
ED   44,97.98%,YES,&nbsp,561,AD 76,2025-11-05_01:52:52.004017
ED   44,97.98%,NO,&nbsp,402,AD 76,2025-11-05_01:52:52.004017
ED   45,97.98%,YES,&nbsp,464,AD 76,2025-11-05_01:52:52.004017
ED   45,97.98%,NO,&nbsp,426,AD 76,2025-11-05_01:52:52.004017
ED   46,97.98%,YES,&nbsp,474,AD 76,2025-11-05_01:52:52.004017
ED   46,97.98%,NO,&nbsp,429,AD 76,2025-11-05_01:52:52.004017
ED   47,97.98%,YES,&nbsp,299,AD 76,2025-11-05_01:52:52.004017
ED   47,97.98%,NO,&nbsp,342,AD 76,2025-11-05_01:52:52.004017
ED   48,97.98%,YES,&nbsp,445,AD 76,2025-11-05_01:52:52.004017
ED   48,97.98%,NO,&nbsp,385,AD 76,2025-11-05_01:52:52.004017
ED   49,97.98%,YES,&nbsp,458,AD 76,2025-11-05_01:52:52.004017
ED   49,97.98%,NO,&nbsp,402,AD 76,2025-11-05_01:52:52.004017
ED   50,97.98%,YES,&nbsp,476,AD 76,2025-11-05_01:52:52.004017
ED   50,97.98%,NO,&nbsp,476,AD 76,2025-11-05_01:52:52.004017
ED   51,97.98%,YES,&nbsp,410,AD 76,2025-11-05_01:52:52.004017
ED   51,97.98%,NO,&nbsp,384,AD 76,2025-11-05_01:52:52.004017
ED   52,97.98%,YES,&nbsp,384,AD 76,2025-11-05_01:52:52.004017
ED   52,97.98%,NO,&nbsp,457,AD 76,2025-11-05_01:52:52.004017
ED   53,97.98%,YES,&nbsp,424,AD 76,2025-11-05_01:52:52.004017
ED   53,97.98%,NO,&nbsp,445,AD 76,2025-11-05_01:52:52.004017
ED   54,97.98%,YES,&nbsp,585,AD 76,2025-11-05_01:52:52.004017
ED   54,97.98%,NO,&nbsp,515,AD 76,2025-11-05_01:52:52.004017
ED   55,97.98%,YES,&nbsp,460,AD 76,2025-11-05_01:52:52.004017
ED   55,97.98%,NO,&nbsp,508,AD 76,2025-11-05_01:52:52.004017
ED   56,97.98%,YES,&nbsp,448,AD 76,2025-11-05_01:52:52.004017
ED   56,97.98%,NO,&nbsp,483,AD 76,2025-11-05_01:52:52.004017
ED   57,97.98%,YES,&nbsp,326,AD 76,2025-11-05_01:52:52.004017
ED   57,97.98%,NO,&nbsp,352,AD 76,2025-11-05_01:52:52.004017
ED   58,97.98%,YES,&nbsp,469,AD 76,2025-11-05_01:52:52.004017
ED   58,97.98%,NO,&nbsp,456,AD 76,2025-11-05_01:52:52.004017
ED   59,97.98%,YES,&nbsp,243,AD 76,2025-11-05_01:52:52.004017
ED   59,97.98%,NO,&nbsp,263,AD 76,2025-11-05_01:52:52.004017
ED   60,97.98%,YES,&nbsp,228,AD 76,2025-11-05_01:52:52.004017
ED   60,97.98%,NO,&nbsp,267,AD 76,2025-11-05_01:52:52.004017
ED   61,97.98%,YES,&nbsp,183,AD 76,2025-11-05_01:52:52.004017
ED   61,97.98%,NO,&nbsp,211,AD 76,2025-11-05_01:52:52.004017
ED   62,97.98%,YES,&nbsp,260,AD 76,2025-11-05_01:52:52.004017
ED   62,97.98%,NO,&nbsp,356,AD 76,2025-11-05_01:52:52.004017
ED   63,97.98%,YES,&nbsp,0,AD 76,2025-11-05_01:52:52.004017
ED   63,97.98%,NO,&nbsp,0,AD 76,2025-11-05_01:52:52.004017
ED   64,97.98%,YES,&nbsp,0,AD 76,2025-11-05_01:52:52.004017
ED   64,97.98%,NO,&nbsp,0,AD 76,2025-11-05_01:52:52.004017
ED   65,97.98%,YES,&nbsp,0,AD 76,2025-11-05_01:52:52.004017
ED   65,97.98%,NO,&nbsp,0,AD 76,2025-11-05_01:52:52.004017
ED   66,97.98%,YES,&nbsp,0,AD 76,2025-11-05_01:52:52.004017
ED   66,97.98%,NO,&nbsp,0,AD 76,2025-11-05_01:52:52.004017
ED   67,97.98%,YES,&nbsp,0,AD 76,2025-11-05_01:52:52.004017
ED   67,97.98%,NO,&nbsp,0,AD 76,2025-11-05_01:52:52.004017
ED   68,97.98%,YES,&nbsp,0,AD 76,2025-11-05_01:52:52.004017
ED   68,97.98%,NO,&nbsp,0,AD 76,2025-11-05_01:52:52.004017
Total,,YES,&nbsp,25250,AD 76,2025-11-05_01:52:52.004017
Total,,NO,&nbsp,24142,AD 76,2025-11-05_01:52:52.004017
ED    1,97.98%,YES,&nbsp,128,AD 77,2025-11-05_01:52:52.004017
ED    1,97.98%,NO,&nbsp,128,AD 77,2025-11-05_01:52:52.004017
ED    2,97.98%,YES,&nbsp,177,AD 77,2025-11-05_01:52:52.004017
ED    2,97.98%,NO,&nbsp,180,AD 77,2025-11-05_01:52:52.004017
ED    3,97.98%,YES,&nbsp,180,AD 77,2025-11-05_01:52:52.004017
ED    3,97.98%,NO,&nbsp,142,AD 77,2025-11-05_01:52:52.004017
ED    4,97.98%,YES,&nbsp,67,AD 77,2025-11-05_01:52:52.004017
ED    4,97.98%,NO,&nbsp,74,AD 77,2025-11-05_01:52:52.004017
ED    5,97.98%,YES,&nbsp,112,AD 77,2025-11-05_01:52:52.004017
ED    5,97.98%,NO,&nbsp,110,AD 77,2025-11-05_01:52:52.004017
ED    6,97.98%,YES,&nbsp,123,AD 77,2025-11-05_01:52:52.004017
ED    6,97.98%,NO,&nbsp,117,AD 77,2025-11-05_01:52:52.004017
ED    7,97.98%,YES,&nbsp,129,AD 77,2025-11-05_01:52:52.004017
ED    7,97.98%,NO,&nbsp,121,AD 77,2025-11-05_01:52:52.004017
ED    8,97.98%,YES,&nbsp,182,AD 77,2025-11-05_01:52:52.004017
ED    8,97.98%,NO,&nbsp,156,AD 77,2025-11-05_01:52:52.004017
ED    9,97.98%,YES,&nbsp,235,AD 77,2025-11-05_01:52:52.004017
ED    9,97.98%,NO,&nbsp,177,AD 77,2025-11-05_01:52:52.004017
ED   10,97.98%,YES,&nbsp,178,AD 77,2025-11-05_01:52:52.004017
ED   10,97.98%,NO,&nbsp,147,AD 77,2025-11-05_01:52:52.004017
ED   11,97.98%,YES,&nbsp,138,AD 77,2025-11-05_01:52:52.004017
ED   11,97.98%,NO,&nbsp,116,AD 77,2025-11-05_01:52:52.004017
ED   12,97.98%,YES,&nbsp,165,AD 77,2025-11-05_01:52:52.004017
ED   12,97.98%,NO,&nbsp,140,AD 77,2025-11-05_01:52:52.004017
ED   13,97.98%,YES,&nbsp,201,AD 77,2025-11-05_01:52:52.004017
ED   13,97.98%,NO,&nbsp,162,AD 77,2025-11-05_01:52:52.004017
ED   14,97.98%,YES,&nbsp,150,AD 77,2025-11-05_01:52:52.004017
ED   14,97.98%,NO,&nbsp,124,AD 77,2025-11-05_01:52:52.004017
ED   15,97.98%,YES,&nbsp,12,AD 77,2025-11-05_01:52:52.004017
ED   15,97.98%,NO,&nbsp,25,AD 77,2025-11-05_01:52:52.004017
ED   16,97.98%,YES,&nbsp,47,AD 77,2025-11-05_01:52:52.004017
ED   16,97.98%,NO,&nbsp,24,AD 77,2025-11-05_01:52:52.004017
ED   17,97.98%,YES,&nbsp,118,AD 77,2025-11-05_01:52:52.004017
ED   17,97.98%,NO,&nbsp,95,AD 77,2025-11-05_01:52:52.004017
ED   18,97.98%,YES,&nbsp,125,AD 77,2025-11-05_01:52:52.004017
ED   18,97.98%,NO,&nbsp,89,AD 77,2025-11-05_01:52:52.004017
ED   19,97.98%,YES,&nbsp,155,AD 77,2025-11-05_01:52:52.004017
ED   19,97.98%,NO,&nbsp,105,AD 77,2025-11-05_01:52:52.004017
ED   20,97.98%,YES,&nbsp,52,AD 77,2025-11-05_01:52:52.004017
ED   20,97.98%,NO,&nbsp,47,AD 77,2025-11-05_01:52:52.004017
ED   21,97.98%,YES,&nbsp,120,AD 77,2025-11-05_01:52:52.004017
ED   21,97.98%,NO,&nbsp,101,AD 77,2025-11-05_01:52:52.004017
ED   22,97.98%,YES,&nbsp,84,AD 77,2025-11-05_01:52:52.004017
ED   22,97.98%,NO,&nbsp,74,AD 77,2025-11-05_01:52:52.004017
ED   23,97.98%,YES,&nbsp,139,AD 77,2025-11-05_01:52:52.004017
ED   23,97.98%,NO,&nbsp,109,AD 77,2025-11-05_01:52:52.004017
ED   24,97.98%,YES,&nbsp,135,AD 77,2025-11-05_01:52:52.004017
ED   24,97.98%,NO,&nbsp,124,AD 77,2025-11-05_01:52:52.004017
ED   25,97.98%,YES,&nbsp,94,AD 77,2025-11-05_01:52:52.004017
ED   25,97.98%,NO,&nbsp,51,AD 77,2025-11-05_01:52:52.004017
ED   26,97.98%,YES,&nbsp,132,AD 77,2025-11-05_01:52:52.004017
ED   26,97.98%,NO,&nbsp,110,AD 77,2025-11-05_01:52:52.004017
ED   27,97.98%,YES,&nbsp,105,AD 77,2025-11-05_01:52:52.004017
ED   27,97.98%,NO,&nbsp,122,AD 77,2025-11-05_01:52:52.004017
ED   28,97.98%,YES,&nbsp,100,AD 77,2025-11-05_01:52:52.004017
ED   28,97.98%,NO,&nbsp,100,AD 77,2025-11-05_01:52:52.004017
ED   29,97.98%,YES,&nbsp,42,AD 77,2025-11-05_01:52:52.004017
ED   29,97.98%,NO,&nbsp,47,AD 77,2025-11-05_01:52:52.004017
ED   30,97.98%,YES,&nbsp,53,AD 77,2025-11-05_01:52:52.004017
ED   30,97.98%,NO,&nbsp,47,AD 77,2025-11-05_01:52:52.004017
ED   31,97.98%,YES,&nbsp,108,AD 77,2025-11-05_01:52:52.004017
ED   31,97.98%,NO,&nbsp,92,AD 77,2025-11-05_01:52:52.004017
ED   32,97.98%,YES,&nbsp,134,AD 77,2025-11-05_01:52:52.004017
ED   32,97.98%,NO,&nbsp,117,AD 77,2025-11-05_01:52:52.004017
ED   33,97.98%,YES,&nbsp,63,AD 77,2025-11-05_01:52:52.004017
ED   33,97.98%,NO,&nbsp,61,AD 77,2025-11-05_01:52:52.004017
ED   34,97.98%,YES,&nbsp,128,AD 77,2025-11-05_01:52:52.004017
ED   34,97.98%,NO,&nbsp,150,AD 77,2025-11-05_01:52:52.004017
ED   35,97.98%,YES,&nbsp,113,AD 77,2025-11-05_01:52:52.004017
ED   35,97.98%,NO,&nbsp,98,AD 77,2025-11-05_01:52:52.004017
ED   36,97.98%,YES,&nbsp,110,AD 77,2025-11-05_01:52:52.004017
ED   36,97.98%,NO,&nbsp,67,AD 77,2025-11-05_01:52:52.004017
ED   37,97.98%,YES,&nbsp,141,AD 77,2025-11-05_01:52:52.004017
ED   37,97.98%,NO,&nbsp,137,AD 77,2025-11-05_01:52:52.004017
ED   38,97.98%,YES,&nbsp,69,AD 77,2025-11-05_01:52:52.004017
ED   38,97.98%,NO,&nbsp,73,AD 77,2025-11-05_01:52:52.004017
ED   39,97.98%,YES,&nbsp,134,AD 77,2025-11-05_01:52:52.004017
ED   39,97.98%,NO,&nbsp,127,AD 77,2025-11-05_01:52:52.004017
ED   40,97.98%,YES,&nbsp,127,AD 77,2025-11-05_01:52:52.004017
ED   40,97.98%,NO,&nbsp,152,AD 77,2025-11-05_01:52:52.004017
ED   41,97.98%,YES,&nbsp,156,AD 77,2025-11-05_01:52:52.004017
ED   41,97.98%,NO,&nbsp,127,AD 77,2025-11-05_01:52:52.004017
ED   42,97.98%,YES,&nbsp,143,AD 77,2025-11-05_01:52:52.004017
ED   42,97.98%,NO,&nbsp,127,AD 77,2025-11-05_01:52:52.004017
ED   43,97.98%,YES,&nbsp,95,AD 77,2025-11-05_01:52:52.004017
ED   43,97.98%,NO,&nbsp,93,AD 77,2025-11-05_01:52:52.004017
ED   44,97.98%,YES,&nbsp,147,AD 77,2025-11-05_01:52:52.004017
ED   44,97.98%,NO,&nbsp,142,AD 77,2025-11-05_01:52:52.004017
ED   45,97.98%,YES,&nbsp,46,AD 77,2025-11-05_01:52:52.004017
ED   45,97.98%,NO,&nbsp,49,AD 77,2025-11-05_01:52:52.004017
ED   46,97.98%,YES,&nbsp,213,AD 77,2025-11-05_01:52:52.004017
ED   46,97.98%,NO,&nbsp,159,AD 77,2025-11-05_01:52:52.004017
ED   47,97.98%,YES,&nbsp,203,AD 77,2025-11-05_01:52:52.004017
ED   47,97.98%,NO,&nbsp,204,AD 77,2025-11-05_01:52:52.004017
ED   48,97.98%,YES,&nbsp,120,AD 77,2025-11-05_01:52:52.004017
ED   48,97.98%,NO,&nbsp,113,AD 77,2025-11-05_01:52:52.004017
ED   49,97.98%,YES,&nbsp,175,AD 77,2025-11-05_01:52:52.004017
ED   49,97.98%,NO,&nbsp,236,AD 77,2025-11-05_01:52:52.004017
ED   50,97.98%,YES,&nbsp,159,AD 77,2025-11-05_01:52:52.004017
ED   50,97.98%,NO,&nbsp,142,AD 77,2025-11-05_01:52:52.004017
ED   51,97.98%,YES,&nbsp,100,AD 77,2025-11-05_01:52:52.004017
ED   51,97.98%,NO,&nbsp,127,AD 77,2025-11-05_01:52:52.004017
ED   52,97.98%,YES,&nbsp,165,AD 77,2025-11-05_01:52:52.004017
ED   52,97.98%,NO,&nbsp,140,AD 77,2025-11-05_01:52:52.004017
ED   53,97.98%,YES,&nbsp,150,AD 77,2025-11-05_01:52:52.004017
ED   53,97.98%,NO,&nbsp,114,AD 77,2025-11-05_01:52:52.004017
ED   54,97.98%,YES,&nbsp,0,AD 77,2025-11-05_01:52:52.004017
ED   54,97.98%,NO,&nbsp,0,AD 77,2025-11-05_01:52:52.004017
ED   55,97.98%,YES,&nbsp,0,AD 77,2025-11-05_01:52:52.004017
ED   55,97.98%,NO,&nbsp,0,AD 77,2025-11-05_01:52:52.004017
ED   56,97.98%,YES,&nbsp,0,AD 77,2025-11-05_01:52:52.004017
ED   56,97.98%,NO,&nbsp,0,AD 77,2025-11-05_01:52:52.004017
ED   57,97.98%,YES,&nbsp,0,AD 77,2025-11-05_01:52:52.004017
ED   57,97.98%,NO,&nbsp,0,AD 77,2025-11-05_01:52:52.004017
ED   58,97.98%,YES,&nbsp,0,AD 77,2025-11-05_01:52:52.004017
ED   58,97.98%,NO,&nbsp,0,AD 77,2025-11-05_01:52:52.004017
ED   59,97.98%,YES,&nbsp,0,AD 77,2025-11-05_01:52:52.004017
ED   59,97.98%,NO,&nbsp,0,AD 77,2025-11-05_01:52:52.004017
Total,,YES,&nbsp,6677,AD 77,2025-11-05_01:52:52.004017
Total,,NO,&nbsp,6011,AD 77,2025-11-05_01:52:52.004017
ED    1,97.98%,YES,&nbsp,149,AD 78,2025-11-05_01:52:52.004017
ED    1,97.98%,NO,&nbsp,100,AD 78,2025-11-05_01:52:52.004017
ED    2,97.98%,YES,&nbsp,178,AD 78,2025-11-05_01:52:52.004017
ED    2,97.98%,NO,&nbsp,168,AD 78,2025-11-05_01:52:52.004017
ED    3,97.98%,YES,&nbsp,126,AD 78,2025-11-05_01:52:52.004017
ED    3,97.98%,NO,&nbsp,113,AD 78,2025-11-05_01:52:52.004017
ED    4,97.98%,YES,&nbsp,121,AD 78,2025-11-05_01:52:52.004017
ED    4,97.98%,NO,&nbsp,105,AD 78,2025-11-05_01:52:52.004017
ED    5,97.98%,YES,&nbsp,81,AD 78,2025-11-05_01:52:52.004017
ED    5,97.98%,NO,&nbsp,104,AD 78,2025-11-05_01:52:52.004017
ED    6,97.98%,YES,&nbsp,76,AD 78,2025-11-05_01:52:52.004017
ED    6,97.98%,NO,&nbsp,105,AD 78,2025-11-05_01:52:52.004017
ED    7,97.98%,YES,&nbsp,141,AD 78,2025-11-05_01:52:52.004017
ED    7,97.98%,NO,&nbsp,139,AD 78,2025-11-05_01:52:52.004017
ED    8,97.98%,YES,&nbsp,106,AD 78,2025-11-05_01:52:52.004017
ED    8,97.98%,NO,&nbsp,135,AD 78,2025-11-05_01:52:52.004017
ED    9,97.98%,YES,&nbsp,79,AD 78,2025-11-05_01:52:52.004017
ED    9,97.98%,NO,&nbsp,180,AD 78,2025-11-05_01:52:52.004017
ED   10,97.98%,YES,&nbsp,154,AD 78,2025-11-05_01:52:52.004017
ED   10,97.98%,NO,&nbsp,191,AD 78,2025-11-05_01:52:52.004017
ED   11,97.98%,YES,&nbsp,122,AD 78,2025-11-05_01:52:52.004017
ED   11,97.98%,NO,&nbsp,165,AD 78,2025-11-05_01:52:52.004017
ED   12,97.98%,YES,&nbsp,101,AD 78,2025-11-05_01:52:52.004017
ED   12,97.98%,NO,&nbsp,116,AD 78,2025-11-05_01:52:52.004017
ED   13,97.98%,YES,&nbsp,104,AD 78,2025-11-05_01:52:52.004017
ED   13,97.98%,NO,&nbsp,64,AD 78,2025-11-05_01:52:52.004017
ED   14,97.98%,YES,&nbsp,141,AD 78,2025-11-05_01:52:52.004017
ED   14,97.98%,NO,&nbsp,116,AD 78,2025-11-05_01:52:52.004017
ED   15,97.98%,YES,&nbsp,30,AD 78,2025-11-05_01:52:52.004017
ED   15,97.98%,NO,&nbsp,17,AD 78,2025-11-05_01:52:52.004017
ED   16,97.98%,YES,&nbsp,83,AD 78,2025-11-05_01:52:52.004017
ED   16,97.98%,NO,&nbsp,89,AD 78,2025-11-05_01:52:52.004017
ED   17,97.98%,YES,&nbsp,137,AD 78,2025-11-05_01:52:52.004017
ED   17,97.98%,NO,&nbsp,142,AD 78,2025-11-05_01:52:52.004017
ED   18,97.98%,YES,&nbsp,151,AD 78,2025-11-05_01:52:52.004017
ED   18,97.98%,NO,&nbsp,129,AD 78,2025-11-05_01:52:52.004017
ED   19,97.98%,YES,&nbsp,137,AD 78,2025-11-05_01:52:52.004017
ED   19,97.98%,NO,&nbsp,113,AD 78,2025-11-05_01:52:52.004017
ED   20,97.98%,YES,&nbsp,166,AD 78,2025-11-05_01:52:52.004017
ED   20,97.98%,NO,&nbsp,161,AD 78,2025-11-05_01:52:52.004017
ED   21,97.98%,YES,&nbsp,106,AD 78,2025-11-05_01:52:52.004017
ED   21,97.98%,NO,&nbsp,107,AD 78,2025-11-05_01:52:52.004017
ED   22,97.98%,YES,&nbsp,153,AD 78,2025-11-05_01:52:52.004017
ED   22,97.98%,NO,&nbsp,159,AD 78,2025-11-05_01:52:52.004017
ED   23,97.98%,YES,&nbsp,129,AD 78,2025-11-05_01:52:52.004017
ED   23,97.98%,NO,&nbsp,198,AD 78,2025-11-05_01:52:52.004017
ED   24,97.98%,YES,&nbsp,20,AD 78,2025-11-05_01:52:52.004017
ED   24,97.98%,NO,&nbsp,15,AD 78,2025-11-05_01:52:52.004017
ED   25,97.98%,YES,&nbsp,156,AD 78,2025-11-05_01:52:52.004017
ED   25,97.98%,NO,&nbsp,209,AD 78,2025-11-05_01:52:52.004017
ED   26,97.98%,YES,&nbsp,118,AD 78,2025-11-05_01:52:52.004017
ED   26,97.98%,NO,&nbsp,130,AD 78,2025-11-05_01:52:52.004017
ED   27,97.98%,YES,&nbsp,156,AD 78,2025-11-05_01:52:52.004017
ED   27,97.98%,NO,&nbsp,213,AD 78,2025-11-05_01:52:52.004017
ED   28,97.98%,YES,&nbsp,212,AD 78,2025-11-05_01:52:52.004017
ED   28,97.98%,NO,&nbsp,254,AD 78,2025-11-05_01:52:52.004017
ED   29,97.98%,YES,&nbsp,107,AD 78,2025-11-05_01:52:52.004017
ED   29,97.98%,NO,&nbsp,132,AD 78,2025-11-05_01:52:52.004017
ED   30,97.98%,YES,&nbsp,160,AD 78,2025-11-05_01:52:52.004017
ED   30,97.98%,NO,&nbsp,206,AD 78,2025-11-05_01:52:52.004017
ED   31,97.98%,YES,&nbsp,81,AD 78,2025-11-05_01:52:52.004017
ED   31,97.98%,NO,&nbsp,95,AD 78,2025-11-05_01:52:52.004017
ED   32,97.98%,YES,&nbsp,301,AD 78,2025-11-05_01:52:52.004017
ED   32,97.98%,NO,&nbsp,321,AD 78,2025-11-05_01:52:52.004017
ED   33,97.98%,YES,&nbsp,126,AD 78,2025-11-05_01:52:52.004017
ED   33,97.98%,NO,&nbsp,132,AD 78,2025-11-05_01:52:52.004017
ED   34,97.98%,YES,&nbsp,123,AD 78,2025-11-05_01:52:52.004017
ED   34,97.98%,NO,&nbsp,116,AD 78,2025-11-05_01:52:52.004017
ED   35,97.98%,YES,&nbsp,119,AD 78,2025-11-05_01:52:52.004017
ED   35,97.98%,NO,&nbsp,106,AD 78,2025-11-05_01:52:52.004017
ED   36,97.98%,YES,&nbsp,98,AD 78,2025-11-05_01:52:52.004017
ED   36,97.98%,NO,&nbsp,84,AD 78,2025-11-05_01:52:52.004017
ED   37,97.98%,YES,&nbsp,152,AD 78,2025-11-05_01:52:52.004017
ED   37,97.98%,NO,&nbsp,117,AD 78,2025-11-05_01:52:52.004017
ED   38,97.98%,YES,&nbsp,90,AD 78,2025-11-05_01:52:52.004017
ED   38,97.98%,NO,&nbsp,79,AD 78,2025-11-05_01:52:52.004017
ED   39,97.98%,YES,&nbsp,118,AD 78,2025-11-05_01:52:52.004017
ED   39,97.98%,NO,&nbsp,124,AD 78,2025-11-05_01:52:52.004017
ED   40,97.98%,YES,&nbsp,101,AD 78,2025-11-05_01:52:52.004017
ED   40,97.98%,NO,&nbsp,123,AD 78,2025-11-05_01:52:52.004017
ED   41,97.98%,YES,&nbsp,125,AD 78,2025-11-05_01:52:52.004017
ED   41,97.98%,NO,&nbsp,124,AD 78,2025-11-05_01:52:52.004017
ED   42,97.98%,YES,&nbsp,132,AD 78,2025-11-05_01:52:52.004017
ED   42,97.98%,NO,&nbsp,159,AD 78,2025-11-05_01:52:52.004017
ED   43,97.98%,YES,&nbsp,155,AD 78,2025-11-05_01:52:52.004017
ED   43,97.98%,NO,&nbsp,179,AD 78,2025-11-05_01:52:52.004017
ED   44,97.98%,YES,&nbsp,172,AD 78,2025-11-05_01:52:52.004017
ED   44,97.98%,NO,&nbsp,174,AD 78,2025-11-05_01:52:52.004017
ED   45,97.98%,YES,&nbsp,126,AD 78,2025-11-05_01:52:52.004017
ED   45,97.98%,NO,&nbsp,149,AD 78,2025-11-05_01:52:52.004017
ED   46,97.98%,YES,&nbsp,77,AD 78,2025-11-05_01:52:52.004017
ED   46,97.98%,NO,&nbsp,129,AD 78,2025-11-05_01:52:52.004017
ED   47,97.98%,YES,&nbsp,106,AD 78,2025-11-05_01:52:52.004017
ED   47,97.98%,NO,&nbsp,124,AD 78,2025-11-05_01:52:52.004017
ED   48,97.98%,YES,&nbsp,0,AD 78,2025-11-05_01:52:52.004017
ED   48,97.98%,NO,&nbsp,0,AD 78,2025-11-05_01:52:52.004017
ED   49,97.98%,YES,&nbsp,152,AD 78,2025-11-05_01:52:52.004017
ED   49,97.98%,NO,&nbsp,203,AD 78,2025-11-05_01:52:52.004017
ED   50,97.98%,YES,&nbsp,0,AD 78,2025-11-05_01:52:52.004017
ED   50,97.98%,NO,&nbsp,0,AD 78,2025-11-05_01:52:52.004017
ED   51,97.98%,YES,&nbsp,0,AD 78,2025-11-05_01:52:52.004017
ED   51,97.98%,NO,&nbsp,0,AD 78,2025-11-05_01:52:52.004017
ED   52,97.98%,YES,&nbsp,0,AD 78,2025-11-05_01:52:52.004017
ED   52,97.98%,NO,&nbsp,0,AD 78,2025-11-05_01:52:52.004017
ED   53,97.98%,YES,&nbsp,0,AD 78,2025-11-05_01:52:52.004017
ED   53,97.98%,NO,&nbsp,0,AD 78,2025-11-05_01:52:52.004017
Total,,YES,&nbsp,6054,AD 78,2025-11-05_01:52:52.004017
Total,,NO,&nbsp,6613,AD 78,2025-11-05_01:52:52.004017
ED    1,97.98%,YES,&nbsp,143,AD 79,2025-11-05_01:52:52.004017
ED    1,97.98%,NO,&nbsp,130,AD 79,2025-11-05_01:52:52.004017
ED    2,97.98%,YES,&nbsp,18,AD 79,2025-11-05_01:52:52.004017
ED    2,97.98%,NO,&nbsp,19,AD 79,2025-11-05_01:52:52.004017
ED    3,97.98%,YES,&nbsp,130,AD 79,2025-11-05_01:52:52.004017
ED    3,97.98%,NO,&nbsp,120,AD 79,2025-11-05_01:52:52.004017
ED    4,97.98%,YES,&nbsp,92,AD 79,2025-11-05_01:52:52.004017
ED    4,97.98%,NO,&nbsp,77,AD 79,2025-11-05_01:52:52.004017
ED    5,97.98%,YES,&nbsp,74,AD 79,2025-11-05_01:52:52.004017
ED    5,97.98%,NO,&nbsp,76,AD 79,2025-11-05_01:52:52.004017
ED    6,97.98%,YES,&nbsp,66,AD 79,2025-11-05_01:52:52.004017
ED    6,97.98%,NO,&nbsp,83,AD 79,2025-11-05_01:52:52.004017
ED    7,97.98%,YES,&nbsp,94,AD 79,2025-11-05_01:52:52.004017
ED    7,97.98%,NO,&nbsp,67,AD 79,2025-11-05_01:52:52.004017
ED    8,97.98%,YES,&nbsp,75,AD 79,2025-11-05_01:52:52.004017
ED    8,97.98%,NO,&nbsp,75,AD 79,2025-11-05_01:52:52.004017
ED    9,97.98%,YES,&nbsp,35,AD 79,2025-11-05_01:52:52.004017
ED    9,97.98%,NO,&nbsp,48,AD 79,2025-11-05_01:52:52.004017
ED   10,97.98%,YES,&nbsp,124,AD 79,2025-11-05_01:52:52.004017
ED   10,97.98%,NO,&nbsp,77,AD 79,2025-11-05_01:52:52.004017
ED   11,97.98%,YES,&nbsp,82,AD 79,2025-11-05_01:52:52.004017
ED   11,97.98%,NO,&nbsp,90,AD 79,2025-11-05_01:52:52.004017
ED   12,97.98%,YES,&nbsp,130,AD 79,2025-11-05_01:52:52.004017
ED   12,97.98%,NO,&nbsp,131,AD 79,2025-11-05_01:52:52.004017
ED   13,97.98%,YES,&nbsp,109,AD 79,2025-11-05_01:52:52.004017
ED   13,97.98%,NO,&nbsp,113,AD 79,2025-11-05_01:52:52.004017
ED   14,97.98%,YES,&nbsp,92,AD 79,2025-11-05_01:52:52.004017
ED   14,97.98%,NO,&nbsp,99,AD 79,2025-11-05_01:52:52.004017
ED   15,97.98%,YES,&nbsp,149,AD 79,2025-11-05_01:52:52.004017
ED   15,97.98%,NO,&nbsp,123,AD 79,2025-11-05_01:52:52.004017
ED   16,97.98%,YES,&nbsp,80,AD 79,2025-11-05_01:52:52.004017
ED   16,97.98%,NO,&nbsp,94,AD 79,2025-11-05_01:52:52.004017
ED   17,97.98%,YES,&nbsp,135,AD 79,2025-11-05_01:52:52.004017
ED   17,97.98%,NO,&nbsp,107,AD 79,2025-11-05_01:52:52.004017
ED   18,97.98%,YES,&nbsp,105,AD 79,2025-11-05_01:52:52.004017
ED   18,97.98%,NO,&nbsp,93,AD 79,2025-11-05_01:52:52.004017
ED   19,97.98%,YES,&nbsp,62,AD 79,2025-11-05_01:52:52.004017
ED   19,97.98%,NO,&nbsp,50,AD 79,2025-11-05_01:52:52.004017
ED   20,97.98%,YES,&nbsp,147,AD 79,2025-11-05_01:52:52.004017
ED   20,97.98%,NO,&nbsp,133,AD 79,2025-11-05_01:52:52.004017
ED   21,97.98%,YES,&nbsp,93,AD 79,2025-11-05_01:52:52.004017
ED   21,97.98%,NO,&nbsp,87,AD 79,2025-11-05_01:52:52.004017
ED   22,97.98%,YES,&nbsp,119,AD 79,2025-11-05_01:52:52.004017
ED   22,97.98%,NO,&nbsp,150,AD 79,2025-11-05_01:52:52.004017
ED   23,97.98%,YES,&nbsp,161,AD 79,2025-11-05_01:52:52.004017
ED   23,97.98%,NO,&nbsp,127,AD 79,2025-11-05_01:52:52.004017
ED   24,97.98%,YES,&nbsp,100,AD 79,2025-11-05_01:52:52.004017
ED   24,97.98%,NO,&nbsp,110,AD 79,2025-11-05_01:52:52.004017
ED   25,97.98%,YES,&nbsp,49,AD 79,2025-11-05_01:52:52.004017
ED   25,97.98%,NO,&nbsp,48,AD 79,2025-11-05_01:52:52.004017
ED   26,97.98%,YES,&nbsp,73,AD 79,2025-11-05_01:52:52.004017
ED   26,97.98%,NO,&nbsp,63,AD 79,2025-11-05_01:52:52.004017
ED   27,97.98%,YES,&nbsp,150,AD 79,2025-11-05_01:52:52.004017
ED   27,97.98%,NO,&nbsp,138,AD 79,2025-11-05_01:52:52.004017
ED   28,97.98%,YES,&nbsp,163,AD 79,2025-11-05_01:52:52.004017
ED   28,97.98%,NO,&nbsp,188,AD 79,2025-11-05_01:52:52.004017
ED   29,97.98%,YES,&nbsp,174,AD 79,2025-11-05_01:52:52.004017
ED   29,97.98%,NO,&nbsp,151,AD 79,2025-11-05_01:52:52.004017
ED   30,97.98%,YES,&nbsp,86,AD 79,2025-11-05_01:52:52.004017
ED   30,97.98%,NO,&nbsp,96,AD 79,2025-11-05_01:52:52.004017
ED   31,97.98%,YES,&nbsp,129,AD 79,2025-11-05_01:52:52.004017
ED   31,97.98%,NO,&nbsp,74,AD 79,2025-11-05_01:52:52.004017
ED   32,97.98%,YES,&nbsp,143,AD 79,2025-11-05_01:52:52.004017
ED   32,97.98%,NO,&nbsp,184,AD 79,2025-11-05_01:52:52.004017
ED   33,97.98%,YES,&nbsp,100,AD 79,2025-11-05_01:52:52.004017
ED   33,97.98%,NO,&nbsp,75,AD 79,2025-11-05_01:52:52.004017
ED   34,97.98%,YES,&nbsp,149,AD 79,2025-11-05_01:52:52.004017
ED   34,97.98%,NO,&nbsp,152,AD 79,2025-11-05_01:52:52.004017
ED   35,97.98%,YES,&nbsp,157,AD 79,2025-11-05_01:52:52.004017
ED   35,97.98%,NO,&nbsp,133,AD 79,2025-11-05_01:52:52.004017
ED   36,97.98%,YES,&nbsp,124,AD 79,2025-11-05_01:52:52.004017
ED   36,97.98%,NO,&nbsp,75,AD 79,2025-11-05_01:52:52.004017
ED   37,97.98%,YES,&nbsp,159,AD 79,2025-11-05_01:52:52.004017
ED   37,97.98%,NO,&nbsp,108,AD 79,2025-11-05_01:52:52.004017
ED   38,97.98%,YES,&nbsp,95,AD 79,2025-11-05_01:52:52.004017
ED   38,97.98%,NO,&nbsp,96,AD 79,2025-11-05_01:52:52.004017
ED   39,97.98%,YES,&nbsp,115,AD 79,2025-11-05_01:52:52.004017
ED   39,97.98%,NO,&nbsp,75,AD 79,2025-11-05_01:52:52.004017
ED   40,97.98%,YES,&nbsp,176,AD 79,2025-11-05_01:52:52.004017
ED   40,97.98%,NO,&nbsp,153,AD 79,2025-11-05_01:52:52.004017
ED   41,97.98%,YES,&nbsp,153,AD 79,2025-11-05_01:52:52.004017
ED   41,97.98%,NO,&nbsp,109,AD 79,2025-11-05_01:52:52.004017
ED   42,97.98%,YES,&nbsp,133,AD 79,2025-11-05_01:52:52.004017
ED   42,97.98%,NO,&nbsp,124,AD 79,2025-11-05_01:52:52.004017
ED   43,97.98%,YES,&nbsp,164,AD 79,2025-11-05_01:52:52.004017
ED   43,97.98%,NO,&nbsp,189,AD 79,2025-11-05_01:52:52.004017
ED   44,97.98%,YES,&nbsp,101,AD 79,2025-11-05_01:52:52.004017
ED   44,97.98%,NO,&nbsp,127,AD 79,2025-11-05_01:52:52.004017
ED   45,97.98%,YES,&nbsp,130,AD 79,2025-11-05_01:52:52.004017
ED   45,97.98%,NO,&nbsp,153,AD 79,2025-11-05_01:52:52.004017
ED   46,97.98%,YES,&nbsp,146,AD 79,2025-11-05_01:52:52.004017
ED   46,97.98%,NO,&nbsp,200,AD 79,2025-11-05_01:52:52.004017
ED   47,97.98%,YES,&nbsp,182,AD 79,2025-11-05_01:52:52.004017
ED   47,97.98%,NO,&nbsp,192,AD 79,2025-11-05_01:52:52.004017
ED   48,97.98%,YES,&nbsp,20,AD 79,2025-11-05_01:52:52.004017
ED   48,97.98%,NO,&nbsp,25,AD 79,2025-11-05_01:52:52.004017
ED   49,97.98%,YES,&nbsp,94,AD 79,2025-11-05_01:52:52.004017
ED   49,97.98%,NO,&nbsp,111,AD 79,2025-11-05_01:52:52.004017
ED   50,97.98%,YES,&nbsp,129,AD 79,2025-11-05_01:52:52.004017
ED   50,97.98%,NO,&nbsp,118,AD 79,2025-11-05_01:52:52.004017
ED   51,97.98%,YES,&nbsp,146,AD 79,2025-11-05_01:52:52.004017
ED   51,97.98%,NO,&nbsp,115,AD 79,2025-11-05_01:52:52.004017
ED   52,97.98%,YES,&nbsp,156,AD 79,2025-11-05_01:52:52.004017
ED   52,97.98%,NO,&nbsp,135,AD 79,2025-11-05_01:52:52.004017
ED   53,97.98%,YES,&nbsp,70,AD 79,2025-11-05_01:52:52.004017
ED   53,97.98%,NO,&nbsp,72,AD 79,2025-11-05_01:52:52.004017
ED   54,97.98%,YES,&nbsp,211,AD 79,2025-11-05_01:52:52.004017
ED   54,97.98%,NO,&nbsp,197,AD 79,2025-11-05_01:52:52.004017
ED   55,97.98%,YES,&nbsp,254,AD 79,2025-11-05_01:52:52.004017
ED   55,97.98%,NO,&nbsp,277,AD 79,2025-11-05_01:52:52.004017
ED   56,97.98%,YES,&nbsp,153,AD 79,2025-11-05_01:52:52.004017
ED   56,97.98%,NO,&nbsp,144,AD 79,2025-11-05_01:52:52.004017
ED   57,97.98%,YES,&nbsp,55,AD 79,2025-11-05_01:52:52.004017
ED   57,97.98%,NO,&nbsp,48,AD 79,2025-11-05_01:52:52.004017
Total,,YES,&nbsp,6754,AD 79,2025-11-05_01:52:52.004017
Total,,NO,&nbsp,6424,AD 79,2025-11-05_01:52:52.004017
ED    1,97.98%,YES,&nbsp,113,AD 80,2025-11-05_01:52:52.004017
ED    1,97.98%,NO,&nbsp,126,AD 80,2025-11-05_01:52:52.004017
ED    2,97.98%,YES,&nbsp,112,AD 80,2025-11-05_01:52:52.004017
ED    2,97.98%,NO,&nbsp,130,AD 80,2025-11-05_01:52:52.004017
ED    3,97.98%,YES,&nbsp,97,AD 80,2025-11-05_01:52:52.004017
ED    3,97.98%,NO,&nbsp,102,AD 80,2025-11-05_01:52:52.004017
ED    4,97.98%,YES,&nbsp,110,AD 80,2025-11-05_01:52:52.004017
ED    4,97.98%,NO,&nbsp,167,AD 80,2025-11-05_01:52:52.004017
ED    5,97.98%,YES,&nbsp,178,AD 80,2025-11-05_01:52:52.004017
ED    5,97.98%,NO,&nbsp,152,AD 80,2025-11-05_01:52:52.004017
ED    6,97.98%,YES,&nbsp,200,AD 80,2025-11-05_01:52:52.004017
ED    6,97.98%,NO,&nbsp,247,AD 80,2025-11-05_01:52:52.004017
ED    7,97.98%,YES,&nbsp,152,AD 80,2025-11-05_01:52:52.004017
ED    7,97.98%,NO,&nbsp,200,AD 80,2025-11-05_01:52:52.004017
ED    8,97.98%,YES,&nbsp,176,AD 80,2025-11-05_01:52:52.004017
ED    8,97.98%,NO,&nbsp,233,AD 80,2025-11-05_01:52:52.004017
ED    9,97.98%,YES,&nbsp,140,AD 80,2025-11-05_01:52:52.004017
ED    9,97.98%,NO,&nbsp,159,AD 80,2025-11-05_01:52:52.004017
ED   10,97.98%,YES,&nbsp,141,AD 80,2025-11-05_01:52:52.004017
ED   10,97.98%,NO,&nbsp,218,AD 80,2025-11-05_01:52:52.004017
ED   11,97.98%,YES,&nbsp,149,AD 80,2025-11-05_01:52:52.004017
ED   11,97.98%,NO,&nbsp,203,AD 80,2025-11-05_01:52:52.004017
ED   12,97.98%,YES,&nbsp,190,AD 80,2025-11-05_01:52:52.004017
ED   12,97.98%,NO,&nbsp,192,AD 80,2025-11-05_01:52:52.004017
ED   13,97.98%,YES,&nbsp,172,AD 80,2025-11-05_01:52:52.004017
ED   13,97.98%,NO,&nbsp,259,AD 80,2025-11-05_01:52:52.004017
ED   14,97.98%,YES,&nbsp,171,AD 80,2025-11-05_01:52:52.004017
ED   14,97.98%,NO,&nbsp,235,AD 80,2025-11-05_01:52:52.004017
ED   15,97.98%,YES,&nbsp,154,AD 80,2025-11-05_01:52:52.004017
ED   15,97.98%,NO,&nbsp,259,AD 80,2025-11-05_01:52:52.004017
ED   16,97.98%,YES,&nbsp,181,AD 80,2025-11-05_01:52:52.004017
ED   16,97.98%,NO,&nbsp,197,AD 80,2025-11-05_01:52:52.004017
ED   17,97.98%,YES,&nbsp,203,AD 80,2025-11-05_01:52:52.004017
ED   17,97.98%,NO,&nbsp,258,AD 80,2025-11-05_01:52:52.004017
ED   18,97.98%,YES,&nbsp,160,AD 80,2025-11-05_01:52:52.004017
ED   18,97.98%,NO,&nbsp,193,AD 80,2025-11-05_01:52:52.004017
ED   19,97.98%,YES,&nbsp,124,AD 80,2025-11-05_01:52:52.004017
ED   19,97.98%,NO,&nbsp,203,AD 80,2025-11-05_01:52:52.004017
ED   20,97.98%,YES,&nbsp,218,AD 80,2025-11-05_01:52:52.004017
ED   20,97.98%,NO,&nbsp,405,AD 80,2025-11-05_01:52:52.004017
ED   21,97.98%,YES,&nbsp,230,AD 80,2025-11-05_01:52:52.004017
ED   21,97.98%,NO,&nbsp,304,AD 80,2025-11-05_01:52:52.004017
ED   22,97.98%,YES,&nbsp,122,AD 80,2025-11-05_01:52:52.004017
ED   22,97.98%,NO,&nbsp,96,AD 80,2025-11-05_01:52:52.004017
ED   23,97.98%,YES,&nbsp,215,AD 80,2025-11-05_01:52:52.004017
ED   23,97.98%,NO,&nbsp,359,AD 80,2025-11-05_01:52:52.004017
ED   24,97.98%,YES,&nbsp,172,AD 80,2025-11-05_01:52:52.004017
ED   24,97.98%,NO,&nbsp,237,AD 80,2025-11-05_01:52:52.004017
ED   25,97.98%,YES,&nbsp,95,AD 80,2025-11-05_01:52:52.004017
ED   25,97.98%,NO,&nbsp,111,AD 80,2025-11-05_01:52:52.004017
ED   26,97.98%,YES,&nbsp,200,AD 80,2025-11-05_01:52:52.004017
ED   26,97.98%,NO,&nbsp,262,AD 80,2025-11-05_01:52:52.004017
ED   27,97.98%,YES,&nbsp,52,AD 80,2025-11-05_01:52:52.004017
ED   27,97.98%,NO,&nbsp,61,AD 80,2025-11-05_01:52:52.004017
ED   28,97.98%,YES,&nbsp,25,AD 80,2025-11-05_01:52:52.004017
ED   28,97.98%,NO,&nbsp,43,AD 80,2025-11-05_01:52:52.004017
ED   29,97.98%,YES,&nbsp,181,AD 80,2025-11-05_01:52:52.004017
ED   29,97.98%,NO,&nbsp,229,AD 80,2025-11-05_01:52:52.004017
ED   30,97.98%,YES,&nbsp,172,AD 80,2025-11-05_01:52:52.004017
ED   30,97.98%,NO,&nbsp,214,AD 80,2025-11-05_01:52:52.004017
ED   31,97.98%,YES,&nbsp,180,AD 80,2025-11-05_01:52:52.004017
ED   31,97.98%,NO,&nbsp,153,AD 80,2025-11-05_01:52:52.004017
ED   32,97.98%,YES,&nbsp,104,AD 80,2025-11-05_01:52:52.004017
ED   32,97.98%,NO,&nbsp,105,AD 80,2025-11-05_01:52:52.004017
ED   33,97.98%,YES,&nbsp,74,AD 80,2025-11-05_01:52:52.004017
ED   33,97.98%,NO,&nbsp,76,AD 80,2025-11-05_01:52:52.004017
ED   34,97.98%,YES,&nbsp,190,AD 80,2025-11-05_01:52:52.004017
ED   34,97.98%,NO,&nbsp,162,AD 80,2025-11-05_01:52:52.004017
ED   35,97.98%,YES,&nbsp,210,AD 80,2025-11-05_01:52:52.004017
ED   35,97.98%,NO,&nbsp,202,AD 80,2025-11-05_01:52:52.004017
ED   36,97.98%,YES,&nbsp,94,AD 80,2025-11-05_01:52:52.004017
ED   36,97.98%,NO,&nbsp,91,AD 80,2025-11-05_01:52:52.004017
ED   37,97.98%,YES,&nbsp,149,AD 80,2025-11-05_01:52:52.004017
ED   37,97.98%,NO,&nbsp,154,AD 80,2025-11-05_01:52:52.004017
ED   38,97.98%,YES,&nbsp,33,AD 80,2025-11-05_01:52:52.004017
ED   38,97.98%,NO,&nbsp,41,AD 80,2025-11-05_01:52:52.004017
ED   39,97.98%,YES,&nbsp,132,AD 80,2025-11-05_01:52:52.004017
ED   39,97.98%,NO,&nbsp,98,AD 80,2025-11-05_01:52:52.004017
ED   40,97.98%,YES,&nbsp,168,AD 80,2025-11-05_01:52:52.004017
ED   40,97.98%,NO,&nbsp,144,AD 80,2025-11-05_01:52:52.004017
ED   41,97.98%,YES,&nbsp,264,AD 80,2025-11-05_01:52:52.004017
ED   41,97.98%,NO,&nbsp,341,AD 80,2025-11-05_01:52:52.004017
ED   42,97.98%,YES,&nbsp,187,AD 80,2025-11-05_01:52:52.004017
ED   42,97.98%,NO,&nbsp,270,AD 80,2025-11-05_01:52:52.004017
ED   43,97.98%,YES,&nbsp,162,AD 80,2025-11-05_01:52:52.004017
ED   43,97.98%,NO,&nbsp,219,AD 80,2025-11-05_01:52:52.004017
ED   44,97.98%,YES,&nbsp,136,AD 80,2025-11-05_01:52:52.004017
ED   44,97.98%,NO,&nbsp,131,AD 80,2025-11-05_01:52:52.004017
ED   45,97.98%,YES,&nbsp,170,AD 80,2025-11-05_01:52:52.004017
ED   45,97.98%,NO,&nbsp,182,AD 80,2025-11-05_01:52:52.004017
ED   46,97.98%,YES,&nbsp,104,AD 80,2025-11-05_01:52:52.004017
ED   46,97.98%,NO,&nbsp,126,AD 80,2025-11-05_01:52:52.004017
ED   47,97.98%,YES,&nbsp,115,AD 80,2025-11-05_01:52:52.004017
ED   47,97.98%,NO,&nbsp,152,AD 80,2025-11-05_01:52:52.004017
ED   48,97.98%,YES,&nbsp,137,AD 80,2025-11-05_01:52:52.004017
ED   48,97.98%,NO,&nbsp,112,AD 80,2025-11-05_01:52:52.004017
ED   49,97.98%,YES,&nbsp,124,AD 80,2025-11-05_01:52:52.004017
ED   49,97.98%,NO,&nbsp,164,AD 80,2025-11-05_01:52:52.004017
ED   50,97.98%,YES,&nbsp,133,AD 80,2025-11-05_01:52:52.004017
ED   50,97.98%,NO,&nbsp,125,AD 80,2025-11-05_01:52:52.004017
ED   51,97.98%,YES,&nbsp,133,AD 80,2025-11-05_01:52:52.004017
ED   51,97.98%,NO,&nbsp,123,AD 80,2025-11-05_01:52:52.004017
ED   52,97.98%,YES,&nbsp,18,AD 80,2025-11-05_01:52:52.004017
ED   52,97.98%,NO,&nbsp,5,AD 80,2025-11-05_01:52:52.004017
ED   53,97.98%,YES,&nbsp,149,AD 80,2025-11-05_01:52:52.004017
ED   53,97.98%,NO,&nbsp,157,AD 80,2025-11-05_01:52:52.004017
ED   54,97.98%,YES,&nbsp,310,AD 80,2025-11-05_01:52:52.004017
ED   54,97.98%,NO,&nbsp,171,AD 80,2025-11-05_01:52:52.004017
ED   55,97.98%,YES,&nbsp,161,AD 80,2025-11-05_01:52:52.004017
ED   55,97.98%,NO,&nbsp,174,AD 80,2025-11-05_01:52:52.004017
ED   56,97.98%,YES,&nbsp,192,AD 80,2025-11-05_01:52:52.004017
ED   56,97.98%,NO,&nbsp,197,AD 80,2025-11-05_01:52:52.004017
ED   57,97.98%,YES,&nbsp,204,AD 80,2025-11-05_01:52:52.004017
ED   57,97.98%,NO,&nbsp,249,AD 80,2025-11-05_01:52:52.004017
ED   58,97.98%,YES,&nbsp,0,AD 80,2025-11-05_01:52:52.004017
ED   58,97.98%,NO,&nbsp,0,AD 80,2025-11-05_01:52:52.004017
ED   59,97.98%,YES,&nbsp,0,AD 80,2025-11-05_01:52:52.004017
ED   59,97.98%,NO,&nbsp,0,AD 80,2025-11-05_01:52:52.004017
ED   60,97.98%,YES,&nbsp,0,AD 80,2025-11-05_01:52:52.004017
ED   60,97.98%,NO,&nbsp,0,AD 80,2025-11-05_01:52:52.004017
ED   61,97.98%,YES,&nbsp,0,AD 80,2025-11-05_01:52:52.004017
ED   61,97.98%,NO,&nbsp,0,AD 80,2025-11-05_01:52:52.004017
Total,,YES,&nbsp,8638,AD 80,2025-11-05_01:52:52.004017
Total,,NO,&nbsp,10178,AD 80,2025-11-05_01:52:52.004017
ED    1,97.98%,YES,&nbsp,115,AD 81,2025-11-05_01:52:52.004017
ED    1,97.98%,NO,&nbsp,116,AD 81,2025-11-05_01:52:52.004017
ED    2,97.98%,YES,&nbsp,155,AD 81,2025-11-05_01:52:52.004017
ED    2,97.98%,NO,&nbsp,168,AD 81,2025-11-05_01:52:52.004017
ED    3,97.98%,YES,&nbsp,78,AD 81,2025-11-05_01:52:52.004017
ED    3,97.98%,NO,&nbsp,122,AD 81,2025-11-05_01:52:52.004017
ED    4,97.98%,YES,&nbsp,87,AD 81,2025-11-05_01:52:52.004017
ED    4,97.98%,NO,&nbsp,72,AD 81,2025-11-05_01:52:52.004017
ED    5,97.98%,YES,&nbsp,119,AD 81,2025-11-05_01:52:52.004017
ED    5,97.98%,NO,&nbsp,146,AD 81,2025-11-05_01:52:52.004017
ED    6,97.98%,YES,&nbsp,157,AD 81,2025-11-05_01:52:52.004017
ED    6,97.98%,NO,&nbsp,208,AD 81,2025-11-05_01:52:52.004017
ED    7,97.98%,YES,&nbsp,126,AD 81,2025-11-05_01:52:52.004017
ED    7,97.98%,NO,&nbsp,140,AD 81,2025-11-05_01:52:52.004017
ED    8,97.98%,YES,&nbsp,153,AD 81,2025-11-05_01:52:52.004017
ED    8,97.98%,NO,&nbsp,217,AD 81,2025-11-05_01:52:52.004017
ED    9,97.98%,YES,&nbsp,127,AD 81,2025-11-05_01:52:52.004017
ED    9,97.98%,NO,&nbsp,156,AD 81,2025-11-05_01:52:52.004017
ED   10,97.98%,YES,&nbsp,202,AD 81,2025-11-05_01:52:52.004017
ED   10,97.98%,NO,&nbsp,290,AD 81,2025-11-05_01:52:52.004017
ED   11,97.98%,YES,&nbsp,276,AD 81,2025-11-05_01:52:52.004017
ED   11,97.98%,NO,&nbsp,315,AD 81,2025-11-05_01:52:52.004017
ED   12,97.98%,YES,&nbsp,239,AD 81,2025-11-05_01:52:52.004017
ED   12,97.98%,NO,&nbsp,295,AD 81,2025-11-05_01:52:52.004017
ED   13,97.98%,YES,&nbsp,23,AD 81,2025-11-05_01:52:52.004017
ED   13,97.98%,NO,&nbsp,29,AD 81,2025-11-05_01:52:52.004017
ED   14,97.98%,YES,&nbsp,389,AD 81,2025-11-05_01:52:52.004017
ED   14,97.98%,NO,&nbsp,405,AD 81,2025-11-05_01:52:52.004017
ED   15,97.98%,YES,&nbsp,334,AD 81,2025-11-05_01:52:52.004017
ED   15,97.98%,NO,&nbsp,296,AD 81,2025-11-05_01:52:52.004017
ED   16,97.98%,YES,&nbsp,214,AD 81,2025-11-05_01:52:52.004017
ED   16,97.98%,NO,&nbsp,227,AD 81,2025-11-05_01:52:52.004017
ED   17,97.98%,YES,&nbsp,302,AD 81,2025-11-05_01:52:52.004017
ED   17,97.98%,NO,&nbsp,356,AD 81,2025-11-05_01:52:52.004017
ED   18,97.98%,YES,&nbsp,115,AD 81,2025-11-05_01:52:52.004017
ED   18,97.98%,NO,&nbsp,122,AD 81,2025-11-05_01:52:52.004017
ED   19,97.98%,YES,&nbsp,304,AD 81,2025-11-05_01:52:52.004017
ED   19,97.98%,NO,&nbsp,387,AD 81,2025-11-05_01:52:52.004017
ED   20,97.98%,YES,&nbsp,242,AD 81,2025-11-05_01:52:52.004017
ED   20,97.98%,NO,&nbsp,307,AD 81,2025-11-05_01:52:52.004017
ED   21,97.98%,YES,&nbsp,336,AD 81,2025-11-05_01:52:52.004017
ED   21,97.98%,NO,&nbsp,404,AD 81,2025-11-05_01:52:52.004017
ED   22,97.98%,YES,&nbsp,317,AD 81,2025-11-05_01:52:52.004017
ED   22,97.98%,NO,&nbsp,404,AD 81,2025-11-05_01:52:52.004017
ED   23,97.98%,YES,&nbsp,228,AD 81,2025-11-05_01:52:52.004017
ED   23,97.98%,NO,&nbsp,283,AD 81,2025-11-05_01:52:52.004017
ED   24,97.98%,YES,&nbsp,118,AD 81,2025-11-05_01:52:52.004017
ED   24,97.98%,NO,&nbsp,113,AD 81,2025-11-05_01:52:52.004017
ED   25,97.98%,YES,&nbsp,271,AD 81,2025-11-05_01:52:52.004017
ED   25,97.98%,NO,&nbsp,261,AD 81,2025-11-05_01:52:52.004017
ED   26,97.98%,YES,&nbsp,220,AD 81,2025-11-05_01:52:52.004017
ED   26,97.98%,NO,&nbsp,330,AD 81,2025-11-05_01:52:52.004017
ED   27,97.98%,YES,&nbsp,404,AD 81,2025-11-05_01:52:52.004017
ED   27,97.98%,NO,&nbsp,398,AD 81,2025-11-05_01:52:52.004017
ED   28,97.98%,YES,&nbsp,488,AD 81,2025-11-05_01:52:52.004017
ED   28,97.98%,NO,&nbsp,417,AD 81,2025-11-05_01:52:52.004017
ED   29,97.98%,YES,&nbsp,449,AD 81,2025-11-05_01:52:52.004017
ED   29,97.98%,NO,&nbsp,434,AD 81,2025-11-05_01:52:52.004017
ED   30,97.98%,YES,&nbsp,373,AD 81,2025-11-05_01:52:52.004017
ED   30,97.98%,NO,&nbsp,365,AD 81,2025-11-05_01:52:52.004017
ED   31,97.98%,YES,&nbsp,476,AD 81,2025-11-05_01:52:52.004017
ED   31,97.98%,NO,&nbsp,444,AD 81,2025-11-05_01:52:52.004017
ED   32,97.98%,YES,&nbsp,330,AD 81,2025-11-05_01:52:52.004017
ED   32,97.98%,NO,&nbsp,285,AD 81,2025-11-05_01:52:52.004017
ED   33,97.98%,YES,&nbsp,128,AD 81,2025-11-05_01:52:52.004017
ED   33,97.98%,NO,&nbsp,128,AD 81,2025-11-05_01:52:52.004017
ED   34,97.98%,YES,&nbsp,330,AD 81,2025-11-05_01:52:52.004017
ED   34,97.98%,NO,&nbsp,335,AD 81,2025-11-05_01:52:52.004017
ED   35,97.98%,YES,&nbsp,290,AD 81,2025-11-05_01:52:52.004017
ED   35,97.98%,NO,&nbsp,370,AD 81,2025-11-05_01:52:52.004017
ED   36,97.98%,YES,&nbsp,172,AD 81,2025-11-05_01:52:52.004017
ED   36,97.98%,NO,&nbsp,276,AD 81,2025-11-05_01:52:52.004017
ED   37,97.98%,YES,&nbsp,280,AD 81,2025-11-05_01:52:52.004017
ED   37,97.98%,NO,&nbsp,369,AD 81,2025-11-05_01:52:52.004017
ED   38,97.98%,YES,&nbsp,239,AD 81,2025-11-05_01:52:52.004017
ED   38,97.98%,NO,&nbsp,292,AD 81,2025-11-05_01:52:52.004017
ED   39,97.98%,YES,&nbsp,223,AD 81,2025-11-05_01:52:52.004017
ED   39,97.98%,NO,&nbsp,287,AD 81,2025-11-05_01:52:52.004017
ED   40,97.98%,YES,&nbsp,242,AD 81,2025-11-05_01:52:52.004017
ED   40,97.98%,NO,&nbsp,260,AD 81,2025-11-05_01:52:52.004017
ED   41,97.98%,YES,&nbsp,189,AD 81,2025-11-05_01:52:52.004017
ED   41,97.98%,NO,&nbsp,296,AD 81,2025-11-05_01:52:52.004017
ED   42,97.98%,YES,&nbsp,191,AD 81,2025-11-05_01:52:52.004017
ED   42,97.98%,NO,&nbsp,303,AD 81,2025-11-05_01:52:52.004017
ED   43,97.98%,YES,&nbsp,230,AD 81,2025-11-05_01:52:52.004017
ED   43,97.98%,NO,&nbsp,359,AD 81,2025-11-05_01:52:52.004017
ED   44,97.98%,YES,&nbsp,192,AD 81,2025-11-05_01:52:52.004017
ED   44,97.98%,NO,&nbsp,202,AD 81,2025-11-05_01:52:52.004017
ED   45,97.98%,YES,&nbsp,179,AD 81,2025-11-05_01:52:52.004017
ED   45,97.98%,NO,&nbsp,249,AD 81,2025-11-05_01:52:52.004017
ED   46,97.98%,YES,&nbsp,111,AD 81,2025-11-05_01:52:52.004017
ED   46,97.98%,NO,&nbsp,132,AD 81,2025-11-05_01:52:52.004017
ED   47,97.98%,YES,&nbsp,172,AD 81,2025-11-05_01:52:52.004017
ED   47,97.98%,NO,&nbsp,196,AD 81,2025-11-05_01:52:52.004017
ED   48,97.98%,YES,&nbsp,241,AD 81,2025-11-05_01:52:52.004017
ED   48,97.98%,NO,&nbsp,211,AD 81,2025-11-05_01:52:52.004017
ED   49,97.98%,YES,&nbsp,136,AD 81,2025-11-05_01:52:52.004017
ED   49,97.98%,NO,&nbsp,152,AD 81,2025-11-05_01:52:52.004017
ED   50,97.98%,YES,&nbsp,163,AD 81,2025-11-05_01:52:52.004017
ED   50,97.98%,NO,&nbsp,185,AD 81,2025-11-05_01:52:52.004017
ED   51,97.98%,YES,&nbsp,154,AD 81,2025-11-05_01:52:52.004017
ED   51,97.98%,NO,&nbsp,215,AD 81,2025-11-05_01:52:52.004017
ED   52,97.98%,YES,&nbsp,125,AD 81,2025-11-05_01:52:52.004017
ED   52,97.98%,NO,&nbsp,138,AD 81,2025-11-05_01:52:52.004017
ED   53,97.98%,YES,&nbsp,188,AD 81,2025-11-05_01:52:52.004017
ED   53,97.98%,NO,&nbsp,244,AD 81,2025-11-05_01:52:52.004017
ED   54,97.98%,YES,&nbsp,237,AD 81,2025-11-05_01:52:52.004017
ED   54,97.98%,NO,&nbsp,304,AD 81,2025-11-05_01:52:52.004017
ED   55,97.98%,YES,&nbsp,107,AD 81,2025-11-05_01:52:52.004017
ED   55,97.98%,NO,&nbsp,85,AD 81,2025-11-05_01:52:52.004017
ED   56,97.98%,YES,&nbsp,305,AD 81,2025-11-05_01:52:52.004017
ED   56,97.98%,NO,&nbsp,378,AD 81,2025-11-05_01:52:52.004017
ED   57,97.98%,YES,&nbsp,119,AD 81,2025-11-05_01:52:52.004017
ED   57,97.98%,NO,&nbsp,126,AD 81,2025-11-05_01:52:52.004017
ED   58,97.98%,YES,&nbsp,134,AD 81,2025-11-05_01:52:52.004017
ED   58,97.98%,NO,&nbsp,112,AD 81,2025-11-05_01:52:52.004017
ED   59,97.98%,YES,&nbsp,0,AD 81,2025-11-05_01:52:52.004017
ED   59,97.98%,NO,&nbsp,0,AD 81,2025-11-05_01:52:52.004017
ED   60,97.98%,YES,&nbsp,0,AD 81,2025-11-05_01:52:52.004017
ED   60,97.98%,NO,&nbsp,0,AD 81,2025-11-05_01:52:52.004017
ED   61,97.98%,YES,&nbsp,0,AD 81,2025-11-05_01:52:52.004017
ED   61,97.98%,NO,&nbsp,0,AD 81,2025-11-05_01:52:52.004017
ED   62,97.98%,YES,&nbsp,0,AD 81,2025-11-05_01:52:52.004017
ED   62,97.98%,NO,&nbsp,0,AD 81,2025-11-05_01:52:52.004017
Total,,YES,&nbsp,12844,AD 81,2025-11-05_01:52:52.004017
Total,,NO,&nbsp,14716,AD 81,2025-11-05_01:52:52.004017
ED    1,97.98%,YES,&nbsp,248,AD 82,2025-11-05_01:52:52.004017
ED    1,97.98%,NO,&nbsp,509,AD 82,2025-11-05_01:52:52.004017
ED    2,97.98%,YES,&nbsp,95,AD 82,2025-11-05_01:52:52.004017
ED    2,97.98%,NO,&nbsp,164,AD 82,2025-11-05_01:52:52.004017
ED    3,97.98%,YES,&nbsp,176,AD 82,2025-11-05_01:52:52.004017
ED    3,97.98%,NO,&nbsp,306,AD 82,2025-11-05_01:52:52.004017
ED    4,97.98%,YES,&nbsp,189,AD 82,2025-11-05_01:52:52.004017
ED    4,97.98%,NO,&nbsp,294,AD 82,2025-11-05_01:52:52.004017
ED    5,97.98%,YES,&nbsp,157,AD 82,2025-11-05_01:52:52.004017
ED    5,97.98%,NO,&nbsp,232,AD 82,2025-11-05_01:52:52.004017
ED    6,97.98%,YES,&nbsp,218,AD 82,2025-11-05_01:52:52.004017
ED    6,97.98%,NO,&nbsp,396,AD 82,2025-11-05_01:52:52.004017
ED    7,97.98%,YES,&nbsp,148,AD 82,2025-11-05_01:52:52.004017
ED    7,97.98%,NO,&nbsp,254,AD 82,2025-11-05_01:52:52.004017
ED    8,97.98%,YES,&nbsp,163,AD 82,2025-11-05_01:52:52.004017
ED    8,97.98%,NO,&nbsp,299,AD 82,2025-11-05_01:52:52.004017
ED    9,97.98%,YES,&nbsp,192,AD 82,2025-11-05_01:52:52.004017
ED    9,97.98%,NO,&nbsp,283,AD 82,2025-11-05_01:52:52.004017
ED   10,97.98%,YES,&nbsp,192,AD 82,2025-11-05_01:52:52.004017
ED   10,97.98%,NO,&nbsp,320,AD 82,2025-11-05_01:52:52.004017
ED   11,97.98%,YES,&nbsp,157,AD 82,2025-11-05_01:52:52.004017
ED   11,97.98%,NO,&nbsp,237,AD 82,2025-11-05_01:52:52.004017
ED   12,97.98%,YES,&nbsp,74,AD 82,2025-11-05_01:52:52.004017
ED   12,97.98%,NO,&nbsp,89,AD 82,2025-11-05_01:52:52.004017
ED   13,97.98%,YES,&nbsp,77,AD 82,2025-11-05_01:52:52.004017
ED   13,97.98%,NO,&nbsp,76,AD 82,2025-11-05_01:52:52.004017
ED   14,97.98%,YES,&nbsp,86,AD 82,2025-11-05_01:52:52.004017
ED   14,97.98%,NO,&nbsp,79,AD 82,2025-11-05_01:52:52.004017
ED   15,97.98%,YES,&nbsp,166,AD 82,2025-11-05_01:52:52.004017
ED   15,97.98%,NO,&nbsp,301,AD 82,2025-11-05_01:52:52.004017
ED   16,97.98%,YES,&nbsp,220,AD 82,2025-11-05_01:52:52.004017
ED   16,97.98%,NO,&nbsp,289,AD 82,2025-11-05_01:52:52.004017
ED   17,97.98%,YES,&nbsp,10,AD 82,2025-11-05_01:52:52.004017
ED   17,97.98%,NO,&nbsp,26,AD 82,2025-11-05_01:52:52.004017
ED   18,97.98%,YES,&nbsp,207,AD 82,2025-11-05_01:52:52.004017
ED   18,97.98%,NO,&nbsp,345,AD 82,2025-11-05_01:52:52.004017
ED   19,97.98%,YES,&nbsp,198,AD 82,2025-11-05_01:52:52.004017
ED   19,97.98%,NO,&nbsp,379,AD 82,2025-11-05_01:52:52.004017
ED   20,97.98%,YES,&nbsp,248,AD 82,2025-11-05_01:52:52.004017
ED   20,97.98%,NO,&nbsp,489,AD 82,2025-11-05_01:52:52.004017
ED   21,97.98%,YES,&nbsp,126,AD 82,2025-11-05_01:52:52.004017
ED   21,97.98%,NO,&nbsp,332,AD 82,2025-11-05_01:52:52.004017
ED   22,97.98%,YES,&nbsp,140,AD 82,2025-11-05_01:52:52.004017
ED   22,97.98%,NO,&nbsp,256,AD 82,2025-11-05_01:52:52.004017
ED   23,97.98%,YES,&nbsp,147,AD 82,2025-11-05_01:52:52.004017
ED   23,97.98%,NO,&nbsp,228,AD 82,2025-11-05_01:52:52.004017
ED   24,97.98%,YES,&nbsp,95,AD 82,2025-11-05_01:52:52.004017
ED   24,97.98%,NO,&nbsp,184,AD 82,2025-11-05_01:52:52.004017
ED   25,97.98%,YES,&nbsp,226,AD 82,2025-11-05_01:52:52.004017
ED   25,97.98%,NO,&nbsp,295,AD 82,2025-11-05_01:52:52.004017
ED   26,97.98%,YES,&nbsp,122,AD 82,2025-11-05_01:52:52.004017
ED   26,97.98%,NO,&nbsp,225,AD 82,2025-11-05_01:52:52.004017
ED   27,97.98%,YES,&nbsp,147,AD 82,2025-11-05_01:52:52.004017
ED   27,97.98%,NO,&nbsp,204,AD 82,2025-11-05_01:52:52.004017
ED   28,97.98%,YES,&nbsp,220,AD 82,2025-11-05_01:52:52.004017
ED   28,97.98%,NO,&nbsp,378,AD 82,2025-11-05_01:52:52.004017
ED   29,97.98%,YES,&nbsp,208,AD 82,2025-11-05_01:52:52.004017
ED   29,97.98%,NO,&nbsp,317,AD 82,2025-11-05_01:52:52.004017
ED   30,97.98%,YES,&nbsp,182,AD 82,2025-11-05_01:52:52.004017
ED   30,97.98%,NO,&nbsp,258,AD 82,2025-11-05_01:52:52.004017
ED   31,97.98%,YES,&nbsp,150,AD 82,2025-11-05_01:52:52.004017
ED   31,97.98%,NO,&nbsp,247,AD 82,2025-11-05_01:52:52.004017
ED   32,97.98%,YES,&nbsp,197,AD 82,2025-11-05_01:52:52.004017
ED   32,97.98%,NO,&nbsp,343,AD 82,2025-11-05_01:52:52.004017
ED   33,97.98%,YES,&nbsp,140,AD 82,2025-11-05_01:52:52.004017
ED   33,97.98%,NO,&nbsp,291,AD 82,2025-11-05_01:52:52.004017
ED   34,97.98%,YES,&nbsp,127,AD 82,2025-11-05_01:52:52.004017
ED   34,97.98%,NO,&nbsp,171,AD 82,2025-11-05_01:52:52.004017
ED   35,97.98%,YES,&nbsp,74,AD 82,2025-11-05_01:52:52.004017
ED   35,97.98%,NO,&nbsp,74,AD 82,2025-11-05_01:52:52.004017
ED   36,97.98%,YES,&nbsp,220,AD 82,2025-11-05_01:52:52.004017
ED   36,97.98%,NO,&nbsp,173,AD 82,2025-11-05_01:52:52.004017
ED   37,97.98%,YES,&nbsp,6,AD 82,2025-11-05_01:52:52.004017
ED   37,97.98%,NO,&nbsp,2,AD 82,2025-11-05_01:52:52.004017
ED   38,97.98%,YES,&nbsp,200,AD 82,2025-11-05_01:52:52.004017
ED   38,97.98%,NO,&nbsp,306,AD 82,2025-11-05_01:52:52.004017
ED   39,97.98%,YES,&nbsp,147,AD 82,2025-11-05_01:52:52.004017
ED   39,97.98%,NO,&nbsp,211,AD 82,2025-11-05_01:52:52.004017
ED   40,97.98%,YES,&nbsp,200,AD 82,2025-11-05_01:52:52.004017
ED   40,97.98%,NO,&nbsp,171,AD 82,2025-11-05_01:52:52.004017
ED   41,97.98%,YES,&nbsp,312,AD 82,2025-11-05_01:52:52.004017
ED   41,97.98%,NO,&nbsp,495,AD 82,2025-11-05_01:52:52.004017
ED   42,97.98%,YES,&nbsp,297,AD 82,2025-11-05_01:52:52.004017
ED   42,97.98%,NO,&nbsp,473,AD 82,2025-11-05_01:52:52.004017
ED   43,97.98%,YES,&nbsp,160,AD 82,2025-11-05_01:52:52.004017
ED   43,97.98%,NO,&nbsp,187,AD 82,2025-11-05_01:52:52.004017
ED   44,97.98%,YES,&nbsp,150,AD 82,2025-11-05_01:52:52.004017
ED   44,97.98%,NO,&nbsp,185,AD 82,2025-11-05_01:52:52.004017
ED   45,97.98%,YES,&nbsp,158,AD 82,2025-11-05_01:52:52.004017
ED   45,97.98%,NO,&nbsp,192,AD 82,2025-11-05_01:52:52.004017
ED   46,97.98%,YES,&nbsp,226,AD 82,2025-11-05_01:52:52.004017
ED   46,97.98%,NO,&nbsp,251,AD 82,2025-11-05_01:52:52.004017
ED   47,97.98%,YES,&nbsp,177,AD 82,2025-11-05_01:52:52.004017
ED   47,97.98%,NO,&nbsp,213,AD 82,2025-11-05_01:52:52.004017
ED   48,97.98%,YES,&nbsp,296,AD 82,2025-11-05_01:52:52.004017
ED   48,97.98%,NO,&nbsp,258,AD 82,2025-11-05_01:52:52.004017
ED   49,97.98%,YES,&nbsp,256,AD 82,2025-11-05_01:52:52.004017
ED   49,97.98%,NO,&nbsp,230,AD 82,2025-11-05_01:52:52.004017
ED   50,97.98%,YES,&nbsp,243,AD 82,2025-11-05_01:52:52.004017
ED   50,97.98%,NO,&nbsp,192,AD 82,2025-11-05_01:52:52.004017
ED   51,97.98%,YES,&nbsp,196,AD 82,2025-11-05_01:52:52.004017
ED   51,97.98%,NO,&nbsp,220,AD 82,2025-11-05_01:52:52.004017
ED   52,97.98%,YES,&nbsp,261,AD 82,2025-11-05_01:52:52.004017
ED   52,97.98%,NO,&nbsp,278,AD 82,2025-11-05_01:52:52.004017
ED   53,97.98%,YES,&nbsp,57,AD 82,2025-11-05_01:52:52.004017
ED   53,97.98%,NO,&nbsp,74,AD 82,2025-11-05_01:52:52.004017
ED   54,97.98%,YES,&nbsp,289,AD 82,2025-11-05_01:52:52.004017
ED   54,97.98%,NO,&nbsp,311,AD 82,2025-11-05_01:52:52.004017
ED   55,97.98%,YES,&nbsp,262,AD 82,2025-11-05_01:52:52.004017
ED   55,97.98%,NO,&nbsp,333,AD 82,2025-11-05_01:52:52.004017
ED   56,97.98%,YES,&nbsp,199,AD 82,2025-11-05_01:52:52.004017
ED   56,97.98%,NO,&nbsp,251,AD 82,2025-11-05_01:52:52.004017
ED   57,97.98%,YES,&nbsp,321,AD 82,2025-11-05_01:52:52.004017
ED   57,97.98%,NO,&nbsp,285,AD 82,2025-11-05_01:52:52.004017
ED   58,97.98%,YES,&nbsp,301,AD 82,2025-11-05_01:52:52.004017
ED   58,97.98%,NO,&nbsp,304,AD 82,2025-11-05_01:52:52.004017
ED   59,97.98%,YES,&nbsp,306,AD 82,2025-11-05_01:52:52.004017
ED   59,97.98%,NO,&nbsp,336,AD 82,2025-11-05_01:52:52.004017
ED   60,97.98%,YES,&nbsp,257,AD 82,2025-11-05_01:52:52.004017
ED   60,97.98%,NO,&nbsp,289,AD 82,2025-11-05_01:52:52.004017
ED   61,97.98%,YES,&nbsp,290,AD 82,2025-11-05_01:52:52.004017
ED   61,97.98%,NO,&nbsp,270,AD 82,2025-11-05_01:52:52.004017
ED   62,97.98%,YES,&nbsp,229,AD 82,2025-11-05_01:52:52.004017
ED   62,97.98%,NO,&nbsp,260,AD 82,2025-11-05_01:52:52.004017
ED   63,97.98%,YES,&nbsp,309,AD 82,2025-11-05_01:52:52.004017
ED   63,97.98%,NO,&nbsp,298,AD 82,2025-11-05_01:52:52.004017
ED   64,97.98%,YES,&nbsp,298,AD 82,2025-11-05_01:52:52.004017
ED   64,97.98%,NO,&nbsp,300,AD 82,2025-11-05_01:52:52.004017
ED   65,97.98%,YES,&nbsp,0,AD 82,2025-11-05_01:52:52.004017
ED   65,97.98%,NO,&nbsp,0,AD 82,2025-11-05_01:52:52.004017
ED   66,97.98%,YES,&nbsp,0,AD 82,2025-11-05_01:52:52.004017
ED   66,97.98%,NO,&nbsp,0,AD 82,2025-11-05_01:52:52.004017
ED   67,97.98%,YES,&nbsp,0,AD 82,2025-11-05_01:52:52.004017
ED   67,97.98%,NO,&nbsp,0,AD 82,2025-11-05_01:52:52.004017
ED   68,97.98%,YES,&nbsp,0,AD 82,2025-11-05_01:52:52.004017
ED   68,97.98%,NO,&nbsp,0,AD 82,2025-11-05_01:52:52.004017
ED   69,97.98%,YES,&nbsp,0,AD 82,2025-11-05_01:52:52.004017
ED   69,97.98%,NO,&nbsp,0,AD 82,2025-11-05_01:52:52.004017
ED   70,97.98%,YES,&nbsp,0,AD 82,2025-11-05_01:52:52.004017
ED   70,97.98%,NO,&nbsp,0,AD 82,2025-11-05_01:52:52.004017
ED   71,97.98%,YES,&nbsp,0,AD 82,2025-11-05_01:52:52.004017
ED   71,97.98%,NO,&nbsp,0,AD 82,2025-11-05_01:52:52.004017
ED   72,97.98%,YES,&nbsp,0,AD 82,2025-11-05_01:52:52.004017
ED   72,97.98%,NO,&nbsp,0,AD 82,2025-11-05_01:52:52.004017
ED   73,97.98%,YES,&nbsp,0,AD 82,2025-11-05_01:52:52.004017
ED   73,97.98%,NO,&nbsp,0,AD 82,2025-11-05_01:52:52.004017
ED   74,97.98%,YES,&nbsp,0,AD 82,2025-11-05_01:52:52.004017
ED   74,97.98%,NO,&nbsp,0,AD 82,2025-11-05_01:52:52.004017
ED   75,97.98%,YES,&nbsp,0,AD 82,2025-11-05_01:52:52.004017
ED   75,97.98%,NO,&nbsp,0,AD 82,2025-11-05_01:52:52.004017
ED   76,97.98%,YES,&nbsp,0,AD 82,2025-11-05_01:52:52.004017
ED   76,97.98%,NO,&nbsp,0,AD 82,2025-11-05_01:52:52.004017
ED   77,97.98%,YES,&nbsp,0,AD 82,2025-11-05_01:52:52.004017
ED   77,97.98%,NO,&nbsp,0,AD 82,2025-11-05_01:52:52.004017
Total,,YES,&nbsp,12145,AD 82,2025-11-05_01:52:52.004017
Total,,NO,&nbsp,16518,AD 82,2025-11-05_01:52:52.004017
ED    1,97.98%,YES,&nbsp,61,AD 83,2025-11-05_01:52:52.004017
ED    1,97.98%,NO,&nbsp,69,AD 83,2025-11-05_01:52:52.004017
ED    2,97.98%,YES,&nbsp,63,AD 83,2025-11-05_01:52:52.004017
ED    2,97.98%,NO,&nbsp,70,AD 83,2025-11-05_01:52:52.004017
ED    3,97.98%,YES,&nbsp,60,AD 83,2025-11-05_01:52:52.004017
ED    3,97.98%,NO,&nbsp,63,AD 83,2025-11-05_01:52:52.004017
ED    4,97.98%,YES,&nbsp,194,AD 83,2025-11-05_01:52:52.004017
ED    4,97.98%,NO,&nbsp,107,AD 83,2025-11-05_01:52:52.004017
ED    5,97.98%,YES,&nbsp,80,AD 83,2025-11-05_01:52:52.004017
ED    5,97.98%,NO,&nbsp,30,AD 83,2025-11-05_01:52:52.004017
ED    6,97.98%,YES,&nbsp,199,AD 83,2025-11-05_01:52:52.004017
ED    6,97.98%,NO,&nbsp,167,AD 83,2025-11-05_01:52:52.004017
ED    7,97.98%,YES,&nbsp,92,AD 83,2025-11-05_01:52:52.004017
ED    7,97.98%,NO,&nbsp,72,AD 83,2025-11-05_01:52:52.004017
ED    8,97.98%,YES,&nbsp,147,AD 83,2025-11-05_01:52:52.004017
ED    8,97.98%,NO,&nbsp,142,AD 83,2025-11-05_01:52:52.004017
ED    9,97.98%,YES,&nbsp,127,AD 83,2025-11-05_01:52:52.004017
ED    9,97.98%,NO,&nbsp,118,AD 83,2025-11-05_01:52:52.004017
ED   10,97.98%,YES,&nbsp,176,AD 83,2025-11-05_01:52:52.004017
ED   10,97.98%,NO,&nbsp,136,AD 83,2025-11-05_01:52:52.004017
ED   11,97.98%,YES,&nbsp,199,AD 83,2025-11-05_01:52:52.004017
ED   11,97.98%,NO,&nbsp,207,AD 83,2025-11-05_01:52:52.004017
ED   12,97.98%,YES,&nbsp,153,AD 83,2025-11-05_01:52:52.004017
ED   12,97.98%,NO,&nbsp,160,AD 83,2025-11-05_01:52:52.004017
ED   13,97.98%,YES,&nbsp,160,AD 83,2025-11-05_01:52:52.004017
ED   13,97.98%,NO,&nbsp,148,AD 83,2025-11-05_01:52:52.004017
ED   14,97.98%,YES,&nbsp,161,AD 83,2025-11-05_01:52:52.004017
ED   14,97.98%,NO,&nbsp,99,AD 83,2025-11-05_01:52:52.004017
ED   15,97.98%,YES,&nbsp,155,AD 83,2025-11-05_01:52:52.004017
ED   15,97.98%,NO,&nbsp,159,AD 83,2025-11-05_01:52:52.004017
ED   16,97.98%,YES,&nbsp,192,AD 83,2025-11-05_01:52:52.004017
ED   16,97.98%,NO,&nbsp,142,AD 83,2025-11-05_01:52:52.004017
ED   17,97.98%,YES,&nbsp,198,AD 83,2025-11-05_01:52:52.004017
ED   17,97.98%,NO,&nbsp,197,AD 83,2025-11-05_01:52:52.004017
ED   18,97.98%,YES,&nbsp,118,AD 83,2025-11-05_01:52:52.004017
ED   18,97.98%,NO,&nbsp,126,AD 83,2025-11-05_01:52:52.004017
ED   19,97.98%,YES,&nbsp,161,AD 83,2025-11-05_01:52:52.004017
ED   19,97.98%,NO,&nbsp,116,AD 83,2025-11-05_01:52:52.004017
ED   20,97.98%,YES,&nbsp,212,AD 83,2025-11-05_01:52:52.004017
ED   20,97.98%,NO,&nbsp,155,AD 83,2025-11-05_01:52:52.004017
ED   21,97.98%,YES,&nbsp,70,AD 83,2025-11-05_01:52:52.004017
ED   21,97.98%,NO,&nbsp,73,AD 83,2025-11-05_01:52:52.004017
ED   22,97.98%,YES,&nbsp,31,AD 83,2025-11-05_01:52:52.004017
ED   22,97.98%,NO,&nbsp,31,AD 83,2025-11-05_01:52:52.004017
ED   23,97.98%,YES,&nbsp,65,AD 83,2025-11-05_01:52:52.004017
ED   23,97.98%,NO,&nbsp,51,AD 83,2025-11-05_01:52:52.004017
ED   24,97.98%,YES,&nbsp,56,AD 83,2025-11-05_01:52:52.004017
ED   24,97.98%,NO,&nbsp,44,AD 83,2025-11-05_01:52:52.004017
ED   25,97.98%,YES,&nbsp,200,AD 83,2025-11-05_01:52:52.004017
ED   25,97.98%,NO,&nbsp,176,AD 83,2025-11-05_01:52:52.004017
ED   26,97.98%,YES,&nbsp,162,AD 83,2025-11-05_01:52:52.004017
ED   26,97.98%,NO,&nbsp,156,AD 83,2025-11-05_01:52:52.004017
ED   27,97.98%,YES,&nbsp,109,AD 83,2025-11-05_01:52:52.004017
ED   27,97.98%,NO,&nbsp,130,AD 83,2025-11-05_01:52:52.004017
ED   28,97.98%,YES,&nbsp,138,AD 83,2025-11-05_01:52:52.004017
ED   28,97.98%,NO,&nbsp,94,AD 83,2025-11-05_01:52:52.004017
ED   29,97.98%,YES,&nbsp,184,AD 83,2025-11-05_01:52:52.004017
ED   29,97.98%,NO,&nbsp,176,AD 83,2025-11-05_01:52:52.004017
ED   30,97.98%,YES,&nbsp,170,AD 83,2025-11-05_01:52:52.004017
ED   30,97.98%,NO,&nbsp,155,AD 83,2025-11-05_01:52:52.004017
ED   31,97.98%,YES,&nbsp,162,AD 83,2025-11-05_01:52:52.004017
ED   31,97.98%,NO,&nbsp,166,AD 83,2025-11-05_01:52:52.004017
ED   32,97.98%,YES,&nbsp,212,AD 83,2025-11-05_01:52:52.004017
ED   32,97.98%,NO,&nbsp,156,AD 83,2025-11-05_01:52:52.004017
ED   33,97.98%,YES,&nbsp,205,AD 83,2025-11-05_01:52:52.004017
ED   33,97.98%,NO,&nbsp,170,AD 83,2025-11-05_01:52:52.004017
ED   34,97.98%,YES,&nbsp,212,AD 83,2025-11-05_01:52:52.004017
ED   34,97.98%,NO,&nbsp,198,AD 83,2025-11-05_01:52:52.004017
ED   35,97.98%,YES,&nbsp,186,AD 83,2025-11-05_01:52:52.004017
ED   35,97.98%,NO,&nbsp,136,AD 83,2025-11-05_01:52:52.004017
ED   36,97.98%,YES,&nbsp,137,AD 83,2025-11-05_01:52:52.004017
ED   36,97.98%,NO,&nbsp,103,AD 83,2025-11-05_01:52:52.004017
ED   37,97.98%,YES,&nbsp,157,AD 83,2025-11-05_01:52:52.004017
ED   37,97.98%,NO,&nbsp,114,AD 83,2025-11-05_01:52:52.004017
ED   38,97.98%,YES,&nbsp,130,AD 83,2025-11-05_01:52:52.004017
ED   38,97.98%,NO,&nbsp,111,AD 83,2025-11-05_01:52:52.004017
ED   39,97.98%,YES,&nbsp,185,AD 83,2025-11-05_01:52:52.004017
ED   39,97.98%,NO,&nbsp,126,AD 83,2025-11-05_01:52:52.004017
ED   40,97.98%,YES,&nbsp,111,AD 83,2025-11-05_01:52:52.004017
ED   40,97.98%,NO,&nbsp,110,AD 83,2025-11-05_01:52:52.004017
ED   41,97.98%,YES,&nbsp,218,AD 83,2025-11-05_01:52:52.004017
ED   41,97.98%,NO,&nbsp,186,AD 83,2025-11-05_01:52:52.004017
ED   42,97.98%,YES,&nbsp,91,AD 83,2025-11-05_01:52:52.004017
ED   42,97.98%,NO,&nbsp,77,AD 83,2025-11-05_01:52:52.004017
ED   43,97.98%,YES,&nbsp,236,AD 83,2025-11-05_01:52:52.004017
ED   43,97.98%,NO,&nbsp,186,AD 83,2025-11-05_01:52:52.004017
ED   44,97.98%,YES,&nbsp,288,AD 83,2025-11-05_01:52:52.004017
ED   44,97.98%,NO,&nbsp,216,AD 83,2025-11-05_01:52:52.004017
ED   45,97.98%,YES,&nbsp,141,AD 83,2025-11-05_01:52:52.004017
ED   45,97.98%,NO,&nbsp,101,AD 83,2025-11-05_01:52:52.004017
ED   46,97.98%,YES,&nbsp,232,AD 83,2025-11-05_01:52:52.004017
ED   46,97.98%,NO,&nbsp,216,AD 83,2025-11-05_01:52:52.004017
ED   47,97.98%,YES,&nbsp,186,AD 83,2025-11-05_01:52:52.004017
ED   47,97.98%,NO,&nbsp,164,AD 83,2025-11-05_01:52:52.004017
ED   48,97.98%,YES,&nbsp,247,AD 83,2025-11-05_01:52:52.004017
ED   48,97.98%,NO,&nbsp,189,AD 83,2025-11-05_01:52:52.004017
ED   49,97.98%,YES,&nbsp,103,AD 83,2025-11-05_01:52:52.004017
ED   49,97.98%,NO,&nbsp,79,AD 83,2025-11-05_01:52:52.004017
ED   50,97.98%,YES,&nbsp,79,AD 83,2025-11-05_01:52:52.004017
ED   50,97.98%,NO,&nbsp,94,AD 83,2025-11-05_01:52:52.004017
ED   51,97.98%,YES,&nbsp,83,AD 83,2025-11-05_01:52:52.004017
ED   51,97.98%,NO,&nbsp,83,AD 83,2025-11-05_01:52:52.004017
ED   52,97.98%,YES,&nbsp,106,AD 83,2025-11-05_01:52:52.004017
ED   52,97.98%,NO,&nbsp,79,AD 83,2025-11-05_01:52:52.004017
ED   53,97.98%,YES,&nbsp,126,AD 83,2025-11-05_01:52:52.004017
ED   53,97.98%,NO,&nbsp,89,AD 83,2025-11-05_01:52:52.004017
ED   54,97.98%,YES,&nbsp,169,AD 83,2025-11-05_01:52:52.004017
ED   54,97.98%,NO,&nbsp,148,AD 83,2025-11-05_01:52:52.004017
ED   55,97.98%,YES,&nbsp,78,AD 83,2025-11-05_01:52:52.004017
ED   55,97.98%,NO,&nbsp,71,AD 83,2025-11-05_01:52:52.004017
ED   56,97.98%,YES,&nbsp,160,AD 83,2025-11-05_01:52:52.004017
ED   56,97.98%,NO,&nbsp,134,AD 83,2025-11-05_01:52:52.004017
ED   57,97.98%,YES,&nbsp,21,AD 83,2025-11-05_01:52:52.004017
ED   57,97.98%,NO,&nbsp,18,AD 83,2025-11-05_01:52:52.004017
ED   58,97.98%,YES,&nbsp,0,AD 83,2025-11-05_01:52:52.004017
ED   58,97.98%,NO,&nbsp,0,AD 83,2025-11-05_01:52:52.004017
ED   59,97.98%,YES,&nbsp,0,AD 83,2025-11-05_01:52:52.004017
ED   59,97.98%,NO,&nbsp,0,AD 83,2025-11-05_01:52:52.004017
Total,,YES,&nbsp,8354,AD 83,2025-11-05_01:52:52.004017
Total,,NO,&nbsp,7089,AD 83,2025-11-05_01:52:52.004017
ED    1,97.98%,YES,&nbsp,125,AD 84,2025-11-05_01:52:52.004017
ED    1,97.98%,NO,&nbsp,153,AD 84,2025-11-05_01:52:52.004017
ED    2,97.98%,YES,&nbsp,80,AD 84,2025-11-05_01:52:52.004017
ED    2,97.98%,NO,&nbsp,75,AD 84,2025-11-05_01:52:52.004017
ED    3,97.98%,YES,&nbsp,138,AD 84,2025-11-05_01:52:52.004017
ED    3,97.98%,NO,&nbsp,136,AD 84,2025-11-05_01:52:52.004017
ED    4,97.98%,YES,&nbsp,119,AD 84,2025-11-05_01:52:52.004017
ED    4,97.98%,NO,&nbsp,130,AD 84,2025-11-05_01:52:52.004017
ED    5,97.98%,YES,&nbsp,156,AD 84,2025-11-05_01:52:52.004017
ED    5,97.98%,NO,&nbsp,136,AD 84,2025-11-05_01:52:52.004017
ED    6,97.98%,YES,&nbsp,169,AD 84,2025-11-05_01:52:52.004017
ED    6,97.98%,NO,&nbsp,145,AD 84,2025-11-05_01:52:52.004017
ED    7,97.98%,YES,&nbsp,133,AD 84,2025-11-05_01:52:52.004017
ED    7,97.98%,NO,&nbsp,131,AD 84,2025-11-05_01:52:52.004017
ED    8,97.98%,YES,&nbsp,142,AD 84,2025-11-05_01:52:52.004017
ED    8,97.98%,NO,&nbsp,154,AD 84,2025-11-05_01:52:52.004017
ED    9,97.98%,YES,&nbsp,104,AD 84,2025-11-05_01:52:52.004017
ED    9,97.98%,NO,&nbsp,113,AD 84,2025-11-05_01:52:52.004017
ED   10,97.98%,YES,&nbsp,157,AD 84,2025-11-05_01:52:52.004017
ED   10,97.98%,NO,&nbsp,132,AD 84,2025-11-05_01:52:52.004017
ED   11,97.98%,YES,&nbsp,155,AD 84,2025-11-05_01:52:52.004017
ED   11,97.98%,NO,&nbsp,164,AD 84,2025-11-05_01:52:52.004017
ED   12,97.98%,YES,&nbsp,132,AD 84,2025-11-05_01:52:52.004017
ED   12,97.98%,NO,&nbsp,166,AD 84,2025-11-05_01:52:52.004017
ED   13,97.98%,YES,&nbsp,112,AD 84,2025-11-05_01:52:52.004017
ED   13,97.98%,NO,&nbsp,118,AD 84,2025-11-05_01:52:52.004017
ED   14,97.98%,YES,&nbsp,197,AD 84,2025-11-05_01:52:52.004017
ED   14,97.98%,NO,&nbsp,161,AD 84,2025-11-05_01:52:52.004017
ED   15,97.98%,YES,&nbsp,89,AD 84,2025-11-05_01:52:52.004017
ED   15,97.98%,NO,&nbsp,124,AD 84,2025-11-05_01:52:52.004017
ED   16,97.98%,YES,&nbsp,68,AD 84,2025-11-05_01:52:52.004017
ED   16,97.98%,NO,&nbsp,96,AD 84,2025-11-05_01:52:52.004017
ED   17,97.98%,YES,&nbsp,203,AD 84,2025-11-05_01:52:52.004017
ED   17,97.98%,NO,&nbsp,160,AD 84,2025-11-05_01:52:52.004017
ED   18,97.98%,YES,&nbsp,87,AD 84,2025-11-05_01:52:52.004017
ED   18,97.98%,NO,&nbsp,148,AD 84,2025-11-05_01:52:52.004017
ED   19,97.98%,YES,&nbsp,117,AD 84,2025-11-05_01:52:52.004017
ED   19,97.98%,NO,&nbsp,88,AD 84,2025-11-05_01:52:52.004017
ED   20,97.98%,YES,&nbsp,140,AD 84,2025-11-05_01:52:52.004017
ED   20,97.98%,NO,&nbsp,189,AD 84,2025-11-05_01:52:52.004017
ED   21,97.98%,YES,&nbsp,83,AD 84,2025-11-05_01:52:52.004017
ED   21,97.98%,NO,&nbsp,101,AD 84,2025-11-05_01:52:52.004017
ED   22,97.98%,YES,&nbsp,144,AD 84,2025-11-05_01:52:52.004017
ED   22,97.98%,NO,&nbsp,142,AD 84,2025-11-05_01:52:52.004017
ED   23,97.98%,YES,&nbsp,145,AD 84,2025-11-05_01:52:52.004017
ED   23,97.98%,NO,&nbsp,146,AD 84,2025-11-05_01:52:52.004017
ED   24,97.98%,YES,&nbsp,76,AD 84,2025-11-05_01:52:52.004017
ED   24,97.98%,NO,&nbsp,98,AD 84,2025-11-05_01:52:52.004017
ED   25,97.98%,YES,&nbsp,145,AD 84,2025-11-05_01:52:52.004017
ED   25,97.98%,NO,&nbsp,200,AD 84,2025-11-05_01:52:52.004017
ED   26,97.98%,YES,&nbsp,84,AD 84,2025-11-05_01:52:52.004017
ED   26,97.98%,NO,&nbsp,115,AD 84,2025-11-05_01:52:52.004017
ED   27,97.98%,YES,&nbsp,47,AD 84,2025-11-05_01:52:52.004017
ED   27,97.98%,NO,&nbsp,59,AD 84,2025-11-05_01:52:52.004017
ED   28,97.98%,YES,&nbsp,146,AD 84,2025-11-05_01:52:52.004017
ED   28,97.98%,NO,&nbsp,163,AD 84,2025-11-05_01:52:52.004017
ED   29,97.98%,YES,&nbsp,162,AD 84,2025-11-05_01:52:52.004017
ED   29,97.98%,NO,&nbsp,159,AD 84,2025-11-05_01:52:52.004017
ED   30,97.98%,YES,&nbsp,129,AD 84,2025-11-05_01:52:52.004017
ED   30,97.98%,NO,&nbsp,118,AD 84,2025-11-05_01:52:52.004017
ED   31,97.98%,YES,&nbsp,149,AD 84,2025-11-05_01:52:52.004017
ED   31,97.98%,NO,&nbsp,126,AD 84,2025-11-05_01:52:52.004017
ED   32,97.98%,YES,&nbsp,140,AD 84,2025-11-05_01:52:52.004017
ED   32,97.98%,NO,&nbsp,132,AD 84,2025-11-05_01:52:52.004017
ED   33,97.98%,YES,&nbsp,71,AD 84,2025-11-05_01:52:52.004017
ED   33,97.98%,NO,&nbsp,67,AD 84,2025-11-05_01:52:52.004017
ED   34,97.98%,YES,&nbsp,112,AD 84,2025-11-05_01:52:52.004017
ED   34,97.98%,NO,&nbsp,135,AD 84,2025-11-05_01:52:52.004017
ED   35,97.98%,YES,&nbsp,119,AD 84,2025-11-05_01:52:52.004017
ED   35,97.98%,NO,&nbsp,169,AD 84,2025-11-05_01:52:52.004017
ED   36,97.98%,YES,&nbsp,106,AD 84,2025-11-05_01:52:52.004017
ED   36,97.98%,NO,&nbsp,137,AD 84,2025-11-05_01:52:52.004017
ED   37,97.98%,YES,&nbsp,92,AD 84,2025-11-05_01:52:52.004017
ED   37,97.98%,NO,&nbsp,99,AD 84,2025-11-05_01:52:52.004017
ED   38,97.98%,YES,&nbsp,112,AD 84,2025-11-05_01:52:52.004017
ED   38,97.98%,NO,&nbsp,152,AD 84,2025-11-05_01:52:52.004017
ED   39,97.98%,YES,&nbsp,128,AD 84,2025-11-05_01:52:52.004017
ED   39,97.98%,NO,&nbsp,140,AD 84,2025-11-05_01:52:52.004017
ED   40,97.98%,YES,&nbsp,83,AD 84,2025-11-05_01:52:52.004017
ED   40,97.98%,NO,&nbsp,126,AD 84,2025-11-05_01:52:52.004017
ED   41,97.98%,YES,&nbsp,139,AD 84,2025-11-05_01:52:52.004017
ED   41,97.98%,NO,&nbsp,130,AD 84,2025-11-05_01:52:52.004017
ED   42,97.98%,YES,&nbsp,123,AD 84,2025-11-05_01:52:52.004017
ED   42,97.98%,NO,&nbsp,106,AD 84,2025-11-05_01:52:52.004017
ED   43,97.98%,YES,&nbsp,134,AD 84,2025-11-05_01:52:52.004017
ED   43,97.98%,NO,&nbsp,110,AD 84,2025-11-05_01:52:52.004017
ED   44,97.98%,YES,&nbsp,197,AD 84,2025-11-05_01:52:52.004017
ED   44,97.98%,NO,&nbsp,203,AD 84,2025-11-05_01:52:52.004017
ED   45,97.98%,YES,&nbsp,189,AD 84,2025-11-05_01:52:52.004017
ED   45,97.98%,NO,&nbsp,182,AD 84,2025-11-05_01:52:52.004017
ED   46,97.98%,YES,&nbsp,107,AD 84,2025-11-05_01:52:52.004017
ED   46,97.98%,NO,&nbsp,74,AD 84,2025-11-05_01:52:52.004017
ED   47,97.98%,YES,&nbsp,78,AD 84,2025-11-05_01:52:52.004017
ED   47,97.98%,NO,&nbsp,85,AD 84,2025-11-05_01:52:52.004017
ED   48,97.98%,YES,&nbsp,146,AD 84,2025-11-05_01:52:52.004017
ED   48,97.98%,NO,&nbsp,157,AD 84,2025-11-05_01:52:52.004017
ED   49,97.98%,YES,&nbsp,89,AD 84,2025-11-05_01:52:52.004017
ED   49,97.98%,NO,&nbsp,59,AD 84,2025-11-05_01:52:52.004017
ED   50,97.98%,YES,&nbsp,163,AD 84,2025-11-05_01:52:52.004017
ED   50,97.98%,NO,&nbsp,152,AD 84,2025-11-05_01:52:52.004017
ED   51,97.98%,YES,&nbsp,172,AD 84,2025-11-05_01:52:52.004017
ED   51,97.98%,NO,&nbsp,266,AD 84,2025-11-05_01:52:52.004017
ED   52,97.98%,YES,&nbsp,28,AD 84,2025-11-05_01:52:52.004017
ED   52,97.98%,NO,&nbsp,54,AD 84,2025-11-05_01:52:52.004017
ED   53,97.98%,YES,&nbsp,98,AD 84,2025-11-05_01:52:52.004017
ED   53,97.98%,NO,&nbsp,127,AD 84,2025-11-05_01:52:52.004017
ED   54,97.98%,YES,&nbsp,5,AD 84,2025-11-05_01:52:52.004017
ED   54,97.98%,NO,&nbsp,42,AD 84,2025-11-05_01:52:52.004017
ED   55,97.98%,YES,&nbsp,159,AD 84,2025-11-05_01:52:52.004017
ED   55,97.98%,NO,&nbsp,155,AD 84,2025-11-05_01:52:52.004017
ED   56,97.98%,YES,&nbsp,61,AD 84,2025-11-05_01:52:52.004017
ED   56,97.98%,NO,&nbsp,46,AD 84,2025-11-05_01:52:52.004017
ED   57,97.98%,YES,&nbsp,127,AD 84,2025-11-05_01:52:52.004017
ED   57,97.98%,NO,&nbsp,126,AD 84,2025-11-05_01:52:52.004017
ED   58,97.98%,YES,&nbsp,0,AD 84,2025-11-05_01:52:52.004017
ED   58,97.98%,NO,&nbsp,0,AD 84,2025-11-05_01:52:52.004017
ED   59,97.98%,YES,&nbsp,0,AD 84,2025-11-05_01:52:52.004017
ED   59,97.98%,NO,&nbsp,0,AD 84,2025-11-05_01:52:52.004017
Total,,YES,&nbsp,6911,AD 84,2025-11-05_01:52:52.004017
Total,,NO,&nbsp,7377,AD 84,2025-11-05_01:52:52.004017
ED    1,97.98%,YES,&nbsp,284,AD 85,2025-11-05_01:52:52.004017
ED    1,97.98%,NO,&nbsp,322,AD 85,2025-11-05_01:52:52.004017
ED    2,97.98%,YES,&nbsp,176,AD 85,2025-11-05_01:52:52.004017
ED    2,97.98%,NO,&nbsp,223,AD 85,2025-11-05_01:52:52.004017
ED    3,97.98%,YES,&nbsp,154,AD 85,2025-11-05_01:52:52.004017
ED    3,97.98%,NO,&nbsp,194,AD 85,2025-11-05_01:52:52.004017
ED    4,97.98%,YES,&nbsp,163,AD 85,2025-11-05_01:52:52.004017
ED    4,97.98%,NO,&nbsp,179,AD 85,2025-11-05_01:52:52.004017
ED    5,97.98%,YES,&nbsp,226,AD 85,2025-11-05_01:52:52.004017
ED    5,97.98%,NO,&nbsp,229,AD 85,2025-11-05_01:52:52.004017
ED    6,97.98%,YES,&nbsp,104,AD 85,2025-11-05_01:52:52.004017
ED    6,97.98%,NO,&nbsp,97,AD 85,2025-11-05_01:52:52.004017
ED    7,97.98%,YES,&nbsp,111,AD 85,2025-11-05_01:52:52.004017
ED    7,97.98%,NO,&nbsp,89,AD 85,2025-11-05_01:52:52.004017
ED    8,97.98%,YES,&nbsp,67,AD 85,2025-11-05_01:52:52.004017
ED    8,97.98%,NO,&nbsp,95,AD 85,2025-11-05_01:52:52.004017
ED    9,97.98%,YES,&nbsp,172,AD 85,2025-11-05_01:52:52.004017
ED    9,97.98%,NO,&nbsp,201,AD 85,2025-11-05_01:52:52.004017
ED   10,97.98%,YES,&nbsp,100,AD 85,2025-11-05_01:52:52.004017
ED   10,97.98%,NO,&nbsp,101,AD 85,2025-11-05_01:52:52.004017
ED   11,97.98%,YES,&nbsp,150,AD 85,2025-11-05_01:52:52.004017
ED   11,97.98%,NO,&nbsp,130,AD 85,2025-11-05_01:52:52.004017
ED   12,97.98%,YES,&nbsp,114,AD 85,2025-11-05_01:52:52.004017
ED   12,97.98%,NO,&nbsp,96,AD 85,2025-11-05_01:52:52.004017
ED   13,97.98%,YES,&nbsp,121,AD 85,2025-11-05_01:52:52.004017
ED   13,97.98%,NO,&nbsp,136,AD 85,2025-11-05_01:52:52.004017
ED   14,97.98%,YES,&nbsp,128,AD 85,2025-11-05_01:52:52.004017
ED   14,97.98%,NO,&nbsp,113,AD 85,2025-11-05_01:52:52.004017
ED   15,97.98%,YES,&nbsp,209,AD 85,2025-11-05_01:52:52.004017
ED   15,97.98%,NO,&nbsp,264,AD 85,2025-11-05_01:52:52.004017
ED   16,97.98%,YES,&nbsp,120,AD 85,2025-11-05_01:52:52.004017
ED   16,97.98%,NO,&nbsp,122,AD 85,2025-11-05_01:52:52.004017
ED   17,97.98%,YES,&nbsp,124,AD 85,2025-11-05_01:52:52.004017
ED   17,97.98%,NO,&nbsp,117,AD 85,2025-11-05_01:52:52.004017
ED   18,97.98%,YES,&nbsp,214,AD 85,2025-11-05_01:52:52.004017
ED   18,97.98%,NO,&nbsp,198,AD 85,2025-11-05_01:52:52.004017
ED   19,97.98%,YES,&nbsp,120,AD 85,2025-11-05_01:52:52.004017
ED   19,97.98%,NO,&nbsp,99,AD 85,2025-11-05_01:52:52.004017
ED   20,97.98%,YES,&nbsp,89,AD 85,2025-11-05_01:52:52.004017
ED   20,97.98%,NO,&nbsp,86,AD 85,2025-11-05_01:52:52.004017
ED   21,97.98%,YES,&nbsp,159,AD 85,2025-11-05_01:52:52.004017
ED   21,97.98%,NO,&nbsp,199,AD 85,2025-11-05_01:52:52.004017
ED   22,97.98%,YES,&nbsp,178,AD 85,2025-11-05_01:52:52.004017
ED   22,97.98%,NO,&nbsp,167,AD 85,2025-11-05_01:52:52.004017
ED   23,97.98%,YES,&nbsp,96,AD 85,2025-11-05_01:52:52.004017
ED   23,97.98%,NO,&nbsp,86,AD 85,2025-11-05_01:52:52.004017
ED   24,97.98%,YES,&nbsp,52,AD 85,2025-11-05_01:52:52.004017
ED   24,97.98%,NO,&nbsp,57,AD 85,2025-11-05_01:52:52.004017
ED   25,97.98%,YES,&nbsp,105,AD 85,2025-11-05_01:52:52.004017
ED   25,97.98%,NO,&nbsp,90,AD 85,2025-11-05_01:52:52.004017
ED   26,97.98%,YES,&nbsp,98,AD 85,2025-11-05_01:52:52.004017
ED   26,97.98%,NO,&nbsp,73,AD 85,2025-11-05_01:52:52.004017
ED   27,97.98%,YES,&nbsp,98,AD 85,2025-11-05_01:52:52.004017
ED   27,97.98%,NO,&nbsp,113,AD 85,2025-11-05_01:52:52.004017
ED   28,97.98%,YES,&nbsp,155,AD 85,2025-11-05_01:52:52.004017
ED   28,97.98%,NO,&nbsp,187,AD 85,2025-11-05_01:52:52.004017
ED   29,97.98%,YES,&nbsp,182,AD 85,2025-11-05_01:52:52.004017
ED   29,97.98%,NO,&nbsp,195,AD 85,2025-11-05_01:52:52.004017
ED   30,97.98%,YES,&nbsp,98,AD 85,2025-11-05_01:52:52.004017
ED   30,97.98%,NO,&nbsp,118,AD 85,2025-11-05_01:52:52.004017
ED   31,97.98%,YES,&nbsp,120,AD 85,2025-11-05_01:52:52.004017
ED   31,97.98%,NO,&nbsp,108,AD 85,2025-11-05_01:52:52.004017
ED   32,97.98%,YES,&nbsp,119,AD 85,2025-11-05_01:52:52.004017
ED   32,97.98%,NO,&nbsp,131,AD 85,2025-11-05_01:52:52.004017
ED   33,97.98%,YES,&nbsp,151,AD 85,2025-11-05_01:52:52.004017
ED   33,97.98%,NO,&nbsp,155,AD 85,2025-11-05_01:52:52.004017
ED   34,97.98%,YES,&nbsp,149,AD 85,2025-11-05_01:52:52.004017
ED   34,97.98%,NO,&nbsp,149,AD 85,2025-11-05_01:52:52.004017
ED   35,97.98%,YES,&nbsp,142,AD 85,2025-11-05_01:52:52.004017
ED   35,97.98%,NO,&nbsp,127,AD 85,2025-11-05_01:52:52.004017
ED   36,97.98%,YES,&nbsp,149,AD 85,2025-11-05_01:52:52.004017
ED   36,97.98%,NO,&nbsp,152,AD 85,2025-11-05_01:52:52.004017
ED   37,97.98%,YES,&nbsp,100,AD 85,2025-11-05_01:52:52.004017
ED   37,97.98%,NO,&nbsp,112,AD 85,2025-11-05_01:52:52.004017
ED   38,97.98%,YES,&nbsp,210,AD 85,2025-11-05_01:52:52.004017
ED   38,97.98%,NO,&nbsp,225,AD 85,2025-11-05_01:52:52.004017
ED   39,97.98%,YES,&nbsp,162,AD 85,2025-11-05_01:52:52.004017
ED   39,97.98%,NO,&nbsp,144,AD 85,2025-11-05_01:52:52.004017
ED   40,97.98%,YES,&nbsp,93,AD 85,2025-11-05_01:52:52.004017
ED   40,97.98%,NO,&nbsp,103,AD 85,2025-11-05_01:52:52.004017
ED   41,97.98%,YES,&nbsp,164,AD 85,2025-11-05_01:52:52.004017
ED   41,97.98%,NO,&nbsp,173,AD 85,2025-11-05_01:52:52.004017
ED   42,97.98%,YES,&nbsp,114,AD 85,2025-11-05_01:52:52.004017
ED   42,97.98%,NO,&nbsp,99,AD 85,2025-11-05_01:52:52.004017
ED   43,97.98%,YES,&nbsp,121,AD 85,2025-11-05_01:52:52.004017
ED   43,97.98%,NO,&nbsp,147,AD 85,2025-11-05_01:52:52.004017
ED   44,97.98%,YES,&nbsp,117,AD 85,2025-11-05_01:52:52.004017
ED   44,97.98%,NO,&nbsp,91,AD 85,2025-11-05_01:52:52.004017
ED   45,97.98%,YES,&nbsp,89,AD 85,2025-11-05_01:52:52.004017
ED   45,97.98%,NO,&nbsp,112,AD 85,2025-11-05_01:52:52.004017
ED   46,97.98%,YES,&nbsp,148,AD 85,2025-11-05_01:52:52.004017
ED   46,97.98%,NO,&nbsp,139,AD 85,2025-11-05_01:52:52.004017
ED   47,97.98%,YES,&nbsp,64,AD 85,2025-11-05_01:52:52.004017
ED   47,97.98%,NO,&nbsp,70,AD 85,2025-11-05_01:52:52.004017
ED   48,97.98%,YES,&nbsp,73,AD 85,2025-11-05_01:52:52.004017
ED   48,97.98%,NO,&nbsp,77,AD 85,2025-11-05_01:52:52.004017
ED   49,97.98%,YES,&nbsp,58,AD 85,2025-11-05_01:52:52.004017
ED   49,97.98%,NO,&nbsp,75,AD 85,2025-11-05_01:52:52.004017
ED   50,97.98%,YES,&nbsp,123,AD 85,2025-11-05_01:52:52.004017
ED   50,97.98%,NO,&nbsp,108,AD 85,2025-11-05_01:52:52.004017
ED   51,97.98%,YES,&nbsp,278,AD 85,2025-11-05_01:52:52.004017
ED   51,97.98%,NO,&nbsp,310,AD 85,2025-11-05_01:52:52.004017
ED   52,97.98%,YES,&nbsp,0,AD 85,2025-11-05_01:52:52.004017
ED   52,97.98%,NO,&nbsp,0,AD 85,2025-11-05_01:52:52.004017
ED   53,97.98%,YES,&nbsp,0,AD 85,2025-11-05_01:52:52.004017
ED   53,97.98%,NO,&nbsp,0,AD 85,2025-11-05_01:52:52.004017
ED   54,97.98%,YES,&nbsp,0,AD 85,2025-11-05_01:52:52.004017
ED   54,97.98%,NO,&nbsp,0,AD 85,2025-11-05_01:52:52.004017
ED   55,97.98%,YES,&nbsp,0,AD 85,2025-11-05_01:52:52.004017
ED   55,97.98%,NO,&nbsp,0,AD 85,2025-11-05_01:52:52.004017
ED   56,97.98%,YES,&nbsp,0,AD 85,2025-11-05_01:52:52.004017
ED   56,97.98%,NO,&nbsp,0,AD 85,2025-11-05_01:52:52.004017
ED   57,97.98%,YES,&nbsp,0,AD 85,2025-11-05_01:52:52.004017
ED   57,97.98%,NO,&nbsp,0,AD 85,2025-11-05_01:52:52.004017
ED   58,97.98%,YES,&nbsp,0,AD 85,2025-11-05_01:52:52.004017
ED   58,97.98%,NO,&nbsp,0,AD 85,2025-11-05_01:52:52.004017
ED   59,97.98%,YES,&nbsp,0,AD 85,2025-11-05_01:52:52.004017
ED   59,97.98%,NO,&nbsp,0,AD 85,2025-11-05_01:52:52.004017
ED   60,97.98%,YES,&nbsp,0,AD 85,2025-11-05_01:52:52.004017
ED   60,97.98%,NO,&nbsp,0,AD 85,2025-11-05_01:52:52.004017
ED   61,97.98%,YES,&nbsp,0,AD 85,2025-11-05_01:52:52.004017
ED   61,97.98%,NO,&nbsp,1,AD 85,2025-11-05_01:52:52.004017
ED   62,97.98%,YES,&nbsp,0,AD 85,2025-11-05_01:52:52.004017
ED   62,97.98%,NO,&nbsp,0,AD 85,2025-11-05_01:52:52.004017
ED   63,97.98%,YES,&nbsp,0,AD 85,2025-11-05_01:52:52.004017
ED   63,97.98%,NO,&nbsp,0,AD 85,2025-11-05_01:52:52.004017
ED   64,97.98%,YES,&nbsp,0,AD 85,2025-11-05_01:52:52.004017
ED   64,97.98%,NO,&nbsp,0,AD 85,2025-11-05_01:52:52.004017
ED   65,97.98%,YES,&nbsp,0,AD 85,2025-11-05_01:52:52.004017
ED   65,97.98%,NO,&nbsp,0,AD 85,2025-11-05_01:52:52.004017
ED   66,97.98%,YES,&nbsp,0,AD 85,2025-11-05_01:52:52.004017
ED   66,97.98%,NO,&nbsp,0,AD 85,2025-11-05_01:52:52.004017
ED   67,97.98%,YES,&nbsp,0,AD 85,2025-11-05_01:52:52.004017
ED   67,97.98%,NO,&nbsp,0,AD 85,2025-11-05_01:52:52.004017
ED   68,97.98%,YES,&nbsp,0,AD 85,2025-11-05_01:52:52.004017
ED   68,97.98%,NO,&nbsp,0,AD 85,2025-11-05_01:52:52.004017
ED   69,97.98%,YES,&nbsp,0,AD 85,2025-11-05_01:52:52.004017
ED   69,97.98%,NO,&nbsp,0,AD 85,2025-11-05_01:52:52.004017
ED   70,97.98%,YES,&nbsp,0,AD 85,2025-11-05_01:52:52.004017
ED   70,97.98%,NO,&nbsp,0,AD 85,2025-11-05_01:52:52.004017
ED   71,97.98%,YES,&nbsp,0,AD 85,2025-11-05_01:52:52.004017
ED   71,97.98%,NO,&nbsp,0,AD 85,2025-11-05_01:52:52.004017
ED   72,97.98%,YES,&nbsp,0,AD 85,2025-11-05_01:52:52.004017
ED   72,97.98%,NO,&nbsp,0,AD 85,2025-11-05_01:52:52.004017
ED   73,97.98%,YES,&nbsp,0,AD 85,2025-11-05_01:52:52.004017
ED   73,97.98%,NO,&nbsp,0,AD 85,2025-11-05_01:52:52.004017
ED   74,97.98%,YES,&nbsp,0,AD 85,2025-11-05_01:52:52.004017
ED   74,97.98%,NO,&nbsp,0,AD 85,2025-11-05_01:52:52.004017
ED   75,97.98%,YES,&nbsp,0,AD 85,2025-11-05_01:52:52.004017
ED   75,97.98%,NO,&nbsp,0,AD 85,2025-11-05_01:52:52.004017
ED   76,97.98%,YES,&nbsp,0,AD 85,2025-11-05_01:52:52.004017
ED   76,97.98%,NO,&nbsp,0,AD 85,2025-11-05_01:52:52.004017
ED   77,97.98%,YES,&nbsp,0,AD 85,2025-11-05_01:52:52.004017
ED   77,97.98%,NO,&nbsp,0,AD 85,2025-11-05_01:52:52.004017
ED   78,97.98%,YES,&nbsp,0,AD 85,2025-11-05_01:52:52.004017
ED   78,97.98%,NO,&nbsp,0,AD 85,2025-11-05_01:52:52.004017
ED   79,97.98%,YES,&nbsp,0,AD 85,2025-11-05_01:52:52.004017
ED   79,97.98%,NO,&nbsp,0,AD 85,2025-11-05_01:52:52.004017
ED   80,97.98%,YES,&nbsp,0,AD 85,2025-11-05_01:52:52.004017
ED   80,97.98%,NO,&nbsp,0,AD 85,2025-11-05_01:52:52.004017
ED   81,97.98%,YES,&nbsp,0,AD 85,2025-11-05_01:52:52.004017
ED   81,97.98%,NO,&nbsp,0,AD 85,2025-11-05_01:52:52.004017
Total,,YES,&nbsp,6911,AD 85,2025-11-05_01:52:52.004017
Total,,NO,&nbsp,7184,AD 85,2025-11-05_01:52:52.004017
ED    1,97.98%,YES,&nbsp,92,AD 86,2025-11-05_01:52:52.004017
ED    1,97.98%,NO,&nbsp,97,AD 86,2025-11-05_01:52:52.004017
ED    2,97.98%,YES,&nbsp,141,AD 86,2025-11-05_01:52:52.004017
ED    2,97.98%,NO,&nbsp,121,AD 86,2025-11-05_01:52:52.004017
ED    3,97.98%,YES,&nbsp,12,AD 86,2025-11-05_01:52:52.004017
ED    3,97.98%,NO,&nbsp,15,AD 86,2025-11-05_01:52:52.004017
ED    4,97.98%,YES,&nbsp,103,AD 86,2025-11-05_01:52:52.004017
ED    4,97.98%,NO,&nbsp,122,AD 86,2025-11-05_01:52:52.004017
ED    5,97.98%,YES,&nbsp,110,AD 86,2025-11-05_01:52:52.004017
ED    5,97.98%,NO,&nbsp,89,AD 86,2025-11-05_01:52:52.004017
ED    6,97.98%,YES,&nbsp,105,AD 86,2025-11-05_01:52:52.004017
ED    6,97.98%,NO,&nbsp,99,AD 86,2025-11-05_01:52:52.004017
ED    7,97.98%,YES,&nbsp,160,AD 86,2025-11-05_01:52:52.004017
ED    7,97.98%,NO,&nbsp,139,AD 86,2025-11-05_01:52:52.004017
ED    8,97.98%,YES,&nbsp,129,AD 86,2025-11-05_01:52:52.004017
ED    8,97.98%,NO,&nbsp,92,AD 86,2025-11-05_01:52:52.004017
ED    9,97.98%,YES,&nbsp,203,AD 86,2025-11-05_01:52:52.004017
ED    9,97.98%,NO,&nbsp,183,AD 86,2025-11-05_01:52:52.004017
ED   10,97.98%,YES,&nbsp,138,AD 86,2025-11-05_01:52:52.004017
ED   10,97.98%,NO,&nbsp,117,AD 86,2025-11-05_01:52:52.004017
ED   11,97.98%,YES,&nbsp,100,AD 86,2025-11-05_01:52:52.004017
ED   11,97.98%,NO,&nbsp,113,AD 86,2025-11-05_01:52:52.004017
ED   12,97.98%,YES,&nbsp,98,AD 86,2025-11-05_01:52:52.004017
ED   12,97.98%,NO,&nbsp,128,AD 86,2025-11-05_01:52:52.004017
ED   13,97.98%,YES,&nbsp,129,AD 86,2025-11-05_01:52:52.004017
ED   13,97.98%,NO,&nbsp,126,AD 86,2025-11-05_01:52:52.004017
ED   14,97.98%,YES,&nbsp,90,AD 86,2025-11-05_01:52:52.004017
ED   14,97.98%,NO,&nbsp,73,AD 86,2025-11-05_01:52:52.004017
ED   15,97.98%,YES,&nbsp,95,AD 86,2025-11-05_01:52:52.004017
ED   15,97.98%,NO,&nbsp,73,AD 86,2025-11-05_01:52:52.004017
ED   16,97.98%,YES,&nbsp,137,AD 86,2025-11-05_01:52:52.004017
ED   16,97.98%,NO,&nbsp,150,AD 86,2025-11-05_01:52:52.004017
ED   17,97.98%,YES,&nbsp,76,AD 86,2025-11-05_01:52:52.004017
ED   17,97.98%,NO,&nbsp,54,AD 86,2025-11-05_01:52:52.004017
ED   18,97.98%,YES,&nbsp,110,AD 86,2025-11-05_01:52:52.004017
ED   18,97.98%,NO,&nbsp,124,AD 86,2025-11-05_01:52:52.004017
ED   19,97.98%,YES,&nbsp,76,AD 86,2025-11-05_01:52:52.004017
ED   19,97.98%,NO,&nbsp,99,AD 86,2025-11-05_01:52:52.004017
ED   20,97.98%,YES,&nbsp,102,AD 86,2025-11-05_01:52:52.004017
ED   20,97.98%,NO,&nbsp,97,AD 86,2025-11-05_01:52:52.004017
ED   21,97.98%,YES,&nbsp,116,AD 86,2025-11-05_01:52:52.004017
ED   21,97.98%,NO,&nbsp,110,AD 86,2025-11-05_01:52:52.004017
ED   22,97.98%,YES,&nbsp,113,AD 86,2025-11-05_01:52:52.004017
ED   22,97.98%,NO,&nbsp,93,AD 86,2025-11-05_01:52:52.004017
ED   23,97.98%,YES,&nbsp,89,AD 86,2025-11-05_01:52:52.004017
ED   23,97.98%,NO,&nbsp,104,AD 86,2025-11-05_01:52:52.004017
ED   24,97.98%,YES,&nbsp,78,AD 86,2025-11-05_01:52:52.004017
ED   24,97.98%,NO,&nbsp,82,AD 86,2025-11-05_01:52:52.004017
ED   25,97.98%,YES,&nbsp,80,AD 86,2025-11-05_01:52:52.004017
ED   25,97.98%,NO,&nbsp,78,AD 86,2025-11-05_01:52:52.004017
ED   26,97.98%,YES,&nbsp,127,AD 86,2025-11-05_01:52:52.004017
ED   26,97.98%,NO,&nbsp,119,AD 86,2025-11-05_01:52:52.004017
ED   27,97.98%,YES,&nbsp,103,AD 86,2025-11-05_01:52:52.004017
ED   27,97.98%,NO,&nbsp,107,AD 86,2025-11-05_01:52:52.004017
ED   28,97.98%,YES,&nbsp,139,AD 86,2025-11-05_01:52:52.004017
ED   28,97.98%,NO,&nbsp,106,AD 86,2025-11-05_01:52:52.004017
ED   29,97.98%,YES,&nbsp,105,AD 86,2025-11-05_01:52:52.004017
ED   29,97.98%,NO,&nbsp,104,AD 86,2025-11-05_01:52:52.004017
ED   30,97.98%,YES,&nbsp,122,AD 86,2025-11-05_01:52:52.004017
ED   30,97.98%,NO,&nbsp,142,AD 86,2025-11-05_01:52:52.004017
ED   31,97.98%,YES,&nbsp,146,AD 86,2025-11-05_01:52:52.004017
ED   31,97.98%,NO,&nbsp,143,AD 86,2025-11-05_01:52:52.004017
ED   32,97.98%,YES,&nbsp,120,AD 86,2025-11-05_01:52:52.004017
ED   32,97.98%,NO,&nbsp,125,AD 86,2025-11-05_01:52:52.004017
ED   33,97.98%,YES,&nbsp,166,AD 86,2025-11-05_01:52:52.004017
ED   33,97.98%,NO,&nbsp,135,AD 86,2025-11-05_01:52:52.004017
ED   34,97.98%,YES,&nbsp,84,AD 86,2025-11-05_01:52:52.004017
ED   34,97.98%,NO,&nbsp,90,AD 86,2025-11-05_01:52:52.004017
ED   35,97.98%,YES,&nbsp,67,AD 86,2025-11-05_01:52:52.004017
ED   35,97.98%,NO,&nbsp,55,AD 86,2025-11-05_01:52:52.004017
ED   36,97.98%,YES,&nbsp,89,AD 86,2025-11-05_01:52:52.004017
ED   36,97.98%,NO,&nbsp,73,AD 86,2025-11-05_01:52:52.004017
ED   37,97.98%,YES,&nbsp,146,AD 86,2025-11-05_01:52:52.004017
ED   37,97.98%,NO,&nbsp,118,AD 86,2025-11-05_01:52:52.004017
ED   38,97.98%,YES,&nbsp,136,AD 86,2025-11-05_01:52:52.004017
ED   38,97.98%,NO,&nbsp,123,AD 86,2025-11-05_01:52:52.004017
ED   39,97.98%,YES,&nbsp,86,AD 86,2025-11-05_01:52:52.004017
ED   39,97.98%,NO,&nbsp,92,AD 86,2025-11-05_01:52:52.004017
ED   40,97.98%,YES,&nbsp,87,AD 86,2025-11-05_01:52:52.004017
ED   40,97.98%,NO,&nbsp,82,AD 86,2025-11-05_01:52:52.004017
ED   41,97.98%,YES,&nbsp,85,AD 86,2025-11-05_01:52:52.004017
ED   41,97.98%,NO,&nbsp,116,AD 86,2025-11-05_01:52:52.004017
ED   42,97.98%,YES,&nbsp,132,AD 86,2025-11-05_01:52:52.004017
ED   42,97.98%,NO,&nbsp,137,AD 86,2025-11-05_01:52:52.004017
ED   43,97.98%,YES,&nbsp,100,AD 86,2025-11-05_01:52:52.004017
ED   43,97.98%,NO,&nbsp,98,AD 86,2025-11-05_01:52:52.004017
ED   44,97.98%,YES,&nbsp,117,AD 86,2025-11-05_01:52:52.004017
ED   44,97.98%,NO,&nbsp,117,AD 86,2025-11-05_01:52:52.004017
ED   45,97.98%,YES,&nbsp,23,AD 86,2025-11-05_01:52:52.004017
ED   45,97.98%,NO,&nbsp,22,AD 86,2025-11-05_01:52:52.004017
ED   46,97.98%,YES,&nbsp,101,AD 86,2025-11-05_01:52:52.004017
ED   46,97.98%,NO,&nbsp,95,AD 86,2025-11-05_01:52:52.004017
ED   47,97.98%,YES,&nbsp,112,AD 86,2025-11-05_01:52:52.004017
ED   47,97.98%,NO,&nbsp,106,AD 86,2025-11-05_01:52:52.004017
ED   48,97.98%,YES,&nbsp,99,AD 86,2025-11-05_01:52:52.004017
ED   48,97.98%,NO,&nbsp,100,AD 86,2025-11-05_01:52:52.004017
ED   49,97.98%,YES,&nbsp,178,AD 86,2025-11-05_01:52:52.004017
ED   49,97.98%,NO,&nbsp,136,AD 86,2025-11-05_01:52:52.004017
ED   50,97.98%,YES,&nbsp,165,AD 86,2025-11-05_01:52:52.004017
ED   50,97.98%,NO,&nbsp,136,AD 86,2025-11-05_01:52:52.004017
ED   51,97.98%,YES,&nbsp,0,AD 86,2025-11-05_01:52:52.004017
ED   51,97.98%,NO,&nbsp,0,AD 86,2025-11-05_01:52:52.004017
ED   52,97.98%,YES,&nbsp,0,AD 86,2025-11-05_01:52:52.004017
ED   52,97.98%,NO,&nbsp,0,AD 86,2025-11-05_01:52:52.004017
Total,,YES,&nbsp,5517,AD 86,2025-11-05_01:52:52.004017
Total,,NO,&nbsp,5255,AD 86,2025-11-05_01:52:52.004017
ED    1,97.98%,YES,&nbsp,110,AD 87,2025-11-05_01:52:52.004017
ED    1,97.98%,NO,&nbsp,126,AD 87,2025-11-05_01:52:52.004017
ED    2,97.98%,YES,&nbsp,115,AD 87,2025-11-05_01:52:52.004017
ED    2,97.98%,NO,&nbsp,97,AD 87,2025-11-05_01:52:52.004017
ED    3,97.98%,YES,&nbsp,88,AD 87,2025-11-05_01:52:52.004017
ED    3,97.98%,NO,&nbsp,98,AD 87,2025-11-05_01:52:52.004017
ED    4,97.98%,YES,&nbsp,131,AD 87,2025-11-05_01:52:52.004017
ED    4,97.98%,NO,&nbsp,143,AD 87,2025-11-05_01:52:52.004017
ED    5,97.98%,YES,&nbsp,149,AD 87,2025-11-05_01:52:52.004017
ED    5,97.98%,NO,&nbsp,137,AD 87,2025-11-05_01:52:52.004017
ED    6,97.98%,YES,&nbsp,108,AD 87,2025-11-05_01:52:52.004017
ED    6,97.98%,NO,&nbsp,117,AD 87,2025-11-05_01:52:52.004017
ED    7,97.98%,YES,&nbsp,140,AD 87,2025-11-05_01:52:52.004017
ED    7,97.98%,NO,&nbsp,145,AD 87,2025-11-05_01:52:52.004017
ED    8,97.98%,YES,&nbsp,99,AD 87,2025-11-05_01:52:52.004017
ED    8,97.98%,NO,&nbsp,126,AD 87,2025-11-05_01:52:52.004017
ED    9,97.98%,YES,&nbsp,157,AD 87,2025-11-05_01:52:52.004017
ED    9,97.98%,NO,&nbsp,183,AD 87,2025-11-05_01:52:52.004017
ED   10,97.98%,YES,&nbsp,122,AD 87,2025-11-05_01:52:52.004017
ED   10,97.98%,NO,&nbsp,137,AD 87,2025-11-05_01:52:52.004017
ED   11,97.98%,YES,&nbsp,157,AD 87,2025-11-05_01:52:52.004017
ED   11,97.98%,NO,&nbsp,162,AD 87,2025-11-05_01:52:52.004017
ED   12,97.98%,YES,&nbsp,134,AD 87,2025-11-05_01:52:52.004017
ED   12,97.98%,NO,&nbsp,175,AD 87,2025-11-05_01:52:52.004017
ED   13,97.98%,YES,&nbsp,161,AD 87,2025-11-05_01:52:52.004017
ED   13,97.98%,NO,&nbsp,137,AD 87,2025-11-05_01:52:52.004017
ED   14,97.98%,YES,&nbsp,177,AD 87,2025-11-05_01:52:52.004017
ED   14,97.98%,NO,&nbsp,231,AD 87,2025-11-05_01:52:52.004017
ED   15,97.98%,YES,&nbsp,210,AD 87,2025-11-05_01:52:52.004017
ED   15,97.98%,NO,&nbsp,209,AD 87,2025-11-05_01:52:52.004017
ED   16,97.98%,YES,&nbsp,200,AD 87,2025-11-05_01:52:52.004017
ED   16,97.98%,NO,&nbsp,187,AD 87,2025-11-05_01:52:52.004017
ED   17,97.98%,YES,&nbsp,166,AD 87,2025-11-05_01:52:52.004017
ED   17,97.98%,NO,&nbsp,161,AD 87,2025-11-05_01:52:52.004017
ED   18,97.98%,YES,&nbsp,248,AD 87,2025-11-05_01:52:52.004017
ED   18,97.98%,NO,&nbsp,219,AD 87,2025-11-05_01:52:52.004017
ED   19,97.98%,YES,&nbsp,224,AD 87,2025-11-05_01:52:52.004017
ED   19,97.98%,NO,&nbsp,223,AD 87,2025-11-05_01:52:52.004017
ED   20,97.98%,YES,&nbsp,198,AD 87,2025-11-05_01:52:52.004017
ED   20,97.98%,NO,&nbsp,200,AD 87,2025-11-05_01:52:52.004017
ED   21,97.98%,YES,&nbsp,183,AD 87,2025-11-05_01:52:52.004017
ED   21,97.98%,NO,&nbsp,211,AD 87,2025-11-05_01:52:52.004017
ED   22,97.98%,YES,&nbsp,210,AD 87,2025-11-05_01:52:52.004017
ED   22,97.98%,NO,&nbsp,214,AD 87,2025-11-05_01:52:52.004017
ED   23,97.98%,YES,&nbsp,294,AD 87,2025-11-05_01:52:52.004017
ED   23,97.98%,NO,&nbsp,277,AD 87,2025-11-05_01:52:52.004017
ED   24,97.98%,YES,&nbsp,265,AD 87,2025-11-05_01:52:52.004017
ED   24,97.98%,NO,&nbsp,255,AD 87,2025-11-05_01:52:52.004017
ED   25,97.98%,YES,&nbsp,261,AD 87,2025-11-05_01:52:52.004017
ED   25,97.98%,NO,&nbsp,248,AD 87,2025-11-05_01:52:52.004017
ED   26,97.98%,YES,&nbsp,225,AD 87,2025-11-05_01:52:52.004017
ED   26,97.98%,NO,&nbsp,261,AD 87,2025-11-05_01:52:52.004017
ED   27,97.98%,YES,&nbsp,201,AD 87,2025-11-05_01:52:52.004017
ED   27,97.98%,NO,&nbsp,208,AD 87,2025-11-05_01:52:52.004017
ED   28,97.98%,YES,&nbsp,186,AD 87,2025-11-05_01:52:52.004017
ED   28,97.98%,NO,&nbsp,193,AD 87,2025-11-05_01:52:52.004017
ED   29,97.98%,YES,&nbsp,183,AD 87,2025-11-05_01:52:52.004017
ED   29,97.98%,NO,&nbsp,199,AD 87,2025-11-05_01:52:52.004017
ED   30,97.98%,YES,&nbsp,174,AD 87,2025-11-05_01:52:52.004017
ED   30,97.98%,NO,&nbsp,184,AD 87,2025-11-05_01:52:52.004017
ED   31,97.98%,YES,&nbsp,211,AD 87,2025-11-05_01:52:52.004017
ED   31,97.98%,NO,&nbsp,199,AD 87,2025-11-05_01:52:52.004017
ED   32,97.98%,YES,&nbsp,176,AD 87,2025-11-05_01:52:52.004017
ED   32,97.98%,NO,&nbsp,166,AD 87,2025-11-05_01:52:52.004017
ED   33,97.98%,YES,&nbsp,5,AD 87,2025-11-05_01:52:52.004017
ED   33,97.98%,NO,&nbsp,12,AD 87,2025-11-05_01:52:52.004017
ED   34,97.98%,YES,&nbsp,175,AD 87,2025-11-05_01:52:52.004017
ED   34,97.98%,NO,&nbsp,157,AD 87,2025-11-05_01:52:52.004017
ED   35,97.98%,YES,&nbsp,154,AD 87,2025-11-05_01:52:52.004017
ED   35,97.98%,NO,&nbsp,141,AD 87,2025-11-05_01:52:52.004017
ED   36,97.98%,YES,&nbsp,20,AD 87,2025-11-05_01:52:52.004017
ED   36,97.98%,NO,&nbsp,13,AD 87,2025-11-05_01:52:52.004017
ED   37,97.98%,YES,&nbsp,170,AD 87,2025-11-05_01:52:52.004017
ED   37,97.98%,NO,&nbsp,145,AD 87,2025-11-05_01:52:52.004017
ED   38,97.98%,YES,&nbsp,164,AD 87,2025-11-05_01:52:52.004017
ED   38,97.98%,NO,&nbsp,176,AD 87,2025-11-05_01:52:52.004017
ED   39,97.98%,YES,&nbsp,261,AD 87,2025-11-05_01:52:52.004017
ED   39,97.98%,NO,&nbsp,192,AD 87,2025-11-05_01:52:52.004017
ED   40,97.98%,YES,&nbsp,185,AD 87,2025-11-05_01:52:52.004017
ED   40,97.98%,NO,&nbsp,178,AD 87,2025-11-05_01:52:52.004017
ED   41,97.98%,YES,&nbsp,156,AD 87,2025-11-05_01:52:52.004017
ED   41,97.98%,NO,&nbsp,142,AD 87,2025-11-05_01:52:52.004017
ED   42,97.98%,YES,&nbsp,182,AD 87,2025-11-05_01:52:52.004017
ED   42,97.98%,NO,&nbsp,185,AD 87,2025-11-05_01:52:52.004017
ED   43,97.98%,YES,&nbsp,214,AD 87,2025-11-05_01:52:52.004017
ED   43,97.98%,NO,&nbsp,186,AD 87,2025-11-05_01:52:52.004017
ED   44,97.98%,YES,&nbsp,153,AD 87,2025-11-05_01:52:52.004017
ED   44,97.98%,NO,&nbsp,157,AD 87,2025-11-05_01:52:52.004017
ED   45,97.98%,YES,&nbsp,191,AD 87,2025-11-05_01:52:52.004017
ED   45,97.98%,NO,&nbsp,171,AD 87,2025-11-05_01:52:52.004017
ED   46,97.98%,YES,&nbsp,166,AD 87,2025-11-05_01:52:52.004017
ED   46,97.98%,NO,&nbsp,156,AD 87,2025-11-05_01:52:52.004017
ED   47,97.98%,YES,&nbsp,194,AD 87,2025-11-05_01:52:52.004017
ED   47,97.98%,NO,&nbsp,207,AD 87,2025-11-05_01:52:52.004017
ED   48,97.98%,YES,&nbsp,195,AD 87,2025-11-05_01:52:52.004017
ED   48,97.98%,NO,&nbsp,218,AD 87,2025-11-05_01:52:52.004017
ED   49,97.98%,YES,&nbsp,183,AD 87,2025-11-05_01:52:52.004017
ED   49,97.98%,NO,&nbsp,210,AD 87,2025-11-05_01:52:52.004017
ED   50,97.98%,YES,&nbsp,112,AD 87,2025-11-05_01:52:52.004017
ED   50,97.98%,NO,&nbsp,76,AD 87,2025-11-05_01:52:52.004017
ED   51,97.98%,YES,&nbsp,127,AD 87,2025-11-05_01:52:52.004017
ED   51,97.98%,NO,&nbsp,130,AD 87,2025-11-05_01:52:52.004017
ED   52,97.98%,YES,&nbsp,82,AD 87,2025-11-05_01:52:52.004017
ED   52,97.98%,NO,&nbsp,100,AD 87,2025-11-05_01:52:52.004017
ED   53,97.98%,YES,&nbsp,0,AD 87,2025-11-05_01:52:52.004017
ED   53,97.98%,NO,&nbsp,0,AD 87,2025-11-05_01:52:52.004017
ED   54,97.98%,YES,&nbsp,0,AD 87,2025-11-05_01:52:52.004017
ED   54,97.98%,NO,&nbsp,0,AD 87,2025-11-05_01:52:52.004017
ED   55,97.98%,YES,&nbsp,0,AD 87,2025-11-05_01:52:52.004017
ED   55,97.98%,NO,&nbsp,0,AD 87,2025-11-05_01:52:52.004017
Total,,YES,&nbsp,8752,AD 87,2025-11-05_01:52:52.004017
Total,,NO,&nbsp,8780,AD 87,2025-11-05_01:52:52.004017
