ED_num,reported,candidate,party,votes,AD_num,scrape_time
ED    1,0.00%,Donovan J. Richards Jr.,(Democratic),196,AD 23,2025-11-04_22:10:30.962459
ED    1,0.00%,Henry P. Ikezi,(Republican),819,AD 23,2025-11-04_22:10:30.962459
ED    1,0.00%,Henry P. Ikezi,(United Alliance),11,AD 23,2025-11-04_22:10:30.962459
ED    1,0.00%,WRITE-IN,&nbsp,-,AD 23,2025-11-04_22:10:30.962459
ED    2,0.00%,Donovan J. Richards Jr.,(Democratic),209,AD 23,2025-11-04_22:10:30.962459
ED    2,0.00%,Henry P. Ikezi,(Republican),759,AD 23,2025-11-04_22:10:30.962459
ED    2,0.00%,Henry P. Ikezi,(United Alliance),15,AD 23,2025-11-04_22:10:30.962459
ED    2,0.00%,WRITE-IN,&nbsp,-,AD 23,2025-11-04_22:10:30.962459
ED    3,0.00%,Donovan J. Richards Jr.,(Democratic),84,AD 23,2025-11-04_22:10:30.962459
ED    3,0.00%,Henry P. Ikezi,(Republican),267,AD 23,2025-11-04_22:10:30.962459
ED    3,0.00%,Henry P. Ikezi,(United Alliance),2,AD 23,2025-11-04_22:10:30.962459
ED    3,0.00%,WRITE-IN,&nbsp,3,AD 23,2025-11-04_22:10:30.962459
ED    4,0.00%,Donovan J. Richards Jr.,(Democratic),297,AD 23,2025-11-04_22:10:30.962459
ED    4,0.00%,Henry P. Ikezi,(Republican),723,AD 23,2025-11-04_22:10:30.962459
ED    4,0.00%,Henry P. Ikezi,(United Alliance),1,AD 23,2025-11-04_22:10:30.962459
ED    4,0.00%,WRITE-IN,&nbsp,1,AD 23,2025-11-04_22:10:30.962459
ED    5,0.00%,Donovan J. Richards Jr.,(Democratic),238,AD 23,2025-11-04_22:10:30.962459
ED    5,0.00%,Henry P. Ikezi,(Republican),776,AD 23,2025-11-04_22:10:30.962459
ED    5,0.00%,Henry P. Ikezi,(United Alliance),6,AD 23,2025-11-04_22:10:30.962459
ED    5,0.00%,WRITE-IN,&nbsp,1,AD 23,2025-11-04_22:10:30.962459
ED    6,0.00%,Donovan J. Richards Jr.,(Democratic),282,AD 23,2025-11-04_22:10:30.962459
ED    6,0.00%,Henry P. Ikezi,(Republican),712,AD 23,2025-11-04_22:10:30.962459
ED    6,0.00%,Henry P. Ikezi,(United Alliance),4,AD 23,2025-11-04_22:10:30.962459
ED    6,0.00%,WRITE-IN,&nbsp,4,AD 23,2025-11-04_22:10:30.962459
ED    7,0.00%,Donovan J. Richards Jr.,(Democratic),342,AD 23,2025-11-04_22:10:30.962459
ED    7,0.00%,Henry P. Ikezi,(Republican),715,AD 23,2025-11-04_22:10:30.962459
ED    7,0.00%,Henry P. Ikezi,(United Alliance),10,AD 23,2025-11-04_22:10:30.962459
ED    7,0.00%,WRITE-IN,&nbsp,6,AD 23,2025-11-04_22:10:30.962459
ED    8,0.00%,Donovan J. Richards Jr.,(Democratic),167,AD 23,2025-11-04_22:10:30.962459
ED    8,0.00%,Henry P. Ikezi,(Republican),180,AD 23,2025-11-04_22:10:30.962459
ED    8,0.00%,Henry P. Ikezi,(United Alliance),9,AD 23,2025-11-04_22:10:30.962459
ED    8,0.00%,WRITE-IN,&nbsp,2,AD 23,2025-11-04_22:10:30.962459
ED    9,0.00%,Donovan J. Richards Jr.,(Democratic),127,AD 23,2025-11-04_22:10:30.962459
ED    9,0.00%,Henry P. Ikezi,(Republican),90,AD 23,2025-11-04_22:10:30.962459
ED    9,0.00%,Henry P. Ikezi,(United Alliance),1,AD 23,2025-11-04_22:10:30.962459
ED    9,0.00%,WRITE-IN,&nbsp,-,AD 23,2025-11-04_22:10:30.962459
ED   10,0.00%,Donovan J. Richards Jr.,(Democratic),320,AD 23,2025-11-04_22:10:30.962459
ED   10,0.00%,Henry P. Ikezi,(Republican),528,AD 23,2025-11-04_22:10:30.962459
ED   10,0.00%,Henry P. Ikezi,(United Alliance),10,AD 23,2025-11-04_22:10:30.962459
ED   10,0.00%,WRITE-IN,&nbsp,2,AD 23,2025-11-04_22:10:30.962459
ED   11,0.00%,Donovan J. Richards Jr.,(Democratic),376,AD 23,2025-11-04_22:10:30.962459
ED   11,0.00%,Henry P. Ikezi,(Republican),162,AD 23,2025-11-04_22:10:30.962459
ED   11,0.00%,Henry P. Ikezi,(United Alliance),9,AD 23,2025-11-04_22:10:30.962459
ED   11,0.00%,WRITE-IN,&nbsp,2,AD 23,2025-11-04_22:10:30.962459
ED   12,0.00%,Donovan J. Richards Jr.,(Democratic),116,AD 23,2025-11-04_22:10:30.962459
ED   12,0.00%,Henry P. Ikezi,(Republican),40,AD 23,2025-11-04_22:10:30.962459
ED   12,0.00%,Henry P. Ikezi,(United Alliance),2,AD 23,2025-11-04_22:10:30.962459
ED   12,0.00%,WRITE-IN,&nbsp,1,AD 23,2025-11-04_22:10:30.962459
ED   13,0.00%,Donovan J. Richards Jr.,(Democratic),292,AD 23,2025-11-04_22:10:30.962459
ED   13,0.00%,Henry P. Ikezi,(Republican),135,AD 23,2025-11-04_22:10:30.962459
ED   13,0.00%,Henry P. Ikezi,(United Alliance),4,AD 23,2025-11-04_22:10:30.962459
ED   13,0.00%,WRITE-IN,&nbsp,1,AD 23,2025-11-04_22:10:30.962459
ED   14,0.00%,Donovan J. Richards Jr.,(Democratic),259,AD 23,2025-11-04_22:10:30.962459
ED   14,0.00%,Henry P. Ikezi,(Republican),243,AD 23,2025-11-04_22:10:30.962459
ED   14,0.00%,Henry P. Ikezi,(United Alliance),6,AD 23,2025-11-04_22:10:30.962459
ED   14,0.00%,WRITE-IN,&nbsp,3,AD 23,2025-11-04_22:10:30.962459
ED   15,0.00%,Donovan J. Richards Jr.,(Democratic),236,AD 23,2025-11-04_22:10:30.962459
ED   15,0.00%,Henry P. Ikezi,(Republican),204,AD 23,2025-11-04_22:10:30.962459
ED   15,0.00%,Henry P. Ikezi,(United Alliance),8,AD 23,2025-11-04_22:10:30.962459
ED   15,0.00%,WRITE-IN,&nbsp,-,AD 23,2025-11-04_22:10:30.962459
ED   16,0.00%,Donovan J. Richards Jr.,(Democratic),177,AD 23,2025-11-04_22:10:30.962459
ED   16,0.00%,Henry P. Ikezi,(Republican),137,AD 23,2025-11-04_22:10:30.962459
ED   16,0.00%,Henry P. Ikezi,(United Alliance),5,AD 23,2025-11-04_22:10:30.962459
ED   16,0.00%,WRITE-IN,&nbsp,-,AD 23,2025-11-04_22:10:30.962459
ED   17,0.00%,Donovan J. Richards Jr.,(Democratic),166,AD 23,2025-11-04_22:10:30.962459
ED   17,0.00%,Henry P. Ikezi,(Republican),376,AD 23,2025-11-04_22:10:30.962459
ED   17,0.00%,Henry P. Ikezi,(United Alliance),11,AD 23,2025-11-04_22:10:30.962459
ED   17,0.00%,WRITE-IN,&nbsp,1,AD 23,2025-11-04_22:10:30.962459
ED   18,0.00%,Donovan J. Richards Jr.,(Democratic),433,AD 23,2025-11-04_22:10:30.962459
ED   18,0.00%,Henry P. Ikezi,(Republican),160,AD 23,2025-11-04_22:10:30.962459
ED   18,0.00%,Henry P. Ikezi,(United Alliance),14,AD 23,2025-11-04_22:10:30.962459
ED   18,0.00%,WRITE-IN,&nbsp,1,AD 23,2025-11-04_22:10:30.962459
ED   19,0.00%,Donovan J. Richards Jr.,(Democratic),64,AD 23,2025-11-04_22:10:30.962459
ED   19,0.00%,Henry P. Ikezi,(Republican),8,AD 23,2025-11-04_22:10:30.962459
ED   19,0.00%,Henry P. Ikezi,(United Alliance),-,AD 23,2025-11-04_22:10:30.962459
ED   19,0.00%,WRITE-IN,&nbsp,-,AD 23,2025-11-04_22:10:30.962459
ED   20,0.00%,Donovan J. Richards Jr.,(Democratic),171,AD 23,2025-11-04_22:10:30.962459
ED   20,0.00%,Henry P. Ikezi,(Republican),21,AD 23,2025-11-04_22:10:30.962459
ED   20,0.00%,Henry P. Ikezi,(United Alliance),4,AD 23,2025-11-04_22:10:30.962459
ED   20,0.00%,WRITE-IN,&nbsp,-,AD 23,2025-11-04_22:10:30.962459
ED   21,0.00%,Donovan J. Richards Jr.,(Democratic),199,AD 23,2025-11-04_22:10:30.962459
ED   21,0.00%,Henry P. Ikezi,(Republican),75,AD 23,2025-11-04_22:10:30.962459
ED   21,0.00%,Henry P. Ikezi,(United Alliance),6,AD 23,2025-11-04_22:10:30.962459
ED   21,0.00%,WRITE-IN,&nbsp,1,AD 23,2025-11-04_22:10:30.962459
ED   22,0.00%,Donovan J. Richards Jr.,(Democratic),127,AD 23,2025-11-04_22:10:30.962459
ED   22,0.00%,Henry P. Ikezi,(Republican),11,AD 23,2025-11-04_22:10:30.962459
ED   22,0.00%,Henry P. Ikezi,(United Alliance),2,AD 23,2025-11-04_22:10:30.962459
ED   22,0.00%,WRITE-IN,&nbsp,-,AD 23,2025-11-04_22:10:30.962459
ED   23,0.00%,Donovan J. Richards Jr.,(Democratic),115,AD 23,2025-11-04_22:10:30.962459
ED   23,0.00%,Henry P. Ikezi,(Republican),113,AD 23,2025-11-04_22:10:30.962459
ED   23,0.00%,Henry P. Ikezi,(United Alliance),12,AD 23,2025-11-04_22:10:30.962459
ED   23,0.00%,WRITE-IN,&nbsp,-,AD 23,2025-11-04_22:10:30.962459
ED   24,0.00%,Donovan J. Richards Jr.,(Democratic),192,AD 23,2025-11-04_22:10:30.962459
ED   24,0.00%,Henry P. Ikezi,(Republican),19,AD 23,2025-11-04_22:10:30.962459
ED   24,0.00%,Henry P. Ikezi,(United Alliance),5,AD 23,2025-11-04_22:10:30.962459
ED   24,0.00%,WRITE-IN,&nbsp,-,AD 23,2025-11-04_22:10:30.962459
ED   25,0.00%,Donovan J. Richards Jr.,(Democratic),292,AD 23,2025-11-04_22:10:30.962459
ED   25,0.00%,Henry P. Ikezi,(Republican),157,AD 23,2025-11-04_22:10:30.962459
ED   25,0.00%,Henry P. Ikezi,(United Alliance),6,AD 23,2025-11-04_22:10:30.962459
ED   25,0.00%,WRITE-IN,&nbsp,2,AD 23,2025-11-04_22:10:30.962459
ED   26,0.00%,Donovan J. Richards Jr.,(Democratic),171,AD 23,2025-11-04_22:10:30.962459
ED   26,0.00%,Henry P. Ikezi,(Republican),85,AD 23,2025-11-04_22:10:30.962459
ED   26,0.00%,Henry P. Ikezi,(United Alliance),3,AD 23,2025-11-04_22:10:30.962459
ED   26,0.00%,WRITE-IN,&nbsp,2,AD 23,2025-11-04_22:10:30.962459
ED   27,0.00%,Donovan J. Richards Jr.,(Democratic),210,AD 23,2025-11-04_22:10:30.962459
ED   27,0.00%,Henry P. Ikezi,(Republican),349,AD 23,2025-11-04_22:10:30.962459
ED   27,0.00%,Henry P. Ikezi,(United Alliance),1,AD 23,2025-11-04_22:10:30.962459
ED   27,0.00%,WRITE-IN,&nbsp,9,AD 23,2025-11-04_22:10:30.962459
ED   28,0.00%,Donovan J. Richards Jr.,(Democratic),267,AD 23,2025-11-04_22:10:30.962459
ED   28,0.00%,Henry P. Ikezi,(Republican),154,AD 23,2025-11-04_22:10:30.962459
ED   28,0.00%,Henry P. Ikezi,(United Alliance),2,AD 23,2025-11-04_22:10:30.962459
ED   28,0.00%,WRITE-IN,&nbsp,3,AD 23,2025-11-04_22:10:30.962459
ED   29,0.00%,Donovan J. Richards Jr.,(Democratic),146,AD 23,2025-11-04_22:10:30.962459
ED   29,0.00%,Henry P. Ikezi,(Republican),433,AD 23,2025-11-04_22:10:30.962459
ED   29,0.00%,Henry P. Ikezi,(United Alliance),5,AD 23,2025-11-04_22:10:30.962459
ED   29,0.00%,WRITE-IN,&nbsp,9,AD 23,2025-11-04_22:10:30.962459
ED   30,0.00%,Donovan J. Richards Jr.,(Democratic),191,AD 23,2025-11-04_22:10:30.962459
ED   30,0.00%,Henry P. Ikezi,(Republican),341,AD 23,2025-11-04_22:10:30.962459
ED   30,0.00%,Henry P. Ikezi,(United Alliance),7,AD 23,2025-11-04_22:10:30.962459
ED   30,0.00%,WRITE-IN,&nbsp,4,AD 23,2025-11-04_22:10:30.962459
ED   31,0.00%,Donovan J. Richards Jr.,(Democratic),318,AD 23,2025-11-04_22:10:30.962459
ED   31,0.00%,Henry P. Ikezi,(Republican),293,AD 23,2025-11-04_22:10:30.962459
ED   31,0.00%,Henry P. Ikezi,(United Alliance),3,AD 23,2025-11-04_22:10:30.962459
ED   31,0.00%,WRITE-IN,&nbsp,3,AD 23,2025-11-04_22:10:30.962459
ED   32,0.00%,Donovan J. Richards Jr.,(Democratic),369,AD 23,2025-11-04_22:10:30.962459
ED   32,0.00%,Henry P. Ikezi,(Republican),365,AD 23,2025-11-04_22:10:30.962459
ED   32,0.00%,Henry P. Ikezi,(United Alliance),10,AD 23,2025-11-04_22:10:30.962459
ED   32,0.00%,WRITE-IN,&nbsp,4,AD 23,2025-11-04_22:10:30.962459
ED   33,0.00%,Donovan J. Richards Jr.,(Democratic),178,AD 23,2025-11-04_22:10:30.962459
ED   33,0.00%,Henry P. Ikezi,(Republican),676,AD 23,2025-11-04_22:10:30.962459
ED   33,0.00%,Henry P. Ikezi,(United Alliance),6,AD 23,2025-11-04_22:10:30.962459
ED   33,0.00%,WRITE-IN,&nbsp,-,AD 23,2025-11-04_22:10:30.962459
ED   34,0.00%,Donovan J. Richards Jr.,(Democratic),197,AD 23,2025-11-04_22:10:30.962459
ED   34,0.00%,Henry P. Ikezi,(Republican),578,AD 23,2025-11-04_22:10:30.962459
ED   34,0.00%,Henry P. Ikezi,(United Alliance),5,AD 23,2025-11-04_22:10:30.962459
ED   34,0.00%,WRITE-IN,&nbsp,3,AD 23,2025-11-04_22:10:30.962459
ED   35,0.00%,Donovan J. Richards Jr.,(Democratic),151,AD 23,2025-11-04_22:10:30.962459
ED   35,0.00%,Henry P. Ikezi,(Republican),599,AD 23,2025-11-04_22:10:30.962459
ED   35,0.00%,Henry P. Ikezi,(United Alliance),12,AD 23,2025-11-04_22:10:30.962459
ED   35,0.00%,WRITE-IN,&nbsp,-,AD 23,2025-11-04_22:10:30.962459
ED   36,0.00%,Donovan J. Richards Jr.,(Democratic),204,AD 23,2025-11-04_22:10:30.962459
ED   36,0.00%,Henry P. Ikezi,(Republican),587,AD 23,2025-11-04_22:10:30.962459
ED   36,0.00%,Henry P. Ikezi,(United Alliance),7,AD 23,2025-11-04_22:10:30.962459
ED   36,0.00%,WRITE-IN,&nbsp,1,AD 23,2025-11-04_22:10:30.962459
ED   37,0.00%,Donovan J. Richards Jr.,(Democratic),284,AD 23,2025-11-04_22:10:30.962459
ED   37,0.00%,Henry P. Ikezi,(Republican),496,AD 23,2025-11-04_22:10:30.962459
ED   37,0.00%,Henry P. Ikezi,(United Alliance),3,AD 23,2025-11-04_22:10:30.962459
ED   37,0.00%,WRITE-IN,&nbsp,2,AD 23,2025-11-04_22:10:30.962459
ED   38,0.00%,Donovan J. Richards Jr.,(Democratic),190,AD 23,2025-11-04_22:10:30.962459
ED   38,0.00%,Henry P. Ikezi,(Republican),444,AD 23,2025-11-04_22:10:30.962459
ED   38,0.00%,Henry P. Ikezi,(United Alliance),4,AD 23,2025-11-04_22:10:30.962459
ED   38,0.00%,WRITE-IN,&nbsp,1,AD 23,2025-11-04_22:10:30.962459
ED   39,0.00%,Donovan J. Richards Jr.,(Democratic),29,AD 23,2025-11-04_22:10:30.962459
ED   39,0.00%,Henry P. Ikezi,(Republican),10,AD 23,2025-11-04_22:10:30.962459
ED   39,0.00%,Henry P. Ikezi,(United Alliance),2,AD 23,2025-11-04_22:10:30.962459
ED   39,0.00%,WRITE-IN,&nbsp,-,AD 23,2025-11-04_22:10:30.962459
ED   40,0.00%,Donovan J. Richards Jr.,(Democratic),249,AD 23,2025-11-04_22:10:30.962459
ED   40,0.00%,Henry P. Ikezi,(Republican),93,AD 23,2025-11-04_22:10:30.962459
ED   40,0.00%,Henry P. Ikezi,(United Alliance),8,AD 23,2025-11-04_22:10:30.962459
ED   40,0.00%,WRITE-IN,&nbsp,1,AD 23,2025-11-04_22:10:30.962459
ED   41,0.00%,Donovan J. Richards Jr.,(Democratic),257,AD 23,2025-11-04_22:10:30.962459
ED   41,0.00%,Henry P. Ikezi,(Republican),213,AD 23,2025-11-04_22:10:30.962459
ED   41,0.00%,Henry P. Ikezi,(United Alliance),7,AD 23,2025-11-04_22:10:30.962459
ED   41,0.00%,WRITE-IN,&nbsp,-,AD 23,2025-11-04_22:10:30.962459
ED   42,0.00%,Donovan J. Richards Jr.,(Democratic),205,AD 23,2025-11-04_22:10:30.962459
ED   42,0.00%,Henry P. Ikezi,(Republican),109,AD 23,2025-11-04_22:10:30.962459
ED   42,0.00%,Henry P. Ikezi,(United Alliance),3,AD 23,2025-11-04_22:10:30.962459
ED   42,0.00%,WRITE-IN,&nbsp,1,AD 23,2025-11-04_22:10:30.962459
ED   43,0.00%,Donovan J. Richards Jr.,(Democratic),14,AD 23,2025-11-04_22:10:30.962459
ED   43,0.00%,Henry P. Ikezi,(Republican),1,AD 23,2025-11-04_22:10:30.962459
ED   43,0.00%,Henry P. Ikezi,(United Alliance),-,AD 23,2025-11-04_22:10:30.962459
ED   43,0.00%,WRITE-IN,&nbsp,-,AD 23,2025-11-04_22:10:30.962459
ED   44,0.00%,Donovan J. Richards Jr.,(Democratic),438,AD 23,2025-11-04_22:10:30.962459
ED   44,0.00%,Henry P. Ikezi,(Republican),404,AD 23,2025-11-04_22:10:30.962459
ED   44,0.00%,Henry P. Ikezi,(United Alliance),8,AD 23,2025-11-04_22:10:30.962459
ED   44,0.00%,WRITE-IN,&nbsp,1,AD 23,2025-11-04_22:10:30.962459
ED   45,0.00%,Donovan J. Richards Jr.,(Democratic),240,AD 23,2025-11-04_22:10:30.962459
ED   45,0.00%,Henry P. Ikezi,(Republican),265,AD 23,2025-11-04_22:10:30.962459
ED   45,0.00%,Henry P. Ikezi,(United Alliance),4,AD 23,2025-11-04_22:10:30.962459
ED   45,0.00%,WRITE-IN,&nbsp,-,AD 23,2025-11-04_22:10:30.962459
ED   46,0.00%,Donovan J. Richards Jr.,(Democratic),487,AD 23,2025-11-04_22:10:30.962459
ED   46,0.00%,Henry P. Ikezi,(Republican),213,AD 23,2025-11-04_22:10:30.962459
ED   46,0.00%,Henry P. Ikezi,(United Alliance),13,AD 23,2025-11-04_22:10:30.962459
ED   46,0.00%,WRITE-IN,&nbsp,-,AD 23,2025-11-04_22:10:30.962459
ED   47,0.00%,Donovan J. Richards Jr.,(Democratic),268,AD 23,2025-11-04_22:10:30.962459
ED   47,0.00%,Henry P. Ikezi,(Republican),214,AD 23,2025-11-04_22:10:30.962459
ED   47,0.00%,Henry P. Ikezi,(United Alliance),2,AD 23,2025-11-04_22:10:30.962459
ED   47,0.00%,WRITE-IN,&nbsp,-,AD 23,2025-11-04_22:10:30.962459
ED   48,0.00%,Donovan J. Richards Jr.,(Democratic),303,AD 23,2025-11-04_22:10:30.962459
ED   48,0.00%,Henry P. Ikezi,(Republican),255,AD 23,2025-11-04_22:10:30.962459
ED   48,0.00%,Henry P. Ikezi,(United Alliance),5,AD 23,2025-11-04_22:10:30.962459
ED   48,0.00%,WRITE-IN,&nbsp,-,AD 23,2025-11-04_22:10:30.962459
ED   49,0.00%,Donovan J. Richards Jr.,(Democratic),370,AD 23,2025-11-04_22:10:30.962459
ED   49,0.00%,Henry P. Ikezi,(Republican),235,AD 23,2025-11-04_22:10:30.962459
ED   49,0.00%,Henry P. Ikezi,(United Alliance),5,AD 23,2025-11-04_22:10:30.962459
ED   49,0.00%,WRITE-IN,&nbsp,-,AD 23,2025-11-04_22:10:30.962459
ED   50,0.00%,Donovan J. Richards Jr.,(Democratic),181,AD 23,2025-11-04_22:10:30.962459
ED   50,0.00%,Henry P. Ikezi,(Republican),97,AD 23,2025-11-04_22:10:30.962459
ED   50,0.00%,Henry P. Ikezi,(United Alliance),6,AD 23,2025-11-04_22:10:30.962459
ED   50,0.00%,WRITE-IN,&nbsp,1,AD 23,2025-11-04_22:10:30.962459
ED   51,0.00%,Donovan J. Richards Jr.,(Democratic),263,AD 23,2025-11-04_22:10:30.962459
ED   51,0.00%,Henry P. Ikezi,(Republican),83,AD 23,2025-11-04_22:10:30.962459
ED   51,0.00%,Henry P. Ikezi,(United Alliance),10,AD 23,2025-11-04_22:10:30.962459
ED   51,0.00%,WRITE-IN,&nbsp,1,AD 23,2025-11-04_22:10:30.962459
ED   52,0.00%,Donovan J. Richards Jr.,(Democratic),167,AD 23,2025-11-04_22:10:30.962459
ED   52,0.00%,Henry P. Ikezi,(Republican),53,AD 23,2025-11-04_22:10:30.962459
ED   52,0.00%,Henry P. Ikezi,(United Alliance),3,AD 23,2025-11-04_22:10:30.962459
ED   52,0.00%,WRITE-IN,&nbsp,2,AD 23,2025-11-04_22:10:30.962459
ED   53,0.00%,Donovan J. Richards Jr.,(Democratic),501,AD 23,2025-11-04_22:10:30.962459
ED   53,0.00%,Henry P. Ikezi,(Republican),90,AD 23,2025-11-04_22:10:30.962459
ED   53,0.00%,Henry P. Ikezi,(United Alliance),13,AD 23,2025-11-04_22:10:30.962459
ED   53,0.00%,WRITE-IN,&nbsp,2,AD 23,2025-11-04_22:10:30.962459
ED   54,0.00%,Donovan J. Richards Jr.,(Democratic),462,AD 23,2025-11-04_22:10:30.962459
ED   54,0.00%,Henry P. Ikezi,(Republican),93,AD 23,2025-11-04_22:10:30.962459
ED   54,0.00%,Henry P. Ikezi,(United Alliance),12,AD 23,2025-11-04_22:10:30.962459
ED   54,0.00%,WRITE-IN,&nbsp,-,AD 23,2025-11-04_22:10:30.962459
ED   55,0.00%,Donovan J. Richards Jr.,(Democratic),135,AD 23,2025-11-04_22:10:30.962459
ED   55,0.00%,Henry P. Ikezi,(Republican),54,AD 23,2025-11-04_22:10:30.962459
ED   55,0.00%,Henry P. Ikezi,(United Alliance),-,AD 23,2025-11-04_22:10:30.962459
ED   55,0.00%,WRITE-IN,&nbsp,-,AD 23,2025-11-04_22:10:30.962459
ED   56,0.00%,Donovan J. Richards Jr.,(Democratic),142,AD 23,2025-11-04_22:10:30.962459
ED   56,0.00%,Henry P. Ikezi,(Republican),49,AD 23,2025-11-04_22:10:30.962459
ED   56,0.00%,Henry P. Ikezi,(United Alliance),7,AD 23,2025-11-04_22:10:30.962459
ED   56,0.00%,WRITE-IN,&nbsp,-,AD 23,2025-11-04_22:10:30.962459
ED   57,0.00%,Donovan J. Richards Jr.,(Democratic),191,AD 23,2025-11-04_22:10:30.962459
ED   57,0.00%,Henry P. Ikezi,(Republican),66,AD 23,2025-11-04_22:10:30.962459
ED   57,0.00%,Henry P. Ikezi,(United Alliance),2,AD 23,2025-11-04_22:10:30.962459
ED   57,0.00%,WRITE-IN,&nbsp,-,AD 23,2025-11-04_22:10:30.962459
ED   58,0.00%,Donovan J. Richards Jr.,(Democratic),113,AD 23,2025-11-04_22:10:30.962459
ED   58,0.00%,Henry P. Ikezi,(Republican),291,AD 23,2025-11-04_22:10:30.962459
ED   58,0.00%,Henry P. Ikezi,(United Alliance),6,AD 23,2025-11-04_22:10:30.962459
ED   58,0.00%,WRITE-IN,&nbsp,-,AD 23,2025-11-04_22:10:30.962459
ED   59,0.00%,Donovan J. Richards Jr.,(Democratic),71,AD 23,2025-11-04_22:10:30.962459
ED   59,0.00%,Henry P. Ikezi,(Republican),268,AD 23,2025-11-04_22:10:30.962459
ED   59,0.00%,Henry P. Ikezi,(United Alliance),4,AD 23,2025-11-04_22:10:30.962459
ED   59,0.00%,WRITE-IN,&nbsp,-,AD 23,2025-11-04_22:10:30.962459
ED   60,0.00%,Donovan J. Richards Jr.,(Democratic),218,AD 23,2025-11-04_22:10:30.962459
ED   60,0.00%,Henry P. Ikezi,(Republican),214,AD 23,2025-11-04_22:10:30.962459
ED   60,0.00%,Henry P. Ikezi,(United Alliance),13,AD 23,2025-11-04_22:10:30.962459
ED   60,0.00%,WRITE-IN,&nbsp,-,AD 23,2025-11-04_22:10:30.962459
ED   61,0.00%,Donovan J. Richards Jr.,(Democratic),-,AD 23,2025-11-04_22:10:30.962459
ED   61,0.00%,Henry P. Ikezi,(Republican),-,AD 23,2025-11-04_22:10:30.962459
ED   61,0.00%,Henry P. Ikezi,(United Alliance),-,AD 23,2025-11-04_22:10:30.962459
ED   61,0.00%,WRITE-IN,&nbsp,-,AD 23,2025-11-04_22:10:30.962459
ED   62,0.00%,Donovan J. Richards Jr.,(Democratic),280,AD 23,2025-11-04_22:10:30.962459
ED   62,0.00%,Henry P. Ikezi,(Republican),117,AD 23,2025-11-04_22:10:30.962459
ED   62,0.00%,Henry P. Ikezi,(United Alliance),15,AD 23,2025-11-04_22:10:30.962459
ED   62,0.00%,WRITE-IN,&nbsp,-,AD 23,2025-11-04_22:10:30.962459
ED   63,0.00%,Donovan J. Richards Jr.,(Democratic),188,AD 23,2025-11-04_22:10:30.962459
ED   63,0.00%,Henry P. Ikezi,(Republican),49,AD 23,2025-11-04_22:10:30.962459
ED   63,0.00%,Henry P. Ikezi,(United Alliance),6,AD 23,2025-11-04_22:10:30.962459
ED   63,0.00%,WRITE-IN,&nbsp,1,AD 23,2025-11-04_22:10:30.962459
ED   64,0.00%,Donovan J. Richards Jr.,(Democratic),70,AD 23,2025-11-04_22:10:30.962459
ED   64,0.00%,Henry P. Ikezi,(Republican),33,AD 23,2025-11-04_22:10:30.962459
ED   64,0.00%,Henry P. Ikezi,(United Alliance),-,AD 23,2025-11-04_22:10:30.962459
ED   64,0.00%,WRITE-IN,&nbsp,-,AD 23,2025-11-04_22:10:30.962459
ED   65,0.00%,Donovan J. Richards Jr.,(Democratic),314,AD 23,2025-11-04_22:10:30.962459
ED   65,0.00%,Henry P. Ikezi,(Republican),24,AD 23,2025-11-04_22:10:30.962459
ED   65,0.00%,Henry P. Ikezi,(United Alliance),3,AD 23,2025-11-04_22:10:30.962459
ED   65,0.00%,WRITE-IN,&nbsp,-,AD 23,2025-11-04_22:10:30.962459
ED   66,0.00%,Donovan J. Richards Jr.,(Democratic),243,AD 23,2025-11-04_22:10:30.962459
ED   66,0.00%,Henry P. Ikezi,(Republican),83,AD 23,2025-11-04_22:10:30.962459
ED   66,0.00%,Henry P. Ikezi,(United Alliance),4,AD 23,2025-11-04_22:10:30.962459
ED   66,0.00%,WRITE-IN,&nbsp,2,AD 23,2025-11-04_22:10:30.962459
ED   67,0.00%,Donovan J. Richards Jr.,(Democratic),-,AD 23,2025-11-04_22:10:30.962459
ED   67,0.00%,Henry P. Ikezi,(Republican),-,AD 23,2025-11-04_22:10:30.962459
ED   67,0.00%,Henry P. Ikezi,(United Alliance),-,AD 23,2025-11-04_22:10:30.962459
ED   67,0.00%,WRITE-IN,&nbsp,-,AD 23,2025-11-04_22:10:30.962459
ED   68,0.00%,Donovan J. Richards Jr.,(Democratic),-,AD 23,2025-11-04_22:10:30.962459
ED   68,0.00%,Henry P. Ikezi,(Republican),-,AD 23,2025-11-04_22:10:30.962459
ED   68,0.00%,Henry P. Ikezi,(United Alliance),-,AD 23,2025-11-04_22:10:30.962459
ED   68,0.00%,WRITE-IN,&nbsp,-,AD 23,2025-11-04_22:10:30.962459
ED   69,0.00%,Donovan J. Richards Jr.,(Democratic),-,AD 23,2025-11-04_22:10:30.962459
ED   69,0.00%,Henry P. Ikezi,(Republican),-,AD 23,2025-11-04_22:10:30.962459
ED   69,0.00%,Henry P. Ikezi,(United Alliance),-,AD 23,2025-11-04_22:10:30.962459
ED   69,0.00%,WRITE-IN,&nbsp,-,AD 23,2025-11-04_22:10:30.962459
ED   70,0.00%,Donovan J. Richards Jr.,(Democratic),-,AD 23,2025-11-04_22:10:30.962459
ED   70,0.00%,Henry P. Ikezi,(Republican),-,AD 23,2025-11-04_22:10:30.962459
ED   70,0.00%,Henry P. Ikezi,(United Alliance),-,AD 23,2025-11-04_22:10:30.962459
ED   70,0.00%,WRITE-IN,&nbsp,-,AD 23,2025-11-04_22:10:30.962459
ED   71,0.00%,Donovan J. Richards Jr.,(Democratic),-,AD 23,2025-11-04_22:10:30.962459
ED   71,0.00%,Henry P. Ikezi,(Republican),-,AD 23,2025-11-04_22:10:30.962459
ED   71,0.00%,Henry P. Ikezi,(United Alliance),-,AD 23,2025-11-04_22:10:30.962459
ED   71,0.00%,WRITE-IN,&nbsp,-,AD 23,2025-11-04_22:10:30.962459
ED   72,0.00%,Donovan J. Richards Jr.,(Democratic),-,AD 23,2025-11-04_22:10:30.962459
ED   72,0.00%,Henry P. Ikezi,(Republican),-,AD 23,2025-11-04_22:10:30.962459
ED   72,0.00%,Henry P. Ikezi,(United Alliance),-,AD 23,2025-11-04_22:10:30.962459
ED   72,0.00%,WRITE-IN,&nbsp,-,AD 23,2025-11-04_22:10:30.962459
ED   73,0.00%,Donovan J. Richards Jr.,(Democratic),-,AD 23,2025-11-04_22:10:30.962459
ED   73,0.00%,Henry P. Ikezi,(Republican),-,AD 23,2025-11-04_22:10:30.962459
ED   73,0.00%,Henry P. Ikezi,(United Alliance),-,AD 23,2025-11-04_22:10:30.962459
ED   73,0.00%,WRITE-IN,&nbsp,-,AD 23,2025-11-04_22:10:30.962459
ED   74,0.00%,Donovan J. Richards Jr.,(Democratic),-,AD 23,2025-11-04_22:10:30.962459
ED   74,0.00%,Henry P. Ikezi,(Republican),-,AD 23,2025-11-04_22:10:30.962459
ED   74,0.00%,Henry P. Ikezi,(United Alliance),-,AD 23,2025-11-04_22:10:30.962459
ED   74,0.00%,WRITE-IN,&nbsp,-,AD 23,2025-11-04_22:10:30.962459
Total,,Donovan J. Richards Jr.,(Democratic),14752,AD 23,2025-11-04_22:10:30.962459
Total,,Henry P. Ikezi,(Republican),16506,AD 23,2025-11-04_22:10:30.962459
Total,,Henry P. Ikezi,(United Alliance),392,AD 23,2025-11-04_22:10:30.962459
Total,,WRITE-IN,&nbsp,84,AD 23,2025-11-04_22:10:30.962459
ED    1,0.00%,Donovan J. Richards Jr.,(Democratic),113,AD 24,2025-11-04_22:10:30.962459
ED    1,0.00%,Henry P. Ikezi,(Republican),19,AD 24,2025-11-04_22:10:30.962459
ED    1,0.00%,Henry P. Ikezi,(United Alliance),2,AD 24,2025-11-04_22:10:30.962459
ED    1,0.00%,WRITE-IN,&nbsp,-,AD 24,2025-11-04_22:10:30.962459
ED    2,0.00%,Donovan J. Richards Jr.,(Democratic),150,AD 24,2025-11-04_22:10:30.962459
ED    2,0.00%,Henry P. Ikezi,(Republican),35,AD 24,2025-11-04_22:10:30.962459
ED    2,0.00%,Henry P. Ikezi,(United Alliance),6,AD 24,2025-11-04_22:10:30.962459
ED    2,0.00%,WRITE-IN,&nbsp,3,AD 24,2025-11-04_22:10:30.962459
ED    3,0.00%,Donovan J. Richards Jr.,(Democratic),319,AD 24,2025-11-04_22:10:30.962459
ED    3,0.00%,Henry P. Ikezi,(Republican),86,AD 24,2025-11-04_22:10:30.962459
ED    3,0.00%,Henry P. Ikezi,(United Alliance),12,AD 24,2025-11-04_22:10:30.962459
ED    3,0.00%,WRITE-IN,&nbsp,-,AD 24,2025-11-04_22:10:30.962459
ED    4,0.00%,Donovan J. Richards Jr.,(Democratic),237,AD 24,2025-11-04_22:10:30.962459
ED    4,0.00%,Henry P. Ikezi,(Republican),65,AD 24,2025-11-04_22:10:30.962459
ED    4,0.00%,Henry P. Ikezi,(United Alliance),4,AD 24,2025-11-04_22:10:30.962459
ED    4,0.00%,WRITE-IN,&nbsp,-,AD 24,2025-11-04_22:10:30.962459
ED    5,0.00%,Donovan J. Richards Jr.,(Democratic),216,AD 24,2025-11-04_22:10:30.962459
ED    5,0.00%,Henry P. Ikezi,(Republican),58,AD 24,2025-11-04_22:10:30.962459
ED    5,0.00%,Henry P. Ikezi,(United Alliance),4,AD 24,2025-11-04_22:10:30.962459
ED    5,0.00%,WRITE-IN,&nbsp,-,AD 24,2025-11-04_22:10:30.962459
ED    6,0.00%,Donovan J. Richards Jr.,(Democratic),289,AD 24,2025-11-04_22:10:30.962459
ED    6,0.00%,Henry P. Ikezi,(Republican),93,AD 24,2025-11-04_22:10:30.962459
ED    6,0.00%,Henry P. Ikezi,(United Alliance),5,AD 24,2025-11-04_22:10:30.962459
ED    6,0.00%,WRITE-IN,&nbsp,1,AD 24,2025-11-04_22:10:30.962459
ED    7,0.00%,Donovan J. Richards Jr.,(Democratic),227,AD 24,2025-11-04_22:10:30.962459
ED    7,0.00%,Henry P. Ikezi,(Republican),67,AD 24,2025-11-04_22:10:30.962459
ED    7,0.00%,Henry P. Ikezi,(United Alliance),1,AD 24,2025-11-04_22:10:30.962459
ED    7,0.00%,WRITE-IN,&nbsp,-,AD 24,2025-11-04_22:10:30.962459
ED    8,0.00%,Donovan J. Richards Jr.,(Democratic),281,AD 24,2025-11-04_22:10:30.962459
ED    8,0.00%,Henry P. Ikezi,(Republican),66,AD 24,2025-11-04_22:10:30.962459
ED    8,0.00%,Henry P. Ikezi,(United Alliance),4,AD 24,2025-11-04_22:10:30.962459
ED    8,0.00%,WRITE-IN,&nbsp,2,AD 24,2025-11-04_22:10:30.962459
ED    9,0.00%,Donovan J. Richards Jr.,(Democratic),207,AD 24,2025-11-04_22:10:30.962459
ED    9,0.00%,Henry P. Ikezi,(Republican),30,AD 24,2025-11-04_22:10:30.962459
ED    9,0.00%,Henry P. Ikezi,(United Alliance),5,AD 24,2025-11-04_22:10:30.962459
ED    9,0.00%,WRITE-IN,&nbsp,-,AD 24,2025-11-04_22:10:30.962459
ED   10,0.00%,Donovan J. Richards Jr.,(Democratic),341,AD 24,2025-11-04_22:10:30.962459
ED   10,0.00%,Henry P. Ikezi,(Republican),48,AD 24,2025-11-04_22:10:30.962459
ED   10,0.00%,Henry P. Ikezi,(United Alliance),9,AD 24,2025-11-04_22:10:30.962459
ED   10,0.00%,WRITE-IN,&nbsp,-,AD 24,2025-11-04_22:10:30.962459
ED   11,0.00%,Donovan J. Richards Jr.,(Democratic),241,AD 24,2025-11-04_22:10:30.962459
ED   11,0.00%,Henry P. Ikezi,(Republican),54,AD 24,2025-11-04_22:10:30.962459
ED   11,0.00%,Henry P. Ikezi,(United Alliance),5,AD 24,2025-11-04_22:10:30.962459
ED   11,0.00%,WRITE-IN,&nbsp,-,AD 24,2025-11-04_22:10:30.962459
ED   12,0.00%,Donovan J. Richards Jr.,(Democratic),244,AD 24,2025-11-04_22:10:30.962459
ED   12,0.00%,Henry P. Ikezi,(Republican),66,AD 24,2025-11-04_22:10:30.962459
ED   12,0.00%,Henry P. Ikezi,(United Alliance),4,AD 24,2025-11-04_22:10:30.962459
ED   12,0.00%,WRITE-IN,&nbsp,-,AD 24,2025-11-04_22:10:30.962459
ED   13,0.00%,Donovan J. Richards Jr.,(Democratic),354,AD 24,2025-11-04_22:10:30.962459
ED   13,0.00%,Henry P. Ikezi,(Republican),75,AD 24,2025-11-04_22:10:30.962459
ED   13,0.00%,Henry P. Ikezi,(United Alliance),6,AD 24,2025-11-04_22:10:30.962459
ED   13,0.00%,WRITE-IN,&nbsp,-,AD 24,2025-11-04_22:10:30.962459
ED   14,0.00%,Donovan J. Richards Jr.,(Democratic),329,AD 24,2025-11-04_22:10:30.962459
ED   14,0.00%,Henry P. Ikezi,(Republican),96,AD 24,2025-11-04_22:10:30.962459
ED   14,0.00%,Henry P. Ikezi,(United Alliance),5,AD 24,2025-11-04_22:10:30.962459
ED   14,0.00%,WRITE-IN,&nbsp,1,AD 24,2025-11-04_22:10:30.962459
ED   15,0.00%,Donovan J. Richards Jr.,(Democratic),278,AD 24,2025-11-04_22:10:30.962459
ED   15,0.00%,Henry P. Ikezi,(Republican),77,AD 24,2025-11-04_22:10:30.962459
ED   15,0.00%,Henry P. Ikezi,(United Alliance),11,AD 24,2025-11-04_22:10:30.962459
ED   15,0.00%,WRITE-IN,&nbsp,-,AD 24,2025-11-04_22:10:30.962459
ED   16,0.00%,Donovan J. Richards Jr.,(Democratic),172,AD 24,2025-11-04_22:10:30.962459
ED   16,0.00%,Henry P. Ikezi,(Republican),32,AD 24,2025-11-04_22:10:30.962459
ED   16,0.00%,Henry P. Ikezi,(United Alliance),3,AD 24,2025-11-04_22:10:30.962459
ED   16,0.00%,WRITE-IN,&nbsp,1,AD 24,2025-11-04_22:10:30.962459
ED   17,0.00%,Donovan J. Richards Jr.,(Democratic),17,AD 24,2025-11-04_22:10:30.962459
ED   17,0.00%,Henry P. Ikezi,(Republican),2,AD 24,2025-11-04_22:10:30.962459
ED   17,0.00%,Henry P. Ikezi,(United Alliance),-,AD 24,2025-11-04_22:10:30.962459
ED   17,0.00%,WRITE-IN,&nbsp,-,AD 24,2025-11-04_22:10:30.962459
ED   18,0.00%,Donovan J. Richards Jr.,(Democratic),204,AD 24,2025-11-04_22:10:30.962459
ED   18,0.00%,Henry P. Ikezi,(Republican),63,AD 24,2025-11-04_22:10:30.962459
ED   18,0.00%,Henry P. Ikezi,(United Alliance),7,AD 24,2025-11-04_22:10:30.962459
ED   18,0.00%,WRITE-IN,&nbsp,-,AD 24,2025-11-04_22:10:30.962459
ED   19,0.00%,Donovan J. Richards Jr.,(Democratic),269,AD 24,2025-11-04_22:10:30.962459
ED   19,0.00%,Henry P. Ikezi,(Republican),82,AD 24,2025-11-04_22:10:30.962459
ED   19,0.00%,Henry P. Ikezi,(United Alliance),7,AD 24,2025-11-04_22:10:30.962459
ED   19,0.00%,WRITE-IN,&nbsp,2,AD 24,2025-11-04_22:10:30.962459
ED   20,0.00%,Donovan J. Richards Jr.,(Democratic),96,AD 24,2025-11-04_22:10:30.962459
ED   20,0.00%,Henry P. Ikezi,(Republican),19,AD 24,2025-11-04_22:10:30.962459
ED   20,0.00%,Henry P. Ikezi,(United Alliance),5,AD 24,2025-11-04_22:10:30.962459
ED   20,0.00%,WRITE-IN,&nbsp,-,AD 24,2025-11-04_22:10:30.962459
ED   21,0.00%,Donovan J. Richards Jr.,(Democratic),215,AD 24,2025-11-04_22:10:30.962459
ED   21,0.00%,Henry P. Ikezi,(Republican),141,AD 24,2025-11-04_22:10:30.962459
ED   21,0.00%,Henry P. Ikezi,(United Alliance),3,AD 24,2025-11-04_22:10:30.962459
ED   21,0.00%,WRITE-IN,&nbsp,-,AD 24,2025-11-04_22:10:30.962459
ED   22,0.00%,Donovan J. Richards Jr.,(Democratic),33,AD 24,2025-11-04_22:10:30.962459
ED   22,0.00%,Henry P. Ikezi,(Republican),31,AD 24,2025-11-04_22:10:30.962459
ED   22,0.00%,Henry P. Ikezi,(United Alliance),-,AD 24,2025-11-04_22:10:30.962459
ED   22,0.00%,WRITE-IN,&nbsp,-,AD 24,2025-11-04_22:10:30.962459
ED   23,0.00%,Donovan J. Richards Jr.,(Democratic),215,AD 24,2025-11-04_22:10:30.962459
ED   23,0.00%,Henry P. Ikezi,(Republican),41,AD 24,2025-11-04_22:10:30.962459
ED   23,0.00%,Henry P. Ikezi,(United Alliance),4,AD 24,2025-11-04_22:10:30.962459
ED   23,0.00%,WRITE-IN,&nbsp,-,AD 24,2025-11-04_22:10:30.962459
ED   24,0.00%,Donovan J. Richards Jr.,(Democratic),192,AD 24,2025-11-04_22:10:30.962459
ED   24,0.00%,Henry P. Ikezi,(Republican),140,AD 24,2025-11-04_22:10:30.962459
ED   24,0.00%,Henry P. Ikezi,(United Alliance),6,AD 24,2025-11-04_22:10:30.962459
ED   24,0.00%,WRITE-IN,&nbsp,1,AD 24,2025-11-04_22:10:30.962459
ED   25,0.00%,Donovan J. Richards Jr.,(Democratic),98,AD 24,2025-11-04_22:10:30.962459
ED   25,0.00%,Henry P. Ikezi,(Republican),56,AD 24,2025-11-04_22:10:30.962459
ED   25,0.00%,Henry P. Ikezi,(United Alliance),2,AD 24,2025-11-04_22:10:30.962459
ED   25,0.00%,WRITE-IN,&nbsp,-,AD 24,2025-11-04_22:10:30.962459
ED   26,0.00%,Donovan J. Richards Jr.,(Democratic),200,AD 24,2025-11-04_22:10:30.962459
ED   26,0.00%,Henry P. Ikezi,(Republican),60,AD 24,2025-11-04_22:10:30.962459
ED   26,0.00%,Henry P. Ikezi,(United Alliance),4,AD 24,2025-11-04_22:10:30.962459
ED   26,0.00%,WRITE-IN,&nbsp,-,AD 24,2025-11-04_22:10:30.962459
ED   27,0.00%,Donovan J. Richards Jr.,(Democratic),248,AD 24,2025-11-04_22:10:30.962459
ED   27,0.00%,Henry P. Ikezi,(Republican),36,AD 24,2025-11-04_22:10:30.962459
ED   27,0.00%,Henry P. Ikezi,(United Alliance),1,AD 24,2025-11-04_22:10:30.962459
ED   27,0.00%,WRITE-IN,&nbsp,-,AD 24,2025-11-04_22:10:30.962459
ED   28,0.00%,Donovan J. Richards Jr.,(Democratic),192,AD 24,2025-11-04_22:10:30.962459
ED   28,0.00%,Henry P. Ikezi,(Republican),94,AD 24,2025-11-04_22:10:30.962459
ED   28,0.00%,Henry P. Ikezi,(United Alliance),2,AD 24,2025-11-04_22:10:30.962459
ED   28,0.00%,WRITE-IN,&nbsp,-,AD 24,2025-11-04_22:10:30.962459
ED   29,0.00%,Donovan J. Richards Jr.,(Democratic),289,AD 24,2025-11-04_22:10:30.962459
ED   29,0.00%,Henry P. Ikezi,(Republican),86,AD 24,2025-11-04_22:10:30.962459
ED   29,0.00%,Henry P. Ikezi,(United Alliance),6,AD 24,2025-11-04_22:10:30.962459
ED   29,0.00%,WRITE-IN,&nbsp,-,AD 24,2025-11-04_22:10:30.962459
ED   30,0.00%,Donovan J. Richards Jr.,(Democratic),251,AD 24,2025-11-04_22:10:30.962459
ED   30,0.00%,Henry P. Ikezi,(Republican),125,AD 24,2025-11-04_22:10:30.962459
ED   30,0.00%,Henry P. Ikezi,(United Alliance),8,AD 24,2025-11-04_22:10:30.962459
ED   30,0.00%,WRITE-IN,&nbsp,-,AD 24,2025-11-04_22:10:30.962459
ED   31,0.00%,Donovan J. Richards Jr.,(Democratic),329,AD 24,2025-11-04_22:10:30.962459
ED   31,0.00%,Henry P. Ikezi,(Republican),184,AD 24,2025-11-04_22:10:30.962459
ED   31,0.00%,Henry P. Ikezi,(United Alliance),7,AD 24,2025-11-04_22:10:30.962459
ED   31,0.00%,WRITE-IN,&nbsp,3,AD 24,2025-11-04_22:10:30.962459
ED   32,0.00%,Donovan J. Richards Jr.,(Democratic),312,AD 24,2025-11-04_22:10:30.962459
ED   32,0.00%,Henry P. Ikezi,(Republican),57,AD 24,2025-11-04_22:10:30.962459
ED   32,0.00%,Henry P. Ikezi,(United Alliance),6,AD 24,2025-11-04_22:10:30.962459
ED   32,0.00%,WRITE-IN,&nbsp,-,AD 24,2025-11-04_22:10:30.962459
ED   33,0.00%,Donovan J. Richards Jr.,(Democratic),12,AD 24,2025-11-04_22:10:30.962459
ED   33,0.00%,Henry P. Ikezi,(Republican),23,AD 24,2025-11-04_22:10:30.962459
ED   33,0.00%,Henry P. Ikezi,(United Alliance),-,AD 24,2025-11-04_22:10:30.962459
ED   33,0.00%,WRITE-IN,&nbsp,-,AD 24,2025-11-04_22:10:30.962459
ED   34,0.00%,Donovan J. Richards Jr.,(Democratic),20,AD 24,2025-11-04_22:10:30.962459
ED   34,0.00%,Henry P. Ikezi,(Republican),7,AD 24,2025-11-04_22:10:30.962459
ED   34,0.00%,Henry P. Ikezi,(United Alliance),-,AD 24,2025-11-04_22:10:30.962459
ED   34,0.00%,WRITE-IN,&nbsp,-,AD 24,2025-11-04_22:10:30.962459
ED   35,0.00%,Donovan J. Richards Jr.,(Democratic),163,AD 24,2025-11-04_22:10:30.962459
ED   35,0.00%,Henry P. Ikezi,(Republican),43,AD 24,2025-11-04_22:10:30.962459
ED   35,0.00%,Henry P. Ikezi,(United Alliance),4,AD 24,2025-11-04_22:10:30.962459
ED   35,0.00%,WRITE-IN,&nbsp,1,AD 24,2025-11-04_22:10:30.962459
ED   36,0.00%,Donovan J. Richards Jr.,(Democratic),406,AD 24,2025-11-04_22:10:30.962459
ED   36,0.00%,Henry P. Ikezi,(Republican),98,AD 24,2025-11-04_22:10:30.962459
ED   36,0.00%,Henry P. Ikezi,(United Alliance),7,AD 24,2025-11-04_22:10:30.962459
ED   36,0.00%,WRITE-IN,&nbsp,-,AD 24,2025-11-04_22:10:30.962459
ED   37,0.00%,Donovan J. Richards Jr.,(Democratic),219,AD 24,2025-11-04_22:10:30.962459
ED   37,0.00%,Henry P. Ikezi,(Republican),34,AD 24,2025-11-04_22:10:30.962459
ED   37,0.00%,Henry P. Ikezi,(United Alliance),8,AD 24,2025-11-04_22:10:30.962459
ED   37,0.00%,WRITE-IN,&nbsp,1,AD 24,2025-11-04_22:10:30.962459
ED   38,0.00%,Donovan J. Richards Jr.,(Democratic),591,AD 24,2025-11-04_22:10:30.962459
ED   38,0.00%,Henry P. Ikezi,(Republican),121,AD 24,2025-11-04_22:10:30.962459
ED   38,0.00%,Henry P. Ikezi,(United Alliance),5,AD 24,2025-11-04_22:10:30.962459
ED   38,0.00%,WRITE-IN,&nbsp,1,AD 24,2025-11-04_22:10:30.962459
ED   39,0.00%,Donovan J. Richards Jr.,(Democratic),343,AD 24,2025-11-04_22:10:30.962459
ED   39,0.00%,Henry P. Ikezi,(Republican),123,AD 24,2025-11-04_22:10:30.962459
ED   39,0.00%,Henry P. Ikezi,(United Alliance),8,AD 24,2025-11-04_22:10:30.962459
ED   39,0.00%,WRITE-IN,&nbsp,4,AD 24,2025-11-04_22:10:30.962459
ED   40,0.00%,Donovan J. Richards Jr.,(Democratic),249,AD 24,2025-11-04_22:10:30.962459
ED   40,0.00%,Henry P. Ikezi,(Republican),63,AD 24,2025-11-04_22:10:30.962459
ED   40,0.00%,Henry P. Ikezi,(United Alliance),6,AD 24,2025-11-04_22:10:30.962459
ED   40,0.00%,WRITE-IN,&nbsp,1,AD 24,2025-11-04_22:10:30.962459
ED   41,0.00%,Donovan J. Richards Jr.,(Democratic),76,AD 24,2025-11-04_22:10:30.962459
ED   41,0.00%,Henry P. Ikezi,(Republican),13,AD 24,2025-11-04_22:10:30.962459
ED   41,0.00%,Henry P. Ikezi,(United Alliance),2,AD 24,2025-11-04_22:10:30.962459
ED   41,0.00%,WRITE-IN,&nbsp,-,AD 24,2025-11-04_22:10:30.962459
ED   42,0.00%,Donovan J. Richards Jr.,(Democratic),351,AD 24,2025-11-04_22:10:30.962459
ED   42,0.00%,Henry P. Ikezi,(Republican),38,AD 24,2025-11-04_22:10:30.962459
ED   42,0.00%,Henry P. Ikezi,(United Alliance),6,AD 24,2025-11-04_22:10:30.962459
ED   42,0.00%,WRITE-IN,&nbsp,-,AD 24,2025-11-04_22:10:30.962459
ED   43,0.00%,Donovan J. Richards Jr.,(Democratic),469,AD 24,2025-11-04_22:10:30.962459
ED   43,0.00%,Henry P. Ikezi,(Republican),120,AD 24,2025-11-04_22:10:30.962459
ED   43,0.00%,Henry P. Ikezi,(United Alliance),5,AD 24,2025-11-04_22:10:30.962459
ED   43,0.00%,WRITE-IN,&nbsp,2,AD 24,2025-11-04_22:10:30.962459
ED   44,0.00%,Donovan J. Richards Jr.,(Democratic),325,AD 24,2025-11-04_22:10:30.962459
ED   44,0.00%,Henry P. Ikezi,(Republican),25,AD 24,2025-11-04_22:10:30.962459
ED   44,0.00%,Henry P. Ikezi,(United Alliance),6,AD 24,2025-11-04_22:10:30.962459
ED   44,0.00%,WRITE-IN,&nbsp,-,AD 24,2025-11-04_22:10:30.962459
ED   45,0.00%,Donovan J. Richards Jr.,(Democratic),85,AD 24,2025-11-04_22:10:30.962459
ED   45,0.00%,Henry P. Ikezi,(Republican),26,AD 24,2025-11-04_22:10:30.962459
ED   45,0.00%,Henry P. Ikezi,(United Alliance),6,AD 24,2025-11-04_22:10:30.962459
ED   45,0.00%,WRITE-IN,&nbsp,-,AD 24,2025-11-04_22:10:30.962459
ED   46,0.00%,Donovan J. Richards Jr.,(Democratic),496,AD 24,2025-11-04_22:10:30.962459
ED   46,0.00%,Henry P. Ikezi,(Republican),103,AD 24,2025-11-04_22:10:30.962459
ED   46,0.00%,Henry P. Ikezi,(United Alliance),10,AD 24,2025-11-04_22:10:30.962459
ED   46,0.00%,WRITE-IN,&nbsp,-,AD 24,2025-11-04_22:10:30.962459
ED   47,0.00%,Donovan J. Richards Jr.,(Democratic),424,AD 24,2025-11-04_22:10:30.962459
ED   47,0.00%,Henry P. Ikezi,(Republican),133,AD 24,2025-11-04_22:10:30.962459
ED   47,0.00%,Henry P. Ikezi,(United Alliance),11,AD 24,2025-11-04_22:10:30.962459
ED   47,0.00%,WRITE-IN,&nbsp,1,AD 24,2025-11-04_22:10:30.962459
ED   48,0.00%,Donovan J. Richards Jr.,(Democratic),392,AD 24,2025-11-04_22:10:30.962459
ED   48,0.00%,Henry P. Ikezi,(Republican),112,AD 24,2025-11-04_22:10:30.962459
ED   48,0.00%,Henry P. Ikezi,(United Alliance),12,AD 24,2025-11-04_22:10:30.962459
ED   48,0.00%,WRITE-IN,&nbsp,1,AD 24,2025-11-04_22:10:30.962459
ED   49,0.00%,Donovan J. Richards Jr.,(Democratic),238,AD 24,2025-11-04_22:10:30.962459
ED   49,0.00%,Henry P. Ikezi,(Republican),693,AD 24,2025-11-04_22:10:30.962459
ED   49,0.00%,Henry P. Ikezi,(United Alliance),12,AD 24,2025-11-04_22:10:30.962459
ED   49,0.00%,WRITE-IN,&nbsp,-,AD 24,2025-11-04_22:10:30.962459
ED   50,0.00%,Donovan J. Richards Jr.,(Democratic),77,AD 24,2025-11-04_22:10:30.962459
ED   50,0.00%,Henry P. Ikezi,(Republican),206,AD 24,2025-11-04_22:10:30.962459
ED   50,0.00%,Henry P. Ikezi,(United Alliance),2,AD 24,2025-11-04_22:10:30.962459
ED   50,0.00%,WRITE-IN,&nbsp,-,AD 24,2025-11-04_22:10:30.962459
ED   51,0.00%,Donovan J. Richards Jr.,(Democratic),473,AD 24,2025-11-04_22:10:30.962459
ED   51,0.00%,Henry P. Ikezi,(Republican),251,AD 24,2025-11-04_22:10:30.962459
ED   51,0.00%,Henry P. Ikezi,(United Alliance),5,AD 24,2025-11-04_22:10:30.962459
ED   51,0.00%,WRITE-IN,&nbsp,2,AD 24,2025-11-04_22:10:30.962459
ED   52,0.00%,Donovan J. Richards Jr.,(Democratic),546,AD 24,2025-11-04_22:10:30.962459
ED   52,0.00%,Henry P. Ikezi,(Republican),135,AD 24,2025-11-04_22:10:30.962459
ED   52,0.00%,Henry P. Ikezi,(United Alliance),11,AD 24,2025-11-04_22:10:30.962459
ED   52,0.00%,WRITE-IN,&nbsp,3,AD 24,2025-11-04_22:10:30.962459
ED   53,0.00%,Donovan J. Richards Jr.,(Democratic),607,AD 24,2025-11-04_22:10:30.962459
ED   53,0.00%,Henry P. Ikezi,(Republican),59,AD 24,2025-11-04_22:10:30.962459
ED   53,0.00%,Henry P. Ikezi,(United Alliance),12,AD 24,2025-11-04_22:10:30.962459
ED   53,0.00%,WRITE-IN,&nbsp,-,AD 24,2025-11-04_22:10:30.962459
ED   54,0.00%,Donovan J. Richards Jr.,(Democratic),79,AD 24,2025-11-04_22:10:30.962459
ED   54,0.00%,Henry P. Ikezi,(Republican),18,AD 24,2025-11-04_22:10:30.962459
ED   54,0.00%,Henry P. Ikezi,(United Alliance),-,AD 24,2025-11-04_22:10:30.962459
ED   54,0.00%,WRITE-IN,&nbsp,-,AD 24,2025-11-04_22:10:30.962459
ED   55,0.00%,Donovan J. Richards Jr.,(Democratic),302,AD 24,2025-11-04_22:10:30.962459
ED   55,0.00%,Henry P. Ikezi,(Republican),49,AD 24,2025-11-04_22:10:30.962459
ED   55,0.00%,Henry P. Ikezi,(United Alliance),3,AD 24,2025-11-04_22:10:30.962459
ED   55,0.00%,WRITE-IN,&nbsp,2,AD 24,2025-11-04_22:10:30.962459
ED   56,0.00%,Donovan J. Richards Jr.,(Democratic),416,AD 24,2025-11-04_22:10:30.962459
ED   56,0.00%,Henry P. Ikezi,(Republican),133,AD 24,2025-11-04_22:10:30.962459
ED   56,0.00%,Henry P. Ikezi,(United Alliance),11,AD 24,2025-11-04_22:10:30.962459
ED   56,0.00%,WRITE-IN,&nbsp,3,AD 24,2025-11-04_22:10:30.962459
ED   57,0.00%,Donovan J. Richards Jr.,(Democratic),327,AD 24,2025-11-04_22:10:30.962459
ED   57,0.00%,Henry P. Ikezi,(Republican),131,AD 24,2025-11-04_22:10:30.962459
ED   57,0.00%,Henry P. Ikezi,(United Alliance),3,AD 24,2025-11-04_22:10:30.962459
ED   57,0.00%,WRITE-IN,&nbsp,-,AD 24,2025-11-04_22:10:30.962459
ED   58,0.00%,Donovan J. Richards Jr.,(Democratic),347,AD 24,2025-11-04_22:10:30.962459
ED   58,0.00%,Henry P. Ikezi,(Republican),369,AD 24,2025-11-04_22:10:30.962459
ED   58,0.00%,Henry P. Ikezi,(United Alliance),5,AD 24,2025-11-04_22:10:30.962459
ED   58,0.00%,WRITE-IN,&nbsp,1,AD 24,2025-11-04_22:10:30.962459
ED   59,0.00%,Donovan J. Richards Jr.,(Democratic),345,AD 24,2025-11-04_22:10:30.962459
ED   59,0.00%,Henry P. Ikezi,(Republican),286,AD 24,2025-11-04_22:10:30.962459
ED   59,0.00%,Henry P. Ikezi,(United Alliance),4,AD 24,2025-11-04_22:10:30.962459
ED   59,0.00%,WRITE-IN,&nbsp,1,AD 24,2025-11-04_22:10:30.962459
ED   60,0.00%,Donovan J. Richards Jr.,(Democratic),485,AD 24,2025-11-04_22:10:30.962459
ED   60,0.00%,Henry P. Ikezi,(Republican),409,AD 24,2025-11-04_22:10:30.962459
ED   60,0.00%,Henry P. Ikezi,(United Alliance),6,AD 24,2025-11-04_22:10:30.962459
ED   60,0.00%,WRITE-IN,&nbsp,3,AD 24,2025-11-04_22:10:30.962459
ED   61,0.00%,Donovan J. Richards Jr.,(Democratic),474,AD 24,2025-11-04_22:10:30.962459
ED   61,0.00%,Henry P. Ikezi,(Republican),249,AD 24,2025-11-04_22:10:30.962459
ED   61,0.00%,Henry P. Ikezi,(United Alliance),9,AD 24,2025-11-04_22:10:30.962459
ED   61,0.00%,WRITE-IN,&nbsp,2,AD 24,2025-11-04_22:10:30.962459
ED   62,0.00%,Donovan J. Richards Jr.,(Democratic),468,AD 24,2025-11-04_22:10:30.962459
ED   62,0.00%,Henry P. Ikezi,(Republican),294,AD 24,2025-11-04_22:10:30.962459
ED   62,0.00%,Henry P. Ikezi,(United Alliance),17,AD 24,2025-11-04_22:10:30.962459
ED   62,0.00%,WRITE-IN,&nbsp,1,AD 24,2025-11-04_22:10:30.962459
ED   63,0.00%,Donovan J. Richards Jr.,(Democratic),214,AD 24,2025-11-04_22:10:30.962459
ED   63,0.00%,Henry P. Ikezi,(Republican),138,AD 24,2025-11-04_22:10:30.962459
ED   63,0.00%,Henry P. Ikezi,(United Alliance),2,AD 24,2025-11-04_22:10:30.962459
ED   63,0.00%,WRITE-IN,&nbsp,-,AD 24,2025-11-04_22:10:30.962459
ED   64,0.00%,Donovan J. Richards Jr.,(Democratic),352,AD 24,2025-11-04_22:10:30.962459
ED   64,0.00%,Henry P. Ikezi,(Republican),262,AD 24,2025-11-04_22:10:30.962459
ED   64,0.00%,Henry P. Ikezi,(United Alliance),5,AD 24,2025-11-04_22:10:30.962459
ED   64,0.00%,WRITE-IN,&nbsp,-,AD 24,2025-11-04_22:10:30.962459
ED   65,0.00%,Donovan J. Richards Jr.,(Democratic),647,AD 24,2025-11-04_22:10:30.962459
ED   65,0.00%,Henry P. Ikezi,(Republican),76,AD 24,2025-11-04_22:10:30.962459
ED   65,0.00%,Henry P. Ikezi,(United Alliance),9,AD 24,2025-11-04_22:10:30.962459
ED   65,0.00%,WRITE-IN,&nbsp,6,AD 24,2025-11-04_22:10:30.962459
ED   66,0.00%,Donovan J. Richards Jr.,(Democratic),-,AD 24,2025-11-04_22:10:30.962459
ED   66,0.00%,Henry P. Ikezi,(Republican),-,AD 24,2025-11-04_22:10:30.962459
ED   66,0.00%,Henry P. Ikezi,(United Alliance),-,AD 24,2025-11-04_22:10:30.962459
ED   66,0.00%,WRITE-IN,&nbsp,-,AD 24,2025-11-04_22:10:30.962459
Total,,Donovan J. Richards Jr.,(Democratic),18176,AD 24,2025-11-04_22:10:30.962459
Total,,Henry P. Ikezi,(Republican),7024,AD 24,2025-11-04_22:10:30.962459
Total,,Henry P. Ikezi,(United Alliance),366,AD 24,2025-11-04_22:10:30.962459
Total,,WRITE-IN,&nbsp,50,AD 24,2025-11-04_22:10:30.962459
ED    1,0.00%,Donovan J. Richards Jr.,(Democratic),542,AD 25,2025-11-04_22:10:30.962459
ED    1,0.00%,Henry P. Ikezi,(Republican),193,AD 25,2025-11-04_22:10:30.962459
ED    1,0.00%,Henry P. Ikezi,(United Alliance),14,AD 25,2025-11-04_22:10:30.962459
ED    1,0.00%,WRITE-IN,&nbsp,-,AD 25,2025-11-04_22:10:30.962459
ED    2,0.00%,Donovan J. Richards Jr.,(Democratic),491,AD 25,2025-11-04_22:10:30.962459
ED    2,0.00%,Henry P. Ikezi,(Republican),158,AD 25,2025-11-04_22:10:30.962459
ED    2,0.00%,Henry P. Ikezi,(United Alliance),6,AD 25,2025-11-04_22:10:30.962459
ED    2,0.00%,WRITE-IN,&nbsp,-,AD 25,2025-11-04_22:10:30.962459
ED    3,0.00%,Donovan J. Richards Jr.,(Democratic),82,AD 25,2025-11-04_22:10:30.962459
ED    3,0.00%,Henry P. Ikezi,(Republican),85,AD 25,2025-11-04_22:10:30.962459
ED    3,0.00%,Henry P. Ikezi,(United Alliance),5,AD 25,2025-11-04_22:10:30.962459
ED    3,0.00%,WRITE-IN,&nbsp,1,AD 25,2025-11-04_22:10:30.962459
ED    4,0.00%,Donovan J. Richards Jr.,(Democratic),224,AD 25,2025-11-04_22:10:30.962459
ED    4,0.00%,Henry P. Ikezi,(Republican),81,AD 25,2025-11-04_22:10:30.962459
ED    4,0.00%,Henry P. Ikezi,(United Alliance),6,AD 25,2025-11-04_22:10:30.962459
ED    4,0.00%,WRITE-IN,&nbsp,3,AD 25,2025-11-04_22:10:30.962459
ED    5,0.00%,Donovan J. Richards Jr.,(Democratic),506,AD 25,2025-11-04_22:10:30.962459
ED    5,0.00%,Henry P. Ikezi,(Republican),201,AD 25,2025-11-04_22:10:30.962459
ED    5,0.00%,Henry P. Ikezi,(United Alliance),10,AD 25,2025-11-04_22:10:30.962459
ED    5,0.00%,WRITE-IN,&nbsp,1,AD 25,2025-11-04_22:10:30.962459
ED    6,0.00%,Donovan J. Richards Jr.,(Democratic),279,AD 25,2025-11-04_22:10:30.962459
ED    6,0.00%,Henry P. Ikezi,(Republican),218,AD 25,2025-11-04_22:10:30.962459
ED    6,0.00%,Henry P. Ikezi,(United Alliance),6,AD 25,2025-11-04_22:10:30.962459
ED    6,0.00%,WRITE-IN,&nbsp,1,AD 25,2025-11-04_22:10:30.962459
ED    7,0.00%,Donovan J. Richards Jr.,(Democratic),51,AD 25,2025-11-04_22:10:30.962459
ED    7,0.00%,Henry P. Ikezi,(Republican),37,AD 25,2025-11-04_22:10:30.962459
ED    7,0.00%,Henry P. Ikezi,(United Alliance),3,AD 25,2025-11-04_22:10:30.962459
ED    7,0.00%,WRITE-IN,&nbsp,-,AD 25,2025-11-04_22:10:30.962459
ED    8,0.00%,Donovan J. Richards Jr.,(Democratic),31,AD 25,2025-11-04_22:10:30.962459
ED    8,0.00%,Henry P. Ikezi,(Republican),13,AD 25,2025-11-04_22:10:30.962459
ED    8,0.00%,Henry P. Ikezi,(United Alliance),1,AD 25,2025-11-04_22:10:30.962459
ED    8,0.00%,WRITE-IN,&nbsp,-,AD 25,2025-11-04_22:10:30.962459
ED    9,0.00%,Donovan J. Richards Jr.,(Democratic),269,AD 25,2025-11-04_22:10:30.962459
ED    9,0.00%,Henry P. Ikezi,(Republican),278,AD 25,2025-11-04_22:10:30.962459
ED    9,0.00%,Henry P. Ikezi,(United Alliance),8,AD 25,2025-11-04_22:10:30.962459
ED    9,0.00%,WRITE-IN,&nbsp,1,AD 25,2025-11-04_22:10:30.962459
ED   10,0.00%,Donovan J. Richards Jr.,(Democratic),77,AD 25,2025-11-04_22:10:30.962459
ED   10,0.00%,Henry P. Ikezi,(Republican),22,AD 25,2025-11-04_22:10:30.962459
ED   10,0.00%,Henry P. Ikezi,(United Alliance),1,AD 25,2025-11-04_22:10:30.962459
ED   10,0.00%,WRITE-IN,&nbsp,-,AD 25,2025-11-04_22:10:30.962459
ED   11,0.00%,Donovan J. Richards Jr.,(Democratic),211,AD 25,2025-11-04_22:10:30.962459
ED   11,0.00%,Henry P. Ikezi,(Republican),352,AD 25,2025-11-04_22:10:30.962459
ED   11,0.00%,Henry P. Ikezi,(United Alliance),7,AD 25,2025-11-04_22:10:30.962459
ED   11,0.00%,WRITE-IN,&nbsp,-,AD 25,2025-11-04_22:10:30.962459
ED   12,0.00%,Donovan J. Richards Jr.,(Democratic),327,AD 25,2025-11-04_22:10:30.962459
ED   12,0.00%,Henry P. Ikezi,(Republican),460,AD 25,2025-11-04_22:10:30.962459
ED   12,0.00%,Henry P. Ikezi,(United Alliance),17,AD 25,2025-11-04_22:10:30.962459
ED   12,0.00%,WRITE-IN,&nbsp,4,AD 25,2025-11-04_22:10:30.962459
ED   13,0.00%,Donovan J. Richards Jr.,(Democratic),339,AD 25,2025-11-04_22:10:30.962459
ED   13,0.00%,Henry P. Ikezi,(Republican),370,AD 25,2025-11-04_22:10:30.962459
ED   13,0.00%,Henry P. Ikezi,(United Alliance),16,AD 25,2025-11-04_22:10:30.962459
ED   13,0.00%,WRITE-IN,&nbsp,1,AD 25,2025-11-04_22:10:30.962459
ED   14,0.00%,Donovan J. Richards Jr.,(Democratic),297,AD 25,2025-11-04_22:10:30.962459
ED   14,0.00%,Henry P. Ikezi,(Republican),298,AD 25,2025-11-04_22:10:30.962459
ED   14,0.00%,Henry P. Ikezi,(United Alliance),11,AD 25,2025-11-04_22:10:30.962459
ED   14,0.00%,WRITE-IN,&nbsp,1,AD 25,2025-11-04_22:10:30.962459
ED   15,0.00%,Donovan J. Richards Jr.,(Democratic),181,AD 25,2025-11-04_22:10:30.962459
ED   15,0.00%,Henry P. Ikezi,(Republican),181,AD 25,2025-11-04_22:10:30.962459
ED   15,0.00%,Henry P. Ikezi,(United Alliance),9,AD 25,2025-11-04_22:10:30.962459
ED   15,0.00%,WRITE-IN,&nbsp,1,AD 25,2025-11-04_22:10:30.962459
ED   16,0.00%,Donovan J. Richards Jr.,(Democratic),233,AD 25,2025-11-04_22:10:30.962459
ED   16,0.00%,Henry P. Ikezi,(Republican),323,AD 25,2025-11-04_22:10:30.962459
ED   16,0.00%,Henry P. Ikezi,(United Alliance),6,AD 25,2025-11-04_22:10:30.962459
ED   16,0.00%,WRITE-IN,&nbsp,3,AD 25,2025-11-04_22:10:30.962459
ED   17,0.00%,Donovan J. Richards Jr.,(Democratic),273,AD 25,2025-11-04_22:10:30.962459
ED   17,0.00%,Henry P. Ikezi,(Republican),332,AD 25,2025-11-04_22:10:30.962459
ED   17,0.00%,Henry P. Ikezi,(United Alliance),9,AD 25,2025-11-04_22:10:30.962459
ED   17,0.00%,WRITE-IN,&nbsp,-,AD 25,2025-11-04_22:10:30.962459
ED   18,0.00%,Donovan J. Richards Jr.,(Democratic),396,AD 25,2025-11-04_22:10:30.962459
ED   18,0.00%,Henry P. Ikezi,(Republican),180,AD 25,2025-11-04_22:10:30.962459
ED   18,0.00%,Henry P. Ikezi,(United Alliance),3,AD 25,2025-11-04_22:10:30.962459
ED   18,0.00%,WRITE-IN,&nbsp,2,AD 25,2025-11-04_22:10:30.962459
ED   19,0.00%,Donovan J. Richards Jr.,(Democratic),416,AD 25,2025-11-04_22:10:30.962459
ED   19,0.00%,Henry P. Ikezi,(Republican),125,AD 25,2025-11-04_22:10:30.962459
ED   19,0.00%,Henry P. Ikezi,(United Alliance),6,AD 25,2025-11-04_22:10:30.962459
ED   19,0.00%,WRITE-IN,&nbsp,1,AD 25,2025-11-04_22:10:30.962459
ED   20,0.00%,Donovan J. Richards Jr.,(Democratic),387,AD 25,2025-11-04_22:10:30.962459
ED   20,0.00%,Henry P. Ikezi,(Republican),98,AD 25,2025-11-04_22:10:30.962459
ED   20,0.00%,Henry P. Ikezi,(United Alliance),6,AD 25,2025-11-04_22:10:30.962459
ED   20,0.00%,WRITE-IN,&nbsp,3,AD 25,2025-11-04_22:10:30.962459
ED   21,0.00%,Donovan J. Richards Jr.,(Democratic),318,AD 25,2025-11-04_22:10:30.962459
ED   21,0.00%,Henry P. Ikezi,(Republican),126,AD 25,2025-11-04_22:10:30.962459
ED   21,0.00%,Henry P. Ikezi,(United Alliance),6,AD 25,2025-11-04_22:10:30.962459
ED   21,0.00%,WRITE-IN,&nbsp,1,AD 25,2025-11-04_22:10:30.962459
ED   22,0.00%,Donovan J. Richards Jr.,(Democratic),314,AD 25,2025-11-04_22:10:30.962459
ED   22,0.00%,Henry P. Ikezi,(Republican),158,AD 25,2025-11-04_22:10:30.962459
ED   22,0.00%,Henry P. Ikezi,(United Alliance),5,AD 25,2025-11-04_22:10:30.962459
ED   22,0.00%,WRITE-IN,&nbsp,-,AD 25,2025-11-04_22:10:30.962459
ED   23,0.00%,Donovan J. Richards Jr.,(Democratic),190,AD 25,2025-11-04_22:10:30.962459
ED   23,0.00%,Henry P. Ikezi,(Republican),143,AD 25,2025-11-04_22:10:30.962459
ED   23,0.00%,Henry P. Ikezi,(United Alliance),4,AD 25,2025-11-04_22:10:30.962459
ED   23,0.00%,WRITE-IN,&nbsp,1,AD 25,2025-11-04_22:10:30.962459
ED   24,0.00%,Donovan J. Richards Jr.,(Democratic),224,AD 25,2025-11-04_22:10:30.962459
ED   24,0.00%,Henry P. Ikezi,(Republican),165,AD 25,2025-11-04_22:10:30.962459
ED   24,0.00%,Henry P. Ikezi,(United Alliance),4,AD 25,2025-11-04_22:10:30.962459
ED   24,0.00%,WRITE-IN,&nbsp,4,AD 25,2025-11-04_22:10:30.962459
ED   25,0.00%,Donovan J. Richards Jr.,(Democratic),337,AD 25,2025-11-04_22:10:30.962459
ED   25,0.00%,Henry P. Ikezi,(Republican),301,AD 25,2025-11-04_22:10:30.962459
ED   25,0.00%,Henry P. Ikezi,(United Alliance),8,AD 25,2025-11-04_22:10:30.962459
ED   25,0.00%,WRITE-IN,&nbsp,1,AD 25,2025-11-04_22:10:30.962459
ED   26,0.00%,Donovan J. Richards Jr.,(Democratic),334,AD 25,2025-11-04_22:10:30.962459
ED   26,0.00%,Henry P. Ikezi,(Republican),291,AD 25,2025-11-04_22:10:30.962459
ED   26,0.00%,Henry P. Ikezi,(United Alliance),6,AD 25,2025-11-04_22:10:30.962459
ED   26,0.00%,WRITE-IN,&nbsp,1,AD 25,2025-11-04_22:10:30.962459
ED   27,0.00%,Donovan J. Richards Jr.,(Democratic),368,AD 25,2025-11-04_22:10:30.962459
ED   27,0.00%,Henry P. Ikezi,(Republican),198,AD 25,2025-11-04_22:10:30.962459
ED   27,0.00%,Henry P. Ikezi,(United Alliance),4,AD 25,2025-11-04_22:10:30.962459
ED   27,0.00%,WRITE-IN,&nbsp,-,AD 25,2025-11-04_22:10:30.962459
ED   28,0.00%,Donovan J. Richards Jr.,(Democratic),319,AD 25,2025-11-04_22:10:30.962459
ED   28,0.00%,Henry P. Ikezi,(Republican),149,AD 25,2025-11-04_22:10:30.962459
ED   28,0.00%,Henry P. Ikezi,(United Alliance),4,AD 25,2025-11-04_22:10:30.962459
ED   28,0.00%,WRITE-IN,&nbsp,-,AD 25,2025-11-04_22:10:30.962459
ED   29,0.00%,Donovan J. Richards Jr.,(Democratic),314,AD 25,2025-11-04_22:10:30.962459
ED   29,0.00%,Henry P. Ikezi,(Republican),292,AD 25,2025-11-04_22:10:30.962459
ED   29,0.00%,Henry P. Ikezi,(United Alliance),10,AD 25,2025-11-04_22:10:30.962459
ED   29,0.00%,WRITE-IN,&nbsp,6,AD 25,2025-11-04_22:10:30.962459
ED   30,0.00%,Donovan J. Richards Jr.,(Democratic),263,AD 25,2025-11-04_22:10:30.962459
ED   30,0.00%,Henry P. Ikezi,(Republican),244,AD 25,2025-11-04_22:10:30.962459
ED   30,0.00%,Henry P. Ikezi,(United Alliance),4,AD 25,2025-11-04_22:10:30.962459
ED   30,0.00%,WRITE-IN,&nbsp,2,AD 25,2025-11-04_22:10:30.962459
ED   31,0.00%,Donovan J. Richards Jr.,(Democratic),259,AD 25,2025-11-04_22:10:30.962459
ED   31,0.00%,Henry P. Ikezi,(Republican),233,AD 25,2025-11-04_22:10:30.962459
ED   31,0.00%,Henry P. Ikezi,(United Alliance),10,AD 25,2025-11-04_22:10:30.962459
ED   31,0.00%,WRITE-IN,&nbsp,1,AD 25,2025-11-04_22:10:30.962459
ED   32,0.00%,Donovan J. Richards Jr.,(Democratic),231,AD 25,2025-11-04_22:10:30.962459
ED   32,0.00%,Henry P. Ikezi,(Republican),212,AD 25,2025-11-04_22:10:30.962459
ED   32,0.00%,Henry P. Ikezi,(United Alliance),7,AD 25,2025-11-04_22:10:30.962459
ED   32,0.00%,WRITE-IN,&nbsp,2,AD 25,2025-11-04_22:10:30.962459
ED   33,0.00%,Donovan J. Richards Jr.,(Democratic),291,AD 25,2025-11-04_22:10:30.962459
ED   33,0.00%,Henry P. Ikezi,(Republican),349,AD 25,2025-11-04_22:10:30.962459
ED   33,0.00%,Henry P. Ikezi,(United Alliance),7,AD 25,2025-11-04_22:10:30.962459
ED   33,0.00%,WRITE-IN,&nbsp,3,AD 25,2025-11-04_22:10:30.962459
ED   34,0.00%,Donovan J. Richards Jr.,(Democratic),290,AD 25,2025-11-04_22:10:30.962459
ED   34,0.00%,Henry P. Ikezi,(Republican),277,AD 25,2025-11-04_22:10:30.962459
ED   34,0.00%,Henry P. Ikezi,(United Alliance),5,AD 25,2025-11-04_22:10:30.962459
ED   34,0.00%,WRITE-IN,&nbsp,-,AD 25,2025-11-04_22:10:30.962459
ED   35,0.00%,Donovan J. Richards Jr.,(Democratic),280,AD 25,2025-11-04_22:10:30.962459
ED   35,0.00%,Henry P. Ikezi,(Republican),168,AD 25,2025-11-04_22:10:30.962459
ED   35,0.00%,Henry P. Ikezi,(United Alliance),13,AD 25,2025-11-04_22:10:30.962459
ED   35,0.00%,WRITE-IN,&nbsp,2,AD 25,2025-11-04_22:10:30.962459
ED   36,0.00%,Donovan J. Richards Jr.,(Democratic),218,AD 25,2025-11-04_22:10:30.962459
ED   36,0.00%,Henry P. Ikezi,(Republican),211,AD 25,2025-11-04_22:10:30.962459
ED   36,0.00%,Henry P. Ikezi,(United Alliance),8,AD 25,2025-11-04_22:10:30.962459
ED   36,0.00%,WRITE-IN,&nbsp,-,AD 25,2025-11-04_22:10:30.962459
ED   37,0.00%,Donovan J. Richards Jr.,(Democratic),230,AD 25,2025-11-04_22:10:30.962459
ED   37,0.00%,Henry P. Ikezi,(Republican),117,AD 25,2025-11-04_22:10:30.962459
ED   37,0.00%,Henry P. Ikezi,(United Alliance),4,AD 25,2025-11-04_22:10:30.962459
ED   37,0.00%,WRITE-IN,&nbsp,3,AD 25,2025-11-04_22:10:30.962459
ED   38,0.00%,Donovan J. Richards Jr.,(Democratic),206,AD 25,2025-11-04_22:10:30.962459
ED   38,0.00%,Henry P. Ikezi,(Republican),149,AD 25,2025-11-04_22:10:30.962459
ED   38,0.00%,Henry P. Ikezi,(United Alliance),5,AD 25,2025-11-04_22:10:30.962459
ED   38,0.00%,WRITE-IN,&nbsp,-,AD 25,2025-11-04_22:10:30.962459
ED   39,0.00%,Donovan J. Richards Jr.,(Democratic),215,AD 25,2025-11-04_22:10:30.962459
ED   39,0.00%,Henry P. Ikezi,(Republican),144,AD 25,2025-11-04_22:10:30.962459
ED   39,0.00%,Henry P. Ikezi,(United Alliance),8,AD 25,2025-11-04_22:10:30.962459
ED   39,0.00%,WRITE-IN,&nbsp,1,AD 25,2025-11-04_22:10:30.962459
ED   40,0.00%,Donovan J. Richards Jr.,(Democratic),264,AD 25,2025-11-04_22:10:30.962459
ED   40,0.00%,Henry P. Ikezi,(Republican),145,AD 25,2025-11-04_22:10:30.962459
ED   40,0.00%,Henry P. Ikezi,(United Alliance),8,AD 25,2025-11-04_22:10:30.962459
ED   40,0.00%,WRITE-IN,&nbsp,3,AD 25,2025-11-04_22:10:30.962459
ED   41,0.00%,Donovan J. Richards Jr.,(Democratic),173,AD 25,2025-11-04_22:10:30.962459
ED   41,0.00%,Henry P. Ikezi,(Republican),80,AD 25,2025-11-04_22:10:30.962459
ED   41,0.00%,Henry P. Ikezi,(United Alliance),14,AD 25,2025-11-04_22:10:30.962459
ED   41,0.00%,WRITE-IN,&nbsp,2,AD 25,2025-11-04_22:10:30.962459
ED   42,0.00%,Donovan J. Richards Jr.,(Democratic),263,AD 25,2025-11-04_22:10:30.962459
ED   42,0.00%,Henry P. Ikezi,(Republican),125,AD 25,2025-11-04_22:10:30.962459
ED   42,0.00%,Henry P. Ikezi,(United Alliance),7,AD 25,2025-11-04_22:10:30.962459
ED   42,0.00%,WRITE-IN,&nbsp,4,AD 25,2025-11-04_22:10:30.962459
ED   43,0.00%,Donovan J. Richards Jr.,(Democratic),240,AD 25,2025-11-04_22:10:30.962459
ED   43,0.00%,Henry P. Ikezi,(Republican),125,AD 25,2025-11-04_22:10:30.962459
ED   43,0.00%,Henry P. Ikezi,(United Alliance),7,AD 25,2025-11-04_22:10:30.962459
ED   43,0.00%,WRITE-IN,&nbsp,1,AD 25,2025-11-04_22:10:30.962459
ED   44,0.00%,Donovan J. Richards Jr.,(Democratic),280,AD 25,2025-11-04_22:10:30.962459
ED   44,0.00%,Henry P. Ikezi,(Republican),98,AD 25,2025-11-04_22:10:30.962459
ED   44,0.00%,Henry P. Ikezi,(United Alliance),10,AD 25,2025-11-04_22:10:30.962459
ED   44,0.00%,WRITE-IN,&nbsp,1,AD 25,2025-11-04_22:10:30.962459
ED   45,0.00%,Donovan J. Richards Jr.,(Democratic),266,AD 25,2025-11-04_22:10:30.962459
ED   45,0.00%,Henry P. Ikezi,(Republican),171,AD 25,2025-11-04_22:10:30.962459
ED   45,0.00%,Henry P. Ikezi,(United Alliance),10,AD 25,2025-11-04_22:10:30.962459
ED   45,0.00%,WRITE-IN,&nbsp,-,AD 25,2025-11-04_22:10:30.962459
ED   46,0.00%,Donovan J. Richards Jr.,(Democratic),200,AD 25,2025-11-04_22:10:30.962459
ED   46,0.00%,Henry P. Ikezi,(Republican),112,AD 25,2025-11-04_22:10:30.962459
ED   46,0.00%,Henry P. Ikezi,(United Alliance),3,AD 25,2025-11-04_22:10:30.962459
ED   46,0.00%,WRITE-IN,&nbsp,-,AD 25,2025-11-04_22:10:30.962459
ED   47,0.00%,Donovan J. Richards Jr.,(Democratic),145,AD 25,2025-11-04_22:10:30.962459
ED   47,0.00%,Henry P. Ikezi,(Republican),68,AD 25,2025-11-04_22:10:30.962459
ED   47,0.00%,Henry P. Ikezi,(United Alliance),3,AD 25,2025-11-04_22:10:30.962459
ED   47,0.00%,WRITE-IN,&nbsp,-,AD 25,2025-11-04_22:10:30.962459
ED   48,0.00%,Donovan J. Richards Jr.,(Democratic),-,AD 25,2025-11-04_22:10:30.962459
ED   48,0.00%,Henry P. Ikezi,(Republican),-,AD 25,2025-11-04_22:10:30.962459
ED   48,0.00%,Henry P. Ikezi,(United Alliance),-,AD 25,2025-11-04_22:10:30.962459
ED   48,0.00%,WRITE-IN,&nbsp,-,AD 25,2025-11-04_22:10:30.962459
ED   49,0.00%,Donovan J. Richards Jr.,(Democratic),-,AD 25,2025-11-04_22:10:30.962459
ED   49,0.00%,Henry P. Ikezi,(Republican),-,AD 25,2025-11-04_22:10:30.962459
ED   49,0.00%,Henry P. Ikezi,(United Alliance),-,AD 25,2025-11-04_22:10:30.962459
ED   49,0.00%,WRITE-IN,&nbsp,-,AD 25,2025-11-04_22:10:30.962459
Total,,Donovan J. Richards Jr.,(Democratic),12644,AD 25,2025-11-04_22:10:30.962459
Total,,Henry P. Ikezi,(Republican),8856,AD 25,2025-11-04_22:10:30.962459
Total,,Henry P. Ikezi,(United Alliance),334,AD 25,2025-11-04_22:10:30.962459
Total,,WRITE-IN,&nbsp,62,AD 25,2025-11-04_22:10:30.962459
ED    1,0.00%,Donovan J. Richards Jr.,(Democratic),179,AD 26,2025-11-04_22:10:30.962459
ED    1,0.00%,Henry P. Ikezi,(Republican),76,AD 26,2025-11-04_22:10:30.962459
ED    1,0.00%,Henry P. Ikezi,(United Alliance),5,AD 26,2025-11-04_22:10:30.962459
ED    1,0.00%,WRITE-IN,&nbsp,1,AD 26,2025-11-04_22:10:30.962459
ED    2,0.00%,Donovan J. Richards Jr.,(Democratic),87,AD 26,2025-11-04_22:10:30.962459
ED    2,0.00%,Henry P. Ikezi,(Republican),20,AD 26,2025-11-04_22:10:30.962459
ED    2,0.00%,Henry P. Ikezi,(United Alliance),3,AD 26,2025-11-04_22:10:30.962459
ED    2,0.00%,WRITE-IN,&nbsp,4,AD 26,2025-11-04_22:10:30.962459
ED    3,0.00%,Donovan J. Richards Jr.,(Democratic),107,AD 26,2025-11-04_22:10:30.962459
ED    3,0.00%,Henry P. Ikezi,(Republican),27,AD 26,2025-11-04_22:10:30.962459
ED    3,0.00%,Henry P. Ikezi,(United Alliance),5,AD 26,2025-11-04_22:10:30.962459
ED    3,0.00%,WRITE-IN,&nbsp,1,AD 26,2025-11-04_22:10:30.962459
ED    4,0.00%,Donovan J. Richards Jr.,(Democratic),176,AD 26,2025-11-04_22:10:30.962459
ED    4,0.00%,Henry P. Ikezi,(Republican),81,AD 26,2025-11-04_22:10:30.962459
ED    4,0.00%,Henry P. Ikezi,(United Alliance),4,AD 26,2025-11-04_22:10:30.962459
ED    4,0.00%,WRITE-IN,&nbsp,3,AD 26,2025-11-04_22:10:30.962459
ED    5,0.00%,Donovan J. Richards Jr.,(Democratic),11,AD 26,2025-11-04_22:10:30.962459
ED    5,0.00%,Henry P. Ikezi,(Republican),1,AD 26,2025-11-04_22:10:30.962459
ED    5,0.00%,Henry P. Ikezi,(United Alliance),1,AD 26,2025-11-04_22:10:30.962459
ED    5,0.00%,WRITE-IN,&nbsp,-,AD 26,2025-11-04_22:10:30.962459
ED    6,0.00%,Donovan J. Richards Jr.,(Democratic),289,AD 26,2025-11-04_22:10:30.962459
ED    6,0.00%,Henry P. Ikezi,(Republican),174,AD 26,2025-11-04_22:10:30.962459
ED    6,0.00%,Henry P. Ikezi,(United Alliance),4,AD 26,2025-11-04_22:10:30.962459
ED    6,0.00%,WRITE-IN,&nbsp,1,AD 26,2025-11-04_22:10:30.962459
ED    7,0.00%,Donovan J. Richards Jr.,(Democratic),434,AD 26,2025-11-04_22:10:30.962459
ED    7,0.00%,Henry P. Ikezi,(Republican),210,AD 26,2025-11-04_22:10:30.962459
ED    7,0.00%,Henry P. Ikezi,(United Alliance),11,AD 26,2025-11-04_22:10:30.962459
ED    7,0.00%,WRITE-IN,&nbsp,-,AD 26,2025-11-04_22:10:30.962459
ED    8,0.00%,Donovan J. Richards Jr.,(Democratic),488,AD 26,2025-11-04_22:10:30.962459
ED    8,0.00%,Henry P. Ikezi,(Republican),267,AD 26,2025-11-04_22:10:30.962459
ED    8,0.00%,Henry P. Ikezi,(United Alliance),8,AD 26,2025-11-04_22:10:30.962459
ED    8,0.00%,WRITE-IN,&nbsp,-,AD 26,2025-11-04_22:10:30.962459
ED    9,0.00%,Donovan J. Richards Jr.,(Democratic),124,AD 26,2025-11-04_22:10:30.962459
ED    9,0.00%,Henry P. Ikezi,(Republican),35,AD 26,2025-11-04_22:10:30.962459
ED    9,0.00%,Henry P. Ikezi,(United Alliance),3,AD 26,2025-11-04_22:10:30.962459
ED    9,0.00%,WRITE-IN,&nbsp,-,AD 26,2025-11-04_22:10:30.962459
ED   10,0.00%,Donovan J. Richards Jr.,(Democratic),601,AD 26,2025-11-04_22:10:30.962459
ED   10,0.00%,Henry P. Ikezi,(Republican),206,AD 26,2025-11-04_22:10:30.962459
ED   10,0.00%,Henry P. Ikezi,(United Alliance),2,AD 26,2025-11-04_22:10:30.962459
ED   10,0.00%,WRITE-IN,&nbsp,-,AD 26,2025-11-04_22:10:30.962459
ED   11,0.00%,Donovan J. Richards Jr.,(Democratic),337,AD 26,2025-11-04_22:10:30.962459
ED   11,0.00%,Henry P. Ikezi,(Republican),141,AD 26,2025-11-04_22:10:30.962459
ED   11,0.00%,Henry P. Ikezi,(United Alliance),3,AD 26,2025-11-04_22:10:30.962459
ED   11,0.00%,WRITE-IN,&nbsp,-,AD 26,2025-11-04_22:10:30.962459
ED   12,0.00%,Donovan J. Richards Jr.,(Democratic),493,AD 26,2025-11-04_22:10:30.962459
ED   12,0.00%,Henry P. Ikezi,(Republican),318,AD 26,2025-11-04_22:10:30.962459
ED   12,0.00%,Henry P. Ikezi,(United Alliance),12,AD 26,2025-11-04_22:10:30.962459
ED   12,0.00%,WRITE-IN,&nbsp,2,AD 26,2025-11-04_22:10:30.962459
ED   13,0.00%,Donovan J. Richards Jr.,(Democratic),161,AD 26,2025-11-04_22:10:30.962459
ED   13,0.00%,Henry P. Ikezi,(Republican),105,AD 26,2025-11-04_22:10:30.962459
ED   13,0.00%,Henry P. Ikezi,(United Alliance),3,AD 26,2025-11-04_22:10:30.962459
ED   13,0.00%,WRITE-IN,&nbsp,-,AD 26,2025-11-04_22:10:30.962459
ED   14,0.00%,Donovan J. Richards Jr.,(Democratic),162,AD 26,2025-11-04_22:10:30.962459
ED   14,0.00%,Henry P. Ikezi,(Republican),60,AD 26,2025-11-04_22:10:30.962459
ED   14,0.00%,Henry P. Ikezi,(United Alliance),1,AD 26,2025-11-04_22:10:30.962459
ED   14,0.00%,WRITE-IN,&nbsp,-,AD 26,2025-11-04_22:10:30.962459
ED   15,0.00%,Donovan J. Richards Jr.,(Democratic),217,AD 26,2025-11-04_22:10:30.962459
ED   15,0.00%,Henry P. Ikezi,(Republican),69,AD 26,2025-11-04_22:10:30.962459
ED   15,0.00%,Henry P. Ikezi,(United Alliance),4,AD 26,2025-11-04_22:10:30.962459
ED   15,0.00%,WRITE-IN,&nbsp,-,AD 26,2025-11-04_22:10:30.962459
ED   16,0.00%,Donovan J. Richards Jr.,(Democratic),395,AD 26,2025-11-04_22:10:30.962459
ED   16,0.00%,Henry P. Ikezi,(Republican),328,AD 26,2025-11-04_22:10:30.962459
ED   16,0.00%,Henry P. Ikezi,(United Alliance),6,AD 26,2025-11-04_22:10:30.962459
ED   16,0.00%,WRITE-IN,&nbsp,1,AD 26,2025-11-04_22:10:30.962459
ED   17,0.00%,Donovan J. Richards Jr.,(Democratic),488,AD 26,2025-11-04_22:10:30.962459
ED   17,0.00%,Henry P. Ikezi,(Republican),336,AD 26,2025-11-04_22:10:30.962459
ED   17,0.00%,Henry P. Ikezi,(United Alliance),3,AD 26,2025-11-04_22:10:30.962459
ED   17,0.00%,WRITE-IN,&nbsp,-,AD 26,2025-11-04_22:10:30.962459
ED   18,0.00%,Donovan J. Richards Jr.,(Democratic),282,AD 26,2025-11-04_22:10:30.962459
ED   18,0.00%,Henry P. Ikezi,(Republican),163,AD 26,2025-11-04_22:10:30.962459
ED   18,0.00%,Henry P. Ikezi,(United Alliance),8,AD 26,2025-11-04_22:10:30.962459
ED   18,0.00%,WRITE-IN,&nbsp,1,AD 26,2025-11-04_22:10:30.962459
ED   19,0.00%,Donovan J. Richards Jr.,(Democratic),157,AD 26,2025-11-04_22:10:30.962459
ED   19,0.00%,Henry P. Ikezi,(Republican),129,AD 26,2025-11-04_22:10:30.962459
ED   19,0.00%,Henry P. Ikezi,(United Alliance),1,AD 26,2025-11-04_22:10:30.962459
ED   19,0.00%,WRITE-IN,&nbsp,-,AD 26,2025-11-04_22:10:30.962459
ED   20,0.00%,Donovan J. Richards Jr.,(Democratic),490,AD 26,2025-11-04_22:10:30.962459
ED   20,0.00%,Henry P. Ikezi,(Republican),346,AD 26,2025-11-04_22:10:30.962459
ED   20,0.00%,Henry P. Ikezi,(United Alliance),11,AD 26,2025-11-04_22:10:30.962459
ED   20,0.00%,WRITE-IN,&nbsp,1,AD 26,2025-11-04_22:10:30.962459
ED   21,0.00%,Donovan J. Richards Jr.,(Democratic),353,AD 26,2025-11-04_22:10:30.962459
ED   21,0.00%,Henry P. Ikezi,(Republican),396,AD 26,2025-11-04_22:10:30.962459
ED   21,0.00%,Henry P. Ikezi,(United Alliance),8,AD 26,2025-11-04_22:10:30.962459
ED   21,0.00%,WRITE-IN,&nbsp,4,AD 26,2025-11-04_22:10:30.962459
ED   22,0.00%,Donovan J. Richards Jr.,(Democratic),389,AD 26,2025-11-04_22:10:30.962459
ED   22,0.00%,Henry P. Ikezi,(Republican),415,AD 26,2025-11-04_22:10:30.962459
ED   22,0.00%,Henry P. Ikezi,(United Alliance),17,AD 26,2025-11-04_22:10:30.962459
ED   22,0.00%,WRITE-IN,&nbsp,1,AD 26,2025-11-04_22:10:30.962459
ED   23,0.00%,Donovan J. Richards Jr.,(Democratic),386,AD 26,2025-11-04_22:10:30.962459
ED   23,0.00%,Henry P. Ikezi,(Republican),295,AD 26,2025-11-04_22:10:30.962459
ED   23,0.00%,Henry P. Ikezi,(United Alliance),3,AD 26,2025-11-04_22:10:30.962459
ED   23,0.00%,WRITE-IN,&nbsp,-,AD 26,2025-11-04_22:10:30.962459
ED   24,0.00%,Donovan J. Richards Jr.,(Democratic),458,AD 26,2025-11-04_22:10:30.962459
ED   24,0.00%,Henry P. Ikezi,(Republican),374,AD 26,2025-11-04_22:10:30.962459
ED   24,0.00%,Henry P. Ikezi,(United Alliance),7,AD 26,2025-11-04_22:10:30.962459
ED   24,0.00%,WRITE-IN,&nbsp,1,AD 26,2025-11-04_22:10:30.962459
ED   25,0.00%,Donovan J. Richards Jr.,(Democratic),277,AD 26,2025-11-04_22:10:30.962459
ED   25,0.00%,Henry P. Ikezi,(Republican),229,AD 26,2025-11-04_22:10:30.962459
ED   25,0.00%,Henry P. Ikezi,(United Alliance),8,AD 26,2025-11-04_22:10:30.962459
ED   25,0.00%,WRITE-IN,&nbsp,-,AD 26,2025-11-04_22:10:30.962459
ED   26,0.00%,Donovan J. Richards Jr.,(Democratic),304,AD 26,2025-11-04_22:10:30.962459
ED   26,0.00%,Henry P. Ikezi,(Republican),303,AD 26,2025-11-04_22:10:30.962459
ED   26,0.00%,Henry P. Ikezi,(United Alliance),8,AD 26,2025-11-04_22:10:30.962459
ED   26,0.00%,WRITE-IN,&nbsp,1,AD 26,2025-11-04_22:10:30.962459
ED   27,0.00%,Donovan J. Richards Jr.,(Democratic),62,AD 26,2025-11-04_22:10:30.962459
ED   27,0.00%,Henry P. Ikezi,(Republican),57,AD 26,2025-11-04_22:10:30.962459
ED   27,0.00%,Henry P. Ikezi,(United Alliance),2,AD 26,2025-11-04_22:10:30.962459
ED   27,0.00%,WRITE-IN,&nbsp,-,AD 26,2025-11-04_22:10:30.962459
ED   28,0.00%,Donovan J. Richards Jr.,(Democratic),292,AD 26,2025-11-04_22:10:30.962459
ED   28,0.00%,Henry P. Ikezi,(Republican),259,AD 26,2025-11-04_22:10:30.962459
ED   28,0.00%,Henry P. Ikezi,(United Alliance),8,AD 26,2025-11-04_22:10:30.962459
ED   28,0.00%,WRITE-IN,&nbsp,1,AD 26,2025-11-04_22:10:30.962459
ED   29,0.00%,Donovan J. Richards Jr.,(Democratic),195,AD 26,2025-11-04_22:10:30.962459
ED   29,0.00%,Henry P. Ikezi,(Republican),183,AD 26,2025-11-04_22:10:30.962459
ED   29,0.00%,Henry P. Ikezi,(United Alliance),3,AD 26,2025-11-04_22:10:30.962459
ED   29,0.00%,WRITE-IN,&nbsp,2,AD 26,2025-11-04_22:10:30.962459
ED   30,0.00%,Donovan J. Richards Jr.,(Democratic),6,AD 26,2025-11-04_22:10:30.962459
ED   30,0.00%,Henry P. Ikezi,(Republican),4,AD 26,2025-11-04_22:10:30.962459
ED   30,0.00%,Henry P. Ikezi,(United Alliance),1,AD 26,2025-11-04_22:10:30.962459
ED   30,0.00%,WRITE-IN,&nbsp,-,AD 26,2025-11-04_22:10:30.962459
ED   31,0.00%,Donovan J. Richards Jr.,(Democratic),381,AD 26,2025-11-04_22:10:30.962459
ED   31,0.00%,Henry P. Ikezi,(Republican),258,AD 26,2025-11-04_22:10:30.962459
ED   31,0.00%,Henry P. Ikezi,(United Alliance),8,AD 26,2025-11-04_22:10:30.962459
ED   31,0.00%,WRITE-IN,&nbsp,-,AD 26,2025-11-04_22:10:30.962459
ED   32,0.00%,Donovan J. Richards Jr.,(Democratic),385,AD 26,2025-11-04_22:10:30.962459
ED   32,0.00%,Henry P. Ikezi,(Republican),228,AD 26,2025-11-04_22:10:30.962459
ED   32,0.00%,Henry P. Ikezi,(United Alliance),5,AD 26,2025-11-04_22:10:30.962459
ED   32,0.00%,WRITE-IN,&nbsp,2,AD 26,2025-11-04_22:10:30.962459
ED   33,0.00%,Donovan J. Richards Jr.,(Democratic),393,AD 26,2025-11-04_22:10:30.962459
ED   33,0.00%,Henry P. Ikezi,(Republican),332,AD 26,2025-11-04_22:10:30.962459
ED   33,0.00%,Henry P. Ikezi,(United Alliance),10,AD 26,2025-11-04_22:10:30.962459
ED   33,0.00%,WRITE-IN,&nbsp,1,AD 26,2025-11-04_22:10:30.962459
ED   34,0.00%,Donovan J. Richards Jr.,(Democratic),386,AD 26,2025-11-04_22:10:30.962459
ED   34,0.00%,Henry P. Ikezi,(Republican),388,AD 26,2025-11-04_22:10:30.962459
ED   34,0.00%,Henry P. Ikezi,(United Alliance),9,AD 26,2025-11-04_22:10:30.962459
ED   34,0.00%,WRITE-IN,&nbsp,1,AD 26,2025-11-04_22:10:30.962459
ED   35,0.00%,Donovan J. Richards Jr.,(Democratic),253,AD 26,2025-11-04_22:10:30.962459
ED   35,0.00%,Henry P. Ikezi,(Republican),225,AD 26,2025-11-04_22:10:30.962459
ED   35,0.00%,Henry P. Ikezi,(United Alliance),7,AD 26,2025-11-04_22:10:30.962459
ED   35,0.00%,WRITE-IN,&nbsp,3,AD 26,2025-11-04_22:10:30.962459
ED   36,0.00%,Donovan J. Richards Jr.,(Democratic),349,AD 26,2025-11-04_22:10:30.962459
ED   36,0.00%,Henry P. Ikezi,(Republican),353,AD 26,2025-11-04_22:10:30.962459
ED   36,0.00%,Henry P. Ikezi,(United Alliance),3,AD 26,2025-11-04_22:10:30.962459
ED   36,0.00%,WRITE-IN,&nbsp,1,AD 26,2025-11-04_22:10:30.962459
ED   37,0.00%,Donovan J. Richards Jr.,(Democratic),263,AD 26,2025-11-04_22:10:30.962459
ED   37,0.00%,Henry P. Ikezi,(Republican),282,AD 26,2025-11-04_22:10:30.962459
ED   37,0.00%,Henry P. Ikezi,(United Alliance),7,AD 26,2025-11-04_22:10:30.962459
ED   37,0.00%,WRITE-IN,&nbsp,2,AD 26,2025-11-04_22:10:30.962459
ED   38,0.00%,Donovan J. Richards Jr.,(Democratic),507,AD 26,2025-11-04_22:10:30.962459
ED   38,0.00%,Henry P. Ikezi,(Republican),336,AD 26,2025-11-04_22:10:30.962459
ED   38,0.00%,Henry P. Ikezi,(United Alliance),1,AD 26,2025-11-04_22:10:30.962459
ED   38,0.00%,WRITE-IN,&nbsp,-,AD 26,2025-11-04_22:10:30.962459
ED   39,0.00%,Donovan J. Richards Jr.,(Democratic),223,AD 26,2025-11-04_22:10:30.962459
ED   39,0.00%,Henry P. Ikezi,(Republican),196,AD 26,2025-11-04_22:10:30.962459
ED   39,0.00%,Henry P. Ikezi,(United Alliance),3,AD 26,2025-11-04_22:10:30.962459
ED   39,0.00%,WRITE-IN,&nbsp,-,AD 26,2025-11-04_22:10:30.962459
ED   40,0.00%,Donovan J. Richards Jr.,(Democratic),240,AD 26,2025-11-04_22:10:30.962459
ED   40,0.00%,Henry P. Ikezi,(Republican),159,AD 26,2025-11-04_22:10:30.962459
ED   40,0.00%,Henry P. Ikezi,(United Alliance),-,AD 26,2025-11-04_22:10:30.962459
ED   40,0.00%,WRITE-IN,&nbsp,-,AD 26,2025-11-04_22:10:30.962459
ED   41,0.00%,Donovan J. Richards Jr.,(Democratic),512,AD 26,2025-11-04_22:10:30.962459
ED   41,0.00%,Henry P. Ikezi,(Republican),279,AD 26,2025-11-04_22:10:30.962459
ED   41,0.00%,Henry P. Ikezi,(United Alliance),7,AD 26,2025-11-04_22:10:30.962459
ED   41,0.00%,WRITE-IN,&nbsp,-,AD 26,2025-11-04_22:10:30.962459
ED   42,0.00%,Donovan J. Richards Jr.,(Democratic),356,AD 26,2025-11-04_22:10:30.962459
ED   42,0.00%,Henry P. Ikezi,(Republican),261,AD 26,2025-11-04_22:10:30.962459
ED   42,0.00%,Henry P. Ikezi,(United Alliance),2,AD 26,2025-11-04_22:10:30.962459
ED   42,0.00%,WRITE-IN,&nbsp,-,AD 26,2025-11-04_22:10:30.962459
ED   43,0.00%,Donovan J. Richards Jr.,(Democratic),470,AD 26,2025-11-04_22:10:30.962459
ED   43,0.00%,Henry P. Ikezi,(Republican),291,AD 26,2025-11-04_22:10:30.962459
ED   43,0.00%,Henry P. Ikezi,(United Alliance),7,AD 26,2025-11-04_22:10:30.962459
ED   43,0.00%,WRITE-IN,&nbsp,2,AD 26,2025-11-04_22:10:30.962459
ED   44,0.00%,Donovan J. Richards Jr.,(Democratic),351,AD 26,2025-11-04_22:10:30.962459
ED   44,0.00%,Henry P. Ikezi,(Republican),308,AD 26,2025-11-04_22:10:30.962459
ED   44,0.00%,Henry P. Ikezi,(United Alliance),3,AD 26,2025-11-04_22:10:30.962459
ED   44,0.00%,WRITE-IN,&nbsp,1,AD 26,2025-11-04_22:10:30.962459
ED   45,0.00%,Donovan J. Richards Jr.,(Democratic),452,AD 26,2025-11-04_22:10:30.962459
ED   45,0.00%,Henry P. Ikezi,(Republican),410,AD 26,2025-11-04_22:10:30.962459
ED   45,0.00%,Henry P. Ikezi,(United Alliance),8,AD 26,2025-11-04_22:10:30.962459
ED   45,0.00%,WRITE-IN,&nbsp,-,AD 26,2025-11-04_22:10:30.962459
ED   46,0.00%,Donovan J. Richards Jr.,(Democratic),276,AD 26,2025-11-04_22:10:30.962459
ED   46,0.00%,Henry P. Ikezi,(Republican),286,AD 26,2025-11-04_22:10:30.962459
ED   46,0.00%,Henry P. Ikezi,(United Alliance),4,AD 26,2025-11-04_22:10:30.962459
ED   46,0.00%,WRITE-IN,&nbsp,-,AD 26,2025-11-04_22:10:30.962459
ED   47,0.00%,Donovan J. Richards Jr.,(Democratic),276,AD 26,2025-11-04_22:10:30.962459
ED   47,0.00%,Henry P. Ikezi,(Republican),243,AD 26,2025-11-04_22:10:30.962459
ED   47,0.00%,Henry P. Ikezi,(United Alliance),1,AD 26,2025-11-04_22:10:30.962459
ED   47,0.00%,WRITE-IN,&nbsp,-,AD 26,2025-11-04_22:10:30.962459
ED   48,0.00%,Donovan J. Richards Jr.,(Democratic),327,AD 26,2025-11-04_22:10:30.962459
ED   48,0.00%,Henry P. Ikezi,(Republican),292,AD 26,2025-11-04_22:10:30.962459
ED   48,0.00%,Henry P. Ikezi,(United Alliance),6,AD 26,2025-11-04_22:10:30.962459
ED   48,0.00%,WRITE-IN,&nbsp,-,AD 26,2025-11-04_22:10:30.962459
ED   49,0.00%,Donovan J. Richards Jr.,(Democratic),238,AD 26,2025-11-04_22:10:30.962459
ED   49,0.00%,Henry P. Ikezi,(Republican),312,AD 26,2025-11-04_22:10:30.962459
ED   49,0.00%,Henry P. Ikezi,(United Alliance),2,AD 26,2025-11-04_22:10:30.962459
ED   49,0.00%,WRITE-IN,&nbsp,1,AD 26,2025-11-04_22:10:30.962459
ED   50,0.00%,Donovan J. Richards Jr.,(Democratic),284,AD 26,2025-11-04_22:10:30.962459
ED   50,0.00%,Henry P. Ikezi,(Republican),520,AD 26,2025-11-04_22:10:30.962459
ED   50,0.00%,Henry P. Ikezi,(United Alliance),11,AD 26,2025-11-04_22:10:30.962459
ED   50,0.00%,WRITE-IN,&nbsp,2,AD 26,2025-11-04_22:10:30.962459
ED   51,0.00%,Donovan J. Richards Jr.,(Democratic),144,AD 26,2025-11-04_22:10:30.962459
ED   51,0.00%,Henry P. Ikezi,(Republican),166,AD 26,2025-11-04_22:10:30.962459
ED   51,0.00%,Henry P. Ikezi,(United Alliance),7,AD 26,2025-11-04_22:10:30.962459
ED   51,0.00%,WRITE-IN,&nbsp,3,AD 26,2025-11-04_22:10:30.962459
ED   52,0.00%,Donovan J. Richards Jr.,(Democratic),270,AD 26,2025-11-04_22:10:30.962459
ED   52,0.00%,Henry P. Ikezi,(Republican),288,AD 26,2025-11-04_22:10:30.962459
ED   52,0.00%,Henry P. Ikezi,(United Alliance),6,AD 26,2025-11-04_22:10:30.962459
ED   52,0.00%,WRITE-IN,&nbsp,-,AD 26,2025-11-04_22:10:30.962459
ED   53,0.00%,Donovan J. Richards Jr.,(Democratic),297,AD 26,2025-11-04_22:10:30.962459
ED   53,0.00%,Henry P. Ikezi,(Republican),266,AD 26,2025-11-04_22:10:30.962459
ED   53,0.00%,Henry P. Ikezi,(United Alliance),5,AD 26,2025-11-04_22:10:30.962459
ED   53,0.00%,WRITE-IN,&nbsp,-,AD 26,2025-11-04_22:10:30.962459
ED   54,0.00%,Donovan J. Richards Jr.,(Democratic),398,AD 26,2025-11-04_22:10:30.962459
ED   54,0.00%,Henry P. Ikezi,(Republican),295,AD 26,2025-11-04_22:10:30.962459
ED   54,0.00%,Henry P. Ikezi,(United Alliance),11,AD 26,2025-11-04_22:10:30.962459
ED   54,0.00%,WRITE-IN,&nbsp,1,AD 26,2025-11-04_22:10:30.962459
ED   55,0.00%,Donovan J. Richards Jr.,(Democratic),424,AD 26,2025-11-04_22:10:30.962459
ED   55,0.00%,Henry P. Ikezi,(Republican),363,AD 26,2025-11-04_22:10:30.962459
ED   55,0.00%,Henry P. Ikezi,(United Alliance),10,AD 26,2025-11-04_22:10:30.962459
ED   55,0.00%,WRITE-IN,&nbsp,1,AD 26,2025-11-04_22:10:30.962459
ED   56,0.00%,Donovan J. Richards Jr.,(Democratic),366,AD 26,2025-11-04_22:10:30.962459
ED   56,0.00%,Henry P. Ikezi,(Republican),303,AD 26,2025-11-04_22:10:30.962459
ED   56,0.00%,Henry P. Ikezi,(United Alliance),7,AD 26,2025-11-04_22:10:30.962459
ED   56,0.00%,WRITE-IN,&nbsp,3,AD 26,2025-11-04_22:10:30.962459
ED   57,0.00%,Donovan J. Richards Jr.,(Democratic),393,AD 26,2025-11-04_22:10:30.962459
ED   57,0.00%,Henry P. Ikezi,(Republican),274,AD 26,2025-11-04_22:10:30.962459
ED   57,0.00%,Henry P. Ikezi,(United Alliance),8,AD 26,2025-11-04_22:10:30.962459
ED   57,0.00%,WRITE-IN,&nbsp,1,AD 26,2025-11-04_22:10:30.962459
ED   58,0.00%,Donovan J. Richards Jr.,(Democratic),114,AD 26,2025-11-04_22:10:30.962459
ED   58,0.00%,Henry P. Ikezi,(Republican),58,AD 26,2025-11-04_22:10:30.962459
ED   58,0.00%,Henry P. Ikezi,(United Alliance),1,AD 26,2025-11-04_22:10:30.962459
ED   58,0.00%,WRITE-IN,&nbsp,-,AD 26,2025-11-04_22:10:30.962459
ED   59,0.00%,Donovan J. Richards Jr.,(Democratic),397,AD 26,2025-11-04_22:10:30.962459
ED   59,0.00%,Henry P. Ikezi,(Republican),279,AD 26,2025-11-04_22:10:30.962459
ED   59,0.00%,Henry P. Ikezi,(United Alliance),7,AD 26,2025-11-04_22:10:30.962459
ED   59,0.00%,WRITE-IN,&nbsp,-,AD 26,2025-11-04_22:10:30.962459
ED   60,0.00%,Donovan J. Richards Jr.,(Democratic),274,AD 26,2025-11-04_22:10:30.962459
ED   60,0.00%,Henry P. Ikezi,(Republican),213,AD 26,2025-11-04_22:10:30.962459
ED   60,0.00%,Henry P. Ikezi,(United Alliance),11,AD 26,2025-11-04_22:10:30.962459
ED   60,0.00%,WRITE-IN,&nbsp,-,AD 26,2025-11-04_22:10:30.962459
ED   61,0.00%,Donovan J. Richards Jr.,(Democratic),355,AD 26,2025-11-04_22:10:30.962459
ED   61,0.00%,Henry P. Ikezi,(Republican),252,AD 26,2025-11-04_22:10:30.962459
ED   61,0.00%,Henry P. Ikezi,(United Alliance),10,AD 26,2025-11-04_22:10:30.962459
ED   61,0.00%,WRITE-IN,&nbsp,1,AD 26,2025-11-04_22:10:30.962459
ED   62,0.00%,Donovan J. Richards Jr.,(Democratic),-,AD 26,2025-11-04_22:10:30.962459
ED   62,0.00%,Henry P. Ikezi,(Republican),-,AD 26,2025-11-04_22:10:30.962459
ED   62,0.00%,Henry P. Ikezi,(United Alliance),-,AD 26,2025-11-04_22:10:30.962459
ED   62,0.00%,WRITE-IN,&nbsp,-,AD 26,2025-11-04_22:10:30.962459
ED   63,0.00%,Donovan J. Richards Jr.,(Democratic),-,AD 26,2025-11-04_22:10:30.962459
ED   63,0.00%,Henry P. Ikezi,(Republican),-,AD 26,2025-11-04_22:10:30.962459
ED   63,0.00%,Henry P. Ikezi,(United Alliance),-,AD 26,2025-11-04_22:10:30.962459
ED   63,0.00%,WRITE-IN,&nbsp,-,AD 26,2025-11-04_22:10:30.962459
ED   64,0.00%,Donovan J. Richards Jr.,(Democratic),-,AD 26,2025-11-04_22:10:30.962459
ED   64,0.00%,Henry P. Ikezi,(Republican),-,AD 26,2025-11-04_22:10:30.962459
ED   64,0.00%,Henry P. Ikezi,(United Alliance),-,AD 26,2025-11-04_22:10:30.962459
ED   64,0.00%,WRITE-IN,&nbsp,-,AD 26,2025-11-04_22:10:30.962459
ED   65,0.00%,Donovan J. Richards Jr.,(Democratic),-,AD 26,2025-11-04_22:10:30.962459
ED   65,0.00%,Henry P. Ikezi,(Republican),-,AD 26,2025-11-04_22:10:30.962459
ED   65,0.00%,Henry P. Ikezi,(United Alliance),-,AD 26,2025-11-04_22:10:30.962459
ED   65,0.00%,WRITE-IN,&nbsp,-,AD 26,2025-11-04_22:10:30.962459
Total,,Donovan J. Richards Jr.,(Democratic),18754,AD 26,2025-11-04_22:10:30.962459
Total,,Henry P. Ikezi,(Republican),14323,AD 26,2025-11-04_22:10:30.962459
Total,,Henry P. Ikezi,(United Alliance),350,AD 26,2025-11-04_22:10:30.962459
Total,,WRITE-IN,&nbsp,51,AD 26,2025-11-04_22:10:30.962459
ED    1,0.00%,Donovan J. Richards Jr.,(Democratic),114,AD 27,2025-11-04_22:10:30.962459
ED    1,0.00%,Henry P. Ikezi,(Republican),154,AD 27,2025-11-04_22:10:30.962459
ED    1,0.00%,Henry P. Ikezi,(United Alliance),3,AD 27,2025-11-04_22:10:30.962459
ED    1,0.00%,WRITE-IN,&nbsp,-,AD 27,2025-11-04_22:10:30.962459
ED    2,0.00%,Donovan J. Richards Jr.,(Democratic),532,AD 27,2025-11-04_22:10:30.962459
ED    2,0.00%,Henry P. Ikezi,(Republican),118,AD 27,2025-11-04_22:10:30.962459
ED    2,0.00%,Henry P. Ikezi,(United Alliance),10,AD 27,2025-11-04_22:10:30.962459
ED    2,0.00%,WRITE-IN,&nbsp,4,AD 27,2025-11-04_22:10:30.962459
ED    3,0.00%,Donovan J. Richards Jr.,(Democratic),217,AD 27,2025-11-04_22:10:30.962459
ED    3,0.00%,Henry P. Ikezi,(Republican),64,AD 27,2025-11-04_22:10:30.962459
ED    3,0.00%,Henry P. Ikezi,(United Alliance),2,AD 27,2025-11-04_22:10:30.962459
ED    3,0.00%,WRITE-IN,&nbsp,2,AD 27,2025-11-04_22:10:30.962459
ED    4,0.00%,Donovan J. Richards Jr.,(Democratic),293,AD 27,2025-11-04_22:10:30.962459
ED    4,0.00%,Henry P. Ikezi,(Republican),94,AD 27,2025-11-04_22:10:30.962459
ED    4,0.00%,Henry P. Ikezi,(United Alliance),4,AD 27,2025-11-04_22:10:30.962459
ED    4,0.00%,WRITE-IN,&nbsp,-,AD 27,2025-11-04_22:10:30.962459
ED    5,0.00%,Donovan J. Richards Jr.,(Democratic),310,AD 27,2025-11-04_22:10:30.962459
ED    5,0.00%,Henry P. Ikezi,(Republican),86,AD 27,2025-11-04_22:10:30.962459
ED    5,0.00%,Henry P. Ikezi,(United Alliance),2,AD 27,2025-11-04_22:10:30.962459
ED    5,0.00%,WRITE-IN,&nbsp,-,AD 27,2025-11-04_22:10:30.962459
ED    6,0.00%,Donovan J. Richards Jr.,(Democratic),134,AD 27,2025-11-04_22:10:30.962459
ED    6,0.00%,Henry P. Ikezi,(Republican),50,AD 27,2025-11-04_22:10:30.962459
ED    6,0.00%,Henry P. Ikezi,(United Alliance),1,AD 27,2025-11-04_22:10:30.962459
ED    6,0.00%,WRITE-IN,&nbsp,-,AD 27,2025-11-04_22:10:30.962459
ED    7,0.00%,Donovan J. Richards Jr.,(Democratic),66,AD 27,2025-11-04_22:10:30.962459
ED    7,0.00%,Henry P. Ikezi,(Republican),156,AD 27,2025-11-04_22:10:30.962459
ED    7,0.00%,Henry P. Ikezi,(United Alliance),1,AD 27,2025-11-04_22:10:30.962459
ED    7,0.00%,WRITE-IN,&nbsp,1,AD 27,2025-11-04_22:10:30.962459
ED    8,0.00%,Donovan J. Richards Jr.,(Democratic),159,AD 27,2025-11-04_22:10:30.962459
ED    8,0.00%,Henry P. Ikezi,(Republican),72,AD 27,2025-11-04_22:10:30.962459
ED    8,0.00%,Henry P. Ikezi,(United Alliance),13,AD 27,2025-11-04_22:10:30.962459
ED    8,0.00%,WRITE-IN,&nbsp,1,AD 27,2025-11-04_22:10:30.962459
ED    9,0.00%,Donovan J. Richards Jr.,(Democratic),185,AD 27,2025-11-04_22:10:30.962459
ED    9,0.00%,Henry P. Ikezi,(Republican),254,AD 27,2025-11-04_22:10:30.962459
ED    9,0.00%,Henry P. Ikezi,(United Alliance),5,AD 27,2025-11-04_22:10:30.962459
ED    9,0.00%,WRITE-IN,&nbsp,1,AD 27,2025-11-04_22:10:30.962459
ED   10,0.00%,Donovan J. Richards Jr.,(Democratic),159,AD 27,2025-11-04_22:10:30.962459
ED   10,0.00%,Henry P. Ikezi,(Republican),47,AD 27,2025-11-04_22:10:30.962459
ED   10,0.00%,Henry P. Ikezi,(United Alliance),4,AD 27,2025-11-04_22:10:30.962459
ED   10,0.00%,WRITE-IN,&nbsp,-,AD 27,2025-11-04_22:10:30.962459
ED   11,0.00%,Donovan J. Richards Jr.,(Democratic),148,AD 27,2025-11-04_22:10:30.962459
ED   11,0.00%,Henry P. Ikezi,(Republican),47,AD 27,2025-11-04_22:10:30.962459
ED   11,0.00%,Henry P. Ikezi,(United Alliance),2,AD 27,2025-11-04_22:10:30.962459
ED   11,0.00%,WRITE-IN,&nbsp,1,AD 27,2025-11-04_22:10:30.962459
ED   12,0.00%,Donovan J. Richards Jr.,(Democratic),369,AD 27,2025-11-04_22:10:30.962459
ED   12,0.00%,Henry P. Ikezi,(Republican),153,AD 27,2025-11-04_22:10:30.962459
ED   12,0.00%,Henry P. Ikezi,(United Alliance),14,AD 27,2025-11-04_22:10:30.962459
ED   12,0.00%,WRITE-IN,&nbsp,3,AD 27,2025-11-04_22:10:30.962459
ED   13,0.00%,Donovan J. Richards Jr.,(Democratic),242,AD 27,2025-11-04_22:10:30.962459
ED   13,0.00%,Henry P. Ikezi,(Republican),156,AD 27,2025-11-04_22:10:30.962459
ED   13,0.00%,Henry P. Ikezi,(United Alliance),8,AD 27,2025-11-04_22:10:30.962459
ED   13,0.00%,WRITE-IN,&nbsp,2,AD 27,2025-11-04_22:10:30.962459
ED   14,0.00%,Donovan J. Richards Jr.,(Democratic),426,AD 27,2025-11-04_22:10:30.962459
ED   14,0.00%,Henry P. Ikezi,(Republican),109,AD 27,2025-11-04_22:10:30.962459
ED   14,0.00%,Henry P. Ikezi,(United Alliance),6,AD 27,2025-11-04_22:10:30.962459
ED   14,0.00%,WRITE-IN,&nbsp,1,AD 27,2025-11-04_22:10:30.962459
ED   15,0.00%,Donovan J. Richards Jr.,(Democratic),492,AD 27,2025-11-04_22:10:30.962459
ED   15,0.00%,Henry P. Ikezi,(Republican),128,AD 27,2025-11-04_22:10:30.962459
ED   15,0.00%,Henry P. Ikezi,(United Alliance),6,AD 27,2025-11-04_22:10:30.962459
ED   15,0.00%,WRITE-IN,&nbsp,-,AD 27,2025-11-04_22:10:30.962459
ED   16,0.00%,Donovan J. Richards Jr.,(Democratic),217,AD 27,2025-11-04_22:10:30.962459
ED   16,0.00%,Henry P. Ikezi,(Republican),51,AD 27,2025-11-04_22:10:30.962459
ED   16,0.00%,Henry P. Ikezi,(United Alliance),1,AD 27,2025-11-04_22:10:30.962459
ED   16,0.00%,WRITE-IN,&nbsp,-,AD 27,2025-11-04_22:10:30.962459
ED   17,0.00%,Donovan J. Richards Jr.,(Democratic),167,AD 27,2025-11-04_22:10:30.962459
ED   17,0.00%,Henry P. Ikezi,(Republican),46,AD 27,2025-11-04_22:10:30.962459
ED   17,0.00%,Henry P. Ikezi,(United Alliance),5,AD 27,2025-11-04_22:10:30.962459
ED   17,0.00%,WRITE-IN,&nbsp,1,AD 27,2025-11-04_22:10:30.962459
ED   18,0.00%,Donovan J. Richards Jr.,(Democratic),119,AD 27,2025-11-04_22:10:30.962459
ED   18,0.00%,Henry P. Ikezi,(Republican),18,AD 27,2025-11-04_22:10:30.962459
ED   18,0.00%,Henry P. Ikezi,(United Alliance),2,AD 27,2025-11-04_22:10:30.962459
ED   18,0.00%,WRITE-IN,&nbsp,-,AD 27,2025-11-04_22:10:30.962459
ED   19,0.00%,Donovan J. Richards Jr.,(Democratic),286,AD 27,2025-11-04_22:10:30.962459
ED   19,0.00%,Henry P. Ikezi,(Republican),155,AD 27,2025-11-04_22:10:30.962459
ED   19,0.00%,Henry P. Ikezi,(United Alliance),9,AD 27,2025-11-04_22:10:30.962459
ED   19,0.00%,WRITE-IN,&nbsp,2,AD 27,2025-11-04_22:10:30.962459
ED   20,0.00%,Donovan J. Richards Jr.,(Democratic),157,AD 27,2025-11-04_22:10:30.962459
ED   20,0.00%,Henry P. Ikezi,(Republican),290,AD 27,2025-11-04_22:10:30.962459
ED   20,0.00%,Henry P. Ikezi,(United Alliance),11,AD 27,2025-11-04_22:10:30.962459
ED   20,0.00%,WRITE-IN,&nbsp,-,AD 27,2025-11-04_22:10:30.962459
ED   21,0.00%,Donovan J. Richards Jr.,(Democratic),291,AD 27,2025-11-04_22:10:30.962459
ED   21,0.00%,Henry P. Ikezi,(Republican),300,AD 27,2025-11-04_22:10:30.962459
ED   21,0.00%,Henry P. Ikezi,(United Alliance),7,AD 27,2025-11-04_22:10:30.962459
ED   21,0.00%,WRITE-IN,&nbsp,3,AD 27,2025-11-04_22:10:30.962459
ED   22,0.00%,Donovan J. Richards Jr.,(Democratic),351,AD 27,2025-11-04_22:10:30.962459
ED   22,0.00%,Henry P. Ikezi,(Republican),216,AD 27,2025-11-04_22:10:30.962459
ED   22,0.00%,Henry P. Ikezi,(United Alliance),12,AD 27,2025-11-04_22:10:30.962459
ED   22,0.00%,WRITE-IN,&nbsp,-,AD 27,2025-11-04_22:10:30.962459
ED   23,0.00%,Donovan J. Richards Jr.,(Democratic),228,AD 27,2025-11-04_22:10:30.962459
ED   23,0.00%,Henry P. Ikezi,(Republican),413,AD 27,2025-11-04_22:10:30.962459
ED   23,0.00%,Henry P. Ikezi,(United Alliance),11,AD 27,2025-11-04_22:10:30.962459
ED   23,0.00%,WRITE-IN,&nbsp,4,AD 27,2025-11-04_22:10:30.962459
ED   24,0.00%,Donovan J. Richards Jr.,(Democratic),179,AD 27,2025-11-04_22:10:30.962459
ED   24,0.00%,Henry P. Ikezi,(Republican),386,AD 27,2025-11-04_22:10:30.962459
ED   24,0.00%,Henry P. Ikezi,(United Alliance),12,AD 27,2025-11-04_22:10:30.962459
ED   24,0.00%,WRITE-IN,&nbsp,1,AD 27,2025-11-04_22:10:30.962459
ED   25,0.00%,Donovan J. Richards Jr.,(Democratic),205,AD 27,2025-11-04_22:10:30.962459
ED   25,0.00%,Henry P. Ikezi,(Republican),609,AD 27,2025-11-04_22:10:30.962459
ED   25,0.00%,Henry P. Ikezi,(United Alliance),19,AD 27,2025-11-04_22:10:30.962459
ED   25,0.00%,WRITE-IN,&nbsp,3,AD 27,2025-11-04_22:10:30.962459
ED   26,0.00%,Donovan J. Richards Jr.,(Democratic),120,AD 27,2025-11-04_22:10:30.962459
ED   26,0.00%,Henry P. Ikezi,(Republican),17,AD 27,2025-11-04_22:10:30.962459
ED   26,0.00%,Henry P. Ikezi,(United Alliance),2,AD 27,2025-11-04_22:10:30.962459
ED   26,0.00%,WRITE-IN,&nbsp,-,AD 27,2025-11-04_22:10:30.962459
ED   27,0.00%,Donovan J. Richards Jr.,(Democratic),162,AD 27,2025-11-04_22:10:30.962459
ED   27,0.00%,Henry P. Ikezi,(Republican),839,AD 27,2025-11-04_22:10:30.962459
ED   27,0.00%,Henry P. Ikezi,(United Alliance),14,AD 27,2025-11-04_22:10:30.962459
ED   27,0.00%,WRITE-IN,&nbsp,6,AD 27,2025-11-04_22:10:30.962459
ED   28,0.00%,Donovan J. Richards Jr.,(Democratic),306,AD 27,2025-11-04_22:10:30.962459
ED   28,0.00%,Henry P. Ikezi,(Republican),311,AD 27,2025-11-04_22:10:30.962459
ED   28,0.00%,Henry P. Ikezi,(United Alliance),12,AD 27,2025-11-04_22:10:30.962459
ED   28,0.00%,WRITE-IN,&nbsp,1,AD 27,2025-11-04_22:10:30.962459
ED   29,0.00%,Donovan J. Richards Jr.,(Democratic),127,AD 27,2025-11-04_22:10:30.962459
ED   29,0.00%,Henry P. Ikezi,(Republican),669,AD 27,2025-11-04_22:10:30.962459
ED   29,0.00%,Henry P. Ikezi,(United Alliance),10,AD 27,2025-11-04_22:10:30.962459
ED   29,0.00%,WRITE-IN,&nbsp,1,AD 27,2025-11-04_22:10:30.962459
ED   30,0.00%,Donovan J. Richards Jr.,(Democratic),172,AD 27,2025-11-04_22:10:30.962459
ED   30,0.00%,Henry P. Ikezi,(Republican),231,AD 27,2025-11-04_22:10:30.962459
ED   30,0.00%,Henry P. Ikezi,(United Alliance),12,AD 27,2025-11-04_22:10:30.962459
ED   30,0.00%,WRITE-IN,&nbsp,-,AD 27,2025-11-04_22:10:30.962459
ED   31,0.00%,Donovan J. Richards Jr.,(Democratic),17,AD 27,2025-11-04_22:10:30.962459
ED   31,0.00%,Henry P. Ikezi,(Republican),47,AD 27,2025-11-04_22:10:30.962459
ED   31,0.00%,Henry P. Ikezi,(United Alliance),1,AD 27,2025-11-04_22:10:30.962459
ED   31,0.00%,WRITE-IN,&nbsp,-,AD 27,2025-11-04_22:10:30.962459
ED   32,0.00%,Donovan J. Richards Jr.,(Democratic),296,AD 27,2025-11-04_22:10:30.962459
ED   32,0.00%,Henry P. Ikezi,(Republican),202,AD 27,2025-11-04_22:10:30.962459
ED   32,0.00%,Henry P. Ikezi,(United Alliance),5,AD 27,2025-11-04_22:10:30.962459
ED   32,0.00%,WRITE-IN,&nbsp,-,AD 27,2025-11-04_22:10:30.962459
ED   33,0.00%,Donovan J. Richards Jr.,(Democratic),276,AD 27,2025-11-04_22:10:30.962459
ED   33,0.00%,Henry P. Ikezi,(Republican),190,AD 27,2025-11-04_22:10:30.962459
ED   33,0.00%,Henry P. Ikezi,(United Alliance),11,AD 27,2025-11-04_22:10:30.962459
ED   33,0.00%,WRITE-IN,&nbsp,-,AD 27,2025-11-04_22:10:30.962459
ED   34,0.00%,Donovan J. Richards Jr.,(Democratic),265,AD 27,2025-11-04_22:10:30.962459
ED   34,0.00%,Henry P. Ikezi,(Republican),174,AD 27,2025-11-04_22:10:30.962459
ED   34,0.00%,Henry P. Ikezi,(United Alliance),9,AD 27,2025-11-04_22:10:30.962459
ED   34,0.00%,WRITE-IN,&nbsp,-,AD 27,2025-11-04_22:10:30.962459
ED   35,0.00%,Donovan J. Richards Jr.,(Democratic),290,AD 27,2025-11-04_22:10:30.962459
ED   35,0.00%,Henry P. Ikezi,(Republican),180,AD 27,2025-11-04_22:10:30.962459
ED   35,0.00%,Henry P. Ikezi,(United Alliance),7,AD 27,2025-11-04_22:10:30.962459
ED   35,0.00%,WRITE-IN,&nbsp,-,AD 27,2025-11-04_22:10:30.962459
ED   36,0.00%,Donovan J. Richards Jr.,(Democratic),270,AD 27,2025-11-04_22:10:30.962459
ED   36,0.00%,Henry P. Ikezi,(Republican),277,AD 27,2025-11-04_22:10:30.962459
ED   36,0.00%,Henry P. Ikezi,(United Alliance),10,AD 27,2025-11-04_22:10:30.962459
ED   36,0.00%,WRITE-IN,&nbsp,1,AD 27,2025-11-04_22:10:30.962459
ED   37,0.00%,Donovan J. Richards Jr.,(Democratic),265,AD 27,2025-11-04_22:10:30.962459
ED   37,0.00%,Henry P. Ikezi,(Republican),229,AD 27,2025-11-04_22:10:30.962459
ED   37,0.00%,Henry P. Ikezi,(United Alliance),3,AD 27,2025-11-04_22:10:30.962459
ED   37,0.00%,WRITE-IN,&nbsp,1,AD 27,2025-11-04_22:10:30.962459
ED   38,0.00%,Donovan J. Richards Jr.,(Democratic),256,AD 27,2025-11-04_22:10:30.962459
ED   38,0.00%,Henry P. Ikezi,(Republican),226,AD 27,2025-11-04_22:10:30.962459
ED   38,0.00%,Henry P. Ikezi,(United Alliance),9,AD 27,2025-11-04_22:10:30.962459
ED   38,0.00%,WRITE-IN,&nbsp,1,AD 27,2025-11-04_22:10:30.962459
ED   39,0.00%,Donovan J. Richards Jr.,(Democratic),199,AD 27,2025-11-04_22:10:30.962459
ED   39,0.00%,Henry P. Ikezi,(Republican),352,AD 27,2025-11-04_22:10:30.962459
ED   39,0.00%,Henry P. Ikezi,(United Alliance),2,AD 27,2025-11-04_22:10:30.962459
ED   39,0.00%,WRITE-IN,&nbsp,-,AD 27,2025-11-04_22:10:30.962459
ED   40,0.00%,Donovan J. Richards Jr.,(Democratic),360,AD 27,2025-11-04_22:10:30.962459
ED   40,0.00%,Henry P. Ikezi,(Republican),335,AD 27,2025-11-04_22:10:30.962459
ED   40,0.00%,Henry P. Ikezi,(United Alliance),10,AD 27,2025-11-04_22:10:30.962459
ED   40,0.00%,WRITE-IN,&nbsp,5,AD 27,2025-11-04_22:10:30.962459
ED   41,0.00%,Donovan J. Richards Jr.,(Democratic),81,AD 27,2025-11-04_22:10:30.962459
ED   41,0.00%,Henry P. Ikezi,(Republican),170,AD 27,2025-11-04_22:10:30.962459
ED   41,0.00%,Henry P. Ikezi,(United Alliance),5,AD 27,2025-11-04_22:10:30.962459
ED   41,0.00%,WRITE-IN,&nbsp,-,AD 27,2025-11-04_22:10:30.962459
ED   42,0.00%,Donovan J. Richards Jr.,(Democratic),230,AD 27,2025-11-04_22:10:30.962459
ED   42,0.00%,Henry P. Ikezi,(Republican),674,AD 27,2025-11-04_22:10:30.962459
ED   42,0.00%,Henry P. Ikezi,(United Alliance),8,AD 27,2025-11-04_22:10:30.962459
ED   42,0.00%,WRITE-IN,&nbsp,3,AD 27,2025-11-04_22:10:30.962459
ED   43,0.00%,Donovan J. Richards Jr.,(Democratic),276,AD 27,2025-11-04_22:10:30.962459
ED   43,0.00%,Henry P. Ikezi,(Republican),403,AD 27,2025-11-04_22:10:30.962459
ED   43,0.00%,Henry P. Ikezi,(United Alliance),4,AD 27,2025-11-04_22:10:30.962459
ED   43,0.00%,WRITE-IN,&nbsp,1,AD 27,2025-11-04_22:10:30.962459
ED   44,0.00%,Donovan J. Richards Jr.,(Democratic),199,AD 27,2025-11-04_22:10:30.962459
ED   44,0.00%,Henry P. Ikezi,(Republican),477,AD 27,2025-11-04_22:10:30.962459
ED   44,0.00%,Henry P. Ikezi,(United Alliance),7,AD 27,2025-11-04_22:10:30.962459
ED   44,0.00%,WRITE-IN,&nbsp,1,AD 27,2025-11-04_22:10:30.962459
ED   45,0.00%,Donovan J. Richards Jr.,(Democratic),220,AD 27,2025-11-04_22:10:30.962459
ED   45,0.00%,Henry P. Ikezi,(Republican),490,AD 27,2025-11-04_22:10:30.962459
ED   45,0.00%,Henry P. Ikezi,(United Alliance),5,AD 27,2025-11-04_22:10:30.962459
ED   45,0.00%,WRITE-IN,&nbsp,2,AD 27,2025-11-04_22:10:30.962459
ED   46,0.00%,Donovan J. Richards Jr.,(Democratic),24,AD 27,2025-11-04_22:10:30.962459
ED   46,0.00%,Henry P. Ikezi,(Republican),123,AD 27,2025-11-04_22:10:30.962459
ED   46,0.00%,Henry P. Ikezi,(United Alliance),-,AD 27,2025-11-04_22:10:30.962459
ED   46,0.00%,WRITE-IN,&nbsp,-,AD 27,2025-11-04_22:10:30.962459
ED   47,0.00%,Donovan J. Richards Jr.,(Democratic),167,AD 27,2025-11-04_22:10:30.962459
ED   47,0.00%,Henry P. Ikezi,(Republican),85,AD 27,2025-11-04_22:10:30.962459
ED   47,0.00%,Henry P. Ikezi,(United Alliance),1,AD 27,2025-11-04_22:10:30.962459
ED   47,0.00%,WRITE-IN,&nbsp,1,AD 27,2025-11-04_22:10:30.962459
ED   48,0.00%,Donovan J. Richards Jr.,(Democratic),270,AD 27,2025-11-04_22:10:30.962459
ED   48,0.00%,Henry P. Ikezi,(Republican),336,AD 27,2025-11-04_22:10:30.962459
ED   48,0.00%,Henry P. Ikezi,(United Alliance),9,AD 27,2025-11-04_22:10:30.962459
ED   48,0.00%,WRITE-IN,&nbsp,2,AD 27,2025-11-04_22:10:30.962459
ED   49,0.00%,Donovan J. Richards Jr.,(Democratic),290,AD 27,2025-11-04_22:10:30.962459
ED   49,0.00%,Henry P. Ikezi,(Republican),301,AD 27,2025-11-04_22:10:30.962459
ED   49,0.00%,Henry P. Ikezi,(United Alliance),6,AD 27,2025-11-04_22:10:30.962459
ED   49,0.00%,WRITE-IN,&nbsp,1,AD 27,2025-11-04_22:10:30.962459
ED   50,0.00%,Donovan J. Richards Jr.,(Democratic),221,AD 27,2025-11-04_22:10:30.962459
ED   50,0.00%,Henry P. Ikezi,(Republican),277,AD 27,2025-11-04_22:10:30.962459
ED   50,0.00%,Henry P. Ikezi,(United Alliance),3,AD 27,2025-11-04_22:10:30.962459
ED   50,0.00%,WRITE-IN,&nbsp,1,AD 27,2025-11-04_22:10:30.962459
ED   51,0.00%,Donovan J. Richards Jr.,(Democratic),268,AD 27,2025-11-04_22:10:30.962459
ED   51,0.00%,Henry P. Ikezi,(Republican),292,AD 27,2025-11-04_22:10:30.962459
ED   51,0.00%,Henry P. Ikezi,(United Alliance),4,AD 27,2025-11-04_22:10:30.962459
ED   51,0.00%,WRITE-IN,&nbsp,1,AD 27,2025-11-04_22:10:30.962459
ED   52,0.00%,Donovan J. Richards Jr.,(Democratic),-,AD 27,2025-11-04_22:10:30.962459
ED   52,0.00%,Henry P. Ikezi,(Republican),-,AD 27,2025-11-04_22:10:30.962459
ED   52,0.00%,Henry P. Ikezi,(United Alliance),-,AD 27,2025-11-04_22:10:30.962459
ED   52,0.00%,WRITE-IN,&nbsp,-,AD 27,2025-11-04_22:10:30.962459
ED   53,0.00%,Donovan J. Richards Jr.,(Democratic),-,AD 27,2025-11-04_22:10:30.962459
ED   53,0.00%,Henry P. Ikezi,(Republican),-,AD 27,2025-11-04_22:10:30.962459
ED   53,0.00%,Henry P. Ikezi,(United Alliance),-,AD 27,2025-11-04_22:10:30.962459
ED   53,0.00%,WRITE-IN,&nbsp,-,AD 27,2025-11-04_22:10:30.962459
ED   54,0.00%,Donovan J. Richards Jr.,(Democratic),-,AD 27,2025-11-04_22:10:30.962459
ED   54,0.00%,Henry P. Ikezi,(Republican),-,AD 27,2025-11-04_22:10:30.962459
ED   54,0.00%,Henry P. Ikezi,(United Alliance),-,AD 27,2025-11-04_22:10:30.962459
ED   54,0.00%,WRITE-IN,&nbsp,-,AD 27,2025-11-04_22:10:30.962459
ED   55,0.00%,Donovan J. Richards Jr.,(Democratic),-,AD 27,2025-11-04_22:10:30.962459
ED   55,0.00%,Henry P. Ikezi,(Republican),-,AD 27,2025-11-04_22:10:30.962459
ED   55,0.00%,Henry P. Ikezi,(United Alliance),-,AD 27,2025-11-04_22:10:30.962459
ED   55,0.00%,WRITE-IN,&nbsp,-,AD 27,2025-11-04_22:10:30.962459
ED   56,0.00%,Donovan J. Richards Jr.,(Democratic),-,AD 27,2025-11-04_22:10:30.962459
ED   56,0.00%,Henry P. Ikezi,(Republican),-,AD 27,2025-11-04_22:10:30.962459
ED   56,0.00%,Henry P. Ikezi,(United Alliance),-,AD 27,2025-11-04_22:10:30.962459
ED   56,0.00%,WRITE-IN,&nbsp,-,AD 27,2025-11-04_22:10:30.962459
ED   57,0.00%,Donovan J. Richards Jr.,(Democratic),-,AD 27,2025-11-04_22:10:30.962459
ED   57,0.00%,Henry P. Ikezi,(Republican),-,AD 27,2025-11-04_22:10:30.962459
ED   57,0.00%,Henry P. Ikezi,(United Alliance),-,AD 27,2025-11-04_22:10:30.962459
ED   57,0.00%,WRITE-IN,&nbsp,-,AD 27,2025-11-04_22:10:30.962459
ED   58,0.00%,Donovan J. Richards Jr.,(Democratic),-,AD 27,2025-11-04_22:10:30.962459
ED   58,0.00%,Henry P. Ikezi,(Republican),-,AD 27,2025-11-04_22:10:30.962459
ED   58,0.00%,Henry P. Ikezi,(United Alliance),-,AD 27,2025-11-04_22:10:30.962459
ED   58,0.00%,WRITE-IN,&nbsp,-,AD 27,2025-11-04_22:10:30.962459
ED   59,0.00%,Donovan J. Richards Jr.,(Democratic),-,AD 27,2025-11-04_22:10:30.962459
ED   59,0.00%,Henry P. Ikezi,(Republican),-,AD 27,2025-11-04_22:10:30.962459
ED   59,0.00%,Henry P. Ikezi,(United Alliance),-,AD 27,2025-11-04_22:10:30.962459
ED   59,0.00%,WRITE-IN,&nbsp,-,AD 27,2025-11-04_22:10:30.962459
ED   60,0.00%,Donovan J. Richards Jr.,(Democratic),-,AD 27,2025-11-04_22:10:30.962459
ED   60,0.00%,Henry P. Ikezi,(Republican),-,AD 27,2025-11-04_22:10:30.962459
ED   60,0.00%,Henry P. Ikezi,(United Alliance),-,AD 27,2025-11-04_22:10:30.962459
ED   60,0.00%,WRITE-IN,&nbsp,-,AD 27,2025-11-04_22:10:30.962459
ED   61,0.00%,Donovan J. Richards Jr.,(Democratic),-,AD 27,2025-11-04_22:10:30.962459
ED   61,0.00%,Henry P. Ikezi,(Republican),-,AD 27,2025-11-04_22:10:30.962459
ED   61,0.00%,Henry P. Ikezi,(United Alliance),-,AD 27,2025-11-04_22:10:30.962459
ED   61,0.00%,WRITE-IN,&nbsp,-,AD 27,2025-11-04_22:10:30.962459
ED   62,0.00%,Donovan J. Richards Jr.,(Democratic),-,AD 27,2025-11-04_22:10:30.962459
ED   62,0.00%,Henry P. Ikezi,(Republican),-,AD 27,2025-11-04_22:10:30.962459
ED   62,0.00%,Henry P. Ikezi,(United Alliance),-,AD 27,2025-11-04_22:10:30.962459
ED   62,0.00%,WRITE-IN,&nbsp,-,AD 27,2025-11-04_22:10:30.962459
ED   63,0.00%,Donovan J. Richards Jr.,(Democratic),-,AD 27,2025-11-04_22:10:30.962459
ED   63,0.00%,Henry P. Ikezi,(Republican),-,AD 27,2025-11-04_22:10:30.962459
ED   63,0.00%,Henry P. Ikezi,(United Alliance),-,AD 27,2025-11-04_22:10:30.962459
ED   63,0.00%,WRITE-IN,&nbsp,-,AD 27,2025-11-04_22:10:30.962459
ED   64,0.00%,Donovan J. Richards Jr.,(Democratic),-,AD 27,2025-11-04_22:10:30.962459
ED   64,0.00%,Henry P. Ikezi,(Republican),-,AD 27,2025-11-04_22:10:30.962459
ED   64,0.00%,Henry P. Ikezi,(United Alliance),-,AD 27,2025-11-04_22:10:30.962459
ED   64,0.00%,WRITE-IN,&nbsp,-,AD 27,2025-11-04_22:10:30.962459
ED   65,0.00%,Donovan J. Richards Jr.,(Democratic),-,AD 27,2025-11-04_22:10:30.962459
ED   65,0.00%,Henry P. Ikezi,(Republican),-,AD 27,2025-11-04_22:10:30.962459
ED   65,0.00%,Henry P. Ikezi,(United Alliance),-,AD 27,2025-11-04_22:10:30.962459
ED   65,0.00%,WRITE-IN,&nbsp,-,AD 27,2025-11-04_22:10:30.962459
ED   66,0.00%,Donovan J. Richards Jr.,(Democratic),-,AD 27,2025-11-04_22:10:30.962459
ED   66,0.00%,Henry P. Ikezi,(Republican),-,AD 27,2025-11-04_22:10:30.962459
ED   66,0.00%,Henry P. Ikezi,(United Alliance),-,AD 27,2025-11-04_22:10:30.962459
ED   66,0.00%,WRITE-IN,&nbsp,-,AD 27,2025-11-04_22:10:30.962459
ED   67,0.00%,Donovan J. Richards Jr.,(Democratic),-,AD 27,2025-11-04_22:10:30.962459
ED   67,0.00%,Henry P. Ikezi,(Republican),-,AD 27,2025-11-04_22:10:30.962459
ED   67,0.00%,Henry P. Ikezi,(United Alliance),-,AD 27,2025-11-04_22:10:30.962459
ED   67,0.00%,WRITE-IN,&nbsp,-,AD 27,2025-11-04_22:10:30.962459
ED   68,0.00%,Donovan J. Richards Jr.,(Democratic),-,AD 27,2025-11-04_22:10:30.962459
ED   68,0.00%,Henry P. Ikezi,(Republican),-,AD 27,2025-11-04_22:10:30.962459
ED   68,0.00%,Henry P. Ikezi,(United Alliance),-,AD 27,2025-11-04_22:10:30.962459
ED   68,0.00%,WRITE-IN,&nbsp,-,AD 27,2025-11-04_22:10:30.962459
Total,,Donovan J. Richards Jr.,(Democratic),11673,AD 27,2025-11-04_22:10:30.962459
Total,,Henry P. Ikezi,(Republican),12079,AD 27,2025-11-04_22:10:30.962459
Total,,Henry P. Ikezi,(United Alliance),339,AD 27,2025-11-04_22:10:30.962459
Total,,WRITE-IN,&nbsp,59,AD 27,2025-11-04_22:10:30.962459
ED    1,0.00%,Donovan J. Richards Jr.,(Democratic),158,AD 28,2025-11-04_22:10:30.962459
ED    1,0.00%,Henry P. Ikezi,(Republican),51,AD 28,2025-11-04_22:10:30.962459
ED    1,0.00%,Henry P. Ikezi,(United Alliance),2,AD 28,2025-11-04_22:10:30.962459
ED    1,0.00%,WRITE-IN,&nbsp,-,AD 28,2025-11-04_22:10:30.962459
ED    2,0.00%,Donovan J. Richards Jr.,(Democratic),575,AD 28,2025-11-04_22:10:30.962459
ED    2,0.00%,Henry P. Ikezi,(Republican),190,AD 28,2025-11-04_22:10:30.962459
ED    2,0.00%,Henry P. Ikezi,(United Alliance),9,AD 28,2025-11-04_22:10:30.962459
ED    2,0.00%,WRITE-IN,&nbsp,1,AD 28,2025-11-04_22:10:30.962459
ED    3,0.00%,Donovan J. Richards Jr.,(Democratic),498,AD 28,2025-11-04_22:10:30.962459
ED    3,0.00%,Henry P. Ikezi,(Republican),188,AD 28,2025-11-04_22:10:30.962459
ED    3,0.00%,Henry P. Ikezi,(United Alliance),12,AD 28,2025-11-04_22:10:30.962459
ED    3,0.00%,WRITE-IN,&nbsp,1,AD 28,2025-11-04_22:10:30.962459
ED    4,0.00%,Donovan J. Richards Jr.,(Democratic),548,AD 28,2025-11-04_22:10:30.962459
ED    4,0.00%,Henry P. Ikezi,(Republican),150,AD 28,2025-11-04_22:10:30.962459
ED    4,0.00%,Henry P. Ikezi,(United Alliance),11,AD 28,2025-11-04_22:10:30.962459
ED    4,0.00%,WRITE-IN,&nbsp,1,AD 28,2025-11-04_22:10:30.962459
ED    5,0.00%,Donovan J. Richards Jr.,(Democratic),63,AD 28,2025-11-04_22:10:30.962459
ED    5,0.00%,Henry P. Ikezi,(Republican),45,AD 28,2025-11-04_22:10:30.962459
ED    5,0.00%,Henry P. Ikezi,(United Alliance),-,AD 28,2025-11-04_22:10:30.962459
ED    5,0.00%,WRITE-IN,&nbsp,-,AD 28,2025-11-04_22:10:30.962459
ED    6,0.00%,Donovan J. Richards Jr.,(Democratic),108,AD 28,2025-11-04_22:10:30.962459
ED    6,0.00%,Henry P. Ikezi,(Republican),128,AD 28,2025-11-04_22:10:30.962459
ED    6,0.00%,Henry P. Ikezi,(United Alliance),6,AD 28,2025-11-04_22:10:30.962459
ED    6,0.00%,WRITE-IN,&nbsp,-,AD 28,2025-11-04_22:10:30.962459
ED    7,0.00%,Donovan J. Richards Jr.,(Democratic),397,AD 28,2025-11-04_22:10:30.962459
ED    7,0.00%,Henry P. Ikezi,(Republican),262,AD 28,2025-11-04_22:10:30.962459
ED    7,0.00%,Henry P. Ikezi,(United Alliance),7,AD 28,2025-11-04_22:10:30.962459
ED    7,0.00%,WRITE-IN,&nbsp,1,AD 28,2025-11-04_22:10:30.962459
ED    8,0.00%,Donovan J. Richards Jr.,(Democratic),461,AD 28,2025-11-04_22:10:30.962459
ED    8,0.00%,Henry P. Ikezi,(Republican),188,AD 28,2025-11-04_22:10:30.962459
ED    8,0.00%,Henry P. Ikezi,(United Alliance),6,AD 28,2025-11-04_22:10:30.962459
ED    8,0.00%,WRITE-IN,&nbsp,1,AD 28,2025-11-04_22:10:30.962459
ED    9,0.00%,Donovan J. Richards Jr.,(Democratic),458,AD 28,2025-11-04_22:10:30.962459
ED    9,0.00%,Henry P. Ikezi,(Republican),218,AD 28,2025-11-04_22:10:30.962459
ED    9,0.00%,Henry P. Ikezi,(United Alliance),11,AD 28,2025-11-04_22:10:30.962459
ED    9,0.00%,WRITE-IN,&nbsp,-,AD 28,2025-11-04_22:10:30.962459
ED   10,0.00%,Donovan J. Richards Jr.,(Democratic),109,AD 28,2025-11-04_22:10:30.962459
ED   10,0.00%,Henry P. Ikezi,(Republican),229,AD 28,2025-11-04_22:10:30.962459
ED   10,0.00%,Henry P. Ikezi,(United Alliance),4,AD 28,2025-11-04_22:10:30.962459
ED   10,0.00%,WRITE-IN,&nbsp,1,AD 28,2025-11-04_22:10:30.962459
ED   11,0.00%,Donovan J. Richards Jr.,(Democratic),239,AD 28,2025-11-04_22:10:30.962459
ED   11,0.00%,Henry P. Ikezi,(Republican),204,AD 28,2025-11-04_22:10:30.962459
ED   11,0.00%,Henry P. Ikezi,(United Alliance),9,AD 28,2025-11-04_22:10:30.962459
ED   11,0.00%,WRITE-IN,&nbsp,1,AD 28,2025-11-04_22:10:30.962459
ED   12,0.00%,Donovan J. Richards Jr.,(Democratic),225,AD 28,2025-11-04_22:10:30.962459
ED   12,0.00%,Henry P. Ikezi,(Republican),418,AD 28,2025-11-04_22:10:30.962459
ED   12,0.00%,Henry P. Ikezi,(United Alliance),13,AD 28,2025-11-04_22:10:30.962459
ED   12,0.00%,WRITE-IN,&nbsp,1,AD 28,2025-11-04_22:10:30.962459
ED   13,0.00%,Donovan J. Richards Jr.,(Democratic),158,AD 28,2025-11-04_22:10:30.962459
ED   13,0.00%,Henry P. Ikezi,(Republican),200,AD 28,2025-11-04_22:10:30.962459
ED   13,0.00%,Henry P. Ikezi,(United Alliance),1,AD 28,2025-11-04_22:10:30.962459
ED   13,0.00%,WRITE-IN,&nbsp,-,AD 28,2025-11-04_22:10:30.962459
ED   14,0.00%,Donovan J. Richards Jr.,(Democratic),255,AD 28,2025-11-04_22:10:30.962459
ED   14,0.00%,Henry P. Ikezi,(Republican),293,AD 28,2025-11-04_22:10:30.962459
ED   14,0.00%,Henry P. Ikezi,(United Alliance),6,AD 28,2025-11-04_22:10:30.962459
ED   14,0.00%,WRITE-IN,&nbsp,-,AD 28,2025-11-04_22:10:30.962459
ED   15,0.00%,Donovan J. Richards Jr.,(Democratic),255,AD 28,2025-11-04_22:10:30.962459
ED   15,0.00%,Henry P. Ikezi,(Republican),291,AD 28,2025-11-04_22:10:30.962459
ED   15,0.00%,Henry P. Ikezi,(United Alliance),10,AD 28,2025-11-04_22:10:30.962459
ED   15,0.00%,WRITE-IN,&nbsp,-,AD 28,2025-11-04_22:10:30.962459
ED   16,0.00%,Donovan J. Richards Jr.,(Democratic),4,AD 28,2025-11-04_22:10:30.962459
ED   16,0.00%,Henry P. Ikezi,(Republican),2,AD 28,2025-11-04_22:10:30.962459
ED   16,0.00%,Henry P. Ikezi,(United Alliance),-,AD 28,2025-11-04_22:10:30.962459
ED   16,0.00%,WRITE-IN,&nbsp,-,AD 28,2025-11-04_22:10:30.962459
ED   17,0.00%,Donovan J. Richards Jr.,(Democratic),12,AD 28,2025-11-04_22:10:30.962459
ED   17,0.00%,Henry P. Ikezi,(Republican),14,AD 28,2025-11-04_22:10:30.962459
ED   17,0.00%,Henry P. Ikezi,(United Alliance),-,AD 28,2025-11-04_22:10:30.962459
ED   17,0.00%,WRITE-IN,&nbsp,-,AD 28,2025-11-04_22:10:30.962459
ED   18,0.00%,Donovan J. Richards Jr.,(Democratic),70,AD 28,2025-11-04_22:10:30.962459
ED   18,0.00%,Henry P. Ikezi,(Republican),54,AD 28,2025-11-04_22:10:30.962459
ED   18,0.00%,Henry P. Ikezi,(United Alliance),3,AD 28,2025-11-04_22:10:30.962459
ED   18,0.00%,WRITE-IN,&nbsp,-,AD 28,2025-11-04_22:10:30.962459
ED   19,0.00%,Donovan J. Richards Jr.,(Democratic),277,AD 28,2025-11-04_22:10:30.962459
ED   19,0.00%,Henry P. Ikezi,(Republican),137,AD 28,2025-11-04_22:10:30.962459
ED   19,0.00%,Henry P. Ikezi,(United Alliance),3,AD 28,2025-11-04_22:10:30.962459
ED   19,0.00%,WRITE-IN,&nbsp,-,AD 28,2025-11-04_22:10:30.962459
ED   20,0.00%,Donovan J. Richards Jr.,(Democratic),459,AD 28,2025-11-04_22:10:30.962459
ED   20,0.00%,Henry P. Ikezi,(Republican),176,AD 28,2025-11-04_22:10:30.962459
ED   20,0.00%,Henry P. Ikezi,(United Alliance),7,AD 28,2025-11-04_22:10:30.962459
ED   20,0.00%,WRITE-IN,&nbsp,5,AD 28,2025-11-04_22:10:30.962459
ED   21,0.00%,Donovan J. Richards Jr.,(Democratic),112,AD 28,2025-11-04_22:10:30.962459
ED   21,0.00%,Henry P. Ikezi,(Republican),86,AD 28,2025-11-04_22:10:30.962459
ED   21,0.00%,Henry P. Ikezi,(United Alliance),1,AD 28,2025-11-04_22:10:30.962459
ED   21,0.00%,WRITE-IN,&nbsp,-,AD 28,2025-11-04_22:10:30.962459
ED   22,0.00%,Donovan J. Richards Jr.,(Democratic),282,AD 28,2025-11-04_22:10:30.962459
ED   22,0.00%,Henry P. Ikezi,(Republican),455,AD 28,2025-11-04_22:10:30.962459
ED   22,0.00%,Henry P. Ikezi,(United Alliance),6,AD 28,2025-11-04_22:10:30.962459
ED   22,0.00%,WRITE-IN,&nbsp,-,AD 28,2025-11-04_22:10:30.962459
ED   23,0.00%,Donovan J. Richards Jr.,(Democratic),169,AD 28,2025-11-04_22:10:30.962459
ED   23,0.00%,Henry P. Ikezi,(Republican),364,AD 28,2025-11-04_22:10:30.962459
ED   23,0.00%,Henry P. Ikezi,(United Alliance),7,AD 28,2025-11-04_22:10:30.962459
ED   23,0.00%,WRITE-IN,&nbsp,-,AD 28,2025-11-04_22:10:30.962459
ED   24,0.00%,Donovan J. Richards Jr.,(Democratic),341,AD 28,2025-11-04_22:10:30.962459
ED   24,0.00%,Henry P. Ikezi,(Republican),504,AD 28,2025-11-04_22:10:30.962459
ED   24,0.00%,Henry P. Ikezi,(United Alliance),9,AD 28,2025-11-04_22:10:30.962459
ED   24,0.00%,WRITE-IN,&nbsp,1,AD 28,2025-11-04_22:10:30.962459
ED   25,0.00%,Donovan J. Richards Jr.,(Democratic),371,AD 28,2025-11-04_22:10:30.962459
ED   25,0.00%,Henry P. Ikezi,(Republican),583,AD 28,2025-11-04_22:10:30.962459
ED   25,0.00%,Henry P. Ikezi,(United Alliance),8,AD 28,2025-11-04_22:10:30.962459
ED   25,0.00%,WRITE-IN,&nbsp,-,AD 28,2025-11-04_22:10:30.962459
ED   26,0.00%,Donovan J. Richards Jr.,(Democratic),296,AD 28,2025-11-04_22:10:30.962459
ED   26,0.00%,Henry P. Ikezi,(Republican),348,AD 28,2025-11-04_22:10:30.962459
ED   26,0.00%,Henry P. Ikezi,(United Alliance),11,AD 28,2025-11-04_22:10:30.962459
ED   26,0.00%,WRITE-IN,&nbsp,-,AD 28,2025-11-04_22:10:30.962459
ED   27,0.00%,Donovan J. Richards Jr.,(Democratic),184,AD 28,2025-11-04_22:10:30.962459
ED   27,0.00%,Henry P. Ikezi,(Republican),213,AD 28,2025-11-04_22:10:30.962459
ED   27,0.00%,Henry P. Ikezi,(United Alliance),4,AD 28,2025-11-04_22:10:30.962459
ED   27,0.00%,WRITE-IN,&nbsp,1,AD 28,2025-11-04_22:10:30.962459
ED   28,0.00%,Donovan J. Richards Jr.,(Democratic),216,AD 28,2025-11-04_22:10:30.962459
ED   28,0.00%,Henry P. Ikezi,(Republican),125,AD 28,2025-11-04_22:10:30.962459
ED   28,0.00%,Henry P. Ikezi,(United Alliance),8,AD 28,2025-11-04_22:10:30.962459
ED   28,0.00%,WRITE-IN,&nbsp,1,AD 28,2025-11-04_22:10:30.962459
ED   29,0.00%,Donovan J. Richards Jr.,(Democratic),484,AD 28,2025-11-04_22:10:30.962459
ED   29,0.00%,Henry P. Ikezi,(Republican),236,AD 28,2025-11-04_22:10:30.962459
ED   29,0.00%,Henry P. Ikezi,(United Alliance),6,AD 28,2025-11-04_22:10:30.962459
ED   29,0.00%,WRITE-IN,&nbsp,3,AD 28,2025-11-04_22:10:30.962459
ED   30,0.00%,Donovan J. Richards Jr.,(Democratic),628,AD 28,2025-11-04_22:10:30.962459
ED   30,0.00%,Henry P. Ikezi,(Republican),369,AD 28,2025-11-04_22:10:30.962459
ED   30,0.00%,Henry P. Ikezi,(United Alliance),13,AD 28,2025-11-04_22:10:30.962459
ED   30,0.00%,WRITE-IN,&nbsp,4,AD 28,2025-11-04_22:10:30.962459
ED   31,0.00%,Donovan J. Richards Jr.,(Democratic),612,AD 28,2025-11-04_22:10:30.962459
ED   31,0.00%,Henry P. Ikezi,(Republican),156,AD 28,2025-11-04_22:10:30.962459
ED   31,0.00%,Henry P. Ikezi,(United Alliance),8,AD 28,2025-11-04_22:10:30.962459
ED   31,0.00%,WRITE-IN,&nbsp,1,AD 28,2025-11-04_22:10:30.962459
ED   32,0.00%,Donovan J. Richards Jr.,(Democratic),652,AD 28,2025-11-04_22:10:30.962459
ED   32,0.00%,Henry P. Ikezi,(Republican),171,AD 28,2025-11-04_22:10:30.962459
ED   32,0.00%,Henry P. Ikezi,(United Alliance),5,AD 28,2025-11-04_22:10:30.962459
ED   32,0.00%,WRITE-IN,&nbsp,5,AD 28,2025-11-04_22:10:30.962459
ED   33,0.00%,Donovan J. Richards Jr.,(Democratic),389,AD 28,2025-11-04_22:10:30.962459
ED   33,0.00%,Henry P. Ikezi,(Republican),122,AD 28,2025-11-04_22:10:30.962459
ED   33,0.00%,Henry P. Ikezi,(United Alliance),7,AD 28,2025-11-04_22:10:30.962459
ED   33,0.00%,WRITE-IN,&nbsp,-,AD 28,2025-11-04_22:10:30.962459
ED   34,0.00%,Donovan J. Richards Jr.,(Democratic),445,AD 28,2025-11-04_22:10:30.962459
ED   34,0.00%,Henry P. Ikezi,(Republican),143,AD 28,2025-11-04_22:10:30.962459
ED   34,0.00%,Henry P. Ikezi,(United Alliance),8,AD 28,2025-11-04_22:10:30.962459
ED   34,0.00%,WRITE-IN,&nbsp,1,AD 28,2025-11-04_22:10:30.962459
ED   35,0.00%,Donovan J. Richards Jr.,(Democratic),742,AD 28,2025-11-04_22:10:30.962459
ED   35,0.00%,Henry P. Ikezi,(Republican),284,AD 28,2025-11-04_22:10:30.962459
ED   35,0.00%,Henry P. Ikezi,(United Alliance),5,AD 28,2025-11-04_22:10:30.962459
ED   35,0.00%,WRITE-IN,&nbsp,1,AD 28,2025-11-04_22:10:30.962459
ED   36,0.00%,Donovan J. Richards Jr.,(Democratic),185,AD 28,2025-11-04_22:10:30.962459
ED   36,0.00%,Henry P. Ikezi,(Republican),44,AD 28,2025-11-04_22:10:30.962459
ED   36,0.00%,Henry P. Ikezi,(United Alliance),5,AD 28,2025-11-04_22:10:30.962459
ED   36,0.00%,WRITE-IN,&nbsp,-,AD 28,2025-11-04_22:10:30.962459
ED   37,0.00%,Donovan J. Richards Jr.,(Democratic),544,AD 28,2025-11-04_22:10:30.962459
ED   37,0.00%,Henry P. Ikezi,(Republican),266,AD 28,2025-11-04_22:10:30.962459
ED   37,0.00%,Henry P. Ikezi,(United Alliance),12,AD 28,2025-11-04_22:10:30.962459
ED   37,0.00%,WRITE-IN,&nbsp,-,AD 28,2025-11-04_22:10:30.962459
ED   38,0.00%,Donovan J. Richards Jr.,(Democratic),479,AD 28,2025-11-04_22:10:30.962459
ED   38,0.00%,Henry P. Ikezi,(Republican),201,AD 28,2025-11-04_22:10:30.962459
ED   38,0.00%,Henry P. Ikezi,(United Alliance),5,AD 28,2025-11-04_22:10:30.962459
ED   38,0.00%,WRITE-IN,&nbsp,-,AD 28,2025-11-04_22:10:30.962459
ED   39,0.00%,Donovan J. Richards Jr.,(Democratic),483,AD 28,2025-11-04_22:10:30.962459
ED   39,0.00%,Henry P. Ikezi,(Republican),242,AD 28,2025-11-04_22:10:30.962459
ED   39,0.00%,Henry P. Ikezi,(United Alliance),11,AD 28,2025-11-04_22:10:30.962459
ED   39,0.00%,WRITE-IN,&nbsp,2,AD 28,2025-11-04_22:10:30.962459
ED   40,0.00%,Donovan J. Richards Jr.,(Democratic),491,AD 28,2025-11-04_22:10:30.962459
ED   40,0.00%,Henry P. Ikezi,(Republican),308,AD 28,2025-11-04_22:10:30.962459
ED   40,0.00%,Henry P. Ikezi,(United Alliance),10,AD 28,2025-11-04_22:10:30.962459
ED   40,0.00%,WRITE-IN,&nbsp,-,AD 28,2025-11-04_22:10:30.962459
ED   41,0.00%,Donovan J. Richards Jr.,(Democratic),185,AD 28,2025-11-04_22:10:30.962459
ED   41,0.00%,Henry P. Ikezi,(Republican),83,AD 28,2025-11-04_22:10:30.962459
ED   41,0.00%,Henry P. Ikezi,(United Alliance),1,AD 28,2025-11-04_22:10:30.962459
ED   41,0.00%,WRITE-IN,&nbsp,-,AD 28,2025-11-04_22:10:30.962459
ED   42,0.00%,Donovan J. Richards Jr.,(Democratic),41,AD 28,2025-11-04_22:10:30.962459
ED   42,0.00%,Henry P. Ikezi,(Republican),62,AD 28,2025-11-04_22:10:30.962459
ED   42,0.00%,Henry P. Ikezi,(United Alliance),4,AD 28,2025-11-04_22:10:30.962459
ED   42,0.00%,WRITE-IN,&nbsp,-,AD 28,2025-11-04_22:10:30.962459
ED   43,0.00%,Donovan J. Richards Jr.,(Democratic),347,AD 28,2025-11-04_22:10:30.962459
ED   43,0.00%,Henry P. Ikezi,(Republican),375,AD 28,2025-11-04_22:10:30.962459
ED   43,0.00%,Henry P. Ikezi,(United Alliance),14,AD 28,2025-11-04_22:10:30.962459
ED   43,0.00%,WRITE-IN,&nbsp,1,AD 28,2025-11-04_22:10:30.962459
ED   44,0.00%,Donovan J. Richards Jr.,(Democratic),230,AD 28,2025-11-04_22:10:30.962459
ED   44,0.00%,Henry P. Ikezi,(Republican),326,AD 28,2025-11-04_22:10:30.962459
ED   44,0.00%,Henry P. Ikezi,(United Alliance),11,AD 28,2025-11-04_22:10:30.962459
ED   44,0.00%,WRITE-IN,&nbsp,1,AD 28,2025-11-04_22:10:30.962459
ED   45,0.00%,Donovan J. Richards Jr.,(Democratic),390,AD 28,2025-11-04_22:10:30.962459
ED   45,0.00%,Henry P. Ikezi,(Republican),193,AD 28,2025-11-04_22:10:30.962459
ED   45,0.00%,Henry P. Ikezi,(United Alliance),12,AD 28,2025-11-04_22:10:30.962459
ED   45,0.00%,WRITE-IN,&nbsp,1,AD 28,2025-11-04_22:10:30.962459
ED   46,0.00%,Donovan J. Richards Jr.,(Democratic),332,AD 28,2025-11-04_22:10:30.962459
ED   46,0.00%,Henry P. Ikezi,(Republican),182,AD 28,2025-11-04_22:10:30.962459
ED   46,0.00%,Henry P. Ikezi,(United Alliance),7,AD 28,2025-11-04_22:10:30.962459
ED   46,0.00%,WRITE-IN,&nbsp,2,AD 28,2025-11-04_22:10:30.962459
ED   47,0.00%,Donovan J. Richards Jr.,(Democratic),306,AD 28,2025-11-04_22:10:30.962459
ED   47,0.00%,Henry P. Ikezi,(Republican),165,AD 28,2025-11-04_22:10:30.962459
ED   47,0.00%,Henry P. Ikezi,(United Alliance),9,AD 28,2025-11-04_22:10:30.962459
ED   47,0.00%,WRITE-IN,&nbsp,-,AD 28,2025-11-04_22:10:30.962459
ED   48,0.00%,Donovan J. Richards Jr.,(Democratic),271,AD 28,2025-11-04_22:10:30.962459
ED   48,0.00%,Henry P. Ikezi,(Republican),177,AD 28,2025-11-04_22:10:30.962459
ED   48,0.00%,Henry P. Ikezi,(United Alliance),6,AD 28,2025-11-04_22:10:30.962459
ED   48,0.00%,WRITE-IN,&nbsp,-,AD 28,2025-11-04_22:10:30.962459
ED   49,0.00%,Donovan J. Richards Jr.,(Democratic),253,AD 28,2025-11-04_22:10:30.962459
ED   49,0.00%,Henry P. Ikezi,(Republican),156,AD 28,2025-11-04_22:10:30.962459
ED   49,0.00%,Henry P. Ikezi,(United Alliance),4,AD 28,2025-11-04_22:10:30.962459
ED   49,0.00%,WRITE-IN,&nbsp,1,AD 28,2025-11-04_22:10:30.962459
ED   50,0.00%,Donovan J. Richards Jr.,(Democratic),467,AD 28,2025-11-04_22:10:30.962459
ED   50,0.00%,Henry P. Ikezi,(Republican),211,AD 28,2025-11-04_22:10:30.962459
ED   50,0.00%,Henry P. Ikezi,(United Alliance),12,AD 28,2025-11-04_22:10:30.962459
ED   50,0.00%,WRITE-IN,&nbsp,-,AD 28,2025-11-04_22:10:30.962459
ED   51,0.00%,Donovan J. Richards Jr.,(Democratic),473,AD 28,2025-11-04_22:10:30.962459
ED   51,0.00%,Henry P. Ikezi,(Republican),196,AD 28,2025-11-04_22:10:30.962459
ED   51,0.00%,Henry P. Ikezi,(United Alliance),7,AD 28,2025-11-04_22:10:30.962459
ED   51,0.00%,WRITE-IN,&nbsp,4,AD 28,2025-11-04_22:10:30.962459
ED   52,0.00%,Donovan J. Richards Jr.,(Democratic),384,AD 28,2025-11-04_22:10:30.962459
ED   52,0.00%,Henry P. Ikezi,(Republican),162,AD 28,2025-11-04_22:10:30.962459
ED   52,0.00%,Henry P. Ikezi,(United Alliance),3,AD 28,2025-11-04_22:10:30.962459
ED   52,0.00%,WRITE-IN,&nbsp,1,AD 28,2025-11-04_22:10:30.962459
ED   53,0.00%,Donovan J. Richards Jr.,(Democratic),584,AD 28,2025-11-04_22:10:30.962459
ED   53,0.00%,Henry P. Ikezi,(Republican),279,AD 28,2025-11-04_22:10:30.962459
ED   53,0.00%,Henry P. Ikezi,(United Alliance),7,AD 28,2025-11-04_22:10:30.962459
ED   53,0.00%,WRITE-IN,&nbsp,1,AD 28,2025-11-04_22:10:30.962459
ED   54,0.00%,Donovan J. Richards Jr.,(Democratic),442,AD 28,2025-11-04_22:10:30.962459
ED   54,0.00%,Henry P. Ikezi,(Republican),328,AD 28,2025-11-04_22:10:30.962459
ED   54,0.00%,Henry P. Ikezi,(United Alliance),10,AD 28,2025-11-04_22:10:30.962459
ED   54,0.00%,WRITE-IN,&nbsp,1,AD 28,2025-11-04_22:10:30.962459
ED   55,0.00%,Donovan J. Richards Jr.,(Democratic),447,AD 28,2025-11-04_22:10:30.962459
ED   55,0.00%,Henry P. Ikezi,(Republican),279,AD 28,2025-11-04_22:10:30.962459
ED   55,0.00%,Henry P. Ikezi,(United Alliance),11,AD 28,2025-11-04_22:10:30.962459
ED   55,0.00%,WRITE-IN,&nbsp,1,AD 28,2025-11-04_22:10:30.962459
ED   56,0.00%,Donovan J. Richards Jr.,(Democratic),366,AD 28,2025-11-04_22:10:30.962459
ED   56,0.00%,Henry P. Ikezi,(Republican),165,AD 28,2025-11-04_22:10:30.962459
ED   56,0.00%,Henry P. Ikezi,(United Alliance),8,AD 28,2025-11-04_22:10:30.962459
ED   56,0.00%,WRITE-IN,&nbsp,-,AD 28,2025-11-04_22:10:30.962459
ED   57,0.00%,Donovan J. Richards Jr.,(Democratic),394,AD 28,2025-11-04_22:10:30.962459
ED   57,0.00%,Henry P. Ikezi,(Republican),181,AD 28,2025-11-04_22:10:30.962459
ED   57,0.00%,Henry P. Ikezi,(United Alliance),3,AD 28,2025-11-04_22:10:30.962459
ED   57,0.00%,WRITE-IN,&nbsp,2,AD 28,2025-11-04_22:10:30.962459
ED   58,0.00%,Donovan J. Richards Jr.,(Democratic),394,AD 28,2025-11-04_22:10:30.962459
ED   58,0.00%,Henry P. Ikezi,(Republican),285,AD 28,2025-11-04_22:10:30.962459
ED   58,0.00%,Henry P. Ikezi,(United Alliance),11,AD 28,2025-11-04_22:10:30.962459
ED   58,0.00%,WRITE-IN,&nbsp,3,AD 28,2025-11-04_22:10:30.962459
ED   59,0.00%,Donovan J. Richards Jr.,(Democratic),249,AD 28,2025-11-04_22:10:30.962459
ED   59,0.00%,Henry P. Ikezi,(Republican),233,AD 28,2025-11-04_22:10:30.962459
ED   59,0.00%,Henry P. Ikezi,(United Alliance),8,AD 28,2025-11-04_22:10:30.962459
ED   59,0.00%,WRITE-IN,&nbsp,1,AD 28,2025-11-04_22:10:30.962459
ED   60,0.00%,Donovan J. Richards Jr.,(Democratic),274,AD 28,2025-11-04_22:10:30.962459
ED   60,0.00%,Henry P. Ikezi,(Republican),293,AD 28,2025-11-04_22:10:30.962459
ED   60,0.00%,Henry P. Ikezi,(United Alliance),9,AD 28,2025-11-04_22:10:30.962459
ED   60,0.00%,WRITE-IN,&nbsp,-,AD 28,2025-11-04_22:10:30.962459
ED   61,0.00%,Donovan J. Richards Jr.,(Democratic),191,AD 28,2025-11-04_22:10:30.962459
ED   61,0.00%,Henry P. Ikezi,(Republican),375,AD 28,2025-11-04_22:10:30.962459
ED   61,0.00%,Henry P. Ikezi,(United Alliance),5,AD 28,2025-11-04_22:10:30.962459
ED   61,0.00%,WRITE-IN,&nbsp,-,AD 28,2025-11-04_22:10:30.962459
ED   62,0.00%,Donovan J. Richards Jr.,(Democratic),527,AD 28,2025-11-04_22:10:30.962459
ED   62,0.00%,Henry P. Ikezi,(Republican),256,AD 28,2025-11-04_22:10:30.962459
ED   62,0.00%,Henry P. Ikezi,(United Alliance),11,AD 28,2025-11-04_22:10:30.962459
ED   62,0.00%,WRITE-IN,&nbsp,-,AD 28,2025-11-04_22:10:30.962459
ED   63,0.00%,Donovan J. Richards Jr.,(Democratic),3,AD 28,2025-11-04_22:10:30.962459
ED   63,0.00%,Henry P. Ikezi,(Republican),-,AD 28,2025-11-04_22:10:30.962459
ED   63,0.00%,Henry P. Ikezi,(United Alliance),-,AD 28,2025-11-04_22:10:30.962459
ED   63,0.00%,WRITE-IN,&nbsp,-,AD 28,2025-11-04_22:10:30.962459
ED   64,0.00%,Donovan J. Richards Jr.,(Democratic),43,AD 28,2025-11-04_22:10:30.962459
ED   64,0.00%,Henry P. Ikezi,(Republican),54,AD 28,2025-11-04_22:10:30.962459
ED   64,0.00%,Henry P. Ikezi,(United Alliance),3,AD 28,2025-11-04_22:10:30.962459
ED   64,0.00%,WRITE-IN,&nbsp,1,AD 28,2025-11-04_22:10:30.962459
ED   65,0.00%,Donovan J. Richards Jr.,(Democratic),132,AD 28,2025-11-04_22:10:30.962459
ED   65,0.00%,Henry P. Ikezi,(Republican),149,AD 28,2025-11-04_22:10:30.962459
ED   65,0.00%,Henry P. Ikezi,(United Alliance),4,AD 28,2025-11-04_22:10:30.962459
ED   65,0.00%,WRITE-IN,&nbsp,-,AD 28,2025-11-04_22:10:30.962459
ED   66,0.00%,Donovan J. Richards Jr.,(Democratic),224,AD 28,2025-11-04_22:10:30.962459
ED   66,0.00%,Henry P. Ikezi,(Republican),242,AD 28,2025-11-04_22:10:30.962459
ED   66,0.00%,Henry P. Ikezi,(United Alliance),9,AD 28,2025-11-04_22:10:30.962459
ED   66,0.00%,WRITE-IN,&nbsp,-,AD 28,2025-11-04_22:10:30.962459
ED   67,0.00%,Donovan J. Richards Jr.,(Democratic),61,AD 28,2025-11-04_22:10:30.962459
ED   67,0.00%,Henry P. Ikezi,(Republican),53,AD 28,2025-11-04_22:10:30.962459
ED   67,0.00%,Henry P. Ikezi,(United Alliance),6,AD 28,2025-11-04_22:10:30.962459
ED   67,0.00%,WRITE-IN,&nbsp,-,AD 28,2025-11-04_22:10:30.962459
ED   68,0.00%,Donovan J. Richards Jr.,(Democratic),69,AD 28,2025-11-04_22:10:30.962459
ED   68,0.00%,Henry P. Ikezi,(Republican),86,AD 28,2025-11-04_22:10:30.962459
ED   68,0.00%,Henry P. Ikezi,(United Alliance),-,AD 28,2025-11-04_22:10:30.962459
ED   68,0.00%,WRITE-IN,&nbsp,-,AD 28,2025-11-04_22:10:30.962459
ED   69,0.00%,Donovan J. Richards Jr.,(Democratic),106,AD 28,2025-11-04_22:10:30.962459
ED   69,0.00%,Henry P. Ikezi,(Republican),56,AD 28,2025-11-04_22:10:30.962459
ED   69,0.00%,Henry P. Ikezi,(United Alliance),4,AD 28,2025-11-04_22:10:30.962459
ED   69,0.00%,WRITE-IN,&nbsp,-,AD 28,2025-11-04_22:10:30.962459
ED   70,0.00%,Donovan J. Richards Jr.,(Democratic),3,AD 28,2025-11-04_22:10:30.962459
ED   70,0.00%,Henry P. Ikezi,(Republican),2,AD 28,2025-11-04_22:10:30.962459
ED   70,0.00%,Henry P. Ikezi,(United Alliance),-,AD 28,2025-11-04_22:10:30.962459
ED   70,0.00%,WRITE-IN,&nbsp,-,AD 28,2025-11-04_22:10:30.962459
ED   71,0.00%,Donovan J. Richards Jr.,(Democratic),66,AD 28,2025-11-04_22:10:30.962459
ED   71,0.00%,Henry P. Ikezi,(Republican),26,AD 28,2025-11-04_22:10:30.962459
ED   71,0.00%,Henry P. Ikezi,(United Alliance),1,AD 28,2025-11-04_22:10:30.962459
ED   71,0.00%,WRITE-IN,&nbsp,1,AD 28,2025-11-04_22:10:30.962459
ED   72,0.00%,Donovan J. Richards Jr.,(Democratic),314,AD 28,2025-11-04_22:10:30.962459
ED   72,0.00%,Henry P. Ikezi,(Republican),132,AD 28,2025-11-04_22:10:30.962459
ED   72,0.00%,Henry P. Ikezi,(United Alliance),8,AD 28,2025-11-04_22:10:30.962459
ED   72,0.00%,WRITE-IN,&nbsp,4,AD 28,2025-11-04_22:10:30.962459
ED   73,0.00%,Donovan J. Richards Jr.,(Democratic),-,AD 28,2025-11-04_22:10:30.962459
ED   73,0.00%,Henry P. Ikezi,(Republican),-,AD 28,2025-11-04_22:10:30.962459
ED   73,0.00%,Henry P. Ikezi,(United Alliance),-,AD 28,2025-11-04_22:10:30.962459
ED   73,0.00%,WRITE-IN,&nbsp,-,AD 28,2025-11-04_22:10:30.962459
ED   74,0.00%,Donovan J. Richards Jr.,(Democratic),-,AD 28,2025-11-04_22:10:30.962459
ED   74,0.00%,Henry P. Ikezi,(Republican),-,AD 28,2025-11-04_22:10:30.962459
ED   74,0.00%,Henry P. Ikezi,(United Alliance),-,AD 28,2025-11-04_22:10:30.962459
ED   74,0.00%,WRITE-IN,&nbsp,-,AD 28,2025-11-04_22:10:30.962459
ED   75,0.00%,Donovan J. Richards Jr.,(Democratic),-,AD 28,2025-11-04_22:10:30.962459
ED   75,0.00%,Henry P. Ikezi,(Republican),-,AD 28,2025-11-04_22:10:30.962459
ED   75,0.00%,Henry P. Ikezi,(United Alliance),-,AD 28,2025-11-04_22:10:30.962459
ED   75,0.00%,WRITE-IN,&nbsp,-,AD 28,2025-11-04_22:10:30.962459
Total,,Donovan J. Richards Jr.,(Democratic),22002,AD 28,2025-11-04_22:10:30.962459
Total,,Henry P. Ikezi,(Republican),14420,AD 28,2025-11-04_22:10:30.962459
Total,,Henry P. Ikezi,(United Alliance),477,AD 28,2025-11-04_22:10:30.962459
Total,,WRITE-IN,&nbsp,59,AD 28,2025-11-04_22:10:30.962459
ED    1,0.00%,Donovan J. Richards Jr.,(Democratic),468,AD 29,2025-11-04_22:10:30.962459
ED    1,0.00%,Henry P. Ikezi,(Republican),29,AD 29,2025-11-04_22:10:30.962459
ED    1,0.00%,Henry P. Ikezi,(United Alliance),3,AD 29,2025-11-04_22:10:30.962459
ED    1,0.00%,WRITE-IN,&nbsp,-,AD 29,2025-11-04_22:10:30.962459
ED    2,0.00%,Donovan J. Richards Jr.,(Democratic),398,AD 29,2025-11-04_22:10:30.962459
ED    2,0.00%,Henry P. Ikezi,(Republican),19,AD 29,2025-11-04_22:10:30.962459
ED    2,0.00%,Henry P. Ikezi,(United Alliance),2,AD 29,2025-11-04_22:10:30.962459
ED    2,0.00%,WRITE-IN,&nbsp,-,AD 29,2025-11-04_22:10:30.962459
ED    3,0.00%,Donovan J. Richards Jr.,(Democratic),373,AD 29,2025-11-04_22:10:30.962459
ED    3,0.00%,Henry P. Ikezi,(Republican),23,AD 29,2025-11-04_22:10:30.962459
ED    3,0.00%,Henry P. Ikezi,(United Alliance),5,AD 29,2025-11-04_22:10:30.962459
ED    3,0.00%,WRITE-IN,&nbsp,-,AD 29,2025-11-04_22:10:30.962459
ED    4,0.00%,Donovan J. Richards Jr.,(Democratic),438,AD 29,2025-11-04_22:10:30.962459
ED    4,0.00%,Henry P. Ikezi,(Republican),38,AD 29,2025-11-04_22:10:30.962459
ED    4,0.00%,Henry P. Ikezi,(United Alliance),6,AD 29,2025-11-04_22:10:30.962459
ED    4,0.00%,WRITE-IN,&nbsp,-,AD 29,2025-11-04_22:10:30.962459
ED    5,0.00%,Donovan J. Richards Jr.,(Democratic),481,AD 29,2025-11-04_22:10:30.962459
ED    5,0.00%,Henry P. Ikezi,(Republican),40,AD 29,2025-11-04_22:10:30.962459
ED    5,0.00%,Henry P. Ikezi,(United Alliance),7,AD 29,2025-11-04_22:10:30.962459
ED    5,0.00%,WRITE-IN,&nbsp,-,AD 29,2025-11-04_22:10:30.962459
ED    6,0.00%,Donovan J. Richards Jr.,(Democratic),416,AD 29,2025-11-04_22:10:30.962459
ED    6,0.00%,Henry P. Ikezi,(Republican),57,AD 29,2025-11-04_22:10:30.962459
ED    6,0.00%,Henry P. Ikezi,(United Alliance),9,AD 29,2025-11-04_22:10:30.962459
ED    6,0.00%,WRITE-IN,&nbsp,-,AD 29,2025-11-04_22:10:30.962459
ED    7,0.00%,Donovan J. Richards Jr.,(Democratic),334,AD 29,2025-11-04_22:10:30.962459
ED    7,0.00%,Henry P. Ikezi,(Republican),32,AD 29,2025-11-04_22:10:30.962459
ED    7,0.00%,Henry P. Ikezi,(United Alliance),4,AD 29,2025-11-04_22:10:30.962459
ED    7,0.00%,WRITE-IN,&nbsp,-,AD 29,2025-11-04_22:10:30.962459
ED    8,0.00%,Donovan J. Richards Jr.,(Democratic),346,AD 29,2025-11-04_22:10:30.962459
ED    8,0.00%,Henry P. Ikezi,(Republican),23,AD 29,2025-11-04_22:10:30.962459
ED    8,0.00%,Henry P. Ikezi,(United Alliance),4,AD 29,2025-11-04_22:10:30.962459
ED    8,0.00%,WRITE-IN,&nbsp,-,AD 29,2025-11-04_22:10:30.962459
ED    9,0.00%,Donovan J. Richards Jr.,(Democratic),304,AD 29,2025-11-04_22:10:30.962459
ED    9,0.00%,Henry P. Ikezi,(Republican),22,AD 29,2025-11-04_22:10:30.962459
ED    9,0.00%,Henry P. Ikezi,(United Alliance),4,AD 29,2025-11-04_22:10:30.962459
ED    9,0.00%,WRITE-IN,&nbsp,-,AD 29,2025-11-04_22:10:30.962459
ED   10,0.00%,Donovan J. Richards Jr.,(Democratic),659,AD 29,2025-11-04_22:10:30.962459
ED   10,0.00%,Henry P. Ikezi,(Republican),34,AD 29,2025-11-04_22:10:30.962459
ED   10,0.00%,Henry P. Ikezi,(United Alliance),3,AD 29,2025-11-04_22:10:30.962459
ED   10,0.00%,WRITE-IN,&nbsp,-,AD 29,2025-11-04_22:10:30.962459
ED   11,0.00%,Donovan J. Richards Jr.,(Democratic),581,AD 29,2025-11-04_22:10:30.962459
ED   11,0.00%,Henry P. Ikezi,(Republican),26,AD 29,2025-11-04_22:10:30.962459
ED   11,0.00%,Henry P. Ikezi,(United Alliance),9,AD 29,2025-11-04_22:10:30.962459
ED   11,0.00%,WRITE-IN,&nbsp,-,AD 29,2025-11-04_22:10:30.962459
ED   12,0.00%,Donovan J. Richards Jr.,(Democratic),530,AD 29,2025-11-04_22:10:30.962459
ED   12,0.00%,Henry P. Ikezi,(Republican),23,AD 29,2025-11-04_22:10:30.962459
ED   12,0.00%,Henry P. Ikezi,(United Alliance),7,AD 29,2025-11-04_22:10:30.962459
ED   12,0.00%,WRITE-IN,&nbsp,1,AD 29,2025-11-04_22:10:30.962459
ED   13,0.00%,Donovan J. Richards Jr.,(Democratic),560,AD 29,2025-11-04_22:10:30.962459
ED   13,0.00%,Henry P. Ikezi,(Republican),32,AD 29,2025-11-04_22:10:30.962459
ED   13,0.00%,Henry P. Ikezi,(United Alliance),5,AD 29,2025-11-04_22:10:30.962459
ED   13,0.00%,WRITE-IN,&nbsp,1,AD 29,2025-11-04_22:10:30.962459
ED   14,0.00%,Donovan J. Richards Jr.,(Democratic),487,AD 29,2025-11-04_22:10:30.962459
ED   14,0.00%,Henry P. Ikezi,(Republican),30,AD 29,2025-11-04_22:10:30.962459
ED   14,0.00%,Henry P. Ikezi,(United Alliance),8,AD 29,2025-11-04_22:10:30.962459
ED   14,0.00%,WRITE-IN,&nbsp,4,AD 29,2025-11-04_22:10:30.962459
ED   15,0.00%,Donovan J. Richards Jr.,(Democratic),63,AD 29,2025-11-04_22:10:30.962459
ED   15,0.00%,Henry P. Ikezi,(Republican),3,AD 29,2025-11-04_22:10:30.962459
ED   15,0.00%,Henry P. Ikezi,(United Alliance),-,AD 29,2025-11-04_22:10:30.962459
ED   15,0.00%,WRITE-IN,&nbsp,-,AD 29,2025-11-04_22:10:30.962459
ED   16,0.00%,Donovan J. Richards Jr.,(Democratic),104,AD 29,2025-11-04_22:10:30.962459
ED   16,0.00%,Henry P. Ikezi,(Republican),7,AD 29,2025-11-04_22:10:30.962459
ED   16,0.00%,Henry P. Ikezi,(United Alliance),3,AD 29,2025-11-04_22:10:30.962459
ED   16,0.00%,WRITE-IN,&nbsp,-,AD 29,2025-11-04_22:10:30.962459
ED   17,0.00%,Donovan J. Richards Jr.,(Democratic),289,AD 29,2025-11-04_22:10:30.962459
ED   17,0.00%,Henry P. Ikezi,(Republican),16,AD 29,2025-11-04_22:10:30.962459
ED   17,0.00%,Henry P. Ikezi,(United Alliance),10,AD 29,2025-11-04_22:10:30.962459
ED   17,0.00%,WRITE-IN,&nbsp,-,AD 29,2025-11-04_22:10:30.962459
ED   18,0.00%,Donovan J. Richards Jr.,(Democratic),524,AD 29,2025-11-04_22:10:30.962459
ED   18,0.00%,Henry P. Ikezi,(Republican),26,AD 29,2025-11-04_22:10:30.962459
ED   18,0.00%,Henry P. Ikezi,(United Alliance),6,AD 29,2025-11-04_22:10:30.962459
ED   18,0.00%,WRITE-IN,&nbsp,-,AD 29,2025-11-04_22:10:30.962459
ED   19,0.00%,Donovan J. Richards Jr.,(Democratic),575,AD 29,2025-11-04_22:10:30.962459
ED   19,0.00%,Henry P. Ikezi,(Republican),24,AD 29,2025-11-04_22:10:30.962459
ED   19,0.00%,Henry P. Ikezi,(United Alliance),5,AD 29,2025-11-04_22:10:30.962459
ED   19,0.00%,WRITE-IN,&nbsp,-,AD 29,2025-11-04_22:10:30.962459
ED   20,0.00%,Donovan J. Richards Jr.,(Democratic),274,AD 29,2025-11-04_22:10:30.962459
ED   20,0.00%,Henry P. Ikezi,(Republican),11,AD 29,2025-11-04_22:10:30.962459
ED   20,0.00%,Henry P. Ikezi,(United Alliance),3,AD 29,2025-11-04_22:10:30.962459
ED   20,0.00%,WRITE-IN,&nbsp,-,AD 29,2025-11-04_22:10:30.962459
ED   21,0.00%,Donovan J. Richards Jr.,(Democratic),392,AD 29,2025-11-04_22:10:30.962459
ED   21,0.00%,Henry P. Ikezi,(Republican),12,AD 29,2025-11-04_22:10:30.962459
ED   21,0.00%,Henry P. Ikezi,(United Alliance),3,AD 29,2025-11-04_22:10:30.962459
ED   21,0.00%,WRITE-IN,&nbsp,3,AD 29,2025-11-04_22:10:30.962459
ED   22,0.00%,Donovan J. Richards Jr.,(Democratic),364,AD 29,2025-11-04_22:10:30.962459
ED   22,0.00%,Henry P. Ikezi,(Republican),15,AD 29,2025-11-04_22:10:30.962459
ED   22,0.00%,Henry P. Ikezi,(United Alliance),1,AD 29,2025-11-04_22:10:30.962459
ED   22,0.00%,WRITE-IN,&nbsp,-,AD 29,2025-11-04_22:10:30.962459
ED   23,0.00%,Donovan J. Richards Jr.,(Democratic),603,AD 29,2025-11-04_22:10:30.962459
ED   23,0.00%,Henry P. Ikezi,(Republican),20,AD 29,2025-11-04_22:10:30.962459
ED   23,0.00%,Henry P. Ikezi,(United Alliance),6,AD 29,2025-11-04_22:10:30.962459
ED   23,0.00%,WRITE-IN,&nbsp,2,AD 29,2025-11-04_22:10:30.962459
ED   24,0.00%,Donovan J. Richards Jr.,(Democratic),56,AD 29,2025-11-04_22:10:30.962459
ED   24,0.00%,Henry P. Ikezi,(Republican),1,AD 29,2025-11-04_22:10:30.962459
ED   24,0.00%,Henry P. Ikezi,(United Alliance),2,AD 29,2025-11-04_22:10:30.962459
ED   24,0.00%,WRITE-IN,&nbsp,-,AD 29,2025-11-04_22:10:30.962459
ED   25,0.00%,Donovan J. Richards Jr.,(Democratic),299,AD 29,2025-11-04_22:10:30.962459
ED   25,0.00%,Henry P. Ikezi,(Republican),21,AD 29,2025-11-04_22:10:30.962459
ED   25,0.00%,Henry P. Ikezi,(United Alliance),5,AD 29,2025-11-04_22:10:30.962459
ED   25,0.00%,WRITE-IN,&nbsp,-,AD 29,2025-11-04_22:10:30.962459
ED   26,0.00%,Donovan J. Richards Jr.,(Democratic),102,AD 29,2025-11-04_22:10:30.962459
ED   26,0.00%,Henry P. Ikezi,(Republican),3,AD 29,2025-11-04_22:10:30.962459
ED   26,0.00%,Henry P. Ikezi,(United Alliance),3,AD 29,2025-11-04_22:10:30.962459
ED   26,0.00%,WRITE-IN,&nbsp,-,AD 29,2025-11-04_22:10:30.962459
ED   27,0.00%,Donovan J. Richards Jr.,(Democratic),496,AD 29,2025-11-04_22:10:30.962459
ED   27,0.00%,Henry P. Ikezi,(Republican),20,AD 29,2025-11-04_22:10:30.962459
ED   27,0.00%,Henry P. Ikezi,(United Alliance),7,AD 29,2025-11-04_22:10:30.962459
ED   27,0.00%,WRITE-IN,&nbsp,-,AD 29,2025-11-04_22:10:30.962459
ED   28,0.00%,Donovan J. Richards Jr.,(Democratic),501,AD 29,2025-11-04_22:10:30.962459
ED   28,0.00%,Henry P. Ikezi,(Republican),20,AD 29,2025-11-04_22:10:30.962459
ED   28,0.00%,Henry P. Ikezi,(United Alliance),7,AD 29,2025-11-04_22:10:30.962459
ED   28,0.00%,WRITE-IN,&nbsp,-,AD 29,2025-11-04_22:10:30.962459
ED   29,0.00%,Donovan J. Richards Jr.,(Democratic),309,AD 29,2025-11-04_22:10:30.962459
ED   29,0.00%,Henry P. Ikezi,(Republican),29,AD 29,2025-11-04_22:10:30.962459
ED   29,0.00%,Henry P. Ikezi,(United Alliance),12,AD 29,2025-11-04_22:10:30.962459
ED   29,0.00%,WRITE-IN,&nbsp,1,AD 29,2025-11-04_22:10:30.962459
ED   30,0.00%,Donovan J. Richards Jr.,(Democratic),310,AD 29,2025-11-04_22:10:30.962459
ED   30,0.00%,Henry P. Ikezi,(Republican),20,AD 29,2025-11-04_22:10:30.962459
ED   30,0.00%,Henry P. Ikezi,(United Alliance),5,AD 29,2025-11-04_22:10:30.962459
ED   30,0.00%,WRITE-IN,&nbsp,-,AD 29,2025-11-04_22:10:30.962459
ED   31,0.00%,Donovan J. Richards Jr.,(Democratic),321,AD 29,2025-11-04_22:10:30.962459
ED   31,0.00%,Henry P. Ikezi,(Republican),19,AD 29,2025-11-04_22:10:30.962459
ED   31,0.00%,Henry P. Ikezi,(United Alliance),5,AD 29,2025-11-04_22:10:30.962459
ED   31,0.00%,WRITE-IN,&nbsp,-,AD 29,2025-11-04_22:10:30.962459
ED   32,0.00%,Donovan J. Richards Jr.,(Democratic),247,AD 29,2025-11-04_22:10:30.962459
ED   32,0.00%,Henry P. Ikezi,(Republican),15,AD 29,2025-11-04_22:10:30.962459
ED   32,0.00%,Henry P. Ikezi,(United Alliance),7,AD 29,2025-11-04_22:10:30.962459
ED   32,0.00%,WRITE-IN,&nbsp,-,AD 29,2025-11-04_22:10:30.962459
ED   33,0.00%,Donovan J. Richards Jr.,(Democratic),251,AD 29,2025-11-04_22:10:30.962459
ED   33,0.00%,Henry P. Ikezi,(Republican),13,AD 29,2025-11-04_22:10:30.962459
ED   33,0.00%,Henry P. Ikezi,(United Alliance),5,AD 29,2025-11-04_22:10:30.962459
ED   33,0.00%,WRITE-IN,&nbsp,-,AD 29,2025-11-04_22:10:30.962459
ED   34,0.00%,Donovan J. Richards Jr.,(Democratic),510,AD 29,2025-11-04_22:10:30.962459
ED   34,0.00%,Henry P. Ikezi,(Republican),36,AD 29,2025-11-04_22:10:30.962459
ED   34,0.00%,Henry P. Ikezi,(United Alliance),6,AD 29,2025-11-04_22:10:30.962459
ED   34,0.00%,WRITE-IN,&nbsp,2,AD 29,2025-11-04_22:10:30.962459
ED   35,0.00%,Donovan J. Richards Jr.,(Democratic),359,AD 29,2025-11-04_22:10:30.962459
ED   35,0.00%,Henry P. Ikezi,(Republican),31,AD 29,2025-11-04_22:10:30.962459
ED   35,0.00%,Henry P. Ikezi,(United Alliance),4,AD 29,2025-11-04_22:10:30.962459
ED   35,0.00%,WRITE-IN,&nbsp,1,AD 29,2025-11-04_22:10:30.962459
ED   36,0.00%,Donovan J. Richards Jr.,(Democratic),436,AD 29,2025-11-04_22:10:30.962459
ED   36,0.00%,Henry P. Ikezi,(Republican),32,AD 29,2025-11-04_22:10:30.962459
ED   36,0.00%,Henry P. Ikezi,(United Alliance),10,AD 29,2025-11-04_22:10:30.962459
ED   36,0.00%,WRITE-IN,&nbsp,-,AD 29,2025-11-04_22:10:30.962459
ED   37,0.00%,Donovan J. Richards Jr.,(Democratic),383,AD 29,2025-11-04_22:10:30.962459
ED   37,0.00%,Henry P. Ikezi,(Republican),14,AD 29,2025-11-04_22:10:30.962459
ED   37,0.00%,Henry P. Ikezi,(United Alliance),5,AD 29,2025-11-04_22:10:30.962459
ED   37,0.00%,WRITE-IN,&nbsp,1,AD 29,2025-11-04_22:10:30.962459
ED   38,0.00%,Donovan J. Richards Jr.,(Democratic),387,AD 29,2025-11-04_22:10:30.962459
ED   38,0.00%,Henry P. Ikezi,(Republican),19,AD 29,2025-11-04_22:10:30.962459
ED   38,0.00%,Henry P. Ikezi,(United Alliance),8,AD 29,2025-11-04_22:10:30.962459
ED   38,0.00%,WRITE-IN,&nbsp,-,AD 29,2025-11-04_22:10:30.962459
ED   39,0.00%,Donovan J. Richards Jr.,(Democratic),424,AD 29,2025-11-04_22:10:30.962459
ED   39,0.00%,Henry P. Ikezi,(Republican),22,AD 29,2025-11-04_22:10:30.962459
ED   39,0.00%,Henry P. Ikezi,(United Alliance),8,AD 29,2025-11-04_22:10:30.962459
ED   39,0.00%,WRITE-IN,&nbsp,-,AD 29,2025-11-04_22:10:30.962459
ED   40,0.00%,Donovan J. Richards Jr.,(Democratic),371,AD 29,2025-11-04_22:10:30.962459
ED   40,0.00%,Henry P. Ikezi,(Republican),23,AD 29,2025-11-04_22:10:30.962459
ED   40,0.00%,Henry P. Ikezi,(United Alliance),2,AD 29,2025-11-04_22:10:30.962459
ED   40,0.00%,WRITE-IN,&nbsp,2,AD 29,2025-11-04_22:10:30.962459
ED   41,0.00%,Donovan J. Richards Jr.,(Democratic),375,AD 29,2025-11-04_22:10:30.962459
ED   41,0.00%,Henry P. Ikezi,(Republican),22,AD 29,2025-11-04_22:10:30.962459
ED   41,0.00%,Henry P. Ikezi,(United Alliance),5,AD 29,2025-11-04_22:10:30.962459
ED   41,0.00%,WRITE-IN,&nbsp,1,AD 29,2025-11-04_22:10:30.962459
ED   42,0.00%,Donovan J. Richards Jr.,(Democratic),63,AD 29,2025-11-04_22:10:30.962459
ED   42,0.00%,Henry P. Ikezi,(Republican),10,AD 29,2025-11-04_22:10:30.962459
ED   42,0.00%,Henry P. Ikezi,(United Alliance),-,AD 29,2025-11-04_22:10:30.962459
ED   42,0.00%,WRITE-IN,&nbsp,-,AD 29,2025-11-04_22:10:30.962459
ED   43,0.00%,Donovan J. Richards Jr.,(Democratic),430,AD 29,2025-11-04_22:10:30.962459
ED   43,0.00%,Henry P. Ikezi,(Republican),61,AD 29,2025-11-04_22:10:30.962459
ED   43,0.00%,Henry P. Ikezi,(United Alliance),6,AD 29,2025-11-04_22:10:30.962459
ED   43,0.00%,WRITE-IN,&nbsp,1,AD 29,2025-11-04_22:10:30.962459
ED   44,0.00%,Donovan J. Richards Jr.,(Democratic),416,AD 29,2025-11-04_22:10:30.962459
ED   44,0.00%,Henry P. Ikezi,(Republican),57,AD 29,2025-11-04_22:10:30.962459
ED   44,0.00%,Henry P. Ikezi,(United Alliance),9,AD 29,2025-11-04_22:10:30.962459
ED   44,0.00%,WRITE-IN,&nbsp,-,AD 29,2025-11-04_22:10:30.962459
ED   45,0.00%,Donovan J. Richards Jr.,(Democratic),504,AD 29,2025-11-04_22:10:30.962459
ED   45,0.00%,Henry P. Ikezi,(Republican),54,AD 29,2025-11-04_22:10:30.962459
ED   45,0.00%,Henry P. Ikezi,(United Alliance),9,AD 29,2025-11-04_22:10:30.962459
ED   45,0.00%,WRITE-IN,&nbsp,2,AD 29,2025-11-04_22:10:30.962459
ED   46,0.00%,Donovan J. Richards Jr.,(Democratic),232,AD 29,2025-11-04_22:10:30.962459
ED   46,0.00%,Henry P. Ikezi,(Republican),22,AD 29,2025-11-04_22:10:30.962459
ED   46,0.00%,Henry P. Ikezi,(United Alliance),3,AD 29,2025-11-04_22:10:30.962459
ED   46,0.00%,WRITE-IN,&nbsp,-,AD 29,2025-11-04_22:10:30.962459
ED   47,0.00%,Donovan J. Richards Jr.,(Democratic),93,AD 29,2025-11-04_22:10:30.962459
ED   47,0.00%,Henry P. Ikezi,(Republican),21,AD 29,2025-11-04_22:10:30.962459
ED   47,0.00%,Henry P. Ikezi,(United Alliance),2,AD 29,2025-11-04_22:10:30.962459
ED   47,0.00%,WRITE-IN,&nbsp,-,AD 29,2025-11-04_22:10:30.962459
ED   48,0.00%,Donovan J. Richards Jr.,(Democratic),237,AD 29,2025-11-04_22:10:30.962459
ED   48,0.00%,Henry P. Ikezi,(Republican),33,AD 29,2025-11-04_22:10:30.962459
ED   48,0.00%,Henry P. Ikezi,(United Alliance),8,AD 29,2025-11-04_22:10:30.962459
ED   48,0.00%,WRITE-IN,&nbsp,-,AD 29,2025-11-04_22:10:30.962459
ED   49,0.00%,Donovan J. Richards Jr.,(Democratic),28,AD 29,2025-11-04_22:10:30.962459
ED   49,0.00%,Henry P. Ikezi,(Republican),1,AD 29,2025-11-04_22:10:30.962459
ED   49,0.00%,Henry P. Ikezi,(United Alliance),-,AD 29,2025-11-04_22:10:30.962459
ED   49,0.00%,WRITE-IN,&nbsp,-,AD 29,2025-11-04_22:10:30.962459
ED   50,0.00%,Donovan J. Richards Jr.,(Democratic),607,AD 29,2025-11-04_22:10:30.962459
ED   50,0.00%,Henry P. Ikezi,(Republican),81,AD 29,2025-11-04_22:10:30.962459
ED   50,0.00%,Henry P. Ikezi,(United Alliance),11,AD 29,2025-11-04_22:10:30.962459
ED   50,0.00%,WRITE-IN,&nbsp,1,AD 29,2025-11-04_22:10:30.962459
ED   51,0.00%,Donovan J. Richards Jr.,(Democratic),198,AD 29,2025-11-04_22:10:30.962459
ED   51,0.00%,Henry P. Ikezi,(Republican),10,AD 29,2025-11-04_22:10:30.962459
ED   51,0.00%,Henry P. Ikezi,(United Alliance),2,AD 29,2025-11-04_22:10:30.962459
ED   51,0.00%,WRITE-IN,&nbsp,-,AD 29,2025-11-04_22:10:30.962459
ED   52,0.00%,Donovan J. Richards Jr.,(Democratic),254,AD 29,2025-11-04_22:10:30.962459
ED   52,0.00%,Henry P. Ikezi,(Republican),23,AD 29,2025-11-04_22:10:30.962459
ED   52,0.00%,Henry P. Ikezi,(United Alliance),6,AD 29,2025-11-04_22:10:30.962459
ED   52,0.00%,WRITE-IN,&nbsp,-,AD 29,2025-11-04_22:10:30.962459
ED   53,0.00%,Donovan J. Richards Jr.,(Democratic),124,AD 29,2025-11-04_22:10:30.962459
ED   53,0.00%,Henry P. Ikezi,(Republican),12,AD 29,2025-11-04_22:10:30.962459
ED   53,0.00%,Henry P. Ikezi,(United Alliance),-,AD 29,2025-11-04_22:10:30.962459
ED   53,0.00%,WRITE-IN,&nbsp,1,AD 29,2025-11-04_22:10:30.962459
ED   54,0.00%,Donovan J. Richards Jr.,(Democratic),192,AD 29,2025-11-04_22:10:30.962459
ED   54,0.00%,Henry P. Ikezi,(Republican),35,AD 29,2025-11-04_22:10:30.962459
ED   54,0.00%,Henry P. Ikezi,(United Alliance),9,AD 29,2025-11-04_22:10:30.962459
ED   54,0.00%,WRITE-IN,&nbsp,1,AD 29,2025-11-04_22:10:30.962459
ED   55,0.00%,Donovan J. Richards Jr.,(Democratic),310,AD 29,2025-11-04_22:10:30.962459
ED   55,0.00%,Henry P. Ikezi,(Republican),51,AD 29,2025-11-04_22:10:30.962459
ED   55,0.00%,Henry P. Ikezi,(United Alliance),2,AD 29,2025-11-04_22:10:30.962459
ED   55,0.00%,WRITE-IN,&nbsp,1,AD 29,2025-11-04_22:10:30.962459
ED   56,0.00%,Donovan J. Richards Jr.,(Democratic),355,AD 29,2025-11-04_22:10:30.962459
ED   56,0.00%,Henry P. Ikezi,(Republican),27,AD 29,2025-11-04_22:10:30.962459
ED   56,0.00%,Henry P. Ikezi,(United Alliance),8,AD 29,2025-11-04_22:10:30.962459
ED   56,0.00%,WRITE-IN,&nbsp,-,AD 29,2025-11-04_22:10:30.962459
ED   57,0.00%,Donovan J. Richards Jr.,(Democratic),220,AD 29,2025-11-04_22:10:30.962459
ED   57,0.00%,Henry P. Ikezi,(Republican),17,AD 29,2025-11-04_22:10:30.962459
ED   57,0.00%,Henry P. Ikezi,(United Alliance),5,AD 29,2025-11-04_22:10:30.962459
ED   57,0.00%,WRITE-IN,&nbsp,-,AD 29,2025-11-04_22:10:30.962459
ED   58,0.00%,Donovan J. Richards Jr.,(Democratic),505,AD 29,2025-11-04_22:10:30.962459
ED   58,0.00%,Henry P. Ikezi,(Republican),88,AD 29,2025-11-04_22:10:30.962459
ED   58,0.00%,Henry P. Ikezi,(United Alliance),8,AD 29,2025-11-04_22:10:30.962459
ED   58,0.00%,WRITE-IN,&nbsp,2,AD 29,2025-11-04_22:10:30.962459
ED   59,0.00%,Donovan J. Richards Jr.,(Democratic),216,AD 29,2025-11-04_22:10:30.962459
ED   59,0.00%,Henry P. Ikezi,(Republican),35,AD 29,2025-11-04_22:10:30.962459
ED   59,0.00%,Henry P. Ikezi,(United Alliance),2,AD 29,2025-11-04_22:10:30.962459
ED   59,0.00%,WRITE-IN,&nbsp,1,AD 29,2025-11-04_22:10:30.962459
ED   60,0.00%,Donovan J. Richards Jr.,(Democratic),434,AD 29,2025-11-04_22:10:30.962459
ED   60,0.00%,Henry P. Ikezi,(Republican),78,AD 29,2025-11-04_22:10:30.962459
ED   60,0.00%,Henry P. Ikezi,(United Alliance),16,AD 29,2025-11-04_22:10:30.962459
ED   60,0.00%,WRITE-IN,&nbsp,-,AD 29,2025-11-04_22:10:30.962459
ED   61,0.00%,Donovan J. Richards Jr.,(Democratic),25,AD 29,2025-11-04_22:10:30.962459
ED   61,0.00%,Henry P. Ikezi,(Republican),1,AD 29,2025-11-04_22:10:30.962459
ED   61,0.00%,Henry P. Ikezi,(United Alliance),1,AD 29,2025-11-04_22:10:30.962459
ED   61,0.00%,WRITE-IN,&nbsp,-,AD 29,2025-11-04_22:10:30.962459
ED   62,0.00%,Donovan J. Richards Jr.,(Democratic),-,AD 29,2025-11-04_22:10:30.962459
ED   62,0.00%,Henry P. Ikezi,(Republican),-,AD 29,2025-11-04_22:10:30.962459
ED   62,0.00%,Henry P. Ikezi,(United Alliance),-,AD 29,2025-11-04_22:10:30.962459
ED   62,0.00%,WRITE-IN,&nbsp,-,AD 29,2025-11-04_22:10:30.962459
ED   63,0.00%,Donovan J. Richards Jr.,(Democratic),312,AD 29,2025-11-04_22:10:30.962459
ED   63,0.00%,Henry P. Ikezi,(Republican),43,AD 29,2025-11-04_22:10:30.962459
ED   63,0.00%,Henry P. Ikezi,(United Alliance),5,AD 29,2025-11-04_22:10:30.962459
ED   63,0.00%,WRITE-IN,&nbsp,1,AD 29,2025-11-04_22:10:30.962459
ED   64,0.00%,Donovan J. Richards Jr.,(Democratic),46,AD 29,2025-11-04_22:10:30.962459
ED   64,0.00%,Henry P. Ikezi,(Republican),1,AD 29,2025-11-04_22:10:30.962459
ED   64,0.00%,Henry P. Ikezi,(United Alliance),-,AD 29,2025-11-04_22:10:30.962459
ED   64,0.00%,WRITE-IN,&nbsp,-,AD 29,2025-11-04_22:10:30.962459
ED   65,0.00%,Donovan J. Richards Jr.,(Democratic),179,AD 29,2025-11-04_22:10:30.962459
ED   65,0.00%,Henry P. Ikezi,(Republican),18,AD 29,2025-11-04_22:10:30.962459
ED   65,0.00%,Henry P. Ikezi,(United Alliance),2,AD 29,2025-11-04_22:10:30.962459
ED   65,0.00%,WRITE-IN,&nbsp,1,AD 29,2025-11-04_22:10:30.962459
ED   66,0.00%,Donovan J. Richards Jr.,(Democratic),341,AD 29,2025-11-04_22:10:30.962459
ED   66,0.00%,Henry P. Ikezi,(Republican),25,AD 29,2025-11-04_22:10:30.962459
ED   66,0.00%,Henry P. Ikezi,(United Alliance),7,AD 29,2025-11-04_22:10:30.962459
ED   66,0.00%,WRITE-IN,&nbsp,-,AD 29,2025-11-04_22:10:30.962459
Total,,Donovan J. Richards Jr.,(Democratic),22021,AD 29,2025-11-04_22:10:30.962459
Total,,Henry P. Ikezi,(Republican),1726,AD 29,2025-11-04_22:10:30.962459
Total,,Henry P. Ikezi,(United Alliance),340,AD 29,2025-11-04_22:10:30.962459
Total,,WRITE-IN,&nbsp,31,AD 29,2025-11-04_22:10:30.962459
ED    1,0.00%,Donovan J. Richards Jr.,(Democratic),260,AD 30,2025-11-04_22:10:30.962459
ED    1,0.00%,Henry P. Ikezi,(Republican),262,AD 30,2025-11-04_22:10:30.962459
ED    1,0.00%,Henry P. Ikezi,(United Alliance),7,AD 30,2025-11-04_22:10:30.962459
ED    1,0.00%,WRITE-IN,&nbsp,2,AD 30,2025-11-04_22:10:30.962459
ED    2,0.00%,Donovan J. Richards Jr.,(Democratic),63,AD 30,2025-11-04_22:10:30.962459
ED    2,0.00%,Henry P. Ikezi,(Republican),29,AD 30,2025-11-04_22:10:30.962459
ED    2,0.00%,Henry P. Ikezi,(United Alliance),4,AD 30,2025-11-04_22:10:30.962459
ED    2,0.00%,WRITE-IN,&nbsp,-,AD 30,2025-11-04_22:10:30.962459
ED    3,0.00%,Donovan J. Richards Jr.,(Democratic),108,AD 30,2025-11-04_22:10:30.962459
ED    3,0.00%,Henry P. Ikezi,(Republican),26,AD 30,2025-11-04_22:10:30.962459
ED    3,0.00%,Henry P. Ikezi,(United Alliance),7,AD 30,2025-11-04_22:10:30.962459
ED    3,0.00%,WRITE-IN,&nbsp,1,AD 30,2025-11-04_22:10:30.962459
ED    4,0.00%,Donovan J. Richards Jr.,(Democratic),286,AD 30,2025-11-04_22:10:30.962459
ED    4,0.00%,Henry P. Ikezi,(Republican),74,AD 30,2025-11-04_22:10:30.962459
ED    4,0.00%,Henry P. Ikezi,(United Alliance),9,AD 30,2025-11-04_22:10:30.962459
ED    4,0.00%,WRITE-IN,&nbsp,2,AD 30,2025-11-04_22:10:30.962459
ED    5,0.00%,Donovan J. Richards Jr.,(Democratic),265,AD 30,2025-11-04_22:10:30.962459
ED    5,0.00%,Henry P. Ikezi,(Republican),265,AD 30,2025-11-04_22:10:30.962459
ED    5,0.00%,Henry P. Ikezi,(United Alliance),6,AD 30,2025-11-04_22:10:30.962459
ED    5,0.00%,WRITE-IN,&nbsp,1,AD 30,2025-11-04_22:10:30.962459
ED    6,0.00%,Donovan J. Richards Jr.,(Democratic),250,AD 30,2025-11-04_22:10:30.962459
ED    6,0.00%,Henry P. Ikezi,(Republican),172,AD 30,2025-11-04_22:10:30.962459
ED    6,0.00%,Henry P. Ikezi,(United Alliance),19,AD 30,2025-11-04_22:10:30.962459
ED    6,0.00%,WRITE-IN,&nbsp,-,AD 30,2025-11-04_22:10:30.962459
ED    7,0.00%,Donovan J. Richards Jr.,(Democratic),166,AD 30,2025-11-04_22:10:30.962459
ED    7,0.00%,Henry P. Ikezi,(Republican),131,AD 30,2025-11-04_22:10:30.962459
ED    7,0.00%,Henry P. Ikezi,(United Alliance),1,AD 30,2025-11-04_22:10:30.962459
ED    7,0.00%,WRITE-IN,&nbsp,-,AD 30,2025-11-04_22:10:30.962459
ED    8,0.00%,Donovan J. Richards Jr.,(Democratic),307,AD 30,2025-11-04_22:10:30.962459
ED    8,0.00%,Henry P. Ikezi,(Republican),256,AD 30,2025-11-04_22:10:30.962459
ED    8,0.00%,Henry P. Ikezi,(United Alliance),6,AD 30,2025-11-04_22:10:30.962459
ED    8,0.00%,WRITE-IN,&nbsp,4,AD 30,2025-11-04_22:10:30.962459
ED    9,0.00%,Donovan J. Richards Jr.,(Democratic),195,AD 30,2025-11-04_22:10:30.962459
ED    9,0.00%,Henry P. Ikezi,(Republican),153,AD 30,2025-11-04_22:10:30.962459
ED    9,0.00%,Henry P. Ikezi,(United Alliance),4,AD 30,2025-11-04_22:10:30.962459
ED    9,0.00%,WRITE-IN,&nbsp,4,AD 30,2025-11-04_22:10:30.962459
ED   10,0.00%,Donovan J. Richards Jr.,(Democratic),319,AD 30,2025-11-04_22:10:30.962459
ED   10,0.00%,Henry P. Ikezi,(Republican),293,AD 30,2025-11-04_22:10:30.962459
ED   10,0.00%,Henry P. Ikezi,(United Alliance),11,AD 30,2025-11-04_22:10:30.962459
ED   10,0.00%,WRITE-IN,&nbsp,2,AD 30,2025-11-04_22:10:30.962459
ED   11,0.00%,Donovan J. Richards Jr.,(Democratic),262,AD 30,2025-11-04_22:10:30.962459
ED   11,0.00%,Henry P. Ikezi,(Republican),154,AD 30,2025-11-04_22:10:30.962459
ED   11,0.00%,Henry P. Ikezi,(United Alliance),4,AD 30,2025-11-04_22:10:30.962459
ED   11,0.00%,WRITE-IN,&nbsp,2,AD 30,2025-11-04_22:10:30.962459
ED   12,0.00%,Donovan J. Richards Jr.,(Democratic),166,AD 30,2025-11-04_22:10:30.962459
ED   12,0.00%,Henry P. Ikezi,(Republican),61,AD 30,2025-11-04_22:10:30.962459
ED   12,0.00%,Henry P. Ikezi,(United Alliance),1,AD 30,2025-11-04_22:10:30.962459
ED   12,0.00%,WRITE-IN,&nbsp,1,AD 30,2025-11-04_22:10:30.962459
ED   13,0.00%,Donovan J. Richards Jr.,(Democratic),594,AD 30,2025-11-04_22:10:30.962459
ED   13,0.00%,Henry P. Ikezi,(Republican),209,AD 30,2025-11-04_22:10:30.962459
ED   13,0.00%,Henry P. Ikezi,(United Alliance),12,AD 30,2025-11-04_22:10:30.962459
ED   13,0.00%,WRITE-IN,&nbsp,1,AD 30,2025-11-04_22:10:30.962459
ED   14,0.00%,Donovan J. Richards Jr.,(Democratic),53,AD 30,2025-11-04_22:10:30.962459
ED   14,0.00%,Henry P. Ikezi,(Republican),20,AD 30,2025-11-04_22:10:30.962459
ED   14,0.00%,Henry P. Ikezi,(United Alliance),1,AD 30,2025-11-04_22:10:30.962459
ED   14,0.00%,WRITE-IN,&nbsp,-,AD 30,2025-11-04_22:10:30.962459
ED   15,0.00%,Donovan J. Richards Jr.,(Democratic),258,AD 30,2025-11-04_22:10:30.962459
ED   15,0.00%,Henry P. Ikezi,(Republican),78,AD 30,2025-11-04_22:10:30.962459
ED   15,0.00%,Henry P. Ikezi,(United Alliance),4,AD 30,2025-11-04_22:10:30.962459
ED   15,0.00%,WRITE-IN,&nbsp,-,AD 30,2025-11-04_22:10:30.962459
ED   16,0.00%,Donovan J. Richards Jr.,(Democratic),394,AD 30,2025-11-04_22:10:30.962459
ED   16,0.00%,Henry P. Ikezi,(Republican),185,AD 30,2025-11-04_22:10:30.962459
ED   16,0.00%,Henry P. Ikezi,(United Alliance),5,AD 30,2025-11-04_22:10:30.962459
ED   16,0.00%,WRITE-IN,&nbsp,2,AD 30,2025-11-04_22:10:30.962459
ED   17,0.00%,Donovan J. Richards Jr.,(Democratic),92,AD 30,2025-11-04_22:10:30.962459
ED   17,0.00%,Henry P. Ikezi,(Republican),77,AD 30,2025-11-04_22:10:30.962459
ED   17,0.00%,Henry P. Ikezi,(United Alliance),7,AD 30,2025-11-04_22:10:30.962459
ED   17,0.00%,WRITE-IN,&nbsp,-,AD 30,2025-11-04_22:10:30.962459
ED   18,0.00%,Donovan J. Richards Jr.,(Democratic),118,AD 30,2025-11-04_22:10:30.962459
ED   18,0.00%,Henry P. Ikezi,(Republican),12,AD 30,2025-11-04_22:10:30.962459
ED   18,0.00%,Henry P. Ikezi,(United Alliance),2,AD 30,2025-11-04_22:10:30.962459
ED   18,0.00%,WRITE-IN,&nbsp,1,AD 30,2025-11-04_22:10:30.962459
ED   19,0.00%,Donovan J. Richards Jr.,(Democratic),319,AD 30,2025-11-04_22:10:30.962459
ED   19,0.00%,Henry P. Ikezi,(Republican),72,AD 30,2025-11-04_22:10:30.962459
ED   19,0.00%,Henry P. Ikezi,(United Alliance),8,AD 30,2025-11-04_22:10:30.962459
ED   19,0.00%,WRITE-IN,&nbsp,1,AD 30,2025-11-04_22:10:30.962459
ED   20,0.00%,Donovan J. Richards Jr.,(Democratic),282,AD 30,2025-11-04_22:10:30.962459
ED   20,0.00%,Henry P. Ikezi,(Republican),64,AD 30,2025-11-04_22:10:30.962459
ED   20,0.00%,Henry P. Ikezi,(United Alliance),5,AD 30,2025-11-04_22:10:30.962459
ED   20,0.00%,WRITE-IN,&nbsp,1,AD 30,2025-11-04_22:10:30.962459
ED   21,0.00%,Donovan J. Richards Jr.,(Democratic),516,AD 30,2025-11-04_22:10:30.962459
ED   21,0.00%,Henry P. Ikezi,(Republican),140,AD 30,2025-11-04_22:10:30.962459
ED   21,0.00%,Henry P. Ikezi,(United Alliance),10,AD 30,2025-11-04_22:10:30.962459
ED   21,0.00%,WRITE-IN,&nbsp,5,AD 30,2025-11-04_22:10:30.962459
ED   22,0.00%,Donovan J. Richards Jr.,(Democratic),537,AD 30,2025-11-04_22:10:30.962459
ED   22,0.00%,Henry P. Ikezi,(Republican),140,AD 30,2025-11-04_22:10:30.962459
ED   22,0.00%,Henry P. Ikezi,(United Alliance),9,AD 30,2025-11-04_22:10:30.962459
ED   22,0.00%,WRITE-IN,&nbsp,1,AD 30,2025-11-04_22:10:30.962459
ED   23,0.00%,Donovan J. Richards Jr.,(Democratic),350,AD 30,2025-11-04_22:10:30.962459
ED   23,0.00%,Henry P. Ikezi,(Republican),119,AD 30,2025-11-04_22:10:30.962459
ED   23,0.00%,Henry P. Ikezi,(United Alliance),8,AD 30,2025-11-04_22:10:30.962459
ED   23,0.00%,WRITE-IN,&nbsp,1,AD 30,2025-11-04_22:10:30.962459
ED   24,0.00%,Donovan J. Richards Jr.,(Democratic),369,AD 30,2025-11-04_22:10:30.962459
ED   24,0.00%,Henry P. Ikezi,(Republican),104,AD 30,2025-11-04_22:10:30.962459
ED   24,0.00%,Henry P. Ikezi,(United Alliance),6,AD 30,2025-11-04_22:10:30.962459
ED   24,0.00%,WRITE-IN,&nbsp,1,AD 30,2025-11-04_22:10:30.962459
ED   25,0.00%,Donovan J. Richards Jr.,(Democratic),481,AD 30,2025-11-04_22:10:30.962459
ED   25,0.00%,Henry P. Ikezi,(Republican),110,AD 30,2025-11-04_22:10:30.962459
ED   25,0.00%,Henry P. Ikezi,(United Alliance),21,AD 30,2025-11-04_22:10:30.962459
ED   25,0.00%,WRITE-IN,&nbsp,-,AD 30,2025-11-04_22:10:30.962459
ED   26,0.00%,Donovan J. Richards Jr.,(Democratic),7,AD 30,2025-11-04_22:10:30.962459
ED   26,0.00%,Henry P. Ikezi,(Republican),5,AD 30,2025-11-04_22:10:30.962459
ED   26,0.00%,Henry P. Ikezi,(United Alliance),-,AD 30,2025-11-04_22:10:30.962459
ED   26,0.00%,WRITE-IN,&nbsp,-,AD 30,2025-11-04_22:10:30.962459
ED   27,0.00%,Donovan J. Richards Jr.,(Democratic),306,AD 30,2025-11-04_22:10:30.962459
ED   27,0.00%,Henry P. Ikezi,(Republican),182,AD 30,2025-11-04_22:10:30.962459
ED   27,0.00%,Henry P. Ikezi,(United Alliance),6,AD 30,2025-11-04_22:10:30.962459
ED   27,0.00%,WRITE-IN,&nbsp,2,AD 30,2025-11-04_22:10:30.962459
ED   28,0.00%,Donovan J. Richards Jr.,(Democratic),123,AD 30,2025-11-04_22:10:30.962459
ED   28,0.00%,Henry P. Ikezi,(Republican),59,AD 30,2025-11-04_22:10:30.962459
ED   28,0.00%,Henry P. Ikezi,(United Alliance),8,AD 30,2025-11-04_22:10:30.962459
ED   28,0.00%,WRITE-IN,&nbsp,-,AD 30,2025-11-04_22:10:30.962459
ED   29,0.00%,Donovan J. Richards Jr.,(Democratic),12,AD 30,2025-11-04_22:10:30.962459
ED   29,0.00%,Henry P. Ikezi,(Republican),1,AD 30,2025-11-04_22:10:30.962459
ED   29,0.00%,Henry P. Ikezi,(United Alliance),-,AD 30,2025-11-04_22:10:30.962459
ED   29,0.00%,WRITE-IN,&nbsp,-,AD 30,2025-11-04_22:10:30.962459
ED   30,0.00%,Donovan J. Richards Jr.,(Democratic),401,AD 30,2025-11-04_22:10:30.962459
ED   30,0.00%,Henry P. Ikezi,(Republican),227,AD 30,2025-11-04_22:10:30.962459
ED   30,0.00%,Henry P. Ikezi,(United Alliance),12,AD 30,2025-11-04_22:10:30.962459
ED   30,0.00%,WRITE-IN,&nbsp,2,AD 30,2025-11-04_22:10:30.962459
ED   31,0.00%,Donovan J. Richards Jr.,(Democratic),360,AD 30,2025-11-04_22:10:30.962459
ED   31,0.00%,Henry P. Ikezi,(Republican),164,AD 30,2025-11-04_22:10:30.962459
ED   31,0.00%,Henry P. Ikezi,(United Alliance),11,AD 30,2025-11-04_22:10:30.962459
ED   31,0.00%,WRITE-IN,&nbsp,1,AD 30,2025-11-04_22:10:30.962459
ED   32,0.00%,Donovan J. Richards Jr.,(Democratic),36,AD 30,2025-11-04_22:10:30.962459
ED   32,0.00%,Henry P. Ikezi,(Republican),19,AD 30,2025-11-04_22:10:30.962459
ED   32,0.00%,Henry P. Ikezi,(United Alliance),1,AD 30,2025-11-04_22:10:30.962459
ED   32,0.00%,WRITE-IN,&nbsp,-,AD 30,2025-11-04_22:10:30.962459
ED   33,0.00%,Donovan J. Richards Jr.,(Democratic),288,AD 30,2025-11-04_22:10:30.962459
ED   33,0.00%,Henry P. Ikezi,(Republican),113,AD 30,2025-11-04_22:10:30.962459
ED   33,0.00%,Henry P. Ikezi,(United Alliance),9,AD 30,2025-11-04_22:10:30.962459
ED   33,0.00%,WRITE-IN,&nbsp,1,AD 30,2025-11-04_22:10:30.962459
ED   34,0.00%,Donovan J. Richards Jr.,(Democratic),133,AD 30,2025-11-04_22:10:30.962459
ED   34,0.00%,Henry P. Ikezi,(Republican),107,AD 30,2025-11-04_22:10:30.962459
ED   34,0.00%,Henry P. Ikezi,(United Alliance),4,AD 30,2025-11-04_22:10:30.962459
ED   34,0.00%,WRITE-IN,&nbsp,-,AD 30,2025-11-04_22:10:30.962459
ED   35,0.00%,Donovan J. Richards Jr.,(Democratic),393,AD 30,2025-11-04_22:10:30.962459
ED   35,0.00%,Henry P. Ikezi,(Republican),158,AD 30,2025-11-04_22:10:30.962459
ED   35,0.00%,Henry P. Ikezi,(United Alliance),8,AD 30,2025-11-04_22:10:30.962459
ED   35,0.00%,WRITE-IN,&nbsp,3,AD 30,2025-11-04_22:10:30.962459
ED   36,0.00%,Donovan J. Richards Jr.,(Democratic),404,AD 30,2025-11-04_22:10:30.962459
ED   36,0.00%,Henry P. Ikezi,(Republican),181,AD 30,2025-11-04_22:10:30.962459
ED   36,0.00%,Henry P. Ikezi,(United Alliance),17,AD 30,2025-11-04_22:10:30.962459
ED   36,0.00%,WRITE-IN,&nbsp,1,AD 30,2025-11-04_22:10:30.962459
ED   37,0.00%,Donovan J. Richards Jr.,(Democratic),277,AD 30,2025-11-04_22:10:30.962459
ED   37,0.00%,Henry P. Ikezi,(Republican),102,AD 30,2025-11-04_22:10:30.962459
ED   37,0.00%,Henry P. Ikezi,(United Alliance),5,AD 30,2025-11-04_22:10:30.962459
ED   37,0.00%,WRITE-IN,&nbsp,1,AD 30,2025-11-04_22:10:30.962459
ED   38,0.00%,Donovan J. Richards Jr.,(Democratic),302,AD 30,2025-11-04_22:10:30.962459
ED   38,0.00%,Henry P. Ikezi,(Republican),105,AD 30,2025-11-04_22:10:30.962459
ED   38,0.00%,Henry P. Ikezi,(United Alliance),10,AD 30,2025-11-04_22:10:30.962459
ED   38,0.00%,WRITE-IN,&nbsp,-,AD 30,2025-11-04_22:10:30.962459
ED   39,0.00%,Donovan J. Richards Jr.,(Democratic),297,AD 30,2025-11-04_22:10:30.962459
ED   39,0.00%,Henry P. Ikezi,(Republican),114,AD 30,2025-11-04_22:10:30.962459
ED   39,0.00%,Henry P. Ikezi,(United Alliance),8,AD 30,2025-11-04_22:10:30.962459
ED   39,0.00%,WRITE-IN,&nbsp,2,AD 30,2025-11-04_22:10:30.962459
ED   40,0.00%,Donovan J. Richards Jr.,(Democratic),284,AD 30,2025-11-04_22:10:30.962459
ED   40,0.00%,Henry P. Ikezi,(Republican),51,AD 30,2025-11-04_22:10:30.962459
ED   40,0.00%,Henry P. Ikezi,(United Alliance),8,AD 30,2025-11-04_22:10:30.962459
ED   40,0.00%,WRITE-IN,&nbsp,1,AD 30,2025-11-04_22:10:30.962459
ED   41,0.00%,Donovan J. Richards Jr.,(Democratic),384,AD 30,2025-11-04_22:10:30.962459
ED   41,0.00%,Henry P. Ikezi,(Republican),128,AD 30,2025-11-04_22:10:30.962459
ED   41,0.00%,Henry P. Ikezi,(United Alliance),12,AD 30,2025-11-04_22:10:30.962459
ED   41,0.00%,WRITE-IN,&nbsp,-,AD 30,2025-11-04_22:10:30.962459
ED   42,0.00%,Donovan J. Richards Jr.,(Democratic),374,AD 30,2025-11-04_22:10:30.962459
ED   42,0.00%,Henry P. Ikezi,(Republican),54,AD 30,2025-11-04_22:10:30.962459
ED   42,0.00%,Henry P. Ikezi,(United Alliance),4,AD 30,2025-11-04_22:10:30.962459
ED   42,0.00%,WRITE-IN,&nbsp,2,AD 30,2025-11-04_22:10:30.962459
ED   43,0.00%,Donovan J. Richards Jr.,(Democratic),202,AD 30,2025-11-04_22:10:30.962459
ED   43,0.00%,Henry P. Ikezi,(Republican),49,AD 30,2025-11-04_22:10:30.962459
ED   43,0.00%,Henry P. Ikezi,(United Alliance),1,AD 30,2025-11-04_22:10:30.962459
ED   43,0.00%,WRITE-IN,&nbsp,-,AD 30,2025-11-04_22:10:30.962459
ED   44,0.00%,Donovan J. Richards Jr.,(Democratic),74,AD 30,2025-11-04_22:10:30.962459
ED   44,0.00%,Henry P. Ikezi,(Republican),18,AD 30,2025-11-04_22:10:30.962459
ED   44,0.00%,Henry P. Ikezi,(United Alliance),2,AD 30,2025-11-04_22:10:30.962459
ED   44,0.00%,WRITE-IN,&nbsp,-,AD 30,2025-11-04_22:10:30.962459
ED   45,0.00%,Donovan J. Richards Jr.,(Democratic),428,AD 30,2025-11-04_22:10:30.962459
ED   45,0.00%,Henry P. Ikezi,(Republican),70,AD 30,2025-11-04_22:10:30.962459
ED   45,0.00%,Henry P. Ikezi,(United Alliance),13,AD 30,2025-11-04_22:10:30.962459
ED   45,0.00%,WRITE-IN,&nbsp,-,AD 30,2025-11-04_22:10:30.962459
ED   46,0.00%,Donovan J. Richards Jr.,(Democratic),408,AD 30,2025-11-04_22:10:30.962459
ED   46,0.00%,Henry P. Ikezi,(Republican),90,AD 30,2025-11-04_22:10:30.962459
ED   46,0.00%,Henry P. Ikezi,(United Alliance),8,AD 30,2025-11-04_22:10:30.962459
ED   46,0.00%,WRITE-IN,&nbsp,2,AD 30,2025-11-04_22:10:30.962459
ED   47,0.00%,Donovan J. Richards Jr.,(Democratic),115,AD 30,2025-11-04_22:10:30.962459
ED   47,0.00%,Henry P. Ikezi,(Republican),27,AD 30,2025-11-04_22:10:30.962459
ED   47,0.00%,Henry P. Ikezi,(United Alliance),2,AD 30,2025-11-04_22:10:30.962459
ED   47,0.00%,WRITE-IN,&nbsp,1,AD 30,2025-11-04_22:10:30.962459
ED   48,0.00%,Donovan J. Richards Jr.,(Democratic),218,AD 30,2025-11-04_22:10:30.962459
ED   48,0.00%,Henry P. Ikezi,(Republican),73,AD 30,2025-11-04_22:10:30.962459
ED   48,0.00%,Henry P. Ikezi,(United Alliance),5,AD 30,2025-11-04_22:10:30.962459
ED   48,0.00%,WRITE-IN,&nbsp,1,AD 30,2025-11-04_22:10:30.962459
ED   49,0.00%,Donovan J. Richards Jr.,(Democratic),454,AD 30,2025-11-04_22:10:30.962459
ED   49,0.00%,Henry P. Ikezi,(Republican),119,AD 30,2025-11-04_22:10:30.962459
ED   49,0.00%,Henry P. Ikezi,(United Alliance),10,AD 30,2025-11-04_22:10:30.962459
ED   49,0.00%,WRITE-IN,&nbsp,6,AD 30,2025-11-04_22:10:30.962459
ED   50,0.00%,Donovan J. Richards Jr.,(Democratic),361,AD 30,2025-11-04_22:10:30.962459
ED   50,0.00%,Henry P. Ikezi,(Republican),79,AD 30,2025-11-04_22:10:30.962459
ED   50,0.00%,Henry P. Ikezi,(United Alliance),7,AD 30,2025-11-04_22:10:30.962459
ED   50,0.00%,WRITE-IN,&nbsp,1,AD 30,2025-11-04_22:10:30.962459
ED   51,0.00%,Donovan J. Richards Jr.,(Democratic),392,AD 30,2025-11-04_22:10:30.962459
ED   51,0.00%,Henry P. Ikezi,(Republican),96,AD 30,2025-11-04_22:10:30.962459
ED   51,0.00%,Henry P. Ikezi,(United Alliance),7,AD 30,2025-11-04_22:10:30.962459
ED   51,0.00%,WRITE-IN,&nbsp,-,AD 30,2025-11-04_22:10:30.962459
ED   52,0.00%,Donovan J. Richards Jr.,(Democratic),240,AD 30,2025-11-04_22:10:30.962459
ED   52,0.00%,Henry P. Ikezi,(Republican),67,AD 30,2025-11-04_22:10:30.962459
ED   52,0.00%,Henry P. Ikezi,(United Alliance),9,AD 30,2025-11-04_22:10:30.962459
ED   52,0.00%,WRITE-IN,&nbsp,-,AD 30,2025-11-04_22:10:30.962459
ED   53,0.00%,Donovan J. Richards Jr.,(Democratic),237,AD 30,2025-11-04_22:10:30.962459
ED   53,0.00%,Henry P. Ikezi,(Republican),83,AD 30,2025-11-04_22:10:30.962459
ED   53,0.00%,Henry P. Ikezi,(United Alliance),6,AD 30,2025-11-04_22:10:30.962459
ED   53,0.00%,WRITE-IN,&nbsp,-,AD 30,2025-11-04_22:10:30.962459
ED   54,0.00%,Donovan J. Richards Jr.,(Democratic),210,AD 30,2025-11-04_22:10:30.962459
ED   54,0.00%,Henry P. Ikezi,(Republican),53,AD 30,2025-11-04_22:10:30.962459
ED   54,0.00%,Henry P. Ikezi,(United Alliance),5,AD 30,2025-11-04_22:10:30.962459
ED   54,0.00%,WRITE-IN,&nbsp,-,AD 30,2025-11-04_22:10:30.962459
ED   55,0.00%,Donovan J. Richards Jr.,(Democratic),317,AD 30,2025-11-04_22:10:30.962459
ED   55,0.00%,Henry P. Ikezi,(Republican),93,AD 30,2025-11-04_22:10:30.962459
ED   55,0.00%,Henry P. Ikezi,(United Alliance),2,AD 30,2025-11-04_22:10:30.962459
ED   55,0.00%,WRITE-IN,&nbsp,1,AD 30,2025-11-04_22:10:30.962459
ED   56,0.00%,Donovan J. Richards Jr.,(Democratic),319,AD 30,2025-11-04_22:10:30.962459
ED   56,0.00%,Henry P. Ikezi,(Republican),131,AD 30,2025-11-04_22:10:30.962459
ED   56,0.00%,Henry P. Ikezi,(United Alliance),7,AD 30,2025-11-04_22:10:30.962459
ED   56,0.00%,WRITE-IN,&nbsp,2,AD 30,2025-11-04_22:10:30.962459
ED   57,0.00%,Donovan J. Richards Jr.,(Democratic),-,AD 30,2025-11-04_22:10:30.962459
ED   57,0.00%,Henry P. Ikezi,(Republican),-,AD 30,2025-11-04_22:10:30.962459
ED   57,0.00%,Henry P. Ikezi,(United Alliance),-,AD 30,2025-11-04_22:10:30.962459
ED   57,0.00%,WRITE-IN,&nbsp,-,AD 30,2025-11-04_22:10:30.962459
ED   58,0.00%,Donovan J. Richards Jr.,(Democratic),-,AD 30,2025-11-04_22:10:30.962459
ED   58,0.00%,Henry P. Ikezi,(Republican),-,AD 30,2025-11-04_22:10:30.962459
ED   58,0.00%,Henry P. Ikezi,(United Alliance),-,AD 30,2025-11-04_22:10:30.962459
ED   58,0.00%,WRITE-IN,&nbsp,-,AD 30,2025-11-04_22:10:30.962459
ED   59,0.00%,Donovan J. Richards Jr.,(Democratic),-,AD 30,2025-11-04_22:10:30.962459
ED   59,0.00%,Henry P. Ikezi,(Republican),-,AD 30,2025-11-04_22:10:30.962459
ED   59,0.00%,Henry P. Ikezi,(United Alliance),-,AD 30,2025-11-04_22:10:30.962459
ED   59,0.00%,WRITE-IN,&nbsp,-,AD 30,2025-11-04_22:10:30.962459
Total,,Donovan J. Richards Jr.,(Democratic),15366,AD 30,2025-11-04_22:10:30.962459
Total,,Henry P. Ikezi,(Republican),6024,AD 30,2025-11-04_22:10:30.962459
Total,,Henry P. Ikezi,(United Alliance),384,AD 30,2025-11-04_22:10:30.962459
Total,,WRITE-IN,&nbsp,63,AD 30,2025-11-04_22:10:30.962459
ED    1,0.00%,Donovan J. Richards Jr.,(Democratic),417,AD 31,2025-11-04_22:10:30.962459
ED    1,0.00%,Henry P. Ikezi,(Republican),30,AD 31,2025-11-04_22:10:30.962459
ED    1,0.00%,Henry P. Ikezi,(United Alliance),8,AD 31,2025-11-04_22:10:30.962459
ED    1,0.00%,WRITE-IN,&nbsp,-,AD 31,2025-11-04_22:10:30.962459
ED    2,0.00%,Donovan J. Richards Jr.,(Democratic),281,AD 31,2025-11-04_22:10:30.962459
ED    2,0.00%,Henry P. Ikezi,(Republican),25,AD 31,2025-11-04_22:10:30.962459
ED    2,0.00%,Henry P. Ikezi,(United Alliance),8,AD 31,2025-11-04_22:10:30.962459
ED    2,0.00%,WRITE-IN,&nbsp,-,AD 31,2025-11-04_22:10:30.962459
ED    3,0.00%,Donovan J. Richards Jr.,(Democratic),255,AD 31,2025-11-04_22:10:30.962459
ED    3,0.00%,Henry P. Ikezi,(Republican),14,AD 31,2025-11-04_22:10:30.962459
ED    3,0.00%,Henry P. Ikezi,(United Alliance),9,AD 31,2025-11-04_22:10:30.962459
ED    3,0.00%,WRITE-IN,&nbsp,2,AD 31,2025-11-04_22:10:30.962459
ED    4,0.00%,Donovan J. Richards Jr.,(Democratic),271,AD 31,2025-11-04_22:10:30.962459
ED    4,0.00%,Henry P. Ikezi,(Republican),55,AD 31,2025-11-04_22:10:30.962459
ED    4,0.00%,Henry P. Ikezi,(United Alliance),6,AD 31,2025-11-04_22:10:30.962459
ED    4,0.00%,WRITE-IN,&nbsp,-,AD 31,2025-11-04_22:10:30.962459
ED    5,0.00%,Donovan J. Richards Jr.,(Democratic),300,AD 31,2025-11-04_22:10:30.962459
ED    5,0.00%,Henry P. Ikezi,(Republican),18,AD 31,2025-11-04_22:10:30.962459
ED    5,0.00%,Henry P. Ikezi,(United Alliance),2,AD 31,2025-11-04_22:10:30.962459
ED    5,0.00%,WRITE-IN,&nbsp,1,AD 31,2025-11-04_22:10:30.962459
ED    6,0.00%,Donovan J. Richards Jr.,(Democratic),212,AD 31,2025-11-04_22:10:30.962459
ED    6,0.00%,Henry P. Ikezi,(Republican),16,AD 31,2025-11-04_22:10:30.962459
ED    6,0.00%,Henry P. Ikezi,(United Alliance),5,AD 31,2025-11-04_22:10:30.962459
ED    6,0.00%,WRITE-IN,&nbsp,-,AD 31,2025-11-04_22:10:30.962459
ED    7,0.00%,Donovan J. Richards Jr.,(Democratic),201,AD 31,2025-11-04_22:10:30.962459
ED    7,0.00%,Henry P. Ikezi,(Republican),20,AD 31,2025-11-04_22:10:30.962459
ED    7,0.00%,Henry P. Ikezi,(United Alliance),2,AD 31,2025-11-04_22:10:30.962459
ED    7,0.00%,WRITE-IN,&nbsp,-,AD 31,2025-11-04_22:10:30.962459
ED    8,0.00%,Donovan J. Richards Jr.,(Democratic),361,AD 31,2025-11-04_22:10:30.962459
ED    8,0.00%,Henry P. Ikezi,(Republican),37,AD 31,2025-11-04_22:10:30.962459
ED    8,0.00%,Henry P. Ikezi,(United Alliance),7,AD 31,2025-11-04_22:10:30.962459
ED    8,0.00%,WRITE-IN,&nbsp,1,AD 31,2025-11-04_22:10:30.962459
ED    9,0.00%,Donovan J. Richards Jr.,(Democratic),204,AD 31,2025-11-04_22:10:30.962459
ED    9,0.00%,Henry P. Ikezi,(Republican),15,AD 31,2025-11-04_22:10:30.962459
ED    9,0.00%,Henry P. Ikezi,(United Alliance),1,AD 31,2025-11-04_22:10:30.962459
ED    9,0.00%,WRITE-IN,&nbsp,1,AD 31,2025-11-04_22:10:30.962459
ED   10,0.00%,Donovan J. Richards Jr.,(Democratic),223,AD 31,2025-11-04_22:10:30.962459
ED   10,0.00%,Henry P. Ikezi,(Republican),16,AD 31,2025-11-04_22:10:30.962459
ED   10,0.00%,Henry P. Ikezi,(United Alliance),-,AD 31,2025-11-04_22:10:30.962459
ED   10,0.00%,WRITE-IN,&nbsp,-,AD 31,2025-11-04_22:10:30.962459
ED   11,0.00%,Donovan J. Richards Jr.,(Democratic),255,AD 31,2025-11-04_22:10:30.962459
ED   11,0.00%,Henry P. Ikezi,(Republican),31,AD 31,2025-11-04_22:10:30.962459
ED   11,0.00%,Henry P. Ikezi,(United Alliance),6,AD 31,2025-11-04_22:10:30.962459
ED   11,0.00%,WRITE-IN,&nbsp,-,AD 31,2025-11-04_22:10:30.962459
ED   12,0.00%,Donovan J. Richards Jr.,(Democratic),361,AD 31,2025-11-04_22:10:30.962459
ED   12,0.00%,Henry P. Ikezi,(Republican),19,AD 31,2025-11-04_22:10:30.962459
ED   12,0.00%,Henry P. Ikezi,(United Alliance),6,AD 31,2025-11-04_22:10:30.962459
ED   12,0.00%,WRITE-IN,&nbsp,1,AD 31,2025-11-04_22:10:30.962459
ED   13,0.00%,Donovan J. Richards Jr.,(Democratic),131,AD 31,2025-11-04_22:10:30.962459
ED   13,0.00%,Henry P. Ikezi,(Republican),11,AD 31,2025-11-04_22:10:30.962459
ED   13,0.00%,Henry P. Ikezi,(United Alliance),1,AD 31,2025-11-04_22:10:30.962459
ED   13,0.00%,WRITE-IN,&nbsp,-,AD 31,2025-11-04_22:10:30.962459
ED   14,0.00%,Donovan J. Richards Jr.,(Democratic),136,AD 31,2025-11-04_22:10:30.962459
ED   14,0.00%,Henry P. Ikezi,(Republican),11,AD 31,2025-11-04_22:10:30.962459
ED   14,0.00%,Henry P. Ikezi,(United Alliance),2,AD 31,2025-11-04_22:10:30.962459
ED   14,0.00%,WRITE-IN,&nbsp,1,AD 31,2025-11-04_22:10:30.962459
ED   15,0.00%,Donovan J. Richards Jr.,(Democratic),474,AD 31,2025-11-04_22:10:30.962459
ED   15,0.00%,Henry P. Ikezi,(Republican),54,AD 31,2025-11-04_22:10:30.962459
ED   15,0.00%,Henry P. Ikezi,(United Alliance),6,AD 31,2025-11-04_22:10:30.962459
ED   15,0.00%,WRITE-IN,&nbsp,1,AD 31,2025-11-04_22:10:30.962459
ED   16,0.00%,Donovan J. Richards Jr.,(Democratic),186,AD 31,2025-11-04_22:10:30.962459
ED   16,0.00%,Henry P. Ikezi,(Republican),57,AD 31,2025-11-04_22:10:30.962459
ED   16,0.00%,Henry P. Ikezi,(United Alliance),2,AD 31,2025-11-04_22:10:30.962459
ED   16,0.00%,WRITE-IN,&nbsp,1,AD 31,2025-11-04_22:10:30.962459
ED   17,0.00%,Donovan J. Richards Jr.,(Democratic),7,AD 31,2025-11-04_22:10:30.962459
ED   17,0.00%,Henry P. Ikezi,(Republican),1,AD 31,2025-11-04_22:10:30.962459
ED   17,0.00%,Henry P. Ikezi,(United Alliance),-,AD 31,2025-11-04_22:10:30.962459
ED   17,0.00%,WRITE-IN,&nbsp,-,AD 31,2025-11-04_22:10:30.962459
ED   18,0.00%,Donovan J. Richards Jr.,(Democratic),123,AD 31,2025-11-04_22:10:30.962459
ED   18,0.00%,Henry P. Ikezi,(Republican),10,AD 31,2025-11-04_22:10:30.962459
ED   18,0.00%,Henry P. Ikezi,(United Alliance),2,AD 31,2025-11-04_22:10:30.962459
ED   18,0.00%,WRITE-IN,&nbsp,1,AD 31,2025-11-04_22:10:30.962459
ED   19,0.00%,Donovan J. Richards Jr.,(Democratic),11,AD 31,2025-11-04_22:10:30.962459
ED   19,0.00%,Henry P. Ikezi,(Republican),2,AD 31,2025-11-04_22:10:30.962459
ED   19,0.00%,Henry P. Ikezi,(United Alliance),-,AD 31,2025-11-04_22:10:30.962459
ED   19,0.00%,WRITE-IN,&nbsp,-,AD 31,2025-11-04_22:10:30.962459
ED   20,0.00%,Donovan J. Richards Jr.,(Democratic),451,AD 31,2025-11-04_22:10:30.962459
ED   20,0.00%,Henry P. Ikezi,(Republican),54,AD 31,2025-11-04_22:10:30.962459
ED   20,0.00%,Henry P. Ikezi,(United Alliance),9,AD 31,2025-11-04_22:10:30.962459
ED   20,0.00%,WRITE-IN,&nbsp,1,AD 31,2025-11-04_22:10:30.962459
ED   21,0.00%,Donovan J. Richards Jr.,(Democratic),355,AD 31,2025-11-04_22:10:30.962459
ED   21,0.00%,Henry P. Ikezi,(Republican),100,AD 31,2025-11-04_22:10:30.962459
ED   21,0.00%,Henry P. Ikezi,(United Alliance),11,AD 31,2025-11-04_22:10:30.962459
ED   21,0.00%,WRITE-IN,&nbsp,2,AD 31,2025-11-04_22:10:30.962459
ED   22,0.00%,Donovan J. Richards Jr.,(Democratic),333,AD 31,2025-11-04_22:10:30.962459
ED   22,0.00%,Henry P. Ikezi,(Republican),16,AD 31,2025-11-04_22:10:30.962459
ED   22,0.00%,Henry P. Ikezi,(United Alliance),4,AD 31,2025-11-04_22:10:30.962459
ED   22,0.00%,WRITE-IN,&nbsp,1,AD 31,2025-11-04_22:10:30.962459
ED   23,0.00%,Donovan J. Richards Jr.,(Democratic),383,AD 31,2025-11-04_22:10:30.962459
ED   23,0.00%,Henry P. Ikezi,(Republican),17,AD 31,2025-11-04_22:10:30.962459
ED   23,0.00%,Henry P. Ikezi,(United Alliance),5,AD 31,2025-11-04_22:10:30.962459
ED   23,0.00%,WRITE-IN,&nbsp,-,AD 31,2025-11-04_22:10:30.962459
ED   24,0.00%,Donovan J. Richards Jr.,(Democratic),114,AD 31,2025-11-04_22:10:30.962459
ED   24,0.00%,Henry P. Ikezi,(Republican),12,AD 31,2025-11-04_22:10:30.962459
ED   24,0.00%,Henry P. Ikezi,(United Alliance),3,AD 31,2025-11-04_22:10:30.962459
ED   24,0.00%,WRITE-IN,&nbsp,-,AD 31,2025-11-04_22:10:30.962459
ED   25,0.00%,Donovan J. Richards Jr.,(Democratic),400,AD 31,2025-11-04_22:10:30.962459
ED   25,0.00%,Henry P. Ikezi,(Republican),30,AD 31,2025-11-04_22:10:30.962459
ED   25,0.00%,Henry P. Ikezi,(United Alliance),5,AD 31,2025-11-04_22:10:30.962459
ED   25,0.00%,WRITE-IN,&nbsp,1,AD 31,2025-11-04_22:10:30.962459
ED   26,0.00%,Donovan J. Richards Jr.,(Democratic),388,AD 31,2025-11-04_22:10:30.962459
ED   26,0.00%,Henry P. Ikezi,(Republican),22,AD 31,2025-11-04_22:10:30.962459
ED   26,0.00%,Henry P. Ikezi,(United Alliance),6,AD 31,2025-11-04_22:10:30.962459
ED   26,0.00%,WRITE-IN,&nbsp,-,AD 31,2025-11-04_22:10:30.962459
ED   27,0.00%,Donovan J. Richards Jr.,(Democratic),453,AD 31,2025-11-04_22:10:30.962459
ED   27,0.00%,Henry P. Ikezi,(Republican),24,AD 31,2025-11-04_22:10:30.962459
ED   27,0.00%,Henry P. Ikezi,(United Alliance),2,AD 31,2025-11-04_22:10:30.962459
ED   27,0.00%,WRITE-IN,&nbsp,-,AD 31,2025-11-04_22:10:30.962459
ED   28,0.00%,Donovan J. Richards Jr.,(Democratic),360,AD 31,2025-11-04_22:10:30.962459
ED   28,0.00%,Henry P. Ikezi,(Republican),16,AD 31,2025-11-04_22:10:30.962459
ED   28,0.00%,Henry P. Ikezi,(United Alliance),4,AD 31,2025-11-04_22:10:30.962459
ED   28,0.00%,WRITE-IN,&nbsp,-,AD 31,2025-11-04_22:10:30.962459
ED   29,0.00%,Donovan J. Richards Jr.,(Democratic),342,AD 31,2025-11-04_22:10:30.962459
ED   29,0.00%,Henry P. Ikezi,(Republican),17,AD 31,2025-11-04_22:10:30.962459
ED   29,0.00%,Henry P. Ikezi,(United Alliance),7,AD 31,2025-11-04_22:10:30.962459
ED   29,0.00%,WRITE-IN,&nbsp,1,AD 31,2025-11-04_22:10:30.962459
ED   30,0.00%,Donovan J. Richards Jr.,(Democratic),209,AD 31,2025-11-04_22:10:30.962459
ED   30,0.00%,Henry P. Ikezi,(Republican),13,AD 31,2025-11-04_22:10:30.962459
ED   30,0.00%,Henry P. Ikezi,(United Alliance),6,AD 31,2025-11-04_22:10:30.962459
ED   30,0.00%,WRITE-IN,&nbsp,-,AD 31,2025-11-04_22:10:30.962459
ED   31,0.00%,Donovan J. Richards Jr.,(Democratic),251,AD 31,2025-11-04_22:10:30.962459
ED   31,0.00%,Henry P. Ikezi,(Republican),12,AD 31,2025-11-04_22:10:30.962459
ED   31,0.00%,Henry P. Ikezi,(United Alliance),4,AD 31,2025-11-04_22:10:30.962459
ED   31,0.00%,WRITE-IN,&nbsp,1,AD 31,2025-11-04_22:10:30.962459
ED   32,0.00%,Donovan J. Richards Jr.,(Democratic),424,AD 31,2025-11-04_22:10:30.962459
ED   32,0.00%,Henry P. Ikezi,(Republican),28,AD 31,2025-11-04_22:10:30.962459
ED   32,0.00%,Henry P. Ikezi,(United Alliance),4,AD 31,2025-11-04_22:10:30.962459
ED   32,0.00%,WRITE-IN,&nbsp,1,AD 31,2025-11-04_22:10:30.962459
ED   33,0.00%,Donovan J. Richards Jr.,(Democratic),139,AD 31,2025-11-04_22:10:30.962459
ED   33,0.00%,Henry P. Ikezi,(Republican),19,AD 31,2025-11-04_22:10:30.962459
ED   33,0.00%,Henry P. Ikezi,(United Alliance),1,AD 31,2025-11-04_22:10:30.962459
ED   33,0.00%,WRITE-IN,&nbsp,-,AD 31,2025-11-04_22:10:30.962459
ED   34,0.00%,Donovan J. Richards Jr.,(Democratic),376,AD 31,2025-11-04_22:10:30.962459
ED   34,0.00%,Henry P. Ikezi,(Republican),30,AD 31,2025-11-04_22:10:30.962459
ED   34,0.00%,Henry P. Ikezi,(United Alliance),3,AD 31,2025-11-04_22:10:30.962459
ED   34,0.00%,WRITE-IN,&nbsp,1,AD 31,2025-11-04_22:10:30.962459
ED   35,0.00%,Donovan J. Richards Jr.,(Democratic),287,AD 31,2025-11-04_22:10:30.962459
ED   35,0.00%,Henry P. Ikezi,(Republican),11,AD 31,2025-11-04_22:10:30.962459
ED   35,0.00%,Henry P. Ikezi,(United Alliance),3,AD 31,2025-11-04_22:10:30.962459
ED   35,0.00%,WRITE-IN,&nbsp,1,AD 31,2025-11-04_22:10:30.962459
ED   36,0.00%,Donovan J. Richards Jr.,(Democratic),88,AD 31,2025-11-04_22:10:30.962459
ED   36,0.00%,Henry P. Ikezi,(Republican),5,AD 31,2025-11-04_22:10:30.962459
ED   36,0.00%,Henry P. Ikezi,(United Alliance),3,AD 31,2025-11-04_22:10:30.962459
ED   36,0.00%,WRITE-IN,&nbsp,-,AD 31,2025-11-04_22:10:30.962459
ED   37,0.00%,Donovan J. Richards Jr.,(Democratic),345,AD 31,2025-11-04_22:10:30.962459
ED   37,0.00%,Henry P. Ikezi,(Republican),35,AD 31,2025-11-04_22:10:30.962459
ED   37,0.00%,Henry P. Ikezi,(United Alliance),7,AD 31,2025-11-04_22:10:30.962459
ED   37,0.00%,WRITE-IN,&nbsp,1,AD 31,2025-11-04_22:10:30.962459
ED   38,0.00%,Donovan J. Richards Jr.,(Democratic),224,AD 31,2025-11-04_22:10:30.962459
ED   38,0.00%,Henry P. Ikezi,(Republican),25,AD 31,2025-11-04_22:10:30.962459
ED   38,0.00%,Henry P. Ikezi,(United Alliance),-,AD 31,2025-11-04_22:10:30.962459
ED   38,0.00%,WRITE-IN,&nbsp,-,AD 31,2025-11-04_22:10:30.962459
ED   39,0.00%,Donovan J. Richards Jr.,(Democratic),195,AD 31,2025-11-04_22:10:30.962459
ED   39,0.00%,Henry P. Ikezi,(Republican),27,AD 31,2025-11-04_22:10:30.962459
ED   39,0.00%,Henry P. Ikezi,(United Alliance),1,AD 31,2025-11-04_22:10:30.962459
ED   39,0.00%,WRITE-IN,&nbsp,-,AD 31,2025-11-04_22:10:30.962459
ED   40,0.00%,Donovan J. Richards Jr.,(Democratic),335,AD 31,2025-11-04_22:10:30.962459
ED   40,0.00%,Henry P. Ikezi,(Republican),148,AD 31,2025-11-04_22:10:30.962459
ED   40,0.00%,Henry P. Ikezi,(United Alliance),7,AD 31,2025-11-04_22:10:30.962459
ED   40,0.00%,WRITE-IN,&nbsp,4,AD 31,2025-11-04_22:10:30.962459
ED   41,0.00%,Donovan J. Richards Jr.,(Democratic),328,AD 31,2025-11-04_22:10:30.962459
ED   41,0.00%,Henry P. Ikezi,(Republican),32,AD 31,2025-11-04_22:10:30.962459
ED   41,0.00%,Henry P. Ikezi,(United Alliance),4,AD 31,2025-11-04_22:10:30.962459
ED   41,0.00%,WRITE-IN,&nbsp,-,AD 31,2025-11-04_22:10:30.962459
ED   42,0.00%,Donovan J. Richards Jr.,(Democratic),104,AD 31,2025-11-04_22:10:30.962459
ED   42,0.00%,Henry P. Ikezi,(Republican),44,AD 31,2025-11-04_22:10:30.962459
ED   42,0.00%,Henry P. Ikezi,(United Alliance),3,AD 31,2025-11-04_22:10:30.962459
ED   42,0.00%,WRITE-IN,&nbsp,-,AD 31,2025-11-04_22:10:30.962459
ED   43,0.00%,Donovan J. Richards Jr.,(Democratic),268,AD 31,2025-11-04_22:10:30.962459
ED   43,0.00%,Henry P. Ikezi,(Republican),65,AD 31,2025-11-04_22:10:30.962459
ED   43,0.00%,Henry P. Ikezi,(United Alliance),9,AD 31,2025-11-04_22:10:30.962459
ED   43,0.00%,WRITE-IN,&nbsp,-,AD 31,2025-11-04_22:10:30.962459
ED   44,0.00%,Donovan J. Richards Jr.,(Democratic),249,AD 31,2025-11-04_22:10:30.962459
ED   44,0.00%,Henry P. Ikezi,(Republican),57,AD 31,2025-11-04_22:10:30.962459
ED   44,0.00%,Henry P. Ikezi,(United Alliance),4,AD 31,2025-11-04_22:10:30.962459
ED   44,0.00%,WRITE-IN,&nbsp,-,AD 31,2025-11-04_22:10:30.962459
ED   45,0.00%,Donovan J. Richards Jr.,(Democratic),306,AD 31,2025-11-04_22:10:30.962459
ED   45,0.00%,Henry P. Ikezi,(Republican),56,AD 31,2025-11-04_22:10:30.962459
ED   45,0.00%,Henry P. Ikezi,(United Alliance),7,AD 31,2025-11-04_22:10:30.962459
ED   45,0.00%,WRITE-IN,&nbsp,1,AD 31,2025-11-04_22:10:30.962459
ED   46,0.00%,Donovan J. Richards Jr.,(Democratic),268,AD 31,2025-11-04_22:10:30.962459
ED   46,0.00%,Henry P. Ikezi,(Republican),43,AD 31,2025-11-04_22:10:30.962459
ED   46,0.00%,Henry P. Ikezi,(United Alliance),7,AD 31,2025-11-04_22:10:30.962459
ED   46,0.00%,WRITE-IN,&nbsp,-,AD 31,2025-11-04_22:10:30.962459
ED   47,0.00%,Donovan J. Richards Jr.,(Democratic),112,AD 31,2025-11-04_22:10:30.962459
ED   47,0.00%,Henry P. Ikezi,(Republican),31,AD 31,2025-11-04_22:10:30.962459
ED   47,0.00%,Henry P. Ikezi,(United Alliance),4,AD 31,2025-11-04_22:10:30.962459
ED   47,0.00%,WRITE-IN,&nbsp,-,AD 31,2025-11-04_22:10:30.962459
ED   48,0.00%,Donovan J. Richards Jr.,(Democratic),141,AD 31,2025-11-04_22:10:30.962459
ED   48,0.00%,Henry P. Ikezi,(Republican),33,AD 31,2025-11-04_22:10:30.962459
ED   48,0.00%,Henry P. Ikezi,(United Alliance),2,AD 31,2025-11-04_22:10:30.962459
ED   48,0.00%,WRITE-IN,&nbsp,1,AD 31,2025-11-04_22:10:30.962459
ED   49,0.00%,Donovan J. Richards Jr.,(Democratic),44,AD 31,2025-11-04_22:10:30.962459
ED   49,0.00%,Henry P. Ikezi,(Republican),7,AD 31,2025-11-04_22:10:30.962459
ED   49,0.00%,Henry P. Ikezi,(United Alliance),2,AD 31,2025-11-04_22:10:30.962459
ED   49,0.00%,WRITE-IN,&nbsp,-,AD 31,2025-11-04_22:10:30.962459
ED   50,0.00%,Donovan J. Richards Jr.,(Democratic),254,AD 31,2025-11-04_22:10:30.962459
ED   50,0.00%,Henry P. Ikezi,(Republican),65,AD 31,2025-11-04_22:10:30.962459
ED   50,0.00%,Henry P. Ikezi,(United Alliance),3,AD 31,2025-11-04_22:10:30.962459
ED   50,0.00%,WRITE-IN,&nbsp,-,AD 31,2025-11-04_22:10:30.962459
ED   51,0.00%,Donovan J. Richards Jr.,(Democratic),268,AD 31,2025-11-04_22:10:30.962459
ED   51,0.00%,Henry P. Ikezi,(Republican),66,AD 31,2025-11-04_22:10:30.962459
ED   51,0.00%,Henry P. Ikezi,(United Alliance),2,AD 31,2025-11-04_22:10:30.962459
ED   51,0.00%,WRITE-IN,&nbsp,-,AD 31,2025-11-04_22:10:30.962459
ED   52,0.00%,Donovan J. Richards Jr.,(Democratic),229,AD 31,2025-11-04_22:10:30.962459
ED   52,0.00%,Henry P. Ikezi,(Republican),66,AD 31,2025-11-04_22:10:30.962459
ED   52,0.00%,Henry P. Ikezi,(United Alliance),8,AD 31,2025-11-04_22:10:30.962459
ED   52,0.00%,WRITE-IN,&nbsp,1,AD 31,2025-11-04_22:10:30.962459
ED   53,0.00%,Donovan J. Richards Jr.,(Democratic),209,AD 31,2025-11-04_22:10:30.962459
ED   53,0.00%,Henry P. Ikezi,(Republican),57,AD 31,2025-11-04_22:10:30.962459
ED   53,0.00%,Henry P. Ikezi,(United Alliance),4,AD 31,2025-11-04_22:10:30.962459
ED   53,0.00%,WRITE-IN,&nbsp,-,AD 31,2025-11-04_22:10:30.962459
ED   54,0.00%,Donovan J. Richards Jr.,(Democratic),335,AD 31,2025-11-04_22:10:30.962459
ED   54,0.00%,Henry P. Ikezi,(Republican),38,AD 31,2025-11-04_22:10:30.962459
ED   54,0.00%,Henry P. Ikezi,(United Alliance),1,AD 31,2025-11-04_22:10:30.962459
ED   54,0.00%,WRITE-IN,&nbsp,-,AD 31,2025-11-04_22:10:30.962459
ED   55,0.00%,Donovan J. Richards Jr.,(Democratic),286,AD 31,2025-11-04_22:10:30.962459
ED   55,0.00%,Henry P. Ikezi,(Republican),62,AD 31,2025-11-04_22:10:30.962459
ED   55,0.00%,Henry P. Ikezi,(United Alliance),8,AD 31,2025-11-04_22:10:30.962459
ED   55,0.00%,WRITE-IN,&nbsp,-,AD 31,2025-11-04_22:10:30.962459
ED   56,0.00%,Donovan J. Richards Jr.,(Democratic),279,AD 31,2025-11-04_22:10:30.962459
ED   56,0.00%,Henry P. Ikezi,(Republican),43,AD 31,2025-11-04_22:10:30.962459
ED   56,0.00%,Henry P. Ikezi,(United Alliance),10,AD 31,2025-11-04_22:10:30.962459
ED   56,0.00%,WRITE-IN,&nbsp,1,AD 31,2025-11-04_22:10:30.962459
ED   57,0.00%,Donovan J. Richards Jr.,(Democratic),329,AD 31,2025-11-04_22:10:30.962459
ED   57,0.00%,Henry P. Ikezi,(Republican),140,AD 31,2025-11-04_22:10:30.962459
ED   57,0.00%,Henry P. Ikezi,(United Alliance),7,AD 31,2025-11-04_22:10:30.962459
ED   57,0.00%,WRITE-IN,&nbsp,-,AD 31,2025-11-04_22:10:30.962459
ED   58,0.00%,Donovan J. Richards Jr.,(Democratic),-,AD 31,2025-11-04_22:10:30.962459
ED   58,0.00%,Henry P. Ikezi,(Republican),-,AD 31,2025-11-04_22:10:30.962459
ED   58,0.00%,Henry P. Ikezi,(United Alliance),-,AD 31,2025-11-04_22:10:30.962459
ED   58,0.00%,WRITE-IN,&nbsp,-,AD 31,2025-11-04_22:10:30.962459
ED   59,0.00%,Donovan J. Richards Jr.,(Democratic),-,AD 31,2025-11-04_22:10:30.962459
ED   59,0.00%,Henry P. Ikezi,(Republican),-,AD 31,2025-11-04_22:10:30.962459
ED   59,0.00%,Henry P. Ikezi,(United Alliance),-,AD 31,2025-11-04_22:10:30.962459
ED   59,0.00%,WRITE-IN,&nbsp,-,AD 31,2025-11-04_22:10:30.962459
ED   60,0.00%,Donovan J. Richards Jr.,(Democratic),-,AD 31,2025-11-04_22:10:30.962459
ED   60,0.00%,Henry P. Ikezi,(Republican),-,AD 31,2025-11-04_22:10:30.962459
ED   60,0.00%,Henry P. Ikezi,(United Alliance),-,AD 31,2025-11-04_22:10:30.962459
ED   60,0.00%,WRITE-IN,&nbsp,-,AD 31,2025-11-04_22:10:30.962459
ED   61,0.00%,Donovan J. Richards Jr.,(Democratic),-,AD 31,2025-11-04_22:10:30.962459
ED   61,0.00%,Henry P. Ikezi,(Republican),-,AD 31,2025-11-04_22:10:30.962459
ED   61,0.00%,Henry P. Ikezi,(United Alliance),-,AD 31,2025-11-04_22:10:30.962459
ED   61,0.00%,WRITE-IN,&nbsp,-,AD 31,2025-11-04_22:10:30.962459
ED   62,0.00%,Donovan J. Richards Jr.,(Democratic),-,AD 31,2025-11-04_22:10:30.962459
ED   62,0.00%,Henry P. Ikezi,(Republican),-,AD 31,2025-11-04_22:10:30.962459
ED   62,0.00%,Henry P. Ikezi,(United Alliance),-,AD 31,2025-11-04_22:10:30.962459
ED   62,0.00%,WRITE-IN,&nbsp,-,AD 31,2025-11-04_22:10:30.962459
ED   63,0.00%,Donovan J. Richards Jr.,(Democratic),-,AD 31,2025-11-04_22:10:30.962459
ED   63,0.00%,Henry P. Ikezi,(Republican),-,AD 31,2025-11-04_22:10:30.962459
ED   63,0.00%,Henry P. Ikezi,(United Alliance),-,AD 31,2025-11-04_22:10:30.962459
ED   63,0.00%,WRITE-IN,&nbsp,-,AD 31,2025-11-04_22:10:30.962459
Total,,Donovan J. Richards Jr.,(Democratic),14870,AD 31,2025-11-04_22:10:30.962459
Total,,Henry P. Ikezi,(Republican),2008,AD 31,2025-11-04_22:10:30.962459
Total,,Henry P. Ikezi,(United Alliance),253,AD 31,2025-11-04_22:10:30.962459
Total,,WRITE-IN,&nbsp,29,AD 31,2025-11-04_22:10:30.962459
ED    1,0.00%,Donovan J. Richards Jr.,(Democratic),8,AD 32,2025-11-04_22:10:30.962459
ED    1,0.00%,Henry P. Ikezi,(Republican),-,AD 32,2025-11-04_22:10:30.962459
ED    1,0.00%,Henry P. Ikezi,(United Alliance),-,AD 32,2025-11-04_22:10:30.962459
ED    1,0.00%,WRITE-IN,&nbsp,-,AD 32,2025-11-04_22:10:30.962459
ED    2,0.00%,Donovan J. Richards Jr.,(Democratic),63,AD 32,2025-11-04_22:10:30.962459
ED    2,0.00%,Henry P. Ikezi,(Republican),8,AD 32,2025-11-04_22:10:30.962459
ED    2,0.00%,Henry P. Ikezi,(United Alliance),2,AD 32,2025-11-04_22:10:30.962459
ED    2,0.00%,WRITE-IN,&nbsp,-,AD 32,2025-11-04_22:10:30.962459
ED    3,0.00%,Donovan J. Richards Jr.,(Democratic),437,AD 32,2025-11-04_22:10:30.962459
ED    3,0.00%,Henry P. Ikezi,(Republican),52,AD 32,2025-11-04_22:10:30.962459
ED    3,0.00%,Henry P. Ikezi,(United Alliance),17,AD 32,2025-11-04_22:10:30.962459
ED    3,0.00%,WRITE-IN,&nbsp,-,AD 32,2025-11-04_22:10:30.962459
ED    4,0.00%,Donovan J. Richards Jr.,(Democratic),293,AD 32,2025-11-04_22:10:30.962459
ED    4,0.00%,Henry P. Ikezi,(Republican),30,AD 32,2025-11-04_22:10:30.962459
ED    4,0.00%,Henry P. Ikezi,(United Alliance),3,AD 32,2025-11-04_22:10:30.962459
ED    4,0.00%,WRITE-IN,&nbsp,-,AD 32,2025-11-04_22:10:30.962459
ED    5,0.00%,Donovan J. Richards Jr.,(Democratic),455,AD 32,2025-11-04_22:10:30.962459
ED    5,0.00%,Henry P. Ikezi,(Republican),52,AD 32,2025-11-04_22:10:30.962459
ED    5,0.00%,Henry P. Ikezi,(United Alliance),12,AD 32,2025-11-04_22:10:30.962459
ED    5,0.00%,WRITE-IN,&nbsp,3,AD 32,2025-11-04_22:10:30.962459
ED    6,0.00%,Donovan J. Richards Jr.,(Democratic),23,AD 32,2025-11-04_22:10:30.962459
ED    6,0.00%,Henry P. Ikezi,(Republican),1,AD 32,2025-11-04_22:10:30.962459
ED    6,0.00%,Henry P. Ikezi,(United Alliance),-,AD 32,2025-11-04_22:10:30.962459
ED    6,0.00%,WRITE-IN,&nbsp,-,AD 32,2025-11-04_22:10:30.962459
ED    7,0.00%,Donovan J. Richards Jr.,(Democratic),436,AD 32,2025-11-04_22:10:30.962459
ED    7,0.00%,Henry P. Ikezi,(Republican),56,AD 32,2025-11-04_22:10:30.962459
ED    7,0.00%,Henry P. Ikezi,(United Alliance),5,AD 32,2025-11-04_22:10:30.962459
ED    7,0.00%,WRITE-IN,&nbsp,-,AD 32,2025-11-04_22:10:30.962459
ED    8,0.00%,Donovan J. Richards Jr.,(Democratic),357,AD 32,2025-11-04_22:10:30.962459
ED    8,0.00%,Henry P. Ikezi,(Republican),94,AD 32,2025-11-04_22:10:30.962459
ED    8,0.00%,Henry P. Ikezi,(United Alliance),16,AD 32,2025-11-04_22:10:30.962459
ED    8,0.00%,WRITE-IN,&nbsp,-,AD 32,2025-11-04_22:10:30.962459
ED    9,0.00%,Donovan J. Richards Jr.,(Democratic),341,AD 32,2025-11-04_22:10:30.962459
ED    9,0.00%,Henry P. Ikezi,(Republican),49,AD 32,2025-11-04_22:10:30.962459
ED    9,0.00%,Henry P. Ikezi,(United Alliance),8,AD 32,2025-11-04_22:10:30.962459
ED    9,0.00%,WRITE-IN,&nbsp,1,AD 32,2025-11-04_22:10:30.962459
ED   10,0.00%,Donovan J. Richards Jr.,(Democratic),234,AD 32,2025-11-04_22:10:30.962459
ED   10,0.00%,Henry P. Ikezi,(Republican),32,AD 32,2025-11-04_22:10:30.962459
ED   10,0.00%,Henry P. Ikezi,(United Alliance),10,AD 32,2025-11-04_22:10:30.962459
ED   10,0.00%,WRITE-IN,&nbsp,1,AD 32,2025-11-04_22:10:30.962459
ED   11,0.00%,Donovan J. Richards Jr.,(Democratic),30,AD 32,2025-11-04_22:10:30.962459
ED   11,0.00%,Henry P. Ikezi,(Republican),2,AD 32,2025-11-04_22:10:30.962459
ED   11,0.00%,Henry P. Ikezi,(United Alliance),-,AD 32,2025-11-04_22:10:30.962459
ED   11,0.00%,WRITE-IN,&nbsp,-,AD 32,2025-11-04_22:10:30.962459
ED   12,0.00%,Donovan J. Richards Jr.,(Democratic),291,AD 32,2025-11-04_22:10:30.962459
ED   12,0.00%,Henry P. Ikezi,(Republican),32,AD 32,2025-11-04_22:10:30.962459
ED   12,0.00%,Henry P. Ikezi,(United Alliance),7,AD 32,2025-11-04_22:10:30.962459
ED   12,0.00%,WRITE-IN,&nbsp,-,AD 32,2025-11-04_22:10:30.962459
ED   13,0.00%,Donovan J. Richards Jr.,(Democratic),8,AD 32,2025-11-04_22:10:30.962459
ED   13,0.00%,Henry P. Ikezi,(Republican),1,AD 32,2025-11-04_22:10:30.962459
ED   13,0.00%,Henry P. Ikezi,(United Alliance),-,AD 32,2025-11-04_22:10:30.962459
ED   13,0.00%,WRITE-IN,&nbsp,-,AD 32,2025-11-04_22:10:30.962459
ED   14,0.00%,Donovan J. Richards Jr.,(Democratic),49,AD 32,2025-11-04_22:10:30.962459
ED   14,0.00%,Henry P. Ikezi,(Republican),1,AD 32,2025-11-04_22:10:30.962459
ED   14,0.00%,Henry P. Ikezi,(United Alliance),1,AD 32,2025-11-04_22:10:30.962459
ED   14,0.00%,WRITE-IN,&nbsp,-,AD 32,2025-11-04_22:10:30.962459
ED   15,0.00%,Donovan J. Richards Jr.,(Democratic),277,AD 32,2025-11-04_22:10:30.962459
ED   15,0.00%,Henry P. Ikezi,(Republican),88,AD 32,2025-11-04_22:10:30.962459
ED   15,0.00%,Henry P. Ikezi,(United Alliance),9,AD 32,2025-11-04_22:10:30.962459
ED   15,0.00%,WRITE-IN,&nbsp,1,AD 32,2025-11-04_22:10:30.962459
ED   16,0.00%,Donovan J. Richards Jr.,(Democratic),78,AD 32,2025-11-04_22:10:30.962459
ED   16,0.00%,Henry P. Ikezi,(Republican),7,AD 32,2025-11-04_22:10:30.962459
ED   16,0.00%,Henry P. Ikezi,(United Alliance),2,AD 32,2025-11-04_22:10:30.962459
ED   16,0.00%,WRITE-IN,&nbsp,-,AD 32,2025-11-04_22:10:30.962459
ED   17,0.00%,Donovan J. Richards Jr.,(Democratic),320,AD 32,2025-11-04_22:10:30.962459
ED   17,0.00%,Henry P. Ikezi,(Republican),37,AD 32,2025-11-04_22:10:30.962459
ED   17,0.00%,Henry P. Ikezi,(United Alliance),8,AD 32,2025-11-04_22:10:30.962459
ED   17,0.00%,WRITE-IN,&nbsp,1,AD 32,2025-11-04_22:10:30.962459
ED   18,0.00%,Donovan J. Richards Jr.,(Democratic),106,AD 32,2025-11-04_22:10:30.962459
ED   18,0.00%,Henry P. Ikezi,(Republican),11,AD 32,2025-11-04_22:10:30.962459
ED   18,0.00%,Henry P. Ikezi,(United Alliance),2,AD 32,2025-11-04_22:10:30.962459
ED   18,0.00%,WRITE-IN,&nbsp,-,AD 32,2025-11-04_22:10:30.962459
ED   19,0.00%,Donovan J. Richards Jr.,(Democratic),313,AD 32,2025-11-04_22:10:30.962459
ED   19,0.00%,Henry P. Ikezi,(Republican),31,AD 32,2025-11-04_22:10:30.962459
ED   19,0.00%,Henry P. Ikezi,(United Alliance),5,AD 32,2025-11-04_22:10:30.962459
ED   19,0.00%,WRITE-IN,&nbsp,1,AD 32,2025-11-04_22:10:30.962459
ED   20,0.00%,Donovan J. Richards Jr.,(Democratic),262,AD 32,2025-11-04_22:10:30.962459
ED   20,0.00%,Henry P. Ikezi,(Republican),29,AD 32,2025-11-04_22:10:30.962459
ED   20,0.00%,Henry P. Ikezi,(United Alliance),6,AD 32,2025-11-04_22:10:30.962459
ED   20,0.00%,WRITE-IN,&nbsp,-,AD 32,2025-11-04_22:10:30.962459
ED   21,0.00%,Donovan J. Richards Jr.,(Democratic),333,AD 32,2025-11-04_22:10:30.962459
ED   21,0.00%,Henry P. Ikezi,(Republican),26,AD 32,2025-11-04_22:10:30.962459
ED   21,0.00%,Henry P. Ikezi,(United Alliance),6,AD 32,2025-11-04_22:10:30.962459
ED   21,0.00%,WRITE-IN,&nbsp,-,AD 32,2025-11-04_22:10:30.962459
ED   22,0.00%,Donovan J. Richards Jr.,(Democratic),409,AD 32,2025-11-04_22:10:30.962459
ED   22,0.00%,Henry P. Ikezi,(Republican),46,AD 32,2025-11-04_22:10:30.962459
ED   22,0.00%,Henry P. Ikezi,(United Alliance),11,AD 32,2025-11-04_22:10:30.962459
ED   22,0.00%,WRITE-IN,&nbsp,1,AD 32,2025-11-04_22:10:30.962459
ED   23,0.00%,Donovan J. Richards Jr.,(Democratic),315,AD 32,2025-11-04_22:10:30.962459
ED   23,0.00%,Henry P. Ikezi,(Republican),30,AD 32,2025-11-04_22:10:30.962459
ED   23,0.00%,Henry P. Ikezi,(United Alliance),4,AD 32,2025-11-04_22:10:30.962459
ED   23,0.00%,WRITE-IN,&nbsp,-,AD 32,2025-11-04_22:10:30.962459
ED   24,0.00%,Donovan J. Richards Jr.,(Democratic),254,AD 32,2025-11-04_22:10:30.962459
ED   24,0.00%,Henry P. Ikezi,(Republican),18,AD 32,2025-11-04_22:10:30.962459
ED   24,0.00%,Henry P. Ikezi,(United Alliance),4,AD 32,2025-11-04_22:10:30.962459
ED   24,0.00%,WRITE-IN,&nbsp,-,AD 32,2025-11-04_22:10:30.962459
ED   25,0.00%,Donovan J. Richards Jr.,(Democratic),270,AD 32,2025-11-04_22:10:30.962459
ED   25,0.00%,Henry P. Ikezi,(Republican),18,AD 32,2025-11-04_22:10:30.962459
ED   25,0.00%,Henry P. Ikezi,(United Alliance),2,AD 32,2025-11-04_22:10:30.962459
ED   25,0.00%,WRITE-IN,&nbsp,1,AD 32,2025-11-04_22:10:30.962459
ED   26,0.00%,Donovan J. Richards Jr.,(Democratic),325,AD 32,2025-11-04_22:10:30.962459
ED   26,0.00%,Henry P. Ikezi,(Republican),28,AD 32,2025-11-04_22:10:30.962459
ED   26,0.00%,Henry P. Ikezi,(United Alliance),4,AD 32,2025-11-04_22:10:30.962459
ED   26,0.00%,WRITE-IN,&nbsp,-,AD 32,2025-11-04_22:10:30.962459
ED   27,0.00%,Donovan J. Richards Jr.,(Democratic),324,AD 32,2025-11-04_22:10:30.962459
ED   27,0.00%,Henry P. Ikezi,(Republican),28,AD 32,2025-11-04_22:10:30.962459
ED   27,0.00%,Henry P. Ikezi,(United Alliance),4,AD 32,2025-11-04_22:10:30.962459
ED   27,0.00%,WRITE-IN,&nbsp,-,AD 32,2025-11-04_22:10:30.962459
ED   28,0.00%,Donovan J. Richards Jr.,(Democratic),315,AD 32,2025-11-04_22:10:30.962459
ED   28,0.00%,Henry P. Ikezi,(Republican),17,AD 32,2025-11-04_22:10:30.962459
ED   28,0.00%,Henry P. Ikezi,(United Alliance),2,AD 32,2025-11-04_22:10:30.962459
ED   28,0.00%,WRITE-IN,&nbsp,-,AD 32,2025-11-04_22:10:30.962459
ED   29,0.00%,Donovan J. Richards Jr.,(Democratic),173,AD 32,2025-11-04_22:10:30.962459
ED   29,0.00%,Henry P. Ikezi,(Republican),7,AD 32,2025-11-04_22:10:30.962459
ED   29,0.00%,Henry P. Ikezi,(United Alliance),2,AD 32,2025-11-04_22:10:30.962459
ED   29,0.00%,WRITE-IN,&nbsp,-,AD 32,2025-11-04_22:10:30.962459
ED   30,0.00%,Donovan J. Richards Jr.,(Democratic),285,AD 32,2025-11-04_22:10:30.962459
ED   30,0.00%,Henry P. Ikezi,(Republican),22,AD 32,2025-11-04_22:10:30.962459
ED   30,0.00%,Henry P. Ikezi,(United Alliance),5,AD 32,2025-11-04_22:10:30.962459
ED   30,0.00%,WRITE-IN,&nbsp,1,AD 32,2025-11-04_22:10:30.962459
ED   31,0.00%,Donovan J. Richards Jr.,(Democratic),260,AD 32,2025-11-04_22:10:30.962459
ED   31,0.00%,Henry P. Ikezi,(Republican),22,AD 32,2025-11-04_22:10:30.962459
ED   31,0.00%,Henry P. Ikezi,(United Alliance),5,AD 32,2025-11-04_22:10:30.962459
ED   31,0.00%,WRITE-IN,&nbsp,-,AD 32,2025-11-04_22:10:30.962459
ED   32,0.00%,Donovan J. Richards Jr.,(Democratic),359,AD 32,2025-11-04_22:10:30.962459
ED   32,0.00%,Henry P. Ikezi,(Republican),30,AD 32,2025-11-04_22:10:30.962459
ED   32,0.00%,Henry P. Ikezi,(United Alliance),7,AD 32,2025-11-04_22:10:30.962459
ED   32,0.00%,WRITE-IN,&nbsp,-,AD 32,2025-11-04_22:10:30.962459
ED   33,0.00%,Donovan J. Richards Jr.,(Democratic),113,AD 32,2025-11-04_22:10:30.962459
ED   33,0.00%,Henry P. Ikezi,(Republican),4,AD 32,2025-11-04_22:10:30.962459
ED   33,0.00%,Henry P. Ikezi,(United Alliance),2,AD 32,2025-11-04_22:10:30.962459
ED   33,0.00%,WRITE-IN,&nbsp,-,AD 32,2025-11-04_22:10:30.962459
ED   34,0.00%,Donovan J. Richards Jr.,(Democratic),442,AD 32,2025-11-04_22:10:30.962459
ED   34,0.00%,Henry P. Ikezi,(Republican),17,AD 32,2025-11-04_22:10:30.962459
ED   34,0.00%,Henry P. Ikezi,(United Alliance),3,AD 32,2025-11-04_22:10:30.962459
ED   34,0.00%,WRITE-IN,&nbsp,1,AD 32,2025-11-04_22:10:30.962459
ED   35,0.00%,Donovan J. Richards Jr.,(Democratic),178,AD 32,2025-11-04_22:10:30.962459
ED   35,0.00%,Henry P. Ikezi,(Republican),13,AD 32,2025-11-04_22:10:30.962459
ED   35,0.00%,Henry P. Ikezi,(United Alliance),3,AD 32,2025-11-04_22:10:30.962459
ED   35,0.00%,WRITE-IN,&nbsp,-,AD 32,2025-11-04_22:10:30.962459
ED   36,0.00%,Donovan J. Richards Jr.,(Democratic),245,AD 32,2025-11-04_22:10:30.962459
ED   36,0.00%,Henry P. Ikezi,(Republican),17,AD 32,2025-11-04_22:10:30.962459
ED   36,0.00%,Henry P. Ikezi,(United Alliance),2,AD 32,2025-11-04_22:10:30.962459
ED   36,0.00%,WRITE-IN,&nbsp,-,AD 32,2025-11-04_22:10:30.962459
ED   37,0.00%,Donovan J. Richards Jr.,(Democratic),409,AD 32,2025-11-04_22:10:30.962459
ED   37,0.00%,Henry P. Ikezi,(Republican),36,AD 32,2025-11-04_22:10:30.962459
ED   37,0.00%,Henry P. Ikezi,(United Alliance),5,AD 32,2025-11-04_22:10:30.962459
ED   37,0.00%,WRITE-IN,&nbsp,-,AD 32,2025-11-04_22:10:30.962459
ED   38,0.00%,Donovan J. Richards Jr.,(Democratic),371,AD 32,2025-11-04_22:10:30.962459
ED   38,0.00%,Henry P. Ikezi,(Republican),23,AD 32,2025-11-04_22:10:30.962459
ED   38,0.00%,Henry P. Ikezi,(United Alliance),5,AD 32,2025-11-04_22:10:30.962459
ED   38,0.00%,WRITE-IN,&nbsp,-,AD 32,2025-11-04_22:10:30.962459
ED   39,0.00%,Donovan J. Richards Jr.,(Democratic),311,AD 32,2025-11-04_22:10:30.962459
ED   39,0.00%,Henry P. Ikezi,(Republican),30,AD 32,2025-11-04_22:10:30.962459
ED   39,0.00%,Henry P. Ikezi,(United Alliance),8,AD 32,2025-11-04_22:10:30.962459
ED   39,0.00%,WRITE-IN,&nbsp,1,AD 32,2025-11-04_22:10:30.962459
ED   40,0.00%,Donovan J. Richards Jr.,(Democratic),304,AD 32,2025-11-04_22:10:30.962459
ED   40,0.00%,Henry P. Ikezi,(Republican),21,AD 32,2025-11-04_22:10:30.962459
ED   40,0.00%,Henry P. Ikezi,(United Alliance),4,AD 32,2025-11-04_22:10:30.962459
ED   40,0.00%,WRITE-IN,&nbsp,-,AD 32,2025-11-04_22:10:30.962459
ED   41,0.00%,Donovan J. Richards Jr.,(Democratic),193,AD 32,2025-11-04_22:10:30.962459
ED   41,0.00%,Henry P. Ikezi,(Republican),16,AD 32,2025-11-04_22:10:30.962459
ED   41,0.00%,Henry P. Ikezi,(United Alliance),6,AD 32,2025-11-04_22:10:30.962459
ED   41,0.00%,WRITE-IN,&nbsp,1,AD 32,2025-11-04_22:10:30.962459
ED   42,0.00%,Donovan J. Richards Jr.,(Democratic),339,AD 32,2025-11-04_22:10:30.962459
ED   42,0.00%,Henry P. Ikezi,(Republican),14,AD 32,2025-11-04_22:10:30.962459
ED   42,0.00%,Henry P. Ikezi,(United Alliance),1,AD 32,2025-11-04_22:10:30.962459
ED   42,0.00%,WRITE-IN,&nbsp,2,AD 32,2025-11-04_22:10:30.962459
ED   43,0.00%,Donovan J. Richards Jr.,(Democratic),428,AD 32,2025-11-04_22:10:30.962459
ED   43,0.00%,Henry P. Ikezi,(Republican),29,AD 32,2025-11-04_22:10:30.962459
ED   43,0.00%,Henry P. Ikezi,(United Alliance),6,AD 32,2025-11-04_22:10:30.962459
ED   43,0.00%,WRITE-IN,&nbsp,1,AD 32,2025-11-04_22:10:30.962459
ED   44,0.00%,Donovan J. Richards Jr.,(Democratic),227,AD 32,2025-11-04_22:10:30.962459
ED   44,0.00%,Henry P. Ikezi,(Republican),7,AD 32,2025-11-04_22:10:30.962459
ED   44,0.00%,Henry P. Ikezi,(United Alliance),2,AD 32,2025-11-04_22:10:30.962459
ED   44,0.00%,WRITE-IN,&nbsp,-,AD 32,2025-11-04_22:10:30.962459
ED   45,0.00%,Donovan J. Richards Jr.,(Democratic),270,AD 32,2025-11-04_22:10:30.962459
ED   45,0.00%,Henry P. Ikezi,(Republican),25,AD 32,2025-11-04_22:10:30.962459
ED   45,0.00%,Henry P. Ikezi,(United Alliance),4,AD 32,2025-11-04_22:10:30.962459
ED   45,0.00%,WRITE-IN,&nbsp,-,AD 32,2025-11-04_22:10:30.962459
ED   46,0.00%,Donovan J. Richards Jr.,(Democratic),310,AD 32,2025-11-04_22:10:30.962459
ED   46,0.00%,Henry P. Ikezi,(Republican),18,AD 32,2025-11-04_22:10:30.962459
ED   46,0.00%,Henry P. Ikezi,(United Alliance),3,AD 32,2025-11-04_22:10:30.962459
ED   46,0.00%,WRITE-IN,&nbsp,-,AD 32,2025-11-04_22:10:30.962459
ED   47,0.00%,Donovan J. Richards Jr.,(Democratic),306,AD 32,2025-11-04_22:10:30.962459
ED   47,0.00%,Henry P. Ikezi,(Republican),7,AD 32,2025-11-04_22:10:30.962459
ED   47,0.00%,Henry P. Ikezi,(United Alliance),9,AD 32,2025-11-04_22:10:30.962459
ED   47,0.00%,WRITE-IN,&nbsp,1,AD 32,2025-11-04_22:10:30.962459
ED   48,0.00%,Donovan J. Richards Jr.,(Democratic),412,AD 32,2025-11-04_22:10:30.962459
ED   48,0.00%,Henry P. Ikezi,(Republican),23,AD 32,2025-11-04_22:10:30.962459
ED   48,0.00%,Henry P. Ikezi,(United Alliance),5,AD 32,2025-11-04_22:10:30.962459
ED   48,0.00%,WRITE-IN,&nbsp,-,AD 32,2025-11-04_22:10:30.962459
ED   49,0.00%,Donovan J. Richards Jr.,(Democratic),257,AD 32,2025-11-04_22:10:30.962459
ED   49,0.00%,Henry P. Ikezi,(Republican),12,AD 32,2025-11-04_22:10:30.962459
ED   49,0.00%,Henry P. Ikezi,(United Alliance),6,AD 32,2025-11-04_22:10:30.962459
ED   49,0.00%,WRITE-IN,&nbsp,-,AD 32,2025-11-04_22:10:30.962459
ED   50,0.00%,Donovan J. Richards Jr.,(Democratic),464,AD 32,2025-11-04_22:10:30.962459
ED   50,0.00%,Henry P. Ikezi,(Republican),29,AD 32,2025-11-04_22:10:30.962459
ED   50,0.00%,Henry P. Ikezi,(United Alliance),12,AD 32,2025-11-04_22:10:30.962459
ED   50,0.00%,WRITE-IN,&nbsp,1,AD 32,2025-11-04_22:10:30.962459
ED   51,0.00%,Donovan J. Richards Jr.,(Democratic),427,AD 32,2025-11-04_22:10:30.962459
ED   51,0.00%,Henry P. Ikezi,(Republican),34,AD 32,2025-11-04_22:10:30.962459
ED   51,0.00%,Henry P. Ikezi,(United Alliance),3,AD 32,2025-11-04_22:10:30.962459
ED   51,0.00%,WRITE-IN,&nbsp,-,AD 32,2025-11-04_22:10:30.962459
ED   52,0.00%,Donovan J. Richards Jr.,(Democratic),271,AD 32,2025-11-04_22:10:30.962459
ED   52,0.00%,Henry P. Ikezi,(Republican),29,AD 32,2025-11-04_22:10:30.962459
ED   52,0.00%,Henry P. Ikezi,(United Alliance),2,AD 32,2025-11-04_22:10:30.962459
ED   52,0.00%,WRITE-IN,&nbsp,-,AD 32,2025-11-04_22:10:30.962459
ED   53,0.00%,Donovan J. Richards Jr.,(Democratic),555,AD 32,2025-11-04_22:10:30.962459
ED   53,0.00%,Henry P. Ikezi,(Republican),23,AD 32,2025-11-04_22:10:30.962459
ED   53,0.00%,Henry P. Ikezi,(United Alliance),9,AD 32,2025-11-04_22:10:30.962459
ED   53,0.00%,WRITE-IN,&nbsp,2,AD 32,2025-11-04_22:10:30.962459
ED   54,0.00%,Donovan J. Richards Jr.,(Democratic),538,AD 32,2025-11-04_22:10:30.962459
ED   54,0.00%,Henry P. Ikezi,(Republican),24,AD 32,2025-11-04_22:10:30.962459
ED   54,0.00%,Henry P. Ikezi,(United Alliance),7,AD 32,2025-11-04_22:10:30.962459
ED   54,0.00%,WRITE-IN,&nbsp,-,AD 32,2025-11-04_22:10:30.962459
ED   55,0.00%,Donovan J. Richards Jr.,(Democratic),315,AD 32,2025-11-04_22:10:30.962459
ED   55,0.00%,Henry P. Ikezi,(Republican),10,AD 32,2025-11-04_22:10:30.962459
ED   55,0.00%,Henry P. Ikezi,(United Alliance),4,AD 32,2025-11-04_22:10:30.962459
ED   55,0.00%,WRITE-IN,&nbsp,1,AD 32,2025-11-04_22:10:30.962459
ED   56,0.00%,Donovan J. Richards Jr.,(Democratic),309,AD 32,2025-11-04_22:10:30.962459
ED   56,0.00%,Henry P. Ikezi,(Republican),15,AD 32,2025-11-04_22:10:30.962459
ED   56,0.00%,Henry P. Ikezi,(United Alliance),2,AD 32,2025-11-04_22:10:30.962459
ED   56,0.00%,WRITE-IN,&nbsp,-,AD 32,2025-11-04_22:10:30.962459
ED   57,0.00%,Donovan J. Richards Jr.,(Democratic),321,AD 32,2025-11-04_22:10:30.962459
ED   57,0.00%,Henry P. Ikezi,(Republican),12,AD 32,2025-11-04_22:10:30.962459
ED   57,0.00%,Henry P. Ikezi,(United Alliance),2,AD 32,2025-11-04_22:10:30.962459
ED   57,0.00%,WRITE-IN,&nbsp,-,AD 32,2025-11-04_22:10:30.962459
ED   58,0.00%,Donovan J. Richards Jr.,(Democratic),302,AD 32,2025-11-04_22:10:30.962459
ED   58,0.00%,Henry P. Ikezi,(Republican),13,AD 32,2025-11-04_22:10:30.962459
ED   58,0.00%,Henry P. Ikezi,(United Alliance),5,AD 32,2025-11-04_22:10:30.962459
ED   58,0.00%,WRITE-IN,&nbsp,1,AD 32,2025-11-04_22:10:30.962459
ED   59,0.00%,Donovan J. Richards Jr.,(Democratic),333,AD 32,2025-11-04_22:10:30.962459
ED   59,0.00%,Henry P. Ikezi,(Republican),18,AD 32,2025-11-04_22:10:30.962459
ED   59,0.00%,Henry P. Ikezi,(United Alliance),2,AD 32,2025-11-04_22:10:30.962459
ED   59,0.00%,WRITE-IN,&nbsp,-,AD 32,2025-11-04_22:10:30.962459
ED   60,0.00%,Donovan J. Richards Jr.,(Democratic),369,AD 32,2025-11-04_22:10:30.962459
ED   60,0.00%,Henry P. Ikezi,(Republican),9,AD 32,2025-11-04_22:10:30.962459
ED   60,0.00%,Henry P. Ikezi,(United Alliance),8,AD 32,2025-11-04_22:10:30.962459
ED   60,0.00%,WRITE-IN,&nbsp,-,AD 32,2025-11-04_22:10:30.962459
ED   61,0.00%,Donovan J. Richards Jr.,(Democratic),378,AD 32,2025-11-04_22:10:30.962459
ED   61,0.00%,Henry P. Ikezi,(Republican),14,AD 32,2025-11-04_22:10:30.962459
ED   61,0.00%,Henry P. Ikezi,(United Alliance),2,AD 32,2025-11-04_22:10:30.962459
ED   61,0.00%,WRITE-IN,&nbsp,-,AD 32,2025-11-04_22:10:30.962459
ED   62,0.00%,Donovan J. Richards Jr.,(Democratic),267,AD 32,2025-11-04_22:10:30.962459
ED   62,0.00%,Henry P. Ikezi,(Republican),11,AD 32,2025-11-04_22:10:30.962459
ED   62,0.00%,Henry P. Ikezi,(United Alliance),-,AD 32,2025-11-04_22:10:30.962459
ED   62,0.00%,WRITE-IN,&nbsp,-,AD 32,2025-11-04_22:10:30.962459
ED   63,0.00%,Donovan J. Richards Jr.,(Democratic),261,AD 32,2025-11-04_22:10:30.962459
ED   63,0.00%,Henry P. Ikezi,(Republican),9,AD 32,2025-11-04_22:10:30.962459
ED   63,0.00%,Henry P. Ikezi,(United Alliance),2,AD 32,2025-11-04_22:10:30.962459
ED   63,0.00%,WRITE-IN,&nbsp,-,AD 32,2025-11-04_22:10:30.962459
ED   64,0.00%,Donovan J. Richards Jr.,(Democratic),272,AD 32,2025-11-04_22:10:30.962459
ED   64,0.00%,Henry P. Ikezi,(Republican),14,AD 32,2025-11-04_22:10:30.962459
ED   64,0.00%,Henry P. Ikezi,(United Alliance),3,AD 32,2025-11-04_22:10:30.962459
ED   64,0.00%,WRITE-IN,&nbsp,-,AD 32,2025-11-04_22:10:30.962459
ED   65,0.00%,Donovan J. Richards Jr.,(Democratic),345,AD 32,2025-11-04_22:10:30.962459
ED   65,0.00%,Henry P. Ikezi,(Republican),19,AD 32,2025-11-04_22:10:30.962459
ED   65,0.00%,Henry P. Ikezi,(United Alliance),5,AD 32,2025-11-04_22:10:30.962459
ED   65,0.00%,WRITE-IN,&nbsp,-,AD 32,2025-11-04_22:10:30.962459
ED   66,0.00%,Donovan J. Richards Jr.,(Democratic),101,AD 32,2025-11-04_22:10:30.962459
ED   66,0.00%,Henry P. Ikezi,(Republican),4,AD 32,2025-11-04_22:10:30.962459
ED   66,0.00%,Henry P. Ikezi,(United Alliance),-,AD 32,2025-11-04_22:10:30.962459
ED   66,0.00%,WRITE-IN,&nbsp,-,AD 32,2025-11-04_22:10:30.962459
ED   67,0.00%,Donovan J. Richards Jr.,(Democratic),298,AD 32,2025-11-04_22:10:30.962459
ED   67,0.00%,Henry P. Ikezi,(Republican),27,AD 32,2025-11-04_22:10:30.962459
ED   67,0.00%,Henry P. Ikezi,(United Alliance),5,AD 32,2025-11-04_22:10:30.962459
ED   67,0.00%,WRITE-IN,&nbsp,-,AD 32,2025-11-04_22:10:30.962459
ED   68,0.00%,Donovan J. Richards Jr.,(Democratic),-,AD 32,2025-11-04_22:10:30.962459
ED   68,0.00%,Henry P. Ikezi,(Republican),-,AD 32,2025-11-04_22:10:30.962459
ED   68,0.00%,Henry P. Ikezi,(United Alliance),-,AD 32,2025-11-04_22:10:30.962459
ED   68,0.00%,WRITE-IN,&nbsp,-,AD 32,2025-11-04_22:10:30.962459
Total,,Donovan J. Richards Jr.,(Democratic),19244,AD 32,2025-11-04_22:10:30.962459
Total,,Henry P. Ikezi,(Republican),1531,AD 32,2025-11-04_22:10:30.962459
Total,,Henry P. Ikezi,(United Alliance),316,AD 32,2025-11-04_22:10:30.962459
Total,,WRITE-IN,&nbsp,23,AD 32,2025-11-04_22:10:30.962459
ED    1,0.00%,Donovan J. Richards Jr.,(Democratic),432,AD 33,2025-11-04_22:10:30.962459
ED    1,0.00%,Henry P. Ikezi,(Republican),256,AD 33,2025-11-04_22:10:30.962459
ED    1,0.00%,Henry P. Ikezi,(United Alliance),11,AD 33,2025-11-04_22:10:30.962459
ED    1,0.00%,WRITE-IN,&nbsp,4,AD 33,2025-11-04_22:10:30.962459
ED    2,0.00%,Donovan J. Richards Jr.,(Democratic),496,AD 33,2025-11-04_22:10:30.962459
ED    2,0.00%,Henry P. Ikezi,(Republican),259,AD 33,2025-11-04_22:10:30.962459
ED    2,0.00%,Henry P. Ikezi,(United Alliance),14,AD 33,2025-11-04_22:10:30.962459
ED    2,0.00%,WRITE-IN,&nbsp,2,AD 33,2025-11-04_22:10:30.962459
ED    3,0.00%,Donovan J. Richards Jr.,(Democratic),506,AD 33,2025-11-04_22:10:30.962459
ED    3,0.00%,Henry P. Ikezi,(Republican),192,AD 33,2025-11-04_22:10:30.962459
ED    3,0.00%,Henry P. Ikezi,(United Alliance),12,AD 33,2025-11-04_22:10:30.962459
ED    3,0.00%,WRITE-IN,&nbsp,-,AD 33,2025-11-04_22:10:30.962459
ED    4,0.00%,Donovan J. Richards Jr.,(Democratic),384,AD 33,2025-11-04_22:10:30.962459
ED    4,0.00%,Henry P. Ikezi,(Republican),235,AD 33,2025-11-04_22:10:30.962459
ED    4,0.00%,Henry P. Ikezi,(United Alliance),8,AD 33,2025-11-04_22:10:30.962459
ED    4,0.00%,WRITE-IN,&nbsp,-,AD 33,2025-11-04_22:10:30.962459
ED    5,0.00%,Donovan J. Richards Jr.,(Democratic),400,AD 33,2025-11-04_22:10:30.962459
ED    5,0.00%,Henry P. Ikezi,(Republican),159,AD 33,2025-11-04_22:10:30.962459
ED    5,0.00%,Henry P. Ikezi,(United Alliance),10,AD 33,2025-11-04_22:10:30.962459
ED    5,0.00%,WRITE-IN,&nbsp,-,AD 33,2025-11-04_22:10:30.962459
ED    6,0.00%,Donovan J. Richards Jr.,(Democratic),472,AD 33,2025-11-04_22:10:30.962459
ED    6,0.00%,Henry P. Ikezi,(Republican),296,AD 33,2025-11-04_22:10:30.962459
ED    6,0.00%,Henry P. Ikezi,(United Alliance),18,AD 33,2025-11-04_22:10:30.962459
ED    6,0.00%,WRITE-IN,&nbsp,-,AD 33,2025-11-04_22:10:30.962459
ED    7,0.00%,Donovan J. Richards Jr.,(Democratic),348,AD 33,2025-11-04_22:10:30.962459
ED    7,0.00%,Henry P. Ikezi,(Republican),174,AD 33,2025-11-04_22:10:30.962459
ED    7,0.00%,Henry P. Ikezi,(United Alliance),8,AD 33,2025-11-04_22:10:30.962459
ED    7,0.00%,WRITE-IN,&nbsp,1,AD 33,2025-11-04_22:10:30.962459
ED    8,0.00%,Donovan J. Richards Jr.,(Democratic),489,AD 33,2025-11-04_22:10:30.962459
ED    8,0.00%,Henry P. Ikezi,(Republican),196,AD 33,2025-11-04_22:10:30.962459
ED    8,0.00%,Henry P. Ikezi,(United Alliance),8,AD 33,2025-11-04_22:10:30.962459
ED    8,0.00%,WRITE-IN,&nbsp,-,AD 33,2025-11-04_22:10:30.962459
ED    9,0.00%,Donovan J. Richards Jr.,(Democratic),436,AD 33,2025-11-04_22:10:30.962459
ED    9,0.00%,Henry P. Ikezi,(Republican),168,AD 33,2025-11-04_22:10:30.962459
ED    9,0.00%,Henry P. Ikezi,(United Alliance),6,AD 33,2025-11-04_22:10:30.962459
ED    9,0.00%,WRITE-IN,&nbsp,-,AD 33,2025-11-04_22:10:30.962459
ED   10,0.00%,Donovan J. Richards Jr.,(Democratic),297,AD 33,2025-11-04_22:10:30.962459
ED   10,0.00%,Henry P. Ikezi,(Republican),92,AD 33,2025-11-04_22:10:30.962459
ED   10,0.00%,Henry P. Ikezi,(United Alliance),4,AD 33,2025-11-04_22:10:30.962459
ED   10,0.00%,WRITE-IN,&nbsp,-,AD 33,2025-11-04_22:10:30.962459
ED   11,0.00%,Donovan J. Richards Jr.,(Democratic),271,AD 33,2025-11-04_22:10:30.962459
ED   11,0.00%,Henry P. Ikezi,(Republican),89,AD 33,2025-11-04_22:10:30.962459
ED   11,0.00%,Henry P. Ikezi,(United Alliance),9,AD 33,2025-11-04_22:10:30.962459
ED   11,0.00%,WRITE-IN,&nbsp,-,AD 33,2025-11-04_22:10:30.962459
ED   12,0.00%,Donovan J. Richards Jr.,(Democratic),325,AD 33,2025-11-04_22:10:30.962459
ED   12,0.00%,Henry P. Ikezi,(Republican),107,AD 33,2025-11-04_22:10:30.962459
ED   12,0.00%,Henry P. Ikezi,(United Alliance),11,AD 33,2025-11-04_22:10:30.962459
ED   12,0.00%,WRITE-IN,&nbsp,-,AD 33,2025-11-04_22:10:30.962459
ED   13,0.00%,Donovan J. Richards Jr.,(Democratic),61,AD 33,2025-11-04_22:10:30.962459
ED   13,0.00%,Henry P. Ikezi,(Republican),12,AD 33,2025-11-04_22:10:30.962459
ED   13,0.00%,Henry P. Ikezi,(United Alliance),-,AD 33,2025-11-04_22:10:30.962459
ED   13,0.00%,WRITE-IN,&nbsp,-,AD 33,2025-11-04_22:10:30.962459
ED   14,0.00%,Donovan J. Richards Jr.,(Democratic),273,AD 33,2025-11-04_22:10:30.962459
ED   14,0.00%,Henry P. Ikezi,(Republican),73,AD 33,2025-11-04_22:10:30.962459
ED   14,0.00%,Henry P. Ikezi,(United Alliance),8,AD 33,2025-11-04_22:10:30.962459
ED   14,0.00%,WRITE-IN,&nbsp,-,AD 33,2025-11-04_22:10:30.962459
ED   15,0.00%,Donovan J. Richards Jr.,(Democratic),290,AD 33,2025-11-04_22:10:30.962459
ED   15,0.00%,Henry P. Ikezi,(Republican),53,AD 33,2025-11-04_22:10:30.962459
ED   15,0.00%,Henry P. Ikezi,(United Alliance),4,AD 33,2025-11-04_22:10:30.962459
ED   15,0.00%,WRITE-IN,&nbsp,-,AD 33,2025-11-04_22:10:30.962459
ED   16,0.00%,Donovan J. Richards Jr.,(Democratic),422,AD 33,2025-11-04_22:10:30.962459
ED   16,0.00%,Henry P. Ikezi,(Republican),108,AD 33,2025-11-04_22:10:30.962459
ED   16,0.00%,Henry P. Ikezi,(United Alliance),15,AD 33,2025-11-04_22:10:30.962459
ED   16,0.00%,WRITE-IN,&nbsp,1,AD 33,2025-11-04_22:10:30.962459
ED   17,0.00%,Donovan J. Richards Jr.,(Democratic),509,AD 33,2025-11-04_22:10:30.962459
ED   17,0.00%,Henry P. Ikezi,(Republican),138,AD 33,2025-11-04_22:10:30.962459
ED   17,0.00%,Henry P. Ikezi,(United Alliance),13,AD 33,2025-11-04_22:10:30.962459
ED   17,0.00%,WRITE-IN,&nbsp,-,AD 33,2025-11-04_22:10:30.962459
ED   18,0.00%,Donovan J. Richards Jr.,(Democratic),351,AD 33,2025-11-04_22:10:30.962459
ED   18,0.00%,Henry P. Ikezi,(Republican),64,AD 33,2025-11-04_22:10:30.962459
ED   18,0.00%,Henry P. Ikezi,(United Alliance),9,AD 33,2025-11-04_22:10:30.962459
ED   18,0.00%,WRITE-IN,&nbsp,-,AD 33,2025-11-04_22:10:30.962459
ED   19,0.00%,Donovan J. Richards Jr.,(Democratic),329,AD 33,2025-11-04_22:10:30.962459
ED   19,0.00%,Henry P. Ikezi,(Republican),68,AD 33,2025-11-04_22:10:30.962459
ED   19,0.00%,Henry P. Ikezi,(United Alliance),7,AD 33,2025-11-04_22:10:30.962459
ED   19,0.00%,WRITE-IN,&nbsp,-,AD 33,2025-11-04_22:10:30.962459
ED   20,0.00%,Donovan J. Richards Jr.,(Democratic),436,AD 33,2025-11-04_22:10:30.962459
ED   20,0.00%,Henry P. Ikezi,(Republican),90,AD 33,2025-11-04_22:10:30.962459
ED   20,0.00%,Henry P. Ikezi,(United Alliance),8,AD 33,2025-11-04_22:10:30.962459
ED   20,0.00%,WRITE-IN,&nbsp,-,AD 33,2025-11-04_22:10:30.962459
ED   21,0.00%,Donovan J. Richards Jr.,(Democratic),519,AD 33,2025-11-04_22:10:30.962459
ED   21,0.00%,Henry P. Ikezi,(Republican),117,AD 33,2025-11-04_22:10:30.962459
ED   21,0.00%,Henry P. Ikezi,(United Alliance),15,AD 33,2025-11-04_22:10:30.962459
ED   21,0.00%,WRITE-IN,&nbsp,-,AD 33,2025-11-04_22:10:30.962459
ED   22,0.00%,Donovan J. Richards Jr.,(Democratic),203,AD 33,2025-11-04_22:10:30.962459
ED   22,0.00%,Henry P. Ikezi,(Republican),29,AD 33,2025-11-04_22:10:30.962459
ED   22,0.00%,Henry P. Ikezi,(United Alliance),7,AD 33,2025-11-04_22:10:30.962459
ED   22,0.00%,WRITE-IN,&nbsp,-,AD 33,2025-11-04_22:10:30.962459
ED   23,0.00%,Donovan J. Richards Jr.,(Democratic),506,AD 33,2025-11-04_22:10:30.962459
ED   23,0.00%,Henry P. Ikezi,(Republican),78,AD 33,2025-11-04_22:10:30.962459
ED   23,0.00%,Henry P. Ikezi,(United Alliance),13,AD 33,2025-11-04_22:10:30.962459
ED   23,0.00%,WRITE-IN,&nbsp,2,AD 33,2025-11-04_22:10:30.962459
ED   24,0.00%,Donovan J. Richards Jr.,(Democratic),84,AD 33,2025-11-04_22:10:30.962459
ED   24,0.00%,Henry P. Ikezi,(Republican),18,AD 33,2025-11-04_22:10:30.962459
ED   24,0.00%,Henry P. Ikezi,(United Alliance),-,AD 33,2025-11-04_22:10:30.962459
ED   24,0.00%,WRITE-IN,&nbsp,-,AD 33,2025-11-04_22:10:30.962459
ED   25,0.00%,Donovan J. Richards Jr.,(Democratic),242,AD 33,2025-11-04_22:10:30.962459
ED   25,0.00%,Henry P. Ikezi,(Republican),41,AD 33,2025-11-04_22:10:30.962459
ED   25,0.00%,Henry P. Ikezi,(United Alliance),9,AD 33,2025-11-04_22:10:30.962459
ED   25,0.00%,WRITE-IN,&nbsp,-,AD 33,2025-11-04_22:10:30.962459
ED   26,0.00%,Donovan J. Richards Jr.,(Democratic),63,AD 33,2025-11-04_22:10:30.962459
ED   26,0.00%,Henry P. Ikezi,(Republican),11,AD 33,2025-11-04_22:10:30.962459
ED   26,0.00%,Henry P. Ikezi,(United Alliance),-,AD 33,2025-11-04_22:10:30.962459
ED   26,0.00%,WRITE-IN,&nbsp,-,AD 33,2025-11-04_22:10:30.962459
ED   27,0.00%,Donovan J. Richards Jr.,(Democratic),391,AD 33,2025-11-04_22:10:30.962459
ED   27,0.00%,Henry P. Ikezi,(Republican),46,AD 33,2025-11-04_22:10:30.962459
ED   27,0.00%,Henry P. Ikezi,(United Alliance),4,AD 33,2025-11-04_22:10:30.962459
ED   27,0.00%,WRITE-IN,&nbsp,1,AD 33,2025-11-04_22:10:30.962459
ED   28,0.00%,Donovan J. Richards Jr.,(Democratic),175,AD 33,2025-11-04_22:10:30.962459
ED   28,0.00%,Henry P. Ikezi,(Republican),19,AD 33,2025-11-04_22:10:30.962459
ED   28,0.00%,Henry P. Ikezi,(United Alliance),3,AD 33,2025-11-04_22:10:30.962459
ED   28,0.00%,WRITE-IN,&nbsp,1,AD 33,2025-11-04_22:10:30.962459
ED   29,0.00%,Donovan J. Richards Jr.,(Democratic),458,AD 33,2025-11-04_22:10:30.962459
ED   29,0.00%,Henry P. Ikezi,(Republican),52,AD 33,2025-11-04_22:10:30.962459
ED   29,0.00%,Henry P. Ikezi,(United Alliance),8,AD 33,2025-11-04_22:10:30.962459
ED   29,0.00%,WRITE-IN,&nbsp,1,AD 33,2025-11-04_22:10:30.962459
ED   30,0.00%,Donovan J. Richards Jr.,(Democratic),437,AD 33,2025-11-04_22:10:30.962459
ED   30,0.00%,Henry P. Ikezi,(Republican),31,AD 33,2025-11-04_22:10:30.962459
ED   30,0.00%,Henry P. Ikezi,(United Alliance),13,AD 33,2025-11-04_22:10:30.962459
ED   30,0.00%,WRITE-IN,&nbsp,-,AD 33,2025-11-04_22:10:30.962459
ED   31,0.00%,Donovan J. Richards Jr.,(Democratic),423,AD 33,2025-11-04_22:10:30.962459
ED   31,0.00%,Henry P. Ikezi,(Republican),36,AD 33,2025-11-04_22:10:30.962459
ED   31,0.00%,Henry P. Ikezi,(United Alliance),9,AD 33,2025-11-04_22:10:30.962459
ED   31,0.00%,WRITE-IN,&nbsp,2,AD 33,2025-11-04_22:10:30.962459
ED   32,0.00%,Donovan J. Richards Jr.,(Democratic),584,AD 33,2025-11-04_22:10:30.962459
ED   32,0.00%,Henry P. Ikezi,(Republican),35,AD 33,2025-11-04_22:10:30.962459
ED   32,0.00%,Henry P. Ikezi,(United Alliance),1,AD 33,2025-11-04_22:10:30.962459
ED   32,0.00%,WRITE-IN,&nbsp,1,AD 33,2025-11-04_22:10:30.962459
ED   33,0.00%,Donovan J. Richards Jr.,(Democratic),336,AD 33,2025-11-04_22:10:30.962459
ED   33,0.00%,Henry P. Ikezi,(Republican),20,AD 33,2025-11-04_22:10:30.962459
ED   33,0.00%,Henry P. Ikezi,(United Alliance),-,AD 33,2025-11-04_22:10:30.962459
ED   33,0.00%,WRITE-IN,&nbsp,1,AD 33,2025-11-04_22:10:30.962459
ED   34,0.00%,Donovan J. Richards Jr.,(Democratic),480,AD 33,2025-11-04_22:10:30.962459
ED   34,0.00%,Henry P. Ikezi,(Republican),21,AD 33,2025-11-04_22:10:30.962459
ED   34,0.00%,Henry P. Ikezi,(United Alliance),3,AD 33,2025-11-04_22:10:30.962459
ED   34,0.00%,WRITE-IN,&nbsp,-,AD 33,2025-11-04_22:10:30.962459
ED   35,0.00%,Donovan J. Richards Jr.,(Democratic),605,AD 33,2025-11-04_22:10:30.962459
ED   35,0.00%,Henry P. Ikezi,(Republican),23,AD 33,2025-11-04_22:10:30.962459
ED   35,0.00%,Henry P. Ikezi,(United Alliance),6,AD 33,2025-11-04_22:10:30.962459
ED   35,0.00%,WRITE-IN,&nbsp,-,AD 33,2025-11-04_22:10:30.962459
ED   36,0.00%,Donovan J. Richards Jr.,(Democratic),595,AD 33,2025-11-04_22:10:30.962459
ED   36,0.00%,Henry P. Ikezi,(Republican),19,AD 33,2025-11-04_22:10:30.962459
ED   36,0.00%,Henry P. Ikezi,(United Alliance),6,AD 33,2025-11-04_22:10:30.962459
ED   36,0.00%,WRITE-IN,&nbsp,1,AD 33,2025-11-04_22:10:30.962459
ED   37,0.00%,Donovan J. Richards Jr.,(Democratic),541,AD 33,2025-11-04_22:10:30.962459
ED   37,0.00%,Henry P. Ikezi,(Republican),24,AD 33,2025-11-04_22:10:30.962459
ED   37,0.00%,Henry P. Ikezi,(United Alliance),3,AD 33,2025-11-04_22:10:30.962459
ED   37,0.00%,WRITE-IN,&nbsp,-,AD 33,2025-11-04_22:10:30.962459
ED   38,0.00%,Donovan J. Richards Jr.,(Democratic),469,AD 33,2025-11-04_22:10:30.962459
ED   38,0.00%,Henry P. Ikezi,(Republican),17,AD 33,2025-11-04_22:10:30.962459
ED   38,0.00%,Henry P. Ikezi,(United Alliance),1,AD 33,2025-11-04_22:10:30.962459
ED   38,0.00%,WRITE-IN,&nbsp,1,AD 33,2025-11-04_22:10:30.962459
ED   39,0.00%,Donovan J. Richards Jr.,(Democratic),390,AD 33,2025-11-04_22:10:30.962459
ED   39,0.00%,Henry P. Ikezi,(Republican),22,AD 33,2025-11-04_22:10:30.962459
ED   39,0.00%,Henry P. Ikezi,(United Alliance),3,AD 33,2025-11-04_22:10:30.962459
ED   39,0.00%,WRITE-IN,&nbsp,-,AD 33,2025-11-04_22:10:30.962459
ED   40,0.00%,Donovan J. Richards Jr.,(Democratic),332,AD 33,2025-11-04_22:10:30.962459
ED   40,0.00%,Henry P. Ikezi,(Republican),20,AD 33,2025-11-04_22:10:30.962459
ED   40,0.00%,Henry P. Ikezi,(United Alliance),1,AD 33,2025-11-04_22:10:30.962459
ED   40,0.00%,WRITE-IN,&nbsp,2,AD 33,2025-11-04_22:10:30.962459
ED   41,0.00%,Donovan J. Richards Jr.,(Democratic),294,AD 33,2025-11-04_22:10:30.962459
ED   41,0.00%,Henry P. Ikezi,(Republican),11,AD 33,2025-11-04_22:10:30.962459
ED   41,0.00%,Henry P. Ikezi,(United Alliance),3,AD 33,2025-11-04_22:10:30.962459
ED   41,0.00%,WRITE-IN,&nbsp,1,AD 33,2025-11-04_22:10:30.962459
ED   42,0.00%,Donovan J. Richards Jr.,(Democratic),402,AD 33,2025-11-04_22:10:30.962459
ED   42,0.00%,Henry P. Ikezi,(Republican),15,AD 33,2025-11-04_22:10:30.962459
ED   42,0.00%,Henry P. Ikezi,(United Alliance),1,AD 33,2025-11-04_22:10:30.962459
ED   42,0.00%,WRITE-IN,&nbsp,-,AD 33,2025-11-04_22:10:30.962459
ED   43,0.00%,Donovan J. Richards Jr.,(Democratic),223,AD 33,2025-11-04_22:10:30.962459
ED   43,0.00%,Henry P. Ikezi,(Republican),8,AD 33,2025-11-04_22:10:30.962459
ED   43,0.00%,Henry P. Ikezi,(United Alliance),3,AD 33,2025-11-04_22:10:30.962459
ED   43,0.00%,WRITE-IN,&nbsp,-,AD 33,2025-11-04_22:10:30.962459
ED   44,0.00%,Donovan J. Richards Jr.,(Democratic),493,AD 33,2025-11-04_22:10:30.962459
ED   44,0.00%,Henry P. Ikezi,(Republican),27,AD 33,2025-11-04_22:10:30.962459
ED   44,0.00%,Henry P. Ikezi,(United Alliance),5,AD 33,2025-11-04_22:10:30.962459
ED   44,0.00%,WRITE-IN,&nbsp,-,AD 33,2025-11-04_22:10:30.962459
ED   45,0.00%,Donovan J. Richards Jr.,(Democratic),410,AD 33,2025-11-04_22:10:30.962459
ED   45,0.00%,Henry P. Ikezi,(Republican),17,AD 33,2025-11-04_22:10:30.962459
ED   45,0.00%,Henry P. Ikezi,(United Alliance),5,AD 33,2025-11-04_22:10:30.962459
ED   45,0.00%,WRITE-IN,&nbsp,-,AD 33,2025-11-04_22:10:30.962459
ED   46,0.00%,Donovan J. Richards Jr.,(Democratic),431,AD 33,2025-11-04_22:10:30.962459
ED   46,0.00%,Henry P. Ikezi,(Republican),24,AD 33,2025-11-04_22:10:30.962459
ED   46,0.00%,Henry P. Ikezi,(United Alliance),3,AD 33,2025-11-04_22:10:30.962459
ED   46,0.00%,WRITE-IN,&nbsp,-,AD 33,2025-11-04_22:10:30.962459
ED   47,0.00%,Donovan J. Richards Jr.,(Democratic),392,AD 33,2025-11-04_22:10:30.962459
ED   47,0.00%,Henry P. Ikezi,(Republican),26,AD 33,2025-11-04_22:10:30.962459
ED   47,0.00%,Henry P. Ikezi,(United Alliance),12,AD 33,2025-11-04_22:10:30.962459
ED   47,0.00%,WRITE-IN,&nbsp,-,AD 33,2025-11-04_22:10:30.962459
ED   48,0.00%,Donovan J. Richards Jr.,(Democratic),432,AD 33,2025-11-04_22:10:30.962459
ED   48,0.00%,Henry P. Ikezi,(Republican),31,AD 33,2025-11-04_22:10:30.962459
ED   48,0.00%,Henry P. Ikezi,(United Alliance),8,AD 33,2025-11-04_22:10:30.962459
ED   48,0.00%,WRITE-IN,&nbsp,-,AD 33,2025-11-04_22:10:30.962459
ED   49,0.00%,Donovan J. Richards Jr.,(Democratic),194,AD 33,2025-11-04_22:10:30.962459
ED   49,0.00%,Henry P. Ikezi,(Republican),17,AD 33,2025-11-04_22:10:30.962459
ED   49,0.00%,Henry P. Ikezi,(United Alliance),2,AD 33,2025-11-04_22:10:30.962459
ED   49,0.00%,WRITE-IN,&nbsp,-,AD 33,2025-11-04_22:10:30.962459
ED   50,0.00%,Donovan J. Richards Jr.,(Democratic),484,AD 33,2025-11-04_22:10:30.962459
ED   50,0.00%,Henry P. Ikezi,(Republican),26,AD 33,2025-11-04_22:10:30.962459
ED   50,0.00%,Henry P. Ikezi,(United Alliance),5,AD 33,2025-11-04_22:10:30.962459
ED   50,0.00%,WRITE-IN,&nbsp,1,AD 33,2025-11-04_22:10:30.962459
ED   51,0.00%,Donovan J. Richards Jr.,(Democratic),567,AD 33,2025-11-04_22:10:30.962459
ED   51,0.00%,Henry P. Ikezi,(Republican),38,AD 33,2025-11-04_22:10:30.962459
ED   51,0.00%,Henry P. Ikezi,(United Alliance),1,AD 33,2025-11-04_22:10:30.962459
ED   51,0.00%,WRITE-IN,&nbsp,2,AD 33,2025-11-04_22:10:30.962459
ED   52,0.00%,Donovan J. Richards Jr.,(Democratic),527,AD 33,2025-11-04_22:10:30.962459
ED   52,0.00%,Henry P. Ikezi,(Republican),24,AD 33,2025-11-04_22:10:30.962459
ED   52,0.00%,Henry P. Ikezi,(United Alliance),8,AD 33,2025-11-04_22:10:30.962459
ED   52,0.00%,WRITE-IN,&nbsp,1,AD 33,2025-11-04_22:10:30.962459
ED   53,0.00%,Donovan J. Richards Jr.,(Democratic),344,AD 33,2025-11-04_22:10:30.962459
ED   53,0.00%,Henry P. Ikezi,(Republican),13,AD 33,2025-11-04_22:10:30.962459
ED   53,0.00%,Henry P. Ikezi,(United Alliance),1,AD 33,2025-11-04_22:10:30.962459
ED   53,0.00%,WRITE-IN,&nbsp,1,AD 33,2025-11-04_22:10:30.962459
ED   54,0.00%,Donovan J. Richards Jr.,(Democratic),367,AD 33,2025-11-04_22:10:30.962459
ED   54,0.00%,Henry P. Ikezi,(Republican),26,AD 33,2025-11-04_22:10:30.962459
ED   54,0.00%,Henry P. Ikezi,(United Alliance),1,AD 33,2025-11-04_22:10:30.962459
ED   54,0.00%,WRITE-IN,&nbsp,1,AD 33,2025-11-04_22:10:30.962459
ED   55,0.00%,Donovan J. Richards Jr.,(Democratic),283,AD 33,2025-11-04_22:10:30.962459
ED   55,0.00%,Henry P. Ikezi,(Republican),22,AD 33,2025-11-04_22:10:30.962459
ED   55,0.00%,Henry P. Ikezi,(United Alliance),6,AD 33,2025-11-04_22:10:30.962459
ED   55,0.00%,WRITE-IN,&nbsp,1,AD 33,2025-11-04_22:10:30.962459
ED   56,0.00%,Donovan J. Richards Jr.,(Democratic),515,AD 33,2025-11-04_22:10:30.962459
ED   56,0.00%,Henry P. Ikezi,(Republican),24,AD 33,2025-11-04_22:10:30.962459
ED   56,0.00%,Henry P. Ikezi,(United Alliance),1,AD 33,2025-11-04_22:10:30.962459
ED   56,0.00%,WRITE-IN,&nbsp,-,AD 33,2025-11-04_22:10:30.962459
ED   57,0.00%,Donovan J. Richards Jr.,(Democratic),361,AD 33,2025-11-04_22:10:30.962459
ED   57,0.00%,Henry P. Ikezi,(Republican),19,AD 33,2025-11-04_22:10:30.962459
ED   57,0.00%,Henry P. Ikezi,(United Alliance),4,AD 33,2025-11-04_22:10:30.962459
ED   57,0.00%,WRITE-IN,&nbsp,1,AD 33,2025-11-04_22:10:30.962459
ED   58,0.00%,Donovan J. Richards Jr.,(Democratic),378,AD 33,2025-11-04_22:10:30.962459
ED   58,0.00%,Henry P. Ikezi,(Republican),48,AD 33,2025-11-04_22:10:30.962459
ED   58,0.00%,Henry P. Ikezi,(United Alliance),6,AD 33,2025-11-04_22:10:30.962459
ED   58,0.00%,WRITE-IN,&nbsp,-,AD 33,2025-11-04_22:10:30.962459
ED   59,0.00%,Donovan J. Richards Jr.,(Democratic),263,AD 33,2025-11-04_22:10:30.962459
ED   59,0.00%,Henry P. Ikezi,(Republican),27,AD 33,2025-11-04_22:10:30.962459
ED   59,0.00%,Henry P. Ikezi,(United Alliance),5,AD 33,2025-11-04_22:10:30.962459
ED   59,0.00%,WRITE-IN,&nbsp,-,AD 33,2025-11-04_22:10:30.962459
ED   60,0.00%,Donovan J. Richards Jr.,(Democratic),347,AD 33,2025-11-04_22:10:30.962459
ED   60,0.00%,Henry P. Ikezi,(Republican),20,AD 33,2025-11-04_22:10:30.962459
ED   60,0.00%,Henry P. Ikezi,(United Alliance),12,AD 33,2025-11-04_22:10:30.962459
ED   60,0.00%,WRITE-IN,&nbsp,1,AD 33,2025-11-04_22:10:30.962459
ED   61,0.00%,Donovan J. Richards Jr.,(Democratic),395,AD 33,2025-11-04_22:10:30.962459
ED   61,0.00%,Henry P. Ikezi,(Republican),44,AD 33,2025-11-04_22:10:30.962459
ED   61,0.00%,Henry P. Ikezi,(United Alliance),8,AD 33,2025-11-04_22:10:30.962459
ED   61,0.00%,WRITE-IN,&nbsp,-,AD 33,2025-11-04_22:10:30.962459
ED   62,0.00%,Donovan J. Richards Jr.,(Democratic),236,AD 33,2025-11-04_22:10:30.962459
ED   62,0.00%,Henry P. Ikezi,(Republican),11,AD 33,2025-11-04_22:10:30.962459
ED   62,0.00%,Henry P. Ikezi,(United Alliance),3,AD 33,2025-11-04_22:10:30.962459
ED   62,0.00%,WRITE-IN,&nbsp,-,AD 33,2025-11-04_22:10:30.962459
ED   63,0.00%,Donovan J. Richards Jr.,(Democratic),249,AD 33,2025-11-04_22:10:30.962459
ED   63,0.00%,Henry P. Ikezi,(Republican),35,AD 33,2025-11-04_22:10:30.962459
ED   63,0.00%,Henry P. Ikezi,(United Alliance),6,AD 33,2025-11-04_22:10:30.962459
ED   63,0.00%,WRITE-IN,&nbsp,1,AD 33,2025-11-04_22:10:30.962459
ED   64,0.00%,Donovan J. Richards Jr.,(Democratic),367,AD 33,2025-11-04_22:10:30.962459
ED   64,0.00%,Henry P. Ikezi,(Republican),27,AD 33,2025-11-04_22:10:30.962459
ED   64,0.00%,Henry P. Ikezi,(United Alliance),11,AD 33,2025-11-04_22:10:30.962459
ED   64,0.00%,WRITE-IN,&nbsp,-,AD 33,2025-11-04_22:10:30.962459
Total,,Donovan J. Richards Jr.,(Democratic),24314,AD 33,2025-11-04_22:10:30.962459
Total,,Henry P. Ikezi,(Republican),4088,AD 33,2025-11-04_22:10:30.962459
Total,,Henry P. Ikezi,(United Alliance),408,AD 33,2025-11-04_22:10:30.962459
Total,,WRITE-IN,&nbsp,32,AD 33,2025-11-04_22:10:30.962459
ED    1,0.00%,Donovan J. Richards Jr.,(Democratic),304,AD 34,2025-11-04_22:10:30.962459
ED    1,0.00%,Henry P. Ikezi,(Republican),105,AD 34,2025-11-04_22:10:30.962459
ED    1,0.00%,Henry P. Ikezi,(United Alliance),3,AD 34,2025-11-04_22:10:30.962459
ED    1,0.00%,WRITE-IN,&nbsp,2,AD 34,2025-11-04_22:10:30.962459
ED    2,0.00%,Donovan J. Richards Jr.,(Democratic),77,AD 34,2025-11-04_22:10:30.962459
ED    2,0.00%,Henry P. Ikezi,(Republican),30,AD 34,2025-11-04_22:10:30.962459
ED    2,0.00%,Henry P. Ikezi,(United Alliance),3,AD 34,2025-11-04_22:10:30.962459
ED    2,0.00%,WRITE-IN,&nbsp,-,AD 34,2025-11-04_22:10:30.962459
ED    3,0.00%,Donovan J. Richards Jr.,(Democratic),354,AD 34,2025-11-04_22:10:30.962459
ED    3,0.00%,Henry P. Ikezi,(Republican),123,AD 34,2025-11-04_22:10:30.962459
ED    3,0.00%,Henry P. Ikezi,(United Alliance),6,AD 34,2025-11-04_22:10:30.962459
ED    3,0.00%,WRITE-IN,&nbsp,-,AD 34,2025-11-04_22:10:30.962459
ED    4,0.00%,Donovan J. Richards Jr.,(Democratic),511,AD 34,2025-11-04_22:10:30.962459
ED    4,0.00%,Henry P. Ikezi,(Republican),122,AD 34,2025-11-04_22:10:30.962459
ED    4,0.00%,Henry P. Ikezi,(United Alliance),6,AD 34,2025-11-04_22:10:30.962459
ED    4,0.00%,WRITE-IN,&nbsp,1,AD 34,2025-11-04_22:10:30.962459
ED    5,0.00%,Donovan J. Richards Jr.,(Democratic),591,AD 34,2025-11-04_22:10:30.962459
ED    5,0.00%,Henry P. Ikezi,(Republican),147,AD 34,2025-11-04_22:10:30.962459
ED    5,0.00%,Henry P. Ikezi,(United Alliance),5,AD 34,2025-11-04_22:10:30.962459
ED    5,0.00%,WRITE-IN,&nbsp,1,AD 34,2025-11-04_22:10:30.962459
ED    6,0.00%,Donovan J. Richards Jr.,(Democratic),43,AD 34,2025-11-04_22:10:30.962459
ED    6,0.00%,Henry P. Ikezi,(Republican),17,AD 34,2025-11-04_22:10:30.962459
ED    6,0.00%,Henry P. Ikezi,(United Alliance),3,AD 34,2025-11-04_22:10:30.962459
ED    6,0.00%,WRITE-IN,&nbsp,-,AD 34,2025-11-04_22:10:30.962459
ED    7,0.00%,Donovan J. Richards Jr.,(Democratic),279,AD 34,2025-11-04_22:10:30.962459
ED    7,0.00%,Henry P. Ikezi,(Republican),47,AD 34,2025-11-04_22:10:30.962459
ED    7,0.00%,Henry P. Ikezi,(United Alliance),3,AD 34,2025-11-04_22:10:30.962459
ED    7,0.00%,WRITE-IN,&nbsp,-,AD 34,2025-11-04_22:10:30.962459
ED    8,0.00%,Donovan J. Richards Jr.,(Democratic),583,AD 34,2025-11-04_22:10:30.962459
ED    8,0.00%,Henry P. Ikezi,(Republican),159,AD 34,2025-11-04_22:10:30.962459
ED    8,0.00%,Henry P. Ikezi,(United Alliance),10,AD 34,2025-11-04_22:10:30.962459
ED    8,0.00%,WRITE-IN,&nbsp,5,AD 34,2025-11-04_22:10:30.962459
ED    9,0.00%,Donovan J. Richards Jr.,(Democratic),254,AD 34,2025-11-04_22:10:30.962459
ED    9,0.00%,Henry P. Ikezi,(Republican),76,AD 34,2025-11-04_22:10:30.962459
ED    9,0.00%,Henry P. Ikezi,(United Alliance),1,AD 34,2025-11-04_22:10:30.962459
ED    9,0.00%,WRITE-IN,&nbsp,1,AD 34,2025-11-04_22:10:30.962459
ED   10,0.00%,Donovan J. Richards Jr.,(Democratic),279,AD 34,2025-11-04_22:10:30.962459
ED   10,0.00%,Henry P. Ikezi,(Republican),86,AD 34,2025-11-04_22:10:30.962459
ED   10,0.00%,Henry P. Ikezi,(United Alliance),7,AD 34,2025-11-04_22:10:30.962459
ED   10,0.00%,WRITE-IN,&nbsp,1,AD 34,2025-11-04_22:10:30.962459
ED   11,0.00%,Donovan J. Richards Jr.,(Democratic),156,AD 34,2025-11-04_22:10:30.962459
ED   11,0.00%,Henry P. Ikezi,(Republican),44,AD 34,2025-11-04_22:10:30.962459
ED   11,0.00%,Henry P. Ikezi,(United Alliance),7,AD 34,2025-11-04_22:10:30.962459
ED   11,0.00%,WRITE-IN,&nbsp,-,AD 34,2025-11-04_22:10:30.962459
ED   12,0.00%,Donovan J. Richards Jr.,(Democratic),686,AD 34,2025-11-04_22:10:30.962459
ED   12,0.00%,Henry P. Ikezi,(Republican),156,AD 34,2025-11-04_22:10:30.962459
ED   12,0.00%,Henry P. Ikezi,(United Alliance),6,AD 34,2025-11-04_22:10:30.962459
ED   12,0.00%,WRITE-IN,&nbsp,2,AD 34,2025-11-04_22:10:30.962459
ED   13,0.00%,Donovan J. Richards Jr.,(Democratic),574,AD 34,2025-11-04_22:10:30.962459
ED   13,0.00%,Henry P. Ikezi,(Republican),167,AD 34,2025-11-04_22:10:30.962459
ED   13,0.00%,Henry P. Ikezi,(United Alliance),6,AD 34,2025-11-04_22:10:30.962459
ED   13,0.00%,WRITE-IN,&nbsp,3,AD 34,2025-11-04_22:10:30.962459
ED   14,0.00%,Donovan J. Richards Jr.,(Democratic),276,AD 34,2025-11-04_22:10:30.962459
ED   14,0.00%,Henry P. Ikezi,(Republican),78,AD 34,2025-11-04_22:10:30.962459
ED   14,0.00%,Henry P. Ikezi,(United Alliance),2,AD 34,2025-11-04_22:10:30.962459
ED   14,0.00%,WRITE-IN,&nbsp,-,AD 34,2025-11-04_22:10:30.962459
ED   15,0.00%,Donovan J. Richards Jr.,(Democratic),73,AD 34,2025-11-04_22:10:30.962459
ED   15,0.00%,Henry P. Ikezi,(Republican),62,AD 34,2025-11-04_22:10:30.962459
ED   15,0.00%,Henry P. Ikezi,(United Alliance),1,AD 34,2025-11-04_22:10:30.962459
ED   15,0.00%,WRITE-IN,&nbsp,-,AD 34,2025-11-04_22:10:30.962459
ED   16,0.00%,Donovan J. Richards Jr.,(Democratic),111,AD 34,2025-11-04_22:10:30.962459
ED   16,0.00%,Henry P. Ikezi,(Republican),98,AD 34,2025-11-04_22:10:30.962459
ED   16,0.00%,Henry P. Ikezi,(United Alliance),5,AD 34,2025-11-04_22:10:30.962459
ED   16,0.00%,WRITE-IN,&nbsp,-,AD 34,2025-11-04_22:10:30.962459
ED   17,0.00%,Donovan J. Richards Jr.,(Democratic),402,AD 34,2025-11-04_22:10:30.962459
ED   17,0.00%,Henry P. Ikezi,(Republican),124,AD 34,2025-11-04_22:10:30.962459
ED   17,0.00%,Henry P. Ikezi,(United Alliance),9,AD 34,2025-11-04_22:10:30.962459
ED   17,0.00%,WRITE-IN,&nbsp,1,AD 34,2025-11-04_22:10:30.962459
ED   18,0.00%,Donovan J. Richards Jr.,(Democratic),496,AD 34,2025-11-04_22:10:30.962459
ED   18,0.00%,Henry P. Ikezi,(Republican),132,AD 34,2025-11-04_22:10:30.962459
ED   18,0.00%,Henry P. Ikezi,(United Alliance),9,AD 34,2025-11-04_22:10:30.962459
ED   18,0.00%,WRITE-IN,&nbsp,5,AD 34,2025-11-04_22:10:30.962459
ED   19,0.00%,Donovan J. Richards Jr.,(Democratic),566,AD 34,2025-11-04_22:10:30.962459
ED   19,0.00%,Henry P. Ikezi,(Republican),133,AD 34,2025-11-04_22:10:30.962459
ED   19,0.00%,Henry P. Ikezi,(United Alliance),7,AD 34,2025-11-04_22:10:30.962459
ED   19,0.00%,WRITE-IN,&nbsp,1,AD 34,2025-11-04_22:10:30.962459
ED   20,0.00%,Donovan J. Richards Jr.,(Democratic),590,AD 34,2025-11-04_22:10:30.962459
ED   20,0.00%,Henry P. Ikezi,(Republican),184,AD 34,2025-11-04_22:10:30.962459
ED   20,0.00%,Henry P. Ikezi,(United Alliance),7,AD 34,2025-11-04_22:10:30.962459
ED   20,0.00%,WRITE-IN,&nbsp,2,AD 34,2025-11-04_22:10:30.962459
ED   21,0.00%,Donovan J. Richards Jr.,(Democratic),298,AD 34,2025-11-04_22:10:30.962459
ED   21,0.00%,Henry P. Ikezi,(Republican),41,AD 34,2025-11-04_22:10:30.962459
ED   21,0.00%,Henry P. Ikezi,(United Alliance),5,AD 34,2025-11-04_22:10:30.962459
ED   21,0.00%,WRITE-IN,&nbsp,-,AD 34,2025-11-04_22:10:30.962459
ED   22,0.00%,Donovan J. Richards Jr.,(Democratic),165,AD 34,2025-11-04_22:10:30.962459
ED   22,0.00%,Henry P. Ikezi,(Republican),35,AD 34,2025-11-04_22:10:30.962459
ED   22,0.00%,Henry P. Ikezi,(United Alliance),5,AD 34,2025-11-04_22:10:30.962459
ED   22,0.00%,WRITE-IN,&nbsp,-,AD 34,2025-11-04_22:10:30.962459
ED   23,0.00%,Donovan J. Richards Jr.,(Democratic),177,AD 34,2025-11-04_22:10:30.962459
ED   23,0.00%,Henry P. Ikezi,(Republican),47,AD 34,2025-11-04_22:10:30.962459
ED   23,0.00%,Henry P. Ikezi,(United Alliance),1,AD 34,2025-11-04_22:10:30.962459
ED   23,0.00%,WRITE-IN,&nbsp,-,AD 34,2025-11-04_22:10:30.962459
ED   24,0.00%,Donovan J. Richards Jr.,(Democratic),480,AD 34,2025-11-04_22:10:30.962459
ED   24,0.00%,Henry P. Ikezi,(Republican),156,AD 34,2025-11-04_22:10:30.962459
ED   24,0.00%,Henry P. Ikezi,(United Alliance),5,AD 34,2025-11-04_22:10:30.962459
ED   24,0.00%,WRITE-IN,&nbsp,4,AD 34,2025-11-04_22:10:30.962459
ED   25,0.00%,Donovan J. Richards Jr.,(Democratic),521,AD 34,2025-11-04_22:10:30.962459
ED   25,0.00%,Henry P. Ikezi,(Republican),178,AD 34,2025-11-04_22:10:30.962459
ED   25,0.00%,Henry P. Ikezi,(United Alliance),5,AD 34,2025-11-04_22:10:30.962459
ED   25,0.00%,WRITE-IN,&nbsp,-,AD 34,2025-11-04_22:10:30.962459
ED   26,0.00%,Donovan J. Richards Jr.,(Democratic),57,AD 34,2025-11-04_22:10:30.962459
ED   26,0.00%,Henry P. Ikezi,(Republican),24,AD 34,2025-11-04_22:10:30.962459
ED   26,0.00%,Henry P. Ikezi,(United Alliance),2,AD 34,2025-11-04_22:10:30.962459
ED   26,0.00%,WRITE-IN,&nbsp,-,AD 34,2025-11-04_22:10:30.962459
ED   27,0.00%,Donovan J. Richards Jr.,(Democratic),246,AD 34,2025-11-04_22:10:30.962459
ED   27,0.00%,Henry P. Ikezi,(Republican),167,AD 34,2025-11-04_22:10:30.962459
ED   27,0.00%,Henry P. Ikezi,(United Alliance),5,AD 34,2025-11-04_22:10:30.962459
ED   27,0.00%,WRITE-IN,&nbsp,1,AD 34,2025-11-04_22:10:30.962459
ED   28,0.00%,Donovan J. Richards Jr.,(Democratic),158,AD 34,2025-11-04_22:10:30.962459
ED   28,0.00%,Henry P. Ikezi,(Republican),42,AD 34,2025-11-04_22:10:30.962459
ED   28,0.00%,Henry P. Ikezi,(United Alliance),12,AD 34,2025-11-04_22:10:30.962459
ED   28,0.00%,WRITE-IN,&nbsp,1,AD 34,2025-11-04_22:10:30.962459
ED   29,0.00%,Donovan J. Richards Jr.,(Democratic),249,AD 34,2025-11-04_22:10:30.962459
ED   29,0.00%,Henry P. Ikezi,(Republican),104,AD 34,2025-11-04_22:10:30.962459
ED   29,0.00%,Henry P. Ikezi,(United Alliance),7,AD 34,2025-11-04_22:10:30.962459
ED   29,0.00%,WRITE-IN,&nbsp,2,AD 34,2025-11-04_22:10:30.962459
ED   30,0.00%,Donovan J. Richards Jr.,(Democratic),261,AD 34,2025-11-04_22:10:30.962459
ED   30,0.00%,Henry P. Ikezi,(Republican),116,AD 34,2025-11-04_22:10:30.962459
ED   30,0.00%,Henry P. Ikezi,(United Alliance),5,AD 34,2025-11-04_22:10:30.962459
ED   30,0.00%,WRITE-IN,&nbsp,-,AD 34,2025-11-04_22:10:30.962459
ED   31,0.00%,Donovan J. Richards Jr.,(Democratic),418,AD 34,2025-11-04_22:10:30.962459
ED   31,0.00%,Henry P. Ikezi,(Republican),136,AD 34,2025-11-04_22:10:30.962459
ED   31,0.00%,Henry P. Ikezi,(United Alliance),8,AD 34,2025-11-04_22:10:30.962459
ED   31,0.00%,WRITE-IN,&nbsp,2,AD 34,2025-11-04_22:10:30.962459
ED   32,0.00%,Donovan J. Richards Jr.,(Democratic),234,AD 34,2025-11-04_22:10:30.962459
ED   32,0.00%,Henry P. Ikezi,(Republican),91,AD 34,2025-11-04_22:10:30.962459
ED   32,0.00%,Henry P. Ikezi,(United Alliance),6,AD 34,2025-11-04_22:10:30.962459
ED   32,0.00%,WRITE-IN,&nbsp,2,AD 34,2025-11-04_22:10:30.962459
ED   33,0.00%,Donovan J. Richards Jr.,(Democratic),169,AD 34,2025-11-04_22:10:30.962459
ED   33,0.00%,Henry P. Ikezi,(Republican),49,AD 34,2025-11-04_22:10:30.962459
ED   33,0.00%,Henry P. Ikezi,(United Alliance),5,AD 34,2025-11-04_22:10:30.962459
ED   33,0.00%,WRITE-IN,&nbsp,-,AD 34,2025-11-04_22:10:30.962459
ED   34,0.00%,Donovan J. Richards Jr.,(Democratic),326,AD 34,2025-11-04_22:10:30.962459
ED   34,0.00%,Henry P. Ikezi,(Republican),97,AD 34,2025-11-04_22:10:30.962459
ED   34,0.00%,Henry P. Ikezi,(United Alliance),2,AD 34,2025-11-04_22:10:30.962459
ED   34,0.00%,WRITE-IN,&nbsp,-,AD 34,2025-11-04_22:10:30.962459
ED   35,0.00%,Donovan J. Richards Jr.,(Democratic),198,AD 34,2025-11-04_22:10:30.962459
ED   35,0.00%,Henry P. Ikezi,(Republican),72,AD 34,2025-11-04_22:10:30.962459
ED   35,0.00%,Henry P. Ikezi,(United Alliance),9,AD 34,2025-11-04_22:10:30.962459
ED   35,0.00%,WRITE-IN,&nbsp,4,AD 34,2025-11-04_22:10:30.962459
ED   36,0.00%,Donovan J. Richards Jr.,(Democratic),435,AD 34,2025-11-04_22:10:30.962459
ED   36,0.00%,Henry P. Ikezi,(Republican),135,AD 34,2025-11-04_22:10:30.962459
ED   36,0.00%,Henry P. Ikezi,(United Alliance),12,AD 34,2025-11-04_22:10:30.962459
ED   36,0.00%,WRITE-IN,&nbsp,2,AD 34,2025-11-04_22:10:30.962459
ED   37,0.00%,Donovan J. Richards Jr.,(Democratic),207,AD 34,2025-11-04_22:10:30.962459
ED   37,0.00%,Henry P. Ikezi,(Republican),65,AD 34,2025-11-04_22:10:30.962459
ED   37,0.00%,Henry P. Ikezi,(United Alliance),7,AD 34,2025-11-04_22:10:30.962459
ED   37,0.00%,WRITE-IN,&nbsp,1,AD 34,2025-11-04_22:10:30.962459
ED   38,0.00%,Donovan J. Richards Jr.,(Democratic),87,AD 34,2025-11-04_22:10:30.962459
ED   38,0.00%,Henry P. Ikezi,(Republican),18,AD 34,2025-11-04_22:10:30.962459
ED   38,0.00%,Henry P. Ikezi,(United Alliance),1,AD 34,2025-11-04_22:10:30.962459
ED   38,0.00%,WRITE-IN,&nbsp,1,AD 34,2025-11-04_22:10:30.962459
ED   39,0.00%,Donovan J. Richards Jr.,(Democratic),467,AD 34,2025-11-04_22:10:30.962459
ED   39,0.00%,Henry P. Ikezi,(Republican),115,AD 34,2025-11-04_22:10:30.962459
ED   39,0.00%,Henry P. Ikezi,(United Alliance),8,AD 34,2025-11-04_22:10:30.962459
ED   39,0.00%,WRITE-IN,&nbsp,2,AD 34,2025-11-04_22:10:30.962459
ED   40,0.00%,Donovan J. Richards Jr.,(Democratic),235,AD 34,2025-11-04_22:10:30.962459
ED   40,0.00%,Henry P. Ikezi,(Republican),87,AD 34,2025-11-04_22:10:30.962459
ED   40,0.00%,Henry P. Ikezi,(United Alliance),7,AD 34,2025-11-04_22:10:30.962459
ED   40,0.00%,WRITE-IN,&nbsp,1,AD 34,2025-11-04_22:10:30.962459
ED   41,0.00%,Donovan J. Richards Jr.,(Democratic),478,AD 34,2025-11-04_22:10:30.962459
ED   41,0.00%,Henry P. Ikezi,(Republican),153,AD 34,2025-11-04_22:10:30.962459
ED   41,0.00%,Henry P. Ikezi,(United Alliance),7,AD 34,2025-11-04_22:10:30.962459
ED   41,0.00%,WRITE-IN,&nbsp,4,AD 34,2025-11-04_22:10:30.962459
ED   42,0.00%,Donovan J. Richards Jr.,(Democratic),332,AD 34,2025-11-04_22:10:30.962459
ED   42,0.00%,Henry P. Ikezi,(Republican),106,AD 34,2025-11-04_22:10:30.962459
ED   42,0.00%,Henry P. Ikezi,(United Alliance),4,AD 34,2025-11-04_22:10:30.962459
ED   42,0.00%,WRITE-IN,&nbsp,3,AD 34,2025-11-04_22:10:30.962459
ED   43,0.00%,Donovan J. Richards Jr.,(Democratic),320,AD 34,2025-11-04_22:10:30.962459
ED   43,0.00%,Henry P. Ikezi,(Republican),88,AD 34,2025-11-04_22:10:30.962459
ED   43,0.00%,Henry P. Ikezi,(United Alliance),14,AD 34,2025-11-04_22:10:30.962459
ED   43,0.00%,WRITE-IN,&nbsp,-,AD 34,2025-11-04_22:10:30.962459
ED   44,0.00%,Donovan J. Richards Jr.,(Democratic),348,AD 34,2025-11-04_22:10:30.962459
ED   44,0.00%,Henry P. Ikezi,(Republican),108,AD 34,2025-11-04_22:10:30.962459
ED   44,0.00%,Henry P. Ikezi,(United Alliance),16,AD 34,2025-11-04_22:10:30.962459
ED   44,0.00%,WRITE-IN,&nbsp,-,AD 34,2025-11-04_22:10:30.962459
ED   45,0.00%,Donovan J. Richards Jr.,(Democratic),151,AD 34,2025-11-04_22:10:30.962459
ED   45,0.00%,Henry P. Ikezi,(Republican),40,AD 34,2025-11-04_22:10:30.962459
ED   45,0.00%,Henry P. Ikezi,(United Alliance),11,AD 34,2025-11-04_22:10:30.962459
ED   45,0.00%,WRITE-IN,&nbsp,3,AD 34,2025-11-04_22:10:30.962459
ED   46,0.00%,Donovan J. Richards Jr.,(Democratic),446,AD 34,2025-11-04_22:10:30.962459
ED   46,0.00%,Henry P. Ikezi,(Republican),154,AD 34,2025-11-04_22:10:30.962459
ED   46,0.00%,Henry P. Ikezi,(United Alliance),8,AD 34,2025-11-04_22:10:30.962459
ED   46,0.00%,WRITE-IN,&nbsp,-,AD 34,2025-11-04_22:10:30.962459
ED   47,0.00%,Donovan J. Richards Jr.,(Democratic),390,AD 34,2025-11-04_22:10:30.962459
ED   47,0.00%,Henry P. Ikezi,(Republican),159,AD 34,2025-11-04_22:10:30.962459
ED   47,0.00%,Henry P. Ikezi,(United Alliance),9,AD 34,2025-11-04_22:10:30.962459
ED   47,0.00%,WRITE-IN,&nbsp,2,AD 34,2025-11-04_22:10:30.962459
ED   48,0.00%,Donovan J. Richards Jr.,(Democratic),261,AD 34,2025-11-04_22:10:30.962459
ED   48,0.00%,Henry P. Ikezi,(Republican),71,AD 34,2025-11-04_22:10:30.962459
ED   48,0.00%,Henry P. Ikezi,(United Alliance),8,AD 34,2025-11-04_22:10:30.962459
ED   48,0.00%,WRITE-IN,&nbsp,3,AD 34,2025-11-04_22:10:30.962459
ED   49,0.00%,Donovan J. Richards Jr.,(Democratic),475,AD 34,2025-11-04_22:10:30.962459
ED   49,0.00%,Henry P. Ikezi,(Republican),136,AD 34,2025-11-04_22:10:30.962459
ED   49,0.00%,Henry P. Ikezi,(United Alliance),15,AD 34,2025-11-04_22:10:30.962459
ED   49,0.00%,WRITE-IN,&nbsp,5,AD 34,2025-11-04_22:10:30.962459
ED   50,0.00%,Donovan J. Richards Jr.,(Democratic),74,AD 34,2025-11-04_22:10:30.962459
ED   50,0.00%,Henry P. Ikezi,(Republican),23,AD 34,2025-11-04_22:10:30.962459
ED   50,0.00%,Henry P. Ikezi,(United Alliance),6,AD 34,2025-11-04_22:10:30.962459
ED   50,0.00%,WRITE-IN,&nbsp,1,AD 34,2025-11-04_22:10:30.962459
ED   51,0.00%,Donovan J. Richards Jr.,(Democratic),376,AD 34,2025-11-04_22:10:30.962459
ED   51,0.00%,Henry P. Ikezi,(Republican),122,AD 34,2025-11-04_22:10:30.962459
ED   51,0.00%,Henry P. Ikezi,(United Alliance),10,AD 34,2025-11-04_22:10:30.962459
ED   51,0.00%,WRITE-IN,&nbsp,3,AD 34,2025-11-04_22:10:30.962459
ED   52,0.00%,Donovan J. Richards Jr.,(Democratic),456,AD 34,2025-11-04_22:10:30.962459
ED   52,0.00%,Henry P. Ikezi,(Republican),109,AD 34,2025-11-04_22:10:30.962459
ED   52,0.00%,Henry P. Ikezi,(United Alliance),22,AD 34,2025-11-04_22:10:30.962459
ED   52,0.00%,WRITE-IN,&nbsp,-,AD 34,2025-11-04_22:10:30.962459
ED   53,0.00%,Donovan J. Richards Jr.,(Democratic),4,AD 34,2025-11-04_22:10:30.962459
ED   53,0.00%,Henry P. Ikezi,(Republican),-,AD 34,2025-11-04_22:10:30.962459
ED   53,0.00%,Henry P. Ikezi,(United Alliance),-,AD 34,2025-11-04_22:10:30.962459
ED   53,0.00%,WRITE-IN,&nbsp,-,AD 34,2025-11-04_22:10:30.962459
ED   54,0.00%,Donovan J. Richards Jr.,(Democratic),234,AD 34,2025-11-04_22:10:30.962459
ED   54,0.00%,Henry P. Ikezi,(Republican),97,AD 34,2025-11-04_22:10:30.962459
ED   54,0.00%,Henry P. Ikezi,(United Alliance),11,AD 34,2025-11-04_22:10:30.962459
ED   54,0.00%,WRITE-IN,&nbsp,2,AD 34,2025-11-04_22:10:30.962459
ED   55,0.00%,Donovan J. Richards Jr.,(Democratic),102,AD 34,2025-11-04_22:10:30.962459
ED   55,0.00%,Henry P. Ikezi,(Republican),20,AD 34,2025-11-04_22:10:30.962459
ED   55,0.00%,Henry P. Ikezi,(United Alliance),3,AD 34,2025-11-04_22:10:30.962459
ED   55,0.00%,WRITE-IN,&nbsp,-,AD 34,2025-11-04_22:10:30.962459
ED   56,0.00%,Donovan J. Richards Jr.,(Democratic),252,AD 34,2025-11-04_22:10:30.962459
ED   56,0.00%,Henry P. Ikezi,(Republican),89,AD 34,2025-11-04_22:10:30.962459
ED   56,0.00%,Henry P. Ikezi,(United Alliance),11,AD 34,2025-11-04_22:10:30.962459
ED   56,0.00%,WRITE-IN,&nbsp,-,AD 34,2025-11-04_22:10:30.962459
ED   57,0.00%,Donovan J. Richards Jr.,(Democratic),18,AD 34,2025-11-04_22:10:30.962459
ED   57,0.00%,Henry P. Ikezi,(Republican),10,AD 34,2025-11-04_22:10:30.962459
ED   57,0.00%,Henry P. Ikezi,(United Alliance),-,AD 34,2025-11-04_22:10:30.962459
ED   57,0.00%,WRITE-IN,&nbsp,-,AD 34,2025-11-04_22:10:30.962459
ED   58,0.00%,Donovan J. Richards Jr.,(Democratic),-,AD 34,2025-11-04_22:10:30.962459
ED   58,0.00%,Henry P. Ikezi,(Republican),-,AD 34,2025-11-04_22:10:30.962459
ED   58,0.00%,Henry P. Ikezi,(United Alliance),-,AD 34,2025-11-04_22:10:30.962459
ED   58,0.00%,WRITE-IN,&nbsp,-,AD 34,2025-11-04_22:10:30.962459
ED   59,0.00%,Donovan J. Richards Jr.,(Democratic),-,AD 34,2025-11-04_22:10:30.962459
ED   59,0.00%,Henry P. Ikezi,(Republican),-,AD 34,2025-11-04_22:10:30.962459
ED   59,0.00%,Henry P. Ikezi,(United Alliance),-,AD 34,2025-11-04_22:10:30.962459
ED   59,0.00%,WRITE-IN,&nbsp,-,AD 34,2025-11-04_22:10:30.962459
ED   60,0.00%,Donovan J. Richards Jr.,(Democratic),-,AD 34,2025-11-04_22:10:30.962459
ED   60,0.00%,Henry P. Ikezi,(Republican),-,AD 34,2025-11-04_22:10:30.962459
ED   60,0.00%,Henry P. Ikezi,(United Alliance),-,AD 34,2025-11-04_22:10:30.962459
ED   60,0.00%,WRITE-IN,&nbsp,-,AD 34,2025-11-04_22:10:30.962459
Total,,Donovan J. Richards Jr.,(Democratic),17310,AD 34,2025-11-04_22:10:30.962459
Total,,Henry P. Ikezi,(Republican),5350,AD 34,2025-11-04_22:10:30.962459
Total,,Henry P. Ikezi,(United Alliance),378,AD 34,2025-11-04_22:10:30.962459
Total,,WRITE-IN,&nbsp,74,AD 34,2025-11-04_22:10:30.962459
ED    1,0.00%,Donovan J. Richards Jr.,(Democratic),234,AD 35,2025-11-04_22:10:30.962459
ED    1,0.00%,Henry P. Ikezi,(Republican),175,AD 35,2025-11-04_22:10:30.962459
ED    1,0.00%,Henry P. Ikezi,(United Alliance),5,AD 35,2025-11-04_22:10:30.962459
ED    1,0.00%,WRITE-IN,&nbsp,1,AD 35,2025-11-04_22:10:30.962459
ED    2,0.00%,Donovan J. Richards Jr.,(Democratic),210,AD 35,2025-11-04_22:10:30.962459
ED    2,0.00%,Henry P. Ikezi,(Republican),91,AD 35,2025-11-04_22:10:30.962459
ED    2,0.00%,Henry P. Ikezi,(United Alliance),4,AD 35,2025-11-04_22:10:30.962459
ED    2,0.00%,WRITE-IN,&nbsp,-,AD 35,2025-11-04_22:10:30.962459
ED    3,0.00%,Donovan J. Richards Jr.,(Democratic),224,AD 35,2025-11-04_22:10:30.962459
ED    3,0.00%,Henry P. Ikezi,(Republican),53,AD 35,2025-11-04_22:10:30.962459
ED    3,0.00%,Henry P. Ikezi,(United Alliance),2,AD 35,2025-11-04_22:10:30.962459
ED    3,0.00%,WRITE-IN,&nbsp,-,AD 35,2025-11-04_22:10:30.962459
ED    4,0.00%,Donovan J. Richards Jr.,(Democratic),243,AD 35,2025-11-04_22:10:30.962459
ED    4,0.00%,Henry P. Ikezi,(Republican),64,AD 35,2025-11-04_22:10:30.962459
ED    4,0.00%,Henry P. Ikezi,(United Alliance),6,AD 35,2025-11-04_22:10:30.962459
ED    4,0.00%,WRITE-IN,&nbsp,1,AD 35,2025-11-04_22:10:30.962459
ED    5,0.00%,Donovan J. Richards Jr.,(Democratic),276,AD 35,2025-11-04_22:10:30.962459
ED    5,0.00%,Henry P. Ikezi,(Republican),70,AD 35,2025-11-04_22:10:30.962459
ED    5,0.00%,Henry P. Ikezi,(United Alliance),8,AD 35,2025-11-04_22:10:30.962459
ED    5,0.00%,WRITE-IN,&nbsp,-,AD 35,2025-11-04_22:10:30.962459
ED    6,0.00%,Donovan J. Richards Jr.,(Democratic),340,AD 35,2025-11-04_22:10:30.962459
ED    6,0.00%,Henry P. Ikezi,(Republican),56,AD 35,2025-11-04_22:10:30.962459
ED    6,0.00%,Henry P. Ikezi,(United Alliance),4,AD 35,2025-11-04_22:10:30.962459
ED    6,0.00%,WRITE-IN,&nbsp,-,AD 35,2025-11-04_22:10:30.962459
ED    7,0.00%,Donovan J. Richards Jr.,(Democratic),445,AD 35,2025-11-04_22:10:30.962459
ED    7,0.00%,Henry P. Ikezi,(Republican),119,AD 35,2025-11-04_22:10:30.962459
ED    7,0.00%,Henry P. Ikezi,(United Alliance),10,AD 35,2025-11-04_22:10:30.962459
ED    7,0.00%,WRITE-IN,&nbsp,1,AD 35,2025-11-04_22:10:30.962459
ED    8,0.00%,Donovan J. Richards Jr.,(Democratic),430,AD 35,2025-11-04_22:10:30.962459
ED    8,0.00%,Henry P. Ikezi,(Republican),76,AD 35,2025-11-04_22:10:30.962459
ED    8,0.00%,Henry P. Ikezi,(United Alliance),6,AD 35,2025-11-04_22:10:30.962459
ED    8,0.00%,WRITE-IN,&nbsp,-,AD 35,2025-11-04_22:10:30.962459
ED    9,0.00%,Donovan J. Richards Jr.,(Democratic),293,AD 35,2025-11-04_22:10:30.962459
ED    9,0.00%,Henry P. Ikezi,(Republican),257,AD 35,2025-11-04_22:10:30.962459
ED    9,0.00%,Henry P. Ikezi,(United Alliance),16,AD 35,2025-11-04_22:10:30.962459
ED    9,0.00%,WRITE-IN,&nbsp,1,AD 35,2025-11-04_22:10:30.962459
ED   10,0.00%,Donovan J. Richards Jr.,(Democratic),169,AD 35,2025-11-04_22:10:30.962459
ED   10,0.00%,Henry P. Ikezi,(Republican),44,AD 35,2025-11-04_22:10:30.962459
ED   10,0.00%,Henry P. Ikezi,(United Alliance),5,AD 35,2025-11-04_22:10:30.962459
ED   10,0.00%,WRITE-IN,&nbsp,1,AD 35,2025-11-04_22:10:30.962459
ED   11,0.00%,Donovan J. Richards Jr.,(Democratic),218,AD 35,2025-11-04_22:10:30.962459
ED   11,0.00%,Henry P. Ikezi,(Republican),46,AD 35,2025-11-04_22:10:30.962459
ED   11,0.00%,Henry P. Ikezi,(United Alliance),-,AD 35,2025-11-04_22:10:30.962459
ED   11,0.00%,WRITE-IN,&nbsp,1,AD 35,2025-11-04_22:10:30.962459
ED   12,0.00%,Donovan J. Richards Jr.,(Democratic),309,AD 35,2025-11-04_22:10:30.962459
ED   12,0.00%,Henry P. Ikezi,(Republican),67,AD 35,2025-11-04_22:10:30.962459
ED   12,0.00%,Henry P. Ikezi,(United Alliance),18,AD 35,2025-11-04_22:10:30.962459
ED   12,0.00%,WRITE-IN,&nbsp,1,AD 35,2025-11-04_22:10:30.962459
ED   13,0.00%,Donovan J. Richards Jr.,(Democratic),302,AD 35,2025-11-04_22:10:30.962459
ED   13,0.00%,Henry P. Ikezi,(Republican),50,AD 35,2025-11-04_22:10:30.962459
ED   13,0.00%,Henry P. Ikezi,(United Alliance),12,AD 35,2025-11-04_22:10:30.962459
ED   13,0.00%,WRITE-IN,&nbsp,-,AD 35,2025-11-04_22:10:30.962459
ED   14,0.00%,Donovan J. Richards Jr.,(Democratic),356,AD 35,2025-11-04_22:10:30.962459
ED   14,0.00%,Henry P. Ikezi,(Republican),66,AD 35,2025-11-04_22:10:30.962459
ED   14,0.00%,Henry P. Ikezi,(United Alliance),6,AD 35,2025-11-04_22:10:30.962459
ED   14,0.00%,WRITE-IN,&nbsp,-,AD 35,2025-11-04_22:10:30.962459
ED   15,0.00%,Donovan J. Richards Jr.,(Democratic),277,AD 35,2025-11-04_22:10:30.962459
ED   15,0.00%,Henry P. Ikezi,(Republican),49,AD 35,2025-11-04_22:10:30.962459
ED   15,0.00%,Henry P. Ikezi,(United Alliance),8,AD 35,2025-11-04_22:10:30.962459
ED   15,0.00%,WRITE-IN,&nbsp,1,AD 35,2025-11-04_22:10:30.962459
ED   16,0.00%,Donovan J. Richards Jr.,(Democratic),394,AD 35,2025-11-04_22:10:30.962459
ED   16,0.00%,Henry P. Ikezi,(Republican),72,AD 35,2025-11-04_22:10:30.962459
ED   16,0.00%,Henry P. Ikezi,(United Alliance),7,AD 35,2025-11-04_22:10:30.962459
ED   16,0.00%,WRITE-IN,&nbsp,-,AD 35,2025-11-04_22:10:30.962459
ED   17,0.00%,Donovan J. Richards Jr.,(Democratic),243,AD 35,2025-11-04_22:10:30.962459
ED   17,0.00%,Henry P. Ikezi,(Republican),94,AD 35,2025-11-04_22:10:30.962459
ED   17,0.00%,Henry P. Ikezi,(United Alliance),5,AD 35,2025-11-04_22:10:30.962459
ED   17,0.00%,WRITE-IN,&nbsp,1,AD 35,2025-11-04_22:10:30.962459
ED   18,0.00%,Donovan J. Richards Jr.,(Democratic),116,AD 35,2025-11-04_22:10:30.962459
ED   18,0.00%,Henry P. Ikezi,(Republican),62,AD 35,2025-11-04_22:10:30.962459
ED   18,0.00%,Henry P. Ikezi,(United Alliance),5,AD 35,2025-11-04_22:10:30.962459
ED   18,0.00%,WRITE-IN,&nbsp,-,AD 35,2025-11-04_22:10:30.962459
ED   19,0.00%,Donovan J. Richards Jr.,(Democratic),153,AD 35,2025-11-04_22:10:30.962459
ED   19,0.00%,Henry P. Ikezi,(Republican),42,AD 35,2025-11-04_22:10:30.962459
ED   19,0.00%,Henry P. Ikezi,(United Alliance),4,AD 35,2025-11-04_22:10:30.962459
ED   19,0.00%,WRITE-IN,&nbsp,-,AD 35,2025-11-04_22:10:30.962459
ED   20,0.00%,Donovan J. Richards Jr.,(Democratic),98,AD 35,2025-11-04_22:10:30.962459
ED   20,0.00%,Henry P. Ikezi,(Republican),28,AD 35,2025-11-04_22:10:30.962459
ED   20,0.00%,Henry P. Ikezi,(United Alliance),4,AD 35,2025-11-04_22:10:30.962459
ED   20,0.00%,WRITE-IN,&nbsp,-,AD 35,2025-11-04_22:10:30.962459
ED   21,0.00%,Donovan J. Richards Jr.,(Democratic),92,AD 35,2025-11-04_22:10:30.962459
ED   21,0.00%,Henry P. Ikezi,(Republican),30,AD 35,2025-11-04_22:10:30.962459
ED   21,0.00%,Henry P. Ikezi,(United Alliance),11,AD 35,2025-11-04_22:10:30.962459
ED   21,0.00%,WRITE-IN,&nbsp,-,AD 35,2025-11-04_22:10:30.962459
ED   22,0.00%,Donovan J. Richards Jr.,(Democratic),243,AD 35,2025-11-04_22:10:30.962459
ED   22,0.00%,Henry P. Ikezi,(Republican),78,AD 35,2025-11-04_22:10:30.962459
ED   22,0.00%,Henry P. Ikezi,(United Alliance),11,AD 35,2025-11-04_22:10:30.962459
ED   22,0.00%,WRITE-IN,&nbsp,-,AD 35,2025-11-04_22:10:30.962459
ED   23,0.00%,Donovan J. Richards Jr.,(Democratic),198,AD 35,2025-11-04_22:10:30.962459
ED   23,0.00%,Henry P. Ikezi,(Republican),77,AD 35,2025-11-04_22:10:30.962459
ED   23,0.00%,Henry P. Ikezi,(United Alliance),9,AD 35,2025-11-04_22:10:30.962459
ED   23,0.00%,WRITE-IN,&nbsp,-,AD 35,2025-11-04_22:10:30.962459
ED   24,0.00%,Donovan J. Richards Jr.,(Democratic),206,AD 35,2025-11-04_22:10:30.962459
ED   24,0.00%,Henry P. Ikezi,(Republican),63,AD 35,2025-11-04_22:10:30.962459
ED   24,0.00%,Henry P. Ikezi,(United Alliance),10,AD 35,2025-11-04_22:10:30.962459
ED   24,0.00%,WRITE-IN,&nbsp,-,AD 35,2025-11-04_22:10:30.962459
ED   25,0.00%,Donovan J. Richards Jr.,(Democratic),316,AD 35,2025-11-04_22:10:30.962459
ED   25,0.00%,Henry P. Ikezi,(Republican),93,AD 35,2025-11-04_22:10:30.962459
ED   25,0.00%,Henry P. Ikezi,(United Alliance),10,AD 35,2025-11-04_22:10:30.962459
ED   25,0.00%,WRITE-IN,&nbsp,1,AD 35,2025-11-04_22:10:30.962459
ED   26,0.00%,Donovan J. Richards Jr.,(Democratic),337,AD 35,2025-11-04_22:10:30.962459
ED   26,0.00%,Henry P. Ikezi,(Republican),67,AD 35,2025-11-04_22:10:30.962459
ED   26,0.00%,Henry P. Ikezi,(United Alliance),11,AD 35,2025-11-04_22:10:30.962459
ED   26,0.00%,WRITE-IN,&nbsp,-,AD 35,2025-11-04_22:10:30.962459
ED   27,0.00%,Donovan J. Richards Jr.,(Democratic),92,AD 35,2025-11-04_22:10:30.962459
ED   27,0.00%,Henry P. Ikezi,(Republican),25,AD 35,2025-11-04_22:10:30.962459
ED   27,0.00%,Henry P. Ikezi,(United Alliance),3,AD 35,2025-11-04_22:10:30.962459
ED   27,0.00%,WRITE-IN,&nbsp,-,AD 35,2025-11-04_22:10:30.962459
ED   28,0.00%,Donovan J. Richards Jr.,(Democratic),49,AD 35,2025-11-04_22:10:30.962459
ED   28,0.00%,Henry P. Ikezi,(Republican),27,AD 35,2025-11-04_22:10:30.962459
ED   28,0.00%,Henry P. Ikezi,(United Alliance),-,AD 35,2025-11-04_22:10:30.962459
ED   28,0.00%,WRITE-IN,&nbsp,1,AD 35,2025-11-04_22:10:30.962459
ED   29,0.00%,Donovan J. Richards Jr.,(Democratic),196,AD 35,2025-11-04_22:10:30.962459
ED   29,0.00%,Henry P. Ikezi,(Republican),55,AD 35,2025-11-04_22:10:30.962459
ED   29,0.00%,Henry P. Ikezi,(United Alliance),8,AD 35,2025-11-04_22:10:30.962459
ED   29,0.00%,WRITE-IN,&nbsp,-,AD 35,2025-11-04_22:10:30.962459
ED   30,0.00%,Donovan J. Richards Jr.,(Democratic),347,AD 35,2025-11-04_22:10:30.962459
ED   30,0.00%,Henry P. Ikezi,(Republican),113,AD 35,2025-11-04_22:10:30.962459
ED   30,0.00%,Henry P. Ikezi,(United Alliance),13,AD 35,2025-11-04_22:10:30.962459
ED   30,0.00%,WRITE-IN,&nbsp,-,AD 35,2025-11-04_22:10:30.962459
ED   31,0.00%,Donovan J. Richards Jr.,(Democratic),183,AD 35,2025-11-04_22:10:30.962459
ED   31,0.00%,Henry P. Ikezi,(Republican),198,AD 35,2025-11-04_22:10:30.962459
ED   31,0.00%,Henry P. Ikezi,(United Alliance),5,AD 35,2025-11-04_22:10:30.962459
ED   31,0.00%,WRITE-IN,&nbsp,-,AD 35,2025-11-04_22:10:30.962459
ED   32,0.00%,Donovan J. Richards Jr.,(Democratic),346,AD 35,2025-11-04_22:10:30.962459
ED   32,0.00%,Henry P. Ikezi,(Republican),57,AD 35,2025-11-04_22:10:30.962459
ED   32,0.00%,Henry P. Ikezi,(United Alliance),4,AD 35,2025-11-04_22:10:30.962459
ED   32,0.00%,WRITE-IN,&nbsp,2,AD 35,2025-11-04_22:10:30.962459
ED   33,0.00%,Donovan J. Richards Jr.,(Democratic),322,AD 35,2025-11-04_22:10:30.962459
ED   33,0.00%,Henry P. Ikezi,(Republican),48,AD 35,2025-11-04_22:10:30.962459
ED   33,0.00%,Henry P. Ikezi,(United Alliance),6,AD 35,2025-11-04_22:10:30.962459
ED   33,0.00%,WRITE-IN,&nbsp,-,AD 35,2025-11-04_22:10:30.962459
ED   34,0.00%,Donovan J. Richards Jr.,(Democratic),302,AD 35,2025-11-04_22:10:30.962459
ED   34,0.00%,Henry P. Ikezi,(Republican),56,AD 35,2025-11-04_22:10:30.962459
ED   34,0.00%,Henry P. Ikezi,(United Alliance),6,AD 35,2025-11-04_22:10:30.962459
ED   34,0.00%,WRITE-IN,&nbsp,-,AD 35,2025-11-04_22:10:30.962459
ED   35,0.00%,Donovan J. Richards Jr.,(Democratic),316,AD 35,2025-11-04_22:10:30.962459
ED   35,0.00%,Henry P. Ikezi,(Republican),66,AD 35,2025-11-04_22:10:30.962459
ED   35,0.00%,Henry P. Ikezi,(United Alliance),1,AD 35,2025-11-04_22:10:30.962459
ED   35,0.00%,WRITE-IN,&nbsp,-,AD 35,2025-11-04_22:10:30.962459
ED   36,0.00%,Donovan J. Richards Jr.,(Democratic),311,AD 35,2025-11-04_22:10:30.962459
ED   36,0.00%,Henry P. Ikezi,(Republican),70,AD 35,2025-11-04_22:10:30.962459
ED   36,0.00%,Henry P. Ikezi,(United Alliance),8,AD 35,2025-11-04_22:10:30.962459
ED   36,0.00%,WRITE-IN,&nbsp,-,AD 35,2025-11-04_22:10:30.962459
ED   37,0.00%,Donovan J. Richards Jr.,(Democratic),190,AD 35,2025-11-04_22:10:30.962459
ED   37,0.00%,Henry P. Ikezi,(Republican),104,AD 35,2025-11-04_22:10:30.962459
ED   37,0.00%,Henry P. Ikezi,(United Alliance),5,AD 35,2025-11-04_22:10:30.962459
ED   37,0.00%,WRITE-IN,&nbsp,-,AD 35,2025-11-04_22:10:30.962459
ED   38,0.00%,Donovan J. Richards Jr.,(Democratic),265,AD 35,2025-11-04_22:10:30.962459
ED   38,0.00%,Henry P. Ikezi,(Republican),190,AD 35,2025-11-04_22:10:30.962459
ED   38,0.00%,Henry P. Ikezi,(United Alliance),5,AD 35,2025-11-04_22:10:30.962459
ED   38,0.00%,WRITE-IN,&nbsp,-,AD 35,2025-11-04_22:10:30.962459
ED   39,0.00%,Donovan J. Richards Jr.,(Democratic),309,AD 35,2025-11-04_22:10:30.962459
ED   39,0.00%,Henry P. Ikezi,(Republican),246,AD 35,2025-11-04_22:10:30.962459
ED   39,0.00%,Henry P. Ikezi,(United Alliance),19,AD 35,2025-11-04_22:10:30.962459
ED   39,0.00%,WRITE-IN,&nbsp,1,AD 35,2025-11-04_22:10:30.962459
ED   40,0.00%,Donovan J. Richards Jr.,(Democratic),244,AD 35,2025-11-04_22:10:30.962459
ED   40,0.00%,Henry P. Ikezi,(Republican),201,AD 35,2025-11-04_22:10:30.962459
ED   40,0.00%,Henry P. Ikezi,(United Alliance),6,AD 35,2025-11-04_22:10:30.962459
ED   40,0.00%,WRITE-IN,&nbsp,1,AD 35,2025-11-04_22:10:30.962459
ED   41,0.00%,Donovan J. Richards Jr.,(Democratic),261,AD 35,2025-11-04_22:10:30.962459
ED   41,0.00%,Henry P. Ikezi,(Republican),292,AD 35,2025-11-04_22:10:30.962459
ED   41,0.00%,Henry P. Ikezi,(United Alliance),5,AD 35,2025-11-04_22:10:30.962459
ED   41,0.00%,WRITE-IN,&nbsp,-,AD 35,2025-11-04_22:10:30.962459
ED   42,0.00%,Donovan J. Richards Jr.,(Democratic),319,AD 35,2025-11-04_22:10:30.962459
ED   42,0.00%,Henry P. Ikezi,(Republican),343,AD 35,2025-11-04_22:10:30.962459
ED   42,0.00%,Henry P. Ikezi,(United Alliance),22,AD 35,2025-11-04_22:10:30.962459
ED   42,0.00%,WRITE-IN,&nbsp,-,AD 35,2025-11-04_22:10:30.962459
ED   43,0.00%,Donovan J. Richards Jr.,(Democratic),122,AD 35,2025-11-04_22:10:30.962459
ED   43,0.00%,Henry P. Ikezi,(Republican),119,AD 35,2025-11-04_22:10:30.962459
ED   43,0.00%,Henry P. Ikezi,(United Alliance),4,AD 35,2025-11-04_22:10:30.962459
ED   43,0.00%,WRITE-IN,&nbsp,-,AD 35,2025-11-04_22:10:30.962459
ED   44,0.00%,Donovan J. Richards Jr.,(Democratic),187,AD 35,2025-11-04_22:10:30.962459
ED   44,0.00%,Henry P. Ikezi,(Republican),51,AD 35,2025-11-04_22:10:30.962459
ED   44,0.00%,Henry P. Ikezi,(United Alliance),3,AD 35,2025-11-04_22:10:30.962459
ED   44,0.00%,WRITE-IN,&nbsp,1,AD 35,2025-11-04_22:10:30.962459
ED   45,0.00%,Donovan J. Richards Jr.,(Democratic),153,AD 35,2025-11-04_22:10:30.962459
ED   45,0.00%,Henry P. Ikezi,(Republican),210,AD 35,2025-11-04_22:10:30.962459
ED   45,0.00%,Henry P. Ikezi,(United Alliance),6,AD 35,2025-11-04_22:10:30.962459
ED   45,0.00%,WRITE-IN,&nbsp,-,AD 35,2025-11-04_22:10:30.962459
ED   46,0.00%,Donovan J. Richards Jr.,(Democratic),125,AD 35,2025-11-04_22:10:30.962459
ED   46,0.00%,Henry P. Ikezi,(Republican),62,AD 35,2025-11-04_22:10:30.962459
ED   46,0.00%,Henry P. Ikezi,(United Alliance),2,AD 35,2025-11-04_22:10:30.962459
ED   46,0.00%,WRITE-IN,&nbsp,1,AD 35,2025-11-04_22:10:30.962459
ED   47,0.00%,Donovan J. Richards Jr.,(Democratic),-,AD 35,2025-11-04_22:10:30.962459
ED   47,0.00%,Henry P. Ikezi,(Republican),-,AD 35,2025-11-04_22:10:30.962459
ED   47,0.00%,Henry P. Ikezi,(United Alliance),-,AD 35,2025-11-04_22:10:30.962459
ED   47,0.00%,WRITE-IN,&nbsp,-,AD 35,2025-11-04_22:10:30.962459
ED   48,0.00%,Donovan J. Richards Jr.,(Democratic),73,AD 35,2025-11-04_22:10:30.962459
ED   48,0.00%,Henry P. Ikezi,(Republican),13,AD 35,2025-11-04_22:10:30.962459
ED   48,0.00%,Henry P. Ikezi,(United Alliance),1,AD 35,2025-11-04_22:10:30.962459
ED   48,0.00%,WRITE-IN,&nbsp,-,AD 35,2025-11-04_22:10:30.962459
ED   49,0.00%,Donovan J. Richards Jr.,(Democratic),224,AD 35,2025-11-04_22:10:30.962459
ED   49,0.00%,Henry P. Ikezi,(Republican),170,AD 35,2025-11-04_22:10:30.962459
ED   49,0.00%,Henry P. Ikezi,(United Alliance),2,AD 35,2025-11-04_22:10:30.962459
ED   49,0.00%,WRITE-IN,&nbsp,2,AD 35,2025-11-04_22:10:30.962459
ED   50,0.00%,Donovan J. Richards Jr.,(Democratic),-,AD 35,2025-11-04_22:10:30.962459
ED   50,0.00%,Henry P. Ikezi,(Republican),-,AD 35,2025-11-04_22:10:30.962459
ED   50,0.00%,Henry P. Ikezi,(United Alliance),-,AD 35,2025-11-04_22:10:30.962459
ED   50,0.00%,WRITE-IN,&nbsp,-,AD 35,2025-11-04_22:10:30.962459
ED   51,0.00%,Donovan J. Richards Jr.,(Democratic),-,AD 35,2025-11-04_22:10:30.962459
ED   51,0.00%,Henry P. Ikezi,(Republican),-,AD 35,2025-11-04_22:10:30.962459
ED   51,0.00%,Henry P. Ikezi,(United Alliance),-,AD 35,2025-11-04_22:10:30.962459
ED   51,0.00%,WRITE-IN,&nbsp,-,AD 35,2025-11-04_22:10:30.962459
ED   52,0.00%,Donovan J. Richards Jr.,(Democratic),-,AD 35,2025-11-04_22:10:30.962459
ED   52,0.00%,Henry P. Ikezi,(Republican),-,AD 35,2025-11-04_22:10:30.962459
ED   52,0.00%,Henry P. Ikezi,(United Alliance),-,AD 35,2025-11-04_22:10:30.962459
ED   52,0.00%,WRITE-IN,&nbsp,-,AD 35,2025-11-04_22:10:30.962459
ED   53,0.00%,Donovan J. Richards Jr.,(Democratic),-,AD 35,2025-11-04_22:10:30.962459
ED   53,0.00%,Henry P. Ikezi,(Republican),-,AD 35,2025-11-04_22:10:30.962459
ED   53,0.00%,Henry P. Ikezi,(United Alliance),-,AD 35,2025-11-04_22:10:30.962459
ED   53,0.00%,WRITE-IN,&nbsp,-,AD 35,2025-11-04_22:10:30.962459
ED   54,0.00%,Donovan J. Richards Jr.,(Democratic),-,AD 35,2025-11-04_22:10:30.962459
ED   54,0.00%,Henry P. Ikezi,(Republican),-,AD 35,2025-11-04_22:10:30.962459
ED   54,0.00%,Henry P. Ikezi,(United Alliance),-,AD 35,2025-11-04_22:10:30.962459
ED   54,0.00%,WRITE-IN,&nbsp,-,AD 35,2025-11-04_22:10:30.962459
ED   55,0.00%,Donovan J. Richards Jr.,(Democratic),-,AD 35,2025-11-04_22:10:30.962459
ED   55,0.00%,Henry P. Ikezi,(Republican),-,AD 35,2025-11-04_22:10:30.962459
ED   55,0.00%,Henry P. Ikezi,(United Alliance),-,AD 35,2025-11-04_22:10:30.962459
ED   55,0.00%,WRITE-IN,&nbsp,-,AD 35,2025-11-04_22:10:30.962459
ED   56,0.00%,Donovan J. Richards Jr.,(Democratic),-,AD 35,2025-11-04_22:10:30.962459
ED   56,0.00%,Henry P. Ikezi,(Republican),-,AD 35,2025-11-04_22:10:30.962459
ED   56,0.00%,Henry P. Ikezi,(United Alliance),-,AD 35,2025-11-04_22:10:30.962459
ED   56,0.00%,WRITE-IN,&nbsp,-,AD 35,2025-11-04_22:10:30.962459
ED   57,0.00%,Donovan J. Richards Jr.,(Democratic),-,AD 35,2025-11-04_22:10:30.962459
ED   57,0.00%,Henry P. Ikezi,(Republican),-,AD 35,2025-11-04_22:10:30.962459
ED   57,0.00%,Henry P. Ikezi,(United Alliance),-,AD 35,2025-11-04_22:10:30.962459
ED   57,0.00%,WRITE-IN,&nbsp,-,AD 35,2025-11-04_22:10:30.962459
ED   58,0.00%,Donovan J. Richards Jr.,(Democratic),-,AD 35,2025-11-04_22:10:30.962459
ED   58,0.00%,Henry P. Ikezi,(Republican),-,AD 35,2025-11-04_22:10:30.962459
ED   58,0.00%,Henry P. Ikezi,(United Alliance),-,AD 35,2025-11-04_22:10:30.962459
ED   58,0.00%,WRITE-IN,&nbsp,-,AD 35,2025-11-04_22:10:30.962459
ED   59,0.00%,Donovan J. Richards Jr.,(Democratic),-,AD 35,2025-11-04_22:10:30.962459
ED   59,0.00%,Henry P. Ikezi,(Republican),-,AD 35,2025-11-04_22:10:30.962459
ED   59,0.00%,Henry P. Ikezi,(United Alliance),-,AD 35,2025-11-04_22:10:30.962459
ED   59,0.00%,WRITE-IN,&nbsp,-,AD 35,2025-11-04_22:10:30.962459
ED   60,0.00%,Donovan J. Richards Jr.,(Democratic),-,AD 35,2025-11-04_22:10:30.962459
ED   60,0.00%,Henry P. Ikezi,(Republican),-,AD 35,2025-11-04_22:10:30.962459
ED   60,0.00%,Henry P. Ikezi,(United Alliance),-,AD 35,2025-11-04_22:10:30.962459
ED   60,0.00%,WRITE-IN,&nbsp,-,AD 35,2025-11-04_22:10:30.962459
ED   61,0.00%,Donovan J. Richards Jr.,(Democratic),-,AD 35,2025-11-04_22:10:30.962459
ED   61,0.00%,Henry P. Ikezi,(Republican),-,AD 35,2025-11-04_22:10:30.962459
ED   61,0.00%,Henry P. Ikezi,(United Alliance),-,AD 35,2025-11-04_22:10:30.962459
ED   61,0.00%,WRITE-IN,&nbsp,-,AD 35,2025-11-04_22:10:30.962459
ED   62,0.00%,Donovan J. Richards Jr.,(Democratic),-,AD 35,2025-11-04_22:10:30.962459
ED   62,0.00%,Henry P. Ikezi,(Republican),-,AD 35,2025-11-04_22:10:30.962459
ED   62,0.00%,Henry P. Ikezi,(United Alliance),-,AD 35,2025-11-04_22:10:30.962459
ED   62,0.00%,WRITE-IN,&nbsp,-,AD 35,2025-11-04_22:10:30.962459
ED   63,0.00%,Donovan J. Richards Jr.,(Democratic),-,AD 35,2025-11-04_22:10:30.962459
ED   63,0.00%,Henry P. Ikezi,(Republican),-,AD 35,2025-11-04_22:10:30.962459
ED   63,0.00%,Henry P. Ikezi,(United Alliance),-,AD 35,2025-11-04_22:10:30.962459
ED   63,0.00%,WRITE-IN,&nbsp,-,AD 35,2025-11-04_22:10:30.962459
ED   64,0.00%,Donovan J. Richards Jr.,(Democratic),-,AD 35,2025-11-04_22:10:30.962459
ED   64,0.00%,Henry P. Ikezi,(Republican),-,AD 35,2025-11-04_22:10:30.962459
ED   64,0.00%,Henry P. Ikezi,(United Alliance),-,AD 35,2025-11-04_22:10:30.962459
ED   64,0.00%,WRITE-IN,&nbsp,-,AD 35,2025-11-04_22:10:30.962459
ED   65,0.00%,Donovan J. Richards Jr.,(Democratic),-,AD 35,2025-11-04_22:10:30.962459
ED   65,0.00%,Henry P. Ikezi,(Republican),-,AD 35,2025-11-04_22:10:30.962459
ED   65,0.00%,Henry P. Ikezi,(United Alliance),-,AD 35,2025-11-04_22:10:30.962459
ED   65,0.00%,WRITE-IN,&nbsp,-,AD 35,2025-11-04_22:10:30.962459
Total,,Donovan J. Richards Jr.,(Democratic),11658,AD 35,2025-11-04_22:10:30.962459
Total,,Henry P. Ikezi,(Republican),4705,AD 35,2025-11-04_22:10:30.962459
Total,,Henry P. Ikezi,(United Alliance),331,AD 35,2025-11-04_22:10:30.962459
Total,,WRITE-IN,&nbsp,19,AD 35,2025-11-04_22:10:30.962459
ED    1,0.00%,Donovan J. Richards Jr.,(Democratic),465,AD 36,2025-11-04_22:10:30.962459
ED    1,0.00%,Henry P. Ikezi,(Republican),142,AD 36,2025-11-04_22:10:30.962459
ED    1,0.00%,Henry P. Ikezi,(United Alliance),15,AD 36,2025-11-04_22:10:30.962459
ED    1,0.00%,WRITE-IN,&nbsp,-,AD 36,2025-11-04_22:10:30.962459
ED    2,0.00%,Donovan J. Richards Jr.,(Democratic),225,AD 36,2025-11-04_22:10:30.962459
ED    2,0.00%,Henry P. Ikezi,(Republican),51,AD 36,2025-11-04_22:10:30.962459
ED    2,0.00%,Henry P. Ikezi,(United Alliance),-,AD 36,2025-11-04_22:10:30.962459
ED    2,0.00%,WRITE-IN,&nbsp,3,AD 36,2025-11-04_22:10:30.962459
ED    3,0.00%,Donovan J. Richards Jr.,(Democratic),620,AD 36,2025-11-04_22:10:30.962459
ED    3,0.00%,Henry P. Ikezi,(Republican),217,AD 36,2025-11-04_22:10:30.962459
ED    3,0.00%,Henry P. Ikezi,(United Alliance),13,AD 36,2025-11-04_22:10:30.962459
ED    3,0.00%,WRITE-IN,&nbsp,4,AD 36,2025-11-04_22:10:30.962459
ED    4,0.00%,Donovan J. Richards Jr.,(Democratic),460,AD 36,2025-11-04_22:10:30.962459
ED    4,0.00%,Henry P. Ikezi,(Republican),121,AD 36,2025-11-04_22:10:30.962459
ED    4,0.00%,Henry P. Ikezi,(United Alliance),4,AD 36,2025-11-04_22:10:30.962459
ED    4,0.00%,WRITE-IN,&nbsp,-,AD 36,2025-11-04_22:10:30.962459
ED    5,0.00%,Donovan J. Richards Jr.,(Democratic),724,AD 36,2025-11-04_22:10:30.962459
ED    5,0.00%,Henry P. Ikezi,(Republican),248,AD 36,2025-11-04_22:10:30.962459
ED    5,0.00%,Henry P. Ikezi,(United Alliance),10,AD 36,2025-11-04_22:10:30.962459
ED    5,0.00%,WRITE-IN,&nbsp,6,AD 36,2025-11-04_22:10:30.962459
ED    6,0.00%,Donovan J. Richards Jr.,(Democratic),272,AD 36,2025-11-04_22:10:30.962459
ED    6,0.00%,Henry P. Ikezi,(Republican),22,AD 36,2025-11-04_22:10:30.962459
ED    6,0.00%,Henry P. Ikezi,(United Alliance),6,AD 36,2025-11-04_22:10:30.962459
ED    6,0.00%,WRITE-IN,&nbsp,-,AD 36,2025-11-04_22:10:30.962459
ED    7,0.00%,Donovan J. Richards Jr.,(Democratic),515,AD 36,2025-11-04_22:10:30.962459
ED    7,0.00%,Henry P. Ikezi,(Republican),72,AD 36,2025-11-04_22:10:30.962459
ED    7,0.00%,Henry P. Ikezi,(United Alliance),9,AD 36,2025-11-04_22:10:30.962459
ED    7,0.00%,WRITE-IN,&nbsp,4,AD 36,2025-11-04_22:10:30.962459
ED    8,0.00%,Donovan J. Richards Jr.,(Democratic),422,AD 36,2025-11-04_22:10:30.962459
ED    8,0.00%,Henry P. Ikezi,(Republican),147,AD 36,2025-11-04_22:10:30.962459
ED    8,0.00%,Henry P. Ikezi,(United Alliance),10,AD 36,2025-11-04_22:10:30.962459
ED    8,0.00%,WRITE-IN,&nbsp,2,AD 36,2025-11-04_22:10:30.962459
ED    9,0.00%,Donovan J. Richards Jr.,(Democratic),400,AD 36,2025-11-04_22:10:30.962459
ED    9,0.00%,Henry P. Ikezi,(Republican),82,AD 36,2025-11-04_22:10:30.962459
ED    9,0.00%,Henry P. Ikezi,(United Alliance),6,AD 36,2025-11-04_22:10:30.962459
ED    9,0.00%,WRITE-IN,&nbsp,2,AD 36,2025-11-04_22:10:30.962459
ED   10,0.00%,Donovan J. Richards Jr.,(Democratic),692,AD 36,2025-11-04_22:10:30.962459
ED   10,0.00%,Henry P. Ikezi,(Republican),131,AD 36,2025-11-04_22:10:30.962459
ED   10,0.00%,Henry P. Ikezi,(United Alliance),7,AD 36,2025-11-04_22:10:30.962459
ED   10,0.00%,WRITE-IN,&nbsp,2,AD 36,2025-11-04_22:10:30.962459
ED   11,0.00%,Donovan J. Richards Jr.,(Democratic),300,AD 36,2025-11-04_22:10:30.962459
ED   11,0.00%,Henry P. Ikezi,(Republican),59,AD 36,2025-11-04_22:10:30.962459
ED   11,0.00%,Henry P. Ikezi,(United Alliance),6,AD 36,2025-11-04_22:10:30.962459
ED   11,0.00%,WRITE-IN,&nbsp,-,AD 36,2025-11-04_22:10:30.962459
ED   12,0.00%,Donovan J. Richards Jr.,(Democratic),511,AD 36,2025-11-04_22:10:30.962459
ED   12,0.00%,Henry P. Ikezi,(Republican),75,AD 36,2025-11-04_22:10:30.962459
ED   12,0.00%,Henry P. Ikezi,(United Alliance),2,AD 36,2025-11-04_22:10:30.962459
ED   12,0.00%,WRITE-IN,&nbsp,5,AD 36,2025-11-04_22:10:30.962459
ED   13,0.00%,Donovan J. Richards Jr.,(Democratic),461,AD 36,2025-11-04_22:10:30.962459
ED   13,0.00%,Henry P. Ikezi,(Republican),97,AD 36,2025-11-04_22:10:30.962459
ED   13,0.00%,Henry P. Ikezi,(United Alliance),9,AD 36,2025-11-04_22:10:30.962459
ED   13,0.00%,WRITE-IN,&nbsp,1,AD 36,2025-11-04_22:10:30.962459
ED   14,0.00%,Donovan J. Richards Jr.,(Democratic),634,AD 36,2025-11-04_22:10:30.962459
ED   14,0.00%,Henry P. Ikezi,(Republican),105,AD 36,2025-11-04_22:10:30.962459
ED   14,0.00%,Henry P. Ikezi,(United Alliance),5,AD 36,2025-11-04_22:10:30.962459
ED   14,0.00%,WRITE-IN,&nbsp,4,AD 36,2025-11-04_22:10:30.962459
ED   15,0.00%,Donovan J. Richards Jr.,(Democratic),202,AD 36,2025-11-04_22:10:30.962459
ED   15,0.00%,Henry P. Ikezi,(Republican),28,AD 36,2025-11-04_22:10:30.962459
ED   15,0.00%,Henry P. Ikezi,(United Alliance),2,AD 36,2025-11-04_22:10:30.962459
ED   15,0.00%,WRITE-IN,&nbsp,-,AD 36,2025-11-04_22:10:30.962459
ED   16,0.00%,Donovan J. Richards Jr.,(Democratic),439,AD 36,2025-11-04_22:10:30.962459
ED   16,0.00%,Henry P. Ikezi,(Republican),71,AD 36,2025-11-04_22:10:30.962459
ED   16,0.00%,Henry P. Ikezi,(United Alliance),9,AD 36,2025-11-04_22:10:30.962459
ED   16,0.00%,WRITE-IN,&nbsp,4,AD 36,2025-11-04_22:10:30.962459
ED   17,0.00%,Donovan J. Richards Jr.,(Democratic),658,AD 36,2025-11-04_22:10:30.962459
ED   17,0.00%,Henry P. Ikezi,(Republican),116,AD 36,2025-11-04_22:10:30.962459
ED   17,0.00%,Henry P. Ikezi,(United Alliance),7,AD 36,2025-11-04_22:10:30.962459
ED   17,0.00%,WRITE-IN,&nbsp,2,AD 36,2025-11-04_22:10:30.962459
ED   18,0.00%,Donovan J. Richards Jr.,(Democratic),316,AD 36,2025-11-04_22:10:30.962459
ED   18,0.00%,Henry P. Ikezi,(Republican),61,AD 36,2025-11-04_22:10:30.962459
ED   18,0.00%,Henry P. Ikezi,(United Alliance),3,AD 36,2025-11-04_22:10:30.962459
ED   18,0.00%,WRITE-IN,&nbsp,-,AD 36,2025-11-04_22:10:30.962459
ED   19,0.00%,Donovan J. Richards Jr.,(Democratic),683,AD 36,2025-11-04_22:10:30.962459
ED   19,0.00%,Henry P. Ikezi,(Republican),86,AD 36,2025-11-04_22:10:30.962459
ED   19,0.00%,Henry P. Ikezi,(United Alliance),10,AD 36,2025-11-04_22:10:30.962459
ED   19,0.00%,WRITE-IN,&nbsp,3,AD 36,2025-11-04_22:10:30.962459
ED   20,0.00%,Donovan J. Richards Jr.,(Democratic),666,AD 36,2025-11-04_22:10:30.962459
ED   20,0.00%,Henry P. Ikezi,(Republican),117,AD 36,2025-11-04_22:10:30.962459
ED   20,0.00%,Henry P. Ikezi,(United Alliance),4,AD 36,2025-11-04_22:10:30.962459
ED   20,0.00%,WRITE-IN,&nbsp,2,AD 36,2025-11-04_22:10:30.962459
ED   21,0.00%,Donovan J. Richards Jr.,(Democratic),607,AD 36,2025-11-04_22:10:30.962459
ED   21,0.00%,Henry P. Ikezi,(Republican),87,AD 36,2025-11-04_22:10:30.962459
ED   21,0.00%,Henry P. Ikezi,(United Alliance),6,AD 36,2025-11-04_22:10:30.962459
ED   21,0.00%,WRITE-IN,&nbsp,1,AD 36,2025-11-04_22:10:30.962459
ED   22,0.00%,Donovan J. Richards Jr.,(Democratic),712,AD 36,2025-11-04_22:10:30.962459
ED   22,0.00%,Henry P. Ikezi,(Republican),108,AD 36,2025-11-04_22:10:30.962459
ED   22,0.00%,Henry P. Ikezi,(United Alliance),5,AD 36,2025-11-04_22:10:30.962459
ED   22,0.00%,WRITE-IN,&nbsp,1,AD 36,2025-11-04_22:10:30.962459
ED   23,0.00%,Donovan J. Richards Jr.,(Democratic),529,AD 36,2025-11-04_22:10:30.962459
ED   23,0.00%,Henry P. Ikezi,(Republican),115,AD 36,2025-11-04_22:10:30.962459
ED   23,0.00%,Henry P. Ikezi,(United Alliance),7,AD 36,2025-11-04_22:10:30.962459
ED   23,0.00%,WRITE-IN,&nbsp,1,AD 36,2025-11-04_22:10:30.962459
ED   24,0.00%,Donovan J. Richards Jr.,(Democratic),407,AD 36,2025-11-04_22:10:30.962459
ED   24,0.00%,Henry P. Ikezi,(Republican),55,AD 36,2025-11-04_22:10:30.962459
ED   24,0.00%,Henry P. Ikezi,(United Alliance),6,AD 36,2025-11-04_22:10:30.962459
ED   24,0.00%,WRITE-IN,&nbsp,1,AD 36,2025-11-04_22:10:30.962459
ED   25,0.00%,Donovan J. Richards Jr.,(Democratic),727,AD 36,2025-11-04_22:10:30.962459
ED   25,0.00%,Henry P. Ikezi,(Republican),110,AD 36,2025-11-04_22:10:30.962459
ED   25,0.00%,Henry P. Ikezi,(United Alliance),6,AD 36,2025-11-04_22:10:30.962459
ED   25,0.00%,WRITE-IN,&nbsp,5,AD 36,2025-11-04_22:10:30.962459
ED   26,0.00%,Donovan J. Richards Jr.,(Democratic),386,AD 36,2025-11-04_22:10:30.962459
ED   26,0.00%,Henry P. Ikezi,(Republican),55,AD 36,2025-11-04_22:10:30.962459
ED   26,0.00%,Henry P. Ikezi,(United Alliance),1,AD 36,2025-11-04_22:10:30.962459
ED   26,0.00%,WRITE-IN,&nbsp,-,AD 36,2025-11-04_22:10:30.962459
ED   27,0.00%,Donovan J. Richards Jr.,(Democratic),175,AD 36,2025-11-04_22:10:30.962459
ED   27,0.00%,Henry P. Ikezi,(Republican),42,AD 36,2025-11-04_22:10:30.962459
ED   27,0.00%,Henry P. Ikezi,(United Alliance),1,AD 36,2025-11-04_22:10:30.962459
ED   27,0.00%,WRITE-IN,&nbsp,2,AD 36,2025-11-04_22:10:30.962459
ED   28,0.00%,Donovan J. Richards Jr.,(Democratic),602,AD 36,2025-11-04_22:10:30.962459
ED   28,0.00%,Henry P. Ikezi,(Republican),144,AD 36,2025-11-04_22:10:30.962459
ED   28,0.00%,Henry P. Ikezi,(United Alliance),7,AD 36,2025-11-04_22:10:30.962459
ED   28,0.00%,WRITE-IN,&nbsp,-,AD 36,2025-11-04_22:10:30.962459
ED   29,0.00%,Donovan J. Richards Jr.,(Democratic),88,AD 36,2025-11-04_22:10:30.962459
ED   29,0.00%,Henry P. Ikezi,(Republican),12,AD 36,2025-11-04_22:10:30.962459
ED   29,0.00%,Henry P. Ikezi,(United Alliance),1,AD 36,2025-11-04_22:10:30.962459
ED   29,0.00%,WRITE-IN,&nbsp,-,AD 36,2025-11-04_22:10:30.962459
ED   30,0.00%,Donovan J. Richards Jr.,(Democratic),292,AD 36,2025-11-04_22:10:30.962459
ED   30,0.00%,Henry P. Ikezi,(Republican),47,AD 36,2025-11-04_22:10:30.962459
ED   30,0.00%,Henry P. Ikezi,(United Alliance),7,AD 36,2025-11-04_22:10:30.962459
ED   30,0.00%,WRITE-IN,&nbsp,-,AD 36,2025-11-04_22:10:30.962459
ED   31,0.00%,Donovan J. Richards Jr.,(Democratic),358,AD 36,2025-11-04_22:10:30.962459
ED   31,0.00%,Henry P. Ikezi,(Republican),63,AD 36,2025-11-04_22:10:30.962459
ED   31,0.00%,Henry P. Ikezi,(United Alliance),6,AD 36,2025-11-04_22:10:30.962459
ED   31,0.00%,WRITE-IN,&nbsp,2,AD 36,2025-11-04_22:10:30.962459
ED   32,0.00%,Donovan J. Richards Jr.,(Democratic),470,AD 36,2025-11-04_22:10:30.962459
ED   32,0.00%,Henry P. Ikezi,(Republican),61,AD 36,2025-11-04_22:10:30.962459
ED   32,0.00%,Henry P. Ikezi,(United Alliance),3,AD 36,2025-11-04_22:10:30.962459
ED   32,0.00%,WRITE-IN,&nbsp,1,AD 36,2025-11-04_22:10:30.962459
ED   33,0.00%,Donovan J. Richards Jr.,(Democratic),63,AD 36,2025-11-04_22:10:30.962459
ED   33,0.00%,Henry P. Ikezi,(Republican),15,AD 36,2025-11-04_22:10:30.962459
ED   33,0.00%,Henry P. Ikezi,(United Alliance),1,AD 36,2025-11-04_22:10:30.962459
ED   33,0.00%,WRITE-IN,&nbsp,-,AD 36,2025-11-04_22:10:30.962459
ED   34,0.00%,Donovan J. Richards Jr.,(Democratic),71,AD 36,2025-11-04_22:10:30.962459
ED   34,0.00%,Henry P. Ikezi,(Republican),8,AD 36,2025-11-04_22:10:30.962459
ED   34,0.00%,Henry P. Ikezi,(United Alliance),1,AD 36,2025-11-04_22:10:30.962459
ED   34,0.00%,WRITE-IN,&nbsp,-,AD 36,2025-11-04_22:10:30.962459
ED   35,0.00%,Donovan J. Richards Jr.,(Democratic),665,AD 36,2025-11-04_22:10:30.962459
ED   35,0.00%,Henry P. Ikezi,(Republican),87,AD 36,2025-11-04_22:10:30.962459
ED   35,0.00%,Henry P. Ikezi,(United Alliance),4,AD 36,2025-11-04_22:10:30.962459
ED   35,0.00%,WRITE-IN,&nbsp,1,AD 36,2025-11-04_22:10:30.962459
ED   36,0.00%,Donovan J. Richards Jr.,(Democratic),494,AD 36,2025-11-04_22:10:30.962459
ED   36,0.00%,Henry P. Ikezi,(Republican),94,AD 36,2025-11-04_22:10:30.962459
ED   36,0.00%,Henry P. Ikezi,(United Alliance),1,AD 36,2025-11-04_22:10:30.962459
ED   36,0.00%,WRITE-IN,&nbsp,2,AD 36,2025-11-04_22:10:30.962459
ED   37,0.00%,Donovan J. Richards Jr.,(Democratic),467,AD 36,2025-11-04_22:10:30.962459
ED   37,0.00%,Henry P. Ikezi,(Republican),63,AD 36,2025-11-04_22:10:30.962459
ED   37,0.00%,Henry P. Ikezi,(United Alliance),5,AD 36,2025-11-04_22:10:30.962459
ED   37,0.00%,WRITE-IN,&nbsp,2,AD 36,2025-11-04_22:10:30.962459
ED   38,0.00%,Donovan J. Richards Jr.,(Democratic),268,AD 36,2025-11-04_22:10:30.962459
ED   38,0.00%,Henry P. Ikezi,(Republican),54,AD 36,2025-11-04_22:10:30.962459
ED   38,0.00%,Henry P. Ikezi,(United Alliance),11,AD 36,2025-11-04_22:10:30.962459
ED   38,0.00%,WRITE-IN,&nbsp,-,AD 36,2025-11-04_22:10:30.962459
ED   39,0.00%,Donovan J. Richards Jr.,(Democratic),324,AD 36,2025-11-04_22:10:30.962459
ED   39,0.00%,Henry P. Ikezi,(Republican),42,AD 36,2025-11-04_22:10:30.962459
ED   39,0.00%,Henry P. Ikezi,(United Alliance),9,AD 36,2025-11-04_22:10:30.962459
ED   39,0.00%,WRITE-IN,&nbsp,-,AD 36,2025-11-04_22:10:30.962459
ED   40,0.00%,Donovan J. Richards Jr.,(Democratic),329,AD 36,2025-11-04_22:10:30.962459
ED   40,0.00%,Henry P. Ikezi,(Republican),44,AD 36,2025-11-04_22:10:30.962459
ED   40,0.00%,Henry P. Ikezi,(United Alliance),19,AD 36,2025-11-04_22:10:30.962459
ED   40,0.00%,WRITE-IN,&nbsp,2,AD 36,2025-11-04_22:10:30.962459
ED   41,0.00%,Donovan J. Richards Jr.,(Democratic),621,AD 36,2025-11-04_22:10:30.962459
ED   41,0.00%,Henry P. Ikezi,(Republican),91,AD 36,2025-11-04_22:10:30.962459
ED   41,0.00%,Henry P. Ikezi,(United Alliance),8,AD 36,2025-11-04_22:10:30.962459
ED   41,0.00%,WRITE-IN,&nbsp,-,AD 36,2025-11-04_22:10:30.962459
ED   42,0.00%,Donovan J. Richards Jr.,(Democratic),612,AD 36,2025-11-04_22:10:30.962459
ED   42,0.00%,Henry P. Ikezi,(Republican),90,AD 36,2025-11-04_22:10:30.962459
ED   42,0.00%,Henry P. Ikezi,(United Alliance),2,AD 36,2025-11-04_22:10:30.962459
ED   42,0.00%,WRITE-IN,&nbsp,1,AD 36,2025-11-04_22:10:30.962459
ED   43,0.00%,Donovan J. Richards Jr.,(Democratic),395,AD 36,2025-11-04_22:10:30.962459
ED   43,0.00%,Henry P. Ikezi,(Republican),50,AD 36,2025-11-04_22:10:30.962459
ED   43,0.00%,Henry P. Ikezi,(United Alliance),3,AD 36,2025-11-04_22:10:30.962459
ED   43,0.00%,WRITE-IN,&nbsp,-,AD 36,2025-11-04_22:10:30.962459
ED   44,0.00%,Donovan J. Richards Jr.,(Democratic),567,AD 36,2025-11-04_22:10:30.962459
ED   44,0.00%,Henry P. Ikezi,(Republican),112,AD 36,2025-11-04_22:10:30.962459
ED   44,0.00%,Henry P. Ikezi,(United Alliance),13,AD 36,2025-11-04_22:10:30.962459
ED   44,0.00%,WRITE-IN,&nbsp,2,AD 36,2025-11-04_22:10:30.962459
ED   45,0.00%,Donovan J. Richards Jr.,(Democratic),318,AD 36,2025-11-04_22:10:30.962459
ED   45,0.00%,Henry P. Ikezi,(Republican),60,AD 36,2025-11-04_22:10:30.962459
ED   45,0.00%,Henry P. Ikezi,(United Alliance),5,AD 36,2025-11-04_22:10:30.962459
ED   45,0.00%,WRITE-IN,&nbsp,2,AD 36,2025-11-04_22:10:30.962459
ED   46,0.00%,Donovan J. Richards Jr.,(Democratic),316,AD 36,2025-11-04_22:10:30.962459
ED   46,0.00%,Henry P. Ikezi,(Republican),38,AD 36,2025-11-04_22:10:30.962459
ED   46,0.00%,Henry P. Ikezi,(United Alliance),8,AD 36,2025-11-04_22:10:30.962459
ED   46,0.00%,WRITE-IN,&nbsp,2,AD 36,2025-11-04_22:10:30.962459
ED   47,0.00%,Donovan J. Richards Jr.,(Democratic),295,AD 36,2025-11-04_22:10:30.962459
ED   47,0.00%,Henry P. Ikezi,(Republican),40,AD 36,2025-11-04_22:10:30.962459
ED   47,0.00%,Henry P. Ikezi,(United Alliance),12,AD 36,2025-11-04_22:10:30.962459
ED   47,0.00%,WRITE-IN,&nbsp,1,AD 36,2025-11-04_22:10:30.962459
ED   48,0.00%,Donovan J. Richards Jr.,(Democratic),295,AD 36,2025-11-04_22:10:30.962459
ED   48,0.00%,Henry P. Ikezi,(Republican),41,AD 36,2025-11-04_22:10:30.962459
ED   48,0.00%,Henry P. Ikezi,(United Alliance),6,AD 36,2025-11-04_22:10:30.962459
ED   48,0.00%,WRITE-IN,&nbsp,-,AD 36,2025-11-04_22:10:30.962459
ED   49,0.00%,Donovan J. Richards Jr.,(Democratic),473,AD 36,2025-11-04_22:10:30.962459
ED   49,0.00%,Henry P. Ikezi,(Republican),83,AD 36,2025-11-04_22:10:30.962459
ED   49,0.00%,Henry P. Ikezi,(United Alliance),5,AD 36,2025-11-04_22:10:30.962459
ED   49,0.00%,WRITE-IN,&nbsp,1,AD 36,2025-11-04_22:10:30.962459
ED   50,0.00%,Donovan J. Richards Jr.,(Democratic),49,AD 36,2025-11-04_22:10:30.962459
ED   50,0.00%,Henry P. Ikezi,(Republican),10,AD 36,2025-11-04_22:10:30.962459
ED   50,0.00%,Henry P. Ikezi,(United Alliance),1,AD 36,2025-11-04_22:10:30.962459
ED   50,0.00%,WRITE-IN,&nbsp,-,AD 36,2025-11-04_22:10:30.962459
ED   51,0.00%,Donovan J. Richards Jr.,(Democratic),208,AD 36,2025-11-04_22:10:30.962459
ED   51,0.00%,Henry P. Ikezi,(Republican),57,AD 36,2025-11-04_22:10:30.962459
ED   51,0.00%,Henry P. Ikezi,(United Alliance),4,AD 36,2025-11-04_22:10:30.962459
ED   51,0.00%,WRITE-IN,&nbsp,-,AD 36,2025-11-04_22:10:30.962459
ED   52,0.00%,Donovan J. Richards Jr.,(Democratic),118,AD 36,2025-11-04_22:10:30.962459
ED   52,0.00%,Henry P. Ikezi,(Republican),35,AD 36,2025-11-04_22:10:30.962459
ED   52,0.00%,Henry P. Ikezi,(United Alliance),1,AD 36,2025-11-04_22:10:30.962459
ED   52,0.00%,WRITE-IN,&nbsp,-,AD 36,2025-11-04_22:10:30.962459
ED   53,0.00%,Donovan J. Richards Jr.,(Democratic),193,AD 36,2025-11-04_22:10:30.962459
ED   53,0.00%,Henry P. Ikezi,(Republican),32,AD 36,2025-11-04_22:10:30.962459
ED   53,0.00%,Henry P. Ikezi,(United Alliance),-,AD 36,2025-11-04_22:10:30.962459
ED   53,0.00%,WRITE-IN,&nbsp,-,AD 36,2025-11-04_22:10:30.962459
ED   54,0.00%,Donovan J. Richards Jr.,(Democratic),536,AD 36,2025-11-04_22:10:30.962459
ED   54,0.00%,Henry P. Ikezi,(Republican),91,AD 36,2025-11-04_22:10:30.962459
ED   54,0.00%,Henry P. Ikezi,(United Alliance),8,AD 36,2025-11-04_22:10:30.962459
ED   54,0.00%,WRITE-IN,&nbsp,2,AD 36,2025-11-04_22:10:30.962459
ED   55,0.00%,Donovan J. Richards Jr.,(Democratic),538,AD 36,2025-11-04_22:10:30.962459
ED   55,0.00%,Henry P. Ikezi,(Republican),104,AD 36,2025-11-04_22:10:30.962459
ED   55,0.00%,Henry P. Ikezi,(United Alliance),7,AD 36,2025-11-04_22:10:30.962459
ED   55,0.00%,WRITE-IN,&nbsp,2,AD 36,2025-11-04_22:10:30.962459
ED   56,0.00%,Donovan J. Richards Jr.,(Democratic),678,AD 36,2025-11-04_22:10:30.962459
ED   56,0.00%,Henry P. Ikezi,(Republican),199,AD 36,2025-11-04_22:10:30.962459
ED   56,0.00%,Henry P. Ikezi,(United Alliance),9,AD 36,2025-11-04_22:10:30.962459
ED   56,0.00%,WRITE-IN,&nbsp,5,AD 36,2025-11-04_22:10:30.962459
ED   57,0.00%,Donovan J. Richards Jr.,(Democratic),548,AD 36,2025-11-04_22:10:30.962459
ED   57,0.00%,Henry P. Ikezi,(Republican),99,AD 36,2025-11-04_22:10:30.962459
ED   57,0.00%,Henry P. Ikezi,(United Alliance),7,AD 36,2025-11-04_22:10:30.962459
ED   57,0.00%,WRITE-IN,&nbsp,1,AD 36,2025-11-04_22:10:30.962459
ED   58,0.00%,Donovan J. Richards Jr.,(Democratic),397,AD 36,2025-11-04_22:10:30.962459
ED   58,0.00%,Henry P. Ikezi,(Republican),59,AD 36,2025-11-04_22:10:30.962459
ED   58,0.00%,Henry P. Ikezi,(United Alliance),5,AD 36,2025-11-04_22:10:30.962459
ED   58,0.00%,WRITE-IN,&nbsp,1,AD 36,2025-11-04_22:10:30.962459
ED   59,0.00%,Donovan J. Richards Jr.,(Democratic),427,AD 36,2025-11-04_22:10:30.962459
ED   59,0.00%,Henry P. Ikezi,(Republican),80,AD 36,2025-11-04_22:10:30.962459
ED   59,0.00%,Henry P. Ikezi,(United Alliance),7,AD 36,2025-11-04_22:10:30.962459
ED   59,0.00%,WRITE-IN,&nbsp,1,AD 36,2025-11-04_22:10:30.962459
ED   60,0.00%,Donovan J. Richards Jr.,(Democratic),366,AD 36,2025-11-04_22:10:30.962459
ED   60,0.00%,Henry P. Ikezi,(Republican),79,AD 36,2025-11-04_22:10:30.962459
ED   60,0.00%,Henry P. Ikezi,(United Alliance),3,AD 36,2025-11-04_22:10:30.962459
ED   60,0.00%,WRITE-IN,&nbsp,4,AD 36,2025-11-04_22:10:30.962459
ED   61,0.00%,Donovan J. Richards Jr.,(Democratic),360,AD 36,2025-11-04_22:10:30.962459
ED   61,0.00%,Henry P. Ikezi,(Republican),87,AD 36,2025-11-04_22:10:30.962459
ED   61,0.00%,Henry P. Ikezi,(United Alliance),5,AD 36,2025-11-04_22:10:30.962459
ED   61,0.00%,WRITE-IN,&nbsp,-,AD 36,2025-11-04_22:10:30.962459
ED   62,0.00%,Donovan J. Richards Jr.,(Democratic),555,AD 36,2025-11-04_22:10:30.962459
ED   62,0.00%,Henry P. Ikezi,(Republican),88,AD 36,2025-11-04_22:10:30.962459
ED   62,0.00%,Henry P. Ikezi,(United Alliance),5,AD 36,2025-11-04_22:10:30.962459
ED   62,0.00%,WRITE-IN,&nbsp,2,AD 36,2025-11-04_22:10:30.962459
ED   63,0.00%,Donovan J. Richards Jr.,(Democratic),664,AD 36,2025-11-04_22:10:30.962459
ED   63,0.00%,Henry P. Ikezi,(Republican),123,AD 36,2025-11-04_22:10:30.962459
ED   63,0.00%,Henry P. Ikezi,(United Alliance),2,AD 36,2025-11-04_22:10:30.962459
ED   63,0.00%,WRITE-IN,&nbsp,1,AD 36,2025-11-04_22:10:30.962459
ED   64,0.00%,Donovan J. Richards Jr.,(Democratic),328,AD 36,2025-11-04_22:10:30.962459
ED   64,0.00%,Henry P. Ikezi,(Republican),89,AD 36,2025-11-04_22:10:30.962459
ED   64,0.00%,Henry P. Ikezi,(United Alliance),3,AD 36,2025-11-04_22:10:30.962459
ED   64,0.00%,WRITE-IN,&nbsp,-,AD 36,2025-11-04_22:10:30.962459
ED   65,0.00%,Donovan J. Richards Jr.,(Democratic),516,AD 36,2025-11-04_22:10:30.962459
ED   65,0.00%,Henry P. Ikezi,(Republican),104,AD 36,2025-11-04_22:10:30.962459
ED   65,0.00%,Henry P. Ikezi,(United Alliance),8,AD 36,2025-11-04_22:10:30.962459
ED   65,0.00%,WRITE-IN,&nbsp,3,AD 36,2025-11-04_22:10:30.962459
ED   66,0.00%,Donovan J. Richards Jr.,(Democratic),85,AD 36,2025-11-04_22:10:30.962459
ED   66,0.00%,Henry P. Ikezi,(Republican),13,AD 36,2025-11-04_22:10:30.962459
ED   66,0.00%,Henry P. Ikezi,(United Alliance),-,AD 36,2025-11-04_22:10:30.962459
ED   66,0.00%,WRITE-IN,&nbsp,-,AD 36,2025-11-04_22:10:30.962459
ED   67,0.00%,Donovan J. Richards Jr.,(Democratic),44,AD 36,2025-11-04_22:10:30.962459
ED   67,0.00%,Henry P. Ikezi,(Republican),9,AD 36,2025-11-04_22:10:30.962459
ED   67,0.00%,Henry P. Ikezi,(United Alliance),-,AD 36,2025-11-04_22:10:30.962459
ED   67,0.00%,WRITE-IN,&nbsp,1,AD 36,2025-11-04_22:10:30.962459
ED   68,0.00%,Donovan J. Richards Jr.,(Democratic),-,AD 36,2025-11-04_22:10:30.962459
ED   68,0.00%,Henry P. Ikezi,(Republican),-,AD 36,2025-11-04_22:10:30.962459
ED   68,0.00%,Henry P. Ikezi,(United Alliance),-,AD 36,2025-11-04_22:10:30.962459
ED   68,0.00%,WRITE-IN,&nbsp,-,AD 36,2025-11-04_22:10:30.962459
ED   69,0.00%,Donovan J. Richards Jr.,(Democratic),-,AD 36,2025-11-04_22:10:30.962459
ED   69,0.00%,Henry P. Ikezi,(Republican),-,AD 36,2025-11-04_22:10:30.962459
ED   69,0.00%,Henry P. Ikezi,(United Alliance),-,AD 36,2025-11-04_22:10:30.962459
ED   69,0.00%,WRITE-IN,&nbsp,-,AD 36,2025-11-04_22:10:30.962459
ED   70,0.00%,Donovan J. Richards Jr.,(Democratic),-,AD 36,2025-11-04_22:10:30.962459
ED   70,0.00%,Henry P. Ikezi,(Republican),-,AD 36,2025-11-04_22:10:30.962459
ED   70,0.00%,Henry P. Ikezi,(United Alliance),-,AD 36,2025-11-04_22:10:30.962459
ED   70,0.00%,WRITE-IN,&nbsp,-,AD 36,2025-11-04_22:10:30.962459
Total,,Donovan J. Richards Jr.,(Democratic),28201,AD 36,2025-11-04_22:10:30.962459
Total,,Henry P. Ikezi,(Republican),5317,AD 36,2025-11-04_22:10:30.962459
Total,,Henry P. Ikezi,(United Alliance),381,AD 36,2025-11-04_22:10:30.962459
Total,,WRITE-IN,&nbsp,97,AD 36,2025-11-04_22:10:30.962459
ED    1,0.00%,Donovan J. Richards Jr.,(Democratic),795,AD 37,2025-11-04_22:10:30.962459
ED    1,0.00%,Henry P. Ikezi,(Republican),97,AD 37,2025-11-04_22:10:30.962459
ED    1,0.00%,Henry P. Ikezi,(United Alliance),14,AD 37,2025-11-04_22:10:30.962459
ED    1,0.00%,WRITE-IN,&nbsp,-,AD 37,2025-11-04_22:10:30.962459
ED    2,0.00%,Donovan J. Richards Jr.,(Democratic),864,AD 37,2025-11-04_22:10:30.962459
ED    2,0.00%,Henry P. Ikezi,(Republican),144,AD 37,2025-11-04_22:10:30.962459
ED    2,0.00%,Henry P. Ikezi,(United Alliance),6,AD 37,2025-11-04_22:10:30.962459
ED    2,0.00%,WRITE-IN,&nbsp,3,AD 37,2025-11-04_22:10:30.962459
ED    3,0.00%,Donovan J. Richards Jr.,(Democratic),356,AD 37,2025-11-04_22:10:30.962459
ED    3,0.00%,Henry P. Ikezi,(Republican),63,AD 37,2025-11-04_22:10:30.962459
ED    3,0.00%,Henry P. Ikezi,(United Alliance),1,AD 37,2025-11-04_22:10:30.962459
ED    3,0.00%,WRITE-IN,&nbsp,-,AD 37,2025-11-04_22:10:30.962459
ED    4,0.00%,Donovan J. Richards Jr.,(Democratic),508,AD 37,2025-11-04_22:10:30.962459
ED    4,0.00%,Henry P. Ikezi,(Republican),103,AD 37,2025-11-04_22:10:30.962459
ED    4,0.00%,Henry P. Ikezi,(United Alliance),3,AD 37,2025-11-04_22:10:30.962459
ED    4,0.00%,WRITE-IN,&nbsp,1,AD 37,2025-11-04_22:10:30.962459
ED    5,0.00%,Donovan J. Richards Jr.,(Democratic),482,AD 37,2025-11-04_22:10:30.962459
ED    5,0.00%,Henry P. Ikezi,(Republican),87,AD 37,2025-11-04_22:10:30.962459
ED    5,0.00%,Henry P. Ikezi,(United Alliance),2,AD 37,2025-11-04_22:10:30.962459
ED    5,0.00%,WRITE-IN,&nbsp,-,AD 37,2025-11-04_22:10:30.962459
ED    6,0.00%,Donovan J. Richards Jr.,(Democratic),739,AD 37,2025-11-04_22:10:30.962459
ED    6,0.00%,Henry P. Ikezi,(Republican),171,AD 37,2025-11-04_22:10:30.962459
ED    6,0.00%,Henry P. Ikezi,(United Alliance),8,AD 37,2025-11-04_22:10:30.962459
ED    6,0.00%,WRITE-IN,&nbsp,2,AD 37,2025-11-04_22:10:30.962459
ED    7,0.00%,Donovan J. Richards Jr.,(Democratic),673,AD 37,2025-11-04_22:10:30.962459
ED    7,0.00%,Henry P. Ikezi,(Republican),108,AD 37,2025-11-04_22:10:30.962459
ED    7,0.00%,Henry P. Ikezi,(United Alliance),10,AD 37,2025-11-04_22:10:30.962459
ED    7,0.00%,WRITE-IN,&nbsp,-,AD 37,2025-11-04_22:10:30.962459
ED    8,0.00%,Donovan J. Richards Jr.,(Democratic),595,AD 37,2025-11-04_22:10:30.962459
ED    8,0.00%,Henry P. Ikezi,(Republican),73,AD 37,2025-11-04_22:10:30.962459
ED    8,0.00%,Henry P. Ikezi,(United Alliance),4,AD 37,2025-11-04_22:10:30.962459
ED    8,0.00%,WRITE-IN,&nbsp,-,AD 37,2025-11-04_22:10:30.962459
ED    9,0.00%,Donovan J. Richards Jr.,(Democratic),224,AD 37,2025-11-04_22:10:30.962459
ED    9,0.00%,Henry P. Ikezi,(Republican),26,AD 37,2025-11-04_22:10:30.962459
ED    9,0.00%,Henry P. Ikezi,(United Alliance),1,AD 37,2025-11-04_22:10:30.962459
ED    9,0.00%,WRITE-IN,&nbsp,-,AD 37,2025-11-04_22:10:30.962459
ED   10,0.00%,Donovan J. Richards Jr.,(Democratic),2,AD 37,2025-11-04_22:10:30.962459
ED   10,0.00%,Henry P. Ikezi,(Republican),1,AD 37,2025-11-04_22:10:30.962459
ED   10,0.00%,Henry P. Ikezi,(United Alliance),-,AD 37,2025-11-04_22:10:30.962459
ED   10,0.00%,WRITE-IN,&nbsp,-,AD 37,2025-11-04_22:10:30.962459
ED   11,0.00%,Donovan J. Richards Jr.,(Democratic),71,AD 37,2025-11-04_22:10:30.962459
ED   11,0.00%,Henry P. Ikezi,(Republican),56,AD 37,2025-11-04_22:10:30.962459
ED   11,0.00%,Henry P. Ikezi,(United Alliance),1,AD 37,2025-11-04_22:10:30.962459
ED   11,0.00%,WRITE-IN,&nbsp,-,AD 37,2025-11-04_22:10:30.962459
ED   12,0.00%,Donovan J. Richards Jr.,(Democratic),551,AD 37,2025-11-04_22:10:30.962459
ED   12,0.00%,Henry P. Ikezi,(Republican),91,AD 37,2025-11-04_22:10:30.962459
ED   12,0.00%,Henry P. Ikezi,(United Alliance),5,AD 37,2025-11-04_22:10:30.962459
ED   12,0.00%,WRITE-IN,&nbsp,-,AD 37,2025-11-04_22:10:30.962459
ED   13,0.00%,Donovan J. Richards Jr.,(Democratic),53,AD 37,2025-11-04_22:10:30.962459
ED   13,0.00%,Henry P. Ikezi,(Republican),11,AD 37,2025-11-04_22:10:30.962459
ED   13,0.00%,Henry P. Ikezi,(United Alliance),-,AD 37,2025-11-04_22:10:30.962459
ED   13,0.00%,WRITE-IN,&nbsp,-,AD 37,2025-11-04_22:10:30.962459
ED   14,0.00%,Donovan J. Richards Jr.,(Democratic),422,AD 37,2025-11-04_22:10:30.962459
ED   14,0.00%,Henry P. Ikezi,(Republican),123,AD 37,2025-11-04_22:10:30.962459
ED   14,0.00%,Henry P. Ikezi,(United Alliance),8,AD 37,2025-11-04_22:10:30.962459
ED   14,0.00%,WRITE-IN,&nbsp,2,AD 37,2025-11-04_22:10:30.962459
ED   15,0.00%,Donovan J. Richards Jr.,(Democratic),122,AD 37,2025-11-04_22:10:30.962459
ED   15,0.00%,Henry P. Ikezi,(Republican),28,AD 37,2025-11-04_22:10:30.962459
ED   15,0.00%,Henry P. Ikezi,(United Alliance),3,AD 37,2025-11-04_22:10:30.962459
ED   15,0.00%,WRITE-IN,&nbsp,-,AD 37,2025-11-04_22:10:30.962459
ED   16,0.00%,Donovan J. Richards Jr.,(Democratic),281,AD 37,2025-11-04_22:10:30.962459
ED   16,0.00%,Henry P. Ikezi,(Republican),61,AD 37,2025-11-04_22:10:30.962459
ED   16,0.00%,Henry P. Ikezi,(United Alliance),4,AD 37,2025-11-04_22:10:30.962459
ED   16,0.00%,WRITE-IN,&nbsp,-,AD 37,2025-11-04_22:10:30.962459
ED   17,0.00%,Donovan J. Richards Jr.,(Democratic),317,AD 37,2025-11-04_22:10:30.962459
ED   17,0.00%,Henry P. Ikezi,(Republican),72,AD 37,2025-11-04_22:10:30.962459
ED   17,0.00%,Henry P. Ikezi,(United Alliance),17,AD 37,2025-11-04_22:10:30.962459
ED   17,0.00%,WRITE-IN,&nbsp,1,AD 37,2025-11-04_22:10:30.962459
ED   18,0.00%,Donovan J. Richards Jr.,(Democratic),364,AD 37,2025-11-04_22:10:30.962459
ED   18,0.00%,Henry P. Ikezi,(Republican),88,AD 37,2025-11-04_22:10:30.962459
ED   18,0.00%,Henry P. Ikezi,(United Alliance),11,AD 37,2025-11-04_22:10:30.962459
ED   18,0.00%,WRITE-IN,&nbsp,3,AD 37,2025-11-04_22:10:30.962459
ED   19,0.00%,Donovan J. Richards Jr.,(Democratic),501,AD 37,2025-11-04_22:10:30.962459
ED   19,0.00%,Henry P. Ikezi,(Republican),84,AD 37,2025-11-04_22:10:30.962459
ED   19,0.00%,Henry P. Ikezi,(United Alliance),9,AD 37,2025-11-04_22:10:30.962459
ED   19,0.00%,WRITE-IN,&nbsp,4,AD 37,2025-11-04_22:10:30.962459
ED   20,0.00%,Donovan J. Richards Jr.,(Democratic),533,AD 37,2025-11-04_22:10:30.962459
ED   20,0.00%,Henry P. Ikezi,(Republican),95,AD 37,2025-11-04_22:10:30.962459
ED   20,0.00%,Henry P. Ikezi,(United Alliance),11,AD 37,2025-11-04_22:10:30.962459
ED   20,0.00%,WRITE-IN,&nbsp,5,AD 37,2025-11-04_22:10:30.962459
ED   21,0.00%,Donovan J. Richards Jr.,(Democratic),606,AD 37,2025-11-04_22:10:30.962459
ED   21,0.00%,Henry P. Ikezi,(Republican),107,AD 37,2025-11-04_22:10:30.962459
ED   21,0.00%,Henry P. Ikezi,(United Alliance),5,AD 37,2025-11-04_22:10:30.962459
ED   21,0.00%,WRITE-IN,&nbsp,1,AD 37,2025-11-04_22:10:30.962459
ED   22,0.00%,Donovan J. Richards Jr.,(Democratic),559,AD 37,2025-11-04_22:10:30.962459
ED   22,0.00%,Henry P. Ikezi,(Republican),142,AD 37,2025-11-04_22:10:30.962459
ED   22,0.00%,Henry P. Ikezi,(United Alliance),9,AD 37,2025-11-04_22:10:30.962459
ED   22,0.00%,WRITE-IN,&nbsp,2,AD 37,2025-11-04_22:10:30.962459
ED   23,0.00%,Donovan J. Richards Jr.,(Democratic),410,AD 37,2025-11-04_22:10:30.962459
ED   23,0.00%,Henry P. Ikezi,(Republican),54,AD 37,2025-11-04_22:10:30.962459
ED   23,0.00%,Henry P. Ikezi,(United Alliance),3,AD 37,2025-11-04_22:10:30.962459
ED   23,0.00%,WRITE-IN,&nbsp,-,AD 37,2025-11-04_22:10:30.962459
ED   24,0.00%,Donovan J. Richards Jr.,(Democratic),505,AD 37,2025-11-04_22:10:30.962459
ED   24,0.00%,Henry P. Ikezi,(Republican),103,AD 37,2025-11-04_22:10:30.962459
ED   24,0.00%,Henry P. Ikezi,(United Alliance),10,AD 37,2025-11-04_22:10:30.962459
ED   24,0.00%,WRITE-IN,&nbsp,1,AD 37,2025-11-04_22:10:30.962459
ED   25,0.00%,Donovan J. Richards Jr.,(Democratic),505,AD 37,2025-11-04_22:10:30.962459
ED   25,0.00%,Henry P. Ikezi,(Republican),81,AD 37,2025-11-04_22:10:30.962459
ED   25,0.00%,Henry P. Ikezi,(United Alliance),3,AD 37,2025-11-04_22:10:30.962459
ED   25,0.00%,WRITE-IN,&nbsp,3,AD 37,2025-11-04_22:10:30.962459
ED   26,0.00%,Donovan J. Richards Jr.,(Democratic),480,AD 37,2025-11-04_22:10:30.962459
ED   26,0.00%,Henry P. Ikezi,(Republican),88,AD 37,2025-11-04_22:10:30.962459
ED   26,0.00%,Henry P. Ikezi,(United Alliance),6,AD 37,2025-11-04_22:10:30.962459
ED   26,0.00%,WRITE-IN,&nbsp,3,AD 37,2025-11-04_22:10:30.962459
ED   27,0.00%,Donovan J. Richards Jr.,(Democratic),727,AD 37,2025-11-04_22:10:30.962459
ED   27,0.00%,Henry P. Ikezi,(Republican),128,AD 37,2025-11-04_22:10:30.962459
ED   27,0.00%,Henry P. Ikezi,(United Alliance),8,AD 37,2025-11-04_22:10:30.962459
ED   27,0.00%,WRITE-IN,&nbsp,2,AD 37,2025-11-04_22:10:30.962459
ED   28,0.00%,Donovan J. Richards Jr.,(Democratic),659,AD 37,2025-11-04_22:10:30.962459
ED   28,0.00%,Henry P. Ikezi,(Republican),127,AD 37,2025-11-04_22:10:30.962459
ED   28,0.00%,Henry P. Ikezi,(United Alliance),9,AD 37,2025-11-04_22:10:30.962459
ED   28,0.00%,WRITE-IN,&nbsp,-,AD 37,2025-11-04_22:10:30.962459
ED   29,0.00%,Donovan J. Richards Jr.,(Democratic),497,AD 37,2025-11-04_22:10:30.962459
ED   29,0.00%,Henry P. Ikezi,(Republican),79,AD 37,2025-11-04_22:10:30.962459
ED   29,0.00%,Henry P. Ikezi,(United Alliance),9,AD 37,2025-11-04_22:10:30.962459
ED   29,0.00%,WRITE-IN,&nbsp,3,AD 37,2025-11-04_22:10:30.962459
ED   30,0.00%,Donovan J. Richards Jr.,(Democratic),602,AD 37,2025-11-04_22:10:30.962459
ED   30,0.00%,Henry P. Ikezi,(Republican),148,AD 37,2025-11-04_22:10:30.962459
ED   30,0.00%,Henry P. Ikezi,(United Alliance),6,AD 37,2025-11-04_22:10:30.962459
ED   30,0.00%,WRITE-IN,&nbsp,6,AD 37,2025-11-04_22:10:30.962459
ED   31,0.00%,Donovan J. Richards Jr.,(Democratic),609,AD 37,2025-11-04_22:10:30.962459
ED   31,0.00%,Henry P. Ikezi,(Republican),143,AD 37,2025-11-04_22:10:30.962459
ED   31,0.00%,Henry P. Ikezi,(United Alliance),11,AD 37,2025-11-04_22:10:30.962459
ED   31,0.00%,WRITE-IN,&nbsp,-,AD 37,2025-11-04_22:10:30.962459
ED   32,0.00%,Donovan J. Richards Jr.,(Democratic),232,AD 37,2025-11-04_22:10:30.962459
ED   32,0.00%,Henry P. Ikezi,(Republican),42,AD 37,2025-11-04_22:10:30.962459
ED   32,0.00%,Henry P. Ikezi,(United Alliance),4,AD 37,2025-11-04_22:10:30.962459
ED   32,0.00%,WRITE-IN,&nbsp,2,AD 37,2025-11-04_22:10:30.962459
ED   33,0.00%,Donovan J. Richards Jr.,(Democratic),389,AD 37,2025-11-04_22:10:30.962459
ED   33,0.00%,Henry P. Ikezi,(Republican),91,AD 37,2025-11-04_22:10:30.962459
ED   33,0.00%,Henry P. Ikezi,(United Alliance),2,AD 37,2025-11-04_22:10:30.962459
ED   33,0.00%,WRITE-IN,&nbsp,2,AD 37,2025-11-04_22:10:30.962459
ED   34,0.00%,Donovan J. Richards Jr.,(Democratic),-,AD 37,2025-11-04_22:10:30.962459
ED   34,0.00%,Henry P. Ikezi,(Republican),1,AD 37,2025-11-04_22:10:30.962459
ED   34,0.00%,Henry P. Ikezi,(United Alliance),-,AD 37,2025-11-04_22:10:30.962459
ED   34,0.00%,WRITE-IN,&nbsp,-,AD 37,2025-11-04_22:10:30.962459
ED   35,0.00%,Donovan J. Richards Jr.,(Democratic),730,AD 37,2025-11-04_22:10:30.962459
ED   35,0.00%,Henry P. Ikezi,(Republican),119,AD 37,2025-11-04_22:10:30.962459
ED   35,0.00%,Henry P. Ikezi,(United Alliance),4,AD 37,2025-11-04_22:10:30.962459
ED   35,0.00%,WRITE-IN,&nbsp,-,AD 37,2025-11-04_22:10:30.962459
ED   36,0.00%,Donovan J. Richards Jr.,(Democratic),656,AD 37,2025-11-04_22:10:30.962459
ED   36,0.00%,Henry P. Ikezi,(Republican),217,AD 37,2025-11-04_22:10:30.962459
ED   36,0.00%,Henry P. Ikezi,(United Alliance),8,AD 37,2025-11-04_22:10:30.962459
ED   36,0.00%,WRITE-IN,&nbsp,2,AD 37,2025-11-04_22:10:30.962459
ED   37,0.00%,Donovan J. Richards Jr.,(Democratic),266,AD 37,2025-11-04_22:10:30.962459
ED   37,0.00%,Henry P. Ikezi,(Republican),73,AD 37,2025-11-04_22:10:30.962459
ED   37,0.00%,Henry P. Ikezi,(United Alliance),3,AD 37,2025-11-04_22:10:30.962459
ED   37,0.00%,WRITE-IN,&nbsp,1,AD 37,2025-11-04_22:10:30.962459
ED   38,0.00%,Donovan J. Richards Jr.,(Democratic),-,AD 37,2025-11-04_22:10:30.962459
ED   38,0.00%,Henry P. Ikezi,(Republican),-,AD 37,2025-11-04_22:10:30.962459
ED   38,0.00%,Henry P. Ikezi,(United Alliance),-,AD 37,2025-11-04_22:10:30.962459
ED   38,0.00%,WRITE-IN,&nbsp,-,AD 37,2025-11-04_22:10:30.962459
ED   39,0.00%,Donovan J. Richards Jr.,(Democratic),181,AD 37,2025-11-04_22:10:30.962459
ED   39,0.00%,Henry P. Ikezi,(Republican),369,AD 37,2025-11-04_22:10:30.962459
ED   39,0.00%,Henry P. Ikezi,(United Alliance),4,AD 37,2025-11-04_22:10:30.962459
ED   39,0.00%,WRITE-IN,&nbsp,2,AD 37,2025-11-04_22:10:30.962459
ED   40,0.00%,Donovan J. Richards Jr.,(Democratic),250,AD 37,2025-11-04_22:10:30.962459
ED   40,0.00%,Henry P. Ikezi,(Republican),408,AD 37,2025-11-04_22:10:30.962459
ED   40,0.00%,Henry P. Ikezi,(United Alliance),7,AD 37,2025-11-04_22:10:30.962459
ED   40,0.00%,WRITE-IN,&nbsp,-,AD 37,2025-11-04_22:10:30.962459
ED   41,0.00%,Donovan J. Richards Jr.,(Democratic),25,AD 37,2025-11-04_22:10:30.962459
ED   41,0.00%,Henry P. Ikezi,(Republican),10,AD 37,2025-11-04_22:10:30.962459
ED   41,0.00%,Henry P. Ikezi,(United Alliance),-,AD 37,2025-11-04_22:10:30.962459
ED   41,0.00%,WRITE-IN,&nbsp,-,AD 37,2025-11-04_22:10:30.962459
ED   42,0.00%,Donovan J. Richards Jr.,(Democratic),403,AD 37,2025-11-04_22:10:30.962459
ED   42,0.00%,Henry P. Ikezi,(Republican),76,AD 37,2025-11-04_22:10:30.962459
ED   42,0.00%,Henry P. Ikezi,(United Alliance),5,AD 37,2025-11-04_22:10:30.962459
ED   42,0.00%,WRITE-IN,&nbsp,2,AD 37,2025-11-04_22:10:30.962459
ED   43,0.00%,Donovan J. Richards Jr.,(Democratic),252,AD 37,2025-11-04_22:10:30.962459
ED   43,0.00%,Henry P. Ikezi,(Republican),119,AD 37,2025-11-04_22:10:30.962459
ED   43,0.00%,Henry P. Ikezi,(United Alliance),6,AD 37,2025-11-04_22:10:30.962459
ED   43,0.00%,WRITE-IN,&nbsp,1,AD 37,2025-11-04_22:10:30.962459
ED   44,0.00%,Donovan J. Richards Jr.,(Democratic),388,AD 37,2025-11-04_22:10:30.962459
ED   44,0.00%,Henry P. Ikezi,(Republican),113,AD 37,2025-11-04_22:10:30.962459
ED   44,0.00%,Henry P. Ikezi,(United Alliance),7,AD 37,2025-11-04_22:10:30.962459
ED   44,0.00%,WRITE-IN,&nbsp,1,AD 37,2025-11-04_22:10:30.962459
ED   45,0.00%,Donovan J. Richards Jr.,(Democratic),188,AD 37,2025-11-04_22:10:30.962459
ED   45,0.00%,Henry P. Ikezi,(Republican),70,AD 37,2025-11-04_22:10:30.962459
ED   45,0.00%,Henry P. Ikezi,(United Alliance),5,AD 37,2025-11-04_22:10:30.962459
ED   45,0.00%,WRITE-IN,&nbsp,-,AD 37,2025-11-04_22:10:30.962459
ED   46,0.00%,Donovan J. Richards Jr.,(Democratic),43,AD 37,2025-11-04_22:10:30.962459
ED   46,0.00%,Henry P. Ikezi,(Republican),50,AD 37,2025-11-04_22:10:30.962459
ED   46,0.00%,Henry P. Ikezi,(United Alliance),1,AD 37,2025-11-04_22:10:30.962459
ED   46,0.00%,WRITE-IN,&nbsp,-,AD 37,2025-11-04_22:10:30.962459
ED   47,0.00%,Donovan J. Richards Jr.,(Democratic),338,AD 37,2025-11-04_22:10:30.962459
ED   47,0.00%,Henry P. Ikezi,(Republican),340,AD 37,2025-11-04_22:10:30.962459
ED   47,0.00%,Henry P. Ikezi,(United Alliance),11,AD 37,2025-11-04_22:10:30.962459
ED   47,0.00%,WRITE-IN,&nbsp,-,AD 37,2025-11-04_22:10:30.962459
ED   48,0.00%,Donovan J. Richards Jr.,(Democratic),265,AD 37,2025-11-04_22:10:30.962459
ED   48,0.00%,Henry P. Ikezi,(Republican),270,AD 37,2025-11-04_22:10:30.962459
ED   48,0.00%,Henry P. Ikezi,(United Alliance),4,AD 37,2025-11-04_22:10:30.962459
ED   48,0.00%,WRITE-IN,&nbsp,1,AD 37,2025-11-04_22:10:30.962459
ED   49,0.00%,Donovan J. Richards Jr.,(Democratic),126,AD 37,2025-11-04_22:10:30.962459
ED   49,0.00%,Henry P. Ikezi,(Republican),127,AD 37,2025-11-04_22:10:30.962459
ED   49,0.00%,Henry P. Ikezi,(United Alliance),3,AD 37,2025-11-04_22:10:30.962459
ED   49,0.00%,WRITE-IN,&nbsp,-,AD 37,2025-11-04_22:10:30.962459
ED   50,0.00%,Donovan J. Richards Jr.,(Democratic),168,AD 37,2025-11-04_22:10:30.962459
ED   50,0.00%,Henry P. Ikezi,(Republican),173,AD 37,2025-11-04_22:10:30.962459
ED   50,0.00%,Henry P. Ikezi,(United Alliance),3,AD 37,2025-11-04_22:10:30.962459
ED   50,0.00%,WRITE-IN,&nbsp,-,AD 37,2025-11-04_22:10:30.962459
ED   51,0.00%,Donovan J. Richards Jr.,(Democratic),198,AD 37,2025-11-04_22:10:30.962459
ED   51,0.00%,Henry P. Ikezi,(Republican),172,AD 37,2025-11-04_22:10:30.962459
ED   51,0.00%,Henry P. Ikezi,(United Alliance),7,AD 37,2025-11-04_22:10:30.962459
ED   51,0.00%,WRITE-IN,&nbsp,-,AD 37,2025-11-04_22:10:30.962459
ED   52,0.00%,Donovan J. Richards Jr.,(Democratic),428,AD 37,2025-11-04_22:10:30.962459
ED   52,0.00%,Henry P. Ikezi,(Republican),228,AD 37,2025-11-04_22:10:30.962459
ED   52,0.00%,Henry P. Ikezi,(United Alliance),7,AD 37,2025-11-04_22:10:30.962459
ED   52,0.00%,WRITE-IN,&nbsp,2,AD 37,2025-11-04_22:10:30.962459
ED   53,0.00%,Donovan J. Richards Jr.,(Democratic),489,AD 37,2025-11-04_22:10:30.962459
ED   53,0.00%,Henry P. Ikezi,(Republican),188,AD 37,2025-11-04_22:10:30.962459
ED   53,0.00%,Henry P. Ikezi,(United Alliance),9,AD 37,2025-11-04_22:10:30.962459
ED   53,0.00%,WRITE-IN,&nbsp,4,AD 37,2025-11-04_22:10:30.962459
ED   54,0.00%,Donovan J. Richards Jr.,(Democratic),467,AD 37,2025-11-04_22:10:30.962459
ED   54,0.00%,Henry P. Ikezi,(Republican),113,AD 37,2025-11-04_22:10:30.962459
ED   54,0.00%,Henry P. Ikezi,(United Alliance),4,AD 37,2025-11-04_22:10:30.962459
ED   54,0.00%,WRITE-IN,&nbsp,3,AD 37,2025-11-04_22:10:30.962459
ED   55,0.00%,Donovan J. Richards Jr.,(Democratic),408,AD 37,2025-11-04_22:10:30.962459
ED   55,0.00%,Henry P. Ikezi,(Republican),111,AD 37,2025-11-04_22:10:30.962459
ED   55,0.00%,Henry P. Ikezi,(United Alliance),7,AD 37,2025-11-04_22:10:30.962459
ED   55,0.00%,WRITE-IN,&nbsp,1,AD 37,2025-11-04_22:10:30.962459
ED   56,0.00%,Donovan J. Richards Jr.,(Democratic),371,AD 37,2025-11-04_22:10:30.962459
ED   56,0.00%,Henry P. Ikezi,(Republican),85,AD 37,2025-11-04_22:10:30.962459
ED   56,0.00%,Henry P. Ikezi,(United Alliance),4,AD 37,2025-11-04_22:10:30.962459
ED   56,0.00%,WRITE-IN,&nbsp,1,AD 37,2025-11-04_22:10:30.962459
ED   57,0.00%,Donovan J. Richards Jr.,(Democratic),520,AD 37,2025-11-04_22:10:30.962459
ED   57,0.00%,Henry P. Ikezi,(Republican),146,AD 37,2025-11-04_22:10:30.962459
ED   57,0.00%,Henry P. Ikezi,(United Alliance),8,AD 37,2025-11-04_22:10:30.962459
ED   57,0.00%,WRITE-IN,&nbsp,3,AD 37,2025-11-04_22:10:30.962459
ED   58,0.00%,Donovan J. Richards Jr.,(Democratic),253,AD 37,2025-11-04_22:10:30.962459
ED   58,0.00%,Henry P. Ikezi,(Republican),76,AD 37,2025-11-04_22:10:30.962459
ED   58,0.00%,Henry P. Ikezi,(United Alliance),9,AD 37,2025-11-04_22:10:30.962459
ED   58,0.00%,WRITE-IN,&nbsp,1,AD 37,2025-11-04_22:10:30.962459
ED   59,0.00%,Donovan J. Richards Jr.,(Democratic),350,AD 37,2025-11-04_22:10:30.962459
ED   59,0.00%,Henry P. Ikezi,(Republican),55,AD 37,2025-11-04_22:10:30.962459
ED   59,0.00%,Henry P. Ikezi,(United Alliance),3,AD 37,2025-11-04_22:10:30.962459
ED   59,0.00%,WRITE-IN,&nbsp,1,AD 37,2025-11-04_22:10:30.962459
ED   60,0.00%,Donovan J. Richards Jr.,(Democratic),241,AD 37,2025-11-04_22:10:30.962459
ED   60,0.00%,Henry P. Ikezi,(Republican),27,AD 37,2025-11-04_22:10:30.962459
ED   60,0.00%,Henry P. Ikezi,(United Alliance),4,AD 37,2025-11-04_22:10:30.962459
ED   60,0.00%,WRITE-IN,&nbsp,-,AD 37,2025-11-04_22:10:30.962459
ED   61,0.00%,Donovan J. Richards Jr.,(Democratic),385,AD 37,2025-11-04_22:10:30.962459
ED   61,0.00%,Henry P. Ikezi,(Republican),69,AD 37,2025-11-04_22:10:30.962459
ED   61,0.00%,Henry P. Ikezi,(United Alliance),5,AD 37,2025-11-04_22:10:30.962459
ED   61,0.00%,WRITE-IN,&nbsp,2,AD 37,2025-11-04_22:10:30.962459
ED   62,0.00%,Donovan J. Richards Jr.,(Democratic),228,AD 37,2025-11-04_22:10:30.962459
ED   62,0.00%,Henry P. Ikezi,(Republican),82,AD 37,2025-11-04_22:10:30.962459
ED   62,0.00%,Henry P. Ikezi,(United Alliance),3,AD 37,2025-11-04_22:10:30.962459
ED   62,0.00%,WRITE-IN,&nbsp,1,AD 37,2025-11-04_22:10:30.962459
ED   63,0.00%,Donovan J. Richards Jr.,(Democratic),539,AD 37,2025-11-04_22:10:30.962459
ED   63,0.00%,Henry P. Ikezi,(Republican),112,AD 37,2025-11-04_22:10:30.962459
ED   63,0.00%,Henry P. Ikezi,(United Alliance),7,AD 37,2025-11-04_22:10:30.962459
ED   63,0.00%,WRITE-IN,&nbsp,-,AD 37,2025-11-04_22:10:30.962459
ED   64,0.00%,Donovan J. Richards Jr.,(Democratic),624,AD 37,2025-11-04_22:10:30.962459
ED   64,0.00%,Henry P. Ikezi,(Republican),120,AD 37,2025-11-04_22:10:30.962459
ED   64,0.00%,Henry P. Ikezi,(United Alliance),5,AD 37,2025-11-04_22:10:30.962459
ED   64,0.00%,WRITE-IN,&nbsp,2,AD 37,2025-11-04_22:10:30.962459
ED   65,0.00%,Donovan J. Richards Jr.,(Democratic),498,AD 37,2025-11-04_22:10:30.962459
ED   65,0.00%,Henry P. Ikezi,(Republican),57,AD 37,2025-11-04_22:10:30.962459
ED   65,0.00%,Henry P. Ikezi,(United Alliance),9,AD 37,2025-11-04_22:10:30.962459
ED   65,0.00%,WRITE-IN,&nbsp,-,AD 37,2025-11-04_22:10:30.962459
ED   66,0.00%,Donovan J. Richards Jr.,(Democratic),-,AD 37,2025-11-04_22:10:30.962459
ED   66,0.00%,Henry P. Ikezi,(Republican),-,AD 37,2025-11-04_22:10:30.962459
ED   66,0.00%,Henry P. Ikezi,(United Alliance),-,AD 37,2025-11-04_22:10:30.962459
ED   66,0.00%,WRITE-IN,&nbsp,-,AD 37,2025-11-04_22:10:30.962459
ED   67,0.00%,Donovan J. Richards Jr.,(Democratic),-,AD 37,2025-11-04_22:10:30.962459
ED   67,0.00%,Henry P. Ikezi,(Republican),-,AD 37,2025-11-04_22:10:30.962459
ED   67,0.00%,Henry P. Ikezi,(United Alliance),-,AD 37,2025-11-04_22:10:30.962459
ED   67,0.00%,WRITE-IN,&nbsp,-,AD 37,2025-11-04_22:10:30.962459
ED   68,0.00%,Donovan J. Richards Jr.,(Democratic),-,AD 37,2025-11-04_22:10:30.962459
ED   68,0.00%,Henry P. Ikezi,(Republican),-,AD 37,2025-11-04_22:10:30.962459
ED   68,0.00%,Henry P. Ikezi,(United Alliance),-,AD 37,2025-11-04_22:10:30.962459
ED   68,0.00%,WRITE-IN,&nbsp,-,AD 37,2025-11-04_22:10:30.962459
ED   69,0.00%,Donovan J. Richards Jr.,(Democratic),-,AD 37,2025-11-04_22:10:30.962459
ED   69,0.00%,Henry P. Ikezi,(Republican),-,AD 37,2025-11-04_22:10:30.962459
ED   69,0.00%,Henry P. Ikezi,(United Alliance),-,AD 37,2025-11-04_22:10:30.962459
ED   69,0.00%,WRITE-IN,&nbsp,-,AD 37,2025-11-04_22:10:30.962459
ED   70,0.00%,Donovan J. Richards Jr.,(Democratic),-,AD 37,2025-11-04_22:10:30.962459
ED   70,0.00%,Henry P. Ikezi,(Republican),-,AD 37,2025-11-04_22:10:30.962459
ED   70,0.00%,Henry P. Ikezi,(United Alliance),-,AD 37,2025-11-04_22:10:30.962459
ED   70,0.00%,WRITE-IN,&nbsp,-,AD 37,2025-11-04_22:10:30.962459
Total,,Donovan J. Richards Jr.,(Democratic),25511,AD 37,2025-11-04_22:10:30.962459
Total,,Henry P. Ikezi,(Republican),7091,AD 37,2025-11-04_22:10:30.962459
Total,,Henry P. Ikezi,(United Alliance),365,AD 37,2025-11-04_22:10:30.962459
Total,,WRITE-IN,&nbsp,77,AD 37,2025-11-04_22:10:30.962459
ED    1,0.00%,Donovan J. Richards Jr.,(Democratic),542,AD 38,2025-11-04_22:10:30.962459
ED    1,0.00%,Henry P. Ikezi,(Republican),69,AD 38,2025-11-04_22:10:30.962459
ED    1,0.00%,Henry P. Ikezi,(United Alliance),14,AD 38,2025-11-04_22:10:30.962459
ED    1,0.00%,WRITE-IN,&nbsp,2,AD 38,2025-11-04_22:10:30.962459
ED    2,0.00%,Donovan J. Richards Jr.,(Democratic),688,AD 38,2025-11-04_22:10:30.962459
ED    2,0.00%,Henry P. Ikezi,(Republican),64,AD 38,2025-11-04_22:10:30.962459
ED    2,0.00%,Henry P. Ikezi,(United Alliance),9,AD 38,2025-11-04_22:10:30.962459
ED    2,0.00%,WRITE-IN,&nbsp,1,AD 38,2025-11-04_22:10:30.962459
ED    3,0.00%,Donovan J. Richards Jr.,(Democratic),594,AD 38,2025-11-04_22:10:30.962459
ED    3,0.00%,Henry P. Ikezi,(Republican),44,AD 38,2025-11-04_22:10:30.962459
ED    3,0.00%,Henry P. Ikezi,(United Alliance),12,AD 38,2025-11-04_22:10:30.962459
ED    3,0.00%,WRITE-IN,&nbsp,1,AD 38,2025-11-04_22:10:30.962459
ED    4,0.00%,Donovan J. Richards Jr.,(Democratic),669,AD 38,2025-11-04_22:10:30.962459
ED    4,0.00%,Henry P. Ikezi,(Republican),49,AD 38,2025-11-04_22:10:30.962459
ED    4,0.00%,Henry P. Ikezi,(United Alliance),9,AD 38,2025-11-04_22:10:30.962459
ED    4,0.00%,WRITE-IN,&nbsp,2,AD 38,2025-11-04_22:10:30.962459
ED    5,0.00%,Donovan J. Richards Jr.,(Democratic),192,AD 38,2025-11-04_22:10:30.962459
ED    5,0.00%,Henry P. Ikezi,(Republican),36,AD 38,2025-11-04_22:10:30.962459
ED    5,0.00%,Henry P. Ikezi,(United Alliance),1,AD 38,2025-11-04_22:10:30.962459
ED    5,0.00%,WRITE-IN,&nbsp,1,AD 38,2025-11-04_22:10:30.962459
ED    6,0.00%,Donovan J. Richards Jr.,(Democratic),554,AD 38,2025-11-04_22:10:30.962459
ED    6,0.00%,Henry P. Ikezi,(Republican),111,AD 38,2025-11-04_22:10:30.962459
ED    6,0.00%,Henry P. Ikezi,(United Alliance),7,AD 38,2025-11-04_22:10:30.962459
ED    6,0.00%,WRITE-IN,&nbsp,2,AD 38,2025-11-04_22:10:30.962459
ED    7,0.00%,Donovan J. Richards Jr.,(Democratic),384,AD 38,2025-11-04_22:10:30.962459
ED    7,0.00%,Henry P. Ikezi,(Republican),50,AD 38,2025-11-04_22:10:30.962459
ED    7,0.00%,Henry P. Ikezi,(United Alliance),7,AD 38,2025-11-04_22:10:30.962459
ED    7,0.00%,WRITE-IN,&nbsp,4,AD 38,2025-11-04_22:10:30.962459
ED    8,0.00%,Donovan J. Richards Jr.,(Democratic),2,AD 38,2025-11-04_22:10:30.962459
ED    8,0.00%,Henry P. Ikezi,(Republican),1,AD 38,2025-11-04_22:10:30.962459
ED    8,0.00%,Henry P. Ikezi,(United Alliance),-,AD 38,2025-11-04_22:10:30.962459
ED    8,0.00%,WRITE-IN,&nbsp,-,AD 38,2025-11-04_22:10:30.962459
ED    9,0.00%,Donovan J. Richards Jr.,(Democratic),353,AD 38,2025-11-04_22:10:30.962459
ED    9,0.00%,Henry P. Ikezi,(Republican),266,AD 38,2025-11-04_22:10:30.962459
ED    9,0.00%,Henry P. Ikezi,(United Alliance),7,AD 38,2025-11-04_22:10:30.962459
ED    9,0.00%,WRITE-IN,&nbsp,1,AD 38,2025-11-04_22:10:30.962459
ED   10,0.00%,Donovan J. Richards Jr.,(Democratic),356,AD 38,2025-11-04_22:10:30.962459
ED   10,0.00%,Henry P. Ikezi,(Republican),187,AD 38,2025-11-04_22:10:30.962459
ED   10,0.00%,Henry P. Ikezi,(United Alliance),6,AD 38,2025-11-04_22:10:30.962459
ED   10,0.00%,WRITE-IN,&nbsp,1,AD 38,2025-11-04_22:10:30.962459
ED   11,0.00%,Donovan J. Richards Jr.,(Democratic),269,AD 38,2025-11-04_22:10:30.962459
ED   11,0.00%,Henry P. Ikezi,(Republican),227,AD 38,2025-11-04_22:10:30.962459
ED   11,0.00%,Henry P. Ikezi,(United Alliance),10,AD 38,2025-11-04_22:10:30.962459
ED   11,0.00%,WRITE-IN,&nbsp,2,AD 38,2025-11-04_22:10:30.962459
ED   12,0.00%,Donovan J. Richards Jr.,(Democratic),342,AD 38,2025-11-04_22:10:30.962459
ED   12,0.00%,Henry P. Ikezi,(Republican),211,AD 38,2025-11-04_22:10:30.962459
ED   12,0.00%,Henry P. Ikezi,(United Alliance),4,AD 38,2025-11-04_22:10:30.962459
ED   12,0.00%,WRITE-IN,&nbsp,2,AD 38,2025-11-04_22:10:30.962459
ED   13,0.00%,Donovan J. Richards Jr.,(Democratic),102,AD 38,2025-11-04_22:10:30.962459
ED   13,0.00%,Henry P. Ikezi,(Republican),79,AD 38,2025-11-04_22:10:30.962459
ED   13,0.00%,Henry P. Ikezi,(United Alliance),2,AD 38,2025-11-04_22:10:30.962459
ED   13,0.00%,WRITE-IN,&nbsp,-,AD 38,2025-11-04_22:10:30.962459
ED   14,0.00%,Donovan J. Richards Jr.,(Democratic),353,AD 38,2025-11-04_22:10:30.962459
ED   14,0.00%,Henry P. Ikezi,(Republican),377,AD 38,2025-11-04_22:10:30.962459
ED   14,0.00%,Henry P. Ikezi,(United Alliance),9,AD 38,2025-11-04_22:10:30.962459
ED   14,0.00%,WRITE-IN,&nbsp,2,AD 38,2025-11-04_22:10:30.962459
ED   15,0.00%,Donovan J. Richards Jr.,(Democratic),350,AD 38,2025-11-04_22:10:30.962459
ED   15,0.00%,Henry P. Ikezi,(Republican),379,AD 38,2025-11-04_22:10:30.962459
ED   15,0.00%,Henry P. Ikezi,(United Alliance),4,AD 38,2025-11-04_22:10:30.962459
ED   15,0.00%,WRITE-IN,&nbsp,-,AD 38,2025-11-04_22:10:30.962459
ED   16,0.00%,Donovan J. Richards Jr.,(Democratic),39,AD 38,2025-11-04_22:10:30.962459
ED   16,0.00%,Henry P. Ikezi,(Republican),27,AD 38,2025-11-04_22:10:30.962459
ED   16,0.00%,Henry P. Ikezi,(United Alliance),1,AD 38,2025-11-04_22:10:30.962459
ED   16,0.00%,WRITE-IN,&nbsp,1,AD 38,2025-11-04_22:10:30.962459
ED   17,0.00%,Donovan J. Richards Jr.,(Democratic),343,AD 38,2025-11-04_22:10:30.962459
ED   17,0.00%,Henry P. Ikezi,(Republican),295,AD 38,2025-11-04_22:10:30.962459
ED   17,0.00%,Henry P. Ikezi,(United Alliance),17,AD 38,2025-11-04_22:10:30.962459
ED   17,0.00%,WRITE-IN,&nbsp,-,AD 38,2025-11-04_22:10:30.962459
ED   18,0.00%,Donovan J. Richards Jr.,(Democratic),222,AD 38,2025-11-04_22:10:30.962459
ED   18,0.00%,Henry P. Ikezi,(Republican),84,AD 38,2025-11-04_22:10:30.962459
ED   18,0.00%,Henry P. Ikezi,(United Alliance),8,AD 38,2025-11-04_22:10:30.962459
ED   18,0.00%,WRITE-IN,&nbsp,1,AD 38,2025-11-04_22:10:30.962459
ED   19,0.00%,Donovan J. Richards Jr.,(Democratic),310,AD 38,2025-11-04_22:10:30.962459
ED   19,0.00%,Henry P. Ikezi,(Republican),118,AD 38,2025-11-04_22:10:30.962459
ED   19,0.00%,Henry P. Ikezi,(United Alliance),11,AD 38,2025-11-04_22:10:30.962459
ED   19,0.00%,WRITE-IN,&nbsp,1,AD 38,2025-11-04_22:10:30.962459
ED   20,0.00%,Donovan J. Richards Jr.,(Democratic),414,AD 38,2025-11-04_22:10:30.962459
ED   20,0.00%,Henry P. Ikezi,(Republican),180,AD 38,2025-11-04_22:10:30.962459
ED   20,0.00%,Henry P. Ikezi,(United Alliance),11,AD 38,2025-11-04_22:10:30.962459
ED   20,0.00%,WRITE-IN,&nbsp,2,AD 38,2025-11-04_22:10:30.962459
ED   21,0.00%,Donovan J. Richards Jr.,(Democratic),285,AD 38,2025-11-04_22:10:30.962459
ED   21,0.00%,Henry P. Ikezi,(Republican),105,AD 38,2025-11-04_22:10:30.962459
ED   21,0.00%,Henry P. Ikezi,(United Alliance),4,AD 38,2025-11-04_22:10:30.962459
ED   21,0.00%,WRITE-IN,&nbsp,3,AD 38,2025-11-04_22:10:30.962459
ED   22,0.00%,Donovan J. Richards Jr.,(Democratic),78,AD 38,2025-11-04_22:10:30.962459
ED   22,0.00%,Henry P. Ikezi,(Republican),32,AD 38,2025-11-04_22:10:30.962459
ED   22,0.00%,Henry P. Ikezi,(United Alliance),-,AD 38,2025-11-04_22:10:30.962459
ED   22,0.00%,WRITE-IN,&nbsp,-,AD 38,2025-11-04_22:10:30.962459
ED   23,0.00%,Donovan J. Richards Jr.,(Democratic),193,AD 38,2025-11-04_22:10:30.962459
ED   23,0.00%,Henry P. Ikezi,(Republican),64,AD 38,2025-11-04_22:10:30.962459
ED   23,0.00%,Henry P. Ikezi,(United Alliance),1,AD 38,2025-11-04_22:10:30.962459
ED   23,0.00%,WRITE-IN,&nbsp,1,AD 38,2025-11-04_22:10:30.962459
ED   24,0.00%,Donovan J. Richards Jr.,(Democratic),283,AD 38,2025-11-04_22:10:30.962459
ED   24,0.00%,Henry P. Ikezi,(Republican),130,AD 38,2025-11-04_22:10:30.962459
ED   24,0.00%,Henry P. Ikezi,(United Alliance),7,AD 38,2025-11-04_22:10:30.962459
ED   24,0.00%,WRITE-IN,&nbsp,-,AD 38,2025-11-04_22:10:30.962459
ED   25,0.00%,Donovan J. Richards Jr.,(Democratic),145,AD 38,2025-11-04_22:10:30.962459
ED   25,0.00%,Henry P. Ikezi,(Republican),32,AD 38,2025-11-04_22:10:30.962459
ED   25,0.00%,Henry P. Ikezi,(United Alliance),8,AD 38,2025-11-04_22:10:30.962459
ED   25,0.00%,WRITE-IN,&nbsp,2,AD 38,2025-11-04_22:10:30.962459
ED   26,0.00%,Donovan J. Richards Jr.,(Democratic),338,AD 38,2025-11-04_22:10:30.962459
ED   26,0.00%,Henry P. Ikezi,(Republican),128,AD 38,2025-11-04_22:10:30.962459
ED   26,0.00%,Henry P. Ikezi,(United Alliance),11,AD 38,2025-11-04_22:10:30.962459
ED   26,0.00%,WRITE-IN,&nbsp,1,AD 38,2025-11-04_22:10:30.962459
ED   27,0.00%,Donovan J. Richards Jr.,(Democratic),114,AD 38,2025-11-04_22:10:30.962459
ED   27,0.00%,Henry P. Ikezi,(Republican),71,AD 38,2025-11-04_22:10:30.962459
ED   27,0.00%,Henry P. Ikezi,(United Alliance),2,AD 38,2025-11-04_22:10:30.962459
ED   27,0.00%,WRITE-IN,&nbsp,-,AD 38,2025-11-04_22:10:30.962459
ED   28,0.00%,Donovan J. Richards Jr.,(Democratic),361,AD 38,2025-11-04_22:10:30.962459
ED   28,0.00%,Henry P. Ikezi,(Republican),109,AD 38,2025-11-04_22:10:30.962459
ED   28,0.00%,Henry P. Ikezi,(United Alliance),7,AD 38,2025-11-04_22:10:30.962459
ED   28,0.00%,WRITE-IN,&nbsp,1,AD 38,2025-11-04_22:10:30.962459
ED   29,0.00%,Donovan J. Richards Jr.,(Democratic),265,AD 38,2025-11-04_22:10:30.962459
ED   29,0.00%,Henry P. Ikezi,(Republican),79,AD 38,2025-11-04_22:10:30.962459
ED   29,0.00%,Henry P. Ikezi,(United Alliance),7,AD 38,2025-11-04_22:10:30.962459
ED   29,0.00%,WRITE-IN,&nbsp,-,AD 38,2025-11-04_22:10:30.962459
ED   30,0.00%,Donovan J. Richards Jr.,(Democratic),227,AD 38,2025-11-04_22:10:30.962459
ED   30,0.00%,Henry P. Ikezi,(Republican),92,AD 38,2025-11-04_22:10:30.962459
ED   30,0.00%,Henry P. Ikezi,(United Alliance),4,AD 38,2025-11-04_22:10:30.962459
ED   30,0.00%,WRITE-IN,&nbsp,-,AD 38,2025-11-04_22:10:30.962459
ED   31,0.00%,Donovan J. Richards Jr.,(Democratic),222,AD 38,2025-11-04_22:10:30.962459
ED   31,0.00%,Henry P. Ikezi,(Republican),79,AD 38,2025-11-04_22:10:30.962459
ED   31,0.00%,Henry P. Ikezi,(United Alliance),5,AD 38,2025-11-04_22:10:30.962459
ED   31,0.00%,WRITE-IN,&nbsp,1,AD 38,2025-11-04_22:10:30.962459
ED   32,0.00%,Donovan J. Richards Jr.,(Democratic),391,AD 38,2025-11-04_22:10:30.962459
ED   32,0.00%,Henry P. Ikezi,(Republican),141,AD 38,2025-11-04_22:10:30.962459
ED   32,0.00%,Henry P. Ikezi,(United Alliance),16,AD 38,2025-11-04_22:10:30.962459
ED   32,0.00%,WRITE-IN,&nbsp,4,AD 38,2025-11-04_22:10:30.962459
ED   33,0.00%,Donovan J. Richards Jr.,(Democratic),418,AD 38,2025-11-04_22:10:30.962459
ED   33,0.00%,Henry P. Ikezi,(Republican),138,AD 38,2025-11-04_22:10:30.962459
ED   33,0.00%,Henry P. Ikezi,(United Alliance),6,AD 38,2025-11-04_22:10:30.962459
ED   33,0.00%,WRITE-IN,&nbsp,-,AD 38,2025-11-04_22:10:30.962459
ED   34,0.00%,Donovan J. Richards Jr.,(Democratic),345,AD 38,2025-11-04_22:10:30.962459
ED   34,0.00%,Henry P. Ikezi,(Republican),98,AD 38,2025-11-04_22:10:30.962459
ED   34,0.00%,Henry P. Ikezi,(United Alliance),9,AD 38,2025-11-04_22:10:30.962459
ED   34,0.00%,WRITE-IN,&nbsp,-,AD 38,2025-11-04_22:10:30.962459
ED   35,0.00%,Donovan J. Richards Jr.,(Democratic),327,AD 38,2025-11-04_22:10:30.962459
ED   35,0.00%,Henry P. Ikezi,(Republican),113,AD 38,2025-11-04_22:10:30.962459
ED   35,0.00%,Henry P. Ikezi,(United Alliance),11,AD 38,2025-11-04_22:10:30.962459
ED   35,0.00%,WRITE-IN,&nbsp,1,AD 38,2025-11-04_22:10:30.962459
ED   36,0.00%,Donovan J. Richards Jr.,(Democratic),426,AD 38,2025-11-04_22:10:30.962459
ED   36,0.00%,Henry P. Ikezi,(Republican),60,AD 38,2025-11-04_22:10:30.962459
ED   36,0.00%,Henry P. Ikezi,(United Alliance),4,AD 38,2025-11-04_22:10:30.962459
ED   36,0.00%,WRITE-IN,&nbsp,-,AD 38,2025-11-04_22:10:30.962459
ED   37,0.00%,Donovan J. Richards Jr.,(Democratic),469,AD 38,2025-11-04_22:10:30.962459
ED   37,0.00%,Henry P. Ikezi,(Republican),78,AD 38,2025-11-04_22:10:30.962459
ED   37,0.00%,Henry P. Ikezi,(United Alliance),12,AD 38,2025-11-04_22:10:30.962459
ED   37,0.00%,WRITE-IN,&nbsp,3,AD 38,2025-11-04_22:10:30.962459
ED   38,0.00%,Donovan J. Richards Jr.,(Democratic),208,AD 38,2025-11-04_22:10:30.962459
ED   38,0.00%,Henry P. Ikezi,(Republican),51,AD 38,2025-11-04_22:10:30.962459
ED   38,0.00%,Henry P. Ikezi,(United Alliance),6,AD 38,2025-11-04_22:10:30.962459
ED   38,0.00%,WRITE-IN,&nbsp,-,AD 38,2025-11-04_22:10:30.962459
ED   39,0.00%,Donovan J. Richards Jr.,(Democratic),237,AD 38,2025-11-04_22:10:30.962459
ED   39,0.00%,Henry P. Ikezi,(Republican),65,AD 38,2025-11-04_22:10:30.962459
ED   39,0.00%,Henry P. Ikezi,(United Alliance),4,AD 38,2025-11-04_22:10:30.962459
ED   39,0.00%,WRITE-IN,&nbsp,-,AD 38,2025-11-04_22:10:30.962459
ED   40,0.00%,Donovan J. Richards Jr.,(Democratic),180,AD 38,2025-11-04_22:10:30.962459
ED   40,0.00%,Henry P. Ikezi,(Republican),43,AD 38,2025-11-04_22:10:30.962459
ED   40,0.00%,Henry P. Ikezi,(United Alliance),4,AD 38,2025-11-04_22:10:30.962459
ED   40,0.00%,WRITE-IN,&nbsp,-,AD 38,2025-11-04_22:10:30.962459
ED   41,0.00%,Donovan J. Richards Jr.,(Democratic),163,AD 38,2025-11-04_22:10:30.962459
ED   41,0.00%,Henry P. Ikezi,(Republican),75,AD 38,2025-11-04_22:10:30.962459
ED   41,0.00%,Henry P. Ikezi,(United Alliance),4,AD 38,2025-11-04_22:10:30.962459
ED   41,0.00%,WRITE-IN,&nbsp,2,AD 38,2025-11-04_22:10:30.962459
ED   42,0.00%,Donovan J. Richards Jr.,(Democratic),167,AD 38,2025-11-04_22:10:30.962459
ED   42,0.00%,Henry P. Ikezi,(Republican),37,AD 38,2025-11-04_22:10:30.962459
ED   42,0.00%,Henry P. Ikezi,(United Alliance),3,AD 38,2025-11-04_22:10:30.962459
ED   42,0.00%,WRITE-IN,&nbsp,-,AD 38,2025-11-04_22:10:30.962459
ED   43,0.00%,Donovan J. Richards Jr.,(Democratic),8,AD 38,2025-11-04_22:10:30.962459
ED   43,0.00%,Henry P. Ikezi,(Republican),2,AD 38,2025-11-04_22:10:30.962459
ED   43,0.00%,Henry P. Ikezi,(United Alliance),-,AD 38,2025-11-04_22:10:30.962459
ED   43,0.00%,WRITE-IN,&nbsp,-,AD 38,2025-11-04_22:10:30.962459
ED   44,0.00%,Donovan J. Richards Jr.,(Democratic),268,AD 38,2025-11-04_22:10:30.962459
ED   44,0.00%,Henry P. Ikezi,(Republican),64,AD 38,2025-11-04_22:10:30.962459
ED   44,0.00%,Henry P. Ikezi,(United Alliance),5,AD 38,2025-11-04_22:10:30.962459
ED   44,0.00%,WRITE-IN,&nbsp,-,AD 38,2025-11-04_22:10:30.962459
ED   45,0.00%,Donovan J. Richards Jr.,(Democratic),148,AD 38,2025-11-04_22:10:30.962459
ED   45,0.00%,Henry P. Ikezi,(Republican),56,AD 38,2025-11-04_22:10:30.962459
ED   45,0.00%,Henry P. Ikezi,(United Alliance),2,AD 38,2025-11-04_22:10:30.962459
ED   45,0.00%,WRITE-IN,&nbsp,-,AD 38,2025-11-04_22:10:30.962459
ED   46,0.00%,Donovan J. Richards Jr.,(Democratic),411,AD 38,2025-11-04_22:10:30.962459
ED   46,0.00%,Henry P. Ikezi,(Republican),175,AD 38,2025-11-04_22:10:30.962459
ED   46,0.00%,Henry P. Ikezi,(United Alliance),17,AD 38,2025-11-04_22:10:30.962459
ED   46,0.00%,WRITE-IN,&nbsp,2,AD 38,2025-11-04_22:10:30.962459
ED   47,0.00%,Donovan J. Richards Jr.,(Democratic),435,AD 38,2025-11-04_22:10:30.962459
ED   47,0.00%,Henry P. Ikezi,(Republican),237,AD 38,2025-11-04_22:10:30.962459
ED   47,0.00%,Henry P. Ikezi,(United Alliance),9,AD 38,2025-11-04_22:10:30.962459
ED   47,0.00%,WRITE-IN,&nbsp,-,AD 38,2025-11-04_22:10:30.962459
ED   48,0.00%,Donovan J. Richards Jr.,(Democratic),307,AD 38,2025-11-04_22:10:30.962459
ED   48,0.00%,Henry P. Ikezi,(Republican),100,AD 38,2025-11-04_22:10:30.962459
ED   48,0.00%,Henry P. Ikezi,(United Alliance),10,AD 38,2025-11-04_22:10:30.962459
ED   48,0.00%,WRITE-IN,&nbsp,1,AD 38,2025-11-04_22:10:30.962459
ED   49,0.00%,Donovan J. Richards Jr.,(Democratic),56,AD 38,2025-11-04_22:10:30.962459
ED   49,0.00%,Henry P. Ikezi,(Republican),17,AD 38,2025-11-04_22:10:30.962459
ED   49,0.00%,Henry P. Ikezi,(United Alliance),3,AD 38,2025-11-04_22:10:30.962459
ED   49,0.00%,WRITE-IN,&nbsp,-,AD 38,2025-11-04_22:10:30.962459
ED   50,0.00%,Donovan J. Richards Jr.,(Democratic),281,AD 38,2025-11-04_22:10:30.962459
ED   50,0.00%,Henry P. Ikezi,(Republican),83,AD 38,2025-11-04_22:10:30.962459
ED   50,0.00%,Henry P. Ikezi,(United Alliance),10,AD 38,2025-11-04_22:10:30.962459
ED   50,0.00%,WRITE-IN,&nbsp,-,AD 38,2025-11-04_22:10:30.962459
ED   51,0.00%,Donovan J. Richards Jr.,(Democratic),302,AD 38,2025-11-04_22:10:30.962459
ED   51,0.00%,Henry P. Ikezi,(Republican),84,AD 38,2025-11-04_22:10:30.962459
ED   51,0.00%,Henry P. Ikezi,(United Alliance),6,AD 38,2025-11-04_22:10:30.962459
ED   51,0.00%,WRITE-IN,&nbsp,-,AD 38,2025-11-04_22:10:30.962459
ED   52,0.00%,Donovan J. Richards Jr.,(Democratic),83,AD 38,2025-11-04_22:10:30.962459
ED   52,0.00%,Henry P. Ikezi,(Republican),41,AD 38,2025-11-04_22:10:30.962459
ED   52,0.00%,Henry P. Ikezi,(United Alliance),-,AD 38,2025-11-04_22:10:30.962459
ED   52,0.00%,WRITE-IN,&nbsp,-,AD 38,2025-11-04_22:10:30.962459
ED   53,0.00%,Donovan J. Richards Jr.,(Democratic),260,AD 38,2025-11-04_22:10:30.962459
ED   53,0.00%,Henry P. Ikezi,(Republican),229,AD 38,2025-11-04_22:10:30.962459
ED   53,0.00%,Henry P. Ikezi,(United Alliance),4,AD 38,2025-11-04_22:10:30.962459
ED   53,0.00%,WRITE-IN,&nbsp,-,AD 38,2025-11-04_22:10:30.962459
ED   54,0.00%,Donovan J. Richards Jr.,(Democratic),301,AD 38,2025-11-04_22:10:30.962459
ED   54,0.00%,Henry P. Ikezi,(Republican),40,AD 38,2025-11-04_22:10:30.962459
ED   54,0.00%,Henry P. Ikezi,(United Alliance),4,AD 38,2025-11-04_22:10:30.962459
ED   54,0.00%,WRITE-IN,&nbsp,1,AD 38,2025-11-04_22:10:30.962459
ED   55,0.00%,Donovan J. Richards Jr.,(Democratic),-,AD 38,2025-11-04_22:10:30.962459
ED   55,0.00%,Henry P. Ikezi,(Republican),-,AD 38,2025-11-04_22:10:30.962459
ED   55,0.00%,Henry P. Ikezi,(United Alliance),-,AD 38,2025-11-04_22:10:30.962459
ED   55,0.00%,WRITE-IN,&nbsp,-,AD 38,2025-11-04_22:10:30.962459
Total,,Donovan J. Richards Jr.,(Democratic),15780,AD 38,2025-11-04_22:10:30.962459
Total,,Henry P. Ikezi,(Republican),5802,AD 38,2025-11-04_22:10:30.962459
Total,,Henry P. Ikezi,(United Alliance),354,AD 38,2025-11-04_22:10:30.962459
Total,,WRITE-IN,&nbsp,49,AD 38,2025-11-04_22:10:30.962459
ED    1,0.00%,Donovan J. Richards Jr.,(Democratic),629,AD 39,2025-11-04_22:10:30.962459
ED    1,0.00%,Henry P. Ikezi,(Republican),145,AD 39,2025-11-04_22:10:30.962459
ED    1,0.00%,Henry P. Ikezi,(United Alliance),14,AD 39,2025-11-04_22:10:30.962459
ED    1,0.00%,WRITE-IN,&nbsp,6,AD 39,2025-11-04_22:10:30.962459
ED    2,0.00%,Donovan J. Richards Jr.,(Democratic),716,AD 39,2025-11-04_22:10:30.962459
ED    2,0.00%,Henry P. Ikezi,(Republican),112,AD 39,2025-11-04_22:10:30.962459
ED    2,0.00%,Henry P. Ikezi,(United Alliance),8,AD 39,2025-11-04_22:10:30.962459
ED    2,0.00%,WRITE-IN,&nbsp,3,AD 39,2025-11-04_22:10:30.962459
ED    3,0.00%,Donovan J. Richards Jr.,(Democratic),594,AD 39,2025-11-04_22:10:30.962459
ED    3,0.00%,Henry P. Ikezi,(Republican),133,AD 39,2025-11-04_22:10:30.962459
ED    3,0.00%,Henry P. Ikezi,(United Alliance),10,AD 39,2025-11-04_22:10:30.962459
ED    3,0.00%,WRITE-IN,&nbsp,4,AD 39,2025-11-04_22:10:30.962459
ED    4,0.00%,Donovan J. Richards Jr.,(Democratic),276,AD 39,2025-11-04_22:10:30.962459
ED    4,0.00%,Henry P. Ikezi,(Republican),43,AD 39,2025-11-04_22:10:30.962459
ED    4,0.00%,Henry P. Ikezi,(United Alliance),3,AD 39,2025-11-04_22:10:30.962459
ED    4,0.00%,WRITE-IN,&nbsp,1,AD 39,2025-11-04_22:10:30.962459
ED    5,0.00%,Donovan J. Richards Jr.,(Democratic),512,AD 39,2025-11-04_22:10:30.962459
ED    5,0.00%,Henry P. Ikezi,(Republican),106,AD 39,2025-11-04_22:10:30.962459
ED    5,0.00%,Henry P. Ikezi,(United Alliance),7,AD 39,2025-11-04_22:10:30.962459
ED    5,0.00%,WRITE-IN,&nbsp,4,AD 39,2025-11-04_22:10:30.962459
ED    6,0.00%,Donovan J. Richards Jr.,(Democratic),787,AD 39,2025-11-04_22:10:30.962459
ED    6,0.00%,Henry P. Ikezi,(Republican),117,AD 39,2025-11-04_22:10:30.962459
ED    6,0.00%,Henry P. Ikezi,(United Alliance),10,AD 39,2025-11-04_22:10:30.962459
ED    6,0.00%,WRITE-IN,&nbsp,3,AD 39,2025-11-04_22:10:30.962459
ED    7,0.00%,Donovan J. Richards Jr.,(Democratic),634,AD 39,2025-11-04_22:10:30.962459
ED    7,0.00%,Henry P. Ikezi,(Republican),130,AD 39,2025-11-04_22:10:30.962459
ED    7,0.00%,Henry P. Ikezi,(United Alliance),13,AD 39,2025-11-04_22:10:30.962459
ED    7,0.00%,WRITE-IN,&nbsp,6,AD 39,2025-11-04_22:10:30.962459
ED    8,0.00%,Donovan J. Richards Jr.,(Democratic),533,AD 39,2025-11-04_22:10:30.962459
ED    8,0.00%,Henry P. Ikezi,(Republican),126,AD 39,2025-11-04_22:10:30.962459
ED    8,0.00%,Henry P. Ikezi,(United Alliance),18,AD 39,2025-11-04_22:10:30.962459
ED    8,0.00%,WRITE-IN,&nbsp,3,AD 39,2025-11-04_22:10:30.962459
ED    9,0.00%,Donovan J. Richards Jr.,(Democratic),518,AD 39,2025-11-04_22:10:30.962459
ED    9,0.00%,Henry P. Ikezi,(Republican),78,AD 39,2025-11-04_22:10:30.962459
ED    9,0.00%,Henry P. Ikezi,(United Alliance),5,AD 39,2025-11-04_22:10:30.962459
ED    9,0.00%,WRITE-IN,&nbsp,2,AD 39,2025-11-04_22:10:30.962459
ED   10,0.00%,Donovan J. Richards Jr.,(Democratic),202,AD 39,2025-11-04_22:10:30.962459
ED   10,0.00%,Henry P. Ikezi,(Republican),52,AD 39,2025-11-04_22:10:30.962459
ED   10,0.00%,Henry P. Ikezi,(United Alliance),1,AD 39,2025-11-04_22:10:30.962459
ED   10,0.00%,WRITE-IN,&nbsp,2,AD 39,2025-11-04_22:10:30.962459
ED   11,0.00%,Donovan J. Richards Jr.,(Democratic),31,AD 39,2025-11-04_22:10:30.962459
ED   11,0.00%,Henry P. Ikezi,(Republican),16,AD 39,2025-11-04_22:10:30.962459
ED   11,0.00%,Henry P. Ikezi,(United Alliance),2,AD 39,2025-11-04_22:10:30.962459
ED   11,0.00%,WRITE-IN,&nbsp,-,AD 39,2025-11-04_22:10:30.962459
ED   12,0.00%,Donovan J. Richards Jr.,(Democratic),205,AD 39,2025-11-04_22:10:30.962459
ED   12,0.00%,Henry P. Ikezi,(Republican),74,AD 39,2025-11-04_22:10:30.962459
ED   12,0.00%,Henry P. Ikezi,(United Alliance),8,AD 39,2025-11-04_22:10:30.962459
ED   12,0.00%,WRITE-IN,&nbsp,-,AD 39,2025-11-04_22:10:30.962459
ED   13,0.00%,Donovan J. Richards Jr.,(Democratic),159,AD 39,2025-11-04_22:10:30.962459
ED   13,0.00%,Henry P. Ikezi,(Republican),38,AD 39,2025-11-04_22:10:30.962459
ED   13,0.00%,Henry P. Ikezi,(United Alliance),5,AD 39,2025-11-04_22:10:30.962459
ED   13,0.00%,WRITE-IN,&nbsp,2,AD 39,2025-11-04_22:10:30.962459
ED   14,0.00%,Donovan J. Richards Jr.,(Democratic),266,AD 39,2025-11-04_22:10:30.962459
ED   14,0.00%,Henry P. Ikezi,(Republican),66,AD 39,2025-11-04_22:10:30.962459
ED   14,0.00%,Henry P. Ikezi,(United Alliance),8,AD 39,2025-11-04_22:10:30.962459
ED   14,0.00%,WRITE-IN,&nbsp,1,AD 39,2025-11-04_22:10:30.962459
ED   15,0.00%,Donovan J. Richards Jr.,(Democratic),408,AD 39,2025-11-04_22:10:30.962459
ED   15,0.00%,Henry P. Ikezi,(Republican),121,AD 39,2025-11-04_22:10:30.962459
ED   15,0.00%,Henry P. Ikezi,(United Alliance),18,AD 39,2025-11-04_22:10:30.962459
ED   15,0.00%,WRITE-IN,&nbsp,2,AD 39,2025-11-04_22:10:30.962459
ED   16,0.00%,Donovan J. Richards Jr.,(Democratic),38,AD 39,2025-11-04_22:10:30.962459
ED   16,0.00%,Henry P. Ikezi,(Republican),7,AD 39,2025-11-04_22:10:30.962459
ED   16,0.00%,Henry P. Ikezi,(United Alliance),-,AD 39,2025-11-04_22:10:30.962459
ED   16,0.00%,WRITE-IN,&nbsp,-,AD 39,2025-11-04_22:10:30.962459
ED   17,0.00%,Donovan J. Richards Jr.,(Democratic),171,AD 39,2025-11-04_22:10:30.962459
ED   17,0.00%,Henry P. Ikezi,(Republican),58,AD 39,2025-11-04_22:10:30.962459
ED   17,0.00%,Henry P. Ikezi,(United Alliance),9,AD 39,2025-11-04_22:10:30.962459
ED   17,0.00%,WRITE-IN,&nbsp,1,AD 39,2025-11-04_22:10:30.962459
ED   18,0.00%,Donovan J. Richards Jr.,(Democratic),378,AD 39,2025-11-04_22:10:30.962459
ED   18,0.00%,Henry P. Ikezi,(Republican),114,AD 39,2025-11-04_22:10:30.962459
ED   18,0.00%,Henry P. Ikezi,(United Alliance),12,AD 39,2025-11-04_22:10:30.962459
ED   18,0.00%,WRITE-IN,&nbsp,-,AD 39,2025-11-04_22:10:30.962459
ED   19,0.00%,Donovan J. Richards Jr.,(Democratic),428,AD 39,2025-11-04_22:10:30.962459
ED   19,0.00%,Henry P. Ikezi,(Republican),114,AD 39,2025-11-04_22:10:30.962459
ED   19,0.00%,Henry P. Ikezi,(United Alliance),18,AD 39,2025-11-04_22:10:30.962459
ED   19,0.00%,WRITE-IN,&nbsp,2,AD 39,2025-11-04_22:10:30.962459
ED   20,0.00%,Donovan J. Richards Jr.,(Democratic),82,AD 39,2025-11-04_22:10:30.962459
ED   20,0.00%,Henry P. Ikezi,(Republican),34,AD 39,2025-11-04_22:10:30.962459
ED   20,0.00%,Henry P. Ikezi,(United Alliance),1,AD 39,2025-11-04_22:10:30.962459
ED   20,0.00%,WRITE-IN,&nbsp,2,AD 39,2025-11-04_22:10:30.962459
ED   21,0.00%,Donovan J. Richards Jr.,(Democratic),204,AD 39,2025-11-04_22:10:30.962459
ED   21,0.00%,Henry P. Ikezi,(Republican),55,AD 39,2025-11-04_22:10:30.962459
ED   21,0.00%,Henry P. Ikezi,(United Alliance),6,AD 39,2025-11-04_22:10:30.962459
ED   21,0.00%,WRITE-IN,&nbsp,2,AD 39,2025-11-04_22:10:30.962459
ED   22,0.00%,Donovan J. Richards Jr.,(Democratic),259,AD 39,2025-11-04_22:10:30.962459
ED   22,0.00%,Henry P. Ikezi,(Republican),78,AD 39,2025-11-04_22:10:30.962459
ED   22,0.00%,Henry P. Ikezi,(United Alliance),3,AD 39,2025-11-04_22:10:30.962459
ED   22,0.00%,WRITE-IN,&nbsp,1,AD 39,2025-11-04_22:10:30.962459
ED   23,0.00%,Donovan J. Richards Jr.,(Democratic),228,AD 39,2025-11-04_22:10:30.962459
ED   23,0.00%,Henry P. Ikezi,(Republican),74,AD 39,2025-11-04_22:10:30.962459
ED   23,0.00%,Henry P. Ikezi,(United Alliance),14,AD 39,2025-11-04_22:10:30.962459
ED   23,0.00%,WRITE-IN,&nbsp,2,AD 39,2025-11-04_22:10:30.962459
ED   24,0.00%,Donovan J. Richards Jr.,(Democratic),186,AD 39,2025-11-04_22:10:30.962459
ED   24,0.00%,Henry P. Ikezi,(Republican),70,AD 39,2025-11-04_22:10:30.962459
ED   24,0.00%,Henry P. Ikezi,(United Alliance),11,AD 39,2025-11-04_22:10:30.962459
ED   24,0.00%,WRITE-IN,&nbsp,-,AD 39,2025-11-04_22:10:30.962459
ED   25,0.00%,Donovan J. Richards Jr.,(Democratic),171,AD 39,2025-11-04_22:10:30.962459
ED   25,0.00%,Henry P. Ikezi,(Republican),57,AD 39,2025-11-04_22:10:30.962459
ED   25,0.00%,Henry P. Ikezi,(United Alliance),4,AD 39,2025-11-04_22:10:30.962459
ED   25,0.00%,WRITE-IN,&nbsp,1,AD 39,2025-11-04_22:10:30.962459
ED   26,0.00%,Donovan J. Richards Jr.,(Democratic),270,AD 39,2025-11-04_22:10:30.962459
ED   26,0.00%,Henry P. Ikezi,(Republican),101,AD 39,2025-11-04_22:10:30.962459
ED   26,0.00%,Henry P. Ikezi,(United Alliance),13,AD 39,2025-11-04_22:10:30.962459
ED   26,0.00%,WRITE-IN,&nbsp,-,AD 39,2025-11-04_22:10:30.962459
ED   27,0.00%,Donovan J. Richards Jr.,(Democratic),84,AD 39,2025-11-04_22:10:30.962459
ED   27,0.00%,Henry P. Ikezi,(Republican),26,AD 39,2025-11-04_22:10:30.962459
ED   27,0.00%,Henry P. Ikezi,(United Alliance),2,AD 39,2025-11-04_22:10:30.962459
ED   27,0.00%,WRITE-IN,&nbsp,1,AD 39,2025-11-04_22:10:30.962459
ED   28,0.00%,Donovan J. Richards Jr.,(Democratic),321,AD 39,2025-11-04_22:10:30.962459
ED   28,0.00%,Henry P. Ikezi,(Republican),408,AD 39,2025-11-04_22:10:30.962459
ED   28,0.00%,Henry P. Ikezi,(United Alliance),7,AD 39,2025-11-04_22:10:30.962459
ED   28,0.00%,WRITE-IN,&nbsp,1,AD 39,2025-11-04_22:10:30.962459
ED   29,0.00%,Donovan J. Richards Jr.,(Democratic),161,AD 39,2025-11-04_22:10:30.962459
ED   29,0.00%,Henry P. Ikezi,(Republican),40,AD 39,2025-11-04_22:10:30.962459
ED   29,0.00%,Henry P. Ikezi,(United Alliance),3,AD 39,2025-11-04_22:10:30.962459
ED   29,0.00%,WRITE-IN,&nbsp,1,AD 39,2025-11-04_22:10:30.962459
ED   30,0.00%,Donovan J. Richards Jr.,(Democratic),247,AD 39,2025-11-04_22:10:30.962459
ED   30,0.00%,Henry P. Ikezi,(Republican),96,AD 39,2025-11-04_22:10:30.962459
ED   30,0.00%,Henry P. Ikezi,(United Alliance),11,AD 39,2025-11-04_22:10:30.962459
ED   30,0.00%,WRITE-IN,&nbsp,2,AD 39,2025-11-04_22:10:30.962459
ED   31,0.00%,Donovan J. Richards Jr.,(Democratic),221,AD 39,2025-11-04_22:10:30.962459
ED   31,0.00%,Henry P. Ikezi,(Republican),65,AD 39,2025-11-04_22:10:30.962459
ED   31,0.00%,Henry P. Ikezi,(United Alliance),6,AD 39,2025-11-04_22:10:30.962459
ED   31,0.00%,WRITE-IN,&nbsp,1,AD 39,2025-11-04_22:10:30.962459
ED   32,0.00%,Donovan J. Richards Jr.,(Democratic),280,AD 39,2025-11-04_22:10:30.962459
ED   32,0.00%,Henry P. Ikezi,(Republican),106,AD 39,2025-11-04_22:10:30.962459
ED   32,0.00%,Henry P. Ikezi,(United Alliance),10,AD 39,2025-11-04_22:10:30.962459
ED   32,0.00%,WRITE-IN,&nbsp,2,AD 39,2025-11-04_22:10:30.962459
ED   33,0.00%,Donovan J. Richards Jr.,(Democratic),197,AD 39,2025-11-04_22:10:30.962459
ED   33,0.00%,Henry P. Ikezi,(Republican),72,AD 39,2025-11-04_22:10:30.962459
ED   33,0.00%,Henry P. Ikezi,(United Alliance),10,AD 39,2025-11-04_22:10:30.962459
ED   33,0.00%,WRITE-IN,&nbsp,1,AD 39,2025-11-04_22:10:30.962459
ED   34,0.00%,Donovan J. Richards Jr.,(Democratic),260,AD 39,2025-11-04_22:10:30.962459
ED   34,0.00%,Henry P. Ikezi,(Republican),75,AD 39,2025-11-04_22:10:30.962459
ED   34,0.00%,Henry P. Ikezi,(United Alliance),8,AD 39,2025-11-04_22:10:30.962459
ED   34,0.00%,WRITE-IN,&nbsp,1,AD 39,2025-11-04_22:10:30.962459
ED   35,0.00%,Donovan J. Richards Jr.,(Democratic),246,AD 39,2025-11-04_22:10:30.962459
ED   35,0.00%,Henry P. Ikezi,(Republican),120,AD 39,2025-11-04_22:10:30.962459
ED   35,0.00%,Henry P. Ikezi,(United Alliance),10,AD 39,2025-11-04_22:10:30.962459
ED   35,0.00%,WRITE-IN,&nbsp,-,AD 39,2025-11-04_22:10:30.962459
ED   36,0.00%,Donovan J. Richards Jr.,(Democratic),182,AD 39,2025-11-04_22:10:30.962459
ED   36,0.00%,Henry P. Ikezi,(Republican),45,AD 39,2025-11-04_22:10:30.962459
ED   36,0.00%,Henry P. Ikezi,(United Alliance),8,AD 39,2025-11-04_22:10:30.962459
ED   36,0.00%,WRITE-IN,&nbsp,-,AD 39,2025-11-04_22:10:30.962459
ED   37,0.00%,Donovan J. Richards Jr.,(Democratic),146,AD 39,2025-11-04_22:10:30.962459
ED   37,0.00%,Henry P. Ikezi,(Republican),59,AD 39,2025-11-04_22:10:30.962459
ED   37,0.00%,Henry P. Ikezi,(United Alliance),2,AD 39,2025-11-04_22:10:30.962459
ED   37,0.00%,WRITE-IN,&nbsp,1,AD 39,2025-11-04_22:10:30.962459
ED   38,0.00%,Donovan J. Richards Jr.,(Democratic),128,AD 39,2025-11-04_22:10:30.962459
ED   38,0.00%,Henry P. Ikezi,(Republican),73,AD 39,2025-11-04_22:10:30.962459
ED   38,0.00%,Henry P. Ikezi,(United Alliance),6,AD 39,2025-11-04_22:10:30.962459
ED   38,0.00%,WRITE-IN,&nbsp,1,AD 39,2025-11-04_22:10:30.962459
ED   39,0.00%,Donovan J. Richards Jr.,(Democratic),247,AD 39,2025-11-04_22:10:30.962459
ED   39,0.00%,Henry P. Ikezi,(Republican),103,AD 39,2025-11-04_22:10:30.962459
ED   39,0.00%,Henry P. Ikezi,(United Alliance),18,AD 39,2025-11-04_22:10:30.962459
ED   39,0.00%,WRITE-IN,&nbsp,-,AD 39,2025-11-04_22:10:30.962459
ED   40,0.00%,Donovan J. Richards Jr.,(Democratic),74,AD 39,2025-11-04_22:10:30.962459
ED   40,0.00%,Henry P. Ikezi,(Republican),38,AD 39,2025-11-04_22:10:30.962459
ED   40,0.00%,Henry P. Ikezi,(United Alliance),-,AD 39,2025-11-04_22:10:30.962459
ED   40,0.00%,WRITE-IN,&nbsp,1,AD 39,2025-11-04_22:10:30.962459
ED   41,0.00%,Donovan J. Richards Jr.,(Democratic),336,AD 39,2025-11-04_22:10:30.962459
ED   41,0.00%,Henry P. Ikezi,(Republican),187,AD 39,2025-11-04_22:10:30.962459
ED   41,0.00%,Henry P. Ikezi,(United Alliance),10,AD 39,2025-11-04_22:10:30.962459
ED   41,0.00%,WRITE-IN,&nbsp,1,AD 39,2025-11-04_22:10:30.962459
ED   42,0.00%,Donovan J. Richards Jr.,(Democratic),214,AD 39,2025-11-04_22:10:30.962459
ED   42,0.00%,Henry P. Ikezi,(Republican),81,AD 39,2025-11-04_22:10:30.962459
ED   42,0.00%,Henry P. Ikezi,(United Alliance),5,AD 39,2025-11-04_22:10:30.962459
ED   42,0.00%,WRITE-IN,&nbsp,-,AD 39,2025-11-04_22:10:30.962459
ED   43,0.00%,Donovan J. Richards Jr.,(Democratic),135,AD 39,2025-11-04_22:10:30.962459
ED   43,0.00%,Henry P. Ikezi,(Republican),122,AD 39,2025-11-04_22:10:30.962459
ED   43,0.00%,Henry P. Ikezi,(United Alliance),7,AD 39,2025-11-04_22:10:30.962459
ED   43,0.00%,WRITE-IN,&nbsp,-,AD 39,2025-11-04_22:10:30.962459
ED   44,0.00%,Donovan J. Richards Jr.,(Democratic),218,AD 39,2025-11-04_22:10:30.962459
ED   44,0.00%,Henry P. Ikezi,(Republican),136,AD 39,2025-11-04_22:10:30.962459
ED   44,0.00%,Henry P. Ikezi,(United Alliance),7,AD 39,2025-11-04_22:10:30.962459
ED   44,0.00%,WRITE-IN,&nbsp,-,AD 39,2025-11-04_22:10:30.962459
ED   45,0.00%,Donovan J. Richards Jr.,(Democratic),240,AD 39,2025-11-04_22:10:30.962459
ED   45,0.00%,Henry P. Ikezi,(Republican),196,AD 39,2025-11-04_22:10:30.962459
ED   45,0.00%,Henry P. Ikezi,(United Alliance),7,AD 39,2025-11-04_22:10:30.962459
ED   45,0.00%,WRITE-IN,&nbsp,1,AD 39,2025-11-04_22:10:30.962459
ED   46,0.00%,Donovan J. Richards Jr.,(Democratic),339,AD 39,2025-11-04_22:10:30.962459
ED   46,0.00%,Henry P. Ikezi,(Republican),362,AD 39,2025-11-04_22:10:30.962459
ED   46,0.00%,Henry P. Ikezi,(United Alliance),15,AD 39,2025-11-04_22:10:30.962459
ED   46,0.00%,WRITE-IN,&nbsp,1,AD 39,2025-11-04_22:10:30.962459
ED   47,0.00%,Donovan J. Richards Jr.,(Democratic),172,AD 39,2025-11-04_22:10:30.962459
ED   47,0.00%,Henry P. Ikezi,(Republican),225,AD 39,2025-11-04_22:10:30.962459
ED   47,0.00%,Henry P. Ikezi,(United Alliance),7,AD 39,2025-11-04_22:10:30.962459
ED   47,0.00%,WRITE-IN,&nbsp,-,AD 39,2025-11-04_22:10:30.962459
ED   48,0.00%,Donovan J. Richards Jr.,(Democratic),186,AD 39,2025-11-04_22:10:30.962459
ED   48,0.00%,Henry P. Ikezi,(Republican),51,AD 39,2025-11-04_22:10:30.962459
ED   48,0.00%,Henry P. Ikezi,(United Alliance),3,AD 39,2025-11-04_22:10:30.962459
ED   48,0.00%,WRITE-IN,&nbsp,-,AD 39,2025-11-04_22:10:30.962459
ED   49,0.00%,Donovan J. Richards Jr.,(Democratic),226,AD 39,2025-11-04_22:10:30.962459
ED   49,0.00%,Henry P. Ikezi,(Republican),54,AD 39,2025-11-04_22:10:30.962459
ED   49,0.00%,Henry P. Ikezi,(United Alliance),7,AD 39,2025-11-04_22:10:30.962459
ED   49,0.00%,WRITE-IN,&nbsp,-,AD 39,2025-11-04_22:10:30.962459
ED   50,0.00%,Donovan J. Richards Jr.,(Democratic),71,AD 39,2025-11-04_22:10:30.962459
ED   50,0.00%,Henry P. Ikezi,(Republican),28,AD 39,2025-11-04_22:10:30.962459
ED   50,0.00%,Henry P. Ikezi,(United Alliance),3,AD 39,2025-11-04_22:10:30.962459
ED   50,0.00%,WRITE-IN,&nbsp,-,AD 39,2025-11-04_22:10:30.962459
ED   51,0.00%,Donovan J. Richards Jr.,(Democratic),200,AD 39,2025-11-04_22:10:30.962459
ED   51,0.00%,Henry P. Ikezi,(Republican),319,AD 39,2025-11-04_22:10:30.962459
ED   51,0.00%,Henry P. Ikezi,(United Alliance),4,AD 39,2025-11-04_22:10:30.962459
ED   51,0.00%,WRITE-IN,&nbsp,1,AD 39,2025-11-04_22:10:30.962459
ED   52,0.00%,Donovan J. Richards Jr.,(Democratic),109,AD 39,2025-11-04_22:10:30.962459
ED   52,0.00%,Henry P. Ikezi,(Republican),17,AD 39,2025-11-04_22:10:30.962459
ED   52,0.00%,Henry P. Ikezi,(United Alliance),3,AD 39,2025-11-04_22:10:30.962459
ED   52,0.00%,WRITE-IN,&nbsp,1,AD 39,2025-11-04_22:10:30.962459
Total,,Donovan J. Richards Jr.,(Democratic),14125,AD 39,2025-11-04_22:10:30.962459
Total,,Henry P. Ikezi,(Republican),5223,AD 39,2025-11-04_22:10:30.962459
Total,,Henry P. Ikezi,(United Alliance),400,AD 39,2025-11-04_22:10:30.962459
Total,,WRITE-IN,&nbsp,68,AD 39,2025-11-04_22:10:30.962459
ED    1,0.00%,Donovan J. Richards Jr.,(Democratic),279,AD 40,2025-11-04_22:10:30.962459
ED    1,0.00%,Henry P. Ikezi,(Republican),165,AD 40,2025-11-04_22:10:30.962459
ED    1,0.00%,Henry P. Ikezi,(United Alliance),10,AD 40,2025-11-04_22:10:30.962459
ED    1,0.00%,WRITE-IN,&nbsp,1,AD 40,2025-11-04_22:10:30.962459
ED    2,0.00%,Donovan J. Richards Jr.,(Democratic),139,AD 40,2025-11-04_22:10:30.962459
ED    2,0.00%,Henry P. Ikezi,(Republican),94,AD 40,2025-11-04_22:10:30.962459
ED    2,0.00%,Henry P. Ikezi,(United Alliance),4,AD 40,2025-11-04_22:10:30.962459
ED    2,0.00%,WRITE-IN,&nbsp,-,AD 40,2025-11-04_22:10:30.962459
ED    3,0.00%,Donovan J. Richards Jr.,(Democratic),139,AD 40,2025-11-04_22:10:30.962459
ED    3,0.00%,Henry P. Ikezi,(Republican),72,AD 40,2025-11-04_22:10:30.962459
ED    3,0.00%,Henry P. Ikezi,(United Alliance),10,AD 40,2025-11-04_22:10:30.962459
ED    3,0.00%,WRITE-IN,&nbsp,1,AD 40,2025-11-04_22:10:30.962459
ED    4,0.00%,Donovan J. Richards Jr.,(Democratic),217,AD 40,2025-11-04_22:10:30.962459
ED    4,0.00%,Henry P. Ikezi,(Republican),117,AD 40,2025-11-04_22:10:30.962459
ED    4,0.00%,Henry P. Ikezi,(United Alliance),8,AD 40,2025-11-04_22:10:30.962459
ED    4,0.00%,WRITE-IN,&nbsp,1,AD 40,2025-11-04_22:10:30.962459
ED    5,0.00%,Donovan J. Richards Jr.,(Democratic),179,AD 40,2025-11-04_22:10:30.962459
ED    5,0.00%,Henry P. Ikezi,(Republican),103,AD 40,2025-11-04_22:10:30.962459
ED    5,0.00%,Henry P. Ikezi,(United Alliance),7,AD 40,2025-11-04_22:10:30.962459
ED    5,0.00%,WRITE-IN,&nbsp,1,AD 40,2025-11-04_22:10:30.962459
ED    6,0.00%,Donovan J. Richards Jr.,(Democratic),114,AD 40,2025-11-04_22:10:30.962459
ED    6,0.00%,Henry P. Ikezi,(Republican),71,AD 40,2025-11-04_22:10:30.962459
ED    6,0.00%,Henry P. Ikezi,(United Alliance),3,AD 40,2025-11-04_22:10:30.962459
ED    6,0.00%,WRITE-IN,&nbsp,1,AD 40,2025-11-04_22:10:30.962459
ED    7,0.00%,Donovan J. Richards Jr.,(Democratic),290,AD 40,2025-11-04_22:10:30.962459
ED    7,0.00%,Henry P. Ikezi,(Republican),102,AD 40,2025-11-04_22:10:30.962459
ED    7,0.00%,Henry P. Ikezi,(United Alliance),9,AD 40,2025-11-04_22:10:30.962459
ED    7,0.00%,WRITE-IN,&nbsp,1,AD 40,2025-11-04_22:10:30.962459
ED    8,0.00%,Donovan J. Richards Jr.,(Democratic),276,AD 40,2025-11-04_22:10:30.962459
ED    8,0.00%,Henry P. Ikezi,(Republican),169,AD 40,2025-11-04_22:10:30.962459
ED    8,0.00%,Henry P. Ikezi,(United Alliance),13,AD 40,2025-11-04_22:10:30.962459
ED    8,0.00%,WRITE-IN,&nbsp,5,AD 40,2025-11-04_22:10:30.962459
ED    9,0.00%,Donovan J. Richards Jr.,(Democratic),349,AD 40,2025-11-04_22:10:30.962459
ED    9,0.00%,Henry P. Ikezi,(Republican),129,AD 40,2025-11-04_22:10:30.962459
ED    9,0.00%,Henry P. Ikezi,(United Alliance),8,AD 40,2025-11-04_22:10:30.962459
ED    9,0.00%,WRITE-IN,&nbsp,-,AD 40,2025-11-04_22:10:30.962459
ED   10,0.00%,Donovan J. Richards Jr.,(Democratic),179,AD 40,2025-11-04_22:10:30.962459
ED   10,0.00%,Henry P. Ikezi,(Republican),73,AD 40,2025-11-04_22:10:30.962459
ED   10,0.00%,Henry P. Ikezi,(United Alliance),6,AD 40,2025-11-04_22:10:30.962459
ED   10,0.00%,WRITE-IN,&nbsp,3,AD 40,2025-11-04_22:10:30.962459
ED   11,0.00%,Donovan J. Richards Jr.,(Democratic),288,AD 40,2025-11-04_22:10:30.962459
ED   11,0.00%,Henry P. Ikezi,(Republican),60,AD 40,2025-11-04_22:10:30.962459
ED   11,0.00%,Henry P. Ikezi,(United Alliance),8,AD 40,2025-11-04_22:10:30.962459
ED   11,0.00%,WRITE-IN,&nbsp,1,AD 40,2025-11-04_22:10:30.962459
ED   12,0.00%,Donovan J. Richards Jr.,(Democratic),226,AD 40,2025-11-04_22:10:30.962459
ED   12,0.00%,Henry P. Ikezi,(Republican),177,AD 40,2025-11-04_22:10:30.962459
ED   12,0.00%,Henry P. Ikezi,(United Alliance),7,AD 40,2025-11-04_22:10:30.962459
ED   12,0.00%,WRITE-IN,&nbsp,1,AD 40,2025-11-04_22:10:30.962459
ED   13,0.00%,Donovan J. Richards Jr.,(Democratic),172,AD 40,2025-11-04_22:10:30.962459
ED   13,0.00%,Henry P. Ikezi,(Republican),34,AD 40,2025-11-04_22:10:30.962459
ED   13,0.00%,Henry P. Ikezi,(United Alliance),5,AD 40,2025-11-04_22:10:30.962459
ED   13,0.00%,WRITE-IN,&nbsp,1,AD 40,2025-11-04_22:10:30.962459
ED   14,0.00%,Donovan J. Richards Jr.,(Democratic),116,AD 40,2025-11-04_22:10:30.962459
ED   14,0.00%,Henry P. Ikezi,(Republican),30,AD 40,2025-11-04_22:10:30.962459
ED   14,0.00%,Henry P. Ikezi,(United Alliance),2,AD 40,2025-11-04_22:10:30.962459
ED   14,0.00%,WRITE-IN,&nbsp,-,AD 40,2025-11-04_22:10:30.962459
ED   15,0.00%,Donovan J. Richards Jr.,(Democratic),188,AD 40,2025-11-04_22:10:30.962459
ED   15,0.00%,Henry P. Ikezi,(Republican),128,AD 40,2025-11-04_22:10:30.962459
ED   15,0.00%,Henry P. Ikezi,(United Alliance),3,AD 40,2025-11-04_22:10:30.962459
ED   15,0.00%,WRITE-IN,&nbsp,2,AD 40,2025-11-04_22:10:30.962459
ED   16,0.00%,Donovan J. Richards Jr.,(Democratic),235,AD 40,2025-11-04_22:10:30.962459
ED   16,0.00%,Henry P. Ikezi,(Republican),74,AD 40,2025-11-04_22:10:30.962459
ED   16,0.00%,Henry P. Ikezi,(United Alliance),13,AD 40,2025-11-04_22:10:30.962459
ED   16,0.00%,WRITE-IN,&nbsp,-,AD 40,2025-11-04_22:10:30.962459
ED   17,0.00%,Donovan J. Richards Jr.,(Democratic),141,AD 40,2025-11-04_22:10:30.962459
ED   17,0.00%,Henry P. Ikezi,(Republican),35,AD 40,2025-11-04_22:10:30.962459
ED   17,0.00%,Henry P. Ikezi,(United Alliance),4,AD 40,2025-11-04_22:10:30.962459
ED   17,0.00%,WRITE-IN,&nbsp,2,AD 40,2025-11-04_22:10:30.962459
ED   18,0.00%,Donovan J. Richards Jr.,(Democratic),189,AD 40,2025-11-04_22:10:30.962459
ED   18,0.00%,Henry P. Ikezi,(Republican),94,AD 40,2025-11-04_22:10:30.962459
ED   18,0.00%,Henry P. Ikezi,(United Alliance),12,AD 40,2025-11-04_22:10:30.962459
ED   18,0.00%,WRITE-IN,&nbsp,1,AD 40,2025-11-04_22:10:30.962459
ED   19,0.00%,Donovan J. Richards Jr.,(Democratic),227,AD 40,2025-11-04_22:10:30.962459
ED   19,0.00%,Henry P. Ikezi,(Republican),107,AD 40,2025-11-04_22:10:30.962459
ED   19,0.00%,Henry P. Ikezi,(United Alliance),5,AD 40,2025-11-04_22:10:30.962459
ED   19,0.00%,WRITE-IN,&nbsp,1,AD 40,2025-11-04_22:10:30.962459
ED   20,0.00%,Donovan J. Richards Jr.,(Democratic),282,AD 40,2025-11-04_22:10:30.962459
ED   20,0.00%,Henry P. Ikezi,(Republican),123,AD 40,2025-11-04_22:10:30.962459
ED   20,0.00%,Henry P. Ikezi,(United Alliance),9,AD 40,2025-11-04_22:10:30.962459
ED   20,0.00%,WRITE-IN,&nbsp,-,AD 40,2025-11-04_22:10:30.962459
ED   21,0.00%,Donovan J. Richards Jr.,(Democratic),239,AD 40,2025-11-04_22:10:30.962459
ED   21,0.00%,Henry P. Ikezi,(Republican),114,AD 40,2025-11-04_22:10:30.962459
ED   21,0.00%,Henry P. Ikezi,(United Alliance),8,AD 40,2025-11-04_22:10:30.962459
ED   21,0.00%,WRITE-IN,&nbsp,-,AD 40,2025-11-04_22:10:30.962459
ED   22,0.00%,Donovan J. Richards Jr.,(Democratic),108,AD 40,2025-11-04_22:10:30.962459
ED   22,0.00%,Henry P. Ikezi,(Republican),59,AD 40,2025-11-04_22:10:30.962459
ED   22,0.00%,Henry P. Ikezi,(United Alliance),2,AD 40,2025-11-04_22:10:30.962459
ED   22,0.00%,WRITE-IN,&nbsp,-,AD 40,2025-11-04_22:10:30.962459
ED   23,0.00%,Donovan J. Richards Jr.,(Democratic),317,AD 40,2025-11-04_22:10:30.962459
ED   23,0.00%,Henry P. Ikezi,(Republican),147,AD 40,2025-11-04_22:10:30.962459
ED   23,0.00%,Henry P. Ikezi,(United Alliance),6,AD 40,2025-11-04_22:10:30.962459
ED   23,0.00%,WRITE-IN,&nbsp,1,AD 40,2025-11-04_22:10:30.962459
ED   24,0.00%,Donovan J. Richards Jr.,(Democratic),220,AD 40,2025-11-04_22:10:30.962459
ED   24,0.00%,Henry P. Ikezi,(Republican),75,AD 40,2025-11-04_22:10:30.962459
ED   24,0.00%,Henry P. Ikezi,(United Alliance),2,AD 40,2025-11-04_22:10:30.962459
ED   24,0.00%,WRITE-IN,&nbsp,-,AD 40,2025-11-04_22:10:30.962459
ED   25,0.00%,Donovan J. Richards Jr.,(Democratic),47,AD 40,2025-11-04_22:10:30.962459
ED   25,0.00%,Henry P. Ikezi,(Republican),39,AD 40,2025-11-04_22:10:30.962459
ED   25,0.00%,Henry P. Ikezi,(United Alliance),-,AD 40,2025-11-04_22:10:30.962459
ED   25,0.00%,WRITE-IN,&nbsp,-,AD 40,2025-11-04_22:10:30.962459
ED   26,0.00%,Donovan J. Richards Jr.,(Democratic),298,AD 40,2025-11-04_22:10:30.962459
ED   26,0.00%,Henry P. Ikezi,(Republican),94,AD 40,2025-11-04_22:10:30.962459
ED   26,0.00%,Henry P. Ikezi,(United Alliance),7,AD 40,2025-11-04_22:10:30.962459
ED   26,0.00%,WRITE-IN,&nbsp,1,AD 40,2025-11-04_22:10:30.962459
ED   27,0.00%,Donovan J. Richards Jr.,(Democratic),307,AD 40,2025-11-04_22:10:30.962459
ED   27,0.00%,Henry P. Ikezi,(Republican),234,AD 40,2025-11-04_22:10:30.962459
ED   27,0.00%,Henry P. Ikezi,(United Alliance),16,AD 40,2025-11-04_22:10:30.962459
ED   27,0.00%,WRITE-IN,&nbsp,-,AD 40,2025-11-04_22:10:30.962459
ED   28,0.00%,Donovan J. Richards Jr.,(Democratic),430,AD 40,2025-11-04_22:10:30.962459
ED   28,0.00%,Henry P. Ikezi,(Republican),258,AD 40,2025-11-04_22:10:30.962459
ED   28,0.00%,Henry P. Ikezi,(United Alliance),12,AD 40,2025-11-04_22:10:30.962459
ED   28,0.00%,WRITE-IN,&nbsp,2,AD 40,2025-11-04_22:10:30.962459
ED   29,0.00%,Donovan J. Richards Jr.,(Democratic),352,AD 40,2025-11-04_22:10:30.962459
ED   29,0.00%,Henry P. Ikezi,(Republican),137,AD 40,2025-11-04_22:10:30.962459
ED   29,0.00%,Henry P. Ikezi,(United Alliance),8,AD 40,2025-11-04_22:10:30.962459
ED   29,0.00%,WRITE-IN,&nbsp,-,AD 40,2025-11-04_22:10:30.962459
ED   30,0.00%,Donovan J. Richards Jr.,(Democratic),283,AD 40,2025-11-04_22:10:30.962459
ED   30,0.00%,Henry P. Ikezi,(Republican),98,AD 40,2025-11-04_22:10:30.962459
ED   30,0.00%,Henry P. Ikezi,(United Alliance),6,AD 40,2025-11-04_22:10:30.962459
ED   30,0.00%,WRITE-IN,&nbsp,1,AD 40,2025-11-04_22:10:30.962459
ED   31,0.00%,Donovan J. Richards Jr.,(Democratic),202,AD 40,2025-11-04_22:10:30.962459
ED   31,0.00%,Henry P. Ikezi,(Republican),116,AD 40,2025-11-04_22:10:30.962459
ED   31,0.00%,Henry P. Ikezi,(United Alliance),6,AD 40,2025-11-04_22:10:30.962459
ED   31,0.00%,WRITE-IN,&nbsp,-,AD 40,2025-11-04_22:10:30.962459
ED   32,0.00%,Donovan J. Richards Jr.,(Democratic),131,AD 40,2025-11-04_22:10:30.962459
ED   32,0.00%,Henry P. Ikezi,(Republican),70,AD 40,2025-11-04_22:10:30.962459
ED   32,0.00%,Henry P. Ikezi,(United Alliance),4,AD 40,2025-11-04_22:10:30.962459
ED   32,0.00%,WRITE-IN,&nbsp,-,AD 40,2025-11-04_22:10:30.962459
ED   33,0.00%,Donovan J. Richards Jr.,(Democratic),213,AD 40,2025-11-04_22:10:30.962459
ED   33,0.00%,Henry P. Ikezi,(Republican),100,AD 40,2025-11-04_22:10:30.962459
ED   33,0.00%,Henry P. Ikezi,(United Alliance),8,AD 40,2025-11-04_22:10:30.962459
ED   33,0.00%,WRITE-IN,&nbsp,-,AD 40,2025-11-04_22:10:30.962459
ED   34,0.00%,Donovan J. Richards Jr.,(Democratic),173,AD 40,2025-11-04_22:10:30.962459
ED   34,0.00%,Henry P. Ikezi,(Republican),89,AD 40,2025-11-04_22:10:30.962459
ED   34,0.00%,Henry P. Ikezi,(United Alliance),4,AD 40,2025-11-04_22:10:30.962459
ED   34,0.00%,WRITE-IN,&nbsp,1,AD 40,2025-11-04_22:10:30.962459
ED   35,0.00%,Donovan J. Richards Jr.,(Democratic),65,AD 40,2025-11-04_22:10:30.962459
ED   35,0.00%,Henry P. Ikezi,(Republican),61,AD 40,2025-11-04_22:10:30.962459
ED   35,0.00%,Henry P. Ikezi,(United Alliance),3,AD 40,2025-11-04_22:10:30.962459
ED   35,0.00%,WRITE-IN,&nbsp,-,AD 40,2025-11-04_22:10:30.962459
ED   36,0.00%,Donovan J. Richards Jr.,(Democratic),18,AD 40,2025-11-04_22:10:30.962459
ED   36,0.00%,Henry P. Ikezi,(Republican),16,AD 40,2025-11-04_22:10:30.962459
ED   36,0.00%,Henry P. Ikezi,(United Alliance),1,AD 40,2025-11-04_22:10:30.962459
ED   36,0.00%,WRITE-IN,&nbsp,-,AD 40,2025-11-04_22:10:30.962459
ED   37,0.00%,Donovan J. Richards Jr.,(Democratic),235,AD 40,2025-11-04_22:10:30.962459
ED   37,0.00%,Henry P. Ikezi,(Republican),301,AD 40,2025-11-04_22:10:30.962459
ED   37,0.00%,Henry P. Ikezi,(United Alliance),5,AD 40,2025-11-04_22:10:30.962459
ED   37,0.00%,WRITE-IN,&nbsp,-,AD 40,2025-11-04_22:10:30.962459
ED   38,0.00%,Donovan J. Richards Jr.,(Democratic),133,AD 40,2025-11-04_22:10:30.962459
ED   38,0.00%,Henry P. Ikezi,(Republican),223,AD 40,2025-11-04_22:10:30.962459
ED   38,0.00%,Henry P. Ikezi,(United Alliance),6,AD 40,2025-11-04_22:10:30.962459
ED   38,0.00%,WRITE-IN,&nbsp,-,AD 40,2025-11-04_22:10:30.962459
ED   39,0.00%,Donovan J. Richards Jr.,(Democratic),98,AD 40,2025-11-04_22:10:30.962459
ED   39,0.00%,Henry P. Ikezi,(Republican),113,AD 40,2025-11-04_22:10:30.962459
ED   39,0.00%,Henry P. Ikezi,(United Alliance),9,AD 40,2025-11-04_22:10:30.962459
ED   39,0.00%,WRITE-IN,&nbsp,-,AD 40,2025-11-04_22:10:30.962459
ED   40,0.00%,Donovan J. Richards Jr.,(Democratic),157,AD 40,2025-11-04_22:10:30.962459
ED   40,0.00%,Henry P. Ikezi,(Republican),286,AD 40,2025-11-04_22:10:30.962459
ED   40,0.00%,Henry P. Ikezi,(United Alliance),5,AD 40,2025-11-04_22:10:30.962459
ED   40,0.00%,WRITE-IN,&nbsp,-,AD 40,2025-11-04_22:10:30.962459
ED   41,0.00%,Donovan J. Richards Jr.,(Democratic),249,AD 40,2025-11-04_22:10:30.962459
ED   41,0.00%,Henry P. Ikezi,(Republican),387,AD 40,2025-11-04_22:10:30.962459
ED   41,0.00%,Henry P. Ikezi,(United Alliance),1,AD 40,2025-11-04_22:10:30.962459
ED   41,0.00%,WRITE-IN,&nbsp,2,AD 40,2025-11-04_22:10:30.962459
ED   42,0.00%,Donovan J. Richards Jr.,(Democratic),9,AD 40,2025-11-04_22:10:30.962459
ED   42,0.00%,Henry P. Ikezi,(Republican),4,AD 40,2025-11-04_22:10:30.962459
ED   42,0.00%,Henry P. Ikezi,(United Alliance),2,AD 40,2025-11-04_22:10:30.962459
ED   42,0.00%,WRITE-IN,&nbsp,1,AD 40,2025-11-04_22:10:30.962459
ED   43,0.00%,Donovan J. Richards Jr.,(Democratic),247,AD 40,2025-11-04_22:10:30.962459
ED   43,0.00%,Henry P. Ikezi,(Republican),212,AD 40,2025-11-04_22:10:30.962459
ED   43,0.00%,Henry P. Ikezi,(United Alliance),6,AD 40,2025-11-04_22:10:30.962459
ED   43,0.00%,WRITE-IN,&nbsp,4,AD 40,2025-11-04_22:10:30.962459
ED   44,0.00%,Donovan J. Richards Jr.,(Democratic),95,AD 40,2025-11-04_22:10:30.962459
ED   44,0.00%,Henry P. Ikezi,(Republican),74,AD 40,2025-11-04_22:10:30.962459
ED   44,0.00%,Henry P. Ikezi,(United Alliance),1,AD 40,2025-11-04_22:10:30.962459
ED   44,0.00%,WRITE-IN,&nbsp,-,AD 40,2025-11-04_22:10:30.962459
ED   45,0.00%,Donovan J. Richards Jr.,(Democratic),177,AD 40,2025-11-04_22:10:30.962459
ED   45,0.00%,Henry P. Ikezi,(Republican),179,AD 40,2025-11-04_22:10:30.962459
ED   45,0.00%,Henry P. Ikezi,(United Alliance),4,AD 40,2025-11-04_22:10:30.962459
ED   45,0.00%,WRITE-IN,&nbsp,3,AD 40,2025-11-04_22:10:30.962459
ED   46,0.00%,Donovan J. Richards Jr.,(Democratic),103,AD 40,2025-11-04_22:10:30.962459
ED   46,0.00%,Henry P. Ikezi,(Republican),132,AD 40,2025-11-04_22:10:30.962459
ED   46,0.00%,Henry P. Ikezi,(United Alliance),5,AD 40,2025-11-04_22:10:30.962459
ED   46,0.00%,WRITE-IN,&nbsp,-,AD 40,2025-11-04_22:10:30.962459
ED   47,0.00%,Donovan J. Richards Jr.,(Democratic),232,AD 40,2025-11-04_22:10:30.962459
ED   47,0.00%,Henry P. Ikezi,(Republican),480,AD 40,2025-11-04_22:10:30.962459
ED   47,0.00%,Henry P. Ikezi,(United Alliance),9,AD 40,2025-11-04_22:10:30.962459
ED   47,0.00%,WRITE-IN,&nbsp,-,AD 40,2025-11-04_22:10:30.962459
ED   48,0.00%,Donovan J. Richards Jr.,(Democratic),-,AD 40,2025-11-04_22:10:30.962459
ED   48,0.00%,Henry P. Ikezi,(Republican),-,AD 40,2025-11-04_22:10:30.962459
ED   48,0.00%,Henry P. Ikezi,(United Alliance),-,AD 40,2025-11-04_22:10:30.962459
ED   48,0.00%,WRITE-IN,&nbsp,-,AD 40,2025-11-04_22:10:30.962459
Total,,Donovan J. Richards Jr.,(Democratic),9363,AD 40,2025-11-04_22:10:30.962459
Total,,Henry P. Ikezi,(Republican),6055,AD 40,2025-11-04_22:10:30.962459
Total,,Henry P. Ikezi,(United Alliance),292,AD 40,2025-11-04_22:10:30.962459
Total,,WRITE-IN,&nbsp,39,AD 40,2025-11-04_22:10:30.962459
