ed_clean,YES,NO,reported,ad,ed,percentage,passed
23001,619,2494,99.00%,23,1,19.884355926758754,FALSE
23002,572,2468,99.00%,23,2,18.815789473684212,FALSE
23003,193,866,99.00%,23,3,18.2247403210576,FALSE
23004,581,2496,99.00%,23,4,18.882027949301268,FALSE
23005,517,2582,99.00%,23,5,16.682800903517265,FALSE
23006,561,2515,99.00%,23,6,18.237971391417425,FALSE
23007,675,2559,99.00%,23,7,20.871985157699445,FALSE
23008,328,746,50.00%,23,8,30.54003724394786,FALSE
23009,240,379,50.00%,23,9,38.77221324717286,FALSE
23010,651,1895,99.00%,23,10,25.569520816967795,FALSE
23011,856,701,99.00%,23,11,54.97752087347463,TRUE
23012,249,192,83.33%,23,12,56.4625850340136,TRUE
23013,612,647,83.33%,23,13,48.610007942811755,FALSE
23014,647,763,99.00%,23,14,45.88652482269504,FALSE
23015,644,585,83.33%,23,15,52.40032546786006,TRUE
23016,467,392,99.00%,23,16,54.36554132712457,TRUE
23017,319,1336,99.00%,23,17,19.274924471299094,FALSE
23018,996,727,99.00%,23,18,57.806152060359835,TRUE
23019,169,51,99.00%,23,19,76.81818181818181,TRUE
23020,358,140,99.00%,23,20,71.8875502008032,TRUE
23021,394,478,99.00%,23,21,45.18348623853211,FALSE
23022,284,97,99.00%,23,22,74.54068241469817,TRUE
23023,392,152,99.00%,23,23,72.05882352941177,TRUE
23024,420,174,99.00%,23,24,70.70707070707071,TRUE
23025,597,846,99.00%,23,25,41.37214137214137,FALSE
23026,426,330,99.00%,23,26,56.34920634920635,TRUE
23027,326,1739,99.00%,23,27,15.786924939467312,FALSE
23028,564,845,99.00%,23,28,40.02838892831795,FALSE
23029,127,2129,99.00%,23,29,5.629432624113475,FALSE
23030,418,1430,99.00%,23,30,22.61904761904762,FALSE
23031,563,1144,99.00%,23,31,32.98183948447569,FALSE
23032,694,1506,99.00%,23,32,31.545454545454543,FALSE
23033,443,2124,99.00%,23,33,17.257499026100508,FALSE
23034,518,1844,99.00%,23,34,21.93056731583404,FALSE
23035,391,1820,99.00%,23,35,17.684305744007236,FALSE
23036,529,1858,99.00%,23,36,22.16170925848345,FALSE
23037,687,1586,99.00%,23,37,30.22437307523097,FALSE
23038,462,1447,99.00%,23,38,24.201152435830277,FALSE
23039,81,35,99.00%,23,39,69.82758620689656,TRUE
23040,526,358,99.00%,23,40,59.502262443438916,TRUE
23041,648,672,99.00%,23,41,49.09090909090909,FALSE
23042,467,429,99.00%,23,42,52.12053571428571,TRUE
23043,16,22,99.00%,23,43,42.10526315789473,FALSE
23044,1075,1349,99.00%,23,44,44.34818481848185,FALSE
23045,629,898,99.00%,23,45,41.191879502292075,FALSE
23046,965,828,99.00%,23,46,53.82041271611824,TRUE
23047,676,729,99.00%,23,47,48.113879003558715,FALSE
23048,683,910,99.00%,23,48,42.8750784682988,FALSE
23049,864,903,99.00%,23,49,48.89643463497453,FALSE
23050,331,384,99.00%,23,50,46.29370629370629,FALSE
23051,589,371,85.71%,23,51,61.354166666666664,TRUE
23052,394,211,85.71%,23,52,65.12396694214875,TRUE
23053,1154,481,99.00%,23,53,70.58103975535168,TRUE
23054,1207,346,99.00%,23,54,77.72054088860271,TRUE
23055,402,149,99.00%,23,55,72.95825771324864,TRUE
23056,339,182,99.00%,23,56,65.06717850287907,TRUE
23057,390,244,99.00%,23,57,61.51419558359621,TRUE
23058,260,990,99.00%,23,58,20.8,FALSE
23059,221,829,99.00%,23,59,21.047619047619047,FALSE
23060,606,710,99.00%,23,60,46.048632218844986,FALSE
23061,0,0,99.00%,23,61,NA,FALSE
23062,640,456,85.71%,23,62,58.3941605839416,TRUE
23063,407,196,99.00%,23,63,67.49585406301824,TRUE
23064,176,91,99.00%,23,64,65.91760299625467,TRUE
23065,736,220,99.00%,23,65,76.98744769874477,TRUE
23066,595,353,99.00%,23,66,62.763713080168785,TRUE
23067,0,0,99.00%,23,67,NA,FALSE
23068,0,0,99.00%,23,68,NA,FALSE
23069,0,0,99.00%,23,69,NA,FALSE
23070,0,0,60.00%,23,70,NA,FALSE
23071,0,0,99.00%,23,71,NA,FALSE
23072,0,0,99.00%,23,72,NA,FALSE
23073,0,0,66.67%,23,73,NA,FALSE
23074,0,0,99.00%,23,74,NA,FALSE
24001,216,85,99.00%,24,1,71.76079734219269,TRUE
24002,336,178,99.00%,24,2,65.36964980544747,TRUE
24003,698,357,99.00%,24,3,66.1611374407583,TRUE
24004,518,214,99.00%,24,4,70.76502732240438,TRUE
24005,560,184,99.00%,24,5,75.26881720430107,TRUE
24006,699,286,99.00%,24,6,70.96446700507613,TRUE
24007,559,191,99.00%,24,7,74.53333333333333,TRUE
24008,641,272,87.50%,24,8,70.20810514786419,TRUE
24009,524,142,99.00%,24,9,78.67867867867868,TRUE
24010,779,256,99.00%,24,10,75.26570048309179,TRUE
24011,539,193,99.00%,24,11,73.63387978142076,TRUE
24012,556,253,99.00%,24,12,68.72682323856613,TRUE
24013,845,302,99.00%,24,13,73.67044463818657,TRUE
24014,582,321,99.00%,24,14,64.45182724252491,TRUE
24015,608,291,99.00%,24,15,67.63070077864293,TRUE
24016,411,159,99.00%,24,16,72.10526315789474,TRUE
24017,20,18,57.14%,24,17,52.63157894736842,TRUE
24018,472,245,99.00%,24,18,65.82984658298466,TRUE
24019,658,254,99.00%,24,19,72.14912280701753,TRUE
24020,203,99,99.00%,24,20,67.21854304635761,TRUE
24021,486,550,99.00%,24,21,46.91119691119691,FALSE
24022,66,133,99.00%,24,22,33.165829145728644,FALSE
24023,514,196,99.00%,24,23,72.3943661971831,TRUE
24024,489,466,99.00%,24,24,51.204188481675395,TRUE
24025,219,221,99.00%,24,25,49.77272727272727,FALSE
24026,501,246,99.00%,24,26,67.06827309236948,TRUE
24027,501,163,99.00%,24,27,75.45180722891565,TRUE
24028,464,378,99.00%,24,28,55.10688836104512,TRUE
24029,678,235,99.00%,24,29,74.26067907995619,TRUE
24030,540,523,99.00%,24,30,50.79962370649106,TRUE
24031,800,615,99.00%,24,31,56.53710247349824,TRUE
24032,686,219,99.00%,24,32,75.80110497237568,TRUE
24033,27,69,99.00%,24,33,28.125,FALSE
24034,47,29,57.14%,24,34,61.8421052631579,TRUE
24035,325,166,99.00%,24,35,66.19144602851324,TRUE
24036,860,461,99.00%,24,36,65.10219530658591,TRUE
24037,402,175,99.00%,24,37,69.67071057192375,TRUE
24038,1255,724,99.00%,24,38,63.41586659929257,TRUE
24039,754,566,99.00%,24,39,57.12121212121212,TRUE
24040,608,317,99.00%,24,40,65.72972972972973,TRUE
24041,168,74,57.14%,24,41,69.42148760330579,TRUE
24042,720,303,99.00%,24,42,70.38123167155426,TRUE
24043,881,562,99.00%,24,43,61.05336105336106,TRUE
24044,645,221,99.00%,24,44,74.48036951501155,TRUE
24045,159,134,99.00%,24,45,54.26621160409556,TRUE
24046,1208,484,99.00%,24,46,71.39479905437352,TRUE
24047,935,646,99.00%,24,47,59.13978494623656,TRUE
24048,808,540,99.00%,24,48,59.940652818991104,TRUE
24049,627,1985,99.00%,24,49,24.00459418070444,FALSE
24050,203,642,99.00%,24,50,24.023668639053255,FALSE
24051,1033,1088,99.00%,24,51,48.703441772748704,FALSE
24052,1250,696,99.00%,24,52,64.23432682425488,TRUE
24053,1431,441,99.00%,24,53,76.4423076923077,TRUE
24054,209,84,99.00%,24,54,71.33105802047781,TRUE
24055,642,318,99.00%,24,55,66.875,TRUE
24056,891,655,99.00%,24,56,57.63260025873221,TRUE
24057,682,539,99.00%,24,57,55.85585585585585,TRUE
24058,623,1450,99.00%,24,58,30.05306319343946,FALSE
24059,612,1153,99.00%,24,59,34.6742209631728,FALSE
24060,944,1649,99.00%,24,60,36.40570767450829,FALSE
24061,1006,1166,83.33%,24,61,46.316758747697975,FALSE
24062,996,1162,83.33%,24,62,46.15384615384615,FALSE
24063,462,511,83.33%,24,63,47.482014388489205,FALSE
24064,798,977,99.00%,24,64,44.95774647887324,FALSE
24065,1428,556,99.00%,24,65,71.9758064516129,TRUE
24066,0,0,99.00%,24,66,NA,FALSE
25001,1065,762,99.00%,25,1,58.29228243021346,TRUE
25002,1037,809,99.00%,25,2,56.17551462621885,TRUE
25003,180,243,99.00%,25,3,42.5531914893617,FALSE
25004,555,338,99.00%,25,4,62.150055991041434,TRUE
25005,1128,906,99.00%,25,5,55.45722713864307,TRUE
25006,719,692,99.00%,25,6,50.95676824946847,TRUE
25007,114,101,99.00%,25,7,53.02325581395348,TRUE
25008,72,50,99.00%,25,8,59.01639344262295,TRUE
25009,612,982,99.00%,25,9,38.393977415307404,FALSE
25010,170,112,99.00%,25,10,60.28368794326241,TRUE
25011,448,1009,99.00%,25,11,30.748112560054906,FALSE
25012,580,1614,99.00%,25,12,26.43573381950775,FALSE
25013,652,1355,99.00%,25,13,32.48629795714997,FALSE
25014,654,1005,99.00%,25,14,39.42133815551537,FALSE
25015,532,720,99.00%,25,15,42.49201277955272,FALSE
25016,563,1030,99.00%,25,16,35.34212178279975,FALSE
25017,680,1334,99.00%,25,17,33.76365441906653,FALSE
25018,878,1024,99.00%,25,18,46.16193480546793,FALSE
25019,859,849,99.00%,25,19,50.292740046838404,TRUE
25020,734,918,99.00%,25,20,44.43099273607748,FALSE
25021,706,547,99.00%,25,21,56.34477254588987,TRUE
25022,704,617,99.00%,25,22,53.29295987887964,TRUE
25023,428,503,99.00%,25,23,45.97207303974221,FALSE
25024,470,697,99.00%,25,24,40.27420736932305,FALSE
25025,752,1147,99.00%,25,25,39.59978936282254,FALSE
25026,691,1154,99.00%,25,26,37.452574525745256,FALSE
25027,826,744,99.00%,25,27,52.611464968152866,TRUE
25028,755,598,99.00%,25,28,55.80192165558019,TRUE
25029,759,1001,99.00%,25,29,43.125,FALSE
25030,591,856,99.00%,25,30,40.843123704215614,FALSE
25031,645,784,99.00%,25,31,45.13645906228131,FALSE
25032,581,652,99.00%,25,32,47.12084347120843,FALSE
25033,621,1236,99.00%,25,33,33.44103392568659,FALSE
25034,666,974,99.00%,25,34,40.609756097560975,FALSE
25035,646,616,99.00%,25,35,51.188589540412046,TRUE
25036,537,779,99.00%,25,36,40.80547112462006,FALSE
25037,536,405,99.00%,25,37,56.96068012752391,TRUE
25038,536,432,99.00%,25,38,55.371900826446286,TRUE
25039,487,440,99.00%,25,39,52.53505933117584,TRUE
25040,724,444,99.00%,25,40,61.986301369863014,TRUE
25041,439,268,99.00%,25,41,62.0933521923621,TRUE
25042,644,350,99.00%,25,42,64.7887323943662,TRUE
25043,610,334,99.00%,25,43,64.61864406779661,TRUE
25044,675,279,99.00%,25,44,70.75471698113208,TRUE
25045,731,558,99.00%,25,45,56.710628394103956,TRUE
25046,463,325,99.00%,25,46,58.75634517766497,TRUE
25047,372,253,99.00%,25,47,59.519999999999996,TRUE
25048,0,0,99.00%,25,48,NA,FALSE
25049,0,0,99.00%,25,49,NA,FALSE
26001,373,334,99.00%,26,1,52.75813295615276,TRUE
26002,204,100,99.00%,26,2,67.10526315789474,TRUE
26003,284,125,99.00%,26,3,69.43765281173594,TRUE
26004,359,403,99.00%,26,4,47.112860892388454,FALSE
26005,20,2,99.00%,26,5,90.9090909090909,TRUE
26006,691,579,99.00%,26,6,54.409448818897644,TRUE
26007,1075,764,99.00%,26,7,58.455682436106585,TRUE
26008,1047,1092,99.00%,26,8,48.94810659186536,FALSE
26009,274,190,99.00%,26,9,59.05172413793104,TRUE
26010,1092,1158,99.00%,26,10,48.53333333333333,FALSE
26011,620,779,99.00%,26,11,44.31736954967834,FALSE
26012,1137,1181,99.00%,26,12,49.050905953408105,FALSE
26013,308,475,99.00%,26,13,39.33588761174968,FALSE
26014,349,289,99.00%,26,14,54.70219435736677,TRUE
26015,434,360,99.00%,26,15,54.65994962216625,TRUE
26016,828,1170,99.00%,26,16,41.44144144144144,FALSE
26017,1070,1299,99.00%,26,17,45.166737019839594,FALSE
26018,662,629,99.00%,26,18,51.27807900852053,TRUE
26019,422,391,99.00%,26,19,51.90651906519065,TRUE
26020,967,1281,99.00%,26,20,43.01601423487544,FALSE
26021,738,1426,99.00%,26,21,34.10351201478743,FALSE
26022,718,1647,99.00%,26,22,30.35940803382664,FALSE
26023,908,1127,99.00%,26,23,44.61916461916462,FALSE
26024,811,1613,99.00%,26,24,33.45709570957096,FALSE
26025,630,839,99.00%,26,25,42.886317222600404,FALSE
26026,541,1218,99.00%,26,26,30.75611142694713,FALSE
26027,146,188,99.00%,26,27,43.712574850299404,FALSE
26028,706,857,99.00%,26,28,45.16954574536148,FALSE
26029,513,632,99.00%,26,29,44.80349344978166,FALSE
26030,5,24,99.00%,26,30,17.24137931034483,FALSE
26031,780,1043,99.00%,26,31,42.78661546900713,FALSE
26032,869,933,99.00%,26,32,48.224195338512764,FALSE
26033,805,1399,99.00%,26,33,36.524500907441016,FALSE
26034,714,1614,99.00%,26,34,30.670103092783506,FALSE
26035,475,923,99.00%,26,35,33.97711015736767,FALSE
26036,702,1323,99.00%,26,36,34.66666666666667,FALSE
26037,531,1095,99.00%,26,37,32.656826568265686,FALSE
26038,900,1541,99.00%,26,38,36.8701351904957,FALSE
26039,461,741,99.00%,26,39,38.35274542429284,FALSE
26040,434,671,99.00%,26,40,39.276018099547514,FALSE
26041,852,1446,99.00%,26,41,37.0757180156658,FALSE
26042,615,1136,99.00%,26,42,35.12278697886922,FALSE
26043,744,1413,99.00%,26,43,34.4923504867872,FALSE
26044,529,1423,99.00%,26,44,27.100409836065577,FALSE
26045,886,1613,99.00%,26,45,35.454181672669066,FALSE
26046,542,1075,99.00%,26,46,33.51886209029066,FALSE
26047,633,954,99.00%,26,47,39.88657844990548,FALSE
26048,605,1188,85.71%,26,48,33.74233128834356,FALSE
26049,528,1058,85.71%,26,49,33.29129886506936,FALSE
26050,556,1803,99.00%,26,50,23.569309029249684,FALSE
26051,328,581,99.00%,26,51,36.08360836083608,FALSE
26052,556,1064,99.00%,26,52,34.32098765432099,FALSE
26053,632,1082,99.00%,26,53,36.87281213535589,FALSE
26054,858,1104,99.00%,26,54,43.730886850152906,FALSE
26055,846,1460,99.00%,26,55,36.68690372940156,FALSE
26056,729,1176,99.00%,26,56,38.267716535433074,FALSE
26057,785,1073,99.00%,26,57,42.2497308934338,FALSE
26058,252,233,99.00%,26,58,51.958762886597945,TRUE
26059,750,1065,99.00%,26,59,41.32231404958678,FALSE
26060,738,716,99.00%,26,60,50.75653370013755,TRUE
26061,863,921,99.00%,26,61,48.374439461883405,FALSE
26062,0,0,99.00%,26,62,NA,FALSE
26063,0,0,99.00%,26,63,NA,FALSE
26064,0,0,99.00%,26,64,NA,FALSE
26065,0,0,99.00%,26,65,NA,FALSE
27001,252,510,99.00%,27,1,33.07086614173229,FALSE
27002,1096,664,99.00%,27,2,62.272727272727266,TRUE
27003,1293,1085,99.00%,27,3,54.373423044575276,TRUE
27004,583,546,57.14%,27,4,51.6386182462356,TRUE
27005,592,578,57.14%,27,5,50.598290598290596,TRUE
27006,238,266,57.14%,27,6,47.22222222222222,FALSE
27007,170,391,99.00%,27,7,30.303030303030305,FALSE
27008,436,228,99.00%,27,8,65.66265060240963,TRUE
27009,547,652,99.00%,27,9,45.62135112593828,FALSE
27010,374,246,99.00%,27,10,60.322580645161295,TRUE
27011,370,184,99.00%,27,11,66.78700361010831,TRUE
27012,892,544,99.00%,27,12,62.116991643454035,TRUE
27013,708,492,99.00%,27,13,59,TRUE
27014,1068,710,99.00%,27,14,60.067491563554555,TRUE
27015,1050,829,99.00%,27,15,55.88078765300691,TRUE
27016,505,360,99.00%,27,16,58.38150289017341,TRUE
27017,632,475,99.00%,27,17,57.091237579042456,TRUE
27018,391,143,99.00%,27,18,73.22097378277154,TRUE
27019,779,652,99.00%,27,19,54.43745632424878,TRUE
27020,496,919,99.00%,27,20,35.053003533568905,FALSE
27021,714,965,99.00%,27,21,42.52531268612269,FALSE
27022,879,918,99.00%,27,22,48.91485809682805,FALSE
27023,575,1268,99.00%,27,23,31.199131850244164,FALSE
27024,468,1156,99.00%,27,24,28.817733990147783,FALSE
27025,495,1865,99.00%,27,25,20.97457627118644,FALSE
27026,244,123,99.00%,27,26,66.4850136239782,TRUE
27027,330,2455,99.00%,27,27,11.8491921005386,FALSE
27028,670,986,99.00%,27,28,40.45893719806764,FALSE
27029,306,1828,99.00%,27,29,14.339268978444236,FALSE
27030,423,734,99.00%,27,30,36.56006914433881,FALSE
27031,40,137,99.00%,27,31,22.598870056497177,FALSE
27032,630,754,99.00%,27,32,45.52023121387283,FALSE
27033,602,749,99.00%,27,33,44.559585492227974,FALSE
27034,662,570,99.00%,27,34,53.73376623376623,TRUE
27035,641,665,99.00%,27,35,49.08116385911179,FALSE
27036,681,880,99.00%,27,36,43.62588084561179,FALSE
27037,627,781,99.00%,27,37,44.53125,FALSE
27038,629,760,99.00%,27,38,45.28437724982001,FALSE
27039,492,1109,99.00%,27,39,30.730793254216117,FALSE
27040,856,947,99.00%,27,40,47.47642817526345,FALSE
27041,187,603,99.00%,27,41,23.67088607594937,FALSE
27042,491,2175,99.00%,27,42,18.41710427606902,FALSE
27043,574,1353,99.00%,27,43,29.78723404255319,FALSE
27044,528,1486,99.00%,27,44,26.216484607745777,FALSE
27045,435,1701,99.00%,27,45,20.365168539325843,FALSE
27046,81,374,99.00%,27,46,17.802197802197803,FALSE
27047,384,263,99.00%,27,47,59.35085007727975,TRUE
27048,536,1252,99.00%,27,48,29.977628635346754,FALSE
27049,586,1162,99.00%,27,49,33.52402745995423,FALSE
27050,526,955,99.00%,27,50,35.51654287643484,FALSE
27051,569,1095,85.71%,27,51,34.19471153846153,FALSE
27052,0,0,99.00%,27,52,NA,FALSE
27053,0,0,99.00%,27,53,NA,FALSE
27054,0,0,99.00%,27,54,NA,FALSE
27055,0,0,99.00%,27,55,NA,FALSE
27056,0,0,57.14%,27,56,NA,FALSE
27057,0,0,99.00%,27,57,NA,FALSE
27058,0,0,99.00%,27,58,NA,FALSE
27059,0,0,99.00%,27,59,NA,FALSE
27060,0,0,99.00%,27,60,NA,FALSE
27061,0,0,99.00%,27,61,NA,FALSE
27062,0,0,99.00%,27,62,NA,FALSE
27063,0,0,99.00%,27,63,NA,FALSE
27064,0,0,99.00%,27,64,NA,FALSE
27065,0,0,99.00%,27,65,NA,FALSE
27066,0,0,99.00%,27,66,NA,FALSE
27067,0,0,99.00%,27,67,NA,FALSE
27068,0,0,99.00%,27,68,NA,FALSE
28001,388,189,99.00%,28,1,67.24436741767764,TRUE
28002,1364,982,99.00%,28,2,58.14151747655584,TRUE
28003,1033,1074,99.00%,28,3,49.02705268153773,FALSE
28004,1289,835,99.00%,28,4,60.687382297551785,TRUE
28005,166,129,99.00%,28,5,56.271186440677965,TRUE
28006,268,412,99.00%,28,6,39.411764705882355,FALSE
28007,900,1042,99.00%,28,7,46.34397528321318,FALSE
28008,1063,842,99.00%,28,8,55.8005249343832,TRUE
28009,1120,902,99.00%,28,9,55.39070227497527,TRUE
28010,265,648,99.00%,28,10,29.025191675794087,FALSE
28011,507,780,99.00%,28,11,39.39393939393939,FALSE
28012,596,1258,99.00%,28,12,32.14670981661273,FALSE
28013,424,673,99.00%,28,13,38.65086599817685,FALSE
28014,763,810,99.00%,28,14,48.506039415130324,FALSE
28015,742,919,99.00%,28,15,44.67188440698375,FALSE
28016,9,11,99.00%,28,16,45,FALSE
28017,27,48,99.00%,28,17,36,FALSE
28018,161,188,99.00%,28,18,46.13180515759313,FALSE
28019,612,593,99.00%,28,19,50.788381742738586,TRUE
28020,961,826,99.00%,28,20,53.777280358142136,TRUE
28021,256,320,83.33%,28,21,44.44444444444444,FALSE
28022,737,1415,99.00%,28,22,34.24721189591078,FALSE
28023,408,1093,99.00%,28,23,27.181878747501663,FALSE
28024,791,1685,99.00%,28,24,31.94668820678514,FALSE
28025,787,1969,99.00%,28,25,28.55587808417997,FALSE
28026,653,1202,99.00%,28,26,35.2021563342318,FALSE
28027,470,731,99.00%,28,27,39.13405495420483,FALSE
28028,517,543,99.00%,28,28,48.77358490566038,FALSE
28029,941,1092,99.00%,28,29,46.28627643876045,FALSE
28030,1358,1499,99.00%,28,30,47.53237661883094,FALSE
28031,1268,920,99.00%,28,31,57.95246800731262,TRUE
28032,1266,1081,99.00%,28,32,53.94120153387303,TRUE
28033,851,622,99.00%,28,33,57.773251866938224,TRUE
28034,978,661,99.00%,28,34,59.670530811470414,TRUE
28035,1590,1326,99.00%,28,35,54.52674897119342,TRUE
28036,377,304,99.00%,28,36,55.359765051395,TRUE
28037,1139,1136,99.00%,28,37,50.06593406593407,TRUE
28038,991,890,99.00%,28,38,52.68474215842637,TRUE
28039,1084,925,99.00%,28,39,53.95719263315082,TRUE
28040,1084,1162,99.00%,28,40,48.26357969723954,FALSE
28041,380,337,99.00%,28,41,52.998605299860536,TRUE
28042,119,154,99.00%,28,42,43.58974358974359,FALSE
28043,860,1062,99.00%,28,43,44.74505723204995,FALSE
28044,627,909,99.00%,28,44,40.8203125,FALSE
28045,821,730,99.00%,28,45,52.93359123146357,TRUE
28046,851,571,99.00%,28,46,59.84528832630098,TRUE
28047,709,571,99.00%,28,47,55.39062500000001,TRUE
28048,658,544,99.00%,28,48,54.742096505823625,TRUE
28049,547,494,99.00%,28,49,52.545629202689724,TRUE
28050,1004,884,99.00%,28,50,53.17796610169492,TRUE
28051,1135,744,99.00%,28,51,60.40447046301224,TRUE
28052,843,687,99.00%,28,52,55.09803921568628,TRUE
28053,1339,1218,99.00%,28,53,52.36605396949551,TRUE
28054,1111,1136,99.00%,28,54,49.443702714730755,FALSE
28055,958,1176,99.00%,28,55,44.89222118088097,FALSE
28056,727,775,99.00%,28,56,48.402130492676434,FALSE
28057,865,795,99.00%,28,57,52.108433734939766,TRUE
28058,852,1011,99.00%,28,58,45.73268921095008,FALSE
28059,638,699,99.00%,28,59,47.718773373223634,FALSE
28060,696,858,99.00%,28,60,44.78764478764479,FALSE
28061,441,1196,99.00%,28,61,26.939523518631642,FALSE
28062,1199,996,99.00%,28,62,54.624145785877,TRUE
28063,9,0,99.00%,28,63,100,TRUE
28064,111,152,99.00%,28,64,42.20532319391635,FALSE
28065,314,497,99.00%,28,65,38.71763255240444,FALSE
28066,534,866,99.00%,28,66,38.142857142857146,FALSE
28067,169,167,99.00%,28,67,50.297619047619044,TRUE
28068,174,287,99.00%,28,68,37.744034707158356,FALSE
28069,233,258,99.00%,28,69,47.45417515274949,FALSE
28070,7,7,99.00%,28,70,50,FALSE
28071,174,105,99.00%,28,71,62.365591397849464,TRUE
28072,749,663,99.00%,28,72,53.04532577903682,TRUE
28073,0,0,99.00%,28,73,NA,FALSE
28074,0,0,99.00%,28,74,NA,FALSE
28075,0,0,99.00%,28,75,NA,FALSE
29001,1067,344,90.00%,29,1,75.62012756909992,TRUE
29002,914,303,90.00%,29,2,75.102711585866885,TRUE
29003,810,272,90.00%,29,3,74.86136783733826,TRUE
29004,1031,316,99.00%,29,4,76.5404602821084,TRUE
29005,1069,384,99.00%,29,5,73.5719201651755,TRUE
29006,1011,393,99.00%,29,6,72.00854700854701,TRUE
29007,787,291,99.00%,29,7,73.00556586270872,TRUE
29008,796,303,99.00%,29,8,72.4294813466788,TRUE
29009,645,309,99.00%,29,9,67.61006289308176,TRUE
29010,1366,607,99.00%,29,10,69.23466801824632,TRUE
29011,1265,466,99.00%,29,11,73.0791450028885,TRUE
29012,1173,432,99.00%,29,12,73.08411214953271,TRUE
29013,1220,425,99.00%,29,13,74.16413373860182,TRUE
29014,1194,333,99.00%,29,14,78.1925343811395,TRUE
29015,119,54,99.00%,29,15,68.78612716763006,TRUE
29016,271,64,99.00%,29,16,80.8955223880597,TRUE
29017,669,211,99.00%,29,17,76.02272727272728,TRUE
29018,1133,472,99.00%,29,18,70.59190031152647,TRUE
29019,1186,607,99.00%,29,19,66.14612381483546,TRUE
29020,729,225,88.89%,29,20,76.41509433962264,TRUE
29021,1034,333,88.89%,29,21,75.64008778346745,TRUE
29022,883,365,88.89%,29,22,70.75320512820514,TRUE
29023,1281,536,99.00%,29,23,70.50082553659878,TRUE
29024,109,64,99.00%,29,24,63.005780346820806,TRUE
29025,840,302,88.89%,29,25,73.5551663747811,TRUE
29026,222,85,99.00%,29,26,72.31270358306189,TRUE
29027,1121,422,88.89%,29,27,72.65068049254698,TRUE
29028,1157,379,88.89%,29,28,75.32552083333334,TRUE
29029,744,270,99.00%,29,29,73.37278106508876,TRUE
29030,619,260,99.00%,29,30,70.42093287827076,TRUE
29031,686,286,88.89%,29,31,70.57613168724279,TRUE
29032,566,215,88.89%,29,32,72.47119078104993,TRUE
29033,527,226,99.00%,29,33,69.9867197875166,TRUE
29034,1030,569,99.00%,29,34,64.41525953721076,TRUE
29035,811,326,99.00%,29,35,71.32805628847845,TRUE
29036,848,540,99.00%,29,36,61.09510086455331,TRUE
29037,864,321,99.00%,29,37,72.9113924050633,TRUE
29038,833,307,99.00%,29,38,73.0701754385965,TRUE
29039,1033,315,99.00%,29,39,76.6320474777448,TRUE
29040,888,309,99.00%,29,40,74.18546365914787,TRUE
29041,927,289,99.00%,29,41,76.23355263157895,TRUE
29042,174,40,99.00%,29,42,81.30841121495327,TRUE
29043,889,307,99.00%,29,43,74.33110367892976,TRUE
29044,906,213,99.00%,29,44,80.9651474530831,TRUE
29045,1297,287,99.00%,29,45,81.88131313131312,TRUE
29046,500,148,99.00%,29,46,77.1604938271605,TRUE
29047,467,126,99.00%,29,47,78.75210792580101,TRUE
29048,907,347,99.00%,29,48,72.32854864433811,TRUE
29049,62,21,57.14%,29,49,74.69879518072288,TRUE
29050,1266,525,99.00%,29,50,70.68676716917923,TRUE
29051,415,144,57.14%,29,51,74.23971377459749,TRUE
29052,610,143,99.00%,29,52,81.00929614873837,TRUE
29053,246,89,57.14%,29,53,73.43283582089552,TRUE
29054,721,238,99.00%,29,54,75.18248175182481,TRUE
29055,699,234,99.00%,29,55,74.91961414790997,TRUE
29056,859,244,99.00%,29,56,77.87851314596554,TRUE
29057,449,130,99.00%,29,57,77.54749568221071,TRUE
29058,1046,405,99.00%,29,58,72.0882150241213,TRUE
29059,438,167,99.00%,29,59,72.39669421487604,TRUE
29060,1022,364,99.00%,29,60,73.73737373737373,TRUE
29061,55,24,99.00%,29,61,69.62025316455697,TRUE
29062,0,0,99.00%,29,62,NA,FALSE
29063,787,131,99.00%,29,63,85.72984749455338,TRUE
29064,91,32,99.00%,29,64,73.98373983739837,TRUE
29065,605,194,99.00%,29,65,75.71964956195244,TRUE
29066,727,314,99.00%,29,66,69.83669548511047,TRUE
30001,658,859,99.00%,30,1,43.37508239947264,FALSE
30002,118,111,85.71%,30,2,51.52838427947598,TRUE
30003,267,106,99.00%,30,3,71.58176943699732,TRUE
30004,608,312,87.50%,30,4,66.08695652173913,TRUE
30005,648,850,99.00%,30,5,43.257676902536716,FALSE
30006,633,573,99.00%,30,6,52.48756218905473,TRUE
30007,442,407,99.00%,30,7,52.06124852767962,TRUE
30008,702,817,99.00%,30,8,46.214614878209346,FALSE
30009,444,531,99.00%,30,9,45.53846153846154,FALSE
30010,793,875,99.00%,30,10,47.541966426858515,FALSE
30011,658,505,99.00%,30,11,56.57781599312124,TRUE
30012,369,236,99.00%,30,12,60.99173553719008,TRUE
30013,1222,891,75.00%,30,13,57.83246568859441,TRUE
30014,137,52,99.00%,30,14,72.4867724867725,TRUE
30015,587,246,99.00%,30,15,70.46818727490997,TRUE
30016,876,727,99.00%,30,16,54.64753587024329,TRUE
30017,235,282,99.00%,30,17,45.45454545454545,FALSE
30018,247,134,99.00%,30,18,64.82939632545933,TRUE
30019,774,293,90.00%,30,19,72.5398313027179,TRUE
30020,657,277,88.89%,30,20,70.34261241970022,TRUE
30021,1176,660,88.89%,30,21,64.05228758169935,TRUE
30022,1239,560,88.89%,30,22,68.8715953307393,TRUE
30023,725,471,88.89%,30,23,60.618729096989966,TRUE
30024,946,347,90.00%,30,24,73.1631863882444,TRUE
30025,1104,508,90.00%,30,25,68.4863523573201,TRUE
30026,15,21,99.00%,30,26,41.66666666666667,FALSE
30027,846,595,99.00%,30,27,58.70922970159611,TRUE
30028,278,247,99.00%,30,28,52.95238095238095,TRUE
30029,34,5,88.89%,30,29,87.17948717948718,TRUE
30030,1143,620,99.00%,30,30,64.83267158252978,TRUE
30031,953,606,99.00%,30,31,61.12892880051315,TRUE
30032,101,61,99.00%,30,32,62.34567901234568,TRUE
30033,755,335,99.00%,30,33,69.26605504587155,TRUE
30034,353,262,99.00%,30,34,57.39837398373984,TRUE
30035,910,616,99.00%,30,35,59.63302752293578,TRUE
30036,996,542,99.00%,30,36,64.7594278283485,TRUE
30037,722,290,99.00%,30,37,71.34387351778656,TRUE
30038,643,351,99.00%,30,38,64.6881287726358,TRUE
30039,734,406,90.00%,30,39,64.3859649122807,TRUE
30040,616,277,99.00%,30,40,68.98096304591266,TRUE
30041,1021,398,90.00%,30,41,71.95207892882311,TRUE
30042,714,241,99.00%,30,42,74.76439790575917,TRUE
30043,363,227,87.50%,30,43,61.52542372881356,TRUE
30044,142,99,88.89%,30,44,58.921161825726145,TRUE
30045,824,347,87.50%,30,45,70.3672075149445,TRUE
30046,756,458,87.50%,30,46,62.27347611202636,TRUE
30047,718,393,99.00%,30,47,64.62646264626463,TRUE
30048,463,320,85.71%,30,48,59.131545338441896,TRUE
30049,1035,546,88.89%,30,49,65.46489563567363,TRUE
30050,763,327,88.89%,30,50,70,TRUE
30051,895,430,88.89%,30,51,67.54716981132076,TRUE
30052,477,279,85.71%,30,52,63.095238095238095,TRUE
30053,567,306,85.71%,30,53,64.94845360824742,TRUE
30054,481,255,88.89%,30,54,65.35326086956522,TRUE
30055,750,389,88.89%,30,55,65.84723441615452,TRUE
30056,779,505,75.00%,30,56,60.66978193146417,TRUE
30057,0,0,85.71%,30,57,NA,FALSE
30058,0,0,99.00%,30,58,NA,FALSE
30059,0,0,99.00%,30,59,NA,FALSE
31001,835,360,99.00%,31,1,69.8744769874477,TRUE
31002,663,247,99.00%,31,2,72.85714285714285,TRUE
31003,532,250,99.00%,31,3,68.03069053708441,TRUE
31004,634,293,99.00%,31,4,68.39266450916936,TRUE
31005,711,220,99.00%,31,5,76.36949516648764,TRUE
31006,484,115,99.00%,31,6,80.80133555926544,TRUE
31007,483,141,99.00%,31,7,77.40384615384616,TRUE
31008,756,379,99.00%,31,8,66.6079295154185,TRUE
31009,441,180,99.00%,31,9,71.01449275362319,TRUE
31010,489,138,99.00%,31,10,77.99043062200957,TRUE
31011,619,145,99.00%,31,11,81.02094240837697,TRUE
31012,709,273,99.00%,31,12,72.19959266802444,TRUE
31013,271,136,66.67%,31,13,66.58476658476658,TRUE
31014,314,103,66.67%,31,14,75.29976019184652,TRUE
31015,1018,461,99.00%,31,15,68.83029073698445,TRUE
31016,360,341,60.00%,31,16,51.35520684736091,TRUE
31017,12,6,83.33%,31,17,66.66666666666666,TRUE
31018,288,122,83.33%,31,18,70.24390243902438,TRUE
31019,27,5,83.33%,31,19,84.375,TRUE
31020,1013,427,99.00%,31,20,70.34722222222223,TRUE
31021,704,462,99.00%,31,21,60.37735849056604,TRUE
31022,754,246,99.00%,31,22,75.4,TRUE
31023,845,324,90.00%,31,23,72.28400342172797,TRUE
31024,257,92,90.00%,31,24,73.63896848137536,TRUE
31025,852,357,99.00%,31,25,70.47146401985111,TRUE
31026,839,348,99.00%,31,26,70.68239258635215,TRUE
31027,917,473,99.00%,31,27,65.97122302158273,TRUE
31028,828,277,99.00%,31,28,74.93212669683258,TRUE
31029,776,253,99.00%,31,29,75.41302235179786,TRUE
31030,472,196,99.00%,31,30,70.65868263473054,TRUE
31031,591,154,99.00%,31,31,79.32885906040269,TRUE
31032,950,346,99.00%,31,32,73.30246913580247,TRUE
31033,345,83,99.00%,31,33,80.60747663551402,TRUE
31034,868,252,99.00%,31,34,77.5,TRUE
31035,614,198,99.00%,31,35,75.61576354679804,TRUE
31036,182,88,99.00%,31,36,67.4074074074074,TRUE
31037,823,336,99.00%,31,37,71.00949094046591,TRUE
31038,519,224,99.00%,31,38,69.85195154777928,TRUE
31039,411,192,99.00%,31,39,68.1592039800995,TRUE
31040,718,521,99.00%,31,40,57.9499596448749,TRUE
31041,703,283,99.00%,31,41,71.29817444219067,TRUE
31042,262,137,99.00%,31,42,65.6641604010025,TRUE
31043,570,278,99.00%,31,43,67.21698113207547,TRUE
31044,601,279,99.00%,31,44,68.29545454545455,TRUE
31045,699,306,99.00%,31,45,69.55223880597015,TRUE
31046,579,217,99.00%,31,46,72.73869346733667,TRUE
31047,312,87,99.00%,31,47,78.19548872180451,TRUE
31048,360,139,99.00%,31,48,72.14428857715431,TRUE
31049,102,36,99.00%,31,49,73.91304347826086,TRUE
31050,596,263,99.00%,31,50,69.38300349243306,TRUE
31051,620,232,99.00%,31,51,72.76995305164318,TRUE
31052,576,250,99.00%,31,52,69.73365617433413,TRUE
31053,482,256,99.00%,31,53,65.31165311653116,TRUE
31054,728,270,99.00%,31,54,72.94589178356713,TRUE
31055,690,271,99.00%,31,55,71.80020811654526,TRUE
31056,623,253,99.00%,31,56,71.11872146118722,TRUE
31057,707,522,99.00%,31,57,57.52644426362896,TRUE
31058,0,0,99.00%,31,58,NA,FALSE
31059,0,0,99.00%,31,59,NA,FALSE
31060,0,0,99.00%,31,60,NA,FALSE
31061,0,0,99.00%,31,61,NA,FALSE
31062,0,0,99.00%,31,62,NA,FALSE
31063,0,0,99.00%,31,63,NA,FALSE
32001,16,7,57.14%,32,1,69.56521739130434,TRUE
32002,167,26,80.00%,32,2,86.52849740932642,TRUE
32003,934,259,99.00%,32,3,78.29002514668902,TRUE
32004,590,187,99.00%,32,4,75.93307593307593,TRUE
32005,877,409,99.00%,32,5,68.19595645412132,TRUE
32006,37,25,99.00%,32,6,59.67741935483871,TRUE
32007,962,414,99.00%,32,7,69.91279069767442,TRUE
32008,857,287,99.00%,32,8,74.91258741258741,TRUE
32009,799,246,99.00%,32,9,76.45933014354067,TRUE
32010,519,152,99.00%,32,10,77.34724292101342,TRUE
32011,69,23,99.00%,32,11,75,TRUE
32012,649,285,80.00%,32,12,69.48608137044968,TRUE
32013,22,11,99.00%,32,13,66.66666666666666,TRUE
32014,109,38,99.00%,32,14,74.14965986394559,TRUE
32015,751,297,80.00%,32,15,71.66030534351145,TRUE
32016,185,53,99.00%,32,16,77.73109243697479,TRUE
32017,870,199,80.00%,32,17,81.3844714686623,TRUE
32018,224,87,80.00%,32,18,72.02572347266882,TRUE
32019,665,256,80.00%,32,19,72.20412595005429,TRUE
32020,646,222,99.00%,32,20,74.42396313364056,TRUE
32021,774,232,88.89%,32,21,76.93836978131213,TRUE
32022,1001,358,99.00%,32,22,73.65710080941868,TRUE
32023,748,233,99.00%,32,23,76.2487257900102,TRUE
32024,724,231,99.00%,32,24,75.81151832460733,TRUE
32025,665,243,99.00%,32,25,73.23788546255507,TRUE
32026,961,272,99.00%,32,26,77.93998377939984,TRUE
32027,929,273,99.00%,32,27,77.28785357737105,TRUE
32028,734,221,99.00%,32,28,76.8586387434555,TRUE
32029,495,155,99.00%,32,29,76.15384615384615,TRUE
32030,665,221,99.00%,32,30,75.05643340857789,TRUE
32031,642,168,99.00%,32,31,79.25925925925927,TRUE
32032,784,306,99.00%,32,32,71.92660550458716,TRUE
32033,254,94,99.00%,32,33,72.98850574712644,TRUE
32034,946,327,99.00%,32,34,74.31264728986646,TRUE
32035,401,166,99.00%,32,35,70.72310405643739,TRUE
32036,595,134,99.00%,32,36,81.61865569272977,TRUE
32037,1142,302,99.00%,32,37,79.08587257617728,TRUE
32038,1017,263,99.00%,32,38,79.453125,TRUE
32039,737,215,99.00%,32,39,77.41596638655463,TRUE
32040,708,204,99.00%,32,40,77.63157894736842,TRUE
32041,436,108,99.00%,32,41,80.14705882352942,TRUE
32042,734,223,88.89%,32,42,76.69801462904911,TRUE
32043,1000,268,88.89%,32,43,78.86435331230284,TRUE
32044,508,151,99.00%,32,44,77.08649468892261,TRUE
32045,675,144,88.89%,32,45,82.41758241758241,TRUE
32046,634,234,99.00%,32,46,73.04147465437788,TRUE
32047,713,243,99.00%,32,47,74.581589958159,TRUE
32048,988,271,99.00%,32,48,78.47498014297061,TRUE
32049,628,217,99.00%,32,49,74.31952662721893,TRUE
32050,1006,385,99.00%,32,50,72.322070452911575,TRUE
32051,975,311,99.00%,32,51,75.81648522550545,TRUE
32052,644,231,99.00%,32,52,73.6,TRUE
32053,1158,531,99.00%,32,53,68.56127886323267,TRUE
32054,1189,415,99.00%,32,54,74.12718204488779,TRUE
32055,675,265,87.50%,32,55,71.80851063829788,TRUE
32056,658,269,87.50%,32,56,70.98166127292342,TRUE
32057,690,250,87.50%,32,57,73.40425531914893,TRUE
32058,652,252,87.50%,32,58,72.12389380530973,TRUE
32059,694,295,99.00%,32,59,70.17189079878665,TRUE
32060,822,309,99.00%,32,60,72.67904509283821,TRUE
32061,826,293,99.00%,32,61,73.81590705987489,TRUE
32062,623,197,87.50%,32,62,75.97560975609755,TRUE
32063,569,193,99.00%,32,63,74.67191601049869,TRUE
32064,566,187,99.00%,32,64,75.1660026560425,TRUE
32065,780,243,99.00%,32,65,76.24633431085044,TRUE
32066,213,79,99.00%,32,66,72.94520547945206,TRUE
32067,624,241,99.00%,32,67,72.138728323699425,TRUE
32068,0,0,80.00%,32,68,NA,FALSE
33001,933,957,99.00%,33,1,49.36507936507937,FALSE
33002,1083,1026,99.00%,33,2,51.35135135135135,TRUE
33003,1101,765,99.00%,33,3,59.0032154340836,TRUE
33004,663,1140,99.00%,33,4,36.7720465890183,FALSE
33005,866,694,99.00%,33,5,55.51282051282052,TRUE
33006,968,1192,99.00%,33,6,44.81481481481481,FALSE
33007,720,746,99.00%,33,7,49.113233287858115,FALSE
33008,920,864,99.00%,33,8,51.569506726457405,TRUE
33009,927,681,99.00%,33,9,57.649253731343286,TRUE
33010,733,320,71.43%,33,10,69.61063627730294,TRUE
33011,560,329,99.00%,33,11,62.99212598425197,TRUE
33012,770,386,99.00%,33,12,66.60899653979239,TRUE
33013,135,44,99.00%,33,13,75.41899441340783,TRUE
33014,575,384,71.43%,33,14,59.95828988529719,TRUE
33015,589,308,71.43%,33,15,65.66332218506132,TRUE
33016,1044,402,99.00%,33,16,72.19917012448133,TRUE
33017,1063,553,99.00%,33,17,65.77970297029702,TRUE
33018,754,324,99.00%,33,18,69.9443413729128,TRUE
33019,615,309,99.00%,33,19,66.55844155844156,TRUE
33020,993,424,99.00%,33,20,70.07762879322512,TRUE
33021,1210,406,99.00%,33,21,74.87623762376238,TRUE
33022,408,188,99.00%,33,22,68.45637583892618,TRUE
33023,1178,378,99.00%,33,23,75.706940874036,TRUE
33024,197,82,99.00%,33,24,70.60931899641577,TRUE
33025,543,188,99.00%,33,25,74.28180574555402,TRUE
33026,153,47,99.00%,33,26,76.5,TRUE
33027,916,293,99.00%,33,27,75.76509511993383,TRUE
33028,423,135,99.00%,33,28,75.80645161290323,TRUE
33029,932,418,99.00%,33,29,69.03703703703704,TRUE
33030,977,289,99.00%,33,30,77.17219589257503,TRUE
33031,883,347,99.00%,33,31,71.78861788617887,TRUE
33032,1200,526,99.00%,33,32,69.52491309385863,TRUE
33033,711,300,99.00%,33,33,70.32640949554896,TRUE
33034,1009,430,99.00%,33,34,70.11813759555247,TRUE
33035,1236,582,99.00%,33,35,67.98679867986799,TRUE
33036,1167,594,99.00%,33,36,66.26916524701873,TRUE
33037,1172,485,99.00%,33,37,70.73023536511768,TRUE
33038,956,470,99.00%,33,38,67.04067321178121,TRUE
33039,826,393,99.00%,33,39,67.76045939294504,TRUE
33040,687,322,99.00%,33,40,68.08721506442022,TRUE
33041,551,352,99.00%,33,41,61.01882613510521,TRUE
33042,812,360,88.89%,33,42,69.28327645051195,TRUE
33043,514,168,88.89%,33,43,75.366568914956,TRUE
33044,1182,349,88.89%,33,44,77.20444154147616,TRUE
33045,913,296,88.89%,33,45,75.51695616211745,TRUE
33046,1001,308,88.89%,33,46,76.47058823529412,TRUE
33047,992,259,99.00%,33,47,79.29656274980016,TRUE
33048,962,354,99.00%,33,48,73.10030395136778,TRUE
33049,463,160,99.00%,33,49,74.31781701444623,TRUE
33050,1081,367,99.00%,33,50,74.65469613259668,TRUE
33051,1139,557,99.00%,33,51,67.15801886792453,TRUE
33052,1171,374,99.00%,33,52,75.79288025889967,TRUE
33053,675,277,85.71%,33,53,70.90336134453781,TRUE
33054,754,307,85.71%,33,54,71.06503298774741,TRUE
33055,627,227,85.71%,33,55,73.4192037470726,TRUE
33056,1078,384,99.00%,33,56,73.73461012311901,TRUE
33057,791,268,99.00%,33,57,74.69310670443815,TRUE
33058,829,302,99.00%,33,58,73.29796640141468,TRUE
33059,593,203,99.00%,33,59,74.49748743718592,TRUE
33060,833,227,99.00%,33,60,78.58490566037736,TRUE
33061,951,260,99.00%,33,61,78.53014037985136,TRUE
33062,522,148,99.00%,33,62,77.91044776119404,TRUE
33063,631,145,99.00%,33,63,81.31443298969072,TRUE
33064,789,295,85.71%,33,64,72.7859778597786,TRUE
34001,1324,1140,99.00%,34,1,53.73376623376623,TRUE
34002,201,85,99.00%,34,2,70.27972027972028,TRUE
34003,830,618,99.00%,34,3,57.32044198895028,TRUE
34004,1042,798,99.00%,34,4,56.630434782608695,TRUE
34005,1344,945,99.00%,34,5,58.71559633027523,TRUE
34006,108,73,85.71%,34,6,59.66850828729282,TRUE
34007,1167,858,99.00%,34,7,57.62962962962963,TRUE
34008,1328,976,99.00%,34,8,57.638888888888886,TRUE
34009,1009,731,99.00%,34,9,57.98850574712644,TRUE
34010,645,324,99.00%,34,10,66.56346749226006,TRUE
34011,405,170,88.89%,34,11,70.43478260869566,TRUE
34012,1499,1114,99.00%,34,12,57.36701109835438,TRUE
34013,1351,956,99.00%,34,13,58.56090160381447,TRUE
34014,1464,1226,99.00%,34,14,54.42379182156134,TRUE
34015,384,506,99.00%,34,15,43.146067415730336,FALSE
34016,303,448,99.00%,34,16,40.3462050599201,FALSE
34017,1016,835,88.89%,34,17,54.889249054565106,TRUE
34018,1171,875,88.89%,34,18,57.233626588465306,TRUE
34019,1201,819,88.89%,34,19,59.45544554455445,TRUE
34020,1252,974,88.89%,34,20,56.24438454627134,TRUE
34021,704,216,85.71%,34,21,76.52173913043478,TRUE
34022,398,145,85.71%,34,22,73.29650092081032,TRUE
34023,426,255,85.71%,34,23,62.55506607929515,TRUE
34024,1094,778,85.71%,34,24,58.440170940170944,TRUE
34025,1192,802,85.71%,34,25,59.779338014042125,TRUE
34026,134,96,99.00%,34,26,58.26086956521739,TRUE
34027,667,763,99.00%,34,27,46.64335664335664,FALSE
34028,402,165,88.89%,34,28,70.8994708994709,TRUE
34029,538,389,99.00%,34,29,58.036677454153185,TRUE
34030,570,354,99.00%,34,30,61.68831168831169,TRUE
34031,843,548,99.00%,34,31,60.60388209920921,TRUE
34032,543,287,99.00%,34,32,65.42168674698794,TRUE
34033,384,242,99.00%,34,33,61.34185303514377,TRUE
34034,671,468,99.00%,34,34,58.911325724319575,TRUE
34035,530,242,99.00%,34,35,68.65284974093264,TRUE
34036,932,551,99.00%,34,36,62.845583277140925,TRUE
34037,455,278,99.00%,34,37,62.07366984993179,TRUE
34038,402,226,99.00%,34,38,64.01273885350318,TRUE
34039,975,652,99.00%,34,39,59.926244622003686,TRUE
34040,546,330,88.89%,34,40,62.328767123287676,TRUE
34041,984,668,99.00%,34,41,59.56416464891041,TRUE
34042,661,416,99.00%,34,42,61.374187558031565,TRUE
34043,642,376,99.00%,34,43,63.0648330058939,TRUE
34044,834,413,88.89%,34,44,66.88051323175621,TRUE
34045,348,199,88.89%,34,45,63.61974405850091,TRUE
34046,1010,663,88.89%,34,46,60.37059175134489,TRUE
34047,918,620,99.00%,34,47,59.687906371911566,TRUE
34048,591,324,88.89%,34,48,64.59016393442623,TRUE
34049,1126,651,88.89%,34,49,63.36522228474958,TRUE
34050,179,64,99.00%,34,50,73.66255144032921,TRUE
34051,890,504,99.00%,34,51,63.84505021520803,TRUE
34052,974,453,99.00%,34,52,68.25508058864752,TRUE
34053,3,12,99.00%,34,53,20,FALSE
34054,575,336,99.00%,34,54,63.11745334796927,TRUE
34055,233,125,99.00%,34,55,65.08379888268156,TRUE
34056,601,298,99.00%,34,56,66.85205784204672,TRUE
34057,49,22,99.00%,34,57,69.01408450704226,TRUE
34058,0,0,85.71%,34,58,NA,FALSE
34059,0,0,99.00%,34,59,NA,FALSE
34060,0,0,99.00%,34,60,NA,FALSE
35001,685,799,99.00%,35,1,46.15902964959569,FALSE
35002,498,299,99.00%,35,2,62.484316185696365,TRUE
35003,494,251,99.00%,35,3,66.30872483221476,TRUE
35004,570,316,99.00%,35,4,64.33408577878103,TRUE
35005,585,320,99.00%,35,5,64.64088397790056,TRUE
35006,819,350,99.00%,35,6,70.05988023952095,TRUE
35007,972,617,99.00%,35,7,61.17054751415984,TRUE
35008,895,557,99.00%,35,8,61.63911845730028,TRUE
35009,700,763,99.00%,35,9,47.84688995215311,FALSE
35010,471,177,99.00%,35,10,72.68518518518519,TRUE
35011,460,248,99.00%,35,11,64.97175141242938,TRUE
35012,795,337,99.00%,35,12,70.22968197879858,TRUE
35013,614,277,99.00%,35,13,68.91133557800224,TRUE
35014,735,406,99.00%,35,14,64.41717791411043,TRUE
35015,657,246,99.00%,35,15,72.75747508305648,TRUE
35016,821,435,99.00%,35,16,65.36624203821655,TRUE
35017,646,296,99.00%,35,17,68.57749469214437,TRUE
35018,282,190,99.00%,35,18,59.7457627118644,TRUE
35019,327,195,99.00%,35,19,62.643678160919535,TRUE
35020,224,121,99.00%,35,20,64.92753623188405,TRUE
35021,247,97,99.00%,35,21,71.80232558139535,TRUE
35022,532,302,99.00%,35,22,63.78896882494005,TRUE
35023,489,229,99.00%,35,23,68.10584958217271,TRUE
35024,449,251,99.00%,35,24,64.14285714285714,TRUE
35025,760,373,99.00%,35,25,67.07855251544572,TRUE
35026,814,277,99.00%,35,26,74.61044912923923,TRUE
35027,169,101,99.00%,35,27,62.59259259259259,TRUE
35028,108,99,99.00%,35,28,52.17391304347826,TRUE
35029,434,218,99.00%,35,29,66.56441717791411,TRUE
35030,761,392,99.00%,35,30,66.00173460537727,TRUE
35031,527,493,99.00%,35,31,51.66666666666667,TRUE
35032,886,234,99.00%,35,32,79.10714285714285,TRUE
35033,849,193,99.00%,35,33,81.47792706333973,TRUE
35034,680,285,99.00%,35,34,70.46632124352331,TRUE
35035,779,294,99.00%,35,35,72.60018639328985,TRUE
35036,789,287,99.00%,35,36,73.3271375464684,TRUE
35037,461,307,99.00%,35,37,60.026041666666664,TRUE
35038,691,471,99.00%,35,38,59.466437177280554,TRUE
35039,760,649,99.00%,35,39,53.93896380411639,TRUE
35040,618,518,99.00%,35,40,54.401408450704224,TRUE
35041,661,756,99.00%,35,41,46.64784756527876,FALSE
35042,804,994,99.00%,35,42,44.71635150166852,FALSE
35043,280,303,99.00%,35,43,48.02744425385935,FALSE
35044,487,160,99.00%,35,44,75.27047913446677,TRUE
35045,447,490,99.00%,35,45,47.705442902881536,FALSE
35046,475,363,99.00%,35,46,56.682577565632464,TRUE
35047,0,0,99.00%,35,47,NA,FALSE
35048,145,79,99.00%,35,48,64.73214285714286,TRUE
35049,694,737,99.00%,35,49,48.49755415793152,FALSE
35050,0,0,99.00%,35,50,NA,FALSE
35051,0,0,99.00%,35,51,NA,FALSE
35052,0,0,99.00%,35,52,NA,FALSE
35053,0,0,99.00%,35,53,NA,FALSE
35054,0,0,99.00%,35,54,NA,FALSE
35055,0,0,99.00%,35,55,NA,FALSE
35056,0,0,99.00%,35,56,NA,FALSE
35057,0,0,99.00%,35,57,NA,FALSE
35058,0,0,99.00%,35,58,NA,FALSE
35059,0,0,99.00%,35,59,NA,FALSE
35060,0,0,99.00%,35,60,NA,FALSE
35061,0,0,99.00%,35,61,NA,FALSE
35062,0,0,99.00%,35,62,NA,FALSE
35063,0,0,99.00%,35,63,NA,FALSE
35064,0,0,99.00%,35,64,NA,FALSE
35065,0,0,99.00%,35,65,NA,FALSE
36001,1127,649,99.00%,36,1,63.45720720720721,TRUE
36002,489,322,88.89%,36,2,60.29593094944513,TRUE
36003,1411,1032,99.00%,36,3,57.75685632419156,TRUE
36004,1008,883,99.00%,36,4,53.30512956107879,TRUE
36005,1538,1248,99.00%,36,5,55.2045944005743,TRUE
36006,699,201,75.00%,36,6,77.66666666666666,TRUE
36007,1354,462,75.00%,36,7,74.55947136563876,TRUE
36008,968,749,87.50%,36,8,56.377402446126965,TRUE
36009,866,577,85.71%,36,9,60.01386001386001,TRUE
36010,1452,1168,99.00%,36,10,55.41984732824427,TRUE
36011,678,338,85.71%,36,11,66.73228346456693,TRUE
36012,1039,696,85.71%,36,12,59.884726224783854,TRUE
36013,1130,569,87.50%,36,13,66.50971159505592,TRUE
36014,1388,828,87.50%,36,14,62.63537906137184,TRUE
36015,450,243,87.50%,36,15,64.93506493506493,TRUE
36016,912,548,87.50%,36,16,62.465753424657535,TRUE
36017,1477,831,87.50%,36,17,63.994800693240904,TRUE
36018,718,386,90.91%,36,18,65.03623188405797,TRUE
36019,1377,885,90.91%,36,19,60.87533156498674,TRUE
36020,1440,880,90.91%,36,20,62.06896551724138,TRUE
36021,1261,808,87.50%,36,21,60.94731754470759,TRUE
36022,1442,999,87.50%,36,22,59.074149938549766,TRUE
36023,1320,873,88.89%,36,23,60.191518467852255,TRUE
36024,1019,535,88.89%,36,24,65.57271557271557,TRUE
36025,1580,934,90.91%,36,25,62.84805091487669,TRUE
36026,824,432,88.89%,36,26,65.60509554140127,TRUE
36027,331,285,88.89%,36,27,53.73376623376623,TRUE
36028,1365,831,90.00%,36,28,62.158469945355186,TRUE
36029,175,64,90.00%,36,29,73.22175732217573,TRUE
36030,548,355,90.00%,36,30,60.68660022148394,TRUE
36031,804,478,88.89%,36,31,62.71450858034321,TRUE
36032,999,542,88.89%,36,32,64.82803374432187,TRUE
36033,155,79,90.00%,36,33,66.23931623931624,TRUE
36034,135,103,85.71%,36,34,56.72268907563025,TRUE
36035,1555,717,99.00%,36,35,68.4419014084507,TRUE
36036,1191,561,99.00%,36,36,67.97945205479452,TRUE
36037,1110,479,99.00%,36,37,69.85525487728131,TRUE
36038,688,196,87.50%,36,38,77.82805429864254,TRUE
36039,726,187,87.50%,36,39,79.51807228915662,TRUE
36040,658,236,87.50%,36,40,73.60178970917227,TRUE
36041,1430,685,85.71%,36,41,67.61229314420804,TRUE
36042,1403,702,85.71%,36,42,66.65083135391924,TRUE
36043,798,411,87.50%,36,43,66.00496277915633,TRUE
36044,1295,722,88.89%,36,44,64.20426375805653,TRUE
36045,693,422,87.50%,36,45,62.152466367713,TRUE
36046,813,254,85.71%,36,46,76.19493908153702,TRUE
36047,712,255,85.71%,36,47,73.62978283350569,TRUE
36048,656,307,87.50%,36,48,68.12045690550363,TRUE
36049,987,660,99.00%,36,49,59.92714025500911,TRUE
36050,109,65,87.50%,36,50,62.643678160919535,TRUE
36051,482,303,85.71%,36,51,61.401273885350314,TRUE
36052,308,147,87.50%,36,52,67.6923076923077,TRUE
36053,378,267,87.50%,36,53,58.6046511627907,TRUE
36054,1162,687,87.50%,36,54,62.844780962682535,TRUE
36055,1190,670,87.50%,36,55,63.97849462365591,TRUE
36056,1383,1225,83.33%,36,56,53.029141104294474,TRUE
36057,1159,727,88.89%,36,57,61.45281018027572,TRUE
36058,802,536,90.91%,36,58,59.940209267563525,TRUE
36059,886,570,90.91%,36,59,60.85164835164834,TRUE
36060,778,559,88.89%,36,60,58.189977561705305,TRUE
36061,797,558,90.00%,36,61,58.81918819188192,TRUE
36062,1102,774,90.91%,36,62,58.74200426439232,TRUE
36063,1432,906,90.00%,36,63,61.24893071000855,TRUE
36064,689,551,99.00%,36,64,55.564516129032256,TRUE
36065,1135,752,90.00%,36,65,60.14838367779545,TRUE
36066,158,131,90.00%,36,66,54.67128027681662,TRUE
36067,90,64,90.00%,36,67,58.44155844155844,TRUE
36068,0,0,87.50%,36,68,NA,FALSE
36069,0,0,87.50%,36,69,NA,FALSE
36070,0,0,99.00%,36,70,NA,FALSE
37001,1778,887,99.00%,37,1,66.71669793621014,TRUE
37002,1831,1067,99.00%,37,2,63.181504485852315,TRUE
37003,1771,1093,99.00%,37,3,61.83659217877096,TRUE
37004,1125,708,99.00%,37,4,61.37479541734861,TRUE
37005,1108,578,99.00%,37,5,65.717674970344,TRUE
37006,1865,899,99.00%,37,6,67.47467438494935,TRUE
37007,1561,827,99.00%,37,7,65.36850921273032,TRUE
37008,1309,713,99.00%,37,8,64.73788328387735,TRUE
37009,731,467,99.00%,37,9,61.018363939899835,TRUE
37010,10,2,99.00%,37,10,83.33333333333334,TRUE
37011,177,192,62.50%,37,11,47.96747967479675,FALSE
37012,1111,763,99.00%,37,12,59.28495197438634,TRUE
37013,118,92,99.00%,37,13,56.19047619047619,TRUE
37014,1008,736,99.00%,37,14,57.798165137614674,TRUE
37015,292,132,99.00%,37,15,68.86792452830188,TRUE
37016,606,349,99.00%,37,16,63.455497382198956,TRUE
37017,717,337,99.00%,37,17,68.02656546489564,TRUE
37018,843,359,99.00%,37,18,70.13311148086522,TRUE
37019,1165,558,99.00%,37,19,67.61462565293094,TRUE
37020,1100,724,99.00%,37,20,60.30701754385965,TRUE
37021,1131,928,99.00%,37,21,54.929577464788736,TRUE
37022,1348,995,99.00%,37,22,57.53307725138711,TRUE
37023,1000,598,99.00%,37,23,62.57822277847309,TRUE
37024,1141,818,99.00%,37,24,58.24400204185809,TRUE
37025,1053,694,99.00%,37,25,60.27475672581568,TRUE
37026,1005,650,99.00%,37,26,60.72507552870091,TRUE
37027,1493,967,90.00%,37,27,60.69105691056911,TRUE
37028,1360,900,90.00%,37,28,60.17699115044248,TRUE
37029,957,696,90.00%,37,29,57.89473684210527,TRUE
37030,1350,824,88.89%,37,30,62.09751609935602,TRUE
37031,1240,945,88.89%,37,31,56.75057208237986,TRUE
37032,544,267,90.00%,37,32,67.07768187422934,TRUE
37033,770,565,88.89%,37,33,57.67790262172284,TRUE
37034,0,3,99.00%,37,34,0,FALSE
37035,1311,1131,90.00%,37,35,53.68550368550369,TRUE
37036,1246,1133,88.89%,37,36,52.37494745691467,TRUE
37037,542,417,88.89%,37,37,56.51720542231491,TRUE
37038,0,0,90.00%,37,38,NA,FALSE
37039,432,1162,99.00%,37,39,27.10163111668758,FALSE
37040,612,1233,99.00%,37,40,33.170731707317074,FALSE
37041,46,45,99.00%,37,41,50.54945054945055,TRUE
37042,940,476,99.00%,37,42,66.38418079096046,TRUE
37043,511,445,99.00%,37,43,53.45188284518828,TRUE
37044,833,627,99.00%,37,44,57.054794520547944,TRUE
37045,408,273,99.00%,37,45,59.91189427312775,TRUE
37046,102,175,99.00%,37,46,36.8231046931408,FALSE
37047,779,1099,99.00%,37,47,41.480298189563364,FALSE
37048,694,803,99.00%,37,48,46.359385437541754,FALSE
37049,297,436,62.50%,37,49,40.518417462482944,FALSE
37050,390,553,62.50%,37,50,41.35737009544008,FALSE
37051,436,600,62.50%,37,51,42.084942084942085,FALSE
37052,983,999,83.33%,37,52,49.59636730575176,FALSE
37053,986,933,99.00%,37,53,51.38092756644086,TRUE
37054,951,728,99.00%,37,54,56.640857653365096,TRUE
37055,865,691,99.00%,37,55,55.591259640102834,TRUE
37056,763,546,99.00%,37,56,58.288770053475936,TRUE
37057,1083,911,99.00%,37,57,54.31293881644935,TRUE
37058,604,399,99.00%,37,58,60.219341974077764,TRUE
37059,638,558,99.00%,37,59,53.34448160535117,TRUE
37060,535,308,99.00%,37,60,63.4638196915777,TRUE
37061,761,572,99.00%,37,61,57.08927231807952,TRUE
37062,540,415,83.33%,37,62,56.54450261780105,TRUE
37063,1084,783,99.00%,37,63,58.061060524906274,TRUE
37064,1169,963,99.00%,37,64,54.831144465290805,TRUE
37065,1025,641,99.00%,37,65,61.52460984393757,TRUE
37066,0,0,99.00%,37,66,NA,FALSE
37067,0,0,99.00%,37,67,NA,FALSE
37068,0,0,85.71%,37,68,NA,FALSE
37069,0,0,99.00%,37,69,NA,FALSE
37070,0,0,99.00%,37,70,NA,FALSE
37071,0,0,66.67%,37,71,NA,FALSE
38001,1094,707,99.00%,38,1,60.74403109383676,TRUE
38002,1338,870,99.00%,38,2,60.597826086956516,TRUE
38003,1204,695,99.00%,38,3,63.40179041600843,TRUE
38004,1260,858,99.00%,38,4,59.490084985835686,TRUE
38005,419,233,99.00%,38,5,64.2638036809816,TRUE
38006,1199,801,99.00%,38,6,59.95,TRUE
38007,847,454,99.00%,38,7,65.10376633358955,TRUE
38008,11,0,99.00%,38,8,100,TRUE
38009,893,989,99.00%,38,9,47.44952178533475,FALSE
38010,851,769,99.00%,38,10,52.53086419753087,TRUE
38011,625,838,99.00%,38,11,42.720437457279566,FALSE
38012,909,710,99.00%,38,12,56.14576899320568,TRUE
38013,266,278,99.00%,38,13,48.89705882352941,FALSE
38014,915,1275,99.00%,38,14,41.78082191780822,FALSE
38015,854,1333,99.00%,38,15,39.048925468678554,FALSE
38016,86,102,99.00%,38,16,45.744680851063826,FALSE
38017,782,924,99.00%,38,17,45.838218053927314,FALSE
38018,427,351,99.00%,38,18,54.88431876606684,TRUE
38019,726,368,99.00%,38,19,66.36197440585009,TRUE
38020,1036,666,99.00%,38,20,60.86956521739131,TRUE
38021,684,438,99.00%,38,21,60.962566844919785,TRUE
38022,428,238,99.00%,38,22,64.26426426426426,TRUE
38023,836,586,99.00%,38,23,58.79043600562588,TRUE
38024,639,464,99.00%,38,24,57.93291024478694,TRUE
38025,311,185,99.00%,38,25,62.701612903225815,TRUE
38026,780,496,99.00%,38,26,61.12852664576802,TRUE
38027,280,213,99.00%,38,27,56.79513184584179,TRUE
38028,819,437,99.00%,38,28,65.20700636942675,TRUE
38029,708,275,99.00%,38,29,72.02441505595118,TRUE
38030,539,290,99.00%,38,30,65.01809408926418,TRUE
38031,551,228,99.00%,38,31,70.73170731707317,TRUE
38032,888,524,99.00%,38,32,62.889518413597735,TRUE
38033,1051,510,99.00%,38,33,67.32863549007047,TRUE
38034,790,462,99.00%,38,34,63.09904153354633,TRUE
38035,788,425,99.00%,38,35,64.96290189612532,TRUE
38036,861,276,99.00%,38,36,75.72559366754618,TRUE
38037,858,357,99.00%,38,37,70.61728395061728,TRUE
38038,480,198,99.00%,38,38,70.79646017699115,TRUE
38039,581,267,99.00%,38,39,68.51415094339622,TRUE
38040,362,178,99.00%,38,40,67.03703703703704,TRUE
38041,355,244,99.00%,38,41,59.26544240400668,TRUE
38042,333,269,99.00%,38,42,55.3156146179402,TRUE
38043,11,19,99.00%,38,43,36.666666666666664,FALSE
38044,568,354,99.00%,38,44,61.60520607375272,TRUE
38045,376,221,99.00%,38,45,62.981574539363486,TRUE
38046,1012,772,99.00%,38,46,56.72645739910314,TRUE
38047,964,875,99.00%,38,47,52.41979336595976,TRUE
38048,655,325,99.00%,38,48,66.83673469387756,TRUE
38049,274,165,99.00%,38,49,62.414578587699324,TRUE
38050,604,290,87.50%,38,50,67.56152125279642,TRUE
38051,707,307,87.50%,38,51,69.72386587771203,TRUE
38052,203,159,99.00%,38,52,56.07734806629834,TRUE
38053,621,734,99.00%,38,53,45.830258302583026,FALSE
38054,598,393,99.00%,38,54,60.34308779011099,TRUE
38055,0,0,99.00%,38,55,NA,FALSE
39001,1298,837,88.89%,39,1,60.796252927400474,TRUE
39002,1313,1110,99.00%,39,2,54.189021873710274,TRUE
39003,1200,804,99.00%,39,3,59.88023952095808,TRUE
39004,1251,634,99.00%,39,4,66.36604774535809,TRUE
39005,1009,643,99.00%,39,5,61.077481840193705,TRUE
39006,1407,1165,99.00%,39,6,54.7045101088647,TRUE
39007,1327,809,99.00%,39,7,62.12546816479401,TRUE
39008,1157,750,99.00%,39,8,60.671211326691136,TRUE
39009,1012,656,99.00%,39,9,60.671462829736214,TRUE
39010,411,221,99.00%,39,10,65.03164556962025,TRUE
39011,99,33,99.00%,39,11,75,TRUE
39012,505,261,99.00%,39,12,65.92689295039165,TRUE
39013,331,127,99.00%,39,13,72.27074235807859,TRUE
39014,617,197,99.00%,39,14,75.7985257985258,TRUE
39015,905,456,99.00%,39,15,66.49522409992652,TRUE
39016,76,53,99.00%,39,16,58.91472868217055,TRUE
39017,424,195,99.00%,39,17,68.49757673667204,TRUE
39018,859,397,99.00%,39,18,68.39171974522293,TRUE
39019,1013,489,99.00%,39,19,67.44340878828228,TRUE
39020,227,88,99.00%,39,20,72.06349206349206,TRUE
39021,555,200,99.00%,39,21,73.50993377483444,TRUE
39022,642,312,99.00%,39,22,67.29559748427673,TRUE
39023,624,227,99.00%,39,23,73.32549941245593,TRUE
39024,475,187,99.00%,39,24,71.75226586102718,TRUE
39025,428,178,99.00%,39,25,70.62706270627062,TRUE
39026,682,284,99.00%,39,26,70.60041407867494,TRUE
39027,219,94,99.00%,39,27,69.96805111821087,TRUE
39028,627,1505,99.00%,39,28,29.409005628517825,FALSE
39029,388,178,99.00%,39,29,68.55123674911661,TRUE
39030,587,362,99.00%,39,30,61.85458377239199,TRUE
39031,517,270,99.00%,39,31,65.69250317662008,TRUE
39032,577,361,99.00%,39,32,61.513859275053306,TRUE
39033,417,249,99.00%,39,33,62.612612612612615,TRUE
39034,523,347,99.00%,39,34,60.11494252873564,TRUE
39035,649,312,99.00%,39,35,67.53381893860562,TRUE
39036,436,189,99.00%,39,36,69.76,TRUE
39037,389,173,99.00%,39,37,69.21708185053382,TRUE
39038,348,216,99.00%,39,38,61.702127659574465,TRUE
39039,592,398,99.00%,39,39,59.79797979797979,TRUE
39040,163,119,99.00%,39,40,57.801418439716315,TRUE
39041,757,686,99.00%,39,41,52.460152460152464,TRUE
39042,464,334,99.00%,39,42,58.1453634085213,TRUE
39043,350,373,99.00%,39,43,48.40940525587828,FALSE
39044,612,365,99.00%,39,44,62.64073694984646,TRUE
39045,603,636,99.00%,39,45,48.6682808716707,FALSE
39046,806,1230,99.00%,39,46,39.587426326129666,FALSE
39047,315,843,99.00%,39,47,27.202072538860104,FALSE
39048,409,285,99.00%,39,48,58.933717579250725,TRUE
39049,485,234,99.00%,39,49,67.4547983310153,TRUE
39050,185,126,99.00%,39,50,59.4855305466238,TRUE
39051,428,1098,99.00%,39,51,28.04718217562254,FALSE
39052,226,113,99.00%,39,52,66.66666666666666,TRUE
40001,711,549,99.00%,40,1,56.42857142857143,TRUE
40002,354,264,99.00%,40,2,57.28155339805825,TRUE
40003,366,229,99.00%,40,3,61.51260504201681,TRUE
40004,565,363,99.00%,40,4,60.883620689655174,TRUE
40005,463,339,99.00%,40,5,57.73067331670823,TRUE
40006,315,206,99.00%,40,6,60.46065259117083,TRUE
40007,694,442,99.00%,40,7,61.09154929577465,TRUE
40008,781,466,99.00%,40,8,62.63031275060145,TRUE
40009,812,447,99.00%,40,9,64.49563145353456,TRUE
40010,353,263,99.00%,40,10,57.3051948051948,TRUE
40011,602,189,99.00%,40,11,76.10619469026548,TRUE
40012,632,464,99.00%,40,12,57.66423357664233,TRUE
40013,407,153,99.00%,40,13,72.67857142857143,TRUE
40014,282,88,99.00%,40,14,76.21621621621621,TRUE
40015,490,348,99.00%,40,15,58.47255369928401,TRUE
40016,533,259,99.00%,40,16,67.2979797979798,TRUE
40017,322,151,99.00%,40,17,68.07610993657505,TRUE
40018,462,284,99.00%,40,18,61.93029490616622,TRUE
40019,523,338,99.00%,40,19,60.743321718931476,TRUE
40020,733,388,99.00%,40,20,65.38804638715433,TRUE
40021,575,366,99.00%,40,21,61.10520722635494,TRUE
40022,277,158,99.00%,40,22,63.678160919540225,TRUE
40023,773,476,99.00%,40,23,61.88951160928743,TRUE
40024,561,225,99.00%,40,24,71.37404580152672,TRUE
40025,145,105,90.00%,40,25,57.99999999999999,TRUE
40026,731,343,99.00%,40,26,68.0633147113594,TRUE
40027,755,716,99.00%,40,27,51.32562882392931,TRUE
40028,933,851,99.00%,40,28,52.2982062780269,TRUE
40029,839,501,99.00%,40,29,62.61194029850746,TRUE
40030,636,382,99.00%,40,30,62.47544204322201,TRUE
40031,405,445,99.00%,40,31,47.647058823529406,FALSE
40032,348,353,90.00%,40,32,49.64336661911555,FALSE
40033,521,317,99.00%,40,33,62.171837708830544,TRUE
40034,382,355,99.00%,40,34,51.83175033921302,TRUE
40035,183,258,90.00%,40,35,41.49659863945578,FALSE
40036,53,44,99.00%,40,36,54.63917525773196,TRUE
40037,567,1138,90.00%,40,37,33.25513196480939,FALSE
40038,384,814,90.00%,40,38,32.053422370617696,FALSE
40039,229,440,90.00%,40,39,34.23019431988042,FALSE
40040,359,1090,90.00%,40,40,24.775707384403038,FALSE
40041,498,1355,99.00%,40,41,26.875337290879653,FALSE
40042,31,19,99.00%,40,42,62,TRUE
40043,551,764,99.00%,40,43,41.90114068441065,FALSE
40044,237,321,90.00%,40,44,42.473118279569896,FALSE
40045,323,679,99.00%,40,45,32.23552894211577,FALSE
40046,183,526,99.00%,40,46,25.811001410437235,FALSE
40047,549,1535,99.00%,40,47,26.343570057581573,FALSE
40048,0,0,99.00%,40,48,NA,FALSE
41001,953,355,99.00%,41,1,72.85932721712538,TRUE
41002,799,397,99.00%,41,2,66.80602006688964,TRUE
41003,627,184,88.89%,41,3,77.31196054254006,TRUE
41004,1075,566,99.00%,41,4,65.50883607556368,TRUE
41005,721,277,99.00%,41,5,72.24448897795591,TRUE
41006,820,388,99.00%,41,6,67.88079470198676,TRUE
41007,856,410,99.00%,41,7,67.61453396524486,TRUE
41008,817,262,99.00%,41,8,75.71825764596849,TRUE
41009,885,356,88.89%,41,9,71.31345688960515,TRUE
41010,586,222,90.91%,41,10,72.52475247524752,TRUE
41011,909,293,88.89%,41,11,75.62396006655574,TRUE
41012,395,621,99.00%,41,12,38.87795275590551,FALSE
41013,429,316,99.00%,41,13,57.58389261744966,TRUE
41014,245,1598,99.00%,41,14,13.293543136190994,FALSE
41015,223,356,99.00%,41,15,38.5146804835924,FALSE
41016,486,457,99.00%,41,16,51.537645811240715,TRUE
41017,716,252,99.00%,41,17,73.96694214876032,TRUE
41018,622,268,99.00%,41,18,69.88764044943821,TRUE
41019,785,362,99.00%,41,19,68.43940714908456,TRUE
41020,259,1073,99.00%,41,20,19.444444444444446,FALSE
41021,417,565,99.00%,41,21,42.4643584521385,FALSE
41022,355,510,99.00%,41,22,41.040462427745666,FALSE
41023,356,1320,83.33%,41,23,21.241050119331742,FALSE
41024,540,1066,83.33%,41,24,33.623910336239106,FALSE
41025,615,1042,83.33%,41,25,37.11526855763428,FALSE
41026,624,1078,99.00%,41,26,36.66274970622796,FALSE
41027,540,959,99.00%,41,27,36.02401601067378,FALSE
41028,357,988,99.00%,41,28,26.54275092936803,FALSE
41029,276,1124,99.00%,41,29,19.714285714285715,FALSE
41030,274,1398,99.00%,41,30,16.38755980861244,FALSE
41031,250,678,99.00%,41,31,26.939655172413797,FALSE
41032,694,689,99.00%,41,32,50.180766449746926,TRUE
41033,501,1481,99.00%,41,33,25.27749747729566,FALSE
41034,710,1779,99.00%,41,34,28.525512253917235,FALSE
41035,336,1462,99.00%,41,35,18.687430478309235,FALSE
41036,204,763,99.00%,41,36,21.09617373319545,FALSE
41037,349,719,99.00%,41,37,32.67790262172285,FALSE
41038,157,164,99.00%,41,38,48.90965732087228,FALSE
41039,361,337,99.00%,41,39,51.719197707736384,TRUE
41040,457,752,99.00%,41,40,37.799834574028125,FALSE
41041,385,1611,99.00%,41,41,19.288577154308616,FALSE
41042,506,672,99.00%,41,42,42.95415959252971,FALSE
41043,433,712,99.00%,41,43,37.81659388646288,FALSE
41044,379,553,99.00%,41,44,40.66523605150215,FALSE
41045,576,933,99.00%,41,45,38.17097415506958,FALSE
41046,310,658,99.00%,41,46,32.02479338842975,FALSE
41047,418,609,99.00%,41,47,40.70107108081792,FALSE
41048,490,858,99.00%,41,48,36.35014836795252,FALSE
41049,537,180,99.00%,41,49,74.89539748953975,TRUE
41050,421,230,99.00%,41,50,64.66973886328725,TRUE
41051,259,129,99.00%,41,51,66.75257731958763,TRUE
41052,729,1248,99.00%,41,52,36.874051593323216,FALSE
41053,314,228,99.00%,41,53,57.93357933579336,TRUE
41054,275,1105,99.00%,41,54,19.92753623188406,FALSE
41055,523,652,99.00%,41,55,44.51063829787234,FALSE
41056,569,803,99.00%,41,56,41.47230320699708,FALSE
41057,320,448,99.00%,41,57,41.66666666666667,FALSE
41058,598,948,99.00%,41,58,38.68046571798189,FALSE
41059,204,283,99.00%,41,59,41.889117043121146,FALSE
41060,328,415,99.00%,41,60,44.145356662180355,FALSE
41061,503,786,99.00%,41,61,39.02249806051202,FALSE
41062,147,519,99.00%,41,62,22.07207207207207,FALSE
41063,466,733,99.00%,41,63,38.86572143452877,FALSE
41064,523,805,99.00%,41,64,39.38253012048193,FALSE
41065,363,516,99.00%,41,65,41.29692832764505,FALSE
41066,340,427,99.00%,41,66,44.32855280312907,FALSE
41067,318,490,99.00%,41,67,39.35643564356436,FALSE
41068,208,149,99.00%,41,68,58.26330532212886,TRUE
41069,117,256,99.00%,41,69,31.36729222520107,FALSE
41070,0,0,99.00%,41,70,NA,FALSE
41071,0,0,99.00%,41,71,NA,FALSE
42001,70,44,99.00%,42,1,61.40350877192983,TRUE
42002,927,542,99.00%,42,2,63.10415248468346,TRUE
42003,1326,690,99.00%,42,3,65.77380952380952,TRUE
42004,1117,673,99.00%,42,4,62.40223463687151,TRUE
42005,1126,560,99.00%,42,5,66.78529062870699,TRUE
42006,1325,672,99.00%,42,6,66.34952428642964,TRUE
42007,1254,642,99.00%,42,7,66.13924050632912,TRUE
42008,627,246,99.00%,42,8,71.8213058419244,TRUE
42009,1042,488,99.00%,42,9,68.10457516339869,TRUE
42010,1088,434,99.00%,42,10,71.48488830486203,TRUE
42011,1166,648,99.00%,42,11,64.27783902976847,TRUE
42012,1112,506,99.00%,42,12,68.72682323856613,TRUE
42013,1215,569,99.00%,42,13,68.10538116591928,TRUE
42014,986,460,99.00%,42,14,68.1881051175657,TRUE
42015,1194,548,99.00%,42,15,68.5419058553387,TRUE
42016,954,421,99.00%,42,16,69.38181818181818,TRUE
42017,902,440,99.00%,42,17,67.21311475409836,TRUE
42018,773,356,99.00%,42,18,68.46767050487156,TRUE
42019,1103,668,99.00%,42,19,62.28119706380576,TRUE
42020,960,438,99.00%,42,20,68.6695278969957,TRUE
42021,980,451,99.00%,42,21,68.48357791754019,TRUE
42022,1240,536,99.00%,42,22,69.81981981981981,TRUE
42023,1119,579,99.00%,42,23,65.90106007067138,TRUE
42024,905,506,99.00%,42,24,64.13890857547838,TRUE
42025,800,482,99.00%,42,25,62.402496099843994,TRUE
42026,1104,611,99.00%,42,26,64.3731778425656,TRUE
42027,360,154,99.00%,42,27,70.03891050583657,TRUE
42028,1222,616,99.00%,42,28,66.48531011969531,TRUE
42029,865,469,99.00%,42,29,64.84257871064469,TRUE
42030,546,263,99.00%,42,30,67.49072929542646,TRUE
42031,765,253,99.00%,42,31,75.14734774066798,TRUE
42032,791,338,99.00%,42,32,70.06200177147919,TRUE
42033,782,334,99.00%,42,33,70.07168458781362,TRUE
42034,524,234,99.00%,42,34,69.12928759894459,TRUE
42035,713,340,99.00%,42,35,67.71130104463438,TRUE
42036,742,426,99.00%,42,36,63.52739726027398,TRUE
42037,742,366,99.00%,42,37,66.96750902527076,TRUE
42038,1028,434,99.00%,42,38,70.31463748290014,TRUE
42039,842,316,99.00%,42,39,72.71157167530224,TRUE
42040,872,178,99.00%,42,40,83.04761904761905,TRUE
42041,1189,824,99.00%,42,41,59.06607054148038,TRUE
42042,826,509,99.00%,42,42,61.87265917602996,TRUE
42043,821,340,99.00%,42,43,70.71490094745909,TRUE
42044,666,215,99.00%,42,44,75.59591373439274,TRUE
42045,668,338,99.00%,42,45,66.40159045725646,TRUE
42046,615,299,99.00%,42,46,67.28665207877462,TRUE
42047,1029,415,99.00%,42,47,71.26038781163435,TRUE
42048,683,393,99.00%,42,48,63.47583643122676,TRUE
42049,958,902,99.00%,42,49,51.50537634408602,TRUE
42050,971,356,99.00%,42,50,73.172569706104,TRUE
42051,599,304,99.00%,42,51,66.33444075304541,TRUE
42052,297,1184,99.00%,42,52,20.054017555705606,FALSE
42053,712,1008,99.00%,42,53,41.3953488372093,FALSE
42054,192,2016,99.00%,42,54,8.695652173913043,FALSE
42055,593,806,99.00%,42,55,42.38741958541816,FALSE
42056,414,816,99.00%,42,56,33.65853658536586,FALSE
42057,300,1962,99.00%,42,57,13.262599469496022,FALSE
42058,352,1810,99.00%,42,58,16.28122109158187,FALSE
42059,0,0,99.00%,42,59,NA,FALSE
43001,1312,680,99.00%,43,1,65.86345381526104,TRUE
43002,1238,714,99.00%,43,2,63.42213114754098,TRUE
43003,1111,716,99.00%,43,3,60.810071154898736,TRUE
43004,1026,634,99.00%,43,4,61.80722891566265,TRUE
43005,793,619,99.00%,43,5,56.16147308781869,TRUE
43006,974,485,99.00%,43,6,66.75805346127484,TRUE
43007,887,375,99.00%,43,7,70.2852614896989,TRUE
43008,813,570,99.00%,43,8,58.78524945770065,TRUE
43009,534,248,99.00%,43,9,68.28644501278772,TRUE
43010,1406,877,99.00%,43,10,61.5856329391152,TRUE
43011,994,685,99.00%,43,11,59.20190589636688,TRUE
43012,783,662,99.00%,43,12,54.186851211072664,TRUE
43013,1008,795,99.00%,43,13,55.906821963394336,TRUE
43014,720,573,99.00%,43,14,55.68445475638051,TRUE
43015,736,648,99.00%,43,15,53.179190751445084,TRUE
43016,921,554,99.00%,43,16,62.440677966101696,TRUE
43017,702,428,99.00%,43,17,62.123893805309734,TRUE
43018,1097,596,99.00%,43,18,64.79621972829297,TRUE
43019,1062,771,99.00%,43,19,57.93780687397708,TRUE
43020,622,1469,99.00%,43,20,29.746532759445245,FALSE
43021,399,1198,99.00%,43,21,24.98434564809017,FALSE
43022,626,1404,99.00%,43,22,30.83743842364532,FALSE
43023,852,524,99.00%,43,23,61.91860465116279,TRUE
43024,474,705,99.00%,43,24,40.20356234096692,FALSE
43025,543,618,99.00%,43,25,46.770025839793284,FALSE
43026,231,1003,99.00%,43,26,18.719611021069692,FALSE
43027,643,1198,99.00%,43,27,34.92667028788702,FALSE
43028,268,990,99.00%,43,28,21.303656597774246,FALSE
43029,801,808,99.00%,43,29,49.78247358607831,FALSE
43030,1071,1041,99.00%,43,30,50.71022727272727,TRUE
43031,615,395,33.33%,43,31,60.89108910891089,TRUE
43032,491,351,33.33%,43,32,58.313539192399055,TRUE
43033,1349,729,99.00%,43,33,64.91819056785371,TRUE
43034,931,820,99.00%,43,34,53.16961736150772,TRUE
43035,1096,779,99.00%,43,35,58.45333333333333,TRUE
43036,574,371,33.33%,43,36,60.74074074074074,TRUE
43037,748,530,33.33%,43,37,58.52895148669796,TRUE
43038,1212,799,99.00%,43,38,60.26852312282447,TRUE
43039,989,712,99.00%,43,39,58.14226925338036,TRUE
43040,963,666,99.00%,43,40,59.11602209944752,TRUE
43041,1100,679,99.00%,43,41,61.832490163012935,TRUE
43042,1070,682,99.00%,43,42,61.073059360730596,TRUE
43043,784,1104,71.43%,43,43,41.52542372881356,FALSE
43044,658,799,71.43%,43,44,45.16129032258064,FALSE
43045,763,762,99.00%,43,45,50.032786885245905,TRUE
43046,628,729,99.00%,43,46,46.27855563743552,FALSE
43047,635,527,99.00%,43,47,54.64716006884681,TRUE
43048,136,56,99.00%,43,48,70.83333333333334,TRUE
43049,572,307,99.00%,43,49,65.07394766780432,TRUE
43050,358,290,99.00%,43,50,55.24691358024691,TRUE
43051,532,385,99.00%,43,51,58.01526717557252,TRUE
43052,804,461,99.00%,43,52,63.55731225296443,TRUE
43053,1250,650,99.00%,43,53,65.78947368421053,TRUE
43054,1249,803,99.00%,43,54,60.86744639376218,TRUE
43055,933,587,99.00%,43,55,61.38157894736842,TRUE
43056,1364,657,99.00%,43,56,67.49134092033646,TRUE
43057,1465,734,99.00%,43,57,66.6211914506594,TRUE
43058,1251,649,99.00%,43,58,65.84210526315789,TRUE
43059,1336,672,99.00%,43,59,66.53386454183267,TRUE
43060,1138,594,99.00%,43,60,65.70438799076213,TRUE
43061,1115,534,99.00%,43,61,67.61673741661613,TRUE
43062,702,320,99.00%,43,62,68.68884540117418,TRUE
43063,979,400,99.00%,43,63,70.9934735315446,TRUE
43064,1292,606,99.00%,43,64,68.07165437302423,TRUE
43065,951,424,99.00%,43,65,69.16363636363636,TRUE
43066,1172,486,99.00%,43,66,70.68757539203861,TRUE
43067,1136,565,99.00%,43,67,66.78424456202234,TRUE
43068,346,177,99.00%,43,68,66.1567877629063,TRUE
44001,1477,631,88.89%,44,1,70.06641366223909,TRUE
44002,1210,862,99.00%,44,2,58.397683397683394,TRUE
44003,361,195,99.00%,44,3,64.92805755395683,TRUE
44004,1161,528,88.89%,44,4,68.73889875666075,TRUE
44005,535,194,90.00%,44,5,73.38820301783264,TRUE
44006,1157,635,88.89%,44,6,64.56473214285714,TRUE
44007,1668,813,90.00%,44,7,67.23095525997581,TRUE
44008,1377,698,90.00%,44,8,66.36144578313254,TRUE
44009,1355,583,88.89%,44,9,69.91744066047471,TRUE
44010,912,458,90.00%,44,10,66.56934306569343,TRUE
44011,2237,1181,99.00%,44,11,65.44763019309538,TRUE
44012,1213,504,99.00%,44,12,70.64647641234711,TRUE
44013,595,212,99.00%,44,13,73.72986369268897,TRUE
44014,1151,519,99.00%,44,14,68.92215568862275,TRUE
44015,888,397,99.00%,44,15,69.10505836575875,TRUE
44016,1139,569,99.00%,44,16,66.68618266978923,TRUE
44017,1924,991,91.67%,44,17,66.00343053173242,TRUE
44018,1419,777,91.67%,44,18,64.61748633879782,TRUE
44019,925,495,90.00%,44,19,65.14084507042254,TRUE
44020,698,405,90.00%,44,20,63.28195829555757,TRUE
44021,1183,734,90.00%,44,21,61.71100678142931,TRUE
44022,1166,662,90.00%,44,22,63.7855579868709,TRUE
44023,1649,899,88.89%,44,23,64.71742543171115,TRUE
44024,1416,774,88.89%,44,24,64.65753424657534,TRUE
44025,1681,936,88.89%,44,25,64.2338555598013,TRUE
44026,1348,753,99.00%,44,26,64.15992384578773,TRUE
44027,1560,908,99.00%,44,27,63.20907617504052,TRUE
44028,1541,900,99.00%,44,28,63.1298648095043,TRUE
44029,1742,948,99.00%,44,29,64.75836431226766,TRUE
44030,1604,779,99.00%,44,30,67.3101133025598,TRUE
44031,1786,996,99.00%,44,31,64.19841840402589,TRUE
44032,1667,1027,99.00%,44,32,61.87824795842614,TRUE
44033,1560,1152,99.00%,44,33,57.52212389380531,TRUE
44034,900,575,99.00%,44,34,61.016949152542374,TRUE
44035,1050,730,99.00%,44,35,58.98876404494382,TRUE
44036,1551,1358,99.00%,44,36,53.31729116534891,TRUE
44037,1572,1254,99.00%,44,37,55.62632696390658,TRUE
44038,1754,1056,99.00%,44,38,62.419928825622776,TRUE
44039,1358,999,99.00%,44,39,57.61561306745864,TRUE
44040,1037,768,99.00%,44,40,57.45152354570637,TRUE
44041,1186,860,99.00%,44,41,57.96676441837732,TRUE
44042,362,420,99.00%,44,42,46.29156010230179,FALSE
44043,952,739,99.00%,44,43,56.29804849201656,TRUE
44044,628,424,99.00%,44,44,59.6958174904943,TRUE
44045,1265,907,99.00%,44,45,58.24125230202578,TRUE
44046,1394,877,99.00%,44,46,61.38265081461911,TRUE
44047,675,357,99.00%,44,47,65.40697674418605,TRUE
44048,798,737,99.00%,44,48,51.98697068403909,TRUE
44049,279,526,99.00%,44,49,34.6583850931677,FALSE
44050,145,449,99.00%,44,50,24.410774410774412,FALSE
44051,166,663,99.00%,44,51,20.02412545235223,FALSE
44052,78,172,99.00%,44,52,31.2,FALSE
44053,723,849,99.00%,44,53,45.99236641221374,FALSE
44054,1380,727,99.00%,44,54,65.49596582819174,TRUE
44055,387,245,99.00%,44,55,61.23417721518988,TRUE
44056,1162,853,99.00%,44,56,57.66749379652606,TRUE
44057,746,786,99.00%,44,57,48.69451697127937,FALSE
44058,875,640,99.00%,44,58,57.755775577557756,TRUE
44059,1118,817,99.00%,44,59,57.77777777777777,TRUE
44060,444,241,90.00%,44,60,64.81751824817519,TRUE
44061,919,681,99.00%,44,61,57.4375,TRUE
44062,1157,872,99.00%,44,62,57.02316412025629,TRUE
44063,1187,685,99.00%,44,63,63.40811965811965,TRUE
44064,1235,834,99.00%,44,64,59.690671822136295,TRUE
44065,984,655,99.00%,44,65,60.0366076876144,TRUE
44066,1116,1284,99.00%,44,66,46.5,FALSE
44067,733,453,99.00%,44,67,61.804384485666105,TRUE
44068,676,400,99.00%,44,68,62.825278810408925,TRUE
44069,888,685,99.00%,44,69,56.45263827082009,TRUE
44070,647,348,99.00%,44,70,65.0251256281407,TRUE
44071,736,481,99.00%,44,71,60.476581758422356,TRUE
44072,940,588,99.00%,44,72,61.518324607329845,TRUE
44073,414,227,99.00%,44,73,64.58658346333853,TRUE
44074,1170,681,99.00%,44,74,63.20907617504052,TRUE
44075,665,246,99.00%,44,75,72.99670691547749,TRUE
44076,524,337,99.00%,44,76,60.85946573751452,TRUE
44077,281,186,99.00%,44,77,60.17130620985011,TRUE
44078,631,411,99.00%,44,78,60.55662188099809,TRUE
44079,1532,602,88.89%,44,79,71.7900656044986,TRUE
44080,798,516,99.00%,44,80,60.73059360730594,TRUE
44081,1161,515,99.00%,44,81,69.27207637231504,TRUE
44082,0,0,88.89%,44,82,NA,FALSE
44083,0,0,99.00%,44,83,NA,FALSE
44084,0,0,99.00%,44,84,NA,FALSE
45001,416,1216,99.00%,45,1,25.49019607843137,FALSE
45002,433,1535,99.00%,45,2,22.002032520325205,FALSE
45003,481,1455,99.00%,45,3,24.84504132231405,FALSE
45004,649,825,99.00%,45,4,44.02985074626866,FALSE
45005,525,908,99.00%,45,5,36.6364270760642,FALSE
45006,554,761,99.00%,45,6,42.129277566539926,FALSE
45007,295,1541,99.00%,45,7,16.067538126361654,FALSE
45008,186,1543,99.00%,45,8,10.757663389242337,FALSE
45009,335,1207,99.00%,45,9,21.72503242542153,FALSE
45010,210,1457,99.00%,45,10,12.59748050389922,FALSE
45011,163,1232,99.00%,45,11,11.684587813620071,FALSE
45012,71,176,99.00%,45,12,28.74493927125506,FALSE
45013,88,735,83.33%,45,13,10.69258809234508,FALSE
45014,179,1154,99.00%,45,14,13.42835708927232,FALSE
45015,185,1373,99.00%,45,15,11.874197689345314,FALSE
45016,325,2162,99.00%,45,16,13.067953357458787,FALSE
45017,248,1121,99.00%,45,17,18.115412710007305,FALSE
45018,46,138,99.00%,45,18,25,FALSE
45019,198,297,99.00%,45,19,40,FALSE
45020,385,1364,99.00%,45,20,22.0125786163522,FALSE
45021,172,209,99.00%,45,21,45.14435695538058,FALSE
45022,423,796,99.00%,45,22,34.7005742411813,FALSE
45023,383,271,99.00%,45,23,58.56269113149847,TRUE
45024,441,306,99.00%,45,24,59.036144578313255,TRUE
45025,132,825,99.00%,45,25,13.793103448275861,FALSE
45026,115,954,99.00%,45,26,10.757717492984098,FALSE
45027,428,664,99.00%,45,27,39.1941391941392,FALSE
45028,394,1347,99.00%,45,28,22.630672027570363,FALSE
45029,179,1091,99.00%,45,29,14.094488188976378,FALSE
45030,377,736,99.00%,45,30,33.872416891284814,FALSE
45031,451,485,99.00%,45,31,48.18376068376068,FALSE
45032,268,1106,99.00%,45,32,19.50509461426492,FALSE
45033,184,953,83.33%,45,33,16.182937554969218,FALSE
45034,378,980,99.00%,45,34,27.835051546391753,FALSE
45035,268,367,99.00%,45,35,42.204724409448815,FALSE
45036,433,991,99.00%,45,36,30.407303370786515,FALSE
45037,549,704,99.00%,45,37,43.81484437350359,FALSE
45038,228,613,99.00%,45,38,27.110582639714625,FALSE
45039,55,85,99.00%,45,39,39.285714285714285,FALSE
45040,455,754,99.00%,45,40,37.634408602150536,FALSE
45041,479,881,83.33%,45,41,35.22058823529412,FALSE
45042,430,451,99.00%,45,42,48.80817253121453,FALSE
45043,550,933,99.00%,45,43,37.0869858395145,FALSE
45044,574,1045,99.00%,45,44,35.453983940704134,FALSE
45045,440,976,99.00%,45,45,31.07344632768362,FALSE
45046,564,390,99.00%,45,46,59.11949685534591,TRUE
45047,571,669,99.00%,45,47,46.0483870967742,FALSE
45048,496,578,99.00%,45,48,46.18249534450652,FALSE
45049,355,968,99.00%,45,49,26.832955404383974,FALSE
45050,390,334,99.00%,45,50,53.86740331491713,TRUE
45051,422,733,99.00%,45,51,36.53679653679654,FALSE
45052,217,320,99.00%,45,52,40.4096834264432,FALSE
45053,230,250,99.00%,45,53,47.91666666666667,FALSE
45054,61,83,99.00%,45,54,42.36111111111111,FALSE
45055,3,3,99.00%,45,55,50,FALSE
45056,0,0,99.00%,45,56,NA,FALSE
46001,715,707,99.00%,46,1,50.28129395218003,TRUE
46002,708,673,99.00%,46,2,51.26719768283853,TRUE
46003,877,889,99.00%,46,3,49.660249150622874,FALSE
46004,731,919,99.00%,46,4,44.303030303030305,FALSE
46005,810,930,99.00%,46,5,46.55172413793103,FALSE
46006,713,1266,99.00%,46,6,36.028297119757454,FALSE
46007,906,1044,99.00%,46,7,46.46153846153846,FALSE
46008,748,765,99.00%,46,8,49.43820224719101,FALSE
46009,939,977,99.00%,46,9,49.00835073068894,FALSE
46010,954,859,99.00%,46,10,52.619966905681196,TRUE
46011,608,635,99.00%,46,11,48.91391794046661,FALSE
46012,1043,1505,99.00%,46,12,40.934065934065934,FALSE
46013,1046,1213,99.00%,46,13,46.30367419212041,FALSE
46014,1019,1071,99.00%,46,14,48.75598086124402,FALSE
46015,753,897,99.00%,46,15,45.63636363636363,FALSE
46016,955,799,99.00%,46,16,54.44697833523375,TRUE
46017,794,596,99.00%,46,17,57.122302158273385,TRUE
46018,770,724,99.00%,46,18,51.53949129852744,TRUE
46019,852,1286,99.00%,46,19,39.85032740879326,FALSE
46020,945,1291,99.00%,46,20,42.26296958855099,FALSE
46021,194,147,99.00%,46,21,56.89149560117303,TRUE
46022,705,842,99.00%,46,22,45.57207498383969,FALSE
46023,526,1074,99.00%,46,23,32.875,FALSE
46024,388,1103,99.00%,46,24,26.02280348759222,FALSE
46025,365,1028,99.00%,46,25,26.202440775305096,FALSE
46026,567,1186,99.00%,46,26,32.34455219623503,FALSE
46027,858,1017,99.00%,46,27,45.76,FALSE
46028,398,931,99.00%,46,28,29.947328818660644,FALSE
46029,127,154,99.00%,46,29,45.195729537366546,FALSE
46030,111,142,99.00%,46,30,43.873517786561266,FALSE
46031,324,286,99.00%,46,31,53.11475409836065,TRUE
46032,164,168,99.00%,46,32,49.39759036144578,FALSE
46033,83,102,99.00%,46,33,44.86486486486487,FALSE
46034,348,429,99.00%,46,34,44.78764478764479,FALSE
46035,187,341,99.00%,46,35,35.41666666666667,FALSE
46036,357,631,99.00%,46,36,36.1336032388664,FALSE
46037,0,0,99.00%,46,37,NA,FALSE
46038,474,559,99.00%,46,38,45.88576960309778,FALSE
46039,441,661,99.00%,46,39,40.01814882032668,FALSE
46040,452,991,99.00%,46,40,31.323631323631325,FALSE
46041,530,243,99.00%,46,41,68.5640362225097,TRUE
46042,399,157,99.00%,46,42,71.76258992805755,TRUE
46043,412,158,99.00%,46,43,72.28070175438597,TRUE
46044,359,202,99.00%,46,44,63.992869875222816,TRUE
46045,362,133,99.00%,46,45,73.13131313131314,TRUE
46046,400,222,99.00%,46,46,64.30868167202573,TRUE
46047,635,231,99.00%,46,47,73.3256351039261,TRUE
46048,447,206,99.00%,46,48,68.45329249617151,TRUE
46049,163,132,99.00%,46,49,55.254237288135585,TRUE
46050,505,164,99.00%,46,50,75.48579970104635,TRUE
46051,341,107,99.00%,46,51,76.11607142857143,TRUE
46052,385,192,99.00%,46,52,66.72443674176776,TRUE
46053,702,466,99.00%,46,53,60.1027397260274,TRUE
46054,218,490,99.00%,46,54,30.7909604519774,FALSE
46055,403,625,99.00%,46,55,39.202334630350194,FALSE
46056,501,963,99.00%,46,56,34.22131147540984,FALSE
46057,70,146,60.00%,46,57,32.407407407407405,FALSE
46058,296,518,99.00%,46,58,36.36363636363637,FALSE
46059,242,715,99.00%,46,59,25.287356321839084,FALSE
46060,218,503,99.00%,46,60,30.235783633841883,FALSE
46061,692,945,99.00%,46,61,42.27244960293219,FALSE
46062,245,352,80.00%,46,62,41.038525963149084,FALSE
46063,180,313,80.00%,46,63,36.511156186612574,FALSE
46064,233,506,99.00%,46,64,31.52909336941813,FALSE
46065,277,506,99.00%,46,65,35.37675606641124,FALSE
46066,306,561,99.00%,46,66,35.294117647058826,FALSE
46067,273,223,99.00%,46,67,55.04032258064516,TRUE
46068,457,362,99.00%,46,68,55.7997557997558,TRUE
46069,325,259,99.00%,46,69,55.650684931506845,TRUE
46070,460,384,99.00%,46,70,54.502369668246445,TRUE
46071,675,440,99.00%,46,71,60.53811659192825,TRUE
46072,0,0,99.00%,46,72,NA,FALSE
46073,288,537,99.00%,46,73,34.909090909090914,FALSE
46074,0,0,99.00%,46,74,NA,FALSE
46075,0,0,99.00%,46,75,NA,FALSE
46076,0,0,99.00%,46,76,NA,FALSE
46077,0,0,99.00%,46,77,NA,FALSE
46078,0,0,99.00%,46,78,NA,FALSE
47001,283,398,99.00%,47,1,41.55653450807636,FALSE
47002,707,875,99.00%,47,2,44.690265486725664,FALSE
47003,251,455,99.00%,47,3,35.552407932011334,FALSE
47004,424,509,99.00%,47,4,45.444801714898176,FALSE
47005,639,714,99.00%,47,5,47.22838137472284,FALSE
47006,241,227,99.00%,47,6,51.49572649572649,TRUE
47007,394,541,99.00%,47,7,42.13903743315508,FALSE
47008,306,237,99.00%,47,8,56.353591160220994,TRUE
47009,425,483,99.00%,47,9,46.80616740088105,FALSE
47010,515,245,99.00%,47,10,67.76315789473685,TRUE
47011,447,518,99.00%,47,11,46.32124352331606,FALSE
47012,686,617,99.00%,47,12,52.64773599386032,TRUE
47013,256,289,87.50%,47,13,46.972477064220186,FALSE
47014,493,617,87.50%,47,14,44.414414414414416,FALSE
47015,213,229,99.00%,47,15,48.19004524886878,FALSE
47016,276,337,99.00%,47,16,45.02446982055465,FALSE
47017,83,41,99.00%,47,17,66.93548387096774,TRUE
47018,132,156,99.00%,47,18,45.83333333333333,FALSE
47019,331,385,99.00%,47,19,46.229050279329606,FALSE
47020,574,628,99.00%,47,20,47.75374376039934,FALSE
47021,430,457,99.00%,47,21,48.47801578354002,FALSE
47022,315,482,99.00%,47,22,39.52321204516939,FALSE
47023,626,553,99.00%,47,23,53.09584393553859,TRUE
47024,403,373,99.00%,47,24,51.932989690721655,TRUE
47025,419,492,99.00%,47,25,45.99341383095499,FALSE
47026,442,589,85.71%,47,26,42.8709990300679,FALSE
47027,452,654,85.71%,47,27,40.86799276672694,FALSE
47028,129,265,85.71%,47,28,32.74111675126903,FALSE
47029,335,428,85.71%,47,29,43.90563564875492,FALSE
47030,321,398,99.00%,47,30,44.645340751043115,FALSE
47031,103,142,99.00%,47,31,42.04081632653061,FALSE
47032,300,426,99.00%,47,32,41.32231404958678,FALSE
47033,435,629,87.50%,47,33,40.883458646616546,FALSE
47034,577,487,87.50%,47,34,54.22932330827067,TRUE
47035,440,512,99.00%,47,35,46.21848739495798,FALSE
47036,389,550,99.00%,47,36,41.42705005324814,FALSE
47037,361,480,99.00%,47,37,42.92508917954816,FALSE
47038,421,429,99.00%,47,38,49.529411764705884,FALSE
47039,358,449,99.00%,47,39,44.36183395291202,FALSE
47040,125,139,99.00%,47,40,47.34848484848485,FALSE
47041,147,216,99.00%,47,41,40.49586776859504,FALSE
47042,423,161,99.00%,47,42,72.43150684931507,TRUE
47043,548,820,99.00%,47,43,40.058479532163744,FALSE
47044,580,819,99.00%,47,44,41.45818441744103,FALSE
47045,564,964,99.00%,47,45,36.910994764397905,FALSE
47046,416,563,99.00%,47,46,42.492339121552604,FALSE
47047,618,640,99.00%,47,47,49.12559618441971,FALSE
47048,113,162,99.00%,47,48,41.090909090909086,FALSE
47049,530,725,99.00%,47,49,42.23107569721115,FALSE
47050,570,998,99.00%,47,50,36.35204081632653,FALSE
47051,55,111,99.00%,47,51,33.13253012048193,FALSE
47052,232,326,99.00%,47,52,41.57706093189964,FALSE
47053,378,356,99.00%,47,53,51.49863760217984,TRUE
47054,378,554,99.00%,47,54,40.557939914163086,FALSE
47055,54,59,99.00%,47,55,47.78761061946903,FALSE
47056,49,76,99.00%,47,56,39.2,FALSE
47057,0,0,99.00%,47,57,NA,FALSE
48001,151,221,99.00%,48,1,40.59139784946236,FALSE
48002,376,856,99.00%,48,2,30.519480519480517,FALSE
48003,265,887,99.00%,48,3,23.00347222222222,FALSE
48004,448,1039,99.00%,48,4,30.12777404169469,FALSE
48005,279,514,99.00%,48,5,35.182849936948294,FALSE
48006,650,1326,99.00%,48,6,32.89473684210527,FALSE
48007,372,1436,99.00%,48,7,20.575221238938052,FALSE
48008,397,902,99.00%,48,8,30.56197074672825,FALSE
48009,378,881,99.00%,48,9,30.023828435266086,FALSE
48010,501,1180,99.00%,48,10,29.803688280785245,FALSE
48011,141,522,99.00%,48,11,21.266968325791854,FALSE
48012,179,748,99.00%,48,12,19.30960086299892,FALSE
48013,349,1082,99.00%,48,13,24.388539482879107,FALSE
48014,284,414,99.00%,48,14,40.68767908309456,FALSE
48015,654,1164,99.00%,48,15,35.973597359735976,FALSE
48016,490,985,99.00%,48,16,33.220338983050844,FALSE
48017,9,21,99.00%,48,17,30,FALSE
48018,201,342,99.00%,48,18,37.01657458563536,FALSE
48019,493,889,99.00%,48,19,35.67293777134587,FALSE
48020,381,810,99.00%,48,20,31.98992443324937,FALSE
48021,213,218,99.00%,48,21,49.419953596287705,FALSE
48022,45,273,99.00%,48,22,14.150943396226415,FALSE
48023,442,950,80.00%,48,23,31.752873563218394,FALSE
48024,606,597,99.00%,48,24,50.374064837905244,TRUE
48025,511,1218,99.00%,48,25,29.554655870445345,FALSE
48026,258,1649,99.00%,48,26,13.529103303618248,FALSE
48027,198,963,99.00%,48,27,17.05426356589147,FALSE
48028,314,868,99.00%,48,28,26.56514382402707,FALSE
48029,292,1189,99.00%,48,29,19.716407832545578,FALSE
48030,229,1252,99.00%,48,30,15.462525320729236,FALSE
48031,53,129,99.00%,48,31,29.120879120879124,FALSE
48032,117,1113,99.00%,48,32,9.512195121951219,FALSE
48033,345,1021,99.00%,48,33,25.25622254758419,FALSE
48034,175,698,99.00%,48,34,20.04581901489118,FALSE
48035,334,1171,99.00%,48,35,22.19269102990033,FALSE
48036,359,553,99.00%,48,36,39.364035087719294,FALSE
48037,268,713,99.00%,48,37,27.3190621814475,FALSE
48038,453,1656,99.00%,48,38,21.47937411095306,FALSE
48039,438,1170,99.00%,48,39,27.238805970149254,FALSE
48040,471,1484,99.00%,48,40,24.092071611253196,FALSE
48041,341,1354,99.00%,48,41,20.117994100294986,FALSE
48042,306,1269,99.00%,48,42,19.428571428571427,FALSE
48043,310,1039,99.00%,48,43,22.97998517420311,FALSE
48044,263,950,99.00%,48,44,21.681780708985983,FALSE
48045,347,886,99.00%,48,45,28.142741281427412,FALSE
48046,398,1032,99.00%,48,46,27.83216783216783,FALSE
48047,392,1133,99.00%,48,47,25.704918032786882,FALSE
48048,536,1390,99.00%,48,48,27.82969885773624,FALSE
48049,328,955,99.00%,48,49,25.565081839438815,FALSE
48050,248,696,99.00%,48,50,26.27118644067797,FALSE
48051,313,1082,99.00%,48,51,22.43727598566308,FALSE
48052,273,685,99.00%,48,52,28.49686847599165,FALSE
48053,0,0,99.00%,48,53,NA,FALSE
49001,353,348,99.00%,49,1,50.35663338088445,TRUE
49002,37,58,99.00%,49,2,38.94736842105263,FALSE
49003,33,63,99.00%,49,3,34.375,FALSE
49004,286,216,99.00%,49,4,56.97211155378486,TRUE
49005,185,168,99.00%,49,5,52.40793201133145,TRUE
49006,345,203,99.00%,49,6,62.95620437956204,TRUE
49007,264,279,99.00%,49,7,48.61878453038674,FALSE
49008,343,252,99.00%,49,8,57.647058823529406,TRUE
49009,308,269,99.00%,49,9,53.379549393414216,TRUE
49010,311,214,99.00%,49,10,59.238095238095234,TRUE
49011,299,278,99.00%,49,11,51.81975736568457,TRUE
49012,332,225,99.00%,49,12,59.60502692998204,TRUE
49013,53,38,99.00%,49,13,58.24175824175825,TRUE
49014,181,175,99.00%,49,14,50.84269662921348,TRUE
49015,367,329,99.00%,49,15,52.72988505747126,TRUE
49016,497,391,99.00%,49,16,55.968468468468465,TRUE
49017,637,624,99.00%,49,17,50.51546391752577,TRUE
49018,512,513,99.00%,49,18,49.951219512195124,FALSE
49019,391,319,99.00%,49,19,55.07042253521127,TRUE
49020,190,313,99.00%,49,20,37.77335984095427,FALSE
49021,284,375,99.00%,49,21,43.09559939301973,FALSE
49022,254,305,99.00%,49,22,45.43828264758497,FALSE
49023,139,135,50.00%,49,23,50.72992700729927,TRUE
49024,440,471,99.00%,49,24,48.298572996706916,FALSE
49025,163,174,50.00%,49,25,48.367952522255194,FALSE
49026,436,467,99.00%,49,26,48.28349944629014,FALSE
49027,454,573,99.00%,49,27,44.206426484907496,FALSE
49028,341,425,99.00%,49,28,44.516971279373365,FALSE
49029,318,307,99.00%,49,29,50.88,TRUE
49030,495,546,99.00%,49,30,47.55043227665706,FALSE
49031,469,542,99.00%,49,31,46.38971315529179,FALSE
49032,401,644,99.00%,49,32,38.37320574162679,FALSE
49033,527,731,99.00%,49,33,41.891891891891895,FALSE
49034,299,299,99.00%,49,34,50,FALSE
49035,490,791,99.00%,49,35,38.25136612021858,FALSE
49036,406,850,99.00%,49,36,32.324840764331206,FALSE
49037,510,841,99.00%,49,37,37.74981495188749,FALSE
49038,372,296,99.00%,49,38,55.688622754491014,TRUE
49039,659,753,99.00%,49,39,46.671388101983005,FALSE
49040,420,727,99.00%,49,40,36.61726242371404,FALSE
49041,706,1066,99.00%,49,41,39.841986455981946,FALSE
49042,393,473,99.00%,49,42,45.381062355658194,FALSE
49043,448,473,99.00%,49,43,48.642779587404995,FALSE
49044,181,174,99.00%,49,44,50.985915492957744,TRUE
49045,193,178,99.00%,49,45,52.02156334231805,TRUE
49046,15,0,99.00%,49,46,100,TRUE
49047,354,345,99.00%,49,47,50.64377682403433,TRUE
49048,75,165,99.00%,49,48,31.25,FALSE
49049,160,125,99.00%,49,49,56.14035087719298,TRUE
49050,103,127,50.00%,49,50,44.78260869565218,FALSE
49051,294,348,99.00%,49,51,45.794392523364486,FALSE
49052,161,170,99.00%,49,52,48.6404833836858,FALSE
49053,0,0,99.00%,49,53,NA,FALSE
49054,0,0,99.00%,49,54,NA,FALSE
49055,0,0,99.00%,49,55,NA,FALSE
50001,2034,976,87.50%,50,1,67.5747508305648,TRUE
50002,1440,853,87.50%,50,2,62.799825556040126,TRUE
50003,1494,897,87.50%,50,3,62.484316185696365,TRUE
50004,1222,752,87.50%,50,4,61.904761904761905,TRUE
50005,1221,734,87.50%,50,5,62.455242966751925,TRUE
50006,898,638,87.50%,50,6,58.463541666666664,TRUE
50007,1062,549,87.50%,50,7,65.92178770949721,TRUE
50008,1797,1065,99.00%,50,8,62.78825995807128,TRUE
50009,834,355,99.00%,50,9,70.14297729184187,TRUE
50010,689,409,99.00%,50,10,62.75045537340619,TRUE
50011,1036,633,99.00%,50,11,62.07309766327141,TRUE
50012,967,456,99.00%,50,12,67.9550245959241,TRUE
50013,1294,622,99.00%,50,13,67.5365344467641,TRUE
50014,1463,795,99.00%,50,14,64.79185119574845,TRUE
50015,1158,694,99.00%,50,15,62.52699784017278,TRUE
50016,1274,939,99.00%,50,16,57.56891098056936,TRUE
50017,1452,1082,99.00%,50,17,57.30071033938437,TRUE
50018,1108,905,99.00%,50,18,55.04222553402881,TRUE
50019,1321,1016,99.00%,50,19,56.52545999144202,TRUE
50020,1378,1037,99.00%,50,20,57.06004140786749,TRUE
50021,1334,870,99.00%,50,21,60.526315789473685,TRUE
50022,1568,732,99.00%,50,22,68.17391304347827,TRUE
50023,1544,639,99.00%,50,23,70.72835547411819,TRUE
50024,1069,471,99.00%,50,24,69.41558441558442,TRUE
50025,1138,576,99.00%,50,25,66.39439906651108,TRUE
50026,1759,864,99.00%,50,26,67.06061761341975,TRUE
50027,1332,562,99.00%,50,27,70.3273495248152,TRUE
50028,663,318,99.00%,50,28,67.58409785932722,TRUE
50029,1355,683,99.00%,50,29,66.48675171736997,TRUE
50030,1301,549,99.00%,50,30,70.32432432432432,TRUE
50031,1023,352,99.00%,50,31,74.4,TRUE
50032,764,464,99.00%,50,32,62.21498371335505,TRUE
50033,826,588,99.00%,50,33,58.415841584158414,TRUE
50034,894,567,99.00%,50,34,61.19096509240246,TRUE
50035,452,261,99.00%,50,35,63.394109396914445,TRUE
50036,278,110,99.00%,50,36,71.64948453608247,TRUE
50037,410,260,99.00%,50,37,61.19402985074627,TRUE
50038,465,237,99.00%,50,38,66.23931623931624,TRUE
50039,216,170,99.00%,50,39,55.95854922279793,TRUE
50040,418,263,99.00%,50,40,61.38032305433187,TRUE
50041,448,254,99.00%,50,41,63.817663817663814,TRUE
50042,262,292,99.00%,50,42,47.292418772563174,FALSE
50043,292,212,99.00%,50,43,57.936507936507944,TRUE
50044,465,442,99.00%,50,44,51.267916207276734,TRUE
50045,299,313,99.00%,50,45,48.8562091503268,FALSE
50046,364,351,99.00%,50,46,50.90909090909091,TRUE
50047,266,284,99.00%,50,47,48.36363636363637,FALSE
50048,281,258,99.00%,50,48,52.13358070500927,TRUE
50049,193,187,99.00%,50,49,50.78947368421053,TRUE
50050,994,375,99.00%,50,50,72.60774287801314,TRUE
50051,1025,507,99.00%,50,51,66.90600522193212,TRUE
50052,1329,664,99.00%,50,52,66.68339187155043,TRUE
50053,1449,538,99.00%,50,53,72.92400603925516,TRUE
50054,796,338,99.00%,50,54,70.19400352733686,TRUE
50055,452,166,99.00%,50,55,73.13915857605178,TRUE
50056,1723,859,99.00%,50,56,66.73121611154144,TRUE
50057,1843,998,99.00%,50,57,64.87152411122844,TRUE
50058,1569,846,99.00%,50,58,64.96894409937887,TRUE
50059,1613,914,99.00%,50,59,63.83062920459043,TRUE
50060,1291,788,99.00%,50,60,62.0971620971621,TRUE
50061,1712,842,99.00%,50,61,67.03210649960846,TRUE
50062,1268,730,99.00%,50,62,63.46346346346346,TRUE
50063,1225,700,99.00%,50,63,63.63636363636363,TRUE
50064,16,1,99.00%,50,64,94.11764705882352,TRUE
50065,767,344,99.00%,50,65,69.03690369036903,TRUE
50066,1268,561,99.00%,50,66,69.32750136686714,TRUE
50067,0,0,99.00%,50,67,NA,FALSE
50068,0,0,99.00%,50,68,NA,FALSE
51001,455,416,99.00%,51,1,52.23880597014925,TRUE
51002,474,349,99.00%,51,2,57.59416767922235,TRUE
51003,385,302,99.00%,51,3,56.04075691411936,TRUE
51004,328,371,99.00%,51,4,46.924177396280406,FALSE
51005,374,246,99.00%,51,5,60.322580645161295,TRUE
51006,645,365,99.00%,51,6,63.86138613861386,TRUE
51007,624,495,99.00%,51,7,55.76407506702413,TRUE
51008,649,474,99.00%,51,8,57.79162956366874,TRUE
51009,673,406,99.00%,51,9,62.3725671918443,TRUE
51010,375,309,99.00%,51,10,54.824561403508774,TRUE
51011,674,381,99.00%,51,11,63.88625592417062,TRUE
51012,421,286,99.00%,51,12,59.54738330975955,TRUE
51013,706,453,99.00%,51,13,60.91458153580673,TRUE
51014,698,391,99.00%,51,14,64.09550045913683,TRUE
51015,608,452,99.00%,51,15,57.35849056603774,TRUE
51016,673,534,99.00%,51,16,55.758077879038936,TRUE
51017,617,463,99.00%,51,17,57.12962962962963,TRUE
51018,1054,705,99.00%,51,18,59.92040932347925,TRUE
51019,835,533,99.00%,51,19,61.038011695906434,TRUE
51020,720,506,99.00%,51,20,58.727569331158236,TRUE
51021,1436,935,99.00%,51,21,60.56516237874314,TRUE
51022,1472,957,99.00%,51,22,60.601070399341296,TRUE
51023,939,594,99.00%,51,23,61.25244618395303,TRUE
51024,1358,837,99.00%,51,24,61.86788154897494,TRUE
51025,886,548,99.00%,51,25,61.785216178521615,TRUE
51026,1574,796,99.00%,51,26,66.41350210970464,TRUE
51027,403,235,99.00%,51,27,63.16614420062696,TRUE
51028,1949,1049,90.00%,51,28,65.01000667111407,TRUE
51029,1724,1265,99.00%,51,29,57.67815322850451,TRUE
51030,401,176,99.00%,51,30,69.49740034662045,TRUE
51031,186,163,99.00%,51,31,53.29512893982808,TRUE
51032,196,218,99.00%,51,32,47.34299516908212,FALSE
51033,968,716,99.00%,51,33,57.482185273159146,TRUE
51034,597,287,99.00%,51,34,67.53393665158372,TRUE
51035,495,234,99.00%,51,35,67.90123456790124,TRUE
51036,717,379,99.00%,51,36,65.41970802919708,TRUE
51037,376,147,99.00%,51,37,71.89292543021033,TRUE
51038,487,155,99.00%,51,38,75.85669781931465,TRUE
51039,159,100,99.00%,51,39,61.38996138996139,TRUE
51040,1213,744,99.00%,51,40,61.98262646908533,TRUE
51041,1100,624,99.00%,51,41,63.80510440835266,TRUE
51042,1563,842,99.00%,51,42,64.98960498960498,TRUE
51043,629,663,99.00%,51,43,48.68421052631579,FALSE
51044,1213,817,99.00%,51,44,59.75369458128079,TRUE
51045,821,577,99.00%,51,45,58.72675250357654,TRUE
51046,514,399,99.00%,51,46,56.29791894852135,TRUE
51047,690,424,99.00%,51,47,61.93895870736086,TRUE
51048,268,207,99.00%,51,48,56.42105263157895,TRUE
51049,355,161,99.00%,51,49,68.7984496124031,TRUE
51050,238,321,99.00%,51,50,42.57602862254025,FALSE
51051,262,376,99.00%,51,51,41.06583072100313,FALSE
51052,613,545,99.00%,51,52,52.936096718480144,TRUE
51053,414,584,99.00%,51,53,41.48296593186373,FALSE
51054,0,0,99.00%,51,54,NA,FALSE
52001,147,141,99.00%,52,1,51.041666666666664,TRUE
52002,1177,525,99.00%,52,2,69.1539365452409,TRUE
52003,245,123,99.00%,52,3,66.57608695652173,TRUE
52004,3,3,99.00%,52,4,50,FALSE
52005,1016,439,99.00%,52,5,69.82817869415807,TRUE
52006,1705,752,99.00%,52,6,69.3935693935694,TRUE
52007,1376,572,99.00%,52,7,70.63655030800821,TRUE
52008,1155,610,99.00%,52,8,65.43909348441926,TRUE
52009,1163,796,99.00%,52,9,59.36702399183257,TRUE
52010,1592,1002,99.00%,52,10,61.37239784117193,TRUE
52011,1596,701,99.00%,52,11,69.4819329560296,TRUE
52012,1375,700,99.00%,52,12,66.26506024096386,TRUE
52013,128,80,91.67%,52,13,61.53846153846154,TRUE
52014,1128,837,99.00%,52,14,57.404580152671755,TRUE
52015,1107,756,99.00%,52,15,59.42028985507246,TRUE
52016,1814,1050,99.00%,52,16,63.33798882681564,TRUE
52017,1610,866,99.00%,52,17,65.02423263327948,TRUE
52018,1455,925,99.00%,52,18,61.13445378151261,TRUE
52019,990,414,99.00%,52,19,70.51282051282051,TRUE
52020,1496,816,99.00%,52,20,64.70588235294117,TRUE
52021,1907,849,99.00%,52,21,69.1944847605225,TRUE
52022,1742,1013,99.00%,52,22,63.23049001814882,TRUE
52023,1492,698,99.00%,52,23,68.12785388127854,TRUE
52024,1600,869,99.00%,52,24,64.80356419603078,TRUE
52025,1758,919,99.00%,52,25,65.67052670900262,TRUE
52026,1437,598,99.00%,52,26,70.61425061425062,TRUE
52027,514,234,99.00%,52,27,68.71657754010695,TRUE
52028,1219,521,99.00%,52,28,70.05747126436782,TRUE
52029,1710,599,99.00%,52,29,74.05803378085751,TRUE
52030,1385,604,99.00%,52,30,69.63298139768727,TRUE
52031,960,724,99.00%,52,31,57.00712589073634,TRUE
52032,1285,711,99.00%,52,32,64.37875751503006,TRUE
52033,519,258,99.00%,52,33,66.79536679536679,TRUE
52034,1021,622,99.00%,52,34,62.14242239805235,TRUE
52035,911,591,99.00%,52,35,60.65246338215713,TRUE
52036,1608,723,99.00%,52,36,68.98326898326899,TRUE
52037,1206,586,99.00%,52,37,67.29910714285714,TRUE
52038,683,329,99.00%,52,38,67.4901185770751,TRUE
52039,1496,699,99.00%,52,39,68.15489749430525,TRUE
52040,1414,697,99.00%,52,40,66.9824727617243,TRUE
52041,1318,692,99.00%,52,41,65.57213930348259,TRUE
52042,1917,757,99.00%,52,42,71.69035153328348,TRUE
52043,1045,637,99.00%,52,43,62.12841854934602,TRUE
52044,1307,755,99.00%,52,44,63.38506304558681,TRUE
52045,1377,669,99.00%,52,45,67.30205278592375,TRUE
52046,1339,761,99.00%,52,46,63.761904761904766,TRUE
52047,1534,728,88.89%,52,47,67.81609195402298,TRUE
52048,1415,843,99.00%,52,48,62.66607617360496,TRUE
52049,1476,966,88.89%,52,49,60.44226044226044,TRUE
52050,1513,1103,88.89%,52,50,57.83639143730886,TRUE
52051,557,351,99.00%,52,51,61.34361233480177,TRUE
52052,1111,670,99.00%,52,52,62.38068500842223,TRUE
52053,928,427,99.00%,52,53,68.48708487084872,TRUE
52054,1319,741,99.00%,52,54,64.02912621359224,TRUE
52055,482,196,99.00%,52,55,71.09144542772862,TRUE
52056,372,171,99.00%,52,56,68.50828729281768,TRUE
52057,1142,538,99.00%,52,57,67.97619047619048,TRUE
52058,658,297,99.00%,52,58,68.90052356020942,TRUE
52059,932,379,99.00%,52,59,71.09077040427155,TRUE
52060,1420,585,99.00%,52,60,70.82294264339151,TRUE
52061,1598,872,88.89%,52,61,64.69635627530364,TRUE
52062,1510,716,90.00%,52,62,67.83468104222821,TRUE
52063,1433,858,88.89%,52,63,62.54910519423832,TRUE
52064,1221,581,91.67%,52,64,67.75804661487237,TRUE
52065,1502,710,91.67%,52,65,67.90235081374321,TRUE
52066,1545,774,91.67%,52,66,66.6235446313066,TRUE
52067,1415,759,91.67%,52,67,65.08739650413983,TRUE
52068,1534,775,90.91%,52,68,66.4356864443482,TRUE
52069,1837,833,90.91%,52,69,68.80149812734082,TRUE
52070,401,207,90.91%,52,70,65.95394736842105,TRUE
52071,1303,650,90.00%,52,71,66.7178699436764,TRUE
52072,769,331,90.00%,52,72,69.9090909090909,TRUE
52073,1524,789,90.00%,52,73,65.88845654993514,TRUE
52074,155,63,90.00%,52,74,71.10091743119266,TRUE
52075,1235,602,90.00%,52,75,67.22917800762113,TRUE
52076,1084,553,90.00%,52,76,66.21869273060477,TRUE
52077,1564,934,99.00%,52,77,62.61008807045636,TRUE
52078,513,371,99.00%,52,78,58.0316742081448,TRUE
52079,1576,756,90.91%,52,79,67.58147512864494,TRUE
52080,1677,907,90.91%,52,80,64.89938080495357,TRUE
52081,1811,842,90.91%,52,81,68.26234451564267,TRUE
52082,1717,934,90.91%,52,82,64.76801207091664,TRUE
52083,1787,969,90.91%,52,83,64.84034833091437,TRUE
52084,2048,1098,90.91%,52,84,65.09853782581055,TRUE
52085,1842,802,90.91%,52,85,69.66717095310136,TRUE
52086,991,622,90.00%,52,86,61.438313701177925,TRUE
52087,1,2,99.00%,52,87,33.33333333333333,FALSE
52088,970,713,99.00%,52,88,57.63517528223411,TRUE
52089,802,289,99.00%,52,89,73.51054078826765,TRUE
52090,5,8,99.00%,52,90,38.46153846153847,FALSE
52091,0,0,99.00%,52,91,NA,FALSE
52092,0,0,99.00%,52,92,NA,FALSE
52093,0,0,99.00%,52,93,NA,FALSE
52094,0,0,99.00%,52,94,NA,FALSE
52095,0,0,99.00%,52,95,NA,FALSE
52096,0,0,99.00%,52,96,NA,FALSE
52097,0,0,99.00%,52,97,NA,FALSE
52098,0,0,99.00%,52,98,NA,FALSE
53001,1085,707,99.00%,53,1,60.546875,TRUE
53002,1258,677,88.89%,53,2,65.01291989664082,TRUE
53003,891,588,99.00%,53,3,60.24340770791075,TRUE
53004,524,366,88.89%,53,4,58.876404494382015,TRUE
53005,789,441,99.00%,53,5,64.14634146341463,TRUE
53006,594,230,99.00%,53,6,72.0873786407767,TRUE
53007,559,351,99.00%,53,7,61.42857142857143,TRUE
53008,653,422,87.50%,53,8,60.74418604651163,TRUE
53009,968,563,99.00%,53,9,63.22664924885696,TRUE
53010,1140,699,99.00%,53,10,61.99021207177814,TRUE
53011,563,316,85.71%,53,11,64.0500568828214,TRUE
53012,564,451,85.71%,53,12,55.56650246305419,TRUE
53013,1339,791,99.00%,53,13,62.863849765258216,TRUE
53014,1159,847,99.00%,53,14,57.7766699900299,TRUE
53015,975,633,99.00%,53,15,60.634328358208954,TRUE
53016,1145,638,99.00%,53,16,64.21761076836792,TRUE
53017,968,564,87.50%,53,17,63.18537859007834,TRUE
53018,1304,744,88.89%,53,18,63.671875,TRUE
53019,1261,778,88.89%,53,19,61.84404119666503,TRUE
53020,1684,903,99.00%,53,20,65.09470429068419,TRUE
53021,1294,681,99.00%,53,21,65.51898734177215,TRUE
53022,1328,765,99.00%,53,22,63.4495938843765,TRUE
53023,1096,508,99.00%,53,23,68.3291770573566,TRUE
53024,1148,789,99.00%,53,24,59.266907589055236,TRUE
53025,1168,659,99.00%,53,25,63.92993979200876,TRUE
53026,1292,615,99.00%,53,26,67.75039328788674,TRUE
53027,1299,690,99.00%,53,27,65.30920060331825,TRUE
53028,1142,663,99.00%,53,28,63.26869806094183,TRUE
53029,1067,771,99.00%,53,29,58.05223068552775,TRUE
53030,728,526,99.00%,53,30,58.0542264752791,TRUE
53031,931,591,99.00%,53,31,61.16951379763469,TRUE
53032,901,418,99.00%,53,32,68.30932524639879,TRUE
53033,530,133,99.00%,53,33,79.93966817496229,TRUE
53034,356,93,99.00%,53,34,79.28730512249443,TRUE
53035,695,279,99.00%,53,35,71.35523613963038,TRUE
53036,1065,476,99.00%,53,36,69.1109669046074,TRUE
53037,727,497,99.00%,53,37,59.39542483660131,TRUE
53038,831,405,99.00%,53,38,67.23300970873787,TRUE
53039,825,412,99.00%,53,39,66.69361358124495,TRUE
53040,939,390,99.00%,53,40,70.6546275395034,TRUE
53041,1397,683,99.00%,53,41,67.16346153846153,TRUE
53042,476,147,99.00%,53,42,76.40449438202246,TRUE
53043,1438,656,99.00%,53,43,68.67239732569246,TRUE
53044,942,428,99.00%,53,44,68.75912408759123,TRUE
53045,779,401,99.00%,53,45,66.01694915254237,TRUE
53046,988,453,99.00%,53,46,68.56349757113117,TRUE
53047,1080,363,99.00%,53,47,74.84407484407485,TRUE
53048,990,375,99.00%,53,48,72.52747252747253,TRUE
53049,991,538,99.00%,53,49,64.81360366252453,TRUE
53050,1084,495,99.00%,53,50,68.65104496516783,TRUE
53051,811,283,99.00%,53,51,74.13162705667276,TRUE
53052,1021,406,99.00%,53,52,71.54870357393133,TRUE
53053,1380,644,99.00%,53,53,68.18181818181817,TRUE
53054,1240,491,99.00%,53,54,71.63489312536106,TRUE
53055,1113,434,99.00%,53,55,71.94570135746606,TRUE
53056,1236,549,99.00%,53,56,69.24369747899159,TRUE
53057,424,113,99.00%,53,57,78.95716945996276,TRUE
53058,782,452,99.00%,53,58,63.37115072933549,TRUE
53059,741,265,99.00%,53,59,73.65805168986084,TRUE
53060,1892,1003,99.00%,53,60,65.35405872193436,TRUE
53061,1581,870,99.00%,53,61,64.50428396572828,TRUE
53062,843,302,99.00%,53,62,73.62445414847161,TRUE
53063,539,320,88.89%,53,63,62.74738067520372,TRUE
54001,133,63,99.00%,54,1,67.85714285714286,TRUE
54002,564,142,99.00%,54,2,79.88668555240793,TRUE
54003,193,99,99.00%,54,3,66.0958904109589,TRUE
54004,737,217,99.00%,54,4,77.25366876310272,TRUE
54005,336,108,99.00%,54,5,75.67567567567568,TRUE
54006,283,123,99.00%,54,6,69.70443349753694,TRUE
54007,550,189,99.00%,54,7,74.42489851150202,TRUE
54008,364,151,99.00%,54,8,70.67961165048544,TRUE
54009,356,139,99.00%,54,9,71.91919191919192,TRUE
54010,413,171,99.00%,54,10,70.71917808219177,TRUE
54011,466,165,99.00%,54,11,73.85103011093503,TRUE
54012,395,195,99.00%,54,12,66.94915254237289,TRUE
54013,331,118,99.00%,54,13,73.71937639198218,TRUE
54014,406,144,99.00%,54,14,73.81818181818181,TRUE
54015,349,145,99.00%,54,15,70.64777327935222,TRUE
54016,197,116,99.00%,54,16,62.939297124600635,TRUE
54017,382,139,99.00%,54,17,73.32053742802303,TRUE
54018,569,245,99.00%,54,18,69.9017199017199,TRUE
54019,409,139,99.00%,54,19,74.63503649635037,TRUE
54020,242,122,99.00%,54,20,66.48351648351648,TRUE
54021,343,116,99.00%,54,21,74.7276688453159,TRUE
54022,397,141,99.00%,54,22,73.7918215613383,TRUE
54023,544,255,99.00%,54,23,68.08510638297872,TRUE
54024,448,171,99.00%,54,24,72.37479806138933,TRUE
54025,452,190,99.00%,54,25,70.40498442367601,TRUE
54026,297,183,99.00%,54,26,61.875,TRUE
54027,421,241,99.00%,54,27,63.59516616314199,TRUE
54028,385,231,99.00%,54,28,62.5,TRUE
54029,577,231,99.00%,54,29,71.4108910891089,TRUE
54030,473,219,99.00%,54,30,68.35260115606935,TRUE
54031,719,312,99.00%,54,31,69.73811833171678,TRUE
54032,432,238,99.00%,54,32,64.4776119402985,TRUE
54033,568,256,99.00%,54,33,68.93203883495146,TRUE
54034,537,200,99.00%,54,34,72.86295793758481,TRUE
54035,784,350,99.00%,54,35,69.1358024691358,TRUE
54036,833,350,99.00%,54,36,70.41420118343196,TRUE
54037,744,383,99.00%,54,37,66.01597160603372,TRUE
54038,1213,602,99.00%,54,38,66.83195592286502,TRUE
54039,1158,692,99.00%,54,39,62.5945945945946,TRUE
54040,1089,613,99.00%,54,40,63.98354876615746,TRUE
54041,984,623,99.00%,54,41,61.2321095208463,TRUE
54042,860,369,99.00%,54,42,69.97558991049634,TRUE
54043,1062,517,99.00%,54,43,67.25775807473084,TRUE
54044,999,546,99.00%,54,44,64.66019417475728,TRUE
54045,1084,576,99.00%,54,45,65.3012048192771,TRUE
54046,772,480,99.00%,54,46,61.66134185303515,TRUE
54047,956,612,99.00%,54,47,60.96938775510205,TRUE
54048,860,505,99.00%,54,48,63.003663003663,TRUE
54049,836,542,99.00%,54,49,60.66763425253991,TRUE
54050,931,516,99.00%,54,50,64.34001382170007,TRUE
54051,1047,461,99.00%,54,51,69.42970822281167,TRUE
54052,649,348,99.00%,54,52,65.09528585757272,TRUE
54053,734,404,99.00%,54,53,64.49912126537785,TRUE
54054,827,479,99.00%,54,54,63.32312404287902,TRUE
54055,570,453,99.00%,54,55,55.718475073313776,TRUE
54056,872,479,99.00%,54,56,64.54478164322724,TRUE
54057,841,493,99.00%,54,57,63.04347826086957,TRUE
54058,90,30,99.00%,54,58,75,TRUE
54059,0,0,99.00%,54,59,NA,FALSE
54060,109,50,99.00%,54,60,68.55345911949685,TRUE
54061,324,127,99.00%,54,61,71.84035476718404,TRUE
54062,143,55,99.00%,54,62,72.22222222222221,TRUE
54063,56,21,99.00%,54,63,72.72727272727273,TRUE
54064,120,39,99.00%,54,64,75.47169811320755,TRUE
54065,0,0,99.00%,54,65,NA,FALSE
55001,1130,641,99.00%,55,1,63.80575945793338,TRUE
55002,776,420,99.00%,55,2,64.88294314381271,TRUE
55003,699,330,99.00%,55,3,67.93002915451895,TRUE
55004,68,18,99.00%,55,4,79.06976744186046,TRUE
55005,826,554,99.00%,55,5,59.85507246376811,TRUE
55006,639,403,99.00%,55,6,61.324376199616125,TRUE
55007,846,588,99.00%,55,7,58.995815899581594,TRUE
55008,852,500,99.00%,55,8,63.01775147928994,TRUE
55009,913,449,99.00%,55,9,67.03377386196769,TRUE
55010,891,505,99.00%,55,10,63.825214899713465,TRUE
55011,554,349,99.00%,55,11,61.35105204872646,TRUE
55012,824,519,99.00%,55,12,61.35517498138496,TRUE
55013,736,401,99.00%,55,13,64.73175021987687,TRUE
55014,681,412,99.00%,55,14,62.30558096980787,TRUE
55015,815,506,99.00%,55,15,61.69568508705526,TRUE
55016,828,339,99.00%,55,16,70.95115681233933,TRUE
55017,134,71,99.00%,55,17,65.3658536585366,TRUE
55018,46,11,99.00%,55,18,80.7017543859649,TRUE
55019,530,325,99.00%,55,19,61.98830409356725,TRUE
55020,457,222,99.00%,55,20,67.30486008836525,TRUE
55021,67,31,99.00%,55,21,68.36734693877551,TRUE
55022,173,40,99.00%,55,22,81.2206572769953,TRUE
55023,487,169,99.00%,55,23,74.23780487804879,TRUE
55024,586,161,99.00%,55,24,78.44712182061579,TRUE
55025,606,142,99.00%,55,25,81.01604278074866,TRUE
55026,527,136,99.00%,55,26,79.48717948717949,TRUE
55027,449,114,99.00%,55,27,79.75133214920072,TRUE
55028,443,105,99.00%,55,28,80.83941605839416,TRUE
55029,110,63,50.00%,55,29,63.58381502890174,TRUE
55030,629,232,99.00%,55,30,73.05458768873403,TRUE
55031,33,9,99.00%,55,31,78.57142857142857,TRUE
55032,390,89,99.00%,55,32,81.41962421711901,TRUE
55033,843,255,99.00%,55,33,76.775956284153,TRUE
55034,300,54,99.00%,55,34,84.7457627118644,TRUE
55035,327,69,99.00%,55,35,82.57575757575758,TRUE
55036,781,215,99.00%,55,36,78.4136546184739,TRUE
55037,107,27,99.00%,55,37,79.8507462686567,TRUE
55038,193,50,50.00%,55,38,79.42386831275721,TRUE
55039,125,83,50.00%,55,39,60.09615384615385,TRUE
55040,407,127,99.00%,55,40,76.21722846441948,TRUE
55041,435,142,99.00%,55,41,75.3899480069324,TRUE
55042,498,111,99.00%,55,42,81.77339901477832,TRUE
55043,335,134,99.00%,55,43,71.42857142857143,TRUE
55044,591,237,99.00%,55,44,71.37681159420289,TRUE
55045,748,335,99.00%,55,45,69.06740535549399,TRUE
55046,370,109,99.00%,55,46,77.24425887265136,TRUE
55047,717,263,99.00%,55,47,73.16326530612245,TRUE
55048,810,322,99.00%,55,48,71.5547703180212,TRUE
55049,846,223,99.00%,55,49,79.13938260056128,TRUE
55050,626,213,99.00%,55,50,74.61263408820024,TRUE
55051,1009,459,99.00%,55,51,68.73297002724796,TRUE
55052,781,392,99.00%,55,52,66.58141517476555,TRUE
55053,794,504,99.00%,55,53,61.17103235747303,TRUE
55054,153,83,99.00%,55,54,64.83050847457628,TRUE
55055,619,121,99.00%,55,55,83.64864864864865,TRUE
55056,793,343,99.00%,55,56,69.80633802816901,TRUE
55057,855,292,99.00%,55,57,74.54228421970357,TRUE
55058,3,0,99.00%,55,58,100,TRUE
55059,763,255,99.00%,55,59,74.950884086444,TRUE
55060,653,281,99.00%,55,60,69.91434689507494,TRUE
55061,488,304,99.00%,55,61,61.61616161616161,TRUE
55062,465,166,99.00%,55,62,73.69255150554676,TRUE
55063,987,385,99.00%,55,63,71.93877551020408,TRUE
55064,781,324,99.00%,55,64,70.67873303167421,TRUE
55065,0,0,99.00%,55,65,NA,FALSE
55066,20,9,99.00%,55,66,68.96551724137932,TRUE
56001,591,172,99.00%,56,1,77.45740498034075,TRUE
56002,470,171,99.00%,56,2,73.32293291731669,TRUE
56003,538,395,99.00%,56,3,57.663451232583064,TRUE
56004,762,356,99.00%,56,4,68.15742397137747,TRUE
56005,549,215,99.00%,56,5,71.8586387434555,TRUE
56006,514,214,99.00%,56,6,70.6043956043956,TRUE
56007,444,226,99.00%,56,7,66.26865671641791,TRUE
56008,859,512,99.00%,56,8,62.654996353026995,TRUE
56009,1056,685,99.00%,56,9,60.65479609419874,TRUE
56010,816,504,90.00%,56,10,61.81818181818181,TRUE
56011,1059,747,99.00%,56,11,58.63787375415283,TRUE
56012,1308,813,71.43%,56,12,61.669024045261665,TRUE
56013,943,624,71.43%,56,13,60.17868538608807,TRUE
56014,973,669,99.00%,56,14,59.257003654080386,TRUE
56015,523,200,71.43%,56,15,72.3374827109267,TRUE
56016,830,432,99.00%,56,16,65.76862123613311,TRUE
56017,923,488,99.00%,56,17,65.41459957476967,TRUE
56018,85,51,99.00%,56,18,62.5,TRUE
56019,938,453,90.00%,56,19,67.43350107836089,TRUE
56020,1136,698,90.00%,56,20,61.94111232279171,TRUE
56021,1015,583,85.71%,56,21,63.51689612015019,TRUE
56022,727,493,99.00%,56,22,59.59016393442623,TRUE
56023,798,560,99.00%,56,23,58.76288659793815,TRUE
56024,1255,730,99.00%,56,24,63.22418136020151,TRUE
56025,1255,705,99.00%,56,25,64.03061224489795,TRUE
56026,928,382,85.71%,56,26,70.83969465648855,TRUE
56027,1158,767,85.71%,56,27,60.15584415584415,TRUE
56028,1041,561,99.00%,56,28,64.9812734082397,TRUE
56029,1371,904,99.00%,56,29,60.26373626373627,TRUE
56030,994,629,99.00%,56,30,61.244608749229826,TRUE
56031,931,476,85.71%,56,31,66.16915422885572,TRUE
56032,1312,681,80.00%,56,32,65.83040642247867,TRUE
56033,1019,570,80.00%,56,33,64.12838263058528,TRUE
56034,666,308,99.00%,56,34,68.37782340862422,TRUE
56035,1010,599,99.00%,56,35,62.77190801740211,TRUE
56036,1058,664,99.00%,56,36,61.440185830429726,TRUE
56037,1252,831,80.00%,56,37,60.105616898703794,TRUE
56038,1174,640,90.00%,56,38,64.71885336273428,TRUE
56039,758,504,99.00%,56,39,60.063391442155314,TRUE
56040,913,545,99.00%,56,40,62.62002743484225,TRUE
56041,1234,647,99.00%,56,41,65.60340244550771,TRUE
56042,975,696,99.00%,56,42,58.34829443447038,TRUE
56043,1016,671,99.00%,56,43,60.22525192649674,TRUE
56044,1133,742,90.00%,56,44,60.42666666666666,TRUE
56045,992,564,90.00%,56,45,63.75321336760925,TRUE
56046,1120,644,90.00%,56,46,63.49206349206349,TRUE
56047,1298,771,99.00%,56,47,62.73562107298212,TRUE
56048,1345,854,99.00%,56,48,61.16416552978626,TRUE
56049,1288,769,99.00%,56,49,62.61545940690326,TRUE
56050,1429,916,99.00%,56,50,60.938166311300634,TRUE
56051,371,124,99.00%,56,51,74.94949494949495,TRUE
56052,427,243,99.00%,56,52,63.731343283582085,TRUE
56053,1151,718,88.89%,56,53,61.58373461744249,TRUE
56054,659,327,88.89%,56,54,66.83569979716025,TRUE
56055,803,372,99.00%,56,55,68.34042553191489,TRUE
56056,1376,874,99.00%,56,56,61.15555555555555,TRUE
56057,174,133,99.00%,56,57,56.67752442996743,TRUE
56058,1398,960,99.00%,56,58,59.28753180661578,TRUE
56059,734,474,88.89%,56,59,60.76158940397352,TRUE
56060,670,348,99.00%,56,60,65.81532416502947,TRUE
56061,557,413,99.00%,56,61,57.42268041237113,TRUE
56062,901,435,99.00%,56,62,67.44011976047905,TRUE
56063,1082,734,99.00%,56,63,59.58149779735683,TRUE
56064,811,360,99.00%,56,64,69.25704526046115,TRUE
56065,401,223,99.00%,56,65,64.26282051282051,TRUE
56066,352,168,99.00%,56,66,67.6923076923077,TRUE
56067,393,131,99.00%,56,67,75,TRUE
56068,392,225,99.00%,56,68,63.533225283630465,TRUE
56069,1109,649,90.00%,56,69,63.08304891922639,TRUE
56070,178,94,99.00%,56,70,65.44117647058823,TRUE
57001,504,188,99.00%,57,1,72.83236994219652,TRUE
57002,535,220,99.00%,57,2,70.86092715231787,TRUE
57003,618,180,99.00%,57,3,77.44360902255639,TRUE
57004,619,198,99.00%,57,4,75.76499388004896,TRUE
57005,282,126,99.00%,57,5,69.11764705882352,TRUE
57006,432,118,99.00%,57,6,78.54545454545455,TRUE
57007,410,156,99.00%,57,7,72.43816254416961,TRUE
57008,1512,732,99.00%,57,8,67.37967914438502,TRUE
57009,1113,604,99.00%,57,9,64.82236458940011,TRUE
57010,1764,970,99.00%,57,10,64.52084857351865,TRUE
57011,1583,850,99.00%,57,11,65.06370735717222,TRUE
57012,297,200,99.00%,57,12,59.758551307847085,TRUE
57013,507,475,99.00%,57,13,51.62932790224033,TRUE
57014,502,287,99.00%,57,14,63.624841571609636,TRUE
57015,1243,632,99.00%,57,15,66.29333333333334,TRUE
57016,1460,713,99.00%,57,16,67.18821905200184,TRUE
57017,1829,695,99.00%,57,17,72.46434231378764,TRUE
57018,700,367,99.00%,57,18,65.60449859418932,TRUE
57019,1233,593,99.00%,57,19,67.52464403066813,TRUE
57020,1399,711,99.00%,57,20,66.30331753554502,TRUE
57021,1390,605,99.00%,57,21,69.67418546365914,TRUE
57022,1591,839,99.00%,57,22,65.47325102880659,TRUE
57023,1538,916,99.00%,57,23,62.67318663406682,TRUE
57024,753,527,99.00%,57,24,58.828125,TRUE
57025,725,515,99.00%,57,25,58.46774193548387,TRUE
57026,987,511,88.89%,57,26,65.88785046728972,TRUE
57027,1656,740,99.00%,57,27,69.1151919866444,TRUE
57028,1506,654,88.89%,57,28,69.72222222222221,TRUE
57029,1283,742,99.00%,57,29,63.358024691358025,TRUE
57030,1498,944,99.00%,57,30,61.34316134316135,TRUE
57031,780,359,99.00%,57,31,68.4811237928007,TRUE
57032,1200,712,90.00%,57,32,62.76150627615063,TRUE
57033,1376,847,90.00%,57,33,61.8983355825461,TRUE
57034,1416,798,80.00%,57,34,63.956639566395665,TRUE
57035,1306,725,85.71%,57,35,64.30329886755293,TRUE
57036,1609,803,90.00%,57,36,66.708126036484245,TRUE
57037,1495,941,90.00%,57,37,61.37110016420362,TRUE
57038,1075,617,88.89%,57,38,63.53427895981088,TRUE
57039,1030,395,90.00%,57,39,72.28070175438597,TRUE
57040,845,492,88.89%,57,40,63.20119670905011,TRUE
57041,877,422,87.50%,57,41,67.51347190146267,TRUE
57042,838,385,87.50%,57,42,68.52003270645952,TRUE
57043,1867,882,99.00%,57,43,67.91560567479084,TRUE
57044,1386,791,99.00%,57,44,63.665594855305464,TRUE
57045,1166,628,99.00%,57,45,64.99442586399108,TRUE
57046,1415,688,90.00%,57,46,67.28483119353305,TRUE
57047,1703,785,90.00%,57,47,68.44855305466237,TRUE
57048,1703,861,88.89%,57,48,66.41965678627145,TRUE
57049,1813,913,90.00%,57,49,66.50770359501101,TRUE
57050,1538,747,90.00%,57,50,67.30853391684902,TRUE
57051,1917,927,90.00%,57,51,67.40506329113924,TRUE
57052,1358,635,88.89%,57,52,68.13848469643753,TRUE
57053,903,523,88.89%,57,53,63.323983169705464,TRUE
57054,1061,750,88.89%,57,54,58.58641634456102,TRUE
57055,1369,734,87.50%,57,55,65.09747979077508,TRUE
57056,1393,773,99.00%,57,56,64.31209602954755,TRUE
57057,1346,715,99.00%,57,57,65.30810286268802,TRUE
57058,1172,608,87.50%,57,58,65.84269662921348,TRUE
57059,1224,547,99.00%,57,59,69.11349520045172,TRUE
57060,1901,915,99.00%,57,60,67.50710227272727,TRUE
57061,1546,839,99.00%,57,61,64.82180293501048,TRUE
57062,1005,562,99.00%,57,62,64.13529036375239,TRUE
57063,1184,831,99.00%,57,63,58.759305210918114,TRUE
57064,278,162,33.33%,57,64,63.18181818181819,TRUE
57065,313,140,33.33%,57,65,69.09492273730685,TRUE
57066,407,234,33.33%,57,66,63.494539781591264,TRUE
57067,113,73,88.89%,57,67,60.752688172043015,TRUE
57068,573,337,88.89%,57,68,62.967032967032964,TRUE
57069,227,104,99.00%,57,69,68.58006042296071,TRUE
57070,482,304,33.33%,57,70,61.32315521628499,TRUE
57071,448,397,99.00%,57,71,53.01775147928994,TRUE
57072,436,295,99.00%,57,72,59.64432284541724,TRUE
57073,1626,789,99.00%,57,73,67.32919254658385,TRUE
57074,1128,535,99.00%,57,74,67.82922429344558,TRUE
57075,48,32,99.00%,57,75,60,TRUE
57076,25,12,99.00%,57,76,67.56756756756756,TRUE
57077,0,0,88.89%,57,77,NA,FALSE
57078,0,0,99.00%,57,78,NA,FALSE
57079,0,0,99.00%,57,79,NA,FALSE
57080,0,0,99.00%,57,80,NA,FALSE
57081,0,0,99.00%,57,81,NA,FALSE
58001,494,250,99.00%,58,1,66.39784946236558,TRUE
58002,530,221,99.00%,58,2,70.57256990679095,TRUE
58003,886,414,99.00%,58,3,68.15384615384616,TRUE
58004,580,145,99.00%,58,4,80,TRUE
58005,558,247,99.00%,58,5,69.3167701863354,TRUE
58006,544,230,99.00%,58,6,70.28423772609818,TRUE
58007,716,214,99.00%,58,7,76.98924731182795,TRUE
58008,757,272,99.00%,58,8,73.56656948493682,TRUE
58009,745,195,99.00%,58,9,79.25531914893617,TRUE
58010,640,224,99.00%,58,10,74.07407407407408,TRUE
58011,926,459,99.00%,58,11,66.85920577617328,TRUE
58012,543,330,99.00%,58,12,62.19931271477663,TRUE
58013,864,355,99.00%,58,13,70.87776866283839,TRUE
58014,705,234,99.00%,58,14,75.07987220447284,TRUE
58015,849,271,99.00%,58,15,75.80357142857143,TRUE
58016,662,227,99.00%,58,16,74.46569178852643,TRUE
58017,798,207,99.00%,58,17,79.40298507462687,TRUE
58018,791,314,99.00%,58,18,71.58371040723982,TRUE
58019,589,162,99.00%,58,19,78.42876165113182,TRUE
58020,480,139,99.00%,58,20,77.54442649434571,TRUE
58021,618,181,99.00%,58,21,77.34668335419273,TRUE
58022,217,56,99.00%,58,22,79.48717948717949,TRUE
58023,609,217,99.00%,58,23,73.72881355932203,TRUE
58024,19,14,99.00%,58,24,57.57575757575758,TRUE
58025,625,248,99.00%,58,25,71.5922107674685,TRUE
58026,674,200,99.00%,58,26,77.11670480549199,TRUE
58027,744,234,99.00%,58,27,76.07361963190185,TRUE
58028,904,370,99.00%,58,28,70.95761381475667,TRUE
58029,727,233,99.00%,58,29,75.72916666666667,TRUE
58030,501,170,99.00%,58,30,74.66467958271237,TRUE
58031,572,240,99.00%,58,31,70.44334975369459,TRUE
58032,770,273,99.00%,58,32,73.8255033557047,TRUE
58033,722,256,99.00%,58,33,73.8241308793456,TRUE
58034,843,314,99.00%,58,34,72.8608470181504,TRUE
58035,1005,378,99.00%,58,35,72.66811279826464,TRUE
58036,650,248,99.00%,58,36,72.38307349665925,TRUE
58037,863,364,99.00%,58,37,70.33414832925835,TRUE
58038,649,228,99.00%,58,38,74.00228050171037,TRUE
58039,690,280,99.00%,58,39,71.1340206185567,TRUE
58040,854,416,99.00%,58,40,67.24409448818898,TRUE
58041,754,351,99.00%,58,41,68.23529411764706,TRUE
58042,798,346,99.00%,58,42,69.75524475524476,TRUE
58043,646,281,99.00%,58,43,69.68716289104638,TRUE
58044,808,352,99.00%,58,44,69.6551724137931,TRUE
58045,631,290,99.00%,58,45,68.51248642779588,TRUE
58046,363,122,99.00%,58,46,74.84536082474227,TRUE
58047,86,28,99.00%,58,47,75.43859649122807,TRUE
58048,396,164,99.00%,58,48,70.71428571428572,TRUE
58049,573,203,99.00%,58,49,73.84020618556701,TRUE
58050,570,218,99.00%,58,50,72.33502538071066,TRUE
58051,653,219,99.00%,58,51,74.88532110091744,TRUE
58052,830,207,99.00%,58,52,80.03857280617164,TRUE
58053,1049,455,99.00%,58,53,69.74734042553192,TRUE
58054,255,83,99.00%,58,54,75.44378698224851,TRUE
58055,504,183,99.00%,58,55,73.36244541484717,TRUE
58056,546,229,99.00%,58,56,70.45161290322581,TRUE
58057,836,389,99.00%,58,57,68.24489795918367,TRUE
58058,934,417,99.00%,58,58,69.1339748334567,TRUE
58059,940,408,99.00%,58,59,69.73293768545994,TRUE
58060,992,384,90.00%,58,60,72.09302325581395,TRUE
58061,621,243,99.00%,58,61,71.875,TRUE
58062,809,274,90.00%,58,62,74.69990766389658,TRUE
58063,753,284,90.00%,58,63,72.61330761812921,TRUE
58064,392,142,99.00%,58,64,73.40823970037454,TRUE
58065,0,0,99.00%,58,65,NA,FALSE
58066,0,0,99.00%,58,66,NA,FALSE
58067,0,0,99.00%,58,67,NA,FALSE
59001,419,134,99.00%,59,1,75.76853526220614,TRUE
59002,620,245,99.00%,59,2,71.67630057803468,TRUE
59003,896,359,99.00%,59,3,71.39442231075698,TRUE
59004,956,398,99.00%,59,4,70.60561299852289,TRUE
59005,891,361,99.00%,59,5,71.1661341853035,TRUE
59006,878,287,99.00%,59,6,75.36480686695279,TRUE
59007,934,336,99.00%,59,7,73.54330708661418,TRUE
59008,806,253,88.89%,59,8,76.109537299339,TRUE
59009,907,312,88.89%,59,9,74.40525020508613,TRUE
59010,815,325,90.00%,59,10,71.49122807017544,TRUE
59011,769,269,90.00%,59,11,74.08477842003853,TRUE
59012,730,269,88.89%,59,12,73.07307307307308,TRUE
59013,742,249,88.89%,59,13,74.87386478304742,TRUE
59014,535,185,88.89%,59,14,74.30555555555556,TRUE
59015,416,187,99.00%,59,15,68.98839137645108,TRUE
59016,761,247,99.00%,59,16,75.49603174603175,TRUE
59017,1067,314,99.00%,59,17,77.26285300506879,TRUE
59018,865,294,99.00%,59,18,74.63330457290768,TRUE
59019,826,337,99.00%,59,19,71.02321582115219,TRUE
59020,695,210,99.00%,59,20,76.79558011049724,TRUE
59021,877,250,99.00%,59,21,77.81721384205856,TRUE
59022,694,213,99.00%,59,22,76.51598676957,TRUE
59023,383,138,88.89%,59,23,73.51247600767753,TRUE
59024,454,99,99.00%,59,24,82.09764918625679,TRUE
59025,354,114,99.00%,59,25,75.64102564102564,TRUE
59026,557,198,88.89%,59,26,73.77483443708608,TRUE
59027,896,299,88.89%,59,27,74.97907949790795,TRUE
59028,569,200,88.89%,59,28,73.99219765929779,TRUE
59029,630,313,90.91%,59,29,66.80805938494167,TRUE
59030,709,364,90.91%,59,30,66.07642124883503,TRUE
59031,258,120,90.91%,59,31,68.25396825396825,TRUE
59032,656,298,88.89%,59,32,68.76310272536688,TRUE
59033,678,515,91.67%,59,33,56.83151718357083,TRUE
59034,642,283,90.91%,59,34,69.4054054054054,TRUE
59035,307,156,99.00%,59,35,66.30669546436285,TRUE
59036,795,395,90.91%,59,36,66.80672268907563,TRUE
59037,836,509,88.89%,59,37,62.15613382899628,TRUE
59038,670,474,90.91%,59,38,58.56643356643356,TRUE
59039,816,431,90.91%,59,39,65.43704891740177,TRUE
59040,73,319,91.67%,59,40,18.622448979591837,FALSE
59041,703,454,88.89%,59,41,60.76058772687987,TRUE
59042,396,645,83.33%,59,42,38.04034582132565,FALSE
59043,715,730,88.89%,59,43,49.48096885813148,FALSE
59044,244,591,83.33%,59,44,29.221556886227546,FALSE
59045,745,813,91.67%,59,45,47.81771501925546,FALSE
59046,633,1257,91.67%,59,46,33.49206349206349,FALSE
59047,212,1043,91.67%,59,47,16.89243027888446,FALSE
59048,359,1508,91.67%,59,48,19.228709159078736,FALSE
59049,343,1472,91.67%,59,49,18.898071625344354,FALSE
59050,348,1441,91.67%,59,50,19.452207937395194,FALSE
59051,225,790,99.00%,59,51,22.167487684729064,FALSE
59052,521,1167,99.00%,59,52,30.864928909952603,FALSE
59053,372,1148,99.00%,59,53,24.47368421052632,FALSE
59054,343,1074,99.00%,59,54,24.2060691601976,FALSE
59055,635,1570,99.00%,59,55,28.798185941043087,FALSE
59056,606,1713,99.00%,59,56,26.13195342820181,FALSE
59057,670,1323,99.00%,59,57,33.617661816357256,FALSE
59058,279,422,99.00%,59,58,39.80028530670471,FALSE
59059,230,973,99.00%,59,59,19.11886949293433,FALSE
59060,264,791,99.00%,59,60,25.023696682464454,FALSE
59061,12,7,99.00%,59,61,63.1578947368421,TRUE
59062,3,3,99.00%,59,62,50,FALSE
59063,430,137,99.00%,59,63,75.83774250440916,TRUE
59064,16,5,99.00%,59,64,76.19047619047619,TRUE
59065,400,966,99.00%,59,65,29.282576866764277,FALSE
59066,265,934,99.00%,59,66,22.101751459549625,FALSE
59067,0,0,99.00%,59,67,NA,FALSE
59068,0,0,99.00%,59,68,NA,FALSE
59069,0,0,88.89%,59,69,NA,FALSE
59070,0,0,99.00%,59,70,NA,FALSE
60001,500,209,99.00%,60,1,70.52186177715092,TRUE
60002,592,183,99.00%,60,2,76.38709677419355,TRUE
60003,576,165,99.00%,60,3,77.7327935222672,TRUE
60004,835,228,99.00%,60,4,78.55126999059266,TRUE
60005,324,107,99.00%,60,5,75.1740139211137,TRUE
60006,875,333,99.00%,60,6,72.43377483443709,TRUE
60007,1045,516,99.00%,60,7,66.944266495836,TRUE
60008,664,327,99.00%,60,8,67.00302724520685,TRUE
60009,878,439,99.00%,60,9,66.66666666666666,TRUE
60010,727,334,99.00%,60,10,68.52026390197926,TRUE
60011,279,200,99.00%,60,11,58.24634655532359,TRUE
60012,468,152,99.00%,60,12,75.48387096774194,TRUE
60013,507,183,99.00%,60,13,73.47826086956522,TRUE
60014,865,518,99.00%,60,14,62.54519161243673,TRUE
60015,804,198,99.00%,60,15,80.23952095808383,TRUE
60016,777,385,99.00%,60,16,66.86746987951807,TRUE
60017,834,419,99.00%,60,17,66.56025538707104,TRUE
60018,704,317,99.00%,60,18,68.95200783545543,TRUE
60019,770,332,99.00%,60,19,69.87295825771325,TRUE
60020,320,131,99.00%,60,20,70.95343680709534,TRUE
60021,890,427,99.00%,60,21,67.57782839787396,TRUE
60022,593,212,99.00%,60,22,73.66459627329192,TRUE
60023,634,232,99.00%,60,23,73.21016166281755,TRUE
60024,408,116,99.00%,60,24,77.86259541984732,TRUE
60025,694,309,99.00%,60,25,69.19242273180458,TRUE
60026,675,240,99.00%,60,26,73.77049180327869,TRUE
60027,315,156,99.00%,60,27,66.87898089171973,TRUE
60028,875,395,99.00%,60,28,68.89763779527559,TRUE
60029,701,211,99.00%,60,29,76.8640350877193,TRUE
60030,769,311,99.00%,60,30,71.2037037037037,TRUE
60031,645,251,99.00%,60,31,71.98660714285714,TRUE
60032,454,194,99.00%,60,32,70.06172839506173,TRUE
60033,378,115,99.00%,60,33,76.67342799188641,TRUE
60034,503,137,99.00%,60,34,78.59375,TRUE
60035,690,299,99.00%,60,35,69.76744186046511,TRUE
60036,498,229,99.00%,60,36,68.50068775790922,TRUE
60037,639,260,99.00%,60,37,71.0789766407119,TRUE
60038,621,222,99.00%,60,38,73.66548042704626,TRUE
60039,731,299,99.00%,60,39,70.97087378640776,TRUE
60040,518,219,99.00%,60,40,70.28493894165535,TRUE
60041,433,122,99.00%,60,41,78.01801801801803,TRUE
60042,777,261,99.00%,60,42,74.85549132947978,TRUE
60043,697,227,99.00%,60,43,75.43290043290042,TRUE
60044,575,260,99.00%,60,44,68.8622754491018,TRUE
60045,502,185,99.00%,60,45,73.07132459970887,TRUE
60046,757,287,99.00%,60,46,72.5095785440613,TRUE
60047,120,57,99.00%,60,47,67.79661016949152,TRUE
60048,255,68,99.00%,60,48,78.94736842105263,TRUE
60049,347,138,99.00%,60,49,71.54639175257732,TRUE
60050,317,133,99.00%,60,50,70.44444444444444,TRUE
60051,712,333,99.00%,60,51,68.13397129186602,TRUE
60052,693,205,99.00%,60,52,77.17149220489978,TRUE
60053,668,230,99.00%,60,53,74.38752783964365,TRUE
60054,740,207,99.00%,60,54,78.14149947201689,TRUE
60055,680,234,99.00%,60,55,74.39824945295405,TRUE
60056,401,172,99.00%,60,56,69.9825479930192,TRUE
60057,526,181,99.00%,60,57,74.398868458274407,TRUE
60058,623,185,99.00%,60,58,77.10396039603961,TRUE
60059,198,59,99.00%,60,59,77.04280155642024,TRUE
60060,46,7,99.00%,60,60,86.79245283018868,TRUE
60061,2,1,99.00%,60,61,66.66666666666666,TRUE
60062,714,284,99.00%,60,62,71.5430861723447,TRUE
60063,152,59,99.00%,60,63,72.03791469194313,TRUE
60064,0,0,99.00%,60,64,NA,FALSE
61001,734,397,99.00%,61,1,64.89832007073386,TRUE
61002,800,454,99.00%,61,2,63.79585326953748,TRUE
61003,601,176,99.00%,61,3,77.34877734877735,TRUE
61004,784,244,99.00%,61,4,76.26459143968872,TRUE
61005,696,738,99.00%,61,5,48.53556485355649,FALSE
61006,561,156,99.00%,61,6,78.24267782426779,TRUE
61007,658,340,99.00%,61,7,65.93186372745491,TRUE
61008,903,560,99.00%,61,8,61.72248803827751,TRUE
61009,766,577,99.00%,61,9,57.03648548026806,TRUE
61010,711,504,99.00%,61,10,58.51851851851851,TRUE
61011,986,1024,99.00%,61,11,49.0547263681592,FALSE
61012,1033,856,99.00%,61,12,54.68501852832186,TRUE
61013,1073,567,99.00%,61,13,65.42682926829269,TRUE
61014,651,335,99.00%,61,14,66.02434077079108,TRUE
61015,753,423,99.00%,61,15,64.03061224489795,TRUE
61016,498,308,99.00%,61,16,61.78660049627791,TRUE
61017,493,1082,99.00%,61,17,31.301587301587304,FALSE
61018,553,313,99.00%,61,18,63.85681293302541,TRUE
61019,632,551,99.00%,61,19,53.42349957734574,TRUE
61020,655,531,99.00%,61,20,55.22765598650927,TRUE
61021,768,1308,99.00%,61,21,36.99421965317919,FALSE
61022,898,926,99.00%,61,22,49.23245614035088,FALSE
61023,791,391,99.00%,61,23,66.92047377326566,TRUE
61024,648,172,99.00%,61,24,79.02439024390245,TRUE
61025,570,513,99.00%,61,25,52.63157894736842,TRUE
61026,500,1270,99.00%,61,26,28.24858757062147,FALSE
61027,377,789,87.50%,61,27,32.3327615780446,FALSE
61028,596,638,87.50%,61,28,48.29821717990275,FALSE
61029,809,599,87.50%,61,29,57.45738636363637,TRUE
61030,905,459,99.00%,61,30,66.34897360703812,TRUE
61031,793,848,99.00%,61,31,48.32419256550883,FALSE
61032,671,799,99.00%,61,32,45.64625850340136,FALSE
61033,708,528,99.00%,61,33,57.28155339805825,TRUE
61034,677,461,99.00%,61,34,59.49033391915641,TRUE
61035,793,533,99.00%,61,35,59.80392156862745,TRUE
61036,970,491,99.00%,61,36,66.39288158795345,TRUE
61037,973,529,99.00%,61,37,64.78029294274302,TRUE
61038,842,766,99.00%,61,38,52.363184079601986,TRUE
61039,938,739,99.00%,61,39,55.93321407274896,TRUE
61040,590,1656,99.00%,61,40,26.268922528940337,FALSE
61041,663,1631,99.00%,61,41,28.90148212728858,FALSE
61042,523,1672,99.00%,61,42,23.826879271070613,FALSE
61043,645,1399,99.00%,61,43,31.55577299412916,FALSE
61044,485,1180,99.00%,61,44,29.129129129129126,FALSE
61045,431,542,87.50%,61,45,44.29599177800617,FALSE
61046,348,825,99.00%,61,46,29.66751918158568,FALSE
61047,127,82,99.00%,61,47,60.76555023923444,TRUE
61048,328,323,99.00%,61,48,50.38402457757296,TRUE
61049,0,0,99.00%,61,49,NA,FALSE
61050,0,0,99.00%,61,50,NA,FALSE
61051,0,0,99.00%,61,51,NA,FALSE
61052,0,0,99.00%,61,52,NA,FALSE
61060,1036,616,99.00%,61,60,62.71186440677966,TRUE
61061,1363,974,99.00%,61,61,58.32263585793752,TRUE
61062,1149,922,99.00%,61,62,55.48044422984065,TRUE
61063,1452,1113,99.00%,61,63,56.60818713450292,TRUE
61064,824,555,99.00%,61,64,59.75344452501813,TRUE
61065,1432,880,99.00%,61,65,61.93771626297578,TRUE
61066,1261,941,99.00%,61,66,57.266121707538595,TRUE
61067,1319,837,99.00%,61,67,61.178107606679035,TRUE
61068,1462,1034,99.00%,61,68,58.57371794871795,TRUE
61069,0,0,99.00%,61,69,NA,FALSE
61070,0,0,99.00%,61,70,NA,FALSE
61071,0,0,99.00%,61,71,NA,FALSE
61072,0,0,99.00%,61,72,NA,FALSE
61073,0,0,99.00%,61,73,NA,FALSE
61074,0,0,99.00%,61,74,NA,FALSE
61100,0,6,99.00%,61,100,0,FALSE
61101,0,0,99.00%,61,101,NA,FALSE
61102,0,0,99.00%,61,102,NA,FALSE
61103,0,0,99.00%,61,103,NA,FALSE
61104,0,0,99.00%,61,104,NA,FALSE
61105,0,0,99.00%,61,105,NA,FALSE
61106,0,0,99.00%,61,106,NA,FALSE
61107,0,0,99.00%,61,107,NA,FALSE
61108,0,0,99.00%,61,108,NA,FALSE
61109,0,0,99.00%,61,109,NA,FALSE
61110,0,0,99.00%,61,110,NA,FALSE
61111,0,0,99.00%,61,111,NA,FALSE
61112,0,0,99.00%,61,112,NA,FALSE
61113,0,0,99.00%,61,113,NA,FALSE
61114,0,0,99.00%,61,114,NA,FALSE
62001,333,2070,99.00%,62,1,13.857677902621724,FALSE
62002,359,2250,99.00%,62,2,13.760061326178613,FALSE
62003,473,1863,99.00%,62,3,20.248287671232877,FALSE
62004,421,1731,99.00%,62,4,19.563197026022305,FALSE
62005,362,1941,99.00%,62,5,15.718627876682586,FALSE
62006,371,1720,99.00%,62,6,17.742706838833094,FALSE
62007,451,1923,99.00%,62,7,18.997472620050548,FALSE
62008,474,1749,99.00%,62,8,21.3225371120108,FALSE
62009,489,2034,99.00%,62,9,19.381688466111772,FALSE
62010,546,1769,99.00%,62,10,23.585313174946005,FALSE
62011,575,1498,99.00%,62,11,27.737578388808494,FALSE
62012,496,1776,99.00%,62,12,21.830985915492956,FALSE
62013,508,1898,99.00%,62,13,21.11388196176226,FALSE
62014,425,1899,99.00%,62,14,18.287435456110153,FALSE
62015,489,2002,99.00%,62,15,19.63067041348856,FALSE
62016,516,2020,99.00%,62,16,20.347003154574132,FALSE
62017,445,1772,99.00%,62,17,20.07216959855661,FALSE
62018,435,1970,99.00%,62,18,18.08731808731809,FALSE
62019,461,1969,99.00%,62,19,18.97119341563786,FALSE
62020,512,1908,99.00%,62,20,21.15702479338843,FALSE
62021,517,2038,99.00%,62,21,20.234833659491194,FALSE
62022,504,1710,91.67%,62,22,22.76422764227642,FALSE
62023,549,1728,91.67%,62,23,24.110671936758894,FALSE
62024,601,1622,99.00%,62,24,27.035537561853353,FALSE
62025,584,1606,91.67%,62,25,26.666666666666668,FALSE
62026,556,1583,91.67%,62,26,25.993454885460494,FALSE
62027,564,1808,99.00%,62,27,23.77740303541315,FALSE
62028,543,1517,99.00%,62,28,26.359223300970875,FALSE
62029,640,1759,99.00%,62,29,26.677782409337226,FALSE
62030,537,1348,99.00%,62,30,28.488063660477454,FALSE
62031,660,1769,99.00%,62,31,27.171675586661177,FALSE
62032,587,1519,99.00%,62,32,27.872744539411205,FALSE
62033,465,1554,99.00%,62,33,23.031203566121842,FALSE
62034,522,1765,99.00%,62,34,22.824661128115434,FALSE
62035,144,584,99.00%,62,35,19.78021978021978,FALSE
62036,465,1764,99.00%,62,36,20.861372812920592,FALSE
62037,452,1407,99.00%,62,37,24.314147391070467,FALSE
62038,528,1764,99.00%,62,38,23.036649214659686,FALSE
62039,362,1468,99.00%,62,39,19.78142076502732,FALSE
62040,385,1636,99.00%,62,40,19.04997525977239,FALSE
62041,429,1952,99.00%,62,41,18.017639647207055,FALSE
62042,442,1918,99.00%,62,42,18.728813559322035,FALSE
62043,490,1972,99.00%,62,43,19.90251827782291,FALSE
62044,626,920,99.00%,62,44,40.49159120310479,FALSE
62045,555,1497,99.00%,62,45,27.046783625730995,FALSE
62046,548,1796,91.67%,62,46,23.378839590443686,FALSE
62047,602,1185,99.00%,62,47,33.687744823726916,FALSE
62048,486,1659,91.67%,62,48,22.657342657342657,FALSE
62049,579,1556,99.00%,62,49,27.11943793911007,FALSE
62050,619,1555,99.00%,62,50,28.472861085556577,FALSE
62051,495,1593,99.00%,62,51,23.70689655172414,FALSE
62052,531,1437,99.00%,62,52,26.981707317073173,FALSE
62053,525,1565,99.00%,62,53,25.11961722488038,FALSE
62054,566,1393,99.00%,62,54,28.89229198570699,FALSE
62055,611,1427,99.00%,62,55,29.980372914622176,FALSE
62056,661,1201,99.00%,62,56,35.49946294307196,FALSE
62057,255,692,99.00%,62,57,26.927138331573392,FALSE
62058,266,754,99.00%,62,58,26.078431372549023,FALSE
62059,427,1946,99.00%,62,59,17.99410029498525,FALSE
62060,531,1854,99.00%,62,60,22.264150943396228,FALSE
62061,467,1319,99.00%,62,61,26.1478163493841,FALSE
62062,358,1743,99.00%,62,62,17.03950499762018,FALSE
62063,0,0,99.00%,62,63,NA,FALSE
62064,0,0,99.00%,62,64,NA,FALSE
62065,0,0,99.00%,62,65,NA,FALSE
63001,699,351,99.00%,63,1,66.57142857142857,TRUE
63002,632,478,99.00%,63,2,56.93693693693693,TRUE
63003,509,489,99.00%,63,3,51.00200400801603,TRUE
63004,682,800,99.00%,63,4,46.01889338731444,FALSE
63005,610,559,99.00%,63,5,52.18135158254918,TRUE
63006,729,1030,99.00%,63,6,41.44400227401933,FALSE
63007,426,808,99.00%,63,7,34.52188006482982,FALSE
63008,255,334,99.00%,63,8,43.2937181663837,FALSE
63009,175,250,99.00%,63,9,41.17647058823529,FALSE
63010,697,776,99.00%,63,10,47.3183978275628,FALSE
63011,525,922,99.00%,63,11,36.281962681409816,FALSE
63012,596,726,99.00%,63,12,45.08320726172466,FALSE
63013,368,500,99.00%,63,13,42.3963133640553,FALSE
63014,694,1318,99.00%,63,14,34.493041749502986,FALSE
63015,544,1135,99.00%,63,15,32.40023823704586,FALSE
63016,800,1254,99.00%,63,16,38.948393378773126,FALSE
63017,561,1746,99.00%,63,17,24.317295188556567,FALSE
63018,668,1761,99.00%,63,18,27.50102923013586,FALSE
63019,219,463,87.50%,63,19,32.111436950146626,FALSE
63020,383,744,99.00%,63,20,33.984028393966284,FALSE
63021,438,856,87.50%,63,21,33.84853168469861,FALSE
63022,327,120,99.00%,63,22,73.15436241610739,TRUE
63023,412,502,90.91%,63,23,45.076586433260395,FALSE
63024,905,952,99.00%,63,24,48.73451803984922,FALSE
63025,368,925,90.91%,63,25,28.46094354215004,FALSE
63026,464,1081,90.91%,63,26,30.032362459546924,FALSE
63027,486,1016,99.00%,63,27,32.35685752330226,FALSE
63028,735,1562,99.00%,63,28,31.99825859817153,FALSE
63029,616,1607,87.50%,63,29,27.710301394511923,FALSE
63030,543,1650,99.00%,63,30,24.76060191518468,FALSE
63031,634,1777,99.00%,63,31,26.296142679386147,FALSE
63032,634,1794,99.00%,63,32,26.112026359143325,FALSE
63033,395,960,99.00%,63,33,29.15129151291513,FALSE
63034,737,1006,99.00%,63,34,42.28341939185313,FALSE
63035,757,1351,99.00%,63,35,35.91081593927894,FALSE
63036,768,342,99.00%,63,36,69.1891891891892,TRUE
63037,795,368,99.00%,63,37,68.35769561478934,TRUE
63038,325,138,99.00%,63,38,70.19438444924407,TRUE
63039,665,392,99.00%,63,39,62.913907284768214,TRUE
63040,675,509,90.00%,63,40,57.01013513513513,TRUE
63041,982,579,90.00%,63,41,62.90839205637412,TRUE
63042,646,729,90.00%,63,42,46.98181818181818,FALSE
63043,747,688,90.00%,63,43,52.05574912891986,TRUE
63044,627,1047,99.00%,63,44,37.45519713261648,FALSE
63045,630,994,99.00%,63,45,38.793103448275865,FALSE
63046,613,906,99.00%,63,46,40.355497037524685,FALSE
63047,568,745,99.00%,63,47,43.25971058644326,FALSE
63048,540,742,99.00%,63,48,42.12168486739469,FALSE
63049,507,732,99.00%,63,49,40.92009685230024,FALSE
63050,22,74,99.00%,63,50,22.916666666666664,FALSE
63051,612,1313,99.00%,63,51,31.792207792207794,FALSE
63052,753,1355,99.00%,63,52,35.72106261859583,FALSE
63053,724,607,99.00%,63,53,54.395191585274226,TRUE
63054,580,1130,99.00%,63,54,33.91812865497076,FALSE
63055,459,1156,99.00%,63,55,28.421052631578945,FALSE
63056,693,1081,99.00%,63,56,39.06426155580609,FALSE
63057,582,961,99.00%,63,57,37.718729747245625,FALSE
63058,476,832,99.00%,63,58,36.391437308868504,FALSE
63059,536,1044,90.91%,63,59,33.92405063291139,FALSE
63060,473,1377,90.91%,63,60,25.56756756756757,FALSE
63061,657,1139,99.00%,63,61,36.58129175946548,FALSE
63062,445,798,99.00%,63,62,35.80048270313757,FALSE
63063,369,799,99.00%,63,63,31.59246575342466,FALSE
63064,390,861,99.00%,63,64,31.17505995203837,FALSE
63065,230,710,99.00%,63,65,24.46808510638298,FALSE
63066,370,577,90.91%,63,66,39.070749736008445,FALSE
63067,557,655,99.00%,63,67,45.95709570957096,FALSE
63068,381,712,99.00%,63,68,34.85818847209515,FALSE
63069,809,1570,99.00%,63,69,34.00588482555696,FALSE
63070,0,0,99.00%,63,70,NA,FALSE
63071,0,0,99.00%,63,71,NA,FALSE
63072,0,0,99.00%,63,72,NA,FALSE
63073,0,0,99.00%,63,73,NA,FALSE
63074,0,0,99.00%,63,74,NA,FALSE
63075,0,0,99.00%,63,75,NA,FALSE
63076,0,0,99.00%,63,76,NA,FALSE
64001,569,1623,99.00%,64,1,25.95802919708029,FALSE
64002,450,1837,99.00%,64,2,19.676432006996063,FALSE
64003,571,2119,99.00%,64,3,21.226765799256505,FALSE
64004,488,1357,99.00%,64,4,26.44986449864499,FALSE
64005,553,1926,99.00%,64,5,22.307382008874548,FALSE
64006,538,1740,99.00%,64,6,23.617208077260756,FALSE
64007,578,1523,99.00%,64,7,27.510709186101856,FALSE
64008,574,1607,99.00%,64,8,26.31820265933058,FALSE
64009,451,2015,99.00%,64,9,18.288726682887265,FALSE
64010,488,1407,99.00%,64,10,25.75197889182058,FALSE
64011,591,1296,99.00%,64,11,31.319554848966614,FALSE
64012,712,786,99.00%,64,12,47.53004005340454,FALSE
64013,593,1280,99.00%,64,13,31.66043780032034,FALSE
64014,592,1228,99.00%,64,14,32.527472527472526,FALSE
64015,569,1671,99.00%,64,15,25.40178571428571,FALSE
64016,612,1705,99.00%,64,16,26.413465688390158,FALSE
64017,680,1572,99.00%,64,17,30.19538188277087,FALSE
64018,637,1722,99.00%,64,18,27.002967359050444,FALSE
64019,302,733,99.00%,64,19,29.178743961352655,FALSE
64020,23,58,99.00%,64,20,28.39506172839506,FALSE
64021,677,1557,99.00%,64,21,30.304386750223816,FALSE
64022,563,1372,99.00%,64,22,29.09560723514212,FALSE
64023,598,887,99.00%,64,23,40.26936026936027,FALSE
64024,558,1637,99.00%,64,24,25.42141230068337,FALSE
64025,443,1145,99.00%,64,25,27.896725440806048,FALSE
64026,397,267,99.00%,64,26,59.78915662650602,TRUE
64027,547,994,99.00%,64,27,35.49643088903309,FALSE
64028,618,1021,99.00%,64,28,37.705918242831,FALSE
64029,668,1202,99.00%,64,29,35.721925133689844,FALSE
64030,285,544,99.00%,64,30,34.37876960193004,FALSE
64031,584,1041,99.00%,64,31,35.93846153846154,FALSE
64032,579,1147,99.00%,64,32,33.54577056778679,FALSE
64033,559,862,99.00%,64,33,39.33849401829698,FALSE
64034,578,1193,99.00%,64,34,32.6369282891022,FALSE
64035,434,893,99.00%,64,35,32.705350414468725,FALSE
64036,503,1126,99.00%,64,36,30.87783916513198,FALSE
64037,634,1471,99.00%,64,37,30.1187648456057,FALSE
64038,381,945,99.00%,64,38,28.733031674208142,FALSE
64039,546,1546,99.00%,64,39,26.099426386233272,FALSE
64040,480,399,99.00%,64,40,54.60750853242321,TRUE
64041,600,1003,99.00%,64,41,37.42981908920773,FALSE
64042,493,882,99.00%,64,42,35.85454545454546,FALSE
64043,604,1158,99.00%,64,43,34.27922814982974,FALSE
64044,602,926,99.00%,64,44,39.397905759162306,FALSE
64045,738,1133,99.00%,64,45,39.444147514698024,FALSE
64046,595,496,99.00%,64,46,54.53712190650779,TRUE
64047,376,642,99.00%,64,47,36.93516699410609,FALSE
64048,376,708,99.00%,64,48,34.686346863468636,FALSE
64049,486,927,99.00%,64,49,34.394904458598724,FALSE
64050,267,529,99.00%,64,50,33.54271356783919,FALSE
64051,93,98,99.00%,64,51,48.69109947643979,FALSE
64052,0,0,99.00%,64,52,NA,FALSE
64053,0,0,99.00%,64,53,NA,FALSE
64054,0,0,99.00%,64,54,NA,FALSE
64055,0,0,99.00%,64,55,NA,FALSE
64056,0,0,99.00%,64,56,NA,FALSE
64057,0,0,99.00%,64,57,NA,FALSE
64058,0,0,99.00%,64,58,NA,FALSE
64059,0,0,99.00%,64,59,NA,FALSE
64060,0,0,99.00%,64,60,NA,FALSE
64061,0,0,99.00%,64,61,NA,FALSE
64075,908,908,99.00%,64,75,50,FALSE
64076,291,334,99.00%,64,76,46.56,FALSE
64077,1023,737,99.00%,64,77,58.12500000000001,TRUE
64078,674,576,99.00%,64,78,53.92,TRUE
64079,622,682,99.00%,64,79,47.69938650306749,FALSE
64080,1011,881,99.00%,64,80,53.43551797040169,TRUE
64081,1164,1224,99.00%,64,81,48.743718592964825,FALSE
64082,977,1246,99.00%,64,82,43.94961763382816,FALSE
64083,984,1289,99.00%,64,83,43.29080510338759,FALSE
64084,554,1262,99.00%,64,84,30.506607929515418,FALSE
64085,460,760,99.00%,64,85,37.704918032786885,FALSE
64086,513,1094,99.00%,64,86,31.922837585563162,FALSE
64087,367,358,99.00%,64,87,50.62068965517241,TRUE
64088,0,0,99.00%,64,88,NA,FALSE
64089,0,0,99.00%,64,89,NA,FALSE
64090,0,0,99.00%,64,90,NA,FALSE
65001,1466,898,99.00%,65,1,62.01353637901861,TRUE
65002,1275,715,99.00%,65,2,64.07035175879398,TRUE
65003,1393,1077,99.00%,65,3,56.396761133603235,TRUE
65004,1286,798,99.00%,65,4,61.70825335892515,TRUE
65005,1155,655,99.00%,65,5,63.812154696132595,TRUE
65006,1208,632,99.00%,65,6,65.65217391304347,TRUE
65007,1073,1207,99.00%,65,7,47.06140350877193,FALSE
65008,721,899,99.00%,65,8,44.50617283950618,FALSE
65009,1452,828,99.00%,65,9,63.68421052631579,TRUE
65010,1135,628,99.00%,65,10,64.37889960294952,TRUE
65011,603,348,99.00%,65,11,63.40694006309149,TRUE
65012,381,171,99.00%,65,12,69.02173913043478,TRUE
65013,795,428,99.00%,65,13,65.00408830744072,TRUE
65014,374,226,99.00%,65,14,62.33333333333333,TRUE
65015,507,417,99.00%,65,15,54.87012987012987,TRUE
65016,348,398,99.00%,65,16,46.64879356568365,FALSE
65017,583,529,99.00%,65,17,52.42805755395683,TRUE
65018,551,318,99.00%,65,18,63.40621403912543,TRUE
65019,771,679,99.00%,65,19,53.172413793103445,TRUE
65020,573,500,99.00%,65,20,53.40167753960857,TRUE
65021,698,555,99.00%,65,21,55.70630486831604,TRUE
65022,529,312,99.00%,65,22,62.9013079667063,TRUE
65023,610,309,99.00%,65,23,66.37649619151252,TRUE
65024,325,226,99.00%,65,24,58.98366606170599,TRUE
65025,496,336,99.00%,65,25,59.61538461538461,TRUE
65026,807,694,99.00%,65,26,53.76415722851432,TRUE
65027,651,348,99.00%,65,27,65.16516516516516,TRUE
65028,1037,1045,99.00%,65,28,49.80787704130643,FALSE
65029,1292,1351,99.00%,65,29,48.88384411653424,FALSE
65030,496,314,99.00%,65,30,61.23456790123457,TRUE
65031,875,796,99.00%,65,31,52.36385397965291,TRUE
65032,884,729,99.00%,65,32,54.80471171729696,TRUE
65033,1336,880,99.00%,65,33,60.28880866425993,TRUE
65034,590,344,99.00%,65,34,63.16916488222698,TRUE
65035,1237,733,99.00%,65,35,62.79187817258883,TRUE
65036,489,369,99.00%,65,36,56.993006993006986,TRUE
65037,118,195,99.00%,65,37,37.69968051118211,FALSE
65038,333,248,99.00%,65,38,57.31497418244407,TRUE
65039,331,226,99.00%,65,39,59.42549371633752,TRUE
65040,1201,718,99.00%,65,40,62.58467952058364,TRUE
65041,1025,542,99.00%,65,41,65.41161455009572,TRUE
65042,704,488,99.00%,65,42,59.06040268456376,TRUE
65043,828,669,99.00%,65,43,55.31062124248497,TRUE
65044,929,687,99.00%,65,44,57.48762376237624,TRUE
65045,922,649,99.00%,65,45,58.688733290897524,TRUE
65046,978,1197,99.00%,65,46,44.96551724137931,FALSE
65047,534,294,99.00%,65,47,64.4927536231884,TRUE
65048,377,191,99.00%,65,48,66.37323943661971,TRUE
65049,1046,724,99.00%,65,49,59.09604519774011,TRUE
65050,846,554,99.00%,65,50,60.42857142857143,TRUE
65051,666,594,99.00%,65,51,52.85714285714286,TRUE
65052,780,575,99.00%,65,52,57.564575645756456,TRUE
65053,741,501,99.00%,65,53,59.66183574879227,TRUE
65054,671,445,99.00%,65,54,60.12544802867383,TRUE
65055,588,343,99.00%,65,55,63.1578947368421,TRUE
65056,454,345,99.00%,65,56,56.82102628285357,TRUE
65057,1580,1005,99.00%,65,57,61.12185686653772,TRUE
65058,1015,616,99.00%,65,58,62.231759656652365,TRUE
65059,1045,671,99.00%,65,59,60.89743589743589,TRUE
65060,1084,613,99.00%,65,60,63.877430760165,TRUE
65061,614,289,99.00%,65,61,67.99557032115172,TRUE
65062,606,363,99.00%,65,62,62.538699690402474,TRUE
65063,607,347,99.00%,65,63,63.62683438155137,TRUE
65064,1116,743,99.00%,65,64,60.0322754168908,TRUE
65065,423,208,99.00%,65,65,67.0364500792393,TRUE
65066,507,226,99.00%,65,66,69.16780354706685,TRUE
65067,470,480,99.00%,65,67,49.473684210526315,FALSE
65068,0,0,99.00%,65,68,NA,FALSE
65069,0,0,99.00%,65,69,NA,FALSE
65070,0,0,99.00%,65,70,NA,FALSE
65071,0,0,99.00%,65,71,NA,FALSE
66001,3,3,99.00%,66,1,50,FALSE
66002,1068,702,99.00%,66,2,60.33898305084746,TRUE
66003,879,661,99.00%,66,3,57.07792207792208,TRUE
66004,1434,1114,99.00%,66,4,56.27943485086342,TRUE
66005,919,726,99.00%,66,5,55.866261398176285,TRUE
66006,1161,1033,99.00%,66,6,52.91704649042844,TRUE
66007,1043,838,99.00%,66,7,55.44922913343966,TRUE
66008,1068,997,99.00%,66,8,51.719128329297824,TRUE
66009,832,1013,99.00%,66,9,45.09485094850948,FALSE
66010,991,899,99.00%,66,10,52.43386243386243,TRUE
66011,1063,925,99.00%,66,11,53.47082494969819,TRUE
66012,1419,1155,99.00%,66,12,55.12820512820513,TRUE
66013,788,540,99.00%,66,13,59.337349397590366,TRUE
66014,1164,837,99.00%,66,14,58.17091454272864,TRUE
66015,1239,960,99.00%,66,15,56.34379263301501,TRUE
66016,1370,1233,99.00%,66,16,52.63157894736842,TRUE
66017,852,768,99.00%,66,17,52.59259259259259,TRUE
66018,1080,770,99.00%,66,18,58.37837837837838,TRUE
66019,1275,1015,99.00%,66,19,55.67685589519651,TRUE
66020,920,861,99.00%,66,20,51.65637282425604,TRUE
66021,1159,1045,99.00%,66,21,52.58620689655172,TRUE
66022,80,108,99.00%,66,22,42.5531914893617,FALSE
66023,1215,1126,99.00%,66,23,51.90089705254165,TRUE
66024,1107,1062,99.00%,66,24,51.037344398340245,TRUE
66025,1447,1019,99.00%,66,25,58.678021086780205,TRUE
66026,1032,783,99.00%,66,26,56.85950413223141,TRUE
66027,762,547,99.00%,66,27,58.21237585943469,TRUE
66028,994,956,99.00%,66,28,50.97435897435898,TRUE
66029,923,724,99.00%,66,29,56.04128718882817,TRUE
66030,640,533,99.00%,66,30,54.5609548167093,TRUE
66031,1040,878,99.00%,66,31,54.223149113660064,TRUE
66032,1190,1046,99.00%,66,32,53.220035778175315,TRUE
66033,871,786,99.00%,66,33,52.56487628243814,TRUE
66034,913,638,99.00%,66,34,58.86524822695035,TRUE
66035,1219,872,99.00%,66,35,58.29746532759445,TRUE
66036,1373,1013,99.00%,66,36,57.54400670578374,TRUE
66037,1181,1154,99.00%,66,37,50.57815845824412,TRUE
66038,1190,1026,99.00%,66,38,53.70036101083032,TRUE
66039,339,306,99.00%,66,39,52.55813953488372,TRUE
66040,800,520,99.00%,66,40,60.60606060606061,TRUE
66041,1160,917,99.00%,66,41,55.84978334135773,TRUE
66042,1364,944,99.00%,66,42,59.09878682842288,TRUE
66043,1037,505,99.00%,66,43,67.25032425421531,TRUE
66044,1252,758,99.00%,66,44,62.28855721393035,TRUE
66045,1163,788,99.00%,66,45,59.610456176319836,TRUE
66046,609,406,99.00%,66,46,60,TRUE
66047,1134,887,99.00%,66,47,56.11083621969322,TRUE
66048,1195,889,99.00%,66,48,57.341650671785025,TRUE
66049,1431,994,99.00%,66,49,59.01030927835051,TRUE
66050,1259,935,99.00%,66,50,57.383773928897,TRUE
66051,1459,1059,99.00%,66,51,57.942811755361404,TRUE
66052,739,469,99.00%,66,52,61.175496688741724,TRUE
66053,823,658,99.00%,66,53,55.57056043214045,TRUE
66054,1156,691,99.00%,66,54,62.587980508933406,TRUE
66055,735,705,99.00%,66,55,51.041666666666664,TRUE
66056,1183,570,99.00%,66,56,67.48431260695949,TRUE
66057,1346,758,99.00%,66,57,63.973384030418245,TRUE
66058,1048,953,99.00%,66,58,52.37381309345327,TRUE
66059,631,705,99.00%,66,59,47.23053892215569,FALSE
66060,698,788,99.00%,66,60,46.97173620457604,FALSE
66061,691,845,99.00%,66,61,44.98697916666667,FALSE
66062,13,15,99.00%,66,62,46.42857142857143,FALSE
66063,1025,696,99.00%,66,63,59.55839628123184,TRUE
66064,1259,906,99.00%,66,64,58.15242494226328,TRUE
66065,725,829,99.00%,66,65,46.653796653796654,FALSE
66066,1596,1028,99.00%,66,66,60.82317073170732,TRUE
66067,1648,1035,99.00%,66,67,61.42377935147223,TRUE
66068,1380,1037,99.00%,66,68,57.09557302441043,TRUE
66069,1110,839,99.00%,66,69,56.952283222165214,TRUE
66070,1122,942,99.00%,66,70,54.360465116279066,TRUE
66071,1132,977,99.00%,66,71,53.67472735893789,TRUE
66072,644,372,99.00%,66,72,63.38582677165354,TRUE
66073,1297,978,99.00%,66,73,57.01098901098901,TRUE
66074,230,70,99.00%,66,74,76.66666666666667,TRUE
66075,0,0,99.00%,66,75,NA,FALSE
66076,0,0,99.00%,66,76,NA,FALSE
66077,0,0,99.00%,66,77,NA,FALSE
66078,0,0,99.00%,66,78,NA,FALSE
67001,1397,689,92.31%,67,1,66.97027804410355,TRUE
67002,831,460,92.31%,67,2,64.36870642912471,TRUE
67003,1360,759,90.91%,67,3,64.18121755545069,TRUE
67004,1286,817,90.91%,67,4,61.15073704232049,TRUE
67005,1532,866,90.91%,67,5,63.88657214345288,TRUE
67006,270,199,92.86%,67,6,57.56929637526652,TRUE
67007,1539,886,85.71%,67,7,63.4639175257732,TRUE
67008,1403,919,85.71%,67,8,60.42204995693368,TRUE
67009,1175,623,92.86%,67,9,65.3503893214683,TRUE
67010,1363,731,85.71%,67,10,65.09073543457498,TRUE
67011,1282,844,88.89%,67,11,60.30103480714958,TRUE
67012,1612,1035,88.89%,67,12,60.89913109180204,TRUE
67013,1436,859,88.89%,67,13,62.570806100217865,TRUE
67014,1100,627,88.89%,67,14,63.69426751592356,TRUE
67015,1110,789,88.89%,67,15,58.451816745655606,TRUE
67016,1565,999,90.00%,67,16,61.037441497659906,TRUE
67017,1440,848,90.00%,67,17,62.93706293706294,TRUE
67018,1525,839,90.00%,67,18,64.5093062605753,TRUE
67019,1597,999,99.00%,67,19,61.51771956856703,TRUE
67020,1656,886,99.00%,67,20,65.14555468135327,TRUE
67021,1343,966,99.00%,67,21,58.16370723256821,TRUE
67022,1387,774,99.00%,67,22,64.18324849606664,TRUE
67023,642,377,99.00%,67,23,63.00294406280668,TRUE
67024,1472,863,90.00%,67,24,63.0406852248394,TRUE
67025,1158,671,99.00%,67,25,63.31328594860579,TRUE
67026,1839,1191,99.00%,67,26,60.69306930693069,TRUE
67027,1013,654,99.00%,67,27,60.76784643071386,TRUE
67028,1054,674,99.00%,67,28,60.995370370370374,TRUE
67029,1009,622,99.00%,67,29,61.8638871857756,TRUE
67030,1583,1146,99.00%,67,30,58.00659582264566,TRUE
67031,868,562,99.00%,67,31,60.69930069930069,TRUE
67032,1280,857,99.00%,67,32,59.89705194197473,TRUE
67033,1110,674,99.00%,67,33,62.21973094170403,TRUE
67034,1474,969,90.00%,67,34,60.33565288579615,TRUE
67035,1261,808,99.00%,67,35,60.94731754470759,TRUE
67036,1668,977,88.89%,67,36,63.06238185255199,TRUE
67037,1801,1114,88.89%,67,37,61.78387650085764,TRUE
67038,1972,1277,99.00%,67,38,60.69559864573715,TRUE
67039,1754,1378,99.00%,67,39,56.00255427841635,TRUE
67040,1668,1211,99.00%,67,40,57.936783605418555,TRUE
67041,1572,984,99.00%,67,41,61.502347417840376,TRUE
67042,1505,1126,99.00%,67,42,57.2025845686051,TRUE
67043,875,563,99.00%,67,43,60.84840055632823,TRUE
67044,1535,1250,99.00%,67,44,55.11669658886894,TRUE
67045,899,563,99.00%,67,45,61.491108071135436,TRUE
67046,506,315,92.31%,67,46,61.63215590742996,TRUE
67047,1475,1013,99.00%,67,47,59.28456591639871,TRUE
67048,1356,694,99.00%,67,48,66.14634146341464,TRUE
67049,1193,609,99.00%,67,49,66.20421753607103,TRUE
67050,937,489,99.00%,67,50,65.70827489481066,TRUE
67051,558,263,99.00%,67,51,67.96589524969549,TRUE
67052,1408,846,99.00%,67,52,62.46672582076309,TRUE
67053,904,468,99.00%,67,53,65.88921282798835,TRUE
67054,1178,494,99.00%,67,54,70.45454545454545,TRUE
67055,827,357,99.00%,67,55,69.84797297297297,TRUE
67056,1440,733,99.00%,67,56,66.26783248964566,TRUE
67057,1708,1009,99.00%,67,57,62.86345233713655,TRUE
67058,882,474,88.89%,67,58,65.04424778761062,TRUE
67059,1579,791,99.00%,67,59,66.62447257383967,TRUE
67060,1536,806,88.89%,67,60,65.58497011101623,TRUE
67061,883,446,99.00%,67,61,66.44093303235515,TRUE
67062,1490,763,99.00%,67,62,66.13404349755882,TRUE
67063,1399,801,99.00%,67,63,63.590909090909086,TRUE
67064,1161,617,99.00%,67,64,65.29808773903262,TRUE
67065,1423,701,99.00%,67,65,66.99623352165726,TRUE
67066,686,276,99.00%,67,66,71.3097713097713,TRUE
67067,1191,600,88.89%,67,67,66.49916247906198,TRUE
67068,896,442,88.89%,67,68,66.96562032884903,TRUE
67069,0,0,99.00%,67,69,NA,FALSE
67070,0,0,99.00%,67,70,NA,FALSE
67071,0,0,99.00%,67,71,NA,FALSE
68001,694,298,99.00%,68,1,69.95967741935483,TRUE
68002,614,200,99.00%,68,2,75.42997542997543,TRUE
68003,339,113,99.00%,68,3,75,TRUE
68004,919,512,99.00%,68,4,64.22082459818309,TRUE
68005,788,413,99.00%,68,5,65.61199000832639,TRUE
68006,640,306,99.00%,68,6,67.65327695560254,TRUE
68007,421,90,99.00%,68,7,82.38747553816047,TRUE
68008,1525,871,99.00%,68,8,63.64774624373957,TRUE
68009,348,181,99.00%,68,9,65.78449905482042,TRUE
68010,440,175,99.00%,68,10,71.54471544715447,TRUE
68011,919,437,99.00%,68,11,67.77286135693215,TRUE
68012,744,422,75.00%,68,12,63.80789022298457,TRUE
68013,717,286,75.00%,68,13,71.48554336989032,TRUE
68014,524,291,99.00%,68,14,64.29447852760735,TRUE
68015,450,96,99.00%,68,15,82.41758241758241,TRUE
68016,452,168,99.00%,68,16,72.90322580645162,TRUE
68017,819,329,99.00%,68,17,71.34146341463415,TRUE
68018,648,201,99.00%,68,18,76.32508833922262,TRUE
68019,617,231,99.00%,68,19,72.75943396226415,TRUE
68020,625,266,99.00%,68,20,70.14590347923682,TRUE
68021,1041,446,99.00%,68,21,70.00672494956288,TRUE
68022,431,157,85.71%,68,22,73.29931972789116,TRUE
68023,537,144,99.00%,68,23,78.8546255506608,TRUE
68024,34,8,99.00%,68,24,80.95238095238095,TRUE
68025,580,332,85.71%,68,25,63.59649122807017,TRUE
68026,433,188,85.71%,68,26,69.72624798711755,TRUE
68027,374,141,99.00%,68,27,72.62135922330097,TRUE
68028,1189,617,99.00%,68,28,65.8361018826135,TRUE
68029,739,398,85.71%,68,29,64.99560246262092,TRUE
68030,356,141,99.00%,68,30,71.6297786720322,TRUE
68031,714,407,99.00%,68,31,63.69313113291704,TRUE
68032,991,574,99.00%,68,32,63.32268370607029,TRUE
68033,1007,577,99.00%,68,33,63.57323232323232,TRUE
68034,625,204,99.00%,68,34,75.39203860072377,TRUE
68035,833,363,99.00%,68,35,69.64882943143813,TRUE
68036,608,260,99.00%,68,36,70.04608294930875,TRUE
68037,1034,486,99.00%,68,37,68.02631578947368,TRUE
68038,1088,491,99.00%,68,38,68.90436985433819,TRUE
68039,384,109,75.00%,68,39,77.89046653144015,TRUE
68040,404,162,75.00%,68,40,71.37809187279152,TRUE
68041,619,264,99.00%,68,41,70.10192525481314,TRUE
68042,535,192,99.00%,68,42,73.59009628610728,TRUE
68043,972,640,99.00%,68,43,60.297766749379655,TRUE
68044,1140,563,99.00%,68,44,66.94069289489136,TRUE
68045,681,308,99.00%,68,45,68.85743174924166,TRUE
68046,918,381,99.00%,68,46,70.66974595842956,TRUE
68047,993,377,99.00%,68,47,72.48175182481752,TRUE
68048,989,444,99.00%,68,48,69.01605024424285,TRUE
68049,353,180,99.00%,68,49,66.22889305816135,TRUE
68050,329,138,99.00%,68,50,70.44967880085653,TRUE
68051,994,474,99.00%,68,51,67.71117166212534,TRUE
68052,1011,674,99.00%,68,52,60,TRUE
68053,764,449,99.00%,68,53,62.9843363561418,TRUE
68054,879,738,99.00%,68,54,54.35992578849722,TRUE
68055,1493,1039,99.00%,68,55,58.9652448657188,TRUE
68056,498,253,99.00%,68,56,66.3115845539281,TRUE
68057,614,287,99.00%,68,57,68.1465038845727,TRUE
68058,597,229,99.00%,68,58,72.27602905569007,TRUE
68059,476,183,99.00%,68,59,72.23065250379362,TRUE
68060,705,319,99.00%,68,60,68.84765625,TRUE
68061,369,114,99.00%,68,61,76.3975155279503,TRUE
68062,1431,680,99.00%,68,62,67.78777830412128,TRUE
68063,1264,564,99.00%,68,63,69.14660831509846,TRUE
68064,647,488,99.00%,68,64,57.004405286343605,TRUE
68065,1550,801,99.00%,68,65,65.92939174819226,TRUE
68066,1915,1208,99.00%,68,66,61.31924431636248,TRUE
68067,1089,571,99.00%,68,67,65.60240963855422,TRUE
68068,511,280,99.00%,68,68,64.60176991150442,TRUE
68069,599,192,99.00%,68,69,75.72692793931732,TRUE
68070,1149,813,99.00%,68,70,58.56269113149847,TRUE
68071,734,286,99.00%,68,71,71.96078431372548,TRUE
68072,213,80,99.00%,68,72,72.6962457337884,TRUE
68073,364,138,99.00%,68,73,72.50996015936255,TRUE
68074,761,298,99.00%,68,74,71.86024551463645,TRUE
68075,406,275,99.00%,68,75,59.61820851688693,TRUE
68076,15,26,99.00%,68,76,36.58536585365854,FALSE
68077,756,515,99.00%,68,77,59.48072383949646,TRUE
68078,0,0,99.00%,68,78,NA,FALSE
68079,0,0,99.00%,68,79,NA,FALSE
68080,0,0,99.00%,68,80,NA,FALSE
68081,0,0,99.00%,68,81,NA,FALSE
68082,0,0,99.00%,68,82,NA,FALSE
69001,369,89,99.00%,69,1,80.56768558951966,TRUE
69002,1048,472,99.00%,69,2,68.94736842105263,TRUE
69003,582,184,99.00%,69,3,75.97911227154047,TRUE
69004,424,90,99.00%,69,4,82.49027237354085,TRUE
69005,1250,548,99.00%,69,5,69.52169076751946,TRUE
69006,1660,1113,99.00%,69,6,59.86296429859358,TRUE
69007,1503,760,99.00%,69,7,66.41626159964649,TRUE
69008,546,251,50.00%,69,8,68.50690087829359,TRUE
69009,1531,507,99.00%,69,9,75.12266928361139,TRUE
69010,338,146,50.00%,69,10,69.83471074380165,TRUE
69011,1574,770,99.00%,69,11,67.15017064846417,TRUE
69012,1779,1074,99.00%,69,12,62.35541535226078,TRUE
69013,1164,752,99.00%,69,13,60.75156576200418,TRUE
69014,1639,708,99.00%,69,14,69.83383042181508,TRUE
69015,1242,477,99.00%,69,15,72.25130890052355,TRUE
69016,579,364,92.86%,69,16,61.39978791092259,TRUE
69017,823,426,99.00%,69,17,65.89271417133708,TRUE
69018,1463,710,99.00%,69,18,67.32627703635526,TRUE
69019,778,357,99.00%,69,19,68.54625550660793,TRUE
69020,1226,584,99.00%,69,20,67.73480662983425,TRUE
69021,820,305,99.00%,69,21,72.88888888888889,TRUE
69022,1441,659,99.00%,69,22,68.61904761904762,TRUE
69023,1286,622,99.00%,69,23,67.40041928721175,TRUE
69024,663,159,99.00%,69,24,80.65693430656934,TRUE
69025,901,380,99.00%,69,25,70.33567525370805,TRUE
69026,433,126,99.00%,69,26,77.4597495527728,TRUE
69027,1086,570,99.00%,69,27,65.57971014492753,TRUE
69028,1010,545,99.00%,69,28,64.95176848874597,TRUE
69029,1710,907,99.00%,69,29,65.341994650363,TRUE
69030,1631,881,99.00%,69,30,64.92834394904459,TRUE
69031,827,409,99.00%,69,31,66.9093851132686,TRUE
69032,484,257,99.00%,69,32,65.31713900134952,TRUE
69033,1472,914,99.00%,69,33,61.69321039396479,TRUE
69034,1102,724,99.00%,69,34,60.35049288061336,TRUE
69035,937,749,99.00%,69,35,55.575326215895615,TRUE
69036,1255,770,99.00%,69,36,61.97530864197531,TRUE
69037,1327,809,99.00%,69,37,62.12546816479401,TRUE
69038,1130,1024,99.00%,69,38,52.460538532961934,TRUE
69039,1508,964,99.00%,69,39,61.003236245954696,TRUE
69040,969,579,99.00%,69,40,62.5968992248062,TRUE
69041,1640,991,99.00%,69,41,62.33371341695173,TRUE
69042,1796,886,99.00%,69,42,66.96495152870992,TRUE
69043,1560,973,99.00%,69,43,61.58705092775365,TRUE
69044,892,453,99.00%,69,44,66.31970260223048,TRUE
69045,1831,1168,99.00%,69,45,61.053684561520505,TRUE
69046,1388,880,99.00%,69,46,61.19929453262787,TRUE
69047,1129,821,99.00%,69,47,57.8974358974359,TRUE
69048,1613,911,99.00%,69,48,63.90649762282092,TRUE
69049,983,569,92.31%,69,49,63.337628865979376,TRUE
69050,1667,949,99.00%,69,50,63.723241590214066,TRUE
69051,1315,667,99.00%,69,51,66.34712411705348,TRUE
69052,1514,1048,99.00%,69,52,59.094457455113194,TRUE
69053,1125,649,99.00%,69,53,63.41600901916573,TRUE
69054,1287,727,92.86%,69,54,63.90268123138034,TRUE
69055,669,383,92.86%,69,55,63.59315589353612,TRUE
69056,1163,728,99.00%,69,56,61.50185087255421,TRUE
69057,794,411,92.31%,69,57,65.89211618257261,TRUE
69058,1449,878,92.31%,69,58,62.269015900300815,TRUE
69059,1120,732,92.31%,69,59,60.475161987041034,TRUE
69060,1425,669,92.31%,69,60,68.0515759312321,TRUE
69061,934,465,92.31%,69,61,66.76197283774124,TRUE
69062,850,455,83.33%,69,62,65.13409961685824,TRUE
69063,649,419,92.31%,69,63,60.767790262172284,TRUE
69064,604,221,92.31%,69,64,73.21212121212122,TRUE
69065,923,536,90.91%,69,65,63.262508567512,TRUE
69066,1537,760,90.91%,69,66,66.91336525903353,TRUE
69067,871,486,90.91%,69,67,64.18570375829034,TRUE
69068,1153,578,92.86%,69,68,66.60889659156557,TRUE
69069,952,664,92.86%,69,69,58.91089108910891,TRUE
69070,872,605,92.86%,69,70,59.038591740013544,TRUE
69071,1331,800,92.86%,69,71,62.45893946503989,TRUE
69072,930,562,92.86%,69,72,62.33243967828418,TRUE
69073,1496,845,92.86%,69,73,63.90431439555745,TRUE
69074,876,476,92.86%,69,74,64.79289940828401,TRUE
69075,981,478,92.86%,69,75,67.23783413296779,TRUE
69076,921,439,92.86%,69,76,67.72058823529412,TRUE
69077,0,0,99.00%,69,77,NA,FALSE
69078,0,0,99.00%,69,78,NA,FALSE
69079,0,0,92.86%,69,79,NA,FALSE
69080,0,0,99.00%,69,80,NA,FALSE
69081,0,0,99.00%,69,81,NA,FALSE
69082,0,0,99.00%,69,82,NA,FALSE
69083,0,0,99.00%,69,83,NA,FALSE
69084,0,0,99.00%,69,84,NA,FALSE
70001,1038,478,99.00%,70,1,68.46965699208444,TRUE
70002,626,259,99.00%,70,2,70.73446327683615,TRUE
70003,911,466,99.00%,70,3,66.15831517792301,TRUE
70004,1007,478,99.00%,70,4,67.8114478114478,TRUE
70005,726,332,99.00%,70,5,68.62003780718337,TRUE
70006,675,290,99.00%,70,6,69.94818652849742,TRUE
70007,563,215,99.00%,70,7,72.3650385604113,TRUE
70008,585,251,99.00%,70,8,69.97607655502392,TRUE
70009,661,261,99.00%,70,9,71.69197396963123,TRUE
70010,709,294,99.00%,70,10,70.68793619142572,TRUE
70011,679,211,99.00%,70,11,76.29213483146067,TRUE
70012,527,218,99.00%,70,12,70.73825503355705,TRUE
70013,1500,812,99.00%,70,13,64.87889273356402,TRUE
70014,908,386,99.00%,70,14,70.17001545595053,TRUE
70015,766,302,99.00%,70,15,71.72284644194757,TRUE
70016,1549,926,99.00%,70,16,62.58585858585859,TRUE
70017,516,183,99.00%,70,17,73.8197424892704,TRUE
70018,1028,659,99.00%,70,18,60.936573799644336,TRUE
70019,894,384,99.00%,70,19,69.95305164319248,TRUE
70020,1489,721,99.00%,70,20,67.37556561085974,TRUE
70021,1090,566,90.00%,70,21,65.82125603864735,TRUE
70022,1269,623,99.00%,70,22,67.07188160676533,TRUE
70023,746,323,90.00%,70,23,69.78484565014031,TRUE
70024,670,302,90.00%,70,24,68.93004115226337,TRUE
70025,403,182,85.71%,70,25,68.88888888888889,TRUE
70026,961,531,85.71%,70,26,64.41018766756032,TRUE
70027,1136,611,99.00%,70,27,65.02575844304522,TRUE
70028,610,294,50.00%,70,28,67.47787610619469,TRUE
70029,1735,822,99.00%,70,29,67.8529526789206,TRUE
70030,1566,742,99.00%,70,30,67.85095320623917,TRUE
70031,1294,613,99.00%,70,31,67.85527005768223,TRUE
70032,956,433,99.00%,70,32,68.82649388048956,TRUE
70033,1093,514,99.00%,70,33,68.01493466085874,TRUE
70034,1109,517,99.00%,70,34,68.20418204182042,TRUE
70035,1228,675,99.00%,70,35,64.52968996321597,TRUE
70036,403,218,57.14%,70,36,64.89533011272141,TRUE
70037,378,200,85.71%,70,37,65.39792387543253,TRUE
70038,317,179,57.14%,70,38,63.91129032258065,TRUE
70039,1084,487,99.00%,70,39,69.00063653723743,TRUE
70040,765,296,99.00%,70,40,72.10179076343073,TRUE
70041,1371,508,99.00%,70,41,72.9643427354976,TRUE
70042,449,153,99.00%,70,42,74.58471760797342,TRUE
70043,846,381,99.00%,70,43,68.94865525672371,TRUE
70044,1437,664,99.00%,70,44,68.396001903855307,TRUE
70045,441,128,99.00%,70,45,77.50439367311071,TRUE
70046,537,159,99.00%,70,46,77.15517241379311,TRUE
70047,940,452,99.00%,70,47,67.52873563218391,TRUE
70048,785,416,99.00%,70,48,65.36219816819317,TRUE
70049,846,419,99.00%,70,49,66.87747035573123,TRUE
70050,731,329,99.00%,70,50,68.9622641509434,TRUE
70051,432,179,99.00%,70,51,70.7037643207856,TRUE
70052,498,147,99.00%,70,52,77.20930232558139,TRUE
70053,1115,419,99.00%,70,53,72.6857887874837,TRUE
70054,1379,748,99.00%,70,54,64.83309826046074,TRUE
70055,1255,561,99.00%,70,55,69.1079295154185,TRUE
70056,1117,507,99.00%,70,56,68.7807881773399,TRUE
70057,798,383,99.00%,70,57,67.56985605419136,TRUE
70058,1343,710,99.00%,70,58,65.4164637116415,TRUE
70059,1197,446,99.00%,70,59,72.85453438831406,TRUE
70060,1531,717,99.00%,70,60,68.1049822064057,TRUE
70061,1100,562,99.00%,70,61,66.18531889290013,TRUE
70062,1405,660,99.00%,70,62,68.03874092009686,TRUE
70063,983,446,99.00%,70,63,68.78936319104268,TRUE
70064,1436,679,99.00%,70,64,67.89598108747045,TRUE
70065,1262,496,99.00%,70,65,71.78612059158134,TRUE
70066,1511,926,99.00%,70,66,62.002462043496095,TRUE
70067,723,214,99.00%,70,67,77.16115261472785,TRUE
70068,583,243,99.00%,70,68,70.58111380145279,TRUE
70069,1282,651,99.00%,70,69,66.32177961717538,TRUE
70070,547,225,99.00%,70,70,70.85492227979275,TRUE
70071,984,434,99.00%,70,71,69.39351198871651,TRUE
70072,0,0,99.00%,70,72,NA,FALSE
70073,0,0,99.00%,70,73,NA,FALSE
70074,0,0,50.00%,70,74,NA,FALSE
71001,1102,1094,99.00%,71,1,50.18214936247723,TRUE
71002,1156,839,99.00%,71,2,57.94486215538846,TRUE
71003,1892,1238,99.00%,71,3,60.447284345047926,TRUE
71004,2054,1379,99.00%,71,4,59.83105155840372,TRUE
71005,1773,1032,99.00%,71,5,63.20855614973262,TRUE
71006,1697,893,99.00%,71,6,65.52123552123552,TRUE
71007,1361,944,99.00%,71,7,59.04555314533623,TRUE
71008,1191,784,99.00%,71,8,60.303797468354425,TRUE
71009,1348,907,99.00%,71,9,59.77827050997783,TRUE
71010,1077,600,99.00%,71,10,64.22182468694096,TRUE
71011,793,488,99.00%,71,11,61.904761904761905,TRUE
71012,800,429,99.00%,71,12,65.09357200976403,TRUE
71013,932,466,99.00%,71,13,66.66666666666666,TRUE
71014,759,366,99.00%,71,14,67.46666666666667,TRUE
71015,820,507,99.00%,71,15,61.79351921627732,TRUE
71016,801,417,99.00%,71,16,65.76354679802957,TRUE
71017,1053,543,99.00%,71,17,65.97744360902256,TRUE
71018,941,441,99.00%,71,18,68.08972503617944,TRUE
71019,806,459,99.00%,71,19,63.715415019762844,TRUE
71020,710,359,99.00%,71,20,66.41721234798878,TRUE
71021,819,408,99.00%,71,21,66.74816625916871,TRUE
71022,750,341,99.00%,71,22,68.7442713107241,TRUE
71023,890,361,99.00%,71,23,71.14308553157474,TRUE
71024,1618,751,99.00%,71,24,68.29886027859857,TRUE
71025,620,343,99.00%,71,25,64.38213914849429,TRUE
71026,858,434,99.00%,71,26,66.40866873065015,TRUE
71027,835,579,99.00%,71,27,59.05233380480905,TRUE
71028,747,378,88.89%,71,28,66.4,TRUE
71029,821,277,88.89%,71,29,74.77231329690346,TRUE
71030,772,435,99.00%,71,30,63.96023198011599,TRUE
71031,448,118,99.00%,71,31,79.15194346289752,TRUE
71032,747,200,99.00%,71,32,78.88067581837382,TRUE
71033,165,46,99.00%,71,33,78.19905213270142,TRUE
71034,531,159,99.00%,71,34,76.95652173913044,TRUE
71035,793,426,99.00%,71,35,65.05332239540607,TRUE
71036,1036,501,99.00%,71,36,67.40403383214053,TRUE
71037,861,369,99.00%,71,37,70,TRUE
71038,1038,595,99.00%,71,38,63.56399265156154,TRUE
71039,1096,492,99.00%,71,39,69.0176322418136,TRUE
71040,954,461,99.00%,71,40,67.42049469964664,TRUE
71041,1055,505,99.00%,71,41,67.62820512820514,TRUE
71042,1187,568,99.00%,71,42,67.63532763532764,TRUE
71043,591,309,99.00%,71,43,65.66666666666666,TRUE
71044,695,363,99.00%,71,44,65.68998109640832,TRUE
71045,688,416,99.00%,71,45,62.31884057971014,TRUE
71046,863,448,99.00%,71,46,65.8276125095347,TRUE
71047,653,250,99.00%,71,47,72.31450719822813,TRUE
71048,978,560,99.00%,71,48,63.5890767230169,TRUE
71049,1177,548,99.00%,71,49,68.23188405797102,TRUE
71050,762,448,99.00%,71,50,62.97520661157024,TRUE
71051,1345,712,99.00%,71,51,65.38648517258143,TRUE
71052,1406,716,99.00%,71,52,66.25824693685203,TRUE
71053,663,226,99.00%,71,53,74.57817772778402,TRUE
71054,787,285,99.00%,71,54,73.41417910447761,TRUE
71055,1360,698,99.00%,71,55,66.08357628765792,TRUE
71056,998,528,99.00%,71,56,65.3997378768021,TRUE
71057,973,534,99.00%,71,57,64.56536164565362,TRUE
71058,1013,459,99.00%,71,58,68.81793478260869,TRUE
71059,1311,655,99.00%,71,59,66.68362156663275,TRUE
71060,840,379,90.00%,71,60,68.90894175553733,TRUE
71061,1416,647,99.00%,71,61,68.63790596219098,TRUE
71062,877,446,99.00%,71,62,66.28873771730915,TRUE
71063,779,365,99.00%,71,63,68.0944055944056,TRUE
71064,173,123,57.14%,71,64,58.445945945945944,TRUE
71065,122,25,99.00%,71,65,82.99319727891157,TRUE
71066,0,0,99.00%,71,66,NA,FALSE
71067,0,0,99.00%,71,67,NA,FALSE
71068,0,0,99.00%,71,68,NA,FALSE
71069,0,0,99.00%,71,69,NA,FALSE
71070,0,0,99.00%,71,70,NA,FALSE
71071,0,0,99.00%,71,71,NA,FALSE
72001,675,133,99.00%,72,1,83.53960396039604,TRUE
72002,715,324,99.00%,72,2,68.81616939364774,TRUE
72003,680,402,99.00%,72,3,62.84658040665434,TRUE
72004,1378,1155,99.00%,72,4,54.4018949861824,TRUE
72005,1292,1188,99.00%,72,5,52.09677419354839,TRUE
72006,1098,735,99.00%,72,6,59.901800327332246,TRUE
72007,606,309,99.00%,72,7,66.22950819672131,TRUE
72008,958,640,99.00%,72,8,59.94993742177722,TRUE
72009,1139,939,99.00%,72,9,54.81231953801733,TRUE
72010,950,685,99.00%,72,10,58.103975535168196,TRUE
72011,559,247,99.00%,72,11,69.35483870967742,TRUE
72012,597,253,99.00%,72,12,70.23529411764706,TRUE
72013,634,213,99.00%,72,13,74.85242030696575,TRUE
72014,760,343,99.00%,72,14,68.90299184043518,TRUE
72015,794,334,99.00%,72,15,70.39007092198581,TRUE
72016,378,159,99.00%,72,16,70.39106145251397,TRUE
72017,537,220,99.00%,72,17,70.93791281373845,TRUE
72018,673,402,99.00%,72,18,62.6046511627907,TRUE
72019,726,477,99.00%,72,19,60.349127182044896,TRUE
72020,473,257,99.00%,72,20,64.7945205479452,TRUE
72021,403,207,99.00%,72,21,66.06557377049181,TRUE
72022,498,153,99.00%,72,22,76.49769585253456,TRUE
72023,668,291,99.00%,72,23,69.65589155370178,TRUE
72024,525,278,99.00%,72,24,65.37982565379825,TRUE
72025,798,445,80.00%,72,25,64.19951729686242,TRUE
72026,1194,809,99.00%,72,26,59.61058412381428,TRUE
72027,777,396,99.00%,72,27,66.24040920716112,TRUE
72028,347,182,99.00%,72,28,65.59546313799622,TRUE
72029,821,434,99.00%,72,29,65.41832669322709,TRUE
72030,829,487,99.00%,72,30,62.99392097264438,TRUE
72031,570,216,80.00%,72,31,72.51908396946564,TRUE
72032,789,457,99.00%,72,32,63.32263242375602,TRUE
72033,788,446,99.00%,72,33,63.85737439222042,TRUE
72034,356,158,99.00%,72,34,69.26070038910505,TRUE
72035,524,309,99.00%,72,35,62.90516206482592,TRUE
72036,398,203,99.00%,72,36,66.22296173044924,TRUE
72037,688,386,99.00%,72,37,64.05959031657356,TRUE
72038,629,615,99.00%,72,38,50.562700964630224,TRUE
72039,695,313,99.00%,72,39,68.9484126984127,TRUE
72040,655,206,99.00%,72,40,76.07433217189315,TRUE
72041,994,476,99.00%,72,41,67.61904761904762,TRUE
72042,611,297,99.00%,72,42,67.29074889867842,TRUE
72043,709,325,99.00%,72,43,68.56866537717602,TRUE
72044,632,277,99.00%,72,44,69.52695269526953,TRUE
72045,463,116,99.00%,72,45,79.96545768566494,TRUE
72046,558,289,99.00%,72,46,65.87957497048406,TRUE
72047,412,178,99.00%,72,47,69.83050847457626,TRUE
72048,496,240,99.00%,72,48,67.3913043478261,TRUE
72049,553,178,99.00%,72,49,75.64979480164159,TRUE
72050,453,149,99.00%,72,50,75.24916943521595,TRUE
72051,439,148,99.00%,72,51,74.78705281090289,TRUE
72052,688,290,99.00%,72,52,70.34764826175869,TRUE
72053,539,252,99.00%,72,53,68.14159292035397,TRUE
72054,397,165,99.00%,72,54,70.64056939501779,TRUE
72055,645,323,99.00%,72,55,66.63223140495867,TRUE
72056,676,285,99.00%,72,56,70.34339229968782,TRUE
72057,679,255,99.00%,72,57,72.69807280513919,TRUE
72058,1170,538,88.89%,72,58,68.50117096018735,TRUE
72059,595,326,88.89%,72,59,64.60369163952225,TRUE
72060,557,275,99.00%,72,60,66.94711538461539,TRUE
72061,570,242,88.89%,72,61,70.19704433497537,TRUE
72062,572,209,99.00%,72,62,73.23943661971832,TRUE
72063,526,202,99.00%,72,63,72.25274725274726,TRUE
72064,0,0,99.00%,72,64,NA,FALSE
72065,0,0,99.00%,72,65,NA,FALSE
72066,0,0,99.00%,72,66,NA,FALSE
73001,1324,945,83.33%,73,1,58.35169678272367,TRUE
73002,285,257,83.33%,73,2,52.5830258302583,TRUE
73003,1144,755,90.00%,73,3,60.242232754081094,TRUE
73004,1734,936,90.00%,73,4,64.9438202247191,TRUE
73005,863,516,99.00%,73,5,62.58158085569253,TRUE
73006,1191,952,90.00%,73,6,55.57629491367242,TRUE
73007,1029,769,99.00%,73,7,57.23025583982202,TRUE
73008,410,305,99.00%,73,8,57.34265734265735,TRUE
73009,732,570,99.00%,73,9,56.22119815668203,TRUE
73010,601,504,99.00%,73,10,54.38914027149321,TRUE
73011,1204,881,88.89%,73,11,57.74580335731415,TRUE
73012,1455,935,90.00%,73,12,60.87866108786611,TRUE
73013,1193,859,90.00%,73,13,58.13840155945419,TRUE
73014,891,551,99.00%,73,14,61.78918169209431,TRUE
73015,1420,948,99.00%,73,15,59.96621621621622,TRUE
73016,1164,724,99.00%,73,16,61.652542372881356,TRUE
73017,1264,771,99.00%,73,17,62.11302211302211,TRUE
73018,372,275,99.00%,73,18,57.496136012364765,TRUE
73019,1519,1213,99.00%,73,19,55.60029282576867,TRUE
73020,1775,1293,99.00%,73,20,57.85528031290743,TRUE
73021,1356,822,99.00%,73,21,62.25895316804407,TRUE
73022,1049,954,99.00%,73,22,52.371442835746386,TRUE
73023,1082,844,99.00%,73,23,56.178608515057114,TRUE
73024,1023,650,99.00%,73,24,61.14763897190676,TRUE
73025,1353,1018,99.00%,73,25,57.06452973428932,TRUE
73026,1151,770,99.00%,73,26,59.916710046850596,TRUE
73027,1563,955,99.00%,73,27,62.07307386814932,TRUE
73028,952,687,99.00%,73,28,58.08419768151312,TRUE
73029,1204,978,99.00%,73,29,55.17873510540788,TRUE
73030,1545,1133,99.00%,73,30,57.692307692307686,TRUE
73031,979,968,99.00%,73,31,50.282485875706215,TRUE
73032,1301,893,99.00%,73,32,59.298085688240654,TRUE
73033,1274,852,99.00%,73,33,59.9247412982126,TRUE
73034,1824,1269,99.00%,73,34,58.971871968962176,TRUE
73035,620,338,99.00%,73,35,64.71816283924844,TRUE
73036,840,728,99.00%,73,36,53.57142857142857,TRUE
73037,1406,1047,99.00%,73,37,57.31757032205462,TRUE
73038,1672,1295,99.00%,73,38,56.35321873946748,TRUE
73039,1446,1055,99.00%,73,39,57.81687325069972,TRUE
73040,1024,809,88.89%,73,40,55.86470267321331,TRUE
73041,968,718,88.89%,73,41,57.413997627520764,TRUE
73042,945,754,88.89%,73,42,55.62095350206003,TRUE
73043,1302,1064,99.00%,73,43,55.02958579881657,TRUE
73044,1236,935,88.89%,73,44,56.93228926761861,TRUE
73045,1346,1197,88.89%,73,45,52.92961069602832,TRUE
73046,1190,980,88.89%,73,46,54.83870967741935,TRUE
73047,1070,815,88.89%,73,47,56.76392572944297,TRUE
73048,1310,1076,88.89%,73,48,54.90360435875943,TRUE
73049,976,706,90.00%,73,49,58.026159334126035,TRUE
73050,1511,981,90.00%,73,50,60.63402889245586,TRUE
73051,1524,1063,90.00%,73,51,58.90993428681871,TRUE
73052,1134,803,90.00%,73,52,58.54414042333506,TRUE
73053,1270,827,99.00%,73,53,60.56270863137816,TRUE
73054,1569,1272,99.00%,73,54,55.22703273495249,TRUE
73055,1114,880,99.00%,73,55,55.867602808425275,TRUE
73056,907,719,99.00%,73,56,55.781057810578105,TRUE
73057,1005,941,99.00%,73,57,51.64439876670093,TRUE
73058,1105,715,99.00%,73,58,60.71428571428571,TRUE
73059,1856,1278,99.00%,73,59,59.22144224633057,TRUE
73060,770,392,99.00%,73,60,66.26506024096386,TRUE
73061,818,511,99.00%,73,61,61.55003762227238,TRUE
73062,1891,1213,99.00%,73,62,60.921391752577314,TRUE
73063,1275,1016,99.00%,73,63,55.65255347010039,TRUE
73064,1600,1240,99.00%,73,64,56.33802816901409,TRUE
73065,1020,757,99.00%,73,65,57.40011254924029,TRUE
73066,1413,1042,90.00%,73,66,57.55600814663951,TRUE
73067,1329,906,90.00%,73,67,59.46308724832215,TRUE
73068,1194,853,99.00%,73,68,58.329262335124575,TRUE
73069,1642,1043,99.00%,73,69,61.154562383612664,TRUE
73070,0,0,83.33%,73,70,NA,FALSE
73071,0,0,99.00%,73,71,NA,FALSE
73072,0,0,99.00%,73,72,NA,FALSE
74001,1404,808,99.00%,74,1,63.47197106690777,TRUE
74002,1451,1051,99.00%,74,2,57.99360511590728,TRUE
74003,1147,981,99.00%,74,3,53.900375939849624,TRUE
74004,1219,909,99.00%,74,4,57.28383458646616,TRUE
74005,976,732,99.00%,74,5,57.14285714285714,TRUE
74006,1288,758,99.00%,74,6,62.95210166177908,TRUE
74007,1146,646,99.00%,74,7,63.95089285714286,TRUE
74008,1692,1005,99.00%,74,8,62.736373748609566,TRUE
74009,699,414,90.00%,74,9,62.8032345013477,TRUE
74010,1755,946,90.00%,74,10,64.97593483894853,TRUE
74011,1615,883,99.00%,74,11,64.65172137710168,TRUE
74012,1769,1036,99.00%,74,12,63.065953654188945,TRUE
74013,1265,879,99.00%,74,13,59.001865671641795,TRUE
74014,1333,781,99.00%,74,14,63.0558183538316,TRUE
74015,1730,1064,99.00%,74,15,61.91839656406586,TRUE
74016,1909,1247,99.00%,74,16,60.48795944233206,TRUE
74017,1750,1162,99.00%,74,17,60.09615384615385,TRUE
74018,1880,1277,99.00%,74,18,59.55020589166931,TRUE
74019,1313,975,99.00%,74,19,57.38636363636363,TRUE
74020,1440,929,99.00%,74,20,60.78514140987758,TRUE
74021,1042,711,99.00%,74,21,59.44095835710211,TRUE
74022,1635,1158,99.00%,74,22,58.53920515574651,TRUE
74023,1758,1055,99.00%,74,23,62.495556345538574,TRUE
74024,1589,998,99.00%,74,24,61.42249710088906,TRUE
74025,752,399,99.00%,74,25,65.33449174630755,TRUE
74026,1591,876,99.00%,74,26,64.49128496149169,TRUE
74027,1851,990,99.00%,74,27,65.1531151003168,TRUE
74028,945,607,99.00%,74,28,60.88917525773196,TRUE
74029,588,279,99.00%,74,29,67.82006920415225,TRUE
74030,886,547,99.00%,74,30,61.82833217027216,TRUE
74031,1473,918,99.00%,74,31,61.606022584692596,TRUE
74032,345,243,99.00%,74,32,58.673469387755105,TRUE
74033,952,616,99.00%,74,33,60.71428571428571,TRUE
74034,777,558,99.00%,74,34,58.20224719101124,TRUE
74035,1360,835,99.00%,74,35,61.958997722095674,TRUE
74036,1321,752,99.00%,74,36,63.72407139411481,TRUE
74037,449,194,99.00%,74,37,69.82892690513219,TRUE
74038,380,184,99.00%,74,38,67.37588652482269,TRUE
74039,470,191,99.00%,74,39,71.10438729198184,TRUE
74040,349,178,99.00%,74,40,66.22390891840607,TRUE
74041,693,519,99.00%,74,41,57.17821782178218,TRUE
74042,1022,881,99.00%,74,42,53.704676826064116,TRUE
74043,1532,933,99.00%,74,43,62.150101419878304,TRUE
74044,903,616,99.00%,74,44,59.44700460829493,TRUE
74045,1362,800,99.00%,74,45,62.99722479185939,TRUE
74046,965,324,99.00%,74,46,74.86423584173778,TRUE
74047,785,616,99.00%,74,47,56.03140613847252,TRUE
74048,1182,626,99.00%,74,48,65.37610619469027,TRUE
74049,1374,829,99.00%,74,49,62.369496141625056,TRUE
74050,1446,749,99.00%,74,50,65.87699316628701,TRUE
74051,1758,1017,99.00%,74,51,63.35135135135135,TRUE
74052,1123,704,99.00%,74,52,61.46688560481663,TRUE
74053,1536,910,99.00%,74,53,62.79640228945217,TRUE
74054,801,506,99.00%,74,54,61.285386381025255,TRUE
74055,1763,1022,99.00%,74,55,63.30341113105925,TRUE
74056,1116,741,99.00%,74,56,60.096930533117934,TRUE
74057,1518,941,99.00%,74,57,61.73241154941033,TRUE
74058,1080,687,99.00%,74,58,61.120543293718164,TRUE
74059,1525,933,99.00%,74,59,62.042310821806346,TRUE
74060,678,395,99.00%,74,60,63.18732525629077,TRUE
74061,595,407,99.00%,74,61,59.3812375249501,TRUE
74062,571,343,83.33%,74,62,62.472647702407,TRUE
74063,372,204,99.00%,74,63,64.58333333333334,TRUE
74064,113,38,83.33%,74,64,74.83443708609272,TRUE
74065,461,270,99.00%,74,65,63.064295485636116,TRUE
74066,0,0,83.33%,74,66,NA,FALSE
74067,0,0,99.00%,74,67,NA,FALSE
74068,0,0,99.00%,74,68,NA,FALSE
74069,0,0,99.00%,74,69,NA,FALSE
74070,0,0,99.00%,74,70,NA,FALSE
75001,1497,1016,99.00%,75,1,59.57023477914842,TRUE
75002,1711,1303,99.00%,75,2,56.768414067684134,TRUE
75003,1600,927,99.00%,75,3,63.31618519984171,TRUE
75004,769,446,99.00%,75,4,63.29218106995885,TRUE
75005,1374,927,99.00%,75,5,59.71316818774446,TRUE
75006,1545,980,99.00%,75,6,61.18811881188119,TRUE
75007,1214,581,99.00%,75,7,67.63231197771587,TRUE
75008,1905,1145,99.00%,75,8,62.459016393442624,TRUE
75009,319,188,88.89%,75,9,62.91913214990138,TRUE
75010,1659,959,99.00%,75,10,63.36898395721925,TRUE
75011,879,645,99.00%,75,11,57.677165354330704,TRUE
75012,1257,633,99.00%,75,12,66.5079365079365,TRUE
75013,1334,858,99.00%,75,13,60.85766423357665,TRUE
75014,584,272,99.00%,75,14,68.22429906542055,TRUE
75015,769,520,83.33%,75,15,59.65865011636928,TRUE
75016,372,213,83.33%,75,16,63.589743589743584,TRUE
75017,901,444,99.00%,75,17,66.98884758364312,TRUE
75018,656,325,99.00%,75,18,66.87054026503569,TRUE
75019,0,0,99.00%,75,19,NA,FALSE
75020,801,410,99.00%,75,20,66.14368290668868,TRUE
75021,583,312,99.00%,75,21,65.13966480446928,TRUE
75022,1280,666,99.00%,75,22,65.775950668037,TRUE
75023,1036,566,99.00%,75,23,64.66916354556804,TRUE
75024,1261,899,99.00%,75,24,58.379629629629626,TRUE
75025,698,357,99.00%,75,25,66.1611374407583,TRUE
75026,1667,884,99.00%,75,26,65.3469227753822,TRUE
75027,1192,727,99.00%,75,27,62.115685252735794,TRUE
75028,1505,965,99.00%,75,28,60.93117408906883,TRUE
75029,1108,652,99.00%,75,29,62.95454545454545,TRUE
75030,875,382,99.00%,75,30,69.6101829753381,TRUE
75031,1378,684,99.00%,75,31,66.82832201745877,TRUE
75032,1137,633,99.00%,75,32,64.23728813559322,TRUE
75033,1117,560,88.89%,75,33,66.60703637447824,TRUE
75034,1115,460,88.89%,75,34,70.7936507936508,TRUE
75035,871,413,99.00%,75,35,67.83489096573209,TRUE
75036,329,139,99.00%,75,36,70.2991452991453,TRUE
75037,969,789,99.00%,75,37,55.11945392491467,TRUE
75038,877,1051,99.00%,75,38,45.48755186721991,FALSE
75039,920,970,99.00%,75,39,48.67724867724868,FALSE
75040,1101,623,99.00%,75,40,63.8631090487239,TRUE
75041,1414,796,99.00%,75,41,63.98190045248868,TRUE
75042,1360,788,99.00%,75,42,63.3147113594041,TRUE
75043,1464,1398,99.00%,75,43,51.15303983228512,TRUE
75044,1444,940,99.00%,75,44,60.570469798657726,TRUE
75045,1159,798,99.00%,75,45,59.22330097087378,TRUE
75046,1223,884,99.00%,75,46,58.04461319411486,TRUE
75047,1226,649,99.00%,75,47,65.38666666666667,TRUE
75048,836,507,99.00%,75,48,62.24869694713328,TRUE
75049,1444,746,88.89%,75,49,65.93607305936074,TRUE
75050,990,609,99.00%,75,50,61.91369606003752,TRUE
75051,1732,1028,99.00%,75,51,62.7536231884058,TRUE
75052,1030,1153,88.89%,75,52,47.182775996335316,FALSE
75053,1012,1179,88.89%,75,53,46.1889548151529,FALSE
75054,784,412,99.00%,75,54,65.55183946488295,TRUE
75055,885,364,99.00%,75,55,70.85668534827863,TRUE
75056,936,542,99.00%,75,56,63.32882273342354,TRUE
75057,1586,868,99.00%,75,57,64.62917685411573,TRUE
75058,1163,651,99.00%,75,58,64.11245865490628,TRUE
75059,1841,882,99.00%,75,59,67.60925449871465,TRUE
75060,1164,653,99.00%,75,60,64.06164006604293,TRUE
75061,380,191,99.00%,75,61,66.54991243432575,TRUE
75062,1172,615,99.00%,75,62,65.58477895914942,TRUE
75063,1648,1162,99.00%,75,63,58.647686832740206,TRUE
75064,1339,780,99.00%,75,64,63.190184049079754,TRUE
75065,953,567,99.00%,75,65,62.69736842105264,TRUE
75066,809,369,99.00%,75,66,68.67572156196944,TRUE
75067,25,13,83.33%,75,67,65.78947368421053,TRUE
75068,0,0,99.00%,75,68,NA,FALSE
75069,0,0,99.00%,75,69,NA,FALSE
75070,0,0,99.00%,75,70,NA,FALSE
75071,0,0,99.00%,75,71,NA,FALSE
76001,1394,1032,99.00%,76,1,57.46084089035449,TRUE
76002,904,676,99.00%,76,2,57.21518987341773,TRUE
76003,1244,857,87.50%,76,3,59.209900047596385,TRUE
76004,1492,979,87.50%,76,4,60.38041278834479,TRUE
76005,1500,1073,88.89%,76,5,58.2977069568597,TRUE
76006,1486,1064,88.89%,76,6,58.27450980392157,TRUE
76007,1448,1020,88.89%,76,7,58.6709886547812,TRUE
76008,1045,551,99.00%,76,8,65.47619047619048,TRUE
76009,1716,1142,99.00%,76,9,60.04198740377886,TRUE
76010,1149,613,99.00%,76,10,65.2099886492622,TRUE
76011,1088,785,99.00%,76,11,58.0886278697277,TRUE
76012,1376,969,99.00%,76,12,58.67803837953092,TRUE
76013,1245,959,99.00%,76,13,56.488203266787664,TRUE
76014,1359,1057,99.00%,76,14,56.25,TRUE
76015,1633,872,99.00%,76,15,65.18962075848303,TRUE
76016,937,521,99.00%,76,16,64.26611796982168,TRUE
76017,1231,826,99.00%,76,17,59.84443364122508,TRUE
76018,1065,898,99.00%,76,18,54.25369332654101,TRUE
76019,1712,1335,99.00%,76,19,56.18641286511322,TRUE
76020,1644,992,99.00%,76,20,62.36722306525038,TRUE
76021,1453,1025,99.00%,76,21,58.635996771589994,TRUE
76022,1395,1010,87.50%,76,22,58.004158004158,TRUE
76023,1117,867,99.00%,76,23,56.30040322580645,TRUE
76024,1712,1161,99.00%,76,24,59.589279498781764,TRUE
76025,1270,850,99.00%,76,25,59.905660377358494,TRUE
76026,1402,1005,88.89%,76,26,58.24678022434566,TRUE
76027,1323,1016,88.89%,76,27,56.56263360410432,TRUE
76028,1621,1013,99.00%,76,28,61.54138192862566,TRUE
76029,1128,837,88.89%,76,29,57.404580152671755,TRUE
76030,1519,1237,99.00%,76,30,55.116110304789544,TRUE
76031,1401,1176,88.89%,76,31,54.36554132712457,TRUE
76032,1638,1219,88.89%,76,32,57.33286664333217,TRUE
76033,1862,1267,93.33%,76,33,59.50782997762863,TRUE
76034,1703,1188,93.33%,76,34,58.906952611553095,TRUE
76035,1629,1029,93.33%,76,35,61.28668171557562,TRUE
76036,1803,1276,93.33%,76,36,58.557973367976615,TRUE
76037,1848,1093,99.00%,76,37,62.835770146208766,TRUE
76038,1094,637,99.00%,76,38,63.200462160600814,TRUE
76039,1493,1147,99.00%,76,39,56.553030303030305,TRUE
76040,1156,865,93.33%,76,40,57.199406234537356,TRUE
76041,1185,1012,93.33%,76,41,53.93718707328175,TRUE
76042,1558,1126,93.33%,76,42,58.04769001490313,TRUE
76043,1254,878,93.33%,76,43,58.81801125703565,TRUE
76044,1655,1209,99.00%,76,44,57.786312849162016,TRUE
76045,1600,1079,99.00%,76,45,59.7237775289287,TRUE
76046,1576,1125,99.00%,76,46,58.34875971862273,TRUE
76047,1189,749,93.33%,76,47,61.35190918472653,TRUE
76048,1458,1026,99.00%,76,48,58.69565217391305,TRUE
76049,1565,1006,99.00%,76,49,60.87125632049786,TRUE
76050,1675,1169,93.33%,76,50,58.89592123769339,TRUE
76051,1303,1058,99.00%,76,51,55.18847945785684,TRUE
76052,1513,998,99.00%,76,52,60.25487853444843,TRUE
76053,1557,1086,99.00%,76,53,58.910329171396135,TRUE
76054,1847,1443,99.00%,76,54,56.13981762917933,TRUE
76055,1811,1076,99.00%,76,55,62.72947696570835,TRUE
76056,1769,1009,99.00%,76,56,63.678905687545,TRUE
76057,1257,771,99.00%,76,57,61.98224852071006,TRUE
76058,1750,1049,99.00%,76,58,62.52232940335835,TRUE
76059,1000,538,66.67%,76,59,65.01950585175553,TRUE
76060,1014,490,66.67%,76,60,67.42021276595744,TRUE
76061,880,310,66.67%,76,61,73.94957983193278,TRUE
76062,1206,671,66.67%,76,62,64.25146510388919,TRUE
76063,0,0,99.00%,76,63,NA,FALSE
76064,0,0,99.00%,76,64,NA,FALSE
76065,0,0,99.00%,76,65,NA,FALSE
76066,0,0,99.00%,76,66,NA,FALSE
76067,0,0,99.00%,76,67,NA,FALSE
76068,0,0,66.67%,76,68,NA,FALSE
77001,586,202,99.00%,77,1,74.36548223350253,TRUE
77002,869,268,99.00%,77,2,76.42919964819701,TRUE
77003,812,160,99.00%,77,3,83.53909465020575,TRUE
77004,312,115,99.00%,77,4,73.06791569086651,TRUE
77005,500,182,83.33%,77,5,73.31378299120234,TRUE
77006,574,165,99.00%,77,6,77.67253044654939,TRUE
77007,600,176,83.33%,77,7,77.31958762886599,TRUE
77008,807,226,99.00%,77,8,78.12197483059052,TRUE
77009,956,297,99.00%,77,9,76.29688747007182,TRUE
77010,794,217,99.00%,77,10,78.53610286844707,TRUE
77011,616,159,99.00%,77,11,79.48387096774194,TRUE
77012,737,203,99.00%,77,12,78.40425531914894,TRUE
77013,836,284,99.00%,77,13,74.64285714285714,TRUE
77014,669,190,99.00%,77,14,77.88125727590221,TRUE
77015,69,39,99.00%,77,15,63.888888888888886,TRUE
77016,173,42,99.00%,77,16,80.46511627906978,TRUE
77017,579,95,99.00%,77,17,85.90504451038575,TRUE
77018,534,131,99.00%,77,18,80.30075187969925,TRUE
77019,618,184,99.00%,77,19,77.0573566084788,TRUE
77020,245,66,99.00%,77,20,78.77813504823152,TRUE
77021,527,152,99.00%,77,21,77.61413843888072,TRUE
77022,365,123,99.00%,77,22,74.79508196721312,TRUE
77023,660,130,99.00%,77,23,83.54430379746836,TRUE
77024,634,189,99.00%,77,24,77.03523693803159,TRUE
77025,362,93,99.00%,77,25,79.56043956043956,TRUE
77026,601,129,99.00%,77,26,82.32876712328768,TRUE
77027,524,194,99.00%,77,27,72.98050139275766,TRUE
77028,447,166,99.00%,77,28,72.92006525285481,TRUE
77029,212,56,99.00%,77,29,79.1044776119403,TRUE
77030,253,46,99.00%,77,30,84.61538461538461,TRUE
77031,487,130,99.00%,77,31,78.93030794165315,TRUE
77032,565,207,99.00%,77,32,73.18652849740933,TRUE
77033,279,96,99.00%,77,33,74.4,TRUE
77034,607,245,99.00%,77,34,71.24413145539906,TRUE
77035,527,133,99.00%,77,35,79.84848484848484,TRUE
77036,472,95,99.00%,77,36,83.24514991181657,TRUE
77037,635,213,99.00%,77,37,74.88207547169812,TRUE
77038,326,121,99.00%,77,38,72.93064876957494,TRUE
77039,619,197,99.00%,77,39,75.8578431372549,TRUE
77040,624,244,90.91%,77,40,71.88940092165899,TRUE
77041,605,253,99.00%,77,41,70.51282051282051,TRUE
77042,634,197,99.00%,77,42,76.2936221419976,TRUE
77043,444,127,90.91%,77,43,77.75831873905429,TRUE
77044,690,202,99.00%,77,44,77.3542600896861,TRUE
77045,233,65,99.00%,77,45,78.18791946308725,TRUE
77046,898,245,99.00%,77,46,78.56517935258093,TRUE
77047,869,362,99.00%,77,47,70.59301380991064,TRUE
77048,534,165,99.00%,77,48,76.39484978540773,TRUE
77049,821,438,90.91%,77,49,65.21048451151708,TRUE
77050,744,184,99.00%,77,50,80.17241379310344,TRUE
77051,479,218,90.91%,77,51,68.72309899569584,TRUE
77052,753,183,90.91%,77,52,80.44871794871796,TRUE
77053,607,202,90.91%,77,53,75.0309023485785,TRUE
77054,0,0,99.00%,77,54,NA,FALSE
77055,0,0,99.00%,77,55,NA,FALSE
77056,0,0,99.00%,77,56,NA,FALSE
77057,0,0,99.00%,77,57,NA,FALSE
77058,0,0,99.00%,77,58,NA,FALSE
77059,0,0,99.00%,77,59,NA,FALSE
78001,562,190,99.00%,78,1,74.7340425531915,TRUE
78002,830,246,99.00%,78,2,77.13754646840148,TRUE
78003,561,194,99.00%,78,3,74.3046357615894,TRUE
78004,527,162,99.00%,78,4,76.48766328011611,TRUE
78005,395,175,99.00%,78,5,69.2982456140351,TRUE
78006,400,166,99.00%,78,6,70.6713780918728,TRUE
78007,642,217,99.00%,78,7,74.73806752037252,TRUE
78008,452,270,99.00%,78,8,62.603878116343495,TRUE
78009,517,269,99.00%,78,9,65.77608142493638,TRUE
78010,795,271,99.00%,78,10,74.57786116322703,TRUE
78011,646,221,99.00%,78,11,74.50980392156863,TRUE
78012,460,204,99.00%,78,12,69.27710843373494,TRUE
78013,400,110,99.00%,78,13,78.43137254901961,TRUE
78014,617,180,99.00%,78,14,77.41530740276035,TRUE
78015,123,16,99.00%,78,15,88.48920863309353,TRUE
78016,415,111,99.00%,78,16,78.89733840304183,TRUE
78017,638,216,99.00%,78,17,74.7072599531616,TRUE
78018,637,212,99.00%,78,18,75.02944640753827,TRUE
78019,593,169,99.00%,78,19,77.82152230971128,TRUE
78020,763,243,99.00%,78,20,75.84493041749502,TRUE
78021,500,147,99.00%,78,21,77.27975270479135,TRUE
78022,666,277,99.00%,78,22,70.62566277836692,TRUE
78023,682,314,99.00%,78,23,68.47389558232932,TRUE
78024,74,30,99.00%,78,24,71.15384615384616,TRUE
78025,714,381,99.00%,78,25,65.20547945205479,TRUE
78026,508,241,99.00%,78,26,67.8237650200267,TRUE
78027,720,421,99.00%,78,27,63.10254163014899,TRUE
78028,977,443,99.00%,78,28,68.80281690140845,TRUE
78029,498,231,99.00%,78,29,68.3127572016461,TRUE
78030,697,410,99.00%,78,30,62.96296296296296,TRUE
78031,379,159,99.00%,78,31,70.4460966542751,TRUE
78032,1329,569,99.00%,78,32,70.02107481559537,TRUE
78033,589,203,90.91%,78,33,74.36868686868688,TRUE
78034,564,168,90.91%,78,34,77.04918032786885,TRUE
78035,479,200,90.91%,78,35,70.54491899852725,TRUE
78036,406,142,99.00%,78,36,74.08759124087592,TRUE
78037,651,164,99.00%,78,37,79.87730061349694,TRUE
78038,373,130,90.91%,78,38,74.15506958250498,TRUE
78039,509,217,99.00%,78,39,70.11019283746556,TRUE
78040,466,218,99.00%,78,40,68.12865497076024,TRUE
78041,557,202,99.00%,78,41,73.38603425559947,TRUE
78042,651,222,99.00%,78,42,74.5704467353952,TRUE
78043,754,254,99.00%,78,43,74.8015873015873,TRUE
78044,744,304,99.00%,78,44,70.99236641221374,TRUE
78045,553,283,99.00%,78,45,66.14832535885168,TRUE
78046,470,167,99.00%,78,46,73.78335949764521,TRUE
78047,514,197,99.00%,78,47,72.29254571026723,TRUE
78048,0,0,99.00%,78,48,NA,FALSE
78049,693,411,99.00%,78,49,62.77173913043478,TRUE
78050,0,0,99.00%,78,50,NA,FALSE
78051,0,0,99.00%,78,51,NA,FALSE
78052,0,0,99.00%,78,52,NA,FALSE
78053,0,0,99.00%,78,53,NA,FALSE
79001,650,190,99.00%,79,1,77.38095238095238,TRUE
79002,80,30,90.00%,79,2,72.72727272727273,TRUE
79003,586,201,99.00%,79,3,74.4599745870394,TRUE
79004,444,77,99.00%,79,4,85.22072936660268,TRUE
79005,358,115,99.00%,79,5,75.68710359408034,TRUE
79006,317,138,99.00%,79,6,69.67032967032966,TRUE
79007,383,125,99.00%,79,7,75.39370078740157,TRUE
79008,375,89,99.00%,79,8,80.81896551724138,TRUE
79009,175,81,99.00%,79,9,68.359375,TRUE
79010,478,148,90.00%,79,10,76.35782747603834,TRUE
79011,434,135,90.00%,79,11,76.27416520210897,TRUE
79012,663,147,99.00%,79,12,81.85185185185185,TRUE
79013,483,205,90.00%,79,13,70.20348837209302,TRUE
79014,425,177,90.00%,79,14,70.59800664451828,TRUE
79015,667,180,90.00%,79,15,78.74852420306966,TRUE
79016,371,154,99.00%,79,16,70.66666666666667,TRUE
79017,601,140,99.00%,79,17,81.10661268556005,TRUE
79018,491,125,99.00%,79,18,79.70779220779221,TRUE
79019,269,83,99.00%,79,19,76.42045454545455,TRUE
79020,671,172,99.00%,79,20,79.59667852906287,TRUE
79021,437,127,99.00%,79,21,77.48226950354609,TRUE
79022,630,196,99.00%,79,22,76.27118644067797,TRUE
79023,676,192,99.00%,79,23,77.88018433179722,TRUE
79024,457,174,99.00%,79,24,72.42472266244057,TRUE
79025,252,48,99.00%,79,25,84,TRUE
79026,313,109,99.00%,79,26,74.17061611374407,TRUE
79027,705,193,99.00%,79,27,78.50779510022272,TRUE
79028,805,263,99.00%,79,28,75.374531835206,TRUE
79029,745,249,99.00%,79,29,74.949698189134807,TRUE
79030,379,163,99.00%,79,30,69.92619926199262,TRUE
79031,508,120,99.00%,79,31,80.89171974522293,TRUE
79032,728,279,99.00%,79,32,72.29394240317775,TRUE
79033,403,119,83.33%,79,33,77.20306513409962,TRUE
79034,704,220,99.00%,79,34,76.19047619047619,TRUE
79035,702,172,99.00%,79,35,80.32036613272311,TRUE
79036,500,124,99.00%,79,36,80.12820512820514,TRUE
79037,669,155,99.00%,79,37,81.18932038834951,TRUE
79038,468,107,99.00%,79,38,81.3913043478261,TRUE
79039,447,135,99.00%,79,39,76.80412371134021,TRUE
79040,824,235,99.00%,79,40,77.80925401322001,TRUE
79041,646,144,99.00%,79,41,81.77215189873418,TRUE
79042,593,190,99.00%,79,42,75.73435504469987,TRUE
79043,772,291,99.00%,79,43,72.62464722483537,TRUE
79044,488,206,99.00%,79,44,70.31700288184439,TRUE
79045,639,261,99.00%,79,45,71,TRUE
79046,737,343,99.00%,79,46,68.24074074074075,TRUE
79047,839,290,99.00%,79,47,74.31355181576616,TRUE
79048,118,25,99.00%,79,48,82.51748251748252,TRUE
79049,469,160,99.00%,79,49,74.56279809220986,TRUE
79050,579,183,99.00%,79,50,75.98425196850394,TRUE
79051,629,166,99.00%,79,51,79.11949685534591,TRUE
79052,736,159,99.00%,79,52,82.23463687150839,TRUE
79053,351,92,99.00%,79,53,79.23250564334086,TRUE
79054,944,320,99.00%,79,54,74.68354430379746,TRUE
79055,1184,501,99.00%,79,55,70.26706231454007,TRUE
79056,702,225,99.00%,79,56,75.72815533980582,TRUE
79057,225,89,99.00%,79,57,71.656050955414,TRUE
80001,525,182,99.00%,80,1,74.25742574257426,TRUE
80002,526,203,99.00%,80,2,72.15363511659808,TRUE
80003,481,131,90.00%,80,3,78.59477124183006,TRUE
80004,404,430,99.00%,80,4,48.44124700239808,FALSE
80005,686,317,99.00%,80,5,68.39481555333998,TRUE
80006,841,510,99.00%,80,6,62.250185048112506,TRUE
80007,504,552,87.50%,80,7,47.72727272727273,FALSE
80008,829,399,99.00%,80,8,67.50814332247556,TRUE
80009,608,293,99.00%,80,9,67.48057713651498,TRUE
80010,676,407,99.00%,80,10,62.41920590951062,TRUE
80011,643,406,99.00%,80,11,61.29647283126788,TRUE
80012,782,395,99.00%,80,12,66.44010195412065,TRUE
80013,868,430,99.00%,80,13,66.87211093990754,TRUE
80014,859,368,99.00%,80,14,70.0081499592502,TRUE
80015,851,407,99.00%,80,15,67.64705882352942,TRUE
80016,766,386,99.00%,80,16,66.49305555555556,TRUE
80017,942,458,99.00%,80,17,67.28571428571428,TRUE
80018,574,486,99.00%,80,18,54.15094339622642,TRUE
80019,499,492,99.00%,80,19,50.35317860746721,TRUE
80020,687,1191,99.00%,80,20,36.5814696485623,FALSE
80021,946,665,99.00%,80,21,58.721291123525766,TRUE
80022,445,214,99.00%,80,22,67.52655538694992,TRUE
80023,767,934,99.00%,80,23,45.09112286890065,FALSE
80024,685,574,99.00%,80,24,54.40826052422557,TRUE
80025,412,221,99.00%,80,25,65.086887835703,TRUE
80026,860,542,87.50%,80,26,61.34094151212553,TRUE
80027,227,126,87.50%,80,27,64.30594900849859,TRUE
80028,130,80,99.00%,80,28,61.904761904761905,TRUE
80029,801,458,87.50%,80,29,63.6219221604448,TRUE
80030,765,405,99.00%,80,30,65.38461538461539,TRUE
80031,770,237,99.00%,80,31,76.46474677259185,TRUE
80032,459,168,99.00%,80,32,73.20574162679426,TRUE
80033,264,190,99.00%,80,33,58.14977973568281,TRUE
80034,865,202,99.00%,80,34,81.06841611996252,TRUE
80035,984,272,99.00%,80,35,78.343949044586,TRUE
80036,452,122,99.00%,80,36,78.74564459930313,TRUE
80037,730,223,99.00%,80,37,76.60020986358866,TRUE
80038,173,48,60.00%,80,38,78.28054298642535,TRUE
80039,498,181,90.00%,80,39,73.34315169366715,TRUE
80040,685,268,99.00%,80,40,71.87827911857293,TRUE
80041,994,818,99.00%,80,41,54.856512141280355,TRUE
80042,746,622,87.50%,80,42,54.53216374269005,TRUE
80043,652,488,99.00%,80,43,57.19298245614035,TRUE
80044,591,219,99.00%,80,44,72.96296296296296,TRUE
80045,703,353,99.00%,80,45,66.5719696969697,TRUE
80046,533,169,99.00%,80,46,75.92592592592592,TRUE
80047,512,303,99.00%,80,47,62.82208588957056,TRUE
80048,568,188,99.00%,80,48,75.13227513227513,TRUE
80049,595,294,99.00%,80,49,66.92913385826772,TRUE
80050,619,189,99.00%,80,50,76.60891089108911,TRUE
80051,574,216,99.00%,80,51,72.65822784810126,TRUE
80052,68,4,99.00%,80,52,94.44444444444444,TRUE
80053,682,255,99.00%,80,53,72.78548559231591,TRUE
80054,1208,264,99.00%,80,54,82.06521739130434,TRUE
80055,773,257,99.00%,80,55,75.0485436893204,TRUE
80056,829,349,90.00%,80,56,70.37351443123939,TRUE
80057,944,410,90.00%,80,57,69.71935007385525,TRUE
80058,0,0,60.00%,80,58,NA,FALSE
80059,0,0,99.00%,80,59,NA,FALSE
80060,0,0,99.00%,80,60,NA,FALSE
80061,0,0,60.00%,80,61,NA,FALSE
81001,496,219,99.00%,81,1,69.37062937062936,TRUE
81002,701,288,99.00%,81,2,70.87967644084934,TRUE
81003,392,214,99.00%,81,3,64.68646864686468,TRUE
81004,407,98,99.00%,81,4,80.5940594059406,TRUE
81005,524,270,99.00%,81,5,65.99496221662469,TRUE
81006,805,308,99.00%,81,6,72.32704402515722,TRUE
81007,502,300,99.00%,81,7,62.593516209476306,TRUE
81008,668,459,99.00%,81,8,59.27240461401952,TRUE
81009,590,269,99.00%,81,9,68.68451688009313,TRUE
81010,856,627,99.00%,81,10,57.720836142953466,TRUE
81011,1065,729,99.00%,81,11,59.36454849498328,TRUE
81012,942,678,99.00%,81,12,58.14814814814815,TRUE
81013,94,66,99.00%,81,13,58.75,TRUE
81014,1291,1088,99.00%,81,14,54.266498528793605,TRUE
81015,1062,834,99.00%,81,15,56.0126582278481,TRUE
81016,684,638,99.00%,81,16,51.73978819969742,TRUE
81017,1203,801,99.00%,81,17,60.02994011976048,TRUE
81018,537,187,99.00%,81,18,74.17127071823204,TRUE
81019,1116,951,99.00%,81,19,53.99129172714079,TRUE
81020,938,707,99.00%,81,20,57.02127659574469,TRUE
81021,1284,926,99.00%,81,21,58.099547511312224,TRUE
81022,1073,1085,99.00%,81,22,49.721964782205745,FALSE
81023,896,639,99.00%,81,23,58.37133550488599,TRUE
81024,562,142,99.00%,81,24,79.82954545454545,TRUE
81025,666,919,99.00%,81,25,42.018927444794954,FALSE
81026,919,736,99.00%,81,26,55.52870090634441,TRUE
81027,1299,1108,99.00%,81,27,53.96759451599501,TRUE
81028,1456,1275,99.00%,81,28,53.313804467228124,TRUE
81029,1329,1334,99.00%,81,29,49.90612091625985,FALSE
81030,1092,1144,99.00%,81,30,48.837209302325576,FALSE
81031,1407,1340,99.00%,81,31,51.21951219512195,TRUE
81032,876,978,99.00%,81,32,47.249190938511326,FALSE
81033,412,356,99.00%,81,33,53.645833333333336,TRUE
81034,1189,834,99.00%,81,34,58.774097874443896,TRUE
81035,1106,877,99.00%,81,35,55.77407967725668,TRUE
81036,740,596,99.00%,81,36,55.38922155688623,TRUE
81037,1047,934,99.00%,81,37,52.85209490156486,TRUE
81038,749,841,99.00%,81,38,47.106918238993714,FALSE
81039,772,769,99.00%,81,39,50.09733939000649,TRUE
81040,752,751,99.00%,81,40,50.033266799733866,TRUE
81041,580,872,99.00%,81,41,39.94490358126722,FALSE
81042,628,868,99.00%,81,42,41.97860962566845,FALSE
81043,685,1080,99.00%,81,43,38.81019830028329,FALSE
81044,821,393,99.00%,81,44,67.62767710049424,TRUE
81045,723,571,99.00%,81,45,55.87326120556414,TRUE
81046,437,284,99.00%,81,46,60.61026352288488,TRUE
81047,824,267,99.00%,81,47,75.52703941338221,TRUE
81048,1023,360,99.00%,81,48,73.96963123644251,TRUE
81049,680,226,99.00%,81,49,75.05518763796908,TRUE
81050,759,307,90.00%,81,50,71.20075046904316,TRUE
81051,802,322,99.00%,81,51,71.35231316725978,TRUE
81052,599,230,99.00%,81,52,72.25572979493366,TRUE
81053,816,496,99.00%,81,53,62.19512195121951,TRUE
81054,1016,613,99.00%,81,54,62.3695518723143,TRUE
81055,494,99,99.00%,81,55,83.30522765598651,TRUE
81056,1205,854,99.00%,81,56,58.52355512384653,TRUE
81057,556,197,99.00%,81,57,73.83798140770253,TRUE
81058,597,167,99.00%,81,58,78.1413612565445,TRUE
81059,0,0,99.00%,81,59,NA,FALSE
81060,0,0,99.00%,81,60,NA,FALSE
81061,0,0,99.00%,81,61,NA,FALSE
81062,0,0,99.00%,81,62,NA,FALSE
82001,567,1696,99.00%,82,1,25.055236411842685,FALSE
82002,220,558,99.00%,82,2,28.277634961439592,FALSE
82003,642,809,99.00%,82,3,44.24534803583736,FALSE
82004,636,791,99.00%,82,4,44.56902592852137,FALSE
82005,532,644,99.00%,82,5,45.23809523809524,FALSE
82006,530,1315,99.00%,82,6,28.72628726287263,FALSE
82007,577,631,99.00%,82,7,47.764900662251655,FALSE
82008,546,861,99.00%,82,8,38.80597014925373,FALSE
82009,719,687,99.00%,82,9,51.13798008534851,TRUE
82010,885,672,99.00%,82,10,56.84007707129094,TRUE
82011,639,548,99.00%,82,11,53.833192923336135,TRUE
82012,382,116,99.00%,82,12,76.70682730923694,TRUE
82013,341,129,99.00%,82,13,72.5531914893617,TRUE
82014,386,119,99.00%,82,14,76.43564356435644,TRUE
82015,728,685,99.00%,82,15,51.52158527954707,TRUE
82016,822,708,99.00%,82,16,53.72549019607843,TRUE
82017,59,49,99.00%,82,17,54.629629629629626,TRUE
82018,649,1035,99.00%,82,18,38.53919239904988,FALSE
82019,645,1100,99.00%,82,19,36.96275071633238,FALSE
82020,734,1480,99.00%,82,20,33.15266485998193,FALSE
82021,377,1002,99.00%,82,21,27.338651196519216,FALSE
82022,373,807,99.00%,82,22,31.610169491525426,FALSE
82023,423,705,99.00%,82,23,37.5,FALSE
82024,300,535,99.00%,82,24,35.92814371257485,FALSE
82025,883,688,99.00%,82,25,56.206238064926794,TRUE
82026,533,519,99.00%,82,26,50.66539923954373,TRUE
82027,508,548,99.00%,82,27,48.10606060606061,FALSE
82028,987,833,99.00%,82,28,54.230769230769226,TRUE
82029,905,691,99.00%,82,29,56.70426065162907,TRUE
82030,758,564,99.00%,82,30,57.337367624810895,TRUE
82031,551,655,99.00%,82,31,45.68822553897181,FALSE
82032,712,886,99.00%,82,32,44.55569461827284,FALSE
82033,569,729,99.00%,82,33,43.836671802773495,FALSE
82034,522,365,99.00%,82,34,58.8500563697858,TRUE
82035,275,164,99.00%,82,35,62.64236902050114,TRUE
82036,883,328,99.00%,82,36,72.91494632535095,TRUE
82037,21,3,99.00%,82,37,87.5,TRUE
82038,841,675,99.00%,82,38,55.47493403693932,TRUE
82039,584,513,99.00%,82,39,53.23609845031905,TRUE
82040,768,347,99.00%,82,40,68.87892376681614,TRUE
82041,969,1454,99.00%,82,41,39.991745769706974,FALSE
82042,860,1457,99.00%,82,42,37.116961588260686,FALSE
82043,489,555,99.00%,82,43,46.839080459770116,FALSE
82044,497,513,99.00%,82,44,49.20792079207921,FALSE
82045,812,284,99.00%,82,45,74.08759124087592,TRUE
82046,1066,412,99.00%,82,46,72.12449255751014,TRUE
82047,913,315,99.00%,82,47,74.3485342019544,TRUE
82048,1262,438,99.00%,82,48,74.23529411764706,TRUE
82049,1043,445,99.00%,82,49,70.09408602150538,TRUE
82050,996,315,99.00%,82,50,75.97254004576659,TRUE
82051,895,397,99.00%,82,51,69.27244582043343,TRUE
82052,1158,471,99.00%,82,52,71.08655616942909,TRUE
82053,220,173,99.00%,82,53,55.97964376590331,TRUE
82054,1344,522,99.00%,82,54,72.02572347266882,TRUE
82055,1246,568,99.00%,82,55,68.68798235942668,TRUE
82056,1063,345,99.00%,82,56,75.4971590909091,TRUE
82057,1407,466,99.00%,82,57,75.12012813667911,TRUE
82058,1355,484,99.00%,82,58,73.68134855899946,TRUE
82059,1505,457,99.00%,82,59,76.70744138634046,TRUE
82060,1294,416,99.00%,82,60,75.67251461988303,TRUE
82061,1323,400,99.00%,82,61,76.78467788740568,TRUE
82062,1090,410,99.00%,82,62,72.66666666666667,TRUE
82063,1378,506,99.00%,82,63,73.14225053078556,TRUE
82064,1348,490,99.00%,82,64,73.3405875952122,TRUE
82065,0,0,99.00%,82,65,NA,FALSE
82066,0,0,99.00%,82,66,NA,FALSE
82067,0,0,99.00%,82,67,NA,FALSE
82068,0,0,99.00%,82,68,NA,FALSE
82069,0,0,99.00%,82,69,NA,FALSE
82070,0,0,99.00%,82,70,NA,FALSE
82071,0,0,99.00%,82,71,NA,FALSE
82072,0,0,99.00%,82,72,NA,FALSE
82073,0,0,99.00%,82,73,NA,FALSE
82074,0,0,99.00%,82,74,NA,FALSE
82075,0,0,99.00%,82,75,NA,FALSE
82076,0,0,99.00%,82,76,NA,FALSE
82077,0,0,99.00%,82,77,NA,FALSE
83001,274,123,37.50%,83,1,69.0176322418136,TRUE
83002,275,134,37.50%,83,2,67.23716381418093,TRUE
83003,275,115,37.50%,83,3,70.51282051282051,TRUE
83004,741,170,99.00%,83,4,81.33918770581778,TRUE
83005,280,57,37.50%,83,5,83.08605341246292,TRUE
83006,803,321,99.00%,83,6,71.44128113879003,TRUE
83007,414,110,33.33%,83,7,79.00763358778626,TRUE
83008,659,222,99.00%,83,8,74.80136208853575,TRUE
83009,600,169,99.00%,83,9,78.02340702210662,TRUE
83010,725,225,99.00%,83,10,76.31578947368422,TRUE
83011,971,292,99.00%,83,11,76.88044338875693,TRUE
83012,733,226,99.00%,83,12,76.43378519290927,TRUE
83013,688,248,99.00%,83,13,73.50427350427351,TRUE
83014,654,140,99.00%,83,14,82.36775818639799,TRUE
83015,698,247,99.00%,83,15,73.86243386243386,TRUE
83016,800,240,99.00%,83,16,76.92307692307693,TRUE
83017,889,339,99.00%,83,17,72.39413680781759,TRUE
83018,572,180,99.00%,83,18,76.06382978723404,TRUE
83019,655,197,99.00%,83,19,76.87793427230048,TRUE
83020,921,233,99.00%,83,20,79.80935875216637,TRUE
83021,326,123,33.33%,83,21,72.60579064587974,TRUE
83022,164,31,33.33%,83,22,84.1025641025641,TRUE
83023,266,98,33.33%,83,23,73.07692307692307,TRUE
83024,247,61,33.33%,83,24,80.1948051948052,TRUE
83025,865,289,99.00%,83,25,74.95667244367418,TRUE
83026,725,255,99.00%,83,26,73.9795918367347,TRUE
83027,572,175,99.00%,83,27,76.57295850066934,TRUE
83028,586,138,99.00%,83,28,80.93922651933701,TRUE
83029,840,274,99.00%,83,29,75.40394973070018,TRUE
83030,802,207,99.00%,83,30,79.48463825569871,TRUE
83031,790,218,99.00%,83,31,78.37301587301587,TRUE
83032,872,256,99.00%,83,32,77.30496453900709,TRUE
83033,963,218,99.00%,83,33,81.54106689246402,TRUE
83034,974,298,99.00%,83,34,76.57232704402516,TRUE
83035,813,200,99.00%,83,35,80.25666337611057,TRUE
83036,637,123,99.00%,83,36,83.8157894736842,TRUE
83037,694,135,99.00%,83,37,83.71531966224367,TRUE
83038,608,147,99.00%,83,38,80.52980132450331,TRUE
83039,739,221,99.00%,83,39,76.97916666666667,TRUE
83040,538,166,99.00%,83,40,76.42045454545455,TRUE
83041,1032,229,99.00%,83,41,81.83980967486121,TRUE
83042,415,110,99.00%,83,42,79.04761904761905,TRUE
83043,1039,283,99.00%,83,43,78.59304084720121,TRUE
83044,1204,377,99.00%,83,44,76.15433270082227,TRUE
83045,586,163,99.00%,83,45,78.23765020026703,TRUE
83046,1044,328,99.00%,83,46,76.0932944606414,TRUE
83047,838,241,99.00%,83,47,77.66450417052828,TRUE
83048,1067,274,99.00%,83,48,79.56748695003728,TRUE
83049,496,72,99.00%,83,49,87.32394366197182,TRUE
83050,440,116,99.00%,83,50,79.13669064748201,TRUE
83051,419,88,99.00%,83,51,82.64299802761342,TRUE
83052,544,66,99.00%,83,52,89.18032786885246,TRUE
83053,510,160,99.00%,83,53,76.11940298507463,TRUE
83054,777,214,99.00%,83,54,78.40565085771948,TRUE
83055,315,136,99.00%,83,55,69.84478935698448,TRUE
83056,712,206,99.00%,83,56,77.5599128540305,TRUE
83057,81,42,99.00%,83,57,65.85365853658537,TRUE
83058,0,0,99.00%,83,58,NA,FALSE
83059,0,0,99.00%,83,59,NA,FALSE
84001,623,230,99.00%,84,1,73.03634232121922,TRUE
84002,336,148,99.00%,84,2,69.42148760330579,TRUE
84003,637,214,99.00%,84,3,74.85311398354877,TRUE
84004,589,150,99.00%,84,4,79.70230040595399,TRUE
84005,681,199,99.00%,84,5,77.38636363636363,TRUE
84006,771,195,99.00%,84,6,79.8136645962733,TRUE
84007,586,217,99.00%,84,7,72.97633872976338,TRUE
84008,687,243,99.00%,84,8,73.87096774193549,TRUE
84009,470,193,99.00%,84,9,70.88989441930619,TRUE
84010,679,188,99.00%,84,10,78.31603229527106,TRUE
84011,689,283,99.00%,84,11,70.88477366255144,TRUE
84012,610,301,99.00%,84,12,66.95938529088913,TRUE
84013,466,218,99.00%,84,13,68.12865497076024,TRUE
84014,782,324,99.00%,84,14,70.70524412296564,TRUE
84015,434,204,99.00%,84,15,68.02507836990596,TRUE
84016,337,158,99.00%,84,16,68.08080808080808,TRUE
84017,899,220,99.00%,84,17,80.33958891867739,TRUE
84018,532,185,99.00%,84,18,74.19804741980475,TRUE
84019,494,132,99.00%,84,19,78.91373801916933,TRUE
84020,723,268,99.00%,84,20,72.95660948536832,TRUE
84021,366,186,99.00%,84,21,66.30434782608695,TRUE
84022,664,195,99.00%,84,22,77.29918509895228,TRUE
84023,608,271,83.33%,84,23,69.16951080773607,TRUE
84024,412,135,99.00%,84,24,75.3199268738574,TRUE
84025,782,260,99.00%,84,25,75.04798464491363,TRUE
84026,449,171,99.00%,84,26,72.41935483870968,TRUE
84027,215,102,99.00%,84,27,67.82334384858044,TRUE
84028,670,254,99.00%,84,28,72.51082251082252,TRUE
84029,733,254,99.00%,84,29,74.26545086119553,TRUE
84030,524,245,99.00%,84,30,68.14044213263979,TRUE
84031,599,229,99.00%,84,31,72.34299516908213,TRUE
84032,600,226,99.00%,84,32,72.63922518159806,TRUE
84033,356,77,99.00%,84,33,82.21709006928405,TRUE
84034,525,233,99.00%,84,34,69.26121372031663,TRUE
84035,619,269,99.00%,84,35,69.7072072072072,TRUE
84036,522,221,99.00%,84,36,70.2557200538358,TRUE
84037,402,190,99.00%,84,37,67.9054054054054,TRUE
84038,542,274,99.00%,84,38,66.42156862745098,TRUE
84039,589,249,99.00%,84,39,70.28639618138425,TRUE
84040,421,202,99.00%,84,40,67.57624398073835,TRUE
84041,642,184,99.00%,84,41,77.72397094430993,TRUE
84042,510,181,99.00%,84,42,73.80607814761215,TRUE
84043,574,168,99.00%,84,43,77.35849056603774,TRUE
84044,951,303,99.00%,84,44,75.83732057416267,TRUE
84045,838,295,99.00%,84,45,73.96293027360989,TRUE
84046,468,95,99.00%,84,46,83.12611012433393,TRUE
84047,385,114,99.00%,84,47,77.15430861723446,TRUE
84048,738,197,99.00%,84,48,78.93048128342247,TRUE
84049,365,87,99.00%,84,49,80.75221238938053,TRUE
84050,672,283,99.00%,84,50,70.36649214659685,TRUE
84051,876,443,99.00%,84,51,66.41394996209249,TRUE
84052,180,65,99.00%,84,52,73.46938775510205,TRUE
84053,503,190,99.00%,84,53,72.58297258297259,TRUE
84054,79,60,83.33%,84,54,56.83453237410072,TRUE
84055,773,239,99.00%,84,55,76.38339920948617,TRUE
84056,260,62,99.00%,84,56,80.74534161490683,TRUE
84057,664,147,99.00%,84,57,81.87422934648582,TRUE
84058,0,0,99.00%,84,58,NA,FALSE
84059,0,0,99.00%,84,59,NA,FALSE
85001,1288,555,99.00%,85,1,69.88605534454693,TRUE
85002,792,412,99.00%,85,2,65.78073089700996,TRUE
85003,708,332,99.00%,85,3,68.07692307692308,TRUE
85004,752,285,99.00%,85,4,72.5168756027001,TRUE
85005,992,369,99.00%,85,5,72.88758265980897,TRUE
85006,487,131,99.00%,85,6,78.80258899676376,TRUE
85007,523,117,99.00%,85,7,81.71875,TRUE
85008,347,142,99.00%,85,8,70.96114519427404,TRUE
85009,782,359,99.00%,85,9,68.53637160385627,TRUE
85010,402,203,99.00%,85,10,66.44628099173553,TRUE
85011,663,211,99.00%,85,11,75.85812356979405,TRUE
85012,498,151,99.00%,85,12,76.73343605546995,TRUE
85013,599,194,99.00%,85,13,75.5359394703657,TRUE
85014,567,154,99.00%,85,14,78.64077669902912,TRUE
85015,1033,413,99.00%,85,15,71.4384508990318,TRUE
85016,573,183,85.71%,85,16,75.79365079365078,TRUE
85017,576,173,85.71%,85,17,76.90253671562083,TRUE
85018,947,304,99.00%,85,18,75.69944044764189,TRUE
85019,524,154,85.71%,85,19,77.28613569321534,TRUE
85020,431,109,85.71%,85,20,79.81481481481481,TRUE
85021,761,330,99.00%,85,21,69.75252062328138,TRUE
85022,748,298,99.00%,85,22,71.51051625239006,TRUE
85023,416,149,99.00%,85,23,73.6283185840708,TRUE
85024,255,92,99.00%,85,24,73.48703170028818,TRUE
85025,460,150,99.00%,85,25,75.40983606557377,TRUE
85026,425,92,99.00%,85,26,82.20502901353966,TRUE
85027,484,158,99.00%,85,27,75.38940809968847,TRUE
85028,771,270,99.00%,85,28,74.06340057636888,TRUE
85029,853,309,99.00%,85,29,73.407917383821,TRUE
85030,511,164,99.00%,85,30,75.70370370370371,TRUE
85031,539,171,99.00%,85,31,75.91549295774648,TRUE
85032,555,212,99.00%,85,32,72.35984354628422,TRUE
85033,773,175,99.00%,85,33,81.54008438818565,TRUE
85034,746,174,99.00%,85,34,81.08695652173913,TRUE
85035,639,192,99.00%,85,35,76.89530685920577,TRUE
85036,671,254,99.00%,85,36,72.54054054054055,TRUE
85037,509,131,99.00%,85,37,79.53125,TRUE
85038,942,396,99.00%,85,38,70.4035874439462,TRUE
85039,697,234,99.00%,85,39,74.86573576799141,TRUE
85040,418,166,99.00%,85,40,71.57534246575342,TRUE
85041,767,274,99.00%,85,41,73.67915465898174,TRUE
85042,516,154,99.00%,85,42,77.01492537313432,TRUE
85043,560,251,99.00%,85,43,69.0505548705302,TRUE
85044,480,156,99.00%,85,44,75.47169811320755,TRUE
85045,465,144,99.00%,85,45,76.35467980295566,TRUE
85046,678,203,99.00%,85,46,76.95800227014756,TRUE
85047,318,93,99.00%,85,47,77.37226277372264,TRUE
85048,331,131,99.00%,85,48,71.64502164502164,TRUE
85049,279,120,99.00%,85,49,69.92481203007519,TRUE
85050,523,176,99.00%,85,50,74.8211731044349,TRUE
85051,1238,592,99.00%,85,51,67.65027322404372,TRUE
85052,0,0,99.00%,85,52,NA,FALSE
85053,0,0,99.00%,85,53,NA,FALSE
85054,0,0,99.00%,85,54,NA,FALSE
85055,0,0,99.00%,85,55,NA,FALSE
85056,0,0,99.00%,85,56,NA,FALSE
85057,0,0,99.00%,85,57,NA,FALSE
85058,0,0,99.00%,85,58,NA,FALSE
85059,0,0,99.00%,85,59,NA,FALSE
85060,0,0,99.00%,85,60,NA,FALSE
85061,3,0,99.00%,85,61,100,TRUE
85062,0,0,99.00%,85,62,NA,FALSE
85063,0,0,99.00%,85,63,NA,FALSE
85064,0,0,99.00%,85,64,NA,FALSE
85065,0,0,99.00%,85,65,NA,FALSE
85066,0,0,99.00%,85,66,NA,FALSE
85067,0,0,99.00%,85,67,NA,FALSE
85068,0,0,99.00%,85,68,NA,FALSE
85069,0,0,99.00%,85,69,NA,FALSE
85070,0,0,99.00%,85,70,NA,FALSE
85071,0,0,99.00%,85,71,NA,FALSE
85072,0,0,99.00%,85,72,NA,FALSE
85073,0,0,99.00%,85,73,NA,FALSE
85074,0,0,99.00%,85,74,NA,FALSE
85075,0,0,99.00%,85,75,NA,FALSE
85076,0,0,99.00%,85,76,NA,FALSE
85077,0,0,99.00%,85,77,NA,FALSE
85078,0,0,99.00%,85,78,NA,FALSE
85079,0,0,99.00%,85,79,NA,FALSE
85080,0,0,99.00%,85,80,NA,FALSE
85081,0,0,99.00%,85,81,NA,FALSE
86001,412,173,99.00%,86,1,70.42735042735043,TRUE
86002,632,176,99.00%,86,2,78.21782178217822,TRUE
86003,59,28,99.00%,86,3,67.81609195402298,TRUE
86004,570,148,99.00%,86,4,79.38718662952647,TRUE
86005,504,115,99.00%,86,5,81.421647819063,TRUE
86006,489,162,99.00%,86,6,75.11520737327189,TRUE
86007,728,205,99.00%,86,7,78.02786709539122,TRUE
86008,531,143,99.00%,86,8,78.7833827893175,TRUE
86009,943,236,99.00%,86,9,79.98303647158609,TRUE
86010,614,158,99.00%,86,10,79.53367875647669,TRUE
86011,493,175,99.00%,86,11,73.80239520958084,TRUE
86012,531,167,88.89%,86,12,76.07449856733524,TRUE
86013,601,176,88.89%,86,13,77.34877734877735,TRUE
86014,392,94,88.89%,86,14,80.65843621399176,TRUE
86015,387,122,99.00%,86,15,76.03143418467585,TRUE
86016,603,275,99.00%,86,16,68.67881548974944,TRUE
86017,324,83,88.89%,86,17,79.60687960687962,TRUE
86018,568,174,99.00%,86,18,76.54986522911051,TRUE
86019,424,116,88.89%,86,19,78.51851851851852,TRUE
86020,468,152,99.00%,86,20,75.48387096774194,TRUE
86021,511,180,99.00%,86,21,73.9507959479016,TRUE
86022,422,199,99.00%,86,22,67.9549114331723,TRUE
86023,411,178,99.00%,86,23,69.77928692699491,TRUE
86024,374,111,99.00%,86,24,77.11340206185568,TRUE
86025,366,137,99.00%,86,25,72.76341948310139,TRUE
86026,575,174,90.91%,86,26,76.7690253671562,TRUE
86027,474,158,90.91%,86,27,75,TRUE
86028,582,155,90.91%,86,28,78.96879240162822,TRUE
86029,504,167,90.91%,86,29,75.1117734724292,TRUE
86030,640,187,99.00%,86,30,77.38814993954051,TRUE
86031,738,176,99.00%,86,31,80.74398249452955,TRUE
86032,581,187,99.00%,86,32,75.65104166666666,TRUE
86033,754,173,99.00%,86,33,81.33764832793959,TRUE
86034,409,122,88.89%,86,34,77.02448210922788,TRUE
86035,280,91,99.00%,86,35,75.47169811320755,TRUE
86036,422,93,99.00%,86,36,81.94174757281554,TRUE
86037,625,198,99.00%,86,37,75.94167679222356,TRUE
86038,612,168,99.00%,86,38,78.46153846153847,TRUE
86039,400,145,99.00%,86,39,73.39449541284404,TRUE
86040,401,118,99.00%,86,40,77.26396917148362,TRUE
86041,456,166,99.00%,86,41,73.31189710610933,TRUE
86042,661,174,99.00%,86,42,79.1616766467066,TRUE
86043,464,153,99.00%,86,43,75.20259319286872,TRUE
86044,564,156,99.00%,86,44,78.33333333333333,TRUE
86045,104,33,88.89%,86,45,75.91240875912408,TRUE
86046,429,162,99.00%,86,46,72.58883248730965,TRUE
86047,481,190,99.00%,86,47,71.68405365126677,TRUE
86048,464,146,99.00%,86,48,76.0655737704918,TRUE
86049,741,219,99.00%,86,49,77.1875,TRUE
86050,742,186,99.00%,86,50,79.95689655172413,TRUE
86051,0,0,88.89%,86,51,NA,FALSE
86052,0,0,99.00%,86,52,NA,FALSE
87001,565,151,99.00%,87,1,78.91061452513966,TRUE
87002,524,120,99.00%,87,2,81.36645962732919,TRUE
87003,440,132,99.00%,87,3,76.92307692307693,TRUE
87004,636,201,99.00%,87,4,75.98566308243727,TRUE
87005,646,238,85.71%,87,5,73.07692307692307,TRUE
87006,511,176,99.00%,87,6,74.38136826783115,TRUE
87007,674,184,99.00%,87,7,78.55477855477857,TRUE
87008,467,228,99.00%,87,8,67.19424460431654,TRUE
87009,733,311,99.00%,87,9,70.21072796934867,TRUE
87010,568,210,99.00%,87,10,73.00771208226222,TRUE
87011,735,234,99.00%,87,11,75.85139318885449,TRUE
87012,650,268,99.00%,87,12,70.80610021786492,TRUE
87013,693,211,99.00%,87,13,76.65929203539822,TRUE
87014,876,373,99.00%,87,14,70.13610888710969,TRUE
87015,963,329,99.00%,87,15,74.53560371517027,TRUE
87016,884,306,99.00%,87,16,74.28571428571429,TRUE
87017,731,273,99.00%,87,17,72.80876494023904,TRUE
87018,1029,394,99.00%,87,18,72.31201686577653,TRUE
87019,1009,342,99.00%,87,19,74.68541820873426,TRUE
87020,975,267,99.00%,87,20,78.50241545893721,TRUE
87021,908,324,99.00%,87,21,73.7012987012987,TRUE
87022,944,346,99.00%,87,22,73.17829457364341,TRUE
87023,1346,399,99.00%,87,23,77.13467048710602,TRUE
87024,1207,358,99.00%,87,24,77.12460063897764,TRUE
87025,1145,419,99.00%,87,25,73.20971867007673,TRUE
87026,1029,460,99.00%,87,26,69.10678307588985,TRUE
87027,935,302,99.00%,87,27,75.58609539207761,TRUE
87028,832,322,99.00%,87,28,72.09705372616985,TRUE
87029,773,374,99.00%,87,29,67.39319965126417,TRUE
87030,769,287,99.00%,87,30,72.8219696969697,TRUE
87031,874,367,99.00%,87,31,70.42707493956487,TRUE
87032,731,293,99.00%,87,32,71.38671875,TRUE
87033,28,19,99.00%,87,33,59.57446808510638,TRUE
87034,772,253,85.71%,87,34,75.3170731707317,TRUE
87035,716,195,99.00%,87,35,78.59495060373216,TRUE
87036,80,19,99.00%,87,36,80.8080808080808,TRUE
87037,686,276,99.00%,87,37,71.3097713097713,TRUE
87038,703,314,99.00%,87,38,69.12487708947886,TRUE
87039,1037,336,99.00%,87,39,75.5280407865987,TRUE
87040,842,252,99.00%,87,40,76.96526508226691,TRUE
87041,618,294,99.00%,87,41,67.76315789473685,TRUE
87042,821,304,99.00%,87,42,72.97777777777777,TRUE
87043,870,335,99.00%,87,43,72.19917012448133,TRUE
87044,689,265,99.00%,87,44,72.22222222222221,TRUE
87045,754,350,99.00%,87,45,68.29710144927536,TRUE
87046,705,290,99.00%,87,46,70.85427135678391,TRUE
87047,786,410,99.00%,87,47,65.7190635451505,TRUE
87048,874,379,99.00%,87,48,69.75259377494014,TRUE
87049,888,339,99.00%,87,49,72.37163814180929,TRUE
87050,497,89,99.00%,87,50,84.81228668941979,TRUE
87051,590,211,99.00%,87,51,73.65792759051186,TRUE
87052,425,128,99.00%,87,52,76.85352622061484,TRUE
87053,0,0,99.00%,87,53,NA,FALSE
87054,0,0,99.00%,87,54,NA,FALSE
87055,0,0,99.00%,87,55,NA,FALSE
NA,3044062,2223569,NA,NA,NA,57.78806450186052,TRUE
