ED_num,reported,candidate,party,votes,AD_num,scrape_time
ED    1,99.00%,Janice Chen,(Democratic),411,AD 41,2025-11-06_10:53:59.012304
ED    1,99.00%,Marisa Arrabito,(Democratic),361,AD 41,2025-11-06_10:53:59.012304
ED    1,99.00%,WRITE-IN,&nbsp,2,AD 41,2025-11-06_10:53:59.012304
ED    2,99.00%,Janice Chen,(Democratic),386,AD 41,2025-11-06_10:53:59.012304
ED    2,99.00%,Marisa Arrabito,(Democratic),333,AD 41,2025-11-06_10:53:59.012304
ED    2,99.00%,WRITE-IN,&nbsp,0,AD 41,2025-11-06_10:53:59.012304
ED    3,88.89%,Janice Chen,(Democratic),243,AD 41,2025-11-06_10:53:59.012304
ED    3,88.89%,Marisa Arrabito,(Democratic),215,AD 41,2025-11-06_10:53:59.012304
ED    3,88.89%,WRITE-IN,&nbsp,2,AD 41,2025-11-06_10:53:59.012304
ED    4,99.00%,Janice Chen,(Democratic),483,AD 41,2025-11-06_10:53:59.012304
ED    4,99.00%,Marisa Arrabito,(Democratic),408,AD 41,2025-11-06_10:53:59.012304
ED    4,99.00%,WRITE-IN,&nbsp,3,AD 41,2025-11-06_10:53:59.012304
ED    5,99.00%,Janice Chen,(Democratic),336,AD 41,2025-11-06_10:53:59.012304
ED    5,99.00%,Marisa Arrabito,(Democratic),275,AD 41,2025-11-06_10:53:59.012304
ED    5,99.00%,WRITE-IN,&nbsp,5,AD 41,2025-11-06_10:53:59.012304
ED    6,99.00%,Janice Chen,(Democratic),379,AD 41,2025-11-06_10:53:59.012304
ED    6,99.00%,Marisa Arrabito,(Democratic),336,AD 41,2025-11-06_10:53:59.012304
ED    6,99.00%,WRITE-IN,&nbsp,13,AD 41,2025-11-06_10:53:59.012304
ED    7,99.00%,Janice Chen,(Democratic),369,AD 41,2025-11-06_10:53:59.012304
ED    7,99.00%,Marisa Arrabito,(Democratic),321,AD 41,2025-11-06_10:53:59.012304
ED    7,99.00%,WRITE-IN,&nbsp,2,AD 41,2025-11-06_10:53:59.012304
ED    8,99.00%,Janice Chen,(Democratic),329,AD 41,2025-11-06_10:53:59.012304
ED    8,99.00%,Marisa Arrabito,(Democratic),294,AD 41,2025-11-06_10:53:59.012304
ED    8,99.00%,WRITE-IN,&nbsp,0,AD 41,2025-11-06_10:53:59.012304
ED    9,88.89%,Janice Chen,(Democratic),380,AD 41,2025-11-06_10:53:59.012304
ED    9,88.89%,Marisa Arrabito,(Democratic),330,AD 41,2025-11-06_10:53:59.012304
ED    9,88.89%,WRITE-IN,&nbsp,2,AD 41,2025-11-06_10:53:59.012304
ED   10,90.91%,Janice Chen,(Democratic),256,AD 41,2025-11-06_10:53:59.012304
ED   10,90.91%,Marisa Arrabito,(Democratic),217,AD 41,2025-11-06_10:53:59.012304
ED   10,90.91%,WRITE-IN,&nbsp,0,AD 41,2025-11-06_10:53:59.012304
ED   11,88.89%,Janice Chen,(Democratic),364,AD 41,2025-11-06_10:53:59.012304
ED   11,88.89%,Marisa Arrabito,(Democratic),318,AD 41,2025-11-06_10:53:59.012304
ED   11,88.89%,WRITE-IN,&nbsp,2,AD 41,2025-11-06_10:53:59.012304
ED   12,99.00%,Janice Chen,(Democratic),209,AD 41,2025-11-06_10:53:59.012304
ED   12,99.00%,Marisa Arrabito,(Democratic),172,AD 41,2025-11-06_10:53:59.012304
ED   12,99.00%,WRITE-IN,&nbsp,10,AD 41,2025-11-06_10:53:59.012304
ED   13,99.00%,Janice Chen,(Democratic),213,AD 41,2025-11-06_10:53:59.012304
ED   13,99.00%,Marisa Arrabito,(Democratic),185,AD 41,2025-11-06_10:53:59.012304
ED   13,99.00%,WRITE-IN,&nbsp,11,AD 41,2025-11-06_10:53:59.012304
ED   14,99.00%,Janice Chen,(Democratic),234,AD 41,2025-11-06_10:53:59.012304
ED   14,99.00%,Marisa Arrabito,(Democratic),193,AD 41,2025-11-06_10:53:59.012304
ED   14,99.00%,WRITE-IN,&nbsp,31,AD 41,2025-11-06_10:53:59.012304
ED   15,99.00%,Janice Chen,(Democratic),117,AD 41,2025-11-06_10:53:59.012304
ED   15,99.00%,Marisa Arrabito,(Democratic),105,AD 41,2025-11-06_10:53:59.012304
ED   15,99.00%,WRITE-IN,&nbsp,4,AD 41,2025-11-06_10:53:59.012304
ED   16,99.00%,Janice Chen,(Democratic),205,AD 41,2025-11-06_10:53:59.012304
ED   16,99.00%,Marisa Arrabito,(Democratic),188,AD 41,2025-11-06_10:53:59.012304
ED   16,99.00%,WRITE-IN,&nbsp,8,AD 41,2025-11-06_10:53:59.012304
ED   17,99.00%,Janice Chen,(Democratic),299,AD 41,2025-11-06_10:53:59.012304
ED   17,99.00%,Marisa Arrabito,(Democratic),268,AD 41,2025-11-06_10:53:59.012304
ED   17,99.00%,WRITE-IN,&nbsp,2,AD 41,2025-11-06_10:53:59.012304
ED   18,99.00%,Janice Chen,(Democratic),293,AD 41,2025-11-06_10:53:59.012304
ED   18,99.00%,Marisa Arrabito,(Democratic),244,AD 41,2025-11-06_10:53:59.012304
ED   18,99.00%,WRITE-IN,&nbsp,1,AD 41,2025-11-06_10:53:59.012304
ED   19,99.00%,Janice Chen,(Democratic),339,AD 41,2025-11-06_10:53:59.012304
ED   19,99.00%,Marisa Arrabito,(Democratic),296,AD 41,2025-11-06_10:53:59.012304
ED   19,99.00%,WRITE-IN,&nbsp,2,AD 41,2025-11-06_10:53:59.012304
ED   20,99.00%,Janice Chen,(Democratic),183,AD 41,2025-11-06_10:53:59.012304
ED   20,99.00%,Marisa Arrabito,(Democratic),163,AD 41,2025-11-06_10:53:59.012304
ED   20,99.00%,WRITE-IN,&nbsp,13,AD 41,2025-11-06_10:53:59.012304
ED   21,99.00%,Janice Chen,(Democratic),197,AD 41,2025-11-06_10:53:59.012304
ED   21,99.00%,Marisa Arrabito,(Democratic),173,AD 41,2025-11-06_10:53:59.012304
ED   21,99.00%,WRITE-IN,&nbsp,16,AD 41,2025-11-06_10:53:59.012304
ED   22,99.00%,Janice Chen,(Democratic),197,AD 41,2025-11-06_10:53:59.012304
ED   22,99.00%,Marisa Arrabito,(Democratic),151,AD 41,2025-11-06_10:53:59.012304
ED   22,99.00%,WRITE-IN,&nbsp,7,AD 41,2025-11-06_10:53:59.012304
ED   23,83.33%,Janice Chen,(Democratic),250,AD 41,2025-11-06_10:53:59.012304
ED   23,83.33%,Marisa Arrabito,(Democratic),201,AD 41,2025-11-06_10:53:59.012304
ED   23,83.33%,WRITE-IN,&nbsp,23,AD 41,2025-11-06_10:53:59.012304
ED   24,83.33%,Janice Chen,(Democratic),296,AD 41,2025-11-06_10:53:59.012304
ED   24,83.33%,Marisa Arrabito,(Democratic),251,AD 41,2025-11-06_10:53:59.012304
ED   24,83.33%,WRITE-IN,&nbsp,12,AD 41,2025-11-06_10:53:59.012304
ED   25,83.33%,Janice Chen,(Democratic),307,AD 41,2025-11-06_10:53:59.012304
ED   25,83.33%,Marisa Arrabito,(Democratic),251,AD 41,2025-11-06_10:53:59.012304
ED   25,83.33%,WRITE-IN,&nbsp,16,AD 41,2025-11-06_10:53:59.012304
ED   26,99.00%,Janice Chen,(Democratic),332,AD 41,2025-11-06_10:53:59.012304
ED   26,99.00%,Marisa Arrabito,(Democratic),251,AD 41,2025-11-06_10:53:59.012304
ED   26,99.00%,WRITE-IN,&nbsp,25,AD 41,2025-11-06_10:53:59.012304
ED   27,99.00%,Janice Chen,(Democratic),300,AD 41,2025-11-06_10:53:59.012304
ED   27,99.00%,Marisa Arrabito,(Democratic),278,AD 41,2025-11-06_10:53:59.012304
ED   27,99.00%,WRITE-IN,&nbsp,31,AD 41,2025-11-06_10:53:59.012304
ED   28,99.00%,Janice Chen,(Democratic),256,AD 41,2025-11-06_10:53:59.012304
ED   28,99.00%,Marisa Arrabito,(Democratic),206,AD 41,2025-11-06_10:53:59.012304
ED   28,99.00%,WRITE-IN,&nbsp,17,AD 41,2025-11-06_10:53:59.012304
ED   29,99.00%,Janice Chen,(Democratic),213,AD 41,2025-11-06_10:53:59.012304
ED   29,99.00%,Marisa Arrabito,(Democratic),158,AD 41,2025-11-06_10:53:59.012304
ED   29,99.00%,WRITE-IN,&nbsp,10,AD 41,2025-11-06_10:53:59.012304
ED   30,99.00%,Janice Chen,(Democratic),237,AD 41,2025-11-06_10:53:59.012304
ED   30,99.00%,Marisa Arrabito,(Democratic),191,AD 41,2025-11-06_10:53:59.012304
ED   30,99.00%,WRITE-IN,&nbsp,5,AD 41,2025-11-06_10:53:59.012304
ED   31,99.00%,Janice Chen,(Democratic),158,AD 41,2025-11-06_10:53:59.012304
ED   31,99.00%,Marisa Arrabito,(Democratic),132,AD 41,2025-11-06_10:53:59.012304
ED   31,99.00%,WRITE-IN,&nbsp,10,AD 41,2025-11-06_10:53:59.012304
ED   32,99.00%,Janice Chen,(Democratic),347,AD 41,2025-11-06_10:53:59.012304
ED   32,99.00%,Marisa Arrabito,(Democratic),300,AD 41,2025-11-06_10:53:59.012304
ED   32,99.00%,WRITE-IN,&nbsp,18,AD 41,2025-11-06_10:53:59.012304
ED   33,99.00%,Janice Chen,(Democratic),364,AD 41,2025-11-06_10:53:59.012304
ED   33,99.00%,Marisa Arrabito,(Democratic),300,AD 41,2025-11-06_10:53:59.012304
ED   33,99.00%,WRITE-IN,&nbsp,38,AD 41,2025-11-06_10:53:59.012304
ED   34,99.00%,Janice Chen,(Democratic),408,AD 41,2025-11-06_10:53:59.012304
ED   34,99.00%,Marisa Arrabito,(Democratic),347,AD 41,2025-11-06_10:53:59.012304
ED   34,99.00%,WRITE-IN,&nbsp,50,AD 41,2025-11-06_10:53:59.012304
ED   35,99.00%,Janice Chen,(Democratic),263,AD 41,2025-11-06_10:53:59.012304
ED   35,99.00%,Marisa Arrabito,(Democratic),198,AD 41,2025-11-06_10:53:59.012304
ED   35,99.00%,WRITE-IN,&nbsp,39,AD 41,2025-11-06_10:53:59.012304
ED   36,99.00%,Janice Chen,(Democratic),161,AD 41,2025-11-06_10:53:59.012304
ED   36,99.00%,Marisa Arrabito,(Democratic),144,AD 41,2025-11-06_10:53:59.012304
ED   36,99.00%,WRITE-IN,&nbsp,13,AD 41,2025-11-06_10:53:59.012304
ED   37,99.00%,Janice Chen,(Democratic),196,AD 41,2025-11-06_10:53:59.012304
ED   37,99.00%,Marisa Arrabito,(Democratic),168,AD 41,2025-11-06_10:53:59.012304
ED   37,99.00%,WRITE-IN,&nbsp,11,AD 41,2025-11-06_10:53:59.012304
ED   38,99.00%,Janice Chen,(Democratic),86,AD 41,2025-11-06_10:53:59.012304
ED   38,99.00%,Marisa Arrabito,(Democratic),70,AD 41,2025-11-06_10:53:59.012304
ED   38,99.00%,WRITE-IN,&nbsp,3,AD 41,2025-11-06_10:53:59.012304
ED   39,99.00%,Janice Chen,(Democratic),122,AD 41,2025-11-06_10:53:59.012304
ED   39,99.00%,Marisa Arrabito,(Democratic),93,AD 41,2025-11-06_10:53:59.012304
ED   39,99.00%,WRITE-IN,&nbsp,4,AD 41,2025-11-06_10:53:59.012304
ED   40,99.00%,Janice Chen,(Democratic),250,AD 41,2025-11-06_10:53:59.012304
ED   40,99.00%,Marisa Arrabito,(Democratic),176,AD 41,2025-11-06_10:53:59.012304
ED   40,99.00%,WRITE-IN,&nbsp,11,AD 41,2025-11-06_10:53:59.012304
ED   41,99.00%,Janice Chen,(Democratic),260,AD 41,2025-11-06_10:53:59.012304
ED   41,99.00%,Marisa Arrabito,(Democratic),218,AD 41,2025-11-06_10:53:59.012304
ED   41,99.00%,WRITE-IN,&nbsp,15,AD 41,2025-11-06_10:53:59.012304
ED   42,99.00%,Janice Chen,(Democratic),281,AD 41,2025-11-06_10:53:59.012304
ED   42,99.00%,Marisa Arrabito,(Democratic),220,AD 41,2025-11-06_10:53:59.012304
ED   42,99.00%,WRITE-IN,&nbsp,9,AD 41,2025-11-06_10:53:59.012304
ED   43,99.00%,Janice Chen,(Democratic),306,AD 41,2025-11-06_10:53:59.012304
ED   43,99.00%,Marisa Arrabito,(Democratic),208,AD 41,2025-11-06_10:53:59.012304
ED   43,99.00%,WRITE-IN,&nbsp,4,AD 41,2025-11-06_10:53:59.012304
ED   44,99.00%,Janice Chen,(Democratic),249,AD 41,2025-11-06_10:53:59.012304
ED   44,99.00%,Marisa Arrabito,(Democratic),173,AD 41,2025-11-06_10:53:59.012304
ED   44,99.00%,WRITE-IN,&nbsp,4,AD 41,2025-11-06_10:53:59.012304
ED   45,99.00%,Janice Chen,(Democratic),304,AD 41,2025-11-06_10:53:59.012304
ED   45,99.00%,Marisa Arrabito,(Democratic),248,AD 41,2025-11-06_10:53:59.012304
ED   45,99.00%,WRITE-IN,&nbsp,22,AD 41,2025-11-06_10:53:59.012304
ED   46,99.00%,Janice Chen,(Democratic),200,AD 41,2025-11-06_10:53:59.012304
ED   46,99.00%,Marisa Arrabito,(Democratic),156,AD 41,2025-11-06_10:53:59.012304
ED   46,99.00%,WRITE-IN,&nbsp,6,AD 41,2025-11-06_10:53:59.012304
ED   47,99.00%,Janice Chen,(Democratic),257,AD 41,2025-11-06_10:53:59.012304
ED   47,99.00%,Marisa Arrabito,(Democratic),179,AD 41,2025-11-06_10:53:59.012304
ED   47,99.00%,WRITE-IN,&nbsp,5,AD 41,2025-11-06_10:53:59.012304
ED   48,99.00%,Janice Chen,(Democratic),292,AD 41,2025-11-06_10:53:59.012304
ED   48,99.00%,Marisa Arrabito,(Democratic),248,AD 41,2025-11-06_10:53:59.012304
ED   48,99.00%,WRITE-IN,&nbsp,3,AD 41,2025-11-06_10:53:59.012304
ED   49,99.00%,Janice Chen,(Democratic),192,AD 41,2025-11-06_10:53:59.012304
ED   49,99.00%,Marisa Arrabito,(Democratic),163,AD 41,2025-11-06_10:53:59.012304
ED   49,99.00%,WRITE-IN,&nbsp,4,AD 41,2025-11-06_10:53:59.012304
ED   50,99.00%,Janice Chen,(Democratic),176,AD 41,2025-11-06_10:53:59.012304
ED   50,99.00%,Marisa Arrabito,(Democratic),160,AD 41,2025-11-06_10:53:59.012304
ED   50,99.00%,WRITE-IN,&nbsp,2,AD 41,2025-11-06_10:53:59.012304
ED   51,99.00%,Janice Chen,(Democratic),92,AD 41,2025-11-06_10:53:59.012304
ED   51,99.00%,Marisa Arrabito,(Democratic),88,AD 41,2025-11-06_10:53:59.012304
ED   51,99.00%,WRITE-IN,&nbsp,0,AD 41,2025-11-06_10:53:59.012304
ED   52,99.00%,Janice Chen,(Democratic),400,AD 41,2025-11-06_10:53:59.012304
ED   52,99.00%,Marisa Arrabito,(Democratic),348,AD 41,2025-11-06_10:53:59.012304
ED   52,99.00%,WRITE-IN,&nbsp,32,AD 41,2025-11-06_10:53:59.012304
ED   53,99.00%,Janice Chen,(Democratic),166,AD 41,2025-11-06_10:53:59.012304
ED   53,99.00%,Marisa Arrabito,(Democratic),141,AD 41,2025-11-06_10:53:59.012304
ED   53,99.00%,WRITE-IN,&nbsp,0,AD 41,2025-11-06_10:53:59.012304
ED   54,99.00%,Janice Chen,(Democratic),181,AD 41,2025-11-06_10:53:59.012304
ED   54,99.00%,Marisa Arrabito,(Democratic),159,AD 41,2025-11-06_10:53:59.012304
ED   54,99.00%,WRITE-IN,&nbsp,15,AD 41,2025-11-06_10:53:59.012304
ED   55,99.00%,Janice Chen,(Democratic),250,AD 41,2025-11-06_10:53:59.012304
ED   55,99.00%,Marisa Arrabito,(Democratic),205,AD 41,2025-11-06_10:53:59.012304
ED   55,99.00%,WRITE-IN,&nbsp,13,AD 41,2025-11-06_10:53:59.012304
ED   56,99.00%,Janice Chen,(Democratic),314,AD 41,2025-11-06_10:53:59.012304
ED   56,99.00%,Marisa Arrabito,(Democratic),228,AD 41,2025-11-06_10:53:59.012304
ED   56,99.00%,WRITE-IN,&nbsp,14,AD 41,2025-11-06_10:53:59.012304
ED   57,99.00%,Janice Chen,(Democratic),179,AD 41,2025-11-06_10:53:59.012304
ED   57,99.00%,Marisa Arrabito,(Democratic),128,AD 41,2025-11-06_10:53:59.012304
ED   57,99.00%,WRITE-IN,&nbsp,12,AD 41,2025-11-06_10:53:59.012304
ED   58,99.00%,Janice Chen,(Democratic),349,AD 41,2025-11-06_10:53:59.012304
ED   58,99.00%,Marisa Arrabito,(Democratic),262,AD 41,2025-11-06_10:53:59.012304
ED   58,99.00%,WRITE-IN,&nbsp,19,AD 41,2025-11-06_10:53:59.012304
ED   59,99.00%,Janice Chen,(Democratic),101,AD 41,2025-11-06_10:53:59.012304
ED   59,99.00%,Marisa Arrabito,(Democratic),79,AD 41,2025-11-06_10:53:59.012304
ED   59,99.00%,WRITE-IN,&nbsp,6,AD 41,2025-11-06_10:53:59.012304
ED   60,99.00%,Janice Chen,(Democratic),144,AD 41,2025-11-06_10:53:59.012304
ED   60,99.00%,Marisa Arrabito,(Democratic),104,AD 41,2025-11-06_10:53:59.012304
ED   60,99.00%,WRITE-IN,&nbsp,14,AD 41,2025-11-06_10:53:59.012304
ED   61,99.00%,Janice Chen,(Democratic),265,AD 41,2025-11-06_10:53:59.012304
ED   61,99.00%,Marisa Arrabito,(Democratic),222,AD 41,2025-11-06_10:53:59.012304
ED   61,99.00%,WRITE-IN,&nbsp,15,AD 41,2025-11-06_10:53:59.012304
ED   62,99.00%,Janice Chen,(Democratic),99,AD 41,2025-11-06_10:53:59.012304
ED   62,99.00%,Marisa Arrabito,(Democratic),81,AD 41,2025-11-06_10:53:59.012304
ED   62,99.00%,WRITE-IN,&nbsp,16,AD 41,2025-11-06_10:53:59.012304
ED   63,99.00%,Janice Chen,(Democratic),243,AD 41,2025-11-06_10:53:59.012304
ED   63,99.00%,Marisa Arrabito,(Democratic),190,AD 41,2025-11-06_10:53:59.012304
ED   63,99.00%,WRITE-IN,&nbsp,28,AD 41,2025-11-06_10:53:59.012304
ED   64,99.00%,Janice Chen,(Democratic),271,AD 41,2025-11-06_10:53:59.012304
ED   64,99.00%,Marisa Arrabito,(Democratic),237,AD 41,2025-11-06_10:53:59.012304
ED   64,99.00%,WRITE-IN,&nbsp,34,AD 41,2025-11-06_10:53:59.012304
ED   65,99.00%,Janice Chen,(Democratic),200,AD 41,2025-11-06_10:53:59.012304
ED   65,99.00%,Marisa Arrabito,(Democratic),176,AD 41,2025-11-06_10:53:59.012304
ED   65,99.00%,WRITE-IN,&nbsp,6,AD 41,2025-11-06_10:53:59.012304
ED   66,99.00%,Janice Chen,(Democratic),163,AD 41,2025-11-06_10:53:59.012304
ED   66,99.00%,Marisa Arrabito,(Democratic),154,AD 41,2025-11-06_10:53:59.012304
ED   66,99.00%,WRITE-IN,&nbsp,5,AD 41,2025-11-06_10:53:59.012304
ED   67,99.00%,Janice Chen,(Democratic),162,AD 41,2025-11-06_10:53:59.012304
ED   67,99.00%,Marisa Arrabito,(Democratic),130,AD 41,2025-11-06_10:53:59.012304
ED   67,99.00%,WRITE-IN,&nbsp,13,AD 41,2025-11-06_10:53:59.012304
ED   68,99.00%,Janice Chen,(Democratic),83,AD 41,2025-11-06_10:53:59.012304
ED   68,99.00%,Marisa Arrabito,(Democratic),74,AD 41,2025-11-06_10:53:59.012304
ED   68,99.00%,WRITE-IN,&nbsp,1,AD 41,2025-11-06_10:53:59.012304
ED   69,99.00%,Janice Chen,(Democratic),83,AD 41,2025-11-06_10:53:59.012304
ED   69,99.00%,Marisa Arrabito,(Democratic),63,AD 41,2025-11-06_10:53:59.012304
ED   69,99.00%,WRITE-IN,&nbsp,3,AD 41,2025-11-06_10:53:59.012304
ED   70,99.00%,Janice Chen,(Democratic),0,AD 41,2025-11-06_10:53:59.012304
ED   70,99.00%,Marisa Arrabito,(Democratic),0,AD 41,2025-11-06_10:53:59.012304
ED   70,99.00%,WRITE-IN,&nbsp,0,AD 41,2025-11-06_10:53:59.012304
ED   71,99.00%,Janice Chen,(Democratic),0,AD 41,2025-11-06_10:53:59.012304
ED   71,99.00%,Marisa Arrabito,(Democratic),0,AD 41,2025-11-06_10:53:59.012304
ED   71,99.00%,WRITE-IN,&nbsp,0,AD 41,2025-11-06_10:53:59.012304
Total,,Janice Chen,(Democratic),17230,AD 41,2025-11-06_10:53:59.012304
Total,,Marisa Arrabito,(Democratic),14303,AD 41,2025-11-06_10:53:59.012304
Total,,WRITE-IN,&nbsp,792,AD 41,2025-11-06_10:53:59.012304
ED    1,99.00%,Janice Chen,(Democratic),30,AD 42,2025-11-06_10:53:59.012304
ED    1,99.00%,Marisa Arrabito,(Democratic),27,AD 42,2025-11-06_10:53:59.012304
ED    1,99.00%,WRITE-IN,&nbsp,0,AD 42,2025-11-06_10:53:59.012304
ED    2,99.00%,Janice Chen,(Democratic),405,AD 42,2025-11-06_10:53:59.012304
ED    2,99.00%,Marisa Arrabito,(Democratic),375,AD 42,2025-11-06_10:53:59.012304
ED    2,99.00%,WRITE-IN,&nbsp,3,AD 42,2025-11-06_10:53:59.012304
ED    3,99.00%,Janice Chen,(Democratic),561,AD 42,2025-11-06_10:53:59.012304
ED    3,99.00%,Marisa Arrabito,(Democratic),534,AD 42,2025-11-06_10:53:59.012304
ED    3,99.00%,WRITE-IN,&nbsp,4,AD 42,2025-11-06_10:53:59.012304
ED    4,99.00%,Janice Chen,(Democratic),484,AD 42,2025-11-06_10:53:59.012304
ED    4,99.00%,Marisa Arrabito,(Democratic),456,AD 42,2025-11-06_10:53:59.012304
ED    4,99.00%,WRITE-IN,&nbsp,5,AD 42,2025-11-06_10:53:59.012304
ED    5,99.00%,Janice Chen,(Democratic),473,AD 42,2025-11-06_10:53:59.012304
ED    5,99.00%,Marisa Arrabito,(Democratic),431,AD 42,2025-11-06_10:53:59.012304
ED    5,99.00%,WRITE-IN,&nbsp,1,AD 42,2025-11-06_10:53:59.012304
ED    6,99.00%,Janice Chen,(Democratic),578,AD 42,2025-11-06_10:53:59.012304
ED    6,99.00%,Marisa Arrabito,(Democratic),541,AD 42,2025-11-06_10:53:59.012304
ED    6,99.00%,WRITE-IN,&nbsp,8,AD 42,2025-11-06_10:53:59.012304
ED    7,99.00%,Janice Chen,(Democratic),555,AD 42,2025-11-06_10:53:59.012304
ED    7,99.00%,Marisa Arrabito,(Democratic),519,AD 42,2025-11-06_10:53:59.012304
ED    7,99.00%,WRITE-IN,&nbsp,2,AD 42,2025-11-06_10:53:59.012304
ED    8,99.00%,Janice Chen,(Democratic),258,AD 42,2025-11-06_10:53:59.012304
ED    8,99.00%,Marisa Arrabito,(Democratic),238,AD 42,2025-11-06_10:53:59.012304
ED    8,99.00%,WRITE-IN,&nbsp,0,AD 42,2025-11-06_10:53:59.012304
ED    9,99.00%,Janice Chen,(Democratic),460,AD 42,2025-11-06_10:53:59.012304
ED    9,99.00%,Marisa Arrabito,(Democratic),403,AD 42,2025-11-06_10:53:59.012304
ED    9,99.00%,WRITE-IN,&nbsp,1,AD 42,2025-11-06_10:53:59.012304
ED   10,99.00%,Janice Chen,(Democratic),472,AD 42,2025-11-06_10:53:59.012304
ED   10,99.00%,Marisa Arrabito,(Democratic),429,AD 42,2025-11-06_10:53:59.012304
ED   10,99.00%,WRITE-IN,&nbsp,4,AD 42,2025-11-06_10:53:59.012304
ED   11,99.00%,Janice Chen,(Democratic),482,AD 42,2025-11-06_10:53:59.012304
ED   11,99.00%,Marisa Arrabito,(Democratic),467,AD 42,2025-11-06_10:53:59.012304
ED   11,99.00%,WRITE-IN,&nbsp,7,AD 42,2025-11-06_10:53:59.012304
ED   12,99.00%,Janice Chen,(Democratic),477,AD 42,2025-11-06_10:53:59.012304
ED   12,99.00%,Marisa Arrabito,(Democratic),434,AD 42,2025-11-06_10:53:59.012304
ED   12,99.00%,WRITE-IN,&nbsp,5,AD 42,2025-11-06_10:53:59.012304
ED   13,99.00%,Janice Chen,(Democratic),501,AD 42,2025-11-06_10:53:59.012304
ED   13,99.00%,Marisa Arrabito,(Democratic),450,AD 42,2025-11-06_10:53:59.012304
ED   13,99.00%,WRITE-IN,&nbsp,2,AD 42,2025-11-06_10:53:59.012304
ED   14,99.00%,Janice Chen,(Democratic),398,AD 42,2025-11-06_10:53:59.012304
ED   14,99.00%,Marisa Arrabito,(Democratic),378,AD 42,2025-11-06_10:53:59.012304
ED   14,99.00%,WRITE-IN,&nbsp,2,AD 42,2025-11-06_10:53:59.012304
ED   15,99.00%,Janice Chen,(Democratic),517,AD 42,2025-11-06_10:53:59.012304
ED   15,99.00%,Marisa Arrabito,(Democratic),459,AD 42,2025-11-06_10:53:59.012304
ED   15,99.00%,WRITE-IN,&nbsp,6,AD 42,2025-11-06_10:53:59.012304
ED   16,99.00%,Janice Chen,(Democratic),413,AD 42,2025-11-06_10:53:59.012304
ED   16,99.00%,Marisa Arrabito,(Democratic),388,AD 42,2025-11-06_10:53:59.012304
ED   16,99.00%,WRITE-IN,&nbsp,4,AD 42,2025-11-06_10:53:59.012304
ED   17,99.00%,Janice Chen,(Democratic),409,AD 42,2025-11-06_10:53:59.012304
ED   17,99.00%,Marisa Arrabito,(Democratic),351,AD 42,2025-11-06_10:53:59.012304
ED   17,99.00%,WRITE-IN,&nbsp,2,AD 42,2025-11-06_10:53:59.012304
ED   18,99.00%,Janice Chen,(Democratic),318,AD 42,2025-11-06_10:53:59.012304
ED   18,99.00%,Marisa Arrabito,(Democratic),290,AD 42,2025-11-06_10:53:59.012304
ED   18,99.00%,WRITE-IN,&nbsp,2,AD 42,2025-11-06_10:53:59.012304
ED   19,99.00%,Janice Chen,(Democratic),524,AD 42,2025-11-06_10:53:59.012304
ED   19,99.00%,Marisa Arrabito,(Democratic),480,AD 42,2025-11-06_10:53:59.012304
ED   19,99.00%,WRITE-IN,&nbsp,7,AD 42,2025-11-06_10:53:59.012304
ED   20,99.00%,Janice Chen,(Democratic),428,AD 42,2025-11-06_10:53:59.012304
ED   20,99.00%,Marisa Arrabito,(Democratic),369,AD 42,2025-11-06_10:53:59.012304
ED   20,99.00%,WRITE-IN,&nbsp,8,AD 42,2025-11-06_10:53:59.012304
ED   21,99.00%,Janice Chen,(Democratic),432,AD 42,2025-11-06_10:53:59.012304
ED   21,99.00%,Marisa Arrabito,(Democratic),420,AD 42,2025-11-06_10:53:59.012304
ED   21,99.00%,WRITE-IN,&nbsp,0,AD 42,2025-11-06_10:53:59.012304
ED   22,99.00%,Janice Chen,(Democratic),499,AD 42,2025-11-06_10:53:59.012304
ED   22,99.00%,Marisa Arrabito,(Democratic),451,AD 42,2025-11-06_10:53:59.012304
ED   22,99.00%,WRITE-IN,&nbsp,8,AD 42,2025-11-06_10:53:59.012304
ED   23,99.00%,Janice Chen,(Democratic),477,AD 42,2025-11-06_10:53:59.012304
ED   23,99.00%,Marisa Arrabito,(Democratic),425,AD 42,2025-11-06_10:53:59.012304
ED   23,99.00%,WRITE-IN,&nbsp,0,AD 42,2025-11-06_10:53:59.012304
ED   24,99.00%,Janice Chen,(Democratic),419,AD 42,2025-11-06_10:53:59.012304
ED   24,99.00%,Marisa Arrabito,(Democratic),383,AD 42,2025-11-06_10:53:59.012304
ED   24,99.00%,WRITE-IN,&nbsp,6,AD 42,2025-11-06_10:53:59.012304
ED   25,99.00%,Janice Chen,(Democratic),391,AD 42,2025-11-06_10:53:59.012304
ED   25,99.00%,Marisa Arrabito,(Democratic),352,AD 42,2025-11-06_10:53:59.012304
ED   25,99.00%,WRITE-IN,&nbsp,5,AD 42,2025-11-06_10:53:59.012304
ED   26,99.00%,Janice Chen,(Democratic),479,AD 42,2025-11-06_10:53:59.012304
ED   26,99.00%,Marisa Arrabito,(Democratic),437,AD 42,2025-11-06_10:53:59.012304
ED   26,99.00%,WRITE-IN,&nbsp,6,AD 42,2025-11-06_10:53:59.012304
ED   27,99.00%,Janice Chen,(Democratic),152,AD 42,2025-11-06_10:53:59.012304
ED   27,99.00%,Marisa Arrabito,(Democratic),149,AD 42,2025-11-06_10:53:59.012304
ED   27,99.00%,WRITE-IN,&nbsp,2,AD 42,2025-11-06_10:53:59.012304
ED   28,99.00%,Janice Chen,(Democratic),559,AD 42,2025-11-06_10:53:59.012304
ED   28,99.00%,Marisa Arrabito,(Democratic),497,AD 42,2025-11-06_10:53:59.012304
ED   28,99.00%,WRITE-IN,&nbsp,7,AD 42,2025-11-06_10:53:59.012304
ED   29,99.00%,Janice Chen,(Democratic),407,AD 42,2025-11-06_10:53:59.012304
ED   29,99.00%,Marisa Arrabito,(Democratic),368,AD 42,2025-11-06_10:53:59.012304
ED   29,99.00%,WRITE-IN,&nbsp,6,AD 42,2025-11-06_10:53:59.012304
ED   30,99.00%,Janice Chen,(Democratic),260,AD 42,2025-11-06_10:53:59.012304
ED   30,99.00%,Marisa Arrabito,(Democratic),225,AD 42,2025-11-06_10:53:59.012304
ED   30,99.00%,WRITE-IN,&nbsp,0,AD 42,2025-11-06_10:53:59.012304
ED   31,99.00%,Janice Chen,(Democratic),330,AD 42,2025-11-06_10:53:59.012304
ED   31,99.00%,Marisa Arrabito,(Democratic),282,AD 42,2025-11-06_10:53:59.012304
ED   31,99.00%,WRITE-IN,&nbsp,3,AD 42,2025-11-06_10:53:59.012304
ED   32,99.00%,Janice Chen,(Democratic),344,AD 42,2025-11-06_10:53:59.012304
ED   32,99.00%,Marisa Arrabito,(Democratic),306,AD 42,2025-11-06_10:53:59.012304
ED   32,99.00%,WRITE-IN,&nbsp,3,AD 42,2025-11-06_10:53:59.012304
ED   33,99.00%,Janice Chen,(Democratic),309,AD 42,2025-11-06_10:53:59.012304
ED   33,99.00%,Marisa Arrabito,(Democratic),286,AD 42,2025-11-06_10:53:59.012304
ED   33,99.00%,WRITE-IN,&nbsp,4,AD 42,2025-11-06_10:53:59.012304
ED   34,99.00%,Janice Chen,(Democratic),229,AD 42,2025-11-06_10:53:59.012304
ED   34,99.00%,Marisa Arrabito,(Democratic),216,AD 42,2025-11-06_10:53:59.012304
ED   34,99.00%,WRITE-IN,&nbsp,0,AD 42,2025-11-06_10:53:59.012304
ED   35,99.00%,Janice Chen,(Democratic),342,AD 42,2025-11-06_10:53:59.012304
ED   35,99.00%,Marisa Arrabito,(Democratic),305,AD 42,2025-11-06_10:53:59.012304
ED   35,99.00%,WRITE-IN,&nbsp,0,AD 42,2025-11-06_10:53:59.012304
ED   36,99.00%,Janice Chen,(Democratic),364,AD 42,2025-11-06_10:53:59.012304
ED   36,99.00%,Marisa Arrabito,(Democratic),326,AD 42,2025-11-06_10:53:59.012304
ED   36,99.00%,WRITE-IN,&nbsp,4,AD 42,2025-11-06_10:53:59.012304
ED   37,99.00%,Janice Chen,(Democratic),402,AD 42,2025-11-06_10:53:59.012304
ED   37,99.00%,Marisa Arrabito,(Democratic),356,AD 42,2025-11-06_10:53:59.012304
ED   37,99.00%,WRITE-IN,&nbsp,0,AD 42,2025-11-06_10:53:59.012304
ED   38,99.00%,Janice Chen,(Democratic),423,AD 42,2025-11-06_10:53:59.012304
ED   38,99.00%,Marisa Arrabito,(Democratic),357,AD 42,2025-11-06_10:53:59.012304
ED   38,99.00%,WRITE-IN,&nbsp,4,AD 42,2025-11-06_10:53:59.012304
ED   39,99.00%,Janice Chen,(Democratic),361,AD 42,2025-11-06_10:53:59.012304
ED   39,99.00%,Marisa Arrabito,(Democratic),315,AD 42,2025-11-06_10:53:59.012304
ED   39,99.00%,WRITE-IN,&nbsp,8,AD 42,2025-11-06_10:53:59.012304
ED   40,99.00%,Janice Chen,(Democratic),318,AD 42,2025-11-06_10:53:59.012304
ED   40,99.00%,Marisa Arrabito,(Democratic),280,AD 42,2025-11-06_10:53:59.012304
ED   40,99.00%,WRITE-IN,&nbsp,1,AD 42,2025-11-06_10:53:59.012304
ED   41,99.00%,Janice Chen,(Democratic),569,AD 42,2025-11-06_10:53:59.012304
ED   41,99.00%,Marisa Arrabito,(Democratic),495,AD 42,2025-11-06_10:53:59.012304
ED   41,99.00%,WRITE-IN,&nbsp,9,AD 42,2025-11-06_10:53:59.012304
ED   42,99.00%,Janice Chen,(Democratic),409,AD 42,2025-11-06_10:53:59.012304
ED   42,99.00%,Marisa Arrabito,(Democratic),350,AD 42,2025-11-06_10:53:59.012304
ED   42,99.00%,WRITE-IN,&nbsp,3,AD 42,2025-11-06_10:53:59.012304
ED   43,99.00%,Janice Chen,(Democratic),402,AD 42,2025-11-06_10:53:59.012304
ED   43,99.00%,Marisa Arrabito,(Democratic),348,AD 42,2025-11-06_10:53:59.012304
ED   43,99.00%,WRITE-IN,&nbsp,2,AD 42,2025-11-06_10:53:59.012304
ED   44,99.00%,Janice Chen,(Democratic),279,AD 42,2025-11-06_10:53:59.012304
ED   44,99.00%,Marisa Arrabito,(Democratic),236,AD 42,2025-11-06_10:53:59.012304
ED   44,99.00%,WRITE-IN,&nbsp,5,AD 42,2025-11-06_10:53:59.012304
ED   45,99.00%,Janice Chen,(Democratic),303,AD 42,2025-11-06_10:53:59.012304
ED   45,99.00%,Marisa Arrabito,(Democratic),273,AD 42,2025-11-06_10:53:59.012304
ED   45,99.00%,WRITE-IN,&nbsp,4,AD 42,2025-11-06_10:53:59.012304
ED   46,99.00%,Janice Chen,(Democratic),277,AD 42,2025-11-06_10:53:59.012304
ED   46,99.00%,Marisa Arrabito,(Democratic),257,AD 42,2025-11-06_10:53:59.012304
ED   46,99.00%,WRITE-IN,&nbsp,1,AD 42,2025-11-06_10:53:59.012304
ED   47,99.00%,Janice Chen,(Democratic),440,AD 42,2025-11-06_10:53:59.012304
ED   47,99.00%,Marisa Arrabito,(Democratic),376,AD 42,2025-11-06_10:53:59.012304
ED   47,99.00%,WRITE-IN,&nbsp,1,AD 42,2025-11-06_10:53:59.012304
ED   48,99.00%,Janice Chen,(Democratic),404,AD 42,2025-11-06_10:53:59.012304
ED   48,99.00%,Marisa Arrabito,(Democratic),368,AD 42,2025-11-06_10:53:59.012304
ED   48,99.00%,WRITE-IN,&nbsp,7,AD 42,2025-11-06_10:53:59.012304
ED   49,99.00%,Janice Chen,(Democratic),479,AD 42,2025-11-06_10:53:59.012304
ED   49,99.00%,Marisa Arrabito,(Democratic),427,AD 42,2025-11-06_10:53:59.012304
ED   49,99.00%,WRITE-IN,&nbsp,27,AD 42,2025-11-06_10:53:59.012304
ED   50,99.00%,Janice Chen,(Democratic),418,AD 42,2025-11-06_10:53:59.012304
ED   50,99.00%,Marisa Arrabito,(Democratic),350,AD 42,2025-11-06_10:53:59.012304
ED   50,99.00%,WRITE-IN,&nbsp,6,AD 42,2025-11-06_10:53:59.012304
ED   51,99.00%,Janice Chen,(Democratic),258,AD 42,2025-11-06_10:53:59.012304
ED   51,99.00%,Marisa Arrabito,(Democratic),242,AD 42,2025-11-06_10:53:59.012304
ED   51,99.00%,WRITE-IN,&nbsp,1,AD 42,2025-11-06_10:53:59.012304
ED   52,99.00%,Janice Chen,(Democratic),229,AD 42,2025-11-06_10:53:59.012304
ED   52,99.00%,Marisa Arrabito,(Democratic),195,AD 42,2025-11-06_10:53:59.012304
ED   52,99.00%,WRITE-IN,&nbsp,26,AD 42,2025-11-06_10:53:59.012304
ED   53,99.00%,Janice Chen,(Democratic),360,AD 42,2025-11-06_10:53:59.012304
ED   53,99.00%,Marisa Arrabito,(Democratic),333,AD 42,2025-11-06_10:53:59.012304
ED   53,99.00%,WRITE-IN,&nbsp,11,AD 42,2025-11-06_10:53:59.012304
ED   54,99.00%,Janice Chen,(Democratic),224,AD 42,2025-11-06_10:53:59.012304
ED   54,99.00%,Marisa Arrabito,(Democratic),218,AD 42,2025-11-06_10:53:59.012304
ED   54,99.00%,WRITE-IN,&nbsp,26,AD 42,2025-11-06_10:53:59.012304
ED   55,99.00%,Janice Chen,(Democratic),284,AD 42,2025-11-06_10:53:59.012304
ED   55,99.00%,Marisa Arrabito,(Democratic),249,AD 42,2025-11-06_10:53:59.012304
ED   55,99.00%,WRITE-IN,&nbsp,23,AD 42,2025-11-06_10:53:59.012304
ED   56,99.00%,Janice Chen,(Democratic),204,AD 42,2025-11-06_10:53:59.012304
ED   56,99.00%,Marisa Arrabito,(Democratic),171,AD 42,2025-11-06_10:53:59.012304
ED   56,99.00%,WRITE-IN,&nbsp,12,AD 42,2025-11-06_10:53:59.012304
ED   57,99.00%,Janice Chen,(Democratic),275,AD 42,2025-11-06_10:53:59.012304
ED   57,99.00%,Marisa Arrabito,(Democratic),221,AD 42,2025-11-06_10:53:59.012304
ED   57,99.00%,WRITE-IN,&nbsp,20,AD 42,2025-11-06_10:53:59.012304
ED   58,99.00%,Janice Chen,(Democratic),310,AD 42,2025-11-06_10:53:59.012304
ED   58,99.00%,Marisa Arrabito,(Democratic),258,AD 42,2025-11-06_10:53:59.012304
ED   58,99.00%,WRITE-IN,&nbsp,25,AD 42,2025-11-06_10:53:59.012304
ED   59,99.00%,Janice Chen,(Democratic),0,AD 42,2025-11-06_10:53:59.012304
ED   59,99.00%,Marisa Arrabito,(Democratic),0,AD 42,2025-11-06_10:53:59.012304
ED   59,99.00%,WRITE-IN,&nbsp,0,AD 42,2025-11-06_10:53:59.012304
Total,,Janice Chen,(Democratic),22364,AD 42,2025-11-06_10:53:59.012304
Total,,Marisa Arrabito,(Democratic),20122,AD 42,2025-11-06_10:53:59.012304
Total,,WRITE-IN,&nbsp,349,AD 42,2025-11-06_10:53:59.012304
ED    1,99.00%,Janice Chen,(Democratic),575,AD 43,2025-11-06_10:53:59.012304
ED    1,99.00%,Marisa Arrabito,(Democratic),513,AD 43,2025-11-06_10:53:59.012304
ED    1,99.00%,WRITE-IN,&nbsp,6,AD 43,2025-11-06_10:53:59.012304
ED    2,99.00%,Janice Chen,(Democratic),577,AD 43,2025-11-06_10:53:59.012304
ED    2,99.00%,Marisa Arrabito,(Democratic),519,AD 43,2025-11-06_10:53:59.012304
ED    2,99.00%,WRITE-IN,&nbsp,0,AD 43,2025-11-06_10:53:59.012304
ED    3,99.00%,Janice Chen,(Democratic),536,AD 43,2025-11-06_10:53:59.012304
ED    3,99.00%,Marisa Arrabito,(Democratic),489,AD 43,2025-11-06_10:53:59.012304
ED    3,99.00%,WRITE-IN,&nbsp,6,AD 43,2025-11-06_10:53:59.012304
ED    4,99.00%,Janice Chen,(Democratic),499,AD 43,2025-11-06_10:53:59.012304
ED    4,99.00%,Marisa Arrabito,(Democratic),429,AD 43,2025-11-06_10:53:59.012304
ED    4,99.00%,WRITE-IN,&nbsp,0,AD 43,2025-11-06_10:53:59.012304
ED    5,99.00%,Janice Chen,(Democratic),394,AD 43,2025-11-06_10:53:59.012304
ED    5,99.00%,Marisa Arrabito,(Democratic),353,AD 43,2025-11-06_10:53:59.012304
ED    5,99.00%,WRITE-IN,&nbsp,13,AD 43,2025-11-06_10:53:59.012304
ED    6,99.00%,Janice Chen,(Democratic),412,AD 43,2025-11-06_10:53:59.012304
ED    6,99.00%,Marisa Arrabito,(Democratic),390,AD 43,2025-11-06_10:53:59.012304
ED    6,99.00%,WRITE-IN,&nbsp,5,AD 43,2025-11-06_10:53:59.012304
ED    7,99.00%,Janice Chen,(Democratic),385,AD 43,2025-11-06_10:53:59.012304
ED    7,99.00%,Marisa Arrabito,(Democratic),345,AD 43,2025-11-06_10:53:59.012304
ED    7,99.00%,WRITE-IN,&nbsp,1,AD 43,2025-11-06_10:53:59.012304
ED    8,99.00%,Janice Chen,(Democratic),404,AD 43,2025-11-06_10:53:59.012304
ED    8,99.00%,Marisa Arrabito,(Democratic),359,AD 43,2025-11-06_10:53:59.012304
ED    8,99.00%,WRITE-IN,&nbsp,3,AD 43,2025-11-06_10:53:59.012304
ED    9,99.00%,Janice Chen,(Democratic),237,AD 43,2025-11-06_10:53:59.012304
ED    9,99.00%,Marisa Arrabito,(Democratic),218,AD 43,2025-11-06_10:53:59.012304
ED    9,99.00%,WRITE-IN,&nbsp,5,AD 43,2025-11-06_10:53:59.012304
ED   10,99.00%,Janice Chen,(Democratic),631,AD 43,2025-11-06_10:53:59.012304
ED   10,99.00%,Marisa Arrabito,(Democratic),586,AD 43,2025-11-06_10:53:59.012304
ED   10,99.00%,WRITE-IN,&nbsp,3,AD 43,2025-11-06_10:53:59.012304
ED   11,99.00%,Janice Chen,(Democratic),454,AD 43,2025-11-06_10:53:59.012304
ED   11,99.00%,Marisa Arrabito,(Democratic),424,AD 43,2025-11-06_10:53:59.012304
ED   11,99.00%,WRITE-IN,&nbsp,0,AD 43,2025-11-06_10:53:59.012304
ED   12,99.00%,Janice Chen,(Democratic),346,AD 43,2025-11-06_10:53:59.012304
ED   12,99.00%,Marisa Arrabito,(Democratic),333,AD 43,2025-11-06_10:53:59.012304
ED   12,99.00%,WRITE-IN,&nbsp,8,AD 43,2025-11-06_10:53:59.012304
ED   13,99.00%,Janice Chen,(Democratic),383,AD 43,2025-11-06_10:53:59.012304
ED   13,99.00%,Marisa Arrabito,(Democratic),316,AD 43,2025-11-06_10:53:59.012304
ED   13,99.00%,WRITE-IN,&nbsp,17,AD 43,2025-11-06_10:53:59.012304
ED   14,99.00%,Janice Chen,(Democratic),322,AD 43,2025-11-06_10:53:59.012304
ED   14,99.00%,Marisa Arrabito,(Democratic),285,AD 43,2025-11-06_10:53:59.012304
ED   14,99.00%,WRITE-IN,&nbsp,14,AD 43,2025-11-06_10:53:59.012304
ED   15,99.00%,Janice Chen,(Democratic),305,AD 43,2025-11-06_10:53:59.012304
ED   15,99.00%,Marisa Arrabito,(Democratic),271,AD 43,2025-11-06_10:53:59.012304
ED   15,99.00%,WRITE-IN,&nbsp,8,AD 43,2025-11-06_10:53:59.012304
ED   16,99.00%,Janice Chen,(Democratic),399,AD 43,2025-11-06_10:53:59.012304
ED   16,99.00%,Marisa Arrabito,(Democratic),345,AD 43,2025-11-06_10:53:59.012304
ED   16,99.00%,WRITE-IN,&nbsp,8,AD 43,2025-11-06_10:53:59.012304
ED   17,99.00%,Janice Chen,(Democratic),317,AD 43,2025-11-06_10:53:59.012304
ED   17,99.00%,Marisa Arrabito,(Democratic),276,AD 43,2025-11-06_10:53:59.012304
ED   17,99.00%,WRITE-IN,&nbsp,3,AD 43,2025-11-06_10:53:59.012304
ED   18,99.00%,Janice Chen,(Democratic),502,AD 43,2025-11-06_10:53:59.012304
ED   18,99.00%,Marisa Arrabito,(Democratic),441,AD 43,2025-11-06_10:53:59.012304
ED   18,99.00%,WRITE-IN,&nbsp,8,AD 43,2025-11-06_10:53:59.012304
ED   19,99.00%,Janice Chen,(Democratic),449,AD 43,2025-11-06_10:53:59.012304
ED   19,99.00%,Marisa Arrabito,(Democratic),409,AD 43,2025-11-06_10:53:59.012304
ED   19,99.00%,WRITE-IN,&nbsp,15,AD 43,2025-11-06_10:53:59.012304
ED   20,99.00%,Janice Chen,(Democratic),320,AD 43,2025-11-06_10:53:59.012304
ED   20,99.00%,Marisa Arrabito,(Democratic),278,AD 43,2025-11-06_10:53:59.012304
ED   20,99.00%,WRITE-IN,&nbsp,10,AD 43,2025-11-06_10:53:59.012304
ED   21,99.00%,Janice Chen,(Democratic),177,AD 43,2025-11-06_10:53:59.012304
ED   21,99.00%,Marisa Arrabito,(Democratic),139,AD 43,2025-11-06_10:53:59.012304
ED   21,99.00%,WRITE-IN,&nbsp,17,AD 43,2025-11-06_10:53:59.012304
ED   22,99.00%,Janice Chen,(Democratic),306,AD 43,2025-11-06_10:53:59.012304
ED   22,99.00%,Marisa Arrabito,(Democratic),262,AD 43,2025-11-06_10:53:59.012304
ED   22,99.00%,WRITE-IN,&nbsp,41,AD 43,2025-11-06_10:53:59.012304
ED   23,99.00%,Janice Chen,(Democratic),357,AD 43,2025-11-06_10:53:59.012304
ED   23,99.00%,Marisa Arrabito,(Democratic),320,AD 43,2025-11-06_10:53:59.012304
ED   23,99.00%,WRITE-IN,&nbsp,8,AD 43,2025-11-06_10:53:59.012304
ED   24,99.00%,Janice Chen,(Democratic),232,AD 43,2025-11-06_10:53:59.012304
ED   24,99.00%,Marisa Arrabito,(Democratic),191,AD 43,2025-11-06_10:53:59.012304
ED   24,99.00%,WRITE-IN,&nbsp,4,AD 43,2025-11-06_10:53:59.012304
ED   25,99.00%,Janice Chen,(Democratic),231,AD 43,2025-11-06_10:53:59.012304
ED   25,99.00%,Marisa Arrabito,(Democratic),207,AD 43,2025-11-06_10:53:59.012304
ED   25,99.00%,WRITE-IN,&nbsp,7,AD 43,2025-11-06_10:53:59.012304
ED   26,99.00%,Janice Chen,(Democratic),112,AD 43,2025-11-06_10:53:59.012304
ED   26,99.00%,Marisa Arrabito,(Democratic),95,AD 43,2025-11-06_10:53:59.012304
ED   26,99.00%,WRITE-IN,&nbsp,9,AD 43,2025-11-06_10:53:59.012304
ED   27,99.00%,Janice Chen,(Democratic),256,AD 43,2025-11-06_10:53:59.012304
ED   27,99.00%,Marisa Arrabito,(Democratic),226,AD 43,2025-11-06_10:53:59.012304
ED   27,99.00%,WRITE-IN,&nbsp,16,AD 43,2025-11-06_10:53:59.012304
ED   28,99.00%,Janice Chen,(Democratic),114,AD 43,2025-11-06_10:53:59.012304
ED   28,99.00%,Marisa Arrabito,(Democratic),91,AD 43,2025-11-06_10:53:59.012304
ED   28,99.00%,WRITE-IN,&nbsp,10,AD 43,2025-11-06_10:53:59.012304
ED   29,99.00%,Janice Chen,(Democratic),359,AD 43,2025-11-06_10:53:59.012304
ED   29,99.00%,Marisa Arrabito,(Democratic),323,AD 43,2025-11-06_10:53:59.012304
ED   29,99.00%,WRITE-IN,&nbsp,6,AD 43,2025-11-06_10:53:59.012304
ED   30,99.00%,Janice Chen,(Democratic),495,AD 43,2025-11-06_10:53:59.012304
ED   30,99.00%,Marisa Arrabito,(Democratic),431,AD 43,2025-11-06_10:53:59.012304
ED   30,99.00%,WRITE-IN,&nbsp,11,AD 43,2025-11-06_10:53:59.012304
ED   31,33.33%,Janice Chen,(Democratic),288,AD 43,2025-11-06_10:53:59.012304
ED   31,33.33%,Marisa Arrabito,(Democratic),261,AD 43,2025-11-06_10:53:59.012304
ED   31,33.33%,WRITE-IN,&nbsp,4,AD 43,2025-11-06_10:53:59.012304
ED   32,33.33%,Janice Chen,(Democratic),238,AD 43,2025-11-06_10:53:59.012304
ED   32,33.33%,Marisa Arrabito,(Democratic),223,AD 43,2025-11-06_10:53:59.012304
ED   32,33.33%,WRITE-IN,&nbsp,0,AD 43,2025-11-06_10:53:59.012304
ED   33,99.00%,Janice Chen,(Democratic),583,AD 43,2025-11-06_10:53:59.012304
ED   33,99.00%,Marisa Arrabito,(Democratic),545,AD 43,2025-11-06_10:53:59.012304
ED   33,99.00%,WRITE-IN,&nbsp,2,AD 43,2025-11-06_10:53:59.012304
ED   34,99.00%,Janice Chen,(Democratic),404,AD 43,2025-11-06_10:53:59.012304
ED   34,99.00%,Marisa Arrabito,(Democratic),367,AD 43,2025-11-06_10:53:59.012304
ED   34,99.00%,WRITE-IN,&nbsp,14,AD 43,2025-11-06_10:53:59.012304
ED   35,99.00%,Janice Chen,(Democratic),476,AD 43,2025-11-06_10:53:59.012304
ED   35,99.00%,Marisa Arrabito,(Democratic),403,AD 43,2025-11-06_10:53:59.012304
ED   35,99.00%,WRITE-IN,&nbsp,12,AD 43,2025-11-06_10:53:59.012304
ED   36,33.33%,Janice Chen,(Democratic),278,AD 43,2025-11-06_10:53:59.012304
ED   36,33.33%,Marisa Arrabito,(Democratic),252,AD 43,2025-11-06_10:53:59.012304
ED   36,33.33%,WRITE-IN,&nbsp,5,AD 43,2025-11-06_10:53:59.012304
ED   37,33.33%,Janice Chen,(Democratic),366,AD 43,2025-11-06_10:53:59.012304
ED   37,33.33%,Marisa Arrabito,(Democratic),329,AD 43,2025-11-06_10:53:59.012304
ED   37,33.33%,WRITE-IN,&nbsp,3,AD 43,2025-11-06_10:53:59.012304
ED   38,99.00%,Janice Chen,(Democratic),542,AD 43,2025-11-06_10:53:59.012304
ED   38,99.00%,Marisa Arrabito,(Democratic),518,AD 43,2025-11-06_10:53:59.012304
ED   38,99.00%,WRITE-IN,&nbsp,6,AD 43,2025-11-06_10:53:59.012304
ED   39,99.00%,Janice Chen,(Democratic),466,AD 43,2025-11-06_10:53:59.012304
ED   39,99.00%,Marisa Arrabito,(Democratic),425,AD 43,2025-11-06_10:53:59.012304
ED   39,99.00%,WRITE-IN,&nbsp,7,AD 43,2025-11-06_10:53:59.012304
ED   40,99.00%,Janice Chen,(Democratic),460,AD 43,2025-11-06_10:53:59.012304
ED   40,99.00%,Marisa Arrabito,(Democratic),409,AD 43,2025-11-06_10:53:59.012304
ED   40,99.00%,WRITE-IN,&nbsp,6,AD 43,2025-11-06_10:53:59.012304
ED   41,99.00%,Janice Chen,(Democratic),532,AD 43,2025-11-06_10:53:59.012304
ED   41,99.00%,Marisa Arrabito,(Democratic),463,AD 43,2025-11-06_10:53:59.012304
ED   41,99.00%,WRITE-IN,&nbsp,5,AD 43,2025-11-06_10:53:59.012304
ED   42,99.00%,Janice Chen,(Democratic),518,AD 43,2025-11-06_10:53:59.012304
ED   42,99.00%,Marisa Arrabito,(Democratic),479,AD 43,2025-11-06_10:53:59.012304
ED   42,99.00%,WRITE-IN,&nbsp,4,AD 43,2025-11-06_10:53:59.012304
ED   43,71.43%,Janice Chen,(Democratic),354,AD 43,2025-11-06_10:53:59.012304
ED   43,71.43%,Marisa Arrabito,(Democratic),308,AD 43,2025-11-06_10:53:59.012304
ED   43,71.43%,WRITE-IN,&nbsp,10,AD 43,2025-11-06_10:53:59.012304
ED   44,71.43%,Janice Chen,(Democratic),325,AD 43,2025-11-06_10:53:59.012304
ED   44,71.43%,Marisa Arrabito,(Democratic),274,AD 43,2025-11-06_10:53:59.012304
ED   44,71.43%,WRITE-IN,&nbsp,7,AD 43,2025-11-06_10:53:59.012304
ED   45,99.00%,Janice Chen,(Democratic),353,AD 43,2025-11-06_10:53:59.012304
ED   45,99.00%,Marisa Arrabito,(Democratic),305,AD 43,2025-11-06_10:53:59.012304
ED   45,99.00%,WRITE-IN,&nbsp,8,AD 43,2025-11-06_10:53:59.012304
ED   46,99.00%,Janice Chen,(Democratic),299,AD 43,2025-11-06_10:53:59.012304
ED   46,99.00%,Marisa Arrabito,(Democratic),252,AD 43,2025-11-06_10:53:59.012304
ED   46,99.00%,WRITE-IN,&nbsp,8,AD 43,2025-11-06_10:53:59.012304
ED   47,99.00%,Janice Chen,(Democratic),337,AD 43,2025-11-06_10:53:59.012304
ED   47,99.00%,Marisa Arrabito,(Democratic),315,AD 43,2025-11-06_10:53:59.012304
ED   47,99.00%,WRITE-IN,&nbsp,0,AD 43,2025-11-06_10:53:59.012304
ED   48,99.00%,Janice Chen,(Democratic),64,AD 43,2025-11-06_10:53:59.012304
ED   48,99.00%,Marisa Arrabito,(Democratic),58,AD 43,2025-11-06_10:53:59.012304
ED   48,99.00%,WRITE-IN,&nbsp,0,AD 43,2025-11-06_10:53:59.012304
ED   49,99.00%,Janice Chen,(Democratic),221,AD 43,2025-11-06_10:53:59.012304
ED   49,99.00%,Marisa Arrabito,(Democratic),210,AD 43,2025-11-06_10:53:59.012304
ED   49,99.00%,WRITE-IN,&nbsp,4,AD 43,2025-11-06_10:53:59.012304
ED   50,99.00%,Janice Chen,(Democratic),156,AD 43,2025-11-06_10:53:59.012304
ED   50,99.00%,Marisa Arrabito,(Democratic),140,AD 43,2025-11-06_10:53:59.012304
ED   50,99.00%,WRITE-IN,&nbsp,2,AD 43,2025-11-06_10:53:59.012304
ED   51,99.00%,Janice Chen,(Democratic),223,AD 43,2025-11-06_10:53:59.012304
ED   51,99.00%,Marisa Arrabito,(Democratic),195,AD 43,2025-11-06_10:53:59.012304
ED   51,99.00%,WRITE-IN,&nbsp,2,AD 43,2025-11-06_10:53:59.012304
ED   52,99.00%,Janice Chen,(Democratic),362,AD 43,2025-11-06_10:53:59.012304
ED   52,99.00%,Marisa Arrabito,(Democratic),317,AD 43,2025-11-06_10:53:59.012304
ED   52,99.00%,WRITE-IN,&nbsp,1,AD 43,2025-11-06_10:53:59.012304
ED   53,99.00%,Janice Chen,(Democratic),531,AD 43,2025-11-06_10:53:59.012304
ED   53,99.00%,Marisa Arrabito,(Democratic),487,AD 43,2025-11-06_10:53:59.012304
ED   53,99.00%,WRITE-IN,&nbsp,2,AD 43,2025-11-06_10:53:59.012304
ED   54,99.00%,Janice Chen,(Democratic),592,AD 43,2025-11-06_10:53:59.012304
ED   54,99.00%,Marisa Arrabito,(Democratic),541,AD 43,2025-11-06_10:53:59.012304
ED   54,99.00%,WRITE-IN,&nbsp,18,AD 43,2025-11-06_10:53:59.012304
ED   55,99.00%,Janice Chen,(Democratic),423,AD 43,2025-11-06_10:53:59.012304
ED   55,99.00%,Marisa Arrabito,(Democratic),365,AD 43,2025-11-06_10:53:59.012304
ED   55,99.00%,WRITE-IN,&nbsp,5,AD 43,2025-11-06_10:53:59.012304
ED   56,99.00%,Janice Chen,(Democratic),587,AD 43,2025-11-06_10:53:59.012304
ED   56,99.00%,Marisa Arrabito,(Democratic),541,AD 43,2025-11-06_10:53:59.012304
ED   56,99.00%,WRITE-IN,&nbsp,2,AD 43,2025-11-06_10:53:59.012304
ED   57,99.00%,Janice Chen,(Democratic),644,AD 43,2025-11-06_10:53:59.012304
ED   57,99.00%,Marisa Arrabito,(Democratic),572,AD 43,2025-11-06_10:53:59.012304
ED   57,99.00%,WRITE-IN,&nbsp,6,AD 43,2025-11-06_10:53:59.012304
ED   58,99.00%,Janice Chen,(Democratic),573,AD 43,2025-11-06_10:53:59.012304
ED   58,99.00%,Marisa Arrabito,(Democratic),516,AD 43,2025-11-06_10:53:59.012304
ED   58,99.00%,WRITE-IN,&nbsp,7,AD 43,2025-11-06_10:53:59.012304
ED   59,99.00%,Janice Chen,(Democratic),599,AD 43,2025-11-06_10:53:59.012304
ED   59,99.00%,Marisa Arrabito,(Democratic),525,AD 43,2025-11-06_10:53:59.012304
ED   59,99.00%,WRITE-IN,&nbsp,0,AD 43,2025-11-06_10:53:59.012304
ED   60,99.00%,Janice Chen,(Democratic),514,AD 43,2025-11-06_10:53:59.012304
ED   60,99.00%,Marisa Arrabito,(Democratic),473,AD 43,2025-11-06_10:53:59.012304
ED   60,99.00%,WRITE-IN,&nbsp,2,AD 43,2025-11-06_10:53:59.012304
ED   61,99.00%,Janice Chen,(Democratic),460,AD 43,2025-11-06_10:53:59.012304
ED   61,99.00%,Marisa Arrabito,(Democratic),440,AD 43,2025-11-06_10:53:59.012304
ED   61,99.00%,WRITE-IN,&nbsp,9,AD 43,2025-11-06_10:53:59.012304
ED   62,99.00%,Janice Chen,(Democratic),319,AD 43,2025-11-06_10:53:59.012304
ED   62,99.00%,Marisa Arrabito,(Democratic),284,AD 43,2025-11-06_10:53:59.012304
ED   62,99.00%,WRITE-IN,&nbsp,0,AD 43,2025-11-06_10:53:59.012304
ED   63,99.00%,Janice Chen,(Democratic),422,AD 43,2025-11-06_10:53:59.012304
ED   63,99.00%,Marisa Arrabito,(Democratic),372,AD 43,2025-11-06_10:53:59.012304
ED   63,99.00%,WRITE-IN,&nbsp,7,AD 43,2025-11-06_10:53:59.012304
ED   64,99.00%,Janice Chen,(Democratic),549,AD 43,2025-11-06_10:53:59.012304
ED   64,99.00%,Marisa Arrabito,(Democratic),499,AD 43,2025-11-06_10:53:59.012304
ED   64,99.00%,WRITE-IN,&nbsp,8,AD 43,2025-11-06_10:53:59.012304
ED   65,99.00%,Janice Chen,(Democratic),422,AD 43,2025-11-06_10:53:59.012304
ED   65,99.00%,Marisa Arrabito,(Democratic),380,AD 43,2025-11-06_10:53:59.012304
ED   65,99.00%,WRITE-IN,&nbsp,0,AD 43,2025-11-06_10:53:59.012304
ED   66,99.00%,Janice Chen,(Democratic),478,AD 43,2025-11-06_10:53:59.012304
ED   66,99.00%,Marisa Arrabito,(Democratic),449,AD 43,2025-11-06_10:53:59.012304
ED   66,99.00%,WRITE-IN,&nbsp,3,AD 43,2025-11-06_10:53:59.012304
ED   67,99.00%,Janice Chen,(Democratic),524,AD 43,2025-11-06_10:53:59.012304
ED   67,99.00%,Marisa Arrabito,(Democratic),478,AD 43,2025-11-06_10:53:59.012304
ED   67,99.00%,WRITE-IN,&nbsp,10,AD 43,2025-11-06_10:53:59.012304
ED   68,99.00%,Janice Chen,(Democratic),171,AD 43,2025-11-06_10:53:59.012304
ED   68,99.00%,Marisa Arrabito,(Democratic),149,AD 43,2025-11-06_10:53:59.012304
ED   68,99.00%,WRITE-IN,&nbsp,2,AD 43,2025-11-06_10:53:59.012304
Total,,Janice Chen,(Democratic),26739,AD 43,2025-11-06_10:53:59.012304
Total,,Marisa Arrabito,(Democratic),23983,AD 43,2025-11-06_10:53:59.012304
Total,,WRITE-IN,&nbsp,453,AD 43,2025-11-06_10:53:59.012304
ED    1,88.89%,Janice Chen,(Democratic),595,AD 44,2025-11-06_10:53:59.012304
ED    1,88.89%,Marisa Arrabito,(Democratic),538,AD 44,2025-11-06_10:53:59.012304
ED    1,88.89%,WRITE-IN,&nbsp,8,AD 44,2025-11-06_10:53:59.012304
ED    2,99.00%,Janice Chen,(Democratic),558,AD 44,2025-11-06_10:53:59.012304
ED    2,99.00%,Marisa Arrabito,(Democratic),506,AD 44,2025-11-06_10:53:59.012304
ED    2,99.00%,WRITE-IN,&nbsp,18,AD 44,2025-11-06_10:53:59.012304
ED    3,99.00%,Janice Chen,(Democratic),153,AD 44,2025-11-06_10:53:59.012304
ED    3,99.00%,Marisa Arrabito,(Democratic),143,AD 44,2025-11-06_10:53:59.012304
ED    3,99.00%,WRITE-IN,&nbsp,4,AD 44,2025-11-06_10:53:59.012304
ED    4,88.89%,Janice Chen,(Democratic),476,AD 44,2025-11-06_10:53:59.012304
ED    4,88.89%,Marisa Arrabito,(Democratic),440,AD 44,2025-11-06_10:53:59.012304
ED    4,88.89%,WRITE-IN,&nbsp,6,AD 44,2025-11-06_10:53:59.012304
ED    5,90.00%,Janice Chen,(Democratic),207,AD 44,2025-11-06_10:53:59.012304
ED    5,90.00%,Marisa Arrabito,(Democratic),197,AD 44,2025-11-06_10:53:59.012304
ED    5,90.00%,WRITE-IN,&nbsp,4,AD 44,2025-11-06_10:53:59.012304
ED    6,88.89%,Janice Chen,(Democratic),505,AD 44,2025-11-06_10:53:59.012304
ED    6,88.89%,Marisa Arrabito,(Democratic),473,AD 44,2025-11-06_10:53:59.012304
ED    6,88.89%,WRITE-IN,&nbsp,6,AD 44,2025-11-06_10:53:59.012304
ED    7,90.00%,Janice Chen,(Democratic),688,AD 44,2025-11-06_10:53:59.012304
ED    7,90.00%,Marisa Arrabito,(Democratic),652,AD 44,2025-11-06_10:53:59.012304
ED    7,90.00%,WRITE-IN,&nbsp,7,AD 44,2025-11-06_10:53:59.012304
ED    8,90.00%,Janice Chen,(Democratic),604,AD 44,2025-11-06_10:53:59.012304
ED    8,90.00%,Marisa Arrabito,(Democratic),544,AD 44,2025-11-06_10:53:59.012304
ED    8,90.00%,WRITE-IN,&nbsp,8,AD 44,2025-11-06_10:53:59.012304
ED    9,88.89%,Janice Chen,(Democratic),558,AD 44,2025-11-06_10:53:59.012304
ED    9,88.89%,Marisa Arrabito,(Democratic),510,AD 44,2025-11-06_10:53:59.012304
ED    9,88.89%,WRITE-IN,&nbsp,4,AD 44,2025-11-06_10:53:59.012304
ED   10,90.00%,Janice Chen,(Democratic),414,AD 44,2025-11-06_10:53:59.012304
ED   10,90.00%,Marisa Arrabito,(Democratic),385,AD 44,2025-11-06_10:53:59.012304
ED   10,90.00%,WRITE-IN,&nbsp,1,AD 44,2025-11-06_10:53:59.012304
ED   11,99.00%,Janice Chen,(Democratic),967,AD 44,2025-11-06_10:53:59.012304
ED   11,99.00%,Marisa Arrabito,(Democratic),901,AD 44,2025-11-06_10:53:59.012304
ED   11,99.00%,WRITE-IN,&nbsp,6,AD 44,2025-11-06_10:53:59.012304
ED   12,99.00%,Janice Chen,(Democratic),477,AD 44,2025-11-06_10:53:59.012304
ED   12,99.00%,Marisa Arrabito,(Democratic),447,AD 44,2025-11-06_10:53:59.012304
ED   12,99.00%,WRITE-IN,&nbsp,7,AD 44,2025-11-06_10:53:59.012304
ED   13,99.00%,Janice Chen,(Democratic),221,AD 44,2025-11-06_10:53:59.012304
ED   13,99.00%,Marisa Arrabito,(Democratic),199,AD 44,2025-11-06_10:53:59.012304
ED   13,99.00%,WRITE-IN,&nbsp,6,AD 44,2025-11-06_10:53:59.012304
ED   14,99.00%,Janice Chen,(Democratic),467,AD 44,2025-11-06_10:53:59.012304
ED   14,99.00%,Marisa Arrabito,(Democratic),417,AD 44,2025-11-06_10:53:59.012304
ED   14,99.00%,WRITE-IN,&nbsp,6,AD 44,2025-11-06_10:53:59.012304
ED   15,99.00%,Janice Chen,(Democratic),368,AD 44,2025-11-06_10:53:59.012304
ED   15,99.00%,Marisa Arrabito,(Democratic),329,AD 44,2025-11-06_10:53:59.012304
ED   15,99.00%,WRITE-IN,&nbsp,2,AD 44,2025-11-06_10:53:59.012304
ED   16,99.00%,Janice Chen,(Democratic),496,AD 44,2025-11-06_10:53:59.012304
ED   16,99.00%,Marisa Arrabito,(Democratic),449,AD 44,2025-11-06_10:53:59.012304
ED   16,99.00%,WRITE-IN,&nbsp,7,AD 44,2025-11-06_10:53:59.012304
ED   17,91.67%,Janice Chen,(Democratic),838,AD 44,2025-11-06_10:53:59.012304
ED   17,91.67%,Marisa Arrabito,(Democratic),753,AD 44,2025-11-06_10:53:59.012304
ED   17,91.67%,WRITE-IN,&nbsp,14,AD 44,2025-11-06_10:53:59.012304
ED   18,91.67%,Janice Chen,(Democratic),614,AD 44,2025-11-06_10:53:59.012304
ED   18,91.67%,Marisa Arrabito,(Democratic),558,AD 44,2025-11-06_10:53:59.012304
ED   18,91.67%,WRITE-IN,&nbsp,9,AD 44,2025-11-06_10:53:59.012304
ED   19,90.00%,Janice Chen,(Democratic),382,AD 44,2025-11-06_10:53:59.012304
ED   19,90.00%,Marisa Arrabito,(Democratic),346,AD 44,2025-11-06_10:53:59.012304
ED   19,90.00%,WRITE-IN,&nbsp,9,AD 44,2025-11-06_10:53:59.012304
ED   20,90.00%,Janice Chen,(Democratic),324,AD 44,2025-11-06_10:53:59.012304
ED   20,90.00%,Marisa Arrabito,(Democratic),299,AD 44,2025-11-06_10:53:59.012304
ED   20,90.00%,WRITE-IN,&nbsp,0,AD 44,2025-11-06_10:53:59.012304
ED   21,90.00%,Janice Chen,(Democratic),540,AD 44,2025-11-06_10:53:59.012304
ED   21,90.00%,Marisa Arrabito,(Democratic),491,AD 44,2025-11-06_10:53:59.012304
ED   21,90.00%,WRITE-IN,&nbsp,6,AD 44,2025-11-06_10:53:59.012304
ED   22,90.00%,Janice Chen,(Democratic),515,AD 44,2025-11-06_10:53:59.012304
ED   22,90.00%,Marisa Arrabito,(Democratic),469,AD 44,2025-11-06_10:53:59.012304
ED   22,90.00%,WRITE-IN,&nbsp,7,AD 44,2025-11-06_10:53:59.012304
ED   23,88.89%,Janice Chen,(Democratic),698,AD 44,2025-11-06_10:53:59.012304
ED   23,88.89%,Marisa Arrabito,(Democratic),651,AD 44,2025-11-06_10:53:59.012304
ED   23,88.89%,WRITE-IN,&nbsp,8,AD 44,2025-11-06_10:53:59.012304
ED   24,88.89%,Janice Chen,(Democratic),607,AD 44,2025-11-06_10:53:59.012304
ED   24,88.89%,Marisa Arrabito,(Democratic),546,AD 44,2025-11-06_10:53:59.012304
ED   24,88.89%,WRITE-IN,&nbsp,5,AD 44,2025-11-06_10:53:59.012304
ED   25,88.89%,Janice Chen,(Democratic),744,AD 44,2025-11-06_10:53:59.012304
ED   25,88.89%,Marisa Arrabito,(Democratic),686,AD 44,2025-11-06_10:53:59.012304
ED   25,88.89%,WRITE-IN,&nbsp,17,AD 44,2025-11-06_10:53:59.012304
ED   26,99.00%,Janice Chen,(Democratic),577,AD 44,2025-11-06_10:53:59.012304
ED   26,99.00%,Marisa Arrabito,(Democratic),535,AD 44,2025-11-06_10:53:59.012304
ED   26,99.00%,WRITE-IN,&nbsp,14,AD 44,2025-11-06_10:53:59.012304
ED   27,99.00%,Janice Chen,(Democratic),673,AD 44,2025-11-06_10:53:59.012304
ED   27,99.00%,Marisa Arrabito,(Democratic),608,AD 44,2025-11-06_10:53:59.012304
ED   27,99.00%,WRITE-IN,&nbsp,11,AD 44,2025-11-06_10:53:59.012304
ED   28,99.00%,Janice Chen,(Democratic),694,AD 44,2025-11-06_10:53:59.012304
ED   28,99.00%,Marisa Arrabito,(Democratic),639,AD 44,2025-11-06_10:53:59.012304
ED   28,99.00%,WRITE-IN,&nbsp,5,AD 44,2025-11-06_10:53:59.012304
ED   29,99.00%,Janice Chen,(Democratic),785,AD 44,2025-11-06_10:53:59.012304
ED   29,99.00%,Marisa Arrabito,(Democratic),714,AD 44,2025-11-06_10:53:59.012304
ED   29,99.00%,WRITE-IN,&nbsp,8,AD 44,2025-11-06_10:53:59.012304
ED   30,99.00%,Janice Chen,(Democratic),671,AD 44,2025-11-06_10:53:59.012304
ED   30,99.00%,Marisa Arrabito,(Democratic),630,AD 44,2025-11-06_10:53:59.012304
ED   30,99.00%,WRITE-IN,&nbsp,9,AD 44,2025-11-06_10:53:59.012304
ED   31,99.00%,Janice Chen,(Democratic),762,AD 44,2025-11-06_10:53:59.012304
ED   31,99.00%,Marisa Arrabito,(Democratic),709,AD 44,2025-11-06_10:53:59.012304
ED   31,99.00%,WRITE-IN,&nbsp,11,AD 44,2025-11-06_10:53:59.012304
ED   32,99.00%,Janice Chen,(Democratic),742,AD 44,2025-11-06_10:53:59.012304
ED   32,99.00%,Marisa Arrabito,(Democratic),719,AD 44,2025-11-06_10:53:59.012304
ED   32,99.00%,WRITE-IN,&nbsp,15,AD 44,2025-11-06_10:53:59.012304
ED   33,99.00%,Janice Chen,(Democratic),738,AD 44,2025-11-06_10:53:59.012304
ED   33,99.00%,Marisa Arrabito,(Democratic),704,AD 44,2025-11-06_10:53:59.012304
ED   33,99.00%,WRITE-IN,&nbsp,17,AD 44,2025-11-06_10:53:59.012304
ED   34,99.00%,Janice Chen,(Democratic),398,AD 44,2025-11-06_10:53:59.012304
ED   34,99.00%,Marisa Arrabito,(Democratic),360,AD 44,2025-11-06_10:53:59.012304
ED   34,99.00%,WRITE-IN,&nbsp,4,AD 44,2025-11-06_10:53:59.012304
ED   35,99.00%,Janice Chen,(Democratic),462,AD 44,2025-11-06_10:53:59.012304
ED   35,99.00%,Marisa Arrabito,(Democratic),449,AD 44,2025-11-06_10:53:59.012304
ED   35,99.00%,WRITE-IN,&nbsp,6,AD 44,2025-11-06_10:53:59.012304
ED   36,99.00%,Janice Chen,(Democratic),752,AD 44,2025-11-06_10:53:59.012304
ED   36,99.00%,Marisa Arrabito,(Democratic),701,AD 44,2025-11-06_10:53:59.012304
ED   36,99.00%,WRITE-IN,&nbsp,17,AD 44,2025-11-06_10:53:59.012304
ED   37,99.00%,Janice Chen,(Democratic),760,AD 44,2025-11-06_10:53:59.012304
ED   37,99.00%,Marisa Arrabito,(Democratic),695,AD 44,2025-11-06_10:53:59.012304
ED   37,99.00%,WRITE-IN,&nbsp,14,AD 44,2025-11-06_10:53:59.012304
ED   38,99.00%,Janice Chen,(Democratic),763,AD 44,2025-11-06_10:53:59.012304
ED   38,99.00%,Marisa Arrabito,(Democratic),709,AD 44,2025-11-06_10:53:59.012304
ED   38,99.00%,WRITE-IN,&nbsp,11,AD 44,2025-11-06_10:53:59.012304
ED   39,99.00%,Janice Chen,(Democratic),652,AD 44,2025-11-06_10:53:59.012304
ED   39,99.00%,Marisa Arrabito,(Democratic),621,AD 44,2025-11-06_10:53:59.012304
ED   39,99.00%,WRITE-IN,&nbsp,6,AD 44,2025-11-06_10:53:59.012304
ED   40,99.00%,Janice Chen,(Democratic),438,AD 44,2025-11-06_10:53:59.012304
ED   40,99.00%,Marisa Arrabito,(Democratic),420,AD 44,2025-11-06_10:53:59.012304
ED   40,99.00%,WRITE-IN,&nbsp,16,AD 44,2025-11-06_10:53:59.012304
ED   41,99.00%,Janice Chen,(Democratic),528,AD 44,2025-11-06_10:53:59.012304
ED   41,99.00%,Marisa Arrabito,(Democratic),500,AD 44,2025-11-06_10:53:59.012304
ED   41,99.00%,WRITE-IN,&nbsp,19,AD 44,2025-11-06_10:53:59.012304
ED   42,99.00%,Janice Chen,(Democratic),172,AD 44,2025-11-06_10:53:59.012304
ED   42,99.00%,Marisa Arrabito,(Democratic),135,AD 44,2025-11-06_10:53:59.012304
ED   42,99.00%,WRITE-IN,&nbsp,13,AD 44,2025-11-06_10:53:59.012304
ED   43,99.00%,Janice Chen,(Democratic),502,AD 44,2025-11-06_10:53:59.012304
ED   43,99.00%,Marisa Arrabito,(Democratic),443,AD 44,2025-11-06_10:53:59.012304
ED   43,99.00%,WRITE-IN,&nbsp,6,AD 44,2025-11-06_10:53:59.012304
ED   44,99.00%,Janice Chen,(Democratic),299,AD 44,2025-11-06_10:53:59.012304
ED   44,99.00%,Marisa Arrabito,(Democratic),274,AD 44,2025-11-06_10:53:59.012304
ED   44,99.00%,WRITE-IN,&nbsp,11,AD 44,2025-11-06_10:53:59.012304
ED   45,99.00%,Janice Chen,(Democratic),571,AD 44,2025-11-06_10:53:59.012304
ED   45,99.00%,Marisa Arrabito,(Democratic),528,AD 44,2025-11-06_10:53:59.012304
ED   45,99.00%,WRITE-IN,&nbsp,25,AD 44,2025-11-06_10:53:59.012304
ED   46,99.00%,Janice Chen,(Democratic),631,AD 44,2025-11-06_10:53:59.012304
ED   46,99.00%,Marisa Arrabito,(Democratic),594,AD 44,2025-11-06_10:53:59.012304
ED   46,99.00%,WRITE-IN,&nbsp,0,AD 44,2025-11-06_10:53:59.012304
ED   47,99.00%,Janice Chen,(Democratic),396,AD 44,2025-11-06_10:53:59.012304
ED   47,99.00%,Marisa Arrabito,(Democratic),345,AD 44,2025-11-06_10:53:59.012304
ED   47,99.00%,WRITE-IN,&nbsp,8,AD 44,2025-11-06_10:53:59.012304
ED   48,99.00%,Janice Chen,(Democratic),395,AD 44,2025-11-06_10:53:59.012304
ED   48,99.00%,Marisa Arrabito,(Democratic),336,AD 44,2025-11-06_10:53:59.012304
ED   48,99.00%,WRITE-IN,&nbsp,27,AD 44,2025-11-06_10:53:59.012304
ED   49,99.00%,Janice Chen,(Democratic),139,AD 44,2025-11-06_10:53:59.012304
ED   49,99.00%,Marisa Arrabito,(Democratic),112,AD 44,2025-11-06_10:53:59.012304
ED   49,99.00%,WRITE-IN,&nbsp,14,AD 44,2025-11-06_10:53:59.012304
ED   50,99.00%,Janice Chen,(Democratic),95,AD 44,2025-11-06_10:53:59.012304
ED   50,99.00%,Marisa Arrabito,(Democratic),70,AD 44,2025-11-06_10:53:59.012304
ED   50,99.00%,WRITE-IN,&nbsp,22,AD 44,2025-11-06_10:53:59.012304
ED   51,99.00%,Janice Chen,(Democratic),110,AD 44,2025-11-06_10:53:59.012304
ED   51,99.00%,Marisa Arrabito,(Democratic),91,AD 44,2025-11-06_10:53:59.012304
ED   51,99.00%,WRITE-IN,&nbsp,7,AD 44,2025-11-06_10:53:59.012304
ED   52,99.00%,Janice Chen,(Democratic),37,AD 44,2025-11-06_10:53:59.012304
ED   52,99.00%,Marisa Arrabito,(Democratic),37,AD 44,2025-11-06_10:53:59.012304
ED   52,99.00%,WRITE-IN,&nbsp,8,AD 44,2025-11-06_10:53:59.012304
ED   53,99.00%,Janice Chen,(Democratic),329,AD 44,2025-11-06_10:53:59.012304
ED   53,99.00%,Marisa Arrabito,(Democratic),276,AD 44,2025-11-06_10:53:59.012304
ED   53,99.00%,WRITE-IN,&nbsp,13,AD 44,2025-11-06_10:53:59.012304
ED   54,99.00%,Janice Chen,(Democratic),574,AD 44,2025-11-06_10:53:59.012304
ED   54,99.00%,Marisa Arrabito,(Democratic),545,AD 44,2025-11-06_10:53:59.012304
ED   54,99.00%,WRITE-IN,&nbsp,16,AD 44,2025-11-06_10:53:59.012304
ED   55,99.00%,Janice Chen,(Democratic),170,AD 44,2025-11-06_10:53:59.012304
ED   55,99.00%,Marisa Arrabito,(Democratic),145,AD 44,2025-11-06_10:53:59.012304
ED   55,99.00%,WRITE-IN,&nbsp,5,AD 44,2025-11-06_10:53:59.012304
ED   56,99.00%,Janice Chen,(Democratic),561,AD 44,2025-11-06_10:53:59.012304
ED   56,99.00%,Marisa Arrabito,(Democratic),500,AD 44,2025-11-06_10:53:59.012304
ED   56,99.00%,WRITE-IN,&nbsp,5,AD 44,2025-11-06_10:53:59.012304
ED   57,99.00%,Janice Chen,(Democratic),367,AD 44,2025-11-06_10:53:59.012304
ED   57,99.00%,Marisa Arrabito,(Democratic),323,AD 44,2025-11-06_10:53:59.012304
ED   57,99.00%,WRITE-IN,&nbsp,37,AD 44,2025-11-06_10:53:59.012304
ED   58,99.00%,Janice Chen,(Democratic),366,AD 44,2025-11-06_10:53:59.012304
ED   58,99.00%,Marisa Arrabito,(Democratic),324,AD 44,2025-11-06_10:53:59.012304
ED   58,99.00%,WRITE-IN,&nbsp,17,AD 44,2025-11-06_10:53:59.012304
ED   59,99.00%,Janice Chen,(Democratic),507,AD 44,2025-11-06_10:53:59.012304
ED   59,99.00%,Marisa Arrabito,(Democratic),455,AD 44,2025-11-06_10:53:59.012304
ED   59,99.00%,WRITE-IN,&nbsp,22,AD 44,2025-11-06_10:53:59.012304
ED   60,90.00%,Janice Chen,(Democratic),194,AD 44,2025-11-06_10:53:59.012304
ED   60,90.00%,Marisa Arrabito,(Democratic),188,AD 44,2025-11-06_10:53:59.012304
ED   60,90.00%,WRITE-IN,&nbsp,4,AD 44,2025-11-06_10:53:59.012304
ED   61,99.00%,Janice Chen,(Democratic),427,AD 44,2025-11-06_10:53:59.012304
ED   61,99.00%,Marisa Arrabito,(Democratic),398,AD 44,2025-11-06_10:53:59.012304
ED   61,99.00%,WRITE-IN,&nbsp,7,AD 44,2025-11-06_10:53:59.012304
ED   62,99.00%,Janice Chen,(Democratic),558,AD 44,2025-11-06_10:53:59.012304
ED   62,99.00%,Marisa Arrabito,(Democratic),525,AD 44,2025-11-06_10:53:59.012304
ED   62,99.00%,WRITE-IN,&nbsp,6,AD 44,2025-11-06_10:53:59.012304
ED   63,99.00%,Janice Chen,(Democratic),606,AD 44,2025-11-06_10:53:59.012304
ED   63,99.00%,Marisa Arrabito,(Democratic),554,AD 44,2025-11-06_10:53:59.012304
ED   63,99.00%,WRITE-IN,&nbsp,4,AD 44,2025-11-06_10:53:59.012304
ED   64,99.00%,Janice Chen,(Democratic),559,AD 44,2025-11-06_10:53:59.012304
ED   64,99.00%,Marisa Arrabito,(Democratic),513,AD 44,2025-11-06_10:53:59.012304
ED   64,99.00%,WRITE-IN,&nbsp,18,AD 44,2025-11-06_10:53:59.012304
ED   65,99.00%,Janice Chen,(Democratic),469,AD 44,2025-11-06_10:53:59.012304
ED   65,99.00%,Marisa Arrabito,(Democratic),448,AD 44,2025-11-06_10:53:59.012304
ED   65,99.00%,WRITE-IN,&nbsp,4,AD 44,2025-11-06_10:53:59.012304
ED   66,99.00%,Janice Chen,(Democratic),587,AD 44,2025-11-06_10:53:59.012304
ED   66,99.00%,Marisa Arrabito,(Democratic),517,AD 44,2025-11-06_10:53:59.012304
ED   66,99.00%,WRITE-IN,&nbsp,39,AD 44,2025-11-06_10:53:59.012304
ED   67,99.00%,Janice Chen,(Democratic),347,AD 44,2025-11-06_10:53:59.012304
ED   67,99.00%,Marisa Arrabito,(Democratic),312,AD 44,2025-11-06_10:53:59.012304
ED   67,99.00%,WRITE-IN,&nbsp,1,AD 44,2025-11-06_10:53:59.012304
ED   68,99.00%,Janice Chen,(Democratic),313,AD 44,2025-11-06_10:53:59.012304
ED   68,99.00%,Marisa Arrabito,(Democratic),304,AD 44,2025-11-06_10:53:59.012304
ED   68,99.00%,WRITE-IN,&nbsp,12,AD 44,2025-11-06_10:53:59.012304
ED   69,99.00%,Janice Chen,(Democratic),415,AD 44,2025-11-06_10:53:59.012304
ED   69,99.00%,Marisa Arrabito,(Democratic),352,AD 44,2025-11-06_10:53:59.012304
ED   69,99.00%,WRITE-IN,&nbsp,11,AD 44,2025-11-06_10:53:59.012304
ED   70,99.00%,Janice Chen,(Democratic),306,AD 44,2025-11-06_10:53:59.012304
ED   70,99.00%,Marisa Arrabito,(Democratic),272,AD 44,2025-11-06_10:53:59.012304
ED   70,99.00%,WRITE-IN,&nbsp,7,AD 44,2025-11-06_10:53:59.012304
ED   71,99.00%,Janice Chen,(Democratic),368,AD 44,2025-11-06_10:53:59.012304
ED   71,99.00%,Marisa Arrabito,(Democratic),320,AD 44,2025-11-06_10:53:59.012304
ED   71,99.00%,WRITE-IN,&nbsp,2,AD 44,2025-11-06_10:53:59.012304
ED   72,99.00%,Janice Chen,(Democratic),428,AD 44,2025-11-06_10:53:59.012304
ED   72,99.00%,Marisa Arrabito,(Democratic),378,AD 44,2025-11-06_10:53:59.012304
ED   72,99.00%,WRITE-IN,&nbsp,23,AD 44,2025-11-06_10:53:59.012304
ED   73,99.00%,Janice Chen,(Democratic),188,AD 44,2025-11-06_10:53:59.012304
ED   73,99.00%,Marisa Arrabito,(Democratic),165,AD 44,2025-11-06_10:53:59.012304
ED   73,99.00%,WRITE-IN,&nbsp,1,AD 44,2025-11-06_10:53:59.012304
ED   74,99.00%,Janice Chen,(Democratic),554,AD 44,2025-11-06_10:53:59.012304
ED   74,99.00%,Marisa Arrabito,(Democratic),505,AD 44,2025-11-06_10:53:59.012304
ED   74,99.00%,WRITE-IN,&nbsp,9,AD 44,2025-11-06_10:53:59.012304
ED   75,99.00%,Janice Chen,(Democratic),297,AD 44,2025-11-06_10:53:59.012304
ED   75,99.00%,Marisa Arrabito,(Democratic),262,AD 44,2025-11-06_10:53:59.012304
ED   75,99.00%,WRITE-IN,&nbsp,9,AD 44,2025-11-06_10:53:59.012304
ED   76,99.00%,Janice Chen,(Democratic),280,AD 44,2025-11-06_10:53:59.012304
ED   76,99.00%,Marisa Arrabito,(Democratic),245,AD 44,2025-11-06_10:53:59.012304
ED   76,99.00%,WRITE-IN,&nbsp,4,AD 44,2025-11-06_10:53:59.012304
ED   77,99.00%,Janice Chen,(Democratic),128,AD 44,2025-11-06_10:53:59.012304
ED   77,99.00%,Marisa Arrabito,(Democratic),125,AD 44,2025-11-06_10:53:59.012304
ED   77,99.00%,WRITE-IN,&nbsp,4,AD 44,2025-11-06_10:53:59.012304
ED   78,99.00%,Janice Chen,(Democratic),313,AD 44,2025-11-06_10:53:59.012304
ED   78,99.00%,Marisa Arrabito,(Democratic),273,AD 44,2025-11-06_10:53:59.012304
ED   78,99.00%,WRITE-IN,&nbsp,10,AD 44,2025-11-06_10:53:59.012304
ED   79,88.89%,Janice Chen,(Democratic),611,AD 44,2025-11-06_10:53:59.012304
ED   79,88.89%,Marisa Arrabito,(Democratic),551,AD 44,2025-11-06_10:53:59.012304
ED   79,88.89%,WRITE-IN,&nbsp,4,AD 44,2025-11-06_10:53:59.012304
ED   80,99.00%,Janice Chen,(Democratic),359,AD 44,2025-11-06_10:53:59.012304
ED   80,99.00%,Marisa Arrabito,(Democratic),346,AD 44,2025-11-06_10:53:59.012304
ED   80,99.00%,WRITE-IN,&nbsp,6,AD 44,2025-11-06_10:53:59.012304
ED   81,99.00%,Janice Chen,(Democratic),457,AD 44,2025-11-06_10:53:59.012304
ED   81,99.00%,Marisa Arrabito,(Democratic),423,AD 44,2025-11-06_10:53:59.012304
ED   81,99.00%,WRITE-IN,&nbsp,10,AD 44,2025-11-06_10:53:59.012304
ED   82,88.89%,Janice Chen,(Democratic),0,AD 44,2025-11-06_10:53:59.012304
ED   82,88.89%,Marisa Arrabito,(Democratic),0,AD 44,2025-11-06_10:53:59.012304
ED   82,88.89%,WRITE-IN,&nbsp,0,AD 44,2025-11-06_10:53:59.012304
ED   83,99.00%,Janice Chen,(Democratic),0,AD 44,2025-11-06_10:53:59.012304
ED   83,99.00%,Marisa Arrabito,(Democratic),0,AD 44,2025-11-06_10:53:59.012304
ED   83,99.00%,WRITE-IN,&nbsp,0,AD 44,2025-11-06_10:53:59.012304
ED   84,99.00%,Janice Chen,(Democratic),0,AD 44,2025-11-06_10:53:59.012304
ED   84,99.00%,Marisa Arrabito,(Democratic),0,AD 44,2025-11-06_10:53:59.012304
ED   84,99.00%,WRITE-IN,&nbsp,0,AD 44,2025-11-06_10:53:59.012304
Total,,Janice Chen,(Democratic),38396,AD 44,2025-11-06_10:53:59.012304
Total,,Marisa Arrabito,(Democratic),35151,AD 44,2025-11-06_10:53:59.012304
Total,,WRITE-IN,&nbsp,809,AD 44,2025-11-06_10:53:59.012304
ED    1,99.00%,Janice Chen,(Democratic),287,AD 45,2025-11-06_10:53:59.012304
ED    1,99.00%,Marisa Arrabito,(Democratic),210,AD 45,2025-11-06_10:53:59.012304
ED    1,99.00%,WRITE-IN,&nbsp,22,AD 45,2025-11-06_10:53:59.012304
ED    2,99.00%,Janice Chen,(Democratic),290,AD 45,2025-11-06_10:53:59.012304
ED    2,99.00%,Marisa Arrabito,(Democratic),230,AD 45,2025-11-06_10:53:59.012304
ED    2,99.00%,WRITE-IN,&nbsp,34,AD 45,2025-11-06_10:53:59.012304
ED    3,99.00%,Janice Chen,(Democratic),309,AD 45,2025-11-06_10:53:59.012304
ED    3,99.00%,Marisa Arrabito,(Democratic),259,AD 45,2025-11-06_10:53:59.012304
ED    3,99.00%,WRITE-IN,&nbsp,24,AD 45,2025-11-06_10:53:59.012304
ED    4,99.00%,Janice Chen,(Democratic),299,AD 45,2025-11-06_10:53:59.012304
ED    4,99.00%,Marisa Arrabito,(Democratic),239,AD 45,2025-11-06_10:53:59.012304
ED    4,99.00%,WRITE-IN,&nbsp,11,AD 45,2025-11-06_10:53:59.012304
ED    5,99.00%,Janice Chen,(Democratic),257,AD 45,2025-11-06_10:53:59.012304
ED    5,99.00%,Marisa Arrabito,(Democratic),213,AD 45,2025-11-06_10:53:59.012304
ED    5,99.00%,WRITE-IN,&nbsp,20,AD 45,2025-11-06_10:53:59.012304
ED    6,99.00%,Janice Chen,(Democratic),254,AD 45,2025-11-06_10:53:59.012304
ED    6,99.00%,Marisa Arrabito,(Democratic),205,AD 45,2025-11-06_10:53:59.012304
ED    6,99.00%,WRITE-IN,&nbsp,14,AD 45,2025-11-06_10:53:59.012304
ED    7,99.00%,Janice Chen,(Democratic),205,AD 45,2025-11-06_10:53:59.012304
ED    7,99.00%,Marisa Arrabito,(Democratic),151,AD 45,2025-11-06_10:53:59.012304
ED    7,99.00%,WRITE-IN,&nbsp,4,AD 45,2025-11-06_10:53:59.012304
ED    8,99.00%,Janice Chen,(Democratic),161,AD 45,2025-11-06_10:53:59.012304
ED    8,99.00%,Marisa Arrabito,(Democratic),135,AD 45,2025-11-06_10:53:59.012304
ED    8,99.00%,WRITE-IN,&nbsp,19,AD 45,2025-11-06_10:53:59.012304
ED    9,99.00%,Janice Chen,(Democratic),190,AD 45,2025-11-06_10:53:59.012304
ED    9,99.00%,Marisa Arrabito,(Democratic),166,AD 45,2025-11-06_10:53:59.012304
ED    9,99.00%,WRITE-IN,&nbsp,16,AD 45,2025-11-06_10:53:59.012304
ED   10,99.00%,Janice Chen,(Democratic),147,AD 45,2025-11-06_10:53:59.012304
ED   10,99.00%,Marisa Arrabito,(Democratic),119,AD 45,2025-11-06_10:53:59.012304
ED   10,99.00%,WRITE-IN,&nbsp,11,AD 45,2025-11-06_10:53:59.012304
ED   11,99.00%,Janice Chen,(Democratic),114,AD 45,2025-11-06_10:53:59.012304
ED   11,99.00%,Marisa Arrabito,(Democratic),91,AD 45,2025-11-06_10:53:59.012304
ED   11,99.00%,WRITE-IN,&nbsp,8,AD 45,2025-11-06_10:53:59.012304
ED   12,99.00%,Janice Chen,(Democratic),53,AD 45,2025-11-06_10:53:59.012304
ED   12,99.00%,Marisa Arrabito,(Democratic),30,AD 45,2025-11-06_10:53:59.012304
ED   12,99.00%,WRITE-IN,&nbsp,3,AD 45,2025-11-06_10:53:59.012304
ED   13,83.33%,Janice Chen,(Democratic),63,AD 45,2025-11-06_10:53:59.012304
ED   13,83.33%,Marisa Arrabito,(Democratic),64,AD 45,2025-11-06_10:53:59.012304
ED   13,83.33%,WRITE-IN,&nbsp,0,AD 45,2025-11-06_10:53:59.012304
ED   14,99.00%,Janice Chen,(Democratic),155,AD 45,2025-11-06_10:53:59.012304
ED   14,99.00%,Marisa Arrabito,(Democratic),122,AD 45,2025-11-06_10:53:59.012304
ED   14,99.00%,WRITE-IN,&nbsp,12,AD 45,2025-11-06_10:53:59.012304
ED   15,99.00%,Janice Chen,(Democratic),110,AD 45,2025-11-06_10:53:59.012304
ED   15,99.00%,Marisa Arrabito,(Democratic),114,AD 45,2025-11-06_10:53:59.012304
ED   15,99.00%,WRITE-IN,&nbsp,5,AD 45,2025-11-06_10:53:59.012304
ED   16,99.00%,Janice Chen,(Democratic),237,AD 45,2025-11-06_10:53:59.012304
ED   16,99.00%,Marisa Arrabito,(Democratic),184,AD 45,2025-11-06_10:53:59.012304
ED   16,99.00%,WRITE-IN,&nbsp,15,AD 45,2025-11-06_10:53:59.012304
ED   17,99.00%,Janice Chen,(Democratic),168,AD 45,2025-11-06_10:53:59.012304
ED   17,99.00%,Marisa Arrabito,(Democratic),130,AD 45,2025-11-06_10:53:59.012304
ED   17,99.00%,WRITE-IN,&nbsp,9,AD 45,2025-11-06_10:53:59.012304
ED   18,99.00%,Janice Chen,(Democratic),27,AD 45,2025-11-06_10:53:59.012304
ED   18,99.00%,Marisa Arrabito,(Democratic),26,AD 45,2025-11-06_10:53:59.012304
ED   18,99.00%,WRITE-IN,&nbsp,2,AD 45,2025-11-06_10:53:59.012304
ED   19,99.00%,Janice Chen,(Democratic),103,AD 45,2025-11-06_10:53:59.012304
ED   19,99.00%,Marisa Arrabito,(Democratic),82,AD 45,2025-11-06_10:53:59.012304
ED   19,99.00%,WRITE-IN,&nbsp,6,AD 45,2025-11-06_10:53:59.012304
ED   20,99.00%,Janice Chen,(Democratic),271,AD 45,2025-11-06_10:53:59.012304
ED   20,99.00%,Marisa Arrabito,(Democratic),237,AD 45,2025-11-06_10:53:59.012304
ED   20,99.00%,WRITE-IN,&nbsp,25,AD 45,2025-11-06_10:53:59.012304
ED   21,99.00%,Janice Chen,(Democratic),77,AD 45,2025-11-06_10:53:59.012304
ED   21,99.00%,Marisa Arrabito,(Democratic),60,AD 45,2025-11-06_10:53:59.012304
ED   21,99.00%,WRITE-IN,&nbsp,3,AD 45,2025-11-06_10:53:59.012304
ED   22,99.00%,Janice Chen,(Democratic),225,AD 45,2025-11-06_10:53:59.012304
ED   22,99.00%,Marisa Arrabito,(Democratic),191,AD 45,2025-11-06_10:53:59.012304
ED   22,99.00%,WRITE-IN,&nbsp,13,AD 45,2025-11-06_10:53:59.012304
ED   23,99.00%,Janice Chen,(Democratic),173,AD 45,2025-11-06_10:53:59.012304
ED   23,99.00%,Marisa Arrabito,(Democratic),138,AD 45,2025-11-06_10:53:59.012304
ED   23,99.00%,WRITE-IN,&nbsp,0,AD 45,2025-11-06_10:53:59.012304
ED   24,99.00%,Janice Chen,(Democratic),190,AD 45,2025-11-06_10:53:59.012304
ED   24,99.00%,Marisa Arrabito,(Democratic),173,AD 45,2025-11-06_10:53:59.012304
ED   24,99.00%,WRITE-IN,&nbsp,9,AD 45,2025-11-06_10:53:59.012304
ED   25,99.00%,Janice Chen,(Democratic),101,AD 45,2025-11-06_10:53:59.012304
ED   25,99.00%,Marisa Arrabito,(Democratic),82,AD 45,2025-11-06_10:53:59.012304
ED   25,99.00%,WRITE-IN,&nbsp,4,AD 45,2025-11-06_10:53:59.012304
ED   26,99.00%,Janice Chen,(Democratic),98,AD 45,2025-11-06_10:53:59.012304
ED   26,99.00%,Marisa Arrabito,(Democratic),78,AD 45,2025-11-06_10:53:59.012304
ED   26,99.00%,WRITE-IN,&nbsp,3,AD 45,2025-11-06_10:53:59.012304
ED   27,99.00%,Janice Chen,(Democratic),246,AD 45,2025-11-06_10:53:59.012304
ED   27,99.00%,Marisa Arrabito,(Democratic),164,AD 45,2025-11-06_10:53:59.012304
ED   27,99.00%,WRITE-IN,&nbsp,14,AD 45,2025-11-06_10:53:59.012304
ED   28,99.00%,Janice Chen,(Democratic),260,AD 45,2025-11-06_10:53:59.012304
ED   28,99.00%,Marisa Arrabito,(Democratic),230,AD 45,2025-11-06_10:53:59.012304
ED   28,99.00%,WRITE-IN,&nbsp,8,AD 45,2025-11-06_10:53:59.012304
ED   29,99.00%,Janice Chen,(Democratic),121,AD 45,2025-11-06_10:53:59.012304
ED   29,99.00%,Marisa Arrabito,(Democratic),94,AD 45,2025-11-06_10:53:59.012304
ED   29,99.00%,WRITE-IN,&nbsp,9,AD 45,2025-11-06_10:53:59.012304
ED   30,99.00%,Janice Chen,(Democratic),217,AD 45,2025-11-06_10:53:59.012304
ED   30,99.00%,Marisa Arrabito,(Democratic),164,AD 45,2025-11-06_10:53:59.012304
ED   30,99.00%,WRITE-IN,&nbsp,2,AD 45,2025-11-06_10:53:59.012304
ED   31,99.00%,Janice Chen,(Democratic),227,AD 45,2025-11-06_10:53:59.012304
ED   31,99.00%,Marisa Arrabito,(Democratic),170,AD 45,2025-11-06_10:53:59.012304
ED   31,99.00%,WRITE-IN,&nbsp,2,AD 45,2025-11-06_10:53:59.012304
ED   32,99.00%,Janice Chen,(Democratic),125,AD 45,2025-11-06_10:53:59.012304
ED   32,99.00%,Marisa Arrabito,(Democratic),117,AD 45,2025-11-06_10:53:59.012304
ED   32,99.00%,WRITE-IN,&nbsp,13,AD 45,2025-11-06_10:53:59.012304
ED   33,83.33%,Janice Chen,(Democratic),143,AD 45,2025-11-06_10:53:59.012304
ED   33,83.33%,Marisa Arrabito,(Democratic),99,AD 45,2025-11-06_10:53:59.012304
ED   33,83.33%,WRITE-IN,&nbsp,5,AD 45,2025-11-06_10:53:59.012304
ED   34,99.00%,Janice Chen,(Democratic),208,AD 45,2025-11-06_10:53:59.012304
ED   34,99.00%,Marisa Arrabito,(Democratic),163,AD 45,2025-11-06_10:53:59.012304
ED   34,99.00%,WRITE-IN,&nbsp,4,AD 45,2025-11-06_10:53:59.012304
ED   35,99.00%,Janice Chen,(Democratic),118,AD 45,2025-11-06_10:53:59.012304
ED   35,99.00%,Marisa Arrabito,(Democratic),104,AD 45,2025-11-06_10:53:59.012304
ED   35,99.00%,WRITE-IN,&nbsp,7,AD 45,2025-11-06_10:53:59.012304
ED   36,99.00%,Janice Chen,(Democratic),263,AD 45,2025-11-06_10:53:59.012304
ED   36,99.00%,Marisa Arrabito,(Democratic),198,AD 45,2025-11-06_10:53:59.012304
ED   36,99.00%,WRITE-IN,&nbsp,26,AD 45,2025-11-06_10:53:59.012304
ED   37,99.00%,Janice Chen,(Democratic),317,AD 45,2025-11-06_10:53:59.012304
ED   37,99.00%,Marisa Arrabito,(Democratic),228,AD 45,2025-11-06_10:53:59.012304
ED   37,99.00%,WRITE-IN,&nbsp,17,AD 45,2025-11-06_10:53:59.012304
ED   38,99.00%,Janice Chen,(Democratic),140,AD 45,2025-11-06_10:53:59.012304
ED   38,99.00%,Marisa Arrabito,(Democratic),93,AD 45,2025-11-06_10:53:59.012304
ED   38,99.00%,WRITE-IN,&nbsp,13,AD 45,2025-11-06_10:53:59.012304
ED   39,99.00%,Janice Chen,(Democratic),26,AD 45,2025-11-06_10:53:59.012304
ED   39,99.00%,Marisa Arrabito,(Democratic),20,AD 45,2025-11-06_10:53:59.012304
ED   39,99.00%,WRITE-IN,&nbsp,4,AD 45,2025-11-06_10:53:59.012304
ED   40,99.00%,Janice Chen,(Democratic),228,AD 45,2025-11-06_10:53:59.012304
ED   40,99.00%,Marisa Arrabito,(Democratic),190,AD 45,2025-11-06_10:53:59.012304
ED   40,99.00%,WRITE-IN,&nbsp,12,AD 45,2025-11-06_10:53:59.012304
ED   41,83.33%,Janice Chen,(Democratic),273,AD 45,2025-11-06_10:53:59.012304
ED   41,83.33%,Marisa Arrabito,(Democratic),228,AD 45,2025-11-06_10:53:59.012304
ED   41,83.33%,WRITE-IN,&nbsp,8,AD 45,2025-11-06_10:53:59.012304
ED   42,99.00%,Janice Chen,(Democratic),211,AD 45,2025-11-06_10:53:59.012304
ED   42,99.00%,Marisa Arrabito,(Democratic),181,AD 45,2025-11-06_10:53:59.012304
ED   42,99.00%,WRITE-IN,&nbsp,7,AD 45,2025-11-06_10:53:59.012304
ED   43,99.00%,Janice Chen,(Democratic),274,AD 45,2025-11-06_10:53:59.012304
ED   43,99.00%,Marisa Arrabito,(Democratic),238,AD 45,2025-11-06_10:53:59.012304
ED   43,99.00%,WRITE-IN,&nbsp,9,AD 45,2025-11-06_10:53:59.012304
ED   44,99.00%,Janice Chen,(Democratic),326,AD 45,2025-11-06_10:53:59.012304
ED   44,99.00%,Marisa Arrabito,(Democratic),277,AD 45,2025-11-06_10:53:59.012304
ED   44,99.00%,WRITE-IN,&nbsp,14,AD 45,2025-11-06_10:53:59.012304
ED   45,99.00%,Janice Chen,(Democratic),302,AD 45,2025-11-06_10:53:59.012304
ED   45,99.00%,Marisa Arrabito,(Democratic),249,AD 45,2025-11-06_10:53:59.012304
ED   45,99.00%,WRITE-IN,&nbsp,20,AD 45,2025-11-06_10:53:59.012304
ED   46,99.00%,Janice Chen,(Democratic),250,AD 45,2025-11-06_10:53:59.012304
ED   46,99.00%,Marisa Arrabito,(Democratic),212,AD 45,2025-11-06_10:53:59.012304
ED   46,99.00%,WRITE-IN,&nbsp,10,AD 45,2025-11-06_10:53:59.012304
ED   47,99.00%,Janice Chen,(Democratic),236,AD 45,2025-11-06_10:53:59.012304
ED   47,99.00%,Marisa Arrabito,(Democratic),215,AD 45,2025-11-06_10:53:59.012304
ED   47,99.00%,WRITE-IN,&nbsp,31,AD 45,2025-11-06_10:53:59.012304
ED   48,99.00%,Janice Chen,(Democratic),224,AD 45,2025-11-06_10:53:59.012304
ED   48,99.00%,Marisa Arrabito,(Democratic),183,AD 45,2025-11-06_10:53:59.012304
ED   48,99.00%,WRITE-IN,&nbsp,12,AD 45,2025-11-06_10:53:59.012304
ED   49,99.00%,Janice Chen,(Democratic),195,AD 45,2025-11-06_10:53:59.012304
ED   49,99.00%,Marisa Arrabito,(Democratic),161,AD 45,2025-11-06_10:53:59.012304
ED   49,99.00%,WRITE-IN,&nbsp,21,AD 45,2025-11-06_10:53:59.012304
ED   50,99.00%,Janice Chen,(Democratic),182,AD 45,2025-11-06_10:53:59.012304
ED   50,99.00%,Marisa Arrabito,(Democratic),153,AD 45,2025-11-06_10:53:59.012304
ED   50,99.00%,WRITE-IN,&nbsp,5,AD 45,2025-11-06_10:53:59.012304
ED   51,99.00%,Janice Chen,(Democratic),178,AD 45,2025-11-06_10:53:59.012304
ED   51,99.00%,Marisa Arrabito,(Democratic),146,AD 45,2025-11-06_10:53:59.012304
ED   51,99.00%,WRITE-IN,&nbsp,5,AD 45,2025-11-06_10:53:59.012304
ED   52,99.00%,Janice Chen,(Democratic),113,AD 45,2025-11-06_10:53:59.012304
ED   52,99.00%,Marisa Arrabito,(Democratic),89,AD 45,2025-11-06_10:53:59.012304
ED   52,99.00%,WRITE-IN,&nbsp,5,AD 45,2025-11-06_10:53:59.012304
ED   53,99.00%,Janice Chen,(Democratic),118,AD 45,2025-11-06_10:53:59.012304
ED   53,99.00%,Marisa Arrabito,(Democratic),94,AD 45,2025-11-06_10:53:59.012304
ED   53,99.00%,WRITE-IN,&nbsp,0,AD 45,2025-11-06_10:53:59.012304
ED   54,99.00%,Janice Chen,(Democratic),33,AD 45,2025-11-06_10:53:59.012304
ED   54,99.00%,Marisa Arrabito,(Democratic),20,AD 45,2025-11-06_10:53:59.012304
ED   54,99.00%,WRITE-IN,&nbsp,0,AD 45,2025-11-06_10:53:59.012304
ED   55,99.00%,Janice Chen,(Democratic),1,AD 45,2025-11-06_10:53:59.012304
ED   55,99.00%,Marisa Arrabito,(Democratic),0,AD 45,2025-11-06_10:53:59.012304
ED   55,99.00%,WRITE-IN,&nbsp,0,AD 45,2025-11-06_10:53:59.012304
ED   56,99.00%,Janice Chen,(Democratic),0,AD 45,2025-11-06_10:53:59.012304
ED   56,99.00%,Marisa Arrabito,(Democratic),0,AD 45,2025-11-06_10:53:59.012304
ED   56,99.00%,WRITE-IN,&nbsp,0,AD 45,2025-11-06_10:53:59.012304
Total,,Janice Chen,(Democratic),10119,AD 45,2025-11-06_10:53:59.012304
Total,,Marisa Arrabito,(Democratic),8209,AD 45,2025-11-06_10:53:59.012304
Total,,WRITE-IN,&nbsp,575,AD 45,2025-11-06_10:53:59.012304
ED    1,99.00%,Janice Chen,(Democratic),326,AD 46,2025-11-06_10:53:59.012304
ED    1,99.00%,Marisa Arrabito,(Democratic),304,AD 46,2025-11-06_10:53:59.012304
ED    1,99.00%,WRITE-IN,&nbsp,10,AD 46,2025-11-06_10:53:59.012304
ED    2,99.00%,Janice Chen,(Democratic),337,AD 46,2025-11-06_10:53:59.012304
ED    2,99.00%,Marisa Arrabito,(Democratic),327,AD 46,2025-11-06_10:53:59.012304
ED    2,99.00%,WRITE-IN,&nbsp,11,AD 46,2025-11-06_10:53:59.012304
ED    3,99.00%,Janice Chen,(Democratic),441,AD 46,2025-11-06_10:53:59.012304
ED    3,99.00%,Marisa Arrabito,(Democratic),415,AD 46,2025-11-06_10:53:59.012304
ED    3,99.00%,WRITE-IN,&nbsp,9,AD 46,2025-11-06_10:53:59.012304
ED    4,99.00%,Janice Chen,(Democratic),394,AD 46,2025-11-06_10:53:59.012304
ED    4,99.00%,Marisa Arrabito,(Democratic),376,AD 46,2025-11-06_10:53:59.012304
ED    4,99.00%,WRITE-IN,&nbsp,10,AD 46,2025-11-06_10:53:59.012304
ED    5,99.00%,Janice Chen,(Democratic),420,AD 46,2025-11-06_10:53:59.012304
ED    5,99.00%,Marisa Arrabito,(Democratic),385,AD 46,2025-11-06_10:53:59.012304
ED    5,99.00%,WRITE-IN,&nbsp,4,AD 46,2025-11-06_10:53:59.012304
ED    6,99.00%,Janice Chen,(Democratic),372,AD 46,2025-11-06_10:53:59.012304
ED    6,99.00%,Marisa Arrabito,(Democratic),352,AD 46,2025-11-06_10:53:59.012304
ED    6,99.00%,WRITE-IN,&nbsp,24,AD 46,2025-11-06_10:53:59.012304
ED    7,99.00%,Janice Chen,(Democratic),403,AD 46,2025-11-06_10:53:59.012304
ED    7,99.00%,Marisa Arrabito,(Democratic),377,AD 46,2025-11-06_10:53:59.012304
ED    7,99.00%,WRITE-IN,&nbsp,6,AD 46,2025-11-06_10:53:59.012304
ED    8,99.00%,Janice Chen,(Democratic),349,AD 46,2025-11-06_10:53:59.012304
ED    8,99.00%,Marisa Arrabito,(Democratic),315,AD 46,2025-11-06_10:53:59.012304
ED    8,99.00%,WRITE-IN,&nbsp,14,AD 46,2025-11-06_10:53:59.012304
ED    9,99.00%,Janice Chen,(Democratic),432,AD 46,2025-11-06_10:53:59.012304
ED    9,99.00%,Marisa Arrabito,(Democratic),387,AD 46,2025-11-06_10:53:59.012304
ED    9,99.00%,WRITE-IN,&nbsp,11,AD 46,2025-11-06_10:53:59.012304
ED   10,99.00%,Janice Chen,(Democratic),456,AD 46,2025-11-06_10:53:59.012304
ED   10,99.00%,Marisa Arrabito,(Democratic),404,AD 46,2025-11-06_10:53:59.012304
ED   10,99.00%,WRITE-IN,&nbsp,12,AD 46,2025-11-06_10:53:59.012304
ED   11,99.00%,Janice Chen,(Democratic),280,AD 46,2025-11-06_10:53:59.012304
ED   11,99.00%,Marisa Arrabito,(Democratic),245,AD 46,2025-11-06_10:53:59.012304
ED   11,99.00%,WRITE-IN,&nbsp,4,AD 46,2025-11-06_10:53:59.012304
ED   12,99.00%,Janice Chen,(Democratic),516,AD 46,2025-11-06_10:53:59.012304
ED   12,99.00%,Marisa Arrabito,(Democratic),521,AD 46,2025-11-06_10:53:59.012304
ED   12,99.00%,WRITE-IN,&nbsp,17,AD 46,2025-11-06_10:53:59.012304
ED   13,99.00%,Janice Chen,(Democratic),466,AD 46,2025-11-06_10:53:59.012304
ED   13,99.00%,Marisa Arrabito,(Democratic),459,AD 46,2025-11-06_10:53:59.012304
ED   13,99.00%,WRITE-IN,&nbsp,38,AD 46,2025-11-06_10:53:59.012304
ED   14,99.00%,Janice Chen,(Democratic),485,AD 46,2025-11-06_10:53:59.012304
ED   14,99.00%,Marisa Arrabito,(Democratic),445,AD 46,2025-11-06_10:53:59.012304
ED   14,99.00%,WRITE-IN,&nbsp,22,AD 46,2025-11-06_10:53:59.012304
ED   15,99.00%,Janice Chen,(Democratic),358,AD 46,2025-11-06_10:53:59.012304
ED   15,99.00%,Marisa Arrabito,(Democratic),364,AD 46,2025-11-06_10:53:59.012304
ED   15,99.00%,WRITE-IN,&nbsp,18,AD 46,2025-11-06_10:53:59.012304
ED   16,99.00%,Janice Chen,(Democratic),428,AD 46,2025-11-06_10:53:59.012304
ED   16,99.00%,Marisa Arrabito,(Democratic),383,AD 46,2025-11-06_10:53:59.012304
ED   16,99.00%,WRITE-IN,&nbsp,5,AD 46,2025-11-06_10:53:59.012304
ED   17,99.00%,Janice Chen,(Democratic),325,AD 46,2025-11-06_10:53:59.012304
ED   17,99.00%,Marisa Arrabito,(Democratic),306,AD 46,2025-11-06_10:53:59.012304
ED   17,99.00%,WRITE-IN,&nbsp,16,AD 46,2025-11-06_10:53:59.012304
ED   18,99.00%,Janice Chen,(Democratic),377,AD 46,2025-11-06_10:53:59.012304
ED   18,99.00%,Marisa Arrabito,(Democratic),345,AD 46,2025-11-06_10:53:59.012304
ED   18,99.00%,WRITE-IN,&nbsp,28,AD 46,2025-11-06_10:53:59.012304
ED   19,99.00%,Janice Chen,(Democratic),433,AD 46,2025-11-06_10:53:59.012304
ED   19,99.00%,Marisa Arrabito,(Democratic),430,AD 46,2025-11-06_10:53:59.012304
ED   19,99.00%,WRITE-IN,&nbsp,20,AD 46,2025-11-06_10:53:59.012304
ED   20,99.00%,Janice Chen,(Democratic),497,AD 46,2025-11-06_10:53:59.012304
ED   20,99.00%,Marisa Arrabito,(Democratic),443,AD 46,2025-11-06_10:53:59.012304
ED   20,99.00%,WRITE-IN,&nbsp,25,AD 46,2025-11-06_10:53:59.012304
ED   21,99.00%,Janice Chen,(Democratic),73,AD 46,2025-11-06_10:53:59.012304
ED   21,99.00%,Marisa Arrabito,(Democratic),67,AD 46,2025-11-06_10:53:59.012304
ED   21,99.00%,WRITE-IN,&nbsp,10,AD 46,2025-11-06_10:53:59.012304
ED   22,99.00%,Janice Chen,(Democratic),343,AD 46,2025-11-06_10:53:59.012304
ED   22,99.00%,Marisa Arrabito,(Democratic),327,AD 46,2025-11-06_10:53:59.012304
ED   22,99.00%,WRITE-IN,&nbsp,11,AD 46,2025-11-06_10:53:59.012304
ED   23,99.00%,Janice Chen,(Democratic),239,AD 46,2025-11-06_10:53:59.012304
ED   23,99.00%,Marisa Arrabito,(Democratic),273,AD 46,2025-11-06_10:53:59.012304
ED   23,99.00%,WRITE-IN,&nbsp,20,AD 46,2025-11-06_10:53:59.012304
ED   24,99.00%,Janice Chen,(Democratic),192,AD 46,2025-11-06_10:53:59.012304
ED   24,99.00%,Marisa Arrabito,(Democratic),214,AD 46,2025-11-06_10:53:59.012304
ED   24,99.00%,WRITE-IN,&nbsp,15,AD 46,2025-11-06_10:53:59.012304
ED   25,99.00%,Janice Chen,(Democratic),233,AD 46,2025-11-06_10:53:59.012304
ED   25,99.00%,Marisa Arrabito,(Democratic),245,AD 46,2025-11-06_10:53:59.012304
ED   25,99.00%,WRITE-IN,&nbsp,14,AD 46,2025-11-06_10:53:59.012304
ED   26,99.00%,Janice Chen,(Democratic),301,AD 46,2025-11-06_10:53:59.012304
ED   26,99.00%,Marisa Arrabito,(Democratic),283,AD 46,2025-11-06_10:53:59.012304
ED   26,99.00%,WRITE-IN,&nbsp,16,AD 46,2025-11-06_10:53:59.012304
ED   27,99.00%,Janice Chen,(Democratic),405,AD 46,2025-11-06_10:53:59.012304
ED   27,99.00%,Marisa Arrabito,(Democratic),355,AD 46,2025-11-06_10:53:59.012304
ED   27,99.00%,WRITE-IN,&nbsp,23,AD 46,2025-11-06_10:53:59.012304
ED   28,99.00%,Janice Chen,(Democratic),221,AD 46,2025-11-06_10:53:59.012304
ED   28,99.00%,Marisa Arrabito,(Democratic),198,AD 46,2025-11-06_10:53:59.012304
ED   28,99.00%,WRITE-IN,&nbsp,9,AD 46,2025-11-06_10:53:59.012304
ED   29,99.00%,Janice Chen,(Democratic),73,AD 46,2025-11-06_10:53:59.012304
ED   29,99.00%,Marisa Arrabito,(Democratic),62,AD 46,2025-11-06_10:53:59.012304
ED   29,99.00%,WRITE-IN,&nbsp,5,AD 46,2025-11-06_10:53:59.012304
ED   30,99.00%,Janice Chen,(Democratic),58,AD 46,2025-11-06_10:53:59.012304
ED   30,99.00%,Marisa Arrabito,(Democratic),49,AD 46,2025-11-06_10:53:59.012304
ED   30,99.00%,WRITE-IN,&nbsp,0,AD 46,2025-11-06_10:53:59.012304
ED   31,99.00%,Janice Chen,(Democratic),168,AD 46,2025-11-06_10:53:59.012304
ED   31,99.00%,Marisa Arrabito,(Democratic),123,AD 46,2025-11-06_10:53:59.012304
ED   31,99.00%,WRITE-IN,&nbsp,6,AD 46,2025-11-06_10:53:59.012304
ED   32,99.00%,Janice Chen,(Democratic),85,AD 46,2025-11-06_10:53:59.012304
ED   32,99.00%,Marisa Arrabito,(Democratic),63,AD 46,2025-11-06_10:53:59.012304
ED   32,99.00%,WRITE-IN,&nbsp,4,AD 46,2025-11-06_10:53:59.012304
ED   33,99.00%,Janice Chen,(Democratic),36,AD 46,2025-11-06_10:53:59.012304
ED   33,99.00%,Marisa Arrabito,(Democratic),29,AD 46,2025-11-06_10:53:59.012304
ED   33,99.00%,WRITE-IN,&nbsp,0,AD 46,2025-11-06_10:53:59.012304
ED   34,99.00%,Janice Chen,(Democratic),195,AD 46,2025-11-06_10:53:59.012304
ED   34,99.00%,Marisa Arrabito,(Democratic),154,AD 46,2025-11-06_10:53:59.012304
ED   34,99.00%,WRITE-IN,&nbsp,4,AD 46,2025-11-06_10:53:59.012304
ED   35,99.00%,Janice Chen,(Democratic),88,AD 46,2025-11-06_10:53:59.012304
ED   35,99.00%,Marisa Arrabito,(Democratic),72,AD 46,2025-11-06_10:53:59.012304
ED   35,99.00%,WRITE-IN,&nbsp,7,AD 46,2025-11-06_10:53:59.012304
ED   36,99.00%,Janice Chen,(Democratic),160,AD 46,2025-11-06_10:53:59.012304
ED   36,99.00%,Marisa Arrabito,(Democratic),157,AD 46,2025-11-06_10:53:59.012304
ED   36,99.00%,WRITE-IN,&nbsp,2,AD 46,2025-11-06_10:53:59.012304
ED   37,99.00%,Janice Chen,(Democratic),0,AD 46,2025-11-06_10:53:59.012304
ED   37,99.00%,Marisa Arrabito,(Democratic),0,AD 46,2025-11-06_10:53:59.012304
ED   37,99.00%,WRITE-IN,&nbsp,0,AD 46,2025-11-06_10:53:59.012304
ED   38,99.00%,Janice Chen,(Democratic),214,AD 46,2025-11-06_10:53:59.012304
ED   38,99.00%,Marisa Arrabito,(Democratic),175,AD 46,2025-11-06_10:53:59.012304
ED   38,99.00%,WRITE-IN,&nbsp,13,AD 46,2025-11-06_10:53:59.012304
ED   39,99.00%,Janice Chen,(Democratic),223,AD 46,2025-11-06_10:53:59.012304
ED   39,99.00%,Marisa Arrabito,(Democratic),186,AD 46,2025-11-06_10:53:59.012304
ED   39,99.00%,WRITE-IN,&nbsp,5,AD 46,2025-11-06_10:53:59.012304
ED   40,99.00%,Janice Chen,(Democratic),253,AD 46,2025-11-06_10:53:59.012304
ED   40,99.00%,Marisa Arrabito,(Democratic),205,AD 46,2025-11-06_10:53:59.012304
ED   40,99.00%,WRITE-IN,&nbsp,22,AD 46,2025-11-06_10:53:59.012304
ED   41,99.00%,Janice Chen,(Democratic),215,AD 46,2025-11-06_10:53:59.012304
ED   41,99.00%,Marisa Arrabito,(Democratic),189,AD 46,2025-11-06_10:53:59.012304
ED   41,99.00%,WRITE-IN,&nbsp,8,AD 46,2025-11-06_10:53:59.012304
ED   42,99.00%,Janice Chen,(Democratic),188,AD 46,2025-11-06_10:53:59.012304
ED   42,99.00%,Marisa Arrabito,(Democratic),159,AD 46,2025-11-06_10:53:59.012304
ED   42,99.00%,WRITE-IN,&nbsp,4,AD 46,2025-11-06_10:53:59.012304
ED   43,99.00%,Janice Chen,(Democratic),174,AD 46,2025-11-06_10:53:59.012304
ED   43,99.00%,Marisa Arrabito,(Democratic),153,AD 46,2025-11-06_10:53:59.012304
ED   43,99.00%,WRITE-IN,&nbsp,0,AD 46,2025-11-06_10:53:59.012304
ED   44,99.00%,Janice Chen,(Democratic),133,AD 46,2025-11-06_10:53:59.012304
ED   44,99.00%,Marisa Arrabito,(Democratic),123,AD 46,2025-11-06_10:53:59.012304
ED   44,99.00%,WRITE-IN,&nbsp,12,AD 46,2025-11-06_10:53:59.012304
ED   45,99.00%,Janice Chen,(Democratic),118,AD 46,2025-11-06_10:53:59.012304
ED   45,99.00%,Marisa Arrabito,(Democratic),97,AD 46,2025-11-06_10:53:59.012304
ED   45,99.00%,WRITE-IN,&nbsp,7,AD 46,2025-11-06_10:53:59.012304
ED   46,99.00%,Janice Chen,(Democratic),138,AD 46,2025-11-06_10:53:59.012304
ED   46,99.00%,Marisa Arrabito,(Democratic),146,AD 46,2025-11-06_10:53:59.012304
ED   46,99.00%,WRITE-IN,&nbsp,2,AD 46,2025-11-06_10:53:59.012304
ED   47,99.00%,Janice Chen,(Democratic),250,AD 46,2025-11-06_10:53:59.012304
ED   47,99.00%,Marisa Arrabito,(Democratic),214,AD 46,2025-11-06_10:53:59.012304
ED   47,99.00%,WRITE-IN,&nbsp,8,AD 46,2025-11-06_10:53:59.012304
ED   48,99.00%,Janice Chen,(Democratic),171,AD 46,2025-11-06_10:53:59.012304
ED   48,99.00%,Marisa Arrabito,(Democratic),164,AD 46,2025-11-06_10:53:59.012304
ED   48,99.00%,WRITE-IN,&nbsp,2,AD 46,2025-11-06_10:53:59.012304
ED   49,99.00%,Janice Chen,(Democratic),77,AD 46,2025-11-06_10:53:59.012304
ED   49,99.00%,Marisa Arrabito,(Democratic),69,AD 46,2025-11-06_10:53:59.012304
ED   49,99.00%,WRITE-IN,&nbsp,0,AD 46,2025-11-06_10:53:59.012304
ED   50,99.00%,Janice Chen,(Democratic),206,AD 46,2025-11-06_10:53:59.012304
ED   50,99.00%,Marisa Arrabito,(Democratic),203,AD 46,2025-11-06_10:53:59.012304
ED   50,99.00%,WRITE-IN,&nbsp,3,AD 46,2025-11-06_10:53:59.012304
ED   51,99.00%,Janice Chen,(Democratic),134,AD 46,2025-11-06_10:53:59.012304
ED   51,99.00%,Marisa Arrabito,(Democratic),112,AD 46,2025-11-06_10:53:59.012304
ED   51,99.00%,WRITE-IN,&nbsp,1,AD 46,2025-11-06_10:53:59.012304
ED   52,99.00%,Janice Chen,(Democratic),161,AD 46,2025-11-06_10:53:59.012304
ED   52,99.00%,Marisa Arrabito,(Democratic),133,AD 46,2025-11-06_10:53:59.012304
ED   52,99.00%,WRITE-IN,&nbsp,1,AD 46,2025-11-06_10:53:59.012304
ED   53,99.00%,Janice Chen,(Democratic),349,AD 46,2025-11-06_10:53:59.012304
ED   53,99.00%,Marisa Arrabito,(Democratic),304,AD 46,2025-11-06_10:53:59.012304
ED   53,99.00%,WRITE-IN,&nbsp,3,AD 46,2025-11-06_10:53:59.012304
ED   54,99.00%,Janice Chen,(Democratic),130,AD 46,2025-11-06_10:53:59.012304
ED   54,99.00%,Marisa Arrabito,(Democratic),103,AD 46,2025-11-06_10:53:59.012304
ED   54,99.00%,WRITE-IN,&nbsp,9,AD 46,2025-11-06_10:53:59.012304
ED   55,99.00%,Janice Chen,(Democratic),158,AD 46,2025-11-06_10:53:59.012304
ED   55,99.00%,Marisa Arrabito,(Democratic),142,AD 46,2025-11-06_10:53:59.012304
ED   55,99.00%,WRITE-IN,&nbsp,12,AD 46,2025-11-06_10:53:59.012304
ED   56,99.00%,Janice Chen,(Democratic),237,AD 46,2025-11-06_10:53:59.012304
ED   56,99.00%,Marisa Arrabito,(Democratic),214,AD 46,2025-11-06_10:53:59.012304
ED   56,99.00%,WRITE-IN,&nbsp,15,AD 46,2025-11-06_10:53:59.012304
ED   57,60.00%,Janice Chen,(Democratic),31,AD 46,2025-11-06_10:53:59.012304
ED   57,60.00%,Marisa Arrabito,(Democratic),21,AD 46,2025-11-06_10:53:59.012304
ED   57,60.00%,WRITE-IN,&nbsp,6,AD 46,2025-11-06_10:53:59.012304
ED   58,99.00%,Janice Chen,(Democratic),141,AD 46,2025-11-06_10:53:59.012304
ED   58,99.00%,Marisa Arrabito,(Democratic),121,AD 46,2025-11-06_10:53:59.012304
ED   58,99.00%,WRITE-IN,&nbsp,4,AD 46,2025-11-06_10:53:59.012304
ED   59,99.00%,Janice Chen,(Democratic),146,AD 46,2025-11-06_10:53:59.012304
ED   59,99.00%,Marisa Arrabito,(Democratic),122,AD 46,2025-11-06_10:53:59.012304
ED   59,99.00%,WRITE-IN,&nbsp,11,AD 46,2025-11-06_10:53:59.012304
ED   60,99.00%,Janice Chen,(Democratic),125,AD 46,2025-11-06_10:53:59.012304
ED   60,99.00%,Marisa Arrabito,(Democratic),105,AD 46,2025-11-06_10:53:59.012304
ED   60,99.00%,WRITE-IN,&nbsp,7,AD 46,2025-11-06_10:53:59.012304
ED   61,99.00%,Janice Chen,(Democratic),294,AD 46,2025-11-06_10:53:59.012304
ED   61,99.00%,Marisa Arrabito,(Democratic),243,AD 46,2025-11-06_10:53:59.012304
ED   61,99.00%,WRITE-IN,&nbsp,24,AD 46,2025-11-06_10:53:59.012304
ED   62,80.00%,Janice Chen,(Democratic),117,AD 46,2025-11-06_10:53:59.012304
ED   62,80.00%,Marisa Arrabito,(Democratic),105,AD 46,2025-11-06_10:53:59.012304
ED   62,80.00%,WRITE-IN,&nbsp,4,AD 46,2025-11-06_10:53:59.012304
ED   63,80.00%,Janice Chen,(Democratic),80,AD 46,2025-11-06_10:53:59.012304
ED   63,80.00%,Marisa Arrabito,(Democratic),69,AD 46,2025-11-06_10:53:59.012304
ED   63,80.00%,WRITE-IN,&nbsp,3,AD 46,2025-11-06_10:53:59.012304
ED   64,99.00%,Janice Chen,(Democratic),130,AD 46,2025-11-06_10:53:59.012304
ED   64,99.00%,Marisa Arrabito,(Democratic),106,AD 46,2025-11-06_10:53:59.012304
ED   64,99.00%,WRITE-IN,&nbsp,5,AD 46,2025-11-06_10:53:59.012304
ED   65,99.00%,Janice Chen,(Democratic),122,AD 46,2025-11-06_10:53:59.012304
ED   65,99.00%,Marisa Arrabito,(Democratic),93,AD 46,2025-11-06_10:53:59.012304
ED   65,99.00%,WRITE-IN,&nbsp,5,AD 46,2025-11-06_10:53:59.012304
ED   66,99.00%,Janice Chen,(Democratic),170,AD 46,2025-11-06_10:53:59.012304
ED   66,99.00%,Marisa Arrabito,(Democratic),131,AD 46,2025-11-06_10:53:59.012304
ED   66,99.00%,WRITE-IN,&nbsp,3,AD 46,2025-11-06_10:53:59.012304
ED   67,99.00%,Janice Chen,(Democratic),108,AD 46,2025-11-06_10:53:59.012304
ED   67,99.00%,Marisa Arrabito,(Democratic),85,AD 46,2025-11-06_10:53:59.012304
ED   67,99.00%,WRITE-IN,&nbsp,5,AD 46,2025-11-06_10:53:59.012304
ED   68,99.00%,Janice Chen,(Democratic),252,AD 46,2025-11-06_10:53:59.012304
ED   68,99.00%,Marisa Arrabito,(Democratic),186,AD 46,2025-11-06_10:53:59.012304
ED   68,99.00%,WRITE-IN,&nbsp,16,AD 46,2025-11-06_10:53:59.012304
ED   69,99.00%,Janice Chen,(Democratic),153,AD 46,2025-11-06_10:53:59.012304
ED   69,99.00%,Marisa Arrabito,(Democratic),142,AD 46,2025-11-06_10:53:59.012304
ED   69,99.00%,WRITE-IN,&nbsp,3,AD 46,2025-11-06_10:53:59.012304
ED   70,99.00%,Janice Chen,(Democratic),254,AD 46,2025-11-06_10:53:59.012304
ED   70,99.00%,Marisa Arrabito,(Democratic),211,AD 46,2025-11-06_10:53:59.012304
ED   70,99.00%,WRITE-IN,&nbsp,4,AD 46,2025-11-06_10:53:59.012304
ED   71,99.00%,Janice Chen,(Democratic),322,AD 46,2025-11-06_10:53:59.012304
ED   71,99.00%,Marisa Arrabito,(Democratic),277,AD 46,2025-11-06_10:53:59.012304
ED   71,99.00%,WRITE-IN,&nbsp,25,AD 46,2025-11-06_10:53:59.012304
ED   72,99.00%,Janice Chen,(Democratic),0,AD 46,2025-11-06_10:53:59.012304
ED   72,99.00%,Marisa Arrabito,(Democratic),0,AD 46,2025-11-06_10:53:59.012304
ED   72,99.00%,WRITE-IN,&nbsp,0,AD 46,2025-11-06_10:53:59.012304
ED   73,99.00%,Janice Chen,(Democratic),134,AD 46,2025-11-06_10:53:59.012304
ED   73,99.00%,Marisa Arrabito,(Democratic),103,AD 46,2025-11-06_10:53:59.012304
ED   73,99.00%,WRITE-IN,&nbsp,12,AD 46,2025-11-06_10:53:59.012304
ED   74,99.00%,Janice Chen,(Democratic),0,AD 46,2025-11-06_10:53:59.012304
ED   74,99.00%,Marisa Arrabito,(Democratic),0,AD 46,2025-11-06_10:53:59.012304
ED   74,99.00%,WRITE-IN,&nbsp,0,AD 46,2025-11-06_10:53:59.012304
ED   75,99.00%,Janice Chen,(Democratic),0,AD 46,2025-11-06_10:53:59.012304
ED   75,99.00%,Marisa Arrabito,(Democratic),0,AD 46,2025-11-06_10:53:59.012304
ED   75,99.00%,WRITE-IN,&nbsp,0,AD 46,2025-11-06_10:53:59.012304
ED   76,99.00%,Janice Chen,(Democratic),0,AD 46,2025-11-06_10:53:59.012304
ED   76,99.00%,Marisa Arrabito,(Democratic),0,AD 46,2025-11-06_10:53:59.012304
ED   76,99.00%,WRITE-IN,&nbsp,0,AD 46,2025-11-06_10:53:59.012304
ED   77,99.00%,Janice Chen,(Democratic),0,AD 46,2025-11-06_10:53:59.012304
ED   77,99.00%,Marisa Arrabito,(Democratic),0,AD 46,2025-11-06_10:53:59.012304
ED   77,99.00%,WRITE-IN,&nbsp,0,AD 46,2025-11-06_10:53:59.012304
ED   78,99.00%,Janice Chen,(Democratic),0,AD 46,2025-11-06_10:53:59.012304
ED   78,99.00%,Marisa Arrabito,(Democratic),0,AD 46,2025-11-06_10:53:59.012304
ED   78,99.00%,WRITE-IN,&nbsp,0,AD 46,2025-11-06_10:53:59.012304
Total,,Janice Chen,(Democratic),17073,AD 46,2025-11-06_10:53:59.012304
Total,,Marisa Arrabito,(Democratic),15465,AD 46,2025-11-06_10:53:59.012304
Total,,WRITE-IN,&nbsp,714,AD 46,2025-11-06_10:53:59.012304
ED    1,99.00%,Janice Chen,(Democratic),148,AD 47,2025-11-06_10:53:59.012304
ED    1,99.00%,Marisa Arrabito,(Democratic),119,AD 47,2025-11-06_10:53:59.012304
ED    1,99.00%,WRITE-IN,&nbsp,4,AD 47,2025-11-06_10:53:59.012304
ED    2,99.00%,Janice Chen,(Democratic),335,AD 47,2025-11-06_10:53:59.012304
ED    2,99.00%,Marisa Arrabito,(Democratic),267,AD 47,2025-11-06_10:53:59.012304
ED    2,99.00%,WRITE-IN,&nbsp,13,AD 47,2025-11-06_10:53:59.012304
ED    3,99.00%,Janice Chen,(Democratic),116,AD 47,2025-11-06_10:53:59.012304
ED    3,99.00%,Marisa Arrabito,(Democratic),121,AD 47,2025-11-06_10:53:59.012304
ED    3,99.00%,WRITE-IN,&nbsp,0,AD 47,2025-11-06_10:53:59.012304
ED    4,99.00%,Janice Chen,(Democratic),246,AD 47,2025-11-06_10:53:59.012304
ED    4,99.00%,Marisa Arrabito,(Democratic),198,AD 47,2025-11-06_10:53:59.012304
ED    4,99.00%,WRITE-IN,&nbsp,3,AD 47,2025-11-06_10:53:59.012304
ED    5,99.00%,Janice Chen,(Democratic),315,AD 47,2025-11-06_10:53:59.012304
ED    5,99.00%,Marisa Arrabito,(Democratic),254,AD 47,2025-11-06_10:53:59.012304
ED    5,99.00%,WRITE-IN,&nbsp,3,AD 47,2025-11-06_10:53:59.012304
ED    6,99.00%,Janice Chen,(Democratic),127,AD 47,2025-11-06_10:53:59.012304
ED    6,99.00%,Marisa Arrabito,(Democratic),99,AD 47,2025-11-06_10:53:59.012304
ED    6,99.00%,WRITE-IN,&nbsp,0,AD 47,2025-11-06_10:53:59.012304
ED    7,99.00%,Janice Chen,(Democratic),202,AD 47,2025-11-06_10:53:59.012304
ED    7,99.00%,Marisa Arrabito,(Democratic),188,AD 47,2025-11-06_10:53:59.012304
ED    7,99.00%,WRITE-IN,&nbsp,4,AD 47,2025-11-06_10:53:59.012304
ED    8,99.00%,Janice Chen,(Democratic),159,AD 47,2025-11-06_10:53:59.012304
ED    8,99.00%,Marisa Arrabito,(Democratic),129,AD 47,2025-11-06_10:53:59.012304
ED    8,99.00%,WRITE-IN,&nbsp,2,AD 47,2025-11-06_10:53:59.012304
ED    9,99.00%,Janice Chen,(Democratic),229,AD 47,2025-11-06_10:53:59.012304
ED    9,99.00%,Marisa Arrabito,(Democratic),165,AD 47,2025-11-06_10:53:59.012304
ED    9,99.00%,WRITE-IN,&nbsp,4,AD 47,2025-11-06_10:53:59.012304
ED   10,99.00%,Janice Chen,(Democratic),206,AD 47,2025-11-06_10:53:59.012304
ED   10,99.00%,Marisa Arrabito,(Democratic),191,AD 47,2025-11-06_10:53:59.012304
ED   10,99.00%,WRITE-IN,&nbsp,1,AD 47,2025-11-06_10:53:59.012304
ED   11,99.00%,Janice Chen,(Democratic),262,AD 47,2025-11-06_10:53:59.012304
ED   11,99.00%,Marisa Arrabito,(Democratic),199,AD 47,2025-11-06_10:53:59.012304
ED   11,99.00%,WRITE-IN,&nbsp,8,AD 47,2025-11-06_10:53:59.012304
ED   12,99.00%,Janice Chen,(Democratic),315,AD 47,2025-11-06_10:53:59.012304
ED   12,99.00%,Marisa Arrabito,(Democratic),255,AD 47,2025-11-06_10:53:59.012304
ED   12,99.00%,WRITE-IN,&nbsp,15,AD 47,2025-11-06_10:53:59.012304
ED   13,87.50%,Janice Chen,(Democratic),144,AD 47,2025-11-06_10:53:59.012304
ED   13,87.50%,Marisa Arrabito,(Democratic),127,AD 47,2025-11-06_10:53:59.012304
ED   13,87.50%,WRITE-IN,&nbsp,6,AD 47,2025-11-06_10:53:59.012304
ED   14,87.50%,Janice Chen,(Democratic),269,AD 47,2025-11-06_10:53:59.012304
ED   14,87.50%,Marisa Arrabito,(Democratic),230,AD 47,2025-11-06_10:53:59.012304
ED   14,87.50%,WRITE-IN,&nbsp,5,AD 47,2025-11-06_10:53:59.012304
ED   15,99.00%,Janice Chen,(Democratic),115,AD 47,2025-11-06_10:53:59.012304
ED   15,99.00%,Marisa Arrabito,(Democratic),90,AD 47,2025-11-06_10:53:59.012304
ED   15,99.00%,WRITE-IN,&nbsp,2,AD 47,2025-11-06_10:53:59.012304
ED   16,99.00%,Janice Chen,(Democratic),139,AD 47,2025-11-06_10:53:59.012304
ED   16,99.00%,Marisa Arrabito,(Democratic),98,AD 47,2025-11-06_10:53:59.012304
ED   16,99.00%,WRITE-IN,&nbsp,8,AD 47,2025-11-06_10:53:59.012304
ED   17,99.00%,Janice Chen,(Democratic),37,AD 47,2025-11-06_10:53:59.012304
ED   17,99.00%,Marisa Arrabito,(Democratic),24,AD 47,2025-11-06_10:53:59.012304
ED   17,99.00%,WRITE-IN,&nbsp,3,AD 47,2025-11-06_10:53:59.012304
ED   18,99.00%,Janice Chen,(Democratic),84,AD 47,2025-11-06_10:53:59.012304
ED   18,99.00%,Marisa Arrabito,(Democratic),59,AD 47,2025-11-06_10:53:59.012304
ED   18,99.00%,WRITE-IN,&nbsp,2,AD 47,2025-11-06_10:53:59.012304
ED   19,99.00%,Janice Chen,(Democratic),177,AD 47,2025-11-06_10:53:59.012304
ED   19,99.00%,Marisa Arrabito,(Democratic),157,AD 47,2025-11-06_10:53:59.012304
ED   19,99.00%,WRITE-IN,&nbsp,5,AD 47,2025-11-06_10:53:59.012304
ED   20,99.00%,Janice Chen,(Democratic),284,AD 47,2025-11-06_10:53:59.012304
ED   20,99.00%,Marisa Arrabito,(Democratic),258,AD 47,2025-11-06_10:53:59.012304
ED   20,99.00%,WRITE-IN,&nbsp,19,AD 47,2025-11-06_10:53:59.012304
ED   21,99.00%,Janice Chen,(Democratic),234,AD 47,2025-11-06_10:53:59.012304
ED   21,99.00%,Marisa Arrabito,(Democratic),185,AD 47,2025-11-06_10:53:59.012304
ED   21,99.00%,WRITE-IN,&nbsp,5,AD 47,2025-11-06_10:53:59.012304
ED   22,99.00%,Janice Chen,(Democratic),217,AD 47,2025-11-06_10:53:59.012304
ED   22,99.00%,Marisa Arrabito,(Democratic),163,AD 47,2025-11-06_10:53:59.012304
ED   22,99.00%,WRITE-IN,&nbsp,9,AD 47,2025-11-06_10:53:59.012304
ED   23,99.00%,Janice Chen,(Democratic),308,AD 47,2025-11-06_10:53:59.012304
ED   23,99.00%,Marisa Arrabito,(Democratic),233,AD 47,2025-11-06_10:53:59.012304
ED   23,99.00%,WRITE-IN,&nbsp,9,AD 47,2025-11-06_10:53:59.012304
ED   24,99.00%,Janice Chen,(Democratic),180,AD 47,2025-11-06_10:53:59.012304
ED   24,99.00%,Marisa Arrabito,(Democratic),148,AD 47,2025-11-06_10:53:59.012304
ED   24,99.00%,WRITE-IN,&nbsp,17,AD 47,2025-11-06_10:53:59.012304
ED   25,99.00%,Janice Chen,(Democratic),240,AD 47,2025-11-06_10:53:59.012304
ED   25,99.00%,Marisa Arrabito,(Democratic),190,AD 47,2025-11-06_10:53:59.012304
ED   25,99.00%,WRITE-IN,&nbsp,6,AD 47,2025-11-06_10:53:59.012304
ED   26,85.71%,Janice Chen,(Democratic),234,AD 47,2025-11-06_10:53:59.012304
ED   26,85.71%,Marisa Arrabito,(Democratic),214,AD 47,2025-11-06_10:53:59.012304
ED   26,85.71%,WRITE-IN,&nbsp,7,AD 47,2025-11-06_10:53:59.012304
ED   27,85.71%,Janice Chen,(Democratic),254,AD 47,2025-11-06_10:53:59.012304
ED   27,85.71%,Marisa Arrabito,(Democratic),182,AD 47,2025-11-06_10:53:59.012304
ED   27,85.71%,WRITE-IN,&nbsp,16,AD 47,2025-11-06_10:53:59.012304
ED   28,85.71%,Janice Chen,(Democratic),78,AD 47,2025-11-06_10:53:59.012304
ED   28,85.71%,Marisa Arrabito,(Democratic),73,AD 47,2025-11-06_10:53:59.012304
ED   28,85.71%,WRITE-IN,&nbsp,6,AD 47,2025-11-06_10:53:59.012304
ED   29,85.71%,Janice Chen,(Democratic),201,AD 47,2025-11-06_10:53:59.012304
ED   29,85.71%,Marisa Arrabito,(Democratic),142,AD 47,2025-11-06_10:53:59.012304
ED   29,85.71%,WRITE-IN,&nbsp,4,AD 47,2025-11-06_10:53:59.012304
ED   30,99.00%,Janice Chen,(Democratic),143,AD 47,2025-11-06_10:53:59.012304
ED   30,99.00%,Marisa Arrabito,(Democratic),114,AD 47,2025-11-06_10:53:59.012304
ED   30,99.00%,WRITE-IN,&nbsp,1,AD 47,2025-11-06_10:53:59.012304
ED   31,99.00%,Janice Chen,(Democratic),67,AD 47,2025-11-06_10:53:59.012304
ED   31,99.00%,Marisa Arrabito,(Democratic),50,AD 47,2025-11-06_10:53:59.012304
ED   31,99.00%,WRITE-IN,&nbsp,5,AD 47,2025-11-06_10:53:59.012304
ED   32,99.00%,Janice Chen,(Democratic),166,AD 47,2025-11-06_10:53:59.012304
ED   32,99.00%,Marisa Arrabito,(Democratic),140,AD 47,2025-11-06_10:53:59.012304
ED   32,99.00%,WRITE-IN,&nbsp,17,AD 47,2025-11-06_10:53:59.012304
ED   33,87.50%,Janice Chen,(Democratic),212,AD 47,2025-11-06_10:53:59.012304
ED   33,87.50%,Marisa Arrabito,(Democratic),170,AD 47,2025-11-06_10:53:59.012304
ED   33,87.50%,WRITE-IN,&nbsp,20,AD 47,2025-11-06_10:53:59.012304
ED   34,87.50%,Janice Chen,(Democratic),284,AD 47,2025-11-06_10:53:59.012304
ED   34,87.50%,Marisa Arrabito,(Democratic),244,AD 47,2025-11-06_10:53:59.012304
ED   34,87.50%,WRITE-IN,&nbsp,0,AD 47,2025-11-06_10:53:59.012304
ED   35,99.00%,Janice Chen,(Democratic),243,AD 47,2025-11-06_10:53:59.012304
ED   35,99.00%,Marisa Arrabito,(Democratic),166,AD 47,2025-11-06_10:53:59.012304
ED   35,99.00%,WRITE-IN,&nbsp,12,AD 47,2025-11-06_10:53:59.012304
ED   36,99.00%,Janice Chen,(Democratic),215,AD 47,2025-11-06_10:53:59.012304
ED   36,99.00%,Marisa Arrabito,(Democratic),171,AD 47,2025-11-06_10:53:59.012304
ED   36,99.00%,WRITE-IN,&nbsp,21,AD 47,2025-11-06_10:53:59.012304
ED   37,99.00%,Janice Chen,(Democratic),214,AD 47,2025-11-06_10:53:59.012304
ED   37,99.00%,Marisa Arrabito,(Democratic),159,AD 47,2025-11-06_10:53:59.012304
ED   37,99.00%,WRITE-IN,&nbsp,6,AD 47,2025-11-06_10:53:59.012304
ED   38,99.00%,Janice Chen,(Democratic),227,AD 47,2025-11-06_10:53:59.012304
ED   38,99.00%,Marisa Arrabito,(Democratic),182,AD 47,2025-11-06_10:53:59.012304
ED   38,99.00%,WRITE-IN,&nbsp,4,AD 47,2025-11-06_10:53:59.012304
ED   39,99.00%,Janice Chen,(Democratic),199,AD 47,2025-11-06_10:53:59.012304
ED   39,99.00%,Marisa Arrabito,(Democratic),141,AD 47,2025-11-06_10:53:59.012304
ED   39,99.00%,WRITE-IN,&nbsp,6,AD 47,2025-11-06_10:53:59.012304
ED   40,99.00%,Janice Chen,(Democratic),64,AD 47,2025-11-06_10:53:59.012304
ED   40,99.00%,Marisa Arrabito,(Democratic),59,AD 47,2025-11-06_10:53:59.012304
ED   40,99.00%,WRITE-IN,&nbsp,1,AD 47,2025-11-06_10:53:59.012304
ED   41,99.00%,Janice Chen,(Democratic),98,AD 47,2025-11-06_10:53:59.012304
ED   41,99.00%,Marisa Arrabito,(Democratic),69,AD 47,2025-11-06_10:53:59.012304
ED   41,99.00%,WRITE-IN,&nbsp,9,AD 47,2025-11-06_10:53:59.012304
ED   42,99.00%,Janice Chen,(Democratic),175,AD 47,2025-11-06_10:53:59.012304
ED   42,99.00%,Marisa Arrabito,(Democratic),165,AD 47,2025-11-06_10:53:59.012304
ED   42,99.00%,WRITE-IN,&nbsp,0,AD 47,2025-11-06_10:53:59.012304
ED   43,99.00%,Janice Chen,(Democratic),331,AD 47,2025-11-06_10:53:59.012304
ED   43,99.00%,Marisa Arrabito,(Democratic),213,AD 47,2025-11-06_10:53:59.012304
ED   43,99.00%,WRITE-IN,&nbsp,4,AD 47,2025-11-06_10:53:59.012304
ED   44,99.00%,Janice Chen,(Democratic),315,AD 47,2025-11-06_10:53:59.012304
ED   44,99.00%,Marisa Arrabito,(Democratic),235,AD 47,2025-11-06_10:53:59.012304
ED   44,99.00%,WRITE-IN,&nbsp,0,AD 47,2025-11-06_10:53:59.012304
ED   45,99.00%,Janice Chen,(Democratic),339,AD 47,2025-11-06_10:53:59.012304
ED   45,99.00%,Marisa Arrabito,(Democratic),268,AD 47,2025-11-06_10:53:59.012304
ED   45,99.00%,WRITE-IN,&nbsp,0,AD 47,2025-11-06_10:53:59.012304
ED   46,99.00%,Janice Chen,(Democratic),235,AD 47,2025-11-06_10:53:59.012304
ED   46,99.00%,Marisa Arrabito,(Democratic),172,AD 47,2025-11-06_10:53:59.012304
ED   46,99.00%,WRITE-IN,&nbsp,6,AD 47,2025-11-06_10:53:59.012304
ED   47,99.00%,Janice Chen,(Democratic),305,AD 47,2025-11-06_10:53:59.012304
ED   47,99.00%,Marisa Arrabito,(Democratic),215,AD 47,2025-11-06_10:53:59.012304
ED   47,99.00%,WRITE-IN,&nbsp,4,AD 47,2025-11-06_10:53:59.012304
ED   48,99.00%,Janice Chen,(Democratic),63,AD 47,2025-11-06_10:53:59.012304
ED   48,99.00%,Marisa Arrabito,(Democratic),64,AD 47,2025-11-06_10:53:59.012304
ED   48,99.00%,WRITE-IN,&nbsp,4,AD 47,2025-11-06_10:53:59.012304
ED   49,99.00%,Janice Chen,(Democratic),298,AD 47,2025-11-06_10:53:59.012304
ED   49,99.00%,Marisa Arrabito,(Democratic),231,AD 47,2025-11-06_10:53:59.012304
ED   49,99.00%,WRITE-IN,&nbsp,6,AD 47,2025-11-06_10:53:59.012304
ED   50,99.00%,Janice Chen,(Democratic),298,AD 47,2025-11-06_10:53:59.012304
ED   50,99.00%,Marisa Arrabito,(Democratic),250,AD 47,2025-11-06_10:53:59.012304
ED   50,99.00%,WRITE-IN,&nbsp,9,AD 47,2025-11-06_10:53:59.012304
ED   51,99.00%,Janice Chen,(Democratic),36,AD 47,2025-11-06_10:53:59.012304
ED   51,99.00%,Marisa Arrabito,(Democratic),25,AD 47,2025-11-06_10:53:59.012304
ED   51,99.00%,WRITE-IN,&nbsp,4,AD 47,2025-11-06_10:53:59.012304
ED   52,99.00%,Janice Chen,(Democratic),147,AD 47,2025-11-06_10:53:59.012304
ED   52,99.00%,Marisa Arrabito,(Democratic),103,AD 47,2025-11-06_10:53:59.012304
ED   52,99.00%,WRITE-IN,&nbsp,5,AD 47,2025-11-06_10:53:59.012304
ED   53,99.00%,Janice Chen,(Democratic),200,AD 47,2025-11-06_10:53:59.012304
ED   53,99.00%,Marisa Arrabito,(Democratic),167,AD 47,2025-11-06_10:53:59.012304
ED   53,99.00%,WRITE-IN,&nbsp,4,AD 47,2025-11-06_10:53:59.012304
ED   54,99.00%,Janice Chen,(Democratic),212,AD 47,2025-11-06_10:53:59.012304
ED   54,99.00%,Marisa Arrabito,(Democratic),153,AD 47,2025-11-06_10:53:59.012304
ED   54,99.00%,WRITE-IN,&nbsp,7,AD 47,2025-11-06_10:53:59.012304
ED   55,99.00%,Janice Chen,(Democratic),31,AD 47,2025-11-06_10:53:59.012304
ED   55,99.00%,Marisa Arrabito,(Democratic),23,AD 47,2025-11-06_10:53:59.012304
ED   55,99.00%,WRITE-IN,&nbsp,2,AD 47,2025-11-06_10:53:59.012304
ED   56,99.00%,Janice Chen,(Democratic),30,AD 47,2025-11-06_10:53:59.012304
ED   56,99.00%,Marisa Arrabito,(Democratic),23,AD 47,2025-11-06_10:53:59.012304
ED   56,99.00%,WRITE-IN,&nbsp,0,AD 47,2025-11-06_10:53:59.012304
ED   57,99.00%,Janice Chen,(Democratic),0,AD 47,2025-11-06_10:53:59.012304
ED   57,99.00%,Marisa Arrabito,(Democratic),0,AD 47,2025-11-06_10:53:59.012304
ED   57,99.00%,WRITE-IN,&nbsp,0,AD 47,2025-11-06_10:53:59.012304
Total,,Janice Chen,(Democratic),11002,AD 47,2025-11-06_10:53:59.012304
Total,,Marisa Arrabito,(Democratic),8730,AD 47,2025-11-06_10:53:59.012304
Total,,WRITE-IN,&nbsp,343,AD 47,2025-11-06_10:53:59.012304
ED    1,99.00%,Janice Chen,(Democratic),67,AD 48,2025-11-06_10:53:59.012304
ED    1,99.00%,Marisa Arrabito,(Democratic),52,AD 48,2025-11-06_10:53:59.012304
ED    1,99.00%,WRITE-IN,&nbsp,8,AD 48,2025-11-06_10:53:59.012304
ED    2,99.00%,Janice Chen,(Democratic),169,AD 48,2025-11-06_10:53:59.012304
ED    2,99.00%,Marisa Arrabito,(Democratic),139,AD 48,2025-11-06_10:53:59.012304
ED    2,99.00%,WRITE-IN,&nbsp,13,AD 48,2025-11-06_10:53:59.012304
ED    3,99.00%,Janice Chen,(Democratic),180,AD 48,2025-11-06_10:53:59.012304
ED    3,99.00%,Marisa Arrabito,(Democratic),127,AD 48,2025-11-06_10:53:59.012304
ED    3,99.00%,WRITE-IN,&nbsp,28,AD 48,2025-11-06_10:53:59.012304
ED    4,99.00%,Janice Chen,(Democratic),219,AD 48,2025-11-06_10:53:59.012304
ED    4,99.00%,Marisa Arrabito,(Democratic),183,AD 48,2025-11-06_10:53:59.012304
ED    4,99.00%,WRITE-IN,&nbsp,34,AD 48,2025-11-06_10:53:59.012304
ED    5,99.00%,Janice Chen,(Democratic),156,AD 48,2025-11-06_10:53:59.012304
ED    5,99.00%,Marisa Arrabito,(Democratic),131,AD 48,2025-11-06_10:53:59.012304
ED    5,99.00%,WRITE-IN,&nbsp,10,AD 48,2025-11-06_10:53:59.012304
ED    6,99.00%,Janice Chen,(Democratic),252,AD 48,2025-11-06_10:53:59.012304
ED    6,99.00%,Marisa Arrabito,(Democratic),190,AD 48,2025-11-06_10:53:59.012304
ED    6,99.00%,WRITE-IN,&nbsp,49,AD 48,2025-11-06_10:53:59.012304
ED    7,99.00%,Janice Chen,(Democratic),263,AD 48,2025-11-06_10:53:59.012304
ED    7,99.00%,Marisa Arrabito,(Democratic),205,AD 48,2025-11-06_10:53:59.012304
ED    7,99.00%,WRITE-IN,&nbsp,48,AD 48,2025-11-06_10:53:59.012304
ED    8,99.00%,Janice Chen,(Democratic),229,AD 48,2025-11-06_10:53:59.012304
ED    8,99.00%,Marisa Arrabito,(Democratic),173,AD 48,2025-11-06_10:53:59.012304
ED    8,99.00%,WRITE-IN,&nbsp,21,AD 48,2025-11-06_10:53:59.012304
ED    9,99.00%,Janice Chen,(Democratic),171,AD 48,2025-11-06_10:53:59.012304
ED    9,99.00%,Marisa Arrabito,(Democratic),121,AD 48,2025-11-06_10:53:59.012304
ED    9,99.00%,WRITE-IN,&nbsp,33,AD 48,2025-11-06_10:53:59.012304
ED   10,99.00%,Janice Chen,(Democratic),262,AD 48,2025-11-06_10:53:59.012304
ED   10,99.00%,Marisa Arrabito,(Democratic),209,AD 48,2025-11-06_10:53:59.012304
ED   10,99.00%,WRITE-IN,&nbsp,38,AD 48,2025-11-06_10:53:59.012304
ED   11,99.00%,Janice Chen,(Democratic),101,AD 48,2025-11-06_10:53:59.012304
ED   11,99.00%,Marisa Arrabito,(Democratic),68,AD 48,2025-11-06_10:53:59.012304
ED   11,99.00%,WRITE-IN,&nbsp,20,AD 48,2025-11-06_10:53:59.012304
ED   12,99.00%,Janice Chen,(Democratic),108,AD 48,2025-11-06_10:53:59.012304
ED   12,99.00%,Marisa Arrabito,(Democratic),81,AD 48,2025-11-06_10:53:59.012304
ED   12,99.00%,WRITE-IN,&nbsp,18,AD 48,2025-11-06_10:53:59.012304
ED   13,99.00%,Janice Chen,(Democratic),226,AD 48,2025-11-06_10:53:59.012304
ED   13,99.00%,Marisa Arrabito,(Democratic),181,AD 48,2025-11-06_10:53:59.012304
ED   13,99.00%,WRITE-IN,&nbsp,29,AD 48,2025-11-06_10:53:59.012304
ED   14,99.00%,Janice Chen,(Democratic),165,AD 48,2025-11-06_10:53:59.012304
ED   14,99.00%,Marisa Arrabito,(Democratic),150,AD 48,2025-11-06_10:53:59.012304
ED   14,99.00%,WRITE-IN,&nbsp,6,AD 48,2025-11-06_10:53:59.012304
ED   15,99.00%,Janice Chen,(Democratic),346,AD 48,2025-11-06_10:53:59.012304
ED   15,99.00%,Marisa Arrabito,(Democratic),296,AD 48,2025-11-06_10:53:59.012304
ED   15,99.00%,WRITE-IN,&nbsp,29,AD 48,2025-11-06_10:53:59.012304
ED   16,99.00%,Janice Chen,(Democratic),274,AD 48,2025-11-06_10:53:59.012304
ED   16,99.00%,Marisa Arrabito,(Democratic),225,AD 48,2025-11-06_10:53:59.012304
ED   16,99.00%,WRITE-IN,&nbsp,44,AD 48,2025-11-06_10:53:59.012304
ED   17,99.00%,Janice Chen,(Democratic),11,AD 48,2025-11-06_10:53:59.012304
ED   17,99.00%,Marisa Arrabito,(Democratic),8,AD 48,2025-11-06_10:53:59.012304
ED   17,99.00%,WRITE-IN,&nbsp,0,AD 48,2025-11-06_10:53:59.012304
ED   18,99.00%,Janice Chen,(Democratic),139,AD 48,2025-11-06_10:53:59.012304
ED   18,99.00%,Marisa Arrabito,(Democratic),108,AD 48,2025-11-06_10:53:59.012304
ED   18,99.00%,WRITE-IN,&nbsp,4,AD 48,2025-11-06_10:53:59.012304
ED   19,99.00%,Janice Chen,(Democratic),274,AD 48,2025-11-06_10:53:59.012304
ED   19,99.00%,Marisa Arrabito,(Democratic),225,AD 48,2025-11-06_10:53:59.012304
ED   19,99.00%,WRITE-IN,&nbsp,12,AD 48,2025-11-06_10:53:59.012304
ED   20,99.00%,Janice Chen,(Democratic),241,AD 48,2025-11-06_10:53:59.012304
ED   20,99.00%,Marisa Arrabito,(Democratic),200,AD 48,2025-11-06_10:53:59.012304
ED   20,99.00%,WRITE-IN,&nbsp,31,AD 48,2025-11-06_10:53:59.012304
ED   21,99.00%,Janice Chen,(Democratic),115,AD 48,2025-11-06_10:53:59.012304
ED   21,99.00%,Marisa Arrabito,(Democratic),94,AD 48,2025-11-06_10:53:59.012304
ED   21,99.00%,WRITE-IN,&nbsp,2,AD 48,2025-11-06_10:53:59.012304
ED   22,99.00%,Janice Chen,(Democratic),47,AD 48,2025-11-06_10:53:59.012304
ED   22,99.00%,Marisa Arrabito,(Democratic),44,AD 48,2025-11-06_10:53:59.012304
ED   22,99.00%,WRITE-IN,&nbsp,0,AD 48,2025-11-06_10:53:59.012304
ED   23,80.00%,Janice Chen,(Democratic),277,AD 48,2025-11-06_10:53:59.012304
ED   23,80.00%,Marisa Arrabito,(Democratic),233,AD 48,2025-11-06_10:53:59.012304
ED   23,80.00%,WRITE-IN,&nbsp,19,AD 48,2025-11-06_10:53:59.012304
ED   24,99.00%,Janice Chen,(Democratic),276,AD 48,2025-11-06_10:53:59.012304
ED   24,99.00%,Marisa Arrabito,(Democratic),237,AD 48,2025-11-06_10:53:59.012304
ED   24,99.00%,WRITE-IN,&nbsp,17,AD 48,2025-11-06_10:53:59.012304
ED   25,99.00%,Janice Chen,(Democratic),318,AD 48,2025-11-06_10:53:59.012304
ED   25,99.00%,Marisa Arrabito,(Democratic),289,AD 48,2025-11-06_10:53:59.012304
ED   25,99.00%,WRITE-IN,&nbsp,24,AD 48,2025-11-06_10:53:59.012304
ED   26,99.00%,Janice Chen,(Democratic),243,AD 48,2025-11-06_10:53:59.012304
ED   26,99.00%,Marisa Arrabito,(Democratic),196,AD 48,2025-11-06_10:53:59.012304
ED   26,99.00%,WRITE-IN,&nbsp,25,AD 48,2025-11-06_10:53:59.012304
ED   27,99.00%,Janice Chen,(Democratic),203,AD 48,2025-11-06_10:53:59.012304
ED   27,99.00%,Marisa Arrabito,(Democratic),175,AD 48,2025-11-06_10:53:59.012304
ED   27,99.00%,WRITE-IN,&nbsp,20,AD 48,2025-11-06_10:53:59.012304
ED   28,99.00%,Janice Chen,(Democratic),192,AD 48,2025-11-06_10:53:59.012304
ED   28,99.00%,Marisa Arrabito,(Democratic),161,AD 48,2025-11-06_10:53:59.012304
ED   28,99.00%,WRITE-IN,&nbsp,23,AD 48,2025-11-06_10:53:59.012304
ED   29,99.00%,Janice Chen,(Democratic),202,AD 48,2025-11-06_10:53:59.012304
ED   29,99.00%,Marisa Arrabito,(Democratic),182,AD 48,2025-11-06_10:53:59.012304
ED   29,99.00%,WRITE-IN,&nbsp,12,AD 48,2025-11-06_10:53:59.012304
ED   30,99.00%,Janice Chen,(Democratic),153,AD 48,2025-11-06_10:53:59.012304
ED   30,99.00%,Marisa Arrabito,(Democratic),132,AD 48,2025-11-06_10:53:59.012304
ED   30,99.00%,WRITE-IN,&nbsp,19,AD 48,2025-11-06_10:53:59.012304
ED   31,99.00%,Janice Chen,(Democratic),39,AD 48,2025-11-06_10:53:59.012304
ED   31,99.00%,Marisa Arrabito,(Democratic),34,AD 48,2025-11-06_10:53:59.012304
ED   31,99.00%,WRITE-IN,&nbsp,2,AD 48,2025-11-06_10:53:59.012304
ED   32,99.00%,Janice Chen,(Democratic),127,AD 48,2025-11-06_10:53:59.012304
ED   32,99.00%,Marisa Arrabito,(Democratic),95,AD 48,2025-11-06_10:53:59.012304
ED   32,99.00%,WRITE-IN,&nbsp,15,AD 48,2025-11-06_10:53:59.012304
ED   33,99.00%,Janice Chen,(Democratic),190,AD 48,2025-11-06_10:53:59.012304
ED   33,99.00%,Marisa Arrabito,(Democratic),165,AD 48,2025-11-06_10:53:59.012304
ED   33,99.00%,WRITE-IN,&nbsp,20,AD 48,2025-11-06_10:53:59.012304
ED   34,99.00%,Janice Chen,(Democratic),123,AD 48,2025-11-06_10:53:59.012304
ED   34,99.00%,Marisa Arrabito,(Democratic),77,AD 48,2025-11-06_10:53:59.012304
ED   34,99.00%,WRITE-IN,&nbsp,15,AD 48,2025-11-06_10:53:59.012304
ED   35,99.00%,Janice Chen,(Democratic),244,AD 48,2025-11-06_10:53:59.012304
ED   35,99.00%,Marisa Arrabito,(Democratic),195,AD 48,2025-11-06_10:53:59.012304
ED   35,99.00%,WRITE-IN,&nbsp,16,AD 48,2025-11-06_10:53:59.012304
ED   36,99.00%,Janice Chen,(Democratic),191,AD 48,2025-11-06_10:53:59.012304
ED   36,99.00%,Marisa Arrabito,(Democratic),153,AD 48,2025-11-06_10:53:59.012304
ED   36,99.00%,WRITE-IN,&nbsp,13,AD 48,2025-11-06_10:53:59.012304
ED   37,99.00%,Janice Chen,(Democratic),148,AD 48,2025-11-06_10:53:59.012304
ED   37,99.00%,Marisa Arrabito,(Democratic),111,AD 48,2025-11-06_10:53:59.012304
ED   37,99.00%,WRITE-IN,&nbsp,14,AD 48,2025-11-06_10:53:59.012304
ED   38,99.00%,Janice Chen,(Democratic),272,AD 48,2025-11-06_10:53:59.012304
ED   38,99.00%,Marisa Arrabito,(Democratic),229,AD 48,2025-11-06_10:53:59.012304
ED   38,99.00%,WRITE-IN,&nbsp,41,AD 48,2025-11-06_10:53:59.012304
ED   39,99.00%,Janice Chen,(Democratic),273,AD 48,2025-11-06_10:53:59.012304
ED   39,99.00%,Marisa Arrabito,(Democratic),217,AD 48,2025-11-06_10:53:59.012304
ED   39,99.00%,WRITE-IN,&nbsp,30,AD 48,2025-11-06_10:53:59.012304
ED   40,99.00%,Janice Chen,(Democratic),285,AD 48,2025-11-06_10:53:59.012304
ED   40,99.00%,Marisa Arrabito,(Democratic),228,AD 48,2025-11-06_10:53:59.012304
ED   40,99.00%,WRITE-IN,&nbsp,30,AD 48,2025-11-06_10:53:59.012304
ED   41,99.00%,Janice Chen,(Democratic),248,AD 48,2025-11-06_10:53:59.012304
ED   41,99.00%,Marisa Arrabito,(Democratic),194,AD 48,2025-11-06_10:53:59.012304
ED   41,99.00%,WRITE-IN,&nbsp,39,AD 48,2025-11-06_10:53:59.012304
ED   42,99.00%,Janice Chen,(Democratic),201,AD 48,2025-11-06_10:53:59.012304
ED   42,99.00%,Marisa Arrabito,(Democratic),149,AD 48,2025-11-06_10:53:59.012304
ED   42,99.00%,WRITE-IN,&nbsp,26,AD 48,2025-11-06_10:53:59.012304
ED   43,99.00%,Janice Chen,(Democratic),191,AD 48,2025-11-06_10:53:59.012304
ED   43,99.00%,Marisa Arrabito,(Democratic),145,AD 48,2025-11-06_10:53:59.012304
ED   43,99.00%,WRITE-IN,&nbsp,19,AD 48,2025-11-06_10:53:59.012304
ED   44,99.00%,Janice Chen,(Democratic),156,AD 48,2025-11-06_10:53:59.012304
ED   44,99.00%,Marisa Arrabito,(Democratic),127,AD 48,2025-11-06_10:53:59.012304
ED   44,99.00%,WRITE-IN,&nbsp,20,AD 48,2025-11-06_10:53:59.012304
ED   45,99.00%,Janice Chen,(Democratic),204,AD 48,2025-11-06_10:53:59.012304
ED   45,99.00%,Marisa Arrabito,(Democratic),170,AD 48,2025-11-06_10:53:59.012304
ED   45,99.00%,WRITE-IN,&nbsp,26,AD 48,2025-11-06_10:53:59.012304
ED   46,99.00%,Janice Chen,(Democratic),183,AD 48,2025-11-06_10:53:59.012304
ED   46,99.00%,Marisa Arrabito,(Democratic),141,AD 48,2025-11-06_10:53:59.012304
ED   46,99.00%,WRITE-IN,&nbsp,32,AD 48,2025-11-06_10:53:59.012304
ED   47,99.00%,Janice Chen,(Democratic),218,AD 48,2025-11-06_10:53:59.012304
ED   47,99.00%,Marisa Arrabito,(Democratic),174,AD 48,2025-11-06_10:53:59.012304
ED   47,99.00%,WRITE-IN,&nbsp,27,AD 48,2025-11-06_10:53:59.012304
ED   48,99.00%,Janice Chen,(Democratic),332,AD 48,2025-11-06_10:53:59.012304
ED   48,99.00%,Marisa Arrabito,(Democratic),234,AD 48,2025-11-06_10:53:59.012304
ED   48,99.00%,WRITE-IN,&nbsp,55,AD 48,2025-11-06_10:53:59.012304
ED   49,99.00%,Janice Chen,(Democratic),172,AD 48,2025-11-06_10:53:59.012304
ED   49,99.00%,Marisa Arrabito,(Democratic),135,AD 48,2025-11-06_10:53:59.012304
ED   49,99.00%,WRITE-IN,&nbsp,25,AD 48,2025-11-06_10:53:59.012304
ED   50,99.00%,Janice Chen,(Democratic),137,AD 48,2025-11-06_10:53:59.012304
ED   50,99.00%,Marisa Arrabito,(Democratic),87,AD 48,2025-11-06_10:53:59.012304
ED   50,99.00%,WRITE-IN,&nbsp,36,AD 48,2025-11-06_10:53:59.012304
ED   51,99.00%,Janice Chen,(Democratic),192,AD 48,2025-11-06_10:53:59.012304
ED   51,99.00%,Marisa Arrabito,(Democratic),124,AD 48,2025-11-06_10:53:59.012304
ED   51,99.00%,WRITE-IN,&nbsp,41,AD 48,2025-11-06_10:53:59.012304
ED   52,99.00%,Janice Chen,(Democratic),153,AD 48,2025-11-06_10:53:59.012304
ED   52,99.00%,Marisa Arrabito,(Democratic),126,AD 48,2025-11-06_10:53:59.012304
ED   52,99.00%,WRITE-IN,&nbsp,17,AD 48,2025-11-06_10:53:59.012304
ED   53,99.00%,Janice Chen,(Democratic),0,AD 48,2025-11-06_10:53:59.012304
ED   53,99.00%,Marisa Arrabito,(Democratic),0,AD 48,2025-11-06_10:53:59.012304
ED   53,99.00%,WRITE-IN,&nbsp,0,AD 48,2025-11-06_10:53:59.012304
Total,,Janice Chen,(Democratic),10158,AD 48,2025-11-06_10:53:59.012304
Total,,Marisa Arrabito,(Democratic),8125,AD 48,2025-11-06_10:53:59.012304
Total,,WRITE-IN,&nbsp,1195,AD 48,2025-11-06_10:53:59.012304
ED    1,99.00%,Janice Chen,(Democratic),180,AD 49,2025-11-06_10:53:59.012304
ED    1,99.00%,Marisa Arrabito,(Democratic),167,AD 49,2025-11-06_10:53:59.012304
ED    1,99.00%,WRITE-IN,&nbsp,3,AD 49,2025-11-06_10:53:59.012304
ED    2,99.00%,Janice Chen,(Democratic),24,AD 49,2025-11-06_10:53:59.012304
ED    2,99.00%,Marisa Arrabito,(Democratic),24,AD 49,2025-11-06_10:53:59.012304
ED    2,99.00%,WRITE-IN,&nbsp,0,AD 49,2025-11-06_10:53:59.012304
ED    3,99.00%,Janice Chen,(Democratic),20,AD 49,2025-11-06_10:53:59.012304
ED    3,99.00%,Marisa Arrabito,(Democratic),20,AD 49,2025-11-06_10:53:59.012304
ED    3,99.00%,WRITE-IN,&nbsp,0,AD 49,2025-11-06_10:53:59.012304
ED    4,99.00%,Janice Chen,(Democratic),113,AD 49,2025-11-06_10:53:59.012304
ED    4,99.00%,Marisa Arrabito,(Democratic),104,AD 49,2025-11-06_10:53:59.012304
ED    4,99.00%,WRITE-IN,&nbsp,12,AD 49,2025-11-06_10:53:59.012304
ED    5,99.00%,Janice Chen,(Democratic),110,AD 49,2025-11-06_10:53:59.012304
ED    5,99.00%,Marisa Arrabito,(Democratic),81,AD 49,2025-11-06_10:53:59.012304
ED    5,99.00%,WRITE-IN,&nbsp,2,AD 49,2025-11-06_10:53:59.012304
ED    6,99.00%,Janice Chen,(Democratic),135,AD 49,2025-11-06_10:53:59.012304
ED    6,99.00%,Marisa Arrabito,(Democratic),116,AD 49,2025-11-06_10:53:59.012304
ED    6,99.00%,WRITE-IN,&nbsp,6,AD 49,2025-11-06_10:53:59.012304
ED    7,99.00%,Janice Chen,(Democratic),146,AD 49,2025-11-06_10:53:59.012304
ED    7,99.00%,Marisa Arrabito,(Democratic),97,AD 49,2025-11-06_10:53:59.012304
ED    7,99.00%,WRITE-IN,&nbsp,7,AD 49,2025-11-06_10:53:59.012304
ED    8,99.00%,Janice Chen,(Democratic),138,AD 49,2025-11-06_10:53:59.012304
ED    8,99.00%,Marisa Arrabito,(Democratic),131,AD 49,2025-11-06_10:53:59.012304
ED    8,99.00%,WRITE-IN,&nbsp,1,AD 49,2025-11-06_10:53:59.012304
ED    9,99.00%,Janice Chen,(Democratic),155,AD 49,2025-11-06_10:53:59.012304
ED    9,99.00%,Marisa Arrabito,(Democratic),112,AD 49,2025-11-06_10:53:59.012304
ED    9,99.00%,WRITE-IN,&nbsp,5,AD 49,2025-11-06_10:53:59.012304
ED   10,99.00%,Janice Chen,(Democratic),142,AD 49,2025-11-06_10:53:59.012304
ED   10,99.00%,Marisa Arrabito,(Democratic),114,AD 49,2025-11-06_10:53:59.012304
ED   10,99.00%,WRITE-IN,&nbsp,6,AD 49,2025-11-06_10:53:59.012304
ED   11,99.00%,Janice Chen,(Democratic),153,AD 49,2025-11-06_10:53:59.012304
ED   11,99.00%,Marisa Arrabito,(Democratic),107,AD 49,2025-11-06_10:53:59.012304
ED   11,99.00%,WRITE-IN,&nbsp,5,AD 49,2025-11-06_10:53:59.012304
ED   12,99.00%,Janice Chen,(Democratic),169,AD 49,2025-11-06_10:53:59.012304
ED   12,99.00%,Marisa Arrabito,(Democratic),129,AD 49,2025-11-06_10:53:59.012304
ED   12,99.00%,WRITE-IN,&nbsp,2,AD 49,2025-11-06_10:53:59.012304
ED   13,99.00%,Janice Chen,(Democratic),23,AD 49,2025-11-06_10:53:59.012304
ED   13,99.00%,Marisa Arrabito,(Democratic),18,AD 49,2025-11-06_10:53:59.012304
ED   13,99.00%,WRITE-IN,&nbsp,0,AD 49,2025-11-06_10:53:59.012304
ED   14,99.00%,Janice Chen,(Democratic),106,AD 49,2025-11-06_10:53:59.012304
ED   14,99.00%,Marisa Arrabito,(Democratic),68,AD 49,2025-11-06_10:53:59.012304
ED   14,99.00%,WRITE-IN,&nbsp,4,AD 49,2025-11-06_10:53:59.012304
ED   15,99.00%,Janice Chen,(Democratic),176,AD 49,2025-11-06_10:53:59.012304
ED   15,99.00%,Marisa Arrabito,(Democratic),151,AD 49,2025-11-06_10:53:59.012304
ED   15,99.00%,WRITE-IN,&nbsp,0,AD 49,2025-11-06_10:53:59.012304
ED   16,99.00%,Janice Chen,(Democratic),241,AD 49,2025-11-06_10:53:59.012304
ED   16,99.00%,Marisa Arrabito,(Democratic),196,AD 49,2025-11-06_10:53:59.012304
ED   16,99.00%,WRITE-IN,&nbsp,5,AD 49,2025-11-06_10:53:59.012304
ED   17,99.00%,Janice Chen,(Democratic),301,AD 49,2025-11-06_10:53:59.012304
ED   17,99.00%,Marisa Arrabito,(Democratic),271,AD 49,2025-11-06_10:53:59.012304
ED   17,99.00%,WRITE-IN,&nbsp,1,AD 49,2025-11-06_10:53:59.012304
ED   18,99.00%,Janice Chen,(Democratic),275,AD 49,2025-11-06_10:53:59.012304
ED   18,99.00%,Marisa Arrabito,(Democratic),226,AD 49,2025-11-06_10:53:59.012304
ED   18,99.00%,WRITE-IN,&nbsp,14,AD 49,2025-11-06_10:53:59.012304
ED   19,99.00%,Janice Chen,(Democratic),200,AD 49,2025-11-06_10:53:59.012304
ED   19,99.00%,Marisa Arrabito,(Democratic),163,AD 49,2025-11-06_10:53:59.012304
ED   19,99.00%,WRITE-IN,&nbsp,23,AD 49,2025-11-06_10:53:59.012304
ED   20,99.00%,Janice Chen,(Democratic),97,AD 49,2025-11-06_10:53:59.012304
ED   20,99.00%,Marisa Arrabito,(Democratic),77,AD 49,2025-11-06_10:53:59.012304
ED   20,99.00%,WRITE-IN,&nbsp,4,AD 49,2025-11-06_10:53:59.012304
ED   21,99.00%,Janice Chen,(Democratic),161,AD 49,2025-11-06_10:53:59.012304
ED   21,99.00%,Marisa Arrabito,(Democratic),124,AD 49,2025-11-06_10:53:59.012304
ED   21,99.00%,WRITE-IN,&nbsp,6,AD 49,2025-11-06_10:53:59.012304
ED   22,99.00%,Janice Chen,(Democratic),145,AD 49,2025-11-06_10:53:59.012304
ED   22,99.00%,Marisa Arrabito,(Democratic),113,AD 49,2025-11-06_10:53:59.012304
ED   22,99.00%,WRITE-IN,&nbsp,3,AD 49,2025-11-06_10:53:59.012304
ED   23,50.00%,Janice Chen,(Democratic),75,AD 49,2025-11-06_10:53:59.012304
ED   23,50.00%,Marisa Arrabito,(Democratic),65,AD 49,2025-11-06_10:53:59.012304
ED   23,50.00%,WRITE-IN,&nbsp,0,AD 49,2025-11-06_10:53:59.012304
ED   24,99.00%,Janice Chen,(Democratic),245,AD 49,2025-11-06_10:53:59.012304
ED   24,99.00%,Marisa Arrabito,(Democratic),203,AD 49,2025-11-06_10:53:59.012304
ED   24,99.00%,WRITE-IN,&nbsp,7,AD 49,2025-11-06_10:53:59.012304
ED   25,50.00%,Janice Chen,(Democratic),78,AD 49,2025-11-06_10:53:59.012304
ED   25,50.00%,Marisa Arrabito,(Democratic),72,AD 49,2025-11-06_10:53:59.012304
ED   25,50.00%,WRITE-IN,&nbsp,0,AD 49,2025-11-06_10:53:59.012304
ED   26,99.00%,Janice Chen,(Democratic),207,AD 49,2025-11-06_10:53:59.012304
ED   26,99.00%,Marisa Arrabito,(Democratic),189,AD 49,2025-11-06_10:53:59.012304
ED   26,99.00%,WRITE-IN,&nbsp,4,AD 49,2025-11-06_10:53:59.012304
ED   27,99.00%,Janice Chen,(Democratic),211,AD 49,2025-11-06_10:53:59.012304
ED   27,99.00%,Marisa Arrabito,(Democratic),224,AD 49,2025-11-06_10:53:59.012304
ED   27,99.00%,WRITE-IN,&nbsp,8,AD 49,2025-11-06_10:53:59.012304
ED   28,99.00%,Janice Chen,(Democratic),202,AD 49,2025-11-06_10:53:59.012304
ED   28,99.00%,Marisa Arrabito,(Democratic),156,AD 49,2025-11-06_10:53:59.012304
ED   28,99.00%,WRITE-IN,&nbsp,11,AD 49,2025-11-06_10:53:59.012304
ED   29,99.00%,Janice Chen,(Democratic),146,AD 49,2025-11-06_10:53:59.012304
ED   29,99.00%,Marisa Arrabito,(Democratic),115,AD 49,2025-11-06_10:53:59.012304
ED   29,99.00%,WRITE-IN,&nbsp,2,AD 49,2025-11-06_10:53:59.012304
ED   30,99.00%,Janice Chen,(Democratic),269,AD 49,2025-11-06_10:53:59.012304
ED   30,99.00%,Marisa Arrabito,(Democratic),223,AD 49,2025-11-06_10:53:59.012304
ED   30,99.00%,WRITE-IN,&nbsp,15,AD 49,2025-11-06_10:53:59.012304
ED   31,99.00%,Janice Chen,(Democratic),240,AD 49,2025-11-06_10:53:59.012304
ED   31,99.00%,Marisa Arrabito,(Democratic),221,AD 49,2025-11-06_10:53:59.012304
ED   31,99.00%,WRITE-IN,&nbsp,10,AD 49,2025-11-06_10:53:59.012304
ED   32,99.00%,Janice Chen,(Democratic),255,AD 49,2025-11-06_10:53:59.012304
ED   32,99.00%,Marisa Arrabito,(Democratic),213,AD 49,2025-11-06_10:53:59.012304
ED   32,99.00%,WRITE-IN,&nbsp,3,AD 49,2025-11-06_10:53:59.012304
ED   33,99.00%,Janice Chen,(Democratic),285,AD 49,2025-11-06_10:53:59.012304
ED   33,99.00%,Marisa Arrabito,(Democratic),217,AD 49,2025-11-06_10:53:59.012304
ED   33,99.00%,WRITE-IN,&nbsp,14,AD 49,2025-11-06_10:53:59.012304
ED   34,99.00%,Janice Chen,(Democratic),175,AD 49,2025-11-06_10:53:59.012304
ED   34,99.00%,Marisa Arrabito,(Democratic),127,AD 49,2025-11-06_10:53:59.012304
ED   34,99.00%,WRITE-IN,&nbsp,4,AD 49,2025-11-06_10:53:59.012304
ED   35,99.00%,Janice Chen,(Democratic),247,AD 49,2025-11-06_10:53:59.012304
ED   35,99.00%,Marisa Arrabito,(Democratic),246,AD 49,2025-11-06_10:53:59.012304
ED   35,99.00%,WRITE-IN,&nbsp,14,AD 49,2025-11-06_10:53:59.012304
ED   36,99.00%,Janice Chen,(Democratic),203,AD 49,2025-11-06_10:53:59.012304
ED   36,99.00%,Marisa Arrabito,(Democratic),208,AD 49,2025-11-06_10:53:59.012304
ED   36,99.00%,WRITE-IN,&nbsp,10,AD 49,2025-11-06_10:53:59.012304
ED   37,99.00%,Janice Chen,(Democratic),266,AD 49,2025-11-06_10:53:59.012304
ED   37,99.00%,Marisa Arrabito,(Democratic),293,AD 49,2025-11-06_10:53:59.012304
ED   37,99.00%,WRITE-IN,&nbsp,13,AD 49,2025-11-06_10:53:59.012304
ED   38,99.00%,Janice Chen,(Democratic),180,AD 49,2025-11-06_10:53:59.012304
ED   38,99.00%,Marisa Arrabito,(Democratic),145,AD 49,2025-11-06_10:53:59.012304
ED   38,99.00%,WRITE-IN,&nbsp,10,AD 49,2025-11-06_10:53:59.012304
ED   39,99.00%,Janice Chen,(Democratic),331,AD 49,2025-11-06_10:53:59.012304
ED   39,99.00%,Marisa Arrabito,(Democratic),286,AD 49,2025-11-06_10:53:59.012304
ED   39,99.00%,WRITE-IN,&nbsp,10,AD 49,2025-11-06_10:53:59.012304
ED   40,99.00%,Janice Chen,(Democratic),241,AD 49,2025-11-06_10:53:59.012304
ED   40,99.00%,Marisa Arrabito,(Democratic),206,AD 49,2025-11-06_10:53:59.012304
ED   40,99.00%,WRITE-IN,&nbsp,20,AD 49,2025-11-06_10:53:59.012304
ED   41,99.00%,Janice Chen,(Democratic),364,AD 49,2025-11-06_10:53:59.012304
ED   41,99.00%,Marisa Arrabito,(Democratic),345,AD 49,2025-11-06_10:53:59.012304
ED   41,99.00%,WRITE-IN,&nbsp,18,AD 49,2025-11-06_10:53:59.012304
ED   42,99.00%,Janice Chen,(Democratic),175,AD 49,2025-11-06_10:53:59.012304
ED   42,99.00%,Marisa Arrabito,(Democratic),155,AD 49,2025-11-06_10:53:59.012304
ED   42,99.00%,WRITE-IN,&nbsp,8,AD 49,2025-11-06_10:53:59.012304
ED   43,99.00%,Janice Chen,(Democratic),225,AD 49,2025-11-06_10:53:59.012304
ED   43,99.00%,Marisa Arrabito,(Democratic),182,AD 49,2025-11-06_10:53:59.012304
ED   43,99.00%,WRITE-IN,&nbsp,9,AD 49,2025-11-06_10:53:59.012304
ED   44,99.00%,Janice Chen,(Democratic),83,AD 49,2025-11-06_10:53:59.012304
ED   44,99.00%,Marisa Arrabito,(Democratic),78,AD 49,2025-11-06_10:53:59.012304
ED   44,99.00%,WRITE-IN,&nbsp,2,AD 49,2025-11-06_10:53:59.012304
ED   45,99.00%,Janice Chen,(Democratic),92,AD 49,2025-11-06_10:53:59.012304
ED   45,99.00%,Marisa Arrabito,(Democratic),75,AD 49,2025-11-06_10:53:59.012304
ED   45,99.00%,WRITE-IN,&nbsp,2,AD 49,2025-11-06_10:53:59.012304
ED   46,99.00%,Janice Chen,(Democratic),4,AD 49,2025-11-06_10:53:59.012304
ED   46,99.00%,Marisa Arrabito,(Democratic),5,AD 49,2025-11-06_10:53:59.012304
ED   46,99.00%,WRITE-IN,&nbsp,0,AD 49,2025-11-06_10:53:59.012304
ED   47,99.00%,Janice Chen,(Democratic),180,AD 49,2025-11-06_10:53:59.012304
ED   47,99.00%,Marisa Arrabito,(Democratic),162,AD 49,2025-11-06_10:53:59.012304
ED   47,99.00%,WRITE-IN,&nbsp,1,AD 49,2025-11-06_10:53:59.012304
ED   48,99.00%,Janice Chen,(Democratic),42,AD 49,2025-11-06_10:53:59.012304
ED   48,99.00%,Marisa Arrabito,(Democratic),41,AD 49,2025-11-06_10:53:59.012304
ED   48,99.00%,WRITE-IN,&nbsp,0,AD 49,2025-11-06_10:53:59.012304
ED   49,99.00%,Janice Chen,(Democratic),57,AD 49,2025-11-06_10:53:59.012304
ED   49,99.00%,Marisa Arrabito,(Democratic),55,AD 49,2025-11-06_10:53:59.012304
ED   49,99.00%,WRITE-IN,&nbsp,8,AD 49,2025-11-06_10:53:59.012304
ED   50,50.00%,Janice Chen,(Democratic),52,AD 49,2025-11-06_10:53:59.012304
ED   50,50.00%,Marisa Arrabito,(Democratic),53,AD 49,2025-11-06_10:53:59.012304
ED   50,50.00%,WRITE-IN,&nbsp,6,AD 49,2025-11-06_10:53:59.012304
ED   51,99.00%,Janice Chen,(Democratic),128,AD 49,2025-11-06_10:53:59.012304
ED   51,99.00%,Marisa Arrabito,(Democratic),110,AD 49,2025-11-06_10:53:59.012304
ED   51,99.00%,WRITE-IN,&nbsp,10,AD 49,2025-11-06_10:53:59.012304
ED   52,99.00%,Janice Chen,(Democratic),101,AD 49,2025-11-06_10:53:59.012304
ED   52,99.00%,Marisa Arrabito,(Democratic),92,AD 49,2025-11-06_10:53:59.012304
ED   52,99.00%,WRITE-IN,&nbsp,0,AD 49,2025-11-06_10:53:59.012304
ED   53,99.00%,Janice Chen,(Democratic),0,AD 49,2025-11-06_10:53:59.012304
ED   53,99.00%,Marisa Arrabito,(Democratic),0,AD 49,2025-11-06_10:53:59.012304
ED   53,99.00%,WRITE-IN,&nbsp,0,AD 49,2025-11-06_10:53:59.012304
ED   54,99.00%,Janice Chen,(Democratic),0,AD 49,2025-11-06_10:53:59.012304
ED   54,99.00%,Marisa Arrabito,(Democratic),0,AD 49,2025-11-06_10:53:59.012304
ED   54,99.00%,WRITE-IN,&nbsp,0,AD 49,2025-11-06_10:53:59.012304
ED   55,99.00%,Janice Chen,(Democratic),0,AD 49,2025-11-06_10:53:59.012304
ED   55,99.00%,Marisa Arrabito,(Democratic),0,AD 49,2025-11-06_10:53:59.012304
ED   55,99.00%,WRITE-IN,&nbsp,0,AD 49,2025-11-06_10:53:59.012304
Total,,Janice Chen,(Democratic),8569,AD 49,2025-11-06_10:53:59.012304
Total,,Marisa Arrabito,(Democratic),7371,AD 49,2025-11-06_10:53:59.012304
Total,,WRITE-IN,&nbsp,328,AD 49,2025-11-06_10:53:59.012304
ED    1,87.50%,Janice Chen,(Democratic),821,AD 50,2025-11-06_10:53:59.012304
ED    1,87.50%,Marisa Arrabito,(Democratic),722,AD 50,2025-11-06_10:53:59.012304
ED    1,87.50%,WRITE-IN,&nbsp,9,AD 50,2025-11-06_10:53:59.012304
ED    2,87.50%,Janice Chen,(Democratic),630,AD 50,2025-11-06_10:53:59.012304
ED    2,87.50%,Marisa Arrabito,(Democratic),543,AD 50,2025-11-06_10:53:59.012304
ED    2,87.50%,WRITE-IN,&nbsp,8,AD 50,2025-11-06_10:53:59.012304
ED    3,87.50%,Janice Chen,(Democratic),636,AD 50,2025-11-06_10:53:59.012304
ED    3,87.50%,Marisa Arrabito,(Democratic),584,AD 50,2025-11-06_10:53:59.012304
ED    3,87.50%,WRITE-IN,&nbsp,10,AD 50,2025-11-06_10:53:59.012304
ED    4,87.50%,Janice Chen,(Democratic),545,AD 50,2025-11-06_10:53:59.012304
ED    4,87.50%,Marisa Arrabito,(Democratic),477,AD 50,2025-11-06_10:53:59.012304
ED    4,87.50%,WRITE-IN,&nbsp,10,AD 50,2025-11-06_10:53:59.012304
ED    5,87.50%,Janice Chen,(Democratic),510,AD 50,2025-11-06_10:53:59.012304
ED    5,87.50%,Marisa Arrabito,(Democratic),489,AD 50,2025-11-06_10:53:59.012304
ED    5,87.50%,WRITE-IN,&nbsp,9,AD 50,2025-11-06_10:53:59.012304
ED    6,87.50%,Janice Chen,(Democratic),410,AD 50,2025-11-06_10:53:59.012304
ED    6,87.50%,Marisa Arrabito,(Democratic),366,AD 50,2025-11-06_10:53:59.012304
ED    6,87.50%,WRITE-IN,&nbsp,2,AD 50,2025-11-06_10:53:59.012304
ED    7,87.50%,Janice Chen,(Democratic),438,AD 50,2025-11-06_10:53:59.012304
ED    7,87.50%,Marisa Arrabito,(Democratic),396,AD 50,2025-11-06_10:53:59.012304
ED    7,87.50%,WRITE-IN,&nbsp,5,AD 50,2025-11-06_10:53:59.012304
ED    8,99.00%,Janice Chen,(Democratic),766,AD 50,2025-11-06_10:53:59.012304
ED    8,99.00%,Marisa Arrabito,(Democratic),725,AD 50,2025-11-06_10:53:59.012304
ED    8,99.00%,WRITE-IN,&nbsp,16,AD 50,2025-11-06_10:53:59.012304
ED    9,99.00%,Janice Chen,(Democratic),314,AD 50,2025-11-06_10:53:59.012304
ED    9,99.00%,Marisa Arrabito,(Democratic),286,AD 50,2025-11-06_10:53:59.012304
ED    9,99.00%,WRITE-IN,&nbsp,9,AD 50,2025-11-06_10:53:59.012304
ED   10,99.00%,Janice Chen,(Democratic),286,AD 50,2025-11-06_10:53:59.012304
ED   10,99.00%,Marisa Arrabito,(Democratic),255,AD 50,2025-11-06_10:53:59.012304
ED   10,99.00%,WRITE-IN,&nbsp,2,AD 50,2025-11-06_10:53:59.012304
ED   11,99.00%,Janice Chen,(Democratic),435,AD 50,2025-11-06_10:53:59.012304
ED   11,99.00%,Marisa Arrabito,(Democratic),400,AD 50,2025-11-06_10:53:59.012304
ED   11,99.00%,WRITE-IN,&nbsp,9,AD 50,2025-11-06_10:53:59.012304
ED   12,99.00%,Janice Chen,(Democratic),394,AD 50,2025-11-06_10:53:59.012304
ED   12,99.00%,Marisa Arrabito,(Democratic),353,AD 50,2025-11-06_10:53:59.012304
ED   12,99.00%,WRITE-IN,&nbsp,0,AD 50,2025-11-06_10:53:59.012304
ED   13,99.00%,Janice Chen,(Democratic),515,AD 50,2025-11-06_10:53:59.012304
ED   13,99.00%,Marisa Arrabito,(Democratic),473,AD 50,2025-11-06_10:53:59.012304
ED   13,99.00%,WRITE-IN,&nbsp,6,AD 50,2025-11-06_10:53:59.012304
ED   14,99.00%,Janice Chen,(Democratic),604,AD 50,2025-11-06_10:53:59.012304
ED   14,99.00%,Marisa Arrabito,(Democratic),527,AD 50,2025-11-06_10:53:59.012304
ED   14,99.00%,WRITE-IN,&nbsp,8,AD 50,2025-11-06_10:53:59.012304
ED   15,99.00%,Janice Chen,(Democratic),498,AD 50,2025-11-06_10:53:59.012304
ED   15,99.00%,Marisa Arrabito,(Democratic),459,AD 50,2025-11-06_10:53:59.012304
ED   15,99.00%,WRITE-IN,&nbsp,9,AD 50,2025-11-06_10:53:59.012304
ED   16,99.00%,Janice Chen,(Democratic),581,AD 50,2025-11-06_10:53:59.012304
ED   16,99.00%,Marisa Arrabito,(Democratic),536,AD 50,2025-11-06_10:53:59.012304
ED   16,99.00%,WRITE-IN,&nbsp,10,AD 50,2025-11-06_10:53:59.012304
ED   17,99.00%,Janice Chen,(Democratic),662,AD 50,2025-11-06_10:53:59.012304
ED   17,99.00%,Marisa Arrabito,(Democratic),601,AD 50,2025-11-06_10:53:59.012304
ED   17,99.00%,WRITE-IN,&nbsp,20,AD 50,2025-11-06_10:53:59.012304
ED   18,99.00%,Janice Chen,(Democratic),509,AD 50,2025-11-06_10:53:59.012304
ED   18,99.00%,Marisa Arrabito,(Democratic),477,AD 50,2025-11-06_10:53:59.012304
ED   18,99.00%,WRITE-IN,&nbsp,10,AD 50,2025-11-06_10:53:59.012304
ED   19,99.00%,Janice Chen,(Democratic),576,AD 50,2025-11-06_10:53:59.012304
ED   19,99.00%,Marisa Arrabito,(Democratic),531,AD 50,2025-11-06_10:53:59.012304
ED   19,99.00%,WRITE-IN,&nbsp,20,AD 50,2025-11-06_10:53:59.012304
ED   20,99.00%,Janice Chen,(Democratic),654,AD 50,2025-11-06_10:53:59.012304
ED   20,99.00%,Marisa Arrabito,(Democratic),580,AD 50,2025-11-06_10:53:59.012304
ED   20,99.00%,WRITE-IN,&nbsp,16,AD 50,2025-11-06_10:53:59.012304
ED   21,99.00%,Janice Chen,(Democratic),585,AD 50,2025-11-06_10:53:59.012304
ED   21,99.00%,Marisa Arrabito,(Democratic),526,AD 50,2025-11-06_10:53:59.012304
ED   21,99.00%,WRITE-IN,&nbsp,22,AD 50,2025-11-06_10:53:59.012304
ED   22,99.00%,Janice Chen,(Democratic),649,AD 50,2025-11-06_10:53:59.012304
ED   22,99.00%,Marisa Arrabito,(Democratic),613,AD 50,2025-11-06_10:53:59.012304
ED   22,99.00%,WRITE-IN,&nbsp,2,AD 50,2025-11-06_10:53:59.012304
ED   23,99.00%,Janice Chen,(Democratic),619,AD 50,2025-11-06_10:53:59.012304
ED   23,99.00%,Marisa Arrabito,(Democratic),573,AD 50,2025-11-06_10:53:59.012304
ED   23,99.00%,WRITE-IN,&nbsp,11,AD 50,2025-11-06_10:53:59.012304
ED   24,99.00%,Janice Chen,(Democratic),407,AD 50,2025-11-06_10:53:59.012304
ED   24,99.00%,Marisa Arrabito,(Democratic),382,AD 50,2025-11-06_10:53:59.012304
ED   24,99.00%,WRITE-IN,&nbsp,13,AD 50,2025-11-06_10:53:59.012304
ED   25,99.00%,Janice Chen,(Democratic),470,AD 50,2025-11-06_10:53:59.012304
ED   25,99.00%,Marisa Arrabito,(Democratic),437,AD 50,2025-11-06_10:53:59.012304
ED   25,99.00%,WRITE-IN,&nbsp,6,AD 50,2025-11-06_10:53:59.012304
ED   26,99.00%,Janice Chen,(Democratic),723,AD 50,2025-11-06_10:53:59.012304
ED   26,99.00%,Marisa Arrabito,(Democratic),645,AD 50,2025-11-06_10:53:59.012304
ED   26,99.00%,WRITE-IN,&nbsp,9,AD 50,2025-11-06_10:53:59.012304
ED   27,99.00%,Janice Chen,(Democratic),501,AD 50,2025-11-06_10:53:59.012304
ED   27,99.00%,Marisa Arrabito,(Democratic),465,AD 50,2025-11-06_10:53:59.012304
ED   27,99.00%,WRITE-IN,&nbsp,4,AD 50,2025-11-06_10:53:59.012304
ED   28,99.00%,Janice Chen,(Democratic),265,AD 50,2025-11-06_10:53:59.012304
ED   28,99.00%,Marisa Arrabito,(Democratic),234,AD 50,2025-11-06_10:53:59.012304
ED   28,99.00%,WRITE-IN,&nbsp,2,AD 50,2025-11-06_10:53:59.012304
ED   29,99.00%,Janice Chen,(Democratic),540,AD 50,2025-11-06_10:53:59.012304
ED   29,99.00%,Marisa Arrabito,(Democratic),499,AD 50,2025-11-06_10:53:59.012304
ED   29,99.00%,WRITE-IN,&nbsp,10,AD 50,2025-11-06_10:53:59.012304
ED   30,99.00%,Janice Chen,(Democratic),539,AD 50,2025-11-06_10:53:59.012304
ED   30,99.00%,Marisa Arrabito,(Democratic),485,AD 50,2025-11-06_10:53:59.012304
ED   30,99.00%,WRITE-IN,&nbsp,9,AD 50,2025-11-06_10:53:59.012304
ED   31,99.00%,Janice Chen,(Democratic),387,AD 50,2025-11-06_10:53:59.012304
ED   31,99.00%,Marisa Arrabito,(Democratic),354,AD 50,2025-11-06_10:53:59.012304
ED   31,99.00%,WRITE-IN,&nbsp,0,AD 50,2025-11-06_10:53:59.012304
ED   32,99.00%,Janice Chen,(Democratic),312,AD 50,2025-11-06_10:53:59.012304
ED   32,99.00%,Marisa Arrabito,(Democratic),278,AD 50,2025-11-06_10:53:59.012304
ED   32,99.00%,WRITE-IN,&nbsp,2,AD 50,2025-11-06_10:53:59.012304
ED   33,99.00%,Janice Chen,(Democratic),359,AD 50,2025-11-06_10:53:59.012304
ED   33,99.00%,Marisa Arrabito,(Democratic),309,AD 50,2025-11-06_10:53:59.012304
ED   33,99.00%,WRITE-IN,&nbsp,17,AD 50,2025-11-06_10:53:59.012304
ED   34,99.00%,Janice Chen,(Democratic),376,AD 50,2025-11-06_10:53:59.012304
ED   34,99.00%,Marisa Arrabito,(Democratic),343,AD 50,2025-11-06_10:53:59.012304
ED   34,99.00%,WRITE-IN,&nbsp,8,AD 50,2025-11-06_10:53:59.012304
ED   35,99.00%,Janice Chen,(Democratic),152,AD 50,2025-11-06_10:53:59.012304
ED   35,99.00%,Marisa Arrabito,(Democratic),148,AD 50,2025-11-06_10:53:59.012304
ED   35,99.00%,WRITE-IN,&nbsp,4,AD 50,2025-11-06_10:53:59.012304
ED   36,99.00%,Janice Chen,(Democratic),88,AD 50,2025-11-06_10:53:59.012304
ED   36,99.00%,Marisa Arrabito,(Democratic),72,AD 50,2025-11-06_10:53:59.012304
ED   36,99.00%,WRITE-IN,&nbsp,4,AD 50,2025-11-06_10:53:59.012304
ED   37,99.00%,Janice Chen,(Democratic),131,AD 50,2025-11-06_10:53:59.012304
ED   37,99.00%,Marisa Arrabito,(Democratic),116,AD 50,2025-11-06_10:53:59.012304
ED   37,99.00%,WRITE-IN,&nbsp,4,AD 50,2025-11-06_10:53:59.012304
ED   38,99.00%,Janice Chen,(Democratic),163,AD 50,2025-11-06_10:53:59.012304
ED   38,99.00%,Marisa Arrabito,(Democratic),166,AD 50,2025-11-06_10:53:59.012304
ED   38,99.00%,WRITE-IN,&nbsp,3,AD 50,2025-11-06_10:53:59.012304
ED   39,99.00%,Janice Chen,(Democratic),69,AD 50,2025-11-06_10:53:59.012304
ED   39,99.00%,Marisa Arrabito,(Democratic),63,AD 50,2025-11-06_10:53:59.012304
ED   39,99.00%,WRITE-IN,&nbsp,13,AD 50,2025-11-06_10:53:59.012304
ED   40,99.00%,Janice Chen,(Democratic),149,AD 50,2025-11-06_10:53:59.012304
ED   40,99.00%,Marisa Arrabito,(Democratic),144,AD 50,2025-11-06_10:53:59.012304
ED   40,99.00%,WRITE-IN,&nbsp,14,AD 50,2025-11-06_10:53:59.012304
ED   41,99.00%,Janice Chen,(Democratic),176,AD 50,2025-11-06_10:53:59.012304
ED   41,99.00%,Marisa Arrabito,(Democratic),158,AD 50,2025-11-06_10:53:59.012304
ED   41,99.00%,WRITE-IN,&nbsp,8,AD 50,2025-11-06_10:53:59.012304
ED   42,99.00%,Janice Chen,(Democratic),130,AD 50,2025-11-06_10:53:59.012304
ED   42,99.00%,Marisa Arrabito,(Democratic),119,AD 50,2025-11-06_10:53:59.012304
ED   42,99.00%,WRITE-IN,&nbsp,14,AD 50,2025-11-06_10:53:59.012304
ED   43,99.00%,Janice Chen,(Democratic),95,AD 50,2025-11-06_10:53:59.012304
ED   43,99.00%,Marisa Arrabito,(Democratic),73,AD 50,2025-11-06_10:53:59.012304
ED   43,99.00%,WRITE-IN,&nbsp,16,AD 50,2025-11-06_10:53:59.012304
ED   44,99.00%,Janice Chen,(Democratic),208,AD 50,2025-11-06_10:53:59.012304
ED   44,99.00%,Marisa Arrabito,(Democratic),186,AD 50,2025-11-06_10:53:59.012304
ED   44,99.00%,WRITE-IN,&nbsp,21,AD 50,2025-11-06_10:53:59.012304
ED   45,99.00%,Janice Chen,(Democratic),145,AD 50,2025-11-06_10:53:59.012304
ED   45,99.00%,Marisa Arrabito,(Democratic),114,AD 50,2025-11-06_10:53:59.012304
ED   45,99.00%,WRITE-IN,&nbsp,18,AD 50,2025-11-06_10:53:59.012304
ED   46,99.00%,Janice Chen,(Democratic),167,AD 50,2025-11-06_10:53:59.012304
ED   46,99.00%,Marisa Arrabito,(Democratic),140,AD 50,2025-11-06_10:53:59.012304
ED   46,99.00%,WRITE-IN,&nbsp,10,AD 50,2025-11-06_10:53:59.012304
ED   47,99.00%,Janice Chen,(Democratic),108,AD 50,2025-11-06_10:53:59.012304
ED   47,99.00%,Marisa Arrabito,(Democratic),78,AD 50,2025-11-06_10:53:59.012304
ED   47,99.00%,WRITE-IN,&nbsp,11,AD 50,2025-11-06_10:53:59.012304
ED   48,99.00%,Janice Chen,(Democratic),83,AD 50,2025-11-06_10:53:59.012304
ED   48,99.00%,Marisa Arrabito,(Democratic),80,AD 50,2025-11-06_10:53:59.012304
ED   48,99.00%,WRITE-IN,&nbsp,15,AD 50,2025-11-06_10:53:59.012304
ED   49,99.00%,Janice Chen,(Democratic),79,AD 50,2025-11-06_10:53:59.012304
ED   49,99.00%,Marisa Arrabito,(Democratic),57,AD 50,2025-11-06_10:53:59.012304
ED   49,99.00%,WRITE-IN,&nbsp,13,AD 50,2025-11-06_10:53:59.012304
ED   50,99.00%,Janice Chen,(Democratic),360,AD 50,2025-11-06_10:53:59.012304
ED   50,99.00%,Marisa Arrabito,(Democratic),350,AD 50,2025-11-06_10:53:59.012304
ED   50,99.00%,WRITE-IN,&nbsp,5,AD 50,2025-11-06_10:53:59.012304
ED   51,99.00%,Janice Chen,(Democratic),437,AD 50,2025-11-06_10:53:59.012304
ED   51,99.00%,Marisa Arrabito,(Democratic),402,AD 50,2025-11-06_10:53:59.012304
ED   51,99.00%,WRITE-IN,&nbsp,7,AD 50,2025-11-06_10:53:59.012304
ED   52,99.00%,Janice Chen,(Democratic),580,AD 50,2025-11-06_10:53:59.012304
ED   52,99.00%,Marisa Arrabito,(Democratic),521,AD 50,2025-11-06_10:53:59.012304
ED   52,99.00%,WRITE-IN,&nbsp,7,AD 50,2025-11-06_10:53:59.012304
ED   53,99.00%,Janice Chen,(Democratic),550,AD 50,2025-11-06_10:53:59.012304
ED   53,99.00%,Marisa Arrabito,(Democratic),494,AD 50,2025-11-06_10:53:59.012304
ED   53,99.00%,WRITE-IN,&nbsp,9,AD 50,2025-11-06_10:53:59.012304
ED   54,99.00%,Janice Chen,(Democratic),330,AD 50,2025-11-06_10:53:59.012304
ED   54,99.00%,Marisa Arrabito,(Democratic),289,AD 50,2025-11-06_10:53:59.012304
ED   54,99.00%,WRITE-IN,&nbsp,6,AD 50,2025-11-06_10:53:59.012304
ED   55,99.00%,Janice Chen,(Democratic),176,AD 50,2025-11-06_10:53:59.012304
ED   55,99.00%,Marisa Arrabito,(Democratic),157,AD 50,2025-11-06_10:53:59.012304
ED   55,99.00%,WRITE-IN,&nbsp,2,AD 50,2025-11-06_10:53:59.012304
ED   56,99.00%,Janice Chen,(Democratic),707,AD 50,2025-11-06_10:53:59.012304
ED   56,99.00%,Marisa Arrabito,(Democratic),642,AD 50,2025-11-06_10:53:59.012304
ED   56,99.00%,WRITE-IN,&nbsp,8,AD 50,2025-11-06_10:53:59.012304
ED   57,99.00%,Janice Chen,(Democratic),781,AD 50,2025-11-06_10:53:59.012304
ED   57,99.00%,Marisa Arrabito,(Democratic),727,AD 50,2025-11-06_10:53:59.012304
ED   57,99.00%,WRITE-IN,&nbsp,8,AD 50,2025-11-06_10:53:59.012304
ED   58,99.00%,Janice Chen,(Democratic),623,AD 50,2025-11-06_10:53:59.012304
ED   58,99.00%,Marisa Arrabito,(Democratic),589,AD 50,2025-11-06_10:53:59.012304
ED   58,99.00%,WRITE-IN,&nbsp,6,AD 50,2025-11-06_10:53:59.012304
ED   59,99.00%,Janice Chen,(Democratic),696,AD 50,2025-11-06_10:53:59.012304
ED   59,99.00%,Marisa Arrabito,(Democratic),606,AD 50,2025-11-06_10:53:59.012304
ED   59,99.00%,WRITE-IN,&nbsp,7,AD 50,2025-11-06_10:53:59.012304
ED   60,99.00%,Janice Chen,(Democratic),539,AD 50,2025-11-06_10:53:59.012304
ED   60,99.00%,Marisa Arrabito,(Democratic),495,AD 50,2025-11-06_10:53:59.012304
ED   60,99.00%,WRITE-IN,&nbsp,6,AD 50,2025-11-06_10:53:59.012304
ED   61,99.00%,Janice Chen,(Democratic),712,AD 50,2025-11-06_10:53:59.012304
ED   61,99.00%,Marisa Arrabito,(Democratic),665,AD 50,2025-11-06_10:53:59.012304
ED   61,99.00%,WRITE-IN,&nbsp,8,AD 50,2025-11-06_10:53:59.012304
ED   62,99.00%,Janice Chen,(Democratic),539,AD 50,2025-11-06_10:53:59.012304
ED   62,99.00%,Marisa Arrabito,(Democratic),486,AD 50,2025-11-06_10:53:59.012304
ED   62,99.00%,WRITE-IN,&nbsp,6,AD 50,2025-11-06_10:53:59.012304
ED   63,99.00%,Janice Chen,(Democratic),524,AD 50,2025-11-06_10:53:59.012304
ED   63,99.00%,Marisa Arrabito,(Democratic),486,AD 50,2025-11-06_10:53:59.012304
ED   63,99.00%,WRITE-IN,&nbsp,3,AD 50,2025-11-06_10:53:59.012304
ED   64,99.00%,Janice Chen,(Democratic),6,AD 50,2025-11-06_10:53:59.012304
ED   64,99.00%,Marisa Arrabito,(Democratic),5,AD 50,2025-11-06_10:53:59.012304
ED   64,99.00%,WRITE-IN,&nbsp,0,AD 50,2025-11-06_10:53:59.012304
ED   65,99.00%,Janice Chen,(Democratic),317,AD 50,2025-11-06_10:53:59.012304
ED   65,99.00%,Marisa Arrabito,(Democratic),262,AD 50,2025-11-06_10:53:59.012304
ED   65,99.00%,WRITE-IN,&nbsp,0,AD 50,2025-11-06_10:53:59.012304
ED   66,99.00%,Janice Chen,(Democratic),520,AD 50,2025-11-06_10:53:59.012304
ED   66,99.00%,Marisa Arrabito,(Democratic),455,AD 50,2025-11-06_10:53:59.012304
ED   66,99.00%,WRITE-IN,&nbsp,3,AD 50,2025-11-06_10:53:59.012304
ED   67,99.00%,Janice Chen,(Democratic),0,AD 50,2025-11-06_10:53:59.012304
ED   67,99.00%,Marisa Arrabito,(Democratic),0,AD 50,2025-11-06_10:53:59.012304
ED   67,99.00%,WRITE-IN,&nbsp,0,AD 50,2025-11-06_10:53:59.012304
ED   68,99.00%,Janice Chen,(Democratic),0,AD 50,2025-11-06_10:53:59.012304
ED   68,99.00%,Marisa Arrabito,(Democratic),0,AD 50,2025-11-06_10:53:59.012304
ED   68,99.00%,WRITE-IN,&nbsp,0,AD 50,2025-11-06_10:53:59.012304
Total,,Janice Chen,(Democratic),27856,AD 50,2025-11-06_10:53:59.012304
Total,,Marisa Arrabito,(Democratic),25268,AD 50,2025-11-06_10:53:59.012304
Total,,WRITE-IN,&nbsp,562,AD 50,2025-11-06_10:53:59.012304
ED    1,99.00%,Janice Chen,(Democratic),213,AD 51,2025-11-06_10:53:59.012304
ED    1,99.00%,Marisa Arrabito,(Democratic),180,AD 51,2025-11-06_10:53:59.012304
ED    1,99.00%,WRITE-IN,&nbsp,6,AD 51,2025-11-06_10:53:59.012304
ED    2,99.00%,Janice Chen,(Democratic),214,AD 51,2025-11-06_10:53:59.012304
ED    2,99.00%,Marisa Arrabito,(Democratic),176,AD 51,2025-11-06_10:53:59.012304
ED    2,99.00%,WRITE-IN,&nbsp,0,AD 51,2025-11-06_10:53:59.012304
ED    3,99.00%,Janice Chen,(Democratic),130,AD 51,2025-11-06_10:53:59.012304
ED    3,99.00%,Marisa Arrabito,(Democratic),124,AD 51,2025-11-06_10:53:59.012304
ED    3,99.00%,WRITE-IN,&nbsp,4,AD 51,2025-11-06_10:53:59.012304
ED    4,99.00%,Janice Chen,(Democratic),132,AD 51,2025-11-06_10:53:59.012304
ED    4,99.00%,Marisa Arrabito,(Democratic),107,AD 51,2025-11-06_10:53:59.012304
ED    4,99.00%,WRITE-IN,&nbsp,3,AD 51,2025-11-06_10:53:59.012304
ED    5,99.00%,Janice Chen,(Democratic),151,AD 51,2025-11-06_10:53:59.012304
ED    5,99.00%,Marisa Arrabito,(Democratic),145,AD 51,2025-11-06_10:53:59.012304
ED    5,99.00%,WRITE-IN,&nbsp,3,AD 51,2025-11-06_10:53:59.012304
ED    6,99.00%,Janice Chen,(Democratic),260,AD 51,2025-11-06_10:53:59.012304
ED    6,99.00%,Marisa Arrabito,(Democratic),253,AD 51,2025-11-06_10:53:59.012304
ED    6,99.00%,WRITE-IN,&nbsp,3,AD 51,2025-11-06_10:53:59.012304
ED    7,99.00%,Janice Chen,(Democratic),288,AD 51,2025-11-06_10:53:59.012304
ED    7,99.00%,Marisa Arrabito,(Democratic),280,AD 51,2025-11-06_10:53:59.012304
ED    7,99.00%,WRITE-IN,&nbsp,2,AD 51,2025-11-06_10:53:59.012304
ED    8,99.00%,Janice Chen,(Democratic),264,AD 51,2025-11-06_10:53:59.012304
ED    8,99.00%,Marisa Arrabito,(Democratic),294,AD 51,2025-11-06_10:53:59.012304
ED    8,99.00%,WRITE-IN,&nbsp,9,AD 51,2025-11-06_10:53:59.012304
ED    9,99.00%,Janice Chen,(Democratic),241,AD 51,2025-11-06_10:53:59.012304
ED    9,99.00%,Marisa Arrabito,(Democratic),254,AD 51,2025-11-06_10:53:59.012304
ED    9,99.00%,WRITE-IN,&nbsp,9,AD 51,2025-11-06_10:53:59.012304
ED   10,99.00%,Janice Chen,(Democratic),181,AD 51,2025-11-06_10:53:59.012304
ED   10,99.00%,Marisa Arrabito,(Democratic),145,AD 51,2025-11-06_10:53:59.012304
ED   10,99.00%,WRITE-IN,&nbsp,2,AD 51,2025-11-06_10:53:59.012304
ED   11,99.00%,Janice Chen,(Democratic),259,AD 51,2025-11-06_10:53:59.012304
ED   11,99.00%,Marisa Arrabito,(Democratic),268,AD 51,2025-11-06_10:53:59.012304
ED   11,99.00%,WRITE-IN,&nbsp,4,AD 51,2025-11-06_10:53:59.012304
ED   12,99.00%,Janice Chen,(Democratic),178,AD 51,2025-11-06_10:53:59.012304
ED   12,99.00%,Marisa Arrabito,(Democratic),168,AD 51,2025-11-06_10:53:59.012304
ED   12,99.00%,WRITE-IN,&nbsp,4,AD 51,2025-11-06_10:53:59.012304
ED   13,99.00%,Janice Chen,(Democratic),276,AD 51,2025-11-06_10:53:59.012304
ED   13,99.00%,Marisa Arrabito,(Democratic),295,AD 51,2025-11-06_10:53:59.012304
ED   13,99.00%,WRITE-IN,&nbsp,4,AD 51,2025-11-06_10:53:59.012304
ED   14,99.00%,Janice Chen,(Democratic),247,AD 51,2025-11-06_10:53:59.012304
ED   14,99.00%,Marisa Arrabito,(Democratic),284,AD 51,2025-11-06_10:53:59.012304
ED   14,99.00%,WRITE-IN,&nbsp,4,AD 51,2025-11-06_10:53:59.012304
ED   15,99.00%,Janice Chen,(Democratic),261,AD 51,2025-11-06_10:53:59.012304
ED   15,99.00%,Marisa Arrabito,(Democratic),261,AD 51,2025-11-06_10:53:59.012304
ED   15,99.00%,WRITE-IN,&nbsp,6,AD 51,2025-11-06_10:53:59.012304
ED   16,99.00%,Janice Chen,(Democratic),285,AD 51,2025-11-06_10:53:59.012304
ED   16,99.00%,Marisa Arrabito,(Democratic),305,AD 51,2025-11-06_10:53:59.012304
ED   16,99.00%,WRITE-IN,&nbsp,8,AD 51,2025-11-06_10:53:59.012304
ED   17,99.00%,Janice Chen,(Democratic),260,AD 51,2025-11-06_10:53:59.012304
ED   17,99.00%,Marisa Arrabito,(Democratic),269,AD 51,2025-11-06_10:53:59.012304
ED   17,99.00%,WRITE-IN,&nbsp,4,AD 51,2025-11-06_10:53:59.012304
ED   18,99.00%,Janice Chen,(Democratic),401,AD 51,2025-11-06_10:53:59.012304
ED   18,99.00%,Marisa Arrabito,(Democratic),432,AD 51,2025-11-06_10:53:59.012304
ED   18,99.00%,WRITE-IN,&nbsp,10,AD 51,2025-11-06_10:53:59.012304
ED   19,99.00%,Janice Chen,(Democratic),333,AD 51,2025-11-06_10:53:59.012304
ED   19,99.00%,Marisa Arrabito,(Democratic),322,AD 51,2025-11-06_10:53:59.012304
ED   19,99.00%,WRITE-IN,&nbsp,7,AD 51,2025-11-06_10:53:59.012304
ED   20,99.00%,Janice Chen,(Democratic),277,AD 51,2025-11-06_10:53:59.012304
ED   20,99.00%,Marisa Arrabito,(Democratic),300,AD 51,2025-11-06_10:53:59.012304
ED   20,99.00%,WRITE-IN,&nbsp,6,AD 51,2025-11-06_10:53:59.012304
ED   21,99.00%,Janice Chen,(Democratic),589,AD 51,2025-11-06_10:53:59.012304
ED   21,99.00%,Marisa Arrabito,(Democratic),597,AD 51,2025-11-06_10:53:59.012304
ED   21,99.00%,WRITE-IN,&nbsp,15,AD 51,2025-11-06_10:53:59.012304
ED   22,99.00%,Janice Chen,(Democratic),610,AD 51,2025-11-06_10:53:59.012304
ED   22,99.00%,Marisa Arrabito,(Democratic),621,AD 51,2025-11-06_10:53:59.012304
ED   22,99.00%,WRITE-IN,&nbsp,10,AD 51,2025-11-06_10:53:59.012304
ED   23,99.00%,Janice Chen,(Democratic),414,AD 51,2025-11-06_10:53:59.012304
ED   23,99.00%,Marisa Arrabito,(Democratic),397,AD 51,2025-11-06_10:53:59.012304
ED   23,99.00%,WRITE-IN,&nbsp,9,AD 51,2025-11-06_10:53:59.012304
ED   24,99.00%,Janice Chen,(Democratic),586,AD 51,2025-11-06_10:53:59.012304
ED   24,99.00%,Marisa Arrabito,(Democratic),540,AD 51,2025-11-06_10:53:59.012304
ED   24,99.00%,WRITE-IN,&nbsp,2,AD 51,2025-11-06_10:53:59.012304
ED   25,99.00%,Janice Chen,(Democratic),392,AD 51,2025-11-06_10:53:59.012304
ED   25,99.00%,Marisa Arrabito,(Democratic),369,AD 51,2025-11-06_10:53:59.012304
ED   25,99.00%,WRITE-IN,&nbsp,4,AD 51,2025-11-06_10:53:59.012304
ED   26,99.00%,Janice Chen,(Democratic),652,AD 51,2025-11-06_10:53:59.012304
ED   26,99.00%,Marisa Arrabito,(Democratic),598,AD 51,2025-11-06_10:53:59.012304
ED   26,99.00%,WRITE-IN,&nbsp,6,AD 51,2025-11-06_10:53:59.012304
ED   27,99.00%,Janice Chen,(Democratic),183,AD 51,2025-11-06_10:53:59.012304
ED   27,99.00%,Marisa Arrabito,(Democratic),174,AD 51,2025-11-06_10:53:59.012304
ED   27,99.00%,WRITE-IN,&nbsp,0,AD 51,2025-11-06_10:53:59.012304
ED   28,90.00%,Janice Chen,(Democratic),832,AD 51,2025-11-06_10:53:59.012304
ED   28,90.00%,Marisa Arrabito,(Democratic),764,AD 51,2025-11-06_10:53:59.012304
ED   28,90.00%,WRITE-IN,&nbsp,19,AD 51,2025-11-06_10:53:59.012304
ED   29,99.00%,Janice Chen,(Democratic),826,AD 51,2025-11-06_10:53:59.012304
ED   29,99.00%,Marisa Arrabito,(Democratic),749,AD 51,2025-11-06_10:53:59.012304
ED   29,99.00%,WRITE-IN,&nbsp,11,AD 51,2025-11-06_10:53:59.012304
ED   30,99.00%,Janice Chen,(Democratic),174,AD 51,2025-11-06_10:53:59.012304
ED   30,99.00%,Marisa Arrabito,(Democratic),159,AD 51,2025-11-06_10:53:59.012304
ED   30,99.00%,WRITE-IN,&nbsp,1,AD 51,2025-11-06_10:53:59.012304
ED   31,99.00%,Janice Chen,(Democratic),73,AD 51,2025-11-06_10:53:59.012304
ED   31,99.00%,Marisa Arrabito,(Democratic),80,AD 51,2025-11-06_10:53:59.012304
ED   31,99.00%,WRITE-IN,&nbsp,3,AD 51,2025-11-06_10:53:59.012304
ED   32,99.00%,Janice Chen,(Democratic),101,AD 51,2025-11-06_10:53:59.012304
ED   32,99.00%,Marisa Arrabito,(Democratic),99,AD 51,2025-11-06_10:53:59.012304
ED   32,99.00%,WRITE-IN,&nbsp,2,AD 51,2025-11-06_10:53:59.012304
ED   33,99.00%,Janice Chen,(Democratic),474,AD 51,2025-11-06_10:53:59.012304
ED   33,99.00%,Marisa Arrabito,(Democratic),427,AD 51,2025-11-06_10:53:59.012304
ED   33,99.00%,WRITE-IN,&nbsp,4,AD 51,2025-11-06_10:53:59.012304
ED   34,99.00%,Janice Chen,(Democratic),219,AD 51,2025-11-06_10:53:59.012304
ED   34,99.00%,Marisa Arrabito,(Democratic),222,AD 51,2025-11-06_10:53:59.012304
ED   34,99.00%,WRITE-IN,&nbsp,0,AD 51,2025-11-06_10:53:59.012304
ED   35,99.00%,Janice Chen,(Democratic),197,AD 51,2025-11-06_10:53:59.012304
ED   35,99.00%,Marisa Arrabito,(Democratic),186,AD 51,2025-11-06_10:53:59.012304
ED   35,99.00%,WRITE-IN,&nbsp,2,AD 51,2025-11-06_10:53:59.012304
ED   36,99.00%,Janice Chen,(Democratic),279,AD 51,2025-11-06_10:53:59.012304
ED   36,99.00%,Marisa Arrabito,(Democratic),276,AD 51,2025-11-06_10:53:59.012304
ED   36,99.00%,WRITE-IN,&nbsp,3,AD 51,2025-11-06_10:53:59.012304
ED   37,99.00%,Janice Chen,(Democratic),142,AD 51,2025-11-06_10:53:59.012304
ED   37,99.00%,Marisa Arrabito,(Democratic),151,AD 51,2025-11-06_10:53:59.012304
ED   37,99.00%,WRITE-IN,&nbsp,2,AD 51,2025-11-06_10:53:59.012304
ED   38,99.00%,Janice Chen,(Democratic),181,AD 51,2025-11-06_10:53:59.012304
ED   38,99.00%,Marisa Arrabito,(Democratic),177,AD 51,2025-11-06_10:53:59.012304
ED   38,99.00%,WRITE-IN,&nbsp,0,AD 51,2025-11-06_10:53:59.012304
ED   39,99.00%,Janice Chen,(Democratic),56,AD 51,2025-11-06_10:53:59.012304
ED   39,99.00%,Marisa Arrabito,(Democratic),59,AD 51,2025-11-06_10:53:59.012304
ED   39,99.00%,WRITE-IN,&nbsp,0,AD 51,2025-11-06_10:53:59.012304
ED   40,99.00%,Janice Chen,(Democratic),533,AD 51,2025-11-06_10:53:59.012304
ED   40,99.00%,Marisa Arrabito,(Democratic),488,AD 51,2025-11-06_10:53:59.012304
ED   40,99.00%,WRITE-IN,&nbsp,5,AD 51,2025-11-06_10:53:59.012304
ED   41,99.00%,Janice Chen,(Democratic),483,AD 51,2025-11-06_10:53:59.012304
ED   41,99.00%,Marisa Arrabito,(Democratic),437,AD 51,2025-11-06_10:53:59.012304
ED   41,99.00%,WRITE-IN,&nbsp,8,AD 51,2025-11-06_10:53:59.012304
ED   42,99.00%,Janice Chen,(Democratic),659,AD 51,2025-11-06_10:53:59.012304
ED   42,99.00%,Marisa Arrabito,(Democratic),639,AD 51,2025-11-06_10:53:59.012304
ED   42,99.00%,WRITE-IN,&nbsp,10,AD 51,2025-11-06_10:53:59.012304
ED   43,99.00%,Janice Chen,(Democratic),324,AD 51,2025-11-06_10:53:59.012304
ED   43,99.00%,Marisa Arrabito,(Democratic),287,AD 51,2025-11-06_10:53:59.012304
ED   43,99.00%,WRITE-IN,&nbsp,13,AD 51,2025-11-06_10:53:59.012304
ED   44,99.00%,Janice Chen,(Democratic),512,AD 51,2025-11-06_10:53:59.012304
ED   44,99.00%,Marisa Arrabito,(Democratic),542,AD 51,2025-11-06_10:53:59.012304
ED   44,99.00%,WRITE-IN,&nbsp,8,AD 51,2025-11-06_10:53:59.012304
ED   45,99.00%,Janice Chen,(Democratic),361,AD 51,2025-11-06_10:53:59.012304
ED   45,99.00%,Marisa Arrabito,(Democratic),335,AD 51,2025-11-06_10:53:59.012304
ED   45,99.00%,WRITE-IN,&nbsp,5,AD 51,2025-11-06_10:53:59.012304
ED   46,99.00%,Janice Chen,(Democratic),254,AD 51,2025-11-06_10:53:59.012304
ED   46,99.00%,Marisa Arrabito,(Democratic),232,AD 51,2025-11-06_10:53:59.012304
ED   46,99.00%,WRITE-IN,&nbsp,0,AD 51,2025-11-06_10:53:59.012304
ED   47,99.00%,Janice Chen,(Democratic),286,AD 51,2025-11-06_10:53:59.012304
ED   47,99.00%,Marisa Arrabito,(Democratic),277,AD 51,2025-11-06_10:53:59.012304
ED   47,99.00%,WRITE-IN,&nbsp,9,AD 51,2025-11-06_10:53:59.012304
ED   48,99.00%,Janice Chen,(Democratic),98,AD 51,2025-11-06_10:53:59.012304
ED   48,99.00%,Marisa Arrabito,(Democratic),102,AD 51,2025-11-06_10:53:59.012304
ED   48,99.00%,WRITE-IN,&nbsp,6,AD 51,2025-11-06_10:53:59.012304
ED   49,99.00%,Janice Chen,(Democratic),116,AD 51,2025-11-06_10:53:59.012304
ED   49,99.00%,Marisa Arrabito,(Democratic),119,AD 51,2025-11-06_10:53:59.012304
ED   49,99.00%,WRITE-IN,&nbsp,4,AD 51,2025-11-06_10:53:59.012304
ED   50,99.00%,Janice Chen,(Democratic),120,AD 51,2025-11-06_10:53:59.012304
ED   50,99.00%,Marisa Arrabito,(Democratic),105,AD 51,2025-11-06_10:53:59.012304
ED   50,99.00%,WRITE-IN,&nbsp,10,AD 51,2025-11-06_10:53:59.012304
ED   51,99.00%,Janice Chen,(Democratic),133,AD 51,2025-11-06_10:53:59.012304
ED   51,99.00%,Marisa Arrabito,(Democratic),117,AD 51,2025-11-06_10:53:59.012304
ED   51,99.00%,WRITE-IN,&nbsp,16,AD 51,2025-11-06_10:53:59.012304
ED   52,99.00%,Janice Chen,(Democratic),341,AD 51,2025-11-06_10:53:59.012304
ED   52,99.00%,Marisa Arrabito,(Democratic),284,AD 51,2025-11-06_10:53:59.012304
ED   52,99.00%,WRITE-IN,&nbsp,9,AD 51,2025-11-06_10:53:59.012304
ED   53,99.00%,Janice Chen,(Democratic),202,AD 51,2025-11-06_10:53:59.012304
ED   53,99.00%,Marisa Arrabito,(Democratic),178,AD 51,2025-11-06_10:53:59.012304
ED   53,99.00%,WRITE-IN,&nbsp,17,AD 51,2025-11-06_10:53:59.012304
ED   54,99.00%,Janice Chen,(Democratic),0,AD 51,2025-11-06_10:53:59.012304
ED   54,99.00%,Marisa Arrabito,(Democratic),0,AD 51,2025-11-06_10:53:59.012304
ED   54,99.00%,WRITE-IN,&nbsp,0,AD 51,2025-11-06_10:53:59.012304
Total,,Janice Chen,(Democratic),16253,AD 51,2025-11-06_10:53:59.012304
Total,,Marisa Arrabito,(Democratic),15649,AD 51,2025-11-06_10:53:59.012304
Total,,WRITE-IN,&nbsp,311,AD 51,2025-11-06_10:53:59.012304
ED    1,99.00%,Janice Chen,(Democratic),63,AD 52,2025-11-06_10:53:59.012304
ED    1,99.00%,Marisa Arrabito,(Democratic),51,AD 52,2025-11-06_10:53:59.012304
ED    1,99.00%,WRITE-IN,&nbsp,6,AD 52,2025-11-06_10:53:59.012304
ED    2,99.00%,Janice Chen,(Democratic),457,AD 52,2025-11-06_10:53:59.012304
ED    2,99.00%,Marisa Arrabito,(Democratic),412,AD 52,2025-11-06_10:53:59.012304
ED    2,99.00%,WRITE-IN,&nbsp,3,AD 52,2025-11-06_10:53:59.012304
ED    3,99.00%,Janice Chen,(Democratic),99,AD 52,2025-11-06_10:53:59.012304
ED    3,99.00%,Marisa Arrabito,(Democratic),85,AD 52,2025-11-06_10:53:59.012304
ED    3,99.00%,WRITE-IN,&nbsp,0,AD 52,2025-11-06_10:53:59.012304
ED    4,99.00%,Janice Chen,(Democratic),1,AD 52,2025-11-06_10:53:59.012304
ED    4,99.00%,Marisa Arrabito,(Democratic),2,AD 52,2025-11-06_10:53:59.012304
ED    4,99.00%,WRITE-IN,&nbsp,0,AD 52,2025-11-06_10:53:59.012304
ED    5,99.00%,Janice Chen,(Democratic),407,AD 52,2025-11-06_10:53:59.012304
ED    5,99.00%,Marisa Arrabito,(Democratic),367,AD 52,2025-11-06_10:53:59.012304
ED    5,99.00%,WRITE-IN,&nbsp,0,AD 52,2025-11-06_10:53:59.012304
ED    6,99.00%,Janice Chen,(Democratic),690,AD 52,2025-11-06_10:53:59.012304
ED    6,99.00%,Marisa Arrabito,(Democratic),603,AD 52,2025-11-06_10:53:59.012304
ED    6,99.00%,WRITE-IN,&nbsp,15,AD 52,2025-11-06_10:53:59.012304
ED    7,99.00%,Janice Chen,(Democratic),533,AD 52,2025-11-06_10:53:59.012304
ED    7,99.00%,Marisa Arrabito,(Democratic),486,AD 52,2025-11-06_10:53:59.012304
ED    7,99.00%,WRITE-IN,&nbsp,3,AD 52,2025-11-06_10:53:59.012304
ED    8,99.00%,Janice Chen,(Democratic),497,AD 52,2025-11-06_10:53:59.012304
ED    8,99.00%,Marisa Arrabito,(Democratic),432,AD 52,2025-11-06_10:53:59.012304
ED    8,99.00%,WRITE-IN,&nbsp,2,AD 52,2025-11-06_10:53:59.012304
ED    9,99.00%,Janice Chen,(Democratic),546,AD 52,2025-11-06_10:53:59.012304
ED    9,99.00%,Marisa Arrabito,(Democratic),485,AD 52,2025-11-06_10:53:59.012304
ED    9,99.00%,WRITE-IN,&nbsp,11,AD 52,2025-11-06_10:53:59.012304
ED   10,99.00%,Janice Chen,(Democratic),712,AD 52,2025-11-06_10:53:59.012304
ED   10,99.00%,Marisa Arrabito,(Democratic),641,AD 52,2025-11-06_10:53:59.012304
ED   10,99.00%,WRITE-IN,&nbsp,11,AD 52,2025-11-06_10:53:59.012304
ED   11,99.00%,Janice Chen,(Democratic),663,AD 52,2025-11-06_10:53:59.012304
ED   11,99.00%,Marisa Arrabito,(Democratic),579,AD 52,2025-11-06_10:53:59.012304
ED   11,99.00%,WRITE-IN,&nbsp,10,AD 52,2025-11-06_10:53:59.012304
ED   12,99.00%,Janice Chen,(Democratic),582,AD 52,2025-11-06_10:53:59.012304
ED   12,99.00%,Marisa Arrabito,(Democratic),522,AD 52,2025-11-06_10:53:59.012304
ED   12,99.00%,WRITE-IN,&nbsp,2,AD 52,2025-11-06_10:53:59.012304
ED   13,91.67%,Janice Chen,(Democratic),54,AD 52,2025-11-06_10:53:59.012304
ED   13,91.67%,Marisa Arrabito,(Democratic),45,AD 52,2025-11-06_10:53:59.012304
ED   13,91.67%,WRITE-IN,&nbsp,0,AD 52,2025-11-06_10:53:59.012304
ED   14,99.00%,Janice Chen,(Democratic),541,AD 52,2025-11-06_10:53:59.012304
ED   14,99.00%,Marisa Arrabito,(Democratic),479,AD 52,2025-11-06_10:53:59.012304
ED   14,99.00%,WRITE-IN,&nbsp,7,AD 52,2025-11-06_10:53:59.012304
ED   15,99.00%,Janice Chen,(Democratic),530,AD 52,2025-11-06_10:53:59.012304
ED   15,99.00%,Marisa Arrabito,(Democratic),468,AD 52,2025-11-06_10:53:59.012304
ED   15,99.00%,WRITE-IN,&nbsp,3,AD 52,2025-11-06_10:53:59.012304
ED   16,99.00%,Janice Chen,(Democratic),800,AD 52,2025-11-06_10:53:59.012304
ED   16,99.00%,Marisa Arrabito,(Democratic),721,AD 52,2025-11-06_10:53:59.012304
ED   16,99.00%,WRITE-IN,&nbsp,16,AD 52,2025-11-06_10:53:59.012304
ED   17,99.00%,Janice Chen,(Democratic),700,AD 52,2025-11-06_10:53:59.012304
ED   17,99.00%,Marisa Arrabito,(Democratic),634,AD 52,2025-11-06_10:53:59.012304
ED   17,99.00%,WRITE-IN,&nbsp,16,AD 52,2025-11-06_10:53:59.012304
ED   18,99.00%,Janice Chen,(Democratic),655,AD 52,2025-11-06_10:53:59.012304
ED   18,99.00%,Marisa Arrabito,(Democratic),591,AD 52,2025-11-06_10:53:59.012304
ED   18,99.00%,WRITE-IN,&nbsp,9,AD 52,2025-11-06_10:53:59.012304
ED   19,99.00%,Janice Chen,(Democratic),394,AD 52,2025-11-06_10:53:59.012304
ED   19,99.00%,Marisa Arrabito,(Democratic),355,AD 52,2025-11-06_10:53:59.012304
ED   19,99.00%,WRITE-IN,&nbsp,5,AD 52,2025-11-06_10:53:59.012304
ED   20,99.00%,Janice Chen,(Democratic),663,AD 52,2025-11-06_10:53:59.012304
ED   20,99.00%,Marisa Arrabito,(Democratic),610,AD 52,2025-11-06_10:53:59.012304
ED   20,99.00%,WRITE-IN,&nbsp,6,AD 52,2025-11-06_10:53:59.012304
ED   21,99.00%,Janice Chen,(Democratic),773,AD 52,2025-11-06_10:53:59.012304
ED   21,99.00%,Marisa Arrabito,(Democratic),718,AD 52,2025-11-06_10:53:59.012304
ED   21,99.00%,WRITE-IN,&nbsp,12,AD 52,2025-11-06_10:53:59.012304
ED   22,99.00%,Janice Chen,(Democratic),772,AD 52,2025-11-06_10:53:59.012304
ED   22,99.00%,Marisa Arrabito,(Democratic),708,AD 52,2025-11-06_10:53:59.012304
ED   22,99.00%,WRITE-IN,&nbsp,3,AD 52,2025-11-06_10:53:59.012304
ED   23,99.00%,Janice Chen,(Democratic),614,AD 52,2025-11-06_10:53:59.012304
ED   23,99.00%,Marisa Arrabito,(Democratic),571,AD 52,2025-11-06_10:53:59.012304
ED   23,99.00%,WRITE-IN,&nbsp,10,AD 52,2025-11-06_10:53:59.012304
ED   24,99.00%,Janice Chen,(Democratic),662,AD 52,2025-11-06_10:53:59.012304
ED   24,99.00%,Marisa Arrabito,(Democratic),600,AD 52,2025-11-06_10:53:59.012304
ED   24,99.00%,WRITE-IN,&nbsp,8,AD 52,2025-11-06_10:53:59.012304
ED   25,99.00%,Janice Chen,(Democratic),734,AD 52,2025-11-06_10:53:59.012304
ED   25,99.00%,Marisa Arrabito,(Democratic),681,AD 52,2025-11-06_10:53:59.012304
ED   25,99.00%,WRITE-IN,&nbsp,10,AD 52,2025-11-06_10:53:59.012304
ED   26,99.00%,Janice Chen,(Democratic),573,AD 52,2025-11-06_10:53:59.012304
ED   26,99.00%,Marisa Arrabito,(Democratic),517,AD 52,2025-11-06_10:53:59.012304
ED   26,99.00%,WRITE-IN,&nbsp,0,AD 52,2025-11-06_10:53:59.012304
ED   27,99.00%,Janice Chen,(Democratic),216,AD 52,2025-11-06_10:53:59.012304
ED   27,99.00%,Marisa Arrabito,(Democratic),192,AD 52,2025-11-06_10:53:59.012304
ED   27,99.00%,WRITE-IN,&nbsp,0,AD 52,2025-11-06_10:53:59.012304
ED   28,99.00%,Janice Chen,(Democratic),519,AD 52,2025-11-06_10:53:59.012304
ED   28,99.00%,Marisa Arrabito,(Democratic),470,AD 52,2025-11-06_10:53:59.012304
ED   28,99.00%,WRITE-IN,&nbsp,7,AD 52,2025-11-06_10:53:59.012304
ED   29,99.00%,Janice Chen,(Democratic),654,AD 52,2025-11-06_10:53:59.012304
ED   29,99.00%,Marisa Arrabito,(Democratic),600,AD 52,2025-11-06_10:53:59.012304
ED   29,99.00%,WRITE-IN,&nbsp,9,AD 52,2025-11-06_10:53:59.012304
ED   30,99.00%,Janice Chen,(Democratic),558,AD 52,2025-11-06_10:53:59.012304
ED   30,99.00%,Marisa Arrabito,(Democratic),496,AD 52,2025-11-06_10:53:59.012304
ED   30,99.00%,WRITE-IN,&nbsp,12,AD 52,2025-11-06_10:53:59.012304
ED   31,99.00%,Janice Chen,(Democratic),461,AD 52,2025-11-06_10:53:59.012304
ED   31,99.00%,Marisa Arrabito,(Democratic),413,AD 52,2025-11-06_10:53:59.012304
ED   31,99.00%,WRITE-IN,&nbsp,9,AD 52,2025-11-06_10:53:59.012304
ED   32,99.00%,Janice Chen,(Democratic),564,AD 52,2025-11-06_10:53:59.012304
ED   32,99.00%,Marisa Arrabito,(Democratic),507,AD 52,2025-11-06_10:53:59.012304
ED   32,99.00%,WRITE-IN,&nbsp,2,AD 52,2025-11-06_10:53:59.012304
ED   33,99.00%,Janice Chen,(Democratic),209,AD 52,2025-11-06_10:53:59.012304
ED   33,99.00%,Marisa Arrabito,(Democratic),192,AD 52,2025-11-06_10:53:59.012304
ED   33,99.00%,WRITE-IN,&nbsp,1,AD 52,2025-11-06_10:53:59.012304
ED   34,99.00%,Janice Chen,(Democratic),469,AD 52,2025-11-06_10:53:59.012304
ED   34,99.00%,Marisa Arrabito,(Democratic),428,AD 52,2025-11-06_10:53:59.012304
ED   34,99.00%,WRITE-IN,&nbsp,16,AD 52,2025-11-06_10:53:59.012304
ED   35,99.00%,Janice Chen,(Democratic),416,AD 52,2025-11-06_10:53:59.012304
ED   35,99.00%,Marisa Arrabito,(Democratic),360,AD 52,2025-11-06_10:53:59.012304
ED   35,99.00%,WRITE-IN,&nbsp,7,AD 52,2025-11-06_10:53:59.012304
ED   36,99.00%,Janice Chen,(Democratic),663,AD 52,2025-11-06_10:53:59.012304
ED   36,99.00%,Marisa Arrabito,(Democratic),602,AD 52,2025-11-06_10:53:59.012304
ED   36,99.00%,WRITE-IN,&nbsp,5,AD 52,2025-11-06_10:53:59.012304
ED   37,99.00%,Janice Chen,(Democratic),510,AD 52,2025-11-06_10:53:59.012304
ED   37,99.00%,Marisa Arrabito,(Democratic),472,AD 52,2025-11-06_10:53:59.012304
ED   37,99.00%,WRITE-IN,&nbsp,8,AD 52,2025-11-06_10:53:59.012304
ED   38,99.00%,Janice Chen,(Democratic),292,AD 52,2025-11-06_10:53:59.012304
ED   38,99.00%,Marisa Arrabito,(Democratic),270,AD 52,2025-11-06_10:53:59.012304
ED   38,99.00%,WRITE-IN,&nbsp,8,AD 52,2025-11-06_10:53:59.012304
ED   39,99.00%,Janice Chen,(Democratic),614,AD 52,2025-11-06_10:53:59.012304
ED   39,99.00%,Marisa Arrabito,(Democratic),562,AD 52,2025-11-06_10:53:59.012304
ED   39,99.00%,WRITE-IN,&nbsp,2,AD 52,2025-11-06_10:53:59.012304
ED   40,99.00%,Janice Chen,(Democratic),598,AD 52,2025-11-06_10:53:59.012304
ED   40,99.00%,Marisa Arrabito,(Democratic),561,AD 52,2025-11-06_10:53:59.012304
ED   40,99.00%,WRITE-IN,&nbsp,8,AD 52,2025-11-06_10:53:59.012304
ED   41,99.00%,Janice Chen,(Democratic),560,AD 52,2025-11-06_10:53:59.012304
ED   41,99.00%,Marisa Arrabito,(Democratic),522,AD 52,2025-11-06_10:53:59.012304
ED   41,99.00%,WRITE-IN,&nbsp,16,AD 52,2025-11-06_10:53:59.012304
ED   42,99.00%,Janice Chen,(Democratic),781,AD 52,2025-11-06_10:53:59.012304
ED   42,99.00%,Marisa Arrabito,(Democratic),706,AD 52,2025-11-06_10:53:59.012304
ED   42,99.00%,WRITE-IN,&nbsp,10,AD 52,2025-11-06_10:53:59.012304
ED   43,99.00%,Janice Chen,(Democratic),466,AD 52,2025-11-06_10:53:59.012304
ED   43,99.00%,Marisa Arrabito,(Democratic),450,AD 52,2025-11-06_10:53:59.012304
ED   43,99.00%,WRITE-IN,&nbsp,2,AD 52,2025-11-06_10:53:59.012304
ED   44,99.00%,Janice Chen,(Democratic),534,AD 52,2025-11-06_10:53:59.012304
ED   44,99.00%,Marisa Arrabito,(Democratic),480,AD 52,2025-11-06_10:53:59.012304
ED   44,99.00%,WRITE-IN,&nbsp,8,AD 52,2025-11-06_10:53:59.012304
ED   45,99.00%,Janice Chen,(Democratic),558,AD 52,2025-11-06_10:53:59.012304
ED   45,99.00%,Marisa Arrabito,(Democratic),497,AD 52,2025-11-06_10:53:59.012304
ED   45,99.00%,WRITE-IN,&nbsp,4,AD 52,2025-11-06_10:53:59.012304
ED   46,99.00%,Janice Chen,(Democratic),601,AD 52,2025-11-06_10:53:59.012304
ED   46,99.00%,Marisa Arrabito,(Democratic),537,AD 52,2025-11-06_10:53:59.012304
ED   46,99.00%,WRITE-IN,&nbsp,10,AD 52,2025-11-06_10:53:59.012304
ED   47,88.89%,Janice Chen,(Democratic),631,AD 52,2025-11-06_10:53:59.012304
ED   47,88.89%,Marisa Arrabito,(Democratic),583,AD 52,2025-11-06_10:53:59.012304
ED   47,88.89%,WRITE-IN,&nbsp,7,AD 52,2025-11-06_10:53:59.012304
ED   48,99.00%,Janice Chen,(Democratic),592,AD 52,2025-11-06_10:53:59.012304
ED   48,99.00%,Marisa Arrabito,(Democratic),544,AD 52,2025-11-06_10:53:59.012304
ED   48,99.00%,WRITE-IN,&nbsp,8,AD 52,2025-11-06_10:53:59.012304
ED   49,88.89%,Janice Chen,(Democratic),689,AD 52,2025-11-06_10:53:59.012304
ED   49,88.89%,Marisa Arrabito,(Democratic),611,AD 52,2025-11-06_10:53:59.012304
ED   49,88.89%,WRITE-IN,&nbsp,15,AD 52,2025-11-06_10:53:59.012304
ED   50,88.89%,Janice Chen,(Democratic),689,AD 52,2025-11-06_10:53:59.012304
ED   50,88.89%,Marisa Arrabito,(Democratic),627,AD 52,2025-11-06_10:53:59.012304
ED   50,88.89%,WRITE-IN,&nbsp,7,AD 52,2025-11-06_10:53:59.012304
ED   51,99.00%,Janice Chen,(Democratic),240,AD 52,2025-11-06_10:53:59.012304
ED   51,99.00%,Marisa Arrabito,(Democratic),238,AD 52,2025-11-06_10:53:59.012304
ED   51,99.00%,WRITE-IN,&nbsp,2,AD 52,2025-11-06_10:53:59.012304
ED   52,99.00%,Janice Chen,(Democratic),487,AD 52,2025-11-06_10:53:59.012304
ED   52,99.00%,Marisa Arrabito,(Democratic),458,AD 52,2025-11-06_10:53:59.012304
ED   52,99.00%,WRITE-IN,&nbsp,11,AD 52,2025-11-06_10:53:59.012304
ED   53,99.00%,Janice Chen,(Democratic),392,AD 52,2025-11-06_10:53:59.012304
ED   53,99.00%,Marisa Arrabito,(Democratic),353,AD 52,2025-11-06_10:53:59.012304
ED   53,99.00%,WRITE-IN,&nbsp,2,AD 52,2025-11-06_10:53:59.012304
ED   54,99.00%,Janice Chen,(Democratic),556,AD 52,2025-11-06_10:53:59.012304
ED   54,99.00%,Marisa Arrabito,(Democratic),540,AD 52,2025-11-06_10:53:59.012304
ED   54,99.00%,WRITE-IN,&nbsp,9,AD 52,2025-11-06_10:53:59.012304
ED   55,99.00%,Janice Chen,(Democratic),166,AD 52,2025-11-06_10:53:59.012304
ED   55,99.00%,Marisa Arrabito,(Democratic),163,AD 52,2025-11-06_10:53:59.012304
ED   55,99.00%,WRITE-IN,&nbsp,4,AD 52,2025-11-06_10:53:59.012304
ED   56,99.00%,Janice Chen,(Democratic),117,AD 52,2025-11-06_10:53:59.012304
ED   56,99.00%,Marisa Arrabito,(Democratic),119,AD 52,2025-11-06_10:53:59.012304
ED   56,99.00%,WRITE-IN,&nbsp,2,AD 52,2025-11-06_10:53:59.012304
ED   57,99.00%,Janice Chen,(Democratic),486,AD 52,2025-11-06_10:53:59.012304
ED   57,99.00%,Marisa Arrabito,(Democratic),467,AD 52,2025-11-06_10:53:59.012304
ED   57,99.00%,WRITE-IN,&nbsp,5,AD 52,2025-11-06_10:53:59.012304
ED   58,99.00%,Janice Chen,(Democratic),262,AD 52,2025-11-06_10:53:59.012304
ED   58,99.00%,Marisa Arrabito,(Democratic),248,AD 52,2025-11-06_10:53:59.012304
ED   58,99.00%,WRITE-IN,&nbsp,3,AD 52,2025-11-06_10:53:59.012304
ED   59,99.00%,Janice Chen,(Democratic),334,AD 52,2025-11-06_10:53:59.012304
ED   59,99.00%,Marisa Arrabito,(Democratic),332,AD 52,2025-11-06_10:53:59.012304
ED   59,99.00%,WRITE-IN,&nbsp,4,AD 52,2025-11-06_10:53:59.012304
ED   60,99.00%,Janice Chen,(Democratic),562,AD 52,2025-11-06_10:53:59.012304
ED   60,99.00%,Marisa Arrabito,(Democratic),530,AD 52,2025-11-06_10:53:59.012304
ED   60,99.00%,WRITE-IN,&nbsp,4,AD 52,2025-11-06_10:53:59.012304
ED   61,88.89%,Janice Chen,(Democratic),666,AD 52,2025-11-06_10:53:59.012304
ED   61,88.89%,Marisa Arrabito,(Democratic),619,AD 52,2025-11-06_10:53:59.012304
ED   61,88.89%,WRITE-IN,&nbsp,7,AD 52,2025-11-06_10:53:59.012304
ED   62,90.00%,Janice Chen,(Democratic),592,AD 52,2025-11-06_10:53:59.012304
ED   62,90.00%,Marisa Arrabito,(Democratic),549,AD 52,2025-11-06_10:53:59.012304
ED   62,90.00%,WRITE-IN,&nbsp,15,AD 52,2025-11-06_10:53:59.012304
ED   63,88.89%,Janice Chen,(Democratic),669,AD 52,2025-11-06_10:53:59.012304
ED   63,88.89%,Marisa Arrabito,(Democratic),624,AD 52,2025-11-06_10:53:59.012304
ED   63,88.89%,WRITE-IN,&nbsp,8,AD 52,2025-11-06_10:53:59.012304
ED   64,91.67%,Janice Chen,(Democratic),513,AD 52,2025-11-06_10:53:59.012304
ED   64,91.67%,Marisa Arrabito,(Democratic),463,AD 52,2025-11-06_10:53:59.012304
ED   64,91.67%,WRITE-IN,&nbsp,6,AD 52,2025-11-06_10:53:59.012304
ED   65,91.67%,Janice Chen,(Democratic),612,AD 52,2025-11-06_10:53:59.012304
ED   65,91.67%,Marisa Arrabito,(Democratic),567,AD 52,2025-11-06_10:53:59.012304
ED   65,91.67%,WRITE-IN,&nbsp,7,AD 52,2025-11-06_10:53:59.012304
ED   66,91.67%,Janice Chen,(Democratic),675,AD 52,2025-11-06_10:53:59.012304
ED   66,91.67%,Marisa Arrabito,(Democratic),608,AD 52,2025-11-06_10:53:59.012304
ED   66,91.67%,WRITE-IN,&nbsp,5,AD 52,2025-11-06_10:53:59.012304
ED   67,91.67%,Janice Chen,(Democratic),615,AD 52,2025-11-06_10:53:59.012304
ED   67,91.67%,Marisa Arrabito,(Democratic),554,AD 52,2025-11-06_10:53:59.012304
ED   67,91.67%,WRITE-IN,&nbsp,7,AD 52,2025-11-06_10:53:59.012304
ED   68,90.91%,Janice Chen,(Democratic),657,AD 52,2025-11-06_10:53:59.012304
ED   68,90.91%,Marisa Arrabito,(Democratic),607,AD 52,2025-11-06_10:53:59.012304
ED   68,90.91%,WRITE-IN,&nbsp,4,AD 52,2025-11-06_10:53:59.012304
ED   69,90.91%,Janice Chen,(Democratic),741,AD 52,2025-11-06_10:53:59.012304
ED   69,90.91%,Marisa Arrabito,(Democratic),657,AD 52,2025-11-06_10:53:59.012304
ED   69,90.91%,WRITE-IN,&nbsp,4,AD 52,2025-11-06_10:53:59.012304
ED   70,90.91%,Janice Chen,(Democratic),169,AD 52,2025-11-06_10:53:59.012304
ED   70,90.91%,Marisa Arrabito,(Democratic),153,AD 52,2025-11-06_10:53:59.012304
ED   70,90.91%,WRITE-IN,&nbsp,0,AD 52,2025-11-06_10:53:59.012304
ED   71,90.00%,Janice Chen,(Democratic),562,AD 52,2025-11-06_10:53:59.012304
ED   71,90.00%,Marisa Arrabito,(Democratic),510,AD 52,2025-11-06_10:53:59.012304
ED   71,90.00%,WRITE-IN,&nbsp,6,AD 52,2025-11-06_10:53:59.012304
ED   72,90.00%,Janice Chen,(Democratic),328,AD 52,2025-11-06_10:53:59.012304
ED   72,90.00%,Marisa Arrabito,(Democratic),301,AD 52,2025-11-06_10:53:59.012304
ED   72,90.00%,WRITE-IN,&nbsp,6,AD 52,2025-11-06_10:53:59.012304
ED   73,90.00%,Janice Chen,(Democratic),649,AD 52,2025-11-06_10:53:59.012304
ED   73,90.00%,Marisa Arrabito,(Democratic),593,AD 52,2025-11-06_10:53:59.012304
ED   73,90.00%,WRITE-IN,&nbsp,8,AD 52,2025-11-06_10:53:59.012304
ED   74,90.00%,Janice Chen,(Democratic),58,AD 52,2025-11-06_10:53:59.012304
ED   74,90.00%,Marisa Arrabito,(Democratic),55,AD 52,2025-11-06_10:53:59.012304
ED   74,90.00%,WRITE-IN,&nbsp,0,AD 52,2025-11-06_10:53:59.012304
ED   75,90.00%,Janice Chen,(Democratic),504,AD 52,2025-11-06_10:53:59.012304
ED   75,90.00%,Marisa Arrabito,(Democratic),477,AD 52,2025-11-06_10:53:59.012304
ED   75,90.00%,WRITE-IN,&nbsp,6,AD 52,2025-11-06_10:53:59.012304
ED   76,90.00%,Janice Chen,(Democratic),465,AD 52,2025-11-06_10:53:59.012304
ED   76,90.00%,Marisa Arrabito,(Democratic),427,AD 52,2025-11-06_10:53:59.012304
ED   76,90.00%,WRITE-IN,&nbsp,2,AD 52,2025-11-06_10:53:59.012304
ED   77,99.00%,Janice Chen,(Democratic),711,AD 52,2025-11-06_10:53:59.012304
ED   77,99.00%,Marisa Arrabito,(Democratic),650,AD 52,2025-11-06_10:53:59.012304
ED   77,99.00%,WRITE-IN,&nbsp,13,AD 52,2025-11-06_10:53:59.012304
ED   78,99.00%,Janice Chen,(Democratic),249,AD 52,2025-11-06_10:53:59.012304
ED   78,99.00%,Marisa Arrabito,(Democratic),239,AD 52,2025-11-06_10:53:59.012304
ED   78,99.00%,WRITE-IN,&nbsp,0,AD 52,2025-11-06_10:53:59.012304
ED   79,90.91%,Janice Chen,(Democratic),660,AD 52,2025-11-06_10:53:59.012304
ED   79,90.91%,Marisa Arrabito,(Democratic),625,AD 52,2025-11-06_10:53:59.012304
ED   79,90.91%,WRITE-IN,&nbsp,7,AD 52,2025-11-06_10:53:59.012304
ED   80,90.91%,Janice Chen,(Democratic),720,AD 52,2025-11-06_10:53:59.012304
ED   80,90.91%,Marisa Arrabito,(Democratic),661,AD 52,2025-11-06_10:53:59.012304
ED   80,90.91%,WRITE-IN,&nbsp,11,AD 52,2025-11-06_10:53:59.012304
ED   81,90.91%,Janice Chen,(Democratic),733,AD 52,2025-11-06_10:53:59.012304
ED   81,90.91%,Marisa Arrabito,(Democratic),674,AD 52,2025-11-06_10:53:59.012304
ED   81,90.91%,WRITE-IN,&nbsp,15,AD 52,2025-11-06_10:53:59.012304
ED   82,90.91%,Janice Chen,(Democratic),720,AD 52,2025-11-06_10:53:59.012304
ED   82,90.91%,Marisa Arrabito,(Democratic),661,AD 52,2025-11-06_10:53:59.012304
ED   82,90.91%,WRITE-IN,&nbsp,7,AD 52,2025-11-06_10:53:59.012304
ED   83,90.91%,Janice Chen,(Democratic),764,AD 52,2025-11-06_10:53:59.012304
ED   83,90.91%,Marisa Arrabito,(Democratic),696,AD 52,2025-11-06_10:53:59.012304
ED   83,90.91%,WRITE-IN,&nbsp,8,AD 52,2025-11-06_10:53:59.012304
ED   84,90.91%,Janice Chen,(Democratic),871,AD 52,2025-11-06_10:53:59.012304
ED   84,90.91%,Marisa Arrabito,(Democratic),820,AD 52,2025-11-06_10:53:59.012304
ED   84,90.91%,WRITE-IN,&nbsp,14,AD 52,2025-11-06_10:53:59.012304
ED   85,90.91%,Janice Chen,(Democratic),732,AD 52,2025-11-06_10:53:59.012304
ED   85,90.91%,Marisa Arrabito,(Democratic),685,AD 52,2025-11-06_10:53:59.012304
ED   85,90.91%,WRITE-IN,&nbsp,4,AD 52,2025-11-06_10:53:59.012304
ED   86,90.00%,Janice Chen,(Democratic),436,AD 52,2025-11-06_10:53:59.012304
ED   86,90.00%,Marisa Arrabito,(Democratic),406,AD 52,2025-11-06_10:53:59.012304
ED   86,90.00%,WRITE-IN,&nbsp,7,AD 52,2025-11-06_10:53:59.012304
ED   87,99.00%,Janice Chen,(Democratic),1,AD 52,2025-11-06_10:53:59.012304
ED   87,99.00%,Marisa Arrabito,(Democratic),1,AD 52,2025-11-06_10:53:59.012304
ED   87,99.00%,WRITE-IN,&nbsp,0,AD 52,2025-11-06_10:53:59.012304
ED   88,99.00%,Janice Chen,(Democratic),461,AD 52,2025-11-06_10:53:59.012304
ED   88,99.00%,Marisa Arrabito,(Democratic),407,AD 52,2025-11-06_10:53:59.012304
ED   88,99.00%,WRITE-IN,&nbsp,5,AD 52,2025-11-06_10:53:59.012304
ED   89,99.00%,Janice Chen,(Democratic),319,AD 52,2025-11-06_10:53:59.012304
ED   89,99.00%,Marisa Arrabito,(Democratic),285,AD 52,2025-11-06_10:53:59.012304
ED   89,99.00%,WRITE-IN,&nbsp,7,AD 52,2025-11-06_10:53:59.012304
ED   90,99.00%,Janice Chen,(Democratic),2,AD 52,2025-11-06_10:53:59.012304
ED   90,99.00%,Marisa Arrabito,(Democratic),2,AD 52,2025-11-06_10:53:59.012304
ED   90,99.00%,WRITE-IN,&nbsp,0,AD 52,2025-11-06_10:53:59.012304
ED   91,99.00%,Janice Chen,(Democratic),0,AD 52,2025-11-06_10:53:59.012304
ED   91,99.00%,Marisa Arrabito,(Democratic),0,AD 52,2025-11-06_10:53:59.012304
ED   91,99.00%,WRITE-IN,&nbsp,0,AD 52,2025-11-06_10:53:59.012304
ED   92,99.00%,Janice Chen,(Democratic),0,AD 52,2025-11-06_10:53:59.012304
ED   92,99.00%,Marisa Arrabito,(Democratic),0,AD 52,2025-11-06_10:53:59.012304
ED   92,99.00%,WRITE-IN,&nbsp,0,AD 52,2025-11-06_10:53:59.012304
ED   93,99.00%,Janice Chen,(Democratic),0,AD 52,2025-11-06_10:53:59.012304
ED   93,99.00%,Marisa Arrabito,(Democratic),0,AD 52,2025-11-06_10:53:59.012304
ED   93,99.00%,WRITE-IN,&nbsp,0,AD 52,2025-11-06_10:53:59.012304
ED   94,99.00%,Janice Chen,(Democratic),0,AD 52,2025-11-06_10:53:59.012304
ED   94,99.00%,Marisa Arrabito,(Democratic),0,AD 52,2025-11-06_10:53:59.012304
ED   94,99.00%,WRITE-IN,&nbsp,0,AD 52,2025-11-06_10:53:59.012304
ED   95,99.00%,Janice Chen,(Democratic),0,AD 52,2025-11-06_10:53:59.012304
ED   95,99.00%,Marisa Arrabito,(Democratic),0,AD 52,2025-11-06_10:53:59.012304
ED   95,99.00%,WRITE-IN,&nbsp,0,AD 52,2025-11-06_10:53:59.012304
ED   96,99.00%,Janice Chen,(Democratic),0,AD 52,2025-11-06_10:53:59.012304
ED   96,99.00%,Marisa Arrabito,(Democratic),0,AD 52,2025-11-06_10:53:59.012304
ED   96,99.00%,WRITE-IN,&nbsp,0,AD 52,2025-11-06_10:53:59.012304
ED   97,99.00%,Janice Chen,(Democratic),0,AD 52,2025-11-06_10:53:59.012304
ED   97,99.00%,Marisa Arrabito,(Democratic),0,AD 52,2025-11-06_10:53:59.012304
ED   97,99.00%,WRITE-IN,&nbsp,0,AD 52,2025-11-06_10:53:59.012304
ED   98,99.00%,Janice Chen,(Democratic),0,AD 52,2025-11-06_10:53:59.012304
ED   98,99.00%,Marisa Arrabito,(Democratic),0,AD 52,2025-11-06_10:53:59.012304
ED   98,99.00%,WRITE-IN,&nbsp,0,AD 52,2025-11-06_10:53:59.012304
Total,,Janice Chen,(Democratic),46015,AD 52,2025-11-06_10:53:59.012304
Total,,Marisa Arrabito,(Democratic),42069,AD 52,2025-11-06_10:53:59.012304
Total,,WRITE-IN,&nbsp,584,AD 52,2025-11-06_10:53:59.012304
ED    1,99.00%,Janice Chen,(Democratic),477,AD 53,2025-11-06_10:53:59.012304
ED    1,99.00%,Marisa Arrabito,(Democratic),464,AD 53,2025-11-06_10:53:59.012304
ED    1,99.00%,WRITE-IN,&nbsp,5,AD 53,2025-11-06_10:53:59.012304
ED    2,88.89%,Janice Chen,(Democratic),544,AD 53,2025-11-06_10:53:59.012304
ED    2,88.89%,Marisa Arrabito,(Democratic),505,AD 53,2025-11-06_10:53:59.012304
ED    2,88.89%,WRITE-IN,&nbsp,2,AD 53,2025-11-06_10:53:59.012304
ED    3,99.00%,Janice Chen,(Democratic),396,AD 53,2025-11-06_10:53:59.012304
ED    3,99.00%,Marisa Arrabito,(Democratic),394,AD 53,2025-11-06_10:53:59.012304
ED    3,99.00%,WRITE-IN,&nbsp,4,AD 53,2025-11-06_10:53:59.012304
ED    4,88.89%,Janice Chen,(Democratic),242,AD 53,2025-11-06_10:53:59.012304
ED    4,88.89%,Marisa Arrabito,(Democratic),222,AD 53,2025-11-06_10:53:59.012304
ED    4,88.89%,WRITE-IN,&nbsp,0,AD 53,2025-11-06_10:53:59.012304
ED    5,99.00%,Janice Chen,(Democratic),316,AD 53,2025-11-06_10:53:59.012304
ED    5,99.00%,Marisa Arrabito,(Democratic),305,AD 53,2025-11-06_10:53:59.012304
ED    5,99.00%,WRITE-IN,&nbsp,4,AD 53,2025-11-06_10:53:59.012304
ED    6,99.00%,Janice Chen,(Democratic),184,AD 53,2025-11-06_10:53:59.012304
ED    6,99.00%,Marisa Arrabito,(Democratic),216,AD 53,2025-11-06_10:53:59.012304
ED    6,99.00%,WRITE-IN,&nbsp,0,AD 53,2025-11-06_10:53:59.012304
ED    7,99.00%,Janice Chen,(Democratic),247,AD 53,2025-11-06_10:53:59.012304
ED    7,99.00%,Marisa Arrabito,(Democratic),234,AD 53,2025-11-06_10:53:59.012304
ED    7,99.00%,WRITE-IN,&nbsp,0,AD 53,2025-11-06_10:53:59.012304
ED    8,87.50%,Janice Chen,(Democratic),283,AD 53,2025-11-06_10:53:59.012304
ED    8,87.50%,Marisa Arrabito,(Democratic),275,AD 53,2025-11-06_10:53:59.012304
ED    8,87.50%,WRITE-IN,&nbsp,4,AD 53,2025-11-06_10:53:59.012304
ED    9,99.00%,Janice Chen,(Democratic),389,AD 53,2025-11-06_10:53:59.012304
ED    9,99.00%,Marisa Arrabito,(Democratic),377,AD 53,2025-11-06_10:53:59.012304
ED    9,99.00%,WRITE-IN,&nbsp,10,AD 53,2025-11-06_10:53:59.012304
ED   10,99.00%,Janice Chen,(Democratic),469,AD 53,2025-11-06_10:53:59.012304
ED   10,99.00%,Marisa Arrabito,(Democratic),454,AD 53,2025-11-06_10:53:59.012304
ED   10,99.00%,WRITE-IN,&nbsp,5,AD 53,2025-11-06_10:53:59.012304
ED   11,85.71%,Janice Chen,(Democratic),242,AD 53,2025-11-06_10:53:59.012304
ED   11,85.71%,Marisa Arrabito,(Democratic),228,AD 53,2025-11-06_10:53:59.012304
ED   11,85.71%,WRITE-IN,&nbsp,2,AD 53,2025-11-06_10:53:59.012304
ED   12,85.71%,Janice Chen,(Democratic),263,AD 53,2025-11-06_10:53:59.012304
ED   12,85.71%,Marisa Arrabito,(Democratic),250,AD 53,2025-11-06_10:53:59.012304
ED   12,85.71%,WRITE-IN,&nbsp,0,AD 53,2025-11-06_10:53:59.012304
ED   13,99.00%,Janice Chen,(Democratic),569,AD 53,2025-11-06_10:53:59.012304
ED   13,99.00%,Marisa Arrabito,(Democratic),539,AD 53,2025-11-06_10:53:59.012304
ED   13,99.00%,WRITE-IN,&nbsp,6,AD 53,2025-11-06_10:53:59.012304
ED   14,99.00%,Janice Chen,(Democratic),517,AD 53,2025-11-06_10:53:59.012304
ED   14,99.00%,Marisa Arrabito,(Democratic),501,AD 53,2025-11-06_10:53:59.012304
ED   14,99.00%,WRITE-IN,&nbsp,0,AD 53,2025-11-06_10:53:59.012304
ED   15,99.00%,Janice Chen,(Democratic),446,AD 53,2025-11-06_10:53:59.012304
ED   15,99.00%,Marisa Arrabito,(Democratic),399,AD 53,2025-11-06_10:53:59.012304
ED   15,99.00%,WRITE-IN,&nbsp,1,AD 53,2025-11-06_10:53:59.012304
ED   16,99.00%,Janice Chen,(Democratic),472,AD 53,2025-11-06_10:53:59.012304
ED   16,99.00%,Marisa Arrabito,(Democratic),462,AD 53,2025-11-06_10:53:59.012304
ED   16,99.00%,WRITE-IN,&nbsp,4,AD 53,2025-11-06_10:53:59.012304
ED   17,87.50%,Janice Chen,(Democratic),423,AD 53,2025-11-06_10:53:59.012304
ED   17,87.50%,Marisa Arrabito,(Democratic),395,AD 53,2025-11-06_10:53:59.012304
ED   17,87.50%,WRITE-IN,&nbsp,3,AD 53,2025-11-06_10:53:59.012304
ED   18,88.89%,Janice Chen,(Democratic),548,AD 53,2025-11-06_10:53:59.012304
ED   18,88.89%,Marisa Arrabito,(Democratic),518,AD 53,2025-11-06_10:53:59.012304
ED   18,88.89%,WRITE-IN,&nbsp,4,AD 53,2025-11-06_10:53:59.012304
ED   19,88.89%,Janice Chen,(Democratic),552,AD 53,2025-11-06_10:53:59.012304
ED   19,88.89%,Marisa Arrabito,(Democratic),520,AD 53,2025-11-06_10:53:59.012304
ED   19,88.89%,WRITE-IN,&nbsp,2,AD 53,2025-11-06_10:53:59.012304
ED   20,99.00%,Janice Chen,(Democratic),733,AD 53,2025-11-06_10:53:59.012304
ED   20,99.00%,Marisa Arrabito,(Democratic),646,AD 53,2025-11-06_10:53:59.012304
ED   20,99.00%,WRITE-IN,&nbsp,0,AD 53,2025-11-06_10:53:59.012304
ED   21,99.00%,Janice Chen,(Democratic),504,AD 53,2025-11-06_10:53:59.012304
ED   21,99.00%,Marisa Arrabito,(Democratic),494,AD 53,2025-11-06_10:53:59.012304
ED   21,99.00%,WRITE-IN,&nbsp,4,AD 53,2025-11-06_10:53:59.012304
ED   22,99.00%,Janice Chen,(Democratic),587,AD 53,2025-11-06_10:53:59.012304
ED   22,99.00%,Marisa Arrabito,(Democratic),531,AD 53,2025-11-06_10:53:59.012304
ED   22,99.00%,WRITE-IN,&nbsp,5,AD 53,2025-11-06_10:53:59.012304
ED   23,99.00%,Janice Chen,(Democratic),440,AD 53,2025-11-06_10:53:59.012304
ED   23,99.00%,Marisa Arrabito,(Democratic),398,AD 53,2025-11-06_10:53:59.012304
ED   23,99.00%,WRITE-IN,&nbsp,0,AD 53,2025-11-06_10:53:59.012304
ED   24,99.00%,Janice Chen,(Democratic),532,AD 53,2025-11-06_10:53:59.012304
ED   24,99.00%,Marisa Arrabito,(Democratic),480,AD 53,2025-11-06_10:53:59.012304
ED   24,99.00%,WRITE-IN,&nbsp,0,AD 53,2025-11-06_10:53:59.012304
ED   25,99.00%,Janice Chen,(Democratic),490,AD 53,2025-11-06_10:53:59.012304
ED   25,99.00%,Marisa Arrabito,(Democratic),476,AD 53,2025-11-06_10:53:59.012304
ED   25,99.00%,WRITE-IN,&nbsp,7,AD 53,2025-11-06_10:53:59.012304
ED   26,99.00%,Janice Chen,(Democratic),519,AD 53,2025-11-06_10:53:59.012304
ED   26,99.00%,Marisa Arrabito,(Democratic),497,AD 53,2025-11-06_10:53:59.012304
ED   26,99.00%,WRITE-IN,&nbsp,7,AD 53,2025-11-06_10:53:59.012304
ED   27,99.00%,Janice Chen,(Democratic),534,AD 53,2025-11-06_10:53:59.012304
ED   27,99.00%,Marisa Arrabito,(Democratic),496,AD 53,2025-11-06_10:53:59.012304
ED   27,99.00%,WRITE-IN,&nbsp,8,AD 53,2025-11-06_10:53:59.012304
ED   28,99.00%,Janice Chen,(Democratic),485,AD 53,2025-11-06_10:53:59.012304
ED   28,99.00%,Marisa Arrabito,(Democratic),446,AD 53,2025-11-06_10:53:59.012304
ED   28,99.00%,WRITE-IN,&nbsp,4,AD 53,2025-11-06_10:53:59.012304
ED   29,99.00%,Janice Chen,(Democratic),489,AD 53,2025-11-06_10:53:59.012304
ED   29,99.00%,Marisa Arrabito,(Democratic),453,AD 53,2025-11-06_10:53:59.012304
ED   29,99.00%,WRITE-IN,&nbsp,8,AD 53,2025-11-06_10:53:59.012304
ED   30,99.00%,Janice Chen,(Democratic),341,AD 53,2025-11-06_10:53:59.012304
ED   30,99.00%,Marisa Arrabito,(Democratic),320,AD 53,2025-11-06_10:53:59.012304
ED   30,99.00%,WRITE-IN,&nbsp,4,AD 53,2025-11-06_10:53:59.012304
ED   31,99.00%,Janice Chen,(Democratic),438,AD 53,2025-11-06_10:53:59.012304
ED   31,99.00%,Marisa Arrabito,(Democratic),400,AD 53,2025-11-06_10:53:59.012304
ED   31,99.00%,WRITE-IN,&nbsp,2,AD 53,2025-11-06_10:53:59.012304
ED   32,99.00%,Janice Chen,(Democratic),339,AD 53,2025-11-06_10:53:59.012304
ED   32,99.00%,Marisa Arrabito,(Democratic),325,AD 53,2025-11-06_10:53:59.012304
ED   32,99.00%,WRITE-IN,&nbsp,2,AD 53,2025-11-06_10:53:59.012304
ED   33,99.00%,Janice Chen,(Democratic),163,AD 53,2025-11-06_10:53:59.012304
ED   33,99.00%,Marisa Arrabito,(Democratic),176,AD 53,2025-11-06_10:53:59.012304
ED   33,99.00%,WRITE-IN,&nbsp,0,AD 53,2025-11-06_10:53:59.012304
ED   34,99.00%,Janice Chen,(Democratic),105,AD 53,2025-11-06_10:53:59.012304
ED   34,99.00%,Marisa Arrabito,(Democratic),101,AD 53,2025-11-06_10:53:59.012304
ED   34,99.00%,WRITE-IN,&nbsp,0,AD 53,2025-11-06_10:53:59.012304
ED   35,99.00%,Janice Chen,(Democratic),254,AD 53,2025-11-06_10:53:59.012304
ED   35,99.00%,Marisa Arrabito,(Democratic),244,AD 53,2025-11-06_10:53:59.012304
ED   35,99.00%,WRITE-IN,&nbsp,0,AD 53,2025-11-06_10:53:59.012304
ED   36,99.00%,Janice Chen,(Democratic),382,AD 53,2025-11-06_10:53:59.012304
ED   36,99.00%,Marisa Arrabito,(Democratic),383,AD 53,2025-11-06_10:53:59.012304
ED   36,99.00%,WRITE-IN,&nbsp,4,AD 53,2025-11-06_10:53:59.012304
ED   37,99.00%,Janice Chen,(Democratic),236,AD 53,2025-11-06_10:53:59.012304
ED   37,99.00%,Marisa Arrabito,(Democratic),221,AD 53,2025-11-06_10:53:59.012304
ED   37,99.00%,WRITE-IN,&nbsp,28,AD 53,2025-11-06_10:53:59.012304
ED   38,99.00%,Janice Chen,(Democratic),313,AD 53,2025-11-06_10:53:59.012304
ED   38,99.00%,Marisa Arrabito,(Democratic),281,AD 53,2025-11-06_10:53:59.012304
ED   38,99.00%,WRITE-IN,&nbsp,5,AD 53,2025-11-06_10:53:59.012304
ED   39,99.00%,Janice Chen,(Democratic),309,AD 53,2025-11-06_10:53:59.012304
ED   39,99.00%,Marisa Arrabito,(Democratic),286,AD 53,2025-11-06_10:53:59.012304
ED   39,99.00%,WRITE-IN,&nbsp,2,AD 53,2025-11-06_10:53:59.012304
ED   40,99.00%,Janice Chen,(Democratic),347,AD 53,2025-11-06_10:53:59.012304
ED   40,99.00%,Marisa Arrabito,(Democratic),316,AD 53,2025-11-06_10:53:59.012304
ED   40,99.00%,WRITE-IN,&nbsp,4,AD 53,2025-11-06_10:53:59.012304
ED   41,99.00%,Janice Chen,(Democratic),562,AD 53,2025-11-06_10:53:59.012304
ED   41,99.00%,Marisa Arrabito,(Democratic),511,AD 53,2025-11-06_10:53:59.012304
ED   41,99.00%,WRITE-IN,&nbsp,4,AD 53,2025-11-06_10:53:59.012304
ED   42,99.00%,Janice Chen,(Democratic),136,AD 53,2025-11-06_10:53:59.012304
ED   42,99.00%,Marisa Arrabito,(Democratic),130,AD 53,2025-11-06_10:53:59.012304
ED   42,99.00%,WRITE-IN,&nbsp,2,AD 53,2025-11-06_10:53:59.012304
ED   43,99.00%,Janice Chen,(Democratic),591,AD 53,2025-11-06_10:53:59.012304
ED   43,99.00%,Marisa Arrabito,(Democratic),565,AD 53,2025-11-06_10:53:59.012304
ED   43,99.00%,WRITE-IN,&nbsp,4,AD 53,2025-11-06_10:53:59.012304
ED   44,99.00%,Janice Chen,(Democratic),349,AD 53,2025-11-06_10:53:59.012304
ED   44,99.00%,Marisa Arrabito,(Democratic),328,AD 53,2025-11-06_10:53:59.012304
ED   44,99.00%,WRITE-IN,&nbsp,7,AD 53,2025-11-06_10:53:59.012304
ED   45,99.00%,Janice Chen,(Democratic),324,AD 53,2025-11-06_10:53:59.012304
ED   45,99.00%,Marisa Arrabito,(Democratic),318,AD 53,2025-11-06_10:53:59.012304
ED   45,99.00%,WRITE-IN,&nbsp,4,AD 53,2025-11-06_10:53:59.012304
ED   46,99.00%,Janice Chen,(Democratic),375,AD 53,2025-11-06_10:53:59.012304
ED   46,99.00%,Marisa Arrabito,(Democratic),371,AD 53,2025-11-06_10:53:59.012304
ED   46,99.00%,WRITE-IN,&nbsp,3,AD 53,2025-11-06_10:53:59.012304
ED   47,99.00%,Janice Chen,(Democratic),396,AD 53,2025-11-06_10:53:59.012304
ED   47,99.00%,Marisa Arrabito,(Democratic),376,AD 53,2025-11-06_10:53:59.012304
ED   47,99.00%,WRITE-IN,&nbsp,2,AD 53,2025-11-06_10:53:59.012304
ED   48,99.00%,Janice Chen,(Democratic),377,AD 53,2025-11-06_10:53:59.012304
ED   48,99.00%,Marisa Arrabito,(Democratic),354,AD 53,2025-11-06_10:53:59.012304
ED   48,99.00%,WRITE-IN,&nbsp,9,AD 53,2025-11-06_10:53:59.012304
ED   49,99.00%,Janice Chen,(Democratic),414,AD 53,2025-11-06_10:53:59.012304
ED   49,99.00%,Marisa Arrabito,(Democratic),393,AD 53,2025-11-06_10:53:59.012304
ED   49,99.00%,WRITE-IN,&nbsp,4,AD 53,2025-11-06_10:53:59.012304
ED   50,99.00%,Janice Chen,(Democratic),404,AD 53,2025-11-06_10:53:59.012304
ED   50,99.00%,Marisa Arrabito,(Democratic),417,AD 53,2025-11-06_10:53:59.012304
ED   50,99.00%,WRITE-IN,&nbsp,7,AD 53,2025-11-06_10:53:59.012304
ED   51,99.00%,Janice Chen,(Democratic),249,AD 53,2025-11-06_10:53:59.012304
ED   51,99.00%,Marisa Arrabito,(Democratic),252,AD 53,2025-11-06_10:53:59.012304
ED   51,99.00%,WRITE-IN,&nbsp,8,AD 53,2025-11-06_10:53:59.012304
ED   52,99.00%,Janice Chen,(Democratic),340,AD 53,2025-11-06_10:53:59.012304
ED   52,99.00%,Marisa Arrabito,(Democratic),363,AD 53,2025-11-06_10:53:59.012304
ED   52,99.00%,WRITE-IN,&nbsp,1,AD 53,2025-11-06_10:53:59.012304
ED   53,99.00%,Janice Chen,(Democratic),560,AD 53,2025-11-06_10:53:59.012304
ED   53,99.00%,Marisa Arrabito,(Democratic),543,AD 53,2025-11-06_10:53:59.012304
ED   53,99.00%,WRITE-IN,&nbsp,2,AD 53,2025-11-06_10:53:59.012304
ED   54,99.00%,Janice Chen,(Democratic),469,AD 53,2025-11-06_10:53:59.012304
ED   54,99.00%,Marisa Arrabito,(Democratic),439,AD 53,2025-11-06_10:53:59.012304
ED   54,99.00%,WRITE-IN,&nbsp,10,AD 53,2025-11-06_10:53:59.012304
ED   55,99.00%,Janice Chen,(Democratic),406,AD 53,2025-11-06_10:53:59.012304
ED   55,99.00%,Marisa Arrabito,(Democratic),390,AD 53,2025-11-06_10:53:59.012304
ED   55,99.00%,WRITE-IN,&nbsp,8,AD 53,2025-11-06_10:53:59.012304
ED   56,99.00%,Janice Chen,(Democratic),468,AD 53,2025-11-06_10:53:59.012304
ED   56,99.00%,Marisa Arrabito,(Democratic),446,AD 53,2025-11-06_10:53:59.012304
ED   56,99.00%,WRITE-IN,&nbsp,2,AD 53,2025-11-06_10:53:59.012304
ED   57,99.00%,Janice Chen,(Democratic),143,AD 53,2025-11-06_10:53:59.012304
ED   57,99.00%,Marisa Arrabito,(Democratic),152,AD 53,2025-11-06_10:53:59.012304
ED   57,99.00%,WRITE-IN,&nbsp,0,AD 53,2025-11-06_10:53:59.012304
ED   58,99.00%,Janice Chen,(Democratic),342,AD 53,2025-11-06_10:53:59.012304
ED   58,99.00%,Marisa Arrabito,(Democratic),308,AD 53,2025-11-06_10:53:59.012304
ED   58,99.00%,WRITE-IN,&nbsp,7,AD 53,2025-11-06_10:53:59.012304
ED   59,99.00%,Janice Chen,(Democratic),254,AD 53,2025-11-06_10:53:59.012304
ED   59,99.00%,Marisa Arrabito,(Democratic),249,AD 53,2025-11-06_10:53:59.012304
ED   59,99.00%,WRITE-IN,&nbsp,4,AD 53,2025-11-06_10:53:59.012304
ED   60,99.00%,Janice Chen,(Democratic),814,AD 53,2025-11-06_10:53:59.012304
ED   60,99.00%,Marisa Arrabito,(Democratic),783,AD 53,2025-11-06_10:53:59.012304
ED   60,99.00%,WRITE-IN,&nbsp,11,AD 53,2025-11-06_10:53:59.012304
ED   61,99.00%,Janice Chen,(Democratic),696,AD 53,2025-11-06_10:53:59.012304
ED   61,99.00%,Marisa Arrabito,(Democratic),644,AD 53,2025-11-06_10:53:59.012304
ED   61,99.00%,WRITE-IN,&nbsp,6,AD 53,2025-11-06_10:53:59.012304
ED   62,99.00%,Janice Chen,(Democratic),273,AD 53,2025-11-06_10:53:59.012304
ED   62,99.00%,Marisa Arrabito,(Democratic),282,AD 53,2025-11-06_10:53:59.012304
ED   62,99.00%,WRITE-IN,&nbsp,1,AD 53,2025-11-06_10:53:59.012304
ED   63,88.89%,Janice Chen,(Democratic),223,AD 53,2025-11-06_10:53:59.012304
ED   63,88.89%,Marisa Arrabito,(Democratic),232,AD 53,2025-11-06_10:53:59.012304
ED   63,88.89%,WRITE-IN,&nbsp,1,AD 53,2025-11-06_10:53:59.012304
Total,,Janice Chen,(Democratic),25284,AD 53,2025-11-06_10:53:59.012304
Total,,Marisa Arrabito,(Democratic),24074,AD 53,2025-11-06_10:53:59.012304
Total,,WRITE-IN,&nbsp,257,AD 53,2025-11-06_10:53:59.012304
ED    1,99.00%,Janice Chen,(Democratic),81,AD 54,2025-11-06_10:53:59.012304
ED    1,99.00%,Marisa Arrabito,(Democratic),73,AD 54,2025-11-06_10:53:59.012304
ED    1,99.00%,WRITE-IN,&nbsp,0,AD 54,2025-11-06_10:53:59.012304
ED    2,99.00%,Janice Chen,(Democratic),331,AD 54,2025-11-06_10:53:59.012304
ED    2,99.00%,Marisa Arrabito,(Democratic),295,AD 54,2025-11-06_10:53:59.012304
ED    2,99.00%,WRITE-IN,&nbsp,7,AD 54,2025-11-06_10:53:59.012304
ED    3,99.00%,Janice Chen,(Democratic),110,AD 54,2025-11-06_10:53:59.012304
ED    3,99.00%,Marisa Arrabito,(Democratic),91,AD 54,2025-11-06_10:53:59.012304
ED    3,99.00%,WRITE-IN,&nbsp,0,AD 54,2025-11-06_10:53:59.012304
ED    4,99.00%,Janice Chen,(Democratic),293,AD 54,2025-11-06_10:53:59.012304
ED    4,99.00%,Marisa Arrabito,(Democratic),262,AD 54,2025-11-06_10:53:59.012304
ED    4,99.00%,WRITE-IN,&nbsp,2,AD 54,2025-11-06_10:53:59.012304
ED    5,99.00%,Janice Chen,(Democratic),124,AD 54,2025-11-06_10:53:59.012304
ED    5,99.00%,Marisa Arrabito,(Democratic),122,AD 54,2025-11-06_10:53:59.012304
ED    5,99.00%,WRITE-IN,&nbsp,0,AD 54,2025-11-06_10:53:59.012304
ED    6,99.00%,Janice Chen,(Democratic),127,AD 54,2025-11-06_10:53:59.012304
ED    6,99.00%,Marisa Arrabito,(Democratic),115,AD 54,2025-11-06_10:53:59.012304
ED    6,99.00%,WRITE-IN,&nbsp,0,AD 54,2025-11-06_10:53:59.012304
ED    7,99.00%,Janice Chen,(Democratic),255,AD 54,2025-11-06_10:53:59.012304
ED    7,99.00%,Marisa Arrabito,(Democratic),228,AD 54,2025-11-06_10:53:59.012304
ED    7,99.00%,WRITE-IN,&nbsp,6,AD 54,2025-11-06_10:53:59.012304
ED    8,99.00%,Janice Chen,(Democratic),183,AD 54,2025-11-06_10:53:59.012304
ED    8,99.00%,Marisa Arrabito,(Democratic),167,AD 54,2025-11-06_10:53:59.012304
ED    8,99.00%,WRITE-IN,&nbsp,11,AD 54,2025-11-06_10:53:59.012304
ED    9,99.00%,Janice Chen,(Democratic),165,AD 54,2025-11-06_10:53:59.012304
ED    9,99.00%,Marisa Arrabito,(Democratic),157,AD 54,2025-11-06_10:53:59.012304
ED    9,99.00%,WRITE-IN,&nbsp,3,AD 54,2025-11-06_10:53:59.012304
ED   10,99.00%,Janice Chen,(Democratic),198,AD 54,2025-11-06_10:53:59.012304
ED   10,99.00%,Marisa Arrabito,(Democratic),176,AD 54,2025-11-06_10:53:59.012304
ED   10,99.00%,WRITE-IN,&nbsp,4,AD 54,2025-11-06_10:53:59.012304
ED   11,99.00%,Janice Chen,(Democratic),182,AD 54,2025-11-06_10:53:59.012304
ED   11,99.00%,Marisa Arrabito,(Democratic),157,AD 54,2025-11-06_10:53:59.012304
ED   11,99.00%,WRITE-IN,&nbsp,0,AD 54,2025-11-06_10:53:59.012304
ED   12,99.00%,Janice Chen,(Democratic),164,AD 54,2025-11-06_10:53:59.012304
ED   12,99.00%,Marisa Arrabito,(Democratic),155,AD 54,2025-11-06_10:53:59.012304
ED   12,99.00%,WRITE-IN,&nbsp,3,AD 54,2025-11-06_10:53:59.012304
ED   13,99.00%,Janice Chen,(Democratic),125,AD 54,2025-11-06_10:53:59.012304
ED   13,99.00%,Marisa Arrabito,(Democratic),125,AD 54,2025-11-06_10:53:59.012304
ED   13,99.00%,WRITE-IN,&nbsp,2,AD 54,2025-11-06_10:53:59.012304
ED   14,99.00%,Janice Chen,(Democratic),155,AD 54,2025-11-06_10:53:59.012304
ED   14,99.00%,Marisa Arrabito,(Democratic),125,AD 54,2025-11-06_10:53:59.012304
ED   14,99.00%,WRITE-IN,&nbsp,4,AD 54,2025-11-06_10:53:59.012304
ED   15,99.00%,Janice Chen,(Democratic),155,AD 54,2025-11-06_10:53:59.012304
ED   15,99.00%,Marisa Arrabito,(Democratic),117,AD 54,2025-11-06_10:53:59.012304
ED   15,99.00%,WRITE-IN,&nbsp,0,AD 54,2025-11-06_10:53:59.012304
ED   16,99.00%,Janice Chen,(Democratic),87,AD 54,2025-11-06_10:53:59.012304
ED   16,99.00%,Marisa Arrabito,(Democratic),77,AD 54,2025-11-06_10:53:59.012304
ED   16,99.00%,WRITE-IN,&nbsp,2,AD 54,2025-11-06_10:53:59.012304
ED   17,99.00%,Janice Chen,(Democratic),145,AD 54,2025-11-06_10:53:59.012304
ED   17,99.00%,Marisa Arrabito,(Democratic),134,AD 54,2025-11-06_10:53:59.012304
ED   17,99.00%,WRITE-IN,&nbsp,1,AD 54,2025-11-06_10:53:59.012304
ED   18,99.00%,Janice Chen,(Democratic),214,AD 54,2025-11-06_10:53:59.012304
ED   18,99.00%,Marisa Arrabito,(Democratic),207,AD 54,2025-11-06_10:53:59.012304
ED   18,99.00%,WRITE-IN,&nbsp,3,AD 54,2025-11-06_10:53:59.012304
ED   19,99.00%,Janice Chen,(Democratic),131,AD 54,2025-11-06_10:53:59.012304
ED   19,99.00%,Marisa Arrabito,(Democratic),118,AD 54,2025-11-06_10:53:59.012304
ED   19,99.00%,WRITE-IN,&nbsp,5,AD 54,2025-11-06_10:53:59.012304
ED   20,99.00%,Janice Chen,(Democratic),109,AD 54,2025-11-06_10:53:59.012304
ED   20,99.00%,Marisa Arrabito,(Democratic),118,AD 54,2025-11-06_10:53:59.012304
ED   20,99.00%,WRITE-IN,&nbsp,0,AD 54,2025-11-06_10:53:59.012304
ED   21,99.00%,Janice Chen,(Democratic),129,AD 54,2025-11-06_10:53:59.012304
ED   21,99.00%,Marisa Arrabito,(Democratic),107,AD 54,2025-11-06_10:53:59.012304
ED   21,99.00%,WRITE-IN,&nbsp,1,AD 54,2025-11-06_10:53:59.012304
ED   22,99.00%,Janice Chen,(Democratic),129,AD 54,2025-11-06_10:53:59.012304
ED   22,99.00%,Marisa Arrabito,(Democratic),139,AD 54,2025-11-06_10:53:59.012304
ED   22,99.00%,WRITE-IN,&nbsp,4,AD 54,2025-11-06_10:53:59.012304
ED   23,99.00%,Janice Chen,(Democratic),189,AD 54,2025-11-06_10:53:59.012304
ED   23,99.00%,Marisa Arrabito,(Democratic),193,AD 54,2025-11-06_10:53:59.012304
ED   23,99.00%,WRITE-IN,&nbsp,1,AD 54,2025-11-06_10:53:59.012304
ED   24,99.00%,Janice Chen,(Democratic),142,AD 54,2025-11-06_10:53:59.012304
ED   24,99.00%,Marisa Arrabito,(Democratic),145,AD 54,2025-11-06_10:53:59.012304
ED   24,99.00%,WRITE-IN,&nbsp,6,AD 54,2025-11-06_10:53:59.012304
ED   25,99.00%,Janice Chen,(Democratic),192,AD 54,2025-11-06_10:53:59.012304
ED   25,99.00%,Marisa Arrabito,(Democratic),178,AD 54,2025-11-06_10:53:59.012304
ED   25,99.00%,WRITE-IN,&nbsp,3,AD 54,2025-11-06_10:53:59.012304
ED   26,99.00%,Janice Chen,(Democratic),128,AD 54,2025-11-06_10:53:59.012304
ED   26,99.00%,Marisa Arrabito,(Democratic),118,AD 54,2025-11-06_10:53:59.012304
ED   26,99.00%,WRITE-IN,&nbsp,2,AD 54,2025-11-06_10:53:59.012304
ED   27,99.00%,Janice Chen,(Democratic),183,AD 54,2025-11-06_10:53:59.012304
ED   27,99.00%,Marisa Arrabito,(Democratic),161,AD 54,2025-11-06_10:53:59.012304
ED   27,99.00%,WRITE-IN,&nbsp,0,AD 54,2025-11-06_10:53:59.012304
ED   28,99.00%,Janice Chen,(Democratic),146,AD 54,2025-11-06_10:53:59.012304
ED   28,99.00%,Marisa Arrabito,(Democratic),152,AD 54,2025-11-06_10:53:59.012304
ED   28,99.00%,WRITE-IN,&nbsp,4,AD 54,2025-11-06_10:53:59.012304
ED   29,99.00%,Janice Chen,(Democratic),206,AD 54,2025-11-06_10:53:59.012304
ED   29,99.00%,Marisa Arrabito,(Democratic),196,AD 54,2025-11-06_10:53:59.012304
ED   29,99.00%,WRITE-IN,&nbsp,2,AD 54,2025-11-06_10:53:59.012304
ED   30,99.00%,Janice Chen,(Democratic),161,AD 54,2025-11-06_10:53:59.012304
ED   30,99.00%,Marisa Arrabito,(Democratic),158,AD 54,2025-11-06_10:53:59.012304
ED   30,99.00%,WRITE-IN,&nbsp,4,AD 54,2025-11-06_10:53:59.012304
ED   31,99.00%,Janice Chen,(Democratic),226,AD 54,2025-11-06_10:53:59.012304
ED   31,99.00%,Marisa Arrabito,(Democratic),242,AD 54,2025-11-06_10:53:59.012304
ED   31,99.00%,WRITE-IN,&nbsp,5,AD 54,2025-11-06_10:53:59.012304
ED   32,99.00%,Janice Chen,(Democratic),148,AD 54,2025-11-06_10:53:59.012304
ED   32,99.00%,Marisa Arrabito,(Democratic),152,AD 54,2025-11-06_10:53:59.012304
ED   32,99.00%,WRITE-IN,&nbsp,3,AD 54,2025-11-06_10:53:59.012304
ED   33,99.00%,Janice Chen,(Democratic),230,AD 54,2025-11-06_10:53:59.012304
ED   33,99.00%,Marisa Arrabito,(Democratic),213,AD 54,2025-11-06_10:53:59.012304
ED   33,99.00%,WRITE-IN,&nbsp,0,AD 54,2025-11-06_10:53:59.012304
ED   34,99.00%,Janice Chen,(Democratic),185,AD 54,2025-11-06_10:53:59.012304
ED   34,99.00%,Marisa Arrabito,(Democratic),192,AD 54,2025-11-06_10:53:59.012304
ED   34,99.00%,WRITE-IN,&nbsp,0,AD 54,2025-11-06_10:53:59.012304
ED   35,99.00%,Janice Chen,(Democratic),291,AD 54,2025-11-06_10:53:59.012304
ED   35,99.00%,Marisa Arrabito,(Democratic),282,AD 54,2025-11-06_10:53:59.012304
ED   35,99.00%,WRITE-IN,&nbsp,7,AD 54,2025-11-06_10:53:59.012304
ED   36,99.00%,Janice Chen,(Democratic),321,AD 54,2025-11-06_10:53:59.012304
ED   36,99.00%,Marisa Arrabito,(Democratic),304,AD 54,2025-11-06_10:53:59.012304
ED   36,99.00%,WRITE-IN,&nbsp,4,AD 54,2025-11-06_10:53:59.012304
ED   37,99.00%,Janice Chen,(Democratic),300,AD 54,2025-11-06_10:53:59.012304
ED   37,99.00%,Marisa Arrabito,(Democratic),274,AD 54,2025-11-06_10:53:59.012304
ED   37,99.00%,WRITE-IN,&nbsp,2,AD 54,2025-11-06_10:53:59.012304
ED   38,99.00%,Janice Chen,(Democratic),504,AD 54,2025-11-06_10:53:59.012304
ED   38,99.00%,Marisa Arrabito,(Democratic),463,AD 54,2025-11-06_10:53:59.012304
ED   38,99.00%,WRITE-IN,&nbsp,0,AD 54,2025-11-06_10:53:59.012304
ED   39,99.00%,Janice Chen,(Democratic),508,AD 54,2025-11-06_10:53:59.012304
ED   39,99.00%,Marisa Arrabito,(Democratic),455,AD 54,2025-11-06_10:53:59.012304
ED   39,99.00%,WRITE-IN,&nbsp,2,AD 54,2025-11-06_10:53:59.012304
ED   40,99.00%,Janice Chen,(Democratic),469,AD 54,2025-11-06_10:53:59.012304
ED   40,99.00%,Marisa Arrabito,(Democratic),439,AD 54,2025-11-06_10:53:59.012304
ED   40,99.00%,WRITE-IN,&nbsp,8,AD 54,2025-11-06_10:53:59.012304
ED   41,99.00%,Janice Chen,(Democratic),464,AD 54,2025-11-06_10:53:59.012304
ED   41,99.00%,Marisa Arrabito,(Democratic),409,AD 54,2025-11-06_10:53:59.012304
ED   41,99.00%,WRITE-IN,&nbsp,4,AD 54,2025-11-06_10:53:59.012304
ED   42,99.00%,Janice Chen,(Democratic),325,AD 54,2025-11-06_10:53:59.012304
ED   42,99.00%,Marisa Arrabito,(Democratic),299,AD 54,2025-11-06_10:53:59.012304
ED   42,99.00%,WRITE-IN,&nbsp,0,AD 54,2025-11-06_10:53:59.012304
ED   43,99.00%,Janice Chen,(Democratic),434,AD 54,2025-11-06_10:53:59.012304
ED   43,99.00%,Marisa Arrabito,(Democratic),428,AD 54,2025-11-06_10:53:59.012304
ED   43,99.00%,WRITE-IN,&nbsp,1,AD 54,2025-11-06_10:53:59.012304
ED   44,99.00%,Janice Chen,(Democratic),436,AD 54,2025-11-06_10:53:59.012304
ED   44,99.00%,Marisa Arrabito,(Democratic),406,AD 54,2025-11-06_10:53:59.012304
ED   44,99.00%,WRITE-IN,&nbsp,2,AD 54,2025-11-06_10:53:59.012304
ED   45,99.00%,Janice Chen,(Democratic),425,AD 54,2025-11-06_10:53:59.012304
ED   45,99.00%,Marisa Arrabito,(Democratic),392,AD 54,2025-11-06_10:53:59.012304
ED   45,99.00%,WRITE-IN,&nbsp,7,AD 54,2025-11-06_10:53:59.012304
ED   46,99.00%,Janice Chen,(Democratic),325,AD 54,2025-11-06_10:53:59.012304
ED   46,99.00%,Marisa Arrabito,(Democratic),316,AD 54,2025-11-06_10:53:59.012304
ED   46,99.00%,WRITE-IN,&nbsp,3,AD 54,2025-11-06_10:53:59.012304
ED   47,99.00%,Janice Chen,(Democratic),407,AD 54,2025-11-06_10:53:59.012304
ED   47,99.00%,Marisa Arrabito,(Democratic),374,AD 54,2025-11-06_10:53:59.012304
ED   47,99.00%,WRITE-IN,&nbsp,1,AD 54,2025-11-06_10:53:59.012304
ED   48,99.00%,Janice Chen,(Democratic),343,AD 54,2025-11-06_10:53:59.012304
ED   48,99.00%,Marisa Arrabito,(Democratic),328,AD 54,2025-11-06_10:53:59.012304
ED   48,99.00%,WRITE-IN,&nbsp,2,AD 54,2025-11-06_10:53:59.012304
ED   49,99.00%,Janice Chen,(Democratic),376,AD 54,2025-11-06_10:53:59.012304
ED   49,99.00%,Marisa Arrabito,(Democratic),356,AD 54,2025-11-06_10:53:59.012304
ED   49,99.00%,WRITE-IN,&nbsp,5,AD 54,2025-11-06_10:53:59.012304
ED   50,99.00%,Janice Chen,(Democratic),389,AD 54,2025-11-06_10:53:59.012304
ED   50,99.00%,Marisa Arrabito,(Democratic),352,AD 54,2025-11-06_10:53:59.012304
ED   50,99.00%,WRITE-IN,&nbsp,9,AD 54,2025-11-06_10:53:59.012304
ED   51,99.00%,Janice Chen,(Democratic),417,AD 54,2025-11-06_10:53:59.012304
ED   51,99.00%,Marisa Arrabito,(Democratic),373,AD 54,2025-11-06_10:53:59.012304
ED   51,99.00%,WRITE-IN,&nbsp,3,AD 54,2025-11-06_10:53:59.012304
ED   52,99.00%,Janice Chen,(Democratic),267,AD 54,2025-11-06_10:53:59.012304
ED   52,99.00%,Marisa Arrabito,(Democratic),240,AD 54,2025-11-06_10:53:59.012304
ED   52,99.00%,WRITE-IN,&nbsp,2,AD 54,2025-11-06_10:53:59.012304
ED   53,99.00%,Janice Chen,(Democratic),323,AD 54,2025-11-06_10:53:59.012304
ED   53,99.00%,Marisa Arrabito,(Democratic),295,AD 54,2025-11-06_10:53:59.012304
ED   53,99.00%,WRITE-IN,&nbsp,4,AD 54,2025-11-06_10:53:59.012304
ED   54,99.00%,Janice Chen,(Democratic),342,AD 54,2025-11-06_10:53:59.012304
ED   54,99.00%,Marisa Arrabito,(Democratic),331,AD 54,2025-11-06_10:53:59.012304
ED   54,99.00%,WRITE-IN,&nbsp,6,AD 54,2025-11-06_10:53:59.012304
ED   55,99.00%,Janice Chen,(Democratic),297,AD 54,2025-11-06_10:53:59.012304
ED   55,99.00%,Marisa Arrabito,(Democratic),258,AD 54,2025-11-06_10:53:59.012304
ED   55,99.00%,WRITE-IN,&nbsp,1,AD 54,2025-11-06_10:53:59.012304
ED   56,99.00%,Janice Chen,(Democratic),370,AD 54,2025-11-06_10:53:59.012304
ED   56,99.00%,Marisa Arrabito,(Democratic),345,AD 54,2025-11-06_10:53:59.012304
ED   56,99.00%,WRITE-IN,&nbsp,0,AD 54,2025-11-06_10:53:59.012304
ED   57,99.00%,Janice Chen,(Democratic),348,AD 54,2025-11-06_10:53:59.012304
ED   57,99.00%,Marisa Arrabito,(Democratic),317,AD 54,2025-11-06_10:53:59.012304
ED   57,99.00%,WRITE-IN,&nbsp,0,AD 54,2025-11-06_10:53:59.012304
ED   58,99.00%,Janice Chen,(Democratic),34,AD 54,2025-11-06_10:53:59.012304
ED   58,99.00%,Marisa Arrabito,(Democratic),38,AD 54,2025-11-06_10:53:59.012304
ED   58,99.00%,WRITE-IN,&nbsp,0,AD 54,2025-11-06_10:53:59.012304
ED   59,99.00%,Janice Chen,(Democratic),0,AD 54,2025-11-06_10:53:59.012304
ED   59,99.00%,Marisa Arrabito,(Democratic),0,AD 54,2025-11-06_10:53:59.012304
ED   59,99.00%,WRITE-IN,&nbsp,0,AD 54,2025-11-06_10:53:59.012304
ED   60,99.00%,Janice Chen,(Democratic),48,AD 54,2025-11-06_10:53:59.012304
ED   60,99.00%,Marisa Arrabito,(Democratic),38,AD 54,2025-11-06_10:53:59.012304
ED   60,99.00%,WRITE-IN,&nbsp,0,AD 54,2025-11-06_10:53:59.012304
ED   61,99.00%,Janice Chen,(Democratic),128,AD 54,2025-11-06_10:53:59.012304
ED   61,99.00%,Marisa Arrabito,(Democratic),122,AD 54,2025-11-06_10:53:59.012304
ED   61,99.00%,WRITE-IN,&nbsp,2,AD 54,2025-11-06_10:53:59.012304
ED   62,99.00%,Janice Chen,(Democratic),57,AD 54,2025-11-06_10:53:59.012304
ED   62,99.00%,Marisa Arrabito,(Democratic),54,AD 54,2025-11-06_10:53:59.012304
ED   62,99.00%,WRITE-IN,&nbsp,0,AD 54,2025-11-06_10:53:59.012304
ED   63,99.00%,Janice Chen,(Democratic),29,AD 54,2025-11-06_10:53:59.012304
ED   63,99.00%,Marisa Arrabito,(Democratic),23,AD 54,2025-11-06_10:53:59.012304
ED   63,99.00%,WRITE-IN,&nbsp,0,AD 54,2025-11-06_10:53:59.012304
ED   64,99.00%,Janice Chen,(Democratic),45,AD 54,2025-11-06_10:53:59.012304
ED   64,99.00%,Marisa Arrabito,(Democratic),51,AD 54,2025-11-06_10:53:59.012304
ED   64,99.00%,WRITE-IN,&nbsp,0,AD 54,2025-11-06_10:53:59.012304
ED   65,99.00%,Janice Chen,(Democratic),0,AD 54,2025-11-06_10:53:59.012304
ED   65,99.00%,Marisa Arrabito,(Democratic),0,AD 54,2025-11-06_10:53:59.012304
ED   65,99.00%,WRITE-IN,&nbsp,0,AD 54,2025-11-06_10:53:59.012304
Total,,Janice Chen,(Democratic),14750,AD 54,2025-11-06_10:53:59.012304
Total,,Marisa Arrabito,(Democratic),13727,AD 54,2025-11-06_10:53:59.012304
Total,,WRITE-IN,&nbsp,163,AD 54,2025-11-06_10:53:59.012304
ED    1,99.00%,Janice Chen,(Democratic),488,AD 55,2025-11-06_10:53:59.012304
ED    1,99.00%,Marisa Arrabito,(Democratic),432,AD 55,2025-11-06_10:53:59.012304
ED    1,99.00%,WRITE-IN,&nbsp,2,AD 55,2025-11-06_10:53:59.012304
ED    2,99.00%,Janice Chen,(Democratic),329,AD 55,2025-11-06_10:53:59.012304
ED    2,99.00%,Marisa Arrabito,(Democratic),287,AD 55,2025-11-06_10:53:59.012304
ED    2,99.00%,WRITE-IN,&nbsp,2,AD 55,2025-11-06_10:53:59.012304
ED    3,99.00%,Janice Chen,(Democratic),296,AD 55,2025-11-06_10:53:59.012304
ED    3,99.00%,Marisa Arrabito,(Democratic),252,AD 55,2025-11-06_10:53:59.012304
ED    3,99.00%,WRITE-IN,&nbsp,2,AD 55,2025-11-06_10:53:59.012304
ED    4,99.00%,Janice Chen,(Democratic),21,AD 55,2025-11-06_10:53:59.012304
ED    4,99.00%,Marisa Arrabito,(Democratic),19,AD 55,2025-11-06_10:53:59.012304
ED    4,99.00%,WRITE-IN,&nbsp,0,AD 55,2025-11-06_10:53:59.012304
ED    5,99.00%,Janice Chen,(Democratic),390,AD 55,2025-11-06_10:53:59.012304
ED    5,99.00%,Marisa Arrabito,(Democratic),353,AD 55,2025-11-06_10:53:59.012304
ED    5,99.00%,WRITE-IN,&nbsp,2,AD 55,2025-11-06_10:53:59.012304
ED    6,99.00%,Janice Chen,(Democratic),303,AD 55,2025-11-06_10:53:59.012304
ED    6,99.00%,Marisa Arrabito,(Democratic),259,AD 55,2025-11-06_10:53:59.012304
ED    6,99.00%,WRITE-IN,&nbsp,2,AD 55,2025-11-06_10:53:59.012304
ED    7,99.00%,Janice Chen,(Democratic),384,AD 55,2025-11-06_10:53:59.012304
ED    7,99.00%,Marisa Arrabito,(Democratic),353,AD 55,2025-11-06_10:53:59.012304
ED    7,99.00%,WRITE-IN,&nbsp,5,AD 55,2025-11-06_10:53:59.012304
ED    8,99.00%,Janice Chen,(Democratic),394,AD 55,2025-11-06_10:53:59.012304
ED    8,99.00%,Marisa Arrabito,(Democratic),353,AD 55,2025-11-06_10:53:59.012304
ED    8,99.00%,WRITE-IN,&nbsp,0,AD 55,2025-11-06_10:53:59.012304
ED    9,99.00%,Janice Chen,(Democratic),388,AD 55,2025-11-06_10:53:59.012304
ED    9,99.00%,Marisa Arrabito,(Democratic),349,AD 55,2025-11-06_10:53:59.012304
ED    9,99.00%,WRITE-IN,&nbsp,3,AD 55,2025-11-06_10:53:59.012304
ED   10,99.00%,Janice Chen,(Democratic),400,AD 55,2025-11-06_10:53:59.012304
ED   10,99.00%,Marisa Arrabito,(Democratic),344,AD 55,2025-11-06_10:53:59.012304
ED   10,99.00%,WRITE-IN,&nbsp,7,AD 55,2025-11-06_10:53:59.012304
ED   11,99.00%,Janice Chen,(Democratic),253,AD 55,2025-11-06_10:53:59.012304
ED   11,99.00%,Marisa Arrabito,(Democratic),226,AD 55,2025-11-06_10:53:59.012304
ED   11,99.00%,WRITE-IN,&nbsp,1,AD 55,2025-11-06_10:53:59.012304
ED   12,99.00%,Janice Chen,(Democratic),378,AD 55,2025-11-06_10:53:59.012304
ED   12,99.00%,Marisa Arrabito,(Democratic),340,AD 55,2025-11-06_10:53:59.012304
ED   12,99.00%,WRITE-IN,&nbsp,5,AD 55,2025-11-06_10:53:59.012304
ED   13,99.00%,Janice Chen,(Democratic),318,AD 55,2025-11-06_10:53:59.012304
ED   13,99.00%,Marisa Arrabito,(Democratic),280,AD 55,2025-11-06_10:53:59.012304
ED   13,99.00%,WRITE-IN,&nbsp,1,AD 55,2025-11-06_10:53:59.012304
ED   14,99.00%,Janice Chen,(Democratic),300,AD 55,2025-11-06_10:53:59.012304
ED   14,99.00%,Marisa Arrabito,(Democratic),272,AD 55,2025-11-06_10:53:59.012304
ED   14,99.00%,WRITE-IN,&nbsp,4,AD 55,2025-11-06_10:53:59.012304
ED   15,99.00%,Janice Chen,(Democratic),372,AD 55,2025-11-06_10:53:59.012304
ED   15,99.00%,Marisa Arrabito,(Democratic),361,AD 55,2025-11-06_10:53:59.012304
ED   15,99.00%,WRITE-IN,&nbsp,2,AD 55,2025-11-06_10:53:59.012304
ED   16,99.00%,Janice Chen,(Democratic),342,AD 55,2025-11-06_10:53:59.012304
ED   16,99.00%,Marisa Arrabito,(Democratic),323,AD 55,2025-11-06_10:53:59.012304
ED   16,99.00%,WRITE-IN,&nbsp,1,AD 55,2025-11-06_10:53:59.012304
ED   17,99.00%,Janice Chen,(Democratic),60,AD 55,2025-11-06_10:53:59.012304
ED   17,99.00%,Marisa Arrabito,(Democratic),60,AD 55,2025-11-06_10:53:59.012304
ED   17,99.00%,WRITE-IN,&nbsp,0,AD 55,2025-11-06_10:53:59.012304
ED   18,99.00%,Janice Chen,(Democratic),15,AD 55,2025-11-06_10:53:59.012304
ED   18,99.00%,Marisa Arrabito,(Democratic),17,AD 55,2025-11-06_10:53:59.012304
ED   18,99.00%,WRITE-IN,&nbsp,0,AD 55,2025-11-06_10:53:59.012304
ED   19,99.00%,Janice Chen,(Democratic),235,AD 55,2025-11-06_10:53:59.012304
ED   19,99.00%,Marisa Arrabito,(Democratic),231,AD 55,2025-11-06_10:53:59.012304
ED   19,99.00%,WRITE-IN,&nbsp,0,AD 55,2025-11-06_10:53:59.012304
ED   20,99.00%,Janice Chen,(Democratic),170,AD 55,2025-11-06_10:53:59.012304
ED   20,99.00%,Marisa Arrabito,(Democratic),168,AD 55,2025-11-06_10:53:59.012304
ED   20,99.00%,WRITE-IN,&nbsp,0,AD 55,2025-11-06_10:53:59.012304
ED   21,99.00%,Janice Chen,(Democratic),25,AD 55,2025-11-06_10:53:59.012304
ED   21,99.00%,Marisa Arrabito,(Democratic),22,AD 55,2025-11-06_10:53:59.012304
ED   21,99.00%,WRITE-IN,&nbsp,2,AD 55,2025-11-06_10:53:59.012304
ED   22,99.00%,Janice Chen,(Democratic),64,AD 55,2025-11-06_10:53:59.012304
ED   22,99.00%,Marisa Arrabito,(Democratic),62,AD 55,2025-11-06_10:53:59.012304
ED   22,99.00%,WRITE-IN,&nbsp,1,AD 55,2025-11-06_10:53:59.012304
ED   23,99.00%,Janice Chen,(Democratic),192,AD 55,2025-11-06_10:53:59.012304
ED   23,99.00%,Marisa Arrabito,(Democratic),158,AD 55,2025-11-06_10:53:59.012304
ED   23,99.00%,WRITE-IN,&nbsp,0,AD 55,2025-11-06_10:53:59.012304
ED   24,99.00%,Janice Chen,(Democratic),185,AD 55,2025-11-06_10:53:59.012304
ED   24,99.00%,Marisa Arrabito,(Democratic),167,AD 55,2025-11-06_10:53:59.012304
ED   24,99.00%,WRITE-IN,&nbsp,2,AD 55,2025-11-06_10:53:59.012304
ED   25,99.00%,Janice Chen,(Democratic),205,AD 55,2025-11-06_10:53:59.012304
ED   25,99.00%,Marisa Arrabito,(Democratic),176,AD 55,2025-11-06_10:53:59.012304
ED   25,99.00%,WRITE-IN,&nbsp,0,AD 55,2025-11-06_10:53:59.012304
ED   26,99.00%,Janice Chen,(Democratic),172,AD 55,2025-11-06_10:53:59.012304
ED   26,99.00%,Marisa Arrabito,(Democratic),172,AD 55,2025-11-06_10:53:59.012304
ED   26,99.00%,WRITE-IN,&nbsp,0,AD 55,2025-11-06_10:53:59.012304
ED   27,99.00%,Janice Chen,(Democratic),157,AD 55,2025-11-06_10:53:59.012304
ED   27,99.00%,Marisa Arrabito,(Democratic),129,AD 55,2025-11-06_10:53:59.012304
ED   27,99.00%,WRITE-IN,&nbsp,1,AD 55,2025-11-06_10:53:59.012304
ED   28,99.00%,Janice Chen,(Democratic),141,AD 55,2025-11-06_10:53:59.012304
ED   28,99.00%,Marisa Arrabito,(Democratic),123,AD 55,2025-11-06_10:53:59.012304
ED   28,99.00%,WRITE-IN,&nbsp,0,AD 55,2025-11-06_10:53:59.012304
ED   29,50.00%,Janice Chen,(Democratic),47,AD 55,2025-11-06_10:53:59.012304
ED   29,50.00%,Marisa Arrabito,(Democratic),45,AD 55,2025-11-06_10:53:59.012304
ED   29,50.00%,WRITE-IN,&nbsp,0,AD 55,2025-11-06_10:53:59.012304
ED   30,99.00%,Janice Chen,(Democratic),243,AD 55,2025-11-06_10:53:59.012304
ED   30,99.00%,Marisa Arrabito,(Democratic),213,AD 55,2025-11-06_10:53:59.012304
ED   30,99.00%,WRITE-IN,&nbsp,0,AD 55,2025-11-06_10:53:59.012304
ED   31,99.00%,Janice Chen,(Democratic),14,AD 55,2025-11-06_10:53:59.012304
ED   31,99.00%,Marisa Arrabito,(Democratic),15,AD 55,2025-11-06_10:53:59.012304
ED   31,99.00%,WRITE-IN,&nbsp,0,AD 55,2025-11-06_10:53:59.012304
ED   32,99.00%,Janice Chen,(Democratic),141,AD 55,2025-11-06_10:53:59.012304
ED   32,99.00%,Marisa Arrabito,(Democratic),120,AD 55,2025-11-06_10:53:59.012304
ED   32,99.00%,WRITE-IN,&nbsp,0,AD 55,2025-11-06_10:53:59.012304
ED   33,99.00%,Janice Chen,(Democratic),362,AD 55,2025-11-06_10:53:59.012304
ED   33,99.00%,Marisa Arrabito,(Democratic),314,AD 55,2025-11-06_10:53:59.012304
ED   33,99.00%,WRITE-IN,&nbsp,0,AD 55,2025-11-06_10:53:59.012304
ED   34,99.00%,Janice Chen,(Democratic),112,AD 55,2025-11-06_10:53:59.012304
ED   34,99.00%,Marisa Arrabito,(Democratic),99,AD 55,2025-11-06_10:53:59.012304
ED   34,99.00%,WRITE-IN,&nbsp,0,AD 55,2025-11-06_10:53:59.012304
ED   35,99.00%,Janice Chen,(Democratic),103,AD 55,2025-11-06_10:53:59.012304
ED   35,99.00%,Marisa Arrabito,(Democratic),107,AD 55,2025-11-06_10:53:59.012304
ED   35,99.00%,WRITE-IN,&nbsp,0,AD 55,2025-11-06_10:53:59.012304
ED   36,99.00%,Janice Chen,(Democratic),308,AD 55,2025-11-06_10:53:59.012304
ED   36,99.00%,Marisa Arrabito,(Democratic),277,AD 55,2025-11-06_10:53:59.012304
ED   36,99.00%,WRITE-IN,&nbsp,0,AD 55,2025-11-06_10:53:59.012304
ED   37,99.00%,Janice Chen,(Democratic),32,AD 55,2025-11-06_10:53:59.012304
ED   37,99.00%,Marisa Arrabito,(Democratic),34,AD 55,2025-11-06_10:53:59.012304
ED   37,99.00%,WRITE-IN,&nbsp,0,AD 55,2025-11-06_10:53:59.012304
ED   38,50.00%,Janice Chen,(Democratic),73,AD 55,2025-11-06_10:53:59.012304
ED   38,50.00%,Marisa Arrabito,(Democratic),63,AD 55,2025-11-06_10:53:59.012304
ED   38,50.00%,WRITE-IN,&nbsp,0,AD 55,2025-11-06_10:53:59.012304
ED   39,50.00%,Janice Chen,(Democratic),60,AD 55,2025-11-06_10:53:59.012304
ED   39,50.00%,Marisa Arrabito,(Democratic),56,AD 55,2025-11-06_10:53:59.012304
ED   39,50.00%,WRITE-IN,&nbsp,0,AD 55,2025-11-06_10:53:59.012304
ED   40,99.00%,Janice Chen,(Democratic),170,AD 55,2025-11-06_10:53:59.012304
ED   40,99.00%,Marisa Arrabito,(Democratic),162,AD 55,2025-11-06_10:53:59.012304
ED   40,99.00%,WRITE-IN,&nbsp,1,AD 55,2025-11-06_10:53:59.012304
ED   41,99.00%,Janice Chen,(Democratic),171,AD 55,2025-11-06_10:53:59.012304
ED   41,99.00%,Marisa Arrabito,(Democratic),154,AD 55,2025-11-06_10:53:59.012304
ED   41,99.00%,WRITE-IN,&nbsp,5,AD 55,2025-11-06_10:53:59.012304
ED   42,99.00%,Janice Chen,(Democratic),149,AD 55,2025-11-06_10:53:59.012304
ED   42,99.00%,Marisa Arrabito,(Democratic),141,AD 55,2025-11-06_10:53:59.012304
ED   42,99.00%,WRITE-IN,&nbsp,0,AD 55,2025-11-06_10:53:59.012304
ED   43,99.00%,Janice Chen,(Democratic),128,AD 55,2025-11-06_10:53:59.012304
ED   43,99.00%,Marisa Arrabito,(Democratic),102,AD 55,2025-11-06_10:53:59.012304
ED   43,99.00%,WRITE-IN,&nbsp,3,AD 55,2025-11-06_10:53:59.012304
ED   44,99.00%,Janice Chen,(Democratic),238,AD 55,2025-11-06_10:53:59.012304
ED   44,99.00%,Marisa Arrabito,(Democratic),225,AD 55,2025-11-06_10:53:59.012304
ED   44,99.00%,WRITE-IN,&nbsp,3,AD 55,2025-11-06_10:53:59.012304
ED   45,99.00%,Janice Chen,(Democratic),346,AD 55,2025-11-06_10:53:59.012304
ED   45,99.00%,Marisa Arrabito,(Democratic),309,AD 55,2025-11-06_10:53:59.012304
ED   45,99.00%,WRITE-IN,&nbsp,3,AD 55,2025-11-06_10:53:59.012304
ED   46,99.00%,Janice Chen,(Democratic),149,AD 55,2025-11-06_10:53:59.012304
ED   46,99.00%,Marisa Arrabito,(Democratic),120,AD 55,2025-11-06_10:53:59.012304
ED   46,99.00%,WRITE-IN,&nbsp,0,AD 55,2025-11-06_10:53:59.012304
ED   47,99.00%,Janice Chen,(Democratic),301,AD 55,2025-11-06_10:53:59.012304
ED   47,99.00%,Marisa Arrabito,(Democratic),260,AD 55,2025-11-06_10:53:59.012304
ED   47,99.00%,WRITE-IN,&nbsp,0,AD 55,2025-11-06_10:53:59.012304
ED   48,99.00%,Janice Chen,(Democratic),303,AD 55,2025-11-06_10:53:59.012304
ED   48,99.00%,Marisa Arrabito,(Democratic),281,AD 55,2025-11-06_10:53:59.012304
ED   48,99.00%,WRITE-IN,&nbsp,1,AD 55,2025-11-06_10:53:59.012304
ED   49,99.00%,Janice Chen,(Democratic),318,AD 55,2025-11-06_10:53:59.012304
ED   49,99.00%,Marisa Arrabito,(Democratic),281,AD 55,2025-11-06_10:53:59.012304
ED   49,99.00%,WRITE-IN,&nbsp,0,AD 55,2025-11-06_10:53:59.012304
ED   50,99.00%,Janice Chen,(Democratic),253,AD 55,2025-11-06_10:53:59.012304
ED   50,99.00%,Marisa Arrabito,(Democratic),233,AD 55,2025-11-06_10:53:59.012304
ED   50,99.00%,WRITE-IN,&nbsp,3,AD 55,2025-11-06_10:53:59.012304
ED   51,99.00%,Janice Chen,(Democratic),435,AD 55,2025-11-06_10:53:59.012304
ED   51,99.00%,Marisa Arrabito,(Democratic),388,AD 55,2025-11-06_10:53:59.012304
ED   51,99.00%,WRITE-IN,&nbsp,4,AD 55,2025-11-06_10:53:59.012304
ED   52,99.00%,Janice Chen,(Democratic),374,AD 55,2025-11-06_10:53:59.012304
ED   52,99.00%,Marisa Arrabito,(Democratic),319,AD 55,2025-11-06_10:53:59.012304
ED   52,99.00%,WRITE-IN,&nbsp,5,AD 55,2025-11-06_10:53:59.012304
ED   53,99.00%,Janice Chen,(Democratic),388,AD 55,2025-11-06_10:53:59.012304
ED   53,99.00%,Marisa Arrabito,(Democratic),336,AD 55,2025-11-06_10:53:59.012304
ED   53,99.00%,WRITE-IN,&nbsp,12,AD 55,2025-11-06_10:53:59.012304
ED   54,99.00%,Janice Chen,(Democratic),76,AD 55,2025-11-06_10:53:59.012304
ED   54,99.00%,Marisa Arrabito,(Democratic),64,AD 55,2025-11-06_10:53:59.012304
ED   54,99.00%,WRITE-IN,&nbsp,0,AD 55,2025-11-06_10:53:59.012304
ED   55,99.00%,Janice Chen,(Democratic),196,AD 55,2025-11-06_10:53:59.012304
ED   55,99.00%,Marisa Arrabito,(Democratic),189,AD 55,2025-11-06_10:53:59.012304
ED   55,99.00%,WRITE-IN,&nbsp,0,AD 55,2025-11-06_10:53:59.012304
ED   56,99.00%,Janice Chen,(Democratic),353,AD 55,2025-11-06_10:53:59.012304
ED   56,99.00%,Marisa Arrabito,(Democratic),298,AD 55,2025-11-06_10:53:59.012304
ED   56,99.00%,WRITE-IN,&nbsp,2,AD 55,2025-11-06_10:53:59.012304
ED   57,99.00%,Janice Chen,(Democratic),335,AD 55,2025-11-06_10:53:59.012304
ED   57,99.00%,Marisa Arrabito,(Democratic),314,AD 55,2025-11-06_10:53:59.012304
ED   57,99.00%,WRITE-IN,&nbsp,0,AD 55,2025-11-06_10:53:59.012304
ED   58,99.00%,Janice Chen,(Democratic),0,AD 55,2025-11-06_10:53:59.012304
ED   58,99.00%,Marisa Arrabito,(Democratic),0,AD 55,2025-11-06_10:53:59.012304
ED   58,99.00%,WRITE-IN,&nbsp,0,AD 55,2025-11-06_10:53:59.012304
ED   59,99.00%,Janice Chen,(Democratic),309,AD 55,2025-11-06_10:53:59.012304
ED   59,99.00%,Marisa Arrabito,(Democratic),277,AD 55,2025-11-06_10:53:59.012304
ED   59,99.00%,WRITE-IN,&nbsp,7,AD 55,2025-11-06_10:53:59.012304
ED   60,99.00%,Janice Chen,(Democratic),284,AD 55,2025-11-06_10:53:59.012304
ED   60,99.00%,Marisa Arrabito,(Democratic),258,AD 55,2025-11-06_10:53:59.012304
ED   60,99.00%,WRITE-IN,&nbsp,4,AD 55,2025-11-06_10:53:59.012304
ED   61,99.00%,Janice Chen,(Democratic),240,AD 55,2025-11-06_10:53:59.012304
ED   61,99.00%,Marisa Arrabito,(Democratic),199,AD 55,2025-11-06_10:53:59.012304
ED   61,99.00%,WRITE-IN,&nbsp,5,AD 55,2025-11-06_10:53:59.012304
ED   62,99.00%,Janice Chen,(Democratic),169,AD 55,2025-11-06_10:53:59.012304
ED   62,99.00%,Marisa Arrabito,(Democratic),157,AD 55,2025-11-06_10:53:59.012304
ED   62,99.00%,WRITE-IN,&nbsp,0,AD 55,2025-11-06_10:53:59.012304
ED   63,99.00%,Janice Chen,(Democratic),374,AD 55,2025-11-06_10:53:59.012304
ED   63,99.00%,Marisa Arrabito,(Democratic),352,AD 55,2025-11-06_10:53:59.012304
ED   63,99.00%,WRITE-IN,&nbsp,0,AD 55,2025-11-06_10:53:59.012304
ED   64,99.00%,Janice Chen,(Democratic),322,AD 55,2025-11-06_10:53:59.012304
ED   64,99.00%,Marisa Arrabito,(Democratic),298,AD 55,2025-11-06_10:53:59.012304
ED   64,99.00%,WRITE-IN,&nbsp,0,AD 55,2025-11-06_10:53:59.012304
ED   65,99.00%,Janice Chen,(Democratic),0,AD 55,2025-11-06_10:53:59.012304
ED   65,99.00%,Marisa Arrabito,(Democratic),0,AD 55,2025-11-06_10:53:59.012304
ED   65,99.00%,WRITE-IN,&nbsp,0,AD 55,2025-11-06_10:53:59.012304
ED   66,99.00%,Janice Chen,(Democratic),7,AD 55,2025-11-06_10:53:59.012304
ED   66,99.00%,Marisa Arrabito,(Democratic),8,AD 55,2025-11-06_10:53:59.012304
ED   66,99.00%,WRITE-IN,&nbsp,0,AD 55,2025-11-06_10:53:59.012304
Total,,Janice Chen,(Democratic),14860,AD 55,2025-11-06_10:53:59.012304
Total,,Marisa Arrabito,(Democratic),13356,AD 55,2025-11-06_10:53:59.012304
Total,,WRITE-IN,&nbsp,103,AD 55,2025-11-06_10:53:59.012304
ED    1,99.00%,Janice Chen,(Democratic),201,AD 56,2025-11-06_10:53:59.012304
ED    1,99.00%,Marisa Arrabito,(Democratic),214,AD 56,2025-11-06_10:53:59.012304
ED    1,99.00%,WRITE-IN,&nbsp,0,AD 56,2025-11-06_10:53:59.012304
ED    2,99.00%,Janice Chen,(Democratic),174,AD 56,2025-11-06_10:53:59.012304
ED    2,99.00%,Marisa Arrabito,(Democratic),170,AD 56,2025-11-06_10:53:59.012304
ED    2,99.00%,WRITE-IN,&nbsp,4,AD 56,2025-11-06_10:53:59.012304
ED    3,99.00%,Janice Chen,(Democratic),229,AD 56,2025-11-06_10:53:59.012304
ED    3,99.00%,Marisa Arrabito,(Democratic),213,AD 56,2025-11-06_10:53:59.012304
ED    3,99.00%,WRITE-IN,&nbsp,13,AD 56,2025-11-06_10:53:59.012304
ED    4,99.00%,Janice Chen,(Democratic),294,AD 56,2025-11-06_10:53:59.012304
ED    4,99.00%,Marisa Arrabito,(Democratic),293,AD 56,2025-11-06_10:53:59.012304
ED    4,99.00%,WRITE-IN,&nbsp,6,AD 56,2025-11-06_10:53:59.012304
ED    5,99.00%,Janice Chen,(Democratic),215,AD 56,2025-11-06_10:53:59.012304
ED    5,99.00%,Marisa Arrabito,(Democratic),205,AD 56,2025-11-06_10:53:59.012304
ED    5,99.00%,WRITE-IN,&nbsp,0,AD 56,2025-11-06_10:53:59.012304
ED    6,99.00%,Janice Chen,(Democratic),192,AD 56,2025-11-06_10:53:59.012304
ED    6,99.00%,Marisa Arrabito,(Democratic),181,AD 56,2025-11-06_10:53:59.012304
ED    6,99.00%,WRITE-IN,&nbsp,0,AD 56,2025-11-06_10:53:59.012304
ED    7,99.00%,Janice Chen,(Democratic),192,AD 56,2025-11-06_10:53:59.012304
ED    7,99.00%,Marisa Arrabito,(Democratic),196,AD 56,2025-11-06_10:53:59.012304
ED    7,99.00%,WRITE-IN,&nbsp,2,AD 56,2025-11-06_10:53:59.012304
ED    8,99.00%,Janice Chen,(Democratic),371,AD 56,2025-11-06_10:53:59.012304
ED    8,99.00%,Marisa Arrabito,(Democratic),329,AD 56,2025-11-06_10:53:59.012304
ED    8,99.00%,WRITE-IN,&nbsp,6,AD 56,2025-11-06_10:53:59.012304
ED    9,99.00%,Janice Chen,(Democratic),450,AD 56,2025-11-06_10:53:59.012304
ED    9,99.00%,Marisa Arrabito,(Democratic),443,AD 56,2025-11-06_10:53:59.012304
ED    9,99.00%,WRITE-IN,&nbsp,3,AD 56,2025-11-06_10:53:59.012304
ED   10,90.00%,Janice Chen,(Democratic),361,AD 56,2025-11-06_10:53:59.012304
ED   10,90.00%,Marisa Arrabito,(Democratic),327,AD 56,2025-11-06_10:53:59.012304
ED   10,90.00%,WRITE-IN,&nbsp,3,AD 56,2025-11-06_10:53:59.012304
ED   11,99.00%,Janice Chen,(Democratic),499,AD 56,2025-11-06_10:53:59.012304
ED   11,99.00%,Marisa Arrabito,(Democratic),419,AD 56,2025-11-06_10:53:59.012304
ED   11,99.00%,WRITE-IN,&nbsp,11,AD 56,2025-11-06_10:53:59.012304
ED   12,71.43%,Janice Chen,(Democratic),584,AD 56,2025-11-06_10:53:59.012304
ED   12,71.43%,Marisa Arrabito,(Democratic),536,AD 56,2025-11-06_10:53:59.012304
ED   12,71.43%,WRITE-IN,&nbsp,0,AD 56,2025-11-06_10:53:59.012304
ED   13,71.43%,Janice Chen,(Democratic),438,AD 56,2025-11-06_10:53:59.012304
ED   13,71.43%,Marisa Arrabito,(Democratic),417,AD 56,2025-11-06_10:53:59.012304
ED   13,71.43%,WRITE-IN,&nbsp,4,AD 56,2025-11-06_10:53:59.012304
ED   14,99.00%,Janice Chen,(Democratic),468,AD 56,2025-11-06_10:53:59.012304
ED   14,99.00%,Marisa Arrabito,(Democratic),420,AD 56,2025-11-06_10:53:59.012304
ED   14,99.00%,WRITE-IN,&nbsp,5,AD 56,2025-11-06_10:53:59.012304
ED   15,71.43%,Janice Chen,(Democratic),195,AD 56,2025-11-06_10:53:59.012304
ED   15,71.43%,Marisa Arrabito,(Democratic),188,AD 56,2025-11-06_10:53:59.012304
ED   15,71.43%,WRITE-IN,&nbsp,1,AD 56,2025-11-06_10:53:59.012304
ED   16,99.00%,Janice Chen,(Democratic),352,AD 56,2025-11-06_10:53:59.012304
ED   16,99.00%,Marisa Arrabito,(Democratic),333,AD 56,2025-11-06_10:53:59.012304
ED   16,99.00%,WRITE-IN,&nbsp,4,AD 56,2025-11-06_10:53:59.012304
ED   17,99.00%,Janice Chen,(Democratic),397,AD 56,2025-11-06_10:53:59.012304
ED   17,99.00%,Marisa Arrabito,(Democratic),384,AD 56,2025-11-06_10:53:59.012304
ED   17,99.00%,WRITE-IN,&nbsp,4,AD 56,2025-11-06_10:53:59.012304
ED   18,99.00%,Janice Chen,(Democratic),44,AD 56,2025-11-06_10:53:59.012304
ED   18,99.00%,Marisa Arrabito,(Democratic),41,AD 56,2025-11-06_10:53:59.012304
ED   18,99.00%,WRITE-IN,&nbsp,0,AD 56,2025-11-06_10:53:59.012304
ED   19,90.00%,Janice Chen,(Democratic),409,AD 56,2025-11-06_10:53:59.012304
ED   19,90.00%,Marisa Arrabito,(Democratic),366,AD 56,2025-11-06_10:53:59.012304
ED   19,90.00%,WRITE-IN,&nbsp,2,AD 56,2025-11-06_10:53:59.012304
ED   20,90.00%,Janice Chen,(Democratic),509,AD 56,2025-11-06_10:53:59.012304
ED   20,90.00%,Marisa Arrabito,(Democratic),463,AD 56,2025-11-06_10:53:59.012304
ED   20,90.00%,WRITE-IN,&nbsp,9,AD 56,2025-11-06_10:53:59.012304
ED   21,85.71%,Janice Chen,(Democratic),444,AD 56,2025-11-06_10:53:59.012304
ED   21,85.71%,Marisa Arrabito,(Democratic),409,AD 56,2025-11-06_10:53:59.012304
ED   21,85.71%,WRITE-IN,&nbsp,0,AD 56,2025-11-06_10:53:59.012304
ED   22,99.00%,Janice Chen,(Democratic),349,AD 56,2025-11-06_10:53:59.012304
ED   22,99.00%,Marisa Arrabito,(Democratic),331,AD 56,2025-11-06_10:53:59.012304
ED   22,99.00%,WRITE-IN,&nbsp,2,AD 56,2025-11-06_10:53:59.012304
ED   23,99.00%,Janice Chen,(Democratic),387,AD 56,2025-11-06_10:53:59.012304
ED   23,99.00%,Marisa Arrabito,(Democratic),333,AD 56,2025-11-06_10:53:59.012304
ED   23,99.00%,WRITE-IN,&nbsp,2,AD 56,2025-11-06_10:53:59.012304
ED   24,99.00%,Janice Chen,(Democratic),552,AD 56,2025-11-06_10:53:59.012304
ED   24,99.00%,Marisa Arrabito,(Democratic),514,AD 56,2025-11-06_10:53:59.012304
ED   24,99.00%,WRITE-IN,&nbsp,4,AD 56,2025-11-06_10:53:59.012304
ED   25,99.00%,Janice Chen,(Democratic),531,AD 56,2025-11-06_10:53:59.012304
ED   25,99.00%,Marisa Arrabito,(Democratic),471,AD 56,2025-11-06_10:53:59.012304
ED   25,99.00%,WRITE-IN,&nbsp,2,AD 56,2025-11-06_10:53:59.012304
ED   26,85.71%,Janice Chen,(Democratic),399,AD 56,2025-11-06_10:53:59.012304
ED   26,85.71%,Marisa Arrabito,(Democratic),366,AD 56,2025-11-06_10:53:59.012304
ED   26,85.71%,WRITE-IN,&nbsp,0,AD 56,2025-11-06_10:53:59.012304
ED   27,85.71%,Janice Chen,(Democratic),538,AD 56,2025-11-06_10:53:59.012304
ED   27,85.71%,Marisa Arrabito,(Democratic),506,AD 56,2025-11-06_10:53:59.012304
ED   27,85.71%,WRITE-IN,&nbsp,7,AD 56,2025-11-06_10:53:59.012304
ED   28,99.00%,Janice Chen,(Democratic),453,AD 56,2025-11-06_10:53:59.012304
ED   28,99.00%,Marisa Arrabito,(Democratic),423,AD 56,2025-11-06_10:53:59.012304
ED   28,99.00%,WRITE-IN,&nbsp,3,AD 56,2025-11-06_10:53:59.012304
ED   29,99.00%,Janice Chen,(Democratic),600,AD 56,2025-11-06_10:53:59.012304
ED   29,99.00%,Marisa Arrabito,(Democratic),569,AD 56,2025-11-06_10:53:59.012304
ED   29,99.00%,WRITE-IN,&nbsp,2,AD 56,2025-11-06_10:53:59.012304
ED   30,99.00%,Janice Chen,(Democratic),480,AD 56,2025-11-06_10:53:59.012304
ED   30,99.00%,Marisa Arrabito,(Democratic),413,AD 56,2025-11-06_10:53:59.012304
ED   30,99.00%,WRITE-IN,&nbsp,1,AD 56,2025-11-06_10:53:59.012304
ED   31,85.71%,Janice Chen,(Democratic),398,AD 56,2025-11-06_10:53:59.012304
ED   31,85.71%,Marisa Arrabito,(Democratic),339,AD 56,2025-11-06_10:53:59.012304
ED   31,85.71%,WRITE-IN,&nbsp,2,AD 56,2025-11-06_10:53:59.012304
ED   32,80.00%,Janice Chen,(Democratic),544,AD 56,2025-11-06_10:53:59.012304
ED   32,80.00%,Marisa Arrabito,(Democratic),515,AD 56,2025-11-06_10:53:59.012304
ED   32,80.00%,WRITE-IN,&nbsp,4,AD 56,2025-11-06_10:53:59.012304
ED   33,80.00%,Janice Chen,(Democratic),453,AD 56,2025-11-06_10:53:59.012304
ED   33,80.00%,Marisa Arrabito,(Democratic),417,AD 56,2025-11-06_10:53:59.012304
ED   33,80.00%,WRITE-IN,&nbsp,1,AD 56,2025-11-06_10:53:59.012304
ED   34,99.00%,Janice Chen,(Democratic),267,AD 56,2025-11-06_10:53:59.012304
ED   34,99.00%,Marisa Arrabito,(Democratic),251,AD 56,2025-11-06_10:53:59.012304
ED   34,99.00%,WRITE-IN,&nbsp,3,AD 56,2025-11-06_10:53:59.012304
ED   35,99.00%,Janice Chen,(Democratic),463,AD 56,2025-11-06_10:53:59.012304
ED   35,99.00%,Marisa Arrabito,(Democratic),417,AD 56,2025-11-06_10:53:59.012304
ED   35,99.00%,WRITE-IN,&nbsp,3,AD 56,2025-11-06_10:53:59.012304
ED   36,99.00%,Janice Chen,(Democratic),471,AD 56,2025-11-06_10:53:59.012304
ED   36,99.00%,Marisa Arrabito,(Democratic),438,AD 56,2025-11-06_10:53:59.012304
ED   36,99.00%,WRITE-IN,&nbsp,4,AD 56,2025-11-06_10:53:59.012304
ED   37,80.00%,Janice Chen,(Democratic),603,AD 56,2025-11-06_10:53:59.012304
ED   37,80.00%,Marisa Arrabito,(Democratic),544,AD 56,2025-11-06_10:53:59.012304
ED   37,80.00%,WRITE-IN,&nbsp,7,AD 56,2025-11-06_10:53:59.012304
ED   38,90.00%,Janice Chen,(Democratic),490,AD 56,2025-11-06_10:53:59.012304
ED   38,90.00%,Marisa Arrabito,(Democratic),457,AD 56,2025-11-06_10:53:59.012304
ED   38,90.00%,WRITE-IN,&nbsp,7,AD 56,2025-11-06_10:53:59.012304
ED   39,99.00%,Janice Chen,(Democratic),360,AD 56,2025-11-06_10:53:59.012304
ED   39,99.00%,Marisa Arrabito,(Democratic),309,AD 56,2025-11-06_10:53:59.012304
ED   39,99.00%,WRITE-IN,&nbsp,8,AD 56,2025-11-06_10:53:59.012304
ED   40,99.00%,Janice Chen,(Democratic),404,AD 56,2025-11-06_10:53:59.012304
ED   40,99.00%,Marisa Arrabito,(Democratic),372,AD 56,2025-11-06_10:53:59.012304
ED   40,99.00%,WRITE-IN,&nbsp,4,AD 56,2025-11-06_10:53:59.012304
ED   41,99.00%,Janice Chen,(Democratic),549,AD 56,2025-11-06_10:53:59.012304
ED   41,99.00%,Marisa Arrabito,(Democratic),494,AD 56,2025-11-06_10:53:59.012304
ED   41,99.00%,WRITE-IN,&nbsp,1,AD 56,2025-11-06_10:53:59.012304
ED   42,99.00%,Janice Chen,(Democratic),474,AD 56,2025-11-06_10:53:59.012304
ED   42,99.00%,Marisa Arrabito,(Democratic),420,AD 56,2025-11-06_10:53:59.012304
ED   42,99.00%,WRITE-IN,&nbsp,3,AD 56,2025-11-06_10:53:59.012304
ED   43,99.00%,Janice Chen,(Democratic),468,AD 56,2025-11-06_10:53:59.012304
ED   43,99.00%,Marisa Arrabito,(Democratic),425,AD 56,2025-11-06_10:53:59.012304
ED   43,99.00%,WRITE-IN,&nbsp,6,AD 56,2025-11-06_10:53:59.012304
ED   44,90.00%,Janice Chen,(Democratic),516,AD 56,2025-11-06_10:53:59.012304
ED   44,90.00%,Marisa Arrabito,(Democratic),476,AD 56,2025-11-06_10:53:59.012304
ED   44,90.00%,WRITE-IN,&nbsp,2,AD 56,2025-11-06_10:53:59.012304
ED   45,90.00%,Janice Chen,(Democratic),448,AD 56,2025-11-06_10:53:59.012304
ED   45,90.00%,Marisa Arrabito,(Democratic),415,AD 56,2025-11-06_10:53:59.012304
ED   45,90.00%,WRITE-IN,&nbsp,0,AD 56,2025-11-06_10:53:59.012304
ED   46,90.00%,Janice Chen,(Democratic),515,AD 56,2025-11-06_10:53:59.012304
ED   46,90.00%,Marisa Arrabito,(Democratic),479,AD 56,2025-11-06_10:53:59.012304
ED   46,90.00%,WRITE-IN,&nbsp,4,AD 56,2025-11-06_10:53:59.012304
ED   47,99.00%,Janice Chen,(Democratic),587,AD 56,2025-11-06_10:53:59.012304
ED   47,99.00%,Marisa Arrabito,(Democratic),558,AD 56,2025-11-06_10:53:59.012304
ED   47,99.00%,WRITE-IN,&nbsp,2,AD 56,2025-11-06_10:53:59.012304
ED   48,99.00%,Janice Chen,(Democratic),636,AD 56,2025-11-06_10:53:59.012304
ED   48,99.00%,Marisa Arrabito,(Democratic),580,AD 56,2025-11-06_10:53:59.012304
ED   48,99.00%,WRITE-IN,&nbsp,8,AD 56,2025-11-06_10:53:59.012304
ED   49,99.00%,Janice Chen,(Democratic),575,AD 56,2025-11-06_10:53:59.012304
ED   49,99.00%,Marisa Arrabito,(Democratic),546,AD 56,2025-11-06_10:53:59.012304
ED   49,99.00%,WRITE-IN,&nbsp,3,AD 56,2025-11-06_10:53:59.012304
ED   50,99.00%,Janice Chen,(Democratic),683,AD 56,2025-11-06_10:53:59.012304
ED   50,99.00%,Marisa Arrabito,(Democratic),611,AD 56,2025-11-06_10:53:59.012304
ED   50,99.00%,WRITE-IN,&nbsp,2,AD 56,2025-11-06_10:53:59.012304
ED   51,99.00%,Janice Chen,(Democratic),140,AD 56,2025-11-06_10:53:59.012304
ED   51,99.00%,Marisa Arrabito,(Democratic),121,AD 56,2025-11-06_10:53:59.012304
ED   51,99.00%,WRITE-IN,&nbsp,0,AD 56,2025-11-06_10:53:59.012304
ED   52,99.00%,Janice Chen,(Democratic),171,AD 56,2025-11-06_10:53:59.012304
ED   52,99.00%,Marisa Arrabito,(Democratic),180,AD 56,2025-11-06_10:53:59.012304
ED   52,99.00%,WRITE-IN,&nbsp,2,AD 56,2025-11-06_10:53:59.012304
ED   53,88.89%,Janice Chen,(Democratic),528,AD 56,2025-11-06_10:53:59.012304
ED   53,88.89%,Marisa Arrabito,(Democratic),489,AD 56,2025-11-06_10:53:59.012304
ED   53,88.89%,WRITE-IN,&nbsp,3,AD 56,2025-11-06_10:53:59.012304
ED   54,88.89%,Janice Chen,(Democratic),302,AD 56,2025-11-06_10:53:59.012304
ED   54,88.89%,Marisa Arrabito,(Democratic),267,AD 56,2025-11-06_10:53:59.012304
ED   54,88.89%,WRITE-IN,&nbsp,7,AD 56,2025-11-06_10:53:59.012304
ED   55,99.00%,Janice Chen,(Democratic),354,AD 56,2025-11-06_10:53:59.012304
ED   55,99.00%,Marisa Arrabito,(Democratic),319,AD 56,2025-11-06_10:53:59.012304
ED   55,99.00%,WRITE-IN,&nbsp,0,AD 56,2025-11-06_10:53:59.012304
ED   56,99.00%,Janice Chen,(Democratic),637,AD 56,2025-11-06_10:53:59.012304
ED   56,99.00%,Marisa Arrabito,(Democratic),589,AD 56,2025-11-06_10:53:59.012304
ED   56,99.00%,WRITE-IN,&nbsp,5,AD 56,2025-11-06_10:53:59.012304
ED   57,99.00%,Janice Chen,(Democratic),89,AD 56,2025-11-06_10:53:59.012304
ED   57,99.00%,Marisa Arrabito,(Democratic),79,AD 56,2025-11-06_10:53:59.012304
ED   57,99.00%,WRITE-IN,&nbsp,2,AD 56,2025-11-06_10:53:59.012304
ED   58,99.00%,Janice Chen,(Democratic),641,AD 56,2025-11-06_10:53:59.012304
ED   58,99.00%,Marisa Arrabito,(Democratic),576,AD 56,2025-11-06_10:53:59.012304
ED   58,99.00%,WRITE-IN,&nbsp,1,AD 56,2025-11-06_10:53:59.012304
ED   59,88.89%,Janice Chen,(Democratic),340,AD 56,2025-11-06_10:53:59.012304
ED   59,88.89%,Marisa Arrabito,(Democratic),324,AD 56,2025-11-06_10:53:59.012304
ED   59,88.89%,WRITE-IN,&nbsp,2,AD 56,2025-11-06_10:53:59.012304
ED   60,99.00%,Janice Chen,(Democratic),292,AD 56,2025-11-06_10:53:59.012304
ED   60,99.00%,Marisa Arrabito,(Democratic),265,AD 56,2025-11-06_10:53:59.012304
ED   60,99.00%,WRITE-IN,&nbsp,1,AD 56,2025-11-06_10:53:59.012304
ED   61,99.00%,Janice Chen,(Democratic),285,AD 56,2025-11-06_10:53:59.012304
ED   61,99.00%,Marisa Arrabito,(Democratic),255,AD 56,2025-11-06_10:53:59.012304
ED   61,99.00%,WRITE-IN,&nbsp,2,AD 56,2025-11-06_10:53:59.012304
ED   62,99.00%,Janice Chen,(Democratic),328,AD 56,2025-11-06_10:53:59.012304
ED   62,99.00%,Marisa Arrabito,(Democratic),295,AD 56,2025-11-06_10:53:59.012304
ED   62,99.00%,WRITE-IN,&nbsp,0,AD 56,2025-11-06_10:53:59.012304
ED   63,99.00%,Janice Chen,(Democratic),533,AD 56,2025-11-06_10:53:59.012304
ED   63,99.00%,Marisa Arrabito,(Democratic),496,AD 56,2025-11-06_10:53:59.012304
ED   63,99.00%,WRITE-IN,&nbsp,2,AD 56,2025-11-06_10:53:59.012304
ED   64,99.00%,Janice Chen,(Democratic),309,AD 56,2025-11-06_10:53:59.012304
ED   64,99.00%,Marisa Arrabito,(Democratic),283,AD 56,2025-11-06_10:53:59.012304
ED   64,99.00%,WRITE-IN,&nbsp,1,AD 56,2025-11-06_10:53:59.012304
ED   65,99.00%,Janice Chen,(Democratic),173,AD 56,2025-11-06_10:53:59.012304
ED   65,99.00%,Marisa Arrabito,(Democratic),152,AD 56,2025-11-06_10:53:59.012304
ED   65,99.00%,WRITE-IN,&nbsp,1,AD 56,2025-11-06_10:53:59.012304
ED   66,99.00%,Janice Chen,(Democratic),148,AD 56,2025-11-06_10:53:59.012304
ED   66,99.00%,Marisa Arrabito,(Democratic),129,AD 56,2025-11-06_10:53:59.012304
ED   66,99.00%,WRITE-IN,&nbsp,0,AD 56,2025-11-06_10:53:59.012304
ED   67,99.00%,Janice Chen,(Democratic),141,AD 56,2025-11-06_10:53:59.012304
ED   67,99.00%,Marisa Arrabito,(Democratic),127,AD 56,2025-11-06_10:53:59.012304
ED   67,99.00%,WRITE-IN,&nbsp,0,AD 56,2025-11-06_10:53:59.012304
ED   68,99.00%,Janice Chen,(Democratic),168,AD 56,2025-11-06_10:53:59.012304
ED   68,99.00%,Marisa Arrabito,(Democratic),138,AD 56,2025-11-06_10:53:59.012304
ED   68,99.00%,WRITE-IN,&nbsp,0,AD 56,2025-11-06_10:53:59.012304
ED   69,90.00%,Janice Chen,(Democratic),494,AD 56,2025-11-06_10:53:59.012304
ED   69,90.00%,Marisa Arrabito,(Democratic),452,AD 56,2025-11-06_10:53:59.012304
ED   69,90.00%,WRITE-IN,&nbsp,3,AD 56,2025-11-06_10:53:59.012304
ED   70,99.00%,Janice Chen,(Democratic),86,AD 56,2025-11-06_10:53:59.012304
ED   70,99.00%,Marisa Arrabito,(Democratic),76,AD 56,2025-11-06_10:53:59.012304
ED   70,99.00%,WRITE-IN,&nbsp,0,AD 56,2025-11-06_10:53:59.012304
Total,,Janice Chen,(Democratic),27370,AD 56,2025-11-06_10:53:59.012304
Total,,Marisa Arrabito,(Democratic),25148,AD 56,2025-11-06_10:53:59.012304
Total,,WRITE-IN,&nbsp,206,AD 56,2025-11-06_10:53:59.012304
ED    1,99.00%,Janice Chen,(Democratic),181,AD 57,2025-11-06_10:53:59.012304
ED    1,99.00%,Marisa Arrabito,(Democratic),158,AD 57,2025-11-06_10:53:59.012304
ED    1,99.00%,WRITE-IN,&nbsp,4,AD 57,2025-11-06_10:53:59.012304
ED    2,99.00%,Janice Chen,(Democratic),205,AD 57,2025-11-06_10:53:59.012304
ED    2,99.00%,Marisa Arrabito,(Democratic),178,AD 57,2025-11-06_10:53:59.012304
ED    2,99.00%,WRITE-IN,&nbsp,0,AD 57,2025-11-06_10:53:59.012304
ED    3,99.00%,Janice Chen,(Democratic),215,AD 57,2025-11-06_10:53:59.012304
ED    3,99.00%,Marisa Arrabito,(Democratic),177,AD 57,2025-11-06_10:53:59.012304
ED    3,99.00%,WRITE-IN,&nbsp,0,AD 57,2025-11-06_10:53:59.012304
ED    4,99.00%,Janice Chen,(Democratic),212,AD 57,2025-11-06_10:53:59.012304
ED    4,99.00%,Marisa Arrabito,(Democratic),200,AD 57,2025-11-06_10:53:59.012304
ED    4,99.00%,WRITE-IN,&nbsp,0,AD 57,2025-11-06_10:53:59.012304
ED    5,99.00%,Janice Chen,(Democratic),107,AD 57,2025-11-06_10:53:59.012304
ED    5,99.00%,Marisa Arrabito,(Democratic),95,AD 57,2025-11-06_10:53:59.012304
ED    5,99.00%,WRITE-IN,&nbsp,0,AD 57,2025-11-06_10:53:59.012304
ED    6,99.00%,Janice Chen,(Democratic),138,AD 57,2025-11-06_10:53:59.012304
ED    6,99.00%,Marisa Arrabito,(Democratic),115,AD 57,2025-11-06_10:53:59.012304
ED    6,99.00%,WRITE-IN,&nbsp,2,AD 57,2025-11-06_10:53:59.012304
ED    7,99.00%,Janice Chen,(Democratic),151,AD 57,2025-11-06_10:53:59.012304
ED    7,99.00%,Marisa Arrabito,(Democratic),137,AD 57,2025-11-06_10:53:59.012304
ED    7,99.00%,WRITE-IN,&nbsp,2,AD 57,2025-11-06_10:53:59.012304
ED    8,99.00%,Janice Chen,(Democratic),611,AD 57,2025-11-06_10:53:59.012304
ED    8,99.00%,Marisa Arrabito,(Democratic),561,AD 57,2025-11-06_10:53:59.012304
ED    8,99.00%,WRITE-IN,&nbsp,10,AD 57,2025-11-06_10:53:59.012304
ED    9,99.00%,Janice Chen,(Democratic),480,AD 57,2025-11-06_10:53:59.012304
ED    9,99.00%,Marisa Arrabito,(Democratic),440,AD 57,2025-11-06_10:53:59.012304
ED    9,99.00%,WRITE-IN,&nbsp,3,AD 57,2025-11-06_10:53:59.012304
ED   10,99.00%,Janice Chen,(Democratic),772,AD 57,2025-11-06_10:53:59.012304
ED   10,99.00%,Marisa Arrabito,(Democratic),692,AD 57,2025-11-06_10:53:59.012304
ED   10,99.00%,WRITE-IN,&nbsp,7,AD 57,2025-11-06_10:53:59.012304
ED   11,99.00%,Janice Chen,(Democratic),694,AD 57,2025-11-06_10:53:59.012304
ED   11,99.00%,Marisa Arrabito,(Democratic),612,AD 57,2025-11-06_10:53:59.012304
ED   11,99.00%,WRITE-IN,&nbsp,2,AD 57,2025-11-06_10:53:59.012304
ED   12,99.00%,Janice Chen,(Democratic),136,AD 57,2025-11-06_10:53:59.012304
ED   12,99.00%,Marisa Arrabito,(Democratic),109,AD 57,2025-11-06_10:53:59.012304
ED   12,99.00%,WRITE-IN,&nbsp,3,AD 57,2025-11-06_10:53:59.012304
ED   13,99.00%,Janice Chen,(Democratic),219,AD 57,2025-11-06_10:53:59.012304
ED   13,99.00%,Marisa Arrabito,(Democratic),187,AD 57,2025-11-06_10:53:59.012304
ED   13,99.00%,WRITE-IN,&nbsp,20,AD 57,2025-11-06_10:53:59.012304
ED   14,99.00%,Janice Chen,(Democratic),182,AD 57,2025-11-06_10:53:59.012304
ED   14,99.00%,Marisa Arrabito,(Democratic),159,AD 57,2025-11-06_10:53:59.012304
ED   14,99.00%,WRITE-IN,&nbsp,13,AD 57,2025-11-06_10:53:59.012304
ED   15,99.00%,Janice Chen,(Democratic),534,AD 57,2025-11-06_10:53:59.012304
ED   15,99.00%,Marisa Arrabito,(Democratic),477,AD 57,2025-11-06_10:53:59.012304
ED   15,99.00%,WRITE-IN,&nbsp,8,AD 57,2025-11-06_10:53:59.012304
ED   16,99.00%,Janice Chen,(Democratic),632,AD 57,2025-11-06_10:53:59.012304
ED   16,99.00%,Marisa Arrabito,(Democratic),555,AD 57,2025-11-06_10:53:59.012304
ED   16,99.00%,WRITE-IN,&nbsp,11,AD 57,2025-11-06_10:53:59.012304
ED   17,99.00%,Janice Chen,(Democratic),721,AD 57,2025-11-06_10:53:59.012304
ED   17,99.00%,Marisa Arrabito,(Democratic),613,AD 57,2025-11-06_10:53:59.012304
ED   17,99.00%,WRITE-IN,&nbsp,6,AD 57,2025-11-06_10:53:59.012304
ED   18,99.00%,Janice Chen,(Democratic),315,AD 57,2025-11-06_10:53:59.012304
ED   18,99.00%,Marisa Arrabito,(Democratic),281,AD 57,2025-11-06_10:53:59.012304
ED   18,99.00%,WRITE-IN,&nbsp,6,AD 57,2025-11-06_10:53:59.012304
ED   19,99.00%,Janice Chen,(Democratic),541,AD 57,2025-11-06_10:53:59.012304
ED   19,99.00%,Marisa Arrabito,(Democratic),493,AD 57,2025-11-06_10:53:59.012304
ED   19,99.00%,WRITE-IN,&nbsp,4,AD 57,2025-11-06_10:53:59.012304
ED   20,99.00%,Janice Chen,(Democratic),589,AD 57,2025-11-06_10:53:59.012304
ED   20,99.00%,Marisa Arrabito,(Democratic),545,AD 57,2025-11-06_10:53:59.012304
ED   20,99.00%,WRITE-IN,&nbsp,7,AD 57,2025-11-06_10:53:59.012304
ED   21,99.00%,Janice Chen,(Democratic),567,AD 57,2025-11-06_10:53:59.012304
ED   21,99.00%,Marisa Arrabito,(Democratic),503,AD 57,2025-11-06_10:53:59.012304
ED   21,99.00%,WRITE-IN,&nbsp,5,AD 57,2025-11-06_10:53:59.012304
ED   22,99.00%,Janice Chen,(Democratic),688,AD 57,2025-11-06_10:53:59.012304
ED   22,99.00%,Marisa Arrabito,(Democratic),645,AD 57,2025-11-06_10:53:59.012304
ED   22,99.00%,WRITE-IN,&nbsp,7,AD 57,2025-11-06_10:53:59.012304
ED   23,99.00%,Janice Chen,(Democratic),677,AD 57,2025-11-06_10:53:59.012304
ED   23,99.00%,Marisa Arrabito,(Democratic),600,AD 57,2025-11-06_10:53:59.012304
ED   23,99.00%,WRITE-IN,&nbsp,9,AD 57,2025-11-06_10:53:59.012304
ED   24,99.00%,Janice Chen,(Democratic),365,AD 57,2025-11-06_10:53:59.012304
ED   24,99.00%,Marisa Arrabito,(Democratic),330,AD 57,2025-11-06_10:53:59.012304
ED   24,99.00%,WRITE-IN,&nbsp,2,AD 57,2025-11-06_10:53:59.012304
ED   25,99.00%,Janice Chen,(Democratic),310,AD 57,2025-11-06_10:53:59.012304
ED   25,99.00%,Marisa Arrabito,(Democratic),294,AD 57,2025-11-06_10:53:59.012304
ED   25,99.00%,WRITE-IN,&nbsp,9,AD 57,2025-11-06_10:53:59.012304
ED   26,88.89%,Janice Chen,(Democratic),417,AD 57,2025-11-06_10:53:59.012304
ED   26,88.89%,Marisa Arrabito,(Democratic),387,AD 57,2025-11-06_10:53:59.012304
ED   26,88.89%,WRITE-IN,&nbsp,5,AD 57,2025-11-06_10:53:59.012304
ED   27,99.00%,Janice Chen,(Democratic),676,AD 57,2025-11-06_10:53:59.012304
ED   27,99.00%,Marisa Arrabito,(Democratic),599,AD 57,2025-11-06_10:53:59.012304
ED   27,99.00%,WRITE-IN,&nbsp,4,AD 57,2025-11-06_10:53:59.012304
ED   28,88.89%,Janice Chen,(Democratic),607,AD 57,2025-11-06_10:53:59.012304
ED   28,88.89%,Marisa Arrabito,(Democratic),541,AD 57,2025-11-06_10:53:59.012304
ED   28,88.89%,WRITE-IN,&nbsp,7,AD 57,2025-11-06_10:53:59.012304
ED   29,99.00%,Janice Chen,(Democratic),585,AD 57,2025-11-06_10:53:59.012304
ED   29,99.00%,Marisa Arrabito,(Democratic),528,AD 57,2025-11-06_10:53:59.012304
ED   29,99.00%,WRITE-IN,&nbsp,5,AD 57,2025-11-06_10:53:59.012304
ED   30,99.00%,Janice Chen,(Democratic),656,AD 57,2025-11-06_10:53:59.012304
ED   30,99.00%,Marisa Arrabito,(Democratic),614,AD 57,2025-11-06_10:53:59.012304
ED   30,99.00%,WRITE-IN,&nbsp,5,AD 57,2025-11-06_10:53:59.012304
ED   31,99.00%,Janice Chen,(Democratic),308,AD 57,2025-11-06_10:53:59.012304
ED   31,99.00%,Marisa Arrabito,(Democratic),271,AD 57,2025-11-06_10:53:59.012304
ED   31,99.00%,WRITE-IN,&nbsp,2,AD 57,2025-11-06_10:53:59.012304
ED   32,90.00%,Janice Chen,(Democratic),539,AD 57,2025-11-06_10:53:59.012304
ED   32,90.00%,Marisa Arrabito,(Democratic),489,AD 57,2025-11-06_10:53:59.012304
ED   32,90.00%,WRITE-IN,&nbsp,8,AD 57,2025-11-06_10:53:59.012304
ED   33,90.00%,Janice Chen,(Democratic),648,AD 57,2025-11-06_10:53:59.012304
ED   33,90.00%,Marisa Arrabito,(Democratic),589,AD 57,2025-11-06_10:53:59.012304
ED   33,90.00%,WRITE-IN,&nbsp,2,AD 57,2025-11-06_10:53:59.012304
ED   34,80.00%,Janice Chen,(Democratic),657,AD 57,2025-11-06_10:53:59.012304
ED   34,80.00%,Marisa Arrabito,(Democratic),592,AD 57,2025-11-06_10:53:59.012304
ED   34,80.00%,WRITE-IN,&nbsp,0,AD 57,2025-11-06_10:53:59.012304
ED   35,85.71%,Janice Chen,(Democratic),591,AD 57,2025-11-06_10:53:59.012304
ED   35,85.71%,Marisa Arrabito,(Democratic),569,AD 57,2025-11-06_10:53:59.012304
ED   35,85.71%,WRITE-IN,&nbsp,2,AD 57,2025-11-06_10:53:59.012304
ED   36,90.00%,Janice Chen,(Democratic),698,AD 57,2025-11-06_10:53:59.012304
ED   36,90.00%,Marisa Arrabito,(Democratic),617,AD 57,2025-11-06_10:53:59.012304
ED   36,90.00%,WRITE-IN,&nbsp,0,AD 57,2025-11-06_10:53:59.012304
ED   37,90.00%,Janice Chen,(Democratic),702,AD 57,2025-11-06_10:53:59.012304
ED   37,90.00%,Marisa Arrabito,(Democratic),619,AD 57,2025-11-06_10:53:59.012304
ED   37,90.00%,WRITE-IN,&nbsp,17,AD 57,2025-11-06_10:53:59.012304
ED   38,88.89%,Janice Chen,(Democratic),501,AD 57,2025-11-06_10:53:59.012304
ED   38,88.89%,Marisa Arrabito,(Democratic),449,AD 57,2025-11-06_10:53:59.012304
ED   38,88.89%,WRITE-IN,&nbsp,0,AD 57,2025-11-06_10:53:59.012304
ED   39,90.00%,Janice Chen,(Democratic),394,AD 57,2025-11-06_10:53:59.012304
ED   39,90.00%,Marisa Arrabito,(Democratic),356,AD 57,2025-11-06_10:53:59.012304
ED   39,90.00%,WRITE-IN,&nbsp,5,AD 57,2025-11-06_10:53:59.012304
ED   40,88.89%,Janice Chen,(Democratic),366,AD 57,2025-11-06_10:53:59.012304
ED   40,88.89%,Marisa Arrabito,(Democratic),344,AD 57,2025-11-06_10:53:59.012304
ED   40,88.89%,WRITE-IN,&nbsp,2,AD 57,2025-11-06_10:53:59.012304
ED   41,87.50%,Janice Chen,(Democratic),374,AD 57,2025-11-06_10:53:59.012304
ED   41,87.50%,Marisa Arrabito,(Democratic),348,AD 57,2025-11-06_10:53:59.012304
ED   41,87.50%,WRITE-IN,&nbsp,0,AD 57,2025-11-06_10:53:59.012304
ED   42,87.50%,Janice Chen,(Democratic),342,AD 57,2025-11-06_10:53:59.012304
ED   42,87.50%,Marisa Arrabito,(Democratic),306,AD 57,2025-11-06_10:53:59.012304
ED   42,87.50%,WRITE-IN,&nbsp,1,AD 57,2025-11-06_10:53:59.012304
ED   43,99.00%,Janice Chen,(Democratic),806,AD 57,2025-11-06_10:53:59.012304
ED   43,99.00%,Marisa Arrabito,(Democratic),749,AD 57,2025-11-06_10:53:59.012304
ED   43,99.00%,WRITE-IN,&nbsp,2,AD 57,2025-11-06_10:53:59.012304
ED   44,99.00%,Janice Chen,(Democratic),610,AD 57,2025-11-06_10:53:59.012304
ED   44,99.00%,Marisa Arrabito,(Democratic),566,AD 57,2025-11-06_10:53:59.012304
ED   44,99.00%,WRITE-IN,&nbsp,2,AD 57,2025-11-06_10:53:59.012304
ED   45,99.00%,Janice Chen,(Democratic),500,AD 57,2025-11-06_10:53:59.012304
ED   45,99.00%,Marisa Arrabito,(Democratic),459,AD 57,2025-11-06_10:53:59.012304
ED   45,99.00%,WRITE-IN,&nbsp,2,AD 57,2025-11-06_10:53:59.012304
ED   46,90.00%,Janice Chen,(Democratic),604,AD 57,2025-11-06_10:53:59.012304
ED   46,90.00%,Marisa Arrabito,(Democratic),549,AD 57,2025-11-06_10:53:59.012304
ED   46,90.00%,WRITE-IN,&nbsp,2,AD 57,2025-11-06_10:53:59.012304
ED   47,90.00%,Janice Chen,(Democratic),703,AD 57,2025-11-06_10:53:59.012304
ED   47,90.00%,Marisa Arrabito,(Democratic),669,AD 57,2025-11-06_10:53:59.012304
ED   47,90.00%,WRITE-IN,&nbsp,4,AD 57,2025-11-06_10:53:59.012304
ED   48,88.89%,Janice Chen,(Democratic),728,AD 57,2025-11-06_10:53:59.012304
ED   48,88.89%,Marisa Arrabito,(Democratic),650,AD 57,2025-11-06_10:53:59.012304
ED   48,88.89%,WRITE-IN,&nbsp,12,AD 57,2025-11-06_10:53:59.012304
ED   49,90.00%,Janice Chen,(Democratic),768,AD 57,2025-11-06_10:53:59.012304
ED   49,90.00%,Marisa Arrabito,(Democratic),689,AD 57,2025-11-06_10:53:59.012304
ED   49,90.00%,WRITE-IN,&nbsp,5,AD 57,2025-11-06_10:53:59.012304
ED   50,90.00%,Janice Chen,(Democratic),631,AD 57,2025-11-06_10:53:59.012304
ED   50,90.00%,Marisa Arrabito,(Democratic),567,AD 57,2025-11-06_10:53:59.012304
ED   50,90.00%,WRITE-IN,&nbsp,0,AD 57,2025-11-06_10:53:59.012304
ED   51,90.00%,Janice Chen,(Democratic),809,AD 57,2025-11-06_10:53:59.012304
ED   51,90.00%,Marisa Arrabito,(Democratic),747,AD 57,2025-11-06_10:53:59.012304
ED   51,90.00%,WRITE-IN,&nbsp,8,AD 57,2025-11-06_10:53:59.012304
ED   52,88.89%,Janice Chen,(Democratic),556,AD 57,2025-11-06_10:53:59.012304
ED   52,88.89%,Marisa Arrabito,(Democratic),507,AD 57,2025-11-06_10:53:59.012304
ED   52,88.89%,WRITE-IN,&nbsp,1,AD 57,2025-11-06_10:53:59.012304
ED   53,88.89%,Janice Chen,(Democratic),407,AD 57,2025-11-06_10:53:59.012304
ED   53,88.89%,Marisa Arrabito,(Democratic),355,AD 57,2025-11-06_10:53:59.012304
ED   53,88.89%,WRITE-IN,&nbsp,3,AD 57,2025-11-06_10:53:59.012304
ED   54,88.89%,Janice Chen,(Democratic),488,AD 57,2025-11-06_10:53:59.012304
ED   54,88.89%,Marisa Arrabito,(Democratic),468,AD 57,2025-11-06_10:53:59.012304
ED   54,88.89%,WRITE-IN,&nbsp,5,AD 57,2025-11-06_10:53:59.012304
ED   55,87.50%,Janice Chen,(Democratic),618,AD 57,2025-11-06_10:53:59.012304
ED   55,87.50%,Marisa Arrabito,(Democratic),556,AD 57,2025-11-06_10:53:59.012304
ED   55,87.50%,WRITE-IN,&nbsp,8,AD 57,2025-11-06_10:53:59.012304
ED   56,99.00%,Janice Chen,(Democratic),599,AD 57,2025-11-06_10:53:59.012304
ED   56,99.00%,Marisa Arrabito,(Democratic),538,AD 57,2025-11-06_10:53:59.012304
ED   56,99.00%,WRITE-IN,&nbsp,8,AD 57,2025-11-06_10:53:59.012304
ED   57,99.00%,Janice Chen,(Democratic),579,AD 57,2025-11-06_10:53:59.012304
ED   57,99.00%,Marisa Arrabito,(Democratic),527,AD 57,2025-11-06_10:53:59.012304
ED   57,99.00%,WRITE-IN,&nbsp,17,AD 57,2025-11-06_10:53:59.012304
ED   58,87.50%,Janice Chen,(Democratic),515,AD 57,2025-11-06_10:53:59.012304
ED   58,87.50%,Marisa Arrabito,(Democratic),472,AD 57,2025-11-06_10:53:59.012304
ED   58,87.50%,WRITE-IN,&nbsp,2,AD 57,2025-11-06_10:53:59.012304
ED   59,99.00%,Janice Chen,(Democratic),491,AD 57,2025-11-06_10:53:59.012304
ED   59,99.00%,Marisa Arrabito,(Democratic),430,AD 57,2025-11-06_10:53:59.012304
ED   59,99.00%,WRITE-IN,&nbsp,6,AD 57,2025-11-06_10:53:59.012304
ED   60,99.00%,Janice Chen,(Democratic),801,AD 57,2025-11-06_10:53:59.012304
ED   60,99.00%,Marisa Arrabito,(Democratic),726,AD 57,2025-11-06_10:53:59.012304
ED   60,99.00%,WRITE-IN,&nbsp,7,AD 57,2025-11-06_10:53:59.012304
ED   61,99.00%,Janice Chen,(Democratic),662,AD 57,2025-11-06_10:53:59.012304
ED   61,99.00%,Marisa Arrabito,(Democratic),609,AD 57,2025-11-06_10:53:59.012304
ED   61,99.00%,WRITE-IN,&nbsp,2,AD 57,2025-11-06_10:53:59.012304
ED   62,99.00%,Janice Chen,(Democratic),443,AD 57,2025-11-06_10:53:59.012304
ED   62,99.00%,Marisa Arrabito,(Democratic),405,AD 57,2025-11-06_10:53:59.012304
ED   62,99.00%,WRITE-IN,&nbsp,2,AD 57,2025-11-06_10:53:59.012304
ED   63,99.00%,Janice Chen,(Democratic),594,AD 57,2025-11-06_10:53:59.012304
ED   63,99.00%,Marisa Arrabito,(Democratic),539,AD 57,2025-11-06_10:53:59.012304
ED   63,99.00%,WRITE-IN,&nbsp,10,AD 57,2025-11-06_10:53:59.012304
ED   64,33.33%,Janice Chen,(Democratic),125,AD 57,2025-11-06_10:53:59.012304
ED   64,33.33%,Marisa Arrabito,(Democratic),113,AD 57,2025-11-06_10:53:59.012304
ED   64,33.33%,WRITE-IN,&nbsp,2,AD 57,2025-11-06_10:53:59.012304
ED   65,33.33%,Janice Chen,(Democratic),130,AD 57,2025-11-06_10:53:59.012304
ED   65,33.33%,Marisa Arrabito,(Democratic),103,AD 57,2025-11-06_10:53:59.012304
ED   65,33.33%,WRITE-IN,&nbsp,2,AD 57,2025-11-06_10:53:59.012304
ED   66,33.33%,Janice Chen,(Democratic),184,AD 57,2025-11-06_10:53:59.012304
ED   66,33.33%,Marisa Arrabito,(Democratic),160,AD 57,2025-11-06_10:53:59.012304
ED   66,33.33%,WRITE-IN,&nbsp,2,AD 57,2025-11-06_10:53:59.012304
ED   67,88.89%,Janice Chen,(Democratic),49,AD 57,2025-11-06_10:53:59.012304
ED   67,88.89%,Marisa Arrabito,(Democratic),40,AD 57,2025-11-06_10:53:59.012304
ED   67,88.89%,WRITE-IN,&nbsp,0,AD 57,2025-11-06_10:53:59.012304
ED   68,88.89%,Janice Chen,(Democratic),249,AD 57,2025-11-06_10:53:59.012304
ED   68,88.89%,Marisa Arrabito,(Democratic),244,AD 57,2025-11-06_10:53:59.012304
ED   68,88.89%,WRITE-IN,&nbsp,2,AD 57,2025-11-06_10:53:59.012304
ED   69,99.00%,Janice Chen,(Democratic),92,AD 57,2025-11-06_10:53:59.012304
ED   69,99.00%,Marisa Arrabito,(Democratic),91,AD 57,2025-11-06_10:53:59.012304
ED   69,99.00%,WRITE-IN,&nbsp,2,AD 57,2025-11-06_10:53:59.012304
ED   70,33.33%,Janice Chen,(Democratic),214,AD 57,2025-11-06_10:53:59.012304
ED   70,33.33%,Marisa Arrabito,(Democratic),190,AD 57,2025-11-06_10:53:59.012304
ED   70,33.33%,WRITE-IN,&nbsp,2,AD 57,2025-11-06_10:53:59.012304
ED   71,99.00%,Janice Chen,(Democratic),188,AD 57,2025-11-06_10:53:59.012304
ED   71,99.00%,Marisa Arrabito,(Democratic),163,AD 57,2025-11-06_10:53:59.012304
ED   71,99.00%,WRITE-IN,&nbsp,15,AD 57,2025-11-06_10:53:59.012304
ED   72,99.00%,Janice Chen,(Democratic),192,AD 57,2025-11-06_10:53:59.012304
ED   72,99.00%,Marisa Arrabito,(Democratic),190,AD 57,2025-11-06_10:53:59.012304
ED   72,99.00%,WRITE-IN,&nbsp,2,AD 57,2025-11-06_10:53:59.012304
ED   73,99.00%,Janice Chen,(Democratic),681,AD 57,2025-11-06_10:53:59.012304
ED   73,99.00%,Marisa Arrabito,(Democratic),598,AD 57,2025-11-06_10:53:59.012304
ED   73,99.00%,WRITE-IN,&nbsp,4,AD 57,2025-11-06_10:53:59.012304
ED   74,99.00%,Janice Chen,(Democratic),458,AD 57,2025-11-06_10:53:59.012304
ED   74,99.00%,Marisa Arrabito,(Democratic),422,AD 57,2025-11-06_10:53:59.012304
ED   74,99.00%,WRITE-IN,&nbsp,8,AD 57,2025-11-06_10:53:59.012304
ED   75,99.00%,Janice Chen,(Democratic),21,AD 57,2025-11-06_10:53:59.012304
ED   75,99.00%,Marisa Arrabito,(Democratic),18,AD 57,2025-11-06_10:53:59.012304
ED   75,99.00%,WRITE-IN,&nbsp,0,AD 57,2025-11-06_10:53:59.012304
ED   76,99.00%,Janice Chen,(Democratic),9,AD 57,2025-11-06_10:53:59.012304
ED   76,99.00%,Marisa Arrabito,(Democratic),8,AD 57,2025-11-06_10:53:59.012304
ED   76,99.00%,WRITE-IN,&nbsp,0,AD 57,2025-11-06_10:53:59.012304
ED   77,88.89%,Janice Chen,(Democratic),0,AD 57,2025-11-06_10:53:59.012304
ED   77,88.89%,Marisa Arrabito,(Democratic),0,AD 57,2025-11-06_10:53:59.012304
ED   77,88.89%,WRITE-IN,&nbsp,0,AD 57,2025-11-06_10:53:59.012304
ED   78,99.00%,Janice Chen,(Democratic),0,AD 57,2025-11-06_10:53:59.012304
ED   78,99.00%,Marisa Arrabito,(Democratic),0,AD 57,2025-11-06_10:53:59.012304
ED   78,99.00%,WRITE-IN,&nbsp,0,AD 57,2025-11-06_10:53:59.012304
ED   79,99.00%,Janice Chen,(Democratic),0,AD 57,2025-11-06_10:53:59.012304
ED   79,99.00%,Marisa Arrabito,(Democratic),0,AD 57,2025-11-06_10:53:59.012304
ED   79,99.00%,WRITE-IN,&nbsp,0,AD 57,2025-11-06_10:53:59.012304
ED   80,99.00%,Janice Chen,(Democratic),0,AD 57,2025-11-06_10:53:59.012304
ED   80,99.00%,Marisa Arrabito,(Democratic),0,AD 57,2025-11-06_10:53:59.012304
ED   80,99.00%,WRITE-IN,&nbsp,0,AD 57,2025-11-06_10:53:59.012304
ED   81,99.00%,Janice Chen,(Democratic),0,AD 57,2025-11-06_10:53:59.012304
ED   81,99.00%,Marisa Arrabito,(Democratic),0,AD 57,2025-11-06_10:53:59.012304
ED   81,99.00%,WRITE-IN,&nbsp,0,AD 57,2025-11-06_10:53:59.012304
Total,,Janice Chen,(Democratic),34807,AD 57,2025-11-06_10:53:59.012304
Total,,Marisa Arrabito,(Democratic),31491,AD 57,2025-11-06_10:53:59.012304
Total,,WRITE-IN,&nbsp,354,AD 57,2025-11-06_10:53:59.012304
ED    1,99.00%,Janice Chen,(Democratic),228,AD 58,2025-11-06_10:53:59.012304
ED    1,99.00%,Marisa Arrabito,(Democratic),204,AD 58,2025-11-06_10:53:59.012304
ED    1,99.00%,WRITE-IN,&nbsp,2,AD 58,2025-11-06_10:53:59.012304
ED    2,99.00%,Janice Chen,(Democratic),251,AD 58,2025-11-06_10:53:59.012304
ED    2,99.00%,Marisa Arrabito,(Democratic),226,AD 58,2025-11-06_10:53:59.012304
ED    2,99.00%,WRITE-IN,&nbsp,1,AD 58,2025-11-06_10:53:59.012304
ED    3,99.00%,Janice Chen,(Democratic),392,AD 58,2025-11-06_10:53:59.012304
ED    3,99.00%,Marisa Arrabito,(Democratic),340,AD 58,2025-11-06_10:53:59.012304
ED    3,99.00%,WRITE-IN,&nbsp,4,AD 58,2025-11-06_10:53:59.012304
ED    4,99.00%,Janice Chen,(Democratic),232,AD 58,2025-11-06_10:53:59.012304
ED    4,99.00%,Marisa Arrabito,(Democratic),207,AD 58,2025-11-06_10:53:59.012304
ED    4,99.00%,WRITE-IN,&nbsp,0,AD 58,2025-11-06_10:53:59.012304
ED    5,99.00%,Janice Chen,(Democratic),263,AD 58,2025-11-06_10:53:59.012304
ED    5,99.00%,Marisa Arrabito,(Democratic),230,AD 58,2025-11-06_10:53:59.012304
ED    5,99.00%,WRITE-IN,&nbsp,0,AD 58,2025-11-06_10:53:59.012304
ED    6,99.00%,Janice Chen,(Democratic),236,AD 58,2025-11-06_10:53:59.012304
ED    6,99.00%,Marisa Arrabito,(Democratic),204,AD 58,2025-11-06_10:53:59.012304
ED    6,99.00%,WRITE-IN,&nbsp,3,AD 58,2025-11-06_10:53:59.012304
ED    7,99.00%,Janice Chen,(Democratic),318,AD 58,2025-11-06_10:53:59.012304
ED    7,99.00%,Marisa Arrabito,(Democratic),269,AD 58,2025-11-06_10:53:59.012304
ED    7,99.00%,WRITE-IN,&nbsp,0,AD 58,2025-11-06_10:53:59.012304
ED    8,99.00%,Janice Chen,(Democratic),319,AD 58,2025-11-06_10:53:59.012304
ED    8,99.00%,Marisa Arrabito,(Democratic),288,AD 58,2025-11-06_10:53:59.012304
ED    8,99.00%,WRITE-IN,&nbsp,2,AD 58,2025-11-06_10:53:59.012304
ED    9,99.00%,Janice Chen,(Democratic),285,AD 58,2025-11-06_10:53:59.012304
ED    9,99.00%,Marisa Arrabito,(Democratic),256,AD 58,2025-11-06_10:53:59.012304
ED    9,99.00%,WRITE-IN,&nbsp,2,AD 58,2025-11-06_10:53:59.012304
ED   10,99.00%,Janice Chen,(Democratic),248,AD 58,2025-11-06_10:53:59.012304
ED   10,99.00%,Marisa Arrabito,(Democratic),238,AD 58,2025-11-06_10:53:59.012304
ED   10,99.00%,WRITE-IN,&nbsp,0,AD 58,2025-11-06_10:53:59.012304
ED   11,99.00%,Janice Chen,(Democratic),402,AD 58,2025-11-06_10:53:59.012304
ED   11,99.00%,Marisa Arrabito,(Democratic),360,AD 58,2025-11-06_10:53:59.012304
ED   11,99.00%,WRITE-IN,&nbsp,2,AD 58,2025-11-06_10:53:59.012304
ED   12,99.00%,Janice Chen,(Democratic),266,AD 58,2025-11-06_10:53:59.012304
ED   12,99.00%,Marisa Arrabito,(Democratic),243,AD 58,2025-11-06_10:53:59.012304
ED   12,99.00%,WRITE-IN,&nbsp,2,AD 58,2025-11-06_10:53:59.012304
ED   13,99.00%,Janice Chen,(Democratic),391,AD 58,2025-11-06_10:53:59.012304
ED   13,99.00%,Marisa Arrabito,(Democratic),341,AD 58,2025-11-06_10:53:59.012304
ED   13,99.00%,WRITE-IN,&nbsp,7,AD 58,2025-11-06_10:53:59.012304
ED   14,99.00%,Janice Chen,(Democratic),307,AD 58,2025-11-06_10:53:59.012304
ED   14,99.00%,Marisa Arrabito,(Democratic),274,AD 58,2025-11-06_10:53:59.012304
ED   14,99.00%,WRITE-IN,&nbsp,0,AD 58,2025-11-06_10:53:59.012304
ED   15,99.00%,Janice Chen,(Democratic),344,AD 58,2025-11-06_10:53:59.012304
ED   15,99.00%,Marisa Arrabito,(Democratic),298,AD 58,2025-11-06_10:53:59.012304
ED   15,99.00%,WRITE-IN,&nbsp,2,AD 58,2025-11-06_10:53:59.012304
ED   16,99.00%,Janice Chen,(Democratic),276,AD 58,2025-11-06_10:53:59.012304
ED   16,99.00%,Marisa Arrabito,(Democratic),259,AD 58,2025-11-06_10:53:59.012304
ED   16,99.00%,WRITE-IN,&nbsp,0,AD 58,2025-11-06_10:53:59.012304
ED   17,99.00%,Janice Chen,(Democratic),295,AD 58,2025-11-06_10:53:59.012304
ED   17,99.00%,Marisa Arrabito,(Democratic),261,AD 58,2025-11-06_10:53:59.012304
ED   17,99.00%,WRITE-IN,&nbsp,2,AD 58,2025-11-06_10:53:59.012304
ED   18,99.00%,Janice Chen,(Democratic),348,AD 58,2025-11-06_10:53:59.012304
ED   18,99.00%,Marisa Arrabito,(Democratic),315,AD 58,2025-11-06_10:53:59.012304
ED   18,99.00%,WRITE-IN,&nbsp,0,AD 58,2025-11-06_10:53:59.012304
ED   19,99.00%,Janice Chen,(Democratic),240,AD 58,2025-11-06_10:53:59.012304
ED   19,99.00%,Marisa Arrabito,(Democratic),222,AD 58,2025-11-06_10:53:59.012304
ED   19,99.00%,WRITE-IN,&nbsp,0,AD 58,2025-11-06_10:53:59.012304
ED   20,99.00%,Janice Chen,(Democratic),210,AD 58,2025-11-06_10:53:59.012304
ED   20,99.00%,Marisa Arrabito,(Democratic),181,AD 58,2025-11-06_10:53:59.012304
ED   20,99.00%,WRITE-IN,&nbsp,0,AD 58,2025-11-06_10:53:59.012304
ED   21,99.00%,Janice Chen,(Democratic),265,AD 58,2025-11-06_10:53:59.012304
ED   21,99.00%,Marisa Arrabito,(Democratic),226,AD 58,2025-11-06_10:53:59.012304
ED   21,99.00%,WRITE-IN,&nbsp,3,AD 58,2025-11-06_10:53:59.012304
ED   22,99.00%,Janice Chen,(Democratic),90,AD 58,2025-11-06_10:53:59.012304
ED   22,99.00%,Marisa Arrabito,(Democratic),76,AD 58,2025-11-06_10:53:59.012304
ED   22,99.00%,WRITE-IN,&nbsp,0,AD 58,2025-11-06_10:53:59.012304
ED   23,99.00%,Janice Chen,(Democratic),259,AD 58,2025-11-06_10:53:59.012304
ED   23,99.00%,Marisa Arrabito,(Democratic),232,AD 58,2025-11-06_10:53:59.012304
ED   23,99.00%,WRITE-IN,&nbsp,0,AD 58,2025-11-06_10:53:59.012304
ED   24,99.00%,Janice Chen,(Democratic),10,AD 58,2025-11-06_10:53:59.012304
ED   24,99.00%,Marisa Arrabito,(Democratic),6,AD 58,2025-11-06_10:53:59.012304
ED   24,99.00%,WRITE-IN,&nbsp,0,AD 58,2025-11-06_10:53:59.012304
ED   25,99.00%,Janice Chen,(Democratic),338,AD 58,2025-11-06_10:53:59.012304
ED   25,99.00%,Marisa Arrabito,(Democratic),309,AD 58,2025-11-06_10:53:59.012304
ED   25,99.00%,WRITE-IN,&nbsp,0,AD 58,2025-11-06_10:53:59.012304
ED   26,99.00%,Janice Chen,(Democratic),297,AD 58,2025-11-06_10:53:59.012304
ED   26,99.00%,Marisa Arrabito,(Democratic),268,AD 58,2025-11-06_10:53:59.012304
ED   26,99.00%,WRITE-IN,&nbsp,2,AD 58,2025-11-06_10:53:59.012304
ED   27,99.00%,Janice Chen,(Democratic),320,AD 58,2025-11-06_10:53:59.012304
ED   27,99.00%,Marisa Arrabito,(Democratic),285,AD 58,2025-11-06_10:53:59.012304
ED   27,99.00%,WRITE-IN,&nbsp,2,AD 58,2025-11-06_10:53:59.012304
ED   28,99.00%,Janice Chen,(Democratic),403,AD 58,2025-11-06_10:53:59.012304
ED   28,99.00%,Marisa Arrabito,(Democratic),356,AD 58,2025-11-06_10:53:59.012304
ED   28,99.00%,WRITE-IN,&nbsp,1,AD 58,2025-11-06_10:53:59.012304
ED   29,99.00%,Janice Chen,(Democratic),334,AD 58,2025-11-06_10:53:59.012304
ED   29,99.00%,Marisa Arrabito,(Democratic),289,AD 58,2025-11-06_10:53:59.012304
ED   29,99.00%,WRITE-IN,&nbsp,2,AD 58,2025-11-06_10:53:59.012304
ED   30,99.00%,Janice Chen,(Democratic),214,AD 58,2025-11-06_10:53:59.012304
ED   30,99.00%,Marisa Arrabito,(Democratic),183,AD 58,2025-11-06_10:53:59.012304
ED   30,99.00%,WRITE-IN,&nbsp,2,AD 58,2025-11-06_10:53:59.012304
ED   31,99.00%,Janice Chen,(Democratic),241,AD 58,2025-11-06_10:53:59.012304
ED   31,99.00%,Marisa Arrabito,(Democratic),213,AD 58,2025-11-06_10:53:59.012304
ED   31,99.00%,WRITE-IN,&nbsp,0,AD 58,2025-11-06_10:53:59.012304
ED   32,99.00%,Janice Chen,(Democratic),338,AD 58,2025-11-06_10:53:59.012304
ED   32,99.00%,Marisa Arrabito,(Democratic),313,AD 58,2025-11-06_10:53:59.012304
ED   32,99.00%,WRITE-IN,&nbsp,0,AD 58,2025-11-06_10:53:59.012304
ED   33,99.00%,Janice Chen,(Democratic),311,AD 58,2025-11-06_10:53:59.012304
ED   33,99.00%,Marisa Arrabito,(Democratic),285,AD 58,2025-11-06_10:53:59.012304
ED   33,99.00%,WRITE-IN,&nbsp,2,AD 58,2025-11-06_10:53:59.012304
ED   34,99.00%,Janice Chen,(Democratic),354,AD 58,2025-11-06_10:53:59.012304
ED   34,99.00%,Marisa Arrabito,(Democratic),319,AD 58,2025-11-06_10:53:59.012304
ED   34,99.00%,WRITE-IN,&nbsp,0,AD 58,2025-11-06_10:53:59.012304
ED   35,99.00%,Janice Chen,(Democratic),443,AD 58,2025-11-06_10:53:59.012304
ED   35,99.00%,Marisa Arrabito,(Democratic),387,AD 58,2025-11-06_10:53:59.012304
ED   35,99.00%,WRITE-IN,&nbsp,1,AD 58,2025-11-06_10:53:59.012304
ED   36,99.00%,Janice Chen,(Democratic),299,AD 58,2025-11-06_10:53:59.012304
ED   36,99.00%,Marisa Arrabito,(Democratic),265,AD 58,2025-11-06_10:53:59.012304
ED   36,99.00%,WRITE-IN,&nbsp,0,AD 58,2025-11-06_10:53:59.012304
ED   37,99.00%,Janice Chen,(Democratic),397,AD 58,2025-11-06_10:53:59.012304
ED   37,99.00%,Marisa Arrabito,(Democratic),360,AD 58,2025-11-06_10:53:59.012304
ED   37,99.00%,WRITE-IN,&nbsp,2,AD 58,2025-11-06_10:53:59.012304
ED   38,99.00%,Janice Chen,(Democratic),285,AD 58,2025-11-06_10:53:59.012304
ED   38,99.00%,Marisa Arrabito,(Democratic),245,AD 58,2025-11-06_10:53:59.012304
ED   38,99.00%,WRITE-IN,&nbsp,1,AD 58,2025-11-06_10:53:59.012304
ED   39,99.00%,Janice Chen,(Democratic),289,AD 58,2025-11-06_10:53:59.012304
ED   39,99.00%,Marisa Arrabito,(Democratic),264,AD 58,2025-11-06_10:53:59.012304
ED   39,99.00%,WRITE-IN,&nbsp,0,AD 58,2025-11-06_10:53:59.012304
ED   40,99.00%,Janice Chen,(Democratic),385,AD 58,2025-11-06_10:53:59.012304
ED   40,99.00%,Marisa Arrabito,(Democratic),339,AD 58,2025-11-06_10:53:59.012304
ED   40,99.00%,WRITE-IN,&nbsp,4,AD 58,2025-11-06_10:53:59.012304
ED   41,99.00%,Janice Chen,(Democratic),341,AD 58,2025-11-06_10:53:59.012304
ED   41,99.00%,Marisa Arrabito,(Democratic),297,AD 58,2025-11-06_10:53:59.012304
ED   41,99.00%,WRITE-IN,&nbsp,5,AD 58,2025-11-06_10:53:59.012304
ED   42,99.00%,Janice Chen,(Democratic),358,AD 58,2025-11-06_10:53:59.012304
ED   42,99.00%,Marisa Arrabito,(Democratic),328,AD 58,2025-11-06_10:53:59.012304
ED   42,99.00%,WRITE-IN,&nbsp,5,AD 58,2025-11-06_10:53:59.012304
ED   43,99.00%,Janice Chen,(Democratic),302,AD 58,2025-11-06_10:53:59.012304
ED   43,99.00%,Marisa Arrabito,(Democratic),260,AD 58,2025-11-06_10:53:59.012304
ED   43,99.00%,WRITE-IN,&nbsp,2,AD 58,2025-11-06_10:53:59.012304
ED   44,99.00%,Janice Chen,(Democratic),352,AD 58,2025-11-06_10:53:59.012304
ED   44,99.00%,Marisa Arrabito,(Democratic),306,AD 58,2025-11-06_10:53:59.012304
ED   44,99.00%,WRITE-IN,&nbsp,3,AD 58,2025-11-06_10:53:59.012304
ED   45,99.00%,Janice Chen,(Democratic),279,AD 58,2025-11-06_10:53:59.012304
ED   45,99.00%,Marisa Arrabito,(Democratic),251,AD 58,2025-11-06_10:53:59.012304
ED   45,99.00%,WRITE-IN,&nbsp,0,AD 58,2025-11-06_10:53:59.012304
ED   46,99.00%,Janice Chen,(Democratic),160,AD 58,2025-11-06_10:53:59.012304
ED   46,99.00%,Marisa Arrabito,(Democratic),141,AD 58,2025-11-06_10:53:59.012304
ED   46,99.00%,WRITE-IN,&nbsp,0,AD 58,2025-11-06_10:53:59.012304
ED   47,99.00%,Janice Chen,(Democratic),41,AD 58,2025-11-06_10:53:59.012304
ED   47,99.00%,Marisa Arrabito,(Democratic),33,AD 58,2025-11-06_10:53:59.012304
ED   47,99.00%,WRITE-IN,&nbsp,2,AD 58,2025-11-06_10:53:59.012304
ED   48,99.00%,Janice Chen,(Democratic),160,AD 58,2025-11-06_10:53:59.012304
ED   48,99.00%,Marisa Arrabito,(Democratic),158,AD 58,2025-11-06_10:53:59.012304
ED   48,99.00%,WRITE-IN,&nbsp,0,AD 58,2025-11-06_10:53:59.012304
ED   49,99.00%,Janice Chen,(Democratic),244,AD 58,2025-11-06_10:53:59.012304
ED   49,99.00%,Marisa Arrabito,(Democratic),221,AD 58,2025-11-06_10:53:59.012304
ED   49,99.00%,WRITE-IN,&nbsp,0,AD 58,2025-11-06_10:53:59.012304
ED   50,99.00%,Janice Chen,(Democratic),250,AD 58,2025-11-06_10:53:59.012304
ED   50,99.00%,Marisa Arrabito,(Democratic),212,AD 58,2025-11-06_10:53:59.012304
ED   50,99.00%,WRITE-IN,&nbsp,0,AD 58,2025-11-06_10:53:59.012304
ED   51,99.00%,Janice Chen,(Democratic),287,AD 58,2025-11-06_10:53:59.012304
ED   51,99.00%,Marisa Arrabito,(Democratic),249,AD 58,2025-11-06_10:53:59.012304
ED   51,99.00%,WRITE-IN,&nbsp,0,AD 58,2025-11-06_10:53:59.012304
ED   52,99.00%,Janice Chen,(Democratic),317,AD 58,2025-11-06_10:53:59.012304
ED   52,99.00%,Marisa Arrabito,(Democratic),274,AD 58,2025-11-06_10:53:59.012304
ED   52,99.00%,WRITE-IN,&nbsp,1,AD 58,2025-11-06_10:53:59.012304
ED   53,99.00%,Janice Chen,(Democratic),463,AD 58,2025-11-06_10:53:59.012304
ED   53,99.00%,Marisa Arrabito,(Democratic),382,AD 58,2025-11-06_10:53:59.012304
ED   53,99.00%,WRITE-IN,&nbsp,3,AD 58,2025-11-06_10:53:59.012304
ED   54,99.00%,Janice Chen,(Democratic),112,AD 58,2025-11-06_10:53:59.012304
ED   54,99.00%,Marisa Arrabito,(Democratic),103,AD 58,2025-11-06_10:53:59.012304
ED   54,99.00%,WRITE-IN,&nbsp,0,AD 58,2025-11-06_10:53:59.012304
ED   55,99.00%,Janice Chen,(Democratic),212,AD 58,2025-11-06_10:53:59.012304
ED   55,99.00%,Marisa Arrabito,(Democratic),198,AD 58,2025-11-06_10:53:59.012304
ED   55,99.00%,WRITE-IN,&nbsp,0,AD 58,2025-11-06_10:53:59.012304
ED   56,99.00%,Janice Chen,(Democratic),255,AD 58,2025-11-06_10:53:59.012304
ED   56,99.00%,Marisa Arrabito,(Democratic),223,AD 58,2025-11-06_10:53:59.012304
ED   56,99.00%,WRITE-IN,&nbsp,0,AD 58,2025-11-06_10:53:59.012304
ED   57,99.00%,Janice Chen,(Democratic),364,AD 58,2025-11-06_10:53:59.012304
ED   57,99.00%,Marisa Arrabito,(Democratic),347,AD 58,2025-11-06_10:53:59.012304
ED   57,99.00%,WRITE-IN,&nbsp,0,AD 58,2025-11-06_10:53:59.012304
ED   58,99.00%,Janice Chen,(Democratic),439,AD 58,2025-11-06_10:53:59.012304
ED   58,99.00%,Marisa Arrabito,(Democratic),389,AD 58,2025-11-06_10:53:59.012304
ED   58,99.00%,WRITE-IN,&nbsp,5,AD 58,2025-11-06_10:53:59.012304
ED   59,99.00%,Janice Chen,(Democratic),414,AD 58,2025-11-06_10:53:59.012304
ED   59,99.00%,Marisa Arrabito,(Democratic),369,AD 58,2025-11-06_10:53:59.012304
ED   59,99.00%,WRITE-IN,&nbsp,1,AD 58,2025-11-06_10:53:59.012304
ED   60,90.00%,Janice Chen,(Democratic),409,AD 58,2025-11-06_10:53:59.012304
ED   60,90.00%,Marisa Arrabito,(Democratic),370,AD 58,2025-11-06_10:53:59.012304
ED   60,90.00%,WRITE-IN,&nbsp,0,AD 58,2025-11-06_10:53:59.012304
ED   61,99.00%,Janice Chen,(Democratic),288,AD 58,2025-11-06_10:53:59.012304
ED   61,99.00%,Marisa Arrabito,(Democratic),251,AD 58,2025-11-06_10:53:59.012304
ED   61,99.00%,WRITE-IN,&nbsp,1,AD 58,2025-11-06_10:53:59.012304
ED   62,90.00%,Janice Chen,(Democratic),359,AD 58,2025-11-06_10:53:59.012304
ED   62,90.00%,Marisa Arrabito,(Democratic),330,AD 58,2025-11-06_10:53:59.012304
ED   62,90.00%,WRITE-IN,&nbsp,1,AD 58,2025-11-06_10:53:59.012304
ED   63,90.00%,Janice Chen,(Democratic),355,AD 58,2025-11-06_10:53:59.012304
ED   63,90.00%,Marisa Arrabito,(Democratic),317,AD 58,2025-11-06_10:53:59.012304
ED   63,90.00%,WRITE-IN,&nbsp,0,AD 58,2025-11-06_10:53:59.012304
ED   64,99.00%,Janice Chen,(Democratic),151,AD 58,2025-11-06_10:53:59.012304
ED   64,99.00%,Marisa Arrabito,(Democratic),126,AD 58,2025-11-06_10:53:59.012304
ED   64,99.00%,WRITE-IN,&nbsp,0,AD 58,2025-11-06_10:53:59.012304
ED   65,99.00%,Janice Chen,(Democratic),0,AD 58,2025-11-06_10:53:59.012304
ED   65,99.00%,Marisa Arrabito,(Democratic),0,AD 58,2025-11-06_10:53:59.012304
ED   65,99.00%,WRITE-IN,&nbsp,0,AD 58,2025-11-06_10:53:59.012304
ED   66,99.00%,Janice Chen,(Democratic),0,AD 58,2025-11-06_10:53:59.012304
ED   66,99.00%,Marisa Arrabito,(Democratic),0,AD 58,2025-11-06_10:53:59.012304
ED   66,99.00%,WRITE-IN,&nbsp,0,AD 58,2025-11-06_10:53:59.012304
ED   67,99.00%,Janice Chen,(Democratic),0,AD 58,2025-11-06_10:53:59.012304
ED   67,99.00%,Marisa Arrabito,(Democratic),0,AD 58,2025-11-06_10:53:59.012304
ED   67,99.00%,WRITE-IN,&nbsp,0,AD 58,2025-11-06_10:53:59.012304
Total,,Janice Chen,(Democratic),18635,AD 58,2025-11-06_10:53:59.012304
Total,,Marisa Arrabito,(Democratic),16571,AD 58,2025-11-06_10:53:59.012304
Total,,WRITE-IN,&nbsp,80,AD 58,2025-11-06_10:53:59.012304
ED    1,99.00%,Janice Chen,(Democratic),157,AD 59,2025-11-06_10:53:59.012304
ED    1,99.00%,Marisa Arrabito,(Democratic),150,AD 59,2025-11-06_10:53:59.012304
ED    1,99.00%,WRITE-IN,&nbsp,0,AD 59,2025-11-06_10:53:59.012304
ED    2,99.00%,Janice Chen,(Democratic),287,AD 59,2025-11-06_10:53:59.012304
ED    2,99.00%,Marisa Arrabito,(Democratic),246,AD 59,2025-11-06_10:53:59.012304
ED    2,99.00%,WRITE-IN,&nbsp,5,AD 59,2025-11-06_10:53:59.012304
ED    3,99.00%,Janice Chen,(Democratic),418,AD 59,2025-11-06_10:53:59.012304
ED    3,99.00%,Marisa Arrabito,(Democratic),362,AD 59,2025-11-06_10:53:59.012304
ED    3,99.00%,WRITE-IN,&nbsp,5,AD 59,2025-11-06_10:53:59.012304
ED    4,99.00%,Janice Chen,(Democratic),436,AD 59,2025-11-06_10:53:59.012304
ED    4,99.00%,Marisa Arrabito,(Democratic),406,AD 59,2025-11-06_10:53:59.012304
ED    4,99.00%,WRITE-IN,&nbsp,0,AD 59,2025-11-06_10:53:59.012304
ED    5,99.00%,Janice Chen,(Democratic),396,AD 59,2025-11-06_10:53:59.012304
ED    5,99.00%,Marisa Arrabito,(Democratic),362,AD 59,2025-11-06_10:53:59.012304
ED    5,99.00%,WRITE-IN,&nbsp,2,AD 59,2025-11-06_10:53:59.012304
ED    6,99.00%,Janice Chen,(Democratic),386,AD 59,2025-11-06_10:53:59.012304
ED    6,99.00%,Marisa Arrabito,(Democratic),353,AD 59,2025-11-06_10:53:59.012304
ED    6,99.00%,WRITE-IN,&nbsp,0,AD 59,2025-11-06_10:53:59.012304
ED    7,99.00%,Janice Chen,(Democratic),437,AD 59,2025-11-06_10:53:59.012304
ED    7,99.00%,Marisa Arrabito,(Democratic),376,AD 59,2025-11-06_10:53:59.012304
ED    7,99.00%,WRITE-IN,&nbsp,2,AD 59,2025-11-06_10:53:59.012304
ED    8,88.89%,Janice Chen,(Democratic),337,AD 59,2025-11-06_10:53:59.012304
ED    8,88.89%,Marisa Arrabito,(Democratic),323,AD 59,2025-11-06_10:53:59.012304
ED    8,88.89%,WRITE-IN,&nbsp,2,AD 59,2025-11-06_10:53:59.012304
ED    9,88.89%,Janice Chen,(Democratic),398,AD 59,2025-11-06_10:53:59.012304
ED    9,88.89%,Marisa Arrabito,(Democratic),347,AD 59,2025-11-06_10:53:59.012304
ED    9,88.89%,WRITE-IN,&nbsp,4,AD 59,2025-11-06_10:53:59.012304
ED   10,90.00%,Janice Chen,(Democratic),364,AD 59,2025-11-06_10:53:59.012304
ED   10,90.00%,Marisa Arrabito,(Democratic),315,AD 59,2025-11-06_10:53:59.012304
ED   10,90.00%,WRITE-IN,&nbsp,0,AD 59,2025-11-06_10:53:59.012304
ED   11,90.00%,Janice Chen,(Democratic),344,AD 59,2025-11-06_10:53:59.012304
ED   11,90.00%,Marisa Arrabito,(Democratic),305,AD 59,2025-11-06_10:53:59.012304
ED   11,90.00%,WRITE-IN,&nbsp,4,AD 59,2025-11-06_10:53:59.012304
ED   12,88.89%,Janice Chen,(Democratic),334,AD 59,2025-11-06_10:53:59.012304
ED   12,88.89%,Marisa Arrabito,(Democratic),308,AD 59,2025-11-06_10:53:59.012304
ED   12,88.89%,WRITE-IN,&nbsp,1,AD 59,2025-11-06_10:53:59.012304
ED   13,88.89%,Janice Chen,(Democratic),362,AD 59,2025-11-06_10:53:59.012304
ED   13,88.89%,Marisa Arrabito,(Democratic),325,AD 59,2025-11-06_10:53:59.012304
ED   13,88.89%,WRITE-IN,&nbsp,0,AD 59,2025-11-06_10:53:59.012304
ED   14,88.89%,Janice Chen,(Democratic),239,AD 59,2025-11-06_10:53:59.012304
ED   14,88.89%,Marisa Arrabito,(Democratic),213,AD 59,2025-11-06_10:53:59.012304
ED   14,88.89%,WRITE-IN,&nbsp,1,AD 59,2025-11-06_10:53:59.012304
ED   15,99.00%,Janice Chen,(Democratic),224,AD 59,2025-11-06_10:53:59.012304
ED   15,99.00%,Marisa Arrabito,(Democratic),202,AD 59,2025-11-06_10:53:59.012304
ED   15,99.00%,WRITE-IN,&nbsp,1,AD 59,2025-11-06_10:53:59.012304
ED   16,99.00%,Janice Chen,(Democratic),311,AD 59,2025-11-06_10:53:59.012304
ED   16,99.00%,Marisa Arrabito,(Democratic),281,AD 59,2025-11-06_10:53:59.012304
ED   16,99.00%,WRITE-IN,&nbsp,6,AD 59,2025-11-06_10:53:59.012304
ED   17,99.00%,Janice Chen,(Democratic),443,AD 59,2025-11-06_10:53:59.012304
ED   17,99.00%,Marisa Arrabito,(Democratic),393,AD 59,2025-11-06_10:53:59.012304
ED   17,99.00%,WRITE-IN,&nbsp,0,AD 59,2025-11-06_10:53:59.012304
ED   18,99.00%,Janice Chen,(Democratic),393,AD 59,2025-11-06_10:53:59.012304
ED   18,99.00%,Marisa Arrabito,(Democratic),334,AD 59,2025-11-06_10:53:59.012304
ED   18,99.00%,WRITE-IN,&nbsp,0,AD 59,2025-11-06_10:53:59.012304
ED   19,99.00%,Janice Chen,(Democratic),377,AD 59,2025-11-06_10:53:59.012304
ED   19,99.00%,Marisa Arrabito,(Democratic),337,AD 59,2025-11-06_10:53:59.012304
ED   19,99.00%,WRITE-IN,&nbsp,3,AD 59,2025-11-06_10:53:59.012304
ED   20,99.00%,Janice Chen,(Democratic),313,AD 59,2025-11-06_10:53:59.012304
ED   20,99.00%,Marisa Arrabito,(Democratic),282,AD 59,2025-11-06_10:53:59.012304
ED   20,99.00%,WRITE-IN,&nbsp,0,AD 59,2025-11-06_10:53:59.012304
ED   21,99.00%,Janice Chen,(Democratic),359,AD 59,2025-11-06_10:53:59.012304
ED   21,99.00%,Marisa Arrabito,(Democratic),332,AD 59,2025-11-06_10:53:59.012304
ED   21,99.00%,WRITE-IN,&nbsp,2,AD 59,2025-11-06_10:53:59.012304
ED   22,99.00%,Janice Chen,(Democratic),330,AD 59,2025-11-06_10:53:59.012304
ED   22,99.00%,Marisa Arrabito,(Democratic),293,AD 59,2025-11-06_10:53:59.012304
ED   22,99.00%,WRITE-IN,&nbsp,0,AD 59,2025-11-06_10:53:59.012304
ED   23,88.89%,Janice Chen,(Democratic),162,AD 59,2025-11-06_10:53:59.012304
ED   23,88.89%,Marisa Arrabito,(Democratic),146,AD 59,2025-11-06_10:53:59.012304
ED   23,88.89%,WRITE-IN,&nbsp,2,AD 59,2025-11-06_10:53:59.012304
ED   24,99.00%,Janice Chen,(Democratic),164,AD 59,2025-11-06_10:53:59.012304
ED   24,99.00%,Marisa Arrabito,(Democratic),130,AD 59,2025-11-06_10:53:59.012304
ED   24,99.00%,WRITE-IN,&nbsp,2,AD 59,2025-11-06_10:53:59.012304
ED   25,99.00%,Janice Chen,(Democratic),141,AD 59,2025-11-06_10:53:59.012304
ED   25,99.00%,Marisa Arrabito,(Democratic),118,AD 59,2025-11-06_10:53:59.012304
ED   25,99.00%,WRITE-IN,&nbsp,1,AD 59,2025-11-06_10:53:59.012304
ED   26,88.89%,Janice Chen,(Democratic),232,AD 59,2025-11-06_10:53:59.012304
ED   26,88.89%,Marisa Arrabito,(Democratic),215,AD 59,2025-11-06_10:53:59.012304
ED   26,88.89%,WRITE-IN,&nbsp,0,AD 59,2025-11-06_10:53:59.012304
ED   27,88.89%,Janice Chen,(Democratic),359,AD 59,2025-11-06_10:53:59.012304
ED   27,88.89%,Marisa Arrabito,(Democratic),299,AD 59,2025-11-06_10:53:59.012304
ED   27,88.89%,WRITE-IN,&nbsp,3,AD 59,2025-11-06_10:53:59.012304
ED   28,88.89%,Janice Chen,(Democratic),244,AD 59,2025-11-06_10:53:59.012304
ED   28,88.89%,Marisa Arrabito,(Democratic),228,AD 59,2025-11-06_10:53:59.012304
ED   28,88.89%,WRITE-IN,&nbsp,0,AD 59,2025-11-06_10:53:59.012304
ED   29,90.91%,Janice Chen,(Democratic),279,AD 59,2025-11-06_10:53:59.012304
ED   29,90.91%,Marisa Arrabito,(Democratic),248,AD 59,2025-11-06_10:53:59.012304
ED   29,90.91%,WRITE-IN,&nbsp,0,AD 59,2025-11-06_10:53:59.012304
ED   30,90.91%,Janice Chen,(Democratic),311,AD 59,2025-11-06_10:53:59.012304
ED   30,90.91%,Marisa Arrabito,(Democratic),269,AD 59,2025-11-06_10:53:59.012304
ED   30,90.91%,WRITE-IN,&nbsp,5,AD 59,2025-11-06_10:53:59.012304
ED   31,90.91%,Janice Chen,(Democratic),120,AD 59,2025-11-06_10:53:59.012304
ED   31,90.91%,Marisa Arrabito,(Democratic),113,AD 59,2025-11-06_10:53:59.012304
ED   31,90.91%,WRITE-IN,&nbsp,6,AD 59,2025-11-06_10:53:59.012304
ED   32,88.89%,Janice Chen,(Democratic),329,AD 59,2025-11-06_10:53:59.012304
ED   32,88.89%,Marisa Arrabito,(Democratic),296,AD 59,2025-11-06_10:53:59.012304
ED   32,88.89%,WRITE-IN,&nbsp,1,AD 59,2025-11-06_10:53:59.012304
ED   33,91.67%,Janice Chen,(Democratic),331,AD 59,2025-11-06_10:53:59.012304
ED   33,91.67%,Marisa Arrabito,(Democratic),302,AD 59,2025-11-06_10:53:59.012304
ED   33,91.67%,WRITE-IN,&nbsp,3,AD 59,2025-11-06_10:53:59.012304
ED   34,90.91%,Janice Chen,(Democratic),296,AD 59,2025-11-06_10:53:59.012304
ED   34,90.91%,Marisa Arrabito,(Democratic),264,AD 59,2025-11-06_10:53:59.012304
ED   34,90.91%,WRITE-IN,&nbsp,2,AD 59,2025-11-06_10:53:59.012304
ED   35,99.00%,Janice Chen,(Democratic),153,AD 59,2025-11-06_10:53:59.012304
ED   35,99.00%,Marisa Arrabito,(Democratic),129,AD 59,2025-11-06_10:53:59.012304
ED   35,99.00%,WRITE-IN,&nbsp,0,AD 59,2025-11-06_10:53:59.012304
ED   36,90.91%,Janice Chen,(Democratic),351,AD 59,2025-11-06_10:53:59.012304
ED   36,90.91%,Marisa Arrabito,(Democratic),298,AD 59,2025-11-06_10:53:59.012304
ED   36,90.91%,WRITE-IN,&nbsp,4,AD 59,2025-11-06_10:53:59.012304
ED   37,88.89%,Janice Chen,(Democratic),376,AD 59,2025-11-06_10:53:59.012304
ED   37,88.89%,Marisa Arrabito,(Democratic),356,AD 59,2025-11-06_10:53:59.012304
ED   37,88.89%,WRITE-IN,&nbsp,6,AD 59,2025-11-06_10:53:59.012304
ED   38,90.91%,Janice Chen,(Democratic),319,AD 59,2025-11-06_10:53:59.012304
ED   38,90.91%,Marisa Arrabito,(Democratic),283,AD 59,2025-11-06_10:53:59.012304
ED   38,90.91%,WRITE-IN,&nbsp,4,AD 59,2025-11-06_10:53:59.012304
ED   39,90.91%,Janice Chen,(Democratic),368,AD 59,2025-11-06_10:53:59.012304
ED   39,90.91%,Marisa Arrabito,(Democratic),341,AD 59,2025-11-06_10:53:59.012304
ED   39,90.91%,WRITE-IN,&nbsp,1,AD 59,2025-11-06_10:53:59.012304
ED   40,91.67%,Janice Chen,(Democratic),57,AD 59,2025-11-06_10:53:59.012304
ED   40,91.67%,Marisa Arrabito,(Democratic),57,AD 59,2025-11-06_10:53:59.012304
ED   40,91.67%,WRITE-IN,&nbsp,2,AD 59,2025-11-06_10:53:59.012304
ED   41,88.89%,Janice Chen,(Democratic),318,AD 59,2025-11-06_10:53:59.012304
ED   41,88.89%,Marisa Arrabito,(Democratic),292,AD 59,2025-11-06_10:53:59.012304
ED   41,88.89%,WRITE-IN,&nbsp,3,AD 59,2025-11-06_10:53:59.012304
ED   42,83.33%,Janice Chen,(Democratic),204,AD 59,2025-11-06_10:53:59.012304
ED   42,83.33%,Marisa Arrabito,(Democratic),184,AD 59,2025-11-06_10:53:59.012304
ED   42,83.33%,WRITE-IN,&nbsp,11,AD 59,2025-11-06_10:53:59.012304
ED   43,88.89%,Janice Chen,(Democratic),366,AD 59,2025-11-06_10:53:59.012304
ED   43,88.89%,Marisa Arrabito,(Democratic),333,AD 59,2025-11-06_10:53:59.012304
ED   43,88.89%,WRITE-IN,&nbsp,16,AD 59,2025-11-06_10:53:59.012304
ED   44,83.33%,Janice Chen,(Democratic),148,AD 59,2025-11-06_10:53:59.012304
ED   44,83.33%,Marisa Arrabito,(Democratic),144,AD 59,2025-11-06_10:53:59.012304
ED   44,83.33%,WRITE-IN,&nbsp,5,AD 59,2025-11-06_10:53:59.012304
ED   45,91.67%,Janice Chen,(Democratic),361,AD 59,2025-11-06_10:53:59.012304
ED   45,91.67%,Marisa Arrabito,(Democratic),321,AD 59,2025-11-06_10:53:59.012304
ED   45,91.67%,WRITE-IN,&nbsp,13,AD 59,2025-11-06_10:53:59.012304
ED   46,91.67%,Janice Chen,(Democratic),340,AD 59,2025-11-06_10:53:59.012304
ED   46,91.67%,Marisa Arrabito,(Democratic),308,AD 59,2025-11-06_10:53:59.012304
ED   46,91.67%,WRITE-IN,&nbsp,13,AD 59,2025-11-06_10:53:59.012304
ED   47,91.67%,Janice Chen,(Democratic),186,AD 59,2025-11-06_10:53:59.012304
ED   47,91.67%,Marisa Arrabito,(Democratic),175,AD 59,2025-11-06_10:53:59.012304
ED   47,91.67%,WRITE-IN,&nbsp,8,AD 59,2025-11-06_10:53:59.012304
ED   48,91.67%,Janice Chen,(Democratic),240,AD 59,2025-11-06_10:53:59.012304
ED   48,91.67%,Marisa Arrabito,(Democratic),212,AD 59,2025-11-06_10:53:59.012304
ED   48,91.67%,WRITE-IN,&nbsp,21,AD 59,2025-11-06_10:53:59.012304
ED   49,91.67%,Janice Chen,(Democratic),289,AD 59,2025-11-06_10:53:59.012304
ED   49,91.67%,Marisa Arrabito,(Democratic),256,AD 59,2025-11-06_10:53:59.012304
ED   49,91.67%,WRITE-IN,&nbsp,25,AD 59,2025-11-06_10:53:59.012304
ED   50,91.67%,Janice Chen,(Democratic),244,AD 59,2025-11-06_10:53:59.012304
ED   50,91.67%,Marisa Arrabito,(Democratic),263,AD 59,2025-11-06_10:53:59.012304
ED   50,91.67%,WRITE-IN,&nbsp,16,AD 59,2025-11-06_10:53:59.012304
ED   51,99.00%,Janice Chen,(Democratic),185,AD 59,2025-11-06_10:53:59.012304
ED   51,99.00%,Marisa Arrabito,(Democratic),156,AD 59,2025-11-06_10:53:59.012304
ED   51,99.00%,WRITE-IN,&nbsp,16,AD 59,2025-11-06_10:53:59.012304
ED   52,99.00%,Janice Chen,(Democratic),318,AD 59,2025-11-06_10:53:59.012304
ED   52,99.00%,Marisa Arrabito,(Democratic),290,AD 59,2025-11-06_10:53:59.012304
ED   52,99.00%,WRITE-IN,&nbsp,23,AD 59,2025-11-06_10:53:59.012304
ED   53,99.00%,Janice Chen,(Democratic),304,AD 59,2025-11-06_10:53:59.012304
ED   53,99.00%,Marisa Arrabito,(Democratic),259,AD 59,2025-11-06_10:53:59.012304
ED   53,99.00%,WRITE-IN,&nbsp,26,AD 59,2025-11-06_10:53:59.012304
ED   54,99.00%,Janice Chen,(Democratic),236,AD 59,2025-11-06_10:53:59.012304
ED   54,99.00%,Marisa Arrabito,(Democratic),213,AD 59,2025-11-06_10:53:59.012304
ED   54,99.00%,WRITE-IN,&nbsp,14,AD 59,2025-11-06_10:53:59.012304
ED   55,99.00%,Janice Chen,(Democratic),406,AD 59,2025-11-06_10:53:59.012304
ED   55,99.00%,Marisa Arrabito,(Democratic),387,AD 59,2025-11-06_10:53:59.012304
ED   55,99.00%,WRITE-IN,&nbsp,16,AD 59,2025-11-06_10:53:59.012304
ED   56,99.00%,Janice Chen,(Democratic),372,AD 59,2025-11-06_10:53:59.012304
ED   56,99.00%,Marisa Arrabito,(Democratic),367,AD 59,2025-11-06_10:53:59.012304
ED   56,99.00%,WRITE-IN,&nbsp,48,AD 59,2025-11-06_10:53:59.012304
ED   57,99.00%,Janice Chen,(Democratic),380,AD 59,2025-11-06_10:53:59.012304
ED   57,99.00%,Marisa Arrabito,(Democratic),352,AD 59,2025-11-06_10:53:59.012304
ED   57,99.00%,WRITE-IN,&nbsp,22,AD 59,2025-11-06_10:53:59.012304
ED   58,99.00%,Janice Chen,(Democratic),147,AD 59,2025-11-06_10:53:59.012304
ED   58,99.00%,Marisa Arrabito,(Democratic),123,AD 59,2025-11-06_10:53:59.012304
ED   58,99.00%,WRITE-IN,&nbsp,9,AD 59,2025-11-06_10:53:59.012304
ED   59,99.00%,Janice Chen,(Democratic),143,AD 59,2025-11-06_10:53:59.012304
ED   59,99.00%,Marisa Arrabito,(Democratic),145,AD 59,2025-11-06_10:53:59.012304
ED   59,99.00%,WRITE-IN,&nbsp,22,AD 59,2025-11-06_10:53:59.012304
ED   60,99.00%,Janice Chen,(Democratic),156,AD 59,2025-11-06_10:53:59.012304
ED   60,99.00%,Marisa Arrabito,(Democratic),145,AD 59,2025-11-06_10:53:59.012304
ED   60,99.00%,WRITE-IN,&nbsp,24,AD 59,2025-11-06_10:53:59.012304
ED   61,99.00%,Janice Chen,(Democratic),4,AD 59,2025-11-06_10:53:59.012304
ED   61,99.00%,Marisa Arrabito,(Democratic),3,AD 59,2025-11-06_10:53:59.012304
ED   61,99.00%,WRITE-IN,&nbsp,0,AD 59,2025-11-06_10:53:59.012304
ED   62,99.00%,Janice Chen,(Democratic),1,AD 59,2025-11-06_10:53:59.012304
ED   62,99.00%,Marisa Arrabito,(Democratic),2,AD 59,2025-11-06_10:53:59.012304
ED   62,99.00%,WRITE-IN,&nbsp,0,AD 59,2025-11-06_10:53:59.012304
ED   63,99.00%,Janice Chen,(Democratic),144,AD 59,2025-11-06_10:53:59.012304
ED   63,99.00%,Marisa Arrabito,(Democratic),141,AD 59,2025-11-06_10:53:59.012304
ED   63,99.00%,WRITE-IN,&nbsp,1,AD 59,2025-11-06_10:53:59.012304
ED   64,99.00%,Janice Chen,(Democratic),7,AD 59,2025-11-06_10:53:59.012304
ED   64,99.00%,Marisa Arrabito,(Democratic),6,AD 59,2025-11-06_10:53:59.012304
ED   64,99.00%,WRITE-IN,&nbsp,0,AD 59,2025-11-06_10:53:59.012304
ED   65,99.00%,Janice Chen,(Democratic),203,AD 59,2025-11-06_10:53:59.012304
ED   65,99.00%,Marisa Arrabito,(Democratic),179,AD 59,2025-11-06_10:53:59.012304
ED   65,99.00%,WRITE-IN,&nbsp,23,AD 59,2025-11-06_10:53:59.012304
ED   66,99.00%,Janice Chen,(Democratic),176,AD 59,2025-11-06_10:53:59.012304
ED   66,99.00%,Marisa Arrabito,(Democratic),167,AD 59,2025-11-06_10:53:59.012304
ED   66,99.00%,WRITE-IN,&nbsp,17,AD 59,2025-11-06_10:53:59.012304
ED   67,99.00%,Janice Chen,(Democratic),0,AD 59,2025-11-06_10:53:59.012304
ED   67,99.00%,Marisa Arrabito,(Democratic),0,AD 59,2025-11-06_10:53:59.012304
ED   67,99.00%,WRITE-IN,&nbsp,0,AD 59,2025-11-06_10:53:59.012304
ED   68,99.00%,Janice Chen,(Democratic),0,AD 59,2025-11-06_10:53:59.012304
ED   68,99.00%,Marisa Arrabito,(Democratic),0,AD 59,2025-11-06_10:53:59.012304
ED   68,99.00%,WRITE-IN,&nbsp,0,AD 59,2025-11-06_10:53:59.012304
ED   69,88.89%,Janice Chen,(Democratic),0,AD 59,2025-11-06_10:53:59.012304
ED   69,88.89%,Marisa Arrabito,(Democratic),0,AD 59,2025-11-06_10:53:59.012304
ED   69,88.89%,WRITE-IN,&nbsp,0,AD 59,2025-11-06_10:53:59.012304
ED   70,99.00%,Janice Chen,(Democratic),0,AD 59,2025-11-06_10:53:59.012304
ED   70,99.00%,Marisa Arrabito,(Democratic),0,AD 59,2025-11-06_10:53:59.012304
ED   70,99.00%,WRITE-IN,&nbsp,0,AD 59,2025-11-06_10:53:59.012304
Total,,Janice Chen,(Democratic),18115,AD 59,2025-11-06_10:53:59.012304
Total,,Marisa Arrabito,(Democratic),16360,AD 59,2025-11-06_10:53:59.012304
Total,,WRITE-IN,&nbsp,472,AD 59,2025-11-06_10:53:59.012304
ED    1,99.00%,Janice Chen,(Democratic),199,AD 60,2025-11-06_10:53:59.012304
ED    1,99.00%,Marisa Arrabito,(Democratic),175,AD 60,2025-11-06_10:53:59.012304
ED    1,99.00%,WRITE-IN,&nbsp,0,AD 60,2025-11-06_10:53:59.012304
ED    2,99.00%,Janice Chen,(Democratic),217,AD 60,2025-11-06_10:53:59.012304
ED    2,99.00%,Marisa Arrabito,(Democratic),192,AD 60,2025-11-06_10:53:59.012304
ED    2,99.00%,WRITE-IN,&nbsp,0,AD 60,2025-11-06_10:53:59.012304
ED    3,99.00%,Janice Chen,(Democratic),183,AD 60,2025-11-06_10:53:59.012304
ED    3,99.00%,Marisa Arrabito,(Democratic),172,AD 60,2025-11-06_10:53:59.012304
ED    3,99.00%,WRITE-IN,&nbsp,0,AD 60,2025-11-06_10:53:59.012304
ED    4,99.00%,Janice Chen,(Democratic),322,AD 60,2025-11-06_10:53:59.012304
ED    4,99.00%,Marisa Arrabito,(Democratic),307,AD 60,2025-11-06_10:53:59.012304
ED    4,99.00%,WRITE-IN,&nbsp,2,AD 60,2025-11-06_10:53:59.012304
ED    5,99.00%,Janice Chen,(Democratic),134,AD 60,2025-11-06_10:53:59.012304
ED    5,99.00%,Marisa Arrabito,(Democratic),127,AD 60,2025-11-06_10:53:59.012304
ED    5,99.00%,WRITE-IN,&nbsp,0,AD 60,2025-11-06_10:53:59.012304
ED    6,99.00%,Janice Chen,(Democratic),320,AD 60,2025-11-06_10:53:59.012304
ED    6,99.00%,Marisa Arrabito,(Democratic),280,AD 60,2025-11-06_10:53:59.012304
ED    6,99.00%,WRITE-IN,&nbsp,2,AD 60,2025-11-06_10:53:59.012304
ED    7,99.00%,Janice Chen,(Democratic),427,AD 60,2025-11-06_10:53:59.012304
ED    7,99.00%,Marisa Arrabito,(Democratic),365,AD 60,2025-11-06_10:53:59.012304
ED    7,99.00%,WRITE-IN,&nbsp,2,AD 60,2025-11-06_10:53:59.012304
ED    8,99.00%,Janice Chen,(Democratic),250,AD 60,2025-11-06_10:53:59.012304
ED    8,99.00%,Marisa Arrabito,(Democratic),220,AD 60,2025-11-06_10:53:59.012304
ED    8,99.00%,WRITE-IN,&nbsp,3,AD 60,2025-11-06_10:53:59.012304
ED    9,99.00%,Janice Chen,(Democratic),360,AD 60,2025-11-06_10:53:59.012304
ED    9,99.00%,Marisa Arrabito,(Democratic),338,AD 60,2025-11-06_10:53:59.012304
ED    9,99.00%,WRITE-IN,&nbsp,4,AD 60,2025-11-06_10:53:59.012304
ED   10,99.00%,Janice Chen,(Democratic),316,AD 60,2025-11-06_10:53:59.012304
ED   10,99.00%,Marisa Arrabito,(Democratic),293,AD 60,2025-11-06_10:53:59.012304
ED   10,99.00%,WRITE-IN,&nbsp,0,AD 60,2025-11-06_10:53:59.012304
ED   11,99.00%,Janice Chen,(Democratic),147,AD 60,2025-11-06_10:53:59.012304
ED   11,99.00%,Marisa Arrabito,(Democratic),126,AD 60,2025-11-06_10:53:59.012304
ED   11,99.00%,WRITE-IN,&nbsp,4,AD 60,2025-11-06_10:53:59.012304
ED   12,99.00%,Janice Chen,(Democratic),171,AD 60,2025-11-06_10:53:59.012304
ED   12,99.00%,Marisa Arrabito,(Democratic),173,AD 60,2025-11-06_10:53:59.012304
ED   12,99.00%,WRITE-IN,&nbsp,0,AD 60,2025-11-06_10:53:59.012304
ED   13,99.00%,Janice Chen,(Democratic),181,AD 60,2025-11-06_10:53:59.012304
ED   13,99.00%,Marisa Arrabito,(Democratic),176,AD 60,2025-11-06_10:53:59.012304
ED   13,99.00%,WRITE-IN,&nbsp,2,AD 60,2025-11-06_10:53:59.012304
ED   14,99.00%,Janice Chen,(Democratic),412,AD 60,2025-11-06_10:53:59.012304
ED   14,99.00%,Marisa Arrabito,(Democratic),372,AD 60,2025-11-06_10:53:59.012304
ED   14,99.00%,WRITE-IN,&nbsp,10,AD 60,2025-11-06_10:53:59.012304
ED   15,99.00%,Janice Chen,(Democratic),316,AD 60,2025-11-06_10:53:59.012304
ED   15,99.00%,Marisa Arrabito,(Democratic),298,AD 60,2025-11-06_10:53:59.012304
ED   15,99.00%,WRITE-IN,&nbsp,0,AD 60,2025-11-06_10:53:59.012304
ED   16,99.00%,Janice Chen,(Democratic),365,AD 60,2025-11-06_10:53:59.012304
ED   16,99.00%,Marisa Arrabito,(Democratic),337,AD 60,2025-11-06_10:53:59.012304
ED   16,99.00%,WRITE-IN,&nbsp,2,AD 60,2025-11-06_10:53:59.012304
ED   17,99.00%,Janice Chen,(Democratic),321,AD 60,2025-11-06_10:53:59.012304
ED   17,99.00%,Marisa Arrabito,(Democratic),275,AD 60,2025-11-06_10:53:59.012304
ED   17,99.00%,WRITE-IN,&nbsp,0,AD 60,2025-11-06_10:53:59.012304
ED   18,99.00%,Janice Chen,(Democratic),249,AD 60,2025-11-06_10:53:59.012304
ED   18,99.00%,Marisa Arrabito,(Democratic),210,AD 60,2025-11-06_10:53:59.012304
ED   18,99.00%,WRITE-IN,&nbsp,3,AD 60,2025-11-06_10:53:59.012304
ED   19,99.00%,Janice Chen,(Democratic),332,AD 60,2025-11-06_10:53:59.012304
ED   19,99.00%,Marisa Arrabito,(Democratic),262,AD 60,2025-11-06_10:53:59.012304
ED   19,99.00%,WRITE-IN,&nbsp,6,AD 60,2025-11-06_10:53:59.012304
ED   20,99.00%,Janice Chen,(Democratic),147,AD 60,2025-11-06_10:53:59.012304
ED   20,99.00%,Marisa Arrabito,(Democratic),142,AD 60,2025-11-06_10:53:59.012304
ED   20,99.00%,WRITE-IN,&nbsp,2,AD 60,2025-11-06_10:53:59.012304
ED   21,99.00%,Janice Chen,(Democratic),356,AD 60,2025-11-06_10:53:59.012304
ED   21,99.00%,Marisa Arrabito,(Democratic),296,AD 60,2025-11-06_10:53:59.012304
ED   21,99.00%,WRITE-IN,&nbsp,1,AD 60,2025-11-06_10:53:59.012304
ED   22,99.00%,Janice Chen,(Democratic),217,AD 60,2025-11-06_10:53:59.012304
ED   22,99.00%,Marisa Arrabito,(Democratic),199,AD 60,2025-11-06_10:53:59.012304
ED   22,99.00%,WRITE-IN,&nbsp,1,AD 60,2025-11-06_10:53:59.012304
ED   23,99.00%,Janice Chen,(Democratic),235,AD 60,2025-11-06_10:53:59.012304
ED   23,99.00%,Marisa Arrabito,(Democratic),196,AD 60,2025-11-06_10:53:59.012304
ED   23,99.00%,WRITE-IN,&nbsp,2,AD 60,2025-11-06_10:53:59.012304
ED   24,99.00%,Janice Chen,(Democratic),140,AD 60,2025-11-06_10:53:59.012304
ED   24,99.00%,Marisa Arrabito,(Democratic),129,AD 60,2025-11-06_10:53:59.012304
ED   24,99.00%,WRITE-IN,&nbsp,1,AD 60,2025-11-06_10:53:59.012304
ED   25,99.00%,Janice Chen,(Democratic),284,AD 60,2025-11-06_10:53:59.012304
ED   25,99.00%,Marisa Arrabito,(Democratic),254,AD 60,2025-11-06_10:53:59.012304
ED   25,99.00%,WRITE-IN,&nbsp,2,AD 60,2025-11-06_10:53:59.012304
ED   26,99.00%,Janice Chen,(Democratic),251,AD 60,2025-11-06_10:53:59.012304
ED   26,99.00%,Marisa Arrabito,(Democratic),219,AD 60,2025-11-06_10:53:59.012304
ED   26,99.00%,WRITE-IN,&nbsp,0,AD 60,2025-11-06_10:53:59.012304
ED   27,99.00%,Janice Chen,(Democratic),142,AD 60,2025-11-06_10:53:59.012304
ED   27,99.00%,Marisa Arrabito,(Democratic),126,AD 60,2025-11-06_10:53:59.012304
ED   27,99.00%,WRITE-IN,&nbsp,3,AD 60,2025-11-06_10:53:59.012304
ED   28,99.00%,Janice Chen,(Democratic),379,AD 60,2025-11-06_10:53:59.012304
ED   28,99.00%,Marisa Arrabito,(Democratic),333,AD 60,2025-11-06_10:53:59.012304
ED   28,99.00%,WRITE-IN,&nbsp,0,AD 60,2025-11-06_10:53:59.012304
ED   29,99.00%,Janice Chen,(Democratic),291,AD 60,2025-11-06_10:53:59.012304
ED   29,99.00%,Marisa Arrabito,(Democratic),261,AD 60,2025-11-06_10:53:59.012304
ED   29,99.00%,WRITE-IN,&nbsp,0,AD 60,2025-11-06_10:53:59.012304
ED   30,99.00%,Janice Chen,(Democratic),348,AD 60,2025-11-06_10:53:59.012304
ED   30,99.00%,Marisa Arrabito,(Democratic),316,AD 60,2025-11-06_10:53:59.012304
ED   30,99.00%,WRITE-IN,&nbsp,0,AD 60,2025-11-06_10:53:59.012304
ED   31,99.00%,Janice Chen,(Democratic),259,AD 60,2025-11-06_10:53:59.012304
ED   31,99.00%,Marisa Arrabito,(Democratic),237,AD 60,2025-11-06_10:53:59.012304
ED   31,99.00%,WRITE-IN,&nbsp,4,AD 60,2025-11-06_10:53:59.012304
ED   32,99.00%,Janice Chen,(Democratic),183,AD 60,2025-11-06_10:53:59.012304
ED   32,99.00%,Marisa Arrabito,(Democratic),153,AD 60,2025-11-06_10:53:59.012304
ED   32,99.00%,WRITE-IN,&nbsp,0,AD 60,2025-11-06_10:53:59.012304
ED   33,99.00%,Janice Chen,(Democratic),133,AD 60,2025-11-06_10:53:59.012304
ED   33,99.00%,Marisa Arrabito,(Democratic),117,AD 60,2025-11-06_10:53:59.012304
ED   33,99.00%,WRITE-IN,&nbsp,2,AD 60,2025-11-06_10:53:59.012304
ED   34,99.00%,Janice Chen,(Democratic),181,AD 60,2025-11-06_10:53:59.012304
ED   34,99.00%,Marisa Arrabito,(Democratic),170,AD 60,2025-11-06_10:53:59.012304
ED   34,99.00%,WRITE-IN,&nbsp,0,AD 60,2025-11-06_10:53:59.012304
ED   35,99.00%,Janice Chen,(Democratic),282,AD 60,2025-11-06_10:53:59.012304
ED   35,99.00%,Marisa Arrabito,(Democratic),243,AD 60,2025-11-06_10:53:59.012304
ED   35,99.00%,WRITE-IN,&nbsp,0,AD 60,2025-11-06_10:53:59.012304
ED   36,99.00%,Janice Chen,(Democratic),196,AD 60,2025-11-06_10:53:59.012304
ED   36,99.00%,Marisa Arrabito,(Democratic),158,AD 60,2025-11-06_10:53:59.012304
ED   36,99.00%,WRITE-IN,&nbsp,0,AD 60,2025-11-06_10:53:59.012304
ED   37,99.00%,Janice Chen,(Democratic),269,AD 60,2025-11-06_10:53:59.012304
ED   37,99.00%,Marisa Arrabito,(Democratic),228,AD 60,2025-11-06_10:53:59.012304
ED   37,99.00%,WRITE-IN,&nbsp,2,AD 60,2025-11-06_10:53:59.012304
ED   38,99.00%,Janice Chen,(Democratic),245,AD 60,2025-11-06_10:53:59.012304
ED   38,99.00%,Marisa Arrabito,(Democratic),227,AD 60,2025-11-06_10:53:59.012304
ED   38,99.00%,WRITE-IN,&nbsp,4,AD 60,2025-11-06_10:53:59.012304
ED   39,99.00%,Janice Chen,(Democratic),292,AD 60,2025-11-06_10:53:59.012304
ED   39,99.00%,Marisa Arrabito,(Democratic),256,AD 60,2025-11-06_10:53:59.012304
ED   39,99.00%,WRITE-IN,&nbsp,5,AD 60,2025-11-06_10:53:59.012304
ED   40,99.00%,Janice Chen,(Democratic),222,AD 60,2025-11-06_10:53:59.012304
ED   40,99.00%,Marisa Arrabito,(Democratic),201,AD 60,2025-11-06_10:53:59.012304
ED   40,99.00%,WRITE-IN,&nbsp,4,AD 60,2025-11-06_10:53:59.012304
ED   41,99.00%,Janice Chen,(Democratic),160,AD 60,2025-11-06_10:53:59.012304
ED   41,99.00%,Marisa Arrabito,(Democratic),148,AD 60,2025-11-06_10:53:59.012304
ED   41,99.00%,WRITE-IN,&nbsp,1,AD 60,2025-11-06_10:53:59.012304
ED   42,99.00%,Janice Chen,(Democratic),296,AD 60,2025-11-06_10:53:59.012304
ED   42,99.00%,Marisa Arrabito,(Democratic),256,AD 60,2025-11-06_10:53:59.012304
ED   42,99.00%,WRITE-IN,&nbsp,3,AD 60,2025-11-06_10:53:59.012304
ED   43,99.00%,Janice Chen,(Democratic),294,AD 60,2025-11-06_10:53:59.012304
ED   43,99.00%,Marisa Arrabito,(Democratic),255,AD 60,2025-11-06_10:53:59.012304
ED   43,99.00%,WRITE-IN,&nbsp,5,AD 60,2025-11-06_10:53:59.012304
ED   44,99.00%,Janice Chen,(Democratic),257,AD 60,2025-11-06_10:53:59.012304
ED   44,99.00%,Marisa Arrabito,(Democratic),221,AD 60,2025-11-06_10:53:59.012304
ED   44,99.00%,WRITE-IN,&nbsp,1,AD 60,2025-11-06_10:53:59.012304
ED   45,99.00%,Janice Chen,(Democratic),216,AD 60,2025-11-06_10:53:59.012304
ED   45,99.00%,Marisa Arrabito,(Democratic),190,AD 60,2025-11-06_10:53:59.012304
ED   45,99.00%,WRITE-IN,&nbsp,0,AD 60,2025-11-06_10:53:59.012304
ED   46,99.00%,Janice Chen,(Democratic),345,AD 60,2025-11-06_10:53:59.012304
ED   46,99.00%,Marisa Arrabito,(Democratic),283,AD 60,2025-11-06_10:53:59.012304
ED   46,99.00%,WRITE-IN,&nbsp,4,AD 60,2025-11-06_10:53:59.012304
ED   47,99.00%,Janice Chen,(Democratic),64,AD 60,2025-11-06_10:53:59.012304
ED   47,99.00%,Marisa Arrabito,(Democratic),58,AD 60,2025-11-06_10:53:59.012304
ED   47,99.00%,WRITE-IN,&nbsp,0,AD 60,2025-11-06_10:53:59.012304
ED   48,99.00%,Janice Chen,(Democratic),130,AD 60,2025-11-06_10:53:59.012304
ED   48,99.00%,Marisa Arrabito,(Democratic),109,AD 60,2025-11-06_10:53:59.012304
ED   48,99.00%,WRITE-IN,&nbsp,0,AD 60,2025-11-06_10:53:59.012304
ED   49,99.00%,Janice Chen,(Democratic),142,AD 60,2025-11-06_10:53:59.012304
ED   49,99.00%,Marisa Arrabito,(Democratic),131,AD 60,2025-11-06_10:53:59.012304
ED   49,99.00%,WRITE-IN,&nbsp,0,AD 60,2025-11-06_10:53:59.012304
ED   50,99.00%,Janice Chen,(Democratic),137,AD 60,2025-11-06_10:53:59.012304
ED   50,99.00%,Marisa Arrabito,(Democratic),119,AD 60,2025-11-06_10:53:59.012304
ED   50,99.00%,WRITE-IN,&nbsp,2,AD 60,2025-11-06_10:53:59.012304
ED   51,99.00%,Janice Chen,(Democratic),327,AD 60,2025-11-06_10:53:59.012304
ED   51,99.00%,Marisa Arrabito,(Democratic),285,AD 60,2025-11-06_10:53:59.012304
ED   51,99.00%,WRITE-IN,&nbsp,1,AD 60,2025-11-06_10:53:59.012304
ED   52,99.00%,Janice Chen,(Democratic),236,AD 60,2025-11-06_10:53:59.012304
ED   52,99.00%,Marisa Arrabito,(Democratic),223,AD 60,2025-11-06_10:53:59.012304
ED   52,99.00%,WRITE-IN,&nbsp,4,AD 60,2025-11-06_10:53:59.012304
ED   53,99.00%,Janice Chen,(Democratic),267,AD 60,2025-11-06_10:53:59.012304
ED   53,99.00%,Marisa Arrabito,(Democratic),248,AD 60,2025-11-06_10:53:59.012304
ED   53,99.00%,WRITE-IN,&nbsp,0,AD 60,2025-11-06_10:53:59.012304
ED   54,99.00%,Janice Chen,(Democratic),310,AD 60,2025-11-06_10:53:59.012304
ED   54,99.00%,Marisa Arrabito,(Democratic),260,AD 60,2025-11-06_10:53:59.012304
ED   54,99.00%,WRITE-IN,&nbsp,2,AD 60,2025-11-06_10:53:59.012304
ED   55,99.00%,Janice Chen,(Democratic),255,AD 60,2025-11-06_10:53:59.012304
ED   55,99.00%,Marisa Arrabito,(Democratic),221,AD 60,2025-11-06_10:53:59.012304
ED   55,99.00%,WRITE-IN,&nbsp,6,AD 60,2025-11-06_10:53:59.012304
ED   56,99.00%,Janice Chen,(Democratic),183,AD 60,2025-11-06_10:53:59.012304
ED   56,99.00%,Marisa Arrabito,(Democratic),147,AD 60,2025-11-06_10:53:59.012304
ED   56,99.00%,WRITE-IN,&nbsp,0,AD 60,2025-11-06_10:53:59.012304
ED   57,99.00%,Janice Chen,(Democratic),225,AD 60,2025-11-06_10:53:59.012304
ED   57,99.00%,Marisa Arrabito,(Democratic),194,AD 60,2025-11-06_10:53:59.012304
ED   57,99.00%,WRITE-IN,&nbsp,0,AD 60,2025-11-06_10:53:59.012304
ED   58,99.00%,Janice Chen,(Democratic),248,AD 60,2025-11-06_10:53:59.012304
ED   58,99.00%,Marisa Arrabito,(Democratic),224,AD 60,2025-11-06_10:53:59.012304
ED   58,99.00%,WRITE-IN,&nbsp,2,AD 60,2025-11-06_10:53:59.012304
ED   59,99.00%,Janice Chen,(Democratic),81,AD 60,2025-11-06_10:53:59.012304
ED   59,99.00%,Marisa Arrabito,(Democratic),73,AD 60,2025-11-06_10:53:59.012304
ED   59,99.00%,WRITE-IN,&nbsp,0,AD 60,2025-11-06_10:53:59.012304
ED   60,99.00%,Janice Chen,(Democratic),15,AD 60,2025-11-06_10:53:59.012304
ED   60,99.00%,Marisa Arrabito,(Democratic),14,AD 60,2025-11-06_10:53:59.012304
ED   60,99.00%,WRITE-IN,&nbsp,0,AD 60,2025-11-06_10:53:59.012304
ED   61,99.00%,Janice Chen,(Democratic),0,AD 60,2025-11-06_10:53:59.012304
ED   61,99.00%,Marisa Arrabito,(Democratic),0,AD 60,2025-11-06_10:53:59.012304
ED   61,99.00%,WRITE-IN,&nbsp,0,AD 60,2025-11-06_10:53:59.012304
ED   62,99.00%,Janice Chen,(Democratic),295,AD 60,2025-11-06_10:53:59.012304
ED   62,99.00%,Marisa Arrabito,(Democratic),258,AD 60,2025-11-06_10:53:59.012304
ED   62,99.00%,WRITE-IN,&nbsp,2,AD 60,2025-11-06_10:53:59.012304
ED   63,99.00%,Janice Chen,(Democratic),73,AD 60,2025-11-06_10:53:59.012304
ED   63,99.00%,Marisa Arrabito,(Democratic),68,AD 60,2025-11-06_10:53:59.012304
ED   63,99.00%,WRITE-IN,&nbsp,0,AD 60,2025-11-06_10:53:59.012304
ED   64,99.00%,Janice Chen,(Democratic),0,AD 60,2025-11-06_10:53:59.012304
ED   64,99.00%,Marisa Arrabito,(Democratic),0,AD 60,2025-11-06_10:53:59.012304
ED   64,99.00%,WRITE-IN,&nbsp,0,AD 60,2025-11-06_10:53:59.012304
Total,,Janice Chen,(Democratic),14830,AD 60,2025-11-06_10:53:59.012304
Total,,Marisa Arrabito,(Democratic),13144,AD 60,2025-11-06_10:53:59.012304
Total,,WRITE-IN,&nbsp,106,AD 60,2025-11-06_10:53:59.012304
ED  100,99.00%,Janice Chen,(Democratic),1,AD 61,2025-11-06_10:53:59.012304
ED  100,99.00%,Marisa Arrabito,(Democratic),1,AD 61,2025-11-06_10:53:59.012304
ED  100,99.00%,WRITE-IN,&nbsp,0,AD 61,2025-11-06_10:53:59.012304
ED  101,99.00%,Janice Chen,(Democratic),0,AD 61,2025-11-06_10:53:59.012304
ED  101,99.00%,Marisa Arrabito,(Democratic),0,AD 61,2025-11-06_10:53:59.012304
ED  101,99.00%,WRITE-IN,&nbsp,0,AD 61,2025-11-06_10:53:59.012304
ED  102,99.00%,Janice Chen,(Democratic),0,AD 61,2025-11-06_10:53:59.012304
ED  102,99.00%,Marisa Arrabito,(Democratic),0,AD 61,2025-11-06_10:53:59.012304
ED  102,99.00%,WRITE-IN,&nbsp,0,AD 61,2025-11-06_10:53:59.012304
ED  103,99.00%,Janice Chen,(Democratic),0,AD 61,2025-11-06_10:53:59.012304
ED  103,99.00%,Marisa Arrabito,(Democratic),0,AD 61,2025-11-06_10:53:59.012304
ED  103,99.00%,WRITE-IN,&nbsp,0,AD 61,2025-11-06_10:53:59.012304
ED  104,99.00%,Janice Chen,(Democratic),0,AD 61,2025-11-06_10:53:59.012304
ED  104,99.00%,Marisa Arrabito,(Democratic),0,AD 61,2025-11-06_10:53:59.012304
ED  104,99.00%,WRITE-IN,&nbsp,0,AD 61,2025-11-06_10:53:59.012304
ED  105,99.00%,Janice Chen,(Democratic),0,AD 61,2025-11-06_10:53:59.012304
ED  105,99.00%,Marisa Arrabito,(Democratic),0,AD 61,2025-11-06_10:53:59.012304
ED  105,99.00%,WRITE-IN,&nbsp,0,AD 61,2025-11-06_10:53:59.012304
ED  106,99.00%,Janice Chen,(Democratic),0,AD 61,2025-11-06_10:53:59.012304
ED  106,99.00%,Marisa Arrabito,(Democratic),0,AD 61,2025-11-06_10:53:59.012304
ED  106,99.00%,WRITE-IN,&nbsp,0,AD 61,2025-11-06_10:53:59.012304
ED  107,99.00%,Janice Chen,(Democratic),0,AD 61,2025-11-06_10:53:59.012304
ED  107,99.00%,Marisa Arrabito,(Democratic),0,AD 61,2025-11-06_10:53:59.012304
ED  107,99.00%,WRITE-IN,&nbsp,0,AD 61,2025-11-06_10:53:59.012304
ED  108,99.00%,Janice Chen,(Democratic),0,AD 61,2025-11-06_10:53:59.012304
ED  108,99.00%,Marisa Arrabito,(Democratic),0,AD 61,2025-11-06_10:53:59.012304
ED  108,99.00%,WRITE-IN,&nbsp,0,AD 61,2025-11-06_10:53:59.012304
ED  109,99.00%,Janice Chen,(Democratic),0,AD 61,2025-11-06_10:53:59.012304
ED  109,99.00%,Marisa Arrabito,(Democratic),0,AD 61,2025-11-06_10:53:59.012304
ED  109,99.00%,WRITE-IN,&nbsp,0,AD 61,2025-11-06_10:53:59.012304
ED  110,99.00%,Janice Chen,(Democratic),0,AD 61,2025-11-06_10:53:59.012304
ED  110,99.00%,Marisa Arrabito,(Democratic),0,AD 61,2025-11-06_10:53:59.012304
ED  110,99.00%,WRITE-IN,&nbsp,0,AD 61,2025-11-06_10:53:59.012304
ED  111,99.00%,Janice Chen,(Democratic),0,AD 61,2025-11-06_10:53:59.012304
ED  111,99.00%,Marisa Arrabito,(Democratic),0,AD 61,2025-11-06_10:53:59.012304
ED  111,99.00%,WRITE-IN,&nbsp,0,AD 61,2025-11-06_10:53:59.012304
ED  112,99.00%,Janice Chen,(Democratic),0,AD 61,2025-11-06_10:53:59.012304
ED  112,99.00%,Marisa Arrabito,(Democratic),0,AD 61,2025-11-06_10:53:59.012304
ED  112,99.00%,WRITE-IN,&nbsp,0,AD 61,2025-11-06_10:53:59.012304
ED  113,99.00%,Janice Chen,(Democratic),0,AD 61,2025-11-06_10:53:59.012304
ED  113,99.00%,Marisa Arrabito,(Democratic),0,AD 61,2025-11-06_10:53:59.012304
ED  113,99.00%,WRITE-IN,&nbsp,0,AD 61,2025-11-06_10:53:59.012304
ED  114,99.00%,Janice Chen,(Democratic),0,AD 61,2025-11-06_10:53:59.012304
ED  114,99.00%,Marisa Arrabito,(Democratic),0,AD 61,2025-11-06_10:53:59.012304
ED  114,99.00%,WRITE-IN,&nbsp,0,AD 61,2025-11-06_10:53:59.012304
Total,,Janice Chen,(Democratic),1,AD 61,2025-11-06_10:53:59.012304
Total,,Marisa Arrabito,(Democratic),1,AD 61,2025-11-06_10:53:59.012304
Total,,WRITE-IN,&nbsp,-,AD 61,2025-11-06_10:53:59.012304
ED   75,99.00%,Janice Chen,(Democratic),431,AD 64,2025-11-06_10:53:59.012304
ED   75,99.00%,Marisa Arrabito,(Democratic),397,AD 64,2025-11-06_10:53:59.012304
ED   75,99.00%,WRITE-IN,&nbsp,20,AD 64,2025-11-06_10:53:59.012304
ED   76,99.00%,Janice Chen,(Democratic),165,AD 64,2025-11-06_10:53:59.012304
ED   76,99.00%,Marisa Arrabito,(Democratic),143,AD 64,2025-11-06_10:53:59.012304
ED   76,99.00%,WRITE-IN,&nbsp,6,AD 64,2025-11-06_10:53:59.012304
ED   77,99.00%,Janice Chen,(Democratic),460,AD 64,2025-11-06_10:53:59.012304
ED   77,99.00%,Marisa Arrabito,(Democratic),408,AD 64,2025-11-06_10:53:59.012304
ED   77,99.00%,WRITE-IN,&nbsp,11,AD 64,2025-11-06_10:53:59.012304
ED   78,99.00%,Janice Chen,(Democratic),303,AD 64,2025-11-06_10:53:59.012304
ED   78,99.00%,Marisa Arrabito,(Democratic),258,AD 64,2025-11-06_10:53:59.012304
ED   78,99.00%,WRITE-IN,&nbsp,4,AD 64,2025-11-06_10:53:59.012304
ED   79,99.00%,Janice Chen,(Democratic),334,AD 64,2025-11-06_10:53:59.012304
ED   79,99.00%,Marisa Arrabito,(Democratic),322,AD 64,2025-11-06_10:53:59.012304
ED   79,99.00%,WRITE-IN,&nbsp,8,AD 64,2025-11-06_10:53:59.012304
ED   80,99.00%,Janice Chen,(Democratic),464,AD 64,2025-11-06_10:53:59.012304
ED   80,99.00%,Marisa Arrabito,(Democratic),431,AD 64,2025-11-06_10:53:59.012304
ED   80,99.00%,WRITE-IN,&nbsp,10,AD 64,2025-11-06_10:53:59.012304
ED   81,99.00%,Janice Chen,(Democratic),587,AD 64,2025-11-06_10:53:59.012304
ED   81,99.00%,Marisa Arrabito,(Democratic),519,AD 64,2025-11-06_10:53:59.012304
ED   81,99.00%,WRITE-IN,&nbsp,21,AD 64,2025-11-06_10:53:59.012304
ED   82,99.00%,Janice Chen,(Democratic),514,AD 64,2025-11-06_10:53:59.012304
ED   82,99.00%,Marisa Arrabito,(Democratic),489,AD 64,2025-11-06_10:53:59.012304
ED   82,99.00%,WRITE-IN,&nbsp,18,AD 64,2025-11-06_10:53:59.012304
ED   83,99.00%,Janice Chen,(Democratic),523,AD 64,2025-11-06_10:53:59.012304
ED   83,99.00%,Marisa Arrabito,(Democratic),470,AD 64,2025-11-06_10:53:59.012304
ED   83,99.00%,WRITE-IN,&nbsp,14,AD 64,2025-11-06_10:53:59.012304
ED   84,99.00%,Janice Chen,(Democratic),301,AD 64,2025-11-06_10:53:59.012304
ED   84,99.00%,Marisa Arrabito,(Democratic),293,AD 64,2025-11-06_10:53:59.012304
ED   84,99.00%,WRITE-IN,&nbsp,11,AD 64,2025-11-06_10:53:59.012304
ED   85,99.00%,Janice Chen,(Democratic),277,AD 64,2025-11-06_10:53:59.012304
ED   85,99.00%,Marisa Arrabito,(Democratic),245,AD 64,2025-11-06_10:53:59.012304
ED   85,99.00%,WRITE-IN,&nbsp,14,AD 64,2025-11-06_10:53:59.012304
ED   86,99.00%,Janice Chen,(Democratic),258,AD 64,2025-11-06_10:53:59.012304
ED   86,99.00%,Marisa Arrabito,(Democratic),259,AD 64,2025-11-06_10:53:59.012304
ED   86,99.00%,WRITE-IN,&nbsp,8,AD 64,2025-11-06_10:53:59.012304
ED   87,99.00%,Janice Chen,(Democratic),209,AD 64,2025-11-06_10:53:59.012304
ED   87,99.00%,Marisa Arrabito,(Democratic),168,AD 64,2025-11-06_10:53:59.012304
ED   87,99.00%,WRITE-IN,&nbsp,1,AD 64,2025-11-06_10:53:59.012304
ED   88,99.00%,Janice Chen,(Democratic),0,AD 64,2025-11-06_10:53:59.012304
ED   88,99.00%,Marisa Arrabito,(Democratic),0,AD 64,2025-11-06_10:53:59.012304
ED   88,99.00%,WRITE-IN,&nbsp,0,AD 64,2025-11-06_10:53:59.012304
ED   89,99.00%,Janice Chen,(Democratic),0,AD 64,2025-11-06_10:53:59.012304
ED   89,99.00%,Marisa Arrabito,(Democratic),0,AD 64,2025-11-06_10:53:59.012304
ED   89,99.00%,WRITE-IN,&nbsp,0,AD 64,2025-11-06_10:53:59.012304
ED   90,99.00%,Janice Chen,(Democratic),0,AD 64,2025-11-06_10:53:59.012304
ED   90,99.00%,Marisa Arrabito,(Democratic),0,AD 64,2025-11-06_10:53:59.012304
ED   90,99.00%,WRITE-IN,&nbsp,0,AD 64,2025-11-06_10:53:59.012304
Total,,Janice Chen,(Democratic),4826,AD 64,2025-11-06_10:53:59.012304
Total,,Marisa Arrabito,(Democratic),4402,AD 64,2025-11-06_10:53:59.012304
Total,,WRITE-IN,&nbsp,146,AD 64,2025-11-06_10:53:59.012304
